timestamp,wind_speed_10m,wind_speed_100m,requested_latitude,requested_longitude,resolved_latitude,resolved_longitude
2025-01-01 00:00:00,4.88,5.59,1.0,104.25,1.0,104.25
2025-01-01 01:00:00,4.85,5.45,1.0,104.25,1.0,104.25
2025-01-01 02:00:00,5.0,5.6,1.0,104.25,1.0,104.25
2025-01-01 03:00:00,5.41,6.01,1.0,104.25,1.0,104.25
2025-01-01 04:00:00,5.57,6.22,1.0,104.25,1.0,104.25
2025-01-01 05:00:00,5.63,6.33,1.0,104.25,1.0,104.25
2025-01-01 06:00:00,5.65,6.36,1.0,104.25,1.0,104.25
2025-01-01 07:00:00,5.41,6.08,1.0,104.25,1.0,104.25
2025-01-01 08:00:00,5.31,5.98,1.0,104.25,1.0,104.25
2025-01-01 09:00:00,4.78,5.4,1.0,104.25,1.0,104.25
2025-01-01 10:00:00,4.89,5.6,1.0,104.25,1.0,104.25
2025-01-01 11:00:00,4.73,5.46,1.0,104.25,1.0,104.25
2025-01-01 12:00:00,5.08,5.92,1.0,104.25,1.0,104.25
2025-01-01 13:00:00,5.08,5.85,1.0,104.25,1.0,104.25
2025-01-01 14:00:00,5.74,6.61,1.0,104.25,1.0,104.25
2025-01-01 15:00:00,5.88,6.81,1.0,104.25,1.0,104.25
2025-01-01 16:00:00,5.49,6.42,1.0,104.25,1.0,104.25
2025-01-01 17:00:00,5.28,6.1,1.0,104.25,1.0,104.25
2025-01-01 18:00:00,5.57,6.43,1.0,104.25,1.0,104.25
2025-01-01 19:00:00,5.66,6.47,1.0,104.25,1.0,104.25
2025-01-01 20:00:00,5.67,6.49,1.0,104.25,1.0,104.25
2025-01-01 21:00:00,5.86,6.69,1.0,104.25,1.0,104.25
2025-01-01 22:00:00,6.29,7.18,1.0,104.25,1.0,104.25
2025-01-01 23:00:00,6.21,7.09,1.0,104.25,1.0,104.25
2025-01-02 00:00:00,6.24,7.18,1.0,104.25,1.0,104.25
2025-01-02 01:00:00,6.51,7.48,1.0,104.25,1.0,104.25
2025-01-02 02:00:00,6.55,7.47,1.0,104.25,1.0,104.25
2025-01-02 03:00:00,6.44,7.33,1.0,104.25,1.0,104.25
2025-01-02 04:00:00,6.18,6.95,1.0,104.25,1.0,104.25
2025-01-02 05:00:00,6.16,6.94,1.0,104.25,1.0,104.25
2025-01-02 06:00:00,6.32,7.13,1.0,104.25,1.0,104.25
2025-01-02 07:00:00,6.08,6.79,1.0,104.25,1.0,104.25
2025-01-02 08:00:00,5.95,6.68,1.0,104.25,1.0,104.25
2025-01-02 09:00:00,6.43,7.21,1.0,104.25,1.0,104.25
2025-01-02 10:00:00,4.71,5.39,1.0,104.25,1.0,104.25
2025-01-02 11:00:00,5.05,5.79,1.0,104.25,1.0,104.25
2025-01-02 12:00:00,4.79,5.48,1.0,104.25,1.0,104.25
2025-01-02 13:00:00,4.76,5.51,1.0,104.25,1.0,104.25
2025-01-02 14:00:00,5.5,6.33,1.0,104.25,1.0,104.25
2025-01-02 15:00:00,6.02,6.98,1.0,104.25,1.0,104.25
2025-01-02 16:00:00,5.43,6.33,1.0,104.25,1.0,104.25
2025-01-02 17:00:00,5.23,6.06,1.0,104.25,1.0,104.25
2025-01-02 18:00:00,5.79,6.71,1.0,104.25,1.0,104.25
2025-01-02 19:00:00,5.82,6.83,1.0,104.25,1.0,104.25
2025-01-02 20:00:00,6.02,6.96,1.0,104.25,1.0,104.25
2025-01-02 21:00:00,6.06,7.0,1.0,104.25,1.0,104.25
2025-01-02 22:00:00,6.33,7.22,1.0,104.25,1.0,104.25
2025-01-02 23:00:00,5.84,6.69,1.0,104.25,1.0,104.25
2025-01-03 00:00:00,5.66,6.38,1.0,104.25,1.0,104.25
2025-01-03 01:00:00,5.93,6.69,1.0,104.25,1.0,104.25
2025-01-03 02:00:00,6.14,6.93,1.0,104.25,1.0,104.25
2025-01-03 03:00:00,6.14,6.91,1.0,104.25,1.0,104.25
2025-01-03 04:00:00,6.14,6.9,1.0,104.25,1.0,104.25
2025-01-03 05:00:00,6.18,6.95,1.0,104.25,1.0,104.25
2025-01-03 06:00:00,6.44,7.26,1.0,104.25,1.0,104.25
2025-01-03 07:00:00,6.04,6.79,1.0,104.25,1.0,104.25
2025-01-03 08:00:00,5.73,6.39,1.0,104.25,1.0,104.25
2025-01-03 09:00:00,5.54,6.2,1.0,104.25,1.0,104.25
2025-01-03 10:00:00,6.02,7.4,1.0,104.25,1.0,104.25
2025-01-03 11:00:00,5.69,6.85,1.0,104.25,1.0,104.25
2025-01-03 12:00:00,4.79,5.76,1.0,104.25,1.0,104.25
2025-01-03 13:00:00,5.11,5.97,1.0,104.25,1.0,104.25
2025-01-03 14:00:00,5.7,6.62,1.0,104.25,1.0,104.25
2025-01-03 15:00:00,5.8,6.78,1.0,104.25,1.0,104.25
2025-01-03 16:00:00,5.87,6.8,1.0,104.25,1.0,104.25
2025-01-03 17:00:00,6.09,7.02,1.0,104.25,1.0,104.25
2025-01-03 18:00:00,5.28,6.04,1.0,104.25,1.0,104.25
2025-01-03 19:00:00,5.14,5.85,1.0,104.25,1.0,104.25
2025-01-03 20:00:00,6.04,6.84,1.0,104.25,1.0,104.25
2025-01-03 21:00:00,6.1,6.9,1.0,104.25,1.0,104.25
2025-01-03 22:00:00,5.6,6.3,1.0,104.25,1.0,104.25
2025-01-03 23:00:00,5.2,5.8,1.0,104.25,1.0,104.25
2025-01-04 00:00:00,5.0,5.55,1.0,104.25,1.0,104.25
2025-01-04 01:00:00,5.66,6.36,1.0,104.25,1.0,104.25
2025-01-04 02:00:00,5.96,6.66,1.0,104.25,1.0,104.25
2025-01-04 03:00:00,5.32,5.87,1.0,104.25,1.0,104.25
2025-01-04 04:00:00,5.05,5.6,1.0,104.25,1.0,104.25
2025-01-04 05:00:00,6.17,6.82,1.0,104.25,1.0,104.25
2025-01-04 06:00:00,7.01,7.87,1.0,104.25,1.0,104.25
2025-01-04 07:00:00,7.32,8.24,1.0,104.25,1.0,104.25
2025-01-04 08:00:00,7.1,8.03,1.0,104.25,1.0,104.25
2025-01-04 09:00:00,6.54,7.4,1.0,104.25,1.0,104.25
2025-01-04 10:00:00,5.74,6.54,1.0,104.25,1.0,104.25
2025-01-04 11:00:00,5.54,6.35,1.0,104.25,1.0,104.25
2025-01-04 12:00:00,5.57,6.39,1.0,104.25,1.0,104.25
2025-01-04 13:00:00,5.69,6.45,1.0,104.25,1.0,104.25
2025-01-04 14:00:00,5.04,5.8,1.0,104.25,1.0,104.25
2025-01-04 15:00:00,4.94,5.65,1.0,104.25,1.0,104.25
2025-01-04 16:00:00,5.91,6.73,1.0,104.25,1.0,104.25
2025-01-04 17:00:00,6.5,7.36,1.0,104.25,1.0,104.25
2025-01-04 18:00:00,7.02,7.98,1.0,104.25,1.0,104.25
2025-01-04 19:00:00,7.13,8.2,1.0,104.25,1.0,104.25
2025-01-04 20:00:00,7.27,8.35,1.0,104.25,1.0,104.25
2025-01-04 21:00:00,7.44,8.57,1.0,104.25,1.0,104.25
2025-01-04 22:00:00,7.54,8.71,1.0,104.25,1.0,104.25
2025-01-04 23:00:00,7.13,8.25,1.0,104.25,1.0,104.25
2025-01-05 00:00:00,6.86,7.93,1.0,104.25,1.0,104.25
2025-01-05 01:00:00,6.89,7.87,1.0,104.25,1.0,104.25
2025-01-05 02:00:00,7.13,8.11,1.0,104.25,1.0,104.25
2025-01-05 03:00:00,7.06,8.04,1.0,104.25,1.0,104.25
2025-01-05 04:00:00,6.99,7.96,1.0,104.25,1.0,104.25
2025-01-05 05:00:00,7.2,8.13,1.0,104.25,1.0,104.25
2025-01-05 06:00:00,7.53,8.55,1.0,104.25,1.0,104.25
2025-01-05 07:00:00,7.98,9.11,1.0,104.25,1.0,104.25
2025-01-05 08:00:00,8.16,9.39,1.0,104.25,1.0,104.25
2025-01-05 09:00:00,8.42,9.69,1.0,104.25,1.0,104.25
2025-01-05 10:00:00,8.35,9.75,1.0,104.25,1.0,104.25
2025-01-05 11:00:00,7.64,8.94,1.0,104.25,1.0,104.25
2025-01-05 12:00:00,7.47,8.71,1.0,104.25,1.0,104.25
2025-01-05 13:00:00,7.75,8.99,1.0,104.25,1.0,104.25
2025-01-05 14:00:00,8.0,9.25,1.0,104.25,1.0,104.25
2025-01-05 15:00:00,7.34,8.38,1.0,104.25,1.0,104.25
2025-01-05 16:00:00,7.86,9.01,1.0,104.25,1.0,104.25
2025-01-05 17:00:00,8.29,9.71,1.0,104.25,1.0,104.25
2025-01-05 18:00:00,8.29,9.49,1.0,104.25,1.0,104.25
2025-01-05 19:00:00,8.1,9.31,1.0,104.25,1.0,104.25
2025-01-05 20:00:00,7.87,9.09,1.0,104.25,1.0,104.25
2025-01-05 21:00:00,7.32,8.4,1.0,104.25,1.0,104.25
2025-01-05 22:00:00,7.86,8.92,1.0,104.25,1.0,104.25
2025-01-05 23:00:00,8.24,9.49,1.0,104.25,1.0,104.25
2025-01-06 00:00:00,7.6,8.77,1.0,104.25,1.0,104.25
2025-01-06 01:00:00,7.8,8.97,1.0,104.25,1.0,104.25
2025-01-06 02:00:00,7.63,8.71,1.0,104.25,1.0,104.25
2025-01-06 03:00:00,7.29,8.27,1.0,104.25,1.0,104.25
2025-01-06 04:00:00,7.1,7.98,1.0,104.25,1.0,104.25
2025-01-06 05:00:00,7.08,7.99,1.0,104.25,1.0,104.25
2025-01-06 06:00:00,7.26,8.24,1.0,104.25,1.0,104.25
2025-01-06 07:00:00,6.92,7.79,1.0,104.25,1.0,104.25
2025-01-06 08:00:00,6.15,6.89,1.0,104.25,1.0,104.25
2025-01-06 09:00:00,6.21,6.98,1.0,104.25,1.0,104.25
2025-01-06 10:00:00,5.82,6.58,1.0,104.25,1.0,104.25
2025-01-06 11:00:00,6.09,6.98,1.0,104.25,1.0,104.25
2025-01-06 12:00:00,6.6,7.59,1.0,104.25,1.0,104.25
2025-01-06 13:00:00,6.53,7.56,1.0,104.25,1.0,104.25
2025-01-06 14:00:00,6.38,7.41,1.0,104.25,1.0,104.25
2025-01-06 15:00:00,6.56,7.53,1.0,104.25,1.0,104.25
2025-01-06 16:00:00,6.91,7.88,1.0,104.25,1.0,104.25
2025-01-06 17:00:00,7.46,8.52,1.0,104.25,1.0,104.25
2025-01-06 18:00:00,7.49,8.6,1.0,104.25,1.0,104.25
2025-01-06 19:00:00,7.64,8.79,1.0,104.25,1.0,104.25
2025-01-06 20:00:00,7.76,8.91,1.0,104.25,1.0,104.25
2025-01-06 21:00:00,7.77,8.97,1.0,104.25,1.0,104.25
2025-01-06 22:00:00,7.6,8.8,1.0,104.25,1.0,104.25
2025-01-06 23:00:00,7.08,8.18,1.0,104.25,1.0,104.25
2025-01-07 00:00:00,6.71,7.77,1.0,104.25,1.0,104.25
2025-01-07 01:00:00,6.14,7.05,1.0,104.25,1.0,104.25
2025-01-07 02:00:00,5.86,6.61,1.0,104.25,1.0,104.25
2025-01-07 03:00:00,6.16,6.91,1.0,104.25,1.0,104.25
2025-01-07 04:00:00,6.13,6.88,1.0,104.25,1.0,104.25
2025-01-07 05:00:00,5.96,6.71,1.0,104.25,1.0,104.25
2025-01-07 06:00:00,5.71,6.41,1.0,104.25,1.0,104.25
2025-01-07 07:00:00,5.83,6.53,1.0,104.25,1.0,104.25
2025-01-07 08:00:00,6.36,7.21,1.0,104.25,1.0,104.25
2025-01-07 09:00:00,7.32,8.37,1.0,104.25,1.0,104.25
2025-01-07 10:00:00,6.63,7.79,1.0,104.25,1.0,104.25
2025-01-07 11:00:00,6.2,7.35,1.0,104.25,1.0,104.25
2025-01-07 12:00:00,6.51,7.76,1.0,104.25,1.0,104.25
2025-01-07 13:00:00,6.74,7.99,1.0,104.25,1.0,104.25
2025-01-07 14:00:00,7.16,8.47,1.0,104.25,1.0,104.25
2025-01-07 15:00:00,7.97,9.46,1.0,104.25,1.0,104.25
2025-01-07 16:00:00,8.24,9.72,1.0,104.25,1.0,104.25
2025-01-07 17:00:00,8.33,9.81,1.0,104.25,1.0,104.25
2025-01-07 18:00:00,8.2,9.57,1.0,104.25,1.0,104.25
2025-01-07 19:00:00,8.24,9.56,1.0,104.25,1.0,104.25
2025-01-07 20:00:00,8.03,9.3,1.0,104.25,1.0,104.25
2025-01-07 21:00:00,7.33,8.49,1.0,104.25,1.0,104.25
2025-01-07 22:00:00,5.81,6.66,1.0,104.25,1.0,104.25
2025-01-07 23:00:00,5.15,5.85,1.0,104.25,1.0,104.25
2025-01-08 00:00:00,4.94,5.58,1.0,104.25,1.0,104.25
2025-01-08 01:00:00,5.19,5.79,1.0,104.25,1.0,104.25
2025-01-08 02:00:00,5.66,6.31,1.0,104.25,1.0,104.25
2025-01-08 03:00:00,6.47,7.27,1.0,104.25,1.0,104.25
2025-01-08 04:00:00,6.97,7.87,1.0,104.25,1.0,104.25
2025-01-08 05:00:00,7.08,8.03,1.0,104.25,1.0,104.25
2025-01-08 06:00:00,7.13,8.09,1.0,104.25,1.0,104.25
2025-01-08 07:00:00,7.08,8.08,1.0,104.25,1.0,104.25
2025-01-08 08:00:00,7.27,8.32,1.0,104.25,1.0,104.25
2025-01-08 09:00:00,7.74,8.99,1.0,104.25,1.0,104.25
2025-01-08 10:00:00,7.17,8.59,1.0,104.25,1.0,104.25
2025-01-08 11:00:00,7.64,9.06,1.0,104.25,1.0,104.25
2025-01-08 12:00:00,8.25,9.77,1.0,104.25,1.0,104.25
2025-01-08 13:00:00,8.61,10.22,1.0,104.25,1.0,104.25
2025-01-08 14:00:00,8.51,10.13,1.0,104.25,1.0,104.25
2025-01-08 15:00:00,8.28,9.81,1.0,104.25,1.0,104.25
2025-01-08 16:00:00,8.2,9.67,1.0,104.25,1.0,104.25
2025-01-08 17:00:00,8.59,10.11,1.0,104.25,1.0,104.25
2025-01-08 18:00:00,8.5,9.96,1.0,104.25,1.0,104.25
2025-01-08 19:00:00,8.38,9.74,1.0,104.25,1.0,104.25
2025-01-08 20:00:00,8.52,9.88,1.0,104.25,1.0,104.25
2025-01-08 21:00:00,8.24,9.55,1.0,104.25,1.0,104.25
2025-01-08 22:00:00,8.39,9.69,1.0,104.25,1.0,104.25
2025-01-08 23:00:00,8.49,9.85,1.0,104.25,1.0,104.25
2025-01-09 00:00:00,8.28,9.64,1.0,104.25,1.0,104.25
2025-01-09 01:00:00,8.12,9.4,1.0,104.25,1.0,104.25
2025-01-09 02:00:00,8.21,9.44,1.0,104.25,1.0,104.25
2025-01-09 03:00:00,8.06,9.29,1.0,104.25,1.0,104.25
2025-01-09 04:00:00,8.08,9.25,1.0,104.25,1.0,104.25
2025-01-09 05:00:00,8.12,9.33,1.0,104.25,1.0,104.25
2025-01-09 06:00:00,8.0,9.16,1.0,104.25,1.0,104.25
2025-01-09 07:00:00,7.95,9.05,1.0,104.25,1.0,104.25
2025-01-09 08:00:00,8.18,9.34,1.0,104.25,1.0,104.25
2025-01-09 09:00:00,8.57,9.82,1.0,104.25,1.0,104.25
2025-01-09 10:00:00,7.59,8.9,1.0,104.25,1.0,104.25
2025-01-09 11:00:00,7.16,8.36,1.0,104.25,1.0,104.25
2025-01-09 12:00:00,6.91,8.11,1.0,104.25,1.0,104.25
2025-01-09 13:00:00,6.93,8.06,1.0,104.25,1.0,104.25
2025-01-09 14:00:00,6.32,7.32,1.0,104.25,1.0,104.25
2025-01-09 15:00:00,6.8,7.91,1.0,104.25,1.0,104.25
2025-01-09 16:00:00,7.07,8.22,1.0,104.25,1.0,104.25
2025-01-09 17:00:00,7.29,8.49,1.0,104.25,1.0,104.25
2025-01-09 18:00:00,7.61,8.91,1.0,104.25,1.0,104.25
2025-01-09 19:00:00,7.6,8.91,1.0,104.25,1.0,104.25
2025-01-09 20:00:00,7.36,8.62,1.0,104.25,1.0,104.25
2025-01-09 21:00:00,8.1,9.5,1.0,104.25,1.0,104.25
2025-01-09 22:00:00,7.71,8.98,1.0,104.25,1.0,104.25
2025-01-09 23:00:00,6.53,7.49,1.0,104.25,1.0,104.25
2025-01-10 00:00:00,6.32,7.23,1.0,104.25,1.0,104.25
2025-01-10 01:00:00,6.09,7.06,1.0,104.25,1.0,104.25
2025-01-10 02:00:00,6.19,7.16,1.0,104.25,1.0,104.25
2025-01-10 03:00:00,6.2,7.01,1.0,104.25,1.0,104.25
2025-01-10 04:00:00,5.3,5.91,1.0,104.25,1.0,104.25
2025-01-10 05:00:00,5.5,5.95,1.0,104.25,1.0,104.25
2025-01-10 06:00:00,6.83,7.47,1.0,104.25,1.0,104.25
2025-01-10 07:00:00,7.68,8.49,1.0,104.25,1.0,104.25
2025-01-10 08:00:00,7.77,8.65,1.0,104.25,1.0,104.25
2025-01-10 09:00:00,7.77,8.87,1.0,104.25,1.0,104.25
2025-01-10 10:00:00,7.85,8.95,1.0,104.25,1.0,104.25
2025-01-10 11:00:00,8.49,9.69,1.0,104.25,1.0,104.25
2025-01-10 12:00:00,8.5,9.8,1.0,104.25,1.0,104.25
2025-01-10 13:00:00,9.65,11.23,1.0,104.25,1.0,104.25
2025-01-10 14:00:00,9.22,10.78,1.0,104.25,1.0,104.25
2025-01-10 15:00:00,9.79,11.42,1.0,104.25,1.0,104.25
2025-01-10 16:00:00,9.28,10.86,1.0,104.25,1.0,104.25
2025-01-10 17:00:00,8.23,9.53,1.0,104.25,1.0,104.25
2025-01-10 18:00:00,8.32,9.63,1.0,104.25,1.0,104.25
2025-01-10 19:00:00,8.1,9.28,1.0,104.25,1.0,104.25
2025-01-10 20:00:00,8.03,9.22,1.0,104.25,1.0,104.25
2025-01-10 21:00:00,8.16,9.44,1.0,104.25,1.0,104.25
2025-01-10 22:00:00,5.8,6.51,1.0,104.25,1.0,104.25
2025-01-10 23:00:00,8.52,9.62,1.0,104.25,1.0,104.25
2025-01-11 00:00:00,9.42,10.89,1.0,104.25,1.0,104.25
2025-01-11 01:00:00,8.72,10.11,1.0,104.25,1.0,104.25
2025-01-11 02:00:00,8.62,9.88,1.0,104.25,1.0,104.25
2025-01-11 03:00:00,7.79,8.85,1.0,104.25,1.0,104.25
2025-01-11 04:00:00,7.69,8.74,1.0,104.25,1.0,104.25
2025-01-11 05:00:00,7.75,8.88,1.0,104.25,1.0,104.25
2025-01-11 06:00:00,8.11,9.43,1.0,104.25,1.0,104.25
2025-01-11 07:00:00,7.98,9.3,1.0,104.25,1.0,104.25
2025-01-11 08:00:00,8.4,9.74,1.0,104.25,1.0,104.25
2025-01-11 09:00:00,8.25,9.71,1.0,104.25,1.0,104.25
2025-01-11 10:00:00,7.65,9.15,1.0,104.25,1.0,104.25
2025-01-11 11:00:00,7.36,8.83,1.0,104.25,1.0,104.25
2025-01-11 12:00:00,6.95,8.17,1.0,104.25,1.0,104.25
2025-01-11 13:00:00,8.06,9.5,1.0,104.25,1.0,104.25
2025-01-11 14:00:00,9.01,10.68,1.0,104.25,1.0,104.25
2025-01-11 15:00:00,8.86,10.56,1.0,104.25,1.0,104.25
2025-01-11 16:00:00,8.64,10.21,1.0,104.25,1.0,104.25
2025-01-11 17:00:00,9.03,10.61,1.0,104.25,1.0,104.25
2025-01-11 18:00:00,9.72,11.44,1.0,104.25,1.0,104.25
2025-01-11 19:00:00,10.2,12.02,1.0,104.25,1.0,104.25
2025-01-11 20:00:00,10.43,12.34,1.0,104.25,1.0,104.25
2025-01-11 21:00:00,11.87,14.06,1.0,104.25,1.0,104.25
2025-01-11 22:00:00,9.08,10.89,1.0,104.25,1.0,104.25
2025-01-11 23:00:00,9.01,10.82,1.0,104.25,1.0,104.25
2025-01-12 00:00:00,7.87,9.59,1.0,104.25,1.0,104.25
2025-01-12 01:00:00,6.66,8.27,1.0,104.25,1.0,104.25
2025-01-12 02:00:00,8.22,10.3,1.0,104.25,1.0,104.25
2025-01-12 03:00:00,9.73,11.81,1.0,104.25,1.0,104.25
2025-01-12 04:00:00,9.35,11.38,1.0,104.25,1.0,104.25
2025-01-12 05:00:00,9.56,11.58,1.0,104.25,1.0,104.25
2025-01-12 06:00:00,10.05,11.96,1.0,104.25,1.0,104.25
2025-01-12 07:00:00,10.19,12.07,1.0,104.25,1.0,104.25
2025-01-12 08:00:00,10.11,12.04,1.0,104.25,1.0,104.25
2025-01-12 09:00:00,10.8,12.86,1.0,104.25,1.0,104.25
2025-01-12 10:00:00,7.64,8.7,1.0,104.25,1.0,104.25
2025-01-12 11:00:00,7.9,8.99,1.0,104.25,1.0,104.25
2025-01-12 12:00:00,7.82,9.0,1.0,104.25,1.0,104.25
2025-01-12 13:00:00,7.96,9.16,1.0,104.25,1.0,104.25
2025-01-12 14:00:00,7.75,8.88,1.0,104.25,1.0,104.25
2025-01-12 15:00:00,6.93,8.1,1.0,104.25,1.0,104.25
2025-01-12 16:00:00,6.04,7.38,1.0,104.25,1.0,104.25
2025-01-12 17:00:00,5.59,6.64,1.0,104.25,1.0,104.25
2025-01-12 18:00:00,5.89,6.82,1.0,104.25,1.0,104.25
2025-01-12 19:00:00,7.05,8.05,1.0,104.25,1.0,104.25
2025-01-12 20:00:00,7.37,8.32,1.0,104.25,1.0,104.25
2025-01-12 21:00:00,7.98,9.04,1.0,104.25,1.0,104.25
2025-01-12 22:00:00,4.47,5.24,1.0,104.25,1.0,104.25
2025-01-12 23:00:00,3.89,4.36,1.0,104.25,1.0,104.25
2025-01-13 00:00:00,5.76,6.43,1.0,104.25,1.0,104.25
2025-01-13 01:00:00,7.7,8.69,1.0,104.25,1.0,104.25
2025-01-13 02:00:00,7.65,8.74,1.0,104.25,1.0,104.25
2025-01-13 03:00:00,6.48,7.28,1.0,104.25,1.0,104.25
2025-01-13 04:00:00,6.01,6.76,1.0,104.25,1.0,104.25
2025-01-13 05:00:00,5.77,6.44,1.0,104.25,1.0,104.25
2025-01-13 06:00:00,5.4,5.94,1.0,104.25,1.0,104.25
2025-01-13 07:00:00,4.81,5.12,1.0,104.25,1.0,104.25
2025-01-13 08:00:00,4.5,4.78,1.0,104.25,1.0,104.25
2025-01-13 09:00:00,4.79,5.14,1.0,104.25,1.0,104.25
2025-01-13 10:00:00,2.18,2.34,1.0,104.25,1.0,104.25
2025-01-13 11:00:00,3.11,3.4,1.0,104.25,1.0,104.25
2025-01-13 12:00:00,3.5,3.75,1.0,104.25,1.0,104.25
2025-01-13 13:00:00,3.79,4.12,1.0,104.25,1.0,104.25
2025-01-13 14:00:00,4.15,4.51,1.0,104.25,1.0,104.25
2025-01-13 15:00:00,4.25,4.71,1.0,104.25,1.0,104.25
2025-01-13 16:00:00,4.08,4.51,1.0,104.25,1.0,104.25
2025-01-13 17:00:00,4.59,5.17,1.0,104.25,1.0,104.25
2025-01-13 18:00:00,5.17,5.91,1.0,104.25,1.0,104.25
2025-01-13 19:00:00,4.88,5.53,1.0,104.25,1.0,104.25
2025-01-13 20:00:00,5.14,5.74,1.0,104.25,1.0,104.25
2025-01-13 21:00:00,4.88,5.53,1.0,104.25,1.0,104.25
2025-01-13 22:00:00,5.52,6.22,1.0,104.25,1.0,104.25
2025-01-13 23:00:00,5.38,6.14,1.0,104.25,1.0,104.25
2025-01-14 00:00:00,5.9,6.77,1.0,104.25,1.0,104.25
2025-01-14 01:00:00,5.57,6.36,1.0,104.25,1.0,104.25
2025-01-14 02:00:00,6.29,7.14,1.0,104.25,1.0,104.25
2025-01-14 03:00:00,6.37,7.24,1.0,104.25,1.0,104.25
2025-01-14 04:00:00,5.95,6.66,1.0,104.25,1.0,104.25
2025-01-14 05:00:00,5.72,6.35,1.0,104.25,1.0,104.25
2025-01-14 06:00:00,5.49,6.07,1.0,104.25,1.0,104.25
2025-01-14 07:00:00,5.14,5.62,1.0,104.25,1.0,104.25
2025-01-14 08:00:00,5.36,5.93,1.0,104.25,1.0,104.25
2025-01-14 09:00:00,5.25,5.83,1.0,104.25,1.0,104.25
2025-01-14 10:00:00,6.48,7.29,1.0,104.25,1.0,104.25
2025-01-14 11:00:00,6.54,7.47,1.0,104.25,1.0,104.25
2025-01-14 12:00:00,5.97,6.82,1.0,104.25,1.0,104.25
2025-01-14 13:00:00,5.88,6.72,1.0,104.25,1.0,104.25
2025-01-14 14:00:00,6.09,6.9,1.0,104.25,1.0,104.25
2025-01-14 15:00:00,6.27,7.13,1.0,104.25,1.0,104.25
2025-01-14 16:00:00,7.1,8.1,1.0,104.25,1.0,104.25
2025-01-14 17:00:00,7.0,8.09,1.0,104.25,1.0,104.25
2025-01-14 18:00:00,7.25,8.45,1.0,104.25,1.0,104.25
2025-01-14 19:00:00,7.05,8.15,1.0,104.25,1.0,104.25
2025-01-14 20:00:00,6.55,7.6,1.0,104.25,1.0,104.25
2025-01-14 21:00:00,6.2,7.11,1.0,104.25,1.0,104.25
2025-01-14 22:00:00,5.88,6.78,1.0,104.25,1.0,104.25
2025-01-14 23:00:00,5.85,6.64,1.0,104.25,1.0,104.25
2025-01-15 00:00:00,5.96,6.76,1.0,104.25,1.0,104.25
2025-01-15 01:00:00,5.52,6.2,1.0,104.25,1.0,104.25
2025-01-15 02:00:00,5.35,5.9,1.0,104.25,1.0,104.25
2025-01-15 03:00:00,5.3,5.88,1.0,104.25,1.0,104.25
2025-01-15 04:00:00,4.7,5.19,1.0,104.25,1.0,104.25
2025-01-15 05:00:00,4.11,4.49,1.0,104.25,1.0,104.25
2025-01-15 06:00:00,3.11,3.31,1.0,104.25,1.0,104.25
2025-01-15 07:00:00,2.92,3.17,1.0,104.25,1.0,104.25
2025-01-15 08:00:00,2.58,2.74,1.0,104.25,1.0,104.25
2025-01-15 09:00:00,2.26,2.41,1.0,104.25,1.0,104.25
2025-01-15 10:00:00,1.6,1.7,1.0,104.25,1.0,104.25
2025-01-15 11:00:00,1.24,1.39,1.0,104.25,1.0,104.25
2025-01-15 12:00:00,1.17,1.31,1.0,104.25,1.0,104.25
2025-01-15 13:00:00,1.35,1.53,1.0,104.25,1.0,104.25
2025-01-15 14:00:00,2.01,2.23,1.0,104.25,1.0,104.25
2025-01-15 15:00:00,3.01,3.31,1.0,104.25,1.0,104.25
2025-01-15 16:00:00,4.09,4.59,1.0,104.25,1.0,104.25
2025-01-15 17:00:00,4.34,4.92,1.0,104.25,1.0,104.25
2025-01-15 18:00:00,4.24,4.96,1.0,104.25,1.0,104.25
2025-01-15 19:00:00,3.95,4.58,1.0,104.25,1.0,104.25
2025-01-15 20:00:00,3.4,3.87,1.0,104.25,1.0,104.25
2025-01-15 21:00:00,3.71,4.2,1.0,104.25,1.0,104.25
2025-01-15 22:00:00,6.09,7.02,1.0,104.25,1.0,104.25
2025-01-15 23:00:00,6.5,7.51,1.0,104.25,1.0,104.25
2025-01-16 00:00:00,6.48,7.58,1.0,104.25,1.0,104.25
2025-01-16 01:00:00,7.22,8.42,1.0,104.25,1.0,104.25
2025-01-16 02:00:00,7.27,8.46,1.0,104.25,1.0,104.25
2025-01-16 03:00:00,7.59,8.82,1.0,104.25,1.0,104.25
2025-01-16 04:00:00,7.9,9.22,1.0,104.25,1.0,104.25
2025-01-16 05:00:00,8.01,9.35,1.0,104.25,1.0,104.25
2025-01-16 06:00:00,7.96,9.28,1.0,104.25,1.0,104.25
2025-01-16 07:00:00,8.01,9.28,1.0,104.25,1.0,104.25
2025-01-16 08:00:00,8.46,9.84,1.0,104.25,1.0,104.25
2025-01-16 09:00:00,8.39,9.76,1.0,104.25,1.0,104.25
2025-01-16 10:00:00,7.31,8.72,1.0,104.25,1.0,104.25
2025-01-16 11:00:00,7.73,9.24,1.0,104.25,1.0,104.25
2025-01-16 12:00:00,7.88,9.31,1.0,104.25,1.0,104.25
2025-01-16 13:00:00,7.59,8.94,1.0,104.25,1.0,104.25
2025-01-16 14:00:00,6.98,8.33,1.0,104.25,1.0,104.25
2025-01-16 15:00:00,6.84,8.07,1.0,104.25,1.0,104.25
2025-01-16 16:00:00,7.41,8.73,1.0,104.25,1.0,104.25
2025-01-16 17:00:00,7.59,8.94,1.0,104.25,1.0,104.25
2025-01-16 18:00:00,8.22,9.73,1.0,104.25,1.0,104.25
2025-01-16 19:00:00,9.19,10.94,1.0,104.25,1.0,104.25
2025-01-16 20:00:00,9.67,11.53,1.0,104.25,1.0,104.25
2025-01-16 21:00:00,9.27,11.06,1.0,104.25,1.0,104.25
2025-01-16 22:00:00,7.63,8.99,1.0,104.25,1.0,104.25
2025-01-16 23:00:00,8.01,9.42,1.0,104.25,1.0,104.25
2025-01-17 00:00:00,7.87,9.25,1.0,104.25,1.0,104.25
2025-01-17 01:00:00,7.56,8.84,1.0,104.25,1.0,104.25
2025-01-17 02:00:00,7.38,8.54,1.0,104.25,1.0,104.25
2025-01-17 03:00:00,7.36,8.48,1.0,104.25,1.0,104.25
2025-01-17 04:00:00,7.81,9.01,1.0,104.25,1.0,104.25
2025-01-17 05:00:00,8.16,9.46,1.0,104.25,1.0,104.25
2025-01-17 06:00:00,8.16,9.33,1.0,104.25,1.0,104.25
2025-01-17 07:00:00,8.01,9.27,1.0,104.25,1.0,104.25
2025-01-17 08:00:00,8.44,9.78,1.0,104.25,1.0,104.25
2025-01-17 09:00:00,8.82,10.26,1.0,104.25,1.0,104.25
2025-01-17 10:00:00,7.97,9.33,1.0,104.25,1.0,104.25
2025-01-17 11:00:00,8.32,9.87,1.0,104.25,1.0,104.25
2025-01-17 12:00:00,7.73,9.06,1.0,104.25,1.0,104.25
2025-01-17 13:00:00,7.08,8.32,1.0,104.25,1.0,104.25
2025-01-17 14:00:00,7.27,8.52,1.0,104.25,1.0,104.25
2025-01-17 15:00:00,7.81,9.17,1.0,104.25,1.0,104.25
2025-01-17 16:00:00,9.28,10.86,1.0,104.25,1.0,104.25
2025-01-17 17:00:00,8.87,10.6,1.0,104.25,1.0,104.25
2025-01-17 18:00:00,8.84,10.52,1.0,104.25,1.0,104.25
2025-01-17 19:00:00,8.39,9.91,1.0,104.25,1.0,104.25
2025-01-17 20:00:00,7.9,9.27,1.0,104.25,1.0,104.25
2025-01-17 21:00:00,7.66,8.96,1.0,104.25,1.0,104.25
2025-01-17 22:00:00,8.13,9.43,1.0,104.25,1.0,104.25
2025-01-17 23:00:00,7.56,8.95,1.0,104.25,1.0,104.25
2025-01-18 00:00:00,7.12,8.38,1.0,104.25,1.0,104.25
2025-01-18 01:00:00,6.97,8.06,1.0,104.25,1.0,104.25
2025-01-18 02:00:00,7.11,8.12,1.0,104.25,1.0,104.25
2025-01-18 03:00:00,7.34,8.43,1.0,104.25,1.0,104.25
2025-01-18 04:00:00,8.18,9.46,1.0,104.25,1.0,104.25
2025-01-18 05:00:00,8.82,10.24,1.0,104.25,1.0,104.25
2025-01-18 06:00:00,8.94,10.41,1.0,104.25,1.0,104.25
2025-01-18 07:00:00,8.37,9.76,1.0,104.25,1.0,104.25
2025-01-18 08:00:00,7.91,9.19,1.0,104.25,1.0,104.25
2025-01-18 09:00:00,7.86,9.08,1.0,104.25,1.0,104.25
2025-01-18 10:00:00,6.77,7.95,1.0,104.25,1.0,104.25
2025-01-18 11:00:00,7.18,8.4,1.0,104.25,1.0,104.25
2025-01-18 12:00:00,7.08,8.33,1.0,104.25,1.0,104.25
2025-01-18 13:00:00,7.15,8.33,1.0,104.25,1.0,104.25
2025-01-18 14:00:00,7.83,9.17,1.0,104.25,1.0,104.25
2025-01-18 15:00:00,7.33,8.66,1.0,104.25,1.0,104.25
2025-01-18 16:00:00,7.21,8.53,1.0,104.25,1.0,104.25
2025-01-18 17:00:00,6.93,8.08,1.0,104.25,1.0,104.25
2025-01-18 18:00:00,7.25,8.4,1.0,104.25,1.0,104.25
2025-01-18 19:00:00,8.31,9.61,1.0,104.25,1.0,104.25
2025-01-18 20:00:00,7.62,8.77,1.0,104.25,1.0,104.25
2025-01-18 21:00:00,7.56,8.61,1.0,104.25,1.0,104.25
2025-01-18 22:00:00,5.91,6.76,1.0,104.25,1.0,104.25
2025-01-18 23:00:00,6.79,7.98,1.0,104.25,1.0,104.25
2025-01-19 00:00:00,6.62,7.89,1.0,104.25,1.0,104.25
2025-01-19 01:00:00,5.92,7.12,1.0,104.25,1.0,104.25
2025-01-19 02:00:00,6.27,7.51,1.0,104.25,1.0,104.25
2025-01-19 03:00:00,6.82,8.02,1.0,104.25,1.0,104.25
2025-01-19 04:00:00,7.06,8.05,1.0,104.25,1.0,104.25
2025-01-19 05:00:00,7.52,8.65,1.0,104.25,1.0,104.25
2025-01-19 06:00:00,7.58,8.71,1.0,104.25,1.0,104.25
2025-01-19 07:00:00,8.02,9.22,1.0,104.25,1.0,104.25
2025-01-19 08:00:00,8.4,9.66,1.0,104.25,1.0,104.25
2025-01-19 09:00:00,8.44,9.79,1.0,104.25,1.0,104.25
2025-01-19 10:00:00,7.52,8.78,1.0,104.25,1.0,104.25
2025-01-19 11:00:00,7.84,9.23,1.0,104.25,1.0,104.25
2025-01-19 12:00:00,7.88,9.32,1.0,104.25,1.0,104.25
2025-01-19 13:00:00,7.61,9.05,1.0,104.25,1.0,104.25
2025-01-19 14:00:00,7.89,9.37,1.0,104.25,1.0,104.25
2025-01-19 15:00:00,7.76,9.18,1.0,104.25,1.0,104.25
2025-01-19 16:00:00,7.57,8.89,1.0,104.25,1.0,104.25
2025-01-19 17:00:00,7.35,8.56,1.0,104.25,1.0,104.25
2025-01-19 18:00:00,7.2,8.35,1.0,104.25,1.0,104.25
2025-01-19 19:00:00,7.5,8.7,1.0,104.25,1.0,104.25
2025-01-19 20:00:00,7.65,8.95,1.0,104.25,1.0,104.25
2025-01-19 21:00:00,7.65,8.95,1.0,104.25,1.0,104.25
2025-01-19 22:00:00,8.35,9.83,1.0,104.25,1.0,104.25
2025-01-19 23:00:00,7.95,9.32,1.0,104.25,1.0,104.25
2025-01-20 00:00:00,8.13,9.51,1.0,104.25,1.0,104.25
2025-01-20 01:00:00,7.95,9.24,1.0,104.25,1.0,104.25
2025-01-20 02:00:00,8.21,9.41,1.0,104.25,1.0,104.25
2025-01-20 03:00:00,8.26,9.49,1.0,104.25,1.0,104.25
2025-01-20 04:00:00,8.18,9.44,1.0,104.25,1.0,104.25
2025-01-20 05:00:00,8.31,9.62,1.0,104.25,1.0,104.25
2025-01-20 06:00:00,8.48,9.78,1.0,104.25,1.0,104.25
2025-01-20 07:00:00,8.4,9.66,1.0,104.25,1.0,104.25
2025-01-20 08:00:00,8.16,9.41,1.0,104.25,1.0,104.25
2025-01-20 09:00:00,8.08,9.39,1.0,104.25,1.0,104.25
2025-01-20 10:00:00,5.91,6.8,1.0,104.25,1.0,104.25
2025-01-20 11:00:00,6.3,7.3,1.0,104.25,1.0,104.25
2025-01-20 12:00:00,6.67,7.72,1.0,104.25,1.0,104.25
2025-01-20 13:00:00,6.76,7.86,1.0,104.25,1.0,104.25
2025-01-20 14:00:00,6.7,7.75,1.0,104.25,1.0,104.25
2025-01-20 15:00:00,6.65,7.75,1.0,104.25,1.0,104.25
2025-01-20 16:00:00,6.86,8.02,1.0,104.25,1.0,104.25
2025-01-20 17:00:00,7.33,8.55,1.0,104.25,1.0,104.25
2025-01-20 18:00:00,7.55,8.87,1.0,104.25,1.0,104.25
2025-01-20 19:00:00,7.89,9.19,1.0,104.25,1.0,104.25
2025-01-20 20:00:00,8.03,9.34,1.0,104.25,1.0,104.25
2025-01-20 21:00:00,7.98,9.3,1.0,104.25,1.0,104.25
2025-01-20 22:00:00,7.52,8.86,1.0,104.25,1.0,104.25
2025-01-20 23:00:00,7.59,8.88,1.0,104.25,1.0,104.25
2025-01-21 00:00:00,7.32,8.5,1.0,104.25,1.0,104.25
2025-01-21 01:00:00,6.86,7.93,1.0,104.25,1.0,104.25
2025-01-21 02:00:00,7.23,8.42,1.0,104.25,1.0,104.25
2025-01-21 03:00:00,7.19,8.39,1.0,104.25,1.0,104.25
2025-01-21 04:00:00,7.06,8.2,1.0,104.25,1.0,104.25
2025-01-21 05:00:00,7.1,8.23,1.0,104.25,1.0,104.25
2025-01-21 06:00:00,6.91,8.0,1.0,104.25,1.0,104.25
2025-01-21 07:00:00,6.76,7.83,1.0,104.25,1.0,104.25
2025-01-21 08:00:00,6.91,7.96,1.0,104.25,1.0,104.25
2025-01-21 09:00:00,7.06,8.11,1.0,104.25,1.0,104.25
2025-01-21 10:00:00,6.72,7.78,1.0,104.25,1.0,104.25
2025-01-21 11:00:00,6.88,7.98,1.0,104.25,1.0,104.25
2025-01-21 12:00:00,6.5,7.55,1.0,104.25,1.0,104.25
2025-01-21 13:00:00,5.86,6.86,1.0,104.25,1.0,104.25
2025-01-21 14:00:00,6.63,7.74,1.0,104.25,1.0,104.25
2025-01-21 15:00:00,6.54,7.66,1.0,104.25,1.0,104.25
2025-01-21 16:00:00,6.74,7.89,1.0,104.25,1.0,104.25
2025-01-21 17:00:00,6.54,7.69,1.0,104.25,1.0,104.25
2025-01-21 18:00:00,6.65,7.79,1.0,104.25,1.0,104.25
2025-01-21 19:00:00,7.02,8.2,1.0,104.25,1.0,104.25
2025-01-21 20:00:00,6.99,8.1,1.0,104.25,1.0,104.25
2025-01-21 21:00:00,6.49,7.5,1.0,104.25,1.0,104.25
2025-01-21 22:00:00,6.48,7.65,1.0,104.25,1.0,104.25
2025-01-21 23:00:00,6.44,7.49,1.0,104.25,1.0,104.25
2025-01-22 00:00:00,5.91,6.94,1.0,104.25,1.0,104.25
2025-01-22 01:00:00,6.0,7.01,1.0,104.25,1.0,104.25
2025-01-22 02:00:00,5.82,6.72,1.0,104.25,1.0,104.25
2025-01-22 03:00:00,5.99,6.84,1.0,104.25,1.0,104.25
2025-01-22 04:00:00,5.55,6.28,1.0,104.25,1.0,104.25
2025-01-22 05:00:00,5.37,6.04,1.0,104.25,1.0,104.25
2025-01-22 06:00:00,5.27,5.88,1.0,104.25,1.0,104.25
2025-01-22 07:00:00,5.31,5.87,1.0,104.25,1.0,104.25
2025-01-22 08:00:00,5.71,6.32,1.0,104.25,1.0,104.25
2025-01-22 09:00:00,5.89,6.58,1.0,104.25,1.0,104.25
2025-01-22 10:00:00,5.19,6.03,1.0,104.25,1.0,104.25
2025-01-22 11:00:00,5.02,5.92,1.0,104.25,1.0,104.25
2025-01-22 12:00:00,4.28,5.03,1.0,104.25,1.0,104.25
2025-01-22 13:00:00,4.1,4.81,1.0,104.25,1.0,104.25
2025-01-22 14:00:00,4.73,5.49,1.0,104.25,1.0,104.25
2025-01-22 15:00:00,5.69,6.61,1.0,104.25,1.0,104.25
2025-01-22 16:00:00,6.03,7.01,1.0,104.25,1.0,104.25
2025-01-22 17:00:00,5.91,6.84,1.0,104.25,1.0,104.25
2025-01-22 18:00:00,6.22,7.17,1.0,104.25,1.0,104.25
2025-01-22 19:00:00,5.99,6.91,1.0,104.25,1.0,104.25
2025-01-22 20:00:00,6.09,6.99,1.0,104.25,1.0,104.25
2025-01-22 21:00:00,5.61,6.37,1.0,104.25,1.0,104.25
2025-01-22 22:00:00,5.59,6.37,1.0,104.25,1.0,104.25
2025-01-22 23:00:00,5.88,6.83,1.0,104.25,1.0,104.25
2025-01-23 00:00:00,6.15,7.08,1.0,104.25,1.0,104.25
2025-01-23 01:00:00,6.87,7.94,1.0,104.25,1.0,104.25
2025-01-23 02:00:00,6.73,7.8,1.0,104.25,1.0,104.25
2025-01-23 03:00:00,6.32,7.31,1.0,104.25,1.0,104.25
2025-01-23 04:00:00,5.98,6.8,1.0,104.25,1.0,104.25
2025-01-23 05:00:00,5.93,6.71,1.0,104.25,1.0,104.25
2025-01-23 06:00:00,6.03,6.84,1.0,104.25,1.0,104.25
2025-01-23 07:00:00,6.09,6.9,1.0,104.25,1.0,104.25
2025-01-23 08:00:00,6.05,6.86,1.0,104.25,1.0,104.25
2025-01-23 09:00:00,5.75,6.5,1.0,104.25,1.0,104.25
2025-01-23 10:00:00,4.85,5.6,1.0,104.25,1.0,104.25
2025-01-23 11:00:00,4.57,5.27,1.0,104.25,1.0,104.25
2025-01-23 12:00:00,4.5,5.25,1.0,104.25,1.0,104.25
2025-01-23 13:00:00,4.81,5.46,1.0,104.25,1.0,104.25
2025-01-23 14:00:00,4.5,5.06,1.0,104.25,1.0,104.25
2025-01-23 15:00:00,4.77,5.37,1.0,104.25,1.0,104.25
2025-01-23 16:00:00,4.65,5.21,1.0,104.25,1.0,104.25
2025-01-23 17:00:00,4.35,4.9,1.0,104.25,1.0,104.25
2025-01-23 18:00:00,3.5,3.9,1.0,104.25,1.0,104.25
2025-01-23 19:00:00,3.47,3.87,1.0,104.25,1.0,104.25
2025-01-23 20:00:00,3.75,4.2,1.0,104.25,1.0,104.25
2025-01-23 21:00:00,3.51,3.98,1.0,104.25,1.0,104.25
2025-01-23 22:00:00,4.25,4.9,1.0,104.25,1.0,104.25
2025-01-23 23:00:00,4.31,4.91,1.0,104.25,1.0,104.25
2025-01-24 00:00:00,3.67,4.22,1.0,104.25,1.0,104.25
2025-01-24 01:00:00,3.85,4.3,1.0,104.25,1.0,104.25
2025-01-24 02:00:00,4.67,5.19,1.0,104.25,1.0,104.25
2025-01-24 03:00:00,5.46,6.08,1.0,104.25,1.0,104.25
2025-01-24 04:00:00,5.82,6.45,1.0,104.25,1.0,104.25
2025-01-24 05:00:00,5.62,6.18,1.0,104.25,1.0,104.25
2025-01-24 06:00:00,5.35,5.89,1.0,104.25,1.0,104.25
2025-01-24 07:00:00,5.87,6.53,1.0,104.25,1.0,104.25
2025-01-24 08:00:00,5.78,6.49,1.0,104.25,1.0,104.25
2025-01-24 09:00:00,5.87,6.63,1.0,104.25,1.0,104.25
2025-01-24 10:00:00,5.11,5.93,1.0,104.25,1.0,104.25
2025-01-24 11:00:00,5.41,6.42,1.0,104.25,1.0,104.25
2025-01-24 12:00:00,5.41,6.73,1.0,104.25,1.0,104.25
2025-01-24 13:00:00,5.25,6.5,1.0,104.25,1.0,104.25
2025-01-24 14:00:00,4.46,5.67,1.0,104.25,1.0,104.25
2025-01-24 15:00:00,4.37,5.33,1.0,104.25,1.0,104.25
2025-01-24 16:00:00,4.82,5.83,1.0,104.25,1.0,104.25
2025-01-24 17:00:00,4.5,5.56,1.0,104.25,1.0,104.25
2025-01-24 18:00:00,4.25,5.1,1.0,104.25,1.0,104.25
2025-01-24 19:00:00,4.15,4.85,1.0,104.25,1.0,104.25
2025-01-24 20:00:00,4.15,4.91,1.0,104.25,1.0,104.25
2025-01-24 21:00:00,4.92,5.68,1.0,104.25,1.0,104.25
2025-01-24 22:00:00,4.96,5.66,1.0,104.25,1.0,104.25
2025-01-24 23:00:00,4.45,5.1,1.0,104.25,1.0,104.25
2025-01-25 00:00:00,4.12,4.71,1.0,104.25,1.0,104.25
2025-01-25 01:00:00,3.71,4.2,1.0,104.25,1.0,104.25
2025-01-25 02:00:00,3.55,4.0,1.0,104.25,1.0,104.25
2025-01-25 03:00:00,3.51,3.9,1.0,104.25,1.0,104.25
2025-01-25 04:00:00,3.45,3.8,1.0,104.25,1.0,104.25
2025-01-25 05:00:00,3.02,3.34,1.0,104.25,1.0,104.25
2025-01-25 06:00:00,3.12,3.44,1.0,104.25,1.0,104.25
2025-01-25 07:00:00,3.21,3.5,1.0,104.25,1.0,104.25
2025-01-25 08:00:00,3.87,4.23,1.0,104.25,1.0,104.25
2025-01-25 09:00:00,4.64,5.11,1.0,104.25,1.0,104.25
2025-01-25 10:00:00,4.52,5.35,1.0,104.25,1.0,104.25
2025-01-25 11:00:00,3.63,4.43,1.0,104.25,1.0,104.25
2025-01-25 12:00:00,2.8,3.47,1.0,104.25,1.0,104.25
2025-01-25 13:00:00,2.24,2.8,1.0,104.25,1.0,104.25
2025-01-25 14:00:00,1.65,2.06,1.0,104.25,1.0,104.25
2025-01-25 15:00:00,1.36,1.71,1.0,104.25,1.0,104.25
2025-01-25 16:00:00,1.88,2.23,1.0,104.25,1.0,104.25
2025-01-25 17:00:00,2.11,2.46,1.0,104.25,1.0,104.25
2025-01-25 18:00:00,1.94,2.25,1.0,104.25,1.0,104.25
2025-01-25 19:00:00,2.24,2.59,1.0,104.25,1.0,104.25
2025-01-25 20:00:00,3.25,3.66,1.0,104.25,1.0,104.25
2025-01-25 21:00:00,3.0,3.45,1.0,104.25,1.0,104.25
2025-01-25 22:00:00,2.9,3.35,1.0,104.25,1.0,104.25
2025-01-25 23:00:00,3.3,3.7,1.0,104.25,1.0,104.25
2025-01-26 00:00:00,2.92,3.26,1.0,104.25,1.0,104.25
2025-01-26 01:00:00,2.66,2.89,1.0,104.25,1.0,104.25
2025-01-26 02:00:00,3.33,3.58,1.0,104.25,1.0,104.25
2025-01-26 03:00:00,3.46,3.76,1.0,104.25,1.0,104.25
2025-01-26 04:00:00,3.8,4.2,1.0,104.25,1.0,104.25
2025-01-26 05:00:00,4.4,4.85,1.0,104.25,1.0,104.25
2025-01-26 06:00:00,5.06,5.56,1.0,104.25,1.0,104.25
2025-01-26 07:00:00,5.75,6.43,1.0,104.25,1.0,104.25
2025-01-26 08:00:00,5.96,6.72,1.0,104.25,1.0,104.25
2025-01-26 09:00:00,6.06,6.85,1.0,104.25,1.0,104.25
2025-01-26 10:00:00,4.67,5.51,1.0,104.25,1.0,104.25
2025-01-26 11:00:00,4.34,5.03,1.0,104.25,1.0,104.25
2025-01-26 12:00:00,4.48,5.35,1.0,104.25,1.0,104.25
2025-01-26 13:00:00,5.03,5.87,1.0,104.25,1.0,104.25
2025-01-26 14:00:00,5.07,5.91,1.0,104.25,1.0,104.25
2025-01-26 15:00:00,4.72,5.58,1.0,104.25,1.0,104.25
2025-01-26 16:00:00,4.75,5.5,1.0,104.25,1.0,104.25
2025-01-26 17:00:00,5.06,5.91,1.0,104.25,1.0,104.25
2025-01-26 18:00:00,5.42,6.27,1.0,104.25,1.0,104.25
2025-01-26 19:00:00,6.15,7.06,1.0,104.25,1.0,104.25
2025-01-26 20:00:00,6.63,7.69,1.0,104.25,1.0,104.25
2025-01-26 21:00:00,6.65,7.72,1.0,104.25,1.0,104.25
2025-01-26 22:00:00,6.03,6.93,1.0,104.25,1.0,104.25
2025-01-26 23:00:00,5.91,6.81,1.0,104.25,1.0,104.25
2025-01-27 00:00:00,6.01,6.85,1.0,104.25,1.0,104.25
2025-01-27 01:00:00,6.1,6.95,1.0,104.25,1.0,104.25
2025-01-27 02:00:00,5.98,6.76,1.0,104.25,1.0,104.25
2025-01-27 03:00:00,5.48,6.26,1.0,104.25,1.0,104.25
2025-01-27 04:00:00,4.78,5.46,1.0,104.25,1.0,104.25
2025-01-27 05:00:00,5.11,5.77,1.0,104.25,1.0,104.25
2025-01-27 06:00:00,6.27,7.01,1.0,104.25,1.0,104.25
2025-01-27 07:00:00,6.53,7.38,1.0,104.25,1.0,104.25
2025-01-27 08:00:00,6.07,6.86,1.0,104.25,1.0,104.25
2025-01-27 09:00:00,5.74,6.47,1.0,104.25,1.0,104.25
2025-01-27 10:00:00,4.32,4.77,1.0,104.25,1.0,104.25
2025-01-27 11:00:00,4.67,5.28,1.0,104.25,1.0,104.25
2025-01-27 12:00:00,4.59,5.2,1.0,104.25,1.0,104.25
2025-01-27 13:00:00,5.37,6.11,1.0,104.25,1.0,104.25
2025-01-27 14:00:00,6.49,7.43,1.0,104.25,1.0,104.25
2025-01-27 15:00:00,6.87,7.95,1.0,104.25,1.0,104.25
2025-01-27 16:00:00,6.92,8.15,1.0,104.25,1.0,104.25
2025-01-27 17:00:00,7.81,9.09,1.0,104.25,1.0,104.25
2025-01-27 18:00:00,8.61,10.11,1.0,104.25,1.0,104.25
2025-01-27 19:00:00,9.01,10.62,1.0,104.25,1.0,104.25
2025-01-27 20:00:00,8.9,10.53,1.0,104.25,1.0,104.25
2025-01-27 21:00:00,8.6,10.14,1.0,104.25,1.0,104.25
2025-01-27 22:00:00,7.88,9.3,1.0,104.25,1.0,104.25
2025-01-27 23:00:00,8.3,9.8,1.0,104.25,1.0,104.25
2025-01-28 00:00:00,8.74,10.34,1.0,104.25,1.0,104.25
2025-01-28 01:00:00,8.92,10.57,1.0,104.25,1.0,104.25
2025-01-28 02:00:00,9.21,10.93,1.0,104.25,1.0,104.25
2025-01-28 03:00:00,9.46,11.25,1.0,104.25,1.0,104.25
2025-01-28 04:00:00,9.76,11.52,1.0,104.25,1.0,104.25
2025-01-28 05:00:00,9.77,11.59,1.0,104.25,1.0,104.25
2025-01-28 06:00:00,9.37,11.03,1.0,104.25,1.0,104.25
2025-01-28 07:00:00,9.3,10.87,1.0,104.25,1.0,104.25
2025-01-28 08:00:00,9.45,11.04,1.0,104.25,1.0,104.25
2025-01-28 09:00:00,9.88,11.56,1.0,104.25,1.0,104.25
2025-01-28 10:00:00,8.96,10.57,1.0,104.25,1.0,104.25
2025-01-28 11:00:00,9.08,10.87,1.0,104.25,1.0,104.25
2025-01-28 12:00:00,8.92,10.6,1.0,104.25,1.0,104.25
2025-01-28 13:00:00,8.68,10.24,1.0,104.25,1.0,104.25
2025-01-28 14:00:00,8.61,10.16,1.0,104.25,1.0,104.25
2025-01-28 15:00:00,8.52,10.02,1.0,104.25,1.0,104.25
2025-01-28 16:00:00,8.54,10.02,1.0,104.25,1.0,104.25
2025-01-28 17:00:00,8.63,10.11,1.0,104.25,1.0,104.25
2025-01-28 18:00:00,8.74,10.26,1.0,104.25,1.0,104.25
2025-01-28 19:00:00,8.54,10.03,1.0,104.25,1.0,104.25
2025-01-28 20:00:00,8.63,10.16,1.0,104.25,1.0,104.25
2025-01-28 21:00:00,8.76,10.34,1.0,104.25,1.0,104.25
2025-01-28 22:00:00,8.83,10.4,1.0,104.25,1.0,104.25
2025-01-28 23:00:00,8.26,9.72,1.0,104.25,1.0,104.25
2025-01-29 00:00:00,8.62,10.06,1.0,104.25,1.0,104.25
2025-01-29 01:00:00,9.08,10.63,1.0,104.25,1.0,104.25
2025-01-29 02:00:00,9.57,11.3,1.0,104.25,1.0,104.25
2025-01-29 03:00:00,9.41,11.07,1.0,104.25,1.0,104.25
2025-01-29 04:00:00,9.35,10.96,1.0,104.25,1.0,104.25
2025-01-29 05:00:00,9.74,11.42,1.0,104.25,1.0,104.25
2025-01-29 06:00:00,10.26,12.08,1.0,104.25,1.0,104.25
2025-01-29 07:00:00,9.94,11.77,1.0,104.25,1.0,104.25
2025-01-29 08:00:00,9.87,11.66,1.0,104.25,1.0,104.25
2025-01-29 09:00:00,10.3,12.15,1.0,104.25,1.0,104.25
2025-01-29 10:00:00,8.81,10.28,1.0,104.25,1.0,104.25
2025-01-29 11:00:00,9.14,10.77,1.0,104.25,1.0,104.25
2025-01-29 12:00:00,9.15,10.78,1.0,104.25,1.0,104.25
2025-01-29 13:00:00,8.75,10.35,1.0,104.25,1.0,104.25
2025-01-29 14:00:00,8.25,9.66,1.0,104.25,1.0,104.25
2025-01-29 15:00:00,8.04,9.43,1.0,104.25,1.0,104.25
2025-01-29 16:00:00,8.09,9.47,1.0,104.25,1.0,104.25
2025-01-29 17:00:00,8.4,9.85,1.0,104.25,1.0,104.25
2025-01-29 18:00:00,8.25,9.67,1.0,104.25,1.0,104.25
2025-01-29 19:00:00,8.08,9.5,1.0,104.25,1.0,104.25
2025-01-29 20:00:00,7.96,9.33,1.0,104.25,1.0,104.25
2025-01-29 21:00:00,7.74,9.05,1.0,104.25,1.0,104.25
2025-01-29 22:00:00,7.85,9.12,1.0,104.25,1.0,104.25
2025-01-29 23:00:00,8.25,9.63,1.0,104.25,1.0,104.25
2025-01-30 00:00:00,8.14,9.51,1.0,104.25,1.0,104.25
2025-01-30 01:00:00,8.08,9.39,1.0,104.25,1.0,104.25
2025-01-30 02:00:00,7.65,8.81,1.0,104.25,1.0,104.25
2025-01-30 03:00:00,7.83,8.99,1.0,104.25,1.0,104.25
2025-01-30 04:00:00,8.2,9.47,1.0,104.25,1.0,104.25
2025-01-30 05:00:00,8.2,9.47,1.0,104.25,1.0,104.25
2025-01-30 06:00:00,8.58,9.92,1.0,104.25,1.0,104.25
2025-01-30 07:00:00,8.94,10.34,1.0,104.25,1.0,104.25
2025-01-30 08:00:00,8.75,10.19,1.0,104.25,1.0,104.25
2025-01-30 09:00:00,8.27,9.56,1.0,104.25,1.0,104.25
2025-01-30 10:00:00,6.77,7.88,1.0,104.25,1.0,104.25
2025-01-30 11:00:00,6.08,7.09,1.0,104.25,1.0,104.25
2025-01-30 12:00:00,5.41,6.36,1.0,104.25,1.0,104.25
2025-01-30 13:00:00,5.47,6.37,1.0,104.25,1.0,104.25
2025-01-30 14:00:00,5.81,6.76,1.0,104.25,1.0,104.25
2025-01-30 15:00:00,6.2,7.2,1.0,104.25,1.0,104.25
2025-01-30 16:00:00,6.35,7.35,1.0,104.25,1.0,104.25
2025-01-30 17:00:00,6.77,7.82,1.0,104.25,1.0,104.25
2025-01-30 18:00:00,7.21,8.32,1.0,104.25,1.0,104.25
2025-01-30 19:00:00,7.37,8.58,1.0,104.25,1.0,104.25
2025-01-30 20:00:00,7.34,8.51,1.0,104.25,1.0,104.25
2025-01-30 21:00:00,7.08,8.24,1.0,104.25,1.0,104.25
2025-01-30 22:00:00,7.62,8.83,1.0,104.25,1.0,104.25
2025-01-30 23:00:00,7.57,8.78,1.0,104.25,1.0,104.25
2025-01-31 00:00:00,7.66,8.87,1.0,104.25,1.0,104.25
2025-01-31 01:00:00,7.8,8.92,1.0,104.25,1.0,104.25
2025-01-31 02:00:00,8.01,9.13,1.0,104.25,1.0,104.25
2025-01-31 03:00:00,7.54,8.6,1.0,104.25,1.0,104.25
2025-01-31 04:00:00,7.26,8.21,1.0,104.25,1.0,104.25
2025-01-31 05:00:00,7.06,8.06,1.0,104.25,1.0,104.25
2025-01-31 06:00:00,6.89,7.89,1.0,104.25,1.0,104.25
2025-01-31 07:00:00,6.84,7.79,1.0,104.25,1.0,104.25
2025-01-31 08:00:00,6.86,7.76,1.0,104.25,1.0,104.25
2025-01-31 09:00:00,7.11,8.16,1.0,104.25,1.0,104.25
2025-01-31 10:00:00,6.26,7.36,1.0,104.25,1.0,104.25
2025-01-31 11:00:00,6.12,7.23,1.0,104.25,1.0,104.25
2025-01-31 12:00:00,5.92,7.07,1.0,104.25,1.0,104.25
2025-01-31 13:00:00,6.02,7.12,1.0,104.25,1.0,104.25
2025-01-31 14:00:00,6.33,7.38,1.0,104.25,1.0,104.25
2025-01-31 15:00:00,6.82,7.92,1.0,104.25,1.0,104.25
2025-01-31 16:00:00,7.02,8.17,1.0,104.25,1.0,104.25
2025-01-31 17:00:00,7.2,8.41,1.0,104.25,1.0,104.25
2025-01-31 18:00:00,7.45,8.7,1.0,104.25,1.0,104.25
2025-01-31 19:00:00,7.5,8.8,1.0,104.25,1.0,104.25
2025-01-31 20:00:00,7.26,8.51,1.0,104.25,1.0,104.25
2025-01-31 21:00:00,6.96,8.11,1.0,104.25,1.0,104.25
2025-01-31 22:00:00,6.07,6.97,1.0,104.25,1.0,104.25
2025-01-31 23:00:00,5.78,6.68,1.0,104.25,1.0,104.25
2025-02-01 00:00:00,6.11,7.01,1.0,104.25,1.0,104.25
2025-02-01 01:00:00,6.65,7.55,1.0,104.25,1.0,104.25
2025-02-01 02:00:00,6.77,7.72,1.0,104.25,1.0,104.25
2025-02-01 03:00:00,6.44,7.28,1.0,104.25,1.0,104.25
2025-02-01 04:00:00,6.36,7.22,1.0,104.25,1.0,104.25
2025-02-01 05:00:00,6.42,7.33,1.0,104.25,1.0,104.25
2025-02-01 06:00:00,6.26,7.12,1.0,104.25,1.0,104.25
2025-02-01 07:00:00,6.36,7.27,1.0,104.25,1.0,104.25
2025-02-01 08:00:00,6.78,7.76,1.0,104.25,1.0,104.25
2025-02-01 09:00:00,6.8,7.83,1.0,104.25,1.0,104.25
2025-02-01 10:00:00,6.64,7.74,1.0,104.25,1.0,104.25
2025-02-01 11:00:00,6.21,7.31,1.0,104.25,1.0,104.25
2025-02-01 12:00:00,6.15,7.24,1.0,104.25,1.0,104.25
2025-02-01 13:00:00,5.49,6.44,1.0,104.25,1.0,104.25
2025-02-01 14:00:00,5.56,6.53,1.0,104.25,1.0,104.25
2025-02-01 15:00:00,5.61,6.57,1.0,104.25,1.0,104.25
2025-02-01 16:00:00,5.26,6.11,1.0,104.25,1.0,104.25
2025-02-01 17:00:00,5.36,6.17,1.0,104.25,1.0,104.25
2025-02-01 18:00:00,5.93,6.82,1.0,104.25,1.0,104.25
2025-02-01 19:00:00,6.78,7.84,1.0,104.25,1.0,104.25
2025-02-01 20:00:00,7.05,8.25,1.0,104.25,1.0,104.25
2025-02-01 21:00:00,6.7,7.8,1.0,104.25,1.0,104.25
2025-02-01 22:00:00,7.07,8.39,1.0,104.25,1.0,104.25
2025-02-01 23:00:00,6.31,7.43,1.0,104.25,1.0,104.25
2025-02-02 00:00:00,6.09,7.13,1.0,104.25,1.0,104.25
2025-02-02 01:00:00,6.12,7.07,1.0,104.25,1.0,104.25
2025-02-02 02:00:00,6.86,7.89,1.0,104.25,1.0,104.25
2025-02-02 03:00:00,7.09,8.17,1.0,104.25,1.0,104.25
2025-02-02 04:00:00,6.67,7.63,1.0,104.25,1.0,104.25
2025-02-02 05:00:00,6.0,6.85,1.0,104.25,1.0,104.25
2025-02-02 06:00:00,5.32,6.02,1.0,104.25,1.0,104.25
2025-02-02 07:00:00,4.62,5.21,1.0,104.25,1.0,104.25
2025-02-02 08:00:00,4.1,4.65,1.0,104.25,1.0,104.25
2025-02-02 09:00:00,3.89,4.42,1.0,104.25,1.0,104.25
2025-02-02 10:00:00,3.73,4.24,1.0,104.25,1.0,104.25
2025-02-02 11:00:00,3.95,4.59,1.0,104.25,1.0,104.25
2025-02-02 12:00:00,4.91,5.64,1.0,104.25,1.0,104.25
2025-02-02 13:00:00,5.23,6.02,1.0,104.25,1.0,104.25
2025-02-02 14:00:00,5.36,6.29,1.0,104.25,1.0,104.25
2025-02-02 15:00:00,5.63,6.64,1.0,104.25,1.0,104.25
2025-02-02 16:00:00,5.66,6.74,1.0,104.25,1.0,104.25
2025-02-02 17:00:00,6.04,7.17,1.0,104.25,1.0,104.25
2025-02-02 18:00:00,6.21,7.28,1.0,104.25,1.0,104.25
2025-02-02 19:00:00,6.56,7.66,1.0,104.25,1.0,104.25
2025-02-02 20:00:00,6.87,8.02,1.0,104.25,1.0,104.25
2025-02-02 21:00:00,7.15,8.3,1.0,104.25,1.0,104.25
2025-02-02 22:00:00,6.9,8.01,1.0,104.25,1.0,104.25
2025-02-02 23:00:00,6.57,7.65,1.0,104.25,1.0,104.25
2025-02-03 00:00:00,6.86,7.89,1.0,104.25,1.0,104.25
2025-02-03 01:00:00,6.99,8.04,1.0,104.25,1.0,104.25
2025-02-03 02:00:00,6.73,7.68,1.0,104.25,1.0,104.25
2025-02-03 03:00:00,6.66,7.58,1.0,104.25,1.0,104.25
2025-02-03 04:00:00,6.74,7.65,1.0,104.25,1.0,104.25
2025-02-03 05:00:00,6.58,7.43,1.0,104.25,1.0,104.25
2025-02-03 06:00:00,6.22,7.02,1.0,104.25,1.0,104.25
2025-02-03 07:00:00,6.01,6.72,1.0,104.25,1.0,104.25
2025-02-03 08:00:00,6.25,7.05,1.0,104.25,1.0,104.25
2025-02-03 09:00:00,6.55,7.42,1.0,104.25,1.0,104.25
2025-02-03 10:00:00,5.88,6.96,1.0,104.25,1.0,104.25
2025-02-03 11:00:00,5.37,6.31,1.0,104.25,1.0,104.25
2025-02-03 12:00:00,5.81,6.8,1.0,104.25,1.0,104.25
2025-02-03 13:00:00,6.16,7.2,1.0,104.25,1.0,104.25
2025-02-03 14:00:00,5.83,6.78,1.0,104.25,1.0,104.25
2025-02-03 15:00:00,5.38,6.26,1.0,104.25,1.0,104.25
2025-02-03 16:00:00,5.39,6.25,1.0,104.25,1.0,104.25
2025-02-03 17:00:00,5.53,6.42,1.0,104.25,1.0,104.25
2025-02-03 18:00:00,5.75,6.65,1.0,104.25,1.0,104.25
2025-02-03 19:00:00,5.85,6.78,1.0,104.25,1.0,104.25
2025-02-03 20:00:00,5.93,6.8,1.0,104.25,1.0,104.25
2025-02-03 21:00:00,6.04,6.95,1.0,104.25,1.0,104.25
2025-02-03 22:00:00,6.17,7.09,1.0,104.25,1.0,104.25
2025-02-03 23:00:00,6.49,7.46,1.0,104.25,1.0,104.25
2025-02-04 00:00:00,6.75,7.77,1.0,104.25,1.0,104.25
2025-02-04 01:00:00,7.08,8.11,1.0,104.25,1.0,104.25
2025-02-04 02:00:00,7.25,8.28,1.0,104.25,1.0,104.25
2025-02-04 03:00:00,7.11,8.08,1.0,104.25,1.0,104.25
2025-02-04 04:00:00,7.12,8.19,1.0,104.25,1.0,104.25
2025-02-04 05:00:00,7.12,8.18,1.0,104.25,1.0,104.25
2025-02-04 06:00:00,7.09,8.16,1.0,104.25,1.0,104.25
2025-02-04 07:00:00,7.16,8.26,1.0,104.25,1.0,104.25
2025-02-04 08:00:00,7.24,8.29,1.0,104.25,1.0,104.25
2025-02-04 09:00:00,7.4,8.44,1.0,104.25,1.0,104.25
2025-02-04 10:00:00,6.73,7.79,1.0,104.25,1.0,104.25
2025-02-04 11:00:00,7.27,8.39,1.0,104.25,1.0,104.25
2025-02-04 12:00:00,7.18,8.4,1.0,104.25,1.0,104.25
2025-02-04 13:00:00,6.65,7.74,1.0,104.25,1.0,104.25
2025-02-04 14:00:00,6.61,7.61,1.0,104.25,1.0,104.25
2025-02-04 15:00:00,6.61,7.66,1.0,104.25,1.0,104.25
2025-02-04 16:00:00,6.22,7.2,1.0,104.25,1.0,104.25
2025-02-04 17:00:00,6.32,7.34,1.0,104.25,1.0,104.25
2025-02-04 18:00:00,6.63,7.65,1.0,104.25,1.0,104.25
2025-02-04 19:00:00,7.15,8.27,1.0,104.25,1.0,104.25
2025-02-04 20:00:00,7.2,8.32,1.0,104.25,1.0,104.25
2025-02-04 21:00:00,7.28,8.44,1.0,104.25,1.0,104.25
2025-02-04 22:00:00,7.19,8.2,1.0,104.25,1.0,104.25
2025-02-04 23:00:00,7.01,7.95,1.0,104.25,1.0,104.25
2025-02-05 00:00:00,6.98,7.97,1.0,104.25,1.0,104.25
2025-02-05 01:00:00,6.55,7.4,1.0,104.25,1.0,104.25
2025-02-05 02:00:00,7.15,8.02,1.0,104.25,1.0,104.25
2025-02-05 03:00:00,7.3,8.16,1.0,104.25,1.0,104.25
2025-02-05 04:00:00,7.52,8.47,1.0,104.25,1.0,104.25
2025-02-05 05:00:00,7.56,8.61,1.0,104.25,1.0,104.25
2025-02-05 06:00:00,6.89,7.84,1.0,104.25,1.0,104.25
2025-02-05 07:00:00,6.27,7.09,1.0,104.25,1.0,104.25
2025-02-05 08:00:00,6.69,7.54,1.0,104.25,1.0,104.25
2025-02-05 09:00:00,7.2,8.15,1.0,104.25,1.0,104.25
2025-02-05 10:00:00,7.19,8.34,1.0,104.25,1.0,104.25
2025-02-05 11:00:00,7.68,8.94,1.0,104.25,1.0,104.25
2025-02-05 12:00:00,8.42,9.84,1.0,104.25,1.0,104.25
2025-02-05 13:00:00,8.6,10.02,1.0,104.25,1.0,104.25
2025-02-05 14:00:00,8.7,10.22,1.0,104.25,1.0,104.25
2025-02-05 15:00:00,9.31,11.04,1.0,104.25,1.0,104.25
2025-02-05 16:00:00,8.8,10.43,1.0,104.25,1.0,104.25
2025-02-05 17:00:00,7.25,8.52,1.0,104.25,1.0,104.25
2025-02-05 18:00:00,6.58,7.64,1.0,104.25,1.0,104.25
2025-02-05 19:00:00,6.6,7.6,1.0,104.25,1.0,104.25
2025-02-05 20:00:00,6.26,7.21,1.0,104.25,1.0,104.25
2025-02-05 21:00:00,6.11,7.01,1.0,104.25,1.0,104.25
2025-02-05 22:00:00,5.92,6.85,1.0,104.25,1.0,104.25
2025-02-05 23:00:00,6.86,7.87,1.0,104.25,1.0,104.25
2025-02-06 00:00:00,7.47,8.74,1.0,104.25,1.0,104.25
2025-02-06 01:00:00,7.29,8.41,1.0,104.25,1.0,104.25
2025-02-06 02:00:00,7.8,8.89,1.0,104.25,1.0,104.25
2025-02-06 03:00:00,8.86,10.23,1.0,104.25,1.0,104.25
2025-02-06 04:00:00,8.84,10.31,1.0,104.25,1.0,104.25
2025-02-06 05:00:00,8.3,9.62,1.0,104.25,1.0,104.25
2025-02-06 06:00:00,7.99,9.23,1.0,104.25,1.0,104.25
2025-02-06 07:00:00,7.42,8.49,1.0,104.25,1.0,104.25
2025-02-06 08:00:00,7.28,8.3,1.0,104.25,1.0,104.25
2025-02-06 09:00:00,7.26,8.34,1.0,104.25,1.0,104.25
2025-02-06 10:00:00,6.97,8.02,1.0,104.25,1.0,104.25
2025-02-06 11:00:00,7.13,8.26,1.0,104.25,1.0,104.25
2025-02-06 12:00:00,6.83,7.9,1.0,104.25,1.0,104.25
2025-02-06 13:00:00,6.48,7.43,1.0,104.25,1.0,104.25
2025-02-06 14:00:00,6.25,7.21,1.0,104.25,1.0,104.25
2025-02-06 15:00:00,6.38,7.34,1.0,104.25,1.0,104.25
2025-02-06 16:00:00,6.52,7.5,1.0,104.25,1.0,104.25
2025-02-06 17:00:00,6.74,7.77,1.0,104.25,1.0,104.25
2025-02-06 18:00:00,7.11,8.2,1.0,104.25,1.0,104.25
2025-02-06 19:00:00,7.32,8.47,1.0,104.25,1.0,104.25
2025-02-06 20:00:00,7.26,8.38,1.0,104.25,1.0,104.25
2025-02-06 21:00:00,7.01,8.11,1.0,104.25,1.0,104.25
2025-02-06 22:00:00,7.25,8.3,1.0,104.25,1.0,104.25
2025-02-06 23:00:00,7.24,8.33,1.0,104.25,1.0,104.25
2025-02-07 00:00:00,7.2,8.32,1.0,104.25,1.0,104.25
2025-02-07 01:00:00,7.25,8.3,1.0,104.25,1.0,104.25
2025-02-07 02:00:00,7.35,8.42,1.0,104.25,1.0,104.25
2025-02-07 03:00:00,7.37,8.43,1.0,104.25,1.0,104.25
2025-02-07 04:00:00,7.36,8.39,1.0,104.25,1.0,104.25
2025-02-07 05:00:00,7.16,8.17,1.0,104.25,1.0,104.25
2025-02-07 06:00:00,7.0,7.91,1.0,104.25,1.0,104.25
2025-02-07 07:00:00,6.69,7.56,1.0,104.25,1.0,104.25
2025-02-07 08:00:00,6.77,7.69,1.0,104.25,1.0,104.25
2025-02-07 09:00:00,7.26,8.22,1.0,104.25,1.0,104.25
2025-02-07 10:00:00,6.54,7.5,1.0,104.25,1.0,104.25
2025-02-07 11:00:00,6.83,7.92,1.0,104.25,1.0,104.25
2025-02-07 12:00:00,7.01,8.13,1.0,104.25,1.0,104.25
2025-02-07 13:00:00,7.03,8.15,1.0,104.25,1.0,104.25
2025-02-07 14:00:00,7.07,8.24,1.0,104.25,1.0,104.25
2025-02-07 15:00:00,6.88,7.97,1.0,104.25,1.0,104.25
2025-02-07 16:00:00,6.94,7.97,1.0,104.25,1.0,104.25
2025-02-07 17:00:00,7.04,8.08,1.0,104.25,1.0,104.25
2025-02-07 18:00:00,7.23,8.33,1.0,104.25,1.0,104.25
2025-02-07 19:00:00,7.29,8.43,1.0,104.25,1.0,104.25
2025-02-07 20:00:00,7.23,8.31,1.0,104.25,1.0,104.25
2025-02-07 21:00:00,6.76,7.78,1.0,104.25,1.0,104.25
2025-02-07 22:00:00,7.39,8.51,1.0,104.25,1.0,104.25
2025-02-07 23:00:00,7.73,8.92,1.0,104.25,1.0,104.25
2025-02-08 00:00:00,7.97,9.22,1.0,104.25,1.0,104.25
2025-02-08 01:00:00,8.07,9.24,1.0,104.25,1.0,104.25
2025-02-08 02:00:00,7.63,8.7,1.0,104.25,1.0,104.25
2025-02-08 03:00:00,7.42,8.43,1.0,104.25,1.0,104.25
2025-02-08 04:00:00,7.26,8.29,1.0,104.25,1.0,104.25
2025-02-08 05:00:00,7.21,8.18,1.0,104.25,1.0,104.25
2025-02-08 06:00:00,7.47,8.47,1.0,104.25,1.0,104.25
2025-02-08 07:00:00,7.69,8.75,1.0,104.25,1.0,104.25
2025-02-08 08:00:00,8.17,9.38,1.0,104.25,1.0,104.25
2025-02-08 09:00:00,8.77,10.09,1.0,104.25,1.0,104.25
2025-02-08 10:00:00,8.79,10.26,1.0,104.25,1.0,104.25
2025-02-08 11:00:00,8.52,10.02,1.0,104.25,1.0,104.25
2025-02-08 12:00:00,8.28,9.71,1.0,104.25,1.0,104.25
2025-02-08 13:00:00,8.31,9.69,1.0,104.25,1.0,104.25
2025-02-08 14:00:00,8.39,9.76,1.0,104.25,1.0,104.25
2025-02-08 15:00:00,8.27,9.59,1.0,104.25,1.0,104.25
2025-02-08 16:00:00,7.65,8.87,1.0,104.25,1.0,104.25
2025-02-08 17:00:00,7.55,8.71,1.0,104.25,1.0,104.25
2025-02-08 18:00:00,7.67,8.88,1.0,104.25,1.0,104.25
2025-02-08 19:00:00,7.77,8.99,1.0,104.25,1.0,104.25
2025-02-08 20:00:00,8.0,9.28,1.0,104.25,1.0,104.25
2025-02-08 21:00:00,8.13,9.44,1.0,104.25,1.0,104.25
2025-02-08 22:00:00,8.14,9.46,1.0,104.25,1.0,104.25
2025-02-08 23:00:00,7.87,9.2,1.0,104.25,1.0,104.25
2025-02-09 00:00:00,7.51,8.73,1.0,104.25,1.0,104.25
2025-02-09 01:00:00,7.43,8.56,1.0,104.25,1.0,104.25
2025-02-09 02:00:00,7.64,8.76,1.0,104.25,1.0,104.25
2025-02-09 03:00:00,7.8,8.95,1.0,104.25,1.0,104.25
2025-02-09 04:00:00,8.08,9.23,1.0,104.25,1.0,104.25
2025-02-09 05:00:00,8.13,9.3,1.0,104.25,1.0,104.25
2025-02-09 06:00:00,8.27,9.47,1.0,104.25,1.0,104.25
2025-02-09 07:00:00,8.6,9.88,1.0,104.25,1.0,104.25
2025-02-09 08:00:00,8.9,10.26,1.0,104.25,1.0,104.25
2025-02-09 09:00:00,8.96,10.32,1.0,104.25,1.0,104.25
2025-02-09 10:00:00,8.76,10.17,1.0,104.25,1.0,104.25
2025-02-09 11:00:00,8.92,10.44,1.0,104.25,1.0,104.25
2025-02-09 12:00:00,8.63,10.15,1.0,104.25,1.0,104.25
2025-02-09 13:00:00,8.18,9.55,1.0,104.25,1.0,104.25
2025-02-09 14:00:00,7.91,9.16,1.0,104.25,1.0,104.25
2025-02-09 15:00:00,8.05,9.38,1.0,104.25,1.0,104.25
2025-02-09 16:00:00,8.16,9.52,1.0,104.25,1.0,104.25
2025-02-09 17:00:00,8.19,9.55,1.0,104.25,1.0,104.25
2025-02-09 18:00:00,8.27,9.65,1.0,104.25,1.0,104.25
2025-02-09 19:00:00,8.3,9.66,1.0,104.25,1.0,104.25
2025-02-09 20:00:00,8.21,9.56,1.0,104.25,1.0,104.25
2025-02-09 21:00:00,8.0,9.29,1.0,104.25,1.0,104.25
2025-02-09 22:00:00,8.43,9.78,1.0,104.25,1.0,104.25
2025-02-09 23:00:00,8.14,9.48,1.0,104.25,1.0,104.25
2025-02-10 00:00:00,7.79,9.02,1.0,104.25,1.0,104.25
2025-02-10 01:00:00,7.69,8.82,1.0,104.25,1.0,104.25
2025-02-10 02:00:00,7.58,8.66,1.0,104.25,1.0,104.25
2025-02-10 03:00:00,7.68,8.77,1.0,104.25,1.0,104.25
2025-02-10 04:00:00,7.82,8.95,1.0,104.25,1.0,104.25
2025-02-10 05:00:00,7.8,8.88,1.0,104.25,1.0,104.25
2025-02-10 06:00:00,7.75,8.88,1.0,104.25,1.0,104.25
2025-02-10 07:00:00,7.57,8.65,1.0,104.25,1.0,104.25
2025-02-10 08:00:00,7.56,8.62,1.0,104.25,1.0,104.25
2025-02-10 09:00:00,7.6,8.73,1.0,104.25,1.0,104.25
2025-02-10 10:00:00,7.38,8.49,1.0,104.25,1.0,104.25
2025-02-10 11:00:00,7.29,8.47,1.0,104.25,1.0,104.25
2025-02-10 12:00:00,7.5,8.76,1.0,104.25,1.0,104.25
2025-02-10 13:00:00,7.9,9.17,1.0,104.25,1.0,104.25
2025-02-10 14:00:00,8.09,9.47,1.0,104.25,1.0,104.25
2025-02-10 15:00:00,8.06,9.46,1.0,104.25,1.0,104.25
2025-02-10 16:00:00,8.03,9.44,1.0,104.25,1.0,104.25
2025-02-10 17:00:00,7.98,9.28,1.0,104.25,1.0,104.25
2025-02-10 18:00:00,7.78,9.07,1.0,104.25,1.0,104.25
2025-02-10 19:00:00,7.61,8.81,1.0,104.25,1.0,104.25
2025-02-10 20:00:00,7.29,8.45,1.0,104.25,1.0,104.25
2025-02-10 21:00:00,7.21,8.31,1.0,104.25,1.0,104.25
2025-02-10 22:00:00,8.05,9.41,1.0,104.25,1.0,104.25
2025-02-10 23:00:00,8.41,9.75,1.0,104.25,1.0,104.25
2025-02-11 00:00:00,8.7,10.15,1.0,104.25,1.0,104.25
2025-02-11 01:00:00,8.26,9.54,1.0,104.25,1.0,104.25
2025-02-11 02:00:00,7.91,9.05,1.0,104.25,1.0,104.25
2025-02-11 03:00:00,7.75,8.81,1.0,104.25,1.0,104.25
2025-02-11 04:00:00,7.69,8.73,1.0,104.25,1.0,104.25
2025-02-11 05:00:00,7.29,8.29,1.0,104.25,1.0,104.25
2025-02-11 06:00:00,6.94,7.83,1.0,104.25,1.0,104.25
2025-02-11 07:00:00,6.74,7.58,1.0,104.25,1.0,104.25
2025-02-11 08:00:00,6.56,7.34,1.0,104.25,1.0,104.25
2025-02-11 09:00:00,6.34,7.08,1.0,104.25,1.0,104.25
2025-02-11 10:00:00,6.12,6.92,1.0,104.25,1.0,104.25
2025-02-11 11:00:00,5.95,6.78,1.0,104.25,1.0,104.25
2025-02-11 12:00:00,5.72,6.55,1.0,104.25,1.0,104.25
2025-02-11 13:00:00,5.49,6.29,1.0,104.25,1.0,104.25
2025-02-11 14:00:00,5.59,6.37,1.0,104.25,1.0,104.25
2025-02-11 15:00:00,5.7,6.53,1.0,104.25,1.0,104.25
2025-02-11 16:00:00,5.86,6.72,1.0,104.25,1.0,104.25
2025-02-11 17:00:00,5.88,6.74,1.0,104.25,1.0,104.25
2025-02-11 18:00:00,5.76,6.63,1.0,104.25,1.0,104.25
2025-02-11 19:00:00,5.91,6.78,1.0,104.25,1.0,104.25
2025-02-11 20:00:00,6.09,7.0,1.0,104.25,1.0,104.25
2025-02-11 21:00:00,5.91,6.76,1.0,104.25,1.0,104.25
2025-02-11 22:00:00,6.11,6.96,1.0,104.25,1.0,104.25
2025-02-11 23:00:00,5.72,6.53,1.0,104.25,1.0,104.25
2025-02-12 00:00:00,5.5,6.21,1.0,104.25,1.0,104.25
2025-02-12 01:00:00,5.42,6.04,1.0,104.25,1.0,104.25
2025-02-12 02:00:00,5.5,6.13,1.0,104.25,1.0,104.25
2025-02-12 03:00:00,5.35,5.93,1.0,104.25,1.0,104.25
2025-02-12 04:00:00,4.74,5.26,1.0,104.25,1.0,104.25
2025-02-12 05:00:00,4.29,4.67,1.0,104.25,1.0,104.25
2025-02-12 06:00:00,4.04,4.35,1.0,104.25,1.0,104.25
2025-02-12 07:00:00,4.4,4.71,1.0,104.25,1.0,104.25
2025-02-12 08:00:00,4.53,4.92,1.0,104.25,1.0,104.25
2025-02-12 09:00:00,5.04,5.54,1.0,104.25,1.0,104.25
2025-02-12 10:00:00,4.89,5.39,1.0,104.25,1.0,104.25
2025-02-12 11:00:00,5.05,5.73,1.0,104.25,1.0,104.25
2025-02-12 12:00:00,4.76,5.54,1.0,104.25,1.0,104.25
2025-02-12 13:00:00,4.65,5.36,1.0,104.25,1.0,104.25
2025-02-12 14:00:00,4.54,5.25,1.0,104.25,1.0,104.25
2025-02-12 15:00:00,4.56,5.31,1.0,104.25,1.0,104.25
2025-02-12 16:00:00,4.38,5.09,1.0,104.25,1.0,104.25
2025-02-12 17:00:00,4.46,5.09,1.0,104.25,1.0,104.25
2025-02-12 18:00:00,4.77,5.41,1.0,104.25,1.0,104.25
2025-02-12 19:00:00,4.99,5.66,1.0,104.25,1.0,104.25
2025-02-12 20:00:00,5.1,5.74,1.0,104.25,1.0,104.25
2025-02-12 21:00:00,5.1,5.73,1.0,104.25,1.0,104.25
2025-02-12 22:00:00,5.37,6.12,1.0,104.25,1.0,104.25
2025-02-12 23:00:00,5.52,6.26,1.0,104.25,1.0,104.25
2025-02-13 00:00:00,5.46,6.17,1.0,104.25,1.0,104.25
2025-02-13 01:00:00,5.51,6.16,1.0,104.25,1.0,104.25
2025-02-13 02:00:00,5.62,6.27,1.0,104.25,1.0,104.25
2025-02-13 03:00:00,5.38,5.92,1.0,104.25,1.0,104.25
2025-02-13 04:00:00,4.82,5.29,1.0,104.25,1.0,104.25
2025-02-13 05:00:00,4.52,4.92,1.0,104.25,1.0,104.25
2025-02-13 06:00:00,4.52,4.92,1.0,104.25,1.0,104.25
2025-02-13 07:00:00,4.7,5.1,1.0,104.25,1.0,104.25
2025-02-13 08:00:00,4.9,5.4,1.0,104.25,1.0,104.25
2025-02-13 09:00:00,5.35,5.85,1.0,104.25,1.0,104.25
2025-02-13 10:00:00,5.01,5.62,1.0,104.25,1.0,104.25
2025-02-13 11:00:00,5.72,6.51,1.0,104.25,1.0,104.25
2025-02-13 12:00:00,6.27,7.2,1.0,104.25,1.0,104.25
2025-02-13 13:00:00,5.54,6.33,1.0,104.25,1.0,104.25
2025-02-13 14:00:00,5.92,6.81,1.0,104.25,1.0,104.25
2025-02-13 15:00:00,6.16,7.08,1.0,104.25,1.0,104.25
2025-02-13 16:00:00,6.27,7.23,1.0,104.25,1.0,104.25
2025-02-13 17:00:00,6.22,7.18,1.0,104.25,1.0,104.25
2025-02-13 18:00:00,5.83,6.71,1.0,104.25,1.0,104.25
2025-02-13 19:00:00,5.35,6.11,1.0,104.25,1.0,104.25
2025-02-13 20:00:00,4.65,5.3,1.0,104.25,1.0,104.25
2025-02-13 21:00:00,4.62,5.27,1.0,104.25,1.0,104.25
2025-02-13 22:00:00,5.43,6.17,1.0,104.25,1.0,104.25
2025-02-13 23:00:00,5.97,6.82,1.0,104.25,1.0,104.25
2025-02-14 00:00:00,5.95,6.8,1.0,104.25,1.0,104.25
2025-02-14 01:00:00,5.68,6.42,1.0,104.25,1.0,104.25
2025-02-14 02:00:00,5.43,6.08,1.0,104.25,1.0,104.25
2025-02-14 03:00:00,5.14,5.64,1.0,104.25,1.0,104.25
2025-02-14 04:00:00,5.0,5.44,1.0,104.25,1.0,104.25
2025-02-14 05:00:00,5.2,5.69,1.0,104.25,1.0,104.25
2025-02-14 06:00:00,5.33,5.87,1.0,104.25,1.0,104.25
2025-02-14 07:00:00,4.94,5.39,1.0,104.25,1.0,104.25
2025-02-14 08:00:00,5.02,5.52,1.0,104.25,1.0,104.25
2025-02-14 09:00:00,5.24,5.74,1.0,104.25,1.0,104.25
2025-02-14 10:00:00,5.47,6.01,1.0,104.25,1.0,104.25
2025-02-14 11:00:00,5.55,6.23,1.0,104.25,1.0,104.25
2025-02-14 12:00:00,5.29,5.9,1.0,104.25,1.0,104.25
2025-02-14 13:00:00,5.46,6.14,1.0,104.25,1.0,104.25
2025-02-14 14:00:00,5.4,6.08,1.0,104.25,1.0,104.25
2025-02-14 15:00:00,5.32,5.99,1.0,104.25,1.0,104.25
2025-02-14 16:00:00,5.25,5.89,1.0,104.25,1.0,104.25
2025-02-14 17:00:00,5.28,5.92,1.0,104.25,1.0,104.25
2025-02-14 18:00:00,5.2,5.88,1.0,104.25,1.0,104.25
2025-02-14 19:00:00,4.83,5.44,1.0,104.25,1.0,104.25
2025-02-14 20:00:00,4.98,5.54,1.0,104.25,1.0,104.25
2025-02-14 21:00:00,5.1,5.66,1.0,104.25,1.0,104.25
2025-02-14 22:00:00,4.68,5.31,1.0,104.25,1.0,104.25
2025-02-14 23:00:00,4.33,4.82,1.0,104.25,1.0,104.25
2025-02-15 00:00:00,4.0,4.43,1.0,104.25,1.0,104.25
2025-02-15 01:00:00,4.52,4.95,1.0,104.25,1.0,104.25
2025-02-15 02:00:00,5.19,5.71,1.0,104.25,1.0,104.25
2025-02-15 03:00:00,5.64,6.26,1.0,104.25,1.0,104.25
2025-02-15 04:00:00,5.63,6.2,1.0,104.25,1.0,104.25
2025-02-15 05:00:00,5.33,5.84,1.0,104.25,1.0,104.25
2025-02-15 06:00:00,5.3,5.82,1.0,104.25,1.0,104.25
2025-02-15 07:00:00,5.51,6.0,1.0,104.25,1.0,104.25
2025-02-15 08:00:00,5.76,6.33,1.0,104.25,1.0,104.25
2025-02-15 09:00:00,5.7,6.3,1.0,104.25,1.0,104.25
2025-02-15 10:00:00,6.05,6.79,1.0,104.25,1.0,104.25
2025-02-15 11:00:00,5.54,6.22,1.0,104.25,1.0,104.25
2025-02-15 12:00:00,5.27,5.91,1.0,104.25,1.0,104.25
2025-02-15 13:00:00,4.91,5.52,1.0,104.25,1.0,104.25
2025-02-15 14:00:00,4.57,5.15,1.0,104.25,1.0,104.25
2025-02-15 15:00:00,4.08,4.52,1.0,104.25,1.0,104.25
2025-02-15 16:00:00,4.38,4.81,1.0,104.25,1.0,104.25
2025-02-15 17:00:00,4.76,5.23,1.0,104.25,1.0,104.25
2025-02-15 18:00:00,5.13,5.69,1.0,104.25,1.0,104.25
2025-02-15 19:00:00,5.35,5.96,1.0,104.25,1.0,104.25
2025-02-15 20:00:00,5.39,5.99,1.0,104.25,1.0,104.25
2025-02-15 21:00:00,5.39,6.09,1.0,104.25,1.0,104.25
2025-02-15 22:00:00,4.6,5.18,1.0,104.25,1.0,104.25
2025-02-15 23:00:00,4.66,5.23,1.0,104.25,1.0,104.25
2025-02-16 00:00:00,4.84,5.35,1.0,104.25,1.0,104.25
2025-02-16 01:00:00,5.09,5.59,1.0,104.25,1.0,104.25
2025-02-16 02:00:00,5.02,5.52,1.0,104.25,1.0,104.25
2025-02-16 03:00:00,5.02,5.47,1.0,104.25,1.0,104.25
2025-02-16 04:00:00,4.62,5.02,1.0,104.25,1.0,104.25
2025-02-16 05:00:00,4.12,4.42,1.0,104.25,1.0,104.25
2025-02-16 06:00:00,3.8,4.05,1.0,104.25,1.0,104.25
2025-02-16 07:00:00,4.03,4.23,1.0,104.25,1.0,104.25
2025-02-16 08:00:00,3.92,4.14,1.0,104.25,1.0,104.25
2025-02-16 09:00:00,3.52,3.79,1.0,104.25,1.0,104.25
2025-02-16 10:00:00,4.33,4.72,1.0,104.25,1.0,104.25
2025-02-16 11:00:00,4.21,4.64,1.0,104.25,1.0,104.25
2025-02-16 12:00:00,3.48,3.82,1.0,104.25,1.0,104.25
2025-02-16 13:00:00,2.73,2.91,1.0,104.25,1.0,104.25
2025-02-16 14:00:00,2.67,2.82,1.0,104.25,1.0,104.25
2025-02-16 15:00:00,2.29,2.38,1.0,104.25,1.0,104.25
2025-02-16 16:00:00,2.05,2.2,1.0,104.25,1.0,104.25
2025-02-16 17:00:00,2.6,2.85,1.0,104.25,1.0,104.25
2025-02-16 18:00:00,2.62,2.92,1.0,104.25,1.0,104.25
2025-02-16 19:00:00,3.08,3.44,1.0,104.25,1.0,104.25
2025-02-16 20:00:00,3.76,4.14,1.0,104.25,1.0,104.25
2025-02-16 21:00:00,4.05,4.52,1.0,104.25,1.0,104.25
2025-02-16 22:00:00,3.84,4.27,1.0,104.25,1.0,104.25
2025-02-16 23:00:00,3.86,4.29,1.0,104.25,1.0,104.25
2025-02-17 00:00:00,4.34,4.86,1.0,104.25,1.0,104.25
2025-02-17 01:00:00,5.11,5.67,1.0,104.25,1.0,104.25
2025-02-17 02:00:00,5.15,5.66,1.0,104.25,1.0,104.25
2025-02-17 03:00:00,4.59,4.99,1.0,104.25,1.0,104.25
2025-02-17 04:00:00,4.07,4.43,1.0,104.25,1.0,104.25
2025-02-17 05:00:00,4.08,4.42,1.0,104.25,1.0,104.25
2025-02-17 06:00:00,3.28,3.54,1.0,104.25,1.0,104.25
2025-02-17 07:00:00,2.41,2.57,1.0,104.25,1.0,104.25
2025-02-17 08:00:00,2.8,3.0,1.0,104.25,1.0,104.25
2025-02-17 09:00:00,3.75,4.05,1.0,104.25,1.0,104.25
2025-02-17 10:00:00,3.07,3.49,1.0,104.25,1.0,104.25
2025-02-17 11:00:00,2.22,2.45,1.0,104.25,1.0,104.25
2025-02-17 12:00:00,4.08,4.52,1.0,104.25,1.0,104.25
2025-02-17 13:00:00,4.31,4.8,1.0,104.25,1.0,104.25
2025-02-17 14:00:00,4.21,4.72,1.0,104.25,1.0,104.25
2025-02-17 15:00:00,4.28,4.82,1.0,104.25,1.0,104.25
2025-02-17 16:00:00,4.33,4.87,1.0,104.25,1.0,104.25
2025-02-17 17:00:00,4.32,4.79,1.0,104.25,1.0,104.25
2025-02-17 18:00:00,2.91,3.12,1.0,104.25,1.0,104.25
2025-02-17 19:00:00,1.74,1.68,1.0,104.25,1.0,104.25
2025-02-17 20:00:00,4.03,4.14,1.0,104.25,1.0,104.25
2025-02-17 21:00:00,4.51,4.41,1.0,104.25,1.0,104.25
2025-02-17 22:00:00,3.51,3.79,1.0,104.25,1.0,104.25
2025-02-17 23:00:00,3.25,3.43,1.0,104.25,1.0,104.25
2025-02-18 00:00:00,3.4,3.54,1.0,104.25,1.0,104.25
2025-02-18 01:00:00,4.45,4.7,1.0,104.25,1.0,104.25
2025-02-18 02:00:00,5.46,5.85,1.0,104.25,1.0,104.25
2025-02-18 03:00:00,6.1,6.7,1.0,104.25,1.0,104.25
2025-02-18 04:00:00,6.75,7.52,1.0,104.25,1.0,104.25
2025-02-18 05:00:00,7.4,8.36,1.0,104.25,1.0,104.25
2025-02-18 06:00:00,7.37,8.29,1.0,104.25,1.0,104.25
2025-02-18 07:00:00,6.97,7.8,1.0,104.25,1.0,104.25
2025-02-18 08:00:00,6.57,7.33,1.0,104.25,1.0,104.25
2025-02-18 09:00:00,6.26,6.98,1.0,104.25,1.0,104.25
2025-02-18 10:00:00,5.11,5.63,1.0,104.25,1.0,104.25
2025-02-18 11:00:00,5.26,5.91,1.0,104.25,1.0,104.25
2025-02-18 12:00:00,5.67,6.48,1.0,104.25,1.0,104.25
2025-02-18 13:00:00,5.9,6.8,1.0,104.25,1.0,104.25
2025-02-18 14:00:00,6.49,7.47,1.0,104.25,1.0,104.25
2025-02-18 15:00:00,6.64,7.65,1.0,104.25,1.0,104.25
2025-02-18 16:00:00,6.6,7.63,1.0,104.25,1.0,104.25
2025-02-18 17:00:00,6.78,7.76,1.0,104.25,1.0,104.25
2025-02-18 18:00:00,6.31,7.16,1.0,104.25,1.0,104.25
2025-02-18 19:00:00,6.25,7.13,1.0,104.25,1.0,104.25
2025-02-18 20:00:00,6.35,7.29,1.0,104.25,1.0,104.25
2025-02-18 21:00:00,6.22,7.1,1.0,104.25,1.0,104.25
2025-02-18 22:00:00,6.01,6.87,1.0,104.25,1.0,104.25
2025-02-18 23:00:00,5.26,6.03,1.0,104.25,1.0,104.25
2025-02-19 00:00:00,4.7,5.43,1.0,104.25,1.0,104.25
2025-02-19 01:00:00,4.24,4.83,1.0,104.25,1.0,104.25
2025-02-19 02:00:00,4.86,5.3,1.0,104.25,1.0,104.25
2025-02-19 03:00:00,5.56,6.13,1.0,104.25,1.0,104.25
2025-02-19 04:00:00,5.84,6.48,1.0,104.25,1.0,104.25
2025-02-19 05:00:00,5.88,6.57,1.0,104.25,1.0,104.25
2025-02-19 06:00:00,6.28,7.04,1.0,104.25,1.0,104.25
2025-02-19 07:00:00,6.26,7.04,1.0,104.25,1.0,104.25
2025-02-19 08:00:00,6.17,6.98,1.0,104.25,1.0,104.25
2025-02-19 09:00:00,5.96,6.7,1.0,104.25,1.0,104.25
2025-02-19 10:00:00,4.58,5.08,1.0,104.25,1.0,104.25
2025-02-19 11:00:00,4.94,5.55,1.0,104.25,1.0,104.25
2025-02-19 12:00:00,5.31,6.04,1.0,104.25,1.0,104.25
2025-02-19 13:00:00,5.41,6.13,1.0,104.25,1.0,104.25
2025-02-19 14:00:00,5.65,6.41,1.0,104.25,1.0,104.25
2025-02-19 15:00:00,6.06,6.88,1.0,104.25,1.0,104.25
2025-02-19 16:00:00,6.34,7.27,1.0,104.25,1.0,104.25
2025-02-19 17:00:00,6.23,7.18,1.0,104.25,1.0,104.25
2025-02-19 18:00:00,6.2,7.14,1.0,104.25,1.0,104.25
2025-02-19 19:00:00,6.06,7.0,1.0,104.25,1.0,104.25
2025-02-19 20:00:00,5.77,6.62,1.0,104.25,1.0,104.25
2025-02-19 21:00:00,5.55,6.4,1.0,104.25,1.0,104.25
2025-02-19 22:00:00,5.04,5.73,1.0,104.25,1.0,104.25
2025-02-19 23:00:00,5.53,6.26,1.0,104.25,1.0,104.25
2025-02-20 00:00:00,5.35,6.09,1.0,104.25,1.0,104.25
2025-02-20 01:00:00,5.43,6.06,1.0,104.25,1.0,104.25
2025-02-20 02:00:00,5.06,5.62,1.0,104.25,1.0,104.25
2025-02-20 03:00:00,5.11,5.65,1.0,104.25,1.0,104.25
2025-02-20 04:00:00,5.17,5.73,1.0,104.25,1.0,104.25
2025-02-20 05:00:00,5.51,6.07,1.0,104.25,1.0,104.25
2025-02-20 06:00:00,5.67,6.27,1.0,104.25,1.0,104.25
2025-02-20 07:00:00,5.97,6.67,1.0,104.25,1.0,104.25
2025-02-20 08:00:00,6.38,7.09,1.0,104.25,1.0,104.25
2025-02-20 09:00:00,6.64,7.47,1.0,104.25,1.0,104.25
2025-02-20 10:00:00,5.81,6.99,1.0,104.25,1.0,104.25
2025-02-20 11:00:00,5.96,7.06,1.0,104.25,1.0,104.25
2025-02-20 12:00:00,6.08,7.11,1.0,104.25,1.0,104.25
2025-02-20 13:00:00,6.36,7.33,1.0,104.25,1.0,104.25
2025-02-20 14:00:00,6.34,7.34,1.0,104.25,1.0,104.25
2025-02-20 15:00:00,6.27,7.23,1.0,104.25,1.0,104.25
2025-02-20 16:00:00,6.17,7.11,1.0,104.25,1.0,104.25
2025-02-20 17:00:00,6.11,7.03,1.0,104.25,1.0,104.25
2025-02-20 18:00:00,6.01,6.85,1.0,104.25,1.0,104.25
2025-02-20 19:00:00,6.02,6.84,1.0,104.25,1.0,104.25
2025-02-20 20:00:00,5.67,6.49,1.0,104.25,1.0,104.25
2025-02-20 21:00:00,5.25,5.95,1.0,104.25,1.0,104.25
2025-02-20 22:00:00,4.95,5.63,1.0,104.25,1.0,104.25
2025-02-20 23:00:00,4.28,4.9,1.0,104.25,1.0,104.25
2025-02-21 00:00:00,4.19,4.71,1.0,104.25,1.0,104.25
2025-02-21 01:00:00,4.57,5.11,1.0,104.25,1.0,104.25
2025-02-21 02:00:00,4.97,5.56,1.0,104.25,1.0,104.25
2025-02-21 03:00:00,5.55,6.18,1.0,104.25,1.0,104.25
2025-02-21 04:00:00,5.9,6.57,1.0,104.25,1.0,104.25
2025-02-21 05:00:00,6.01,6.75,1.0,104.25,1.0,104.25
2025-02-21 06:00:00,6.23,6.97,1.0,104.25,1.0,104.25
2025-02-21 07:00:00,6.68,7.58,1.0,104.25,1.0,104.25
2025-02-21 08:00:00,6.94,7.88,1.0,104.25,1.0,104.25
2025-02-21 09:00:00,7.01,8.07,1.0,104.25,1.0,104.25
2025-02-21 10:00:00,5.78,6.92,1.0,104.25,1.0,104.25
2025-02-21 11:00:00,5.68,6.72,1.0,104.25,1.0,104.25
2025-02-21 12:00:00,5.53,6.52,1.0,104.25,1.0,104.25
2025-02-21 13:00:00,5.19,6.06,1.0,104.25,1.0,104.25
2025-02-21 14:00:00,4.69,5.52,1.0,104.25,1.0,104.25
2025-02-21 15:00:00,4.82,5.61,1.0,104.25,1.0,104.25
2025-02-21 16:00:00,4.96,5.8,1.0,104.25,1.0,104.25
2025-02-21 17:00:00,4.68,5.39,1.0,104.25,1.0,104.25
2025-02-21 18:00:00,5.01,5.74,1.0,104.25,1.0,104.25
2025-02-21 19:00:00,5.72,6.6,1.0,104.25,1.0,104.25
2025-02-21 20:00:00,6.29,7.15,1.0,104.25,1.0,104.25
2025-02-21 21:00:00,5.68,6.45,1.0,104.25,1.0,104.25
2025-02-21 22:00:00,6.06,6.94,1.0,104.25,1.0,104.25
2025-02-21 23:00:00,6.31,7.2,1.0,104.25,1.0,104.25
2025-02-22 00:00:00,6.15,7.04,1.0,104.25,1.0,104.25
2025-02-22 01:00:00,5.76,6.54,1.0,104.25,1.0,104.25
2025-02-22 02:00:00,5.66,6.38,1.0,104.25,1.0,104.25
2025-02-22 03:00:00,5.72,6.39,1.0,104.25,1.0,104.25
2025-02-22 04:00:00,5.8,6.45,1.0,104.25,1.0,104.25
2025-02-22 05:00:00,5.5,6.17,1.0,104.25,1.0,104.25
2025-02-22 06:00:00,5.19,5.79,1.0,104.25,1.0,104.25
2025-02-22 07:00:00,5.39,6.05,1.0,104.25,1.0,104.25
2025-02-22 08:00:00,5.73,6.43,1.0,104.25,1.0,104.25
2025-02-22 09:00:00,5.82,6.51,1.0,104.25,1.0,104.25
2025-02-22 10:00:00,6.11,7.04,1.0,104.25,1.0,104.25
2025-02-22 11:00:00,6.02,7.05,1.0,104.25,1.0,104.25
2025-02-22 12:00:00,5.28,6.18,1.0,104.25,1.0,104.25
2025-02-22 13:00:00,5.68,6.56,1.0,104.25,1.0,104.25
2025-02-22 14:00:00,5.58,6.51,1.0,104.25,1.0,104.25
2025-02-22 15:00:00,5.98,6.93,1.0,104.25,1.0,104.25
2025-02-22 16:00:00,5.94,6.91,1.0,104.25,1.0,104.25
2025-02-22 17:00:00,5.4,6.31,1.0,104.25,1.0,104.25
2025-02-22 18:00:00,5.28,6.09,1.0,104.25,1.0,104.25
2025-02-22 19:00:00,5.14,5.95,1.0,104.25,1.0,104.25
2025-02-22 20:00:00,5.12,5.93,1.0,104.25,1.0,104.25
2025-02-22 21:00:00,5.72,6.47,1.0,104.25,1.0,104.25
2025-02-22 22:00:00,5.69,6.48,1.0,104.25,1.0,104.25
2025-02-22 23:00:00,5.43,6.16,1.0,104.25,1.0,104.25
2025-02-23 00:00:00,5.47,6.14,1.0,104.25,1.0,104.25
2025-02-23 01:00:00,5.78,6.43,1.0,104.25,1.0,104.25
2025-02-23 02:00:00,5.18,5.82,1.0,104.25,1.0,104.25
2025-02-23 03:00:00,4.29,4.74,1.0,104.25,1.0,104.25
2025-02-23 04:00:00,3.96,4.37,1.0,104.25,1.0,104.25
2025-02-23 05:00:00,3.04,3.39,1.0,104.25,1.0,104.25
2025-02-23 06:00:00,2.85,3.1,1.0,104.25,1.0,104.25
2025-02-23 07:00:00,3.96,4.32,1.0,104.25,1.0,104.25
2025-02-23 08:00:00,4.34,4.8,1.0,104.25,1.0,104.25
2025-02-23 09:00:00,3.76,4.11,1.0,104.25,1.0,104.25
2025-02-23 10:00:00,4.15,4.65,1.0,104.25,1.0,104.25
2025-02-23 11:00:00,3.95,4.43,1.0,104.25,1.0,104.25
2025-02-23 12:00:00,3.58,4.03,1.0,104.25,1.0,104.25
2025-02-23 13:00:00,3.72,4.15,1.0,104.25,1.0,104.25
2025-02-23 14:00:00,3.9,4.35,1.0,104.25,1.0,104.25
2025-02-23 15:00:00,3.97,4.44,1.0,104.25,1.0,104.25
2025-02-23 16:00:00,3.97,4.44,1.0,104.25,1.0,104.25
2025-02-23 17:00:00,4.37,4.89,1.0,104.25,1.0,104.25
2025-02-23 18:00:00,4.52,5.08,1.0,104.25,1.0,104.25
2025-02-23 19:00:00,4.42,4.93,1.0,104.25,1.0,104.25
2025-02-23 20:00:00,4.15,4.62,1.0,104.25,1.0,104.25
2025-02-23 21:00:00,3.79,4.22,1.0,104.25,1.0,104.25
2025-02-23 22:00:00,4.49,5.06,1.0,104.25,1.0,104.25
2025-02-23 23:00:00,5.0,5.71,1.0,104.25,1.0,104.25
2025-02-24 00:00:00,4.72,5.29,1.0,104.25,1.0,104.25
2025-02-24 01:00:00,4.66,5.19,1.0,104.25,1.0,104.25
2025-02-24 02:00:00,4.35,4.87,1.0,104.25,1.0,104.25
2025-02-24 03:00:00,3.96,4.38,1.0,104.25,1.0,104.25
2025-02-24 04:00:00,4.08,4.54,1.0,104.25,1.0,104.25
2025-02-24 05:00:00,4.28,4.7,1.0,104.25,1.0,104.25
2025-02-24 06:00:00,4.4,4.79,1.0,104.25,1.0,104.25
2025-02-24 07:00:00,5.02,5.52,1.0,104.25,1.0,104.25
2025-02-24 08:00:00,4.78,5.24,1.0,104.25,1.0,104.25
2025-02-24 09:00:00,4.44,4.9,1.0,104.25,1.0,104.25
2025-02-24 10:00:00,6.24,7.09,1.0,104.25,1.0,104.25
2025-02-24 11:00:00,5.72,6.6,1.0,104.25,1.0,104.25
2025-02-24 12:00:00,5.46,6.32,1.0,104.25,1.0,104.25
2025-02-24 13:00:00,5.08,5.91,1.0,104.25,1.0,104.25
2025-02-24 14:00:00,4.92,5.69,1.0,104.25,1.0,104.25
2025-02-24 15:00:00,5.15,6.01,1.0,104.25,1.0,104.25
2025-02-24 16:00:00,4.87,5.76,1.0,104.25,1.0,104.25
2025-02-24 17:00:00,4.29,5.04,1.0,104.25,1.0,104.25
2025-02-24 18:00:00,4.36,5.08,1.0,104.25,1.0,104.25
2025-02-24 19:00:00,4.83,5.51,1.0,104.25,1.0,104.25
2025-02-24 20:00:00,5.01,5.65,1.0,104.25,1.0,104.25
2025-02-24 21:00:00,4.63,5.2,1.0,104.25,1.0,104.25
2025-02-24 22:00:00,4.96,5.55,1.0,104.25,1.0,104.25
2025-02-24 23:00:00,5.29,5.97,1.0,104.25,1.0,104.25
2025-02-25 00:00:00,5.56,6.31,1.0,104.25,1.0,104.25
2025-02-25 01:00:00,5.01,5.68,1.0,104.25,1.0,104.25
2025-02-25 02:00:00,4.75,5.32,1.0,104.25,1.0,104.25
2025-02-25 03:00:00,4.69,5.29,1.0,104.25,1.0,104.25
2025-02-25 04:00:00,4.57,5.24,1.0,104.25,1.0,104.25
2025-02-25 05:00:00,4.88,5.52,1.0,104.25,1.0,104.25
2025-02-25 06:00:00,5.11,5.75,1.0,104.25,1.0,104.25
2025-02-25 07:00:00,5.16,5.83,1.0,104.25,1.0,104.25
2025-02-25 08:00:00,5.28,5.98,1.0,104.25,1.0,104.25
2025-02-25 09:00:00,5.52,6.22,1.0,104.25,1.0,104.25
2025-02-25 10:00:00,5.28,6.25,1.0,104.25,1.0,104.25
2025-02-25 11:00:00,6.07,7.14,1.0,104.25,1.0,104.25
2025-02-25 12:00:00,5.96,7.1,1.0,104.25,1.0,104.25
2025-02-25 13:00:00,6.12,7.25,1.0,104.25,1.0,104.25
2025-02-25 14:00:00,6.3,7.46,1.0,104.25,1.0,104.25
2025-02-25 15:00:00,6.55,7.68,1.0,104.25,1.0,104.25
2025-02-25 16:00:00,5.9,6.97,1.0,104.25,1.0,104.25
2025-02-25 17:00:00,5.09,5.98,1.0,104.25,1.0,104.25
2025-02-25 18:00:00,4.7,5.55,1.0,104.25,1.0,104.25
2025-02-25 19:00:00,5.41,6.16,1.0,104.25,1.0,104.25
2025-02-25 20:00:00,5.44,6.19,1.0,104.25,1.0,104.25
2025-02-25 21:00:00,4.98,5.7,1.0,104.25,1.0,104.25
2025-02-25 22:00:00,5.48,6.35,1.0,104.25,1.0,104.25
2025-02-25 23:00:00,6.43,7.39,1.0,104.25,1.0,104.25
2025-02-26 00:00:00,6.69,7.65,1.0,104.25,1.0,104.25
2025-02-26 01:00:00,6.32,7.13,1.0,104.25,1.0,104.25
2025-02-26 02:00:00,5.73,6.47,1.0,104.25,1.0,104.25
2025-02-26 03:00:00,6.07,6.89,1.0,104.25,1.0,104.25
2025-02-26 04:00:00,5.66,6.48,1.0,104.25,1.0,104.25
2025-02-26 05:00:00,5.87,6.69,1.0,104.25,1.0,104.25
2025-02-26 06:00:00,6.17,7.09,1.0,104.25,1.0,104.25
2025-02-26 07:00:00,6.18,7.06,1.0,104.25,1.0,104.25
2025-02-26 08:00:00,7.39,8.49,1.0,104.25,1.0,104.25
2025-02-26 09:00:00,7.28,8.45,1.0,104.25,1.0,104.25
2025-02-26 10:00:00,6.17,7.15,1.0,104.25,1.0,104.25
2025-02-26 11:00:00,5.84,6.8,1.0,104.25,1.0,104.25
2025-02-26 12:00:00,5.62,6.44,1.0,104.25,1.0,104.25
2025-02-26 13:00:00,6.62,7.83,1.0,104.25,1.0,104.25
2025-02-26 14:00:00,5.96,7.07,1.0,104.25,1.0,104.25
2025-02-26 15:00:00,5.45,6.53,1.0,104.25,1.0,104.25
2025-02-26 16:00:00,5.75,6.84,1.0,104.25,1.0,104.25
2025-02-26 17:00:00,5.48,6.58,1.0,104.25,1.0,104.25
2025-02-26 18:00:00,6.46,7.56,1.0,104.25,1.0,104.25
2025-02-26 19:00:00,7.97,9.29,1.0,104.25,1.0,104.25
2025-02-26 20:00:00,7.47,8.83,1.0,104.25,1.0,104.25
2025-02-26 21:00:00,6.71,7.87,1.0,104.25,1.0,104.25
2025-02-26 22:00:00,6.8,7.9,1.0,104.25,1.0,104.25
2025-02-26 23:00:00,7.19,8.4,1.0,104.25,1.0,104.25
2025-02-27 00:00:00,7.28,8.5,1.0,104.25,1.0,104.25
2025-02-27 01:00:00,6.93,8.0,1.0,104.25,1.0,104.25
2025-02-27 02:00:00,6.62,7.62,1.0,104.25,1.0,104.25
2025-02-27 03:00:00,6.15,7.04,1.0,104.25,1.0,104.25
2025-02-27 04:00:00,6.24,7.13,1.0,104.25,1.0,104.25
2025-02-27 05:00:00,6.31,7.17,1.0,104.25,1.0,104.25
2025-02-27 06:00:00,6.71,7.66,1.0,104.25,1.0,104.25
2025-02-27 07:00:00,7.31,8.34,1.0,104.25,1.0,104.25
2025-02-27 08:00:00,6.97,7.96,1.0,104.25,1.0,104.25
2025-02-27 09:00:00,6.73,7.65,1.0,104.25,1.0,104.25
2025-02-27 10:00:00,5.62,6.4,1.0,104.25,1.0,104.25
2025-02-27 11:00:00,5.48,6.3,1.0,104.25,1.0,104.25
2025-02-27 12:00:00,5.28,6.09,1.0,104.25,1.0,104.25
2025-02-27 13:00:00,4.92,5.67,1.0,104.25,1.0,104.25
2025-02-27 14:00:00,4.99,5.71,1.0,104.25,1.0,104.25
2025-02-27 15:00:00,4.95,5.63,1.0,104.25,1.0,104.25
2025-02-27 16:00:00,4.97,5.64,1.0,104.25,1.0,104.25
2025-02-27 17:00:00,4.99,5.64,1.0,104.25,1.0,104.25
2025-02-27 18:00:00,4.92,5.61,1.0,104.25,1.0,104.25
2025-02-27 19:00:00,4.59,5.19,1.0,104.25,1.0,104.25
2025-02-27 20:00:00,4.4,4.91,1.0,104.25,1.0,104.25
2025-02-27 21:00:00,4.41,4.99,1.0,104.25,1.0,104.25
2025-02-27 22:00:00,4.85,5.5,1.0,104.25,1.0,104.25
2025-02-27 23:00:00,5.45,6.17,1.0,104.25,1.0,104.25
2025-02-28 00:00:00,5.31,5.98,1.0,104.25,1.0,104.25
2025-02-28 01:00:00,5.38,5.98,1.0,104.25,1.0,104.25
2025-02-28 02:00:00,5.56,6.23,1.0,104.25,1.0,104.25
2025-02-28 03:00:00,5.2,5.8,1.0,104.25,1.0,104.25
2025-02-28 04:00:00,5.06,5.67,1.0,104.25,1.0,104.25
2025-02-28 05:00:00,5.47,6.08,1.0,104.25,1.0,104.25
2025-02-28 06:00:00,5.46,6.06,1.0,104.25,1.0,104.25
2025-02-28 07:00:00,5.27,5.91,1.0,104.25,1.0,104.25
2025-02-28 08:00:00,5.47,6.08,1.0,104.25,1.0,104.25
2025-02-28 09:00:00,6.28,7.06,1.0,104.25,1.0,104.25
2025-02-28 10:00:00,6.26,7.07,1.0,104.25,1.0,104.25
2025-02-28 11:00:00,5.73,6.58,1.0,104.25,1.0,104.25
2025-02-28 12:00:00,5.18,5.96,1.0,104.25,1.0,104.25
2025-02-28 13:00:00,5.04,5.71,1.0,104.25,1.0,104.25
2025-02-28 14:00:00,4.86,5.58,1.0,104.25,1.0,104.25
2025-02-28 15:00:00,4.97,5.71,1.0,104.25,1.0,104.25
2025-02-28 16:00:00,5.02,5.76,1.0,104.25,1.0,104.25
2025-02-28 17:00:00,5.21,5.95,1.0,104.25,1.0,104.25
2025-02-28 18:00:00,5.27,6.04,1.0,104.25,1.0,104.25
2025-02-28 19:00:00,5.47,6.22,1.0,104.25,1.0,104.25
2025-02-28 20:00:00,5.22,5.93,1.0,104.25,1.0,104.25
2025-02-28 21:00:00,4.75,5.4,1.0,104.25,1.0,104.25
2025-02-28 22:00:00,4.61,5.21,1.0,104.25,1.0,104.25
2025-02-28 23:00:00,5.14,5.81,1.0,104.25,1.0,104.25
2025-03-01 00:00:00,5.14,5.81,1.0,104.25,1.0,104.25
2025-03-01 01:00:00,4.63,5.15,1.0,104.25,1.0,104.25
2025-03-01 02:00:00,4.25,4.63,1.0,104.25,1.0,104.25
2025-03-01 03:00:00,4.03,4.41,1.0,104.25,1.0,104.25
2025-03-01 04:00:00,4.21,4.61,1.0,104.25,1.0,104.25
2025-03-01 05:00:00,4.43,4.79,1.0,104.25,1.0,104.25
2025-03-01 06:00:00,4.79,5.19,1.0,104.25,1.0,104.25
2025-03-01 07:00:00,4.99,5.38,1.0,104.25,1.0,104.25
2025-03-01 08:00:00,5.91,6.45,1.0,104.25,1.0,104.25
2025-03-01 09:00:00,6.18,6.81,1.0,104.25,1.0,104.25
2025-03-01 10:00:00,6.15,6.91,1.0,104.25,1.0,104.25
2025-03-01 11:00:00,6.76,7.72,1.0,104.25,1.0,104.25
2025-03-01 12:00:00,6.85,7.88,1.0,104.25,1.0,104.25
2025-03-01 13:00:00,6.51,7.46,1.0,104.25,1.0,104.25
2025-03-01 14:00:00,6.09,6.99,1.0,104.25,1.0,104.25
2025-03-01 15:00:00,6.04,6.95,1.0,104.25,1.0,104.25
2025-03-01 16:00:00,5.68,6.49,1.0,104.25,1.0,104.25
2025-03-01 17:00:00,5.37,6.11,1.0,104.25,1.0,104.25
2025-03-01 18:00:00,5.75,6.51,1.0,104.25,1.0,104.25
2025-03-01 19:00:00,5.86,6.62,1.0,104.25,1.0,104.25
2025-03-01 20:00:00,5.77,6.55,1.0,104.25,1.0,104.25
2025-03-01 21:00:00,5.44,6.2,1.0,104.25,1.0,104.25
2025-03-01 22:00:00,5.43,6.17,1.0,104.25,1.0,104.25
2025-03-01 23:00:00,5.93,6.76,1.0,104.25,1.0,104.25
2025-03-02 00:00:00,6.56,7.5,1.0,104.25,1.0,104.25
2025-03-02 01:00:00,6.41,7.24,1.0,104.25,1.0,104.25
2025-03-02 02:00:00,6.15,6.83,1.0,104.25,1.0,104.25
2025-03-02 03:00:00,6.01,6.66,1.0,104.25,1.0,104.25
2025-03-02 04:00:00,5.8,6.43,1.0,104.25,1.0,104.25
2025-03-02 05:00:00,5.77,6.4,1.0,104.25,1.0,104.25
2025-03-02 06:00:00,6.09,6.76,1.0,104.25,1.0,104.25
2025-03-02 07:00:00,6.53,7.25,1.0,104.25,1.0,104.25
2025-03-02 08:00:00,7.2,8.07,1.0,104.25,1.0,104.25
2025-03-02 09:00:00,7.56,8.55,1.0,104.25,1.0,104.25
2025-03-02 10:00:00,7.07,8.04,1.0,104.25,1.0,104.25
2025-03-02 11:00:00,7.04,8.04,1.0,104.25,1.0,104.25
2025-03-02 12:00:00,7.18,8.25,1.0,104.25,1.0,104.25
2025-03-02 13:00:00,7.02,8.02,1.0,104.25,1.0,104.25
2025-03-02 14:00:00,6.86,7.81,1.0,104.25,1.0,104.25
2025-03-02 15:00:00,6.57,7.53,1.0,104.25,1.0,104.25
2025-03-02 16:00:00,6.15,6.96,1.0,104.25,1.0,104.25
2025-03-02 17:00:00,5.86,6.67,1.0,104.25,1.0,104.25
2025-03-02 18:00:00,5.62,6.38,1.0,104.25,1.0,104.25
2025-03-02 19:00:00,5.15,5.82,1.0,104.25,1.0,104.25
2025-03-02 20:00:00,4.86,5.46,1.0,104.25,1.0,104.25
2025-03-02 21:00:00,4.56,5.1,1.0,104.25,1.0,104.25
2025-03-02 22:00:00,5.12,5.77,1.0,104.25,1.0,104.25
2025-03-02 23:00:00,4.97,5.57,1.0,104.25,1.0,104.25
2025-03-03 00:00:00,5.0,5.53,1.0,104.25,1.0,104.25
2025-03-03 01:00:00,4.96,5.46,1.0,104.25,1.0,104.25
2025-03-03 02:00:00,4.67,5.1,1.0,104.25,1.0,104.25
2025-03-03 03:00:00,4.48,4.89,1.0,104.25,1.0,104.25
2025-03-03 04:00:00,4.39,4.79,1.0,104.25,1.0,104.25
2025-03-03 05:00:00,4.24,4.6,1.0,104.25,1.0,104.25
2025-03-03 06:00:00,4.06,4.36,1.0,104.25,1.0,104.25
2025-03-03 07:00:00,4.16,4.46,1.0,104.25,1.0,104.25
2025-03-03 08:00:00,4.44,4.84,1.0,104.25,1.0,104.25
2025-03-03 09:00:00,4.75,5.2,1.0,104.25,1.0,104.25
2025-03-03 10:00:00,5.36,6.01,1.0,104.25,1.0,104.25
2025-03-03 11:00:00,6.2,7.08,1.0,104.25,1.0,104.25
2025-03-03 12:00:00,6.06,6.95,1.0,104.25,1.0,104.25
2025-03-03 13:00:00,5.73,6.55,1.0,104.25,1.0,104.25
2025-03-03 14:00:00,5.63,6.37,1.0,104.25,1.0,104.25
2025-03-03 15:00:00,5.45,6.19,1.0,104.25,1.0,104.25
2025-03-03 16:00:00,5.21,5.9,1.0,104.25,1.0,104.25
2025-03-03 17:00:00,4.75,5.33,1.0,104.25,1.0,104.25
2025-03-03 18:00:00,4.61,5.19,1.0,104.25,1.0,104.25
2025-03-03 19:00:00,4.75,5.31,1.0,104.25,1.0,104.25
2025-03-03 20:00:00,4.65,5.23,1.0,104.25,1.0,104.25
2025-03-03 21:00:00,4.78,5.36,1.0,104.25,1.0,104.25
2025-03-03 22:00:00,5.54,6.23,1.0,104.25,1.0,104.25
2025-03-03 23:00:00,5.12,5.77,1.0,104.25,1.0,104.25
2025-03-04 00:00:00,4.68,5.24,1.0,104.25,1.0,104.25
2025-03-04 01:00:00,4.41,4.88,1.0,104.25,1.0,104.25
2025-03-04 02:00:00,4.66,5.13,1.0,104.25,1.0,104.25
2025-03-04 03:00:00,4.81,5.28,1.0,104.25,1.0,104.25
2025-03-04 04:00:00,4.43,4.85,1.0,104.25,1.0,104.25
2025-03-04 05:00:00,4.57,5.0,1.0,104.25,1.0,104.25
2025-03-04 06:00:00,4.82,5.23,1.0,104.25,1.0,104.25
2025-03-04 07:00:00,4.72,5.12,1.0,104.25,1.0,104.25
2025-03-04 08:00:00,4.65,5.04,1.0,104.25,1.0,104.25
2025-03-04 09:00:00,5.07,5.53,1.0,104.25,1.0,104.25
2025-03-04 10:00:00,3.96,4.31,1.0,104.25,1.0,104.25
2025-03-04 11:00:00,3.2,3.52,1.0,104.25,1.0,104.25
2025-03-04 12:00:00,3.68,4.11,1.0,104.25,1.0,104.25
2025-03-04 13:00:00,3.82,4.34,1.0,104.25,1.0,104.25
2025-03-04 14:00:00,3.39,3.74,1.0,104.25,1.0,104.25
2025-03-04 15:00:00,3.04,3.33,1.0,104.25,1.0,104.25
2025-03-04 16:00:00,2.87,3.12,1.0,104.25,1.0,104.25
2025-03-04 17:00:00,2.86,3.07,1.0,104.25,1.0,104.25
2025-03-04 18:00:00,2.48,2.65,1.0,104.25,1.0,104.25
2025-03-04 19:00:00,2.19,2.34,1.0,104.25,1.0,104.25
2025-03-04 20:00:00,1.72,1.81,1.0,104.25,1.0,104.25
2025-03-04 21:00:00,1.75,1.84,1.0,104.25,1.0,104.25
2025-03-04 22:00:00,3.16,3.41,1.0,104.25,1.0,104.25
2025-03-04 23:00:00,3.86,4.26,1.0,104.25,1.0,104.25
2025-03-05 00:00:00,4.03,4.48,1.0,104.25,1.0,104.25
2025-03-05 01:00:00,2.9,3.22,1.0,104.25,1.0,104.25
2025-03-05 02:00:00,1.6,1.7,1.0,104.25,1.0,104.25
2025-03-05 03:00:00,1.27,1.32,1.0,104.25,1.0,104.25
2025-03-05 04:00:00,1.33,1.39,1.0,104.25,1.0,104.25
2025-03-05 05:00:00,1.25,1.32,1.0,104.25,1.0,104.25
2025-03-05 06:00:00,0.51,0.56,1.0,104.25,1.0,104.25
2025-03-05 07:00:00,1.07,1.08,1.0,104.25,1.0,104.25
2025-03-05 08:00:00,2.51,2.65,1.0,104.25,1.0,104.25
2025-03-05 09:00:00,2.48,2.62,1.0,104.25,1.0,104.25
2025-03-05 10:00:00,4.26,4.62,1.0,104.25,1.0,104.25
2025-03-05 11:00:00,4.23,4.7,1.0,104.25,1.0,104.25
2025-03-05 12:00:00,3.72,4.11,1.0,104.25,1.0,104.25
2025-03-05 13:00:00,3.57,3.85,1.0,104.25,1.0,104.25
2025-03-05 14:00:00,3.34,3.61,1.0,104.25,1.0,104.25
2025-03-05 15:00:00,2.89,3.11,1.0,104.25,1.0,104.25
2025-03-05 16:00:00,2.44,2.69,1.0,104.25,1.0,104.25
2025-03-05 17:00:00,2.52,2.78,1.0,104.25,1.0,104.25
2025-03-05 18:00:00,2.75,3.04,1.0,104.25,1.0,104.25
2025-03-05 19:00:00,2.65,3.01,1.0,104.25,1.0,104.25
2025-03-05 20:00:00,2.41,2.76,1.0,104.25,1.0,104.25
2025-03-05 21:00:00,2.43,2.75,1.0,104.25,1.0,104.25
2025-03-05 22:00:00,2.01,2.1,1.0,104.25,1.0,104.25
2025-03-05 23:00:00,1.78,1.75,1.0,104.25,1.0,104.25
2025-03-06 00:00:00,3.4,3.55,1.0,104.25,1.0,104.25
2025-03-06 01:00:00,4.18,4.56,1.0,104.25,1.0,104.25
2025-03-06 02:00:00,4.91,5.36,1.0,104.25,1.0,104.25
2025-03-06 03:00:00,5.41,5.91,1.0,104.25,1.0,104.25
2025-03-06 04:00:00,5.38,5.85,1.0,104.25,1.0,104.25
2025-03-06 05:00:00,4.26,4.68,1.0,104.25,1.0,104.25
2025-03-06 06:00:00,3.91,4.29,1.0,104.25,1.0,104.25
2025-03-06 07:00:00,3.13,3.4,1.0,104.25,1.0,104.25
2025-03-06 08:00:00,2.66,2.94,1.0,104.25,1.0,104.25
2025-03-06 09:00:00,3.08,3.36,1.0,104.25,1.0,104.25
2025-03-06 10:00:00,2.97,3.27,1.0,104.25,1.0,104.25
2025-03-06 11:00:00,3.32,3.69,1.0,104.25,1.0,104.25
2025-03-06 12:00:00,3.78,4.21,1.0,104.25,1.0,104.25
2025-03-06 13:00:00,4.21,4.67,1.0,104.25,1.0,104.25
2025-03-06 14:00:00,3.98,4.43,1.0,104.25,1.0,104.25
2025-03-06 15:00:00,3.36,3.76,1.0,104.25,1.0,104.25
2025-03-06 16:00:00,3.22,3.57,1.0,104.25,1.0,104.25
2025-03-06 17:00:00,3.29,3.65,1.0,104.25,1.0,104.25
2025-03-06 18:00:00,3.43,3.84,1.0,104.25,1.0,104.25
2025-03-06 19:00:00,3.21,3.62,1.0,104.25,1.0,104.25
2025-03-06 20:00:00,2.76,3.11,1.0,104.25,1.0,104.25
2025-03-06 21:00:00,2.3,2.5,1.0,104.25,1.0,104.25
2025-03-06 22:00:00,2.6,2.86,1.0,104.25,1.0,104.25
2025-03-06 23:00:00,1.83,1.9,1.0,104.25,1.0,104.25
2025-03-07 00:00:00,0.65,0.67,1.0,104.25,1.0,104.25
2025-03-07 01:00:00,0.79,0.76,1.0,104.25,1.0,104.25
2025-03-07 02:00:00,1.88,1.95,1.0,104.25,1.0,104.25
2025-03-07 03:00:00,2.48,2.62,1.0,104.25,1.0,104.25
2025-03-07 04:00:00,2.33,2.49,1.0,104.25,1.0,104.25
2025-03-07 05:00:00,1.52,1.61,1.0,104.25,1.0,104.25
2025-03-07 06:00:00,1.08,1.19,1.0,104.25,1.0,104.25
2025-03-07 07:00:00,1.25,1.39,1.0,104.25,1.0,104.25
2025-03-07 08:00:00,1.59,1.7,1.0,104.25,1.0,104.25
2025-03-07 09:00:00,2.49,2.62,1.0,104.25,1.0,104.25
2025-03-07 10:00:00,3.49,3.65,1.0,104.25,1.0,104.25
2025-03-07 11:00:00,4.97,5.37,1.0,104.25,1.0,104.25
2025-03-07 12:00:00,4.94,5.41,1.0,104.25,1.0,104.25
2025-03-07 13:00:00,4.73,5.24,1.0,104.25,1.0,104.25
2025-03-07 14:00:00,4.23,4.77,1.0,104.25,1.0,104.25
2025-03-07 15:00:00,3.82,4.36,1.0,104.25,1.0,104.25
2025-03-07 16:00:00,3.3,3.8,1.0,104.25,1.0,104.25
2025-03-07 17:00:00,3.44,3.91,1.0,104.25,1.0,104.25
2025-03-07 18:00:00,3.64,4.07,1.0,104.25,1.0,104.25
2025-03-07 19:00:00,4.01,4.44,1.0,104.25,1.0,104.25
2025-03-07 20:00:00,4.5,5.04,1.0,104.25,1.0,104.25
2025-03-07 21:00:00,4.66,5.23,1.0,104.25,1.0,104.25
2025-03-07 22:00:00,4.65,5.3,1.0,104.25,1.0,104.25
2025-03-07 23:00:00,4.48,5.05,1.0,104.25,1.0,104.25
2025-03-08 00:00:00,4.78,5.35,1.0,104.25,1.0,104.25
2025-03-08 01:00:00,5.1,5.66,1.0,104.25,1.0,104.25
2025-03-08 02:00:00,5.84,6.51,1.0,104.25,1.0,104.25
2025-03-08 03:00:00,6.06,6.84,1.0,104.25,1.0,104.25
2025-03-08 04:00:00,6.17,6.93,1.0,104.25,1.0,104.25
2025-03-08 05:00:00,6.57,7.39,1.0,104.25,1.0,104.25
2025-03-08 06:00:00,6.76,7.65,1.0,104.25,1.0,104.25
2025-03-08 07:00:00,6.63,7.57,1.0,104.25,1.0,104.25
2025-03-08 08:00:00,6.59,7.5,1.0,104.25,1.0,104.25
2025-03-08 09:00:00,6.14,6.93,1.0,104.25,1.0,104.25
2025-03-08 10:00:00,6.88,7.71,1.0,104.25,1.0,104.25
2025-03-08 11:00:00,7.21,8.24,1.0,104.25,1.0,104.25
2025-03-08 12:00:00,6.89,8.03,1.0,104.25,1.0,104.25
2025-03-08 13:00:00,7.09,8.19,1.0,104.25,1.0,104.25
2025-03-08 14:00:00,7.67,9.06,1.0,104.25,1.0,104.25
2025-03-08 15:00:00,7.61,9.0,1.0,104.25,1.0,104.25
2025-03-08 16:00:00,7.29,8.66,1.0,104.25,1.0,104.25
2025-03-08 17:00:00,7.01,8.24,1.0,104.25,1.0,104.25
2025-03-08 18:00:00,7.08,8.35,1.0,104.25,1.0,104.25
2025-03-08 19:00:00,6.85,8.02,1.0,104.25,1.0,104.25
2025-03-08 20:00:00,6.66,7.76,1.0,104.25,1.0,104.25
2025-03-08 21:00:00,6.34,7.41,1.0,104.25,1.0,104.25
2025-03-08 22:00:00,5.5,6.45,1.0,104.25,1.0,104.25
2025-03-08 23:00:00,5.41,6.37,1.0,104.25,1.0,104.25
2025-03-09 00:00:00,4.97,5.79,1.0,104.25,1.0,104.25
2025-03-09 01:00:00,4.78,5.31,1.0,104.25,1.0,104.25
2025-03-09 02:00:00,4.86,5.4,1.0,104.25,1.0,104.25
2025-03-09 03:00:00,4.49,4.96,1.0,104.25,1.0,104.25
2025-03-09 04:00:00,4.18,4.57,1.0,104.25,1.0,104.25
2025-03-09 05:00:00,4.49,4.79,1.0,104.25,1.0,104.25
2025-03-09 06:00:00,5.08,5.57,1.0,104.25,1.0,104.25
2025-03-09 07:00:00,5.1,5.57,1.0,104.25,1.0,104.25
2025-03-09 08:00:00,5.23,5.73,1.0,104.25,1.0,104.25
2025-03-09 09:00:00,5.65,6.25,1.0,104.25,1.0,104.25
2025-03-09 10:00:00,5.15,5.73,1.0,104.25,1.0,104.25
2025-03-09 11:00:00,3.74,4.16,1.0,104.25,1.0,104.25
2025-03-09 12:00:00,3.62,4.03,1.0,104.25,1.0,104.25
2025-03-09 13:00:00,3.95,4.5,1.0,104.25,1.0,104.25
2025-03-09 14:00:00,4.3,4.9,1.0,104.25,1.0,104.25
2025-03-09 15:00:00,5.27,5.97,1.0,104.25,1.0,104.25
2025-03-09 16:00:00,6.04,6.9,1.0,104.25,1.0,104.25
2025-03-09 17:00:00,6.28,7.25,1.0,104.25,1.0,104.25
2025-03-09 18:00:00,6.52,7.49,1.0,104.25,1.0,104.25
2025-03-09 19:00:00,6.73,7.76,1.0,104.25,1.0,104.25
2025-03-09 20:00:00,6.47,7.45,1.0,104.25,1.0,104.25
2025-03-09 21:00:00,5.85,6.72,1.0,104.25,1.0,104.25
2025-03-09 22:00:00,6.6,7.63,1.0,104.25,1.0,104.25
2025-03-09 23:00:00,6.32,7.3,1.0,104.25,1.0,104.25
2025-03-10 00:00:00,6.02,6.89,1.0,104.25,1.0,104.25
2025-03-10 01:00:00,5.78,6.57,1.0,104.25,1.0,104.25
2025-03-10 02:00:00,5.89,6.67,1.0,104.25,1.0,104.25
2025-03-10 03:00:00,5.26,5.94,1.0,104.25,1.0,104.25
2025-03-10 04:00:00,4.4,4.96,1.0,104.25,1.0,104.25
2025-03-10 05:00:00,5.18,5.79,1.0,104.25,1.0,104.25
2025-03-10 06:00:00,6.26,7.04,1.0,104.25,1.0,104.25
2025-03-10 07:00:00,6.86,7.81,1.0,104.25,1.0,104.25
2025-03-10 08:00:00,6.81,7.78,1.0,104.25,1.0,104.25
2025-03-10 09:00:00,6.84,7.73,1.0,104.25,1.0,104.25
2025-03-10 10:00:00,5.84,6.66,1.0,104.25,1.0,104.25
2025-03-10 11:00:00,6.44,7.33,1.0,104.25,1.0,104.25
2025-03-10 12:00:00,6.52,7.52,1.0,104.25,1.0,104.25
2025-03-10 13:00:00,6.29,7.22,1.0,104.25,1.0,104.25
2025-03-10 14:00:00,5.99,6.82,1.0,104.25,1.0,104.25
2025-03-10 15:00:00,6.17,7.0,1.0,104.25,1.0,104.25
2025-03-10 16:00:00,6.43,7.28,1.0,104.25,1.0,104.25
2025-03-10 17:00:00,6.31,7.13,1.0,104.25,1.0,104.25
2025-03-10 18:00:00,5.85,6.7,1.0,104.25,1.0,104.25
2025-03-10 19:00:00,5.4,6.04,1.0,104.25,1.0,104.25
2025-03-10 20:00:00,4.85,5.46,1.0,104.25,1.0,104.25
2025-03-10 21:00:00,4.88,5.53,1.0,104.25,1.0,104.25
2025-03-10 22:00:00,5.21,5.78,1.0,104.25,1.0,104.25
2025-03-10 23:00:00,5.56,6.24,1.0,104.25,1.0,104.25
2025-03-11 00:00:00,5.83,6.54,1.0,104.25,1.0,104.25
2025-03-11 01:00:00,5.21,5.82,1.0,104.25,1.0,104.25
2025-03-11 02:00:00,5.58,6.15,1.0,104.25,1.0,104.25
2025-03-11 03:00:00,5.11,5.61,1.0,104.25,1.0,104.25
2025-03-11 04:00:00,4.3,4.65,1.0,104.25,1.0,104.25
2025-03-11 05:00:00,4.28,4.6,1.0,104.25,1.0,104.25
2025-03-11 06:00:00,4.83,5.25,1.0,104.25,1.0,104.25
2025-03-11 07:00:00,4.89,5.38,1.0,104.25,1.0,104.25
2025-03-11 08:00:00,4.97,5.44,1.0,104.25,1.0,104.25
2025-03-11 09:00:00,5.3,5.84,1.0,104.25,1.0,104.25
2025-03-11 10:00:00,6.15,6.93,1.0,104.25,1.0,104.25
2025-03-11 11:00:00,6.49,7.4,1.0,104.25,1.0,104.25
2025-03-11 12:00:00,6.47,7.45,1.0,104.25,1.0,104.25
2025-03-11 13:00:00,6.29,7.22,1.0,104.25,1.0,104.25
2025-03-11 14:00:00,6.37,7.31,1.0,104.25,1.0,104.25
2025-03-11 15:00:00,5.77,6.58,1.0,104.25,1.0,104.25
2025-03-11 16:00:00,5.75,6.58,1.0,104.25,1.0,104.25
2025-03-11 17:00:00,6.01,6.81,1.0,104.25,1.0,104.25
2025-03-11 18:00:00,4.93,5.53,1.0,104.25,1.0,104.25
2025-03-11 19:00:00,5.07,5.69,1.0,104.25,1.0,104.25
2025-03-11 20:00:00,5.57,6.29,1.0,104.25,1.0,104.25
2025-03-11 21:00:00,6.08,6.86,1.0,104.25,1.0,104.25
2025-03-11 22:00:00,5.23,5.91,1.0,104.25,1.0,104.25
2025-03-11 23:00:00,4.84,5.46,1.0,104.25,1.0,104.25
2025-03-12 00:00:00,4.01,4.51,1.0,104.25,1.0,104.25
2025-03-12 01:00:00,3.49,3.87,1.0,104.25,1.0,104.25
2025-03-12 02:00:00,3.29,3.57,1.0,104.25,1.0,104.25
2025-03-12 03:00:00,2.86,3.11,1.0,104.25,1.0,104.25
2025-03-12 04:00:00,2.66,2.89,1.0,104.25,1.0,104.25
2025-03-12 05:00:00,2.57,2.82,1.0,104.25,1.0,104.25
2025-03-12 06:00:00,3.62,3.94,1.0,104.25,1.0,104.25
2025-03-12 07:00:00,4.91,5.34,1.0,104.25,1.0,104.25
2025-03-12 08:00:00,5.55,6.02,1.0,104.25,1.0,104.25
2025-03-12 09:00:00,5.55,6.09,1.0,104.25,1.0,104.25
2025-03-12 10:00:00,6.03,6.74,1.0,104.25,1.0,104.25
2025-03-12 11:00:00,6.1,6.98,1.0,104.25,1.0,104.25
2025-03-12 12:00:00,5.88,6.69,1.0,104.25,1.0,104.25
2025-03-12 13:00:00,5.4,6.11,1.0,104.25,1.0,104.25
2025-03-12 14:00:00,5.22,5.89,1.0,104.25,1.0,104.25
2025-03-12 15:00:00,4.95,5.59,1.0,104.25,1.0,104.25
2025-03-12 16:00:00,4.1,4.6,1.0,104.25,1.0,104.25
2025-03-12 17:00:00,3.18,3.57,1.0,104.25,1.0,104.25
2025-03-12 18:00:00,2.6,2.84,1.0,104.25,1.0,104.25
2025-03-12 19:00:00,2.74,3.01,1.0,104.25,1.0,104.25
2025-03-12 20:00:00,2.43,2.7,1.0,104.25,1.0,104.25
2025-03-12 21:00:00,1.03,1.23,1.0,104.25,1.0,104.25
2025-03-12 22:00:00,0.79,0.95,1.0,104.25,1.0,104.25
2025-03-12 23:00:00,1.78,1.94,1.0,104.25,1.0,104.25
2025-03-13 00:00:00,2.56,2.72,1.0,104.25,1.0,104.25
2025-03-13 01:00:00,2.93,3.14,1.0,104.25,1.0,104.25
2025-03-13 02:00:00,2.52,2.7,1.0,104.25,1.0,104.25
2025-03-13 03:00:00,1.48,1.68,1.0,104.25,1.0,104.25
2025-03-13 04:00:00,0.89,0.99,1.0,104.25,1.0,104.25
2025-03-13 05:00:00,0.9,0.98,1.0,104.25,1.0,104.25
2025-03-13 06:00:00,1.35,1.45,1.0,104.25,1.0,104.25
2025-03-13 07:00:00,1.85,1.95,1.0,104.25,1.0,104.25
2025-03-13 08:00:00,2.82,3.04,1.0,104.25,1.0,104.25
2025-03-13 09:00:00,3.64,3.89,1.0,104.25,1.0,104.25
2025-03-13 10:00:00,4.45,4.9,1.0,104.25,1.0,104.25
2025-03-13 11:00:00,4.39,5.06,1.0,104.25,1.0,104.25
2025-03-13 12:00:00,4.4,5.1,1.0,104.25,1.0,104.25
2025-03-13 13:00:00,4.31,4.99,1.0,104.25,1.0,104.25
2025-03-13 14:00:00,4.47,5.08,1.0,104.25,1.0,104.25
2025-03-13 15:00:00,4.43,5.01,1.0,104.25,1.0,104.25
2025-03-13 16:00:00,3.96,4.42,1.0,104.25,1.0,104.25
2025-03-13 17:00:00,4.05,4.51,1.0,104.25,1.0,104.25
2025-03-13 18:00:00,4.08,4.58,1.0,104.25,1.0,104.25
2025-03-13 19:00:00,4.11,4.62,1.0,104.25,1.0,104.25
2025-03-13 20:00:00,4.84,5.34,1.0,104.25,1.0,104.25
2025-03-13 21:00:00,5.45,5.98,1.0,104.25,1.0,104.25
2025-03-13 22:00:00,6.02,6.76,1.0,104.25,1.0,104.25
2025-03-13 23:00:00,6.21,7.0,1.0,104.25,1.0,104.25
2025-03-14 00:00:00,6.21,6.95,1.0,104.25,1.0,104.25
2025-03-14 01:00:00,5.41,6.08,1.0,104.25,1.0,104.25
2025-03-14 02:00:00,4.95,5.51,1.0,104.25,1.0,104.25
2025-03-14 03:00:00,4.52,5.04,1.0,104.25,1.0,104.25
2025-03-14 04:00:00,3.81,4.28,1.0,104.25,1.0,104.25
2025-03-14 05:00:00,3.45,3.81,1.0,104.25,1.0,104.25
2025-03-14 06:00:00,4.38,4.88,1.0,104.25,1.0,104.25
2025-03-14 07:00:00,5.22,5.84,1.0,104.25,1.0,104.25
2025-03-14 08:00:00,5.14,5.79,1.0,104.25,1.0,104.25
2025-03-14 09:00:00,4.48,4.99,1.0,104.25,1.0,104.25
2025-03-14 10:00:00,3.38,3.87,1.0,104.25,1.0,104.25
2025-03-14 11:00:00,3.36,3.86,1.0,104.25,1.0,104.25
2025-03-14 12:00:00,4.36,4.96,1.0,104.25,1.0,104.25
2025-03-14 13:00:00,5.1,5.77,1.0,104.25,1.0,104.25
2025-03-14 14:00:00,4.69,5.34,1.0,104.25,1.0,104.25
2025-03-14 15:00:00,3.72,4.29,1.0,104.25,1.0,104.25
2025-03-14 16:00:00,2.18,2.58,1.0,104.25,1.0,104.25
2025-03-14 17:00:00,1.61,1.85,1.0,104.25,1.0,104.25
2025-03-14 18:00:00,1.9,2.15,1.0,104.25,1.0,104.25
2025-03-14 19:00:00,1.61,1.83,1.0,104.25,1.0,104.25
2025-03-14 20:00:00,1.23,1.41,1.0,104.25,1.0,104.25
2025-03-14 21:00:00,1.26,1.39,1.0,104.25,1.0,104.25
2025-03-14 22:00:00,2.38,2.56,1.0,104.25,1.0,104.25
2025-03-14 23:00:00,2.97,3.25,1.0,104.25,1.0,104.25
2025-03-15 00:00:00,3.41,3.76,1.0,104.25,1.0,104.25
2025-03-15 01:00:00,4.14,4.6,1.0,104.25,1.0,104.25
2025-03-15 02:00:00,4.46,4.95,1.0,104.25,1.0,104.25
2025-03-15 03:00:00,4.63,5.16,1.0,104.25,1.0,104.25
2025-03-15 04:00:00,4.24,4.67,1.0,104.25,1.0,104.25
2025-03-15 05:00:00,3.47,3.75,1.0,104.25,1.0,104.25
2025-03-15 06:00:00,3.15,3.4,1.0,104.25,1.0,104.25
2025-03-15 07:00:00,2.77,2.92,1.0,104.25,1.0,104.25
2025-03-15 08:00:00,3.37,3.63,1.0,104.25,1.0,104.25
2025-03-15 09:00:00,3.22,3.44,1.0,104.25,1.0,104.25
2025-03-15 10:00:00,2.97,3.08,1.0,104.25,1.0,104.25
2025-03-15 11:00:00,2.62,2.8,1.0,104.25,1.0,104.25
2025-03-15 12:00:00,2.59,2.77,1.0,104.25,1.0,104.25
2025-03-15 13:00:00,3.13,3.43,1.0,104.25,1.0,104.25
2025-03-15 14:00:00,2.55,2.75,1.0,104.25,1.0,104.25
2025-03-15 15:00:00,2.41,2.62,1.0,104.25,1.0,104.25
2025-03-15 16:00:00,1.99,2.14,1.0,104.25,1.0,104.25
2025-03-15 17:00:00,2.15,2.31,1.0,104.25,1.0,104.25
2025-03-15 18:00:00,2.33,2.56,1.0,104.25,1.0,104.25
2025-03-15 19:00:00,2.75,2.97,1.0,104.25,1.0,104.25
2025-03-15 20:00:00,3.0,3.24,1.0,104.25,1.0,104.25
2025-03-15 21:00:00,3.45,3.67,1.0,104.25,1.0,104.25
2025-03-15 22:00:00,2.97,3.28,1.0,104.25,1.0,104.25
2025-03-15 23:00:00,2.84,3.09,1.0,104.25,1.0,104.25
2025-03-16 00:00:00,3.09,3.34,1.0,104.25,1.0,104.25
2025-03-16 01:00:00,3.18,3.45,1.0,104.25,1.0,104.25
2025-03-16 02:00:00,3.29,3.56,1.0,104.25,1.0,104.25
2025-03-16 03:00:00,3.56,3.85,1.0,104.25,1.0,104.25
2025-03-16 04:00:00,3.35,3.57,1.0,104.25,1.0,104.25
2025-03-16 05:00:00,4.16,4.46,1.0,104.25,1.0,104.25
2025-03-16 06:00:00,4.65,5.08,1.0,104.25,1.0,104.25
2025-03-16 07:00:00,5.6,6.14,1.0,104.25,1.0,104.25
2025-03-16 08:00:00,6.07,6.72,1.0,104.25,1.0,104.25
2025-03-16 09:00:00,6.09,6.74,1.0,104.25,1.0,104.25
2025-03-16 10:00:00,6.54,7.44,1.0,104.25,1.0,104.25
2025-03-16 11:00:00,6.12,6.96,1.0,104.25,1.0,104.25
2025-03-16 12:00:00,5.62,6.43,1.0,104.25,1.0,104.25
2025-03-16 13:00:00,5.59,6.37,1.0,104.25,1.0,104.25
2025-03-16 14:00:00,5.1,5.81,1.0,104.25,1.0,104.25
2025-03-16 15:00:00,5.12,5.84,1.0,104.25,1.0,104.25
2025-03-16 16:00:00,5.26,6.02,1.0,104.25,1.0,104.25
2025-03-16 17:00:00,5.95,6.72,1.0,104.25,1.0,104.25
2025-03-16 18:00:00,5.23,6.08,1.0,104.25,1.0,104.25
2025-03-16 19:00:00,5.33,6.03,1.0,104.25,1.0,104.25
2025-03-16 20:00:00,5.17,5.85,1.0,104.25,1.0,104.25
2025-03-16 21:00:00,5.23,5.97,1.0,104.25,1.0,104.25
2025-03-16 22:00:00,5.67,6.41,1.0,104.25,1.0,104.25
2025-03-16 23:00:00,6.39,7.33,1.0,104.25,1.0,104.25
2025-03-17 00:00:00,5.97,6.84,1.0,104.25,1.0,104.25
2025-03-17 01:00:00,5.46,6.17,1.0,104.25,1.0,104.25
2025-03-17 02:00:00,5.11,5.76,1.0,104.25,1.0,104.25
2025-03-17 03:00:00,4.65,5.15,1.0,104.25,1.0,104.25
2025-03-17 04:00:00,4.35,4.8,1.0,104.25,1.0,104.25
2025-03-17 05:00:00,4.2,4.65,1.0,104.25,1.0,104.25
2025-03-17 06:00:00,4.28,4.69,1.0,104.25,1.0,104.25
2025-03-17 07:00:00,4.69,5.2,1.0,104.25,1.0,104.25
2025-03-17 08:00:00,5.47,6.09,1.0,104.25,1.0,104.25
2025-03-17 09:00:00,6.23,6.91,1.0,104.25,1.0,104.25
2025-03-17 10:00:00,5.7,6.36,1.0,104.25,1.0,104.25
2025-03-17 11:00:00,5.89,6.7,1.0,104.25,1.0,104.25
2025-03-17 12:00:00,6.96,8.02,1.0,104.25,1.0,104.25
2025-03-17 13:00:00,7.48,8.66,1.0,104.25,1.0,104.25
2025-03-17 14:00:00,6.71,7.8,1.0,104.25,1.0,104.25
2025-03-17 15:00:00,6.08,7.06,1.0,104.25,1.0,104.25
2025-03-17 16:00:00,6.13,7.1,1.0,104.25,1.0,104.25
2025-03-17 17:00:00,6.54,7.6,1.0,104.25,1.0,104.25
2025-03-17 18:00:00,6.91,7.97,1.0,104.25,1.0,104.25
2025-03-17 19:00:00,7.31,8.41,1.0,104.25,1.0,104.25
2025-03-17 20:00:00,7.61,8.82,1.0,104.25,1.0,104.25
2025-03-17 21:00:00,7.56,8.76,1.0,104.25,1.0,104.25
2025-03-17 22:00:00,6.75,7.66,1.0,104.25,1.0,104.25
2025-03-17 23:00:00,6.79,7.74,1.0,104.25,1.0,104.25
2025-03-18 00:00:00,6.7,7.6,1.0,104.25,1.0,104.25
2025-03-18 01:00:00,6.46,7.27,1.0,104.25,1.0,104.25
2025-03-18 02:00:00,6.58,7.34,1.0,104.25,1.0,104.25
2025-03-18 03:00:00,6.32,7.09,1.0,104.25,1.0,104.25
2025-03-18 04:00:00,6.65,7.4,1.0,104.25,1.0,104.25
2025-03-18 05:00:00,6.9,7.7,1.0,104.25,1.0,104.25
2025-03-18 06:00:00,7.17,8.09,1.0,104.25,1.0,104.25
2025-03-18 07:00:00,7.53,8.5,1.0,104.25,1.0,104.25
2025-03-18 08:00:00,8.25,9.41,1.0,104.25,1.0,104.25
2025-03-18 09:00:00,8.63,9.94,1.0,104.25,1.0,104.25
2025-03-18 10:00:00,7.42,8.48,1.0,104.25,1.0,104.25
2025-03-18 11:00:00,7.8,8.93,1.0,104.25,1.0,104.25
2025-03-18 12:00:00,7.63,8.75,1.0,104.25,1.0,104.25
2025-03-18 13:00:00,7.57,8.64,1.0,104.25,1.0,104.25
2025-03-18 14:00:00,7.35,8.36,1.0,104.25,1.0,104.25
2025-03-18 15:00:00,6.8,7.8,1.0,104.25,1.0,104.25
2025-03-18 16:00:00,6.77,7.68,1.0,104.25,1.0,104.25
2025-03-18 17:00:00,7.0,7.96,1.0,104.25,1.0,104.25
2025-03-18 18:00:00,7.09,8.05,1.0,104.25,1.0,104.25
2025-03-18 19:00:00,6.94,7.86,1.0,104.25,1.0,104.25
2025-03-18 20:00:00,6.6,7.41,1.0,104.25,1.0,104.25
2025-03-18 21:00:00,6.61,7.42,1.0,104.25,1.0,104.25
2025-03-18 22:00:00,7.75,8.95,1.0,104.25,1.0,104.25
2025-03-18 23:00:00,7.41,8.56,1.0,104.25,1.0,104.25
2025-03-19 00:00:00,7.1,8.2,1.0,104.25,1.0,104.25
2025-03-19 01:00:00,7.4,8.45,1.0,104.25,1.0,104.25
2025-03-19 02:00:00,7.44,8.5,1.0,104.25,1.0,104.25
2025-03-19 03:00:00,7.16,8.16,1.0,104.25,1.0,104.25
2025-03-19 04:00:00,7.19,8.18,1.0,104.25,1.0,104.25
2025-03-19 05:00:00,7.13,8.08,1.0,104.25,1.0,104.25
2025-03-19 06:00:00,7.26,8.19,1.0,104.25,1.0,104.25
2025-03-19 07:00:00,6.51,7.35,1.0,104.25,1.0,104.25
2025-03-19 08:00:00,6.63,7.51,1.0,104.25,1.0,104.25
2025-03-19 09:00:00,7.05,7.94,1.0,104.25,1.0,104.25
2025-03-19 10:00:00,6.14,6.93,1.0,104.25,1.0,104.25
2025-03-19 11:00:00,6.25,7.05,1.0,104.25,1.0,104.25
2025-03-19 12:00:00,5.71,6.32,1.0,104.25,1.0,104.25
2025-03-19 13:00:00,5.37,5.91,1.0,104.25,1.0,104.25
2025-03-19 14:00:00,5.15,5.8,1.0,104.25,1.0,104.25
2025-03-19 15:00:00,6.27,7.13,1.0,104.25,1.0,104.25
2025-03-19 16:00:00,7.36,8.35,1.0,104.25,1.0,104.25
2025-03-19 17:00:00,7.57,8.53,1.0,104.25,1.0,104.25
2025-03-19 18:00:00,7.48,8.48,1.0,104.25,1.0,104.25
2025-03-19 19:00:00,7.82,8.88,1.0,104.25,1.0,104.25
2025-03-19 20:00:00,8.0,9.15,1.0,104.25,1.0,104.25
2025-03-19 21:00:00,7.65,8.79,1.0,104.25,1.0,104.25
2025-03-19 22:00:00,7.25,8.17,1.0,104.25,1.0,104.25
2025-03-19 23:00:00,6.64,7.46,1.0,104.25,1.0,104.25
2025-03-20 00:00:00,5.59,6.26,1.0,104.25,1.0,104.25
2025-03-20 01:00:00,4.29,4.67,1.0,104.25,1.0,104.25
2025-03-20 02:00:00,4.51,5.01,1.0,104.25,1.0,104.25
2025-03-20 03:00:00,5.65,6.23,1.0,104.25,1.0,104.25
2025-03-20 04:00:00,6.31,6.9,1.0,104.25,1.0,104.25
2025-03-20 05:00:00,5.96,6.58,1.0,104.25,1.0,104.25
2025-03-20 06:00:00,6.19,6.8,1.0,104.25,1.0,104.25
2025-03-20 07:00:00,6.63,7.33,1.0,104.25,1.0,104.25
2025-03-20 08:00:00,7.05,7.85,1.0,104.25,1.0,104.25
2025-03-20 09:00:00,7.55,8.56,1.0,104.25,1.0,104.25
2025-03-20 10:00:00,9.53,11.1,1.0,104.25,1.0,104.25
2025-03-20 11:00:00,8.6,10.12,1.0,104.25,1.0,104.25
2025-03-20 12:00:00,8.8,10.28,1.0,104.25,1.0,104.25
2025-03-20 13:00:00,9.51,11.19,1.0,104.25,1.0,104.25
2025-03-20 14:00:00,9.5,11.3,1.0,104.25,1.0,104.25
2025-03-20 15:00:00,9.23,10.96,1.0,104.25,1.0,104.25
2025-03-20 16:00:00,9.12,10.79,1.0,104.25,1.0,104.25
2025-03-20 17:00:00,8.75,10.35,1.0,104.25,1.0,104.25
2025-03-20 18:00:00,8.63,10.19,1.0,104.25,1.0,104.25
2025-03-20 19:00:00,8.25,9.61,1.0,104.25,1.0,104.25
2025-03-20 20:00:00,7.97,9.27,1.0,104.25,1.0,104.25
2025-03-20 21:00:00,7.62,8.92,1.0,104.25,1.0,104.25
2025-03-20 22:00:00,7.48,8.59,1.0,104.25,1.0,104.25
2025-03-20 23:00:00,8.34,9.62,1.0,104.25,1.0,104.25
2025-03-21 00:00:00,9.08,10.51,1.0,104.25,1.0,104.25
2025-03-21 01:00:00,8.03,9.43,1.0,104.25,1.0,104.25
2025-03-21 02:00:00,7.33,8.49,1.0,104.25,1.0,104.25
2025-03-21 03:00:00,7.88,9.03,1.0,104.25,1.0,104.25
2025-03-21 04:00:00,8.18,9.35,1.0,104.25,1.0,104.25
2025-03-21 05:00:00,8.06,9.2,1.0,104.25,1.0,104.25
2025-03-21 06:00:00,8.18,9.42,1.0,104.25,1.0,104.25
2025-03-21 07:00:00,8.46,9.71,1.0,104.25,1.0,104.25
2025-03-21 08:00:00,8.53,9.83,1.0,104.25,1.0,104.25
2025-03-21 09:00:00,8.68,10.09,1.0,104.25,1.0,104.25
2025-03-21 10:00:00,8.32,9.67,1.0,104.25,1.0,104.25
2025-03-21 11:00:00,8.38,9.89,1.0,104.25,1.0,104.25
2025-03-21 12:00:00,7.56,8.94,1.0,104.25,1.0,104.25
2025-03-21 13:00:00,7.13,8.4,1.0,104.25,1.0,104.25
2025-03-21 14:00:00,7.22,8.47,1.0,104.25,1.0,104.25
2025-03-21 15:00:00,6.36,7.48,1.0,104.25,1.0,104.25
2025-03-21 16:00:00,7.24,8.33,1.0,104.25,1.0,104.25
2025-03-21 17:00:00,7.04,8.18,1.0,104.25,1.0,104.25
2025-03-21 18:00:00,6.58,7.59,1.0,104.25,1.0,104.25
2025-03-21 19:00:00,8.02,9.24,1.0,104.25,1.0,104.25
2025-03-21 20:00:00,7.72,8.93,1.0,104.25,1.0,104.25
2025-03-21 21:00:00,7.46,8.54,1.0,104.25,1.0,104.25
2025-03-21 22:00:00,6.03,6.9,1.0,104.25,1.0,104.25
2025-03-21 23:00:00,6.49,7.37,1.0,104.25,1.0,104.25
2025-03-22 00:00:00,5.94,6.62,1.0,104.25,1.0,104.25
2025-03-22 01:00:00,6.48,7.33,1.0,104.25,1.0,104.25
2025-03-22 02:00:00,5.3,6.02,1.0,104.25,1.0,104.25
2025-03-22 03:00:00,4.78,5.34,1.0,104.25,1.0,104.25
2025-03-22 04:00:00,4.8,5.32,1.0,104.25,1.0,104.25
2025-03-22 05:00:00,5.7,6.35,1.0,104.25,1.0,104.25
2025-03-22 06:00:00,6.35,7.14,1.0,104.25,1.0,104.25
2025-03-22 07:00:00,6.58,7.45,1.0,104.25,1.0,104.25
2025-03-22 08:00:00,6.46,7.36,1.0,104.25,1.0,104.25
2025-03-22 09:00:00,6.14,6.94,1.0,104.25,1.0,104.25
2025-03-22 10:00:00,4.52,5.23,1.0,104.25,1.0,104.25
2025-03-22 11:00:00,5.44,6.25,1.0,104.25,1.0,104.25
2025-03-22 12:00:00,6.0,6.82,1.0,104.25,1.0,104.25
2025-03-22 13:00:00,6.43,7.39,1.0,104.25,1.0,104.25
2025-03-22 14:00:00,5.19,5.89,1.0,104.25,1.0,104.25
2025-03-22 15:00:00,4.36,5.08,1.0,104.25,1.0,104.25
2025-03-22 16:00:00,4.96,5.47,1.0,104.25,1.0,104.25
2025-03-22 17:00:00,5.07,5.62,1.0,104.25,1.0,104.25
2025-03-22 18:00:00,4.94,5.54,1.0,104.25,1.0,104.25
2025-03-22 19:00:00,5.68,6.27,1.0,104.25,1.0,104.25
2025-03-22 20:00:00,6.99,7.83,1.0,104.25,1.0,104.25
2025-03-22 21:00:00,8.21,9.26,1.0,104.25,1.0,104.25
2025-03-22 22:00:00,7.42,8.27,1.0,104.25,1.0,104.25
2025-03-22 23:00:00,8.1,9.12,1.0,104.25,1.0,104.25
2025-03-23 00:00:00,7.88,9.04,1.0,104.25,1.0,104.25
2025-03-23 01:00:00,7.59,8.67,1.0,104.25,1.0,104.25
2025-03-23 02:00:00,6.01,6.82,1.0,104.25,1.0,104.25
2025-03-23 03:00:00,5.31,5.86,1.0,104.25,1.0,104.25
2025-03-23 04:00:00,4.56,4.91,1.0,104.25,1.0,104.25
2025-03-23 05:00:00,4.4,4.71,1.0,104.25,1.0,104.25
2025-03-23 06:00:00,4.33,4.6,1.0,104.25,1.0,104.25
2025-03-23 07:00:00,4.24,4.6,1.0,104.25,1.0,104.25
2025-03-23 08:00:00,4.29,4.7,1.0,104.25,1.0,104.25
2025-03-23 09:00:00,4.76,5.24,1.0,104.25,1.0,104.25
2025-03-23 10:00:00,5.39,6.08,1.0,104.25,1.0,104.25
2025-03-23 11:00:00,5.88,6.72,1.0,104.25,1.0,104.25
2025-03-23 12:00:00,5.23,6.06,1.0,104.25,1.0,104.25
2025-03-23 13:00:00,4.29,5.11,1.0,104.25,1.0,104.25
2025-03-23 14:00:00,3.85,4.51,1.0,104.25,1.0,104.25
2025-03-23 15:00:00,4.74,5.28,1.0,104.25,1.0,104.25
2025-03-23 16:00:00,4.7,5.2,1.0,104.25,1.0,104.25
2025-03-23 17:00:00,4.71,5.21,1.0,104.25,1.0,104.25
2025-03-23 18:00:00,4.8,5.35,1.0,104.25,1.0,104.25
2025-03-23 19:00:00,5.82,6.48,1.0,104.25,1.0,104.25
2025-03-23 20:00:00,6.67,7.56,1.0,104.25,1.0,104.25
2025-03-23 21:00:00,7.14,8.17,1.0,104.25,1.0,104.25
2025-03-23 22:00:00,7.37,8.34,1.0,104.25,1.0,104.25
2025-03-23 23:00:00,8.29,9.53,1.0,104.25,1.0,104.25
2025-03-24 00:00:00,8.3,9.79,1.0,104.25,1.0,104.25
2025-03-24 01:00:00,7.72,8.96,1.0,104.25,1.0,104.25
2025-03-24 02:00:00,6.89,7.78,1.0,104.25,1.0,104.25
2025-03-24 03:00:00,5.96,6.68,1.0,104.25,1.0,104.25
2025-03-24 04:00:00,5.98,6.65,1.0,104.25,1.0,104.25
2025-03-24 05:00:00,6.58,7.31,1.0,104.25,1.0,104.25
2025-03-24 06:00:00,6.61,7.4,1.0,104.25,1.0,104.25
2025-03-24 07:00:00,6.68,7.46,1.0,104.25,1.0,104.25
2025-03-24 08:00:00,6.46,7.23,1.0,104.25,1.0,104.25
2025-03-24 09:00:00,6.15,6.89,1.0,104.25,1.0,104.25
2025-03-24 10:00:00,6.18,6.9,1.0,104.25,1.0,104.25
2025-03-24 11:00:00,6.06,6.86,1.0,104.25,1.0,104.25
2025-03-24 12:00:00,5.5,6.28,1.0,104.25,1.0,104.25
2025-03-24 13:00:00,4.96,5.68,1.0,104.25,1.0,104.25
2025-03-24 14:00:00,4.79,5.42,1.0,104.25,1.0,104.25
2025-03-24 15:00:00,5.06,5.71,1.0,104.25,1.0,104.25
2025-03-24 16:00:00,5.49,6.21,1.0,104.25,1.0,104.25
2025-03-24 17:00:00,5.84,6.6,1.0,104.25,1.0,104.25
2025-03-24 18:00:00,6.35,7.2,1.0,104.25,1.0,104.25
2025-03-24 19:00:00,6.69,7.56,1.0,104.25,1.0,104.25
2025-03-24 20:00:00,7.0,7.96,1.0,104.25,1.0,104.25
2025-03-24 21:00:00,6.47,7.39,1.0,104.25,1.0,104.25
2025-03-24 22:00:00,6.42,7.25,1.0,104.25,1.0,104.25
2025-03-24 23:00:00,6.8,7.76,1.0,104.25,1.0,104.25
2025-03-25 00:00:00,6.34,7.21,1.0,104.25,1.0,104.25
2025-03-25 01:00:00,6.27,7.03,1.0,104.25,1.0,104.25
2025-03-25 02:00:00,5.71,6.34,1.0,104.25,1.0,104.25
2025-03-25 03:00:00,5.19,5.66,1.0,104.25,1.0,104.25
2025-03-25 04:00:00,5.02,5.47,1.0,104.25,1.0,104.25
2025-03-25 05:00:00,4.7,5.1,1.0,104.25,1.0,104.25
2025-03-25 06:00:00,4.51,4.86,1.0,104.25,1.0,104.25
2025-03-25 07:00:00,4.4,4.76,1.0,104.25,1.0,104.25
2025-03-25 08:00:00,4.5,4.88,1.0,104.25,1.0,104.25
2025-03-25 09:00:00,4.94,5.32,1.0,104.25,1.0,104.25
2025-03-25 10:00:00,5.17,5.7,1.0,104.25,1.0,104.25
2025-03-25 11:00:00,5.12,5.74,1.0,104.25,1.0,104.25
2025-03-25 12:00:00,5.13,5.75,1.0,104.25,1.0,104.25
2025-03-25 13:00:00,5.09,5.69,1.0,104.25,1.0,104.25
2025-03-25 14:00:00,4.81,5.39,1.0,104.25,1.0,104.25
2025-03-25 15:00:00,4.62,5.21,1.0,104.25,1.0,104.25
2025-03-25 16:00:00,4.88,5.48,1.0,104.25,1.0,104.25
2025-03-25 17:00:00,5.37,6.04,1.0,104.25,1.0,104.25
2025-03-25 18:00:00,5.17,5.82,1.0,104.25,1.0,104.25
2025-03-25 19:00:00,4.89,5.51,1.0,104.25,1.0,104.25
2025-03-25 20:00:00,4.93,5.5,1.0,104.25,1.0,104.25
2025-03-25 21:00:00,4.9,5.51,1.0,104.25,1.0,104.25
2025-03-25 22:00:00,5.21,5.82,1.0,104.25,1.0,104.25
2025-03-25 23:00:00,4.74,5.3,1.0,104.25,1.0,104.25
2025-03-26 00:00:00,4.8,5.27,1.0,104.25,1.0,104.25
2025-03-26 01:00:00,4.88,5.33,1.0,104.25,1.0,104.25
2025-03-26 02:00:00,5.24,5.68,1.0,104.25,1.0,104.25
2025-03-26 03:00:00,5.23,5.68,1.0,104.25,1.0,104.25
2025-03-26 04:00:00,5.23,5.71,1.0,104.25,1.0,104.25
2025-03-26 05:00:00,5.08,5.54,1.0,104.25,1.0,104.25
2025-03-26 06:00:00,4.69,5.09,1.0,104.25,1.0,104.25
2025-03-26 07:00:00,4.36,4.71,1.0,104.25,1.0,104.25
2025-03-26 08:00:00,4.32,4.63,1.0,104.25,1.0,104.25
2025-03-26 09:00:00,4.63,5.01,1.0,104.25,1.0,104.25
2025-03-26 10:00:00,4.57,4.89,1.0,104.25,1.0,104.25
2025-03-26 11:00:00,4.99,5.49,1.0,104.25,1.0,104.25
2025-03-26 12:00:00,4.88,5.38,1.0,104.25,1.0,104.25
2025-03-26 13:00:00,4.78,5.28,1.0,104.25,1.0,104.25
2025-03-26 14:00:00,5.25,5.85,1.0,104.25,1.0,104.25
2025-03-26 15:00:00,5.65,6.33,1.0,104.25,1.0,104.25
2025-03-26 16:00:00,5.38,6.06,1.0,104.25,1.0,104.25
2025-03-26 17:00:00,5.26,5.9,1.0,104.25,1.0,104.25
2025-03-26 18:00:00,5.12,5.72,1.0,104.25,1.0,104.25
2025-03-26 19:00:00,4.94,5.58,1.0,104.25,1.0,104.25
2025-03-26 20:00:00,4.85,5.45,1.0,104.25,1.0,104.25
2025-03-26 21:00:00,4.68,5.25,1.0,104.25,1.0,104.25
2025-03-26 22:00:00,4.08,4.58,1.0,104.25,1.0,104.25
2025-03-26 23:00:00,3.78,4.16,1.0,104.25,1.0,104.25
2025-03-27 00:00:00,3.67,4.03,1.0,104.25,1.0,104.25
2025-03-27 01:00:00,3.72,4.02,1.0,104.25,1.0,104.25
2025-03-27 02:00:00,4.03,4.38,1.0,104.25,1.0,104.25
2025-03-27 03:00:00,4.19,4.55,1.0,104.25,1.0,104.25
2025-03-27 04:00:00,4.36,4.73,1.0,104.25,1.0,104.25
2025-03-27 05:00:00,4.75,5.15,1.0,104.25,1.0,104.25
2025-03-27 06:00:00,4.64,5.05,1.0,104.25,1.0,104.25
2025-03-27 07:00:00,4.24,4.55,1.0,104.25,1.0,104.25
2025-03-27 08:00:00,3.99,4.22,1.0,104.25,1.0,104.25
2025-03-27 09:00:00,4.67,5.01,1.0,104.25,1.0,104.25
2025-03-27 10:00:00,4.75,5.29,1.0,104.25,1.0,104.25
2025-03-27 11:00:00,4.31,4.85,1.0,104.25,1.0,104.25
2025-03-27 12:00:00,3.7,4.12,1.0,104.25,1.0,104.25
2025-03-27 13:00:00,3.59,4.0,1.0,104.25,1.0,104.25
2025-03-27 14:00:00,3.34,3.64,1.0,104.25,1.0,104.25
2025-03-27 15:00:00,3.33,3.64,1.0,104.25,1.0,104.25
2025-03-27 16:00:00,2.55,2.83,1.0,104.25,1.0,104.25
2025-03-27 17:00:00,3.09,3.3,1.0,104.25,1.0,104.25
2025-03-27 18:00:00,3.33,3.76,1.0,104.25,1.0,104.25
2025-03-27 19:00:00,3.62,3.98,1.0,104.25,1.0,104.25
2025-03-27 20:00:00,4.18,4.63,1.0,104.25,1.0,104.25
2025-03-27 21:00:00,3.42,3.73,1.0,104.25,1.0,104.25
2025-03-27 22:00:00,4.43,4.99,1.0,104.25,1.0,104.25
2025-03-27 23:00:00,4.76,5.39,1.0,104.25,1.0,104.25
2025-03-28 00:00:00,5.06,5.72,1.0,104.25,1.0,104.25
2025-03-28 01:00:00,5.19,5.8,1.0,104.25,1.0,104.25
2025-03-28 02:00:00,4.2,4.65,1.0,104.25,1.0,104.25
2025-03-28 03:00:00,3.05,3.35,1.0,104.25,1.0,104.25
2025-03-28 04:00:00,3.14,3.44,1.0,104.25,1.0,104.25
2025-03-28 05:00:00,3.94,4.34,1.0,104.25,1.0,104.25
2025-03-28 06:00:00,5.12,5.72,1.0,104.25,1.0,104.25
2025-03-28 07:00:00,5.85,6.61,1.0,104.25,1.0,104.25
2025-03-28 08:00:00,6.59,7.5,1.0,104.25,1.0,104.25
2025-03-28 09:00:00,7.08,7.99,1.0,104.25,1.0,104.25
2025-03-28 10:00:00,4.85,5.61,1.0,104.25,1.0,104.25
2025-03-28 11:00:00,4.78,5.56,1.0,104.25,1.0,104.25
2025-03-28 12:00:00,5.02,5.84,1.0,104.25,1.0,104.25
2025-03-28 13:00:00,5.31,6.27,1.0,104.25,1.0,104.25
2025-03-28 14:00:00,4.82,5.7,1.0,104.25,1.0,104.25
2025-03-28 15:00:00,4.09,4.85,1.0,104.25,1.0,104.25
2025-03-28 16:00:00,3.37,3.98,1.0,104.25,1.0,104.25
2025-03-28 17:00:00,3.12,3.51,1.0,104.25,1.0,104.25
2025-03-28 18:00:00,3.34,3.76,1.0,104.25,1.0,104.25
2025-03-28 19:00:00,4.57,5.06,1.0,104.25,1.0,104.25
2025-03-28 20:00:00,5.16,5.66,1.0,104.25,1.0,104.25
2025-03-28 21:00:00,4.99,5.44,1.0,104.25,1.0,104.25
2025-03-28 22:00:00,3.4,3.75,1.0,104.25,1.0,104.25
2025-03-28 23:00:00,2.97,3.22,1.0,104.25,1.0,104.25
2025-03-29 00:00:00,1.82,1.96,1.0,104.25,1.0,104.25
2025-03-29 01:00:00,1.8,1.91,1.0,104.25,1.0,104.25
2025-03-29 02:00:00,1.51,1.61,1.0,104.25,1.0,104.25
2025-03-29 03:00:00,2.3,2.4,1.0,104.25,1.0,104.25
2025-03-29 04:00:00,2.7,2.8,1.0,104.25,1.0,104.25
2025-03-29 05:00:00,2.15,2.25,1.0,104.25,1.0,104.25
2025-03-29 06:00:00,1.88,1.98,1.0,104.25,1.0,104.25
2025-03-29 07:00:00,1.1,1.2,1.0,104.25,1.0,104.25
2025-03-29 08:00:00,1.45,1.5,1.0,104.25,1.0,104.25
2025-03-29 09:00:00,1.25,1.25,1.0,104.25,1.0,104.25
2025-03-29 10:00:00,2.16,2.33,1.0,104.25,1.0,104.25
2025-03-29 11:00:00,2.25,2.39,1.0,104.25,1.0,104.25
2025-03-29 12:00:00,3.01,3.26,1.0,104.25,1.0,104.25
2025-03-29 13:00:00,3.31,3.6,1.0,104.25,1.0,104.25
2025-03-29 14:00:00,3.27,3.63,1.0,104.25,1.0,104.25
2025-03-29 15:00:00,3.31,3.73,1.0,104.25,1.0,104.25
2025-03-29 16:00:00,2.86,3.36,1.0,104.25,1.0,104.25
2025-03-29 17:00:00,3.29,3.75,1.0,104.25,1.0,104.25
2025-03-29 18:00:00,3.76,4.26,1.0,104.25,1.0,104.25
2025-03-29 19:00:00,4.04,4.57,1.0,104.25,1.0,104.25
2025-03-29 20:00:00,4.42,4.95,1.0,104.25,1.0,104.25
2025-03-29 21:00:00,4.49,5.02,1.0,104.25,1.0,104.25
2025-03-29 22:00:00,4.24,4.84,1.0,104.25,1.0,104.25
2025-03-29 23:00:00,3.86,4.36,1.0,104.25,1.0,104.25
2025-03-30 00:00:00,2.98,3.26,1.0,104.25,1.0,104.25
2025-03-30 01:00:00,3.4,3.65,1.0,104.25,1.0,104.25
2025-03-30 02:00:00,4.01,4.33,1.0,104.25,1.0,104.25
2025-03-30 03:00:00,3.52,3.81,1.0,104.25,1.0,104.25
2025-03-30 04:00:00,2.48,2.69,1.0,104.25,1.0,104.25
2025-03-30 05:00:00,0.76,0.89,1.0,104.25,1.0,104.25
2025-03-30 06:00:00,0.74,0.92,1.0,104.25,1.0,104.25
2025-03-30 07:00:00,1.87,2.12,1.0,104.25,1.0,104.25
2025-03-30 08:00:00,2.42,2.62,1.0,104.25,1.0,104.25
2025-03-30 09:00:00,3.05,3.3,1.0,104.25,1.0,104.25
2025-03-30 10:00:00,4.08,4.44,1.0,104.25,1.0,104.25
2025-03-30 11:00:00,4.75,5.21,1.0,104.25,1.0,104.25
2025-03-30 12:00:00,4.77,5.34,1.0,104.25,1.0,104.25
2025-03-30 13:00:00,3.93,4.39,1.0,104.25,1.0,104.25
2025-03-30 14:00:00,3.94,4.35,1.0,104.25,1.0,104.25
2025-03-30 15:00:00,4.17,4.62,1.0,104.25,1.0,104.25
2025-03-30 16:00:00,4.1,4.56,1.0,104.25,1.0,104.25
2025-03-30 17:00:00,4.09,4.6,1.0,104.25,1.0,104.25
2025-03-30 18:00:00,3.87,4.42,1.0,104.25,1.0,104.25
2025-03-30 19:00:00,2.85,3.3,1.0,104.25,1.0,104.25
2025-03-30 20:00:00,3.85,4.25,1.0,104.25,1.0,104.25
2025-03-30 21:00:00,3.69,4.09,1.0,104.25,1.0,104.25
2025-03-30 22:00:00,3.51,3.9,1.0,104.25,1.0,104.25
2025-03-30 23:00:00,2.44,2.72,1.0,104.25,1.0,104.25
2025-03-31 00:00:00,2.61,2.9,1.0,104.25,1.0,104.25
2025-03-31 01:00:00,2.8,3.09,1.0,104.25,1.0,104.25
2025-03-31 02:00:00,2.25,2.47,1.0,104.25,1.0,104.25
2025-03-31 03:00:00,1.95,2.15,1.0,104.25,1.0,104.25
2025-03-31 04:00:00,1.54,1.74,1.0,104.25,1.0,104.25
2025-03-31 05:00:00,1.79,1.94,1.0,104.25,1.0,104.25
2025-03-31 06:00:00,1.39,1.54,1.0,104.25,1.0,104.25
2025-03-31 07:00:00,1.41,1.52,1.0,104.25,1.0,104.25
2025-03-31 08:00:00,1.43,1.58,1.0,104.25,1.0,104.25
2025-03-31 09:00:00,2.18,2.32,1.0,104.25,1.0,104.25
2025-03-31 10:00:00,3.0,3.22,1.0,104.25,1.0,104.25
2025-03-31 11:00:00,3.56,3.91,1.0,104.25,1.0,104.25
2025-03-31 12:00:00,4.25,4.7,1.0,104.25,1.0,104.25
2025-03-31 13:00:00,4.26,4.76,1.0,104.25,1.0,104.25
2025-03-31 14:00:00,4.66,5.21,1.0,104.25,1.0,104.25
2025-03-31 15:00:00,5.15,5.8,1.0,104.25,1.0,104.25
2025-03-31 16:00:00,5.47,6.22,1.0,104.25,1.0,104.25
2025-03-31 17:00:00,5.63,6.39,1.0,104.25,1.0,104.25
2025-03-31 18:00:00,6.25,7.15,1.0,104.25,1.0,104.25
2025-03-31 19:00:00,5.96,6.91,1.0,104.25,1.0,104.25
2025-03-31 20:00:00,6.1,6.95,1.0,104.25,1.0,104.25
2025-03-31 21:00:00,6.26,7.18,1.0,104.25,1.0,104.25
2025-03-31 22:00:00,5.67,6.49,1.0,104.25,1.0,104.25
2025-03-31 23:00:00,3.91,4.37,1.0,104.25,1.0,104.25
2025-04-01 00:00:00,3.39,3.75,1.0,104.25,1.0,104.25
2025-04-01 01:00:00,3.62,3.96,1.0,104.25,1.0,104.25
2025-04-01 02:00:00,4.04,4.39,1.0,104.25,1.0,104.25
2025-04-01 03:00:00,4.03,4.38,1.0,104.25,1.0,104.25
2025-04-01 04:00:00,3.6,3.9,1.0,104.25,1.0,104.25
2025-04-01 05:00:00,2.78,2.98,1.0,104.25,1.0,104.25
2025-04-01 06:00:00,2.41,2.58,1.0,104.25,1.0,104.25
2025-04-01 07:00:00,2.57,2.71,1.0,104.25,1.0,104.25
2025-04-01 08:00:00,2.48,2.57,1.0,104.25,1.0,104.25
2025-04-01 09:00:00,2.08,2.25,1.0,104.25,1.0,104.25
2025-04-01 10:00:00,1.77,1.86,1.0,104.25,1.0,104.25
2025-04-01 11:00:00,2.16,2.21,1.0,104.25,1.0,104.25
2025-04-01 12:00:00,1.57,1.63,1.0,104.25,1.0,104.25
2025-04-01 13:00:00,1.19,1.32,1.0,104.25,1.0,104.25
2025-04-01 14:00:00,3.9,4.16,1.0,104.25,1.0,104.25
2025-04-01 15:00:00,5.31,5.73,1.0,104.25,1.0,104.25
2025-04-01 16:00:00,5.55,6.02,1.0,104.25,1.0,104.25
2025-04-01 17:00:00,4.8,5.24,1.0,104.25,1.0,104.25
2025-04-01 18:00:00,4.38,4.78,1.0,104.25,1.0,104.25
2025-04-01 19:00:00,4.2,4.6,1.0,104.25,1.0,104.25
2025-04-01 20:00:00,4.37,4.79,1.0,104.25,1.0,104.25
2025-04-01 21:00:00,4.69,5.15,1.0,104.25,1.0,104.25
2025-04-01 22:00:00,4.7,5.1,1.0,104.25,1.0,104.25
2025-04-01 23:00:00,4.65,4.96,1.0,104.25,1.0,104.25
2025-04-02 00:00:00,4.16,4.45,1.0,104.25,1.0,104.25
2025-04-02 01:00:00,3.87,4.15,1.0,104.25,1.0,104.25
2025-04-02 02:00:00,3.73,4.02,1.0,104.25,1.0,104.25
2025-04-02 03:00:00,3.23,3.44,1.0,104.25,1.0,104.25
2025-04-02 04:00:00,2.58,2.76,1.0,104.25,1.0,104.25
2025-04-02 05:00:00,2.06,2.21,1.0,104.25,1.0,104.25
2025-04-02 06:00:00,1.7,1.84,1.0,104.25,1.0,104.25
2025-04-02 07:00:00,1.26,1.39,1.0,104.25,1.0,104.25
2025-04-02 08:00:00,0.53,0.65,1.0,104.25,1.0,104.25
2025-04-02 09:00:00,0.54,0.58,1.0,104.25,1.0,104.25
2025-04-02 10:00:00,1.8,1.75,1.0,104.25,1.0,104.25
2025-04-02 11:00:00,1.68,1.7,1.0,104.25,1.0,104.25
2025-04-02 12:00:00,0.78,0.78,1.0,104.25,1.0,104.25
2025-04-02 13:00:00,0.64,0.64,1.0,104.25,1.0,104.25
2025-04-02 14:00:00,2.4,2.46,1.0,104.25,1.0,104.25
2025-04-02 15:00:00,4.49,4.79,1.0,104.25,1.0,104.25
2025-04-02 16:00:00,4.68,5.18,1.0,104.25,1.0,104.25
2025-04-02 17:00:00,4.8,5.2,1.0,104.25,1.0,104.25
2025-04-02 18:00:00,5.43,5.84,1.0,104.25,1.0,104.25
2025-04-02 19:00:00,6.0,6.52,1.0,104.25,1.0,104.25
2025-04-02 20:00:00,5.26,5.81,1.0,104.25,1.0,104.25
2025-04-02 21:00:00,4.01,4.49,1.0,104.25,1.0,104.25
2025-04-02 22:00:00,4.18,4.73,1.0,104.25,1.0,104.25
2025-04-02 23:00:00,3.61,4.09,1.0,104.25,1.0,104.25
2025-04-03 00:00:00,2.82,3.09,1.0,104.25,1.0,104.25
2025-04-03 01:00:00,2.72,2.9,1.0,104.25,1.0,104.25
2025-04-03 02:00:00,2.84,3.02,1.0,104.25,1.0,104.25
2025-04-03 03:00:00,2.94,3.11,1.0,104.25,1.0,104.25
2025-04-03 04:00:00,2.52,2.66,1.0,104.25,1.0,104.25
2025-04-03 05:00:00,2.7,2.84,1.0,104.25,1.0,104.25
2025-04-03 06:00:00,2.78,2.92,1.0,104.25,1.0,104.25
2025-04-03 07:00:00,3.11,3.26,1.0,104.25,1.0,104.25
2025-04-03 08:00:00,3.78,4.03,1.0,104.25,1.0,104.25
2025-04-03 09:00:00,4.21,4.56,1.0,104.25,1.0,104.25
2025-04-03 10:00:00,4.83,5.28,1.0,104.25,1.0,104.25
2025-04-03 11:00:00,4.33,4.82,1.0,104.25,1.0,104.25
2025-04-03 12:00:00,4.17,4.65,1.0,104.25,1.0,104.25
2025-04-03 13:00:00,4.14,4.49,1.0,104.25,1.0,104.25
2025-04-03 14:00:00,3.59,3.94,1.0,104.25,1.0,104.25
2025-04-03 15:00:00,3.34,3.66,1.0,104.25,1.0,104.25
2025-04-03 16:00:00,3.49,3.88,1.0,104.25,1.0,104.25
2025-04-03 17:00:00,3.24,3.6,1.0,104.25,1.0,104.25
2025-04-03 18:00:00,3.27,3.59,1.0,104.25,1.0,104.25
2025-04-03 19:00:00,2.72,2.93,1.0,104.25,1.0,104.25
2025-04-03 20:00:00,2.37,2.55,1.0,104.25,1.0,104.25
2025-04-03 21:00:00,2.48,2.62,1.0,104.25,1.0,104.25
2025-04-03 22:00:00,2.46,2.69,1.0,104.25,1.0,104.25
2025-04-03 23:00:00,2.66,2.87,1.0,104.25,1.0,104.25
2025-04-04 00:00:00,3.38,3.6,1.0,104.25,1.0,104.25
2025-04-04 01:00:00,3.68,3.93,1.0,104.25,1.0,104.25
2025-04-04 02:00:00,2.75,2.88,1.0,104.25,1.0,104.25
2025-04-04 03:00:00,2.18,2.25,1.0,104.25,1.0,104.25
2025-04-04 04:00:00,2.14,2.26,1.0,104.25,1.0,104.25
2025-04-04 05:00:00,1.97,2.07,1.0,104.25,1.0,104.25
2025-04-04 06:00:00,1.38,1.44,1.0,104.25,1.0,104.25
2025-04-04 07:00:00,1.62,1.72,1.0,104.25,1.0,104.25
2025-04-04 08:00:00,2.25,2.3,1.0,104.25,1.0,104.25
2025-04-04 09:00:00,3.91,4.11,1.0,104.25,1.0,104.25
2025-04-04 10:00:00,4.52,4.95,1.0,104.25,1.0,104.25
2025-04-04 11:00:00,4.17,4.58,1.0,104.25,1.0,104.25
2025-04-04 12:00:00,4.29,4.69,1.0,104.25,1.0,104.25
2025-04-04 13:00:00,4.62,5.13,1.0,104.25,1.0,104.25
2025-04-04 14:00:00,4.81,5.31,1.0,104.25,1.0,104.25
2025-04-04 15:00:00,3.74,4.19,1.0,104.25,1.0,104.25
2025-04-04 16:00:00,3.65,3.98,1.0,104.25,1.0,104.25
2025-04-04 17:00:00,3.89,4.21,1.0,104.25,1.0,104.25
2025-04-04 18:00:00,3.85,4.12,1.0,104.25,1.0,104.25
2025-04-04 19:00:00,3.97,4.27,1.0,104.25,1.0,104.25
2025-04-04 20:00:00,3.5,3.81,1.0,104.25,1.0,104.25
2025-04-04 21:00:00,3.08,3.33,1.0,104.25,1.0,104.25
2025-04-04 22:00:00,3.82,4.2,1.0,104.25,1.0,104.25
2025-04-04 23:00:00,4.01,4.45,1.0,104.25,1.0,104.25
2025-04-05 00:00:00,4.66,5.13,1.0,104.25,1.0,104.25
2025-04-05 01:00:00,4.44,4.83,1.0,104.25,1.0,104.25
2025-04-05 02:00:00,3.17,3.41,1.0,104.25,1.0,104.25
2025-04-05 03:00:00,2.78,2.93,1.0,104.25,1.0,104.25
2025-04-05 04:00:00,3.6,3.78,1.0,104.25,1.0,104.25
2025-04-05 05:00:00,3.67,3.94,1.0,104.25,1.0,104.25
2025-04-05 06:00:00,3.1,3.36,1.0,104.25,1.0,104.25
2025-04-05 07:00:00,2.61,2.82,1.0,104.25,1.0,104.25
2025-04-05 08:00:00,2.3,2.45,1.0,104.25,1.0,104.25
2025-04-05 09:00:00,2.32,2.46,1.0,104.25,1.0,104.25
2025-04-05 10:00:00,1.82,1.96,1.0,104.25,1.0,104.25
2025-04-05 11:00:00,1.03,1.12,1.0,104.25,1.0,104.25
2025-04-05 12:00:00,2.44,2.57,1.0,104.25,1.0,104.25
2025-04-05 13:00:00,3.59,3.95,1.0,104.25,1.0,104.25
2025-04-05 14:00:00,3.15,3.39,1.0,104.25,1.0,104.25
2025-04-05 15:00:00,2.77,2.92,1.0,104.25,1.0,104.25
2025-04-05 16:00:00,3.04,3.32,1.0,104.25,1.0,104.25
2025-04-05 17:00:00,2.38,2.68,1.0,104.25,1.0,104.25
2025-04-05 18:00:00,2.32,2.57,1.0,104.25,1.0,104.25
2025-04-05 19:00:00,2.6,2.85,1.0,104.25,1.0,104.25
2025-04-05 20:00:00,2.94,3.21,1.0,104.25,1.0,104.25
2025-04-05 21:00:00,3.41,3.73,1.0,104.25,1.0,104.25
2025-04-05 22:00:00,2.56,2.81,1.0,104.25,1.0,104.25
2025-04-05 23:00:00,2.45,2.65,1.0,104.25,1.0,104.25
2025-04-06 00:00:00,2.61,2.86,1.0,104.25,1.0,104.25
2025-04-06 01:00:00,3.17,3.46,1.0,104.25,1.0,104.25
2025-04-06 02:00:00,2.75,3.0,1.0,104.25,1.0,104.25
2025-04-06 03:00:00,2.83,3.06,1.0,104.25,1.0,104.25
2025-04-06 04:00:00,3.47,3.76,1.0,104.25,1.0,104.25
2025-04-06 05:00:00,3.21,3.48,1.0,104.25,1.0,104.25
2025-04-06 06:00:00,3.29,3.56,1.0,104.25,1.0,104.25
2025-04-06 07:00:00,5.01,5.44,1.0,104.25,1.0,104.25
2025-04-06 08:00:00,5.44,5.91,1.0,104.25,1.0,104.25
2025-04-06 09:00:00,5.37,5.84,1.0,104.25,1.0,104.25
2025-04-06 10:00:00,4.74,5.24,1.0,104.25,1.0,104.25
2025-04-06 11:00:00,4.53,5.06,1.0,104.25,1.0,104.25
2025-04-06 12:00:00,5.24,5.86,1.0,104.25,1.0,104.25
2025-04-06 13:00:00,4.35,4.81,1.0,104.25,1.0,104.25
2025-04-06 14:00:00,3.64,3.95,1.0,104.25,1.0,104.25
2025-04-06 15:00:00,4.54,4.92,1.0,104.25,1.0,104.25
2025-04-06 16:00:00,4.83,5.28,1.0,104.25,1.0,104.25
2025-04-06 17:00:00,4.96,5.46,1.0,104.25,1.0,104.25
2025-04-06 18:00:00,5.06,5.59,1.0,104.25,1.0,104.25
2025-04-06 19:00:00,5.02,5.52,1.0,104.25,1.0,104.25
2025-04-06 20:00:00,4.52,4.98,1.0,104.25,1.0,104.25
2025-04-06 21:00:00,4.74,5.26,1.0,104.25,1.0,104.25
2025-04-06 22:00:00,3.29,3.65,1.0,104.25,1.0,104.25
2025-04-06 23:00:00,2.26,2.53,1.0,104.25,1.0,104.25
2025-04-07 00:00:00,1.5,1.65,1.0,104.25,1.0,104.25
2025-04-07 01:00:00,1.57,1.71,1.0,104.25,1.0,104.25
2025-04-07 02:00:00,1.28,1.36,1.0,104.25,1.0,104.25
2025-04-07 03:00:00,0.71,0.79,1.0,104.25,1.0,104.25
2025-04-07 04:00:00,0.29,0.34,1.0,104.25,1.0,104.25
2025-04-07 05:00:00,0.47,0.47,1.0,104.25,1.0,104.25
2025-04-07 06:00:00,0.97,1.03,1.0,104.25,1.0,104.25
2025-04-07 07:00:00,0.9,0.95,1.0,104.25,1.0,104.25
2025-04-07 08:00:00,0.85,0.85,1.0,104.25,1.0,104.25
2025-04-07 09:00:00,1.68,1.71,1.0,104.25,1.0,104.25
2025-04-07 10:00:00,2.62,2.78,1.0,104.25,1.0,104.25
2025-04-07 11:00:00,3.16,3.47,1.0,104.25,1.0,104.25
2025-04-07 12:00:00,2.89,3.18,1.0,104.25,1.0,104.25
2025-04-07 13:00:00,2.63,2.88,1.0,104.25,1.0,104.25
2025-04-07 14:00:00,2.9,3.15,1.0,104.25,1.0,104.25
2025-04-07 15:00:00,3.52,3.73,1.0,104.25,1.0,104.25
2025-04-07 16:00:00,3.25,3.5,1.0,104.25,1.0,104.25
2025-04-07 17:00:00,2.97,3.15,1.0,104.25,1.0,104.25
2025-04-07 18:00:00,2.89,3.1,1.0,104.25,1.0,104.25
2025-04-07 19:00:00,2.5,2.62,1.0,104.25,1.0,104.25
2025-04-07 20:00:00,1.86,1.97,1.0,104.25,1.0,104.25
2025-04-07 21:00:00,0.88,0.96,1.0,104.25,1.0,104.25
2025-04-07 22:00:00,1.87,2.02,1.0,104.25,1.0,104.25
2025-04-07 23:00:00,1.59,1.66,1.0,104.25,1.0,104.25
2025-04-08 00:00:00,0.73,0.73,1.0,104.25,1.0,104.25
2025-04-08 01:00:00,1.96,2.01,1.0,104.25,1.0,104.25
2025-04-08 02:00:00,1.92,1.99,1.0,104.25,1.0,104.25
2025-04-08 03:00:00,2.1,2.17,1.0,104.25,1.0,104.25
2025-04-08 04:00:00,2.69,2.8,1.0,104.25,1.0,104.25
2025-04-08 05:00:00,2.74,2.88,1.0,104.25,1.0,104.25
2025-04-08 06:00:00,2.79,2.97,1.0,104.25,1.0,104.25
2025-04-08 07:00:00,2.73,2.91,1.0,104.25,1.0,104.25
2025-04-08 08:00:00,2.8,2.95,1.0,104.25,1.0,104.25
2025-04-08 09:00:00,2.63,2.79,1.0,104.25,1.0,104.25
2025-04-08 10:00:00,3.3,3.5,1.0,104.25,1.0,104.25
2025-04-08 11:00:00,3.18,3.45,1.0,104.25,1.0,104.25
2025-04-08 12:00:00,3.62,3.89,1.0,104.25,1.0,104.25
2025-04-08 13:00:00,3.32,3.53,1.0,104.25,1.0,104.25
2025-04-08 14:00:00,3.17,3.36,1.0,104.25,1.0,104.25
2025-04-08 15:00:00,3.21,3.46,1.0,104.25,1.0,104.25
2025-04-08 16:00:00,3.16,3.41,1.0,104.25,1.0,104.25
2025-04-08 17:00:00,3.38,3.63,1.0,104.25,1.0,104.25
2025-04-08 18:00:00,3.42,3.67,1.0,104.25,1.0,104.25
2025-04-08 19:00:00,3.5,3.75,1.0,104.25,1.0,104.25
2025-04-08 20:00:00,3.8,4.1,1.0,104.25,1.0,104.25
2025-04-08 21:00:00,3.76,4.11,1.0,104.25,1.0,104.25
2025-04-08 22:00:00,4.0,4.42,1.0,104.25,1.0,104.25
2025-04-08 23:00:00,4.03,4.51,1.0,104.25,1.0,104.25
2025-04-09 00:00:00,3.83,4.21,1.0,104.25,1.0,104.25
2025-04-09 01:00:00,4.32,4.65,1.0,104.25,1.0,104.25
2025-04-09 02:00:00,4.41,4.79,1.0,104.25,1.0,104.25
2025-04-09 03:00:00,3.62,3.89,1.0,104.25,1.0,104.25
2025-04-09 04:00:00,3.11,3.36,1.0,104.25,1.0,104.25
2025-04-09 05:00:00,3.07,3.24,1.0,104.25,1.0,104.25
2025-04-09 06:00:00,3.3,3.55,1.0,104.25,1.0,104.25
2025-04-09 07:00:00,2.64,2.92,1.0,104.25,1.0,104.25
2025-04-09 08:00:00,1.57,1.75,1.0,104.25,1.0,104.25
2025-04-09 09:00:00,1.15,1.26,1.0,104.25,1.0,104.25
2025-04-09 10:00:00,2.67,2.89,1.0,104.25,1.0,104.25
2025-04-09 11:00:00,2.44,2.62,1.0,104.25,1.0,104.25
2025-04-09 12:00:00,2.04,2.15,1.0,104.25,1.0,104.25
2025-04-09 13:00:00,1.53,1.63,1.0,104.25,1.0,104.25
2025-04-09 14:00:00,1.68,1.75,1.0,104.25,1.0,104.25
2025-04-09 15:00:00,1.5,1.54,1.0,104.25,1.0,104.25
2025-04-09 16:00:00,1.22,1.27,1.0,104.25,1.0,104.25
2025-04-09 17:00:00,1.28,1.33,1.0,104.25,1.0,104.25
2025-04-09 18:00:00,1.28,1.35,1.0,104.25,1.0,104.25
2025-04-09 19:00:00,1.71,1.84,1.0,104.25,1.0,104.25
2025-04-09 20:00:00,2.45,2.66,1.0,104.25,1.0,104.25
2025-04-09 21:00:00,2.17,2.38,1.0,104.25,1.0,104.25
2025-04-09 22:00:00,2.92,3.21,1.0,104.25,1.0,104.25
2025-04-09 23:00:00,3.44,3.75,1.0,104.25,1.0,104.25
2025-04-10 00:00:00,3.52,3.79,1.0,104.25,1.0,104.25
2025-04-10 01:00:00,3.24,3.38,1.0,104.25,1.0,104.25
2025-04-10 02:00:00,2.56,2.69,1.0,104.25,1.0,104.25
2025-04-10 03:00:00,2.05,2.12,1.0,104.25,1.0,104.25
2025-04-10 04:00:00,2.08,2.13,1.0,104.25,1.0,104.25
2025-04-10 05:00:00,2.49,2.53,1.0,104.25,1.0,104.25
2025-04-10 06:00:00,2.25,2.28,1.0,104.25,1.0,104.25
2025-04-10 07:00:00,2.15,2.17,1.0,104.25,1.0,104.25
2025-04-10 08:00:00,2.14,2.17,1.0,104.25,1.0,104.25
2025-04-10 09:00:00,1.9,1.95,1.0,104.25,1.0,104.25
2025-04-10 10:00:00,2.34,2.52,1.0,104.25,1.0,104.25
2025-04-10 11:00:00,1.98,2.11,1.0,104.25,1.0,104.25
2025-04-10 12:00:00,2.93,3.09,1.0,104.25,1.0,104.25
2025-04-10 13:00:00,3.35,3.63,1.0,104.25,1.0,104.25
2025-04-10 14:00:00,3.11,3.33,1.0,104.25,1.0,104.25
2025-04-10 15:00:00,3.54,3.76,1.0,104.25,1.0,104.25
2025-04-10 16:00:00,3.57,3.83,1.0,104.25,1.0,104.25
2025-04-10 17:00:00,3.0,3.19,1.0,104.25,1.0,104.25
2025-04-10 18:00:00,2.29,2.48,1.0,104.25,1.0,104.25
2025-04-10 19:00:00,1.67,1.81,1.0,104.25,1.0,104.25
2025-04-10 20:00:00,1.79,1.83,1.0,104.25,1.0,104.25
2025-04-10 21:00:00,2.0,2.08,1.0,104.25,1.0,104.25
2025-04-10 22:00:00,1.71,1.75,1.0,104.25,1.0,104.25
2025-04-10 23:00:00,1.46,1.42,1.0,104.25,1.0,104.25
2025-04-11 00:00:00,2.05,2.11,1.0,104.25,1.0,104.25
2025-04-11 01:00:00,3.78,3.98,1.0,104.25,1.0,104.25
2025-04-11 02:00:00,5.37,5.84,1.0,104.25,1.0,104.25
2025-04-11 03:00:00,6.5,7.1,1.0,104.25,1.0,104.25
2025-04-11 04:00:00,6.52,7.18,1.0,104.25,1.0,104.25
2025-04-11 05:00:00,5.61,6.17,1.0,104.25,1.0,104.25
2025-04-11 06:00:00,5.06,5.52,1.0,104.25,1.0,104.25
2025-04-11 07:00:00,4.66,5.06,1.0,104.25,1.0,104.25
2025-04-11 08:00:00,4.45,4.85,1.0,104.25,1.0,104.25
2025-04-11 09:00:00,4.21,4.62,1.0,104.25,1.0,104.25
2025-04-11 10:00:00,3.9,4.26,1.0,104.25,1.0,104.25
2025-04-11 11:00:00,3.7,4.05,1.0,104.25,1.0,104.25
2025-04-11 12:00:00,3.12,3.41,1.0,104.25,1.0,104.25
2025-04-11 13:00:00,3.35,3.65,1.0,104.25,1.0,104.25
2025-04-11 14:00:00,4.25,4.7,1.0,104.25,1.0,104.25
2025-04-11 15:00:00,4.97,5.57,1.0,104.25,1.0,104.25
2025-04-11 16:00:00,5.32,5.91,1.0,104.25,1.0,104.25
2025-04-11 17:00:00,5.61,6.31,1.0,104.25,1.0,104.25
2025-04-11 18:00:00,5.76,6.51,1.0,104.25,1.0,104.25
2025-04-11 19:00:00,5.74,6.48,1.0,104.25,1.0,104.25
2025-04-11 20:00:00,5.95,6.65,1.0,104.25,1.0,104.25
2025-04-11 21:00:00,5.86,6.6,1.0,104.25,1.0,104.25
2025-04-11 22:00:00,5.28,6.04,1.0,104.25,1.0,104.25
2025-04-11 23:00:00,5.36,6.17,1.0,104.25,1.0,104.25
2025-04-12 00:00:00,5.06,5.81,1.0,104.25,1.0,104.25
2025-04-12 01:00:00,5.32,5.92,1.0,104.25,1.0,104.25
2025-04-12 02:00:00,5.27,5.83,1.0,104.25,1.0,104.25
2025-04-12 03:00:00,5.24,5.8,1.0,104.25,1.0,104.25
2025-04-12 04:00:00,5.32,5.85,1.0,104.25,1.0,104.25
2025-04-12 05:00:00,5.16,5.63,1.0,104.25,1.0,104.25
2025-04-12 06:00:00,4.92,5.4,1.0,104.25,1.0,104.25
2025-04-12 07:00:00,4.09,4.45,1.0,104.25,1.0,104.25
2025-04-12 08:00:00,4.3,4.68,1.0,104.25,1.0,104.25
2025-04-12 09:00:00,3.65,3.89,1.0,104.25,1.0,104.25
2025-04-12 10:00:00,3.61,3.86,1.0,104.25,1.0,104.25
2025-04-12 11:00:00,3.84,4.23,1.0,104.25,1.0,104.25
2025-04-12 12:00:00,3.8,4.16,1.0,104.25,1.0,104.25
2025-04-12 13:00:00,3.94,4.2,1.0,104.25,1.0,104.25
2025-04-12 14:00:00,2.8,2.98,1.0,104.25,1.0,104.25
2025-04-12 15:00:00,2.4,2.43,1.0,104.25,1.0,104.25
2025-04-12 16:00:00,2.48,2.48,1.0,104.25,1.0,104.25
2025-04-12 17:00:00,3.05,3.18,1.0,104.25,1.0,104.25
2025-04-12 18:00:00,3.26,3.48,1.0,104.25,1.0,104.25
2025-04-12 19:00:00,2.64,2.87,1.0,104.25,1.0,104.25
2025-04-12 20:00:00,2.5,2.69,1.0,104.25,1.0,104.25
2025-04-12 21:00:00,3.12,3.37,1.0,104.25,1.0,104.25
2025-04-12 22:00:00,2.14,2.22,1.0,104.25,1.0,104.25
2025-04-12 23:00:00,0.82,0.91,1.0,104.25,1.0,104.25
2025-04-13 00:00:00,0.54,0.59,1.0,104.25,1.0,104.25
2025-04-13 01:00:00,0.6,0.6,1.0,104.25,1.0,104.25
2025-04-13 02:00:00,1.42,1.47,1.0,104.25,1.0,104.25
2025-04-13 03:00:00,1.76,1.85,1.0,104.25,1.0,104.25
2025-04-13 04:00:00,2.07,2.17,1.0,104.25,1.0,104.25
2025-04-13 05:00:00,2.7,2.8,1.0,104.25,1.0,104.25
2025-04-13 06:00:00,3.16,3.36,1.0,104.25,1.0,104.25
2025-04-13 07:00:00,3.81,4.02,1.0,104.25,1.0,104.25
2025-04-13 08:00:00,3.95,4.25,1.0,104.25,1.0,104.25
2025-04-13 09:00:00,3.29,3.62,1.0,104.25,1.0,104.25
2025-04-13 10:00:00,3.18,3.47,1.0,104.25,1.0,104.25
2025-04-13 11:00:00,2.95,3.22,1.0,104.25,1.0,104.25
2025-04-13 12:00:00,2.33,2.59,1.0,104.25,1.0,104.25
2025-04-13 13:00:00,1.7,1.86,1.0,104.25,1.0,104.25
2025-04-13 14:00:00,1.28,1.42,1.0,104.25,1.0,104.25
2025-04-13 15:00:00,1.64,1.81,1.0,104.25,1.0,104.25
2025-04-13 16:00:00,1.97,2.17,1.0,104.25,1.0,104.25
2025-04-13 17:00:00,2.17,2.38,1.0,104.25,1.0,104.25
2025-04-13 18:00:00,2.5,2.75,1.0,104.25,1.0,104.25
2025-04-13 19:00:00,3.11,3.36,1.0,104.25,1.0,104.25
2025-04-13 20:00:00,3.66,4.0,1.0,104.25,1.0,104.25
2025-04-13 21:00:00,3.68,3.98,1.0,104.25,1.0,104.25
2025-04-13 22:00:00,3.75,4.04,1.0,104.25,1.0,104.25
2025-04-13 23:00:00,3.12,3.42,1.0,104.25,1.0,104.25
2025-04-14 00:00:00,3.02,3.27,1.0,104.25,1.0,104.25
2025-04-14 01:00:00,2.78,3.02,1.0,104.25,1.0,104.25
2025-04-14 02:00:00,2.62,2.79,1.0,104.25,1.0,104.25
2025-04-14 03:00:00,2.72,2.82,1.0,104.25,1.0,104.25
2025-04-14 04:00:00,3.34,3.51,1.0,104.25,1.0,104.25
2025-04-14 05:00:00,3.45,3.65,1.0,104.25,1.0,104.25
2025-04-14 06:00:00,2.8,3.0,1.0,104.25,1.0,104.25
2025-04-14 07:00:00,2.71,2.9,1.0,104.25,1.0,104.25
2025-04-14 08:00:00,3.24,3.46,1.0,104.25,1.0,104.25
2025-04-14 09:00:00,3.68,3.96,1.0,104.25,1.0,104.25
2025-04-14 10:00:00,5.1,5.74,1.0,104.25,1.0,104.25
2025-04-14 11:00:00,5.85,6.63,1.0,104.25,1.0,104.25
2025-04-14 12:00:00,5.55,6.19,1.0,104.25,1.0,104.25
2025-04-14 13:00:00,5.77,6.47,1.0,104.25,1.0,104.25
2025-04-14 14:00:00,5.03,5.64,1.0,104.25,1.0,104.25
2025-04-14 15:00:00,4.69,5.3,1.0,104.25,1.0,104.25
2025-04-14 16:00:00,4.57,5.18,1.0,104.25,1.0,104.25
2025-04-14 17:00:00,4.59,5.17,1.0,104.25,1.0,104.25
2025-04-14 18:00:00,4.53,5.1,1.0,104.25,1.0,104.25
2025-04-14 19:00:00,4.12,4.54,1.0,104.25,1.0,104.25
2025-04-14 20:00:00,3.92,4.33,1.0,104.25,1.0,104.25
2025-04-14 21:00:00,3.4,3.76,1.0,104.25,1.0,104.25
2025-04-14 22:00:00,1.18,1.28,1.0,104.25,1.0,104.25
2025-04-14 23:00:00,0.87,0.96,1.0,104.25,1.0,104.25
2025-04-15 00:00:00,0.65,0.8,1.0,104.25,1.0,104.25
2025-04-15 01:00:00,0.75,0.85,1.0,104.25,1.0,104.25
2025-04-15 02:00:00,0.79,0.94,1.0,104.25,1.0,104.25
2025-04-15 03:00:00,0.84,0.86,1.0,104.25,1.0,104.25
2025-04-15 04:00:00,1.01,1.01,1.0,104.25,1.0,104.25
2025-04-15 05:00:00,0.63,0.61,1.0,104.25,1.0,104.25
2025-04-15 06:00:00,0.91,0.97,1.0,104.25,1.0,104.25
2025-04-15 07:00:00,1.27,1.35,1.0,104.25,1.0,104.25
2025-04-15 08:00:00,2.27,2.38,1.0,104.25,1.0,104.25
2025-04-15 09:00:00,1.86,1.95,1.0,104.25,1.0,104.25
2025-04-15 10:00:00,2.88,3.07,1.0,104.25,1.0,104.25
2025-04-15 11:00:00,3.02,3.22,1.0,104.25,1.0,104.25
2025-04-15 12:00:00,2.67,2.88,1.0,104.25,1.0,104.25
2025-04-15 13:00:00,2.33,2.53,1.0,104.25,1.0,104.25
2025-04-15 14:00:00,2.2,2.32,1.0,104.25,1.0,104.25
2025-04-15 15:00:00,2.08,2.18,1.0,104.25,1.0,104.25
2025-04-15 16:00:00,2.02,2.06,1.0,104.25,1.0,104.25
2025-04-15 17:00:00,1.96,2.0,1.0,104.25,1.0,104.25
2025-04-15 18:00:00,1.35,1.35,1.0,104.25,1.0,104.25
2025-04-15 19:00:00,0.5,0.5,1.0,104.25,1.0,104.25
2025-04-15 20:00:00,0.25,0.32,1.0,104.25,1.0,104.25
2025-04-15 21:00:00,0.16,0.16,1.0,104.25,1.0,104.25
2025-04-15 22:00:00,0.91,0.91,1.0,104.25,1.0,104.25
2025-04-15 23:00:00,2.35,2.4,1.0,104.25,1.0,104.25
2025-04-16 00:00:00,2.82,2.97,1.0,104.25,1.0,104.25
2025-04-16 01:00:00,2.16,2.31,1.0,104.25,1.0,104.25
2025-04-16 02:00:00,1.89,2.04,1.0,104.25,1.0,104.25
2025-04-16 03:00:00,2.23,2.34,1.0,104.25,1.0,104.25
2025-04-16 04:00:00,1.91,2.02,1.0,104.25,1.0,104.25
2025-04-16 05:00:00,1.82,1.88,1.0,104.25,1.0,104.25
2025-04-16 06:00:00,1.35,1.4,1.0,104.25,1.0,104.25
2025-04-16 07:00:00,1.03,1.06,1.0,104.25,1.0,104.25
2025-04-16 08:00:00,0.57,0.49,1.0,104.25,1.0,104.25
2025-04-16 09:00:00,1.94,1.97,1.0,104.25,1.0,104.25
2025-04-16 10:00:00,0.96,0.99,1.0,104.25,1.0,104.25
2025-04-16 11:00:00,2.54,2.72,1.0,104.25,1.0,104.25
2025-04-16 12:00:00,3.73,4.05,1.0,104.25,1.0,104.25
2025-04-16 13:00:00,4.84,5.31,1.0,104.25,1.0,104.25
2025-04-16 14:00:00,5.71,6.32,1.0,104.25,1.0,104.25
2025-04-16 15:00:00,5.75,6.4,1.0,104.25,1.0,104.25
2025-04-16 16:00:00,5.85,6.75,1.0,104.25,1.0,104.25
2025-04-16 17:00:00,5.47,6.2,1.0,104.25,1.0,104.25
2025-04-16 18:00:00,4.81,5.26,1.0,104.25,1.0,104.25
2025-04-16 19:00:00,5.17,5.56,1.0,104.25,1.0,104.25
2025-04-16 20:00:00,5.64,6.05,1.0,104.25,1.0,104.25
2025-04-16 21:00:00,6.29,6.92,1.0,104.25,1.0,104.25
2025-04-16 22:00:00,7.52,8.4,1.0,104.25,1.0,104.25
2025-04-16 23:00:00,6.88,7.86,1.0,104.25,1.0,104.25
2025-04-17 00:00:00,5.5,6.25,1.0,104.25,1.0,104.25
2025-04-17 01:00:00,5.86,6.37,1.0,104.25,1.0,104.25
2025-04-17 02:00:00,4.88,5.24,1.0,104.25,1.0,104.25
2025-04-17 03:00:00,3.44,3.68,1.0,104.25,1.0,104.25
2025-04-17 04:00:00,3.12,3.4,1.0,104.25,1.0,104.25
2025-04-17 05:00:00,2.96,3.26,1.0,104.25,1.0,104.25
2025-04-17 06:00:00,2.7,2.94,1.0,104.25,1.0,104.25
2025-04-17 07:00:00,2.64,2.89,1.0,104.25,1.0,104.25
2025-04-17 08:00:00,2.63,2.89,1.0,104.25,1.0,104.25
2025-04-17 09:00:00,2.28,2.51,1.0,104.25,1.0,104.25
2025-04-17 10:00:00,1.12,1.27,1.0,104.25,1.0,104.25
2025-04-17 11:00:00,0.76,0.89,1.0,104.25,1.0,104.25
2025-04-17 12:00:00,1.46,1.52,1.0,104.25,1.0,104.25
2025-04-17 13:00:00,1.81,1.82,1.0,104.25,1.0,104.25
2025-04-17 14:00:00,1.69,1.7,1.0,104.25,1.0,104.25
2025-04-17 15:00:00,1.79,1.83,1.0,104.25,1.0,104.25
2025-04-17 16:00:00,2.02,2.04,1.0,104.25,1.0,104.25
2025-04-17 17:00:00,2.26,2.29,1.0,104.25,1.0,104.25
2025-04-17 18:00:00,2.1,2.16,1.0,104.25,1.0,104.25
2025-04-17 19:00:00,2.33,2.4,1.0,104.25,1.0,104.25
2025-04-17 20:00:00,2.4,2.48,1.0,104.25,1.0,104.25
2025-04-17 21:00:00,2.34,2.5,1.0,104.25,1.0,104.25
2025-04-17 22:00:00,2.85,3.2,1.0,104.25,1.0,104.25
2025-04-17 23:00:00,2.27,2.53,1.0,104.25,1.0,104.25
2025-04-18 00:00:00,2.17,2.39,1.0,104.25,1.0,104.25
2025-04-18 01:00:00,2.15,2.35,1.0,104.25,1.0,104.25
2025-04-18 02:00:00,2.44,2.59,1.0,104.25,1.0,104.25
2025-04-18 03:00:00,2.69,2.89,1.0,104.25,1.0,104.25
2025-04-18 04:00:00,2.73,2.91,1.0,104.25,1.0,104.25
2025-04-18 05:00:00,2.57,2.74,1.0,104.25,1.0,104.25
2025-04-18 06:00:00,2.26,2.4,1.0,104.25,1.0,104.25
2025-04-18 07:00:00,1.86,1.95,1.0,104.25,1.0,104.25
2025-04-18 08:00:00,1.64,1.77,1.0,104.25,1.0,104.25
2025-04-18 09:00:00,1.14,1.27,1.0,104.25,1.0,104.25
2025-04-18 10:00:00,0.85,0.99,1.0,104.25,1.0,104.25
2025-04-18 11:00:00,0.35,0.43,1.0,104.25,1.0,104.25
2025-04-18 12:00:00,1.0,1.04,1.0,104.25,1.0,104.25
2025-04-18 13:00:00,2.49,2.69,1.0,104.25,1.0,104.25
2025-04-18 14:00:00,4.12,4.39,1.0,104.25,1.0,104.25
2025-04-18 15:00:00,4.33,4.64,1.0,104.25,1.0,104.25
2025-04-18 16:00:00,3.86,4.05,1.0,104.25,1.0,104.25
2025-04-18 17:00:00,4.49,4.78,1.0,104.25,1.0,104.25
2025-04-18 18:00:00,4.44,4.78,1.0,104.25,1.0,104.25
2025-04-18 19:00:00,4.09,4.5,1.0,104.25,1.0,104.25
2025-04-18 20:00:00,3.54,3.85,1.0,104.25,1.0,104.25
2025-04-18 21:00:00,3.51,3.85,1.0,104.25,1.0,104.25
2025-04-18 22:00:00,3.35,3.69,1.0,104.25,1.0,104.25
2025-04-18 23:00:00,3.67,4.03,1.0,104.25,1.0,104.25
2025-04-19 00:00:00,4.36,4.81,1.0,104.25,1.0,104.25
2025-04-19 01:00:00,4.68,5.14,1.0,104.25,1.0,104.25
2025-04-19 02:00:00,4.11,4.59,1.0,104.25,1.0,104.25
2025-04-19 03:00:00,3.3,3.63,1.0,104.25,1.0,104.25
2025-04-19 04:00:00,2.29,2.61,1.0,104.25,1.0,104.25
2025-04-19 05:00:00,0.92,1.21,1.0,104.25,1.0,104.25
2025-04-19 06:00:00,1.72,1.97,1.0,104.25,1.0,104.25
2025-04-19 07:00:00,3.11,3.34,1.0,104.25,1.0,104.25
2025-04-19 08:00:00,4.47,4.88,1.0,104.25,1.0,104.25
2025-04-19 09:00:00,4.7,5.12,1.0,104.25,1.0,104.25
2025-04-19 10:00:00,2.92,3.18,1.0,104.25,1.0,104.25
2025-04-19 11:00:00,2.87,3.17,1.0,104.25,1.0,104.25
2025-04-19 12:00:00,2.67,2.93,1.0,104.25,1.0,104.25
2025-04-19 13:00:00,1.64,1.81,1.0,104.25,1.0,104.25
2025-04-19 14:00:00,1.16,1.3,1.0,104.25,1.0,104.25
2025-04-19 15:00:00,1.31,1.38,1.0,104.25,1.0,104.25
2025-04-19 16:00:00,1.1,1.24,1.0,104.25,1.0,104.25
2025-04-19 17:00:00,0.86,0.91,1.0,104.25,1.0,104.25
2025-04-19 18:00:00,1.61,1.62,1.0,104.25,1.0,104.25
2025-04-19 19:00:00,2.06,2.16,1.0,104.25,1.0,104.25
2025-04-19 20:00:00,1.98,2.09,1.0,104.25,1.0,104.25
2025-04-19 21:00:00,1.89,1.93,1.0,104.25,1.0,104.25
2025-04-19 22:00:00,2.55,2.66,1.0,104.25,1.0,104.25
2025-04-19 23:00:00,2.48,2.62,1.0,104.25,1.0,104.25
2025-04-20 00:00:00,2.44,2.54,1.0,104.25,1.0,104.25
2025-04-20 01:00:00,2.75,2.79,1.0,104.25,1.0,104.25
2025-04-20 02:00:00,3.4,3.57,1.0,104.25,1.0,104.25
2025-04-20 03:00:00,3.8,4.0,1.0,104.25,1.0,104.25
2025-04-20 04:00:00,3.77,3.95,1.0,104.25,1.0,104.25
2025-04-20 05:00:00,3.42,3.63,1.0,104.25,1.0,104.25
2025-04-20 06:00:00,3.05,3.22,1.0,104.25,1.0,104.25
2025-04-20 07:00:00,2.71,2.85,1.0,104.25,1.0,104.25
2025-04-20 08:00:00,2.26,2.36,1.0,104.25,1.0,104.25
2025-04-20 09:00:00,1.93,2.0,1.0,104.25,1.0,104.25
2025-04-20 10:00:00,4.49,4.74,1.0,104.25,1.0,104.25
2025-04-20 11:00:00,3.78,4.03,1.0,104.25,1.0,104.25
2025-04-20 12:00:00,2.89,3.05,1.0,104.25,1.0,104.25
2025-04-20 13:00:00,1.96,2.06,1.0,104.25,1.0,104.25
2025-04-20 14:00:00,1.56,1.66,1.0,104.25,1.0,104.25
2025-04-20 15:00:00,1.7,1.8,1.0,104.25,1.0,104.25
2025-04-20 16:00:00,1.86,1.95,1.0,104.25,1.0,104.25
2025-04-20 17:00:00,2.3,2.41,1.0,104.25,1.0,104.25
2025-04-20 18:00:00,2.96,3.17,1.0,104.25,1.0,104.25
2025-04-20 19:00:00,3.49,3.81,1.0,104.25,1.0,104.25
2025-04-20 20:00:00,3.42,3.73,1.0,104.25,1.0,104.25
2025-04-20 21:00:00,2.28,2.5,1.0,104.25,1.0,104.25
2025-04-20 22:00:00,2.2,2.47,1.0,104.25,1.0,104.25
2025-04-20 23:00:00,2.02,2.17,1.0,104.25,1.0,104.25
2025-04-21 00:00:00,1.51,1.65,1.0,104.25,1.0,104.25
2025-04-21 01:00:00,1.81,1.95,1.0,104.25,1.0,104.25
2025-04-21 02:00:00,2.58,2.76,1.0,104.25,1.0,104.25
2025-04-21 03:00:00,2.49,2.62,1.0,104.25,1.0,104.25
2025-04-21 04:00:00,2.12,2.26,1.0,104.25,1.0,104.25
2025-04-21 05:00:00,2.44,2.53,1.0,104.25,1.0,104.25
2025-04-21 06:00:00,2.91,3.04,1.0,104.25,1.0,104.25
2025-04-21 07:00:00,2.82,2.96,1.0,104.25,1.0,104.25
2025-04-21 08:00:00,2.64,2.78,1.0,104.25,1.0,104.25
2025-04-21 09:00:00,2.4,2.54,1.0,104.25,1.0,104.25
2025-04-21 10:00:00,1.5,1.59,1.0,104.25,1.0,104.25
2025-04-21 11:00:00,0.57,0.56,1.0,104.25,1.0,104.25
2025-04-21 12:00:00,0.65,0.65,1.0,104.25,1.0,104.25
2025-04-21 13:00:00,0.89,0.86,1.0,104.25,1.0,104.25
2025-04-21 14:00:00,1.71,1.69,1.0,104.25,1.0,104.25
2025-04-21 15:00:00,2.37,2.37,1.0,104.25,1.0,104.25
2025-04-21 16:00:00,1.88,1.92,1.0,104.25,1.0,104.25
2025-04-21 17:00:00,1.68,1.74,1.0,104.25,1.0,104.25
2025-04-21 18:00:00,1.67,1.74,1.0,104.25,1.0,104.25
2025-04-21 19:00:00,1.41,1.41,1.0,104.25,1.0,104.25
2025-04-21 20:00:00,1.17,1.17,1.0,104.25,1.0,104.25
2025-04-21 21:00:00,1.0,1.08,1.0,104.25,1.0,104.25
2025-04-21 22:00:00,0.93,1.03,1.0,104.25,1.0,104.25
2025-04-21 23:00:00,1.47,1.58,1.0,104.25,1.0,104.25
2025-04-22 00:00:00,2.93,3.15,1.0,104.25,1.0,104.25
2025-04-22 01:00:00,3.5,3.81,1.0,104.25,1.0,104.25
2025-04-22 02:00:00,3.73,4.07,1.0,104.25,1.0,104.25
2025-04-22 03:00:00,3.6,3.89,1.0,104.25,1.0,104.25
2025-04-22 04:00:00,3.14,3.43,1.0,104.25,1.0,104.25
2025-04-22 05:00:00,2.75,3.02,1.0,104.25,1.0,104.25
2025-04-22 06:00:00,2.82,3.05,1.0,104.25,1.0,104.25
2025-04-22 07:00:00,3.2,3.47,1.0,104.25,1.0,104.25
2025-04-22 08:00:00,4.21,4.54,1.0,104.25,1.0,104.25
2025-04-22 09:00:00,4.14,4.52,1.0,104.25,1.0,104.25
2025-04-22 10:00:00,3.28,3.59,1.0,104.25,1.0,104.25
2025-04-22 11:00:00,2.4,2.71,1.0,104.25,1.0,104.25
2025-04-22 12:00:00,2.56,2.81,1.0,104.25,1.0,104.25
2025-04-22 13:00:00,1.99,2.15,1.0,104.25,1.0,104.25
2025-04-22 14:00:00,1.92,2.04,1.0,104.25,1.0,104.25
2025-04-22 15:00:00,1.84,2.02,1.0,104.25,1.0,104.25
2025-04-22 16:00:00,2.08,2.26,1.0,104.25,1.0,104.25
2025-04-22 17:00:00,2.44,2.6,1.0,104.25,1.0,104.25
2025-04-22 18:00:00,1.91,2.01,1.0,104.25,1.0,104.25
2025-04-22 19:00:00,2.45,2.62,1.0,104.25,1.0,104.25
2025-04-22 20:00:00,2.76,3.01,1.0,104.25,1.0,104.25
2025-04-22 21:00:00,2.61,2.88,1.0,104.25,1.0,104.25
2025-04-22 22:00:00,1.58,1.74,1.0,104.25,1.0,104.25
2025-04-22 23:00:00,1.0,1.05,1.0,104.25,1.0,104.25
2025-04-23 00:00:00,2.1,2.24,1.0,104.25,1.0,104.25
2025-04-23 01:00:00,3.88,4.22,1.0,104.25,1.0,104.25
2025-04-23 02:00:00,4.45,4.88,1.0,104.25,1.0,104.25
2025-04-23 03:00:00,4.63,5.08,1.0,104.25,1.0,104.25
2025-04-23 04:00:00,5.03,5.46,1.0,104.25,1.0,104.25
2025-04-23 05:00:00,5.53,6.07,1.0,104.25,1.0,104.25
2025-04-23 06:00:00,4.71,5.15,1.0,104.25,1.0,104.25
2025-04-23 07:00:00,3.55,3.84,1.0,104.25,1.0,104.25
2025-04-23 08:00:00,2.76,2.98,1.0,104.25,1.0,104.25
2025-04-23 09:00:00,2.06,2.17,1.0,104.25,1.0,104.25
2025-04-23 10:00:00,1.54,1.66,1.0,104.25,1.0,104.25
2025-04-23 11:00:00,1.48,1.56,1.0,104.25,1.0,104.25
2025-04-23 12:00:00,1.08,1.13,1.0,104.25,1.0,104.25
2025-04-23 13:00:00,1.35,1.38,1.0,104.25,1.0,104.25
2025-04-23 14:00:00,1.73,1.79,1.0,104.25,1.0,104.25
2025-04-23 15:00:00,1.71,1.78,1.0,104.25,1.0,104.25
2025-04-23 16:00:00,1.49,1.59,1.0,104.25,1.0,104.25
2025-04-23 17:00:00,1.41,1.45,1.0,104.25,1.0,104.25
2025-04-23 18:00:00,1.89,1.98,1.0,104.25,1.0,104.25
2025-04-23 19:00:00,2.11,2.26,1.0,104.25,1.0,104.25
2025-04-23 20:00:00,1.95,2.1,1.0,104.25,1.0,104.25
2025-04-23 21:00:00,1.84,1.99,1.0,104.25,1.0,104.25
2025-04-23 22:00:00,2.08,2.19,1.0,104.25,1.0,104.25
2025-04-23 23:00:00,1.46,1.52,1.0,104.25,1.0,104.25
2025-04-24 00:00:00,1.63,1.69,1.0,104.25,1.0,104.25
2025-04-24 01:00:00,1.32,1.37,1.0,104.25,1.0,104.25
2025-04-24 02:00:00,1.27,1.32,1.0,104.25,1.0,104.25
2025-04-24 03:00:00,1.4,1.45,1.0,104.25,1.0,104.25
2025-04-24 04:00:00,1.92,2.02,1.0,104.25,1.0,104.25
2025-04-24 05:00:00,2.26,2.36,1.0,104.25,1.0,104.25
2025-04-24 06:00:00,2.28,2.37,1.0,104.25,1.0,104.25
2025-04-24 07:00:00,2.26,2.35,1.0,104.25,1.0,104.25
2025-04-24 08:00:00,2.29,2.34,1.0,104.25,1.0,104.25
2025-04-24 09:00:00,1.55,1.6,1.0,104.25,1.0,104.25
2025-04-24 10:00:00,1.69,1.8,1.0,104.25,1.0,104.25
2025-04-24 11:00:00,1.0,1.1,1.0,104.25,1.0,104.25
2025-04-24 12:00:00,1.63,1.69,1.0,104.25,1.0,104.25
2025-04-24 13:00:00,2.04,2.17,1.0,104.25,1.0,104.25
2025-04-24 14:00:00,2.38,2.53,1.0,104.25,1.0,104.25
2025-04-24 15:00:00,2.92,3.13,1.0,104.25,1.0,104.25
2025-04-24 16:00:00,3.4,3.7,1.0,104.25,1.0,104.25
2025-04-24 17:00:00,3.67,4.02,1.0,104.25,1.0,104.25
2025-04-24 18:00:00,3.21,3.56,1.0,104.25,1.0,104.25
2025-04-24 19:00:00,2.95,3.25,1.0,104.25,1.0,104.25
2025-04-24 20:00:00,2.56,2.81,1.0,104.25,1.0,104.25
2025-04-24 21:00:00,2.38,2.59,1.0,104.25,1.0,104.25
2025-04-24 22:00:00,1.74,1.9,1.0,104.25,1.0,104.25
2025-04-24 23:00:00,2.17,2.33,1.0,104.25,1.0,104.25
2025-04-25 00:00:00,2.2,2.4,1.0,104.25,1.0,104.25
2025-04-25 01:00:00,2.52,2.72,1.0,104.25,1.0,104.25
2025-04-25 02:00:00,2.43,2.57,1.0,104.25,1.0,104.25
2025-04-25 03:00:00,1.72,1.82,1.0,104.25,1.0,104.25
2025-04-25 04:00:00,1.71,1.82,1.0,104.25,1.0,104.25
2025-04-25 05:00:00,1.99,2.1,1.0,104.25,1.0,104.25
2025-04-25 06:00:00,1.63,1.75,1.0,104.25,1.0,104.25
2025-04-25 07:00:00,1.3,1.37,1.0,104.25,1.0,104.25
2025-04-25 08:00:00,1.28,1.32,1.0,104.25,1.0,104.25
2025-04-25 09:00:00,1.84,1.93,1.0,104.25,1.0,104.25
2025-04-25 10:00:00,3.36,3.5,1.0,104.25,1.0,104.25
2025-04-25 11:00:00,3.47,3.79,1.0,104.25,1.0,104.25
2025-04-25 12:00:00,3.46,3.78,1.0,104.25,1.0,104.25
2025-04-25 13:00:00,3.14,3.43,1.0,104.25,1.0,104.25
2025-04-25 14:00:00,3.58,3.91,1.0,104.25,1.0,104.25
2025-04-25 15:00:00,4.0,4.43,1.0,104.25,1.0,104.25
2025-04-25 16:00:00,3.5,3.98,1.0,104.25,1.0,104.25
2025-04-25 17:00:00,3.08,3.37,1.0,104.25,1.0,104.25
2025-04-25 18:00:00,2.72,3.02,1.0,104.25,1.0,104.25
2025-04-25 19:00:00,2.62,2.88,1.0,104.25,1.0,104.25
2025-04-25 20:00:00,3.18,3.5,1.0,104.25,1.0,104.25
2025-04-25 21:00:00,3.19,3.5,1.0,104.25,1.0,104.25
2025-04-25 22:00:00,3.11,3.52,1.0,104.25,1.0,104.25
2025-04-25 23:00:00,2.96,3.37,1.0,104.25,1.0,104.25
2025-04-26 00:00:00,2.91,3.34,1.0,104.25,1.0,104.25
2025-04-26 01:00:00,3.48,3.79,1.0,104.25,1.0,104.25
2025-04-26 02:00:00,3.1,3.39,1.0,104.25,1.0,104.25
2025-04-26 03:00:00,3.31,3.62,1.0,104.25,1.0,104.25
2025-04-26 04:00:00,3.73,4.02,1.0,104.25,1.0,104.25
2025-04-26 05:00:00,4.17,4.53,1.0,104.25,1.0,104.25
2025-04-26 06:00:00,4.18,4.56,1.0,104.25,1.0,104.25
2025-04-26 07:00:00,3.2,3.51,1.0,104.25,1.0,104.25
2025-04-26 08:00:00,1.59,1.77,1.0,104.25,1.0,104.25
2025-04-26 09:00:00,1.22,1.3,1.0,104.25,1.0,104.25
2025-04-26 10:00:00,1.36,1.44,1.0,104.25,1.0,104.25
2025-04-26 11:00:00,2.07,2.18,1.0,104.25,1.0,104.25
2025-04-26 12:00:00,2.4,2.55,1.0,104.25,1.0,104.25
2025-04-26 13:00:00,3.02,3.22,1.0,104.25,1.0,104.25
2025-04-26 14:00:00,3.17,3.37,1.0,104.25,1.0,104.25
2025-04-26 15:00:00,2.73,2.93,1.0,104.25,1.0,104.25
2025-04-26 16:00:00,2.25,2.43,1.0,104.25,1.0,104.25
2025-04-26 17:00:00,1.87,2.02,1.0,104.25,1.0,104.25
2025-04-26 18:00:00,1.37,1.47,1.0,104.25,1.0,104.25
2025-04-26 19:00:00,0.86,0.9,1.0,104.25,1.0,104.25
2025-04-26 20:00:00,0.96,0.96,1.0,104.25,1.0,104.25
2025-04-26 21:00:00,0.41,0.38,1.0,104.25,1.0,104.25
2025-04-26 22:00:00,1.1,1.03,1.0,104.25,1.0,104.25
2025-04-26 23:00:00,0.41,0.36,1.0,104.25,1.0,104.25
2025-04-27 00:00:00,1.0,1.06,1.0,104.25,1.0,104.25
2025-04-27 01:00:00,1.69,1.8,1.0,104.25,1.0,104.25
2025-04-27 02:00:00,2.02,2.17,1.0,104.25,1.0,104.25
2025-04-27 03:00:00,2.2,2.36,1.0,104.25,1.0,104.25
2025-04-27 04:00:00,2.19,2.34,1.0,104.25,1.0,104.25
2025-04-27 05:00:00,1.9,2.05,1.0,104.25,1.0,104.25
2025-04-27 06:00:00,1.46,1.6,1.0,104.25,1.0,104.25
2025-04-27 07:00:00,1.85,1.99,1.0,104.25,1.0,104.25
2025-04-27 08:00:00,1.8,1.95,1.0,104.25,1.0,104.25
2025-04-27 09:00:00,1.99,2.14,1.0,104.25,1.0,104.25
2025-04-27 10:00:00,2.7,2.83,1.0,104.25,1.0,104.25
2025-04-27 11:00:00,2.77,2.97,1.0,104.25,1.0,104.25
2025-04-27 12:00:00,3.55,3.8,1.0,104.25,1.0,104.25
2025-04-27 13:00:00,2.75,2.95,1.0,104.25,1.0,104.25
2025-04-27 14:00:00,2.12,2.26,1.0,104.25,1.0,104.25
2025-04-27 15:00:00,2.12,2.25,1.0,104.25,1.0,104.25
2025-04-27 16:00:00,2.15,2.23,1.0,104.25,1.0,104.25
2025-04-27 17:00:00,2.31,2.5,1.0,104.25,1.0,104.25
2025-04-27 18:00:00,2.05,2.25,1.0,104.25,1.0,104.25
2025-04-27 19:00:00,1.19,1.27,1.0,104.25,1.0,104.25
2025-04-27 20:00:00,1.33,1.38,1.0,104.25,1.0,104.25
2025-04-27 21:00:00,1.59,1.67,1.0,104.25,1.0,104.25
2025-04-27 22:00:00,3.74,3.94,1.0,104.25,1.0,104.25
2025-04-27 23:00:00,3.26,3.43,1.0,104.25,1.0,104.25
2025-04-28 00:00:00,3.32,3.53,1.0,104.25,1.0,104.25
2025-04-28 01:00:00,3.05,3.22,1.0,104.25,1.0,104.25
2025-04-28 02:00:00,2.66,2.83,1.0,104.25,1.0,104.25
2025-04-28 03:00:00,2.71,2.85,1.0,104.25,1.0,104.25
2025-04-28 04:00:00,2.62,2.79,1.0,104.25,1.0,104.25
2025-04-28 05:00:00,2.36,2.52,1.0,104.25,1.0,104.25
2025-04-28 06:00:00,2.08,2.24,1.0,104.25,1.0,104.25
2025-04-28 07:00:00,2.07,2.25,1.0,104.25,1.0,104.25
2025-04-28 08:00:00,1.22,1.32,1.0,104.25,1.0,104.25
2025-04-28 09:00:00,1.4,1.5,1.0,104.25,1.0,104.25
2025-04-28 10:00:00,1.48,1.66,1.0,104.25,1.0,104.25
2025-04-28 11:00:00,1.55,1.71,1.0,104.25,1.0,104.25
2025-04-28 12:00:00,2.05,2.19,1.0,104.25,1.0,104.25
2025-04-28 13:00:00,2.09,2.27,1.0,104.25,1.0,104.25
2025-04-28 14:00:00,1.67,1.77,1.0,104.25,1.0,104.25
2025-04-28 15:00:00,0.74,0.78,1.0,104.25,1.0,104.25
2025-04-28 16:00:00,0.41,0.41,1.0,104.25,1.0,104.25
2025-04-28 17:00:00,0.52,0.57,1.0,104.25,1.0,104.25
2025-04-28 18:00:00,1.52,1.52,1.0,104.25,1.0,104.25
2025-04-28 19:00:00,3.43,3.64,1.0,104.25,1.0,104.25
2025-04-28 20:00:00,4.0,4.29,1.0,104.25,1.0,104.25
2025-04-28 21:00:00,3.73,4.02,1.0,104.25,1.0,104.25
2025-04-28 22:00:00,4.18,4.58,1.0,104.25,1.0,104.25
2025-04-28 23:00:00,3.37,3.7,1.0,104.25,1.0,104.25
2025-04-29 00:00:00,2.65,2.85,1.0,104.25,1.0,104.25
2025-04-29 01:00:00,2.15,2.29,1.0,104.25,1.0,104.25
2025-04-29 02:00:00,1.87,1.92,1.0,104.25,1.0,104.25
2025-04-29 03:00:00,2.02,2.12,1.0,104.25,1.0,104.25
2025-04-29 04:00:00,2.31,2.36,1.0,104.25,1.0,104.25
2025-04-29 05:00:00,2.5,2.6,1.0,104.25,1.0,104.25
2025-04-29 06:00:00,2.62,2.72,1.0,104.25,1.0,104.25
2025-04-29 07:00:00,1.76,1.81,1.0,104.25,1.0,104.25
2025-04-29 08:00:00,1.21,1.21,1.0,104.25,1.0,104.25
2025-04-29 09:00:00,0.67,0.71,1.0,104.25,1.0,104.25
2025-04-29 10:00:00,1.0,1.04,1.0,104.25,1.0,104.25
2025-04-29 11:00:00,1.5,1.55,1.0,104.25,1.0,104.25
2025-04-29 12:00:00,2.76,2.87,1.0,104.25,1.0,104.25
2025-04-29 13:00:00,3.33,3.56,1.0,104.25,1.0,104.25
2025-04-29 14:00:00,4.14,4.52,1.0,104.25,1.0,104.25
2025-04-29 15:00:00,4.5,4.93,1.0,104.25,1.0,104.25
2025-04-29 16:00:00,4.47,4.94,1.0,104.25,1.0,104.25
2025-04-29 17:00:00,4.31,4.77,1.0,104.25,1.0,104.25
2025-04-29 18:00:00,4.24,4.7,1.0,104.25,1.0,104.25
2025-04-29 19:00:00,3.86,4.24,1.0,104.25,1.0,104.25
2025-04-29 20:00:00,4.25,4.6,1.0,104.25,1.0,104.25
2025-04-29 21:00:00,3.96,4.38,1.0,104.25,1.0,104.25
2025-04-29 22:00:00,5.33,5.94,1.0,104.25,1.0,104.25
2025-04-29 23:00:00,4.44,5.0,1.0,104.25,1.0,104.25
2025-04-30 00:00:00,3.18,3.56,1.0,104.25,1.0,104.25
2025-04-30 01:00:00,2.27,2.58,1.0,104.25,1.0,104.25
2025-04-30 02:00:00,2.11,2.36,1.0,104.25,1.0,104.25
2025-04-30 03:00:00,2.48,2.8,1.0,104.25,1.0,104.25
2025-04-30 04:00:00,2.07,2.27,1.0,104.25,1.0,104.25
2025-04-30 05:00:00,2.05,2.25,1.0,104.25,1.0,104.25
2025-04-30 06:00:00,2.36,2.57,1.0,104.25,1.0,104.25
2025-04-30 07:00:00,2.73,3.0,1.0,104.25,1.0,104.25
2025-04-30 08:00:00,2.64,2.9,1.0,104.25,1.0,104.25
2025-04-30 09:00:00,2.32,2.54,1.0,104.25,1.0,104.25
2025-04-30 10:00:00,3.7,4.05,1.0,104.25,1.0,104.25
2025-04-30 11:00:00,3.85,4.17,1.0,104.25,1.0,104.25
2025-04-30 12:00:00,4.0,4.38,1.0,104.25,1.0,104.25
2025-04-30 13:00:00,3.94,4.33,1.0,104.25,1.0,104.25
2025-04-30 14:00:00,3.11,3.38,1.0,104.25,1.0,104.25
2025-04-30 15:00:00,2.28,2.47,1.0,104.25,1.0,104.25
2025-04-30 16:00:00,1.28,1.39,1.0,104.25,1.0,104.25
2025-04-30 17:00:00,2.15,2.2,1.0,104.25,1.0,104.25
2025-04-30 18:00:00,2.31,2.33,1.0,104.25,1.0,104.25
2025-04-30 19:00:00,2.15,2.25,1.0,104.25,1.0,104.25
2025-04-30 20:00:00,2.04,2.13,1.0,104.25,1.0,104.25
2025-04-30 21:00:00,1.88,1.96,1.0,104.25,1.0,104.25
2025-04-30 22:00:00,1.87,1.97,1.0,104.25,1.0,104.25
2025-04-30 23:00:00,1.91,1.98,1.0,104.25,1.0,104.25
2025-05-01 00:00:00,1.63,1.77,1.0,104.25,1.0,104.25
2025-05-01 01:00:00,0.9,0.95,1.0,104.25,1.0,104.25
2025-05-01 02:00:00,0.52,0.59,1.0,104.25,1.0,104.25
2025-05-01 03:00:00,0.76,0.85,1.0,104.25,1.0,104.25
2025-05-01 04:00:00,1.43,1.47,1.0,104.25,1.0,104.25
2025-05-01 05:00:00,1.89,1.93,1.0,104.25,1.0,104.25
2025-05-01 06:00:00,2.62,2.69,1.0,104.25,1.0,104.25
2025-05-01 07:00:00,3.22,3.32,1.0,104.25,1.0,104.25
2025-05-01 08:00:00,3.61,3.79,1.0,104.25,1.0,104.25
2025-05-01 09:00:00,2.7,2.82,1.0,104.25,1.0,104.25
2025-05-01 10:00:00,2.59,2.8,1.0,104.25,1.0,104.25
2025-05-01 11:00:00,2.32,2.49,1.0,104.25,1.0,104.25
2025-05-01 12:00:00,2.1,2.2,1.0,104.25,1.0,104.25
2025-05-01 13:00:00,1.35,1.4,1.0,104.25,1.0,104.25
2025-05-01 14:00:00,1.63,1.72,1.0,104.25,1.0,104.25
2025-05-01 15:00:00,1.0,1.2,1.0,104.25,1.0,104.25
2025-05-01 16:00:00,1.4,1.25,1.0,104.25,1.0,104.25
2025-05-01 17:00:00,2.17,2.13,1.0,104.25,1.0,104.25
2025-05-01 18:00:00,1.51,1.51,1.0,104.25,1.0,104.25
2025-05-01 19:00:00,0.96,0.91,1.0,104.25,1.0,104.25
2025-05-01 20:00:00,0.73,0.68,1.0,104.25,1.0,104.25
2025-05-01 21:00:00,0.51,0.46,1.0,104.25,1.0,104.25
2025-05-01 22:00:00,0.65,0.6,1.0,104.25,1.0,104.25
2025-05-01 23:00:00,0.59,0.49,1.0,104.25,1.0,104.25
2025-05-02 00:00:00,0.65,0.66,1.0,104.25,1.0,104.25
2025-05-02 01:00:00,0.81,0.87,1.0,104.25,1.0,104.25
2025-05-02 02:00:00,2.77,2.86,1.0,104.25,1.0,104.25
2025-05-02 03:00:00,4.63,4.95,1.0,104.25,1.0,104.25
2025-05-02 04:00:00,4.92,5.27,1.0,104.25,1.0,104.25
2025-05-02 05:00:00,4.62,4.94,1.0,104.25,1.0,104.25
2025-05-02 06:00:00,4.45,4.74,1.0,104.25,1.0,104.25
2025-05-02 07:00:00,4.4,4.73,1.0,104.25,1.0,104.25
2025-05-02 08:00:00,4.59,4.98,1.0,104.25,1.0,104.25
2025-05-02 09:00:00,4.03,4.35,1.0,104.25,1.0,104.25
2025-05-02 10:00:00,4.27,4.59,1.0,104.25,1.0,104.25
2025-05-02 11:00:00,3.95,4.35,1.0,104.25,1.0,104.25
2025-05-02 12:00:00,2.69,2.93,1.0,104.25,1.0,104.25
2025-05-02 13:00:00,2.43,2.55,1.0,104.25,1.0,104.25
2025-05-02 14:00:00,1.91,2.0,1.0,104.25,1.0,104.25
2025-05-02 15:00:00,2.19,2.38,1.0,104.25,1.0,104.25
2025-05-02 16:00:00,1.89,2.01,1.0,104.25,1.0,104.25
2025-05-02 17:00:00,1.44,1.6,1.0,104.25,1.0,104.25
2025-05-02 18:00:00,1.56,1.66,1.0,104.25,1.0,104.25
2025-05-02 19:00:00,2.21,2.36,1.0,104.25,1.0,104.25
2025-05-02 20:00:00,2.5,2.7,1.0,104.25,1.0,104.25
2025-05-02 21:00:00,2.5,2.74,1.0,104.25,1.0,104.25
2025-05-02 22:00:00,1.58,1.82,1.0,104.25,1.0,104.25
2025-05-02 23:00:00,2.91,3.18,1.0,104.25,1.0,104.25
2025-05-03 00:00:00,3.49,3.81,1.0,104.25,1.0,104.25
2025-05-03 01:00:00,3.84,4.16,1.0,104.25,1.0,104.25
2025-05-03 02:00:00,3.87,4.12,1.0,104.25,1.0,104.25
2025-05-03 03:00:00,3.58,3.75,1.0,104.25,1.0,104.25
2025-05-03 04:00:00,3.2,3.31,1.0,104.25,1.0,104.25
2025-05-03 05:00:00,3.67,3.83,1.0,104.25,1.0,104.25
2025-05-03 06:00:00,3.96,4.16,1.0,104.25,1.0,104.25
2025-05-03 07:00:00,4.0,4.25,1.0,104.25,1.0,104.25
2025-05-03 08:00:00,3.05,3.2,1.0,104.25,1.0,104.25
2025-05-03 09:00:00,1.47,1.52,1.0,104.25,1.0,104.25
2025-05-03 10:00:00,1.81,1.77,1.0,104.25,1.0,104.25
2025-05-03 11:00:00,1.56,1.56,1.0,104.25,1.0,104.25
2025-05-03 12:00:00,1.84,2.02,1.0,104.25,1.0,104.25
2025-05-03 13:00:00,1.99,2.13,1.0,104.25,1.0,104.25
2025-05-03 14:00:00,2.53,2.6,1.0,104.25,1.0,104.25
2025-05-03 15:00:00,2.38,2.43,1.0,104.25,1.0,104.25
2025-05-03 16:00:00,1.97,1.97,1.0,104.25,1.0,104.25
2025-05-03 17:00:00,1.21,1.21,1.0,104.25,1.0,104.25
2025-05-03 18:00:00,1.64,1.67,1.0,104.25,1.0,104.25
2025-05-03 19:00:00,4.0,4.2,1.0,104.25,1.0,104.25
2025-05-03 20:00:00,5.05,5.51,1.0,104.25,1.0,104.25
2025-05-03 21:00:00,5.62,6.17,1.0,104.25,1.0,104.25
2025-05-03 22:00:00,4.39,4.85,1.0,104.25,1.0,104.25
2025-05-03 23:00:00,3.19,3.45,1.0,104.25,1.0,104.25
2025-05-04 00:00:00,1.65,1.7,1.0,104.25,1.0,104.25
2025-05-04 01:00:00,0.76,0.81,1.0,104.25,1.0,104.25
2025-05-04 02:00:00,2.36,2.51,1.0,104.25,1.0,104.25
2025-05-04 03:00:00,3.48,3.72,1.0,104.25,1.0,104.25
2025-05-04 04:00:00,3.49,3.77,1.0,104.25,1.0,104.25
2025-05-04 05:00:00,3.9,4.19,1.0,104.25,1.0,104.25
2025-05-04 06:00:00,4.07,4.36,1.0,104.25,1.0,104.25
2025-05-04 07:00:00,3.92,4.19,1.0,104.25,1.0,104.25
2025-05-04 08:00:00,3.83,4.1,1.0,104.25,1.0,104.25
2025-05-04 09:00:00,3.52,3.77,1.0,104.25,1.0,104.25
2025-05-04 10:00:00,2.24,2.42,1.0,104.25,1.0,104.25
2025-05-04 11:00:00,2.48,2.69,1.0,104.25,1.0,104.25
2025-05-04 12:00:00,2.41,2.55,1.0,104.25,1.0,104.25
2025-05-04 13:00:00,2.4,2.55,1.0,104.25,1.0,104.25
2025-05-04 14:00:00,3.15,3.32,1.0,104.25,1.0,104.25
2025-05-04 15:00:00,3.34,3.59,1.0,104.25,1.0,104.25
2025-05-04 16:00:00,2.98,3.23,1.0,104.25,1.0,104.25
2025-05-04 17:00:00,2.51,2.65,1.0,104.25,1.0,104.25
2025-05-04 18:00:00,2.04,2.15,1.0,104.25,1.0,104.25
2025-05-04 19:00:00,1.97,2.08,1.0,104.25,1.0,104.25
2025-05-04 20:00:00,1.69,1.8,1.0,104.25,1.0,104.25
2025-05-04 21:00:00,0.74,0.84,1.0,104.25,1.0,104.25
2025-05-04 22:00:00,1.48,1.48,1.0,104.25,1.0,104.25
2025-05-04 23:00:00,1.91,1.98,1.0,104.25,1.0,104.25
2025-05-05 00:00:00,2.42,2.55,1.0,104.25,1.0,104.25
2025-05-05 01:00:00,2.26,2.37,1.0,104.25,1.0,104.25
2025-05-05 02:00:00,1.86,1.95,1.0,104.25,1.0,104.25
2025-05-05 03:00:00,1.56,1.64,1.0,104.25,1.0,104.25
2025-05-05 04:00:00,2.52,2.65,1.0,104.25,1.0,104.25
2025-05-05 05:00:00,3.27,3.43,1.0,104.25,1.0,104.25
2025-05-05 06:00:00,3.57,3.73,1.0,104.25,1.0,104.25
2025-05-05 07:00:00,4.33,4.53,1.0,104.25,1.0,104.25
2025-05-05 08:00:00,4.16,4.37,1.0,104.25,1.0,104.25
2025-05-05 09:00:00,3.09,3.24,1.0,104.25,1.0,104.25
2025-05-05 10:00:00,2.23,2.39,1.0,104.25,1.0,104.25
2025-05-05 11:00:00,1.77,1.86,1.0,104.25,1.0,104.25
2025-05-05 12:00:00,2.36,2.45,1.0,104.25,1.0,104.25
2025-05-05 13:00:00,2.33,2.44,1.0,104.25,1.0,104.25
2025-05-05 14:00:00,2.26,2.33,1.0,104.25,1.0,104.25
2025-05-05 15:00:00,2.42,2.55,1.0,104.25,1.0,104.25
2025-05-05 16:00:00,2.47,2.65,1.0,104.25,1.0,104.25
2025-05-05 17:00:00,2.63,2.85,1.0,104.25,1.0,104.25
2025-05-05 18:00:00,2.94,3.16,1.0,104.25,1.0,104.25
2025-05-05 19:00:00,2.69,2.86,1.0,104.25,1.0,104.25
2025-05-05 20:00:00,2.53,2.64,1.0,104.25,1.0,104.25
2025-05-05 21:00:00,2.84,3.06,1.0,104.25,1.0,104.25
2025-05-05 22:00:00,2.71,2.87,1.0,104.25,1.0,104.25
2025-05-05 23:00:00,2.93,3.15,1.0,104.25,1.0,104.25
2025-05-06 00:00:00,3.06,3.27,1.0,104.25,1.0,104.25
2025-05-06 01:00:00,3.11,3.31,1.0,104.25,1.0,104.25
2025-05-06 02:00:00,3.25,3.45,1.0,104.25,1.0,104.25
2025-05-06 03:00:00,3.7,3.95,1.0,104.25,1.0,104.25
2025-05-06 04:00:00,4.2,4.55,1.0,104.25,1.0,104.25
2025-05-06 05:00:00,4.47,4.82,1.0,104.25,1.0,104.25
2025-05-06 06:00:00,4.41,4.81,1.0,104.25,1.0,104.25
2025-05-06 07:00:00,4.27,4.57,1.0,104.25,1.0,104.25
2025-05-06 08:00:00,4.16,4.46,1.0,104.25,1.0,104.25
2025-05-06 09:00:00,3.95,4.3,1.0,104.25,1.0,104.25
2025-05-06 10:00:00,4.05,4.41,1.0,104.25,1.0,104.25
2025-05-06 11:00:00,4.17,4.56,1.0,104.25,1.0,104.25
2025-05-06 12:00:00,4.12,4.49,1.0,104.25,1.0,104.25
2025-05-06 13:00:00,3.86,4.3,1.0,104.25,1.0,104.25
2025-05-06 14:00:00,3.44,3.83,1.0,104.25,1.0,104.25
2025-05-06 15:00:00,3.29,3.64,1.0,104.25,1.0,104.25
2025-05-06 16:00:00,3.01,3.33,1.0,104.25,1.0,104.25
2025-05-06 17:00:00,2.52,2.76,1.0,104.25,1.0,104.25
2025-05-06 18:00:00,2.63,2.84,1.0,104.25,1.0,104.25
2025-05-06 19:00:00,2.73,3.05,1.0,104.25,1.0,104.25
2025-05-06 20:00:00,2.97,3.29,1.0,104.25,1.0,104.25
2025-05-06 21:00:00,3.19,3.5,1.0,104.25,1.0,104.25
2025-05-06 22:00:00,4.08,4.54,1.0,104.25,1.0,104.25
2025-05-06 23:00:00,2.69,2.93,1.0,104.25,1.0,104.25
2025-05-07 00:00:00,3.44,3.69,1.0,104.25,1.0,104.25
2025-05-07 01:00:00,3.39,3.64,1.0,104.25,1.0,104.25
2025-05-07 02:00:00,2.93,3.15,1.0,104.25,1.0,104.25
2025-05-07 03:00:00,3.12,3.33,1.0,104.25,1.0,104.25
2025-05-07 04:00:00,3.56,3.81,1.0,104.25,1.0,104.25
2025-05-07 05:00:00,3.2,3.42,1.0,104.25,1.0,104.25
2025-05-07 06:00:00,2.9,3.07,1.0,104.25,1.0,104.25
2025-05-07 07:00:00,2.66,2.82,1.0,104.25,1.0,104.25
2025-05-07 08:00:00,2.52,2.67,1.0,104.25,1.0,104.25
2025-05-07 09:00:00,2.6,2.75,1.0,104.25,1.0,104.25
2025-05-07 10:00:00,2.84,3.09,1.0,104.25,1.0,104.25
2025-05-07 11:00:00,2.83,3.13,1.0,104.25,1.0,104.25
2025-05-07 12:00:00,2.66,2.93,1.0,104.25,1.0,104.25
2025-05-07 13:00:00,1.87,2.08,1.0,104.25,1.0,104.25
2025-05-07 14:00:00,1.64,1.79,1.0,104.25,1.0,104.25
2025-05-07 15:00:00,2.53,2.71,1.0,104.25,1.0,104.25
2025-05-07 16:00:00,2.87,3.2,1.0,104.25,1.0,104.25
2025-05-07 17:00:00,2.77,3.11,1.0,104.25,1.0,104.25
2025-05-07 18:00:00,1.97,2.24,1.0,104.25,1.0,104.25
2025-05-07 19:00:00,1.96,2.12,1.0,104.25,1.0,104.25
2025-05-07 20:00:00,2.52,2.73,1.0,104.25,1.0,104.25
2025-05-07 21:00:00,2.41,2.67,1.0,104.25,1.0,104.25
2025-05-07 22:00:00,2.8,3.06,1.0,104.25,1.0,104.25
2025-05-07 23:00:00,2.25,2.4,1.0,104.25,1.0,104.25
2025-05-08 00:00:00,2.25,2.5,1.0,104.25,1.0,104.25
2025-05-08 01:00:00,2.54,2.84,1.0,104.25,1.0,104.25
2025-05-08 02:00:00,1.3,1.55,1.0,104.25,1.0,104.25
2025-05-08 03:00:00,0.32,0.16,1.0,104.25,1.0,104.25
2025-05-08 04:00:00,1.19,1.03,1.0,104.25,1.0,104.25
2025-05-08 05:00:00,1.27,1.12,1.0,104.25,1.0,104.25
2025-05-08 06:00:00,1.69,1.58,1.0,104.25,1.0,104.25
2025-05-08 07:00:00,2.0,1.94,1.0,104.25,1.0,104.25
2025-05-08 08:00:00,1.75,1.7,1.0,104.25,1.0,104.25
2025-05-08 09:00:00,1.42,1.37,1.0,104.25,1.0,104.25
2025-05-08 10:00:00,1.43,1.48,1.0,104.25,1.0,104.25
2025-05-08 11:00:00,0.89,0.92,1.0,104.25,1.0,104.25
2025-05-08 12:00:00,1.15,1.15,1.0,104.25,1.0,104.25
2025-05-08 13:00:00,0.96,0.95,1.0,104.25,1.0,104.25
2025-05-08 14:00:00,0.25,0.25,1.0,104.25,1.0,104.25
2025-05-08 15:00:00,0.57,0.57,1.0,104.25,1.0,104.25
2025-05-08 16:00:00,0.7,0.7,1.0,104.25,1.0,104.25
2025-05-08 17:00:00,0.74,0.76,1.0,104.25,1.0,104.25
2025-05-08 18:00:00,0.86,0.89,1.0,104.25,1.0,104.25
2025-05-08 19:00:00,0.22,0.22,1.0,104.25,1.0,104.25
2025-05-08 20:00:00,1.17,1.2,1.0,104.25,1.0,104.25
2025-05-08 21:00:00,2.5,2.65,1.0,104.25,1.0,104.25
2025-05-08 22:00:00,2.09,2.31,1.0,104.25,1.0,104.25
2025-05-08 23:00:00,2.58,2.67,1.0,104.25,1.0,104.25
2025-05-09 00:00:00,2.84,3.0,1.0,104.25,1.0,104.25
2025-05-09 01:00:00,2.46,2.51,1.0,104.25,1.0,104.25
2025-05-09 02:00:00,2.15,2.25,1.0,104.25,1.0,104.25
2025-05-09 03:00:00,2.5,2.66,1.0,104.25,1.0,104.25
2025-05-09 04:00:00,3.18,3.38,1.0,104.25,1.0,104.25
2025-05-09 05:00:00,3.96,4.23,1.0,104.25,1.0,104.25
2025-05-09 06:00:00,3.8,4.03,1.0,104.25,1.0,104.25
2025-05-09 07:00:00,3.82,4.05,1.0,104.25,1.0,104.25
2025-05-09 08:00:00,3.43,3.61,1.0,104.25,1.0,104.25
2025-05-09 09:00:00,3.36,3.5,1.0,104.25,1.0,104.25
2025-05-09 10:00:00,3.32,3.57,1.0,104.25,1.0,104.25
2025-05-09 11:00:00,2.53,2.71,1.0,104.25,1.0,104.25
2025-05-09 12:00:00,2.22,2.36,1.0,104.25,1.0,104.25
2025-05-09 13:00:00,2.23,2.43,1.0,104.25,1.0,104.25
2025-05-09 14:00:00,2.62,2.88,1.0,104.25,1.0,104.25
2025-05-09 15:00:00,3.47,3.82,1.0,104.25,1.0,104.25
2025-05-09 16:00:00,3.79,4.2,1.0,104.25,1.0,104.25
2025-05-09 17:00:00,3.68,4.08,1.0,104.25,1.0,104.25
2025-05-09 18:00:00,3.58,3.93,1.0,104.25,1.0,104.25
2025-05-09 19:00:00,3.06,3.36,1.0,104.25,1.0,104.25
2025-05-09 20:00:00,2.68,2.93,1.0,104.25,1.0,104.25
2025-05-09 21:00:00,2.55,2.71,1.0,104.25,1.0,104.25
2025-05-09 22:00:00,2.04,2.23,1.0,104.25,1.0,104.25
2025-05-09 23:00:00,1.75,1.87,1.0,104.25,1.0,104.25
2025-05-10 00:00:00,1.95,2.08,1.0,104.25,1.0,104.25
2025-05-10 01:00:00,2.09,2.2,1.0,104.25,1.0,104.25
2025-05-10 02:00:00,1.31,1.4,1.0,104.25,1.0,104.25
2025-05-10 03:00:00,0.85,0.89,1.0,104.25,1.0,104.25
2025-05-10 04:00:00,0.93,0.96,1.0,104.25,1.0,104.25
2025-05-10 05:00:00,1.7,1.74,1.0,104.25,1.0,104.25
2025-05-10 06:00:00,2.16,2.19,1.0,104.25,1.0,104.25
2025-05-10 07:00:00,2.48,2.56,1.0,104.25,1.0,104.25
2025-05-10 08:00:00,2.4,2.44,1.0,104.25,1.0,104.25
2025-05-10 09:00:00,1.9,2.0,1.0,104.25,1.0,104.25
2025-05-10 10:00:00,1.79,1.95,1.0,104.25,1.0,104.25
2025-05-10 11:00:00,1.72,1.82,1.0,104.25,1.0,104.25
2025-05-10 12:00:00,0.76,0.65,1.0,104.25,1.0,104.25
2025-05-10 13:00:00,2.42,2.36,1.0,104.25,1.0,104.25
2025-05-10 14:00:00,1.86,1.74,1.0,104.25,1.0,104.25
2025-05-10 15:00:00,1.7,1.68,1.0,104.25,1.0,104.25
2025-05-10 16:00:00,1.25,1.27,1.0,104.25,1.0,104.25
2025-05-10 17:00:00,1.38,1.41,1.0,104.25,1.0,104.25
2025-05-10 18:00:00,2.3,2.43,1.0,104.25,1.0,104.25
2025-05-10 19:00:00,2.01,2.14,1.0,104.25,1.0,104.25
2025-05-10 20:00:00,1.21,1.31,1.0,104.25,1.0,104.25
2025-05-10 21:00:00,2.19,2.24,1.0,104.25,1.0,104.25
2025-05-10 22:00:00,4.88,5.28,1.0,104.25,1.0,104.25
2025-05-10 23:00:00,5.5,6.11,1.0,104.25,1.0,104.25
2025-05-11 00:00:00,4.36,4.77,1.0,104.25,1.0,104.25
2025-05-11 01:00:00,3.1,3.35,1.0,104.25,1.0,104.25
2025-05-11 02:00:00,3.48,3.73,1.0,104.25,1.0,104.25
2025-05-11 03:00:00,3.7,3.95,1.0,104.25,1.0,104.25
2025-05-11 04:00:00,3.85,4.1,1.0,104.25,1.0,104.25
2025-05-11 05:00:00,4.06,4.31,1.0,104.25,1.0,104.25
2025-05-11 06:00:00,4.4,4.65,1.0,104.25,1.0,104.25
2025-05-11 07:00:00,4.95,5.3,1.0,104.25,1.0,104.25
2025-05-11 08:00:00,5.41,5.81,1.0,104.25,1.0,104.25
2025-05-11 09:00:00,5.32,5.77,1.0,104.25,1.0,104.25
2025-05-11 10:00:00,4.91,5.6,1.0,104.25,1.0,104.25
2025-05-11 11:00:00,4.32,5.02,1.0,104.25,1.0,104.25
2025-05-11 12:00:00,4.01,4.61,1.0,104.25,1.0,104.25
2025-05-11 13:00:00,4.28,4.83,1.0,104.25,1.0,104.25
2025-05-11 14:00:00,3.95,4.45,1.0,104.25,1.0,104.25
2025-05-11 15:00:00,3.54,4.0,1.0,104.25,1.0,104.25
2025-05-11 16:00:00,2.75,3.05,1.0,104.25,1.0,104.25
2025-05-11 17:00:00,1.69,1.9,1.0,104.25,1.0,104.25
2025-05-11 18:00:00,2.34,2.5,1.0,104.25,1.0,104.25
2025-05-11 19:00:00,2.17,2.33,1.0,104.25,1.0,104.25
2025-05-11 20:00:00,1.51,1.66,1.0,104.25,1.0,104.25
2025-05-11 21:00:00,1.59,1.67,1.0,104.25,1.0,104.25
2025-05-11 22:00:00,0.89,0.92,1.0,104.25,1.0,104.25
2025-05-11 23:00:00,1.05,1.1,1.0,104.25,1.0,104.25
2025-05-12 00:00:00,1.39,1.49,1.0,104.25,1.0,104.25
2025-05-12 01:00:00,1.22,1.28,1.0,104.25,1.0,104.25
2025-05-12 02:00:00,0.46,0.45,1.0,104.25,1.0,104.25
2025-05-12 03:00:00,0.36,0.29,1.0,104.25,1.0,104.25
2025-05-12 04:00:00,0.56,0.65,1.0,104.25,1.0,104.25
2025-05-12 05:00:00,1.97,2.08,1.0,104.25,1.0,104.25
2025-05-12 06:00:00,2.91,3.01,1.0,104.25,1.0,104.25
2025-05-12 07:00:00,3.23,3.37,1.0,104.25,1.0,104.25
2025-05-12 08:00:00,3.26,3.52,1.0,104.25,1.0,104.25
2025-05-12 09:00:00,2.74,2.94,1.0,104.25,1.0,104.25
2025-05-12 10:00:00,1.4,1.5,1.0,104.25,1.0,104.25
2025-05-12 11:00:00,0.71,0.75,1.0,104.25,1.0,104.25
2025-05-12 12:00:00,1.3,1.37,1.0,104.25,1.0,104.25
2025-05-12 13:00:00,1.64,1.71,1.0,104.25,1.0,104.25
2025-05-12 14:00:00,1.86,1.96,1.0,104.25,1.0,104.25
2025-05-12 15:00:00,1.52,1.58,1.0,104.25,1.0,104.25
2025-05-12 16:00:00,1.45,1.5,1.0,104.25,1.0,104.25
2025-05-12 17:00:00,1.81,1.81,1.0,104.25,1.0,104.25
2025-05-12 18:00:00,2.3,2.4,1.0,104.25,1.0,104.25
2025-05-12 19:00:00,2.56,2.71,1.0,104.25,1.0,104.25
2025-05-12 20:00:00,2.45,2.56,1.0,104.25,1.0,104.25
2025-05-12 21:00:00,2.46,2.57,1.0,104.25,1.0,104.25
2025-05-12 22:00:00,2.66,2.8,1.0,104.25,1.0,104.25
2025-05-12 23:00:00,2.3,2.45,1.0,104.25,1.0,104.25
2025-05-13 00:00:00,1.99,2.15,1.0,104.25,1.0,104.25
2025-05-13 01:00:00,1.35,1.5,1.0,104.25,1.0,104.25
2025-05-13 02:00:00,0.42,0.5,1.0,104.25,1.0,104.25
2025-05-13 03:00:00,0.35,0.35,1.0,104.25,1.0,104.25
2025-05-13 04:00:00,0.25,0.32,1.0,104.25,1.0,104.25
2025-05-13 05:00:00,0.52,0.51,1.0,104.25,1.0,104.25
2025-05-13 06:00:00,1.14,1.17,1.0,104.25,1.0,104.25
2025-05-13 07:00:00,1.16,1.15,1.0,104.25,1.0,104.25
2025-05-13 08:00:00,1.03,1.1,1.0,104.25,1.0,104.25
2025-05-13 09:00:00,1.98,2.03,1.0,104.25,1.0,104.25
2025-05-13 10:00:00,2.1,2.1,1.0,104.25,1.0,104.25
2025-05-13 11:00:00,2.28,2.35,1.0,104.25,1.0,104.25
2025-05-13 12:00:00,2.09,2.14,1.0,104.25,1.0,104.25
2025-05-13 13:00:00,2.1,2.15,1.0,104.25,1.0,104.25
2025-05-13 14:00:00,2.58,2.74,1.0,104.25,1.0,104.25
2025-05-13 15:00:00,3.04,3.25,1.0,104.25,1.0,104.25
2025-05-13 16:00:00,3.25,3.55,1.0,104.25,1.0,104.25
2025-05-13 17:00:00,3.0,3.35,1.0,104.25,1.0,104.25
2025-05-13 18:00:00,3.06,3.36,1.0,104.25,1.0,104.25
2025-05-13 19:00:00,2.79,3.04,1.0,104.25,1.0,104.25
2025-05-13 20:00:00,2.29,2.45,1.0,104.25,1.0,104.25
2025-05-13 21:00:00,1.97,2.09,1.0,104.25,1.0,104.25
2025-05-13 22:00:00,4.82,5.34,1.0,104.25,1.0,104.25
2025-05-13 23:00:00,6.26,7.1,1.0,104.25,1.0,104.25
2025-05-14 00:00:00,5.17,5.82,1.0,104.25,1.0,104.25
2025-05-14 01:00:00,3.28,3.59,1.0,104.25,1.0,104.25
2025-05-14 02:00:00,1.57,1.72,1.0,104.25,1.0,104.25
2025-05-14 03:00:00,0.63,0.74,1.0,104.25,1.0,104.25
2025-05-14 04:00:00,0.8,0.9,1.0,104.25,1.0,104.25
2025-05-14 05:00:00,1.5,1.6,1.0,104.25,1.0,104.25
2025-05-14 06:00:00,2.11,2.21,1.0,104.25,1.0,104.25
2025-05-14 07:00:00,2.41,2.56,1.0,104.25,1.0,104.25
2025-05-14 08:00:00,2.35,2.45,1.0,104.25,1.0,104.25
2025-05-14 09:00:00,2.38,2.49,1.0,104.25,1.0,104.25
2025-05-14 10:00:00,2.25,2.35,1.0,104.25,1.0,104.25
2025-05-14 11:00:00,1.52,1.57,1.0,104.25,1.0,104.25
2025-05-14 12:00:00,1.07,1.12,1.0,104.25,1.0,104.25
2025-05-14 13:00:00,0.46,0.53,1.0,104.25,1.0,104.25
2025-05-14 14:00:00,0.22,0.27,1.0,104.25,1.0,104.25
2025-05-14 15:00:00,0.92,0.92,1.0,104.25,1.0,104.25
2025-05-14 16:00:00,1.53,1.59,1.0,104.25,1.0,104.25
2025-05-14 17:00:00,1.71,1.81,1.0,104.25,1.0,104.25
2025-05-14 18:00:00,1.77,1.84,1.0,104.25,1.0,104.25
2025-05-14 19:00:00,1.75,1.86,1.0,104.25,1.0,104.25
2025-05-14 20:00:00,1.6,1.71,1.0,104.25,1.0,104.25
2025-05-14 21:00:00,1.7,1.79,1.0,104.25,1.0,104.25
2025-05-14 22:00:00,1.55,1.65,1.0,104.25,1.0,104.25
2025-05-14 23:00:00,2.28,2.43,1.0,104.25,1.0,104.25
2025-05-15 00:00:00,2.79,3.0,1.0,104.25,1.0,104.25
2025-05-15 01:00:00,2.8,3.0,1.0,104.25,1.0,104.25
2025-05-15 02:00:00,2.49,2.65,1.0,104.25,1.0,104.25
2025-05-15 03:00:00,2.25,2.36,1.0,104.25,1.0,104.25
2025-05-15 04:00:00,1.92,1.98,1.0,104.25,1.0,104.25
2025-05-15 05:00:00,1.91,2.01,1.0,104.25,1.0,104.25
2025-05-15 06:00:00,2.44,2.57,1.0,104.25,1.0,104.25
2025-05-15 07:00:00,2.29,2.39,1.0,104.25,1.0,104.25
2025-05-15 08:00:00,1.5,1.61,1.0,104.25,1.0,104.25
2025-05-15 09:00:00,2.11,2.15,1.0,104.25,1.0,104.25
2025-05-15 10:00:00,2.8,2.87,1.0,104.25,1.0,104.25
2025-05-15 11:00:00,3.24,3.36,1.0,104.25,1.0,104.25
2025-05-15 12:00:00,3.05,3.21,1.0,104.25,1.0,104.25
2025-05-15 13:00:00,3.11,3.29,1.0,104.25,1.0,104.25
2025-05-15 14:00:00,3.24,3.42,1.0,104.25,1.0,104.25
2025-05-15 15:00:00,3.18,3.36,1.0,104.25,1.0,104.25
2025-05-15 16:00:00,2.46,2.57,1.0,104.25,1.0,104.25
2025-05-15 17:00:00,2.69,2.83,1.0,104.25,1.0,104.25
2025-05-15 18:00:00,2.53,2.67,1.0,104.25,1.0,104.25
2025-05-15 19:00:00,2.8,2.95,1.0,104.25,1.0,104.25
2025-05-15 20:00:00,2.61,2.77,1.0,104.25,1.0,104.25
2025-05-15 21:00:00,1.76,1.86,1.0,104.25,1.0,104.25
2025-05-15 22:00:00,1.01,1.1,1.0,104.25,1.0,104.25
2025-05-15 23:00:00,1.82,1.83,1.0,104.25,1.0,104.25
2025-05-16 00:00:00,1.93,2.01,1.0,104.25,1.0,104.25
2025-05-16 01:00:00,2.21,2.33,1.0,104.25,1.0,104.25
2025-05-16 02:00:00,2.55,2.7,1.0,104.25,1.0,104.25
2025-05-16 03:00:00,2.5,2.66,1.0,104.25,1.0,104.25
2025-05-16 04:00:00,2.86,3.0,1.0,104.25,1.0,104.25
2025-05-16 05:00:00,3.2,3.36,1.0,104.25,1.0,104.25
2025-05-16 06:00:00,3.06,3.21,1.0,104.25,1.0,104.25
2025-05-16 07:00:00,2.75,2.83,1.0,104.25,1.0,104.25
2025-05-16 08:00:00,2.44,2.53,1.0,104.25,1.0,104.25
2025-05-16 09:00:00,2.24,2.3,1.0,104.25,1.0,104.25
2025-05-16 10:00:00,1.52,1.56,1.0,104.25,1.0,104.25
2025-05-16 11:00:00,2.91,3.11,1.0,104.25,1.0,104.25
2025-05-16 12:00:00,3.47,3.69,1.0,104.25,1.0,104.25
2025-05-16 13:00:00,3.4,3.59,1.0,104.25,1.0,104.25
2025-05-16 14:00:00,2.85,3.06,1.0,104.25,1.0,104.25
2025-05-16 15:00:00,2.28,2.39,1.0,104.25,1.0,104.25
2025-05-16 16:00:00,2.51,2.56,1.0,104.25,1.0,104.25
2025-05-16 17:00:00,2.74,2.9,1.0,104.25,1.0,104.25
2025-05-16 18:00:00,2.65,2.85,1.0,104.25,1.0,104.25
2025-05-16 19:00:00,2.44,2.58,1.0,104.25,1.0,104.25
2025-05-16 20:00:00,2.4,2.56,1.0,104.25,1.0,104.25
2025-05-16 21:00:00,2.55,2.74,1.0,104.25,1.0,104.25
2025-05-16 22:00:00,0.63,0.56,1.0,104.25,1.0,104.25
2025-05-16 23:00:00,0.94,0.97,1.0,104.25,1.0,104.25
2025-05-17 00:00:00,1.35,1.39,1.0,104.25,1.0,104.25
2025-05-17 01:00:00,1.42,1.52,1.0,104.25,1.0,104.25
2025-05-17 02:00:00,1.44,1.59,1.0,104.25,1.0,104.25
2025-05-17 03:00:00,1.35,1.42,1.0,104.25,1.0,104.25
2025-05-17 04:00:00,1.21,1.26,1.0,104.25,1.0,104.25
2025-05-17 05:00:00,0.87,0.86,1.0,104.25,1.0,104.25
2025-05-17 06:00:00,0.51,0.58,1.0,104.25,1.0,104.25
2025-05-17 07:00:00,1.29,1.35,1.0,104.25,1.0,104.25
2025-05-17 08:00:00,1.51,1.61,1.0,104.25,1.0,104.25
2025-05-17 09:00:00,1.56,1.66,1.0,104.25,1.0,104.25
2025-05-17 10:00:00,4.18,4.5,1.0,104.25,1.0,104.25
2025-05-17 11:00:00,4.16,4.47,1.0,104.25,1.0,104.25
2025-05-17 12:00:00,3.63,3.89,1.0,104.25,1.0,104.25
2025-05-17 13:00:00,3.32,3.56,1.0,104.25,1.0,104.25
2025-05-17 14:00:00,3.33,3.67,1.0,104.25,1.0,104.25
2025-05-17 15:00:00,3.46,3.83,1.0,104.25,1.0,104.25
2025-05-17 16:00:00,3.4,3.77,1.0,104.25,1.0,104.25
2025-05-17 17:00:00,3.94,4.32,1.0,104.25,1.0,104.25
2025-05-17 18:00:00,4.52,4.95,1.0,104.25,1.0,104.25
2025-05-17 19:00:00,4.91,5.4,1.0,104.25,1.0,104.25
2025-05-17 20:00:00,4.59,5.1,1.0,104.25,1.0,104.25
2025-05-17 21:00:00,3.5,3.92,1.0,104.25,1.0,104.25
2025-05-17 22:00:00,2.31,2.63,1.0,104.25,1.0,104.25
2025-05-17 23:00:00,3.46,3.77,1.0,104.25,1.0,104.25
2025-05-18 00:00:00,4.07,4.43,1.0,104.25,1.0,104.25
2025-05-18 01:00:00,4.27,4.65,1.0,104.25,1.0,104.25
2025-05-18 02:00:00,2.44,2.7,1.0,104.25,1.0,104.25
2025-05-18 03:00:00,0.3,0.43,1.0,104.25,1.0,104.25
2025-05-18 04:00:00,0.65,0.6,1.0,104.25,1.0,104.25
2025-05-18 05:00:00,1.43,1.48,1.0,104.25,1.0,104.25
2025-05-18 06:00:00,2.42,2.46,1.0,104.25,1.0,104.25
2025-05-18 07:00:00,3.25,3.32,1.0,104.25,1.0,104.25
2025-05-18 08:00:00,2.71,2.82,1.0,104.25,1.0,104.25
2025-05-18 09:00:00,2.3,2.37,1.0,104.25,1.0,104.25
2025-05-18 10:00:00,2.99,3.13,1.0,104.25,1.0,104.25
2025-05-18 11:00:00,2.97,3.11,1.0,104.25,1.0,104.25
2025-05-18 12:00:00,2.33,2.44,1.0,104.25,1.0,104.25
2025-05-18 13:00:00,1.96,2.12,1.0,104.25,1.0,104.25
2025-05-18 14:00:00,2.24,2.42,1.0,104.25,1.0,104.25
2025-05-18 15:00:00,2.91,3.12,1.0,104.25,1.0,104.25
2025-05-18 16:00:00,3.19,3.45,1.0,104.25,1.0,104.25
2025-05-18 17:00:00,2.76,3.02,1.0,104.25,1.0,104.25
2025-05-18 18:00:00,1.92,2.08,1.0,104.25,1.0,104.25
2025-05-18 19:00:00,1.13,1.25,1.0,104.25,1.0,104.25
2025-05-18 20:00:00,1.19,1.32,1.0,104.25,1.0,104.25
2025-05-18 21:00:00,1.85,2.0,1.0,104.25,1.0,104.25
2025-05-18 22:00:00,1.7,1.75,1.0,104.25,1.0,104.25
2025-05-18 23:00:00,2.97,3.19,1.0,104.25,1.0,104.25
2025-05-19 00:00:00,2.24,2.39,1.0,104.25,1.0,104.25
2025-05-19 01:00:00,2.29,2.45,1.0,104.25,1.0,104.25
2025-05-19 02:00:00,2.6,2.74,1.0,104.25,1.0,104.25
2025-05-19 03:00:00,1.81,1.95,1.0,104.25,1.0,104.25
2025-05-19 04:00:00,2.36,2.46,1.0,104.25,1.0,104.25
2025-05-19 05:00:00,3.0,3.2,1.0,104.25,1.0,104.25
2025-05-19 06:00:00,2.95,3.15,1.0,104.25,1.0,104.25
2025-05-19 07:00:00,3.15,3.35,1.0,104.25,1.0,104.25
2025-05-19 08:00:00,3.15,3.35,1.0,104.25,1.0,104.25
2025-05-19 09:00:00,2.97,3.18,1.0,104.25,1.0,104.25
2025-05-19 10:00:00,3.01,3.2,1.0,104.25,1.0,104.25
2025-05-19 11:00:00,2.5,2.65,1.0,104.25,1.0,104.25
2025-05-19 12:00:00,2.34,2.55,1.0,104.25,1.0,104.25
2025-05-19 13:00:00,2.27,2.47,1.0,104.25,1.0,104.25
2025-05-19 14:00:00,2.55,2.89,1.0,104.25,1.0,104.25
2025-05-19 15:00:00,3.03,3.31,1.0,104.25,1.0,104.25
2025-05-19 16:00:00,2.84,3.01,1.0,104.25,1.0,104.25
2025-05-19 17:00:00,2.61,2.8,1.0,104.25,1.0,104.25
2025-05-19 18:00:00,2.71,2.95,1.0,104.25,1.0,104.25
2025-05-19 19:00:00,3.04,3.36,1.0,104.25,1.0,104.25
2025-05-19 20:00:00,3.5,3.9,1.0,104.25,1.0,104.25
2025-05-19 21:00:00,3.8,4.19,1.0,104.25,1.0,104.25
2025-05-19 22:00:00,2.83,3.31,1.0,104.25,1.0,104.25
2025-05-19 23:00:00,3.32,3.71,1.0,104.25,1.0,104.25
2025-05-20 00:00:00,3.97,4.52,1.0,104.25,1.0,104.25
2025-05-20 01:00:00,4.91,5.54,1.0,104.25,1.0,104.25
2025-05-20 02:00:00,6.17,6.89,1.0,104.25,1.0,104.25
2025-05-20 03:00:00,6.97,7.9,1.0,104.25,1.0,104.25
2025-05-20 04:00:00,7.31,8.28,1.0,104.25,1.0,104.25
2025-05-20 05:00:00,7.34,8.31,1.0,104.25,1.0,104.25
2025-05-20 06:00:00,7.17,8.14,1.0,104.25,1.0,104.25
2025-05-20 07:00:00,6.73,7.63,1.0,104.25,1.0,104.25
2025-05-20 08:00:00,5.96,6.72,1.0,104.25,1.0,104.25
2025-05-20 09:00:00,5.91,6.63,1.0,104.25,1.0,104.25
2025-05-20 10:00:00,5.16,6.01,1.0,104.25,1.0,104.25
2025-05-20 11:00:00,4.18,4.85,1.0,104.25,1.0,104.25
2025-05-20 12:00:00,4.68,5.3,1.0,104.25,1.0,104.25
2025-05-20 13:00:00,4.6,5.24,1.0,104.25,1.0,104.25
2025-05-20 14:00:00,3.7,4.23,1.0,104.25,1.0,104.25
2025-05-20 15:00:00,4.25,4.82,1.0,104.25,1.0,104.25
2025-05-20 16:00:00,4.37,4.94,1.0,104.25,1.0,104.25
2025-05-20 17:00:00,3.96,4.5,1.0,104.25,1.0,104.25
2025-05-20 18:00:00,3.47,3.92,1.0,104.25,1.0,104.25
2025-05-20 19:00:00,3.66,4.11,1.0,104.25,1.0,104.25
2025-05-20 20:00:00,3.68,4.07,1.0,104.25,1.0,104.25
2025-05-20 21:00:00,3.15,3.48,1.0,104.25,1.0,104.25
2025-05-20 22:00:00,2.76,3.01,1.0,104.25,1.0,104.25
2025-05-20 23:00:00,3.04,3.33,1.0,104.25,1.0,104.25
2025-05-21 00:00:00,3.96,4.35,1.0,104.25,1.0,104.25
2025-05-21 01:00:00,4.5,4.89,1.0,104.25,1.0,104.25
2025-05-21 02:00:00,4.96,5.46,1.0,104.25,1.0,104.25
2025-05-21 03:00:00,5.01,5.55,1.0,104.25,1.0,104.25
2025-05-21 04:00:00,4.71,5.22,1.0,104.25,1.0,104.25
2025-05-21 05:00:00,4.35,4.71,1.0,104.25,1.0,104.25
2025-05-21 06:00:00,3.94,4.32,1.0,104.25,1.0,104.25
2025-05-21 07:00:00,3.99,4.36,1.0,104.25,1.0,104.25
2025-05-21 08:00:00,4.08,4.46,1.0,104.25,1.0,104.25
2025-05-21 09:00:00,4.0,4.4,1.0,104.25,1.0,104.25
2025-05-21 10:00:00,3.59,4.0,1.0,104.25,1.0,104.25
2025-05-21 11:00:00,3.32,3.75,1.0,104.25,1.0,104.25
2025-05-21 12:00:00,2.44,2.75,1.0,104.25,1.0,104.25
2025-05-21 13:00:00,1.6,1.82,1.0,104.25,1.0,104.25
2025-05-21 14:00:00,1.41,1.66,1.0,104.25,1.0,104.25
2025-05-21 15:00:00,1.25,1.51,1.0,104.25,1.0,104.25
2025-05-21 16:00:00,0.96,1.07,1.0,104.25,1.0,104.25
2025-05-21 17:00:00,0.87,0.93,1.0,104.25,1.0,104.25
2025-05-21 18:00:00,0.98,0.94,1.0,104.25,1.0,104.25
2025-05-21 19:00:00,1.56,1.56,1.0,104.25,1.0,104.25
2025-05-21 20:00:00,1.4,1.4,1.0,104.25,1.0,104.25
2025-05-21 21:00:00,0.85,0.85,1.0,104.25,1.0,104.25
2025-05-21 22:00:00,1.41,1.48,1.0,104.25,1.0,104.25
2025-05-21 23:00:00,1.45,1.5,1.0,104.25,1.0,104.25
2025-05-22 00:00:00,2.17,2.22,1.0,104.25,1.0,104.25
2025-05-22 01:00:00,2.7,2.8,1.0,104.25,1.0,104.25
2025-05-22 02:00:00,2.16,2.26,1.0,104.25,1.0,104.25
2025-05-22 03:00:00,1.8,1.84,1.0,104.25,1.0,104.25
2025-05-22 04:00:00,1.96,2.06,1.0,104.25,1.0,104.25
2025-05-22 05:00:00,2.5,2.6,1.0,104.25,1.0,104.25
2025-05-22 06:00:00,2.76,2.84,1.0,104.25,1.0,104.25
2025-05-22 07:00:00,3.17,3.31,1.0,104.25,1.0,104.25
2025-05-22 08:00:00,3.36,3.56,1.0,104.25,1.0,104.25
2025-05-22 09:00:00,3.11,3.3,1.0,104.25,1.0,104.25
2025-05-22 10:00:00,2.4,2.62,1.0,104.25,1.0,104.25
2025-05-22 11:00:00,1.87,2.02,1.0,104.25,1.0,104.25
2025-05-22 12:00:00,1.6,1.76,1.0,104.25,1.0,104.25
2025-05-22 13:00:00,1.46,1.61,1.0,104.25,1.0,104.25
2025-05-22 14:00:00,2.04,2.23,1.0,104.25,1.0,104.25
2025-05-22 15:00:00,2.25,2.51,1.0,104.25,1.0,104.25
2025-05-22 16:00:00,2.69,2.95,1.0,104.25,1.0,104.25
2025-05-22 17:00:00,3.0,3.26,1.0,104.25,1.0,104.25
2025-05-22 18:00:00,3.57,3.93,1.0,104.25,1.0,104.25
2025-05-22 19:00:00,3.9,4.3,1.0,104.25,1.0,104.25
2025-05-22 20:00:00,4.4,4.9,1.0,104.25,1.0,104.25
2025-05-22 21:00:00,4.65,5.2,1.0,104.25,1.0,104.25
2025-05-22 22:00:00,4.32,4.78,1.0,104.25,1.0,104.25
2025-05-22 23:00:00,4.29,4.69,1.0,104.25,1.0,104.25
2025-05-23 00:00:00,4.57,5.0,1.0,104.25,1.0,104.25
2025-05-23 01:00:00,4.93,5.39,1.0,104.25,1.0,104.25
2025-05-23 02:00:00,4.91,5.34,1.0,104.25,1.0,104.25
2025-05-23 03:00:00,4.56,4.94,1.0,104.25,1.0,104.25
2025-05-23 04:00:00,4.09,4.39,1.0,104.25,1.0,104.25
2025-05-23 05:00:00,3.76,4.01,1.0,104.25,1.0,104.25
2025-05-23 06:00:00,4.11,4.42,1.0,104.25,1.0,104.25
2025-05-23 07:00:00,4.58,4.89,1.0,104.25,1.0,104.25
2025-05-23 08:00:00,4.79,5.2,1.0,104.25,1.0,104.25
2025-05-23 09:00:00,4.65,5.05,1.0,104.25,1.0,104.25
2025-05-23 10:00:00,4.25,4.77,1.0,104.25,1.0,104.25
2025-05-23 11:00:00,4.01,4.46,1.0,104.25,1.0,104.25
2025-05-23 12:00:00,3.66,4.11,1.0,104.25,1.0,104.25
2025-05-23 13:00:00,2.9,3.25,1.0,104.25,1.0,104.25
2025-05-23 14:00:00,1.79,2.04,1.0,104.25,1.0,104.25
2025-05-23 15:00:00,1.56,1.71,1.0,104.25,1.0,104.25
2025-05-23 16:00:00,1.39,1.5,1.0,104.25,1.0,104.25
2025-05-23 17:00:00,1.14,1.23,1.0,104.25,1.0,104.25
2025-05-23 18:00:00,1.27,1.29,1.0,104.25,1.0,104.25
2025-05-23 19:00:00,1.15,1.25,1.0,104.25,1.0,104.25
2025-05-23 20:00:00,0.32,0.4,1.0,104.25,1.0,104.25
2025-05-23 21:00:00,0.4,0.32,1.0,104.25,1.0,104.25
2025-05-23 22:00:00,1.75,1.82,1.0,104.25,1.0,104.25
2025-05-23 23:00:00,1.63,1.71,1.0,104.25,1.0,104.25
2025-05-24 00:00:00,1.46,1.59,1.0,104.25,1.0,104.25
2025-05-24 01:00:00,1.65,1.76,1.0,104.25,1.0,104.25
2025-05-24 02:00:00,2.35,2.5,1.0,104.25,1.0,104.25
2025-05-24 03:00:00,2.55,2.75,1.0,104.25,1.0,104.25
2025-05-24 04:00:00,2.67,2.82,1.0,104.25,1.0,104.25
2025-05-24 05:00:00,2.56,2.66,1.0,104.25,1.0,104.25
2025-05-24 06:00:00,2.44,2.53,1.0,104.25,1.0,104.25
2025-05-24 07:00:00,2.5,2.58,1.0,104.25,1.0,104.25
2025-05-24 08:00:00,2.38,2.52,1.0,104.25,1.0,104.25
2025-05-24 09:00:00,2.75,2.83,1.0,104.25,1.0,104.25
2025-05-24 10:00:00,2.21,2.45,1.0,104.25,1.0,104.25
2025-05-24 11:00:00,1.07,1.2,1.0,104.25,1.0,104.25
2025-05-24 12:00:00,1.65,1.71,1.0,104.25,1.0,104.25
2025-05-24 13:00:00,2.12,2.23,1.0,104.25,1.0,104.25
2025-05-24 14:00:00,3.18,3.38,1.0,104.25,1.0,104.25
2025-05-24 15:00:00,3.98,4.19,1.0,104.25,1.0,104.25
2025-05-24 16:00:00,3.49,3.74,1.0,104.25,1.0,104.25
2025-05-24 17:00:00,2.46,2.64,1.0,104.25,1.0,104.25
2025-05-24 18:00:00,2.04,2.25,1.0,104.25,1.0,104.25
2025-05-24 19:00:00,2.19,2.36,1.0,104.25,1.0,104.25
2025-05-24 20:00:00,1.76,1.92,1.0,104.25,1.0,104.25
2025-05-24 21:00:00,1.77,1.87,1.0,104.25,1.0,104.25
2025-05-24 22:00:00,2.66,2.77,1.0,104.25,1.0,104.25
2025-05-24 23:00:00,2.78,2.87,1.0,104.25,1.0,104.25
2025-05-25 00:00:00,3.18,3.4,1.0,104.25,1.0,104.25
2025-05-25 01:00:00,3.76,4.01,1.0,104.25,1.0,104.25
2025-05-25 02:00:00,3.91,4.19,1.0,104.25,1.0,104.25
2025-05-25 03:00:00,3.85,4.12,1.0,104.25,1.0,104.25
2025-05-25 04:00:00,3.42,3.69,1.0,104.25,1.0,104.25
2025-05-25 05:00:00,2.31,2.46,1.0,104.25,1.0,104.25
2025-05-25 06:00:00,1.14,1.23,1.0,104.25,1.0,104.25
2025-05-25 07:00:00,1.05,1.16,1.0,104.25,1.0,104.25
2025-05-25 08:00:00,1.12,1.17,1.0,104.25,1.0,104.25
2025-05-25 09:00:00,2.75,2.85,1.0,104.25,1.0,104.25
2025-05-25 10:00:00,2.35,2.35,1.0,104.25,1.0,104.25
2025-05-25 11:00:00,3.54,3.71,1.0,104.25,1.0,104.25
2025-05-25 12:00:00,3.75,4.04,1.0,104.25,1.0,104.25
2025-05-25 13:00:00,3.48,3.76,1.0,104.25,1.0,104.25
2025-05-25 14:00:00,3.42,3.72,1.0,104.25,1.0,104.25
2025-05-25 15:00:00,3.65,3.99,1.0,104.25,1.0,104.25
2025-05-25 16:00:00,4.12,4.56,1.0,104.25,1.0,104.25
2025-05-25 17:00:00,4.3,4.81,1.0,104.25,1.0,104.25
2025-05-25 18:00:00,4.55,5.05,1.0,104.25,1.0,104.25
2025-05-25 19:00:00,4.76,5.33,1.0,104.25,1.0,104.25
2025-05-25 20:00:00,4.98,5.58,1.0,104.25,1.0,104.25
2025-05-25 21:00:00,5.26,5.9,1.0,104.25,1.0,104.25
2025-05-25 22:00:00,4.68,5.22,1.0,104.25,1.0,104.25
2025-05-25 23:00:00,5.04,5.65,1.0,104.25,1.0,104.25
2025-05-26 00:00:00,5.56,6.17,1.0,104.25,1.0,104.25
2025-05-26 01:00:00,5.79,6.37,1.0,104.25,1.0,104.25
2025-05-26 02:00:00,5.23,5.75,1.0,104.25,1.0,104.25
2025-05-26 03:00:00,4.4,4.77,1.0,104.25,1.0,104.25
2025-05-26 04:00:00,4.05,4.35,1.0,104.25,1.0,104.25
2025-05-26 05:00:00,3.31,3.56,1.0,104.25,1.0,104.25
2025-05-26 06:00:00,2.67,2.84,1.0,104.25,1.0,104.25
2025-05-26 07:00:00,2.17,2.28,1.0,104.25,1.0,104.25
2025-05-26 08:00:00,1.9,2.04,1.0,104.25,1.0,104.25
2025-05-26 09:00:00,1.66,1.77,1.0,104.25,1.0,104.25
2025-05-26 10:00:00,1.49,1.53,1.0,104.25,1.0,104.25
2025-05-26 11:00:00,2.14,2.24,1.0,104.25,1.0,104.25
2025-05-26 12:00:00,2.99,3.16,1.0,104.25,1.0,104.25
2025-05-26 13:00:00,3.65,3.86,1.0,104.25,1.0,104.25
2025-05-26 14:00:00,3.61,3.89,1.0,104.25,1.0,104.25
2025-05-26 15:00:00,3.43,3.61,1.0,104.25,1.0,104.25
2025-05-26 16:00:00,3.23,3.37,1.0,104.25,1.0,104.25
2025-05-26 17:00:00,3.38,3.53,1.0,104.25,1.0,104.25
2025-05-26 18:00:00,3.35,3.56,1.0,104.25,1.0,104.25
2025-05-26 19:00:00,3.13,3.35,1.0,104.25,1.0,104.25
2025-05-26 20:00:00,2.64,2.8,1.0,104.25,1.0,104.25
2025-05-26 21:00:00,1.99,2.09,1.0,104.25,1.0,104.25
2025-05-26 22:00:00,2.16,2.27,1.0,104.25,1.0,104.25
2025-05-26 23:00:00,2.24,2.31,1.0,104.25,1.0,104.25
2025-05-27 00:00:00,2.79,3.01,1.0,104.25,1.0,104.25
2025-05-27 01:00:00,3.54,3.82,1.0,104.25,1.0,104.25
2025-05-27 02:00:00,3.56,3.88,1.0,104.25,1.0,104.25
2025-05-27 03:00:00,3.16,3.37,1.0,104.25,1.0,104.25
2025-05-27 04:00:00,1.99,2.17,1.0,104.25,1.0,104.25
2025-05-27 05:00:00,0.92,1.03,1.0,104.25,1.0,104.25
2025-05-27 06:00:00,0.7,0.7,1.0,104.25,1.0,104.25
2025-05-27 07:00:00,2.12,2.16,1.0,104.25,1.0,104.25
2025-05-27 08:00:00,2.42,2.52,1.0,104.25,1.0,104.25
2025-05-27 09:00:00,2.26,2.35,1.0,104.25,1.0,104.25
2025-05-27 10:00:00,2.53,2.66,1.0,104.25,1.0,104.25
2025-05-27 11:00:00,3.67,3.88,1.0,104.25,1.0,104.25
2025-05-27 12:00:00,3.77,4.01,1.0,104.25,1.0,104.25
2025-05-27 13:00:00,3.44,3.69,1.0,104.25,1.0,104.25
2025-05-27 14:00:00,3.7,3.94,1.0,104.25,1.0,104.25
2025-05-27 15:00:00,2.89,3.15,1.0,104.25,1.0,104.25
2025-05-27 16:00:00,2.09,2.27,1.0,104.25,1.0,104.25
2025-05-27 17:00:00,1.91,2.06,1.0,104.25,1.0,104.25
2025-05-27 18:00:00,1.53,1.64,1.0,104.25,1.0,104.25
2025-05-27 19:00:00,1.59,1.63,1.0,104.25,1.0,104.25
2025-05-27 20:00:00,2.25,2.43,1.0,104.25,1.0,104.25
2025-05-27 21:00:00,2.71,2.96,1.0,104.25,1.0,104.25
2025-05-27 22:00:00,2.41,2.51,1.0,104.25,1.0,104.25
2025-05-27 23:00:00,1.73,1.8,1.0,104.25,1.0,104.25
2025-05-28 00:00:00,1.49,1.6,1.0,104.25,1.0,104.25
2025-05-28 01:00:00,1.81,1.91,1.0,104.25,1.0,104.25
2025-05-28 02:00:00,2.53,2.71,1.0,104.25,1.0,104.25
2025-05-28 03:00:00,2.93,3.15,1.0,104.25,1.0,104.25
2025-05-28 04:00:00,3.04,3.31,1.0,104.25,1.0,104.25
2025-05-28 05:00:00,3.52,3.82,1.0,104.25,1.0,104.25
2025-05-28 06:00:00,3.64,3.93,1.0,104.25,1.0,104.25
2025-05-28 07:00:00,3.47,3.72,1.0,104.25,1.0,104.25
2025-05-28 08:00:00,3.4,3.72,1.0,104.25,1.0,104.25
2025-05-28 09:00:00,3.82,4.1,1.0,104.25,1.0,104.25
2025-05-28 10:00:00,4.83,5.28,1.0,104.25,1.0,104.25
2025-05-28 11:00:00,5.22,5.69,1.0,104.25,1.0,104.25
2025-05-28 12:00:00,4.69,5.23,1.0,104.25,1.0,104.25
2025-05-28 13:00:00,4.39,4.82,1.0,104.25,1.0,104.25
2025-05-28 14:00:00,4.59,5.08,1.0,104.25,1.0,104.25
2025-05-28 15:00:00,4.58,5.17,1.0,104.25,1.0,104.25
2025-05-28 16:00:00,4.83,5.47,1.0,104.25,1.0,104.25
2025-05-28 17:00:00,5.22,5.97,1.0,104.25,1.0,104.25
2025-05-28 18:00:00,4.88,5.55,1.0,104.25,1.0,104.25
2025-05-28 19:00:00,4.41,4.94,1.0,104.25,1.0,104.25
2025-05-28 20:00:00,4.42,4.95,1.0,104.25,1.0,104.25
2025-05-28 21:00:00,4.77,5.34,1.0,104.25,1.0,104.25
2025-05-28 22:00:00,4.03,4.5,1.0,104.25,1.0,104.25
2025-05-28 23:00:00,5.06,5.74,1.0,104.25,1.0,104.25
2025-05-29 00:00:00,5.11,5.72,1.0,104.25,1.0,104.25
2025-05-29 01:00:00,4.46,4.91,1.0,104.25,1.0,104.25
2025-05-29 02:00:00,3.95,4.32,1.0,104.25,1.0,104.25
2025-05-29 03:00:00,4.21,4.52,1.0,104.25,1.0,104.25
2025-05-29 04:00:00,3.61,3.86,1.0,104.25,1.0,104.25
2025-05-29 05:00:00,3.1,3.35,1.0,104.25,1.0,104.25
2025-05-29 06:00:00,2.69,2.89,1.0,104.25,1.0,104.25
2025-05-29 07:00:00,2.02,2.17,1.0,104.25,1.0,104.25
2025-05-29 08:00:00,1.43,1.5,1.0,104.25,1.0,104.25
2025-05-29 09:00:00,1.49,1.48,1.0,104.25,1.0,104.25
2025-05-29 10:00:00,1.3,1.33,1.0,104.25,1.0,104.25
2025-05-29 11:00:00,2.22,2.28,1.0,104.25,1.0,104.25
2025-05-29 12:00:00,2.53,2.68,1.0,104.25,1.0,104.25
2025-05-29 13:00:00,2.58,2.68,1.0,104.25,1.0,104.25
2025-05-29 14:00:00,2.96,3.14,1.0,104.25,1.0,104.25
2025-05-29 15:00:00,3.32,3.57,1.0,104.25,1.0,104.25
2025-05-29 16:00:00,3.5,3.79,1.0,104.25,1.0,104.25
2025-05-29 17:00:00,3.72,4.07,1.0,104.25,1.0,104.25
2025-05-29 18:00:00,3.48,3.83,1.0,104.25,1.0,104.25
2025-05-29 19:00:00,3.47,3.74,1.0,104.25,1.0,104.25
2025-05-29 20:00:00,3.88,4.22,1.0,104.25,1.0,104.25
2025-05-29 21:00:00,4.21,4.68,1.0,104.25,1.0,104.25
2025-05-29 22:00:00,3.82,4.17,1.0,104.25,1.0,104.25
2025-05-29 23:00:00,3.4,3.78,1.0,104.25,1.0,104.25
2025-05-30 00:00:00,3.46,3.86,1.0,104.25,1.0,104.25
2025-05-30 01:00:00,3.52,3.95,1.0,104.25,1.0,104.25
2025-05-30 02:00:00,4.66,5.08,1.0,104.25,1.0,104.25
2025-05-30 03:00:00,6.17,6.75,1.0,104.25,1.0,104.25
2025-05-30 04:00:00,6.11,6.76,1.0,104.25,1.0,104.25
2025-05-30 05:00:00,5.66,6.22,1.0,104.25,1.0,104.25
2025-05-30 06:00:00,5.01,5.51,1.0,104.25,1.0,104.25
2025-05-30 07:00:00,4.6,5.02,1.0,104.25,1.0,104.25
2025-05-30 08:00:00,4.55,5.02,1.0,104.25,1.0,104.25
2025-05-30 09:00:00,4.7,5.19,1.0,104.25,1.0,104.25
2025-05-30 10:00:00,2.8,3.15,1.0,104.25,1.0,104.25
2025-05-30 11:00:00,2.87,3.23,1.0,104.25,1.0,104.25
2025-05-30 12:00:00,2.39,2.68,1.0,104.25,1.0,104.25
2025-05-30 13:00:00,2.38,2.69,1.0,104.25,1.0,104.25
2025-05-30 14:00:00,2.93,3.23,1.0,104.25,1.0,104.25
2025-05-30 15:00:00,2.72,2.99,1.0,104.25,1.0,104.25
2025-05-30 16:00:00,2.55,2.8,1.0,104.25,1.0,104.25
2025-05-30 17:00:00,2.51,2.8,1.0,104.25,1.0,104.25
2025-05-30 18:00:00,2.07,2.37,1.0,104.25,1.0,104.25
2025-05-30 19:00:00,2.08,2.3,1.0,104.25,1.0,104.25
2025-05-30 20:00:00,2.72,2.93,1.0,104.25,1.0,104.25
2025-05-30 21:00:00,3.66,4.02,1.0,104.25,1.0,104.25
2025-05-30 22:00:00,2.15,2.44,1.0,104.25,1.0,104.25
2025-05-30 23:00:00,2.66,2.84,1.0,104.25,1.0,104.25
2025-05-31 00:00:00,2.66,2.79,1.0,104.25,1.0,104.25
2025-05-31 01:00:00,2.17,2.26,1.0,104.25,1.0,104.25
2025-05-31 02:00:00,1.81,1.91,1.0,104.25,1.0,104.25
2025-05-31 03:00:00,1.75,1.89,1.0,104.25,1.0,104.25
2025-05-31 04:00:00,2.53,2.66,1.0,104.25,1.0,104.25
2025-05-31 05:00:00,3.54,3.8,1.0,104.25,1.0,104.25
2025-05-31 06:00:00,4.16,4.46,1.0,104.25,1.0,104.25
2025-05-31 07:00:00,4.15,4.5,1.0,104.25,1.0,104.25
2025-05-31 08:00:00,3.76,4.07,1.0,104.25,1.0,104.25
2025-05-31 09:00:00,3.31,3.51,1.0,104.25,1.0,104.25
2025-05-31 10:00:00,2.9,3.11,1.0,104.25,1.0,104.25
2025-05-31 11:00:00,2.47,2.62,1.0,104.25,1.0,104.25
2025-05-31 12:00:00,2.67,2.8,1.0,104.25,1.0,104.25
2025-05-31 13:00:00,2.99,3.19,1.0,104.25,1.0,104.25
2025-05-31 14:00:00,3.04,3.24,1.0,104.25,1.0,104.25
2025-05-31 15:00:00,2.79,3.03,1.0,104.25,1.0,104.25
2025-05-31 16:00:00,2.62,2.86,1.0,104.25,1.0,104.25
2025-05-31 17:00:00,2.57,2.76,1.0,104.25,1.0,104.25
2025-05-31 18:00:00,2.59,2.78,1.0,104.25,1.0,104.25
2025-05-31 19:00:00,3.31,3.66,1.0,104.25,1.0,104.25
2025-05-31 20:00:00,3.46,3.87,1.0,104.25,1.0,104.25
2025-05-31 21:00:00,4.0,4.46,1.0,104.25,1.0,104.25
2025-05-31 22:00:00,4.22,4.62,1.0,104.25,1.0,104.25
2025-05-31 23:00:00,4.75,5.25,1.0,104.25,1.0,104.25
2025-06-01 00:00:00,4.95,5.45,1.0,104.25,1.0,104.25
2025-06-01 01:00:00,5.14,5.64,1.0,104.25,1.0,104.25
2025-06-01 02:00:00,4.77,5.22,1.0,104.25,1.0,104.25
2025-06-01 03:00:00,4.2,4.55,1.0,104.25,1.0,104.25
2025-06-01 04:00:00,3.36,3.66,1.0,104.25,1.0,104.25
2025-06-01 05:00:00,3.04,3.26,1.0,104.25,1.0,104.25
2025-06-01 06:00:00,3.43,3.7,1.0,104.25,1.0,104.25
2025-06-01 07:00:00,3.85,4.2,1.0,104.25,1.0,104.25
2025-06-01 08:00:00,4.3,4.66,1.0,104.25,1.0,104.25
2025-06-01 09:00:00,4.98,5.45,1.0,104.25,1.0,104.25
2025-06-01 10:00:00,5.67,6.35,1.0,104.25,1.0,104.25
2025-06-01 11:00:00,7.12,8.05,1.0,104.25,1.0,104.25
2025-06-01 12:00:00,6.98,7.98,1.0,104.25,1.0,104.25
2025-06-01 13:00:00,6.61,7.54,1.0,104.25,1.0,104.25
2025-06-01 14:00:00,6.22,7.11,1.0,104.25,1.0,104.25
2025-06-01 15:00:00,5.49,6.27,1.0,104.25,1.0,104.25
2025-06-01 16:00:00,5.06,5.7,1.0,104.25,1.0,104.25
2025-06-01 17:00:00,4.42,4.99,1.0,104.25,1.0,104.25
2025-06-01 18:00:00,3.89,4.32,1.0,104.25,1.0,104.25
2025-06-01 19:00:00,3.9,4.33,1.0,104.25,1.0,104.25
2025-06-01 20:00:00,3.71,4.11,1.0,104.25,1.0,104.25
2025-06-01 21:00:00,3.25,3.57,1.0,104.25,1.0,104.25
2025-06-01 22:00:00,1.93,2.13,1.0,104.25,1.0,104.25
2025-06-01 23:00:00,2.29,2.49,1.0,104.25,1.0,104.25
2025-06-02 00:00:00,2.63,2.83,1.0,104.25,1.0,104.25
2025-06-02 01:00:00,2.62,2.81,1.0,104.25,1.0,104.25
2025-06-02 02:00:00,3.3,3.5,1.0,104.25,1.0,104.25
2025-06-02 03:00:00,2.97,3.13,1.0,104.25,1.0,104.25
2025-06-02 04:00:00,3.36,3.56,1.0,104.25,1.0,104.25
2025-06-02 05:00:00,3.6,3.81,1.0,104.25,1.0,104.25
2025-06-02 06:00:00,4.09,4.39,1.0,104.25,1.0,104.25
2025-06-02 07:00:00,4.32,4.67,1.0,104.25,1.0,104.25
2025-06-02 08:00:00,4.6,4.95,1.0,104.25,1.0,104.25
2025-06-02 09:00:00,5.12,5.63,1.0,104.25,1.0,104.25
2025-06-02 10:00:00,4.72,5.22,1.0,104.25,1.0,104.25
2025-06-02 11:00:00,4.67,5.23,1.0,104.25,1.0,104.25
2025-06-02 12:00:00,4.41,4.95,1.0,104.25,1.0,104.25
2025-06-02 13:00:00,4.54,5.08,1.0,104.25,1.0,104.25
2025-06-02 14:00:00,4.41,4.92,1.0,104.25,1.0,104.25
2025-06-02 15:00:00,4.22,4.72,1.0,104.25,1.0,104.25
2025-06-02 16:00:00,4.03,4.51,1.0,104.25,1.0,104.25
2025-06-02 17:00:00,4.09,4.58,1.0,104.25,1.0,104.25
2025-06-02 18:00:00,4.07,4.6,1.0,104.25,1.0,104.25
2025-06-02 19:00:00,3.7,4.17,1.0,104.25,1.0,104.25
2025-06-02 20:00:00,3.56,3.98,1.0,104.25,1.0,104.25
2025-06-02 21:00:00,3.64,4.1,1.0,104.25,1.0,104.25
2025-06-02 22:00:00,3.38,3.72,1.0,104.25,1.0,104.25
2025-06-02 23:00:00,3.85,4.25,1.0,104.25,1.0,104.25
2025-06-03 00:00:00,4.07,4.49,1.0,104.25,1.0,104.25
2025-06-03 01:00:00,4.32,4.73,1.0,104.25,1.0,104.25
2025-06-03 02:00:00,4.26,4.61,1.0,104.25,1.0,104.25
2025-06-03 03:00:00,3.8,4.09,1.0,104.25,1.0,104.25
2025-06-03 04:00:00,3.51,3.76,1.0,104.25,1.0,104.25
2025-06-03 05:00:00,3.5,3.7,1.0,104.25,1.0,104.25
2025-06-03 06:00:00,3.3,3.5,1.0,104.25,1.0,104.25
2025-06-03 07:00:00,3.08,3.28,1.0,104.25,1.0,104.25
2025-06-03 08:00:00,3.08,3.3,1.0,104.25,1.0,104.25
2025-06-03 09:00:00,3.34,3.63,1.0,104.25,1.0,104.25
2025-06-03 10:00:00,2.48,2.66,1.0,104.25,1.0,104.25
2025-06-03 11:00:00,3.45,3.81,1.0,104.25,1.0,104.25
2025-06-03 12:00:00,3.76,4.19,1.0,104.25,1.0,104.25
2025-06-03 13:00:00,4.01,4.5,1.0,104.25,1.0,104.25
2025-06-03 14:00:00,4.08,4.61,1.0,104.25,1.0,104.25
2025-06-03 15:00:00,3.25,3.67,1.0,104.25,1.0,104.25
2025-06-03 16:00:00,2.53,2.74,1.0,104.25,1.0,104.25
2025-06-03 17:00:00,2.75,2.89,1.0,104.25,1.0,104.25
2025-06-03 18:00:00,2.44,2.59,1.0,104.25,1.0,104.25
2025-06-03 19:00:00,2.42,2.56,1.0,104.25,1.0,104.25
2025-06-03 20:00:00,2.76,2.94,1.0,104.25,1.0,104.25
2025-06-03 21:00:00,3.09,3.38,1.0,104.25,1.0,104.25
2025-06-03 22:00:00,3.16,3.49,1.0,104.25,1.0,104.25
2025-06-03 23:00:00,3.45,3.83,1.0,104.25,1.0,104.25
2025-06-04 00:00:00,3.58,4.03,1.0,104.25,1.0,104.25
2025-06-04 01:00:00,3.47,3.78,1.0,104.25,1.0,104.25
2025-06-04 02:00:00,3.08,3.4,1.0,104.25,1.0,104.25
2025-06-04 03:00:00,3.31,3.56,1.0,104.25,1.0,104.25
2025-06-04 04:00:00,4.21,4.51,1.0,104.25,1.0,104.25
2025-06-04 05:00:00,4.6,4.94,1.0,104.25,1.0,104.25
2025-06-04 06:00:00,4.97,5.37,1.0,104.25,1.0,104.25
2025-06-04 07:00:00,5.0,5.45,1.0,104.25,1.0,104.25
2025-06-04 08:00:00,4.79,5.21,1.0,104.25,1.0,104.25
2025-06-04 09:00:00,4.85,5.27,1.0,104.25,1.0,104.25
2025-06-04 10:00:00,3.08,3.4,1.0,104.25,1.0,104.25
2025-06-04 11:00:00,1.99,2.17,1.0,104.25,1.0,104.25
2025-06-04 12:00:00,2.01,2.16,1.0,104.25,1.0,104.25
2025-06-04 13:00:00,1.6,1.75,1.0,104.25,1.0,104.25
2025-06-04 14:00:00,2.21,2.37,1.0,104.25,1.0,104.25
2025-06-04 15:00:00,2.93,3.16,1.0,104.25,1.0,104.25
2025-06-04 16:00:00,3.38,3.72,1.0,104.25,1.0,104.25
2025-06-04 17:00:00,3.69,4.06,1.0,104.25,1.0,104.25
2025-06-04 18:00:00,3.91,4.35,1.0,104.25,1.0,104.25
2025-06-04 19:00:00,3.09,3.51,1.0,104.25,1.0,104.25
2025-06-04 20:00:00,2.59,2.88,1.0,104.25,1.0,104.25
2025-06-04 21:00:00,2.8,3.07,1.0,104.25,1.0,104.25
2025-06-04 22:00:00,2.51,2.9,1.0,104.25,1.0,104.25
2025-06-04 23:00:00,3.49,3.94,1.0,104.25,1.0,104.25
2025-06-05 00:00:00,3.38,3.87,1.0,104.25,1.0,104.25
2025-06-05 01:00:00,4.92,5.44,1.0,104.25,1.0,104.25
2025-06-05 02:00:00,6.2,6.84,1.0,104.25,1.0,104.25
2025-06-05 03:00:00,6.28,7.03,1.0,104.25,1.0,104.25
2025-06-05 04:00:00,5.3,5.9,1.0,104.25,1.0,104.25
2025-06-05 05:00:00,4.11,4.46,1.0,104.25,1.0,104.25
2025-06-05 06:00:00,4.06,4.35,1.0,104.25,1.0,104.25
2025-06-05 07:00:00,3.29,3.54,1.0,104.25,1.0,104.25
2025-06-05 08:00:00,3.26,3.5,1.0,104.25,1.0,104.25
2025-06-05 09:00:00,2.71,2.95,1.0,104.25,1.0,104.25
2025-06-05 10:00:00,2.35,2.55,1.0,104.25,1.0,104.25
2025-06-05 11:00:00,2.31,2.44,1.0,104.25,1.0,104.25
2025-06-05 12:00:00,2.23,2.36,1.0,104.25,1.0,104.25
2025-06-05 13:00:00,2.03,2.17,1.0,104.25,1.0,104.25
2025-06-05 14:00:00,2.24,2.39,1.0,104.25,1.0,104.25
2025-06-05 15:00:00,2.42,2.55,1.0,104.25,1.0,104.25
2025-06-05 16:00:00,2.73,2.92,1.0,104.25,1.0,104.25
2025-06-05 17:00:00,2.3,2.41,1.0,104.25,1.0,104.25
2025-06-05 18:00:00,2.09,2.12,1.0,104.25,1.0,104.25
2025-06-05 19:00:00,2.39,2.47,1.0,104.25,1.0,104.25
2025-06-05 20:00:00,2.51,2.67,1.0,104.25,1.0,104.25
2025-06-05 21:00:00,2.7,2.85,1.0,104.25,1.0,104.25
2025-06-05 22:00:00,2.41,2.66,1.0,104.25,1.0,104.25
2025-06-05 23:00:00,3.72,3.92,1.0,104.25,1.0,104.25
2025-06-06 00:00:00,4.45,4.88,1.0,104.25,1.0,104.25
2025-06-06 01:00:00,5.27,5.62,1.0,104.25,1.0,104.25
2025-06-06 02:00:00,6.03,6.52,1.0,104.25,1.0,104.25
2025-06-06 03:00:00,6.61,7.24,1.0,104.25,1.0,104.25
2025-06-06 04:00:00,6.44,7.07,1.0,104.25,1.0,104.25
2025-06-06 05:00:00,5.95,6.54,1.0,104.25,1.0,104.25
2025-06-06 06:00:00,5.67,6.15,1.0,104.25,1.0,104.25
2025-06-06 07:00:00,5.44,5.85,1.0,104.25,1.0,104.25
2025-06-06 08:00:00,4.88,5.21,1.0,104.25,1.0,104.25
2025-06-06 09:00:00,3.81,3.94,1.0,104.25,1.0,104.25
2025-06-06 10:00:00,3.08,3.32,1.0,104.25,1.0,104.25
2025-06-06 11:00:00,2.66,2.86,1.0,104.25,1.0,104.25
2025-06-06 12:00:00,2.89,3.08,1.0,104.25,1.0,104.25
2025-06-06 13:00:00,3.27,3.56,1.0,104.25,1.0,104.25
2025-06-06 14:00:00,3.05,3.35,1.0,104.25,1.0,104.25
2025-06-06 15:00:00,3.03,3.34,1.0,104.25,1.0,104.25
2025-06-06 16:00:00,3.91,4.24,1.0,104.25,1.0,104.25
2025-06-06 17:00:00,4.67,5.11,1.0,104.25,1.0,104.25
2025-06-06 18:00:00,4.96,5.5,1.0,104.25,1.0,104.25
2025-06-06 19:00:00,5.36,5.95,1.0,104.25,1.0,104.25
2025-06-06 20:00:00,5.31,5.88,1.0,104.25,1.0,104.25
2025-06-06 21:00:00,5.08,5.62,1.0,104.25,1.0,104.25
2025-06-06 22:00:00,4.23,4.64,1.0,104.25,1.0,104.25
2025-06-06 23:00:00,4.82,5.3,1.0,104.25,1.0,104.25
2025-06-07 00:00:00,5.06,5.57,1.0,104.25,1.0,104.25
2025-06-07 01:00:00,5.01,5.5,1.0,104.25,1.0,104.25
2025-06-07 02:00:00,5.5,5.99,1.0,104.25,1.0,104.25
2025-06-07 03:00:00,5.89,6.45,1.0,104.25,1.0,104.25
2025-06-07 04:00:00,5.95,6.55,1.0,104.25,1.0,104.25
2025-06-07 05:00:00,5.69,6.22,1.0,104.25,1.0,104.25
2025-06-07 06:00:00,5.43,5.95,1.0,104.25,1.0,104.25
2025-06-07 07:00:00,5.55,6.08,1.0,104.25,1.0,104.25
2025-06-07 08:00:00,5.65,6.18,1.0,104.25,1.0,104.25
2025-06-07 09:00:00,5.63,6.21,1.0,104.25,1.0,104.25
2025-06-07 10:00:00,5.02,5.62,1.0,104.25,1.0,104.25
2025-06-07 11:00:00,4.16,4.59,1.0,104.25,1.0,104.25
2025-06-07 12:00:00,5.01,5.61,1.0,104.25,1.0,104.25
2025-06-07 13:00:00,4.81,5.33,1.0,104.25,1.0,104.25
2025-06-07 14:00:00,4.61,5.12,1.0,104.25,1.0,104.25
2025-06-07 15:00:00,4.13,4.65,1.0,104.25,1.0,104.25
2025-06-07 16:00:00,3.49,3.96,1.0,104.25,1.0,104.25
2025-06-07 17:00:00,3.46,3.83,1.0,104.25,1.0,104.25
2025-06-07 18:00:00,3.39,3.75,1.0,104.25,1.0,104.25
2025-06-07 19:00:00,2.93,3.24,1.0,104.25,1.0,104.25
2025-06-07 20:00:00,2.5,2.8,1.0,104.25,1.0,104.25
2025-06-07 21:00:00,2.6,2.9,1.0,104.25,1.0,104.25
2025-06-07 22:00:00,2.65,2.85,1.0,104.25,1.0,104.25
2025-06-07 23:00:00,2.56,2.75,1.0,104.25,1.0,104.25
2025-06-08 00:00:00,2.27,2.45,1.0,104.25,1.0,104.25
2025-06-08 01:00:00,2.96,3.2,1.0,104.25,1.0,104.25
2025-06-08 02:00:00,3.85,4.17,1.0,104.25,1.0,104.25
2025-06-08 03:00:00,4.11,4.43,1.0,104.25,1.0,104.25
2025-06-08 04:00:00,3.97,4.27,1.0,104.25,1.0,104.25
2025-06-08 05:00:00,3.6,3.9,1.0,104.25,1.0,104.25
2025-06-08 06:00:00,3.21,3.45,1.0,104.25,1.0,104.25
2025-06-08 07:00:00,2.56,2.74,1.0,104.25,1.0,104.25
2025-06-08 08:00:00,2.46,2.64,1.0,104.25,1.0,104.25
2025-06-08 09:00:00,2.55,2.73,1.0,104.25,1.0,104.25
2025-06-08 10:00:00,2.4,2.55,1.0,104.25,1.0,104.25
2025-06-08 11:00:00,4.35,4.7,1.0,104.25,1.0,104.25
2025-06-08 12:00:00,3.42,3.83,1.0,104.25,1.0,104.25
2025-06-08 13:00:00,2.35,2.55,1.0,104.25,1.0,104.25
2025-06-08 14:00:00,2.43,2.57,1.0,104.25,1.0,104.25
2025-06-08 15:00:00,2.08,2.19,1.0,104.25,1.0,104.25
2025-06-08 16:00:00,2.18,2.29,1.0,104.25,1.0,104.25
2025-06-08 17:00:00,2.05,2.19,1.0,104.25,1.0,104.25
2025-06-08 18:00:00,2.14,2.28,1.0,104.25,1.0,104.25
2025-06-08 19:00:00,2.45,2.62,1.0,104.25,1.0,104.25
2025-06-08 20:00:00,2.55,2.79,1.0,104.25,1.0,104.25
2025-06-08 21:00:00,2.72,2.98,1.0,104.25,1.0,104.25
2025-06-08 22:00:00,1.94,2.15,1.0,104.25,1.0,104.25
2025-06-08 23:00:00,1.66,1.76,1.0,104.25,1.0,104.25
2025-06-09 00:00:00,1.39,1.49,1.0,104.25,1.0,104.25
2025-06-09 01:00:00,1.67,1.75,1.0,104.25,1.0,104.25
2025-06-09 02:00:00,2.05,2.23,1.0,104.25,1.0,104.25
2025-06-09 03:00:00,1.71,1.85,1.0,104.25,1.0,104.25
2025-06-09 04:00:00,2.43,2.54,1.0,104.25,1.0,104.25
2025-06-09 05:00:00,3.08,3.26,1.0,104.25,1.0,104.25
2025-06-09 06:00:00,2.95,3.09,1.0,104.25,1.0,104.25
2025-06-09 07:00:00,2.55,2.73,1.0,104.25,1.0,104.25
2025-06-09 08:00:00,2.47,2.58,1.0,104.25,1.0,104.25
2025-06-09 09:00:00,2.43,2.57,1.0,104.25,1.0,104.25
2025-06-09 10:00:00,2.6,2.76,1.0,104.25,1.0,104.25
2025-06-09 11:00:00,2.93,3.19,1.0,104.25,1.0,104.25
2025-06-09 12:00:00,3.1,3.42,1.0,104.25,1.0,104.25
2025-06-09 13:00:00,3.31,3.58,1.0,104.25,1.0,104.25
2025-06-09 14:00:00,3.64,3.89,1.0,104.25,1.0,104.25
2025-06-09 15:00:00,3.68,3.96,1.0,104.25,1.0,104.25
2025-06-09 16:00:00,3.48,3.8,1.0,104.25,1.0,104.25
2025-06-09 17:00:00,3.54,3.87,1.0,104.25,1.0,104.25
2025-06-09 18:00:00,3.44,3.75,1.0,104.25,1.0,104.25
2025-06-09 19:00:00,3.58,3.98,1.0,104.25,1.0,104.25
2025-06-09 20:00:00,3.94,4.38,1.0,104.25,1.0,104.25
2025-06-09 21:00:00,4.04,4.45,1.0,104.25,1.0,104.25
2025-06-09 22:00:00,6.3,6.9,1.0,104.25,1.0,104.25
2025-06-09 23:00:00,6.66,7.47,1.0,104.25,1.0,104.25
2025-06-10 00:00:00,6.62,7.39,1.0,104.25,1.0,104.25
2025-06-10 01:00:00,6.77,7.54,1.0,104.25,1.0,104.25
2025-06-10 02:00:00,6.65,7.34,1.0,104.25,1.0,104.25
2025-06-10 03:00:00,6.51,7.15,1.0,104.25,1.0,104.25
2025-06-10 04:00:00,6.31,6.87,1.0,104.25,1.0,104.25
2025-06-10 05:00:00,5.84,6.33,1.0,104.25,1.0,104.25
2025-06-10 06:00:00,5.59,6.06,1.0,104.25,1.0,104.25
2025-06-10 07:00:00,5.28,5.71,1.0,104.25,1.0,104.25
2025-06-10 08:00:00,5.02,5.43,1.0,104.25,1.0,104.25
2025-06-10 09:00:00,4.24,4.56,1.0,104.25,1.0,104.25
2025-06-10 10:00:00,2.66,2.81,1.0,104.25,1.0,104.25
2025-06-10 11:00:00,3.7,3.85,1.0,104.25,1.0,104.25
2025-06-10 12:00:00,3.13,3.24,1.0,104.25,1.0,104.25
2025-06-10 13:00:00,2.75,2.81,1.0,104.25,1.0,104.25
2025-06-10 14:00:00,2.6,2.65,1.0,104.25,1.0,104.25
2025-06-10 15:00:00,2.39,2.44,1.0,104.25,1.0,104.25
2025-06-10 16:00:00,1.91,1.94,1.0,104.25,1.0,104.25
2025-06-10 17:00:00,1.63,1.63,1.0,104.25,1.0,104.25
2025-06-10 18:00:00,1.56,1.64,1.0,104.25,1.0,104.25
2025-06-10 19:00:00,1.97,2.07,1.0,104.25,1.0,104.25
2025-06-10 20:00:00,2.22,2.33,1.0,104.25,1.0,104.25
2025-06-10 21:00:00,2.42,2.59,1.0,104.25,1.0,104.25
2025-06-10 22:00:00,2.62,2.87,1.0,104.25,1.0,104.25
2025-06-10 23:00:00,2.4,2.67,1.0,104.25,1.0,104.25
2025-06-11 00:00:00,2.26,2.43,1.0,104.25,1.0,104.25
2025-06-11 01:00:00,2.32,2.48,1.0,104.25,1.0,104.25
2025-06-11 02:00:00,3.45,3.65,1.0,104.25,1.0,104.25
2025-06-11 03:00:00,3.74,4.01,1.0,104.25,1.0,104.25
2025-06-11 04:00:00,3.95,4.21,1.0,104.25,1.0,104.25
2025-06-11 05:00:00,3.95,4.21,1.0,104.25,1.0,104.25
2025-06-11 06:00:00,3.85,4.15,1.0,104.25,1.0,104.25
2025-06-11 07:00:00,3.9,4.21,1.0,104.25,1.0,104.25
2025-06-11 08:00:00,4.1,4.46,1.0,104.25,1.0,104.25
2025-06-11 09:00:00,4.22,4.58,1.0,104.25,1.0,104.25
2025-06-11 10:00:00,4.93,5.46,1.0,104.25,1.0,104.25
2025-06-11 11:00:00,4.83,5.43,1.0,104.25,1.0,104.25
2025-06-11 12:00:00,4.01,4.45,1.0,104.25,1.0,104.25
2025-06-11 13:00:00,2.91,3.24,1.0,104.25,1.0,104.25
2025-06-11 14:00:00,2.23,2.52,1.0,104.25,1.0,104.25
2025-06-11 15:00:00,2.25,2.51,1.0,104.25,1.0,104.25
2025-06-11 16:00:00,1.96,2.25,1.0,104.25,1.0,104.25
2025-06-11 17:00:00,1.81,2.02,1.0,104.25,1.0,104.25
2025-06-11 18:00:00,1.82,2.07,1.0,104.25,1.0,104.25
2025-06-11 19:00:00,2.26,2.53,1.0,104.25,1.0,104.25
2025-06-11 20:00:00,2.52,2.79,1.0,104.25,1.0,104.25
2025-06-11 21:00:00,2.57,2.84,1.0,104.25,1.0,104.25
2025-06-11 22:00:00,2.92,3.11,1.0,104.25,1.0,104.25
2025-06-11 23:00:00,3.43,3.67,1.0,104.25,1.0,104.25
2025-06-12 00:00:00,3.65,3.95,1.0,104.25,1.0,104.25
2025-06-12 01:00:00,4.26,4.61,1.0,104.25,1.0,104.25
2025-06-12 02:00:00,4.63,5.0,1.0,104.25,1.0,104.25
2025-06-12 03:00:00,5.25,5.71,1.0,104.25,1.0,104.25
2025-06-12 04:00:00,5.43,5.94,1.0,104.25,1.0,104.25
2025-06-12 05:00:00,5.15,5.61,1.0,104.25,1.0,104.25
2025-06-12 06:00:00,5.07,5.52,1.0,104.25,1.0,104.25
2025-06-12 07:00:00,5.22,5.71,1.0,104.25,1.0,104.25
2025-06-12 08:00:00,4.87,5.31,1.0,104.25,1.0,104.25
2025-06-12 09:00:00,4.26,4.66,1.0,104.25,1.0,104.25
2025-06-12 10:00:00,4.27,4.67,1.0,104.25,1.0,104.25
2025-06-12 11:00:00,3.7,4.05,1.0,104.25,1.0,104.25
2025-06-12 12:00:00,3.58,3.98,1.0,104.25,1.0,104.25
2025-06-12 13:00:00,3.6,3.96,1.0,104.25,1.0,104.25
2025-06-12 14:00:00,3.87,4.31,1.0,104.25,1.0,104.25
2025-06-12 15:00:00,4.46,4.96,1.0,104.25,1.0,104.25
2025-06-12 16:00:00,4.6,5.21,1.0,104.25,1.0,104.25
2025-06-12 17:00:00,4.43,5.0,1.0,104.25,1.0,104.25
2025-06-12 18:00:00,4.45,5.06,1.0,104.25,1.0,104.25
2025-06-12 19:00:00,4.66,5.24,1.0,104.25,1.0,104.25
2025-06-12 20:00:00,4.99,5.62,1.0,104.25,1.0,104.25
2025-06-12 21:00:00,5.34,5.92,1.0,104.25,1.0,104.25
2025-06-12 22:00:00,5.32,5.95,1.0,104.25,1.0,104.25
2025-06-12 23:00:00,5.48,6.15,1.0,104.25,1.0,104.25
2025-06-13 00:00:00,5.69,6.36,1.0,104.25,1.0,104.25
2025-06-13 01:00:00,5.64,6.24,1.0,104.25,1.0,104.25
2025-06-13 02:00:00,5.37,5.93,1.0,104.25,1.0,104.25
2025-06-13 03:00:00,5.02,5.53,1.0,104.25,1.0,104.25
2025-06-13 04:00:00,4.87,5.37,1.0,104.25,1.0,104.25
2025-06-13 05:00:00,4.86,5.28,1.0,104.25,1.0,104.25
2025-06-13 06:00:00,5.08,5.55,1.0,104.25,1.0,104.25
2025-06-13 07:00:00,5.19,5.71,1.0,104.25,1.0,104.25
2025-06-13 08:00:00,5.16,5.67,1.0,104.25,1.0,104.25
2025-06-13 09:00:00,5.05,5.56,1.0,104.25,1.0,104.25
2025-06-13 10:00:00,5.0,5.64,1.0,104.25,1.0,104.25
2025-06-13 11:00:00,4.37,4.99,1.0,104.25,1.0,104.25
2025-06-13 12:00:00,4.36,4.93,1.0,104.25,1.0,104.25
2025-06-13 13:00:00,3.78,4.25,1.0,104.25,1.0,104.25
2025-06-13 14:00:00,3.94,4.39,1.0,104.25,1.0,104.25
2025-06-13 15:00:00,4.54,5.05,1.0,104.25,1.0,104.25
2025-06-13 16:00:00,5.24,5.89,1.0,104.25,1.0,104.25
2025-06-13 17:00:00,5.15,5.76,1.0,104.25,1.0,104.25
2025-06-13 18:00:00,5.88,6.64,1.0,104.25,1.0,104.25
2025-06-13 19:00:00,5.72,6.44,1.0,104.25,1.0,104.25
2025-06-13 20:00:00,5.87,6.55,1.0,104.25,1.0,104.25
2025-06-13 21:00:00,5.91,6.6,1.0,104.25,1.0,104.25
2025-06-13 22:00:00,5.3,6.02,1.0,104.25,1.0,104.25
2025-06-13 23:00:00,5.28,5.95,1.0,104.25,1.0,104.25
2025-06-14 00:00:00,5.55,6.31,1.0,104.25,1.0,104.25
2025-06-14 01:00:00,5.66,6.33,1.0,104.25,1.0,104.25
2025-06-14 02:00:00,5.22,5.73,1.0,104.25,1.0,104.25
2025-06-14 03:00:00,4.59,4.99,1.0,104.25,1.0,104.25
2025-06-14 04:00:00,4.13,4.52,1.0,104.25,1.0,104.25
2025-06-14 05:00:00,3.94,4.26,1.0,104.25,1.0,104.25
2025-06-14 06:00:00,3.45,3.73,1.0,104.25,1.0,104.25
2025-06-14 07:00:00,3.16,3.4,1.0,104.25,1.0,104.25
2025-06-14 08:00:00,3.86,4.09,1.0,104.25,1.0,104.25
2025-06-14 09:00:00,4.26,4.61,1.0,104.25,1.0,104.25
2025-06-14 10:00:00,4.83,5.33,1.0,104.25,1.0,104.25
2025-06-14 11:00:00,3.53,4.0,1.0,104.25,1.0,104.25
2025-06-14 12:00:00,2.6,2.98,1.0,104.25,1.0,104.25
2025-06-14 13:00:00,2.53,2.86,1.0,104.25,1.0,104.25
2025-06-14 14:00:00,3.31,3.7,1.0,104.25,1.0,104.25
2025-06-14 15:00:00,4.35,4.85,1.0,104.25,1.0,104.25
2025-06-14 16:00:00,4.09,4.59,1.0,104.25,1.0,104.25
2025-06-14 17:00:00,3.74,4.17,1.0,104.25,1.0,104.25
2025-06-14 18:00:00,3.72,4.15,1.0,104.25,1.0,104.25
2025-06-14 19:00:00,3.56,3.96,1.0,104.25,1.0,104.25
2025-06-14 20:00:00,3.22,3.65,1.0,104.25,1.0,104.25
2025-06-14 21:00:00,2.56,2.89,1.0,104.25,1.0,104.25
2025-06-14 22:00:00,4.54,5.0,1.0,104.25,1.0,104.25
2025-06-14 23:00:00,2.78,3.03,1.0,104.25,1.0,104.25
2025-06-15 00:00:00,2.72,3.04,1.0,104.25,1.0,104.25
2025-06-15 01:00:00,3.54,3.89,1.0,104.25,1.0,104.25
2025-06-15 02:00:00,3.74,4.1,1.0,104.25,1.0,104.25
2025-06-15 03:00:00,3.47,3.78,1.0,104.25,1.0,104.25
2025-06-15 04:00:00,3.07,3.32,1.0,104.25,1.0,104.25
2025-06-15 05:00:00,2.95,3.2,1.0,104.25,1.0,104.25
2025-06-15 06:00:00,2.85,3.1,1.0,104.25,1.0,104.25
2025-06-15 07:00:00,2.83,3.08,1.0,104.25,1.0,104.25
2025-06-15 08:00:00,2.96,3.21,1.0,104.25,1.0,104.25
2025-06-15 09:00:00,3.3,3.59,1.0,104.25,1.0,104.25
2025-06-15 10:00:00,5.01,5.46,1.0,104.25,1.0,104.25
2025-06-15 11:00:00,4.52,4.95,1.0,104.25,1.0,104.25
2025-06-15 12:00:00,4.11,4.49,1.0,104.25,1.0,104.25
2025-06-15 13:00:00,3.2,3.62,1.0,104.25,1.0,104.25
2025-06-15 14:00:00,2.95,3.37,1.0,104.25,1.0,104.25
2025-06-15 15:00:00,3.48,3.83,1.0,104.25,1.0,104.25
2025-06-15 16:00:00,3.48,3.88,1.0,104.25,1.0,104.25
2025-06-15 17:00:00,3.32,3.65,1.0,104.25,1.0,104.25
2025-06-15 18:00:00,3.06,3.37,1.0,104.25,1.0,104.25
2025-06-15 19:00:00,3.12,3.41,1.0,104.25,1.0,104.25
2025-06-15 20:00:00,3.19,3.4,1.0,104.25,1.0,104.25
2025-06-15 21:00:00,3.11,3.29,1.0,104.25,1.0,104.25
2025-06-15 22:00:00,1.94,2.05,1.0,104.25,1.0,104.25
2025-06-15 23:00:00,1.28,1.35,1.0,104.25,1.0,104.25
2025-06-16 00:00:00,0.86,0.91,1.0,104.25,1.0,104.25
2025-06-16 01:00:00,0.72,0.76,1.0,104.25,1.0,104.25
2025-06-16 02:00:00,1.42,1.41,1.0,104.25,1.0,104.25
2025-06-16 03:00:00,2.47,2.51,1.0,104.25,1.0,104.25
2025-06-16 04:00:00,1.87,1.93,1.0,104.25,1.0,104.25
2025-06-16 05:00:00,1.54,1.63,1.0,104.25,1.0,104.25
2025-06-16 06:00:00,2.6,2.75,1.0,104.25,1.0,104.25
2025-06-16 07:00:00,3.4,3.6,1.0,104.25,1.0,104.25
2025-06-16 08:00:00,4.05,4.34,1.0,104.25,1.0,104.25
2025-06-16 09:00:00,3.7,3.95,1.0,104.25,1.0,104.25
2025-06-16 10:00:00,1.7,1.7,1.0,104.25,1.0,104.25
2025-06-16 11:00:00,1.75,1.75,1.0,104.25,1.0,104.25
2025-06-16 12:00:00,2.44,2.51,1.0,104.25,1.0,104.25
2025-06-16 13:00:00,2.62,2.79,1.0,104.25,1.0,104.25
2025-06-16 14:00:00,2.06,2.23,1.0,104.25,1.0,104.25
2025-06-16 15:00:00,1.6,1.67,1.0,104.25,1.0,104.25
2025-06-16 16:00:00,1.21,1.32,1.0,104.25,1.0,104.25
2025-06-16 17:00:00,1.56,1.66,1.0,104.25,1.0,104.25
2025-06-16 18:00:00,1.56,1.66,1.0,104.25,1.0,104.25
2025-06-16 19:00:00,1.47,1.52,1.0,104.25,1.0,104.25
2025-06-16 20:00:00,1.6,1.64,1.0,104.25,1.0,104.25
2025-06-16 21:00:00,1.52,1.59,1.0,104.25,1.0,104.25
2025-06-16 22:00:00,1.14,1.14,1.0,104.25,1.0,104.25
2025-06-16 23:00:00,1.13,1.1,1.0,104.25,1.0,104.25
2025-06-17 00:00:00,1.11,1.09,1.0,104.25,1.0,104.25
2025-06-17 01:00:00,1.55,1.6,1.0,104.25,1.0,104.25
2025-06-17 02:00:00,2.06,2.16,1.0,104.25,1.0,104.25
2025-06-17 03:00:00,2.59,2.75,1.0,104.25,1.0,104.25
2025-06-17 04:00:00,3.65,3.87,1.0,104.25,1.0,104.25
2025-06-17 05:00:00,4.48,4.84,1.0,104.25,1.0,104.25
2025-06-17 06:00:00,4.44,4.76,1.0,104.25,1.0,104.25
2025-06-17 07:00:00,4.58,4.97,1.0,104.25,1.0,104.25
2025-06-17 08:00:00,4.56,4.92,1.0,104.25,1.0,104.25
2025-06-17 09:00:00,4.08,4.36,1.0,104.25,1.0,104.25
2025-06-17 10:00:00,2.22,2.38,1.0,104.25,1.0,104.25
2025-06-17 11:00:00,1.8,1.95,1.0,104.25,1.0,104.25
2025-06-17 12:00:00,2.55,2.75,1.0,104.25,1.0,104.25
2025-06-17 13:00:00,3.08,3.27,1.0,104.25,1.0,104.25
2025-06-17 14:00:00,3.86,4.11,1.0,104.25,1.0,104.25
2025-06-17 15:00:00,4.51,4.91,1.0,104.25,1.0,104.25
2025-06-17 16:00:00,4.15,4.55,1.0,104.25,1.0,104.25
2025-06-17 17:00:00,3.66,3.97,1.0,104.25,1.0,104.25
2025-06-17 18:00:00,3.42,3.67,1.0,104.25,1.0,104.25
2025-06-17 19:00:00,3.74,4.04,1.0,104.25,1.0,104.25
2025-06-17 20:00:00,3.92,4.32,1.0,104.25,1.0,104.25
2025-06-17 21:00:00,4.26,4.72,1.0,104.25,1.0,104.25
2025-06-17 22:00:00,3.67,4.12,1.0,104.25,1.0,104.25
2025-06-17 23:00:00,4.14,4.5,1.0,104.25,1.0,104.25
2025-06-18 00:00:00,4.45,4.91,1.0,104.25,1.0,104.25
2025-06-18 01:00:00,4.41,4.81,1.0,104.25,1.0,104.25
2025-06-18 02:00:00,4.23,4.61,1.0,104.25,1.0,104.25
2025-06-18 03:00:00,3.81,4.1,1.0,104.25,1.0,104.25
2025-06-18 04:00:00,3.91,4.21,1.0,104.25,1.0,104.25
2025-06-18 05:00:00,3.86,4.1,1.0,104.25,1.0,104.25
2025-06-18 06:00:00,4.05,4.32,1.0,104.25,1.0,104.25
2025-06-18 07:00:00,4.46,4.74,1.0,104.25,1.0,104.25
2025-06-18 08:00:00,4.14,4.46,1.0,104.25,1.0,104.25
2025-06-18 09:00:00,3.68,3.92,1.0,104.25,1.0,104.25
2025-06-18 10:00:00,3.85,4.17,1.0,104.25,1.0,104.25
2025-06-18 11:00:00,2.75,3.06,1.0,104.25,1.0,104.25
2025-06-18 12:00:00,2.27,2.53,1.0,104.25,1.0,104.25
2025-06-18 13:00:00,1.9,2.12,1.0,104.25,1.0,104.25
2025-06-18 14:00:00,2.42,2.67,1.0,104.25,1.0,104.25
2025-06-18 15:00:00,3.67,3.94,1.0,104.25,1.0,104.25
2025-06-18 16:00:00,4.37,4.73,1.0,104.25,1.0,104.25
2025-06-18 17:00:00,4.45,4.85,1.0,104.25,1.0,104.25
2025-06-18 18:00:00,4.15,4.6,1.0,104.25,1.0,104.25
2025-06-18 19:00:00,3.75,4.15,1.0,104.25,1.0,104.25
2025-06-18 20:00:00,3.7,4.1,1.0,104.25,1.0,104.25
2025-06-18 21:00:00,4.0,4.5,1.0,104.25,1.0,104.25
2025-06-18 22:00:00,3.44,3.8,1.0,104.25,1.0,104.25
2025-06-18 23:00:00,3.72,4.05,1.0,104.25,1.0,104.25
2025-06-19 00:00:00,3.57,3.92,1.0,104.25,1.0,104.25
2025-06-19 01:00:00,3.07,3.32,1.0,104.25,1.0,104.25
2025-06-19 02:00:00,2.57,2.72,1.0,104.25,1.0,104.25
2025-06-19 03:00:00,1.9,2.0,1.0,104.25,1.0,104.25
2025-06-19 04:00:00,2.13,2.2,1.0,104.25,1.0,104.25
2025-06-19 05:00:00,2.9,3.04,1.0,104.25,1.0,104.25
2025-06-19 06:00:00,3.52,3.67,1.0,104.25,1.0,104.25
2025-06-19 07:00:00,4.03,4.29,1.0,104.25,1.0,104.25
2025-06-19 08:00:00,3.91,4.11,1.0,104.25,1.0,104.25
2025-06-19 09:00:00,3.74,3.95,1.0,104.25,1.0,104.25
2025-06-19 10:00:00,2.83,2.92,1.0,104.25,1.0,104.25
2025-06-19 11:00:00,2.62,2.8,1.0,104.25,1.0,104.25
2025-06-19 12:00:00,2.35,2.53,1.0,104.25,1.0,104.25
2025-06-19 13:00:00,2.11,2.29,1.0,104.25,1.0,104.25
2025-06-19 14:00:00,2.37,2.58,1.0,104.25,1.0,104.25
2025-06-19 15:00:00,2.8,3.02,1.0,104.25,1.0,104.25
2025-06-19 16:00:00,3.07,3.29,1.0,104.25,1.0,104.25
2025-06-19 17:00:00,3.15,3.42,1.0,104.25,1.0,104.25
2025-06-19 18:00:00,2.94,3.17,1.0,104.25,1.0,104.25
2025-06-19 19:00:00,2.65,2.85,1.0,104.25,1.0,104.25
2025-06-19 20:00:00,2.07,2.23,1.0,104.25,1.0,104.25
2025-06-19 21:00:00,1.5,1.5,1.0,104.25,1.0,104.25
2025-06-19 22:00:00,1.04,1.1,1.0,104.25,1.0,104.25
2025-06-19 23:00:00,2.05,2.05,1.0,104.25,1.0,104.25
2025-06-20 00:00:00,2.36,2.38,1.0,104.25,1.0,104.25
2025-06-20 01:00:00,1.87,1.88,1.0,104.25,1.0,104.25
2025-06-20 02:00:00,1.75,1.8,1.0,104.25,1.0,104.25
2025-06-20 03:00:00,2.42,2.53,1.0,104.25,1.0,104.25
2025-06-20 04:00:00,3.49,3.67,1.0,104.25,1.0,104.25
2025-06-20 05:00:00,4.97,5.31,1.0,104.25,1.0,104.25
2025-06-20 06:00:00,5.38,5.82,1.0,104.25,1.0,104.25
2025-06-20 07:00:00,4.67,5.12,1.0,104.25,1.0,104.25
2025-06-20 08:00:00,3.42,3.67,1.0,104.25,1.0,104.25
2025-06-20 09:00:00,2.52,2.68,1.0,104.25,1.0,104.25
2025-06-20 10:00:00,2.44,2.71,1.0,104.25,1.0,104.25
2025-06-20 11:00:00,1.5,1.65,1.0,104.25,1.0,104.25
2025-06-20 12:00:00,1.17,1.19,1.0,104.25,1.0,104.25
2025-06-20 13:00:00,1.76,1.75,1.0,104.25,1.0,104.25
2025-06-20 14:00:00,2.87,3.01,1.0,104.25,1.0,104.25
2025-06-20 15:00:00,3.3,3.51,1.0,104.25,1.0,104.25
2025-06-20 16:00:00,3.4,3.63,1.0,104.25,1.0,104.25
2025-06-20 17:00:00,3.39,3.68,1.0,104.25,1.0,104.25
2025-06-20 18:00:00,3.06,3.31,1.0,104.25,1.0,104.25
2025-06-20 19:00:00,3.41,3.69,1.0,104.25,1.0,104.25
2025-06-20 20:00:00,3.69,4.02,1.0,104.25,1.0,104.25
2025-06-20 21:00:00,3.72,4.03,1.0,104.25,1.0,104.25
2025-06-20 22:00:00,3.34,3.7,1.0,104.25,1.0,104.25
2025-06-20 23:00:00,2.72,3.05,1.0,104.25,1.0,104.25
2025-06-21 00:00:00,3.33,3.71,1.0,104.25,1.0,104.25
2025-06-21 01:00:00,3.72,4.06,1.0,104.25,1.0,104.25
2025-06-21 02:00:00,3.93,4.24,1.0,104.25,1.0,104.25
2025-06-21 03:00:00,4.16,4.51,1.0,104.25,1.0,104.25
2025-06-21 04:00:00,4.31,4.66,1.0,104.25,1.0,104.25
2025-06-21 05:00:00,4.47,4.82,1.0,104.25,1.0,104.25
2025-06-21 06:00:00,4.56,4.91,1.0,104.25,1.0,104.25
2025-06-21 07:00:00,4.67,5.06,1.0,104.25,1.0,104.25
2025-06-21 08:00:00,4.68,5.05,1.0,104.25,1.0,104.25
2025-06-21 09:00:00,4.68,5.1,1.0,104.25,1.0,104.25
2025-06-21 10:00:00,3.75,4.06,1.0,104.25,1.0,104.25
2025-06-21 11:00:00,3.63,3.98,1.0,104.25,1.0,104.25
2025-06-21 12:00:00,3.72,4.12,1.0,104.25,1.0,104.25
2025-06-21 13:00:00,3.38,3.8,1.0,104.25,1.0,104.25
2025-06-21 14:00:00,2.95,3.37,1.0,104.25,1.0,104.25
2025-06-21 15:00:00,2.75,3.09,1.0,104.25,1.0,104.25
2025-06-21 16:00:00,2.83,3.16,1.0,104.25,1.0,104.25
2025-06-21 17:00:00,3.11,3.5,1.0,104.25,1.0,104.25
2025-06-21 18:00:00,3.57,3.93,1.0,104.25,1.0,104.25
2025-06-21 19:00:00,4.01,4.44,1.0,104.25,1.0,104.25
2025-06-21 20:00:00,4.47,4.98,1.0,104.25,1.0,104.25
2025-06-21 21:00:00,4.7,5.22,1.0,104.25,1.0,104.25
2025-06-21 22:00:00,4.08,4.55,1.0,104.25,1.0,104.25
2025-06-21 23:00:00,3.67,4.03,1.0,104.25,1.0,104.25
2025-06-22 00:00:00,3.5,3.93,1.0,104.25,1.0,104.25
2025-06-22 01:00:00,3.45,3.77,1.0,104.25,1.0,104.25
2025-06-22 02:00:00,3.45,3.75,1.0,104.25,1.0,104.25
2025-06-22 03:00:00,3.44,3.7,1.0,104.25,1.0,104.25
2025-06-22 04:00:00,3.7,3.95,1.0,104.25,1.0,104.25
2025-06-22 05:00:00,3.92,4.17,1.0,104.25,1.0,104.25
2025-06-22 06:00:00,4.21,4.46,1.0,104.25,1.0,104.25
2025-06-22 07:00:00,4.39,4.64,1.0,104.25,1.0,104.25
2025-06-22 08:00:00,4.31,4.6,1.0,104.25,1.0,104.25
2025-06-22 09:00:00,4.2,4.51,1.0,104.25,1.0,104.25
2025-06-22 10:00:00,2.61,2.76,1.0,104.25,1.0,104.25
2025-06-22 11:00:00,3.03,3.28,1.0,104.25,1.0,104.25
2025-06-22 12:00:00,3.98,4.37,1.0,104.25,1.0,104.25
2025-06-22 13:00:00,4.62,5.12,1.0,104.25,1.0,104.25
2025-06-22 14:00:00,4.81,5.33,1.0,104.25,1.0,104.25
2025-06-22 15:00:00,4.65,5.12,1.0,104.25,1.0,104.25
2025-06-22 16:00:00,4.37,4.83,1.0,104.25,1.0,104.25
2025-06-22 17:00:00,4.1,4.56,1.0,104.25,1.0,104.25
2025-06-22 18:00:00,4.21,4.64,1.0,104.25,1.0,104.25
2025-06-22 19:00:00,4.22,4.68,1.0,104.25,1.0,104.25
2025-06-22 20:00:00,4.23,4.65,1.0,104.25,1.0,104.25
2025-06-22 21:00:00,3.84,4.3,1.0,104.25,1.0,104.25
2025-06-22 22:00:00,3.36,3.75,1.0,104.25,1.0,104.25
2025-06-22 23:00:00,2.74,3.1,1.0,104.25,1.0,104.25
2025-06-23 00:00:00,1.78,1.84,1.0,104.25,1.0,104.25
2025-06-23 01:00:00,3.63,3.79,1.0,104.25,1.0,104.25
2025-06-23 02:00:00,3.6,3.8,1.0,104.25,1.0,104.25
2025-06-23 03:00:00,3.47,3.68,1.0,104.25,1.0,104.25
2025-06-23 04:00:00,3.37,3.58,1.0,104.25,1.0,104.25
2025-06-23 05:00:00,2.93,3.08,1.0,104.25,1.0,104.25
2025-06-23 06:00:00,2.84,2.98,1.0,104.25,1.0,104.25
2025-06-23 07:00:00,3.54,3.68,1.0,104.25,1.0,104.25
2025-06-23 08:00:00,3.64,3.8,1.0,104.25,1.0,104.25
2025-06-23 09:00:00,2.96,3.12,1.0,104.25,1.0,104.25
2025-06-23 10:00:00,2.25,2.4,1.0,104.25,1.0,104.25
2025-06-23 11:00:00,2.24,2.35,1.0,104.25,1.0,104.25
2025-06-23 12:00:00,2.28,2.41,1.0,104.25,1.0,104.25
2025-06-23 13:00:00,1.66,1.71,1.0,104.25,1.0,104.25
2025-06-23 14:00:00,1.82,1.87,1.0,104.25,1.0,104.25
2025-06-23 15:00:00,1.91,2.01,1.0,104.25,1.0,104.25
2025-06-23 16:00:00,2.11,2.21,1.0,104.25,1.0,104.25
2025-06-23 17:00:00,2.55,2.75,1.0,104.25,1.0,104.25
2025-06-23 18:00:00,2.5,2.75,1.0,104.25,1.0,104.25
2025-06-23 19:00:00,3.63,3.98,1.0,104.25,1.0,104.25
2025-06-23 20:00:00,3.78,4.12,1.0,104.25,1.0,104.25
2025-06-23 21:00:00,3.76,4.1,1.0,104.25,1.0,104.25
2025-06-23 22:00:00,2.73,2.98,1.0,104.25,1.0,104.25
2025-06-23 23:00:00,3.13,3.43,1.0,104.25,1.0,104.25
2025-06-24 00:00:00,3.22,3.47,1.0,104.25,1.0,104.25
2025-06-24 01:00:00,3.77,3.97,1.0,104.25,1.0,104.25
2025-06-24 02:00:00,4.58,4.88,1.0,104.25,1.0,104.25
2025-06-24 03:00:00,5.13,5.53,1.0,104.25,1.0,104.25
2025-06-24 04:00:00,5.72,6.22,1.0,104.25,1.0,104.25
2025-06-24 05:00:00,6.06,6.61,1.0,104.25,1.0,104.25
2025-06-24 06:00:00,6.25,6.85,1.0,104.25,1.0,104.25
2025-06-24 07:00:00,6.35,6.95,1.0,104.25,1.0,104.25
2025-06-24 08:00:00,6.01,6.66,1.0,104.25,1.0,104.25
2025-06-24 09:00:00,5.71,6.26,1.0,104.25,1.0,104.25
2025-06-24 10:00:00,4.25,4.66,1.0,104.25,1.0,104.25
2025-06-24 11:00:00,4.27,4.74,1.0,104.25,1.0,104.25
2025-06-24 12:00:00,3.8,4.13,1.0,104.25,1.0,104.25
2025-06-24 13:00:00,2.89,3.11,1.0,104.25,1.0,104.25
2025-06-24 14:00:00,4.7,5.06,1.0,104.25,1.0,104.25
2025-06-24 15:00:00,5.02,5.48,1.0,104.25,1.0,104.25
2025-06-24 16:00:00,5.18,5.76,1.0,104.25,1.0,104.25
2025-06-24 17:00:00,5.88,6.53,1.0,104.25,1.0,104.25
2025-06-24 18:00:00,5.91,6.65,1.0,104.25,1.0,104.25
2025-06-24 19:00:00,6.01,6.75,1.0,104.25,1.0,104.25
2025-06-24 20:00:00,6.17,6.96,1.0,104.25,1.0,104.25
2025-06-24 21:00:00,6.32,7.16,1.0,104.25,1.0,104.25
2025-06-24 22:00:00,6.11,6.88,1.0,104.25,1.0,104.25
2025-06-24 23:00:00,6.26,7.13,1.0,104.25,1.0,104.25
2025-06-25 00:00:00,6.3,7.11,1.0,104.25,1.0,104.25
2025-06-25 01:00:00,6.49,7.35,1.0,104.25,1.0,104.25
2025-06-25 02:00:00,6.4,7.17,1.0,104.25,1.0,104.25
2025-06-25 03:00:00,6.03,6.74,1.0,104.25,1.0,104.25
2025-06-25 04:00:00,5.81,6.41,1.0,104.25,1.0,104.25
2025-06-25 05:00:00,5.7,6.3,1.0,104.25,1.0,104.25
2025-06-25 06:00:00,5.71,6.26,1.0,104.25,1.0,104.25
2025-06-25 07:00:00,5.81,6.41,1.0,104.25,1.0,104.25
2025-06-25 08:00:00,6.06,6.66,1.0,104.25,1.0,104.25
2025-06-25 09:00:00,6.25,6.9,1.0,104.25,1.0,104.25
2025-06-25 10:00:00,5.86,6.46,1.0,104.25,1.0,104.25
2025-06-25 11:00:00,5.47,6.19,1.0,104.25,1.0,104.25
2025-06-25 12:00:00,5.4,6.07,1.0,104.25,1.0,104.25
2025-06-25 13:00:00,5.49,6.14,1.0,104.25,1.0,104.25
2025-06-25 14:00:00,5.65,6.4,1.0,104.25,1.0,104.25
2025-06-25 15:00:00,6.05,6.88,1.0,104.25,1.0,104.25
2025-06-25 16:00:00,6.7,7.64,1.0,104.25,1.0,104.25
2025-06-25 17:00:00,7.01,8.01,1.0,104.25,1.0,104.25
2025-06-25 18:00:00,6.78,7.83,1.0,104.25,1.0,104.25
2025-06-25 19:00:00,6.26,7.18,1.0,104.25,1.0,104.25
2025-06-25 20:00:00,5.99,6.84,1.0,104.25,1.0,104.25
2025-06-25 21:00:00,5.84,6.6,1.0,104.25,1.0,104.25
2025-06-25 22:00:00,5.22,5.87,1.0,104.25,1.0,104.25
2025-06-25 23:00:00,5.74,6.5,1.0,104.25,1.0,104.25
2025-06-26 00:00:00,5.75,6.44,1.0,104.25,1.0,104.25
2025-06-26 01:00:00,6.32,7.05,1.0,104.25,1.0,104.25
2025-06-26 02:00:00,6.99,7.82,1.0,104.25,1.0,104.25
2025-06-26 03:00:00,7.18,8.08,1.0,104.25,1.0,104.25
2025-06-26 04:00:00,7.12,8.01,1.0,104.25,1.0,104.25
2025-06-26 05:00:00,7.04,7.93,1.0,104.25,1.0,104.25
2025-06-26 06:00:00,6.77,7.6,1.0,104.25,1.0,104.25
2025-06-26 07:00:00,6.3,7.06,1.0,104.25,1.0,104.25
2025-06-26 08:00:00,6.19,6.95,1.0,104.25,1.0,104.25
2025-06-26 09:00:00,6.27,7.03,1.0,104.25,1.0,104.25
2025-06-26 10:00:00,5.5,6.26,1.0,104.25,1.0,104.25
2025-06-26 11:00:00,5.61,6.4,1.0,104.25,1.0,104.25
2025-06-26 12:00:00,5.72,6.47,1.0,104.25,1.0,104.25
2025-06-26 13:00:00,5.76,6.52,1.0,104.25,1.0,104.25
2025-06-26 14:00:00,5.69,6.44,1.0,104.25,1.0,104.25
2025-06-26 15:00:00,5.48,6.16,1.0,104.25,1.0,104.25
2025-06-26 16:00:00,4.95,5.59,1.0,104.25,1.0,104.25
2025-06-26 17:00:00,4.07,4.6,1.0,104.25,1.0,104.25
2025-06-26 18:00:00,4.77,5.34,1.0,104.25,1.0,104.25
2025-06-26 19:00:00,4.9,5.54,1.0,104.25,1.0,104.25
2025-06-26 20:00:00,4.82,5.47,1.0,104.25,1.0,104.25
2025-06-26 21:00:00,5.42,6.11,1.0,104.25,1.0,104.25
2025-06-26 22:00:00,4.48,5.02,1.0,104.25,1.0,104.25
2025-06-26 23:00:00,4.41,4.92,1.0,104.25,1.0,104.25
2025-06-27 00:00:00,4.28,4.79,1.0,104.25,1.0,104.25
2025-06-27 01:00:00,5.31,5.87,1.0,104.25,1.0,104.25
2025-06-27 02:00:00,5.55,6.09,1.0,104.25,1.0,104.25
2025-06-27 03:00:00,4.9,5.35,1.0,104.25,1.0,104.25
2025-06-27 04:00:00,4.7,5.08,1.0,104.25,1.0,104.25
2025-06-27 05:00:00,4.3,4.67,1.0,104.25,1.0,104.25
2025-06-27 06:00:00,4.27,4.63,1.0,104.25,1.0,104.25
2025-06-27 07:00:00,4.99,5.4,1.0,104.25,1.0,104.25
2025-06-27 08:00:00,5.58,6.01,1.0,104.25,1.0,104.25
2025-06-27 09:00:00,6.24,6.84,1.0,104.25,1.0,104.25
2025-06-27 10:00:00,4.83,5.29,1.0,104.25,1.0,104.25
2025-06-27 11:00:00,4.92,5.52,1.0,104.25,1.0,104.25
2025-06-27 12:00:00,4.81,5.39,1.0,104.25,1.0,104.25
2025-06-27 13:00:00,4.92,5.55,1.0,104.25,1.0,104.25
2025-06-27 14:00:00,4.55,5.08,1.0,104.25,1.0,104.25
2025-06-27 15:00:00,4.4,4.93,1.0,104.25,1.0,104.25
2025-06-27 16:00:00,4.03,4.47,1.0,104.25,1.0,104.25
2025-06-27 17:00:00,4.29,4.78,1.0,104.25,1.0,104.25
2025-06-27 18:00:00,4.55,5.09,1.0,104.25,1.0,104.25
2025-06-27 19:00:00,4.49,5.07,1.0,104.25,1.0,104.25
2025-06-27 20:00:00,4.7,5.24,1.0,104.25,1.0,104.25
2025-06-27 21:00:00,4.58,5.16,1.0,104.25,1.0,104.25
2025-06-27 22:00:00,3.13,3.56,1.0,104.25,1.0,104.25
2025-06-27 23:00:00,2.3,2.65,1.0,104.25,1.0,104.25
2025-06-28 00:00:00,2.55,2.7,1.0,104.25,1.0,104.25
2025-06-28 01:00:00,3.62,3.87,1.0,104.25,1.0,104.25
2025-06-28 02:00:00,3.13,3.37,1.0,104.25,1.0,104.25
2025-06-28 03:00:00,3.11,3.3,1.0,104.25,1.0,104.25
2025-06-28 04:00:00,3.75,4.0,1.0,104.25,1.0,104.25
2025-06-28 05:00:00,3.8,4.1,1.0,104.25,1.0,104.25
2025-06-28 06:00:00,4.11,4.42,1.0,104.25,1.0,104.25
2025-06-28 07:00:00,5.28,5.75,1.0,104.25,1.0,104.25
2025-06-28 08:00:00,5.43,6.0,1.0,104.25,1.0,104.25
2025-06-28 09:00:00,4.74,5.21,1.0,104.25,1.0,104.25
2025-06-28 10:00:00,4.76,5.27,1.0,104.25,1.0,104.25
2025-06-28 11:00:00,4.81,5.38,1.0,104.25,1.0,104.25
2025-06-28 12:00:00,4.99,5.61,1.0,104.25,1.0,104.25
2025-06-28 13:00:00,4.8,5.35,1.0,104.25,1.0,104.25
2025-06-28 14:00:00,4.34,4.79,1.0,104.25,1.0,104.25
2025-06-28 15:00:00,4.71,5.18,1.0,104.25,1.0,104.25
2025-06-28 16:00:00,5.38,5.95,1.0,104.25,1.0,104.25
2025-06-28 17:00:00,6.37,7.09,1.0,104.25,1.0,104.25
2025-06-28 18:00:00,6.79,7.57,1.0,104.25,1.0,104.25
2025-06-28 19:00:00,7.15,7.96,1.0,104.25,1.0,104.25
2025-06-28 20:00:00,7.05,7.98,1.0,104.25,1.0,104.25
2025-06-28 21:00:00,7.74,8.81,1.0,104.25,1.0,104.25
2025-06-28 22:00:00,6.67,7.43,1.0,104.25,1.0,104.25
2025-06-28 23:00:00,5.15,5.83,1.0,104.25,1.0,104.25
2025-06-29 00:00:00,3.7,4.2,1.0,104.25,1.0,104.25
2025-06-29 01:00:00,3.96,4.41,1.0,104.25,1.0,104.25
2025-06-29 02:00:00,3.82,4.14,1.0,104.25,1.0,104.25
2025-06-29 03:00:00,2.87,3.05,1.0,104.25,1.0,104.25
2025-06-29 04:00:00,0.81,0.86,1.0,104.25,1.0,104.25
2025-06-29 05:00:00,1.63,1.66,1.0,104.25,1.0,104.25
2025-06-29 06:00:00,1.86,1.91,1.0,104.25,1.0,104.25
2025-06-29 07:00:00,2.75,2.78,1.0,104.25,1.0,104.25
2025-06-29 08:00:00,3.41,3.54,1.0,104.25,1.0,104.25
2025-06-29 09:00:00,3.9,4.09,1.0,104.25,1.0,104.25
2025-06-29 10:00:00,3.95,4.28,1.0,104.25,1.0,104.25
2025-06-29 11:00:00,4.23,4.7,1.0,104.25,1.0,104.25
2025-06-29 12:00:00,4.35,4.82,1.0,104.25,1.0,104.25
2025-06-29 13:00:00,4.52,5.09,1.0,104.25,1.0,104.25
2025-06-29 14:00:00,3.36,3.75,1.0,104.25,1.0,104.25
2025-06-29 15:00:00,3.34,3.69,1.0,104.25,1.0,104.25
2025-06-29 16:00:00,3.52,3.94,1.0,104.25,1.0,104.25
2025-06-29 17:00:00,3.81,4.23,1.0,104.25,1.0,104.25
2025-06-29 18:00:00,3.9,4.29,1.0,104.25,1.0,104.25
2025-06-29 19:00:00,3.61,4.0,1.0,104.25,1.0,104.25
2025-06-29 20:00:00,3.08,3.36,1.0,104.25,1.0,104.25
2025-06-29 21:00:00,2.51,2.76,1.0,104.25,1.0,104.25
2025-06-29 22:00:00,2.24,2.52,1.0,104.25,1.0,104.25
2025-06-29 23:00:00,1.56,1.77,1.0,104.25,1.0,104.25
2025-06-30 00:00:00,1.59,1.68,1.0,104.25,1.0,104.25
2025-06-30 01:00:00,2.27,2.37,1.0,104.25,1.0,104.25
2025-06-30 02:00:00,3.54,3.71,1.0,104.25,1.0,104.25
2025-06-30 03:00:00,4.2,4.4,1.0,104.25,1.0,104.25
2025-06-30 04:00:00,4.51,4.78,1.0,104.25,1.0,104.25
2025-06-30 05:00:00,4.7,5.01,1.0,104.25,1.0,104.25
2025-06-30 06:00:00,4.72,5.05,1.0,104.25,1.0,104.25
2025-06-30 07:00:00,4.29,4.61,1.0,104.25,1.0,104.25
2025-06-30 08:00:00,4.16,4.5,1.0,104.25,1.0,104.25
2025-06-30 09:00:00,3.89,4.18,1.0,104.25,1.0,104.25
2025-06-30 10:00:00,3.42,3.63,1.0,104.25,1.0,104.25
2025-06-30 11:00:00,3.16,3.37,1.0,104.25,1.0,104.25
2025-06-30 12:00:00,3.3,3.55,1.0,104.25,1.0,104.25
2025-06-30 13:00:00,3.42,3.71,1.0,104.25,1.0,104.25
2025-06-30 14:00:00,3.61,3.95,1.0,104.25,1.0,104.25
2025-06-30 15:00:00,3.04,3.32,1.0,104.25,1.0,104.25
2025-06-30 16:00:00,2.28,2.47,1.0,104.25,1.0,104.25
2025-06-30 17:00:00,2.24,2.42,1.0,104.25,1.0,104.25
2025-06-30 18:00:00,2.43,2.58,1.0,104.25,1.0,104.25
2025-06-30 19:00:00,2.55,2.7,1.0,104.25,1.0,104.25
2025-06-30 20:00:00,2.62,2.82,1.0,104.25,1.0,104.25
2025-06-30 21:00:00,2.7,2.86,1.0,104.25,1.0,104.25
2025-06-30 22:00:00,2.38,2.52,1.0,104.25,1.0,104.25
2025-06-30 23:00:00,2.69,2.87,1.0,104.25,1.0,104.25
2025-07-01 00:00:00,2.8,3.04,1.0,104.25,1.0,104.25
2025-07-01 01:00:00,2.68,2.87,1.0,104.25,1.0,104.25
2025-07-01 02:00:00,2.85,3.05,1.0,104.25,1.0,104.25
2025-07-01 03:00:00,3.42,3.67,1.0,104.25,1.0,104.25
2025-07-01 04:00:00,3.96,4.26,1.0,104.25,1.0,104.25
2025-07-01 05:00:00,4.26,4.61,1.0,104.25,1.0,104.25
2025-07-01 06:00:00,4.45,4.75,1.0,104.25,1.0,104.25
2025-07-01 07:00:00,4.49,4.84,1.0,104.25,1.0,104.25
2025-07-01 08:00:00,4.65,5.0,1.0,104.25,1.0,104.25
2025-07-01 09:00:00,4.5,4.9,1.0,104.25,1.0,104.25
2025-07-01 10:00:00,3.7,4.05,1.0,104.25,1.0,104.25
2025-07-01 11:00:00,3.72,4.12,1.0,104.25,1.0,104.25
2025-07-01 12:00:00,3.76,4.25,1.0,104.25,1.0,104.25
2025-07-01 13:00:00,3.8,4.34,1.0,104.25,1.0,104.25
2025-07-01 14:00:00,4.23,4.79,1.0,104.25,1.0,104.25
2025-07-01 15:00:00,4.8,5.4,1.0,104.25,1.0,104.25
2025-07-01 16:00:00,4.97,5.6,1.0,104.25,1.0,104.25
2025-07-01 17:00:00,5.07,5.77,1.0,104.25,1.0,104.25
2025-07-01 18:00:00,5.23,5.9,1.0,104.25,1.0,104.25
2025-07-01 19:00:00,5.45,6.2,1.0,104.25,1.0,104.25
2025-07-01 20:00:00,5.6,6.35,1.0,104.25,1.0,104.25
2025-07-01 21:00:00,5.78,6.52,1.0,104.25,1.0,104.25
2025-07-01 22:00:00,4.55,5.02,1.0,104.25,1.0,104.25
2025-07-01 23:00:00,4.51,5.01,1.0,104.25,1.0,104.25
2025-07-02 00:00:00,4.65,5.21,1.0,104.25,1.0,104.25
2025-07-02 01:00:00,4.7,5.16,1.0,104.25,1.0,104.25
2025-07-02 02:00:00,4.88,5.33,1.0,104.25,1.0,104.25
2025-07-02 03:00:00,5.36,5.83,1.0,104.25,1.0,104.25
2025-07-02 04:00:00,4.68,5.1,1.0,104.25,1.0,104.25
2025-07-02 05:00:00,4.82,5.14,1.0,104.25,1.0,104.25
2025-07-02 06:00:00,4.64,4.96,1.0,104.25,1.0,104.25
2025-07-02 07:00:00,4.07,4.36,1.0,104.25,1.0,104.25
2025-07-02 08:00:00,2.82,3.0,1.0,104.25,1.0,104.25
2025-07-02 09:00:00,1.0,1.05,1.0,104.25,1.0,104.25
2025-07-02 10:00:00,1.99,2.08,1.0,104.25,1.0,104.25
2025-07-02 11:00:00,1.05,1.12,1.0,104.25,1.0,104.25
2025-07-02 12:00:00,0.6,0.65,1.0,104.25,1.0,104.25
2025-07-02 13:00:00,0.57,0.62,1.0,104.25,1.0,104.25
2025-07-02 14:00:00,1.48,1.52,1.0,104.25,1.0,104.25
2025-07-02 15:00:00,2.34,2.41,1.0,104.25,1.0,104.25
2025-07-02 16:00:00,2.64,2.71,1.0,104.25,1.0,104.25
2025-07-02 17:00:00,2.91,3.06,1.0,104.25,1.0,104.25
2025-07-02 18:00:00,2.66,2.84,1.0,104.25,1.0,104.25
2025-07-02 19:00:00,2.58,2.76,1.0,104.25,1.0,104.25
2025-07-02 20:00:00,2.74,2.95,1.0,104.25,1.0,104.25
2025-07-02 21:00:00,2.75,2.99,1.0,104.25,1.0,104.25
2025-07-02 22:00:00,3.04,3.24,1.0,104.25,1.0,104.25
2025-07-02 23:00:00,2.84,3.02,1.0,104.25,1.0,104.25
2025-07-03 00:00:00,2.94,3.16,1.0,104.25,1.0,104.25
2025-07-03 01:00:00,2.55,2.73,1.0,104.25,1.0,104.25
2025-07-03 02:00:00,1.95,2.12,1.0,104.25,1.0,104.25
2025-07-03 03:00:00,1.63,1.77,1.0,104.25,1.0,104.25
2025-07-03 04:00:00,2.2,2.3,1.0,104.25,1.0,104.25
2025-07-03 05:00:00,3.1,3.34,1.0,104.25,1.0,104.25
2025-07-03 06:00:00,3.56,3.84,1.0,104.25,1.0,104.25
2025-07-03 07:00:00,3.52,3.79,1.0,104.25,1.0,104.25
2025-07-03 08:00:00,3.36,3.63,1.0,104.25,1.0,104.25
2025-07-03 09:00:00,3.12,3.34,1.0,104.25,1.0,104.25
2025-07-03 10:00:00,4.15,4.53,1.0,104.25,1.0,104.25
2025-07-03 11:00:00,3.87,4.32,1.0,104.25,1.0,104.25
2025-07-03 12:00:00,3.04,3.4,1.0,104.25,1.0,104.25
2025-07-03 13:00:00,2.89,3.01,1.0,104.25,1.0,104.25
2025-07-03 14:00:00,2.84,2.98,1.0,104.25,1.0,104.25
2025-07-03 15:00:00,2.23,2.35,1.0,104.25,1.0,104.25
2025-07-03 16:00:00,2.69,2.86,1.0,104.25,1.0,104.25
2025-07-03 17:00:00,3.74,4.08,1.0,104.25,1.0,104.25
2025-07-03 18:00:00,3.91,4.29,1.0,104.25,1.0,104.25
2025-07-03 19:00:00,3.71,4.06,1.0,104.25,1.0,104.25
2025-07-03 20:00:00,3.26,3.58,1.0,104.25,1.0,104.25
2025-07-03 21:00:00,3.25,3.57,1.0,104.25,1.0,104.25
2025-07-03 22:00:00,2.6,2.77,1.0,104.25,1.0,104.25
2025-07-03 23:00:00,2.74,2.96,1.0,104.25,1.0,104.25
2025-07-04 00:00:00,3.22,3.51,1.0,104.25,1.0,104.25
2025-07-04 01:00:00,3.92,4.24,1.0,104.25,1.0,104.25
2025-07-04 02:00:00,4.03,4.35,1.0,104.25,1.0,104.25
2025-07-04 03:00:00,3.89,4.21,1.0,104.25,1.0,104.25
2025-07-04 04:00:00,3.53,3.85,1.0,104.25,1.0,104.25
2025-07-04 05:00:00,3.86,4.04,1.0,104.25,1.0,104.25
2025-07-04 06:00:00,4.0,4.26,1.0,104.25,1.0,104.25
2025-07-04 07:00:00,3.27,3.47,1.0,104.25,1.0,104.25
2025-07-04 08:00:00,3.54,3.79,1.0,104.25,1.0,104.25
2025-07-04 09:00:00,3.1,3.29,1.0,104.25,1.0,104.25
2025-07-04 10:00:00,5.26,5.66,1.0,104.25,1.0,104.25
2025-07-04 11:00:00,5.41,5.86,1.0,104.25,1.0,104.25
2025-07-04 12:00:00,5.13,5.58,1.0,104.25,1.0,104.25
2025-07-04 13:00:00,3.42,3.69,1.0,104.25,1.0,104.25
2025-07-04 14:00:00,2.37,2.46,1.0,104.25,1.0,104.25
2025-07-04 15:00:00,1.92,2.02,1.0,104.25,1.0,104.25
2025-07-04 16:00:00,2.24,2.31,1.0,104.25,1.0,104.25
2025-07-04 17:00:00,2.66,2.77,1.0,104.25,1.0,104.25
2025-07-04 18:00:00,2.66,2.8,1.0,104.25,1.0,104.25
2025-07-04 19:00:00,2.16,2.3,1.0,104.25,1.0,104.25
2025-07-04 20:00:00,1.79,1.86,1.0,104.25,1.0,104.25
2025-07-04 21:00:00,2.31,2.47,1.0,104.25,1.0,104.25
2025-07-04 22:00:00,0.32,0.34,1.0,104.25,1.0,104.25
2025-07-04 23:00:00,3.57,3.93,1.0,104.25,1.0,104.25
2025-07-05 00:00:00,5.17,5.62,1.0,104.25,1.0,104.25
2025-07-05 01:00:00,7.03,7.74,1.0,104.25,1.0,104.25
2025-07-05 02:00:00,7.26,8.17,1.0,104.25,1.0,104.25
2025-07-05 03:00:00,6.4,7.21,1.0,104.25,1.0,104.25
2025-07-05 04:00:00,5.25,5.85,1.0,104.25,1.0,104.25
2025-07-05 05:00:00,4.63,5.09,1.0,104.25,1.0,104.25
2025-07-05 06:00:00,4.58,4.98,1.0,104.25,1.0,104.25
2025-07-05 07:00:00,4.88,5.27,1.0,104.25,1.0,104.25
2025-07-05 08:00:00,4.88,5.27,1.0,104.25,1.0,104.25
2025-07-05 09:00:00,4.88,5.27,1.0,104.25,1.0,104.25
2025-07-05 10:00:00,4.34,4.67,1.0,104.25,1.0,104.25
2025-07-05 11:00:00,4.21,4.6,1.0,104.25,1.0,104.25
2025-07-05 12:00:00,4.11,4.53,1.0,104.25,1.0,104.25
2025-07-05 13:00:00,3.68,4.07,1.0,104.25,1.0,104.25
2025-07-05 14:00:00,3.43,3.78,1.0,104.25,1.0,104.25
2025-07-05 15:00:00,3.86,4.26,1.0,104.25,1.0,104.25
2025-07-05 16:00:00,3.95,4.28,1.0,104.25,1.0,104.25
2025-07-05 17:00:00,3.95,4.29,1.0,104.25,1.0,104.25
2025-07-05 18:00:00,4.15,4.61,1.0,104.25,1.0,104.25
2025-07-05 19:00:00,4.29,4.76,1.0,104.25,1.0,104.25
2025-07-05 20:00:00,4.41,4.81,1.0,104.25,1.0,104.25
2025-07-05 21:00:00,4.51,4.9,1.0,104.25,1.0,104.25
2025-07-05 22:00:00,4.61,5.06,1.0,104.25,1.0,104.25
2025-07-05 23:00:00,5.07,5.57,1.0,104.25,1.0,104.25
2025-07-06 00:00:00,5.25,5.76,1.0,104.25,1.0,104.25
2025-07-06 01:00:00,5.3,5.8,1.0,104.25,1.0,104.25
2025-07-06 02:00:00,5.12,5.56,1.0,104.25,1.0,104.25
2025-07-06 03:00:00,4.83,5.25,1.0,104.25,1.0,104.25
2025-07-06 04:00:00,4.63,5.04,1.0,104.25,1.0,104.25
2025-07-06 05:00:00,4.6,4.97,1.0,104.25,1.0,104.25
2025-07-06 06:00:00,4.49,4.86,1.0,104.25,1.0,104.25
2025-07-06 07:00:00,4.24,4.59,1.0,104.25,1.0,104.25
2025-07-06 08:00:00,4.03,4.32,1.0,104.25,1.0,104.25
2025-07-06 09:00:00,3.8,4.1,1.0,104.25,1.0,104.25
2025-07-06 10:00:00,3.06,3.26,1.0,104.25,1.0,104.25
2025-07-06 11:00:00,2.95,3.2,1.0,104.25,1.0,104.25
2025-07-06 12:00:00,2.86,3.17,1.0,104.25,1.0,104.25
2025-07-06 13:00:00,2.86,3.16,1.0,104.25,1.0,104.25
2025-07-06 14:00:00,3.01,3.36,1.0,104.25,1.0,104.25
2025-07-06 15:00:00,3.43,3.88,1.0,104.25,1.0,104.25
2025-07-06 16:00:00,4.27,4.8,1.0,104.25,1.0,104.25
2025-07-06 17:00:00,5.18,5.8,1.0,104.25,1.0,104.25
2025-07-06 18:00:00,5.72,6.45,1.0,104.25,1.0,104.25
2025-07-06 19:00:00,6.04,6.79,1.0,104.25,1.0,104.25
2025-07-06 20:00:00,6.1,6.92,1.0,104.25,1.0,104.25
2025-07-06 21:00:00,6.49,7.38,1.0,104.25,1.0,104.25
2025-07-06 22:00:00,5.82,6.55,1.0,104.25,1.0,104.25
2025-07-06 23:00:00,6.19,6.98,1.0,104.25,1.0,104.25
2025-07-07 00:00:00,5.71,6.47,1.0,104.25,1.0,104.25
2025-07-07 01:00:00,5.49,6.06,1.0,104.25,1.0,104.25
2025-07-07 02:00:00,4.75,5.2,1.0,104.25,1.0,104.25
2025-07-07 03:00:00,4.41,4.76,1.0,104.25,1.0,104.25
2025-07-07 04:00:00,4.52,4.88,1.0,104.25,1.0,104.25
2025-07-07 05:00:00,5.43,5.84,1.0,104.25,1.0,104.25
2025-07-07 06:00:00,5.88,6.39,1.0,104.25,1.0,104.25
2025-07-07 07:00:00,6.12,6.68,1.0,104.25,1.0,104.25
2025-07-07 08:00:00,6.69,7.39,1.0,104.25,1.0,104.25
2025-07-07 09:00:00,6.75,7.5,1.0,104.25,1.0,104.25
2025-07-07 10:00:00,6.15,6.8,1.0,104.25,1.0,104.25
2025-07-07 11:00:00,6.57,7.32,1.0,104.25,1.0,104.25
2025-07-07 12:00:00,6.43,7.24,1.0,104.25,1.0,104.25
2025-07-07 13:00:00,6.15,6.95,1.0,104.25,1.0,104.25
2025-07-07 14:00:00,5.72,6.47,1.0,104.25,1.0,104.25
2025-07-07 15:00:00,6.17,6.99,1.0,104.25,1.0,104.25
2025-07-07 16:00:00,5.53,6.31,1.0,104.25,1.0,104.25
2025-07-07 17:00:00,4.8,5.46,1.0,104.25,1.0,104.25
2025-07-07 18:00:00,3.91,4.41,1.0,104.25,1.0,104.25
2025-07-07 19:00:00,3.71,4.1,1.0,104.25,1.0,104.25
2025-07-07 20:00:00,4.36,4.87,1.0,104.25,1.0,104.25
2025-07-07 21:00:00,4.15,4.61,1.0,104.25,1.0,104.25
2025-07-07 22:00:00,4.08,4.43,1.0,104.25,1.0,104.25
2025-07-07 23:00:00,4.13,4.58,1.0,104.25,1.0,104.25
2025-07-08 00:00:00,3.95,4.35,1.0,104.25,1.0,104.25
2025-07-08 01:00:00,3.59,3.91,1.0,104.25,1.0,104.25
2025-07-08 02:00:00,3.15,3.46,1.0,104.25,1.0,104.25
2025-07-08 03:00:00,2.73,2.98,1.0,104.25,1.0,104.25
2025-07-08 04:00:00,2.33,2.54,1.0,104.25,1.0,104.25
2025-07-08 05:00:00,2.33,2.54,1.0,104.25,1.0,104.25
2025-07-08 06:00:00,2.66,2.86,1.0,104.25,1.0,104.25
2025-07-08 07:00:00,3.16,3.36,1.0,104.25,1.0,104.25
2025-07-08 08:00:00,3.41,3.61,1.0,104.25,1.0,104.25
2025-07-08 09:00:00,3.55,3.8,1.0,104.25,1.0,104.25
2025-07-08 10:00:00,2.57,2.72,1.0,104.25,1.0,104.25
2025-07-08 11:00:00,3.47,3.78,1.0,104.25,1.0,104.25
2025-07-08 12:00:00,3.82,4.26,1.0,104.25,1.0,104.25
2025-07-08 13:00:00,3.75,4.15,1.0,104.25,1.0,104.25
2025-07-08 14:00:00,2.86,3.19,1.0,104.25,1.0,104.25
2025-07-08 15:00:00,2.35,2.59,1.0,104.25,1.0,104.25
2025-07-08 16:00:00,2.48,2.68,1.0,104.25,1.0,104.25
2025-07-08 17:00:00,2.39,2.6,1.0,104.25,1.0,104.25
2025-07-08 18:00:00,2.31,2.56,1.0,104.25,1.0,104.25
2025-07-08 19:00:00,3.01,3.31,1.0,104.25,1.0,104.25
2025-07-08 20:00:00,3.87,4.22,1.0,104.25,1.0,104.25
2025-07-08 21:00:00,4.95,5.45,1.0,104.25,1.0,104.25
2025-07-08 22:00:00,5.07,5.67,1.0,104.25,1.0,104.25
2025-07-08 23:00:00,4.37,4.86,1.0,104.25,1.0,104.25
2025-07-09 00:00:00,3.7,3.94,1.0,104.25,1.0,104.25
2025-07-09 01:00:00,4.07,4.35,1.0,104.25,1.0,104.25
2025-07-09 02:00:00,5.44,5.8,1.0,104.25,1.0,104.25
2025-07-09 03:00:00,5.65,6.08,1.0,104.25,1.0,104.25
2025-07-09 04:00:00,5.56,6.02,1.0,104.25,1.0,104.25
2025-07-09 05:00:00,5.41,5.87,1.0,104.25,1.0,104.25
2025-07-09 06:00:00,5.54,6.07,1.0,104.25,1.0,104.25
2025-07-09 07:00:00,5.47,5.99,1.0,104.25,1.0,104.25
2025-07-09 08:00:00,4.87,5.29,1.0,104.25,1.0,104.25
2025-07-09 09:00:00,4.55,4.93,1.0,104.25,1.0,104.25
2025-07-09 10:00:00,4.07,4.49,1.0,104.25,1.0,104.25
2025-07-09 11:00:00,3.91,4.33,1.0,104.25,1.0,104.25
2025-07-09 12:00:00,3.79,4.19,1.0,104.25,1.0,104.25
2025-07-09 13:00:00,3.55,3.9,1.0,104.25,1.0,104.25
2025-07-09 14:00:00,3.87,4.27,1.0,104.25,1.0,104.25
2025-07-09 15:00:00,4.72,5.21,1.0,104.25,1.0,104.25
2025-07-09 16:00:00,5.4,6.02,1.0,104.25,1.0,104.25
2025-07-09 17:00:00,5.67,6.36,1.0,104.25,1.0,104.25
2025-07-09 18:00:00,5.48,6.15,1.0,104.25,1.0,104.25
2025-07-09 19:00:00,5.39,6.08,1.0,104.25,1.0,104.25
2025-07-09 20:00:00,5.52,6.26,1.0,104.25,1.0,104.25
2025-07-09 21:00:00,5.47,6.2,1.0,104.25,1.0,104.25
2025-07-09 22:00:00,4.28,4.83,1.0,104.25,1.0,104.25
2025-07-09 23:00:00,4.15,4.7,1.0,104.25,1.0,104.25
2025-07-10 00:00:00,3.86,4.24,1.0,104.25,1.0,104.25
2025-07-10 01:00:00,4.27,4.63,1.0,104.25,1.0,104.25
2025-07-10 02:00:00,4.42,4.74,1.0,104.25,1.0,104.25
2025-07-10 03:00:00,4.96,5.37,1.0,104.25,1.0,104.25
2025-07-10 04:00:00,4.6,4.95,1.0,104.25,1.0,104.25
2025-07-10 05:00:00,4.81,5.21,1.0,104.25,1.0,104.25
2025-07-10 06:00:00,4.92,5.37,1.0,104.25,1.0,104.25
2025-07-10 07:00:00,4.67,5.08,1.0,104.25,1.0,104.25
2025-07-10 08:00:00,4.43,4.79,1.0,104.25,1.0,104.25
2025-07-10 09:00:00,3.98,4.3,1.0,104.25,1.0,104.25
2025-07-10 10:00:00,3.48,3.74,1.0,104.25,1.0,104.25
2025-07-10 11:00:00,3.05,3.25,1.0,104.25,1.0,104.25
2025-07-10 12:00:00,3.18,3.42,1.0,104.25,1.0,104.25
2025-07-10 13:00:00,3.18,3.42,1.0,104.25,1.0,104.25
2025-07-10 14:00:00,3.14,3.42,1.0,104.25,1.0,104.25
2025-07-10 15:00:00,3.36,3.65,1.0,104.25,1.0,104.25
2025-07-10 16:00:00,3.36,3.72,1.0,104.25,1.0,104.25
2025-07-10 17:00:00,3.12,3.43,1.0,104.25,1.0,104.25
2025-07-10 18:00:00,3.43,3.73,1.0,104.25,1.0,104.25
2025-07-10 19:00:00,3.82,4.19,1.0,104.25,1.0,104.25
2025-07-10 20:00:00,4.01,4.4,1.0,104.25,1.0,104.25
2025-07-10 21:00:00,4.27,4.69,1.0,104.25,1.0,104.25
2025-07-10 22:00:00,3.37,3.79,1.0,104.25,1.0,104.25
2025-07-10 23:00:00,4.24,4.73,1.0,104.25,1.0,104.25
2025-07-11 00:00:00,2.66,3.0,1.0,104.25,1.0,104.25
2025-07-11 01:00:00,2.35,2.5,1.0,104.25,1.0,104.25
2025-07-11 02:00:00,3.48,3.67,1.0,104.25,1.0,104.25
2025-07-11 03:00:00,5.31,5.74,1.0,104.25,1.0,104.25
2025-07-11 04:00:00,5.42,5.88,1.0,104.25,1.0,104.25
2025-07-11 05:00:00,4.9,5.22,1.0,104.25,1.0,104.25
2025-07-11 06:00:00,5.06,5.42,1.0,104.25,1.0,104.25
2025-07-11 07:00:00,5.41,5.87,1.0,104.25,1.0,104.25
2025-07-11 08:00:00,5.15,5.6,1.0,104.25,1.0,104.25
2025-07-11 09:00:00,4.64,5.02,1.0,104.25,1.0,104.25
2025-07-11 10:00:00,4.17,4.51,1.0,104.25,1.0,104.25
2025-07-11 11:00:00,4.53,4.95,1.0,104.25,1.0,104.25
2025-07-11 12:00:00,4.77,5.27,1.0,104.25,1.0,104.25
2025-07-11 13:00:00,5.01,5.56,1.0,104.25,1.0,104.25
2025-07-11 14:00:00,5.38,5.98,1.0,104.25,1.0,104.25
2025-07-11 15:00:00,5.7,6.35,1.0,104.25,1.0,104.25
2025-07-11 16:00:00,5.83,6.54,1.0,104.25,1.0,104.25
2025-07-11 17:00:00,6.21,6.99,1.0,104.25,1.0,104.25
2025-07-11 18:00:00,6.15,7.09,1.0,104.25,1.0,104.25
2025-07-11 19:00:00,6.47,7.34,1.0,104.25,1.0,104.25
2025-07-11 20:00:00,6.14,7.03,1.0,104.25,1.0,104.25
2025-07-11 21:00:00,5.13,5.9,1.0,104.25,1.0,104.25
2025-07-11 22:00:00,5.0,5.41,1.0,104.25,1.0,104.25
2025-07-11 23:00:00,4.27,4.59,1.0,104.25,1.0,104.25
2025-07-12 00:00:00,4.85,5.21,1.0,104.25,1.0,104.25
2025-07-12 01:00:00,5.75,6.29,1.0,104.25,1.0,104.25
2025-07-12 02:00:00,5.46,5.98,1.0,104.25,1.0,104.25
2025-07-12 03:00:00,4.9,5.33,1.0,104.25,1.0,104.25
2025-07-12 04:00:00,5.35,5.76,1.0,104.25,1.0,104.25
2025-07-12 05:00:00,5.44,5.89,1.0,104.25,1.0,104.25
2025-07-12 06:00:00,4.96,5.36,1.0,104.25,1.0,104.25
2025-07-12 07:00:00,4.77,5.17,1.0,104.25,1.0,104.25
2025-07-12 08:00:00,4.2,4.5,1.0,104.25,1.0,104.25
2025-07-12 09:00:00,4.11,4.46,1.0,104.25,1.0,104.25
2025-07-12 10:00:00,3.27,3.52,1.0,104.25,1.0,104.25
2025-07-12 11:00:00,3.83,4.14,1.0,104.25,1.0,104.25
2025-07-12 12:00:00,4.02,4.38,1.0,104.25,1.0,104.25
2025-07-12 13:00:00,4.33,4.8,1.0,104.25,1.0,104.25
2025-07-12 14:00:00,3.67,4.05,1.0,104.25,1.0,104.25
2025-07-12 15:00:00,3.26,3.58,1.0,104.25,1.0,104.25
2025-07-12 16:00:00,3.09,3.4,1.0,104.25,1.0,104.25
2025-07-12 17:00:00,3.05,3.31,1.0,104.25,1.0,104.25
2025-07-12 18:00:00,2.82,3.11,1.0,104.25,1.0,104.25
2025-07-12 19:00:00,2.42,2.62,1.0,104.25,1.0,104.25
2025-07-12 20:00:00,2.1,2.25,1.0,104.25,1.0,104.25
2025-07-12 21:00:00,2.61,2.84,1.0,104.25,1.0,104.25
2025-07-12 22:00:00,1.8,1.95,1.0,104.25,1.0,104.25
2025-07-12 23:00:00,3.59,3.9,1.0,104.25,1.0,104.25
2025-07-13 00:00:00,3.77,4.16,1.0,104.25,1.0,104.25
2025-07-13 01:00:00,4.51,4.81,1.0,104.25,1.0,104.25
2025-07-13 02:00:00,4.28,4.58,1.0,104.25,1.0,104.25
2025-07-13 03:00:00,4.81,5.17,1.0,104.25,1.0,104.25
2025-07-13 04:00:00,4.74,5.15,1.0,104.25,1.0,104.25
2025-07-13 05:00:00,4.68,5.02,1.0,104.25,1.0,104.25
2025-07-13 06:00:00,4.68,5.02,1.0,104.25,1.0,104.25
2025-07-13 07:00:00,4.78,5.13,1.0,104.25,1.0,104.25
2025-07-13 08:00:00,4.7,5.0,1.0,104.25,1.0,104.25
2025-07-13 09:00:00,4.6,4.95,1.0,104.25,1.0,104.25
2025-07-13 10:00:00,3.78,4.07,1.0,104.25,1.0,104.25
2025-07-13 11:00:00,3.35,3.71,1.0,104.25,1.0,104.25
2025-07-13 12:00:00,2.04,2.26,1.0,104.25,1.0,104.25
2025-07-13 13:00:00,1.95,2.15,1.0,104.25,1.0,104.25
2025-07-13 14:00:00,1.45,1.6,1.0,104.25,1.0,104.25
2025-07-13 15:00:00,1.4,1.55,1.0,104.25,1.0,104.25
2025-07-13 16:00:00,1.75,1.91,1.0,104.25,1.0,104.25
2025-07-13 17:00:00,2.23,2.42,1.0,104.25,1.0,104.25
2025-07-13 18:00:00,2.8,3.1,1.0,104.25,1.0,104.25
2025-07-13 19:00:00,3.28,3.59,1.0,104.25,1.0,104.25
2025-07-13 20:00:00,3.65,4.03,1.0,104.25,1.0,104.25
2025-07-13 21:00:00,3.61,4.03,1.0,104.25,1.0,104.25
2025-07-13 22:00:00,2.92,3.25,1.0,104.25,1.0,104.25
2025-07-13 23:00:00,3.32,3.74,1.0,104.25,1.0,104.25
2025-07-14 00:00:00,3.85,4.32,1.0,104.25,1.0,104.25
2025-07-14 01:00:00,4.19,4.65,1.0,104.25,1.0,104.25
2025-07-14 02:00:00,4.05,4.45,1.0,104.25,1.0,104.25
2025-07-14 03:00:00,3.72,3.99,1.0,104.25,1.0,104.25
2025-07-14 04:00:00,4.67,4.99,1.0,104.25,1.0,104.25
2025-07-14 05:00:00,5.27,5.69,1.0,104.25,1.0,104.25
2025-07-14 06:00:00,5.71,6.23,1.0,104.25,1.0,104.25
2025-07-14 07:00:00,6.05,6.61,1.0,104.25,1.0,104.25
2025-07-14 08:00:00,5.42,5.87,1.0,104.25,1.0,104.25
2025-07-14 09:00:00,5.36,5.86,1.0,104.25,1.0,104.25
2025-07-14 10:00:00,4.62,5.16,1.0,104.25,1.0,104.25
2025-07-14 11:00:00,4.35,4.9,1.0,104.25,1.0,104.25
2025-07-14 12:00:00,4.94,5.54,1.0,104.25,1.0,104.25
2025-07-14 13:00:00,5.19,5.8,1.0,104.25,1.0,104.25
2025-07-14 14:00:00,5.17,5.79,1.0,104.25,1.0,104.25
2025-07-14 15:00:00,5.44,6.12,1.0,104.25,1.0,104.25
2025-07-14 16:00:00,5.43,6.11,1.0,104.25,1.0,104.25
2025-07-14 17:00:00,5.87,6.58,1.0,104.25,1.0,104.25
2025-07-14 18:00:00,6.3,7.08,1.0,104.25,1.0,104.25
2025-07-14 19:00:00,6.29,7.09,1.0,104.25,1.0,104.25
2025-07-14 20:00:00,6.21,7.04,1.0,104.25,1.0,104.25
2025-07-14 21:00:00,5.06,5.71,1.0,104.25,1.0,104.25
2025-07-14 22:00:00,4.48,4.97,1.0,104.25,1.0,104.25
2025-07-14 23:00:00,4.7,5.27,1.0,104.25,1.0,104.25
2025-07-15 00:00:00,5.18,5.81,1.0,104.25,1.0,104.25
2025-07-15 01:00:00,5.59,6.19,1.0,104.25,1.0,104.25
2025-07-15 02:00:00,5.99,6.58,1.0,104.25,1.0,104.25
2025-07-15 03:00:00,6.25,6.99,1.0,104.25,1.0,104.25
2025-07-15 04:00:00,6.16,6.82,1.0,104.25,1.0,104.25
2025-07-15 05:00:00,5.81,6.41,1.0,104.25,1.0,104.25
2025-07-15 06:00:00,5.31,5.86,1.0,104.25,1.0,104.25
2025-07-15 07:00:00,5.2,5.71,1.0,104.25,1.0,104.25
2025-07-15 08:00:00,5.4,5.99,1.0,104.25,1.0,104.25
2025-07-15 09:00:00,5.79,6.46,1.0,104.25,1.0,104.25
2025-07-15 10:00:00,4.73,5.27,1.0,104.25,1.0,104.25
2025-07-15 11:00:00,4.85,5.49,1.0,104.25,1.0,104.25
2025-07-15 12:00:00,5.25,5.93,1.0,104.25,1.0,104.25
2025-07-15 13:00:00,5.44,6.17,1.0,104.25,1.0,104.25
2025-07-15 14:00:00,6.04,6.88,1.0,104.25,1.0,104.25
2025-07-15 15:00:00,6.06,6.94,1.0,104.25,1.0,104.25
2025-07-15 16:00:00,5.75,6.61,1.0,104.25,1.0,104.25
2025-07-15 17:00:00,5.41,6.24,1.0,104.25,1.0,104.25
2025-07-15 18:00:00,5.42,6.23,1.0,104.25,1.0,104.25
2025-07-15 19:00:00,5.65,6.46,1.0,104.25,1.0,104.25
2025-07-15 20:00:00,5.59,6.4,1.0,104.25,1.0,104.25
2025-07-15 21:00:00,5.51,6.31,1.0,104.25,1.0,104.25
2025-07-15 22:00:00,3.57,4.07,1.0,104.25,1.0,104.25
2025-07-15 23:00:00,4.09,4.54,1.0,104.25,1.0,104.25
2025-07-16 00:00:00,4.76,5.3,1.0,104.25,1.0,104.25
2025-07-16 01:00:00,5.35,5.93,1.0,104.25,1.0,104.25
2025-07-16 02:00:00,5.44,6.03,1.0,104.25,1.0,104.25
2025-07-16 03:00:00,5.15,5.74,1.0,104.25,1.0,104.25
2025-07-16 04:00:00,5.19,5.72,1.0,104.25,1.0,104.25
2025-07-16 05:00:00,5.04,5.61,1.0,104.25,1.0,104.25
2025-07-16 06:00:00,5.05,5.61,1.0,104.25,1.0,104.25
2025-07-16 07:00:00,4.9,5.41,1.0,104.25,1.0,104.25
2025-07-16 08:00:00,4.8,5.3,1.0,104.25,1.0,104.25
2025-07-16 09:00:00,4.73,5.24,1.0,104.25,1.0,104.25
2025-07-16 10:00:00,3.91,4.27,1.0,104.25,1.0,104.25
2025-07-16 11:00:00,3.63,4.07,1.0,104.25,1.0,104.25
2025-07-16 12:00:00,3.24,3.6,1.0,104.25,1.0,104.25
2025-07-16 13:00:00,3.18,3.55,1.0,104.25,1.0,104.25
2025-07-16 14:00:00,3.79,4.25,1.0,104.25,1.0,104.25
2025-07-16 15:00:00,4.14,4.7,1.0,104.25,1.0,104.25
2025-07-16 16:00:00,3.96,4.53,1.0,104.25,1.0,104.25
2025-07-16 17:00:00,3.87,4.4,1.0,104.25,1.0,104.25
2025-07-16 18:00:00,3.91,4.47,1.0,104.25,1.0,104.25
2025-07-16 19:00:00,4.02,4.59,1.0,104.25,1.0,104.25
2025-07-16 20:00:00,3.9,4.45,1.0,104.25,1.0,104.25
2025-07-16 21:00:00,3.63,4.12,1.0,104.25,1.0,104.25
2025-07-16 22:00:00,3.16,3.58,1.0,104.25,1.0,104.25
2025-07-16 23:00:00,3.82,4.33,1.0,104.25,1.0,104.25
2025-07-17 00:00:00,3.96,4.52,1.0,104.25,1.0,104.25
2025-07-17 01:00:00,3.91,4.27,1.0,104.25,1.0,104.25
2025-07-17 02:00:00,3.74,4.04,1.0,104.25,1.0,104.25
2025-07-17 03:00:00,3.65,3.95,1.0,104.25,1.0,104.25
2025-07-17 04:00:00,3.61,3.92,1.0,104.25,1.0,104.25
2025-07-17 05:00:00,3.68,3.94,1.0,104.25,1.0,104.25
2025-07-17 06:00:00,3.89,4.2,1.0,104.25,1.0,104.25
2025-07-17 07:00:00,4.07,4.43,1.0,104.25,1.0,104.25
2025-07-17 08:00:00,3.85,4.19,1.0,104.25,1.0,104.25
2025-07-17 09:00:00,3.51,3.82,1.0,104.25,1.0,104.25
2025-07-17 10:00:00,3.35,3.6,1.0,104.25,1.0,104.25
2025-07-17 11:00:00,3.11,3.42,1.0,104.25,1.0,104.25
2025-07-17 12:00:00,3.08,3.42,1.0,104.25,1.0,104.25
2025-07-17 13:00:00,3.54,3.99,1.0,104.25,1.0,104.25
2025-07-17 14:00:00,3.83,4.34,1.0,104.25,1.0,104.25
2025-07-17 15:00:00,4.19,4.73,1.0,104.25,1.0,104.25
2025-07-17 16:00:00,4.58,5.16,1.0,104.25,1.0,104.25
2025-07-17 17:00:00,4.67,5.27,1.0,104.25,1.0,104.25
2025-07-17 18:00:00,4.12,4.59,1.0,104.25,1.0,104.25
2025-07-17 19:00:00,3.41,3.79,1.0,104.25,1.0,104.25
2025-07-17 20:00:00,3.27,3.65,1.0,104.25,1.0,104.25
2025-07-17 21:00:00,3.62,4.01,1.0,104.25,1.0,104.25
2025-07-17 22:00:00,2.4,2.64,1.0,104.25,1.0,104.25
2025-07-17 23:00:00,2.9,3.2,1.0,104.25,1.0,104.25
2025-07-18 00:00:00,3.12,3.52,1.0,104.25,1.0,104.25
2025-07-18 01:00:00,3.18,3.47,1.0,104.25,1.0,104.25
2025-07-18 02:00:00,3.55,3.85,1.0,104.25,1.0,104.25
2025-07-18 03:00:00,3.77,4.07,1.0,104.25,1.0,104.25
2025-07-18 04:00:00,4.07,4.37,1.0,104.25,1.0,104.25
2025-07-18 05:00:00,4.35,4.71,1.0,104.25,1.0,104.25
2025-07-18 06:00:00,4.25,4.57,1.0,104.25,1.0,104.25
2025-07-18 07:00:00,4.18,4.49,1.0,104.25,1.0,104.25
2025-07-18 08:00:00,4.03,4.4,1.0,104.25,1.0,104.25
2025-07-18 09:00:00,3.62,3.97,1.0,104.25,1.0,104.25
2025-07-18 10:00:00,3.62,3.94,1.0,104.25,1.0,104.25
2025-07-18 11:00:00,3.48,3.88,1.0,104.25,1.0,104.25
2025-07-18 12:00:00,3.41,3.86,1.0,104.25,1.0,104.25
2025-07-18 13:00:00,3.32,3.83,1.0,104.25,1.0,104.25
2025-07-18 14:00:00,3.46,3.93,1.0,104.25,1.0,104.25
2025-07-18 15:00:00,3.8,4.32,1.0,104.25,1.0,104.25
2025-07-18 16:00:00,4.5,5.09,1.0,104.25,1.0,104.25
2025-07-18 17:00:00,5.28,5.99,1.0,104.25,1.0,104.25
2025-07-18 18:00:00,5.52,6.28,1.0,104.25,1.0,104.25
2025-07-18 19:00:00,5.59,6.37,1.0,104.25,1.0,104.25
2025-07-18 20:00:00,5.41,6.19,1.0,104.25,1.0,104.25
2025-07-18 21:00:00,5.15,5.89,1.0,104.25,1.0,104.25
2025-07-18 22:00:00,4.66,5.22,1.0,104.25,1.0,104.25
2025-07-18 23:00:00,4.9,5.5,1.0,104.25,1.0,104.25
2025-07-19 00:00:00,5.59,6.24,1.0,104.25,1.0,104.25
2025-07-19 01:00:00,5.98,6.7,1.0,104.25,1.0,104.25
2025-07-19 02:00:00,6.06,6.85,1.0,104.25,1.0,104.25
2025-07-19 03:00:00,6.2,6.92,1.0,104.25,1.0,104.25
2025-07-19 04:00:00,6.36,7.11,1.0,104.25,1.0,104.25
2025-07-19 05:00:00,6.45,7.2,1.0,104.25,1.0,104.25
2025-07-19 06:00:00,6.25,7.0,1.0,104.25,1.0,104.25
2025-07-19 07:00:00,5.95,6.65,1.0,104.25,1.0,104.25
2025-07-19 08:00:00,5.55,6.2,1.0,104.25,1.0,104.25
2025-07-19 09:00:00,5.26,5.86,1.0,104.25,1.0,104.25
2025-07-19 10:00:00,4.21,4.73,1.0,104.25,1.0,104.25
2025-07-19 11:00:00,3.88,4.48,1.0,104.25,1.0,104.25
2025-07-19 12:00:00,4.17,4.81,1.0,104.25,1.0,104.25
2025-07-19 13:00:00,4.53,5.16,1.0,104.25,1.0,104.25
2025-07-19 14:00:00,4.63,5.3,1.0,104.25,1.0,104.25
2025-07-19 15:00:00,4.7,5.37,1.0,104.25,1.0,104.25
2025-07-19 16:00:00,4.95,5.69,1.0,104.25,1.0,104.25
2025-07-19 17:00:00,5.06,5.77,1.0,104.25,1.0,104.25
2025-07-19 18:00:00,4.88,5.52,1.0,104.25,1.0,104.25
2025-07-19 19:00:00,5.06,5.73,1.0,104.25,1.0,104.25
2025-07-19 20:00:00,5.42,6.16,1.0,104.25,1.0,104.25
2025-07-19 21:00:00,5.66,6.41,1.0,104.25,1.0,104.25
2025-07-19 22:00:00,4.45,5.1,1.0,104.25,1.0,104.25
2025-07-19 23:00:00,4.52,5.08,1.0,104.25,1.0,104.25
2025-07-20 00:00:00,5.13,5.75,1.0,104.25,1.0,104.25
2025-07-20 01:00:00,5.49,6.14,1.0,104.25,1.0,104.25
2025-07-20 02:00:00,5.5,6.16,1.0,104.25,1.0,104.25
2025-07-20 03:00:00,5.46,6.04,1.0,104.25,1.0,104.25
2025-07-20 04:00:00,5.01,5.49,1.0,104.25,1.0,104.25
2025-07-20 05:00:00,4.63,5.05,1.0,104.25,1.0,104.25
2025-07-20 06:00:00,4.65,5.05,1.0,104.25,1.0,104.25
2025-07-20 07:00:00,5.02,5.47,1.0,104.25,1.0,104.25
2025-07-20 08:00:00,5.21,5.71,1.0,104.25,1.0,104.25
2025-07-20 09:00:00,5.11,5.66,1.0,104.25,1.0,104.25
2025-07-20 10:00:00,4.37,4.92,1.0,104.25,1.0,104.25
2025-07-20 11:00:00,3.76,4.33,1.0,104.25,1.0,104.25
2025-07-20 12:00:00,3.61,4.12,1.0,104.25,1.0,104.25
2025-07-20 13:00:00,3.26,3.62,1.0,104.25,1.0,104.25
2025-07-20 14:00:00,2.85,3.15,1.0,104.25,1.0,104.25
2025-07-20 15:00:00,2.9,3.16,1.0,104.25,1.0,104.25
2025-07-20 16:00:00,3.52,3.89,1.0,104.25,1.0,104.25
2025-07-20 17:00:00,4.32,4.84,1.0,104.25,1.0,104.25
2025-07-20 18:00:00,4.7,5.3,1.0,104.25,1.0,104.25
2025-07-20 19:00:00,5.01,5.68,1.0,104.25,1.0,104.25
2025-07-20 20:00:00,5.28,5.95,1.0,104.25,1.0,104.25
2025-07-20 21:00:00,5.54,6.25,1.0,104.25,1.0,104.25
2025-07-20 22:00:00,5.99,7.01,1.0,104.25,1.0,104.25
2025-07-20 23:00:00,6.44,7.47,1.0,104.25,1.0,104.25
2025-07-21 00:00:00,6.88,8.01,1.0,104.25,1.0,104.25
2025-07-21 01:00:00,5.69,6.47,1.0,104.25,1.0,104.25
2025-07-21 02:00:00,4.57,5.06,1.0,104.25,1.0,104.25
2025-07-21 03:00:00,4.22,4.6,1.0,104.25,1.0,104.25
2025-07-21 04:00:00,3.81,4.13,1.0,104.25,1.0,104.25
2025-07-21 05:00:00,3.79,4.04,1.0,104.25,1.0,104.25
2025-07-21 06:00:00,3.67,3.97,1.0,104.25,1.0,104.25
2025-07-21 07:00:00,3.75,4.02,1.0,104.25,1.0,104.25
2025-07-21 08:00:00,4.27,4.63,1.0,104.25,1.0,104.25
2025-07-21 09:00:00,4.73,5.14,1.0,104.25,1.0,104.25
2025-07-21 10:00:00,4.35,4.84,1.0,104.25,1.0,104.25
2025-07-21 11:00:00,5.16,5.85,1.0,104.25,1.0,104.25
2025-07-21 12:00:00,5.38,6.11,1.0,104.25,1.0,104.25
2025-07-21 13:00:00,5.28,5.96,1.0,104.25,1.0,104.25
2025-07-21 14:00:00,5.17,5.84,1.0,104.25,1.0,104.25
2025-07-21 15:00:00,4.92,5.52,1.0,104.25,1.0,104.25
2025-07-21 16:00:00,4.99,5.62,1.0,104.25,1.0,104.25
2025-07-21 17:00:00,5.06,5.69,1.0,104.25,1.0,104.25
2025-07-21 18:00:00,4.85,5.49,1.0,104.25,1.0,104.25
2025-07-21 19:00:00,4.71,5.35,1.0,104.25,1.0,104.25
2025-07-21 20:00:00,4.71,5.31,1.0,104.25,1.0,104.25
2025-07-21 21:00:00,5.16,5.84,1.0,104.25,1.0,104.25
2025-07-21 22:00:00,5.38,6.08,1.0,104.25,1.0,104.25
2025-07-21 23:00:00,5.53,6.24,1.0,104.25,1.0,104.25
2025-07-22 00:00:00,5.75,6.47,1.0,104.25,1.0,104.25
2025-07-22 01:00:00,5.88,6.58,1.0,104.25,1.0,104.25
2025-07-22 02:00:00,5.73,6.42,1.0,104.25,1.0,104.25
2025-07-22 03:00:00,5.49,6.03,1.0,104.25,1.0,104.25
2025-07-22 04:00:00,5.27,5.79,1.0,104.25,1.0,104.25
2025-07-22 05:00:00,5.14,5.61,1.0,104.25,1.0,104.25
2025-07-22 06:00:00,5.02,5.47,1.0,104.25,1.0,104.25
2025-07-22 07:00:00,5.02,5.51,1.0,104.25,1.0,104.25
2025-07-22 08:00:00,4.71,5.12,1.0,104.25,1.0,104.25
2025-07-22 09:00:00,4.19,4.6,1.0,104.25,1.0,104.25
2025-07-22 10:00:00,4.9,5.55,1.0,104.25,1.0,104.25
2025-07-22 11:00:00,4.1,4.61,1.0,104.25,1.0,104.25
2025-07-22 12:00:00,4.28,4.78,1.0,104.25,1.0,104.25
2025-07-22 13:00:00,4.6,5.13,1.0,104.25,1.0,104.25
2025-07-22 14:00:00,4.56,5.16,1.0,104.25,1.0,104.25
2025-07-22 15:00:00,3.73,4.27,1.0,104.25,1.0,104.25
2025-07-22 16:00:00,3.48,3.95,1.0,104.25,1.0,104.25
2025-07-22 17:00:00,4.07,4.58,1.0,104.25,1.0,104.25
2025-07-22 18:00:00,4.95,5.58,1.0,104.25,1.0,104.25
2025-07-22 19:00:00,5.74,6.47,1.0,104.25,1.0,104.25
2025-07-22 20:00:00,5.77,6.51,1.0,104.25,1.0,104.25
2025-07-22 21:00:00,5.57,6.28,1.0,104.25,1.0,104.25
2025-07-22 22:00:00,4.27,4.77,1.0,104.25,1.0,104.25
2025-07-22 23:00:00,4.13,4.67,1.0,104.25,1.0,104.25
2025-07-23 00:00:00,4.36,4.9,1.0,104.25,1.0,104.25
2025-07-23 01:00:00,4.58,5.05,1.0,104.25,1.0,104.25
2025-07-23 02:00:00,4.79,5.23,1.0,104.25,1.0,104.25
2025-07-23 03:00:00,5.19,5.63,1.0,104.25,1.0,104.25
2025-07-23 04:00:00,5.12,5.58,1.0,104.25,1.0,104.25
2025-07-23 05:00:00,4.94,5.41,1.0,104.25,1.0,104.25
2025-07-23 06:00:00,4.84,5.33,1.0,104.25,1.0,104.25
2025-07-23 07:00:00,4.64,5.06,1.0,104.25,1.0,104.25
2025-07-23 08:00:00,4.04,4.4,1.0,104.25,1.0,104.25
2025-07-23 09:00:00,3.87,4.19,1.0,104.25,1.0,104.25
2025-07-23 10:00:00,3.86,4.21,1.0,104.25,1.0,104.25
2025-07-23 11:00:00,4.28,4.73,1.0,104.25,1.0,104.25
2025-07-23 12:00:00,4.74,5.26,1.0,104.25,1.0,104.25
2025-07-23 13:00:00,5.22,5.84,1.0,104.25,1.0,104.25
2025-07-23 14:00:00,5.46,6.17,1.0,104.25,1.0,104.25
2025-07-23 15:00:00,5.37,6.08,1.0,104.25,1.0,104.25
2025-07-23 16:00:00,5.07,5.65,1.0,104.25,1.0,104.25
2025-07-23 17:00:00,4.7,5.25,1.0,104.25,1.0,104.25
2025-07-23 18:00:00,4.25,4.79,1.0,104.25,1.0,104.25
2025-07-23 19:00:00,3.73,4.16,1.0,104.25,1.0,104.25
2025-07-23 20:00:00,3.39,3.75,1.0,104.25,1.0,104.25
2025-07-23 21:00:00,3.5,3.89,1.0,104.25,1.0,104.25
2025-07-23 22:00:00,3.46,3.78,1.0,104.25,1.0,104.25
2025-07-23 23:00:00,3.73,4.12,1.0,104.25,1.0,104.25
2025-07-24 00:00:00,3.98,4.33,1.0,104.25,1.0,104.25
2025-07-24 01:00:00,4.05,4.41,1.0,104.25,1.0,104.25
2025-07-24 02:00:00,4.0,4.33,1.0,104.25,1.0,104.25
2025-07-24 03:00:00,4.07,4.36,1.0,104.25,1.0,104.25
2025-07-24 04:00:00,3.97,4.29,1.0,104.25,1.0,104.25
2025-07-24 05:00:00,4.09,4.4,1.0,104.25,1.0,104.25
2025-07-24 06:00:00,4.2,4.52,1.0,104.25,1.0,104.25
2025-07-24 07:00:00,4.55,4.92,1.0,104.25,1.0,104.25
2025-07-24 08:00:00,4.91,5.39,1.0,104.25,1.0,104.25
2025-07-24 09:00:00,5.21,5.68,1.0,104.25,1.0,104.25
2025-07-24 10:00:00,4.62,5.11,1.0,104.25,1.0,104.25
2025-07-24 11:00:00,4.67,5.21,1.0,104.25,1.0,104.25
2025-07-24 12:00:00,4.97,5.55,1.0,104.25,1.0,104.25
2025-07-24 13:00:00,5.24,5.96,1.0,104.25,1.0,104.25
2025-07-24 14:00:00,4.88,5.52,1.0,104.25,1.0,104.25
2025-07-24 15:00:00,4.53,5.09,1.0,104.25,1.0,104.25
2025-07-24 16:00:00,4.6,5.16,1.0,104.25,1.0,104.25
2025-07-24 17:00:00,4.68,5.24,1.0,104.25,1.0,104.25
2025-07-24 18:00:00,4.67,5.27,1.0,104.25,1.0,104.25
2025-07-24 19:00:00,4.56,5.13,1.0,104.25,1.0,104.25
2025-07-24 20:00:00,4.53,5.06,1.0,104.25,1.0,104.25
2025-07-24 21:00:00,4.6,5.13,1.0,104.25,1.0,104.25
2025-07-24 22:00:00,5.06,5.7,1.0,104.25,1.0,104.25
2025-07-24 23:00:00,4.7,5.41,1.0,104.25,1.0,104.25
2025-07-25 00:00:00,4.53,5.13,1.0,104.25,1.0,104.25
2025-07-25 01:00:00,4.77,5.3,1.0,104.25,1.0,104.25
2025-07-25 02:00:00,4.91,5.41,1.0,104.25,1.0,104.25
2025-07-25 03:00:00,4.77,5.23,1.0,104.25,1.0,104.25
2025-07-25 04:00:00,4.19,4.57,1.0,104.25,1.0,104.25
2025-07-25 05:00:00,3.91,4.26,1.0,104.25,1.0,104.25
2025-07-25 06:00:00,4.15,4.47,1.0,104.25,1.0,104.25
2025-07-25 07:00:00,3.94,4.26,1.0,104.25,1.0,104.25
2025-07-25 08:00:00,3.83,4.15,1.0,104.25,1.0,104.25
2025-07-25 09:00:00,3.76,4.08,1.0,104.25,1.0,104.25
2025-07-25 10:00:00,5.04,5.68,1.0,104.25,1.0,104.25
2025-07-25 11:00:00,4.86,5.46,1.0,104.25,1.0,104.25
2025-07-25 12:00:00,4.45,5.09,1.0,104.25,1.0,104.25
2025-07-25 13:00:00,4.29,4.96,1.0,104.25,1.0,104.25
2025-07-25 14:00:00,4.08,4.65,1.0,104.25,1.0,104.25
2025-07-25 15:00:00,3.78,4.31,1.0,104.25,1.0,104.25
2025-07-25 16:00:00,3.54,4.0,1.0,104.25,1.0,104.25
2025-07-25 17:00:00,3.33,3.64,1.0,104.25,1.0,104.25
2025-07-25 18:00:00,3.37,3.72,1.0,104.25,1.0,104.25
2025-07-25 19:00:00,3.38,3.73,1.0,104.25,1.0,104.25
2025-07-25 20:00:00,3.39,3.75,1.0,104.25,1.0,104.25
2025-07-25 21:00:00,3.29,3.6,1.0,104.25,1.0,104.25
2025-07-25 22:00:00,3.06,3.29,1.0,104.25,1.0,104.25
2025-07-25 23:00:00,3.26,3.54,1.0,104.25,1.0,104.25
2025-07-26 00:00:00,3.39,3.79,1.0,104.25,1.0,104.25
2025-07-26 01:00:00,3.91,4.31,1.0,104.25,1.0,104.25
2025-07-26 02:00:00,4.39,4.78,1.0,104.25,1.0,104.25
2025-07-26 03:00:00,4.83,5.24,1.0,104.25,1.0,104.25
2025-07-26 04:00:00,4.8,5.23,1.0,104.25,1.0,104.25
2025-07-26 05:00:00,4.6,5.0,1.0,104.25,1.0,104.25
2025-07-26 06:00:00,5.64,6.09,1.0,104.25,1.0,104.25
2025-07-26 07:00:00,5.63,6.07,1.0,104.25,1.0,104.25
2025-07-26 08:00:00,4.84,5.24,1.0,104.25,1.0,104.25
2025-07-26 09:00:00,4.71,5.06,1.0,104.25,1.0,104.25
2025-07-26 10:00:00,2.61,2.86,1.0,104.25,1.0,104.25
2025-07-26 11:00:00,2.28,2.47,1.0,104.25,1.0,104.25
2025-07-26 12:00:00,2.32,2.58,1.0,104.25,1.0,104.25
2025-07-26 13:00:00,2.04,2.33,1.0,104.25,1.0,104.25
2025-07-26 14:00:00,2.25,2.53,1.0,104.25,1.0,104.25
2025-07-26 15:00:00,2.36,2.62,1.0,104.25,1.0,104.25
2025-07-26 16:00:00,2.6,2.9,1.0,104.25,1.0,104.25
2025-07-26 17:00:00,2.86,3.16,1.0,104.25,1.0,104.25
2025-07-26 18:00:00,3.3,3.6,1.0,104.25,1.0,104.25
2025-07-26 19:00:00,3.38,3.78,1.0,104.25,1.0,104.25
2025-07-26 20:00:00,3.2,3.56,1.0,104.25,1.0,104.25
2025-07-26 21:00:00,3.13,3.48,1.0,104.25,1.0,104.25
2025-07-26 22:00:00,2.32,2.47,1.0,104.25,1.0,104.25
2025-07-26 23:00:00,2.77,3.03,1.0,104.25,1.0,104.25
2025-07-27 00:00:00,3.6,3.9,1.0,104.25,1.0,104.25
2025-07-27 01:00:00,3.91,4.28,1.0,104.25,1.0,104.25
2025-07-27 02:00:00,3.8,4.15,1.0,104.25,1.0,104.25
2025-07-27 03:00:00,3.92,4.23,1.0,104.25,1.0,104.25
2025-07-27 04:00:00,4.05,4.42,1.0,104.25,1.0,104.25
2025-07-27 05:00:00,4.23,4.54,1.0,104.25,1.0,104.25
2025-07-27 06:00:00,4.33,4.64,1.0,104.25,1.0,104.25
2025-07-27 07:00:00,4.25,4.56,1.0,104.25,1.0,104.25
2025-07-27 08:00:00,4.32,4.69,1.0,104.25,1.0,104.25
2025-07-27 09:00:00,4.29,4.68,1.0,104.25,1.0,104.25
2025-07-27 10:00:00,3.81,4.11,1.0,104.25,1.0,104.25
2025-07-27 11:00:00,3.11,3.42,1.0,104.25,1.0,104.25
2025-07-27 12:00:00,3.46,3.84,1.0,104.25,1.0,104.25
2025-07-27 13:00:00,3.87,4.3,1.0,104.25,1.0,104.25
2025-07-27 14:00:00,4.44,4.92,1.0,104.25,1.0,104.25
2025-07-27 15:00:00,4.67,5.23,1.0,104.25,1.0,104.25
2025-07-27 16:00:00,5.06,5.66,1.0,104.25,1.0,104.25
2025-07-27 17:00:00,5.69,6.4,1.0,104.25,1.0,104.25
2025-07-27 18:00:00,5.46,6.2,1.0,104.25,1.0,104.25
2025-07-27 19:00:00,4.85,5.49,1.0,104.25,1.0,104.25
2025-07-27 20:00:00,3.97,4.44,1.0,104.25,1.0,104.25
2025-07-27 21:00:00,3.89,4.31,1.0,104.25,1.0,104.25
2025-07-27 22:00:00,3.67,4.08,1.0,104.25,1.0,104.25
2025-07-27 23:00:00,3.84,4.27,1.0,104.25,1.0,104.25
2025-07-28 00:00:00,3.98,4.34,1.0,104.25,1.0,104.25
2025-07-28 01:00:00,3.91,4.22,1.0,104.25,1.0,104.25
2025-07-28 02:00:00,3.62,3.89,1.0,104.25,1.0,104.25
2025-07-28 03:00:00,3.71,4.0,1.0,104.25,1.0,104.25
2025-07-28 04:00:00,3.97,4.3,1.0,104.25,1.0,104.25
2025-07-28 05:00:00,4.3,4.65,1.0,104.25,1.0,104.25
2025-07-28 06:00:00,4.46,4.84,1.0,104.25,1.0,104.25
2025-07-28 07:00:00,4.92,5.35,1.0,104.25,1.0,104.25
2025-07-28 08:00:00,5.3,5.79,1.0,104.25,1.0,104.25
2025-07-28 09:00:00,5.6,6.16,1.0,104.25,1.0,104.25
2025-07-28 10:00:00,5.75,6.35,1.0,104.25,1.0,104.25
2025-07-28 11:00:00,5.8,6.49,1.0,104.25,1.0,104.25
2025-07-28 12:00:00,5.46,6.23,1.0,104.25,1.0,104.25
2025-07-28 13:00:00,5.69,6.49,1.0,104.25,1.0,104.25
2025-07-28 14:00:00,5.86,6.69,1.0,104.25,1.0,104.25
2025-07-28 15:00:00,5.83,6.63,1.0,104.25,1.0,104.25
2025-07-28 16:00:00,5.97,6.83,1.0,104.25,1.0,104.25
2025-07-28 17:00:00,6.19,7.05,1.0,104.25,1.0,104.25
2025-07-28 18:00:00,6.38,7.28,1.0,104.25,1.0,104.25
2025-07-28 19:00:00,6.32,7.2,1.0,104.25,1.0,104.25
2025-07-28 20:00:00,6.19,7.04,1.0,104.25,1.0,104.25
2025-07-28 21:00:00,6.2,7.05,1.0,104.25,1.0,104.25
2025-07-28 22:00:00,5.96,6.77,1.0,104.25,1.0,104.25
2025-07-28 23:00:00,6.2,7.05,1.0,104.25,1.0,104.25
2025-07-29 00:00:00,6.15,7.0,1.0,104.25,1.0,104.25
2025-07-29 01:00:00,6.15,6.89,1.0,104.25,1.0,104.25
2025-07-29 02:00:00,6.0,6.67,1.0,104.25,1.0,104.25
2025-07-29 03:00:00,5.91,6.56,1.0,104.25,1.0,104.25
2025-07-29 04:00:00,6.04,6.74,1.0,104.25,1.0,104.25
2025-07-29 05:00:00,5.91,6.56,1.0,104.25,1.0,104.25
2025-07-29 06:00:00,5.87,6.47,1.0,104.25,1.0,104.25
2025-07-29 07:00:00,5.78,6.41,1.0,104.25,1.0,104.25
2025-07-29 08:00:00,6.19,6.87,1.0,104.25,1.0,104.25
2025-07-29 09:00:00,6.85,7.59,1.0,104.25,1.0,104.25
2025-07-29 10:00:00,6.61,7.44,1.0,104.25,1.0,104.25
2025-07-29 11:00:00,6.62,7.6,1.0,104.25,1.0,104.25
2025-07-29 12:00:00,6.81,7.85,1.0,104.25,1.0,104.25
2025-07-29 13:00:00,6.84,7.88,1.0,104.25,1.0,104.25
2025-07-29 14:00:00,6.72,7.72,1.0,104.25,1.0,104.25
2025-07-29 15:00:00,6.43,7.43,1.0,104.25,1.0,104.25
2025-07-29 16:00:00,6.18,7.07,1.0,104.25,1.0,104.25
2025-07-29 17:00:00,6.34,7.31,1.0,104.25,1.0,104.25
2025-07-29 18:00:00,6.69,7.67,1.0,104.25,1.0,104.25
2025-07-29 19:00:00,6.77,7.78,1.0,104.25,1.0,104.25
2025-07-29 20:00:00,6.29,7.24,1.0,104.25,1.0,104.25
2025-07-29 21:00:00,5.69,6.47,1.0,104.25,1.0,104.25
2025-07-29 22:00:00,5.46,6.19,1.0,104.25,1.0,104.25
2025-07-29 23:00:00,4.98,5.68,1.0,104.25,1.0,104.25
2025-07-30 00:00:00,3.72,4.2,1.0,104.25,1.0,104.25
2025-07-30 01:00:00,3.57,3.95,1.0,104.25,1.0,104.25
2025-07-30 02:00:00,3.82,4.15,1.0,104.25,1.0,104.25
2025-07-30 03:00:00,4.19,4.52,1.0,104.25,1.0,104.25
2025-07-30 04:00:00,4.35,4.72,1.0,104.25,1.0,104.25
2025-07-30 05:00:00,4.56,4.96,1.0,104.25,1.0,104.25
2025-07-30 06:00:00,4.55,4.92,1.0,104.25,1.0,104.25
2025-07-30 07:00:00,4.68,5.08,1.0,104.25,1.0,104.25
2025-07-30 08:00:00,5.01,5.46,1.0,104.25,1.0,104.25
2025-07-30 09:00:00,5.19,5.66,1.0,104.25,1.0,104.25
2025-07-30 10:00:00,5.34,5.99,1.0,104.25,1.0,104.25
2025-07-30 11:00:00,3.83,4.41,1.0,104.25,1.0,104.25
2025-07-30 12:00:00,3.5,3.99,1.0,104.25,1.0,104.25
2025-07-30 13:00:00,3.75,4.2,1.0,104.25,1.0,104.25
2025-07-30 14:00:00,4.19,4.73,1.0,104.25,1.0,104.25
2025-07-30 15:00:00,3.81,4.35,1.0,104.25,1.0,104.25
2025-07-30 16:00:00,3.73,4.24,1.0,104.25,1.0,104.25
2025-07-30 17:00:00,3.61,4.06,1.0,104.25,1.0,104.25
2025-07-30 18:00:00,4.08,4.54,1.0,104.25,1.0,104.25
2025-07-30 19:00:00,4.43,4.99,1.0,104.25,1.0,104.25
2025-07-30 20:00:00,4.68,5.24,1.0,104.25,1.0,104.25
2025-07-30 21:00:00,4.7,5.25,1.0,104.25,1.0,104.25
2025-07-30 22:00:00,4.48,4.9,1.0,104.25,1.0,104.25
2025-07-30 23:00:00,5.48,6.15,1.0,104.25,1.0,104.25
2025-07-31 00:00:00,6.24,7.02,1.0,104.25,1.0,104.25
2025-07-31 01:00:00,6.24,6.94,1.0,104.25,1.0,104.25
2025-07-31 02:00:00,5.25,5.83,1.0,104.25,1.0,104.25
2025-07-31 03:00:00,4.54,5.01,1.0,104.25,1.0,104.25
2025-07-31 04:00:00,4.28,4.69,1.0,104.25,1.0,104.25
2025-07-31 05:00:00,4.31,4.66,1.0,104.25,1.0,104.25
2025-07-31 06:00:00,3.76,4.06,1.0,104.25,1.0,104.25
2025-07-31 07:00:00,4.12,4.48,1.0,104.25,1.0,104.25
2025-07-31 08:00:00,4.24,4.6,1.0,104.25,1.0,104.25
2025-07-31 09:00:00,4.97,5.41,1.0,104.25,1.0,104.25
2025-07-31 10:00:00,5.6,6.2,1.0,104.25,1.0,104.25
2025-07-31 11:00:00,5.99,6.69,1.0,104.25,1.0,104.25
2025-07-31 12:00:00,5.4,6.06,1.0,104.25,1.0,104.25
2025-07-31 13:00:00,4.57,5.18,1.0,104.25,1.0,104.25
2025-07-31 14:00:00,4.2,4.71,1.0,104.25,1.0,104.25
2025-07-31 15:00:00,4.4,4.9,1.0,104.25,1.0,104.25
2025-07-31 16:00:00,4.42,4.94,1.0,104.25,1.0,104.25
2025-07-31 17:00:00,4.46,5.02,1.0,104.25,1.0,104.25
2025-07-31 18:00:00,4.67,5.3,1.0,104.25,1.0,104.25
2025-07-31 19:00:00,5.05,5.77,1.0,104.25,1.0,104.25
2025-07-31 20:00:00,5.07,5.76,1.0,104.25,1.0,104.25
2025-07-31 21:00:00,5.21,5.91,1.0,104.25,1.0,104.25
2025-07-31 22:00:00,4.26,4.77,1.0,104.25,1.0,104.25
2025-07-31 23:00:00,4.73,5.27,1.0,104.25,1.0,104.25
2025-08-01 00:00:00,4.97,5.54,1.0,104.25,1.0,104.25
2025-08-01 01:00:00,4.55,5.01,1.0,104.25,1.0,104.25
2025-08-01 02:00:00,4.07,4.38,1.0,104.25,1.0,104.25
2025-08-01 03:00:00,5.08,5.5,1.0,104.25,1.0,104.25
2025-08-01 04:00:00,4.71,5.14,1.0,104.25,1.0,104.25
2025-08-01 05:00:00,4.89,5.3,1.0,104.25,1.0,104.25
2025-08-01 06:00:00,5.04,5.44,1.0,104.25,1.0,104.25
2025-08-01 07:00:00,5.04,5.45,1.0,104.25,1.0,104.25
2025-08-01 08:00:00,4.78,5.18,1.0,104.25,1.0,104.25
2025-08-01 09:00:00,4.16,4.51,1.0,104.25,1.0,104.25
2025-08-01 10:00:00,4.12,4.42,1.0,104.25,1.0,104.25
2025-08-01 11:00:00,2.5,2.8,1.0,104.25,1.0,104.25
2025-08-01 12:00:00,2.97,3.32,1.0,104.25,1.0,104.25
2025-08-01 13:00:00,3.11,3.47,1.0,104.25,1.0,104.25
2025-08-01 14:00:00,3.23,3.63,1.0,104.25,1.0,104.25
2025-08-01 15:00:00,3.46,3.93,1.0,104.25,1.0,104.25
2025-08-01 16:00:00,3.26,3.76,1.0,104.25,1.0,104.25
2025-08-01 17:00:00,3.7,4.19,1.0,104.25,1.0,104.25
2025-08-01 18:00:00,3.82,4.29,1.0,104.25,1.0,104.25
2025-08-01 19:00:00,4.35,4.85,1.0,104.25,1.0,104.25
2025-08-01 20:00:00,4.71,5.25,1.0,104.25,1.0,104.25
2025-08-01 21:00:00,4.76,5.36,1.0,104.25,1.0,104.25
2025-08-01 22:00:00,4.46,5.07,1.0,104.25,1.0,104.25
2025-08-01 23:00:00,4.47,5.02,1.0,104.25,1.0,104.25
2025-08-02 00:00:00,4.56,5.06,1.0,104.25,1.0,104.25
2025-08-02 01:00:00,4.52,4.9,1.0,104.25,1.0,104.25
2025-08-02 02:00:00,4.84,5.25,1.0,104.25,1.0,104.25
2025-08-02 03:00:00,4.14,4.5,1.0,104.25,1.0,104.25
2025-08-02 04:00:00,3.75,4.0,1.0,104.25,1.0,104.25
2025-08-02 05:00:00,3.73,3.98,1.0,104.25,1.0,104.25
2025-08-02 06:00:00,3.42,3.64,1.0,104.25,1.0,104.25
2025-08-02 07:00:00,3.49,3.78,1.0,104.25,1.0,104.25
2025-08-02 08:00:00,3.67,4.03,1.0,104.25,1.0,104.25
2025-08-02 09:00:00,4.0,4.36,1.0,104.25,1.0,104.25
2025-08-02 10:00:00,3.33,3.71,1.0,104.25,1.0,104.25
2025-08-02 11:00:00,2.16,2.41,1.0,104.25,1.0,104.25
2025-08-02 12:00:00,2.9,3.15,1.0,104.25,1.0,104.25
2025-08-02 13:00:00,4.19,4.57,1.0,104.25,1.0,104.25
2025-08-02 14:00:00,4.53,5.06,1.0,104.25,1.0,104.25
2025-08-02 15:00:00,4.6,5.18,1.0,104.25,1.0,104.25
2025-08-02 16:00:00,4.86,5.5,1.0,104.25,1.0,104.25
2025-08-02 17:00:00,5.12,5.87,1.0,104.25,1.0,104.25
2025-08-02 18:00:00,4.87,5.52,1.0,104.25,1.0,104.25
2025-08-02 19:00:00,5.49,6.05,1.0,104.25,1.0,104.25
2025-08-02 20:00:00,4.92,5.35,1.0,104.25,1.0,104.25
2025-08-02 21:00:00,4.89,5.29,1.0,104.25,1.0,104.25
2025-08-02 22:00:00,4.38,4.87,1.0,104.25,1.0,104.25
2025-08-02 23:00:00,4.47,4.98,1.0,104.25,1.0,104.25
2025-08-03 00:00:00,4.59,5.14,1.0,104.25,1.0,104.25
2025-08-03 01:00:00,4.68,5.14,1.0,104.25,1.0,104.25
2025-08-03 02:00:00,3.91,4.25,1.0,104.25,1.0,104.25
2025-08-03 03:00:00,3.3,3.61,1.0,104.25,1.0,104.25
2025-08-03 04:00:00,2.55,2.75,1.0,104.25,1.0,104.25
2025-08-03 05:00:00,2.49,2.67,1.0,104.25,1.0,104.25
2025-08-03 06:00:00,2.82,3.0,1.0,104.25,1.0,104.25
2025-08-03 07:00:00,2.88,3.1,1.0,104.25,1.0,104.25
2025-08-03 08:00:00,2.55,2.8,1.0,104.25,1.0,104.25
2025-08-03 09:00:00,3.32,3.57,1.0,104.25,1.0,104.25
2025-08-03 10:00:00,1.8,1.94,1.0,104.25,1.0,104.25
2025-08-03 11:00:00,2.21,2.45,1.0,104.25,1.0,104.25
2025-08-03 12:00:00,2.97,3.29,1.0,104.25,1.0,104.25
2025-08-03 13:00:00,3.47,3.84,1.0,104.25,1.0,104.25
2025-08-03 14:00:00,4.07,4.57,1.0,104.25,1.0,104.25
2025-08-03 15:00:00,4.49,5.06,1.0,104.25,1.0,104.25
2025-08-03 16:00:00,4.67,5.27,1.0,104.25,1.0,104.25
2025-08-03 17:00:00,4.82,5.46,1.0,104.25,1.0,104.25
2025-08-03 18:00:00,4.84,5.52,1.0,104.25,1.0,104.25
2025-08-03 19:00:00,3.22,3.79,1.0,104.25,1.0,104.25
2025-08-03 20:00:00,2.82,3.13,1.0,104.25,1.0,104.25
2025-08-03 21:00:00,3.76,4.09,1.0,104.25,1.0,104.25
2025-08-03 22:00:00,3.36,3.61,1.0,104.25,1.0,104.25
2025-08-03 23:00:00,4.4,4.79,1.0,104.25,1.0,104.25
2025-08-04 00:00:00,3.94,4.34,1.0,104.25,1.0,104.25
2025-08-04 01:00:00,2.29,2.56,1.0,104.25,1.0,104.25
2025-08-04 02:00:00,0.97,1.15,1.0,104.25,1.0,104.25
2025-08-04 03:00:00,1.68,1.86,1.0,104.25,1.0,104.25
2025-08-04 04:00:00,2.84,3.05,1.0,104.25,1.0,104.25
2025-08-04 05:00:00,3.58,3.83,1.0,104.25,1.0,104.25
2025-08-04 06:00:00,4.25,4.5,1.0,104.25,1.0,104.25
2025-08-04 07:00:00,5.07,5.47,1.0,104.25,1.0,104.25
2025-08-04 08:00:00,5.25,5.7,1.0,104.25,1.0,104.25
2025-08-04 09:00:00,5.05,5.45,1.0,104.25,1.0,104.25
2025-08-04 10:00:00,3.22,3.37,1.0,104.25,1.0,104.25
2025-08-04 11:00:00,4.48,4.9,1.0,104.25,1.0,104.25
2025-08-04 12:00:00,5.06,5.55,1.0,104.25,1.0,104.25
2025-08-04 13:00:00,5.25,5.78,1.0,104.25,1.0,104.25
2025-08-04 14:00:00,5.13,5.62,1.0,104.25,1.0,104.25
2025-08-04 15:00:00,3.26,3.65,1.0,104.25,1.0,104.25
2025-08-04 16:00:00,0.91,1.08,1.0,104.25,1.0,104.25
2025-08-04 17:00:00,2.7,2.69,1.0,104.25,1.0,104.25
2025-08-04 18:00:00,4.46,4.78,1.0,104.25,1.0,104.25
2025-08-04 19:00:00,5.02,5.44,1.0,104.25,1.0,104.25
2025-08-04 20:00:00,5.47,6.06,1.0,104.25,1.0,104.25
2025-08-04 21:00:00,6.43,7.19,1.0,104.25,1.0,104.25
2025-08-04 22:00:00,7.8,8.7,1.0,104.25,1.0,104.25
2025-08-04 23:00:00,8.08,9.09,1.0,104.25,1.0,104.25
2025-08-05 00:00:00,7.71,8.61,1.0,104.25,1.0,104.25
2025-08-05 01:00:00,7.04,7.8,1.0,104.25,1.0,104.25
2025-08-05 02:00:00,5.51,5.96,1.0,104.25,1.0,104.25
2025-08-05 03:00:00,4.14,4.41,1.0,104.25,1.0,104.25
2025-08-05 04:00:00,4.14,4.38,1.0,104.25,1.0,104.25
2025-08-05 05:00:00,4.15,4.4,1.0,104.25,1.0,104.25
2025-08-05 06:00:00,4.62,4.92,1.0,104.25,1.0,104.25
2025-08-05 07:00:00,4.75,5.1,1.0,104.25,1.0,104.25
2025-08-05 08:00:00,4.4,4.75,1.0,104.25,1.0,104.25
2025-08-05 09:00:00,4.4,4.7,1.0,104.25,1.0,104.25
2025-08-05 10:00:00,3.67,3.94,1.0,104.25,1.0,104.25
2025-08-05 11:00:00,3.33,3.64,1.0,104.25,1.0,104.25
2025-08-05 12:00:00,2.67,3.0,1.0,104.25,1.0,104.25
2025-08-05 13:00:00,3.46,3.8,1.0,104.25,1.0,104.25
2025-08-05 14:00:00,3.41,3.71,1.0,104.25,1.0,104.25
2025-08-05 15:00:00,3.67,4.02,1.0,104.25,1.0,104.25
2025-08-05 16:00:00,3.83,4.18,1.0,104.25,1.0,104.25
2025-08-05 17:00:00,4.4,4.81,1.0,104.25,1.0,104.25
2025-08-05 18:00:00,5.38,5.95,1.0,104.25,1.0,104.25
2025-08-05 19:00:00,5.75,6.4,1.0,104.25,1.0,104.25
2025-08-05 20:00:00,5.44,6.05,1.0,104.25,1.0,104.25
2025-08-05 21:00:00,5.54,6.22,1.0,104.25,1.0,104.25
2025-08-05 22:00:00,5.75,6.56,1.0,104.25,1.0,104.25
2025-08-05 23:00:00,6.11,6.95,1.0,104.25,1.0,104.25
2025-08-06 00:00:00,6.12,6.93,1.0,104.25,1.0,104.25
2025-08-06 01:00:00,5.58,6.36,1.0,104.25,1.0,104.25
2025-08-06 02:00:00,4.84,5.35,1.0,104.25,1.0,104.25
2025-08-06 03:00:00,4.71,5.17,1.0,104.25,1.0,104.25
2025-08-06 04:00:00,4.8,5.21,1.0,104.25,1.0,104.25
2025-08-06 05:00:00,4.63,5.04,1.0,104.25,1.0,104.25
2025-08-06 06:00:00,4.89,5.3,1.0,104.25,1.0,104.25
2025-08-06 07:00:00,5.23,5.69,1.0,104.25,1.0,104.25
2025-08-06 08:00:00,5.25,5.77,1.0,104.25,1.0,104.25
2025-08-06 09:00:00,5.07,5.56,1.0,104.25,1.0,104.25
2025-08-06 10:00:00,4.83,5.22,1.0,104.25,1.0,104.25
2025-08-06 11:00:00,4.28,4.77,1.0,104.25,1.0,104.25
2025-08-06 12:00:00,4.24,4.74,1.0,104.25,1.0,104.25
2025-08-06 13:00:00,4.0,4.56,1.0,104.25,1.0,104.25
2025-08-06 14:00:00,4.06,4.62,1.0,104.25,1.0,104.25
2025-08-06 15:00:00,4.58,5.21,1.0,104.25,1.0,104.25
2025-08-06 16:00:00,4.72,5.32,1.0,104.25,1.0,104.25
2025-08-06 17:00:00,4.72,5.34,1.0,104.25,1.0,104.25
2025-08-06 18:00:00,4.62,5.21,1.0,104.25,1.0,104.25
2025-08-06 19:00:00,4.33,4.87,1.0,104.25,1.0,104.25
2025-08-06 20:00:00,4.21,4.67,1.0,104.25,1.0,104.25
2025-08-06 21:00:00,4.32,4.78,1.0,104.25,1.0,104.25
2025-08-06 22:00:00,4.15,4.58,1.0,104.25,1.0,104.25
2025-08-06 23:00:00,4.11,4.56,1.0,104.25,1.0,104.25
2025-08-07 00:00:00,3.97,4.35,1.0,104.25,1.0,104.25
2025-08-07 01:00:00,3.96,4.35,1.0,104.25,1.0,104.25
2025-08-07 02:00:00,3.71,4.03,1.0,104.25,1.0,104.25
2025-08-07 03:00:00,3.69,3.98,1.0,104.25,1.0,104.25
2025-08-07 04:00:00,3.74,4.03,1.0,104.25,1.0,104.25
2025-08-07 05:00:00,3.73,4.05,1.0,104.25,1.0,104.25
2025-08-07 06:00:00,3.66,3.94,1.0,104.25,1.0,104.25
2025-08-07 07:00:00,3.66,3.91,1.0,104.25,1.0,104.25
2025-08-07 08:00:00,3.73,4.02,1.0,104.25,1.0,104.25
2025-08-07 09:00:00,3.7,3.98,1.0,104.25,1.0,104.25
2025-08-07 10:00:00,3.92,4.21,1.0,104.25,1.0,104.25
2025-08-07 11:00:00,4.26,4.75,1.0,104.25,1.0,104.25
2025-08-07 12:00:00,4.36,4.93,1.0,104.25,1.0,104.25
2025-08-07 13:00:00,4.42,4.99,1.0,104.25,1.0,104.25
2025-08-07 14:00:00,4.11,4.59,1.0,104.25,1.0,104.25
2025-08-07 15:00:00,3.99,4.48,1.0,104.25,1.0,104.25
2025-08-07 16:00:00,3.9,4.4,1.0,104.25,1.0,104.25
2025-08-07 17:00:00,3.77,4.23,1.0,104.25,1.0,104.25
2025-08-07 18:00:00,3.76,4.19,1.0,104.25,1.0,104.25
2025-08-07 19:00:00,3.89,4.28,1.0,104.25,1.0,104.25
2025-08-07 20:00:00,3.83,4.18,1.0,104.25,1.0,104.25
2025-08-07 21:00:00,3.75,4.14,1.0,104.25,1.0,104.25
2025-08-07 22:00:00,3.42,3.76,1.0,104.25,1.0,104.25
2025-08-07 23:00:00,3.79,4.17,1.0,104.25,1.0,104.25
2025-08-08 00:00:00,3.81,4.19,1.0,104.25,1.0,104.25
2025-08-08 01:00:00,4.07,4.45,1.0,104.25,1.0,104.25
2025-08-08 02:00:00,4.14,4.5,1.0,104.25,1.0,104.25
2025-08-08 03:00:00,4.19,4.58,1.0,104.25,1.0,104.25
2025-08-08 04:00:00,4.14,4.5,1.0,104.25,1.0,104.25
2025-08-08 05:00:00,4.14,4.46,1.0,104.25,1.0,104.25
2025-08-08 06:00:00,3.96,4.31,1.0,104.25,1.0,104.25
2025-08-08 07:00:00,3.52,3.76,1.0,104.25,1.0,104.25
2025-08-08 08:00:00,3.39,3.64,1.0,104.25,1.0,104.25
2025-08-08 09:00:00,3.47,3.72,1.0,104.25,1.0,104.25
2025-08-08 10:00:00,3.94,4.3,1.0,104.25,1.0,104.25
2025-08-08 11:00:00,3.72,4.11,1.0,104.25,1.0,104.25
2025-08-08 12:00:00,3.86,4.28,1.0,104.25,1.0,104.25
2025-08-08 13:00:00,4.02,4.48,1.0,104.25,1.0,104.25
2025-08-08 14:00:00,4.13,4.55,1.0,104.25,1.0,104.25
2025-08-08 15:00:00,3.78,4.2,1.0,104.25,1.0,104.25
2025-08-08 16:00:00,3.19,3.51,1.0,104.25,1.0,104.25
2025-08-08 17:00:00,2.59,2.83,1.0,104.25,1.0,104.25
2025-08-08 18:00:00,1.98,2.09,1.0,104.25,1.0,104.25
2025-08-08 19:00:00,1.4,1.51,1.0,104.25,1.0,104.25
2025-08-08 20:00:00,1.4,1.48,1.0,104.25,1.0,104.25
2025-08-08 21:00:00,1.63,1.7,1.0,104.25,1.0,104.25
2025-08-08 22:00:00,1.52,1.56,1.0,104.25,1.0,104.25
2025-08-08 23:00:00,1.74,1.81,1.0,104.25,1.0,104.25
2025-08-09 00:00:00,1.91,2.02,1.0,104.25,1.0,104.25
2025-08-09 01:00:00,2.17,2.33,1.0,104.25,1.0,104.25
2025-08-09 02:00:00,2.36,2.52,1.0,104.25,1.0,104.25
2025-08-09 03:00:00,2.47,2.64,1.0,104.25,1.0,104.25
2025-08-09 04:00:00,3.07,3.28,1.0,104.25,1.0,104.25
2025-08-09 05:00:00,3.45,3.64,1.0,104.25,1.0,104.25
2025-08-09 06:00:00,3.66,3.91,1.0,104.25,1.0,104.25
2025-08-09 07:00:00,3.72,3.95,1.0,104.25,1.0,104.25
2025-08-09 08:00:00,3.45,3.75,1.0,104.25,1.0,104.25
2025-08-09 09:00:00,3.15,3.4,1.0,104.25,1.0,104.25
2025-08-09 10:00:00,2.51,2.66,1.0,104.25,1.0,104.25
2025-08-09 11:00:00,2.6,2.82,1.0,104.25,1.0,104.25
2025-08-09 12:00:00,2.94,3.15,1.0,104.25,1.0,104.25
2025-08-09 13:00:00,2.96,3.2,1.0,104.25,1.0,104.25
2025-08-09 14:00:00,2.65,2.89,1.0,104.25,1.0,104.25
2025-08-09 15:00:00,2.24,2.44,1.0,104.25,1.0,104.25
2025-08-09 16:00:00,2.12,2.26,1.0,104.25,1.0,104.25
2025-08-09 17:00:00,2.56,2.76,1.0,104.25,1.0,104.25
2025-08-09 18:00:00,2.95,3.23,1.0,104.25,1.0,104.25
2025-08-09 19:00:00,2.89,3.2,1.0,104.25,1.0,104.25
2025-08-09 20:00:00,3.05,3.36,1.0,104.25,1.0,104.25
2025-08-09 21:00:00,3.36,3.75,1.0,104.25,1.0,104.25
2025-08-09 22:00:00,3.09,3.42,1.0,104.25,1.0,104.25
2025-08-09 23:00:00,2.98,3.28,1.0,104.25,1.0,104.25
2025-08-10 00:00:00,2.75,2.97,1.0,104.25,1.0,104.25
2025-08-10 01:00:00,3.78,4.05,1.0,104.25,1.0,104.25
2025-08-10 02:00:00,4.5,4.86,1.0,104.25,1.0,104.25
2025-08-10 03:00:00,4.85,5.27,1.0,104.25,1.0,104.25
2025-08-10 04:00:00,5.2,5.6,1.0,104.25,1.0,104.25
2025-08-10 05:00:00,5.08,5.43,1.0,104.25,1.0,104.25
2025-08-10 06:00:00,4.1,4.4,1.0,104.25,1.0,104.25
2025-08-10 07:00:00,3.03,3.27,1.0,104.25,1.0,104.25
2025-08-10 08:00:00,2.76,2.91,1.0,104.25,1.0,104.25
2025-08-10 09:00:00,2.05,2.15,1.0,104.25,1.0,104.25
2025-08-10 10:00:00,1.51,1.56,1.0,104.25,1.0,104.25
2025-08-10 11:00:00,1.52,1.55,1.0,104.25,1.0,104.25
2025-08-10 12:00:00,1.62,1.66,1.0,104.25,1.0,104.25
2025-08-10 13:00:00,1.22,1.25,1.0,104.25,1.0,104.25
2025-08-10 14:00:00,0.98,1.03,1.0,104.25,1.0,104.25
2025-08-10 15:00:00,0.9,1.0,1.0,104.25,1.0,104.25
2025-08-10 16:00:00,1.1,1.14,1.0,104.25,1.0,104.25
2025-08-10 17:00:00,1.24,1.27,1.0,104.25,1.0,104.25
2025-08-10 18:00:00,1.31,1.35,1.0,104.25,1.0,104.25
2025-08-10 19:00:00,1.68,1.75,1.0,104.25,1.0,104.25
2025-08-10 20:00:00,1.88,1.95,1.0,104.25,1.0,104.25
2025-08-10 21:00:00,2.29,2.36,1.0,104.25,1.0,104.25
2025-08-10 22:00:00,3.64,3.95,1.0,104.25,1.0,104.25
2025-08-10 23:00:00,4.95,5.4,1.0,104.25,1.0,104.25
2025-08-11 00:00:00,4.91,5.31,1.0,104.25,1.0,104.25
2025-08-11 01:00:00,4.77,5.1,1.0,104.25,1.0,104.25
2025-08-11 02:00:00,5.0,5.45,1.0,104.25,1.0,104.25
2025-08-11 03:00:00,4.91,5.38,1.0,104.25,1.0,104.25
2025-08-11 04:00:00,4.6,4.99,1.0,104.25,1.0,104.25
2025-08-11 05:00:00,4.27,4.59,1.0,104.25,1.0,104.25
2025-08-11 06:00:00,3.78,4.07,1.0,104.25,1.0,104.25
2025-08-11 07:00:00,4.51,4.8,1.0,104.25,1.0,104.25
2025-08-11 08:00:00,4.56,4.81,1.0,104.25,1.0,104.25
2025-08-11 09:00:00,4.49,4.82,1.0,104.25,1.0,104.25
2025-08-11 10:00:00,2.48,2.63,1.0,104.25,1.0,104.25
2025-08-11 11:00:00,2.33,2.5,1.0,104.25,1.0,104.25
2025-08-11 12:00:00,2.14,2.27,1.0,104.25,1.0,104.25
2025-08-11 13:00:00,2.44,2.62,1.0,104.25,1.0,104.25
2025-08-11 14:00:00,3.0,3.22,1.0,104.25,1.0,104.25
2025-08-11 15:00:00,3.0,3.22,1.0,104.25,1.0,104.25
2025-08-11 16:00:00,2.56,2.75,1.0,104.25,1.0,104.25
2025-08-11 17:00:00,2.58,2.78,1.0,104.25,1.0,104.25
2025-08-11 18:00:00,2.26,2.4,1.0,104.25,1.0,104.25
2025-08-11 19:00:00,1.99,2.08,1.0,104.25,1.0,104.25
2025-08-11 20:00:00,2.61,2.7,1.0,104.25,1.0,104.25
2025-08-11 21:00:00,2.95,3.15,1.0,104.25,1.0,104.25
2025-08-11 22:00:00,1.91,2.0,1.0,104.25,1.0,104.25
2025-08-11 23:00:00,2.08,2.26,1.0,104.25,1.0,104.25
2025-08-12 00:00:00,2.75,2.93,1.0,104.25,1.0,104.25
2025-08-12 01:00:00,3.11,3.33,1.0,104.25,1.0,104.25
2025-08-12 02:00:00,3.51,3.78,1.0,104.25,1.0,104.25
2025-08-12 03:00:00,4.03,4.3,1.0,104.25,1.0,104.25
2025-08-12 04:00:00,4.13,4.45,1.0,104.25,1.0,104.25
2025-08-12 05:00:00,4.02,4.32,1.0,104.25,1.0,104.25
2025-08-12 06:00:00,4.22,4.51,1.0,104.25,1.0,104.25
2025-08-12 07:00:00,4.03,4.32,1.0,104.25,1.0,104.25
2025-08-12 08:00:00,3.7,3.94,1.0,104.25,1.0,104.25
2025-08-12 09:00:00,2.76,2.9,1.0,104.25,1.0,104.25
2025-08-12 10:00:00,3.2,3.45,1.0,104.25,1.0,104.25
2025-08-12 11:00:00,4.04,4.3,1.0,104.25,1.0,104.25
2025-08-12 12:00:00,4.71,5.09,1.0,104.25,1.0,104.25
2025-08-12 13:00:00,5.05,5.43,1.0,104.25,1.0,104.25
2025-08-12 14:00:00,4.93,5.42,1.0,104.25,1.0,104.25
2025-08-12 15:00:00,4.39,4.86,1.0,104.25,1.0,104.25
2025-08-12 16:00:00,3.98,4.45,1.0,104.25,1.0,104.25
2025-08-12 17:00:00,4.34,4.77,1.0,104.25,1.0,104.25
2025-08-12 18:00:00,4.74,5.24,1.0,104.25,1.0,104.25
2025-08-12 19:00:00,5.49,6.21,1.0,104.25,1.0,104.25
2025-08-12 20:00:00,7.05,8.02,1.0,104.25,1.0,104.25
2025-08-12 21:00:00,8.8,10.17,1.0,104.25,1.0,104.25
2025-08-12 22:00:00,8.07,9.3,1.0,104.25,1.0,104.25
2025-08-12 23:00:00,6.69,7.64,1.0,104.25,1.0,104.25
2025-08-13 00:00:00,6.48,7.38,1.0,104.25,1.0,104.25
2025-08-13 01:00:00,6.66,7.47,1.0,104.25,1.0,104.25
2025-08-13 02:00:00,5.8,6.46,1.0,104.25,1.0,104.25
2025-08-13 03:00:00,5.05,5.55,1.0,104.25,1.0,104.25
2025-08-13 04:00:00,3.65,3.98,1.0,104.25,1.0,104.25
2025-08-13 05:00:00,3.24,3.42,1.0,104.25,1.0,104.25
2025-08-13 06:00:00,3.75,3.95,1.0,104.25,1.0,104.25
2025-08-13 07:00:00,5.22,5.68,1.0,104.25,1.0,104.25
2025-08-13 08:00:00,4.63,5.04,1.0,104.25,1.0,104.25
2025-08-13 09:00:00,4.48,4.79,1.0,104.25,1.0,104.25
2025-08-13 10:00:00,6.06,6.74,1.0,104.25,1.0,104.25
2025-08-13 11:00:00,5.39,6.04,1.0,104.25,1.0,104.25
2025-08-13 12:00:00,5.49,6.09,1.0,104.25,1.0,104.25
2025-08-13 13:00:00,4.62,5.04,1.0,104.25,1.0,104.25
2025-08-13 14:00:00,5.2,5.66,1.0,104.25,1.0,104.25
2025-08-13 15:00:00,5.15,5.65,1.0,104.25,1.0,104.25
2025-08-13 16:00:00,5.06,5.6,1.0,104.25,1.0,104.25
2025-08-13 17:00:00,6.38,7.15,1.0,104.25,1.0,104.25
2025-08-13 18:00:00,6.58,7.34,1.0,104.25,1.0,104.25
2025-08-13 19:00:00,6.76,7.63,1.0,104.25,1.0,104.25
2025-08-13 20:00:00,6.4,7.16,1.0,104.25,1.0,104.25
2025-08-13 21:00:00,6.22,6.95,1.0,104.25,1.0,104.25
2025-08-13 22:00:00,5.91,6.58,1.0,104.25,1.0,104.25
2025-08-13 23:00:00,5.88,6.53,1.0,104.25,1.0,104.25
2025-08-14 00:00:00,6.6,7.32,1.0,104.25,1.0,104.25
2025-08-14 01:00:00,6.5,7.2,1.0,104.25,1.0,104.25
2025-08-14 02:00:00,6.01,6.61,1.0,104.25,1.0,104.25
2025-08-14 03:00:00,5.5,6.05,1.0,104.25,1.0,104.25
2025-08-14 04:00:00,5.05,5.5,1.0,104.25,1.0,104.25
2025-08-14 05:00:00,5.05,5.5,1.0,104.25,1.0,104.25
2025-08-14 06:00:00,4.92,5.32,1.0,104.25,1.0,104.25
2025-08-14 07:00:00,4.86,5.26,1.0,104.25,1.0,104.25
2025-08-14 08:00:00,4.66,5.01,1.0,104.25,1.0,104.25
2025-08-14 09:00:00,4.31,4.67,1.0,104.25,1.0,104.25
2025-08-14 10:00:00,3.64,3.89,1.0,104.25,1.0,104.25
2025-08-14 11:00:00,3.96,4.38,1.0,104.25,1.0,104.25
2025-08-14 12:00:00,4.52,5.01,1.0,104.25,1.0,104.25
2025-08-14 13:00:00,4.76,5.3,1.0,104.25,1.0,104.25
2025-08-14 14:00:00,4.92,5.52,1.0,104.25,1.0,104.25
2025-08-14 15:00:00,4.87,5.41,1.0,104.25,1.0,104.25
2025-08-14 16:00:00,4.7,5.28,1.0,104.25,1.0,104.25
2025-08-14 17:00:00,4.7,5.3,1.0,104.25,1.0,104.25
2025-08-14 18:00:00,4.67,5.28,1.0,104.25,1.0,104.25
2025-08-14 19:00:00,4.77,5.33,1.0,104.25,1.0,104.25
2025-08-14 20:00:00,4.57,5.15,1.0,104.25,1.0,104.25
2025-08-14 21:00:00,4.66,5.23,1.0,104.25,1.0,104.25
2025-08-14 22:00:00,2.3,2.48,1.0,104.25,1.0,104.25
2025-08-14 23:00:00,2.89,3.09,1.0,104.25,1.0,104.25
2025-08-15 00:00:00,2.9,3.01,1.0,104.25,1.0,104.25
2025-08-15 01:00:00,2.28,2.28,1.0,104.25,1.0,104.25
2025-08-15 02:00:00,2.76,2.86,1.0,104.25,1.0,104.25
2025-08-15 03:00:00,3.64,3.83,1.0,104.25,1.0,104.25
2025-08-15 04:00:00,4.37,4.68,1.0,104.25,1.0,104.25
2025-08-15 05:00:00,4.95,5.36,1.0,104.25,1.0,104.25
2025-08-15 06:00:00,5.34,5.8,1.0,104.25,1.0,104.25
2025-08-15 07:00:00,5.92,6.47,1.0,104.25,1.0,104.25
2025-08-15 08:00:00,5.51,6.06,1.0,104.25,1.0,104.25
2025-08-15 09:00:00,5.16,5.67,1.0,104.25,1.0,104.25
2025-08-15 10:00:00,4.2,4.55,1.0,104.25,1.0,104.25
2025-08-15 11:00:00,4.35,4.8,1.0,104.25,1.0,104.25
2025-08-15 12:00:00,4.15,4.6,1.0,104.25,1.0,104.25
2025-08-15 13:00:00,4.55,5.01,1.0,104.25,1.0,104.25
2025-08-15 14:00:00,4.45,4.9,1.0,104.25,1.0,104.25
2025-08-15 15:00:00,5.21,5.77,1.0,104.25,1.0,104.25
2025-08-15 16:00:00,5.45,6.13,1.0,104.25,1.0,104.25
2025-08-15 17:00:00,5.23,5.84,1.0,104.25,1.0,104.25
2025-08-15 18:00:00,5.04,5.65,1.0,104.25,1.0,104.25
2025-08-15 19:00:00,4.38,4.9,1.0,104.25,1.0,104.25
2025-08-15 20:00:00,4.73,5.25,1.0,104.25,1.0,104.25
2025-08-15 21:00:00,5.16,5.72,1.0,104.25,1.0,104.25
2025-08-15 22:00:00,4.01,4.47,1.0,104.25,1.0,104.25
2025-08-15 23:00:00,3.89,4.31,1.0,104.25,1.0,104.25
2025-08-16 00:00:00,4.32,4.68,1.0,104.25,1.0,104.25
2025-08-16 01:00:00,5.5,6.0,1.0,104.25,1.0,104.25
2025-08-16 02:00:00,6.17,6.83,1.0,104.25,1.0,104.25
2025-08-16 03:00:00,6.5,7.16,1.0,104.25,1.0,104.25
2025-08-16 04:00:00,6.2,6.8,1.0,104.25,1.0,104.25
2025-08-16 05:00:00,5.58,6.09,1.0,104.25,1.0,104.25
2025-08-16 06:00:00,5.18,5.64,1.0,104.25,1.0,104.25
2025-08-16 07:00:00,4.9,5.32,1.0,104.25,1.0,104.25
2025-08-16 08:00:00,4.56,4.94,1.0,104.25,1.0,104.25
2025-08-16 09:00:00,4.43,4.83,1.0,104.25,1.0,104.25
2025-08-16 10:00:00,4.0,4.34,1.0,104.25,1.0,104.25
2025-08-16 11:00:00,4.24,4.7,1.0,104.25,1.0,104.25
2025-08-16 12:00:00,4.19,4.62,1.0,104.25,1.0,104.25
2025-08-16 13:00:00,4.38,4.82,1.0,104.25,1.0,104.25
2025-08-16 14:00:00,4.3,4.76,1.0,104.25,1.0,104.25
2025-08-16 15:00:00,4.38,4.92,1.0,104.25,1.0,104.25
2025-08-16 16:00:00,4.28,4.84,1.0,104.25,1.0,104.25
2025-08-16 17:00:00,4.47,5.05,1.0,104.25,1.0,104.25
2025-08-16 18:00:00,4.36,4.99,1.0,104.25,1.0,104.25
2025-08-16 19:00:00,4.18,4.79,1.0,104.25,1.0,104.25
2025-08-16 20:00:00,4.49,5.13,1.0,104.25,1.0,104.25
2025-08-16 21:00:00,4.8,5.48,1.0,104.25,1.0,104.25
2025-08-16 22:00:00,3.56,4.19,1.0,104.25,1.0,104.25
2025-08-16 23:00:00,3.85,4.45,1.0,104.25,1.0,104.25
2025-08-17 00:00:00,4.26,4.84,1.0,104.25,1.0,104.25
2025-08-17 01:00:00,4.63,5.24,1.0,104.25,1.0,104.25
2025-08-17 02:00:00,5.19,5.76,1.0,104.25,1.0,104.25
2025-08-17 03:00:00,5.35,5.92,1.0,104.25,1.0,104.25
2025-08-17 04:00:00,5.43,6.01,1.0,104.25,1.0,104.25
2025-08-17 05:00:00,5.37,5.88,1.0,104.25,1.0,104.25
2025-08-17 06:00:00,4.77,5.17,1.0,104.25,1.0,104.25
2025-08-17 07:00:00,4.9,5.3,1.0,104.25,1.0,104.25
2025-08-17 08:00:00,4.61,5.02,1.0,104.25,1.0,104.25
2025-08-17 09:00:00,4.31,4.67,1.0,104.25,1.0,104.25
2025-08-17 10:00:00,3.09,3.33,1.0,104.25,1.0,104.25
2025-08-17 11:00:00,3.22,3.4,1.0,104.25,1.0,104.25
2025-08-17 12:00:00,2.57,2.77,1.0,104.25,1.0,104.25
2025-08-17 13:00:00,2.0,2.15,1.0,104.25,1.0,104.25
2025-08-17 14:00:00,2.6,2.82,1.0,104.25,1.0,104.25
2025-08-17 15:00:00,1.22,1.41,1.0,104.25,1.0,104.25
2025-08-17 16:00:00,1.22,1.2,1.0,104.25,1.0,104.25
2025-08-17 17:00:00,1.36,1.36,1.0,104.25,1.0,104.25
2025-08-17 18:00:00,2.71,2.76,1.0,104.25,1.0,104.25
2025-08-17 19:00:00,3.58,3.75,1.0,104.25,1.0,104.25
2025-08-17 20:00:00,3.16,3.37,1.0,104.25,1.0,104.25
2025-08-17 21:00:00,3.98,4.19,1.0,104.25,1.0,104.25
2025-08-17 22:00:00,4.77,5.3,1.0,104.25,1.0,104.25
2025-08-17 23:00:00,4.88,5.41,1.0,104.25,1.0,104.25
2025-08-18 00:00:00,4.38,4.84,1.0,104.25,1.0,104.25
2025-08-18 01:00:00,5.2,5.62,1.0,104.25,1.0,104.25
2025-08-18 02:00:00,5.36,5.91,1.0,104.25,1.0,104.25
2025-08-18 03:00:00,5.52,5.99,1.0,104.25,1.0,104.25
2025-08-18 04:00:00,5.11,5.5,1.0,104.25,1.0,104.25
2025-08-18 05:00:00,4.37,4.71,1.0,104.25,1.0,104.25
2025-08-18 06:00:00,4.11,4.35,1.0,104.25,1.0,104.25
2025-08-18 07:00:00,3.87,4.1,1.0,104.25,1.0,104.25
2025-08-18 08:00:00,3.42,3.66,1.0,104.25,1.0,104.25
2025-08-18 09:00:00,2.68,2.82,1.0,104.25,1.0,104.25
2025-08-18 10:00:00,1.56,1.62,1.0,104.25,1.0,104.25
2025-08-18 11:00:00,2.3,2.41,1.0,104.25,1.0,104.25
2025-08-18 12:00:00,2.58,2.71,1.0,104.25,1.0,104.25
2025-08-18 13:00:00,3.24,3.47,1.0,104.25,1.0,104.25
2025-08-18 14:00:00,3.52,3.83,1.0,104.25,1.0,104.25
2025-08-18 15:00:00,3.48,3.81,1.0,104.25,1.0,104.25
2025-08-18 16:00:00,3.5,3.82,1.0,104.25,1.0,104.25
2025-08-18 17:00:00,3.44,3.76,1.0,104.25,1.0,104.25
2025-08-18 18:00:00,2.8,3.0,1.0,104.25,1.0,104.25
2025-08-18 19:00:00,2.35,2.48,1.0,104.25,1.0,104.25
2025-08-18 20:00:00,1.99,2.1,1.0,104.25,1.0,104.25
2025-08-18 21:00:00,1.76,1.87,1.0,104.25,1.0,104.25
2025-08-18 22:00:00,1.5,1.5,1.0,104.25,1.0,104.25
2025-08-18 23:00:00,1.49,1.56,1.0,104.25,1.0,104.25
2025-08-19 00:00:00,1.8,1.87,1.0,104.25,1.0,104.25
2025-08-19 01:00:00,2.23,2.33,1.0,104.25,1.0,104.25
2025-08-19 02:00:00,2.76,2.97,1.0,104.25,1.0,104.25
2025-08-19 03:00:00,3.3,3.55,1.0,104.25,1.0,104.25
2025-08-19 04:00:00,3.22,3.47,1.0,104.25,1.0,104.25
2025-08-19 05:00:00,3.04,3.28,1.0,104.25,1.0,104.25
2025-08-19 06:00:00,2.9,3.1,1.0,104.25,1.0,104.25
2025-08-19 07:00:00,2.38,2.57,1.0,104.25,1.0,104.25
2025-08-19 08:00:00,2.0,2.15,1.0,104.25,1.0,104.25
2025-08-19 09:00:00,2.27,2.46,1.0,104.25,1.0,104.25
2025-08-19 10:00:00,3.01,3.22,1.0,104.25,1.0,104.25
2025-08-19 11:00:00,3.47,3.68,1.0,104.25,1.0,104.25
2025-08-19 12:00:00,4.17,4.56,1.0,104.25,1.0,104.25
2025-08-19 13:00:00,4.33,4.76,1.0,104.25,1.0,104.25
2025-08-19 14:00:00,4.11,4.53,1.0,104.25,1.0,104.25
2025-08-19 15:00:00,3.49,3.84,1.0,104.25,1.0,104.25
2025-08-19 16:00:00,2.75,2.95,1.0,104.25,1.0,104.25
2025-08-19 17:00:00,2.33,2.53,1.0,104.25,1.0,104.25
2025-08-19 18:00:00,2.09,2.26,1.0,104.25,1.0,104.25
2025-08-19 19:00:00,2.04,2.18,1.0,104.25,1.0,104.25
2025-08-19 20:00:00,2.05,2.19,1.0,104.25,1.0,104.25
2025-08-19 21:00:00,2.69,2.83,1.0,104.25,1.0,104.25
2025-08-19 22:00:00,2.8,2.95,1.0,104.25,1.0,104.25
2025-08-19 23:00:00,3.36,3.61,1.0,104.25,1.0,104.25
2025-08-20 00:00:00,3.39,3.59,1.0,104.25,1.0,104.25
2025-08-20 01:00:00,2.99,3.08,1.0,104.25,1.0,104.25
2025-08-20 02:00:00,2.72,2.82,1.0,104.25,1.0,104.25
2025-08-20 03:00:00,3.06,3.2,1.0,104.25,1.0,104.25
2025-08-20 04:00:00,3.14,3.35,1.0,104.25,1.0,104.25
2025-08-20 05:00:00,2.91,3.07,1.0,104.25,1.0,104.25
2025-08-20 06:00:00,2.84,2.98,1.0,104.25,1.0,104.25
2025-08-20 07:00:00,3.2,3.37,1.0,104.25,1.0,104.25
2025-08-20 08:00:00,3.42,3.56,1.0,104.25,1.0,104.25
2025-08-20 09:00:00,3.64,3.85,1.0,104.25,1.0,104.25
2025-08-20 10:00:00,4.14,4.39,1.0,104.25,1.0,104.25
2025-08-20 11:00:00,5.06,5.59,1.0,104.25,1.0,104.25
2025-08-20 12:00:00,5.47,6.21,1.0,104.25,1.0,104.25
2025-08-20 13:00:00,5.7,6.44,1.0,104.25,1.0,104.25
2025-08-20 14:00:00,5.37,6.04,1.0,104.25,1.0,104.25
2025-08-20 15:00:00,4.87,5.43,1.0,104.25,1.0,104.25
2025-08-20 16:00:00,4.54,5.03,1.0,104.25,1.0,104.25
2025-08-20 17:00:00,4.44,4.9,1.0,104.25,1.0,104.25
2025-08-20 18:00:00,4.33,4.83,1.0,104.25,1.0,104.25
2025-08-20 19:00:00,3.61,4.0,1.0,104.25,1.0,104.25
2025-08-20 20:00:00,3.55,3.88,1.0,104.25,1.0,104.25
2025-08-20 21:00:00,3.47,3.7,1.0,104.25,1.0,104.25
2025-08-20 22:00:00,1.0,1.1,1.0,104.25,1.0,104.25
2025-08-20 23:00:00,1.0,1.1,1.0,104.25,1.0,104.25
2025-08-21 00:00:00,1.79,1.95,1.0,104.25,1.0,104.25
2025-08-21 01:00:00,1.86,1.97,1.0,104.25,1.0,104.25
2025-08-21 02:00:00,1.82,1.88,1.0,104.25,1.0,104.25
2025-08-21 03:00:00,1.26,1.28,1.0,104.25,1.0,104.25
2025-08-21 04:00:00,1.22,1.31,1.0,104.25,1.0,104.25
2025-08-21 05:00:00,2.46,2.61,1.0,104.25,1.0,104.25
2025-08-21 06:00:00,2.8,3.05,1.0,104.25,1.0,104.25
2025-08-21 07:00:00,3.01,3.26,1.0,104.25,1.0,104.25
2025-08-21 08:00:00,2.86,3.09,1.0,104.25,1.0,104.25
2025-08-21 09:00:00,2.44,2.64,1.0,104.25,1.0,104.25
2025-08-21 10:00:00,2.79,3.03,1.0,104.25,1.0,104.25
2025-08-21 11:00:00,1.74,1.94,1.0,104.25,1.0,104.25
2025-08-21 12:00:00,2.09,2.3,1.0,104.25,1.0,104.25
2025-08-21 13:00:00,2.16,2.41,1.0,104.25,1.0,104.25
2025-08-21 14:00:00,2.41,2.69,1.0,104.25,1.0,104.25
2025-08-21 15:00:00,2.45,2.72,1.0,104.25,1.0,104.25
2025-08-21 16:00:00,2.0,2.22,1.0,104.25,1.0,104.25
2025-08-21 17:00:00,1.73,1.95,1.0,104.25,1.0,104.25
2025-08-21 18:00:00,1.57,1.74,1.0,104.25,1.0,104.25
2025-08-21 19:00:00,1.53,1.65,1.0,104.25,1.0,104.25
2025-08-21 20:00:00,2.06,2.17,1.0,104.25,1.0,104.25
2025-08-21 21:00:00,2.66,2.84,1.0,104.25,1.0,104.25
2025-08-21 22:00:00,2.55,2.76,1.0,104.25,1.0,104.25
2025-08-21 23:00:00,2.75,2.96,1.0,104.25,1.0,104.25
2025-08-22 00:00:00,3.22,3.43,1.0,104.25,1.0,104.25
2025-08-22 01:00:00,3.61,3.82,1.0,104.25,1.0,104.25
2025-08-22 02:00:00,3.65,3.93,1.0,104.25,1.0,104.25
2025-08-22 03:00:00,3.76,4.04,1.0,104.25,1.0,104.25
2025-08-22 04:00:00,4.01,4.4,1.0,104.25,1.0,104.25
2025-08-22 05:00:00,4.08,4.43,1.0,104.25,1.0,104.25
2025-08-22 06:00:00,3.88,4.2,1.0,104.25,1.0,104.25
2025-08-22 07:00:00,3.69,4.0,1.0,104.25,1.0,104.25
2025-08-22 08:00:00,3.44,3.69,1.0,104.25,1.0,104.25
2025-08-22 09:00:00,3.11,3.36,1.0,104.25,1.0,104.25
2025-08-22 10:00:00,2.94,3.11,1.0,104.25,1.0,104.25
2025-08-22 11:00:00,3.23,3.51,1.0,104.25,1.0,104.25
2025-08-22 12:00:00,3.8,4.27,1.0,104.25,1.0,104.25
2025-08-22 13:00:00,3.97,4.39,1.0,104.25,1.0,104.25
2025-08-22 14:00:00,4.02,4.44,1.0,104.25,1.0,104.25
2025-08-22 15:00:00,3.99,4.37,1.0,104.25,1.0,104.25
2025-08-22 16:00:00,4.08,4.48,1.0,104.25,1.0,104.25
2025-08-22 17:00:00,3.97,4.4,1.0,104.25,1.0,104.25
2025-08-22 18:00:00,4.0,4.43,1.0,104.25,1.0,104.25
2025-08-22 19:00:00,4.19,4.64,1.0,104.25,1.0,104.25
2025-08-22 20:00:00,4.35,4.79,1.0,104.25,1.0,104.25
2025-08-22 21:00:00,4.4,4.85,1.0,104.25,1.0,104.25
2025-08-22 22:00:00,3.21,3.46,1.0,104.25,1.0,104.25
2025-08-22 23:00:00,0.69,0.71,1.0,104.25,1.0,104.25
2025-08-23 00:00:00,3.91,4.05,1.0,104.25,1.0,104.25
2025-08-23 01:00:00,6.28,6.8,1.0,104.25,1.0,104.25
2025-08-23 02:00:00,6.7,7.36,1.0,104.25,1.0,104.25
2025-08-23 03:00:00,6.49,7.29,1.0,104.25,1.0,104.25
2025-08-23 04:00:00,6.43,7.13,1.0,104.25,1.0,104.25
2025-08-23 05:00:00,5.48,6.04,1.0,104.25,1.0,104.25
2025-08-23 06:00:00,5.24,5.71,1.0,104.25,1.0,104.25
2025-08-23 07:00:00,4.51,4.97,1.0,104.25,1.0,104.25
2025-08-23 08:00:00,2.81,3.08,1.0,104.25,1.0,104.25
2025-08-23 09:00:00,1.93,2.12,1.0,104.25,1.0,104.25
2025-08-23 10:00:00,1.28,1.39,1.0,104.25,1.0,104.25
2025-08-23 11:00:00,0.97,1.05,1.0,104.25,1.0,104.25
2025-08-23 12:00:00,0.62,0.68,1.0,104.25,1.0,104.25
2025-08-23 13:00:00,1.12,1.17,1.0,104.25,1.0,104.25
2025-08-23 14:00:00,1.53,1.57,1.0,104.25,1.0,104.25
2025-08-23 15:00:00,1.55,1.6,1.0,104.25,1.0,104.25
2025-08-23 16:00:00,1.7,1.74,1.0,104.25,1.0,104.25
2025-08-23 17:00:00,1.91,2.02,1.0,104.25,1.0,104.25
2025-08-23 18:00:00,2.3,2.43,1.0,104.25,1.0,104.25
2025-08-23 19:00:00,2.84,2.98,1.0,104.25,1.0,104.25
2025-08-23 20:00:00,3.06,3.24,1.0,104.25,1.0,104.25
2025-08-23 21:00:00,3.58,3.87,1.0,104.25,1.0,104.25
2025-08-23 22:00:00,0.22,0.18,1.0,104.25,1.0,104.25
2025-08-23 23:00:00,3.01,3.21,1.0,104.25,1.0,104.25
2025-08-24 00:00:00,5.37,5.82,1.0,104.25,1.0,104.25
2025-08-24 01:00:00,6.85,7.47,1.0,104.25,1.0,104.25
2025-08-24 02:00:00,7.3,8.12,1.0,104.25,1.0,104.25
2025-08-24 03:00:00,7.32,8.18,1.0,104.25,1.0,104.25
2025-08-24 04:00:00,7.14,8.0,1.0,104.25,1.0,104.25
2025-08-24 05:00:00,6.83,7.54,1.0,104.25,1.0,104.25
2025-08-24 06:00:00,6.57,7.29,1.0,104.25,1.0,104.25
2025-08-24 07:00:00,5.73,6.23,1.0,104.25,1.0,104.25
2025-08-24 08:00:00,4.87,5.22,1.0,104.25,1.0,104.25
2025-08-24 09:00:00,4.65,4.9,1.0,104.25,1.0,104.25
2025-08-24 10:00:00,3.64,3.91,1.0,104.25,1.0,104.25
2025-08-24 11:00:00,4.46,4.77,1.0,104.25,1.0,104.25
2025-08-24 12:00:00,3.95,4.27,1.0,104.25,1.0,104.25
2025-08-24 13:00:00,3.2,3.42,1.0,104.25,1.0,104.25
2025-08-24 14:00:00,2.69,2.86,1.0,104.25,1.0,104.25
2025-08-24 15:00:00,3.26,3.53,1.0,104.25,1.0,104.25
2025-08-24 16:00:00,3.75,4.11,1.0,104.25,1.0,104.25
2025-08-24 17:00:00,3.86,4.22,1.0,104.25,1.0,104.25
2025-08-24 18:00:00,3.87,4.25,1.0,104.25,1.0,104.25
2025-08-24 19:00:00,3.76,4.03,1.0,104.25,1.0,104.25
2025-08-24 20:00:00,3.99,4.3,1.0,104.25,1.0,104.25
2025-08-24 21:00:00,3.69,4.07,1.0,104.25,1.0,104.25
2025-08-24 22:00:00,4.6,5.04,1.0,104.25,1.0,104.25
2025-08-24 23:00:00,6.15,6.8,1.0,104.25,1.0,104.25
2025-08-25 00:00:00,6.85,7.67,1.0,104.25,1.0,104.25
2025-08-25 01:00:00,6.83,7.75,1.0,104.25,1.0,104.25
2025-08-25 02:00:00,6.94,7.78,1.0,104.25,1.0,104.25
2025-08-25 03:00:00,6.45,7.23,1.0,104.25,1.0,104.25
2025-08-25 04:00:00,5.36,5.9,1.0,104.25,1.0,104.25
2025-08-25 05:00:00,4.8,5.25,1.0,104.25,1.0,104.25
2025-08-25 06:00:00,4.74,5.15,1.0,104.25,1.0,104.25
2025-08-25 07:00:00,4.79,5.23,1.0,104.25,1.0,104.25
2025-08-25 08:00:00,4.76,5.21,1.0,104.25,1.0,104.25
2025-08-25 09:00:00,4.48,4.94,1.0,104.25,1.0,104.25
2025-08-25 10:00:00,4.05,4.5,1.0,104.25,1.0,104.25
2025-08-25 11:00:00,3.76,4.15,1.0,104.25,1.0,104.25
2025-08-25 12:00:00,3.4,3.85,1.0,104.25,1.0,104.25
2025-08-25 13:00:00,3.25,3.66,1.0,104.25,1.0,104.25
2025-08-25 14:00:00,3.88,4.38,1.0,104.25,1.0,104.25
2025-08-25 15:00:00,4.35,4.89,1.0,104.25,1.0,104.25
2025-08-25 16:00:00,4.69,5.31,1.0,104.25,1.0,104.25
2025-08-25 17:00:00,4.57,5.22,1.0,104.25,1.0,104.25
2025-08-25 18:00:00,4.36,5.01,1.0,104.25,1.0,104.25
2025-08-25 19:00:00,4.14,4.72,1.0,104.25,1.0,104.25
2025-08-25 20:00:00,4.19,4.72,1.0,104.25,1.0,104.25
2025-08-25 21:00:00,4.54,5.1,1.0,104.25,1.0,104.25
2025-08-25 22:00:00,3.94,4.62,1.0,104.25,1.0,104.25
2025-08-25 23:00:00,3.9,4.32,1.0,104.25,1.0,104.25
2025-08-26 00:00:00,3.89,4.38,1.0,104.25,1.0,104.25
2025-08-26 01:00:00,5.58,6.08,1.0,104.25,1.0,104.25
2025-08-26 02:00:00,6.37,7.07,1.0,104.25,1.0,104.25
2025-08-26 03:00:00,6.84,7.69,1.0,104.25,1.0,104.25
2025-08-26 04:00:00,6.56,7.37,1.0,104.25,1.0,104.25
2025-08-26 05:00:00,6.63,7.46,1.0,104.25,1.0,104.25
2025-08-26 06:00:00,6.83,7.73,1.0,104.25,1.0,104.25
2025-08-26 07:00:00,6.66,7.54,1.0,104.25,1.0,104.25
2025-08-26 08:00:00,6.42,7.25,1.0,104.25,1.0,104.25
2025-08-26 09:00:00,6.31,7.1,1.0,104.25,1.0,104.25
2025-08-26 10:00:00,5.33,6.04,1.0,104.25,1.0,104.25
2025-08-26 11:00:00,3.91,4.47,1.0,104.25,1.0,104.25
2025-08-26 12:00:00,2.98,3.43,1.0,104.25,1.0,104.25
2025-08-26 13:00:00,3.23,3.62,1.0,104.25,1.0,104.25
2025-08-26 14:00:00,4.3,4.88,1.0,104.25,1.0,104.25
2025-08-26 15:00:00,4.7,5.35,1.0,104.25,1.0,104.25
2025-08-26 16:00:00,4.97,5.64,1.0,104.25,1.0,104.25
2025-08-26 17:00:00,5.27,5.98,1.0,104.25,1.0,104.25
2025-08-26 18:00:00,5.41,6.15,1.0,104.25,1.0,104.25
2025-08-26 19:00:00,5.76,6.54,1.0,104.25,1.0,104.25
2025-08-26 20:00:00,5.8,6.58,1.0,104.25,1.0,104.25
2025-08-26 21:00:00,5.52,6.3,1.0,104.25,1.0,104.25
2025-08-26 22:00:00,5.17,5.95,1.0,104.25,1.0,104.25
2025-08-26 23:00:00,5.15,5.9,1.0,104.25,1.0,104.25
2025-08-27 00:00:00,4.75,5.5,1.0,104.25,1.0,104.25
2025-08-27 01:00:00,4.8,5.44,1.0,104.25,1.0,104.25
2025-08-27 02:00:00,5.19,5.8,1.0,104.25,1.0,104.25
2025-08-27 03:00:00,5.59,6.23,1.0,104.25,1.0,104.25
2025-08-27 04:00:00,6.09,6.74,1.0,104.25,1.0,104.25
2025-08-27 05:00:00,6.31,7.04,1.0,104.25,1.0,104.25
2025-08-27 06:00:00,6.17,6.88,1.0,104.25,1.0,104.25
2025-08-27 07:00:00,6.04,6.7,1.0,104.25,1.0,104.25
2025-08-27 08:00:00,5.79,6.4,1.0,104.25,1.0,104.25
2025-08-27 09:00:00,5.82,6.46,1.0,104.25,1.0,104.25
2025-08-27 10:00:00,5.22,5.74,1.0,104.25,1.0,104.25
2025-08-27 11:00:00,5.46,6.08,1.0,104.25,1.0,104.25
2025-08-27 12:00:00,5.01,5.6,1.0,104.25,1.0,104.25
2025-08-27 13:00:00,5.02,5.62,1.0,104.25,1.0,104.25
2025-08-27 14:00:00,5.34,5.98,1.0,104.25,1.0,104.25
2025-08-27 15:00:00,4.95,5.59,1.0,104.25,1.0,104.25
2025-08-27 16:00:00,4.78,5.39,1.0,104.25,1.0,104.25
2025-08-27 17:00:00,4.74,5.34,1.0,104.25,1.0,104.25
2025-08-27 18:00:00,4.45,4.99,1.0,104.25,1.0,104.25
2025-08-27 19:00:00,4.03,4.49,1.0,104.25,1.0,104.25
2025-08-27 20:00:00,3.75,4.17,1.0,104.25,1.0,104.25
2025-08-27 21:00:00,3.87,4.29,1.0,104.25,1.0,104.25
2025-08-27 22:00:00,3.49,3.88,1.0,104.25,1.0,104.25
2025-08-27 23:00:00,3.26,3.61,1.0,104.25,1.0,104.25
2025-08-28 00:00:00,2.69,2.93,1.0,104.25,1.0,104.25
2025-08-28 01:00:00,1.96,2.1,1.0,104.25,1.0,104.25
2025-08-28 02:00:00,1.68,1.79,1.0,104.25,1.0,104.25
2025-08-28 03:00:00,2.26,2.4,1.0,104.25,1.0,104.25
2025-08-28 04:00:00,2.5,2.7,1.0,104.25,1.0,104.25
2025-08-28 05:00:00,2.35,2.48,1.0,104.25,1.0,104.25
2025-08-28 06:00:00,2.75,2.84,1.0,104.25,1.0,104.25
2025-08-28 07:00:00,3.13,3.27,1.0,104.25,1.0,104.25
2025-08-28 08:00:00,2.93,3.04,1.0,104.25,1.0,104.25
2025-08-28 09:00:00,2.43,2.52,1.0,104.25,1.0,104.25
2025-08-28 10:00:00,1.7,1.82,1.0,104.25,1.0,104.25
2025-08-28 11:00:00,1.88,2.02,1.0,104.25,1.0,104.25
2025-08-28 12:00:00,2.0,2.25,1.0,104.25,1.0,104.25
2025-08-28 13:00:00,2.16,2.41,1.0,104.25,1.0,104.25
2025-08-28 14:00:00,1.73,1.87,1.0,104.25,1.0,104.25
2025-08-28 15:00:00,1.1,1.08,1.0,104.25,1.0,104.25
2025-08-28 16:00:00,1.6,1.64,1.0,104.25,1.0,104.25
2025-08-28 17:00:00,2.47,2.56,1.0,104.25,1.0,104.25
2025-08-28 18:00:00,2.82,2.9,1.0,104.25,1.0,104.25
2025-08-28 19:00:00,2.6,2.73,1.0,104.25,1.0,104.25
2025-08-28 20:00:00,2.41,2.51,1.0,104.25,1.0,104.25
2025-08-28 21:00:00,2.76,2.96,1.0,104.25,1.0,104.25
2025-08-28 22:00:00,2.02,2.11,1.0,104.25,1.0,104.25
2025-08-28 23:00:00,2.61,2.72,1.0,104.25,1.0,104.25
2025-08-29 00:00:00,3.11,3.36,1.0,104.25,1.0,104.25
2025-08-29 01:00:00,3.61,3.86,1.0,104.25,1.0,104.25
2025-08-29 02:00:00,3.8,4.05,1.0,104.25,1.0,104.25
2025-08-29 03:00:00,4.33,4.62,1.0,104.25,1.0,104.25
2025-08-29 04:00:00,4.44,4.82,1.0,104.25,1.0,104.25
2025-08-29 05:00:00,4.41,4.72,1.0,104.25,1.0,104.25
2025-08-29 06:00:00,4.32,4.61,1.0,104.25,1.0,104.25
2025-08-29 07:00:00,4.58,4.99,1.0,104.25,1.0,104.25
2025-08-29 08:00:00,4.76,5.2,1.0,104.25,1.0,104.25
2025-08-29 09:00:00,4.21,4.61,1.0,104.25,1.0,104.25
2025-08-29 10:00:00,3.77,4.12,1.0,104.25,1.0,104.25
2025-08-29 11:00:00,3.51,3.89,1.0,104.25,1.0,104.25
2025-08-29 12:00:00,3.42,3.85,1.0,104.25,1.0,104.25
2025-08-29 13:00:00,3.05,3.43,1.0,104.25,1.0,104.25
2025-08-29 14:00:00,2.76,3.08,1.0,104.25,1.0,104.25
2025-08-29 15:00:00,2.28,2.63,1.0,104.25,1.0,104.25
2025-08-29 16:00:00,1.73,1.95,1.0,104.25,1.0,104.25
2025-08-29 17:00:00,1.66,1.7,1.0,104.25,1.0,104.25
2025-08-29 18:00:00,3.2,3.31,1.0,104.25,1.0,104.25
2025-08-29 19:00:00,3.93,4.13,1.0,104.25,1.0,104.25
2025-08-29 20:00:00,4.53,4.84,1.0,104.25,1.0,104.25
2025-08-29 21:00:00,4.85,5.21,1.0,104.25,1.0,104.25
2025-08-29 22:00:00,4.6,5.0,1.0,104.25,1.0,104.25
2025-08-29 23:00:00,4.6,5.0,1.0,104.25,1.0,104.25
2025-08-30 00:00:00,4.0,4.39,1.0,104.25,1.0,104.25
2025-08-30 01:00:00,3.6,3.85,1.0,104.25,1.0,104.25
2025-08-30 02:00:00,3.33,3.61,1.0,104.25,1.0,104.25
2025-08-30 03:00:00,3.28,3.55,1.0,104.25,1.0,104.25
2025-08-30 04:00:00,3.71,3.97,1.0,104.25,1.0,104.25
2025-08-30 05:00:00,2.86,3.04,1.0,104.25,1.0,104.25
2025-08-30 06:00:00,2.44,2.64,1.0,104.25,1.0,104.25
2025-08-30 07:00:00,2.86,3.01,1.0,104.25,1.0,104.25
2025-08-30 08:00:00,4.07,4.35,1.0,104.25,1.0,104.25
2025-08-30 09:00:00,4.37,4.65,1.0,104.25,1.0,104.25
2025-08-30 10:00:00,3.95,4.06,1.0,104.25,1.0,104.25
2025-08-30 11:00:00,4.12,4.38,1.0,104.25,1.0,104.25
2025-08-30 12:00:00,4.3,4.6,1.0,104.25,1.0,104.25
2025-08-30 13:00:00,5.46,5.96,1.0,104.25,1.0,104.25
2025-08-30 14:00:00,5.6,6.25,1.0,104.25,1.0,104.25
2025-08-30 15:00:00,5.37,5.93,1.0,104.25,1.0,104.25
2025-08-30 16:00:00,4.34,4.81,1.0,104.25,1.0,104.25
2025-08-30 17:00:00,4.8,5.27,1.0,104.25,1.0,104.25
2025-08-30 18:00:00,4.37,4.79,1.0,104.25,1.0,104.25
2025-08-30 19:00:00,4.68,5.14,1.0,104.25,1.0,104.25
2025-08-30 20:00:00,5.29,5.89,1.0,104.25,1.0,104.25
2025-08-30 21:00:00,5.8,6.5,1.0,104.25,1.0,104.25
2025-08-30 22:00:00,5.71,6.37,1.0,104.25,1.0,104.25
2025-08-30 23:00:00,5.09,5.71,1.0,104.25,1.0,104.25
2025-08-31 00:00:00,4.49,4.99,1.0,104.25,1.0,104.25
2025-08-31 01:00:00,4.4,4.81,1.0,104.25,1.0,104.25
2025-08-31 02:00:00,4.86,5.32,1.0,104.25,1.0,104.25
2025-08-31 03:00:00,4.74,5.15,1.0,104.25,1.0,104.25
2025-08-31 04:00:00,4.52,4.89,1.0,104.25,1.0,104.25
2025-08-31 05:00:00,4.38,4.7,1.0,104.25,1.0,104.25
2025-08-31 06:00:00,4.58,4.94,1.0,104.25,1.0,104.25
2025-08-31 07:00:00,4.7,5.11,1.0,104.25,1.0,104.25
2025-08-31 08:00:00,4.74,5.14,1.0,104.25,1.0,104.25
2025-08-31 09:00:00,4.78,5.13,1.0,104.25,1.0,104.25
2025-08-31 10:00:00,4.14,4.5,1.0,104.25,1.0,104.25
2025-08-31 11:00:00,4.45,4.94,1.0,104.25,1.0,104.25
2025-08-31 12:00:00,4.38,4.87,1.0,104.25,1.0,104.25
2025-08-31 13:00:00,4.5,5.01,1.0,104.25,1.0,104.25
2025-08-31 14:00:00,5.13,5.77,1.0,104.25,1.0,104.25
2025-08-31 15:00:00,5.41,6.12,1.0,104.25,1.0,104.25
2025-08-31 16:00:00,5.52,6.31,1.0,104.25,1.0,104.25
2025-08-31 17:00:00,5.7,6.49,1.0,104.25,1.0,104.25
2025-08-31 18:00:00,5.17,6.0,1.0,104.25,1.0,104.25
2025-08-31 19:00:00,4.72,5.47,1.0,104.25,1.0,104.25
2025-08-31 20:00:00,5.06,5.73,1.0,104.25,1.0,104.25
2025-08-31 21:00:00,6.3,7.09,1.0,104.25,1.0,104.25
2025-08-31 22:00:00,5.9,6.75,1.0,104.25,1.0,104.25
2025-08-31 23:00:00,4.89,5.56,1.0,104.25,1.0,104.25
2025-09-01 00:00:00,3.32,3.79,1.0,104.25,1.0,104.25
2025-09-01 01:00:00,3.23,3.42,1.0,104.25,1.0,104.25
2025-09-01 02:00:00,5.58,5.98,1.0,104.25,1.0,104.25
2025-09-01 03:00:00,7.38,8.12,1.0,104.25,1.0,104.25
2025-09-01 04:00:00,6.5,7.21,1.0,104.25,1.0,104.25
2025-09-01 05:00:00,5.07,5.54,1.0,104.25,1.0,104.25
2025-09-01 06:00:00,4.22,4.5,1.0,104.25,1.0,104.25
2025-09-01 07:00:00,3.34,3.55,1.0,104.25,1.0,104.25
2025-09-01 08:00:00,2.54,2.65,1.0,104.25,1.0,104.25
2025-09-01 09:00:00,2.0,2.08,1.0,104.25,1.0,104.25
2025-09-01 10:00:00,1.55,1.66,1.0,104.25,1.0,104.25
2025-09-01 11:00:00,2.57,2.73,1.0,104.25,1.0,104.25
2025-09-01 12:00:00,2.42,2.57,1.0,104.25,1.0,104.25
2025-09-01 13:00:00,2.6,2.8,1.0,104.25,1.0,104.25
2025-09-01 14:00:00,2.45,2.7,1.0,104.25,1.0,104.25
2025-09-01 15:00:00,2.57,2.83,1.0,104.25,1.0,104.25
2025-09-01 16:00:00,2.74,3.0,1.0,104.25,1.0,104.25
2025-09-01 17:00:00,2.78,3.0,1.0,104.25,1.0,104.25
2025-09-01 18:00:00,2.86,3.13,1.0,104.25,1.0,104.25
2025-09-01 19:00:00,3.04,3.3,1.0,104.25,1.0,104.25
2025-09-01 20:00:00,3.15,3.45,1.0,104.25,1.0,104.25
2025-09-01 21:00:00,3.4,3.8,1.0,104.25,1.0,104.25
2025-09-01 22:00:00,1.88,2.0,1.0,104.25,1.0,104.25
2025-09-01 23:00:00,2.42,2.58,1.0,104.25,1.0,104.25
2025-09-02 00:00:00,3.48,3.72,1.0,104.25,1.0,104.25
2025-09-02 01:00:00,2.95,3.15,1.0,104.25,1.0,104.25
2025-09-02 02:00:00,2.9,3.08,1.0,104.25,1.0,104.25
2025-09-02 03:00:00,3.82,4.05,1.0,104.25,1.0,104.25
2025-09-02 04:00:00,4.22,4.49,1.0,104.25,1.0,104.25
2025-09-02 05:00:00,4.68,5.0,1.0,104.25,1.0,104.25
2025-09-02 06:00:00,4.18,4.43,1.0,104.25,1.0,104.25
2025-09-02 07:00:00,3.42,3.6,1.0,104.25,1.0,104.25
2025-09-02 08:00:00,3.51,3.7,1.0,104.25,1.0,104.25
2025-09-02 09:00:00,4.11,4.36,1.0,104.25,1.0,104.25
2025-09-02 10:00:00,1.66,1.69,1.0,104.25,1.0,104.25
2025-09-02 11:00:00,0.68,0.68,1.0,104.25,1.0,104.25
2025-09-02 12:00:00,2.15,2.22,1.0,104.25,1.0,104.25
2025-09-02 13:00:00,3.6,3.92,1.0,104.25,1.0,104.25
2025-09-02 14:00:00,3.84,4.19,1.0,104.25,1.0,104.25
2025-09-02 15:00:00,4.2,4.65,1.0,104.25,1.0,104.25
2025-09-02 16:00:00,4.03,4.5,1.0,104.25,1.0,104.25
2025-09-02 17:00:00,4.84,5.39,1.0,104.25,1.0,104.25
2025-09-02 18:00:00,5.08,5.64,1.0,104.25,1.0,104.25
2025-09-02 19:00:00,5.37,5.98,1.0,104.25,1.0,104.25
2025-09-02 20:00:00,5.28,5.87,1.0,104.25,1.0,104.25
2025-09-02 21:00:00,4.72,5.21,1.0,104.25,1.0,104.25
2025-09-02 22:00:00,4.37,4.79,1.0,104.25,1.0,104.25
2025-09-02 23:00:00,4.59,5.06,1.0,104.25,1.0,104.25
2025-09-03 00:00:00,4.3,4.71,1.0,104.25,1.0,104.25
2025-09-03 01:00:00,3.83,4.19,1.0,104.25,1.0,104.25
2025-09-03 02:00:00,3.83,4.14,1.0,104.25,1.0,104.25
2025-09-03 03:00:00,3.96,4.27,1.0,104.25,1.0,104.25
2025-09-03 04:00:00,4.1,4.4,1.0,104.25,1.0,104.25
2025-09-03 05:00:00,4.0,4.31,1.0,104.25,1.0,104.25
2025-09-03 06:00:00,3.92,4.11,1.0,104.25,1.0,104.25
2025-09-03 07:00:00,4.12,4.37,1.0,104.25,1.0,104.25
2025-09-03 08:00:00,4.16,4.46,1.0,104.25,1.0,104.25
2025-09-03 09:00:00,4.43,4.81,1.0,104.25,1.0,104.25
2025-09-03 10:00:00,4.41,4.88,1.0,104.25,1.0,104.25
2025-09-03 11:00:00,4.55,5.16,1.0,104.25,1.0,104.25
2025-09-03 12:00:00,3.22,3.72,1.0,104.25,1.0,104.25
2025-09-03 13:00:00,1.83,2.12,1.0,104.25,1.0,104.25
2025-09-03 14:00:00,1.81,2.04,1.0,104.25,1.0,104.25
2025-09-03 15:00:00,2.71,2.92,1.0,104.25,1.0,104.25
2025-09-03 16:00:00,3.58,3.9,1.0,104.25,1.0,104.25
2025-09-03 17:00:00,4.2,4.63,1.0,104.25,1.0,104.25
2025-09-03 18:00:00,4.14,4.63,1.0,104.25,1.0,104.25
2025-09-03 19:00:00,3.61,4.02,1.0,104.25,1.0,104.25
2025-09-03 20:00:00,3.37,3.7,1.0,104.25,1.0,104.25
2025-09-03 21:00:00,2.3,2.52,1.0,104.25,1.0,104.25
2025-09-03 22:00:00,2.3,2.56,1.0,104.25,1.0,104.25
2025-09-03 23:00:00,2.69,3.01,1.0,104.25,1.0,104.25
2025-09-04 00:00:00,3.04,3.35,1.0,104.25,1.0,104.25
2025-09-04 01:00:00,3.41,3.71,1.0,104.25,1.0,104.25
2025-09-04 02:00:00,3.6,3.85,1.0,104.25,1.0,104.25
2025-09-04 03:00:00,3.87,4.16,1.0,104.25,1.0,104.25
2025-09-04 04:00:00,4.5,4.8,1.0,104.25,1.0,104.25
2025-09-04 05:00:00,5.09,5.5,1.0,104.25,1.0,104.25
2025-09-04 06:00:00,5.21,5.69,1.0,104.25,1.0,104.25
2025-09-04 07:00:00,4.68,5.11,1.0,104.25,1.0,104.25
2025-09-04 08:00:00,3.08,3.33,1.0,104.25,1.0,104.25
2025-09-04 09:00:00,2.06,2.21,1.0,104.25,1.0,104.25
2025-09-04 10:00:00,0.87,0.92,1.0,104.25,1.0,104.25
2025-09-04 11:00:00,1.34,1.39,1.0,104.25,1.0,104.25
2025-09-04 12:00:00,1.25,1.31,1.0,104.25,1.0,104.25
2025-09-04 13:00:00,1.52,1.57,1.0,104.25,1.0,104.25
2025-09-04 14:00:00,2.58,2.78,1.0,104.25,1.0,104.25
2025-09-04 15:00:00,3.18,3.43,1.0,104.25,1.0,104.25
2025-09-04 16:00:00,3.67,3.97,1.0,104.25,1.0,104.25
2025-09-04 17:00:00,3.57,3.94,1.0,104.25,1.0,104.25
2025-09-04 18:00:00,3.66,3.96,1.0,104.25,1.0,104.25
2025-09-04 19:00:00,3.77,4.07,1.0,104.25,1.0,104.25
2025-09-04 20:00:00,3.87,4.22,1.0,104.25,1.0,104.25
2025-09-04 21:00:00,3.81,4.16,1.0,104.25,1.0,104.25
2025-09-04 22:00:00,3.55,3.88,1.0,104.25,1.0,104.25
2025-09-04 23:00:00,3.23,3.55,1.0,104.25,1.0,104.25
2025-09-05 00:00:00,3.26,3.47,1.0,104.25,1.0,104.25
2025-09-05 01:00:00,4.1,4.35,1.0,104.25,1.0,104.25
2025-09-05 02:00:00,5.59,6.0,1.0,104.25,1.0,104.25
2025-09-05 03:00:00,6.11,6.71,1.0,104.25,1.0,104.25
2025-09-05 04:00:00,5.81,6.32,1.0,104.25,1.0,104.25
2025-09-05 05:00:00,5.52,6.08,1.0,104.25,1.0,104.25
2025-09-05 06:00:00,5.66,6.23,1.0,104.25,1.0,104.25
2025-09-05 07:00:00,5.77,6.37,1.0,104.25,1.0,104.25
2025-09-05 08:00:00,5.31,5.8,1.0,104.25,1.0,104.25
2025-09-05 09:00:00,4.55,4.94,1.0,104.25,1.0,104.25
2025-09-05 10:00:00,3.01,3.23,1.0,104.25,1.0,104.25
2025-09-05 11:00:00,2.21,2.41,1.0,104.25,1.0,104.25
2025-09-05 12:00:00,3.04,3.33,1.0,104.25,1.0,104.25
2025-09-05 13:00:00,4.73,5.2,1.0,104.25,1.0,104.25
2025-09-05 14:00:00,5.66,6.2,1.0,104.25,1.0,104.25
2025-09-05 15:00:00,5.76,6.38,1.0,104.25,1.0,104.25
2025-09-05 16:00:00,5.96,6.6,1.0,104.25,1.0,104.25
2025-09-05 17:00:00,6.42,7.1,1.0,104.25,1.0,104.25
2025-09-05 18:00:00,6.74,7.47,1.0,104.25,1.0,104.25
2025-09-05 19:00:00,7.1,7.93,1.0,104.25,1.0,104.25
2025-09-05 20:00:00,6.47,7.22,1.0,104.25,1.0,104.25
2025-09-05 21:00:00,6.43,7.19,1.0,104.25,1.0,104.25
2025-09-05 22:00:00,6.35,7.07,1.0,104.25,1.0,104.25
2025-09-05 23:00:00,6.59,7.44,1.0,104.25,1.0,104.25
2025-09-06 00:00:00,6.49,7.37,1.0,104.25,1.0,104.25
2025-09-06 01:00:00,5.93,6.64,1.0,104.25,1.0,104.25
2025-09-06 02:00:00,5.77,6.42,1.0,104.25,1.0,104.25
2025-09-06 03:00:00,5.49,6.1,1.0,104.25,1.0,104.25
2025-09-06 04:00:00,5.71,6.38,1.0,104.25,1.0,104.25
2025-09-06 05:00:00,5.68,6.33,1.0,104.25,1.0,104.25
2025-09-06 06:00:00,5.89,6.61,1.0,104.25,1.0,104.25
2025-09-06 07:00:00,6.02,6.73,1.0,104.25,1.0,104.25
2025-09-06 08:00:00,5.87,6.58,1.0,104.25,1.0,104.25
2025-09-06 09:00:00,5.88,6.57,1.0,104.25,1.0,104.25
2025-09-06 10:00:00,5.1,5.75,1.0,104.25,1.0,104.25
2025-09-06 11:00:00,4.92,5.72,1.0,104.25,1.0,104.25
2025-09-06 12:00:00,4.67,5.48,1.0,104.25,1.0,104.25
2025-09-06 13:00:00,4.28,5.07,1.0,104.25,1.0,104.25
2025-09-06 14:00:00,4.14,5.01,1.0,104.25,1.0,104.25
2025-09-06 15:00:00,4.09,4.96,1.0,104.25,1.0,104.25
2025-09-06 16:00:00,4.5,5.35,1.0,104.25,1.0,104.25
2025-09-06 17:00:00,5.02,5.95,1.0,104.25,1.0,104.25
2025-09-06 18:00:00,5.23,6.19,1.0,104.25,1.0,104.25
2025-09-06 19:00:00,5.73,6.72,1.0,104.25,1.0,104.25
2025-09-06 20:00:00,5.76,6.72,1.0,104.25,1.0,104.25
2025-09-06 21:00:00,5.82,6.74,1.0,104.25,1.0,104.25
2025-09-06 22:00:00,5.33,6.13,1.0,104.25,1.0,104.25
2025-09-06 23:00:00,5.57,6.24,1.0,104.25,1.0,104.25
2025-09-07 00:00:00,6.74,7.54,1.0,104.25,1.0,104.25
2025-09-07 01:00:00,7.64,8.58,1.0,104.25,1.0,104.25
2025-09-07 02:00:00,6.97,7.83,1.0,104.25,1.0,104.25
2025-09-07 03:00:00,6.69,7.52,1.0,104.25,1.0,104.25
2025-09-07 04:00:00,5.96,6.62,1.0,104.25,1.0,104.25
2025-09-07 05:00:00,5.46,6.01,1.0,104.25,1.0,104.25
2025-09-07 06:00:00,5.05,5.56,1.0,104.25,1.0,104.25
2025-09-07 07:00:00,4.68,5.14,1.0,104.25,1.0,104.25
2025-09-07 08:00:00,3.53,3.89,1.0,104.25,1.0,104.25
2025-09-07 09:00:00,2.47,2.7,1.0,104.25,1.0,104.25
2025-09-07 10:00:00,0.81,0.75,1.0,104.25,1.0,104.25
2025-09-07 11:00:00,0.92,1.02,1.0,104.25,1.0,104.25
2025-09-07 12:00:00,1.5,1.81,1.0,104.25,1.0,104.25
2025-09-07 13:00:00,2.16,2.55,1.0,104.25,1.0,104.25
2025-09-07 14:00:00,2.8,3.19,1.0,104.25,1.0,104.25
2025-09-07 15:00:00,2.91,3.29,1.0,104.25,1.0,104.25
2025-09-07 16:00:00,2.87,3.28,1.0,104.25,1.0,104.25
2025-09-07 17:00:00,3.43,3.91,1.0,104.25,1.0,104.25
2025-09-07 18:00:00,3.04,3.48,1.0,104.25,1.0,104.25
2025-09-07 19:00:00,3.33,3.82,1.0,104.25,1.0,104.25
2025-09-07 20:00:00,3.8,4.33,1.0,104.25,1.0,104.25
2025-09-07 21:00:00,4.14,4.74,1.0,104.25,1.0,104.25
2025-09-07 22:00:00,3.44,3.99,1.0,104.25,1.0,104.25
2025-09-07 23:00:00,4.46,5.06,1.0,104.25,1.0,104.25
2025-09-08 00:00:00,5.72,6.54,1.0,104.25,1.0,104.25
2025-09-08 01:00:00,6.44,7.25,1.0,104.25,1.0,104.25
2025-09-08 02:00:00,6.64,7.46,1.0,104.25,1.0,104.25
2025-09-08 03:00:00,6.93,7.78,1.0,104.25,1.0,104.25
2025-09-08 04:00:00,6.66,7.56,1.0,104.25,1.0,104.25
2025-09-08 05:00:00,6.22,7.0,1.0,104.25,1.0,104.25
2025-09-08 06:00:00,6.17,6.94,1.0,104.25,1.0,104.25
2025-09-08 07:00:00,5.75,6.51,1.0,104.25,1.0,104.25
2025-09-08 08:00:00,6.12,6.92,1.0,104.25,1.0,104.25
2025-09-08 09:00:00,5.59,6.23,1.0,104.25,1.0,104.25
2025-09-08 10:00:00,4.7,5.23,1.0,104.25,1.0,104.25
2025-09-08 11:00:00,4.81,5.45,1.0,104.25,1.0,104.25
2025-09-08 12:00:00,4.67,5.32,1.0,104.25,1.0,104.25
2025-09-08 13:00:00,4.39,4.94,1.0,104.25,1.0,104.25
2025-09-08 14:00:00,4.32,4.86,1.0,104.25,1.0,104.25
2025-09-08 15:00:00,4.29,4.83,1.0,104.25,1.0,104.25
2025-09-08 16:00:00,4.45,5.02,1.0,104.25,1.0,104.25
2025-09-08 17:00:00,4.82,5.46,1.0,104.25,1.0,104.25
2025-09-08 18:00:00,4.51,5.15,1.0,104.25,1.0,104.25
2025-09-08 19:00:00,3.69,4.23,1.0,104.25,1.0,104.25
2025-09-08 20:00:00,3.61,4.14,1.0,104.25,1.0,104.25
2025-09-08 21:00:00,4.4,4.99,1.0,104.25,1.0,104.25
2025-09-08 22:00:00,3.04,3.4,1.0,104.25,1.0,104.25
2025-09-08 23:00:00,3.39,3.7,1.0,104.25,1.0,104.25
2025-09-09 00:00:00,3.71,4.07,1.0,104.25,1.0,104.25
2025-09-09 01:00:00,3.7,4.11,1.0,104.25,1.0,104.25
2025-09-09 02:00:00,4.13,4.85,1.0,104.25,1.0,104.25
2025-09-09 03:00:00,4.57,5.25,1.0,104.25,1.0,104.25
2025-09-09 04:00:00,4.6,5.1,1.0,104.25,1.0,104.25
2025-09-09 05:00:00,3.97,4.27,1.0,104.25,1.0,104.25
2025-09-09 06:00:00,3.54,3.64,1.0,104.25,1.0,104.25
2025-09-09 07:00:00,3.09,3.19,1.0,104.25,1.0,104.25
2025-09-09 08:00:00,4.17,4.49,1.0,104.25,1.0,104.25
2025-09-09 09:00:00,5.97,6.74,1.0,104.25,1.0,104.25
2025-09-09 10:00:00,2.98,3.2,1.0,104.25,1.0,104.25
2025-09-09 11:00:00,1.95,2.01,1.0,104.25,1.0,104.25
2025-09-09 12:00:00,0.99,0.99,1.0,104.25,1.0,104.25
2025-09-09 13:00:00,1.88,1.95,1.0,104.25,1.0,104.25
2025-09-09 14:00:00,3.05,3.2,1.0,104.25,1.0,104.25
2025-09-09 15:00:00,3.1,3.25,1.0,104.25,1.0,104.25
2025-09-09 16:00:00,3.23,3.46,1.0,104.25,1.0,104.25
2025-09-09 17:00:00,3.47,3.83,1.0,104.25,1.0,104.25
2025-09-09 18:00:00,2.97,3.26,1.0,104.25,1.0,104.25
2025-09-09 19:00:00,2.84,3.09,1.0,104.25,1.0,104.25
2025-09-09 20:00:00,2.62,2.8,1.0,104.25,1.0,104.25
2025-09-09 21:00:00,2.42,2.56,1.0,104.25,1.0,104.25
2025-09-09 22:00:00,1.92,2.04,1.0,104.25,1.0,104.25
2025-09-09 23:00:00,2.04,2.17,1.0,104.25,1.0,104.25
2025-09-10 00:00:00,1.7,1.8,1.0,104.25,1.0,104.25
2025-09-10 01:00:00,1.56,1.63,1.0,104.25,1.0,104.25
2025-09-10 02:00:00,1.51,1.62,1.0,104.25,1.0,104.25
2025-09-10 03:00:00,1.7,1.81,1.0,104.25,1.0,104.25
2025-09-10 04:00:00,1.85,1.95,1.0,104.25,1.0,104.25
2025-09-10 05:00:00,1.84,1.89,1.0,104.25,1.0,104.25
2025-09-10 06:00:00,1.71,1.75,1.0,104.25,1.0,104.25
2025-09-10 07:00:00,1.87,1.95,1.0,104.25,1.0,104.25
2025-09-10 08:00:00,1.87,1.92,1.0,104.25,1.0,104.25
2025-09-10 09:00:00,1.38,1.42,1.0,104.25,1.0,104.25
2025-09-10 10:00:00,1.53,1.58,1.0,104.25,1.0,104.25
2025-09-10 11:00:00,1.91,1.9,1.0,104.25,1.0,104.25
2025-09-10 12:00:00,1.63,1.63,1.0,104.25,1.0,104.25
2025-09-10 13:00:00,1.82,1.88,1.0,104.25,1.0,104.25
2025-09-10 14:00:00,2.18,2.29,1.0,104.25,1.0,104.25
2025-09-10 15:00:00,2.35,2.46,1.0,104.25,1.0,104.25
2025-09-10 16:00:00,2.07,2.18,1.0,104.25,1.0,104.25
2025-09-10 17:00:00,2.03,2.14,1.0,104.25,1.0,104.25
2025-09-10 18:00:00,2.24,2.44,1.0,104.25,1.0,104.25
2025-09-10 19:00:00,2.56,2.81,1.0,104.25,1.0,104.25
2025-09-10 20:00:00,2.48,2.71,1.0,104.25,1.0,104.25
2025-09-10 21:00:00,1.68,1.88,1.0,104.25,1.0,104.25
2025-09-10 22:00:00,1.08,1.04,1.0,104.25,1.0,104.25
2025-09-10 23:00:00,1.1,1.15,1.0,104.25,1.0,104.25
2025-09-11 00:00:00,1.14,1.27,1.0,104.25,1.0,104.25
2025-09-11 01:00:00,0.07,0.0,1.0,104.25,1.0,104.25
2025-09-11 02:00:00,0.76,0.73,1.0,104.25,1.0,104.25
2025-09-11 03:00:00,1.88,1.87,1.0,104.25,1.0,104.25
2025-09-11 04:00:00,3.01,3.11,1.0,104.25,1.0,104.25
2025-09-11 05:00:00,3.82,4.03,1.0,104.25,1.0,104.25
2025-09-11 06:00:00,3.9,4.18,1.0,104.25,1.0,104.25
2025-09-11 07:00:00,3.91,4.19,1.0,104.25,1.0,104.25
2025-09-11 08:00:00,3.79,4.0,1.0,104.25,1.0,104.25
2025-09-11 09:00:00,3.93,4.21,1.0,104.25,1.0,104.25
2025-09-11 10:00:00,4.5,4.91,1.0,104.25,1.0,104.25
2025-09-11 11:00:00,3.96,4.26,1.0,104.25,1.0,104.25
2025-09-11 12:00:00,3.46,3.71,1.0,104.25,1.0,104.25
2025-09-11 13:00:00,2.98,3.23,1.0,104.25,1.0,104.25
2025-09-11 14:00:00,2.17,2.33,1.0,104.25,1.0,104.25
2025-09-11 15:00:00,1.36,1.46,1.0,104.25,1.0,104.25
2025-09-11 16:00:00,1.18,1.21,1.0,104.25,1.0,104.25
2025-09-11 17:00:00,1.87,1.93,1.0,104.25,1.0,104.25
2025-09-11 18:00:00,2.66,2.82,1.0,104.25,1.0,104.25
2025-09-11 19:00:00,3.16,3.38,1.0,104.25,1.0,104.25
2025-09-11 20:00:00,2.95,3.16,1.0,104.25,1.0,104.25
2025-09-11 21:00:00,2.85,3.01,1.0,104.25,1.0,104.25
2025-09-11 22:00:00,5.02,5.49,1.0,104.25,1.0,104.25
2025-09-11 23:00:00,6.55,7.2,1.0,104.25,1.0,104.25
2025-09-12 00:00:00,6.35,7.05,1.0,104.25,1.0,104.25
2025-09-12 01:00:00,6.22,6.91,1.0,104.25,1.0,104.25
2025-09-12 02:00:00,5.99,6.6,1.0,104.25,1.0,104.25
2025-09-12 03:00:00,5.48,6.02,1.0,104.25,1.0,104.25
2025-09-12 04:00:00,5.52,6.09,1.0,104.25,1.0,104.25
2025-09-12 05:00:00,5.36,5.87,1.0,104.25,1.0,104.25
2025-09-12 06:00:00,5.27,5.77,1.0,104.25,1.0,104.25
2025-09-12 07:00:00,5.05,5.5,1.0,104.25,1.0,104.25
2025-09-12 08:00:00,4.77,5.22,1.0,104.25,1.0,104.25
2025-09-12 09:00:00,4.71,5.17,1.0,104.25,1.0,104.25
2025-09-12 10:00:00,3.97,4.38,1.0,104.25,1.0,104.25
2025-09-12 11:00:00,3.74,4.06,1.0,104.25,1.0,104.25
2025-09-12 12:00:00,3.5,3.81,1.0,104.25,1.0,104.25
2025-09-12 13:00:00,3.13,3.38,1.0,104.25,1.0,104.25
2025-09-12 14:00:00,2.81,3.01,1.0,104.25,1.0,104.25
2025-09-12 15:00:00,2.61,2.86,1.0,104.25,1.0,104.25
2025-09-12 16:00:00,2.86,3.19,1.0,104.25,1.0,104.25
2025-09-12 17:00:00,3.5,3.88,1.0,104.25,1.0,104.25
2025-09-12 18:00:00,4.25,4.71,1.0,104.25,1.0,104.25
2025-09-12 19:00:00,4.31,4.88,1.0,104.25,1.0,104.25
2025-09-12 20:00:00,3.91,4.45,1.0,104.25,1.0,104.25
2025-09-12 21:00:00,3.76,4.14,1.0,104.25,1.0,104.25
2025-09-12 22:00:00,2.5,2.63,1.0,104.25,1.0,104.25
2025-09-12 23:00:00,2.53,2.71,1.0,104.25,1.0,104.25
2025-09-13 00:00:00,1.99,2.14,1.0,104.25,1.0,104.25
2025-09-13 01:00:00,3.68,3.88,1.0,104.25,1.0,104.25
2025-09-13 02:00:00,5.62,6.12,1.0,104.25,1.0,104.25
2025-09-13 03:00:00,6.26,6.94,1.0,104.25,1.0,104.25
2025-09-13 04:00:00,5.66,6.24,1.0,104.25,1.0,104.25
2025-09-13 05:00:00,4.78,5.28,1.0,104.25,1.0,104.25
2025-09-13 06:00:00,4.61,5.04,1.0,104.25,1.0,104.25
2025-09-13 07:00:00,4.61,5.03,1.0,104.25,1.0,104.25
2025-09-13 08:00:00,4.59,4.95,1.0,104.25,1.0,104.25
2025-09-13 09:00:00,3.84,4.16,1.0,104.25,1.0,104.25
2025-09-13 10:00:00,3.25,3.51,1.0,104.25,1.0,104.25
2025-09-13 11:00:00,2.72,3.02,1.0,104.25,1.0,104.25
2025-09-13 12:00:00,1.76,1.96,1.0,104.25,1.0,104.25
2025-09-13 13:00:00,1.99,2.13,1.0,104.25,1.0,104.25
2025-09-13 14:00:00,2.03,2.23,1.0,104.25,1.0,104.25
2025-09-13 15:00:00,1.82,1.98,1.0,104.25,1.0,104.25
2025-09-13 16:00:00,1.96,2.14,1.0,104.25,1.0,104.25
2025-09-13 17:00:00,2.55,2.82,1.0,104.25,1.0,104.25
2025-09-13 18:00:00,2.74,3.05,1.0,104.25,1.0,104.25
2025-09-13 19:00:00,2.73,3.0,1.0,104.25,1.0,104.25
2025-09-13 20:00:00,2.9,3.21,1.0,104.25,1.0,104.25
2025-09-13 21:00:00,3.36,3.7,1.0,104.25,1.0,104.25
2025-09-13 22:00:00,2.88,3.21,1.0,104.25,1.0,104.25
2025-09-13 23:00:00,2.91,3.19,1.0,104.25,1.0,104.25
2025-09-14 00:00:00,3.28,3.61,1.0,104.25,1.0,104.25
2025-09-14 01:00:00,3.01,3.26,1.0,104.25,1.0,104.25
2025-09-14 02:00:00,2.64,2.84,1.0,104.25,1.0,104.25
2025-09-14 03:00:00,2.28,2.42,1.0,104.25,1.0,104.25
2025-09-14 04:00:00,2.33,2.41,1.0,104.25,1.0,104.25
2025-09-14 05:00:00,2.27,2.4,1.0,104.25,1.0,104.25
2025-09-14 06:00:00,2.4,2.53,1.0,104.25,1.0,104.25
2025-09-14 07:00:00,2.73,2.86,1.0,104.25,1.0,104.25
2025-09-14 08:00:00,2.78,2.93,1.0,104.25,1.0,104.25
2025-09-14 09:00:00,2.7,2.9,1.0,104.25,1.0,104.25
2025-09-14 10:00:00,2.91,3.26,1.0,104.25,1.0,104.25
2025-09-14 11:00:00,2.91,3.21,1.0,104.25,1.0,104.25
2025-09-14 12:00:00,2.77,3.15,1.0,104.25,1.0,104.25
2025-09-14 13:00:00,2.48,2.88,1.0,104.25,1.0,104.25
2025-09-14 14:00:00,2.5,2.88,1.0,104.25,1.0,104.25
2025-09-14 15:00:00,2.67,3.16,1.0,104.25,1.0,104.25
2025-09-14 16:00:00,2.44,2.89,1.0,104.25,1.0,104.25
2025-09-14 17:00:00,2.3,2.72,1.0,104.25,1.0,104.25
2025-09-14 18:00:00,2.62,2.94,1.0,104.25,1.0,104.25
2025-09-14 19:00:00,2.04,2.27,1.0,104.25,1.0,104.25
2025-09-14 20:00:00,2.5,2.79,1.0,104.25,1.0,104.25
2025-09-14 21:00:00,3.14,3.56,1.0,104.25,1.0,104.25
2025-09-14 22:00:00,0.4,0.65,1.0,104.25,1.0,104.25
2025-09-14 23:00:00,0.14,0.18,1.0,104.25,1.0,104.25
2025-09-15 00:00:00,3.5,3.79,1.0,104.25,1.0,104.25
2025-09-15 01:00:00,4.75,5.14,1.0,104.25,1.0,104.25
2025-09-15 02:00:00,5.54,6.07,1.0,104.25,1.0,104.25
2025-09-15 03:00:00,6.52,7.24,1.0,104.25,1.0,104.25
2025-09-15 04:00:00,6.27,7.05,1.0,104.25,1.0,104.25
2025-09-15 05:00:00,5.59,6.2,1.0,104.25,1.0,104.25
2025-09-15 06:00:00,4.09,4.49,1.0,104.25,1.0,104.25
2025-09-15 07:00:00,2.99,3.21,1.0,104.25,1.0,104.25
2025-09-15 08:00:00,2.51,2.71,1.0,104.25,1.0,104.25
2025-09-15 09:00:00,1.83,1.98,1.0,104.25,1.0,104.25
2025-09-15 10:00:00,1.03,1.2,1.0,104.25,1.0,104.25
2025-09-15 11:00:00,1.92,2.13,1.0,104.25,1.0,104.25
2025-09-15 12:00:00,2.28,2.57,1.0,104.25,1.0,104.25
2025-09-15 13:00:00,1.98,2.24,1.0,104.25,1.0,104.25
2025-09-15 14:00:00,1.93,2.23,1.0,104.25,1.0,104.25
2025-09-15 15:00:00,1.82,2.1,1.0,104.25,1.0,104.25
2025-09-15 16:00:00,1.38,1.62,1.0,104.25,1.0,104.25
2025-09-15 17:00:00,1.25,1.43,1.0,104.25,1.0,104.25
2025-09-15 18:00:00,1.18,1.39,1.0,104.25,1.0,104.25
2025-09-15 19:00:00,0.83,1.04,1.0,104.25,1.0,104.25
2025-09-15 20:00:00,0.42,0.6,1.0,104.25,1.0,104.25
2025-09-15 21:00:00,0.59,0.67,1.0,104.25,1.0,104.25
2025-09-15 22:00:00,0.8,0.81,1.0,104.25,1.0,104.25
2025-09-15 23:00:00,1.1,1.25,1.0,104.25,1.0,104.25
2025-09-16 00:00:00,1.82,1.95,1.0,104.25,1.0,104.25
2025-09-16 01:00:00,3.04,3.23,1.0,104.25,1.0,104.25
2025-09-16 02:00:00,3.22,3.48,1.0,104.25,1.0,104.25
2025-09-16 03:00:00,3.85,4.14,1.0,104.25,1.0,104.25
2025-09-16 04:00:00,3.68,3.96,1.0,104.25,1.0,104.25
2025-09-16 05:00:00,3.96,4.24,1.0,104.25,1.0,104.25
2025-09-16 06:00:00,4.92,5.34,1.0,104.25,1.0,104.25
2025-09-16 07:00:00,5.18,5.64,1.0,104.25,1.0,104.25
2025-09-16 08:00:00,4.7,5.14,1.0,104.25,1.0,104.25
2025-09-16 09:00:00,4.47,4.83,1.0,104.25,1.0,104.25
2025-09-16 10:00:00,5.4,5.91,1.0,104.25,1.0,104.25
2025-09-16 11:00:00,5.15,5.7,1.0,104.25,1.0,104.25
2025-09-16 12:00:00,5.07,5.62,1.0,104.25,1.0,104.25
2025-09-16 13:00:00,4.73,5.22,1.0,104.25,1.0,104.25
2025-09-16 14:00:00,4.42,4.86,1.0,104.25,1.0,104.25
2025-09-16 15:00:00,4.2,4.65,1.0,104.25,1.0,104.25
2025-09-16 16:00:00,4.49,4.98,1.0,104.25,1.0,104.25
2025-09-16 17:00:00,4.62,5.15,1.0,104.25,1.0,104.25
2025-09-16 18:00:00,4.22,4.73,1.0,104.25,1.0,104.25
2025-09-16 19:00:00,3.73,4.11,1.0,104.25,1.0,104.25
2025-09-16 20:00:00,4.41,4.81,1.0,104.25,1.0,104.25
2025-09-16 21:00:00,4.63,5.16,1.0,104.25,1.0,104.25
2025-09-16 22:00:00,4.31,4.67,1.0,104.25,1.0,104.25
2025-09-16 23:00:00,4.52,4.88,1.0,104.25,1.0,104.25
2025-09-17 00:00:00,4.36,4.71,1.0,104.25,1.0,104.25
2025-09-17 01:00:00,4.4,4.75,1.0,104.25,1.0,104.25
2025-09-17 02:00:00,4.48,4.88,1.0,104.25,1.0,104.25
2025-09-17 03:00:00,4.43,4.79,1.0,104.25,1.0,104.25
2025-09-17 04:00:00,4.41,4.81,1.0,104.25,1.0,104.25
2025-09-17 05:00:00,4.36,4.78,1.0,104.25,1.0,104.25
2025-09-17 06:00:00,4.5,4.84,1.0,104.25,1.0,104.25
2025-09-17 07:00:00,4.85,5.2,1.0,104.25,1.0,104.25
2025-09-17 08:00:00,4.92,5.3,1.0,104.25,1.0,104.25
2025-09-17 09:00:00,5.2,5.66,1.0,104.25,1.0,104.25
2025-09-17 10:00:00,4.99,5.49,1.0,104.25,1.0,104.25
2025-09-17 11:00:00,5.57,6.19,1.0,104.25,1.0,104.25
2025-09-17 12:00:00,5.4,6.06,1.0,104.25,1.0,104.25
2025-09-17 13:00:00,5.36,6.01,1.0,104.25,1.0,104.25
2025-09-17 14:00:00,5.29,5.94,1.0,104.25,1.0,104.25
2025-09-17 15:00:00,3.96,4.46,1.0,104.25,1.0,104.25
2025-09-17 16:00:00,3.71,4.07,1.0,104.25,1.0,104.25
2025-09-17 17:00:00,3.81,4.22,1.0,104.25,1.0,104.25
2025-09-17 18:00:00,4.4,4.86,1.0,104.25,1.0,104.25
2025-09-17 19:00:00,4.42,4.88,1.0,104.25,1.0,104.25
2025-09-17 20:00:00,4.67,5.17,1.0,104.25,1.0,104.25
2025-09-17 21:00:00,5.2,5.75,1.0,104.25,1.0,104.25
2025-09-17 22:00:00,3.4,3.85,1.0,104.25,1.0,104.25
2025-09-17 23:00:00,4.27,4.72,1.0,104.25,1.0,104.25
2025-09-18 00:00:00,4.64,5.17,1.0,104.25,1.0,104.25
2025-09-18 01:00:00,3.77,4.07,1.0,104.25,1.0,104.25
2025-09-18 02:00:00,3.37,3.67,1.0,104.25,1.0,104.25
2025-09-18 03:00:00,3.37,3.67,1.0,104.25,1.0,104.25
2025-09-18 04:00:00,3.73,3.98,1.0,104.25,1.0,104.25
2025-09-18 05:00:00,3.78,4.07,1.0,104.25,1.0,104.25
2025-09-18 06:00:00,3.39,3.64,1.0,104.25,1.0,104.25
2025-09-18 07:00:00,4.23,4.49,1.0,104.25,1.0,104.25
2025-09-18 08:00:00,4.97,5.31,1.0,104.25,1.0,104.25
2025-09-18 09:00:00,4.77,5.01,1.0,104.25,1.0,104.25
2025-09-18 10:00:00,3.44,3.75,1.0,104.25,1.0,104.25
2025-09-18 11:00:00,3.75,4.11,1.0,104.25,1.0,104.25
2025-09-18 12:00:00,3.57,3.94,1.0,104.25,1.0,104.25
2025-09-18 13:00:00,3.08,3.43,1.0,104.25,1.0,104.25
2025-09-18 14:00:00,3.3,3.75,1.0,104.25,1.0,104.25
2025-09-18 15:00:00,3.28,3.84,1.0,104.25,1.0,104.25
2025-09-18 16:00:00,3.54,4.07,1.0,104.25,1.0,104.25
2025-09-18 17:00:00,4.1,4.7,1.0,104.25,1.0,104.25
2025-09-18 18:00:00,4.62,5.25,1.0,104.25,1.0,104.25
2025-09-18 19:00:00,4.75,5.45,1.0,104.25,1.0,104.25
2025-09-18 20:00:00,4.59,5.22,1.0,104.25,1.0,104.25
2025-09-18 21:00:00,4.62,5.22,1.0,104.25,1.0,104.25
2025-09-18 22:00:00,3.62,4.0,1.0,104.25,1.0,104.25
2025-09-18 23:00:00,4.29,4.83,1.0,104.25,1.0,104.25
2025-09-19 00:00:00,4.59,5.2,1.0,104.25,1.0,104.25
2025-09-19 01:00:00,4.67,5.1,1.0,104.25,1.0,104.25
2025-09-19 02:00:00,4.6,5.07,1.0,104.25,1.0,104.25
2025-09-19 03:00:00,4.24,4.6,1.0,104.25,1.0,104.25
2025-09-19 04:00:00,3.88,4.2,1.0,104.25,1.0,104.25
2025-09-19 05:00:00,3.4,3.65,1.0,104.25,1.0,104.25
2025-09-19 06:00:00,3.15,3.44,1.0,104.25,1.0,104.25
2025-09-19 07:00:00,3.45,3.67,1.0,104.25,1.0,104.25
2025-09-19 08:00:00,3.31,3.62,1.0,104.25,1.0,104.25
2025-09-19 09:00:00,3.04,3.26,1.0,104.25,1.0,104.25
2025-09-19 10:00:00,3.11,3.32,1.0,104.25,1.0,104.25
2025-09-19 11:00:00,2.55,2.77,1.0,104.25,1.0,104.25
2025-09-19 12:00:00,2.12,2.24,1.0,104.25,1.0,104.25
2025-09-19 13:00:00,2.61,2.83,1.0,104.25,1.0,104.25
2025-09-19 14:00:00,2.48,2.77,1.0,104.25,1.0,104.25
2025-09-19 15:00:00,2.05,2.26,1.0,104.25,1.0,104.25
2025-09-19 16:00:00,1.9,2.11,1.0,104.25,1.0,104.25
2025-09-19 17:00:00,1.48,1.61,1.0,104.25,1.0,104.25
2025-09-19 18:00:00,1.36,1.42,1.0,104.25,1.0,104.25
2025-09-19 19:00:00,1.96,2.07,1.0,104.25,1.0,104.25
2025-09-19 20:00:00,2.44,2.64,1.0,104.25,1.0,104.25
2025-09-19 21:00:00,2.52,2.8,1.0,104.25,1.0,104.25
2025-09-19 22:00:00,2.26,2.43,1.0,104.25,1.0,104.25
2025-09-19 23:00:00,2.51,2.66,1.0,104.25,1.0,104.25
2025-09-20 00:00:00,3.08,3.3,1.0,104.25,1.0,104.25
2025-09-20 01:00:00,3.37,3.64,1.0,104.25,1.0,104.25
2025-09-20 02:00:00,3.16,3.41,1.0,104.25,1.0,104.25
2025-09-20 03:00:00,3.43,3.71,1.0,104.25,1.0,104.25
2025-09-20 04:00:00,3.43,3.66,1.0,104.25,1.0,104.25
2025-09-20 05:00:00,2.86,3.0,1.0,104.25,1.0,104.25
2025-09-20 06:00:00,2.3,2.41,1.0,104.25,1.0,104.25
2025-09-20 07:00:00,2.54,2.64,1.0,104.25,1.0,104.25
2025-09-20 08:00:00,2.6,2.74,1.0,104.25,1.0,104.25
2025-09-20 09:00:00,2.7,2.84,1.0,104.25,1.0,104.25
2025-09-20 10:00:00,4.0,4.17,1.0,104.25,1.0,104.25
2025-09-20 11:00:00,3.8,4.03,1.0,104.25,1.0,104.25
2025-09-20 12:00:00,3.72,4.0,1.0,104.25,1.0,104.25
2025-09-20 13:00:00,3.87,4.23,1.0,104.25,1.0,104.25
2025-09-20 14:00:00,3.7,4.08,1.0,104.25,1.0,104.25
2025-09-20 15:00:00,3.37,3.69,1.0,104.25,1.0,104.25
2025-09-20 16:00:00,3.09,3.4,1.0,104.25,1.0,104.25
2025-09-20 17:00:00,2.78,3.03,1.0,104.25,1.0,104.25
2025-09-20 18:00:00,2.4,2.59,1.0,104.25,1.0,104.25
2025-09-20 19:00:00,2.26,2.51,1.0,104.25,1.0,104.25
2025-09-20 20:00:00,2.52,2.73,1.0,104.25,1.0,104.25
2025-09-20 21:00:00,2.44,2.72,1.0,104.25,1.0,104.25
2025-09-20 22:00:00,2.62,2.9,1.0,104.25,1.0,104.25
2025-09-20 23:00:00,2.51,2.8,1.0,104.25,1.0,104.25
2025-09-21 00:00:00,2.93,3.22,1.0,104.25,1.0,104.25
2025-09-21 01:00:00,3.25,3.54,1.0,104.25,1.0,104.25
2025-09-21 02:00:00,3.48,3.76,1.0,104.25,1.0,104.25
2025-09-21 03:00:00,3.49,3.78,1.0,104.25,1.0,104.25
2025-09-21 04:00:00,3.59,3.83,1.0,104.25,1.0,104.25
2025-09-21 05:00:00,3.74,4.0,1.0,104.25,1.0,104.25
2025-09-21 06:00:00,3.51,3.78,1.0,104.25,1.0,104.25
2025-09-21 07:00:00,3.53,3.78,1.0,104.25,1.0,104.25
2025-09-21 08:00:00,4.15,4.47,1.0,104.25,1.0,104.25
2025-09-21 09:00:00,4.26,4.65,1.0,104.25,1.0,104.25
2025-09-21 10:00:00,3.52,3.74,1.0,104.25,1.0,104.25
2025-09-21 11:00:00,4.16,4.58,1.0,104.25,1.0,104.25
2025-09-21 12:00:00,4.08,4.55,1.0,104.25,1.0,104.25
2025-09-21 13:00:00,4.15,4.67,1.0,104.25,1.0,104.25
2025-09-21 14:00:00,4.19,4.74,1.0,104.25,1.0,104.25
2025-09-21 15:00:00,4.27,4.83,1.0,104.25,1.0,104.25
2025-09-21 16:00:00,3.92,4.43,1.0,104.25,1.0,104.25
2025-09-21 17:00:00,3.57,4.03,1.0,104.25,1.0,104.25
2025-09-21 18:00:00,3.47,3.89,1.0,104.25,1.0,104.25
2025-09-21 19:00:00,3.64,4.11,1.0,104.25,1.0,104.25
2025-09-21 20:00:00,4.0,4.49,1.0,104.25,1.0,104.25
2025-09-21 21:00:00,4.46,5.02,1.0,104.25,1.0,104.25
2025-09-21 22:00:00,4.35,5.34,1.0,104.25,1.0,104.25
2025-09-21 23:00:00,4.95,5.76,1.0,104.25,1.0,104.25
2025-09-22 00:00:00,5.27,6.01,1.0,104.25,1.0,104.25
2025-09-22 01:00:00,5.41,6.08,1.0,104.25,1.0,104.25
2025-09-22 02:00:00,4.96,5.49,1.0,104.25,1.0,104.25
2025-09-22 03:00:00,4.53,5.02,1.0,104.25,1.0,104.25
2025-09-22 04:00:00,4.49,4.92,1.0,104.25,1.0,104.25
2025-09-22 05:00:00,4.14,4.51,1.0,104.25,1.0,104.25
2025-09-22 06:00:00,3.46,3.79,1.0,104.25,1.0,104.25
2025-09-22 07:00:00,2.49,2.76,1.0,104.25,1.0,104.25
2025-09-22 08:00:00,2.17,2.38,1.0,104.25,1.0,104.25
2025-09-22 09:00:00,2.11,2.33,1.0,104.25,1.0,104.25
2025-09-22 10:00:00,1.3,1.42,1.0,104.25,1.0,104.25
2025-09-22 11:00:00,1.3,1.4,1.0,104.25,1.0,104.25
2025-09-22 12:00:00,1.21,1.32,1.0,104.25,1.0,104.25
2025-09-22 13:00:00,1.32,1.44,1.0,104.25,1.0,104.25
2025-09-22 14:00:00,1.8,1.98,1.0,104.25,1.0,104.25
2025-09-22 15:00:00,2.34,2.63,1.0,104.25,1.0,104.25
2025-09-22 16:00:00,3.04,3.39,1.0,104.25,1.0,104.25
2025-09-22 17:00:00,3.96,4.39,1.0,104.25,1.0,104.25
2025-09-22 18:00:00,4.5,5.0,1.0,104.25,1.0,104.25
2025-09-22 19:00:00,4.54,5.08,1.0,104.25,1.0,104.25
2025-09-22 20:00:00,4.49,5.0,1.0,104.25,1.0,104.25
2025-09-22 21:00:00,4.29,4.8,1.0,104.25,1.0,104.25
2025-09-22 22:00:00,3.74,4.11,1.0,104.25,1.0,104.25
2025-09-22 23:00:00,3.23,3.56,1.0,104.25,1.0,104.25
2025-09-23 00:00:00,2.66,2.88,1.0,104.25,1.0,104.25
2025-09-23 01:00:00,2.32,2.53,1.0,104.25,1.0,104.25
2025-09-23 02:00:00,2.11,2.26,1.0,104.25,1.0,104.25
2025-09-23 03:00:00,2.47,2.56,1.0,104.25,1.0,104.25
2025-09-23 04:00:00,2.63,2.77,1.0,104.25,1.0,104.25
2025-09-23 05:00:00,3.01,3.14,1.0,104.25,1.0,104.25
2025-09-23 06:00:00,3.14,3.33,1.0,104.25,1.0,104.25
2025-09-23 07:00:00,3.04,3.19,1.0,104.25,1.0,104.25
2025-09-23 08:00:00,2.85,3.05,1.0,104.25,1.0,104.25
2025-09-23 09:00:00,2.96,3.16,1.0,104.25,1.0,104.25
2025-09-23 10:00:00,2.86,3.11,1.0,104.25,1.0,104.25
2025-09-23 11:00:00,3.06,3.42,1.0,104.25,1.0,104.25
2025-09-23 12:00:00,2.84,3.24,1.0,104.25,1.0,104.25
2025-09-23 13:00:00,2.6,2.96,1.0,104.25,1.0,104.25
2025-09-23 14:00:00,2.62,3.05,1.0,104.25,1.0,104.25
2025-09-23 15:00:00,2.84,3.23,1.0,104.25,1.0,104.25
2025-09-23 16:00:00,2.86,3.29,1.0,104.25,1.0,104.25
2025-09-23 17:00:00,2.6,2.93,1.0,104.25,1.0,104.25
2025-09-23 18:00:00,2.42,2.69,1.0,104.25,1.0,104.25
2025-09-23 19:00:00,2.42,2.66,1.0,104.25,1.0,104.25
2025-09-23 20:00:00,2.35,2.62,1.0,104.25,1.0,104.25
2025-09-23 21:00:00,2.56,2.75,1.0,104.25,1.0,104.25
2025-09-23 22:00:00,1.94,2.05,1.0,104.25,1.0,104.25
2025-09-23 23:00:00,2.02,2.15,1.0,104.25,1.0,104.25
2025-09-24 00:00:00,2.05,2.25,1.0,104.25,1.0,104.25
2025-09-24 01:00:00,1.85,1.95,1.0,104.25,1.0,104.25
2025-09-24 02:00:00,2.36,2.51,1.0,104.25,1.0,104.25
2025-09-24 03:00:00,3.4,3.61,1.0,104.25,1.0,104.25
2025-09-24 04:00:00,3.76,4.02,1.0,104.25,1.0,104.25
2025-09-24 05:00:00,4.34,4.6,1.0,104.25,1.0,104.25
2025-09-24 06:00:00,4.85,5.24,1.0,104.25,1.0,104.25
2025-09-24 07:00:00,4.69,5.11,1.0,104.25,1.0,104.25
2025-09-24 08:00:00,3.52,3.8,1.0,104.25,1.0,104.25
2025-09-24 09:00:00,2.32,2.49,1.0,104.25,1.0,104.25
2025-09-24 10:00:00,1.42,1.56,1.0,104.25,1.0,104.25
2025-09-24 11:00:00,1.63,1.69,1.0,104.25,1.0,104.25
2025-09-24 12:00:00,1.76,1.86,1.0,104.25,1.0,104.25
2025-09-24 13:00:00,1.61,1.68,1.0,104.25,1.0,104.25
2025-09-24 14:00:00,1.84,1.95,1.0,104.25,1.0,104.25
2025-09-24 15:00:00,1.52,1.59,1.0,104.25,1.0,104.25
2025-09-24 16:00:00,1.17,1.25,1.0,104.25,1.0,104.25
2025-09-24 17:00:00,0.96,1.03,1.0,104.25,1.0,104.25
2025-09-24 18:00:00,1.5,1.64,1.0,104.25,1.0,104.25
2025-09-24 19:00:00,2.15,2.33,1.0,104.25,1.0,104.25
2025-09-24 20:00:00,2.49,2.73,1.0,104.25,1.0,104.25
2025-09-24 21:00:00,3.3,3.63,1.0,104.25,1.0,104.25
2025-09-24 22:00:00,3.15,3.65,1.0,104.25,1.0,104.25
2025-09-24 23:00:00,3.0,3.4,1.0,104.25,1.0,104.25
2025-09-25 00:00:00,2.93,3.22,1.0,104.25,1.0,104.25
2025-09-25 01:00:00,3.29,3.54,1.0,104.25,1.0,104.25
2025-09-25 02:00:00,3.41,3.66,1.0,104.25,1.0,104.25
2025-09-25 03:00:00,3.7,3.95,1.0,104.25,1.0,104.25
2025-09-25 04:00:00,3.75,4.05,1.0,104.25,1.0,104.25
2025-09-25 05:00:00,4.07,4.37,1.0,104.25,1.0,104.25
2025-09-25 06:00:00,4.3,4.6,1.0,104.25,1.0,104.25
2025-09-25 07:00:00,3.32,3.57,1.0,104.25,1.0,104.25
2025-09-25 08:00:00,2.6,2.74,1.0,104.25,1.0,104.25
2025-09-25 09:00:00,2.25,2.4,1.0,104.25,1.0,104.25
2025-09-25 10:00:00,0.21,0.29,1.0,104.25,1.0,104.25
2025-09-25 11:00:00,0.46,0.42,1.0,104.25,1.0,104.25
2025-09-25 12:00:00,0.57,0.52,1.0,104.25,1.0,104.25
2025-09-25 13:00:00,0.3,0.25,1.0,104.25,1.0,104.25
2025-09-25 14:00:00,0.7,0.65,1.0,104.25,1.0,104.25
2025-09-25 15:00:00,0.54,0.42,1.0,104.25,1.0,104.25
2025-09-25 16:00:00,0.38,0.46,1.0,104.25,1.0,104.25
2025-09-25 17:00:00,1.15,1.25,1.0,104.25,1.0,104.25
2025-09-25 18:00:00,1.65,1.79,1.0,104.25,1.0,104.25
2025-09-25 19:00:00,2.32,2.5,1.0,104.25,1.0,104.25
2025-09-25 20:00:00,3.31,3.58,1.0,104.25,1.0,104.25
2025-09-25 21:00:00,3.84,4.26,1.0,104.25,1.0,104.25
2025-09-25 22:00:00,4.96,5.71,1.0,104.25,1.0,104.25
2025-09-25 23:00:00,4.84,5.55,1.0,104.25,1.0,104.25
2025-09-26 00:00:00,4.63,5.2,1.0,104.25,1.0,104.25
2025-09-26 01:00:00,4.88,5.45,1.0,104.25,1.0,104.25
2025-09-26 02:00:00,5.11,5.65,1.0,104.25,1.0,104.25
2025-09-26 03:00:00,5.1,5.66,1.0,104.25,1.0,104.25
2025-09-26 04:00:00,4.85,5.35,1.0,104.25,1.0,104.25
2025-09-26 05:00:00,4.59,5.08,1.0,104.25,1.0,104.25
2025-09-26 06:00:00,4.17,4.57,1.0,104.25,1.0,104.25
2025-09-26 07:00:00,4.33,4.73,1.0,104.25,1.0,104.25
2025-09-26 08:00:00,4.57,5.08,1.0,104.25,1.0,104.25
2025-09-26 09:00:00,4.63,5.14,1.0,104.25,1.0,104.25
2025-09-26 10:00:00,4.74,5.34,1.0,104.25,1.0,104.25
2025-09-26 11:00:00,2.29,2.78,1.0,104.25,1.0,104.25
2025-09-26 12:00:00,0.87,1.06,1.0,104.25,1.0,104.25
2025-09-26 13:00:00,1.61,1.61,1.0,104.25,1.0,104.25
2025-09-26 14:00:00,1.2,1.35,1.0,104.25,1.0,104.25
2025-09-26 15:00:00,1.35,1.67,1.0,104.25,1.0,104.25
2025-09-26 16:00:00,2.08,2.57,1.0,104.25,1.0,104.25
2025-09-26 17:00:00,3.08,3.65,1.0,104.25,1.0,104.25
2025-09-26 18:00:00,3.73,4.33,1.0,104.25,1.0,104.25
2025-09-26 19:00:00,4.46,5.02,1.0,104.25,1.0,104.25
2025-09-26 20:00:00,4.51,5.11,1.0,104.25,1.0,104.25
2025-09-26 21:00:00,4.51,5.12,1.0,104.25,1.0,104.25
2025-09-26 22:00:00,4.02,4.47,1.0,104.25,1.0,104.25
2025-09-26 23:00:00,3.61,4.03,1.0,104.25,1.0,104.25
2025-09-27 00:00:00,3.63,3.97,1.0,104.25,1.0,104.25
2025-09-27 01:00:00,3.51,3.85,1.0,104.25,1.0,104.25
2025-09-27 02:00:00,3.06,3.31,1.0,104.25,1.0,104.25
2025-09-27 03:00:00,3.1,3.3,1.0,104.25,1.0,104.25
2025-09-27 04:00:00,3.29,3.49,1.0,104.25,1.0,104.25
2025-09-27 05:00:00,3.37,3.56,1.0,104.25,1.0,104.25
2025-09-27 06:00:00,3.59,3.83,1.0,104.25,1.0,104.25
2025-09-27 07:00:00,3.65,3.89,1.0,104.25,1.0,104.25
2025-09-27 08:00:00,3.6,3.85,1.0,104.25,1.0,104.25
2025-09-27 09:00:00,3.42,3.68,1.0,104.25,1.0,104.25
2025-09-27 10:00:00,1.71,1.8,1.0,104.25,1.0,104.25
2025-09-27 11:00:00,1.77,1.84,1.0,104.25,1.0,104.25
2025-09-27 12:00:00,2.06,2.16,1.0,104.25,1.0,104.25
2025-09-27 13:00:00,1.91,1.98,1.0,104.25,1.0,104.25
2025-09-27 14:00:00,1.46,1.48,1.0,104.25,1.0,104.25
2025-09-27 15:00:00,0.76,0.78,1.0,104.25,1.0,104.25
2025-09-27 16:00:00,0.5,0.5,1.0,104.25,1.0,104.25
2025-09-27 17:00:00,0.45,0.45,1.0,104.25,1.0,104.25
2025-09-27 18:00:00,0.3,0.25,1.0,104.25,1.0,104.25
2025-09-27 19:00:00,0.11,0.1,1.0,104.25,1.0,104.25
2025-09-27 20:00:00,0.42,0.46,1.0,104.25,1.0,104.25
2025-09-27 21:00:00,1.2,1.35,1.0,104.25,1.0,104.25
2025-09-27 22:00:00,1.37,1.5,1.0,104.25,1.0,104.25
2025-09-27 23:00:00,2.0,2.14,1.0,104.25,1.0,104.25
2025-09-28 00:00:00,1.39,1.53,1.0,104.25,1.0,104.25
2025-09-28 01:00:00,1.04,1.1,1.0,104.25,1.0,104.25
2025-09-28 02:00:00,1.61,1.7,1.0,104.25,1.0,104.25
2025-09-28 03:00:00,2.59,2.75,1.0,104.25,1.0,104.25
2025-09-28 04:00:00,3.7,3.92,1.0,104.25,1.0,104.25
2025-09-28 05:00:00,4.29,4.61,1.0,104.25,1.0,104.25
2025-09-28 06:00:00,4.21,4.54,1.0,104.25,1.0,104.25
2025-09-28 07:00:00,4.31,4.61,1.0,104.25,1.0,104.25
2025-09-28 08:00:00,3.98,4.28,1.0,104.25,1.0,104.25
2025-09-28 09:00:00,3.42,3.63,1.0,104.25,1.0,104.25
2025-09-28 10:00:00,1.24,1.35,1.0,104.25,1.0,104.25
2025-09-28 11:00:00,1.82,1.88,1.0,104.25,1.0,104.25
2025-09-28 12:00:00,2.5,2.6,1.0,104.25,1.0,104.25
2025-09-28 13:00:00,3.4,3.65,1.0,104.25,1.0,104.25
2025-09-28 14:00:00,4.49,4.88,1.0,104.25,1.0,104.25
2025-09-28 15:00:00,5.1,5.61,1.0,104.25,1.0,104.25
2025-09-28 16:00:00,4.81,5.26,1.0,104.25,1.0,104.25
2025-09-28 17:00:00,4.68,5.04,1.0,104.25,1.0,104.25
2025-09-28 18:00:00,5.09,5.49,1.0,104.25,1.0,104.25
2025-09-28 19:00:00,5.7,6.24,1.0,104.25,1.0,104.25
2025-09-28 20:00:00,5.91,6.51,1.0,104.25,1.0,104.25
2025-09-28 21:00:00,5.83,6.5,1.0,104.25,1.0,104.25
2025-09-28 22:00:00,5.6,6.2,1.0,104.25,1.0,104.25
2025-09-28 23:00:00,6.05,6.73,1.0,104.25,1.0,104.25
2025-09-29 00:00:00,6.21,6.88,1.0,104.25,1.0,104.25
2025-09-29 01:00:00,5.97,6.6,1.0,104.25,1.0,104.25
2025-09-29 02:00:00,5.56,6.11,1.0,104.25,1.0,104.25
2025-09-29 03:00:00,4.95,5.45,1.0,104.25,1.0,104.25
2025-09-29 04:00:00,4.55,4.96,1.0,104.25,1.0,104.25
2025-09-29 05:00:00,5.12,5.53,1.0,104.25,1.0,104.25
2025-09-29 06:00:00,5.9,6.42,1.0,104.25,1.0,104.25
2025-09-29 07:00:00,5.99,6.55,1.0,104.25,1.0,104.25
2025-09-29 08:00:00,5.86,6.41,1.0,104.25,1.0,104.25
2025-09-29 09:00:00,5.59,6.14,1.0,104.25,1.0,104.25
2025-09-29 10:00:00,4.1,4.5,1.0,104.25,1.0,104.25
2025-09-29 11:00:00,4.5,5.0,1.0,104.25,1.0,104.25
2025-09-29 12:00:00,4.75,5.35,1.0,104.25,1.0,104.25
2025-09-29 13:00:00,5.16,5.91,1.0,104.25,1.0,104.25
2025-09-29 14:00:00,5.55,6.25,1.0,104.25,1.0,104.25
2025-09-29 15:00:00,5.55,6.15,1.0,104.25,1.0,104.25
2025-09-29 16:00:00,5.59,6.15,1.0,104.25,1.0,104.25
2025-09-29 17:00:00,5.65,6.2,1.0,104.25,1.0,104.25
2025-09-29 18:00:00,5.81,6.41,1.0,104.25,1.0,104.25
2025-09-29 19:00:00,5.38,5.89,1.0,104.25,1.0,104.25
2025-09-29 20:00:00,5.22,5.68,1.0,104.25,1.0,104.25
2025-09-29 21:00:00,5.45,5.95,1.0,104.25,1.0,104.25
2025-09-29 22:00:00,4.04,4.48,1.0,104.25,1.0,104.25
2025-09-29 23:00:00,2.38,2.65,1.0,104.25,1.0,104.25
2025-09-30 00:00:00,1.66,1.72,1.0,104.25,1.0,104.25
2025-09-30 01:00:00,1.3,1.3,1.0,104.25,1.0,104.25
2025-09-30 02:00:00,0.92,0.92,1.0,104.25,1.0,104.25
2025-09-30 03:00:00,1.14,1.19,1.0,104.25,1.0,104.25
2025-09-30 04:00:00,1.17,1.26,1.0,104.25,1.0,104.25
2025-09-30 05:00:00,1.48,1.61,1.0,104.25,1.0,104.25
2025-09-30 06:00:00,1.92,2.09,1.0,104.25,1.0,104.25
2025-09-30 07:00:00,2.37,2.58,1.0,104.25,1.0,104.25
2025-09-30 08:00:00,2.23,2.41,1.0,104.25,1.0,104.25
2025-09-30 09:00:00,1.91,2.12,1.0,104.25,1.0,104.25
2025-09-30 10:00:00,1.01,1.04,1.0,104.25,1.0,104.25
2025-09-30 11:00:00,1.77,1.88,1.0,104.25,1.0,104.25
2025-09-30 12:00:00,2.55,2.69,1.0,104.25,1.0,104.25
2025-09-30 13:00:00,3.43,3.68,1.0,104.25,1.0,104.25
2025-09-30 14:00:00,4.12,4.44,1.0,104.25,1.0,104.25
2025-09-30 15:00:00,4.27,4.59,1.0,104.25,1.0,104.25
2025-09-30 16:00:00,4.6,5.03,1.0,104.25,1.0,104.25
2025-09-30 17:00:00,3.98,4.34,1.0,104.25,1.0,104.25
2025-09-30 18:00:00,3.78,4.09,1.0,104.25,1.0,104.25
2025-09-30 19:00:00,3.49,3.8,1.0,104.25,1.0,104.25
2025-09-30 20:00:00,3.25,3.52,1.0,104.25,1.0,104.25
2025-09-30 21:00:00,3.31,3.51,1.0,104.25,1.0,104.25
2025-09-30 22:00:00,3.28,3.57,1.0,104.25,1.0,104.25
2025-09-30 23:00:00,4.42,4.8,1.0,104.25,1.0,104.25
2025-10-01 00:00:00,4.25,4.54,1.0,104.25,1.0,104.25
2025-10-01 01:00:00,4.14,4.46,1.0,104.25,1.0,104.25
2025-10-01 02:00:00,3.64,3.96,1.0,104.25,1.0,104.25
2025-10-01 03:00:00,3.04,3.29,1.0,104.25,1.0,104.25
2025-10-01 04:00:00,2.78,2.97,1.0,104.25,1.0,104.25
2025-10-01 05:00:00,2.5,2.7,1.0,104.25,1.0,104.25
2025-10-01 06:00:00,2.4,2.61,1.0,104.25,1.0,104.25
2025-10-01 07:00:00,2.15,2.3,1.0,104.25,1.0,104.25
2025-10-01 08:00:00,2.48,2.7,1.0,104.25,1.0,104.25
2025-10-01 09:00:00,3.05,3.29,1.0,104.25,1.0,104.25
2025-10-01 10:00:00,1.59,1.71,1.0,104.25,1.0,104.25
2025-10-01 11:00:00,2.03,2.11,1.0,104.25,1.0,104.25
2025-10-01 12:00:00,2.32,2.51,1.0,104.25,1.0,104.25
2025-10-01 13:00:00,2.92,3.1,1.0,104.25,1.0,104.25
2025-10-01 14:00:00,3.27,3.51,1.0,104.25,1.0,104.25
2025-10-01 15:00:00,3.36,3.6,1.0,104.25,1.0,104.25
2025-10-01 16:00:00,3.4,3.66,1.0,104.25,1.0,104.25
2025-10-01 17:00:00,3.39,3.61,1.0,104.25,1.0,104.25
2025-10-01 18:00:00,3.3,3.55,1.0,104.25,1.0,104.25
2025-10-01 19:00:00,3.01,3.25,1.0,104.25,1.0,104.25
2025-10-01 20:00:00,2.97,3.19,1.0,104.25,1.0,104.25
2025-10-01 21:00:00,2.91,3.09,1.0,104.25,1.0,104.25
2025-10-01 22:00:00,3.44,3.66,1.0,104.25,1.0,104.25
2025-10-01 23:00:00,3.48,3.73,1.0,104.25,1.0,104.25
2025-10-02 00:00:00,3.22,3.43,1.0,104.25,1.0,104.25
2025-10-02 01:00:00,3.16,3.3,1.0,104.25,1.0,104.25
2025-10-02 02:00:00,3.31,3.47,1.0,104.25,1.0,104.25
2025-10-02 03:00:00,3.21,3.36,1.0,104.25,1.0,104.25
2025-10-02 04:00:00,3.02,3.16,1.0,104.25,1.0,104.25
2025-10-02 05:00:00,2.69,2.77,1.0,104.25,1.0,104.25
2025-10-02 06:00:00,2.31,2.36,1.0,104.25,1.0,104.25
2025-10-02 07:00:00,2.32,2.32,1.0,104.25,1.0,104.25
2025-10-02 08:00:00,1.35,1.31,1.0,104.25,1.0,104.25
2025-10-02 09:00:00,0.75,0.76,1.0,104.25,1.0,104.25
2025-10-02 10:00:00,2.65,2.75,1.0,104.25,1.0,104.25
2025-10-02 11:00:00,3.83,4.02,1.0,104.25,1.0,104.25
2025-10-02 12:00:00,4.23,4.43,1.0,104.25,1.0,104.25
2025-10-02 13:00:00,3.49,3.67,1.0,104.25,1.0,104.25
2025-10-02 14:00:00,2.93,3.04,1.0,104.25,1.0,104.25
2025-10-02 15:00:00,2.05,2.11,1.0,104.25,1.0,104.25
2025-10-02 16:00:00,1.66,1.68,1.0,104.25,1.0,104.25
2025-10-02 17:00:00,0.98,1.08,1.0,104.25,1.0,104.25
2025-10-02 18:00:00,0.58,0.67,1.0,104.25,1.0,104.25
2025-10-02 19:00:00,0.38,0.3,1.0,104.25,1.0,104.25
2025-10-02 20:00:00,0.94,0.89,1.0,104.25,1.0,104.25
2025-10-02 21:00:00,1.87,1.87,1.0,104.25,1.0,104.25
2025-10-02 22:00:00,2.7,2.81,1.0,104.25,1.0,104.25
2025-10-02 23:00:00,3.2,3.4,1.0,104.25,1.0,104.25
2025-10-03 00:00:00,2.95,3.15,1.0,104.25,1.0,104.25
2025-10-03 01:00:00,2.76,2.9,1.0,104.25,1.0,104.25
2025-10-03 02:00:00,2.94,3.08,1.0,104.25,1.0,104.25
2025-10-03 03:00:00,2.5,2.57,1.0,104.25,1.0,104.25
2025-10-03 04:00:00,2.69,2.77,1.0,104.25,1.0,104.25
2025-10-03 05:00:00,2.91,3.05,1.0,104.25,1.0,104.25
2025-10-03 06:00:00,3.36,3.58,1.0,104.25,1.0,104.25
2025-10-03 07:00:00,3.01,3.16,1.0,104.25,1.0,104.25
2025-10-03 08:00:00,1.94,2.12,1.0,104.25,1.0,104.25
2025-10-03 09:00:00,0.6,0.71,1.0,104.25,1.0,104.25
2025-10-03 10:00:00,1.77,1.87,1.0,104.25,1.0,104.25
2025-10-03 11:00:00,1.24,1.32,1.0,104.25,1.0,104.25
2025-10-03 12:00:00,1.15,1.3,1.0,104.25,1.0,104.25
2025-10-03 13:00:00,1.06,1.2,1.0,104.25,1.0,104.25
2025-10-03 14:00:00,1.62,1.78,1.0,104.25,1.0,104.25
2025-10-03 15:00:00,2.5,2.61,1.0,104.25,1.0,104.25
2025-10-03 16:00:00,3.63,3.85,1.0,104.25,1.0,104.25
2025-10-03 17:00:00,4.3,4.56,1.0,104.25,1.0,104.25
2025-10-03 18:00:00,5.15,5.61,1.0,104.25,1.0,104.25
2025-10-03 19:00:00,5.43,5.98,1.0,104.25,1.0,104.25
2025-10-03 20:00:00,5.59,6.14,1.0,104.25,1.0,104.25
2025-10-03 21:00:00,5.88,6.48,1.0,104.25,1.0,104.25
2025-10-03 22:00:00,4.5,4.95,1.0,104.25,1.0,104.25
2025-10-03 23:00:00,4.43,4.79,1.0,104.25,1.0,104.25
2025-10-04 00:00:00,4.63,4.94,1.0,104.25,1.0,104.25
2025-10-04 01:00:00,4.62,4.97,1.0,104.25,1.0,104.25
2025-10-04 02:00:00,4.26,4.56,1.0,104.25,1.0,104.25
2025-10-04 03:00:00,3.91,4.12,1.0,104.25,1.0,104.25
2025-10-04 04:00:00,3.65,3.87,1.0,104.25,1.0,104.25
2025-10-04 05:00:00,3.36,3.54,1.0,104.25,1.0,104.25
2025-10-04 06:00:00,3.2,3.34,1.0,104.25,1.0,104.25
2025-10-04 07:00:00,3.15,3.29,1.0,104.25,1.0,104.25
2025-10-04 08:00:00,2.8,2.95,1.0,104.25,1.0,104.25
2025-10-04 09:00:00,2.41,2.55,1.0,104.25,1.0,104.25
2025-10-04 10:00:00,1.79,1.92,1.0,104.25,1.0,104.25
2025-10-04 11:00:00,1.33,1.44,1.0,104.25,1.0,104.25
2025-10-04 12:00:00,1.21,1.32,1.0,104.25,1.0,104.25
2025-10-04 13:00:00,1.7,1.85,1.0,104.25,1.0,104.25
2025-10-04 14:00:00,2.12,2.3,1.0,104.25,1.0,104.25
2025-10-04 15:00:00,2.24,2.44,1.0,104.25,1.0,104.25
2025-10-04 16:00:00,2.15,2.32,1.0,104.25,1.0,104.25
2025-10-04 17:00:00,1.95,2.1,1.0,104.25,1.0,104.25
2025-10-04 18:00:00,1.62,1.71,1.0,104.25,1.0,104.25
2025-10-04 19:00:00,1.25,1.25,1.0,104.25,1.0,104.25
2025-10-04 20:00:00,1.7,1.77,1.0,104.25,1.0,104.25
2025-10-04 21:00:00,1.98,2.06,1.0,104.25,1.0,104.25
2025-10-04 22:00:00,2.27,2.42,1.0,104.25,1.0,104.25
2025-10-04 23:00:00,2.25,2.36,1.0,104.25,1.0,104.25
2025-10-05 00:00:00,2.9,3.12,1.0,104.25,1.0,104.25
2025-10-05 01:00:00,3.18,3.4,1.0,104.25,1.0,104.25
2025-10-05 02:00:00,3.36,3.59,1.0,104.25,1.0,104.25
2025-10-05 03:00:00,3.45,3.71,1.0,104.25,1.0,104.25
2025-10-05 04:00:00,3.1,3.3,1.0,104.25,1.0,104.25
2025-10-05 05:00:00,3.1,3.35,1.0,104.25,1.0,104.25
2025-10-05 06:00:00,3.02,3.27,1.0,104.25,1.0,104.25
2025-10-05 07:00:00,2.44,2.62,1.0,104.25,1.0,104.25
2025-10-05 08:00:00,2.61,2.79,1.0,104.25,1.0,104.25
2025-10-05 09:00:00,2.94,3.17,1.0,104.25,1.0,104.25
2025-10-05 10:00:00,2.95,3.2,1.0,104.25,1.0,104.25
2025-10-05 11:00:00,2.69,2.98,1.0,104.25,1.0,104.25
2025-10-05 12:00:00,2.17,2.37,1.0,104.25,1.0,104.25
2025-10-05 13:00:00,2.02,2.12,1.0,104.25,1.0,104.25
2025-10-05 14:00:00,2.73,2.93,1.0,104.25,1.0,104.25
2025-10-05 15:00:00,3.22,3.47,1.0,104.25,1.0,104.25
2025-10-05 16:00:00,3.16,3.46,1.0,104.25,1.0,104.25
2025-10-05 17:00:00,2.33,2.5,1.0,104.25,1.0,104.25
2025-10-05 18:00:00,2.05,2.15,1.0,104.25,1.0,104.25
2025-10-05 19:00:00,2.0,2.1,1.0,104.25,1.0,104.25
2025-10-05 20:00:00,1.85,1.95,1.0,104.25,1.0,104.25
2025-10-05 21:00:00,1.62,1.71,1.0,104.25,1.0,104.25
2025-10-05 22:00:00,1.76,1.86,1.0,104.25,1.0,104.25
2025-10-05 23:00:00,0.25,0.49,1.0,104.25,1.0,104.25
2025-10-06 00:00:00,0.56,0.61,1.0,104.25,1.0,104.25
2025-10-06 01:00:00,0.85,0.95,1.0,104.25,1.0,104.25
2025-10-06 02:00:00,1.8,1.93,1.0,104.25,1.0,104.25
2025-10-06 03:00:00,3.91,4.15,1.0,104.25,1.0,104.25
2025-10-06 04:00:00,4.81,5.14,1.0,104.25,1.0,104.25
2025-10-06 05:00:00,4.81,5.17,1.0,104.25,1.0,104.25
2025-10-06 06:00:00,4.33,4.58,1.0,104.25,1.0,104.25
2025-10-06 07:00:00,4.0,4.21,1.0,104.25,1.0,104.25
2025-10-06 08:00:00,3.0,3.16,1.0,104.25,1.0,104.25
2025-10-06 09:00:00,1.98,2.09,1.0,104.25,1.0,104.25
2025-10-06 10:00:00,1.24,1.29,1.0,104.25,1.0,104.25
2025-10-06 11:00:00,2.57,2.69,1.0,104.25,1.0,104.25
2025-10-06 12:00:00,2.55,2.63,1.0,104.25,1.0,104.25
2025-10-06 13:00:00,2.58,2.67,1.0,104.25,1.0,104.25
2025-10-06 14:00:00,2.48,2.61,1.0,104.25,1.0,104.25
2025-10-06 15:00:00,1.91,1.93,1.0,104.25,1.0,104.25
2025-10-06 16:00:00,1.83,1.91,1.0,104.25,1.0,104.25
2025-10-06 17:00:00,2.39,2.53,1.0,104.25,1.0,104.25
2025-10-06 18:00:00,2.82,2.97,1.0,104.25,1.0,104.25
2025-10-06 19:00:00,2.41,2.5,1.0,104.25,1.0,104.25
2025-10-06 20:00:00,2.36,2.47,1.0,104.25,1.0,104.25
2025-10-06 21:00:00,3.26,3.47,1.0,104.25,1.0,104.25
2025-10-06 22:00:00,3.24,3.5,1.0,104.25,1.0,104.25
2025-10-06 23:00:00,3.5,3.7,1.0,104.25,1.0,104.25
2025-10-07 00:00:00,3.69,3.87,1.0,104.25,1.0,104.25
2025-10-07 01:00:00,3.99,4.29,1.0,104.25,1.0,104.25
2025-10-07 02:00:00,4.55,4.87,1.0,104.25,1.0,104.25
2025-10-07 03:00:00,5.27,5.69,1.0,104.25,1.0,104.25
2025-10-07 04:00:00,5.46,5.92,1.0,104.25,1.0,104.25
2025-10-07 05:00:00,5.48,5.98,1.0,104.25,1.0,104.25
2025-10-07 06:00:00,5.7,6.23,1.0,104.25,1.0,104.25
2025-10-07 07:00:00,5.61,6.11,1.0,104.25,1.0,104.25
2025-10-07 08:00:00,5.02,5.41,1.0,104.25,1.0,104.25
2025-10-07 09:00:00,4.23,4.55,1.0,104.25,1.0,104.25
2025-10-07 10:00:00,4.52,4.97,1.0,104.25,1.0,104.25
2025-10-07 11:00:00,5.03,5.52,1.0,104.25,1.0,104.25
2025-10-07 12:00:00,5.23,5.83,1.0,104.25,1.0,104.25
2025-10-07 13:00:00,4.6,5.09,1.0,104.25,1.0,104.25
2025-10-07 14:00:00,4.27,4.7,1.0,104.25,1.0,104.25
2025-10-07 15:00:00,4.27,4.68,1.0,104.25,1.0,104.25
2025-10-07 16:00:00,3.75,4.15,1.0,104.25,1.0,104.25
2025-10-07 17:00:00,3.42,3.67,1.0,104.25,1.0,104.25
2025-10-07 18:00:00,3.72,4.07,1.0,104.25,1.0,104.25
2025-10-07 19:00:00,3.95,4.32,1.0,104.25,1.0,104.25
2025-10-07 20:00:00,4.25,4.63,1.0,104.25,1.0,104.25
2025-10-07 21:00:00,4.47,4.9,1.0,104.25,1.0,104.25
2025-10-07 22:00:00,3.59,3.95,1.0,104.25,1.0,104.25
2025-10-07 23:00:00,3.54,3.83,1.0,104.25,1.0,104.25
2025-10-08 00:00:00,3.89,4.18,1.0,104.25,1.0,104.25
2025-10-08 01:00:00,3.66,3.88,1.0,104.25,1.0,104.25
2025-10-08 02:00:00,3.76,4.0,1.0,104.25,1.0,104.25
2025-10-08 03:00:00,3.98,4.27,1.0,104.25,1.0,104.25
2025-10-08 04:00:00,4.22,4.5,1.0,104.25,1.0,104.25
2025-10-08 05:00:00,4.1,4.41,1.0,104.25,1.0,104.25
2025-10-08 06:00:00,4.38,4.7,1.0,104.25,1.0,104.25
2025-10-08 07:00:00,4.2,4.47,1.0,104.25,1.0,104.25
2025-10-08 08:00:00,3.85,4.17,1.0,104.25,1.0,104.25
2025-10-08 09:00:00,3.18,3.39,1.0,104.25,1.0,104.25
2025-10-08 10:00:00,2.16,2.31,1.0,104.25,1.0,104.25
2025-10-08 11:00:00,2.01,2.16,1.0,104.25,1.0,104.25
2025-10-08 12:00:00,1.76,1.86,1.0,104.25,1.0,104.25
2025-10-08 13:00:00,1.71,1.82,1.0,104.25,1.0,104.25
2025-10-08 14:00:00,1.64,1.71,1.0,104.25,1.0,104.25
2025-10-08 15:00:00,1.36,1.43,1.0,104.25,1.0,104.25
2025-10-08 16:00:00,1.53,1.66,1.0,104.25,1.0,104.25
2025-10-08 17:00:00,1.9,2.08,1.0,104.25,1.0,104.25
2025-10-08 18:00:00,2.18,2.36,1.0,104.25,1.0,104.25
2025-10-08 19:00:00,2.42,2.67,1.0,104.25,1.0,104.25
2025-10-08 20:00:00,3.02,3.37,1.0,104.25,1.0,104.25
2025-10-08 21:00:00,3.78,4.14,1.0,104.25,1.0,104.25
2025-10-08 22:00:00,2.32,2.6,1.0,104.25,1.0,104.25
2025-10-08 23:00:00,2.28,2.56,1.0,104.25,1.0,104.25
2025-10-09 00:00:00,1.84,2.09,1.0,104.25,1.0,104.25
2025-10-09 01:00:00,1.03,1.12,1.0,104.25,1.0,104.25
2025-10-09 02:00:00,2.01,1.97,1.0,104.25,1.0,104.25
2025-10-09 03:00:00,4.21,4.46,1.0,104.25,1.0,104.25
2025-10-09 04:00:00,5.16,5.58,1.0,104.25,1.0,104.25
2025-10-09 05:00:00,5.47,5.95,1.0,104.25,1.0,104.25
2025-10-09 06:00:00,5.17,5.61,1.0,104.25,1.0,104.25
2025-10-09 07:00:00,4.33,4.65,1.0,104.25,1.0,104.25
2025-10-09 08:00:00,4.17,4.45,1.0,104.25,1.0,104.25
2025-10-09 09:00:00,3.77,4.02,1.0,104.25,1.0,104.25
2025-10-09 10:00:00,2.95,3.13,1.0,104.25,1.0,104.25
2025-10-09 11:00:00,2.76,2.93,1.0,104.25,1.0,104.25
2025-10-09 12:00:00,3.36,3.57,1.0,104.25,1.0,104.25
2025-10-09 13:00:00,3.26,3.5,1.0,104.25,1.0,104.25
2025-10-09 14:00:00,3.11,3.32,1.0,104.25,1.0,104.25
2025-10-09 15:00:00,3.06,3.32,1.0,104.25,1.0,104.25
2025-10-09 16:00:00,2.69,2.91,1.0,104.25,1.0,104.25
2025-10-09 17:00:00,2.31,2.45,1.0,104.25,1.0,104.25
2025-10-09 18:00:00,2.64,2.82,1.0,104.25,1.0,104.25
2025-10-09 19:00:00,3.05,3.32,1.0,104.25,1.0,104.25
2025-10-09 20:00:00,3.23,3.56,1.0,104.25,1.0,104.25
2025-10-09 21:00:00,3.49,3.81,1.0,104.25,1.0,104.25
2025-10-09 22:00:00,3.68,4.08,1.0,104.25,1.0,104.25
2025-10-09 23:00:00,3.95,4.4,1.0,104.25,1.0,104.25
2025-10-10 00:00:00,3.85,4.15,1.0,104.25,1.0,104.25
2025-10-10 01:00:00,3.48,3.73,1.0,104.25,1.0,104.25
2025-10-10 02:00:00,3.42,3.63,1.0,104.25,1.0,104.25
2025-10-10 03:00:00,3.77,3.98,1.0,104.25,1.0,104.25
2025-10-10 04:00:00,4.24,4.5,1.0,104.25,1.0,104.25
2025-10-10 05:00:00,4.57,4.88,1.0,104.25,1.0,104.25
2025-10-10 06:00:00,4.74,5.09,1.0,104.25,1.0,104.25
2025-10-10 07:00:00,4.83,5.23,1.0,104.25,1.0,104.25
2025-10-10 08:00:00,4.26,4.61,1.0,104.25,1.0,104.25
2025-10-10 09:00:00,3.5,3.81,1.0,104.25,1.0,104.25
2025-10-10 10:00:00,2.86,3.13,1.0,104.25,1.0,104.25
2025-10-10 11:00:00,2.87,3.09,1.0,104.25,1.0,104.25
2025-10-10 12:00:00,1.7,1.81,1.0,104.25,1.0,104.25
2025-10-10 13:00:00,1.03,1.06,1.0,104.25,1.0,104.25
2025-10-10 14:00:00,0.46,0.5,1.0,104.25,1.0,104.25
2025-10-10 15:00:00,0.34,0.36,1.0,104.25,1.0,104.25
2025-10-10 16:00:00,0.85,0.85,1.0,104.25,1.0,104.25
2025-10-10 17:00:00,1.46,1.5,1.0,104.25,1.0,104.25
2025-10-10 18:00:00,1.85,1.96,1.0,104.25,1.0,104.25
2025-10-10 19:00:00,2.04,2.2,1.0,104.25,1.0,104.25
2025-10-10 20:00:00,2.3,2.46,1.0,104.25,1.0,104.25
2025-10-10 21:00:00,2.71,2.91,1.0,104.25,1.0,104.25
2025-10-10 22:00:00,3.01,3.26,1.0,104.25,1.0,104.25
2025-10-10 23:00:00,3.81,4.19,1.0,104.25,1.0,104.25
2025-10-11 00:00:00,3.85,4.14,1.0,104.25,1.0,104.25
2025-10-11 01:00:00,3.42,3.72,1.0,104.25,1.0,104.25
2025-10-11 02:00:00,3.2,3.46,1.0,104.25,1.0,104.25
2025-10-11 03:00:00,3.34,3.59,1.0,104.25,1.0,104.25
2025-10-11 04:00:00,3.79,4.1,1.0,104.25,1.0,104.25
2025-10-11 05:00:00,4.38,4.7,1.0,104.25,1.0,104.25
2025-10-11 06:00:00,4.79,5.14,1.0,104.25,1.0,104.25
2025-10-11 07:00:00,4.52,4.86,1.0,104.25,1.0,104.25
2025-10-11 08:00:00,4.46,4.85,1.0,104.25,1.0,104.25
2025-10-11 09:00:00,4.0,4.36,1.0,104.25,1.0,104.25
2025-10-11 10:00:00,4.03,4.44,1.0,104.25,1.0,104.25
2025-10-11 11:00:00,3.86,4.33,1.0,104.25,1.0,104.25
2025-10-11 12:00:00,3.57,4.0,1.0,104.25,1.0,104.25
2025-10-11 13:00:00,3.64,4.07,1.0,104.25,1.0,104.25
2025-10-11 14:00:00,3.11,3.5,1.0,104.25,1.0,104.25
2025-10-11 15:00:00,2.97,3.39,1.0,104.25,1.0,104.25
2025-10-11 16:00:00,2.72,3.15,1.0,104.25,1.0,104.25
2025-10-11 17:00:00,2.79,3.18,1.0,104.25,1.0,104.25
2025-10-11 18:00:00,2.61,2.96,1.0,104.25,1.0,104.25
2025-10-11 19:00:00,2.55,2.88,1.0,104.25,1.0,104.25
2025-10-11 20:00:00,2.5,2.84,1.0,104.25,1.0,104.25
2025-10-11 21:00:00,2.63,3.04,1.0,104.25,1.0,104.25
2025-10-11 22:00:00,2.94,3.29,1.0,104.25,1.0,104.25
2025-10-11 23:00:00,3.9,4.4,1.0,104.25,1.0,104.25
2025-10-12 00:00:00,3.09,3.47,1.0,104.25,1.0,104.25
2025-10-12 01:00:00,2.32,2.55,1.0,104.25,1.0,104.25
2025-10-12 02:00:00,2.98,3.12,1.0,104.25,1.0,104.25
2025-10-12 03:00:00,3.78,3.91,1.0,104.25,1.0,104.25
2025-10-12 04:00:00,4.27,4.44,1.0,104.25,1.0,104.25
2025-10-12 05:00:00,4.29,4.53,1.0,104.25,1.0,104.25
2025-10-12 06:00:00,3.97,4.17,1.0,104.25,1.0,104.25
2025-10-12 07:00:00,3.69,3.87,1.0,104.25,1.0,104.25
2025-10-12 08:00:00,3.46,3.64,1.0,104.25,1.0,104.25
2025-10-12 09:00:00,4.02,4.29,1.0,104.25,1.0,104.25
2025-10-12 10:00:00,3.49,3.69,1.0,104.25,1.0,104.25
2025-10-12 11:00:00,2.9,3.1,1.0,104.25,1.0,104.25
2025-10-12 12:00:00,3.43,3.64,1.0,104.25,1.0,104.25
2025-10-12 13:00:00,3.76,4.09,1.0,104.25,1.0,104.25
2025-10-12 14:00:00,3.63,4.01,1.0,104.25,1.0,104.25
2025-10-12 15:00:00,3.64,4.03,1.0,104.25,1.0,104.25
2025-10-12 16:00:00,3.33,3.68,1.0,104.25,1.0,104.25
2025-10-12 17:00:00,2.75,2.99,1.0,104.25,1.0,104.25
2025-10-12 18:00:00,2.25,2.39,1.0,104.25,1.0,104.25
2025-10-12 19:00:00,2.04,2.18,1.0,104.25,1.0,104.25
2025-10-12 20:00:00,1.9,2.01,1.0,104.25,1.0,104.25
2025-10-12 21:00:00,1.88,1.99,1.0,104.25,1.0,104.25
2025-10-12 22:00:00,2.17,2.32,1.0,104.25,1.0,104.25
2025-10-12 23:00:00,2.59,2.8,1.0,104.25,1.0,104.25
2025-10-13 00:00:00,2.85,3.05,1.0,104.25,1.0,104.25
2025-10-13 01:00:00,3.19,3.43,1.0,104.25,1.0,104.25
2025-10-13 02:00:00,3.26,3.51,1.0,104.25,1.0,104.25
2025-10-13 03:00:00,2.8,3.0,1.0,104.25,1.0,104.25
2025-10-13 04:00:00,2.61,2.81,1.0,104.25,1.0,104.25
2025-10-13 05:00:00,2.52,2.69,1.0,104.25,1.0,104.25
2025-10-13 06:00:00,2.39,2.52,1.0,104.25,1.0,104.25
2025-10-13 07:00:00,2.37,2.5,1.0,104.25,1.0,104.25
2025-10-13 08:00:00,2.46,2.64,1.0,104.25,1.0,104.25
2025-10-13 09:00:00,3.15,3.4,1.0,104.25,1.0,104.25
2025-10-13 10:00:00,2.4,2.57,1.0,104.25,1.0,104.25
2025-10-13 11:00:00,1.7,1.88,1.0,104.25,1.0,104.25
2025-10-13 12:00:00,2.13,2.3,1.0,104.25,1.0,104.25
2025-10-13 13:00:00,2.62,2.84,1.0,104.25,1.0,104.25
2025-10-13 14:00:00,3.36,3.61,1.0,104.25,1.0,104.25
2025-10-13 15:00:00,4.11,4.51,1.0,104.25,1.0,104.25
2025-10-13 16:00:00,4.93,5.43,1.0,104.25,1.0,104.25
2025-10-13 17:00:00,4.91,5.41,1.0,104.25,1.0,104.25
2025-10-13 18:00:00,4.7,5.23,1.0,104.25,1.0,104.25
2025-10-13 19:00:00,3.9,4.36,1.0,104.25,1.0,104.25
2025-10-13 20:00:00,2.97,3.26,1.0,104.25,1.0,104.25
2025-10-13 21:00:00,2.79,3.01,1.0,104.25,1.0,104.25
2025-10-13 22:00:00,2.56,2.82,1.0,104.25,1.0,104.25
2025-10-13 23:00:00,2.75,3.01,1.0,104.25,1.0,104.25
2025-10-14 00:00:00,3.0,3.21,1.0,104.25,1.0,104.25
2025-10-14 01:00:00,3.44,3.71,1.0,104.25,1.0,104.25
2025-10-14 02:00:00,3.74,4.08,1.0,104.25,1.0,104.25
2025-10-14 03:00:00,3.09,3.4,1.0,104.25,1.0,104.25
2025-10-14 04:00:00,2.8,3.05,1.0,104.25,1.0,104.25
2025-10-14 05:00:00,3.74,4.06,1.0,104.25,1.0,104.25
2025-10-14 06:00:00,3.66,3.97,1.0,104.25,1.0,104.25
2025-10-14 07:00:00,3.42,3.67,1.0,104.25,1.0,104.25
2025-10-14 08:00:00,3.86,4.22,1.0,104.25,1.0,104.25
2025-10-14 09:00:00,4.17,4.53,1.0,104.25,1.0,104.25
2025-10-14 10:00:00,3.64,4.04,1.0,104.25,1.0,104.25
2025-10-14 11:00:00,3.3,3.69,1.0,104.25,1.0,104.25
2025-10-14 12:00:00,2.59,2.88,1.0,104.25,1.0,104.25
2025-10-14 13:00:00,3.7,4.08,1.0,104.25,1.0,104.25
2025-10-14 14:00:00,3.98,4.43,1.0,104.25,1.0,104.25
2025-10-14 15:00:00,3.56,3.87,1.0,104.25,1.0,104.25
2025-10-14 16:00:00,3.3,3.57,1.0,104.25,1.0,104.25
2025-10-14 17:00:00,3.32,3.68,1.0,104.25,1.0,104.25
2025-10-14 18:00:00,3.4,3.72,1.0,104.25,1.0,104.25
2025-10-14 19:00:00,3.76,4.1,1.0,104.25,1.0,104.25
2025-10-14 20:00:00,4.62,5.09,1.0,104.25,1.0,104.25
2025-10-14 21:00:00,5.04,5.61,1.0,104.25,1.0,104.25
2025-10-14 22:00:00,4.71,5.39,1.0,104.25,1.0,104.25
2025-10-14 23:00:00,4.58,5.17,1.0,104.25,1.0,104.25
2025-10-15 00:00:00,4.68,5.29,1.0,104.25,1.0,104.25
2025-10-15 01:00:00,4.75,5.25,1.0,104.25,1.0,104.25
2025-10-15 02:00:00,4.8,5.31,1.0,104.25,1.0,104.25
2025-10-15 03:00:00,4.9,5.45,1.0,104.25,1.0,104.25
2025-10-15 04:00:00,5.0,5.55,1.0,104.25,1.0,104.25
2025-10-15 05:00:00,4.71,5.21,1.0,104.25,1.0,104.25
2025-10-15 06:00:00,4.36,4.81,1.0,104.25,1.0,104.25
2025-10-15 07:00:00,3.67,4.12,1.0,104.25,1.0,104.25
2025-10-15 08:00:00,3.36,3.72,1.0,104.25,1.0,104.25
2025-10-15 09:00:00,3.56,3.87,1.0,104.25,1.0,104.25
2025-10-15 10:00:00,4.3,4.61,1.0,104.25,1.0,104.25
2025-10-15 11:00:00,4.0,4.46,1.0,104.25,1.0,104.25
2025-10-15 12:00:00,3.59,4.0,1.0,104.25,1.0,104.25
2025-10-15 13:00:00,3.61,4.03,1.0,104.25,1.0,104.25
2025-10-15 14:00:00,3.67,4.07,1.0,104.25,1.0,104.25
2025-10-15 15:00:00,3.77,4.15,1.0,104.25,1.0,104.25
2025-10-15 16:00:00,4.01,4.41,1.0,104.25,1.0,104.25
2025-10-15 17:00:00,4.19,4.66,1.0,104.25,1.0,104.25
2025-10-15 18:00:00,3.67,4.03,1.0,104.25,1.0,104.25
2025-10-15 19:00:00,3.72,4.11,1.0,104.25,1.0,104.25
2025-10-15 20:00:00,3.42,3.74,1.0,104.25,1.0,104.25
2025-10-15 21:00:00,2.87,3.16,1.0,104.25,1.0,104.25
2025-10-15 22:00:00,3.22,3.56,1.0,104.25,1.0,104.25
2025-10-15 23:00:00,2.79,3.07,1.0,104.25,1.0,104.25
2025-10-16 00:00:00,2.69,2.9,1.0,104.25,1.0,104.25
2025-10-16 01:00:00,3.1,3.3,1.0,104.25,1.0,104.25
2025-10-16 02:00:00,3.2,3.39,1.0,104.25,1.0,104.25
2025-10-16 03:00:00,2.62,2.73,1.0,104.25,1.0,104.25
2025-10-16 04:00:00,2.43,2.57,1.0,104.25,1.0,104.25
2025-10-16 05:00:00,2.0,2.06,1.0,104.25,1.0,104.25
2025-10-16 06:00:00,1.06,1.08,1.0,104.25,1.0,104.25
2025-10-16 07:00:00,0.68,0.62,1.0,104.25,1.0,104.25
2025-10-16 08:00:00,1.05,1.07,1.0,104.25,1.0,104.25
2025-10-16 09:00:00,2.83,2.98,1.0,104.25,1.0,104.25
2025-10-16 10:00:00,0.96,1.01,1.0,104.25,1.0,104.25
2025-10-16 11:00:00,2.17,2.26,1.0,104.25,1.0,104.25
2025-10-16 12:00:00,2.55,2.73,1.0,104.25,1.0,104.25
2025-10-16 13:00:00,2.63,2.82,1.0,104.25,1.0,104.25
2025-10-16 14:00:00,3.11,3.4,1.0,104.25,1.0,104.25
2025-10-16 15:00:00,2.33,2.57,1.0,104.25,1.0,104.25
2025-10-16 16:00:00,1.98,2.14,1.0,104.25,1.0,104.25
2025-10-16 17:00:00,1.91,2.04,1.0,104.25,1.0,104.25
2025-10-16 18:00:00,1.5,1.63,1.0,104.25,1.0,104.25
2025-10-16 19:00:00,1.5,1.61,1.0,104.25,1.0,104.25
2025-10-16 20:00:00,0.92,1.01,1.0,104.25,1.0,104.25
2025-10-16 21:00:00,0.57,0.66,1.0,104.25,1.0,104.25
2025-10-16 22:00:00,1.4,1.4,1.0,104.25,1.0,104.25
2025-10-16 23:00:00,0.85,0.89,1.0,104.25,1.0,104.25
2025-10-17 00:00:00,0.63,0.65,1.0,104.25,1.0,104.25
2025-10-17 01:00:00,0.87,0.89,1.0,104.25,1.0,104.25
2025-10-17 02:00:00,1.91,1.91,1.0,104.25,1.0,104.25
2025-10-17 03:00:00,2.62,2.67,1.0,104.25,1.0,104.25
2025-10-17 04:00:00,2.55,2.62,1.0,104.25,1.0,104.25
2025-10-17 05:00:00,2.04,2.04,1.0,104.25,1.0,104.25
2025-10-17 06:00:00,1.63,1.64,1.0,104.25,1.0,104.25
2025-10-17 07:00:00,1.14,1.14,1.0,104.25,1.0,104.25
2025-10-17 08:00:00,1.65,1.65,1.0,104.25,1.0,104.25
2025-10-17 09:00:00,2.0,2.05,1.0,104.25,1.0,104.25
2025-10-17 10:00:00,1.74,1.84,1.0,104.25,1.0,104.25
2025-10-17 11:00:00,1.74,1.72,1.0,104.25,1.0,104.25
2025-10-17 12:00:00,2.2,2.17,1.0,104.25,1.0,104.25
2025-10-17 13:00:00,2.62,2.69,1.0,104.25,1.0,104.25
2025-10-17 14:00:00,1.9,2.04,1.0,104.25,1.0,104.25
2025-10-17 15:00:00,1.03,1.07,1.0,104.25,1.0,104.25
2025-10-17 16:00:00,0.79,0.79,1.0,104.25,1.0,104.25
2025-10-17 17:00:00,0.55,0.51,1.0,104.25,1.0,104.25
2025-10-17 18:00:00,0.1,0.1,1.0,104.25,1.0,104.25
2025-10-17 19:00:00,0.87,0.87,1.0,104.25,1.0,104.25
2025-10-17 20:00:00,2.55,2.55,1.0,104.25,1.0,104.25
2025-10-17 21:00:00,2.7,2.75,1.0,104.25,1.0,104.25
2025-10-17 22:00:00,4.01,4.4,1.0,104.25,1.0,104.25
2025-10-17 23:00:00,4.39,4.73,1.0,104.25,1.0,104.25
2025-10-18 00:00:00,4.25,4.55,1.0,104.25,1.0,104.25
2025-10-18 01:00:00,4.07,4.32,1.0,104.25,1.0,104.25
2025-10-18 02:00:00,3.31,3.53,1.0,104.25,1.0,104.25
2025-10-18 03:00:00,3.21,3.37,1.0,104.25,1.0,104.25
2025-10-18 04:00:00,2.8,2.92,1.0,104.25,1.0,104.25
2025-10-18 05:00:00,3.58,3.72,1.0,104.25,1.0,104.25
2025-10-18 06:00:00,3.85,3.96,1.0,104.25,1.0,104.25
2025-10-18 07:00:00,3.24,3.38,1.0,104.25,1.0,104.25
2025-10-18 08:00:00,2.58,2.65,1.0,104.25,1.0,104.25
2025-10-18 09:00:00,2.2,2.27,1.0,104.25,1.0,104.25
2025-10-18 10:00:00,3.21,3.36,1.0,104.25,1.0,104.25
2025-10-18 11:00:00,2.88,3.1,1.0,104.25,1.0,104.25
2025-10-18 12:00:00,2.91,3.08,1.0,104.25,1.0,104.25
2025-10-18 13:00:00,3.16,3.44,1.0,104.25,1.0,104.25
2025-10-18 14:00:00,2.89,3.15,1.0,104.25,1.0,104.25
2025-10-18 15:00:00,2.65,2.85,1.0,104.25,1.0,104.25
2025-10-18 16:00:00,3.05,3.25,1.0,104.25,1.0,104.25
2025-10-18 17:00:00,3.35,3.58,1.0,104.25,1.0,104.25
2025-10-18 18:00:00,3.79,4.12,1.0,104.25,1.0,104.25
2025-10-18 19:00:00,3.51,3.83,1.0,104.25,1.0,104.25
2025-10-18 20:00:00,3.49,3.77,1.0,104.25,1.0,104.25
2025-10-18 21:00:00,2.65,2.93,1.0,104.25,1.0,104.25
2025-10-18 22:00:00,3.52,3.7,1.0,104.25,1.0,104.25
2025-10-18 23:00:00,5.36,5.85,1.0,104.25,1.0,104.25
2025-10-19 00:00:00,6.12,6.84,1.0,104.25,1.0,104.25
2025-10-19 01:00:00,5.4,6.02,1.0,104.25,1.0,104.25
2025-10-19 02:00:00,4.5,4.94,1.0,104.25,1.0,104.25
2025-10-19 03:00:00,3.78,4.09,1.0,104.25,1.0,104.25
2025-10-19 04:00:00,3.0,3.21,1.0,104.25,1.0,104.25
2025-10-19 05:00:00,3.67,3.86,1.0,104.25,1.0,104.25
2025-10-19 06:00:00,4.1,4.4,1.0,104.25,1.0,104.25
2025-10-19 07:00:00,4.13,4.44,1.0,104.25,1.0,104.25
2025-10-19 08:00:00,3.45,3.65,1.0,104.25,1.0,104.25
2025-10-19 09:00:00,3.2,3.29,1.0,104.25,1.0,104.25
2025-10-19 10:00:00,3.62,3.93,1.0,104.25,1.0,104.25
2025-10-19 11:00:00,2.98,3.24,1.0,104.25,1.0,104.25
2025-10-19 12:00:00,2.5,2.69,1.0,104.25,1.0,104.25
2025-10-19 13:00:00,2.26,2.38,1.0,104.25,1.0,104.25
2025-10-19 14:00:00,2.01,2.09,1.0,104.25,1.0,104.25
2025-10-19 15:00:00,2.03,2.1,1.0,104.25,1.0,104.25
2025-10-19 16:00:00,1.97,2.08,1.0,104.25,1.0,104.25
2025-10-19 17:00:00,1.82,1.94,1.0,104.25,1.0,104.25
2025-10-19 18:00:00,1.82,1.93,1.0,104.25,1.0,104.25
2025-10-19 19:00:00,2.85,2.95,1.0,104.25,1.0,104.25
2025-10-19 20:00:00,3.06,3.26,1.0,104.25,1.0,104.25
2025-10-19 21:00:00,3.47,3.78,1.0,104.25,1.0,104.25
2025-10-19 22:00:00,4.75,5.32,1.0,104.25,1.0,104.25
2025-10-19 23:00:00,5.14,5.69,1.0,104.25,1.0,104.25
2025-10-20 00:00:00,5.46,6.07,1.0,104.25,1.0,104.25
2025-10-20 01:00:00,5.43,5.98,1.0,104.25,1.0,104.25
2025-10-20 02:00:00,5.45,6.0,1.0,104.25,1.0,104.25
2025-10-20 03:00:00,5.76,6.35,1.0,104.25,1.0,104.25
2025-10-20 04:00:00,6.13,6.79,1.0,104.25,1.0,104.25
2025-10-20 05:00:00,6.25,6.91,1.0,104.25,1.0,104.25
2025-10-20 06:00:00,6.36,7.07,1.0,104.25,1.0,104.25
2025-10-20 07:00:00,6.06,6.65,1.0,104.25,1.0,104.25
2025-10-20 08:00:00,5.42,5.92,1.0,104.25,1.0,104.25
2025-10-20 09:00:00,5.74,6.3,1.0,104.25,1.0,104.25
2025-10-20 10:00:00,3.95,4.55,1.0,104.25,1.0,104.25
2025-10-20 11:00:00,4.76,5.38,1.0,104.25,1.0,104.25
2025-10-20 12:00:00,5.8,6.45,1.0,104.25,1.0,104.25
2025-10-20 13:00:00,5.75,6.35,1.0,104.25,1.0,104.25
2025-10-20 14:00:00,6.25,6.9,1.0,104.25,1.0,104.25
2025-10-20 15:00:00,5.96,6.61,1.0,104.25,1.0,104.25
2025-10-20 16:00:00,6.48,7.24,1.0,104.25,1.0,104.25
2025-10-20 17:00:00,7.56,8.54,1.0,104.25,1.0,104.25
2025-10-20 18:00:00,7.83,8.98,1.0,104.25,1.0,104.25
2025-10-20 19:00:00,6.85,7.81,1.0,104.25,1.0,104.25
2025-10-20 20:00:00,6.72,7.53,1.0,104.25,1.0,104.25
2025-10-20 21:00:00,6.31,6.98,1.0,104.25,1.0,104.25
2025-10-20 22:00:00,6.55,7.49,1.0,104.25,1.0,104.25
2025-10-20 23:00:00,5.25,5.95,1.0,104.25,1.0,104.25
2025-10-21 00:00:00,4.49,4.97,1.0,104.25,1.0,104.25
2025-10-21 01:00:00,3.59,3.88,1.0,104.25,1.0,104.25
2025-10-21 02:00:00,2.55,2.75,1.0,104.25,1.0,104.25
2025-10-21 03:00:00,2.37,2.57,1.0,104.25,1.0,104.25
2025-10-21 04:00:00,2.72,2.91,1.0,104.25,1.0,104.25
2025-10-21 05:00:00,2.85,3.04,1.0,104.25,1.0,104.25
2025-10-21 06:00:00,2.82,3.03,1.0,104.25,1.0,104.25
2025-10-21 07:00:00,2.4,2.55,1.0,104.25,1.0,104.25
2025-10-21 08:00:00,1.85,2.0,1.0,104.25,1.0,104.25
2025-10-21 09:00:00,2.27,2.36,1.0,104.25,1.0,104.25
2025-10-21 10:00:00,2.48,2.75,1.0,104.25,1.0,104.25
2025-10-21 11:00:00,1.52,1.74,1.0,104.25,1.0,104.25
2025-10-21 12:00:00,1.08,1.26,1.0,104.25,1.0,104.25
2025-10-21 13:00:00,0.91,1.0,1.0,104.25,1.0,104.25
2025-10-21 14:00:00,1.48,1.58,1.0,104.25,1.0,104.25
2025-10-21 15:00:00,1.29,1.38,1.0,104.25,1.0,104.25
2025-10-21 16:00:00,1.21,1.3,1.0,104.25,1.0,104.25
2025-10-21 17:00:00,0.96,1.02,1.0,104.25,1.0,104.25
2025-10-21 18:00:00,1.85,1.88,1.0,104.25,1.0,104.25
2025-10-21 19:00:00,3.45,3.74,1.0,104.25,1.0,104.25
2025-10-21 20:00:00,5.04,5.62,1.0,104.25,1.0,104.25
2025-10-21 21:00:00,5.28,5.93,1.0,104.25,1.0,104.25
2025-10-21 22:00:00,7.94,9.3,1.0,104.25,1.0,104.25
2025-10-21 23:00:00,6.94,8.08,1.0,104.25,1.0,104.25
2025-10-22 00:00:00,6.2,7.18,1.0,104.25,1.0,104.25
2025-10-22 01:00:00,6.03,6.81,1.0,104.25,1.0,104.25
2025-10-22 02:00:00,6.6,7.4,1.0,104.25,1.0,104.25
2025-10-22 03:00:00,7.54,8.5,1.0,104.25,1.0,104.25
2025-10-22 04:00:00,7.55,8.65,1.0,104.25,1.0,104.25
2025-10-22 05:00:00,7.58,8.57,1.0,104.25,1.0,104.25
2025-10-22 06:00:00,8.2,9.39,1.0,104.25,1.0,104.25
2025-10-22 07:00:00,8.75,10.09,1.0,104.25,1.0,104.25
2025-10-22 08:00:00,8.35,9.66,1.0,104.25,1.0,104.25
2025-10-22 09:00:00,9.91,11.56,1.0,104.25,1.0,104.25
2025-10-22 10:00:00,7.62,8.86,1.0,104.25,1.0,104.25
2025-10-22 11:00:00,7.24,8.4,1.0,104.25,1.0,104.25
2025-10-22 12:00:00,6.77,7.82,1.0,104.25,1.0,104.25
2025-10-22 13:00:00,6.84,7.92,1.0,104.25,1.0,104.25
2025-10-22 14:00:00,6.81,7.85,1.0,104.25,1.0,104.25
2025-10-22 15:00:00,6.35,7.34,1.0,104.25,1.0,104.25
2025-10-22 16:00:00,6.06,6.93,1.0,104.25,1.0,104.25
2025-10-22 17:00:00,5.78,6.52,1.0,104.25,1.0,104.25
2025-10-22 18:00:00,5.65,6.36,1.0,104.25,1.0,104.25
2025-10-22 19:00:00,5.93,6.68,1.0,104.25,1.0,104.25
2025-10-22 20:00:00,6.97,7.87,1.0,104.25,1.0,104.25
2025-10-22 21:00:00,7.75,8.85,1.0,104.25,1.0,104.25
2025-10-22 22:00:00,7.2,8.25,1.0,104.25,1.0,104.25
2025-10-22 23:00:00,6.81,7.77,1.0,104.25,1.0,104.25
2025-10-23 00:00:00,6.22,7.12,1.0,104.25,1.0,104.25
2025-10-23 01:00:00,4.98,5.6,1.0,104.25,1.0,104.25
2025-10-23 02:00:00,4.08,4.49,1.0,104.25,1.0,104.25
2025-10-23 03:00:00,3.97,4.27,1.0,104.25,1.0,104.25
2025-10-23 04:00:00,4.46,4.81,1.0,104.25,1.0,104.25
2025-10-23 05:00:00,4.72,5.05,1.0,104.25,1.0,104.25
2025-10-23 06:00:00,4.44,4.81,1.0,104.25,1.0,104.25
2025-10-23 07:00:00,4.44,4.8,1.0,104.25,1.0,104.25
2025-10-23 08:00:00,4.45,4.85,1.0,104.25,1.0,104.25
2025-10-23 09:00:00,4.23,4.61,1.0,104.25,1.0,104.25
2025-10-23 10:00:00,4.08,4.73,1.0,104.25,1.0,104.25
2025-10-23 11:00:00,4.45,5.31,1.0,104.25,1.0,104.25
2025-10-23 12:00:00,4.55,5.45,1.0,104.25,1.0,104.25
2025-10-23 13:00:00,4.6,5.56,1.0,104.25,1.0,104.25
2025-10-23 14:00:00,4.32,5.28,1.0,104.25,1.0,104.25
2025-10-23 15:00:00,5.0,5.92,1.0,104.25,1.0,104.25
2025-10-23 16:00:00,5.85,6.77,1.0,104.25,1.0,104.25
2025-10-23 17:00:00,6.02,6.9,1.0,104.25,1.0,104.25
2025-10-23 18:00:00,6.58,7.61,1.0,104.25,1.0,104.25
2025-10-23 19:00:00,7.34,8.48,1.0,104.25,1.0,104.25
2025-10-23 20:00:00,7.94,9.18,1.0,104.25,1.0,104.25
2025-10-23 21:00:00,8.6,9.96,1.0,104.25,1.0,104.25
2025-10-23 22:00:00,8.41,9.79,1.0,104.25,1.0,104.25
2025-10-23 23:00:00,7.99,9.19,1.0,104.25,1.0,104.25
2025-10-24 00:00:00,7.0,7.98,1.0,104.25,1.0,104.25
2025-10-24 01:00:00,6.29,7.1,1.0,104.25,1.0,104.25
2025-10-24 02:00:00,5.79,6.56,1.0,104.25,1.0,104.25
2025-10-24 03:00:00,5.56,6.22,1.0,104.25,1.0,104.25
2025-10-24 04:00:00,5.5,6.1,1.0,104.25,1.0,104.25
2025-10-24 05:00:00,5.91,6.56,1.0,104.25,1.0,104.25
2025-10-24 06:00:00,6.15,6.8,1.0,104.25,1.0,104.25
2025-10-24 07:00:00,6.4,7.15,1.0,104.25,1.0,104.25
2025-10-24 08:00:00,6.4,7.2,1.0,104.25,1.0,104.25
2025-10-24 09:00:00,6.87,7.77,1.0,104.25,1.0,104.25
2025-10-24 10:00:00,3.3,3.91,1.0,104.25,1.0,104.25
2025-10-24 11:00:00,3.37,3.86,1.0,104.25,1.0,104.25
2025-10-24 12:00:00,3.52,3.73,1.0,104.25,1.0,104.25
2025-10-24 13:00:00,5.58,6.02,1.0,104.25,1.0,104.25
2025-10-24 14:00:00,6.83,7.73,1.0,104.25,1.0,104.25
2025-10-24 15:00:00,7.36,8.42,1.0,104.25,1.0,104.25
2025-10-24 16:00:00,8.55,10.05,1.0,104.25,1.0,104.25
2025-10-24 17:00:00,10.58,12.73,1.0,104.25,1.0,104.25
2025-10-24 18:00:00,10.44,12.64,1.0,104.25,1.0,104.25
2025-10-24 19:00:00,8.06,9.56,1.0,104.25,1.0,104.25
2025-10-24 20:00:00,5.37,6.0,1.0,104.25,1.0,104.25
2025-10-24 21:00:00,3.76,4.04,1.0,104.25,1.0,104.25
2025-10-24 22:00:00,1.03,1.82,1.0,104.25,1.0,104.25
2025-10-24 23:00:00,3.51,3.88,1.0,104.25,1.0,104.25
2025-10-25 00:00:00,5.27,5.79,1.0,104.25,1.0,104.25
2025-10-25 01:00:00,4.76,5.29,1.0,104.25,1.0,104.25
2025-10-25 02:00:00,4.29,4.65,1.0,104.25,1.0,104.25
2025-10-25 03:00:00,4.26,4.65,1.0,104.25,1.0,104.25
2025-10-25 04:00:00,4.84,5.23,1.0,104.25,1.0,104.25
2025-10-25 05:00:00,4.99,5.45,1.0,104.25,1.0,104.25
2025-10-25 06:00:00,4.56,4.99,1.0,104.25,1.0,104.25
2025-10-25 07:00:00,3.65,3.94,1.0,104.25,1.0,104.25
2025-10-25 08:00:00,3.33,3.62,1.0,104.25,1.0,104.25
2025-10-25 09:00:00,3.15,3.43,1.0,104.25,1.0,104.25
2025-10-25 10:00:00,1.17,1.38,1.0,104.25,1.0,104.25
2025-10-25 11:00:00,0.71,0.81,1.0,104.25,1.0,104.25
2025-10-25 12:00:00,0.56,0.65,1.0,104.25,1.0,104.25
2025-10-25 13:00:00,0.4,0.5,1.0,104.25,1.0,104.25
2025-10-25 14:00:00,0.32,0.25,1.0,104.25,1.0,104.25
2025-10-25 15:00:00,0.45,0.32,1.0,104.25,1.0,104.25
2025-10-25 16:00:00,0.36,0.36,1.0,104.25,1.0,104.25
2025-10-25 17:00:00,0.5,0.51,1.0,104.25,1.0,104.25
2025-10-25 18:00:00,0.76,0.8,1.0,104.25,1.0,104.25
2025-10-25 19:00:00,0.85,0.96,1.0,104.25,1.0,104.25
2025-10-25 20:00:00,1.3,1.43,1.0,104.25,1.0,104.25
2025-10-25 21:00:00,1.62,1.73,1.0,104.25,1.0,104.25
2025-10-25 22:00:00,1.49,1.56,1.0,104.25,1.0,104.25
2025-10-25 23:00:00,1.81,1.95,1.0,104.25,1.0,104.25
2025-10-26 00:00:00,2.18,2.38,1.0,104.25,1.0,104.25
2025-10-26 01:00:00,2.3,2.46,1.0,104.25,1.0,104.25
2025-10-26 02:00:00,2.12,2.32,1.0,104.25,1.0,104.25
2025-10-26 03:00:00,1.26,1.41,1.0,104.25,1.0,104.25
2025-10-26 04:00:00,1.14,1.2,1.0,104.25,1.0,104.25
2025-10-26 05:00:00,1.75,1.79,1.0,104.25,1.0,104.25
2025-10-26 06:00:00,2.27,2.35,1.0,104.25,1.0,104.25
2025-10-26 07:00:00,2.17,2.28,1.0,104.25,1.0,104.25
2025-10-26 08:00:00,1.74,1.81,1.0,104.25,1.0,104.25
2025-10-26 09:00:00,1.63,1.7,1.0,104.25,1.0,104.25
2025-10-26 10:00:00,1.74,1.9,1.0,104.25,1.0,104.25
2025-10-26 11:00:00,1.1,1.29,1.0,104.25,1.0,104.25
2025-10-26 12:00:00,0.65,0.76,1.0,104.25,1.0,104.25
2025-10-26 13:00:00,0.28,0.25,1.0,104.25,1.0,104.25
2025-10-26 14:00:00,1.72,1.78,1.0,104.25,1.0,104.25
2025-10-26 15:00:00,2.62,3.25,1.0,104.25,1.0,104.25
2025-10-26 16:00:00,3.12,3.76,1.0,104.25,1.0,104.25
2025-10-26 17:00:00,3.64,4.14,1.0,104.25,1.0,104.25
2025-10-26 18:00:00,3.89,4.39,1.0,104.25,1.0,104.25
2025-10-26 19:00:00,4.19,4.68,1.0,104.25,1.0,104.25
2025-10-26 20:00:00,4.05,4.54,1.0,104.25,1.0,104.25
2025-10-26 21:00:00,3.61,4.07,1.0,104.25,1.0,104.25
2025-10-26 22:00:00,2.73,3.03,1.0,104.25,1.0,104.25
2025-10-26 23:00:00,2.28,2.51,1.0,104.25,1.0,104.25
2025-10-27 00:00:00,1.95,2.12,1.0,104.25,1.0,104.25
2025-10-27 01:00:00,1.83,1.93,1.0,104.25,1.0,104.25
2025-10-27 02:00:00,2.22,2.4,1.0,104.25,1.0,104.25
2025-10-27 03:00:00,3.02,3.27,1.0,104.25,1.0,104.25
2025-10-27 04:00:00,3.45,3.75,1.0,104.25,1.0,104.25
2025-10-27 05:00:00,3.56,3.86,1.0,104.25,1.0,104.25
2025-10-27 06:00:00,3.96,4.31,1.0,104.25,1.0,104.25
2025-10-27 07:00:00,4.2,4.6,1.0,104.25,1.0,104.25
2025-10-27 08:00:00,4.1,4.5,1.0,104.25,1.0,104.25
2025-10-27 09:00:00,3.85,4.25,1.0,104.25,1.0,104.25
2025-10-27 10:00:00,3.57,3.99,1.0,104.25,1.0,104.25
2025-10-27 11:00:00,2.64,3.02,1.0,104.25,1.0,104.25
2025-10-27 12:00:00,1.39,1.61,1.0,104.25,1.0,104.25
2025-10-27 13:00:00,0.81,0.98,1.0,104.25,1.0,104.25
2025-10-27 14:00:00,0.5,0.65,1.0,104.25,1.0,104.25
2025-10-27 15:00:00,0.85,0.93,1.0,104.25,1.0,104.25
2025-10-27 16:00:00,0.89,0.96,1.0,104.25,1.0,104.25
2025-10-27 17:00:00,0.64,0.75,1.0,104.25,1.0,104.25
2025-10-27 18:00:00,0.42,0.57,1.0,104.25,1.0,104.25
2025-10-27 19:00:00,0.4,0.57,1.0,104.25,1.0,104.25
2025-10-27 20:00:00,0.67,0.81,1.0,104.25,1.0,104.25
2025-10-27 21:00:00,0.9,1.0,1.0,104.25,1.0,104.25
2025-10-27 22:00:00,0.38,0.36,1.0,104.25,1.0,104.25
2025-10-27 23:00:00,1.36,1.46,1.0,104.25,1.0,104.25
2025-10-28 00:00:00,1.9,2.04,1.0,104.25,1.0,104.25
2025-10-28 01:00:00,1.9,2.02,1.0,104.25,1.0,104.25
2025-10-28 02:00:00,2.58,2.69,1.0,104.25,1.0,104.25
2025-10-28 03:00:00,2.79,2.93,1.0,104.25,1.0,104.25
2025-10-28 04:00:00,2.89,3.02,1.0,104.25,1.0,104.25
2025-10-28 05:00:00,3.44,3.54,1.0,104.25,1.0,104.25
2025-10-28 06:00:00,3.72,3.92,1.0,104.25,1.0,104.25
2025-10-28 07:00:00,3.47,3.7,1.0,104.25,1.0,104.25
2025-10-28 08:00:00,3.11,3.31,1.0,104.25,1.0,104.25
2025-10-28 09:00:00,2.65,2.8,1.0,104.25,1.0,104.25
2025-10-28 10:00:00,1.93,2.31,1.0,104.25,1.0,104.25
2025-10-28 11:00:00,0.94,1.37,1.0,104.25,1.0,104.25
2025-10-28 12:00:00,0.15,0.61,1.0,104.25,1.0,104.25
2025-10-28 13:00:00,0.55,0.11,1.0,104.25,1.0,104.25
2025-10-28 14:00:00,1.35,1.1,1.0,104.25,1.0,104.25
2025-10-28 15:00:00,1.52,1.57,1.0,104.25,1.0,104.25
2025-10-28 16:00:00,2.1,2.28,1.0,104.25,1.0,104.25
2025-10-28 17:00:00,3.05,3.3,1.0,104.25,1.0,104.25
2025-10-28 18:00:00,2.66,2.86,1.0,104.25,1.0,104.25
2025-10-28 19:00:00,2.85,3.1,1.0,104.25,1.0,104.25
2025-10-28 20:00:00,3.19,3.48,1.0,104.25,1.0,104.25
2025-10-28 21:00:00,4.89,5.38,1.0,104.25,1.0,104.25
2025-10-28 22:00:00,4.47,4.8,1.0,104.25,1.0,104.25
2025-10-28 23:00:00,4.1,4.45,1.0,104.25,1.0,104.25
2025-10-29 00:00:00,3.15,3.4,1.0,104.25,1.0,104.25
2025-10-29 01:00:00,2.22,2.43,1.0,104.25,1.0,104.25
2025-10-29 02:00:00,1.67,1.81,1.0,104.25,1.0,104.25
2025-10-29 03:00:00,2.0,2.17,1.0,104.25,1.0,104.25
2025-10-29 04:00:00,2.5,2.64,1.0,104.25,1.0,104.25
2025-10-29 05:00:00,3.29,3.52,1.0,104.25,1.0,104.25
2025-10-29 06:00:00,3.72,3.96,1.0,104.25,1.0,104.25
2025-10-29 07:00:00,4.18,4.54,1.0,104.25,1.0,104.25
2025-10-29 08:00:00,3.7,4.0,1.0,104.25,1.0,104.25
2025-10-29 09:00:00,3.54,3.86,1.0,104.25,1.0,104.25
2025-10-29 10:00:00,2.37,2.55,1.0,104.25,1.0,104.25
2025-10-29 11:00:00,2.25,2.41,1.0,104.25,1.0,104.25
2025-10-29 12:00:00,1.96,2.14,1.0,104.25,1.0,104.25
2025-10-29 13:00:00,1.85,1.95,1.0,104.25,1.0,104.25
2025-10-29 14:00:00,1.54,1.63,1.0,104.25,1.0,104.25
2025-10-29 15:00:00,1.66,1.76,1.0,104.25,1.0,104.25
2025-10-29 16:00:00,2.0,2.14,1.0,104.25,1.0,104.25
2025-10-29 17:00:00,2.1,2.19,1.0,104.25,1.0,104.25
2025-10-29 18:00:00,1.95,2.08,1.0,104.25,1.0,104.25
2025-10-29 19:00:00,2.01,2.15,1.0,104.25,1.0,104.25
2025-10-29 20:00:00,2.17,2.3,1.0,104.25,1.0,104.25
2025-10-29 21:00:00,2.37,2.57,1.0,104.25,1.0,104.25
2025-10-29 22:00:00,1.45,1.48,1.0,104.25,1.0,104.25
2025-10-29 23:00:00,1.53,1.59,1.0,104.25,1.0,104.25
2025-10-30 00:00:00,1.49,1.56,1.0,104.25,1.0,104.25
2025-10-30 01:00:00,1.59,1.63,1.0,104.25,1.0,104.25
2025-10-30 02:00:00,1.49,1.6,1.0,104.25,1.0,104.25
2025-10-30 03:00:00,1.54,1.64,1.0,104.25,1.0,104.25
2025-10-30 04:00:00,2.1,2.2,1.0,104.25,1.0,104.25
2025-10-30 05:00:00,2.53,2.69,1.0,104.25,1.0,104.25
2025-10-30 06:00:00,2.47,2.58,1.0,104.25,1.0,104.25
2025-10-30 07:00:00,2.34,2.41,1.0,104.25,1.0,104.25
2025-10-30 08:00:00,2.05,2.16,1.0,104.25,1.0,104.25
2025-10-30 09:00:00,2.02,2.11,1.0,104.25,1.0,104.25
2025-10-30 10:00:00,1.54,1.66,1.0,104.25,1.0,104.25
2025-10-30 11:00:00,1.65,1.75,1.0,104.25,1.0,104.25
2025-10-30 12:00:00,1.95,2.1,1.0,104.25,1.0,104.25
2025-10-30 13:00:00,2.69,3.01,1.0,104.25,1.0,104.25
2025-10-30 14:00:00,3.6,4.05,1.0,104.25,1.0,104.25
2025-10-30 15:00:00,4.02,4.55,1.0,104.25,1.0,104.25
2025-10-30 16:00:00,4.12,4.65,1.0,104.25,1.0,104.25
2025-10-30 17:00:00,4.19,4.69,1.0,104.25,1.0,104.25
2025-10-30 18:00:00,3.84,4.3,1.0,104.25,1.0,104.25
2025-10-30 19:00:00,3.42,3.76,1.0,104.25,1.0,104.25
2025-10-30 20:00:00,3.18,3.49,1.0,104.25,1.0,104.25
2025-10-30 21:00:00,3.0,3.36,1.0,104.25,1.0,104.25
2025-10-30 22:00:00,4.18,4.76,1.0,104.25,1.0,104.25
2025-10-30 23:00:00,4.16,4.81,1.0,104.25,1.0,104.25
2025-10-31 00:00:00,2.9,3.33,1.0,104.25,1.0,104.25
2025-10-31 01:00:00,2.11,2.34,1.0,104.25,1.0,104.25
2025-10-31 02:00:00,2.17,2.41,1.0,104.25,1.0,104.25
2025-10-31 03:00:00,1.92,2.09,1.0,104.25,1.0,104.25
2025-10-31 04:00:00,1.91,2.05,1.0,104.25,1.0,104.25
2025-10-31 05:00:00,2.14,2.26,1.0,104.25,1.0,104.25
2025-10-31 06:00:00,2.32,2.46,1.0,104.25,1.0,104.25
2025-10-31 07:00:00,2.69,2.85,1.0,104.25,1.0,104.25
2025-10-31 08:00:00,3.45,3.67,1.0,104.25,1.0,104.25
2025-10-31 09:00:00,3.91,4.25,1.0,104.25,1.0,104.25
2025-10-31 10:00:00,3.04,3.23,1.0,104.25,1.0,104.25
2025-10-31 11:00:00,3.6,3.98,1.0,104.25,1.0,104.25
2025-10-31 12:00:00,3.77,4.09,1.0,104.25,1.0,104.25
2025-10-31 13:00:00,3.86,4.25,1.0,104.25,1.0,104.25
2025-10-31 14:00:00,3.79,4.14,1.0,104.25,1.0,104.25
2025-10-31 15:00:00,3.47,3.78,1.0,104.25,1.0,104.25
2025-10-31 16:00:00,3.3,3.62,1.0,104.25,1.0,104.25
2025-10-31 17:00:00,3.18,3.46,1.0,104.25,1.0,104.25
2025-10-31 18:00:00,3.08,3.33,1.0,104.25,1.0,104.25
2025-10-31 19:00:00,3.2,3.48,1.0,104.25,1.0,104.25
2025-10-31 20:00:00,3.29,3.64,1.0,104.25,1.0,104.25
2025-10-31 21:00:00,3.29,3.61,1.0,104.25,1.0,104.25
2025-10-31 22:00:00,3.16,3.48,1.0,104.25,1.0,104.25
2025-10-31 23:00:00,3.67,4.04,1.0,104.25,1.0,104.25
2025-11-01 00:00:00,4.11,4.51,1.0,104.25,1.0,104.25
2025-11-01 01:00:00,3.82,4.13,1.0,104.25,1.0,104.25
2025-11-01 02:00:00,3.23,3.52,1.0,104.25,1.0,104.25
2025-11-01 03:00:00,2.86,3.08,1.0,104.25,1.0,104.25
2025-11-01 04:00:00,2.69,2.9,1.0,104.25,1.0,104.25
2025-11-01 05:00:00,2.83,3.04,1.0,104.25,1.0,104.25
2025-11-01 06:00:00,3.15,3.36,1.0,104.25,1.0,104.25
2025-11-01 07:00:00,3.02,3.23,1.0,104.25,1.0,104.25
2025-11-01 08:00:00,2.67,2.84,1.0,104.25,1.0,104.25
2025-11-01 09:00:00,3.05,3.19,1.0,104.25,1.0,104.25
2025-11-01 10:00:00,5.49,6.05,1.0,104.25,1.0,104.25
2025-11-01 11:00:00,4.74,5.3,1.0,104.25,1.0,104.25
2025-11-01 12:00:00,3.12,3.61,1.0,104.25,1.0,104.25
2025-11-01 13:00:00,2.97,3.23,1.0,104.25,1.0,104.25
2025-11-01 14:00:00,3.07,3.34,1.0,104.25,1.0,104.25
2025-11-01 15:00:00,2.86,3.13,1.0,104.25,1.0,104.25
2025-11-01 16:00:00,3.22,3.47,1.0,104.25,1.0,104.25
2025-11-01 17:00:00,3.72,4.05,1.0,104.25,1.0,104.25
2025-11-01 18:00:00,3.72,4.0,1.0,104.25,1.0,104.25
2025-11-01 19:00:00,3.48,3.84,1.0,104.25,1.0,104.25
2025-11-01 20:00:00,3.14,3.49,1.0,104.25,1.0,104.25
2025-11-01 21:00:00,2.85,3.17,1.0,104.25,1.0,104.25
2025-11-01 22:00:00,2.56,2.62,1.0,104.25,1.0,104.25
2025-11-01 23:00:00,1.09,1.09,1.0,104.25,1.0,104.25
2025-11-02 00:00:00,1.88,1.91,1.0,104.25,1.0,104.25
2025-11-02 01:00:00,3.1,3.26,1.0,104.25,1.0,104.25
2025-11-02 02:00:00,3.15,3.35,1.0,104.25,1.0,104.25
2025-11-02 03:00:00,3.71,3.96,1.0,104.25,1.0,104.25
2025-11-02 04:00:00,4.07,4.38,1.0,104.25,1.0,104.25
2025-11-02 05:00:00,2.86,3.17,1.0,104.25,1.0,104.25
2025-11-02 06:00:00,1.0,1.02,1.0,104.25,1.0,104.25
2025-11-02 07:00:00,2.21,2.18,1.0,104.25,1.0,104.25
2025-11-02 08:00:00,1.75,1.71,1.0,104.25,1.0,104.25
2025-11-02 09:00:00,1.52,1.5,1.0,104.25,1.0,104.25
2025-11-02 10:00:00,0.34,0.29,1.0,104.25,1.0,104.25
2025-11-02 11:00:00,2.2,2.34,1.0,104.25,1.0,104.25
2025-11-02 12:00:00,1.86,1.94,1.0,104.25,1.0,104.25
2025-11-02 13:00:00,1.56,1.61,1.0,104.25,1.0,104.25
2025-11-02 14:00:00,1.95,2.09,1.0,104.25,1.0,104.25
2025-11-02 15:00:00,1.82,1.93,1.0,104.25,1.0,104.25
2025-11-02 16:00:00,1.14,1.2,1.0,104.25,1.0,104.25
2025-11-02 17:00:00,0.81,0.88,1.0,104.25,1.0,104.25
2025-11-02 18:00:00,1.38,1.5,1.0,104.25,1.0,104.25
2025-11-02 19:00:00,1.05,1.1,1.0,104.25,1.0,104.25
2025-11-02 20:00:00,1.13,1.24,1.0,104.25,1.0,104.25
2025-11-02 21:00:00,2.24,2.38,1.0,104.25,1.0,104.25
2025-11-02 22:00:00,2.29,2.32,1.0,104.25,1.0,104.25
2025-11-02 23:00:00,4.6,4.74,1.0,104.25,1.0,104.25
2025-11-03 00:00:00,6.8,7.46,1.0,104.25,1.0,104.25
2025-11-03 01:00:00,5.57,6.12,1.0,104.25,1.0,104.25
2025-11-03 02:00:00,4.08,4.37,1.0,104.25,1.0,104.25
2025-11-03 03:00:00,3.56,3.81,1.0,104.25,1.0,104.25
2025-11-03 04:00:00,3.0,3.2,1.0,104.25,1.0,104.25
2025-11-03 05:00:00,3.07,3.27,1.0,104.25,1.0,104.25
2025-11-03 06:00:00,3.36,3.56,1.0,104.25,1.0,104.25
2025-11-03 07:00:00,3.4,3.6,1.0,104.25,1.0,104.25
2025-11-03 08:00:00,3.1,3.3,1.0,104.25,1.0,104.25
2025-11-03 09:00:00,2.51,2.72,1.0,104.25,1.0,104.25
2025-11-03 10:00:00,1.85,2.0,1.0,104.25,1.0,104.25
2025-11-03 11:00:00,0.95,1.05,1.0,104.25,1.0,104.25
2025-11-03 12:00:00,1.02,0.98,1.0,104.25,1.0,104.25
2025-11-03 13:00:00,1.68,1.68,1.0,104.25,1.0,104.25
2025-11-03 14:00:00,2.21,2.25,1.0,104.25,1.0,104.25
2025-11-03 15:00:00,2.12,2.21,1.0,104.25,1.0,104.25
2025-11-03 16:00:00,1.66,1.73,1.0,104.25,1.0,104.25
2025-11-03 17:00:00,1.11,1.11,1.0,104.25,1.0,104.25
2025-11-03 18:00:00,0.6,0.61,1.0,104.25,1.0,104.25
2025-11-03 19:00:00,0.81,0.87,1.0,104.25,1.0,104.25
2025-11-03 20:00:00,1.08,1.14,1.0,104.25,1.0,104.25
2025-11-03 21:00:00,1.48,1.54,1.0,104.25,1.0,104.25
2025-11-03 22:00:00,2.4,2.61,1.0,104.25,1.0,104.25
2025-11-03 23:00:00,2.99,3.24,1.0,104.25,1.0,104.25
2025-11-04 00:00:00,1.96,2.06,1.0,104.25,1.0,104.25
2025-11-04 01:00:00,1.55,1.64,1.0,104.25,1.0,104.25
2025-11-04 02:00:00,1.6,1.64,1.0,104.25,1.0,104.25
2025-11-04 03:00:00,2.18,2.29,1.0,104.25,1.0,104.25
2025-11-04 04:00:00,2.62,2.72,1.0,104.25,1.0,104.25
2025-11-04 05:00:00,3.0,3.16,1.0,104.25,1.0,104.25
2025-11-04 06:00:00,2.72,2.86,1.0,104.25,1.0,104.25
2025-11-04 07:00:00,2.59,2.73,1.0,104.25,1.0,104.25
2025-11-04 08:00:00,2.31,2.44,1.0,104.25,1.0,104.25
2025-11-04 09:00:00,3.0,3.21,1.0,104.25,1.0,104.25
2025-11-04 10:00:00,2.39,2.56,1.0,104.25,1.0,104.25
2025-11-04 11:00:00,2.6,2.72,1.0,104.25,1.0,104.25
2025-11-04 12:00:00,3.48,3.74,1.0,104.25,1.0,104.25
2025-11-04 13:00:00,3.74,3.98,1.0,104.25,1.0,104.25
2025-11-04 14:00:00,3.92,4.27,1.0,104.25,1.0,104.25
2025-11-04 15:00:00,4.66,5.05,1.0,104.25,1.0,104.25
2025-11-04 16:00:00,4.37,4.78,1.0,104.25,1.0,104.25
2025-11-04 17:00:00,3.78,4.04,1.0,104.25,1.0,104.25
2025-11-04 18:00:00,3.06,3.19,1.0,104.25,1.0,104.25
2025-11-04 19:00:00,2.39,2.56,1.0,104.25,1.0,104.25
2025-11-04 20:00:00,2.4,2.58,1.0,104.25,1.0,104.25
2025-11-04 21:00:00,2.51,2.55,1.0,104.25,1.0,104.25
2025-11-04 22:00:00,3.38,3.73,1.0,104.25,1.0,104.25
2025-11-04 23:00:00,3.37,3.59,1.0,104.25,1.0,104.25
2025-11-05 00:00:00,3.67,4.0,1.0,104.25,1.0,104.25
2025-11-05 01:00:00,2.82,3.03,1.0,104.25,1.0,104.25
2025-11-05 02:00:00,2.4,2.64,1.0,104.25,1.0,104.25
2025-11-05 03:00:00,2.43,2.7,1.0,104.25,1.0,104.25
2025-11-05 04:00:00,2.75,2.97,1.0,104.25,1.0,104.25
2025-11-05 05:00:00,3.32,3.61,1.0,104.25,1.0,104.25
2025-11-05 06:00:00,3.69,3.97,1.0,104.25,1.0,104.25
2025-11-05 07:00:00,3.19,3.42,1.0,104.25,1.0,104.25
2025-11-05 08:00:00,2.66,2.86,1.0,104.25,1.0,104.25
2025-11-05 09:00:00,2.76,2.89,1.0,104.25,1.0,104.25
2025-11-05 10:00:00,2.82,2.93,1.0,104.25,1.0,104.25
2025-11-05 11:00:00,3.62,3.94,1.0,104.25,1.0,104.25
2025-11-05 12:00:00,3.31,3.67,1.0,104.25,1.0,104.25
2025-11-05 13:00:00,2.88,3.19,1.0,104.25,1.0,104.25
2025-11-05 14:00:00,2.94,3.17,1.0,104.25,1.0,104.25
2025-11-05 15:00:00,2.91,3.17,1.0,104.25,1.0,104.25
2025-11-05 16:00:00,2.51,2.69,1.0,104.25,1.0,104.25
2025-11-05 17:00:00,1.93,2.08,1.0,104.25,1.0,104.25
2025-11-05 18:00:00,2.0,2.15,1.0,104.25,1.0,104.25
2025-11-05 19:00:00,1.96,2.07,1.0,104.25,1.0,104.25
2025-11-05 20:00:00,2.01,2.09,1.0,104.25,1.0,104.25
2025-11-05 21:00:00,2.26,2.34,1.0,104.25,1.0,104.25
2025-11-05 22:00:00,2.53,2.87,1.0,104.25,1.0,104.25
2025-11-05 23:00:00,4.2,4.71,1.0,104.25,1.0,104.25
2025-11-06 00:00:00,3.69,4.14,1.0,104.25,1.0,104.25
2025-11-06 01:00:00,3.8,4.2,1.0,104.25,1.0,104.25
2025-11-06 02:00:00,3.88,4.28,1.0,104.25,1.0,104.25
2025-11-06 03:00:00,3.87,4.23,1.0,104.25,1.0,104.25
2025-11-06 04:00:00,4.21,4.61,1.0,104.25,1.0,104.25
2025-11-06 05:00:00,4.16,4.51,1.0,104.25,1.0,104.25
2025-11-06 06:00:00,3.98,4.34,1.0,104.25,1.0,104.25
2025-11-06 07:00:00,4.01,4.3,1.0,104.25,1.0,104.25
2025-11-06 08:00:00,3.87,4.18,1.0,104.25,1.0,104.25
2025-11-06 09:00:00,3.6,3.89,1.0,104.25,1.0,104.25
2025-11-06 10:00:00,2.1,2.28,1.0,104.25,1.0,104.25
2025-11-06 11:00:00,1.73,1.91,1.0,104.25,1.0,104.25
2025-11-06 12:00:00,1.88,2.06,1.0,104.25,1.0,104.25
2025-11-06 13:00:00,1.47,1.54,1.0,104.25,1.0,104.25
2025-11-06 14:00:00,1.77,1.88,1.0,104.25,1.0,104.25
2025-11-06 15:00:00,2.01,2.14,1.0,104.25,1.0,104.25
2025-11-06 16:00:00,2.44,2.58,1.0,104.25,1.0,104.25
2025-11-06 17:00:00,2.35,2.6,1.0,104.25,1.0,104.25
2025-11-06 18:00:00,1.9,2.11,1.0,104.25,1.0,104.25
2025-11-06 19:00:00,2.1,2.26,1.0,104.25,1.0,104.25
2025-11-06 20:00:00,2.59,2.8,1.0,104.25,1.0,104.25
2025-11-06 21:00:00,3.2,3.51,1.0,104.25,1.0,104.25
2025-11-06 22:00:00,3.94,4.54,1.0,104.25,1.0,104.25
2025-11-06 23:00:00,3.3,3.72,1.0,104.25,1.0,104.25
2025-11-07 00:00:00,2.33,2.55,1.0,104.25,1.0,104.25
2025-11-07 01:00:00,1.75,1.89,1.0,104.25,1.0,104.25
2025-11-07 02:00:00,1.66,1.73,1.0,104.25,1.0,104.25
2025-11-07 03:00:00,1.7,1.75,1.0,104.25,1.0,104.25
2025-11-07 04:00:00,2.65,2.75,1.0,104.25,1.0,104.25
2025-11-07 05:00:00,3.56,3.76,1.0,104.25,1.0,104.25
2025-11-07 06:00:00,4.0,4.25,1.0,104.25,1.0,104.25
2025-11-07 07:00:00,4.1,4.4,1.0,104.25,1.0,104.25
2025-11-07 08:00:00,4.1,4.4,1.0,104.25,1.0,104.25
2025-11-07 09:00:00,3.95,4.25,1.0,104.25,1.0,104.25
2025-11-07 10:00:00,2.79,3.09,1.0,104.25,1.0,104.25
2025-11-07 11:00:00,1.8,1.95,1.0,104.25,1.0,104.25
2025-11-07 12:00:00,0.56,0.69,1.0,104.25,1.0,104.25
2025-11-07 13:00:00,0.46,0.49,1.0,104.25,1.0,104.25
2025-11-07 14:00:00,0.93,0.99,1.0,104.25,1.0,104.25
2025-11-07 15:00:00,1.21,1.2,1.0,104.25,1.0,104.25
2025-11-07 16:00:00,0.94,0.9,1.0,104.25,1.0,104.25
2025-11-07 17:00:00,0.4,0.32,1.0,104.25,1.0,104.25
2025-11-07 18:00:00,0.21,0.18,1.0,104.25,1.0,104.25
2025-11-07 19:00:00,0.3,0.25,1.0,104.25,1.0,104.25
2025-11-07 20:00:00,0.35,0.32,1.0,104.25,1.0,104.25
2025-11-07 21:00:00,0.5,0.53,1.0,104.25,1.0,104.25
2025-11-07 22:00:00,1.63,1.73,1.0,104.25,1.0,104.25
2025-11-07 23:00:00,1.63,1.78,1.0,104.25,1.0,104.25
2025-11-08 00:00:00,1.37,1.5,1.0,104.25,1.0,104.25
2025-11-08 01:00:00,1.41,1.52,1.0,104.25,1.0,104.25
2025-11-08 02:00:00,1.7,1.81,1.0,104.25,1.0,104.25
2025-11-08 03:00:00,1.9,2.01,1.0,104.25,1.0,104.25
2025-11-08 04:00:00,2.19,2.34,1.0,104.25,1.0,104.25
2025-11-08 05:00:00,2.67,2.82,1.0,104.25,1.0,104.25
2025-11-08 06:00:00,3.2,3.39,1.0,104.25,1.0,104.25
2025-11-08 07:00:00,3.66,3.92,1.0,104.25,1.0,104.25
2025-11-08 08:00:00,3.87,4.18,1.0,104.25,1.0,104.25
2025-11-08 09:00:00,3.62,3.94,1.0,104.25,1.0,104.25
2025-11-08 10:00:00,3.52,3.93,1.0,104.25,1.0,104.25
2025-11-08 11:00:00,2.9,3.25,1.0,104.25,1.0,104.25
2025-11-08 12:00:00,2.3,2.57,1.0,104.25,1.0,104.25
2025-11-08 13:00:00,1.67,1.95,1.0,104.25,1.0,104.25
2025-11-08 14:00:00,0.72,0.89,1.0,104.25,1.0,104.25
2025-11-08 15:00:00,0.43,0.4,1.0,104.25,1.0,104.25
2025-11-08 16:00:00,0.62,0.59,1.0,104.25,1.0,104.25
2025-11-08 17:00:00,0.82,0.85,1.0,104.25,1.0,104.25
2025-11-08 18:00:00,1.28,1.32,1.0,104.25,1.0,104.25
2025-11-08 19:00:00,1.98,2.04,1.0,104.25,1.0,104.25
2025-11-08 20:00:00,2.57,2.68,1.0,104.25,1.0,104.25
2025-11-08 21:00:00,1.92,2.04,1.0,104.25,1.0,104.25
2025-11-08 22:00:00,1.2,1.47,1.0,104.25,1.0,104.25
2025-11-08 23:00:00,3.76,4.02,1.0,104.25,1.0,104.25
2025-11-09 00:00:00,4.32,4.68,1.0,104.25,1.0,104.25
2025-11-09 01:00:00,4.01,4.37,1.0,104.25,1.0,104.25
2025-11-09 02:00:00,3.08,3.29,1.0,104.25,1.0,104.25
2025-11-09 03:00:00,2.09,2.23,1.0,104.25,1.0,104.25
2025-11-09 04:00:00,1.5,1.57,1.0,104.25,1.0,104.25
2025-11-09 05:00:00,1.48,1.57,1.0,104.25,1.0,104.25
2025-11-09 06:00:00,1.79,1.88,1.0,104.25,1.0,104.25
2025-11-09 07:00:00,2.06,2.17,1.0,104.25,1.0,104.25
2025-11-09 08:00:00,1.93,2.05,1.0,104.25,1.0,104.25
2025-11-09 09:00:00,2.44,2.61,1.0,104.25,1.0,104.25
2025-11-09 10:00:00,2.23,2.5,1.0,104.25,1.0,104.25
2025-11-09 11:00:00,1.35,1.56,1.0,104.25,1.0,104.25
2025-11-09 12:00:00,0.74,0.88,1.0,104.25,1.0,104.25
2025-11-09 13:00:00,0.65,0.75,1.0,104.25,1.0,104.25
2025-11-09 14:00:00,0.71,0.78,1.0,104.25,1.0,104.25
2025-11-09 15:00:00,1.76,1.86,1.0,104.25,1.0,104.25
2025-11-09 16:00:00,2.14,2.29,1.0,104.25,1.0,104.25
2025-11-09 17:00:00,2.73,2.87,1.0,104.25,1.0,104.25
2025-11-09 18:00:00,3.47,3.71,1.0,104.25,1.0,104.25
2025-11-09 19:00:00,4.0,4.3,1.0,104.25,1.0,104.25
2025-11-09 20:00:00,3.68,3.99,1.0,104.25,1.0,104.25
2025-11-09 21:00:00,3.21,3.42,1.0,104.25,1.0,104.25
2025-11-09 22:00:00,3.92,4.14,1.0,104.25,1.0,104.25
2025-11-09 23:00:00,5.98,6.62,1.0,104.25,1.0,104.25
2025-11-10 00:00:00,7.04,7.94,1.0,104.25,1.0,104.25
2025-11-10 01:00:00,7.45,8.48,1.0,104.25,1.0,104.25
2025-11-10 02:00:00,7.23,8.25,1.0,104.25,1.0,104.25
2025-11-10 03:00:00,6.02,6.77,1.0,104.25,1.0,104.25
2025-11-10 04:00:00,5.69,6.29,1.0,104.25,1.0,104.25
2025-11-10 05:00:00,5.25,5.71,1.0,104.25,1.0,104.25
2025-11-10 06:00:00,4.65,5.05,1.0,104.25,1.0,104.25
2025-11-10 07:00:00,4.2,4.55,1.0,104.25,1.0,104.25
2025-11-10 08:00:00,4.34,4.68,1.0,104.25,1.0,104.25
2025-11-10 09:00:00,4.94,5.38,1.0,104.25,1.0,104.25
2025-11-10 10:00:00,4.52,5.07,1.0,104.25,1.0,104.25
2025-11-10 11:00:00,3.68,4.14,1.0,104.25,1.0,104.25
2025-11-10 12:00:00,3.64,4.05,1.0,104.25,1.0,104.25
2025-11-10 13:00:00,3.67,4.13,1.0,104.25,1.0,104.25
2025-11-10 14:00:00,3.74,4.16,1.0,104.25,1.0,104.25
2025-11-10 15:00:00,3.79,4.26,1.0,104.25,1.0,104.25
2025-11-10 16:00:00,3.58,4.01,1.0,104.25,1.0,104.25
2025-11-10 17:00:00,3.65,4.08,1.0,104.25,1.0,104.25
2025-11-10 18:00:00,4.65,5.14,1.0,104.25,1.0,104.25
2025-11-10 19:00:00,4.74,5.3,1.0,104.25,1.0,104.25
2025-11-10 20:00:00,5.5,6.13,1.0,104.25,1.0,104.25
2025-11-10 21:00:00,5.1,5.68,1.0,104.25,1.0,104.25
2025-11-10 22:00:00,4.58,5.12,1.0,104.25,1.0,104.25
2025-11-10 23:00:00,4.7,5.24,1.0,104.25,1.0,104.25
2025-11-11 00:00:00,5.07,5.61,1.0,104.25,1.0,104.25
2025-11-11 01:00:00,6.44,7.18,1.0,104.25,1.0,104.25
2025-11-11 02:00:00,6.49,7.22,1.0,104.25,1.0,104.25
2025-11-11 03:00:00,6.51,7.27,1.0,104.25,1.0,104.25
2025-11-11 04:00:00,7.07,7.92,1.0,104.25,1.0,104.25
2025-11-11 05:00:00,6.56,7.36,1.0,104.25,1.0,104.25
2025-11-11 06:00:00,6.33,7.05,1.0,104.25,1.0,104.25
2025-11-11 07:00:00,5.12,5.7,1.0,104.25,1.0,104.25
2025-11-11 08:00:00,4.24,4.71,1.0,104.25,1.0,104.25
2025-11-11 09:00:00,5.2,5.66,1.0,104.25,1.0,104.25
2025-11-11 10:00:00,3.75,4.07,1.0,104.25,1.0,104.25
2025-11-11 11:00:00,3.32,3.59,1.0,104.25,1.0,104.25
2025-11-11 12:00:00,3.75,4.05,1.0,104.25,1.0,104.25
2025-11-11 13:00:00,3.86,4.26,1.0,104.25,1.0,104.25
2025-11-11 14:00:00,3.34,3.72,1.0,104.25,1.0,104.25
2025-11-11 15:00:00,3.15,3.5,1.0,104.25,1.0,104.25
2025-11-11 16:00:00,3.45,3.82,1.0,104.25,1.0,104.25
2025-11-11 17:00:00,3.98,4.47,1.0,104.25,1.0,104.25
2025-11-11 18:00:00,4.32,4.84,1.0,104.25,1.0,104.25
2025-11-11 19:00:00,5.2,5.78,1.0,104.25,1.0,104.25
2025-11-11 20:00:00,5.76,6.5,1.0,104.25,1.0,104.25
2025-11-11 21:00:00,5.9,6.66,1.0,104.25,1.0,104.25
2025-11-11 22:00:00,6.76,7.61,1.0,104.25,1.0,104.25
2025-11-11 23:00:00,7.25,8.25,1.0,104.25,1.0,104.25
2025-11-12 00:00:00,6.76,7.66,1.0,104.25,1.0,104.25
2025-11-12 01:00:00,6.25,7.0,1.0,104.25,1.0,104.25
2025-11-12 02:00:00,6.0,6.7,1.0,104.25,1.0,104.25
2025-11-12 03:00:00,5.46,6.06,1.0,104.25,1.0,104.25
2025-11-12 04:00:00,5.8,6.4,1.0,104.25,1.0,104.25
2025-11-12 05:00:00,6.4,7.11,1.0,104.25,1.0,104.25
2025-11-12 06:00:00,5.75,6.36,1.0,104.25,1.0,104.25
2025-11-12 07:00:00,4.97,5.47,1.0,104.25,1.0,104.25
2025-11-12 08:00:00,4.09,4.49,1.0,104.25,1.0,104.25
2025-11-12 09:00:00,4.59,4.97,1.0,104.25,1.0,104.25
2025-11-12 10:00:00,4.27,4.62,1.0,104.25,1.0,104.25
2025-11-12 11:00:00,4.67,5.11,1.0,104.25,1.0,104.25
2025-11-12 12:00:00,4.56,5.0,1.0,104.25,1.0,104.25
2025-11-12 13:00:00,4.84,5.33,1.0,104.25,1.0,104.25
2025-11-12 14:00:00,4.78,5.28,1.0,104.25,1.0,104.25
2025-11-12 15:00:00,4.73,5.2,1.0,104.25,1.0,104.25
2025-11-12 16:00:00,4.37,4.81,1.0,104.25,1.0,104.25
2025-11-12 17:00:00,4.42,4.85,1.0,104.25,1.0,104.25
2025-11-12 18:00:00,4.87,5.4,1.0,104.25,1.0,104.25
2025-11-12 19:00:00,4.96,5.49,1.0,104.25,1.0,104.25
2025-11-12 20:00:00,4.95,5.48,1.0,104.25,1.0,104.25
2025-11-12 21:00:00,4.55,5.03,1.0,104.25,1.0,104.25
2025-11-12 22:00:00,3.52,3.92,1.0,104.25,1.0,104.25
2025-11-12 23:00:00,3.02,3.36,1.0,104.25,1.0,104.25
2025-11-13 00:00:00,2.11,2.27,1.0,104.25,1.0,104.25
2025-11-13 01:00:00,1.89,2.0,1.0,104.25,1.0,104.25
2025-11-13 02:00:00,2.62,2.83,1.0,104.25,1.0,104.25
2025-11-13 03:00:00,2.91,3.09,1.0,104.25,1.0,104.25
2025-11-13 04:00:00,2.7,2.91,1.0,104.25,1.0,104.25
2025-11-13 05:00:00,2.86,3.08,1.0,104.25,1.0,104.25
2025-11-13 06:00:00,2.75,2.89,1.0,104.25,1.0,104.25
2025-11-13 07:00:00,3.4,3.56,1.0,104.25,1.0,104.25
2025-11-13 08:00:00,4.14,4.34,1.0,104.25,1.0,104.25
2025-11-13 09:00:00,4.4,4.71,1.0,104.25,1.0,104.25
2025-11-13 10:00:00,3.78,4.1,1.0,104.25,1.0,104.25
2025-11-13 11:00:00,3.99,4.45,1.0,104.25,1.0,104.25
2025-11-13 12:00:00,4.51,4.97,1.0,104.25,1.0,104.25
2025-11-13 13:00:00,4.35,4.86,1.0,104.25,1.0,104.25
2025-11-13 14:00:00,4.1,4.56,1.0,104.25,1.0,104.25
2025-11-13 15:00:00,3.61,4.02,1.0,104.25,1.0,104.25
2025-11-13 16:00:00,3.3,3.65,1.0,104.25,1.0,104.25
2025-11-13 17:00:00,3.57,3.95,1.0,104.25,1.0,104.25
2025-11-13 18:00:00,3.72,4.1,1.0,104.25,1.0,104.25
2025-11-13 19:00:00,3.65,3.99,1.0,104.25,1.0,104.25
2025-11-13 20:00:00,4.14,4.48,1.0,104.25,1.0,104.25
2025-11-13 21:00:00,4.97,5.42,1.0,104.25,1.0,104.25
2025-11-13 22:00:00,5.19,5.76,1.0,104.25,1.0,104.25
2025-11-13 23:00:00,4.72,5.3,1.0,104.25,1.0,104.25
2025-11-14 00:00:00,4.32,4.79,1.0,104.25,1.0,104.25
2025-11-14 01:00:00,4.2,4.56,1.0,104.25,1.0,104.25
2025-11-14 02:00:00,4.36,4.69,1.0,104.25,1.0,104.25
2025-11-14 03:00:00,4.55,4.98,1.0,104.25,1.0,104.25
2025-11-14 04:00:00,4.83,5.26,1.0,104.25,1.0,104.25
2025-11-14 05:00:00,4.58,4.96,1.0,104.25,1.0,104.25
2025-11-14 06:00:00,5.01,5.48,1.0,104.25,1.0,104.25
2025-11-14 07:00:00,5.27,5.74,1.0,104.25,1.0,104.25
2025-11-14 08:00:00,5.71,6.33,1.0,104.25,1.0,104.25
2025-11-14 09:00:00,7.09,7.89,1.0,104.25,1.0,104.25
2025-11-14 10:00:00,6.6,7.52,1.0,104.25,1.0,104.25
2025-11-14 11:00:00,6.55,7.45,1.0,104.25,1.0,104.25
2025-11-14 12:00:00,7.4,8.4,1.0,104.25,1.0,104.25
2025-11-14 13:00:00,7.46,8.51,1.0,104.25,1.0,104.25
2025-11-14 14:00:00,7.18,8.28,1.0,104.25,1.0,104.25
2025-11-14 15:00:00,6.94,7.95,1.0,104.25,1.0,104.25
2025-11-14 16:00:00,6.88,7.83,1.0,104.25,1.0,104.25
2025-11-14 17:00:00,6.85,7.75,1.0,104.25,1.0,104.25
2025-11-14 18:00:00,6.3,7.15,1.0,104.25,1.0,104.25
2025-11-14 19:00:00,5.95,6.7,1.0,104.25,1.0,104.25
2025-11-14 20:00:00,5.6,6.3,1.0,104.25,1.0,104.25
2025-11-14 21:00:00,5.7,6.26,1.0,104.25,1.0,104.25
2025-11-14 22:00:00,5.88,6.63,1.0,104.25,1.0,104.25
2025-11-14 23:00:00,5.72,6.42,1.0,104.25,1.0,104.25
2025-11-15 00:00:00,5.97,6.72,1.0,104.25,1.0,104.25
2025-11-15 01:00:00,6.3,7.1,1.0,104.25,1.0,104.25
2025-11-15 02:00:00,6.57,7.42,1.0,104.25,1.0,104.25
2025-11-15 03:00:00,6.78,7.64,1.0,104.25,1.0,104.25
2025-11-15 04:00:00,6.48,7.29,1.0,104.25,1.0,104.25
2025-11-15 05:00:00,6.11,6.81,1.0,104.25,1.0,104.25
2025-11-15 06:00:00,5.67,6.37,1.0,104.25,1.0,104.25
2025-11-15 07:00:00,5.42,6.03,1.0,104.25,1.0,104.25
2025-11-15 08:00:00,5.97,6.62,1.0,104.25,1.0,104.25
2025-11-15 09:00:00,6.34,7.0,1.0,104.25,1.0,104.25
2025-11-15 10:00:00,4.67,5.24,1.0,104.25,1.0,104.25
2025-11-15 11:00:00,5.02,5.64,1.0,104.25,1.0,104.25
2025-11-15 12:00:00,6.0,6.75,1.0,104.25,1.0,104.25
2025-11-15 13:00:00,5.7,6.45,1.0,104.25,1.0,104.25
2025-11-15 14:00:00,5.35,6.0,1.0,104.25,1.0,104.25
2025-11-15 15:00:00,4.8,5.4,1.0,104.25,1.0,104.25
2025-11-15 16:00:00,4.3,4.8,1.0,104.25,1.0,104.25
2025-11-15 17:00:00,4.6,5.1,1.0,104.25,1.0,104.25
2025-11-15 18:00:00,4.71,5.31,1.0,104.25,1.0,104.25
2025-11-15 19:00:00,4.45,5.0,1.0,104.25,1.0,104.25
2025-11-15 20:00:00,4.69,5.25,1.0,104.25,1.0,104.25
2025-11-15 21:00:00,4.96,5.57,1.0,104.25,1.0,104.25
2025-11-15 22:00:00,3.79,4.19,1.0,104.25,1.0,104.25
2025-11-15 23:00:00,3.71,4.11,1.0,104.25,1.0,104.25
2025-11-16 00:00:00,3.92,4.41,1.0,104.25,1.0,104.25
2025-11-16 01:00:00,4.05,4.6,1.0,104.25,1.0,104.25
2025-11-16 02:00:00,4.43,4.88,1.0,104.25,1.0,104.25
2025-11-16 03:00:00,5.0,5.45,1.0,104.25,1.0,104.25
2025-11-16 04:00:00,4.95,5.4,1.0,104.25,1.0,104.25
2025-11-16 05:00:00,4.34,4.74,1.0,104.25,1.0,104.25
2025-11-16 06:00:00,3.4,3.65,1.0,104.25,1.0,104.25
2025-11-16 07:00:00,2.36,2.53,1.0,104.25,1.0,104.25
2025-11-16 08:00:00,2.61,2.75,1.0,104.25,1.0,104.25
2025-11-16 09:00:00,3.37,3.61,1.0,104.25,1.0,104.25
2025-11-16 10:00:00,2.96,3.23,1.0,104.25,1.0,104.25
2025-11-16 11:00:00,2.97,3.29,1.0,104.25,1.0,104.25
2025-11-16 12:00:00,3.04,3.4,1.0,104.25,1.0,104.25
2025-11-16 13:00:00,2.26,2.57,1.0,104.25,1.0,104.25
2025-11-16 14:00:00,2.5,2.8,1.0,104.25,1.0,104.25
2025-11-16 15:00:00,2.27,2.51,1.0,104.25,1.0,104.25
2025-11-16 16:00:00,2.59,2.94,1.0,104.25,1.0,104.25
2025-11-16 17:00:00,2.44,2.69,1.0,104.25,1.0,104.25
2025-11-16 18:00:00,3.08,3.4,1.0,104.25,1.0,104.25
2025-11-16 19:00:00,3.3,3.54,1.0,104.25,1.0,104.25
2025-11-16 20:00:00,2.64,2.88,1.0,104.25,1.0,104.25
2025-11-16 21:00:00,3.07,3.36,1.0,104.25,1.0,104.25
2025-11-16 22:00:00,2.98,3.28,1.0,104.25,1.0,104.25
2025-11-16 23:00:00,2.46,2.69,1.0,104.25,1.0,104.25
2025-11-17 00:00:00,2.33,2.5,1.0,104.25,1.0,104.25
2025-11-17 01:00:00,2.57,2.69,1.0,104.25,1.0,104.25
2025-11-17 02:00:00,3.17,3.32,1.0,104.25,1.0,104.25
2025-11-17 03:00:00,2.78,2.89,1.0,104.25,1.0,104.25
2025-11-17 04:00:00,2.25,2.36,1.0,104.25,1.0,104.25
2025-11-17 05:00:00,1.94,2.09,1.0,104.25,1.0,104.25
2025-11-17 06:00:00,2.08,2.2,1.0,104.25,1.0,104.25
2025-11-17 07:00:00,2.16,2.27,1.0,104.25,1.0,104.25
2025-11-17 08:00:00,2.02,2.07,1.0,104.25,1.0,104.25
2025-11-17 09:00:00,1.94,1.99,1.0,104.25,1.0,104.25
2025-11-17 10:00:00,2.84,2.98,1.0,104.25,1.0,104.25
2025-11-17 11:00:00,2.06,2.23,1.0,104.25,1.0,104.25
2025-11-17 12:00:00,1.92,2.13,1.0,104.25,1.0,104.25
2025-11-17 13:00:00,2.19,2.45,1.0,104.25,1.0,104.25
2025-11-17 14:00:00,2.2,2.34,1.0,104.25,1.0,104.25
2025-11-17 15:00:00,2.3,2.52,1.0,104.25,1.0,104.25
2025-11-17 16:00:00,2.22,2.34,1.0,104.25,1.0,104.25
2025-11-17 17:00:00,2.84,2.97,1.0,104.25,1.0,104.25
2025-11-17 18:00:00,3.09,3.18,1.0,104.25,1.0,104.25
2025-11-17 19:00:00,3.02,3.24,1.0,104.25,1.0,104.25
2025-11-17 20:00:00,2.59,2.77,1.0,104.25,1.0,104.25
2025-11-17 21:00:00,2.47,2.61,1.0,104.25,1.0,104.25
2025-11-17 22:00:00,3.68,4.0,1.0,104.25,1.0,104.25
2025-11-17 23:00:00,3.84,4.24,1.0,104.25,1.0,104.25
2025-11-18 00:00:00,4.14,4.46,1.0,104.25,1.0,104.25
2025-11-18 01:00:00,4.86,5.25,1.0,104.25,1.0,104.25
2025-11-18 02:00:00,5.2,5.59,1.0,104.25,1.0,104.25
2025-11-18 03:00:00,4.49,4.81,1.0,104.25,1.0,104.25
2025-11-18 04:00:00,3.86,4.15,1.0,104.25,1.0,104.25
2025-11-18 05:00:00,3.06,3.29,1.0,104.25,1.0,104.25
2025-11-18 06:00:00,2.82,3.02,1.0,104.25,1.0,104.25
2025-11-18 07:00:00,2.59,2.8,1.0,104.25,1.0,104.25
2025-11-18 08:00:00,1.14,1.22,1.0,104.25,1.0,104.25
2025-11-18 09:00:00,2.7,2.82,1.0,104.25,1.0,104.25
2025-11-18 10:00:00,2.7,2.8,1.0,104.25,1.0,104.25
2025-11-18 11:00:00,3.18,3.34,1.0,104.25,1.0,104.25
2025-11-18 12:00:00,2.9,3.14,1.0,104.25,1.0,104.25
2025-11-18 13:00:00,2.46,2.65,1.0,104.25,1.0,104.25
2025-11-18 14:00:00,1.99,2.13,1.0,104.25,1.0,104.25
2025-11-18 15:00:00,2.47,2.57,1.0,104.25,1.0,104.25
2025-11-18 16:00:00,2.91,3.05,1.0,104.25,1.0,104.25
2025-11-18 17:00:00,4.34,4.56,1.0,104.25,1.0,104.25
2025-11-18 18:00:00,5.28,5.77,1.0,104.25,1.0,104.25
2025-11-18 19:00:00,5.7,6.23,1.0,104.25,1.0,104.25
2025-11-18 20:00:00,5.99,6.57,1.0,104.25,1.0,104.25
2025-11-18 21:00:00,6.33,7.16,1.0,104.25,1.0,104.25
2025-11-18 22:00:00,5.33,6.01,1.0,104.25,1.0,104.25
2025-11-18 23:00:00,5.09,5.65,1.0,104.25,1.0,104.25
2025-11-19 00:00:00,4.21,4.68,1.0,104.25,1.0,104.25
2025-11-19 01:00:00,3.87,4.16,1.0,104.25,1.0,104.25
2025-11-19 02:00:00,3.86,4.1,1.0,104.25,1.0,104.25
2025-11-19 03:00:00,3.61,3.81,1.0,104.25,1.0,104.25
2025-11-19 04:00:00,3.01,3.18,1.0,104.25,1.0,104.25
2025-11-19 05:00:00,2.64,2.82,1.0,104.25,1.0,104.25
2025-11-19 06:00:00,2.43,2.6,1.0,104.25,1.0,104.25
2025-11-19 07:00:00,2.26,2.47,1.0,104.25,1.0,104.25
2025-11-19 08:00:00,2.02,2.16,1.0,104.25,1.0,104.25
2025-11-19 09:00:00,2.44,2.58,1.0,104.25,1.0,104.25
2025-11-19 10:00:00,2.62,2.84,1.0,104.25,1.0,104.25
2025-11-19 11:00:00,2.31,2.52,1.0,104.25,1.0,104.25
2025-11-19 12:00:00,1.98,2.09,1.0,104.25,1.0,104.25
2025-11-19 13:00:00,2.06,2.21,1.0,104.25,1.0,104.25
2025-11-19 14:00:00,1.82,2.01,1.0,104.25,1.0,104.25
2025-11-19 15:00:00,1.94,2.02,1.0,104.25,1.0,104.25
2025-11-19 16:00:00,3.47,3.66,1.0,104.25,1.0,104.25
2025-11-19 17:00:00,4.65,5.05,1.0,104.25,1.0,104.25
2025-11-19 18:00:00,5.98,6.69,1.0,104.25,1.0,104.25
2025-11-19 19:00:00,6.52,7.4,1.0,104.25,1.0,104.25
2025-11-19 20:00:00,7.02,7.84,1.0,104.25,1.0,104.25
2025-11-19 21:00:00,7.37,8.27,1.0,104.25,1.0,104.25
2025-11-19 22:00:00,5.5,6.17,1.0,104.25,1.0,104.25
2025-11-19 23:00:00,5.0,5.56,1.0,104.25,1.0,104.25
2025-11-20 00:00:00,4.67,5.13,1.0,104.25,1.0,104.25
2025-11-20 01:00:00,5.48,6.04,1.0,104.25,1.0,104.25
2025-11-20 02:00:00,5.66,6.22,1.0,104.25,1.0,104.25
2025-11-20 03:00:00,5.79,6.38,1.0,104.25,1.0,104.25
2025-11-20 04:00:00,5.89,6.46,1.0,104.25,1.0,104.25
2025-11-20 05:00:00,5.98,6.6,1.0,104.25,1.0,104.25
2025-11-20 06:00:00,6.01,6.68,1.0,104.25,1.0,104.25
2025-11-20 07:00:00,5.99,6.67,1.0,104.25,1.0,104.25
2025-11-20 08:00:00,5.82,6.49,1.0,104.25,1.0,104.25
2025-11-20 09:00:00,5.47,6.15,1.0,104.25,1.0,104.25
2025-11-20 10:00:00,2.94,3.22,1.0,104.25,1.0,104.25
2025-11-20 11:00:00,3.09,3.23,1.0,104.25,1.0,104.25
2025-11-20 12:00:00,4.35,4.57,1.0,104.25,1.0,104.25
2025-11-20 13:00:00,4.47,4.84,1.0,104.25,1.0,104.25
2025-11-20 14:00:00,3.72,4.0,1.0,104.25,1.0,104.25
2025-11-20 15:00:00,3.78,4.1,1.0,104.25,1.0,104.25
2025-11-20 16:00:00,3.58,3.91,1.0,104.25,1.0,104.25
2025-11-20 17:00:00,3.37,3.66,1.0,104.25,1.0,104.25
2025-11-20 18:00:00,3.56,3.91,1.0,104.25,1.0,104.25
2025-11-20 19:00:00,3.9,4.25,1.0,104.25,1.0,104.25
2025-11-20 20:00:00,3.36,3.67,1.0,104.25,1.0,104.25
2025-11-20 21:00:00,3.46,3.77,1.0,104.25,1.0,104.25
2025-11-20 22:00:00,3.4,3.86,1.0,104.25,1.0,104.25
2025-11-20 23:00:00,3.78,4.21,1.0,104.25,1.0,104.25
2025-11-21 00:00:00,4.56,5.02,1.0,104.25,1.0,104.25
2025-11-21 01:00:00,5.15,5.64,1.0,104.25,1.0,104.25
2025-11-21 02:00:00,5.37,5.88,1.0,104.25,1.0,104.25
2025-11-21 03:00:00,5.09,5.54,1.0,104.25,1.0,104.25
2025-11-21 04:00:00,4.62,4.97,1.0,104.25,1.0,104.25
2025-11-21 05:00:00,4.35,4.68,1.0,104.25,1.0,104.25
2025-11-21 06:00:00,3.81,4.1,1.0,104.25,1.0,104.25
2025-11-21 07:00:00,3.38,3.68,1.0,104.25,1.0,104.25
2025-11-21 08:00:00,3.23,3.48,1.0,104.25,1.0,104.25
2025-11-21 09:00:00,2.46,2.66,1.0,104.25,1.0,104.25
2025-11-21 10:00:00,2.15,2.32,1.0,104.25,1.0,104.25
2025-11-21 11:00:00,1.57,1.77,1.0,104.25,1.0,104.25
2025-11-21 12:00:00,1.35,1.53,1.0,104.25,1.0,104.25
2025-11-21 13:00:00,1.26,1.38,1.0,104.25,1.0,104.25
2025-11-21 14:00:00,1.56,1.72,1.0,104.25,1.0,104.25
2025-11-21 15:00:00,2.1,2.27,1.0,104.25,1.0,104.25
2025-11-21 16:00:00,1.68,1.93,1.0,104.25,1.0,104.25
2025-11-21 17:00:00,1.41,1.37,1.0,104.25,1.0,104.25
2025-11-21 18:00:00,3.4,3.57,1.0,104.25,1.0,104.25
2025-11-21 19:00:00,4.55,5.0,1.0,104.25,1.0,104.25
2025-11-21 20:00:00,4.01,4.55,1.0,104.25,1.0,104.25
2025-11-21 21:00:00,3.28,3.78,1.0,104.25,1.0,104.25
2025-11-21 22:00:00,6.18,6.94,1.0,104.25,1.0,104.25
2025-11-21 23:00:00,5.3,5.9,1.0,104.25,1.0,104.25
2025-11-22 00:00:00,5.22,5.82,1.0,104.25,1.0,104.25
2025-11-22 01:00:00,5.74,6.4,1.0,104.25,1.0,104.25
2025-11-22 02:00:00,6.03,6.7,1.0,104.25,1.0,104.25
2025-11-22 03:00:00,5.63,6.26,1.0,104.25,1.0,104.25
2025-11-22 04:00:00,5.06,5.55,1.0,104.25,1.0,104.25
2025-11-22 05:00:00,4.88,5.33,1.0,104.25,1.0,104.25
2025-11-22 06:00:00,4.79,5.29,1.0,104.25,1.0,104.25
2025-11-22 07:00:00,4.72,5.18,1.0,104.25,1.0,104.25
2025-11-22 08:00:00,4.65,5.08,1.0,104.25,1.0,104.25
2025-11-22 09:00:00,4.21,4.61,1.0,104.25,1.0,104.25
2025-11-22 10:00:00,3.71,4.34,1.0,104.25,1.0,104.25
2025-11-22 11:00:00,3.61,4.22,1.0,104.25,1.0,104.25
2025-11-22 12:00:00,3.71,4.42,1.0,104.25,1.0,104.25
2025-11-22 13:00:00,5.52,6.22,1.0,104.25,1.0,104.25
2025-11-22 14:00:00,5.91,6.51,1.0,104.25,1.0,104.25
2025-11-22 15:00:00,6.52,7.28,1.0,104.25,1.0,104.25
2025-11-22 16:00:00,6.43,7.39,1.0,104.25,1.0,104.25
2025-11-22 17:00:00,6.41,7.34,1.0,104.25,1.0,104.25
2025-11-22 18:00:00,6.81,7.8,1.0,104.25,1.0,104.25
2025-11-22 19:00:00,6.78,7.74,1.0,104.25,1.0,104.25
2025-11-22 20:00:00,7.77,8.89,1.0,104.25,1.0,104.25
2025-11-22 21:00:00,7.81,8.93,1.0,104.25,1.0,104.25
2025-11-22 22:00:00,8.36,9.85,1.0,104.25,1.0,104.25
2025-11-22 23:00:00,7.8,9.11,1.0,104.25,1.0,104.25
2025-11-23 00:00:00,7.36,8.61,1.0,104.25,1.0,104.25
2025-11-23 01:00:00,6.9,7.96,1.0,104.25,1.0,104.25
2025-11-23 02:00:00,6.01,6.91,1.0,104.25,1.0,104.25
2025-11-23 03:00:00,5.11,5.76,1.0,104.25,1.0,104.25
2025-11-23 04:00:00,4.45,4.9,1.0,104.25,1.0,104.25
2025-11-23 05:00:00,4.34,4.74,1.0,104.25,1.0,104.25
2025-11-23 06:00:00,4.53,4.89,1.0,104.25,1.0,104.25
2025-11-23 07:00:00,4.3,4.65,1.0,104.25,1.0,104.25
2025-11-23 08:00:00,3.95,4.2,1.0,104.25,1.0,104.25
2025-11-23 09:00:00,3.66,3.96,1.0,104.25,1.0,104.25
2025-11-23 10:00:00,3.05,4.09,1.0,104.25,1.0,104.25
2025-11-23 11:00:00,2.02,2.7,1.0,104.25,1.0,104.25
2025-11-23 12:00:00,2.26,2.87,1.0,104.25,1.0,104.25
2025-11-23 13:00:00,3.19,3.55,1.0,104.25,1.0,104.25
2025-11-23 14:00:00,2.41,2.66,1.0,104.25,1.0,104.25
2025-11-23 15:00:00,2.81,3.03,1.0,104.25,1.0,104.25
2025-11-23 16:00:00,3.71,4.01,1.0,104.25,1.0,104.25
2025-11-23 17:00:00,4.06,4.41,1.0,104.25,1.0,104.25
2025-11-23 18:00:00,4.25,4.65,1.0,104.25,1.0,104.25
2025-11-23 19:00:00,4.9,5.4,1.0,104.25,1.0,104.25
2025-11-23 20:00:00,5.12,5.61,1.0,104.25,1.0,104.25
2025-11-23 21:00:00,4.42,4.91,1.0,104.25,1.0,104.25
2025-11-23 22:00:00,5.45,6.25,1.0,104.25,1.0,104.25
2025-11-23 23:00:00,5.17,5.93,1.0,104.25,1.0,104.25
2025-11-24 00:00:00,5.09,5.81,1.0,104.25,1.0,104.25
2025-11-24 01:00:00,4.99,5.59,1.0,104.25,1.0,104.25
2025-11-24 02:00:00,4.27,4.72,1.0,104.25,1.0,104.25
2025-11-24 03:00:00,3.54,3.86,1.0,104.25,1.0,104.25
2025-11-24 04:00:00,3.08,3.29,1.0,104.25,1.0,104.25
2025-11-24 05:00:00,2.9,3.08,1.0,104.25,1.0,104.25
2025-11-24 06:00:00,2.83,3.01,1.0,104.25,1.0,104.25
2025-11-24 07:00:00,2.82,3.0,1.0,104.25,1.0,104.25
2025-11-24 08:00:00,2.45,2.56,1.0,104.25,1.0,104.25
2025-11-24 09:00:00,2.04,2.12,1.0,104.25,1.0,104.25
2025-11-24 10:00:00,1.51,1.39,1.0,104.25,1.0,104.25
2025-11-24 11:00:00,2.61,2.6,1.0,104.25,1.0,104.25
2025-11-24 12:00:00,3.26,3.47,1.0,104.25,1.0,104.25
2025-11-24 13:00:00,2.38,2.53,1.0,104.25,1.0,104.25
2025-11-24 14:00:00,1.25,1.33,1.0,104.25,1.0,104.25
2025-11-24 15:00:00,1.22,1.33,1.0,104.25,1.0,104.25
2025-11-24 16:00:00,0.78,0.74,1.0,104.25,1.0,104.25
2025-11-24 17:00:00,1.67,1.7,1.0,104.25,1.0,104.25
2025-11-24 18:00:00,3.11,3.29,1.0,104.25,1.0,104.25
2025-11-24 19:00:00,2.1,2.28,1.0,104.25,1.0,104.25
2025-11-24 20:00:00,1.39,1.49,1.0,104.25,1.0,104.25
2025-11-24 21:00:00,2.45,2.55,1.0,104.25,1.0,104.25
2025-11-24 22:00:00,3.36,3.77,1.0,104.25,1.0,104.25
2025-11-24 23:00:00,2.77,3.07,1.0,104.25,1.0,104.25
2025-11-25 00:00:00,3.69,4.07,1.0,104.25,1.0,104.25
2025-11-25 01:00:00,3.36,3.76,1.0,104.25,1.0,104.25
2025-11-25 02:00:00,3.25,3.55,1.0,104.25,1.0,104.25
2025-11-25 03:00:00,2.94,3.18,1.0,104.25,1.0,104.25
2025-11-25 04:00:00,3.25,3.51,1.0,104.25,1.0,104.25
2025-11-25 05:00:00,2.5,2.7,1.0,104.25,1.0,104.25
2025-11-25 06:00:00,2.15,2.26,1.0,104.25,1.0,104.25
2025-11-25 07:00:00,1.84,1.97,1.0,104.25,1.0,104.25
2025-11-25 08:00:00,2.35,2.5,1.0,104.25,1.0,104.25
2025-11-25 09:00:00,2.7,2.86,1.0,104.25,1.0,104.25
2025-11-25 10:00:00,1.86,2.04,1.0,104.25,1.0,104.25
2025-11-25 11:00:00,1.4,1.42,1.0,104.25,1.0,104.25
2025-11-25 12:00:00,1.03,1.08,1.0,104.25,1.0,104.25
2025-11-25 13:00:00,1.74,1.84,1.0,104.25,1.0,104.25
2025-11-25 14:00:00,1.37,1.48,1.0,104.25,1.0,104.25
2025-11-25 15:00:00,1.87,2.02,1.0,104.25,1.0,104.25
2025-11-25 16:00:00,2.2,2.4,1.0,104.25,1.0,104.25
2025-11-25 17:00:00,2.5,2.7,1.0,104.25,1.0,104.25
2025-11-25 18:00:00,2.4,2.61,1.0,104.25,1.0,104.25
2025-11-25 19:00:00,2.6,2.75,1.0,104.25,1.0,104.25
2025-11-25 20:00:00,2.44,2.59,1.0,104.25,1.0,104.25
2025-11-25 21:00:00,2.26,2.36,1.0,104.25,1.0,104.25
2025-11-25 22:00:00,2.3,2.37,1.0,104.25,1.0,104.25
2025-11-25 23:00:00,1.48,1.44,1.0,104.25,1.0,104.25
2025-11-26 00:00:00,0.94,0.92,1.0,104.25,1.0,104.25
2025-11-26 01:00:00,1.64,1.71,1.0,104.25,1.0,104.25
2025-11-26 02:00:00,1.67,1.72,1.0,104.25,1.0,104.25
2025-11-26 03:00:00,0.72,0.75,1.0,104.25,1.0,104.25
2025-11-26 04:00:00,1.41,1.45,1.0,104.25,1.0,104.25
2025-11-26 05:00:00,2.41,2.43,1.0,104.25,1.0,104.25
2025-11-26 06:00:00,2.31,2.34,1.0,104.25,1.0,104.25
2025-11-26 07:00:00,2.39,2.43,1.0,104.25,1.0,104.25
2025-11-26 08:00:00,2.16,2.21,1.0,104.25,1.0,104.25
2025-11-26 09:00:00,1.66,1.72,1.0,104.25,1.0,104.25
2025-11-26 10:00:00,1.5,1.61,1.0,104.25,1.0,104.25
2025-11-26 11:00:00,0.78,0.92,1.0,104.25,1.0,104.25
2025-11-26 12:00:00,1.03,1.07,1.0,104.25,1.0,104.25
2025-11-26 13:00:00,1.8,1.9,1.0,104.25,1.0,104.25
2025-11-26 14:00:00,2.3,2.47,1.0,104.25,1.0,104.25
2025-11-26 15:00:00,1.31,1.6,1.0,104.25,1.0,104.25
2025-11-26 16:00:00,1.17,1.32,1.0,104.25,1.0,104.25
2025-11-26 17:00:00,1.73,1.87,1.0,104.25,1.0,104.25
2025-11-26 18:00:00,2.11,2.3,1.0,104.25,1.0,104.25
2025-11-26 19:00:00,1.8,2.0,1.0,104.25,1.0,104.25
2025-11-26 20:00:00,1.26,1.42,1.0,104.25,1.0,104.25
2025-11-26 21:00:00,0.67,0.6,1.0,104.25,1.0,104.25
2025-11-26 22:00:00,3.7,3.93,1.0,104.25,1.0,104.25
2025-11-26 23:00:00,2.69,2.83,1.0,104.25,1.0,104.25
2025-11-27 00:00:00,2.06,2.11,1.0,104.25,1.0,104.25
2025-11-27 01:00:00,2.3,2.32,1.0,104.25,1.0,104.25
2025-11-27 02:00:00,2.99,3.11,1.0,104.25,1.0,104.25
2025-11-27 03:00:00,2.68,2.8,1.0,104.25,1.0,104.25
2025-11-27 04:00:00,3.2,3.3,1.0,104.25,1.0,104.25
2025-11-27 05:00:00,4.32,4.62,1.0,104.25,1.0,104.25
2025-11-27 06:00:00,4.57,4.88,1.0,104.25,1.0,104.25
2025-11-27 07:00:00,4.59,4.9,1.0,104.25,1.0,104.25
2025-11-27 08:00:00,4.74,5.14,1.0,104.25,1.0,104.25
2025-11-27 09:00:00,3.91,4.18,1.0,104.25,1.0,104.25
2025-11-27 10:00:00,4.49,5.13,1.0,104.25,1.0,104.25
2025-11-27 11:00:00,4.45,5.24,1.0,104.25,1.0,104.25
2025-11-27 12:00:00,4.48,5.06,1.0,104.25,1.0,104.25
2025-11-27 13:00:00,4.7,5.23,1.0,104.25,1.0,104.25
2025-11-27 14:00:00,5.07,5.58,1.0,104.25,1.0,104.25
2025-11-27 15:00:00,4.72,5.12,1.0,104.25,1.0,104.25
2025-11-27 16:00:00,5.05,5.5,1.0,104.25,1.0,104.25
2025-11-27 17:00:00,5.51,6.06,1.0,104.25,1.0,104.25
2025-11-27 18:00:00,5.28,5.81,1.0,104.25,1.0,104.25
2025-11-27 19:00:00,4.6,5.08,1.0,104.25,1.0,104.25
2025-11-27 20:00:00,4.59,5.02,1.0,104.25,1.0,104.25
2025-11-27 21:00:00,5.97,6.62,1.0,104.25,1.0,104.25
2025-11-27 22:00:00,6.2,7.02,1.0,104.25,1.0,104.25
2025-11-27 23:00:00,5.66,6.36,1.0,104.25,1.0,104.25
2025-11-28 00:00:00,6.17,6.94,1.0,104.25,1.0,104.25
2025-11-28 01:00:00,6.93,7.81,1.0,104.25,1.0,104.25
2025-11-28 02:00:00,7.22,8.12,1.0,104.25,1.0,104.25
2025-11-28 03:00:00,7.28,8.18,1.0,104.25,1.0,104.25
2025-11-28 04:00:00,6.8,7.6,1.0,104.25,1.0,104.25
2025-11-28 05:00:00,6.64,7.39,1.0,104.25,1.0,104.25
2025-11-28 06:00:00,7.01,7.81,1.0,104.25,1.0,104.25
2025-11-28 07:00:00,7.55,8.45,1.0,104.25,1.0,104.25
2025-11-28 08:00:00,8.4,9.51,1.0,104.25,1.0,104.25
2025-11-28 09:00:00,9.04,10.3,1.0,104.25,1.0,104.25
2025-11-28 10:00:00,7.46,8.47,1.0,104.25,1.0,104.25
2025-11-28 11:00:00,7.36,8.27,1.0,104.25,1.0,104.25
2025-11-28 12:00:00,7.72,8.82,1.0,104.25,1.0,104.25
2025-11-28 13:00:00,8.1,9.35,1.0,104.25,1.0,104.25
2025-11-28 14:00:00,7.91,9.11,1.0,104.25,1.0,104.25
2025-11-28 15:00:00,7.96,9.11,1.0,104.25,1.0,104.25
2025-11-28 16:00:00,7.66,8.76,1.0,104.25,1.0,104.25
2025-11-28 17:00:00,7.69,8.79,1.0,104.25,1.0,104.25
2025-11-28 18:00:00,7.6,8.68,1.0,104.25,1.0,104.25
2025-11-28 19:00:00,7.33,8.34,1.0,104.25,1.0,104.25
2025-11-28 20:00:00,6.83,7.7,1.0,104.25,1.0,104.25
2025-11-28 21:00:00,6.83,7.72,1.0,104.25,1.0,104.25
2025-11-28 22:00:00,7.6,8.61,1.0,104.25,1.0,104.25
2025-11-28 23:00:00,7.07,8.06,1.0,104.25,1.0,104.25
2025-11-29 00:00:00,6.03,6.83,1.0,104.25,1.0,104.25
2025-11-29 01:00:00,5.05,5.7,1.0,104.25,1.0,104.25
2025-11-29 02:00:00,4.77,5.28,1.0,104.25,1.0,104.25
2025-11-29 03:00:00,4.62,5.09,1.0,104.25,1.0,104.25
2025-11-29 04:00:00,4.25,4.65,1.0,104.25,1.0,104.25
2025-11-29 05:00:00,3.77,4.09,1.0,104.25,1.0,104.25
2025-11-29 06:00:00,2.95,3.2,1.0,104.25,1.0,104.25
2025-11-29 07:00:00,2.33,2.48,1.0,104.25,1.0,104.25
2025-11-29 08:00:00,1.88,2.02,1.0,104.25,1.0,104.25
2025-11-29 09:00:00,1.83,2.0,1.0,104.25,1.0,104.25
2025-11-29 10:00:00,1.68,1.84,1.0,104.25,1.0,104.25
2025-11-29 11:00:00,1.83,1.97,1.0,104.25,1.0,104.25
2025-11-29 12:00:00,2.33,2.61,1.0,104.25,1.0,104.25
2025-11-29 13:00:00,2.4,2.64,1.0,104.25,1.0,104.25
2025-11-29 14:00:00,2.88,3.18,1.0,104.25,1.0,104.25
2025-11-29 15:00:00,2.92,3.15,1.0,104.25,1.0,104.25
2025-11-29 16:00:00,3.37,3.72,1.0,104.25,1.0,104.25
2025-11-29 17:00:00,3.77,4.17,1.0,104.25,1.0,104.25
2025-11-29 18:00:00,4.06,4.46,1.0,104.25,1.0,104.25
2025-11-29 19:00:00,4.2,4.66,1.0,104.25,1.0,104.25
2025-11-29 20:00:00,4.36,4.82,1.0,104.25,1.0,104.25
2025-11-29 21:00:00,4.36,4.86,1.0,104.25,1.0,104.25
2025-11-29 22:00:00,3.89,4.35,1.0,104.25,1.0,104.25
2025-11-29 23:00:00,2.87,3.23,1.0,104.25,1.0,104.25
2025-11-30 00:00:00,1.34,1.57,1.0,104.25,1.0,104.25
2025-11-30 01:00:00,0.56,0.67,1.0,104.25,1.0,104.25
2025-11-30 02:00:00,0.11,0.0,1.0,104.25,1.0,104.25
2025-11-30 03:00:00,2.09,2.09,1.0,104.25,1.0,104.25
2025-11-30 04:00:00,2.57,2.64,1.0,104.25,1.0,104.25
2025-11-30 05:00:00,2.1,2.1,1.0,104.25,1.0,104.25
2025-11-30 06:00:00,1.93,1.93,1.0,104.25,1.0,104.25
2025-11-30 07:00:00,2.55,2.6,1.0,104.25,1.0,104.25
2025-11-30 08:00:00,2.77,2.87,1.0,104.25,1.0,104.25
2025-11-30 09:00:00,2.91,3.01,1.0,104.25,1.0,104.25
2025-11-30 10:00:00,2.86,3.18,1.0,104.25,1.0,104.25
2025-11-30 11:00:00,2.58,2.87,1.0,104.25,1.0,104.25
2025-11-30 12:00:00,2.0,2.16,1.0,104.25,1.0,104.25
2025-11-30 13:00:00,1.15,1.25,1.0,104.25,1.0,104.25
2025-11-30 14:00:00,0.89,0.89,1.0,104.25,1.0,104.25
2025-11-30 15:00:00,1.08,1.15,1.0,104.25,1.0,104.25
2025-11-30 16:00:00,1.53,1.63,1.0,104.25,1.0,104.25
2025-11-30 17:00:00,1.97,2.11,1.0,104.25,1.0,104.25
2025-11-30 18:00:00,2.12,2.26,1.0,104.25,1.0,104.25
2025-11-30 19:00:00,2.44,2.62,1.0,104.25,1.0,104.25
2025-11-30 20:00:00,2.3,2.48,1.0,104.25,1.0,104.25
2025-11-30 21:00:00,1.45,1.56,1.0,104.25,1.0,104.25
2025-11-30 22:00:00,0.81,0.87,1.0,104.25,1.0,104.25
2025-11-30 23:00:00,1.17,1.23,1.0,104.25,1.0,104.25
2025-12-01 00:00:00,1.07,1.08,1.0,104.25,1.0,104.25
2025-12-01 01:00:00,0.21,0.27,1.0,104.25,1.0,104.25
2025-12-01 02:00:00,0.83,0.87,1.0,104.25,1.0,104.25
2025-12-01 03:00:00,1.37,1.41,1.0,104.25,1.0,104.25
2025-12-01 04:00:00,1.68,1.76,1.0,104.25,1.0,104.25
2025-12-01 05:00:00,1.86,1.93,1.0,104.25,1.0,104.25
2025-12-01 06:00:00,1.53,1.54,1.0,104.25,1.0,104.25
2025-12-01 07:00:00,0.3,0.35,1.0,104.25,1.0,104.25
2025-12-01 08:00:00,0.83,0.85,1.0,104.25,1.0,104.25
2025-12-01 09:00:00,1.7,1.75,1.0,104.25,1.0,104.25
2025-12-01 10:00:00,1.1,1.1,1.0,104.25,1.0,104.25
2025-12-01 11:00:00,2.25,2.25,1.0,104.25,1.0,104.25
2025-12-01 12:00:00,3.12,3.19,1.0,104.25,1.0,104.25
2025-12-01 13:00:00,3.58,3.69,1.0,104.25,1.0,104.25
2025-12-01 14:00:00,4.39,4.6,1.0,104.25,1.0,104.25
2025-12-01 15:00:00,4.88,5.28,1.0,104.25,1.0,104.25
2025-12-01 16:00:00,3.89,4.29,1.0,104.25,1.0,104.25
2025-12-01 17:00:00,2.58,2.87,1.0,104.25,1.0,104.25
2025-12-01 18:00:00,2.3,2.55,1.0,104.25,1.0,104.25
2025-12-01 19:00:00,1.82,1.94,1.0,104.25,1.0,104.25
2025-12-01 20:00:00,1.65,1.75,1.0,104.25,1.0,104.25
2025-12-01 21:00:00,0.46,0.46,1.0,104.25,1.0,104.25
2025-12-01 22:00:00,1.35,1.4,1.0,104.25,1.0,104.25
2025-12-01 23:00:00,0.49,0.52,1.0,104.25,1.0,104.25
2025-12-02 00:00:00,3.29,3.4,1.0,104.25,1.0,104.25
2025-12-02 01:00:00,4.67,5.09,1.0,104.25,1.0,104.25
2025-12-02 02:00:00,5.17,5.64,1.0,104.25,1.0,104.25
2025-12-02 03:00:00,4.75,5.17,1.0,104.25,1.0,104.25
2025-12-02 04:00:00,3.35,3.69,1.0,104.25,1.0,104.25
2025-12-02 05:00:00,2.32,2.5,1.0,104.25,1.0,104.25
2025-12-02 06:00:00,2.43,2.53,1.0,104.25,1.0,104.25
2025-12-02 07:00:00,2.67,2.77,1.0,104.25,1.0,104.25
2025-12-02 08:00:00,3.05,3.25,1.0,104.25,1.0,104.25
2025-12-02 09:00:00,3.41,3.56,1.0,104.25,1.0,104.25
2025-12-02 10:00:00,3.27,3.38,1.0,104.25,1.0,104.25
2025-12-02 11:00:00,1.46,1.49,1.0,104.25,1.0,104.25
2025-12-02 12:00:00,1.66,1.77,1.0,104.25,1.0,104.25
2025-12-02 13:00:00,2.0,2.08,1.0,104.25,1.0,104.25
2025-12-02 14:00:00,1.54,1.62,1.0,104.25,1.0,104.25
2025-12-02 15:00:00,1.08,1.17,1.0,104.25,1.0,104.25
2025-12-02 16:00:00,0.51,0.55,1.0,104.25,1.0,104.25
2025-12-02 17:00:00,0.34,0.32,1.0,104.25,1.0,104.25
2025-12-02 18:00:00,0.27,0.25,1.0,104.25,1.0,104.25
2025-12-02 19:00:00,0.35,0.39,1.0,104.25,1.0,104.25
2025-12-02 20:00:00,0.43,0.43,1.0,104.25,1.0,104.25
2025-12-02 21:00:00,0.96,0.99,1.0,104.25,1.0,104.25
2025-12-02 22:00:00,1.84,1.92,1.0,104.25,1.0,104.25
2025-12-02 23:00:00,1.74,1.77,1.0,104.25,1.0,104.25
2025-12-03 00:00:00,1.73,1.8,1.0,104.25,1.0,104.25
2025-12-03 01:00:00,1.24,1.31,1.0,104.25,1.0,104.25
2025-12-03 02:00:00,0.53,0.53,1.0,104.25,1.0,104.25
2025-12-03 03:00:00,0.32,0.3,1.0,104.25,1.0,104.25
2025-12-03 04:00:00,0.2,0.21,1.0,104.25,1.0,104.25
2025-12-03 05:00:00,0.39,0.43,1.0,104.25,1.0,104.25
2025-12-03 06:00:00,0.51,0.52,1.0,104.25,1.0,104.25
2025-12-03 07:00:00,0.76,0.81,1.0,104.25,1.0,104.25
2025-12-03 08:00:00,0.82,0.86,1.0,104.25,1.0,104.25
2025-12-03 09:00:00,0.95,1.0,1.0,104.25,1.0,104.25
2025-12-03 10:00:00,3.72,3.92,1.0,104.25,1.0,104.25
2025-12-03 11:00:00,4.9,5.26,1.0,104.25,1.0,104.25
2025-12-03 12:00:00,5.11,5.53,1.0,104.25,1.0,104.25
2025-12-03 13:00:00,5.85,6.36,1.0,104.25,1.0,104.25
2025-12-03 14:00:00,5.6,6.15,1.0,104.25,1.0,104.25
2025-12-03 15:00:00,4.61,5.1,1.0,104.25,1.0,104.25
2025-12-03 16:00:00,4.68,5.21,1.0,104.25,1.0,104.25
2025-12-03 17:00:00,4.94,5.57,1.0,104.25,1.0,104.25
2025-12-03 18:00:00,4.62,5.19,1.0,104.25,1.0,104.25
2025-12-03 19:00:00,5.3,5.95,1.0,104.25,1.0,104.25
2025-12-03 20:00:00,5.45,6.1,1.0,104.25,1.0,104.25
2025-12-03 21:00:00,4.3,4.75,1.0,104.25,1.0,104.25
2025-12-03 22:00:00,3.36,3.78,1.0,104.25,1.0,104.25
2025-12-03 23:00:00,4.11,4.58,1.0,104.25,1.0,104.25
2025-12-04 00:00:00,4.49,5.01,1.0,104.25,1.0,104.25
2025-12-04 01:00:00,4.69,5.18,1.0,104.25,1.0,104.25
2025-12-04 02:00:00,4.46,4.95,1.0,104.25,1.0,104.25
2025-12-04 03:00:00,4.0,4.31,1.0,104.25,1.0,104.25
2025-12-04 04:00:00,4.22,4.56,1.0,104.25,1.0,104.25
2025-12-04 05:00:00,3.88,4.18,1.0,104.25,1.0,104.25
2025-12-04 06:00:00,2.6,2.84,1.0,104.25,1.0,104.25
2025-12-04 07:00:00,2.14,2.35,1.0,104.25,1.0,104.25
2025-12-04 08:00:00,1.66,1.86,1.0,104.25,1.0,104.25
2025-12-04 09:00:00,0.9,0.92,1.0,104.25,1.0,104.25
2025-12-04 10:00:00,2.48,2.78,1.0,104.25,1.0,104.25
2025-12-04 11:00:00,2.5,2.76,1.0,104.25,1.0,104.25
2025-12-04 12:00:00,2.48,2.74,1.0,104.25,1.0,104.25
2025-12-04 13:00:00,2.78,3.08,1.0,104.25,1.0,104.25
2025-12-04 14:00:00,2.34,2.55,1.0,104.25,1.0,104.25
2025-12-04 15:00:00,1.75,1.85,1.0,104.25,1.0,104.25
2025-12-04 16:00:00,1.4,1.45,1.0,104.25,1.0,104.25
2025-12-04 17:00:00,1.43,1.43,1.0,104.25,1.0,104.25
2025-12-04 18:00:00,1.39,1.41,1.0,104.25,1.0,104.25
2025-12-04 19:00:00,1.81,1.88,1.0,104.25,1.0,104.25
2025-12-04 20:00:00,2.22,2.28,1.0,104.25,1.0,104.25
2025-12-04 21:00:00,2.55,2.66,1.0,104.25,1.0,104.25
2025-12-04 22:00:00,3.15,3.45,1.0,104.25,1.0,104.25
2025-12-04 23:00:00,2.8,3.1,1.0,104.25,1.0,104.25
2025-12-05 00:00:00,2.65,2.95,1.0,104.25,1.0,104.25
2025-12-05 01:00:00,2.7,2.95,1.0,104.25,1.0,104.25
2025-12-05 02:00:00,3.05,3.3,1.0,104.25,1.0,104.25
2025-12-05 03:00:00,3.15,3.41,1.0,104.25,1.0,104.25
2025-12-05 04:00:00,3.11,3.31,1.0,104.25,1.0,104.25
2025-12-05 05:00:00,3.03,3.24,1.0,104.25,1.0,104.25
2025-12-05 06:00:00,2.71,2.87,1.0,104.25,1.0,104.25
2025-12-05 07:00:00,2.73,2.87,1.0,104.25,1.0,104.25
2025-12-05 08:00:00,3.69,3.96,1.0,104.25,1.0,104.25
2025-12-05 09:00:00,4.65,5.03,1.0,104.25,1.0,104.25
2025-12-05 10:00:00,5.35,5.84,1.0,104.25,1.0,104.25
2025-12-05 11:00:00,5.15,5.72,1.0,104.25,1.0,104.25
2025-12-05 12:00:00,5.13,5.71,1.0,104.25,1.0,104.25
2025-12-05 13:00:00,5.21,5.82,1.0,104.25,1.0,104.25
2025-12-05 14:00:00,5.3,5.98,1.0,104.25,1.0,104.25
2025-12-05 15:00:00,5.31,5.98,1.0,104.25,1.0,104.25
2025-12-05 16:00:00,5.79,6.52,1.0,104.25,1.0,104.25
2025-12-05 17:00:00,6.21,6.95,1.0,104.25,1.0,104.25
2025-12-05 18:00:00,6.36,7.04,1.0,104.25,1.0,104.25
2025-12-05 19:00:00,6.19,6.96,1.0,104.25,1.0,104.25
2025-12-05 20:00:00,5.56,6.22,1.0,104.25,1.0,104.25
2025-12-05 21:00:00,5.12,5.72,1.0,104.25,1.0,104.25
2025-12-05 22:00:00,5.29,6.05,1.0,104.25,1.0,104.25
2025-12-05 23:00:00,4.85,5.5,1.0,104.25,1.0,104.25
2025-12-06 00:00:00,6.04,6.84,1.0,104.25,1.0,104.25
2025-12-06 01:00:00,6.1,6.8,1.0,104.25,1.0,104.25
2025-12-06 02:00:00,6.55,7.2,1.0,104.25,1.0,104.25
2025-12-06 03:00:00,6.56,7.31,1.0,104.25,1.0,104.25
2025-12-06 04:00:00,6.5,7.21,1.0,104.25,1.0,104.25
2025-12-06 05:00:00,7.03,7.84,1.0,104.25,1.0,104.25
2025-12-06 06:00:00,7.69,8.66,1.0,104.25,1.0,104.25
2025-12-06 07:00:00,7.25,8.15,1.0,104.25,1.0,104.25
2025-12-06 08:00:00,7.05,7.96,1.0,104.25,1.0,104.25
2025-12-06 09:00:00,7.26,8.19,1.0,104.25,1.0,104.25
2025-12-06 10:00:00,7.26,8.21,1.0,104.25,1.0,104.25
2025-12-06 11:00:00,7.18,8.17,1.0,104.25,1.0,104.25
2025-12-06 12:00:00,6.12,7.03,1.0,104.25,1.0,104.25
2025-12-06 13:00:00,5.55,6.25,1.0,104.25,1.0,104.25
2025-12-06 14:00:00,6.75,7.55,1.0,104.25,1.0,104.25
2025-12-06 15:00:00,7.35,8.3,1.0,104.25,1.0,104.25
2025-12-06 16:00:00,6.75,7.6,1.0,104.25,1.0,104.25
2025-12-06 17:00:00,6.17,6.87,1.0,104.25,1.0,104.25
2025-12-06 18:00:00,5.62,6.27,1.0,104.25,1.0,104.25
2025-12-06 19:00:00,5.33,5.92,1.0,104.25,1.0,104.25
2025-12-06 20:00:00,5.33,5.92,1.0,104.25,1.0,104.25
2025-12-06 21:00:00,5.78,6.42,1.0,104.25,1.0,104.25
2025-12-06 22:00:00,6.55,7.41,1.0,104.25,1.0,104.25
2025-12-06 23:00:00,7.67,8.73,1.0,104.25,1.0,104.25
2025-12-07 00:00:00,8.22,9.43,1.0,104.25,1.0,104.25
2025-12-07 01:00:00,8.16,9.47,1.0,104.25,1.0,104.25
2025-12-07 02:00:00,7.99,9.17,1.0,104.25,1.0,104.25
2025-12-07 03:00:00,7.72,8.83,1.0,104.25,1.0,104.25
2025-12-07 04:00:00,7.81,8.91,1.0,104.25,1.0,104.25
2025-12-07 05:00:00,7.9,8.95,1.0,104.25,1.0,104.25
2025-12-07 06:00:00,7.75,8.8,1.0,104.25,1.0,104.25
2025-12-07 07:00:00,7.57,8.56,1.0,104.25,1.0,104.25
2025-12-07 08:00:00,7.85,8.79,1.0,104.25,1.0,104.25
2025-12-07 09:00:00,7.9,8.94,1.0,104.25,1.0,104.25
2025-12-07 10:00:00,5.8,6.67,1.0,104.25,1.0,104.25
2025-12-07 11:00:00,6.25,7.05,1.0,104.25,1.0,104.25
2025-12-07 12:00:00,7.21,8.26,1.0,104.25,1.0,104.25
2025-12-07 13:00:00,6.92,7.83,1.0,104.25,1.0,104.25
2025-12-07 14:00:00,6.96,7.98,1.0,104.25,1.0,104.25
2025-12-07 15:00:00,6.33,7.2,1.0,104.25,1.0,104.25
2025-12-07 16:00:00,5.73,6.44,1.0,104.25,1.0,104.25
2025-12-07 17:00:00,5.43,6.08,1.0,104.25,1.0,104.25
2025-12-07 18:00:00,6.37,7.12,1.0,104.25,1.0,104.25
2025-12-07 19:00:00,7.05,7.95,1.0,104.25,1.0,104.25
2025-12-07 20:00:00,7.37,8.38,1.0,104.25,1.0,104.25
2025-12-07 21:00:00,7.09,8.1,1.0,104.25,1.0,104.25
2025-12-07 22:00:00,7.23,8.28,1.0,104.25,1.0,104.25
2025-12-07 23:00:00,7.21,8.27,1.0,104.25,1.0,104.25
2025-12-08 00:00:00,7.3,8.4,1.0,104.25,1.0,104.25
2025-12-08 01:00:00,7.1,8.15,1.0,104.25,1.0,104.25
2025-12-08 02:00:00,7.05,8.11,1.0,104.25,1.0,104.25
2025-12-08 03:00:00,7.13,8.19,1.0,104.25,1.0,104.25
2025-12-08 04:00:00,7.88,9.0,1.0,104.25,1.0,104.25
2025-12-08 05:00:00,8.54,9.76,1.0,104.25,1.0,104.25
2025-12-08 06:00:00,8.77,10.05,1.0,104.25,1.0,104.25
2025-12-08 07:00:00,8.84,10.15,1.0,104.25,1.0,104.25
2025-12-08 08:00:00,8.89,10.2,1.0,104.25,1.0,104.25
2025-12-08 09:00:00,9.0,10.31,1.0,104.25,1.0,104.25
2025-12-08 10:00:00,7.92,9.11,1.0,104.25,1.0,104.25
2025-12-08 11:00:00,7.6,8.67,1.0,104.25,1.0,104.25
2025-12-08 12:00:00,7.39,8.51,1.0,104.25,1.0,104.25
2025-12-08 13:00:00,7.25,8.26,1.0,104.25,1.0,104.25
2025-12-08 14:00:00,6.96,7.97,1.0,104.25,1.0,104.25
2025-12-08 15:00:00,6.5,7.4,1.0,104.25,1.0,104.25
2025-12-08 16:00:00,6.0,6.85,1.0,104.25,1.0,104.25
2025-12-08 17:00:00,5.86,6.67,1.0,104.25,1.0,104.25
2025-12-08 18:00:00,5.65,6.4,1.0,104.25,1.0,104.25
2025-12-08 19:00:00,5.65,6.4,1.0,104.25,1.0,104.25
2025-12-08 20:00:00,6.25,7.05,1.0,104.25,1.0,104.25
2025-12-08 21:00:00,6.6,7.45,1.0,104.25,1.0,104.25
2025-12-08 22:00:00,5.83,6.59,1.0,104.25,1.0,104.25
2025-12-08 23:00:00,5.79,6.5,1.0,104.25,1.0,104.25
2025-12-09 00:00:00,6.44,7.19,1.0,104.25,1.0,104.25
2025-12-09 01:00:00,6.69,7.47,1.0,104.25,1.0,104.25
2025-12-09 02:00:00,6.69,7.48,1.0,104.25,1.0,104.25
2025-12-09 03:00:00,6.45,7.18,1.0,104.25,1.0,104.25
2025-12-09 04:00:00,6.2,6.88,1.0,104.25,1.0,104.25
2025-12-09 05:00:00,6.83,7.59,1.0,104.25,1.0,104.25
2025-12-09 06:00:00,7.17,8.03,1.0,104.25,1.0,104.25
2025-12-09 07:00:00,7.38,8.29,1.0,104.25,1.0,104.25
2025-12-09 08:00:00,7.6,8.56,1.0,104.25,1.0,104.25
2025-12-09 09:00:00,8.14,9.24,1.0,104.25,1.0,104.25
2025-12-09 10:00:00,6.8,7.76,1.0,104.25,1.0,104.25
2025-12-09 11:00:00,6.6,7.57,1.0,104.25,1.0,104.25
2025-12-09 12:00:00,6.83,7.8,1.0,104.25,1.0,104.25
2025-12-09 13:00:00,7.03,8.07,1.0,104.25,1.0,104.25
2025-12-09 14:00:00,7.26,8.34,1.0,104.25,1.0,104.25
2025-12-09 15:00:00,7.51,8.65,1.0,104.25,1.0,104.25
2025-12-09 16:00:00,7.39,8.59,1.0,104.25,1.0,104.25
2025-12-09 17:00:00,7.4,8.54,1.0,104.25,1.0,104.25
2025-12-09 18:00:00,7.34,8.43,1.0,104.25,1.0,104.25
2025-12-09 19:00:00,6.99,8.02,1.0,104.25,1.0,104.25
2025-12-09 20:00:00,6.68,7.62,1.0,104.25,1.0,104.25
2025-12-09 21:00:00,6.67,7.5,1.0,104.25,1.0,104.25
2025-12-09 22:00:00,6.29,7.13,1.0,104.25,1.0,104.25
2025-12-09 23:00:00,6.1,6.97,1.0,104.25,1.0,104.25
2025-12-10 00:00:00,5.94,6.78,1.0,104.25,1.0,104.25
2025-12-10 01:00:00,5.76,6.41,1.0,104.25,1.0,104.25
2025-12-10 02:00:00,5.26,5.8,1.0,104.25,1.0,104.25
2025-12-10 03:00:00,5.0,5.45,1.0,104.25,1.0,104.25
2025-12-10 04:00:00,5.12,5.68,1.0,104.25,1.0,104.25
2025-12-10 05:00:00,4.89,5.44,1.0,104.25,1.0,104.25
2025-12-10 06:00:00,4.65,5.15,1.0,104.25,1.0,104.25
2025-12-10 07:00:00,4.67,5.17,1.0,104.25,1.0,104.25
2025-12-10 08:00:00,4.64,5.14,1.0,104.25,1.0,104.25
2025-12-10 09:00:00,4.54,5.04,1.0,104.25,1.0,104.25
2025-12-10 10:00:00,4.25,4.71,1.0,104.25,1.0,104.25
2025-12-10 11:00:00,4.39,4.99,1.0,104.25,1.0,104.25
2025-12-10 12:00:00,4.57,5.12,1.0,104.25,1.0,104.25
2025-12-10 13:00:00,4.2,4.75,1.0,104.25,1.0,104.25
2025-12-10 14:00:00,3.94,4.53,1.0,104.25,1.0,104.25
2025-12-10 15:00:00,3.85,4.4,1.0,104.25,1.0,104.25
2025-12-10 16:00:00,3.76,4.21,1.0,104.25,1.0,104.25
2025-12-10 17:00:00,4.18,4.68,1.0,104.25,1.0,104.25
2025-12-10 18:00:00,4.25,4.76,1.0,104.25,1.0,104.25
2025-12-10 19:00:00,4.66,5.11,1.0,104.25,1.0,104.25
2025-12-10 20:00:00,4.03,4.48,1.0,104.25,1.0,104.25
2025-12-10 21:00:00,3.4,3.8,1.0,104.25,1.0,104.25
2025-12-10 22:00:00,3.3,3.61,1.0,104.25,1.0,104.25
2025-12-10 23:00:00,2.49,2.78,1.0,104.25,1.0,104.25
2025-12-11 00:00:00,3.01,3.34,1.0,104.25,1.0,104.25
2025-12-11 01:00:00,2.97,3.23,1.0,104.25,1.0,104.25
2025-12-11 02:00:00,2.6,2.78,1.0,104.25,1.0,104.25
2025-12-11 03:00:00,2.7,2.91,1.0,104.25,1.0,104.25
2025-12-11 04:00:00,2.79,3.02,1.0,104.25,1.0,104.25
2025-12-11 05:00:00,2.52,2.73,1.0,104.25,1.0,104.25
2025-12-11 06:00:00,2.38,2.55,1.0,104.25,1.0,104.25
2025-12-11 07:00:00,2.3,2.41,1.0,104.25,1.0,104.25
2025-12-11 08:00:00,2.41,2.55,1.0,104.25,1.0,104.25
2025-12-11 09:00:00,2.86,3.07,1.0,104.25,1.0,104.25
2025-12-11 10:00:00,0.58,0.6,1.0,104.25,1.0,104.25
2025-12-11 11:00:00,0.89,0.9,1.0,104.25,1.0,104.25
2025-12-11 12:00:00,1.35,1.36,1.0,104.25,1.0,104.25
2025-12-11 13:00:00,1.75,1.82,1.0,104.25,1.0,104.25
2025-12-11 14:00:00,2.02,2.16,1.0,104.25,1.0,104.25
2025-12-11 15:00:00,1.88,2.06,1.0,104.25,1.0,104.25
2025-12-11 16:00:00,2.13,2.3,1.0,104.25,1.0,104.25
2025-12-11 17:00:00,2.85,3.15,1.0,104.25,1.0,104.25
2025-12-11 18:00:00,3.34,3.69,1.0,104.25,1.0,104.25
2025-12-11 19:00:00,3.72,4.12,1.0,104.25,1.0,104.25
2025-12-11 20:00:00,4.01,4.47,1.0,104.25,1.0,104.25
2025-12-11 21:00:00,4.07,4.52,1.0,104.25,1.0,104.25
2025-12-11 22:00:00,3.92,4.37,1.0,104.25,1.0,104.25
2025-12-11 23:00:00,3.4,3.75,1.0,104.25,1.0,104.25
2025-12-12 00:00:00,3.32,3.67,1.0,104.25,1.0,104.25
2025-12-12 01:00:00,3.0,3.26,1.0,104.25,1.0,104.25
2025-12-12 02:00:00,3.08,3.33,1.0,104.25,1.0,104.25
2025-12-12 03:00:00,3.26,3.51,1.0,104.25,1.0,104.25
2025-12-12 04:00:00,3.71,3.96,1.0,104.25,1.0,104.25
2025-12-12 05:00:00,3.67,3.93,1.0,104.25,1.0,104.25
2025-12-12 06:00:00,3.57,3.84,1.0,104.25,1.0,104.25
2025-12-12 07:00:00,4.37,4.75,1.0,104.25,1.0,104.25
2025-12-12 08:00:00,4.0,4.33,1.0,104.25,1.0,104.25
2025-12-12 09:00:00,4.7,5.12,1.0,104.25,1.0,104.25
2025-12-12 10:00:00,3.09,3.34,1.0,104.25,1.0,104.25
2025-12-12 11:00:00,2.65,2.95,1.0,104.25,1.0,104.25
2025-12-12 12:00:00,3.05,3.36,1.0,104.25,1.0,104.25
2025-12-12 13:00:00,3.26,3.66,1.0,104.25,1.0,104.25
2025-12-12 14:00:00,3.69,4.04,1.0,104.25,1.0,104.25
2025-12-12 15:00:00,3.7,4.2,1.0,104.25,1.0,104.25
2025-12-12 16:00:00,3.81,4.26,1.0,104.25,1.0,104.25
2025-12-12 17:00:00,3.87,4.43,1.0,104.25,1.0,104.25
2025-12-12 18:00:00,4.51,5.19,1.0,104.25,1.0,104.25
2025-12-12 19:00:00,5.15,5.85,1.0,104.25,1.0,104.25
2025-12-12 20:00:00,4.74,5.45,1.0,104.25,1.0,104.25
2025-12-12 21:00:00,4.17,4.79,1.0,104.25,1.0,104.25
2025-12-12 22:00:00,2.99,3.22,1.0,104.25,1.0,104.25
2025-12-12 23:00:00,4.53,4.88,1.0,104.25,1.0,104.25
2025-12-13 00:00:00,5.63,6.23,1.0,104.25,1.0,104.25
2025-12-13 01:00:00,5.8,6.44,1.0,104.25,1.0,104.25
2025-12-13 02:00:00,5.14,5.72,1.0,104.25,1.0,104.25
2025-12-13 03:00:00,3.75,4.13,1.0,104.25,1.0,104.25
2025-12-13 04:00:00,2.23,2.41,1.0,104.25,1.0,104.25
2025-12-13 05:00:00,1.82,1.92,1.0,104.25,1.0,104.25
2025-12-13 06:00:00,2.11,2.27,1.0,104.25,1.0,104.25
2025-12-13 07:00:00,1.9,2.05,1.0,104.25,1.0,104.25
2025-12-13 08:00:00,1.61,1.81,1.0,104.25,1.0,104.25
2025-12-13 09:00:00,1.72,1.92,1.0,104.25,1.0,104.25
2025-12-13 10:00:00,3.46,3.82,1.0,104.25,1.0,104.25
2025-12-13 11:00:00,3.17,3.48,1.0,104.25,1.0,104.25
2025-12-13 12:00:00,3.16,3.46,1.0,104.25,1.0,104.25
2025-12-13 13:00:00,3.67,4.03,1.0,104.25,1.0,104.25
2025-12-13 14:00:00,5.12,5.67,1.0,104.25,1.0,104.25
2025-12-13 15:00:00,5.9,6.56,1.0,104.25,1.0,104.25
2025-12-13 16:00:00,6.1,6.8,1.0,104.25,1.0,104.25
2025-12-13 17:00:00,6.12,6.87,1.0,104.25,1.0,104.25
2025-12-13 18:00:00,6.47,7.28,1.0,104.25,1.0,104.25
2025-12-13 19:00:00,6.69,7.55,1.0,104.25,1.0,104.25
2025-12-13 20:00:00,6.28,7.15,1.0,104.25,1.0,104.25
2025-12-13 21:00:00,5.71,6.63,1.0,104.25,1.0,104.25
2025-12-13 22:00:00,5.71,6.53,1.0,104.25,1.0,104.25
2025-12-13 23:00:00,5.81,6.63,1.0,104.25,1.0,104.25
2025-12-14 00:00:00,5.96,6.78,1.0,104.25,1.0,104.25
2025-12-14 01:00:00,5.94,6.75,1.0,104.25,1.0,104.25
2025-12-14 02:00:00,5.18,5.85,1.0,104.25,1.0,104.25
2025-12-14 03:00:00,4.05,4.5,1.0,104.25,1.0,104.25
2025-12-14 04:00:00,3.55,3.9,1.0,104.25,1.0,104.25
2025-12-14 05:00:00,3.48,3.84,1.0,104.25,1.0,104.25
2025-12-14 06:00:00,3.47,3.85,1.0,104.25,1.0,104.25
2025-12-14 07:00:00,3.42,3.72,1.0,104.25,1.0,104.25
2025-12-14 08:00:00,3.78,4.1,1.0,104.25,1.0,104.25
2025-12-14 09:00:00,4.38,4.7,1.0,104.25,1.0,104.25
2025-12-14 10:00:00,2.61,2.77,1.0,104.25,1.0,104.25
2025-12-14 11:00:00,3.11,3.42,1.0,104.25,1.0,104.25
2025-12-14 12:00:00,3.37,3.72,1.0,104.25,1.0,104.25
2025-12-14 13:00:00,3.16,3.48,1.0,104.25,1.0,104.25
2025-12-14 14:00:00,2.93,3.18,1.0,104.25,1.0,104.25
2025-12-14 15:00:00,3.18,3.49,1.0,104.25,1.0,104.25
2025-12-14 16:00:00,3.75,4.05,1.0,104.25,1.0,104.25
2025-12-14 17:00:00,4.05,4.4,1.0,104.25,1.0,104.25
2025-12-14 18:00:00,3.97,4.33,1.0,104.25,1.0,104.25
2025-12-14 19:00:00,3.72,4.21,1.0,104.25,1.0,104.25
2025-12-14 20:00:00,3.71,4.15,1.0,104.25,1.0,104.25
2025-12-14 21:00:00,3.41,3.74,1.0,104.25,1.0,104.25
2025-12-14 22:00:00,4.94,5.44,1.0,104.25,1.0,104.25
2025-12-14 23:00:00,4.21,4.61,1.0,104.25,1.0,104.25
2025-12-15 00:00:00,4.03,4.32,1.0,104.25,1.0,104.25
2025-12-15 01:00:00,4.33,4.64,1.0,104.25,1.0,104.25
2025-12-15 02:00:00,4.34,4.71,1.0,104.25,1.0,104.25
2025-12-15 03:00:00,3.97,4.34,1.0,104.25,1.0,104.25
2025-12-15 04:00:00,3.57,3.97,1.0,104.25,1.0,104.25
2025-12-15 05:00:00,3.77,4.18,1.0,104.25,1.0,104.25
2025-12-15 06:00:00,4.33,4.73,1.0,104.25,1.0,104.25
2025-12-15 07:00:00,4.23,4.63,1.0,104.25,1.0,104.25
2025-12-15 08:00:00,4.88,5.37,1.0,104.25,1.0,104.25
2025-12-15 09:00:00,5.11,5.68,1.0,104.25,1.0,104.25
2025-12-15 10:00:00,5.08,5.67,1.0,104.25,1.0,104.25
2025-12-15 11:00:00,5.19,5.88,1.0,104.25,1.0,104.25
2025-12-15 12:00:00,5.07,5.7,1.0,104.25,1.0,104.25
2025-12-15 13:00:00,3.88,4.35,1.0,104.25,1.0,104.25
2025-12-15 14:00:00,3.58,3.96,1.0,104.25,1.0,104.25
2025-12-15 15:00:00,2.75,2.93,1.0,104.25,1.0,104.25
2025-12-15 16:00:00,2.85,2.94,1.0,104.25,1.0,104.25
2025-12-15 17:00:00,3.26,3.35,1.0,104.25,1.0,104.25
2025-12-15 18:00:00,2.22,2.31,1.0,104.25,1.0,104.25
2025-12-15 19:00:00,1.36,1.41,1.0,104.25,1.0,104.25
2025-12-15 20:00:00,1.21,1.21,1.0,104.25,1.0,104.25
2025-12-15 21:00:00,1.65,1.69,1.0,104.25,1.0,104.25
2025-12-15 22:00:00,1.74,1.74,1.0,104.25,1.0,104.25
2025-12-15 23:00:00,2.79,2.83,1.0,104.25,1.0,104.25
2025-12-16 00:00:00,3.27,3.38,1.0,104.25,1.0,104.25
2025-12-16 01:00:00,4.17,4.48,1.0,104.25,1.0,104.25
2025-12-16 02:00:00,4.7,5.24,1.0,104.25,1.0,104.25
2025-12-16 03:00:00,4.54,5.01,1.0,104.25,1.0,104.25
2025-12-16 04:00:00,4.18,4.65,1.0,104.25,1.0,104.25
2025-12-16 05:00:00,4.44,4.93,1.0,104.25,1.0,104.25
2025-12-16 06:00:00,4.41,4.85,1.0,104.25,1.0,104.25
2025-12-16 07:00:00,3.25,3.55,1.0,104.25,1.0,104.25
2025-12-16 08:00:00,2.69,2.76,1.0,104.25,1.0,104.25
2025-12-16 09:00:00,3.19,3.27,1.0,104.25,1.0,104.25
2025-12-16 10:00:00,5.66,6.26,1.0,104.25,1.0,104.25
2025-12-16 11:00:00,5.88,6.6,1.0,104.25,1.0,104.25
2025-12-16 12:00:00,6.09,6.91,1.0,104.25,1.0,104.25
2025-12-16 13:00:00,5.66,6.4,1.0,104.25,1.0,104.25
2025-12-16 14:00:00,5.64,6.33,1.0,104.25,1.0,104.25
2025-12-16 15:00:00,4.92,5.52,1.0,104.25,1.0,104.25
2025-12-16 16:00:00,4.08,4.59,1.0,104.25,1.0,104.25
2025-12-16 17:00:00,3.57,3.98,1.0,104.25,1.0,104.25
2025-12-16 18:00:00,2.91,3.24,1.0,104.25,1.0,104.25
2025-12-16 19:00:00,2.39,2.55,1.0,104.25,1.0,104.25
2025-12-16 20:00:00,1.41,1.46,1.0,104.25,1.0,104.25
2025-12-16 21:00:00,1.19,1.15,1.0,104.25,1.0,104.25
2025-12-16 22:00:00,2.75,2.86,1.0,104.25,1.0,104.25
2025-12-16 23:00:00,3.21,3.38,1.0,104.25,1.0,104.25
2025-12-17 00:00:00,2.97,3.11,1.0,104.25,1.0,104.25
2025-12-17 01:00:00,3.13,3.27,1.0,104.25,1.0,104.25
2025-12-17 02:00:00,3.46,3.65,1.0,104.25,1.0,104.25
2025-12-17 03:00:00,3.56,3.72,1.0,104.25,1.0,104.25
2025-12-17 04:00:00,4.2,4.38,1.0,104.25,1.0,104.25
2025-12-17 05:00:00,5.26,5.65,1.0,104.25,1.0,104.25
2025-12-17 06:00:00,5.98,6.47,1.0,104.25,1.0,104.25
2025-12-17 07:00:00,5.94,6.47,1.0,104.25,1.0,104.25
2025-12-17 08:00:00,5.3,5.73,1.0,104.25,1.0,104.25
2025-12-17 09:00:00,4.92,5.27,1.0,104.25,1.0,104.25
2025-12-17 10:00:00,6.47,7.18,1.0,104.25,1.0,104.25
2025-12-17 11:00:00,6.19,7.02,1.0,104.25,1.0,104.25
2025-12-17 12:00:00,6.06,6.86,1.0,104.25,1.0,104.25
2025-12-17 13:00:00,5.57,6.31,1.0,104.25,1.0,104.25
2025-12-17 14:00:00,5.67,6.38,1.0,104.25,1.0,104.25
2025-12-17 15:00:00,6.08,7.0,1.0,104.25,1.0,104.25
2025-12-17 16:00:00,6.51,7.74,1.0,104.25,1.0,104.25
2025-12-17 17:00:00,6.44,7.54,1.0,104.25,1.0,104.25
2025-12-17 18:00:00,6.55,7.79,1.0,104.25,1.0,104.25
2025-12-17 19:00:00,6.68,7.75,1.0,104.25,1.0,104.25
2025-12-17 20:00:00,7.15,8.18,1.0,104.25,1.0,104.25
2025-12-17 21:00:00,7.12,8.18,1.0,104.25,1.0,104.25
2025-12-17 22:00:00,7.89,8.91,1.0,104.25,1.0,104.25
2025-12-17 23:00:00,8.47,9.79,1.0,104.25,1.0,104.25
2025-12-18 00:00:00,7.56,8.81,1.0,104.25,1.0,104.25
2025-12-18 01:00:00,7.32,8.49,1.0,104.25,1.0,104.25
2025-12-18 02:00:00,8.03,9.25,1.0,104.25,1.0,104.25
2025-12-18 03:00:00,8.34,9.54,1.0,104.25,1.0,104.25
2025-12-18 04:00:00,8.14,9.38,1.0,104.25,1.0,104.25
2025-12-18 05:00:00,7.38,8.44,1.0,104.25,1.0,104.25
2025-12-18 06:00:00,7.21,8.16,1.0,104.25,1.0,104.25
2025-12-18 07:00:00,7.45,8.52,1.0,104.25,1.0,104.25
2025-12-18 08:00:00,7.74,8.8,1.0,104.25,1.0,104.25
2025-12-18 09:00:00,7.42,8.43,1.0,104.25,1.0,104.25
2025-12-18 10:00:00,6.12,6.98,1.0,104.25,1.0,104.25
2025-12-18 11:00:00,6.62,7.52,1.0,104.25,1.0,104.25
2025-12-18 12:00:00,6.08,6.94,1.0,104.25,1.0,104.25
2025-12-18 13:00:00,6.07,6.88,1.0,104.25,1.0,104.25
2025-12-18 14:00:00,6.55,7.5,1.0,104.25,1.0,104.25
2025-12-18 15:00:00,6.35,7.3,1.0,104.25,1.0,104.25
2025-12-18 16:00:00,6.4,7.26,1.0,104.25,1.0,104.25
2025-12-18 17:00:00,6.55,7.41,1.0,104.25,1.0,104.25
2025-12-18 18:00:00,6.3,7.2,1.0,104.25,1.0,104.25
2025-12-18 19:00:00,6.1,7.0,1.0,104.25,1.0,104.25
2025-12-18 20:00:00,5.92,6.82,1.0,104.25,1.0,104.25
2025-12-18 21:00:00,5.8,6.56,1.0,104.25,1.0,104.25
2025-12-18 22:00:00,5.16,5.74,1.0,104.25,1.0,104.25
2025-12-18 23:00:00,5.47,6.1,1.0,104.25,1.0,104.25
2025-12-19 00:00:00,5.65,6.33,1.0,104.25,1.0,104.25
2025-12-19 01:00:00,5.69,6.34,1.0,104.25,1.0,104.25
2025-12-19 02:00:00,6.34,7.08,1.0,104.25,1.0,104.25
2025-12-19 03:00:00,6.98,7.85,1.0,104.25,1.0,104.25
2025-12-19 04:00:00,7.13,8.01,1.0,104.25,1.0,104.25
2025-12-19 05:00:00,7.05,7.95,1.0,104.25,1.0,104.25
2025-12-19 06:00:00,6.79,7.61,1.0,104.25,1.0,104.25
2025-12-19 07:00:00,6.1,6.89,1.0,104.25,1.0,104.25
2025-12-19 08:00:00,5.63,6.33,1.0,104.25,1.0,104.25
2025-12-19 09:00:00,5.35,6.02,1.0,104.25,1.0,104.25
2025-12-19 10:00:00,4.97,5.68,1.0,104.25,1.0,104.25
2025-12-19 11:00:00,5.24,6.01,1.0,104.25,1.0,104.25
2025-12-19 12:00:00,6.35,7.27,1.0,104.25,1.0,104.25
2025-12-19 13:00:00,6.63,7.62,1.0,104.25,1.0,104.25
2025-12-19 14:00:00,6.44,7.37,1.0,104.25,1.0,104.25
2025-12-19 15:00:00,6.74,7.71,1.0,104.25,1.0,104.25
2025-12-19 16:00:00,6.98,8.09,1.0,104.25,1.0,104.25
2025-12-19 17:00:00,7.27,8.43,1.0,104.25,1.0,104.25
2025-12-19 18:00:00,7.52,8.73,1.0,104.25,1.0,104.25
2025-12-19 19:00:00,7.53,8.94,1.0,104.25,1.0,104.25
2025-12-19 20:00:00,8.18,9.6,1.0,104.25,1.0,104.25
2025-12-19 21:00:00,8.04,9.41,1.0,104.25,1.0,104.25
2025-12-19 22:00:00,6.87,7.98,1.0,104.25,1.0,104.25
2025-12-19 23:00:00,6.58,7.63,1.0,104.25,1.0,104.25
2025-12-20 00:00:00,6.5,7.51,1.0,104.25,1.0,104.25
2025-12-20 01:00:00,6.33,7.23,1.0,104.25,1.0,104.25
2025-12-20 02:00:00,6.5,7.35,1.0,104.25,1.0,104.25
2025-12-20 03:00:00,6.91,7.82,1.0,104.25,1.0,104.25
2025-12-20 04:00:00,7.04,8.04,1.0,104.25,1.0,104.25
2025-12-20 05:00:00,6.74,7.74,1.0,104.25,1.0,104.25
2025-12-20 06:00:00,6.32,7.27,1.0,104.25,1.0,104.25
2025-12-20 07:00:00,6.06,7.01,1.0,104.25,1.0,104.25
2025-12-20 08:00:00,5.9,6.8,1.0,104.25,1.0,104.25
2025-12-20 09:00:00,6.65,7.65,1.0,104.25,1.0,104.25
2025-12-20 10:00:00,4.88,5.88,1.0,104.25,1.0,104.25
2025-12-20 11:00:00,5.85,6.85,1.0,104.25,1.0,104.25
2025-12-20 12:00:00,5.89,6.94,1.0,104.25,1.0,104.25
2025-12-20 13:00:00,5.82,6.78,1.0,104.25,1.0,104.25
2025-12-20 14:00:00,6.1,7.11,1.0,104.25,1.0,104.25
2025-12-20 15:00:00,6.42,7.47,1.0,104.25,1.0,104.25
2025-12-20 16:00:00,6.85,7.95,1.0,104.25,1.0,104.25
2025-12-20 17:00:00,7.26,8.41,1.0,104.25,1.0,104.25
2025-12-20 18:00:00,7.12,8.28,1.0,104.25,1.0,104.25
2025-12-20 19:00:00,6.85,7.9,1.0,104.25,1.0,104.25
2025-12-20 20:00:00,7.01,8.06,1.0,104.25,1.0,104.25
2025-12-20 21:00:00,7.1,8.2,1.0,104.25,1.0,104.25
2025-12-20 22:00:00,7.42,8.52,1.0,104.25,1.0,104.25
2025-12-20 23:00:00,8.08,9.33,1.0,104.25,1.0,104.25
2025-12-21 00:00:00,8.23,9.58,1.0,104.25,1.0,104.25
2025-12-21 01:00:00,7.71,9.01,1.0,104.25,1.0,104.25
2025-12-21 02:00:00,7.16,8.21,1.0,104.25,1.0,104.25
2025-12-21 03:00:00,6.54,7.49,1.0,104.25,1.0,104.25
2025-12-21 04:00:00,6.83,7.78,1.0,104.25,1.0,104.25
2025-12-21 05:00:00,7.05,8.05,1.0,104.25,1.0,104.25
2025-12-21 06:00:00,7.21,8.26,1.0,104.25,1.0,104.25
2025-12-21 07:00:00,7.3,8.45,1.0,104.25,1.0,104.25
2025-12-21 08:00:00,7.25,8.4,1.0,104.25,1.0,104.25
2025-12-21 09:00:00,7.35,8.6,1.0,104.25,1.0,104.25
2025-12-21 10:00:00,6.27,7.57,1.0,104.25,1.0,104.25
2025-12-21 11:00:00,6.32,7.62,1.0,104.25,1.0,104.25
2025-12-21 12:00:00,6.16,7.37,1.0,104.25,1.0,104.25
2025-12-21 13:00:00,6.04,7.13,1.0,104.25,1.0,104.25
2025-12-21 14:00:00,6.06,7.14,1.0,104.25,1.0,104.25
2025-12-21 15:00:00,6.25,7.32,1.0,104.25,1.0,104.25
2025-12-21 16:00:00,6.55,7.62,1.0,104.25,1.0,104.25
2025-12-21 17:00:00,6.95,8.09,1.0,104.25,1.0,104.25
2025-12-21 18:00:00,7.38,8.55,1.0,104.25,1.0,104.25
2025-12-21 19:00:00,7.52,8.79,1.0,104.25,1.0,104.25
2025-12-21 20:00:00,7.68,9.0,1.0,104.25,1.0,104.25
2025-12-21 21:00:00,7.96,9.37,1.0,104.25,1.0,104.25
2025-12-21 22:00:00,8.0,9.35,1.0,104.25,1.0,104.25
2025-12-21 23:00:00,8.15,9.5,1.0,104.25,1.0,104.25
2025-12-22 00:00:00,8.11,9.46,1.0,104.25,1.0,104.25
2025-12-22 01:00:00,8.28,9.62,1.0,104.25,1.0,104.25
2025-12-22 02:00:00,8.24,9.55,1.0,104.25,1.0,104.25
2025-12-22 03:00:00,8.18,9.43,1.0,104.25,1.0,104.25
2025-12-22 04:00:00,7.87,9.12,1.0,104.25,1.0,104.25
2025-12-22 05:00:00,7.66,8.91,1.0,104.25,1.0,104.25
2025-12-22 06:00:00,7.7,8.95,1.0,104.25,1.0,104.25
2025-12-22 07:00:00,7.95,9.25,1.0,104.25,1.0,104.25
2025-12-22 08:00:00,7.96,9.31,1.0,104.25,1.0,104.25
2025-12-22 09:00:00,7.9,9.25,1.0,104.25,1.0,104.25
2025-12-22 10:00:00,6.68,7.88,1.0,104.25,1.0,104.25
2025-12-22 11:00:00,7.01,8.21,1.0,104.25,1.0,104.25
2025-12-22 12:00:00,7.42,8.67,1.0,104.25,1.0,104.25
2025-12-22 13:00:00,7.27,8.52,1.0,104.25,1.0,104.25
2025-12-22 14:00:00,7.31,8.57,1.0,104.25,1.0,104.25
2025-12-22 15:00:00,7.23,8.43,1.0,104.25,1.0,104.25
2025-12-22 16:00:00,7.4,8.56,1.0,104.25,1.0,104.25
2025-12-22 17:00:00,7.36,8.51,1.0,104.25,1.0,104.25
2025-12-22 18:00:00,6.97,8.07,1.0,104.25,1.0,104.25
2025-12-22 19:00:00,6.71,7.76,1.0,104.25,1.0,104.25
2025-12-22 20:00:00,6.55,7.55,1.0,104.25,1.0,104.25
2025-12-22 21:00:00,6.6,7.57,1.0,104.25,1.0,104.25
2025-12-22 22:00:00,6.39,7.31,1.0,104.25,1.0,104.25
2025-12-22 23:00:00,6.37,7.4,1.0,104.25,1.0,104.25
2025-12-23 00:00:00,6.16,7.17,1.0,104.25,1.0,104.25
2025-12-23 01:00:00,6.61,7.62,1.0,104.25,1.0,104.25
2025-12-23 02:00:00,6.72,7.74,1.0,104.25,1.0,104.25
2025-12-23 03:00:00,6.56,7.47,1.0,104.25,1.0,104.25
2025-12-23 04:00:00,6.73,7.69,1.0,104.25,1.0,104.25
2025-12-23 05:00:00,6.85,7.85,1.0,104.25,1.0,104.25
2025-12-23 06:00:00,6.45,7.35,1.0,104.25,1.0,104.25
2025-12-23 07:00:00,6.56,7.52,1.0,104.25,1.0,104.25
2025-12-23 08:00:00,6.67,7.68,1.0,104.25,1.0,104.25
2025-12-23 09:00:00,7.25,8.45,1.0,104.25,1.0,104.25
2025-12-23 10:00:00,6.18,7.8,1.0,104.25,1.0,104.25
2025-12-23 11:00:00,5.91,7.37,1.0,104.25,1.0,104.25
2025-12-23 12:00:00,6.47,7.79,1.0,104.25,1.0,104.25
2025-12-23 13:00:00,7.16,8.47,1.0,104.25,1.0,104.25
2025-12-23 14:00:00,7.44,8.75,1.0,104.25,1.0,104.25
2025-12-23 15:00:00,7.35,8.61,1.0,104.25,1.0,104.25
2025-12-23 16:00:00,7.33,8.58,1.0,104.25,1.0,104.25
2025-12-23 17:00:00,7.32,8.57,1.0,104.25,1.0,104.25
2025-12-23 18:00:00,7.4,8.71,1.0,104.25,1.0,104.25
2025-12-23 19:00:00,7.29,8.49,1.0,104.25,1.0,104.25
2025-12-23 20:00:00,7.23,8.39,1.0,104.25,1.0,104.25
2025-12-23 21:00:00,7.16,8.29,1.0,104.25,1.0,104.25
2025-12-23 22:00:00,6.29,7.23,1.0,104.25,1.0,104.25
2025-12-23 23:00:00,5.95,6.88,1.0,104.25,1.0,104.25
2025-12-24 00:00:00,5.81,6.62,1.0,104.25,1.0,104.25
2025-12-24 01:00:00,6.14,6.95,1.0,104.25,1.0,104.25
2025-12-24 02:00:00,6.5,7.37,1.0,104.25,1.0,104.25
2025-12-24 03:00:00,6.87,7.82,1.0,104.25,1.0,104.25
2025-12-24 04:00:00,7.11,8.17,1.0,104.25,1.0,104.25
2025-12-24 05:00:00,7.13,8.23,1.0,104.25,1.0,104.25
2025-12-24 06:00:00,7.15,8.3,1.0,104.25,1.0,104.25
2025-12-24 07:00:00,6.8,7.9,1.0,104.25,1.0,104.25
2025-12-24 08:00:00,6.65,7.7,1.0,104.25,1.0,104.25
2025-12-24 09:00:00,7.05,8.2,1.0,104.25,1.0,104.25
2025-12-24 10:00:00,6.22,7.26,1.0,104.25,1.0,104.25
2025-12-24 11:00:00,5.72,6.76,1.0,104.25,1.0,104.25
2025-12-24 12:00:00,5.94,6.94,1.0,104.25,1.0,104.25
2025-12-24 13:00:00,5.2,6.01,1.0,104.25,1.0,104.25
2025-12-24 14:00:00,5.62,6.46,1.0,104.25,1.0,104.25
2025-12-24 15:00:00,6.15,7.05,1.0,104.25,1.0,104.25
2025-12-24 16:00:00,6.45,7.4,1.0,104.25,1.0,104.25
2025-12-24 17:00:00,6.45,7.4,1.0,104.25,1.0,104.25
2025-12-24 18:00:00,6.5,7.5,1.0,104.25,1.0,104.25
2025-12-24 19:00:00,6.7,7.75,1.0,104.25,1.0,104.25
2025-12-24 20:00:00,6.85,7.91,1.0,104.25,1.0,104.25
2025-12-24 21:00:00,7.21,8.31,1.0,104.25,1.0,104.25
2025-12-24 22:00:00,6.58,7.58,1.0,104.25,1.0,104.25
2025-12-24 23:00:00,6.15,7.1,1.0,104.25,1.0,104.25
2025-12-25 00:00:00,5.88,6.73,1.0,104.25,1.0,104.25
2025-12-25 01:00:00,5.68,6.38,1.0,104.25,1.0,104.25
2025-12-25 02:00:00,5.6,6.26,1.0,104.25,1.0,104.25
2025-12-25 03:00:00,5.6,6.26,1.0,104.25,1.0,104.25
2025-12-25 04:00:00,5.9,6.56,1.0,104.25,1.0,104.25
2025-12-25 05:00:00,5.99,6.75,1.0,104.25,1.0,104.25
2025-12-25 06:00:00,5.69,6.4,1.0,104.25,1.0,104.25
2025-12-25 07:00:00,5.46,6.16,1.0,104.25,1.0,104.25
2025-12-25 08:00:00,5.47,6.12,1.0,104.25,1.0,104.25
2025-12-25 09:00:00,6.22,7.02,1.0,104.25,1.0,104.25
2025-12-25 10:00:00,4.38,5.32,1.0,104.25,1.0,104.25
2025-12-25 11:00:00,5.21,6.06,1.0,104.25,1.0,104.25
2025-12-25 12:00:00,6.04,7.01,1.0,104.25,1.0,104.25
2025-12-25 13:00:00,6.25,7.32,1.0,104.25,1.0,104.25
2025-12-25 14:00:00,5.98,6.99,1.0,104.25,1.0,104.25
2025-12-25 15:00:00,5.57,6.48,1.0,104.25,1.0,104.25
2025-12-25 16:00:00,5.3,6.17,1.0,104.25,1.0,104.25
2025-12-25 17:00:00,5.38,6.09,1.0,104.25,1.0,104.25
2025-12-25 18:00:00,6.31,7.13,1.0,104.25,1.0,104.25
2025-12-25 19:00:00,6.43,7.24,1.0,104.25,1.0,104.25
2025-12-25 20:00:00,6.05,6.81,1.0,104.25,1.0,104.25
2025-12-25 21:00:00,6.03,6.82,1.0,104.25,1.0,104.25
2025-12-25 22:00:00,4.92,5.49,1.0,104.25,1.0,104.25
2025-12-25 23:00:00,4.25,4.78,1.0,104.25,1.0,104.25
2025-12-26 00:00:00,3.66,4.06,1.0,104.25,1.0,104.25
2025-12-26 01:00:00,3.65,3.99,1.0,104.25,1.0,104.25
2025-12-26 02:00:00,3.89,4.24,1.0,104.25,1.0,104.25
2025-12-26 03:00:00,3.98,4.33,1.0,104.25,1.0,104.25
2025-12-26 04:00:00,4.0,4.35,1.0,104.25,1.0,104.25
2025-12-26 05:00:00,3.93,4.28,1.0,104.25,1.0,104.25
2025-12-26 06:00:00,3.87,4.22,1.0,104.25,1.0,104.25
2025-12-26 07:00:00,4.45,4.95,1.0,104.25,1.0,104.25
2025-12-26 08:00:00,3.94,4.43,1.0,104.25,1.0,104.25
2025-12-26 09:00:00,3.7,4.1,1.0,104.25,1.0,104.25
2025-12-26 10:00:00,3.17,3.62,1.0,104.25,1.0,104.25
2025-12-26 11:00:00,3.7,4.1,1.0,104.25,1.0,104.25
2025-12-26 12:00:00,3.81,4.26,1.0,104.25,1.0,104.25
2025-12-26 13:00:00,3.59,3.99,1.0,104.25,1.0,104.25
2025-12-26 14:00:00,3.63,3.93,1.0,104.25,1.0,104.25
2025-12-26 15:00:00,3.8,4.09,1.0,104.25,1.0,104.25
2025-12-26 16:00:00,3.26,3.61,1.0,104.25,1.0,104.25
2025-12-26 17:00:00,2.79,3.07,1.0,104.25,1.0,104.25
2025-12-26 18:00:00,3.14,3.41,1.0,104.25,1.0,104.25
2025-12-26 19:00:00,3.57,3.89,1.0,104.25,1.0,104.25
2025-12-26 20:00:00,3.26,3.54,1.0,104.25,1.0,104.25
2025-12-26 21:00:00,3.11,3.42,1.0,104.25,1.0,104.25
2025-12-26 22:00:00,2.86,3.07,1.0,104.25,1.0,104.25
2025-12-26 23:00:00,2.39,2.53,1.0,104.25,1.0,104.25
2025-12-27 00:00:00,2.27,2.41,1.0,104.25,1.0,104.25
2025-12-27 01:00:00,2.05,2.2,1.0,104.25,1.0,104.25
2025-12-27 02:00:00,1.57,1.68,1.0,104.25,1.0,104.25
2025-12-27 03:00:00,1.8,1.95,1.0,104.25,1.0,104.25
2025-12-27 04:00:00,1.71,1.87,1.0,104.25,1.0,104.25
2025-12-27 05:00:00,2.37,2.51,1.0,104.25,1.0,104.25
2025-12-27 06:00:00,3.76,3.98,1.0,104.25,1.0,104.25
2025-12-27 07:00:00,4.62,5.02,1.0,104.25,1.0,104.25
2025-12-27 08:00:00,5.55,6.07,1.0,104.25,1.0,104.25
2025-12-27 09:00:00,6.71,7.49,1.0,104.25,1.0,104.25
2025-12-27 10:00:00,4.0,4.41,1.0,104.25,1.0,104.25
2025-12-27 11:00:00,3.72,4.08,1.0,104.25,1.0,104.25
2025-12-27 12:00:00,2.9,3.17,1.0,104.25,1.0,104.25
2025-12-27 13:00:00,2.91,3.2,1.0,104.25,1.0,104.25
2025-12-27 14:00:00,2.2,2.41,1.0,104.25,1.0,104.25
2025-12-27 15:00:00,3.15,3.46,1.0,104.25,1.0,104.25
2025-12-27 16:00:00,4.26,4.76,1.0,104.25,1.0,104.25
2025-12-27 17:00:00,4.65,5.22,1.0,104.25,1.0,104.25
2025-12-27 18:00:00,4.65,5.27,1.0,104.25,1.0,104.25
2025-12-27 19:00:00,3.58,4.03,1.0,104.25,1.0,104.25
2025-12-27 20:00:00,3.15,3.6,1.0,104.25,1.0,104.25
2025-12-27 21:00:00,2.4,2.79,1.0,104.25,1.0,104.25
2025-12-27 22:00:00,3.61,4.28,1.0,104.25,1.0,104.25
2025-12-27 23:00:00,3.74,4.26,1.0,104.25,1.0,104.25
2025-12-28 00:00:00,3.67,4.07,1.0,104.25,1.0,104.25
2025-12-28 01:00:00,3.24,3.63,1.0,104.25,1.0,104.25
2025-12-28 02:00:00,2.49,2.77,1.0,104.25,1.0,104.25
2025-12-28 03:00:00,2.03,2.19,1.0,104.25,1.0,104.25
2025-12-28 04:00:00,1.74,1.84,1.0,104.25,1.0,104.25
2025-12-28 05:00:00,1.64,1.76,1.0,104.25,1.0,104.25
2025-12-28 06:00:00,1.56,1.59,1.0,104.25,1.0,104.25
2025-12-28 07:00:00,1.82,1.83,1.0,104.25,1.0,104.25
2025-12-28 08:00:00,1.38,1.42,1.0,104.25,1.0,104.25
2025-12-28 09:00:00,2.31,2.46,1.0,104.25,1.0,104.25
2025-12-28 10:00:00,4.1,4.5,1.0,104.25,1.0,104.25
2025-12-28 11:00:00,4.96,5.56,1.0,104.25,1.0,104.25
2025-12-28 12:00:00,5.1,5.8,1.0,104.25,1.0,104.25
2025-12-28 13:00:00,4.7,5.35,1.0,104.25,1.0,104.25
2025-12-28 14:00:00,4.51,5.26,1.0,104.25,1.0,104.25
2025-12-28 15:00:00,4.25,4.85,1.0,104.25,1.0,104.25
2025-12-28 16:00:00,4.4,5.0,1.0,104.25,1.0,104.25
2025-12-28 17:00:00,4.78,5.34,1.0,104.25,1.0,104.25
2025-12-28 18:00:00,5.12,5.63,1.0,104.25,1.0,104.25
2025-12-28 19:00:00,5.56,6.08,1.0,104.25,1.0,104.25
2025-12-28 20:00:00,6.15,6.82,1.0,104.25,1.0,104.25
2025-12-28 21:00:00,5.92,6.71,1.0,104.25,1.0,104.25
2025-12-28 22:00:00,5.78,6.49,1.0,104.25,1.0,104.25
2025-12-28 23:00:00,6.01,6.85,1.0,104.25,1.0,104.25
2025-12-29 00:00:00,6.64,7.65,1.0,104.25,1.0,104.25
2025-12-29 01:00:00,6.66,7.69,1.0,104.25,1.0,104.25
2025-12-29 02:00:00,6.75,7.67,1.0,104.25,1.0,104.25
2025-12-29 03:00:00,6.48,7.34,1.0,104.25,1.0,104.25
2025-12-29 04:00:00,6.37,7.16,1.0,104.25,1.0,104.25
2025-12-29 05:00:00,5.96,6.73,1.0,104.25,1.0,104.25
2025-12-29 06:00:00,5.23,5.79,1.0,104.25,1.0,104.25
2025-12-29 07:00:00,5.68,6.28,1.0,104.25,1.0,104.25
2025-12-29 08:00:00,6.44,7.21,1.0,104.25,1.0,104.25
2025-12-29 09:00:00,7.41,8.35,1.0,104.25,1.0,104.25
2025-12-29 10:00:00,5.58,6.37,1.0,104.25,1.0,104.25
2025-12-29 11:00:00,6.08,6.95,1.0,104.25,1.0,104.25
2025-12-29 12:00:00,6.12,6.89,1.0,104.25,1.0,104.25
2025-12-29 13:00:00,6.3,7.21,1.0,104.25,1.0,104.25
2025-12-29 14:00:00,5.88,6.84,1.0,104.25,1.0,104.25
2025-12-29 15:00:00,5.62,6.48,1.0,104.25,1.0,104.25
2025-12-29 16:00:00,5.93,6.85,1.0,104.25,1.0,104.25
2025-12-29 17:00:00,5.68,6.33,1.0,104.25,1.0,104.25
2025-12-29 18:00:00,5.38,5.91,1.0,104.25,1.0,104.25
2025-12-29 19:00:00,5.68,6.27,1.0,104.25,1.0,104.25
2025-12-29 20:00:00,6.09,6.85,1.0,104.25,1.0,104.25
2025-12-29 21:00:00,6.68,7.59,1.0,104.25,1.0,104.25
2025-12-29 22:00:00,6.25,7.25,1.0,104.25,1.0,104.25
2025-12-29 23:00:00,7.31,8.37,1.0,104.25,1.0,104.25
2025-12-30 00:00:00,7.4,8.54,1.0,104.25,1.0,104.25
2025-12-30 01:00:00,7.31,8.38,1.0,104.25,1.0,104.25
2025-12-30 02:00:00,7.57,8.65,1.0,104.25,1.0,104.25
2025-12-30 03:00:00,7.75,8.93,1.0,104.25,1.0,104.25
2025-12-30 04:00:00,7.59,8.77,1.0,104.25,1.0,104.25
2025-12-30 05:00:00,7.29,8.35,1.0,104.25,1.0,104.25
2025-12-30 06:00:00,7.43,8.49,1.0,104.25,1.0,104.25
2025-12-30 07:00:00,7.27,8.28,1.0,104.25,1.0,104.25
2025-12-30 08:00:00,7.2,8.15,1.0,104.25,1.0,104.25
2025-12-30 09:00:00,7.47,8.53,1.0,104.25,1.0,104.25
2025-12-30 10:00:00,7.26,8.51,1.0,104.25,1.0,104.25
2025-12-30 11:00:00,7.07,8.37,1.0,104.25,1.0,104.25
2025-12-30 12:00:00,7.1,8.35,1.0,104.25,1.0,104.25
2025-12-30 13:00:00,7.21,8.46,1.0,104.25,1.0,104.25
2025-12-30 14:00:00,6.85,8.05,1.0,104.25,1.0,104.25
2025-12-30 15:00:00,6.41,7.45,1.0,104.25,1.0,104.25
2025-12-30 16:00:00,6.23,7.23,1.0,104.25,1.0,104.25
2025-12-30 17:00:00,6.3,7.27,1.0,104.25,1.0,104.25
2025-12-30 18:00:00,6.12,7.04,1.0,104.25,1.0,104.25
2025-12-30 19:00:00,6.28,7.23,1.0,104.25,1.0,104.25
2025-12-30 20:00:00,6.68,7.63,1.0,104.25,1.0,104.25
2025-12-30 21:00:00,7.0,8.05,1.0,104.25,1.0,104.25
2025-12-30 22:00:00,6.71,7.76,1.0,104.25,1.0,104.25
2025-12-30 23:00:00,6.62,7.57,1.0,104.25,1.0,104.25
2025-12-31 00:00:00,6.94,8.0,1.0,104.25,1.0,104.25
2025-12-31 01:00:00,7.23,8.24,1.0,104.25,1.0,104.25
2025-12-31 02:00:00,7.05,7.95,1.0,104.25,1.0,104.25
2025-12-31 03:00:00,6.69,7.55,1.0,104.25,1.0,104.25
2025-12-31 04:00:00,6.35,7.16,1.0,104.25,1.0,104.25
2025-12-31 05:00:00,6.23,6.99,1.0,104.25,1.0,104.25
2025-12-31 06:00:00,6.2,6.91,1.0,104.25,1.0,104.25
2025-12-31 07:00:00,6.36,7.12,1.0,104.25,1.0,104.25
2025-12-31 08:00:00,6.61,7.4,1.0,104.25,1.0,104.25
2025-12-31 09:00:00,7.05,7.93,1.0,104.25,1.0,104.25
2025-12-31 10:00:00,7.07,8.21,1.0,104.25,1.0,104.25
2025-12-31 11:00:00,6.87,7.96,1.0,104.25,1.0,104.25
2025-12-31 12:00:00,6.85,7.92,1.0,104.25,1.0,104.25
2025-12-31 13:00:00,6.46,7.43,1.0,104.25,1.0,104.25
2025-12-31 14:00:00,6.28,7.22,1.0,104.25,1.0,104.25
2025-12-31 15:00:00,6.16,7.06,1.0,104.25,1.0,104.25
2025-12-31 16:00:00,6.2,7.08,1.0,104.25,1.0,104.25
2025-12-31 17:00:00,6.08,6.95,1.0,104.25,1.0,104.25
2025-12-31 18:00:00,5.87,6.75,1.0,104.25,1.0,104.25
2025-12-31 19:00:00,5.86,6.68,1.0,104.25,1.0,104.25
2025-12-31 20:00:00,5.78,6.55,1.0,104.25,1.0,104.25
2025-12-31 21:00:00,5.84,6.66,1.0,104.25,1.0,104.25
2025-12-31 22:00:00,5.68,6.45,1.0,104.25,1.0,104.25
2025-12-31 23:00:00,5.65,6.43,1.0,104.25,1.0,104.25
