timestamp,wind_speed_10m,wind_speed_100m,requested_latitude,requested_longitude,resolved_latitude,resolved_longitude
2024-01-01 00:00:00,4.96,5.35,31.0,122.5,31.0,122.5
2024-01-01 01:00:00,4.85,5.14,31.0,122.5,31.0,122.5
2024-01-01 02:00:00,4.52,4.81,31.0,122.5,31.0,122.5
2024-01-01 03:00:00,4.13,4.32,31.0,122.5,31.0,122.5
2024-01-01 04:00:00,4.18,4.37,31.0,122.5,31.0,122.5
2024-01-01 05:00:00,4.22,4.41,31.0,122.5,31.0,122.5
2024-01-01 06:00:00,4.24,4.41,31.0,122.5,31.0,122.5
2024-01-01 07:00:00,4.08,4.34,31.0,122.5,31.0,122.5
2024-01-01 08:00:00,4.08,4.24,31.0,122.5,31.0,122.5
2024-01-01 09:00:00,4.3,4.47,31.0,122.5,31.0,122.5
2024-01-01 10:00:00,4.46,4.74,31.0,122.5,31.0,122.5
2024-01-01 11:00:00,4.32,4.61,31.0,122.5,31.0,122.5
2024-01-01 12:00:00,4.22,4.54,31.0,122.5,31.0,122.5
2024-01-01 13:00:00,4.0,4.24,31.0,122.5,31.0,122.5
2024-01-01 14:00:00,3.52,3.67,31.0,122.5,31.0,122.5
2024-01-01 15:00:00,3.2,3.32,31.0,122.5,31.0,122.5
2024-01-01 16:00:00,2.69,2.73,31.0,122.5,31.0,122.5
2024-01-01 17:00:00,2.25,2.28,31.0,122.5,31.0,122.5
2024-01-01 18:00:00,2.24,2.26,31.0,122.5,31.0,122.5
2024-01-01 19:00:00,2.43,2.47,31.0,122.5,31.0,122.5
2024-01-01 20:00:00,2.37,2.47,31.0,122.5,31.0,122.5
2024-01-01 21:00:00,2.1,2.2,31.0,122.5,31.0,122.5
2024-01-01 22:00:00,2.2,2.3,31.0,122.5,31.0,122.5
2024-01-01 23:00:00,2.71,2.82,31.0,122.5,31.0,122.5
2024-01-02 00:00:00,3.23,3.27,31.0,122.5,31.0,122.5
2024-01-02 01:00:00,3.47,3.68,31.0,122.5,31.0,122.5
2024-01-02 02:00:00,3.04,3.26,31.0,122.5,31.0,122.5
2024-01-02 03:00:00,1.92,2.05,31.0,122.5,31.0,122.5
2024-01-02 04:00:00,1.58,1.75,31.0,122.5,31.0,122.5
2024-01-02 05:00:00,1.92,2.11,31.0,122.5,31.0,122.5
2024-01-02 06:00:00,1.39,1.49,31.0,122.5,31.0,122.5
2024-01-02 07:00:00,2.21,2.19,31.0,122.5,31.0,122.5
2024-01-02 08:00:00,3.45,3.7,31.0,122.5,31.0,122.5
2024-01-02 09:00:00,4.66,5.12,31.0,122.5,31.0,122.5
2024-01-02 10:00:00,4.71,5.14,31.0,122.5,31.0,122.5
2024-01-02 11:00:00,5.7,6.2,31.0,122.5,31.0,122.5
2024-01-02 12:00:00,6.2,6.8,31.0,122.5,31.0,122.5
2024-01-02 13:00:00,6.44,7.06,31.0,122.5,31.0,122.5
2024-01-02 14:00:00,6.42,7.13,31.0,122.5,31.0,122.5
2024-01-02 15:00:00,6.26,6.77,31.0,122.5,31.0,122.5
2024-01-02 16:00:00,6.01,6.61,31.0,122.5,31.0,122.5
2024-01-02 17:00:00,6.53,7.11,31.0,122.5,31.0,122.5
2024-01-02 18:00:00,6.77,7.46,31.0,122.5,31.0,122.5
2024-01-02 19:00:00,7.83,8.59,31.0,122.5,31.0,122.5
2024-01-02 20:00:00,8.66,9.6,31.0,122.5,31.0,122.5
2024-01-02 21:00:00,8.86,9.94,31.0,122.5,31.0,122.5
2024-01-02 22:00:00,8.94,10.08,31.0,122.5,31.0,122.5
2024-01-02 23:00:00,9.43,10.56,31.0,122.5,31.0,122.5
2024-01-03 00:00:00,9.64,10.86,31.0,122.5,31.0,122.5
2024-01-03 01:00:00,9.58,10.72,31.0,122.5,31.0,122.5
2024-01-03 02:00:00,9.45,10.67,31.0,122.5,31.0,122.5
2024-01-03 03:00:00,9.37,10.53,31.0,122.5,31.0,122.5
2024-01-03 04:00:00,9.09,10.09,31.0,122.5,31.0,122.5
2024-01-03 05:00:00,8.94,9.94,31.0,122.5,31.0,122.5
2024-01-03 06:00:00,8.95,9.95,31.0,122.5,31.0,122.5
2024-01-03 07:00:00,8.84,9.84,31.0,122.5,31.0,122.5
2024-01-03 08:00:00,8.6,9.54,31.0,122.5,31.0,122.5
2024-01-03 09:00:00,8.6,9.54,31.0,122.5,31.0,122.5
2024-01-03 10:00:00,8.15,8.96,31.0,122.5,31.0,122.5
2024-01-03 11:00:00,7.56,8.32,31.0,122.5,31.0,122.5
2024-01-03 12:00:00,7.11,7.65,31.0,122.5,31.0,122.5
2024-01-03 13:00:00,6.44,6.93,31.0,122.5,31.0,122.5
2024-01-03 14:00:00,5.91,6.31,31.0,122.5,31.0,122.5
2024-01-03 15:00:00,5.51,5.95,31.0,122.5,31.0,122.5
2024-01-03 16:00:00,5.13,5.44,31.0,122.5,31.0,122.5
2024-01-03 17:00:00,4.44,4.74,31.0,122.5,31.0,122.5
2024-01-03 18:00:00,3.72,3.88,31.0,122.5,31.0,122.5
2024-01-03 19:00:00,3.05,3.14,31.0,122.5,31.0,122.5
2024-01-03 20:00:00,2.33,2.28,31.0,122.5,31.0,122.5
2024-01-03 21:00:00,1.61,1.66,31.0,122.5,31.0,122.5
2024-01-03 22:00:00,0.99,0.92,31.0,122.5,31.0,122.5
2024-01-03 23:00:00,0.22,0.14,31.0,122.5,31.0,122.5
2024-01-04 00:00:00,0.71,0.8,31.0,122.5,31.0,122.5
2024-01-04 01:00:00,1.52,1.58,31.0,122.5,31.0,122.5
2024-01-04 02:00:00,2.06,2.12,31.0,122.5,31.0,122.5
2024-01-04 03:00:00,2.82,2.95,31.0,122.5,31.0,122.5
2024-01-04 04:00:00,3.67,3.85,31.0,122.5,31.0,122.5
2024-01-04 05:00:00,3.81,3.98,31.0,122.5,31.0,122.5
2024-01-04 06:00:00,3.73,3.92,31.0,122.5,31.0,122.5
2024-01-04 07:00:00,3.72,4.02,31.0,122.5,31.0,122.5
2024-01-04 08:00:00,4.06,4.36,31.0,122.5,31.0,122.5
2024-01-04 09:00:00,4.9,5.32,31.0,122.5,31.0,122.5
2024-01-04 10:00:00,5.38,5.98,31.0,122.5,31.0,122.5
2024-01-04 11:00:00,6.08,7.0,31.0,122.5,31.0,122.5
2024-01-04 12:00:00,6.82,7.94,31.0,122.5,31.0,122.5
2024-01-04 13:00:00,7.28,8.9,31.0,122.5,31.0,122.5
2024-01-04 14:00:00,7.62,9.82,31.0,122.5,31.0,122.5
2024-01-04 15:00:00,7.8,10.2,31.0,122.5,31.0,122.5
2024-01-04 16:00:00,7.92,10.63,31.0,122.5,31.0,122.5
2024-01-04 17:00:00,8.05,10.79,31.0,122.5,31.0,122.5
2024-01-04 18:00:00,7.99,10.75,31.0,122.5,31.0,122.5
2024-01-04 19:00:00,7.51,10.18,31.0,122.5,31.0,122.5
2024-01-04 20:00:00,7.16,9.85,31.0,122.5,31.0,122.5
2024-01-04 21:00:00,6.96,9.68,31.0,122.5,31.0,122.5
2024-01-04 22:00:00,6.2,8.89,31.0,122.5,31.0,122.5
2024-01-04 23:00:00,5.5,8.04,31.0,122.5,31.0,122.5
2024-01-05 00:00:00,4.84,7.12,31.0,122.5,31.0,122.5
2024-01-05 01:00:00,5.35,7.74,31.0,122.5,31.0,122.5
2024-01-05 02:00:00,4.42,6.4,31.0,122.5,31.0,122.5
2024-01-05 03:00:00,4.21,5.82,31.0,122.5,31.0,122.5
2024-01-05 04:00:00,4.7,6.2,31.0,122.5,31.0,122.5
2024-01-05 05:00:00,3.92,5.35,31.0,122.5,31.0,122.5
2024-01-05 06:00:00,3.61,4.88,31.0,122.5,31.0,122.5
2024-01-05 07:00:00,3.7,5.0,31.0,122.5,31.0,122.5
2024-01-05 08:00:00,3.41,4.62,31.0,122.5,31.0,122.5
2024-01-05 09:00:00,2.81,3.82,31.0,122.5,31.0,122.5
2024-01-05 10:00:00,2.4,3.31,31.0,122.5,31.0,122.5
2024-01-05 11:00:00,3.1,4.11,31.0,122.5,31.0,122.5
2024-01-05 12:00:00,4.1,5.32,31.0,122.5,31.0,122.5
2024-01-05 13:00:00,4.1,5.33,31.0,122.5,31.0,122.5
2024-01-05 14:00:00,3.71,4.88,31.0,122.5,31.0,122.5
2024-01-05 15:00:00,3.13,4.39,31.0,122.5,31.0,122.5
2024-01-05 16:00:00,2.91,4.04,31.0,122.5,31.0,122.5
2024-01-05 17:00:00,2.81,3.91,31.0,122.5,31.0,122.5
2024-01-05 18:00:00,3.22,4.4,31.0,122.5,31.0,122.5
2024-01-05 19:00:00,4.24,5.51,31.0,122.5,31.0,122.5
2024-01-05 20:00:00,5.05,6.33,31.0,122.5,31.0,122.5
2024-01-05 21:00:00,5.74,6.83,31.0,122.5,31.0,122.5
2024-01-05 22:00:00,5.45,6.23,31.0,122.5,31.0,122.5
2024-01-05 23:00:00,5.33,6.02,31.0,122.5,31.0,122.5
2024-01-06 00:00:00,5.22,5.81,31.0,122.5,31.0,122.5
2024-01-06 01:00:00,4.8,5.3,31.0,122.5,31.0,122.5
2024-01-06 02:00:00,4.3,4.8,31.0,122.5,31.0,122.5
2024-01-06 03:00:00,3.98,4.44,31.0,122.5,31.0,122.5
2024-01-06 04:00:00,4.18,4.55,31.0,122.5,31.0,122.5
2024-01-06 05:00:00,4.75,5.22,31.0,122.5,31.0,122.5
2024-01-06 06:00:00,5.15,5.63,31.0,122.5,31.0,122.5
2024-01-06 07:00:00,5.53,6.02,31.0,122.5,31.0,122.5
2024-01-06 08:00:00,5.81,6.4,31.0,122.5,31.0,122.5
2024-01-06 09:00:00,6.28,7.09,31.0,122.5,31.0,122.5
2024-01-06 10:00:00,6.51,7.3,31.0,122.5,31.0,122.5
2024-01-06 11:00:00,6.81,7.61,31.0,122.5,31.0,122.5
2024-01-06 12:00:00,6.5,7.2,31.0,122.5,31.0,122.5
2024-01-06 13:00:00,6.1,6.8,31.0,122.5,31.0,122.5
2024-01-06 14:00:00,6.2,6.9,31.0,122.5,31.0,122.5
2024-01-06 15:00:00,6.4,7.1,31.0,122.5,31.0,122.5
2024-01-06 16:00:00,6.7,7.4,31.0,122.5,31.0,122.5
2024-01-06 17:00:00,6.71,7.3,31.0,122.5,31.0,122.5
2024-01-06 18:00:00,6.61,7.31,31.0,122.5,31.0,122.5
2024-01-06 19:00:00,6.84,7.53,31.0,122.5,31.0,122.5
2024-01-06 20:00:00,7.34,8.04,31.0,122.5,31.0,122.5
2024-01-06 21:00:00,7.54,8.34,31.0,122.5,31.0,122.5
2024-01-06 22:00:00,7.58,8.27,31.0,122.5,31.0,122.5
2024-01-06 23:00:00,7.69,8.49,31.0,122.5,31.0,122.5
2024-01-07 00:00:00,7.43,8.22,31.0,122.5,31.0,122.5
2024-01-07 01:00:00,7.22,7.83,31.0,122.5,31.0,122.5
2024-01-07 02:00:00,7.26,7.84,31.0,122.5,31.0,122.5
2024-01-07 03:00:00,7.59,8.3,31.0,122.5,31.0,122.5
2024-01-07 04:00:00,7.91,8.61,31.0,122.5,31.0,122.5
2024-01-07 05:00:00,8.08,8.79,31.0,122.5,31.0,122.5
2024-01-07 06:00:00,8.2,8.99,31.0,122.5,31.0,122.5
2024-01-07 07:00:00,8.14,8.93,31.0,122.5,31.0,122.5
2024-01-07 08:00:00,8.0,8.7,31.0,122.5,31.0,122.5
2024-01-07 09:00:00,7.72,8.43,31.0,122.5,31.0,122.5
2024-01-07 10:00:00,6.99,7.51,31.0,122.5,31.0,122.5
2024-01-07 11:00:00,6.63,7.14,31.0,122.5,31.0,122.5
2024-01-07 12:00:00,6.26,6.69,31.0,122.5,31.0,122.5
2024-01-07 13:00:00,5.73,6.07,31.0,122.5,31.0,122.5
2024-01-07 14:00:00,5.52,5.87,31.0,122.5,31.0,122.5
2024-01-07 15:00:00,5.2,5.47,31.0,122.5,31.0,122.5
2024-01-07 16:00:00,4.48,4.66,31.0,122.5,31.0,122.5
2024-01-07 17:00:00,4.12,4.3,31.0,122.5,31.0,122.5
2024-01-07 18:00:00,4.08,4.34,31.0,122.5,31.0,122.5
2024-01-07 19:00:00,4.1,4.39,31.0,122.5,31.0,122.5
2024-01-07 20:00:00,3.89,4.16,31.0,122.5,31.0,122.5
2024-01-07 21:00:00,3.96,4.24,31.0,122.5,31.0,122.5
2024-01-07 22:00:00,3.73,3.92,31.0,122.5,31.0,122.5
2024-01-07 23:00:00,3.41,3.62,31.0,122.5,31.0,122.5
2024-01-08 00:00:00,3.76,4.11,31.0,122.5,31.0,122.5
2024-01-08 01:00:00,4.36,4.78,31.0,122.5,31.0,122.5
2024-01-08 02:00:00,4.31,4.74,31.0,122.5,31.0,122.5
2024-01-08 03:00:00,3.88,4.24,31.0,122.5,31.0,122.5
2024-01-08 04:00:00,3.36,3.81,31.0,122.5,31.0,122.5
2024-01-08 05:00:00,2.33,2.67,31.0,122.5,31.0,122.5
2024-01-08 06:00:00,1.7,1.92,31.0,122.5,31.0,122.5
2024-01-08 07:00:00,2.41,2.69,31.0,122.5,31.0,122.5
2024-01-08 08:00:00,3.08,3.44,31.0,122.5,31.0,122.5
2024-01-08 09:00:00,3.61,4.04,31.0,122.5,31.0,122.5
2024-01-08 10:00:00,3.41,4.18,31.0,122.5,31.0,122.5
2024-01-08 11:00:00,3.18,4.31,31.0,122.5,31.0,122.5
2024-01-08 12:00:00,3.47,4.6,31.0,122.5,31.0,122.5
2024-01-08 13:00:00,3.64,4.92,31.0,122.5,31.0,122.5
2024-01-08 14:00:00,3.72,5.14,31.0,122.5,31.0,122.5
2024-01-08 15:00:00,3.79,5.39,31.0,122.5,31.0,122.5
2024-01-08 16:00:00,3.9,5.73,31.0,122.5,31.0,122.5
2024-01-08 17:00:00,4.04,5.91,31.0,122.5,31.0,122.5
2024-01-08 18:00:00,3.77,5.7,31.0,122.5,31.0,122.5
2024-01-08 19:00:00,3.69,5.64,31.0,122.5,31.0,122.5
2024-01-08 20:00:00,3.68,5.46,31.0,122.5,31.0,122.5
2024-01-08 21:00:00,3.62,5.31,31.0,122.5,31.0,122.5
2024-01-08 22:00:00,2.77,4.42,31.0,122.5,31.0,122.5
2024-01-08 23:00:00,2.62,4.05,31.0,122.5,31.0,122.5
2024-01-09 00:00:00,2.8,3.96,31.0,122.5,31.0,122.5
2024-01-09 01:00:00,2.9,4.04,31.0,122.5,31.0,122.5
2024-01-09 02:00:00,3.86,5.02,31.0,122.5,31.0,122.5
2024-01-09 03:00:00,3.67,4.65,31.0,122.5,31.0,122.5
2024-01-09 04:00:00,3.74,4.56,31.0,122.5,31.0,122.5
2024-01-09 05:00:00,3.94,4.79,31.0,122.5,31.0,122.5
2024-01-09 06:00:00,3.14,3.94,31.0,122.5,31.0,122.5
2024-01-09 07:00:00,2.84,3.78,31.0,122.5,31.0,122.5
2024-01-09 08:00:00,2.56,3.75,31.0,122.5,31.0,122.5
2024-01-09 09:00:00,2.16,3.42,31.0,122.5,31.0,122.5
2024-01-09 10:00:00,2.61,3.94,31.0,122.5,31.0,122.5
2024-01-09 11:00:00,3.42,4.88,31.0,122.5,31.0,122.5
2024-01-09 12:00:00,3.98,5.46,31.0,122.5,31.0,122.5
2024-01-09 13:00:00,4.3,5.73,31.0,122.5,31.0,122.5
2024-01-09 14:00:00,5.48,7.01,31.0,122.5,31.0,122.5
2024-01-09 15:00:00,7.76,9.29,31.0,122.5,31.0,122.5
2024-01-09 16:00:00,9.37,11.02,31.0,122.5,31.0,122.5
2024-01-09 17:00:00,9.71,11.35,31.0,122.5,31.0,122.5
2024-01-09 18:00:00,9.88,11.59,31.0,122.5,31.0,122.5
2024-01-09 19:00:00,10.17,11.87,31.0,122.5,31.0,122.5
2024-01-09 20:00:00,10.55,12.24,31.0,122.5,31.0,122.5
2024-01-09 21:00:00,10.96,12.83,31.0,122.5,31.0,122.5
2024-01-09 22:00:00,10.82,12.73,31.0,122.5,31.0,122.5
2024-01-09 23:00:00,10.96,12.84,31.0,122.5,31.0,122.5
2024-01-10 00:00:00,11.27,13.27,31.0,122.5,31.0,122.5
2024-01-10 01:00:00,11.33,13.39,31.0,122.5,31.0,122.5
2024-01-10 02:00:00,11.41,13.41,31.0,122.5,31.0,122.5
2024-01-10 03:00:00,11.84,14.0,31.0,122.5,31.0,122.5
2024-01-10 04:00:00,11.68,13.81,31.0,122.5,31.0,122.5
2024-01-10 05:00:00,11.66,13.63,31.0,122.5,31.0,122.5
2024-01-10 06:00:00,11.59,13.46,31.0,122.5,31.0,122.5
2024-01-10 07:00:00,11.45,13.28,31.0,122.5,31.0,122.5
2024-01-10 08:00:00,11.33,13.08,31.0,122.5,31.0,122.5
2024-01-10 09:00:00,11.07,12.68,31.0,122.5,31.0,122.5
2024-01-10 10:00:00,10.16,11.46,31.0,122.5,31.0,122.5
2024-01-10 11:00:00,9.34,10.32,31.0,122.5,31.0,122.5
2024-01-10 12:00:00,8.56,9.42,31.0,122.5,31.0,122.5
2024-01-10 13:00:00,8.08,8.8,31.0,122.5,31.0,122.5
2024-01-10 14:00:00,7.76,8.39,31.0,122.5,31.0,122.5
2024-01-10 15:00:00,7.35,7.95,31.0,122.5,31.0,122.5
2024-01-10 16:00:00,7.13,7.63,31.0,122.5,31.0,122.5
2024-01-10 17:00:00,6.45,6.95,31.0,122.5,31.0,122.5
2024-01-10 18:00:00,5.81,6.13,31.0,122.5,31.0,122.5
2024-01-10 19:00:00,5.42,5.73,31.0,122.5,31.0,122.5
2024-01-10 20:00:00,5.33,5.49,31.0,122.5,31.0,122.5
2024-01-10 21:00:00,5.3,5.6,31.0,122.5,31.0,122.5
2024-01-10 22:00:00,5.08,5.3,31.0,122.5,31.0,122.5
2024-01-10 23:00:00,4.19,4.33,31.0,122.5,31.0,122.5
2024-01-11 00:00:00,3.66,3.8,31.0,122.5,31.0,122.5
2024-01-11 01:00:00,3.83,3.96,31.0,122.5,31.0,122.5
2024-01-11 02:00:00,4.22,4.32,31.0,122.5,31.0,122.5
2024-01-11 03:00:00,4.4,4.6,31.0,122.5,31.0,122.5
2024-01-11 04:00:00,4.57,4.79,31.0,122.5,31.0,122.5
2024-01-11 05:00:00,4.49,4.71,31.0,122.5,31.0,122.5
2024-01-11 06:00:00,4.31,4.49,31.0,122.5,31.0,122.5
2024-01-11 07:00:00,4.03,4.21,31.0,122.5,31.0,122.5
2024-01-11 08:00:00,3.92,4.14,31.0,122.5,31.0,122.5
2024-01-11 09:00:00,4.1,4.31,31.0,122.5,31.0,122.5
2024-01-11 10:00:00,4.58,4.92,31.0,122.5,31.0,122.5
2024-01-11 11:00:00,4.92,5.25,31.0,122.5,31.0,122.5
2024-01-11 12:00:00,5.05,5.46,31.0,122.5,31.0,122.5
2024-01-11 13:00:00,5.37,5.9,31.0,122.5,31.0,122.5
2024-01-11 14:00:00,5.78,6.4,31.0,122.5,31.0,122.5
2024-01-11 15:00:00,6.11,6.85,31.0,122.5,31.0,122.5
2024-01-11 16:00:00,6.46,7.43,31.0,122.5,31.0,122.5
2024-01-11 17:00:00,6.32,7.47,31.0,122.5,31.0,122.5
2024-01-11 18:00:00,5.95,7.07,31.0,122.5,31.0,122.5
2024-01-11 19:00:00,5.32,6.5,31.0,122.5,31.0,122.5
2024-01-11 20:00:00,4.85,5.86,31.0,122.5,31.0,122.5
2024-01-11 21:00:00,4.34,5.37,31.0,122.5,31.0,122.5
2024-01-11 22:00:00,4.05,4.99,31.0,122.5,31.0,122.5
2024-01-11 23:00:00,4.04,4.96,31.0,122.5,31.0,122.5
2024-01-12 00:00:00,4.04,4.88,31.0,122.5,31.0,122.5
2024-01-12 01:00:00,4.11,5.02,31.0,122.5,31.0,122.5
2024-01-12 02:00:00,4.36,5.39,31.0,122.5,31.0,122.5
2024-01-12 03:00:00,4.58,5.72,31.0,122.5,31.0,122.5
2024-01-12 04:00:00,4.43,5.65,31.0,122.5,31.0,122.5
2024-01-12 05:00:00,4.02,5.15,31.0,122.5,31.0,122.5
2024-01-12 06:00:00,3.18,4.3,31.0,122.5,31.0,122.5
2024-01-12 07:00:00,2.38,3.41,31.0,122.5,31.0,122.5
2024-01-12 08:00:00,1.33,2.28,31.0,122.5,31.0,122.5
2024-01-12 09:00:00,0.41,1.49,31.0,122.5,31.0,122.5
2024-01-12 10:00:00,0.36,1.22,31.0,122.5,31.0,122.5
2024-01-12 11:00:00,0.2,0.67,31.0,122.5,31.0,122.5
2024-01-12 12:00:00,0.28,0.54,31.0,122.5,31.0,122.5
2024-01-12 13:00:00,0.2,0.71,31.0,122.5,31.0,122.5
2024-01-12 14:00:00,0.51,0.85,31.0,122.5,31.0,122.5
2024-01-12 15:00:00,0.63,0.78,31.0,122.5,31.0,122.5
2024-01-12 16:00:00,0.85,0.7,31.0,122.5,31.0,122.5
2024-01-12 17:00:00,0.85,0.64,31.0,122.5,31.0,122.5
2024-01-12 18:00:00,0.45,0.54,31.0,122.5,31.0,122.5
2024-01-12 19:00:00,0.72,0.99,31.0,122.5,31.0,122.5
2024-01-12 20:00:00,1.57,1.86,31.0,122.5,31.0,122.5
2024-01-12 21:00:00,2.11,2.7,31.0,122.5,31.0,122.5
2024-01-12 22:00:00,2.0,2.58,31.0,122.5,31.0,122.5
2024-01-12 23:00:00,2.13,2.82,31.0,122.5,31.0,122.5
2024-01-13 00:00:00,2.3,3.05,31.0,122.5,31.0,122.5
2024-01-13 01:00:00,2.69,3.61,31.0,122.5,31.0,122.5
2024-01-13 02:00:00,3.08,4.04,31.0,122.5,31.0,122.5
2024-01-13 03:00:00,3.26,4.42,31.0,122.5,31.0,122.5
2024-01-13 04:00:00,3.31,4.5,31.0,122.5,31.0,122.5
2024-01-13 05:00:00,3.31,4.5,31.0,122.5,31.0,122.5
2024-01-13 06:00:00,3.41,4.6,31.0,122.5,31.0,122.5
2024-01-13 07:00:00,3.81,5.15,31.0,122.5,31.0,122.5
2024-01-13 08:00:00,4.18,5.75,31.0,122.5,31.0,122.5
2024-01-13 09:00:00,4.56,6.39,31.0,122.5,31.0,122.5
2024-01-13 10:00:00,4.79,6.75,31.0,122.5,31.0,122.5
2024-01-13 11:00:00,5.47,7.6,31.0,122.5,31.0,122.5
2024-01-13 12:00:00,6.04,8.44,31.0,122.5,31.0,122.5
2024-01-13 13:00:00,6.51,9.14,31.0,122.5,31.0,122.5
2024-01-13 14:00:00,6.8,9.49,31.0,122.5,31.0,122.5
2024-01-13 15:00:00,7.07,9.84,31.0,122.5,31.0,122.5
2024-01-13 16:00:00,7.32,10.25,31.0,122.5,31.0,122.5
2024-01-13 17:00:00,7.16,10.11,31.0,122.5,31.0,122.5
2024-01-13 18:00:00,6.91,9.91,31.0,122.5,31.0,122.5
2024-01-13 19:00:00,6.86,9.85,31.0,122.5,31.0,122.5
2024-01-13 20:00:00,7.13,10.12,31.0,122.5,31.0,122.5
2024-01-13 21:00:00,7.51,10.6,31.0,122.5,31.0,122.5
2024-01-13 22:00:00,7.71,10.96,31.0,122.5,31.0,122.5
2024-01-13 23:00:00,8.33,11.68,31.0,122.5,31.0,122.5
2024-01-14 00:00:00,8.75,12.32,31.0,122.5,31.0,122.5
2024-01-14 01:00:00,8.99,12.79,31.0,122.5,31.0,122.5
2024-01-14 02:00:00,8.98,12.73,31.0,122.5,31.0,122.5
2024-01-14 03:00:00,8.64,12.27,31.0,122.5,31.0,122.5
2024-01-14 04:00:00,8.19,11.72,31.0,122.5,31.0,122.5
2024-01-14 05:00:00,7.75,11.09,31.0,122.5,31.0,122.5
2024-01-14 06:00:00,6.98,10.12,31.0,122.5,31.0,122.5
2024-01-14 07:00:00,5.8,8.42,31.0,122.5,31.0,122.5
2024-01-14 08:00:00,4.6,6.77,31.0,122.5,31.0,122.5
2024-01-14 09:00:00,3.71,5.95,31.0,122.5,31.0,122.5
2024-01-14 10:00:00,8.71,11.52,31.0,122.5,31.0,122.5
2024-01-14 11:00:00,10.17,12.17,31.0,122.5,31.0,122.5
2024-01-14 12:00:00,10.11,12.21,31.0,122.5,31.0,122.5
2024-01-14 13:00:00,10.85,12.95,31.0,122.5,31.0,122.5
2024-01-14 14:00:00,11.22,13.51,31.0,122.5,31.0,122.5
2024-01-14 15:00:00,11.1,13.2,31.0,122.5,31.0,122.5
2024-01-14 16:00:00,11.1,13.0,31.0,122.5,31.0,122.5
2024-01-14 17:00:00,11.12,12.91,31.0,122.5,31.0,122.5
2024-01-14 18:00:00,11.33,13.02,31.0,122.5,31.0,122.5
2024-01-14 19:00:00,11.35,13.05,31.0,122.5,31.0,122.5
2024-01-14 20:00:00,11.28,12.78,31.0,122.5,31.0,122.5
2024-01-14 21:00:00,11.1,12.59,31.0,122.5,31.0,122.5
2024-01-14 22:00:00,10.87,12.17,31.0,122.5,31.0,122.5
2024-01-14 23:00:00,10.79,11.98,31.0,122.5,31.0,122.5
2024-01-15 00:00:00,10.24,11.34,31.0,122.5,31.0,122.5
2024-01-15 01:00:00,9.81,10.81,31.0,122.5,31.0,122.5
2024-01-15 02:00:00,9.6,10.5,31.0,122.5,31.0,122.5
2024-01-15 03:00:00,9.51,10.42,31.0,122.5,31.0,122.5
2024-01-15 04:00:00,9.01,9.82,31.0,122.5,31.0,122.5
2024-01-15 05:00:00,8.6,9.31,31.0,122.5,31.0,122.5
2024-01-15 06:00:00,8.3,9.0,31.0,122.5,31.0,122.5
2024-01-15 07:00:00,8.2,8.9,31.0,122.5,31.0,122.5
2024-01-15 08:00:00,8.31,9.02,31.0,122.5,31.0,122.5
2024-01-15 09:00:00,8.39,9.12,31.0,122.5,31.0,122.5
2024-01-15 10:00:00,7.38,8.0,31.0,122.5,31.0,122.5
2024-01-15 11:00:00,6.9,7.46,31.0,122.5,31.0,122.5
2024-01-15 12:00:00,6.58,7.06,31.0,122.5,31.0,122.5
2024-01-15 13:00:00,6.2,6.59,31.0,122.5,31.0,122.5
2024-01-15 14:00:00,6.15,6.5,31.0,122.5,31.0,122.5
2024-01-15 15:00:00,6.05,6.5,31.0,122.5,31.0,122.5
2024-01-15 16:00:00,6.08,6.49,31.0,122.5,31.0,122.5
2024-01-15 17:00:00,6.0,6.42,31.0,122.5,31.0,122.5
2024-01-15 18:00:00,5.73,6.15,31.0,122.5,31.0,122.5
2024-01-15 19:00:00,5.81,6.16,31.0,122.5,31.0,122.5
2024-01-15 20:00:00,5.98,6.42,31.0,122.5,31.0,122.5
2024-01-15 21:00:00,6.16,6.6,31.0,122.5,31.0,122.5
2024-01-15 22:00:00,5.74,6.15,31.0,122.5,31.0,122.5
2024-01-15 23:00:00,5.77,6.16,31.0,122.5,31.0,122.5
2024-01-16 00:00:00,5.61,6.0,31.0,122.5,31.0,122.5
2024-01-16 01:00:00,5.42,5.82,31.0,122.5,31.0,122.5
2024-01-16 02:00:00,5.31,5.81,31.0,122.5,31.0,122.5
2024-01-16 03:00:00,5.32,5.85,31.0,122.5,31.0,122.5
2024-01-16 04:00:00,4.73,5.17,31.0,122.5,31.0,122.5
2024-01-16 05:00:00,4.1,4.44,31.0,122.5,31.0,122.5
2024-01-16 06:00:00,4.43,4.74,31.0,122.5,31.0,122.5
2024-01-16 07:00:00,4.4,4.74,31.0,122.5,31.0,122.5
2024-01-16 08:00:00,4.54,4.95,31.0,122.5,31.0,122.5
2024-01-16 09:00:00,5.19,5.6,31.0,122.5,31.0,122.5
2024-01-16 10:00:00,5.48,6.12,31.0,122.5,31.0,122.5
2024-01-16 11:00:00,6.3,7.36,31.0,122.5,31.0,122.5
2024-01-16 12:00:00,6.04,7.32,31.0,122.5,31.0,122.5
2024-01-16 13:00:00,6.35,7.79,31.0,122.5,31.0,122.5
2024-01-16 14:00:00,5.99,7.69,31.0,122.5,31.0,122.5
2024-01-16 15:00:00,5.55,7.39,31.0,122.5,31.0,122.5
2024-01-16 16:00:00,5.46,7.34,31.0,122.5,31.0,122.5
2024-01-16 17:00:00,5.82,7.93,31.0,122.5,31.0,122.5
2024-01-16 18:00:00,6.28,8.49,31.0,122.5,31.0,122.5
2024-01-16 19:00:00,6.58,9.04,31.0,122.5,31.0,122.5
2024-01-16 20:00:00,6.94,9.48,31.0,122.5,31.0,122.5
2024-01-16 21:00:00,6.77,9.39,31.0,122.5,31.0,122.5
2024-01-16 22:00:00,5.92,8.61,31.0,122.5,31.0,122.5
2024-01-16 23:00:00,6.26,8.96,31.0,122.5,31.0,122.5
2024-01-17 00:00:00,6.56,9.45,31.0,122.5,31.0,122.5
2024-01-17 01:00:00,6.99,10.08,31.0,122.5,31.0,122.5
2024-01-17 02:00:00,7.36,10.57,31.0,122.5,31.0,122.5
2024-01-17 03:00:00,7.21,10.41,31.0,122.5,31.0,122.5
2024-01-17 04:00:00,6.74,9.84,31.0,122.5,31.0,122.5
2024-01-17 05:00:00,6.18,9.21,31.0,122.5,31.0,122.5
2024-01-17 06:00:00,5.84,8.87,31.0,122.5,31.0,122.5
2024-01-17 07:00:00,5.81,8.85,31.0,122.5,31.0,122.5
2024-01-17 08:00:00,5.8,8.91,31.0,122.5,31.0,122.5
2024-01-17 09:00:00,5.8,9.0,31.0,122.5,31.0,122.5
2024-01-17 10:00:00,5.62,8.7,31.0,122.5,31.0,122.5
2024-01-17 11:00:00,5.82,9.1,31.0,122.5,31.0,122.5
2024-01-17 12:00:00,5.91,9.2,31.0,122.5,31.0,122.5
2024-01-17 13:00:00,5.7,8.9,31.0,122.5,31.0,122.5
2024-01-17 14:00:00,5.35,8.47,31.0,122.5,31.0,122.5
2024-01-17 15:00:00,4.9,7.88,31.0,122.5,31.0,122.5
2024-01-17 16:00:00,3.97,6.62,31.0,122.5,31.0,122.5
2024-01-17 17:00:00,2.75,4.44,31.0,122.5,31.0,122.5
2024-01-17 18:00:00,3.06,3.0,31.0,122.5,31.0,122.5
2024-01-17 19:00:00,4.44,4.41,31.0,122.5,31.0,122.5
2024-01-17 20:00:00,5.5,6.4,31.0,122.5,31.0,122.5
2024-01-17 21:00:00,6.11,7.44,31.0,122.5,31.0,122.5
2024-01-17 22:00:00,7.22,8.51,31.0,122.5,31.0,122.5
2024-01-17 23:00:00,8.02,9.3,31.0,122.5,31.0,122.5
2024-01-18 00:00:00,7.71,8.83,31.0,122.5,31.0,122.5
2024-01-18 01:00:00,7.2,8.14,31.0,122.5,31.0,122.5
2024-01-18 02:00:00,6.6,7.31,31.0,122.5,31.0,122.5
2024-01-18 03:00:00,6.51,7.2,31.0,122.5,31.0,122.5
2024-01-18 04:00:00,6.61,7.31,31.0,122.5,31.0,122.5
2024-01-18 05:00:00,6.84,7.42,31.0,122.5,31.0,122.5
2024-01-18 06:00:00,7.07,7.76,31.0,122.5,31.0,122.5
2024-01-18 07:00:00,7.28,8.06,31.0,122.5,31.0,122.5
2024-01-18 08:00:00,7.38,8.16,31.0,122.5,31.0,122.5
2024-01-18 09:00:00,7.13,7.92,31.0,122.5,31.0,122.5
2024-01-18 10:00:00,5.82,6.41,31.0,122.5,31.0,122.5
2024-01-18 11:00:00,4.84,5.41,31.0,122.5,31.0,122.5
2024-01-18 12:00:00,3.93,4.43,31.0,122.5,31.0,122.5
2024-01-18 13:00:00,4.22,5.02,31.0,122.5,31.0,122.5
2024-01-18 14:00:00,4.62,5.63,31.0,122.5,31.0,122.5
2024-01-18 15:00:00,4.75,6.2,31.0,122.5,31.0,122.5
2024-01-18 16:00:00,4.84,6.55,31.0,122.5,31.0,122.5
2024-01-18 17:00:00,5.57,7.51,31.0,122.5,31.0,122.5
2024-01-18 18:00:00,6.72,8.81,31.0,122.5,31.0,122.5
2024-01-18 19:00:00,7.0,9.12,31.0,122.5,31.0,122.5
2024-01-18 20:00:00,6.39,8.42,31.0,122.5,31.0,122.5
2024-01-18 21:00:00,6.48,8.22,31.0,122.5,31.0,122.5
2024-01-18 22:00:00,6.4,8.35,31.0,122.5,31.0,122.5
2024-01-18 23:00:00,6.46,8.4,31.0,122.5,31.0,122.5
2024-01-19 00:00:00,6.24,8.18,31.0,122.5,31.0,122.5
2024-01-19 01:00:00,6.38,8.35,31.0,122.5,31.0,122.5
2024-01-19 02:00:00,5.95,7.78,31.0,122.5,31.0,122.5
2024-01-19 03:00:00,5.42,7.08,31.0,122.5,31.0,122.5
2024-01-19 04:00:00,5.01,6.55,31.0,122.5,31.0,122.5
2024-01-19 05:00:00,5.5,6.95,31.0,122.5,31.0,122.5
2024-01-19 06:00:00,5.96,7.51,31.0,122.5,31.0,122.5
2024-01-19 07:00:00,6.36,8.01,31.0,122.5,31.0,122.5
2024-01-19 08:00:00,6.53,8.32,31.0,122.5,31.0,122.5
2024-01-19 09:00:00,6.58,8.32,31.0,122.5,31.0,122.5
2024-01-19 10:00:00,5.82,7.38,31.0,122.5,31.0,122.5
2024-01-19 11:00:00,5.2,6.61,31.0,122.5,31.0,122.5
2024-01-19 12:00:00,5.97,7.03,31.0,122.5,31.0,122.5
2024-01-19 13:00:00,6.99,8.06,31.0,122.5,31.0,122.5
2024-01-19 14:00:00,7.94,9.12,31.0,122.5,31.0,122.5
2024-01-19 15:00:00,7.94,9.23,31.0,122.5,31.0,122.5
2024-01-19 16:00:00,7.53,8.73,31.0,122.5,31.0,122.5
2024-01-19 17:00:00,7.24,8.25,31.0,122.5,31.0,122.5
2024-01-19 18:00:00,6.77,7.69,31.0,122.5,31.0,122.5
2024-01-19 19:00:00,6.58,7.4,31.0,122.5,31.0,122.5
2024-01-19 20:00:00,7.27,8.16,31.0,122.5,31.0,122.5
2024-01-19 21:00:00,8.2,9.22,31.0,122.5,31.0,122.5
2024-01-19 22:00:00,8.07,9.21,31.0,122.5,31.0,122.5
2024-01-19 23:00:00,8.77,9.9,31.0,122.5,31.0,122.5
2024-01-20 00:00:00,9.2,10.54,31.0,122.5,31.0,122.5
2024-01-20 01:00:00,9.48,10.9,31.0,122.5,31.0,122.5
2024-01-20 02:00:00,9.35,10.7,31.0,122.5,31.0,122.5
2024-01-20 03:00:00,10.26,11.74,31.0,122.5,31.0,122.5
2024-01-20 04:00:00,10.84,12.6,31.0,122.5,31.0,122.5
2024-01-20 05:00:00,10.9,12.81,31.0,122.5,31.0,122.5
2024-01-20 06:00:00,11.3,13.42,31.0,122.5,31.0,122.5
2024-01-20 07:00:00,10.98,13.02,31.0,122.5,31.0,122.5
2024-01-20 08:00:00,11.42,13.46,31.0,122.5,31.0,122.5
2024-01-20 09:00:00,11.81,14.0,31.0,122.5,31.0,122.5
2024-01-20 10:00:00,11.51,13.61,31.0,122.5,31.0,122.5
2024-01-20 11:00:00,12.12,14.38,31.0,122.5,31.0,122.5
2024-01-20 12:00:00,12.38,14.78,31.0,122.5,31.0,122.5
2024-01-20 13:00:00,12.52,14.93,31.0,122.5,31.0,122.5
2024-01-20 14:00:00,12.48,14.92,31.0,122.5,31.0,122.5
2024-01-20 15:00:00,12.54,14.92,31.0,122.5,31.0,122.5
2024-01-20 16:00:00,12.64,15.1,31.0,122.5,31.0,122.5
2024-01-20 17:00:00,12.9,15.31,31.0,122.5,31.0,122.5
2024-01-20 18:00:00,12.87,15.37,31.0,122.5,31.0,122.5
2024-01-20 19:00:00,12.69,15.14,31.0,122.5,31.0,122.5
2024-01-20 20:00:00,12.62,14.98,31.0,122.5,31.0,122.5
2024-01-20 21:00:00,12.26,14.5,31.0,122.5,31.0,122.5
2024-01-20 22:00:00,11.1,12.82,31.0,122.5,31.0,122.5
2024-01-20 23:00:00,11.41,13.21,31.0,122.5,31.0,122.5
2024-01-21 00:00:00,11.4,13.19,31.0,122.5,31.0,122.5
2024-01-21 01:00:00,11.45,13.2,31.0,122.5,31.0,122.5
2024-01-21 02:00:00,11.6,13.49,31.0,122.5,31.0,122.5
2024-01-21 03:00:00,11.92,13.91,31.0,122.5,31.0,122.5
2024-01-21 04:00:00,12.28,14.46,31.0,122.5,31.0,122.5
2024-01-21 05:00:00,12.68,14.96,31.0,122.5,31.0,122.5
2024-01-21 06:00:00,12.9,15.33,31.0,122.5,31.0,122.5
2024-01-21 07:00:00,12.89,15.31,31.0,122.5,31.0,122.5
2024-01-21 08:00:00,12.39,14.49,31.0,122.5,31.0,122.5
2024-01-21 09:00:00,12.23,14.13,31.0,122.5,31.0,122.5
2024-01-21 10:00:00,11.01,12.52,31.0,122.5,31.0,122.5
2024-01-21 11:00:00,11.5,12.9,31.0,122.5,31.0,122.5
2024-01-21 12:00:00,11.21,12.61,31.0,122.5,31.0,122.5
2024-01-21 13:00:00,11.33,12.73,31.0,122.5,31.0,122.5
2024-01-21 14:00:00,11.81,13.3,31.0,122.5,31.0,122.5
2024-01-21 15:00:00,12.07,13.65,31.0,122.5,31.0,122.5
2024-01-21 16:00:00,12.35,14.04,31.0,122.5,31.0,122.5
2024-01-21 17:00:00,12.21,13.81,31.0,122.5,31.0,122.5
2024-01-21 18:00:00,12.34,14.03,31.0,122.5,31.0,122.5
2024-01-21 19:00:00,12.32,14.03,31.0,122.5,31.0,122.5
2024-01-21 20:00:00,12.92,14.73,31.0,122.5,31.0,122.5
2024-01-21 21:00:00,13.1,14.93,31.0,122.5,31.0,122.5
2024-01-21 22:00:00,12.81,14.65,31.0,122.5,31.0,122.5
2024-01-21 23:00:00,13.0,14.84,31.0,122.5,31.0,122.5
2024-01-22 00:00:00,13.3,15.19,31.0,122.5,31.0,122.5
2024-01-22 01:00:00,13.16,14.93,31.0,122.5,31.0,122.5
2024-01-22 02:00:00,12.7,14.28,31.0,122.5,31.0,122.5
2024-01-22 03:00:00,12.74,14.32,31.0,122.5,31.0,122.5
2024-01-22 04:00:00,12.87,14.45,31.0,122.5,31.0,122.5
2024-01-22 05:00:00,12.92,14.5,31.0,122.5,31.0,122.5
2024-01-22 06:00:00,12.98,14.56,31.0,122.5,31.0,122.5
2024-01-22 07:00:00,13.19,14.83,31.0,122.5,31.0,122.5
2024-01-22 08:00:00,13.35,15.09,31.0,122.5,31.0,122.5
2024-01-22 09:00:00,12.87,14.45,31.0,122.5,31.0,122.5
2024-01-22 10:00:00,12.49,13.99,31.0,122.5,31.0,122.5
2024-01-22 11:00:00,12.49,13.95,31.0,122.5,31.0,122.5
2024-01-22 12:00:00,12.55,14.1,31.0,122.5,31.0,122.5
2024-01-22 13:00:00,12.5,13.95,31.0,122.5,31.0,122.5
2024-01-22 14:00:00,12.78,14.32,31.0,122.5,31.0,122.5
2024-01-22 15:00:00,12.75,14.28,31.0,122.5,31.0,122.5
2024-01-22 16:00:00,12.52,14.09,31.0,122.5,31.0,122.5
2024-01-22 17:00:00,12.57,14.04,31.0,122.5,31.0,122.5
2024-01-22 18:00:00,12.13,13.45,31.0,122.5,31.0,122.5
2024-01-22 19:00:00,12.56,13.93,31.0,122.5,31.0,122.5
2024-01-22 20:00:00,12.68,14.14,31.0,122.5,31.0,122.5
2024-01-22 21:00:00,12.45,14.01,31.0,122.5,31.0,122.5
2024-01-22 22:00:00,12.59,14.14,31.0,122.5,31.0,122.5
2024-01-22 23:00:00,12.51,13.98,31.0,122.5,31.0,122.5
2024-01-23 00:00:00,12.34,13.8,31.0,122.5,31.0,122.5
2024-01-23 01:00:00,12.09,13.46,31.0,122.5,31.0,122.5
2024-01-23 02:00:00,12.27,13.64,31.0,122.5,31.0,122.5
2024-01-23 03:00:00,12.27,13.78,31.0,122.5,31.0,122.5
2024-01-23 04:00:00,12.32,13.89,31.0,122.5,31.0,122.5
2024-01-23 05:00:00,12.19,13.69,31.0,122.5,31.0,122.5
2024-01-23 06:00:00,11.98,13.36,31.0,122.5,31.0,122.5
2024-01-23 07:00:00,11.96,13.43,31.0,122.5,31.0,122.5
2024-01-23 08:00:00,11.71,13.09,31.0,122.5,31.0,122.5
2024-01-23 09:00:00,11.76,13.15,31.0,122.5,31.0,122.5
2024-01-23 10:00:00,11.68,13.12,31.0,122.5,31.0,122.5
2024-01-23 11:00:00,11.68,13.12,31.0,122.5,31.0,122.5
2024-01-23 12:00:00,11.41,12.77,31.0,122.5,31.0,122.5
2024-01-23 13:00:00,11.41,12.77,31.0,122.5,31.0,122.5
2024-01-23 14:00:00,11.49,12.84,31.0,122.5,31.0,122.5
2024-01-23 15:00:00,11.65,13.09,31.0,122.5,31.0,122.5
2024-01-23 16:00:00,11.74,13.26,31.0,122.5,31.0,122.5
2024-01-23 17:00:00,11.7,13.08,31.0,122.5,31.0,122.5
2024-01-23 18:00:00,11.54,12.92,31.0,122.5,31.0,122.5
2024-01-23 19:00:00,11.34,12.72,31.0,122.5,31.0,122.5
2024-01-23 20:00:00,11.02,12.32,31.0,122.5,31.0,122.5
2024-01-23 21:00:00,10.63,11.82,31.0,122.5,31.0,122.5
2024-01-23 22:00:00,10.42,11.52,31.0,122.5,31.0,122.5
2024-01-23 23:00:00,10.1,11.12,31.0,122.5,31.0,122.5
2024-01-24 00:00:00,10.09,11.18,31.0,122.5,31.0,122.5
2024-01-24 01:00:00,10.1,11.2,31.0,122.5,31.0,122.5
2024-01-24 02:00:00,9.63,10.54,31.0,122.5,31.0,122.5
2024-01-24 03:00:00,9.38,10.21,31.0,122.5,31.0,122.5
2024-01-24 04:00:00,9.2,10.02,31.0,122.5,31.0,122.5
2024-01-24 05:00:00,9.17,9.9,31.0,122.5,31.0,122.5
2024-01-24 06:00:00,9.16,9.99,31.0,122.5,31.0,122.5
2024-01-24 07:00:00,9.18,9.89,31.0,122.5,31.0,122.5
2024-01-24 08:00:00,9.12,9.93,31.0,122.5,31.0,122.5
2024-01-24 09:00:00,8.94,9.79,31.0,122.5,31.0,122.5
2024-01-24 10:00:00,8.65,9.4,31.0,122.5,31.0,122.5
2024-01-24 11:00:00,8.65,9.46,31.0,122.5,31.0,122.5
2024-01-24 12:00:00,8.85,9.66,31.0,122.5,31.0,122.5
2024-01-24 13:00:00,8.75,9.59,31.0,122.5,31.0,122.5
2024-01-24 14:00:00,8.28,9.04,31.0,122.5,31.0,122.5
2024-01-24 15:00:00,8.21,8.9,31.0,122.5,31.0,122.5
2024-01-24 16:00:00,8.13,8.86,31.0,122.5,31.0,122.5
2024-01-24 17:00:00,8.02,8.71,31.0,122.5,31.0,122.5
2024-01-24 18:00:00,7.66,8.25,31.0,122.5,31.0,122.5
2024-01-24 19:00:00,7.3,7.89,31.0,122.5,31.0,122.5
2024-01-24 20:00:00,7.07,7.52,31.0,122.5,31.0,122.5
2024-01-24 21:00:00,7.07,7.56,31.0,122.5,31.0,122.5
2024-01-24 22:00:00,7.74,8.32,31.0,122.5,31.0,122.5
2024-01-24 23:00:00,7.49,7.98,31.0,122.5,31.0,122.5
2024-01-25 00:00:00,6.8,7.18,31.0,122.5,31.0,122.5
2024-01-25 01:00:00,6.65,7.0,31.0,122.5,31.0,122.5
2024-01-25 02:00:00,6.88,7.37,31.0,122.5,31.0,122.5
2024-01-25 03:00:00,7.22,7.71,31.0,122.5,31.0,122.5
2024-01-25 04:00:00,7.21,7.78,31.0,122.5,31.0,122.5
2024-01-25 05:00:00,7.14,7.64,31.0,122.5,31.0,122.5
2024-01-25 06:00:00,7.08,7.58,31.0,122.5,31.0,122.5
2024-01-25 07:00:00,7.1,7.68,31.0,122.5,31.0,122.5
2024-01-25 08:00:00,7.11,7.78,31.0,122.5,31.0,122.5
2024-01-25 09:00:00,7.06,7.6,31.0,122.5,31.0,122.5
2024-01-25 10:00:00,6.65,7.16,31.0,122.5,31.0,122.5
2024-01-25 11:00:00,5.97,6.46,31.0,122.5,31.0,122.5
2024-01-25 12:00:00,5.64,6.04,31.0,122.5,31.0,122.5
2024-01-25 13:00:00,5.87,6.28,31.0,122.5,31.0,122.5
2024-01-25 14:00:00,6.02,6.53,31.0,122.5,31.0,122.5
2024-01-25 15:00:00,5.91,6.32,31.0,122.5,31.0,122.5
2024-01-25 16:00:00,5.69,6.1,31.0,122.5,31.0,122.5
2024-01-25 17:00:00,5.5,5.91,31.0,122.5,31.0,122.5
2024-01-25 18:00:00,5.42,5.78,31.0,122.5,31.0,122.5
2024-01-25 19:00:00,5.37,5.69,31.0,122.5,31.0,122.5
2024-01-25 20:00:00,5.55,5.95,31.0,122.5,31.0,122.5
2024-01-25 21:00:00,5.5,5.91,31.0,122.5,31.0,122.5
2024-01-25 22:00:00,4.74,5.05,31.0,122.5,31.0,122.5
2024-01-25 23:00:00,4.49,4.75,31.0,122.5,31.0,122.5
2024-01-26 00:00:00,4.2,4.36,31.0,122.5,31.0,122.5
2024-01-26 01:00:00,4.46,4.67,31.0,122.5,31.0,122.5
2024-01-26 02:00:00,4.78,4.98,31.0,122.5,31.0,122.5
2024-01-26 03:00:00,4.76,5.04,31.0,122.5,31.0,122.5
2024-01-26 04:00:00,4.76,5.04,31.0,122.5,31.0,122.5
2024-01-26 05:00:00,4.97,5.25,31.0,122.5,31.0,122.5
2024-01-26 06:00:00,5.03,5.32,31.0,122.5,31.0,122.5
2024-01-26 07:00:00,5.01,5.32,31.0,122.5,31.0,122.5
2024-01-26 08:00:00,5.1,5.41,31.0,122.5,31.0,122.5
2024-01-26 09:00:00,5.12,5.52,31.0,122.5,31.0,122.5
2024-01-26 10:00:00,4.5,4.8,31.0,122.5,31.0,122.5
2024-01-26 11:00:00,4.7,5.0,31.0,122.5,31.0,122.5
2024-01-26 12:00:00,4.7,5.0,31.0,122.5,31.0,122.5
2024-01-26 13:00:00,4.83,5.12,31.0,122.5,31.0,122.5
2024-01-26 14:00:00,4.94,5.33,31.0,122.5,31.0,122.5
2024-01-26 15:00:00,4.6,5.0,31.0,122.5,31.0,122.5
2024-01-26 16:00:00,4.0,4.3,31.0,122.5,31.0,122.5
2024-01-26 17:00:00,3.75,4.03,31.0,122.5,31.0,122.5
2024-01-26 18:00:00,3.79,4.08,31.0,122.5,31.0,122.5
2024-01-26 19:00:00,4.03,4.22,31.0,122.5,31.0,122.5
2024-01-26 20:00:00,4.65,4.92,31.0,122.5,31.0,122.5
2024-01-26 21:00:00,5.41,5.78,31.0,122.5,31.0,122.5
2024-01-26 22:00:00,5.64,6.13,31.0,122.5,31.0,122.5
2024-01-26 23:00:00,5.41,5.81,31.0,122.5,31.0,122.5
2024-01-27 00:00:00,5.35,5.76,31.0,122.5,31.0,122.5
2024-01-27 01:00:00,4.98,5.35,31.0,122.5,31.0,122.5
2024-01-27 02:00:00,4.83,5.11,31.0,122.5,31.0,122.5
2024-01-27 03:00:00,4.97,5.33,31.0,122.5,31.0,122.5
2024-01-27 04:00:00,4.85,5.25,31.0,122.5,31.0,122.5
2024-01-27 05:00:00,5.13,5.44,31.0,122.5,31.0,122.5
2024-01-27 06:00:00,5.28,5.64,31.0,122.5,31.0,122.5
2024-01-27 07:00:00,5.46,5.9,31.0,122.5,31.0,122.5
2024-01-27 08:00:00,5.57,6.11,31.0,122.5,31.0,122.5
2024-01-27 09:00:00,5.66,6.2,31.0,122.5,31.0,122.5
2024-01-27 10:00:00,5.24,5.74,31.0,122.5,31.0,122.5
2024-01-27 11:00:00,4.75,5.29,31.0,122.5,31.0,122.5
2024-01-27 12:00:00,4.07,4.52,31.0,122.5,31.0,122.5
2024-01-27 13:00:00,3.88,4.24,31.0,122.5,31.0,122.5
2024-01-27 14:00:00,4.36,4.8,31.0,122.5,31.0,122.5
2024-01-27 15:00:00,4.88,5.37,31.0,122.5,31.0,122.5
2024-01-27 16:00:00,5.05,5.6,31.0,122.5,31.0,122.5
2024-01-27 17:00:00,5.15,5.83,31.0,122.5,31.0,122.5
2024-01-27 18:00:00,5.13,5.96,31.0,122.5,31.0,122.5
2024-01-27 19:00:00,5.08,5.84,31.0,122.5,31.0,122.5
2024-01-27 20:00:00,5.33,6.0,31.0,122.5,31.0,122.5
2024-01-27 21:00:00,5.46,6.16,31.0,122.5,31.0,122.5
2024-01-27 22:00:00,5.23,5.86,31.0,122.5,31.0,122.5
2024-01-27 23:00:00,5.01,5.5,31.0,122.5,31.0,122.5
2024-01-28 00:00:00,5.02,5.5,31.0,122.5,31.0,122.5
2024-01-28 01:00:00,5.0,5.48,31.0,122.5,31.0,122.5
2024-01-28 02:00:00,4.68,5.13,31.0,122.5,31.0,122.5
2024-01-28 03:00:00,4.66,5.08,31.0,122.5,31.0,122.5
2024-01-28 04:00:00,4.81,5.38,31.0,122.5,31.0,122.5
2024-01-28 05:00:00,4.92,5.51,31.0,122.5,31.0,122.5
2024-01-28 06:00:00,4.62,5.25,31.0,122.5,31.0,122.5
2024-01-28 07:00:00,3.79,4.37,31.0,122.5,31.0,122.5
2024-01-28 08:00:00,3.11,3.71,31.0,122.5,31.0,122.5
2024-01-28 09:00:00,2.61,3.14,31.0,122.5,31.0,122.5
2024-01-28 10:00:00,1.22,1.97,31.0,122.5,31.0,122.5
2024-01-28 11:00:00,1.0,1.84,31.0,122.5,31.0,122.5
2024-01-28 12:00:00,1.14,2.02,31.0,122.5,31.0,122.5
2024-01-28 13:00:00,1.5,2.42,31.0,122.5,31.0,122.5
2024-01-28 14:00:00,1.61,2.52,31.0,122.5,31.0,122.5
2024-01-28 15:00:00,1.22,2.1,31.0,122.5,31.0,122.5
2024-01-28 16:00:00,1.14,1.93,31.0,122.5,31.0,122.5
2024-01-28 17:00:00,0.99,1.84,31.0,122.5,31.0,122.5
2024-01-28 18:00:00,1.14,1.92,31.0,122.5,31.0,122.5
2024-01-28 19:00:00,1.36,2.19,31.0,122.5,31.0,122.5
2024-01-28 20:00:00,1.64,2.64,31.0,122.5,31.0,122.5
2024-01-28 21:00:00,2.21,3.27,31.0,122.5,31.0,122.5
2024-01-28 22:00:00,2.14,3.1,31.0,122.5,31.0,122.5
2024-01-28 23:00:00,2.63,3.57,31.0,122.5,31.0,122.5
2024-01-29 00:00:00,3.14,4.24,31.0,122.5,31.0,122.5
2024-01-29 01:00:00,3.2,4.32,31.0,122.5,31.0,122.5
2024-01-29 02:00:00,3.6,4.82,31.0,122.5,31.0,122.5
2024-01-29 03:00:00,4.0,5.33,31.0,122.5,31.0,122.5
2024-01-29 04:00:00,4.62,6.08,31.0,122.5,31.0,122.5
2024-01-29 05:00:00,4.57,6.11,31.0,122.5,31.0,122.5
2024-01-29 06:00:00,5.12,6.77,31.0,122.5,31.0,122.5
2024-01-29 07:00:00,5.55,7.31,31.0,122.5,31.0,122.5
2024-01-29 08:00:00,5.68,7.56,31.0,122.5,31.0,122.5
2024-01-29 09:00:00,5.95,8.07,31.0,122.5,31.0,122.5
2024-01-29 10:00:00,5.25,7.19,31.0,122.5,31.0,122.5
2024-01-29 11:00:00,5.85,7.91,31.0,122.5,31.0,122.5
2024-01-29 12:00:00,5.85,8.02,31.0,122.5,31.0,122.5
2024-01-29 13:00:00,6.01,8.17,31.0,122.5,31.0,122.5
2024-01-29 14:00:00,5.92,8.16,31.0,122.5,31.0,122.5
2024-01-29 15:00:00,5.82,8.2,31.0,122.5,31.0,122.5
2024-01-29 16:00:00,6.15,8.57,31.0,122.5,31.0,122.5
2024-01-29 17:00:00,6.34,8.94,31.0,122.5,31.0,122.5
2024-01-29 18:00:00,6.44,9.12,31.0,122.5,31.0,122.5
2024-01-29 19:00:00,6.38,9.12,31.0,122.5,31.0,122.5
2024-01-29 20:00:00,6.58,9.32,31.0,122.5,31.0,122.5
2024-01-29 21:00:00,6.66,9.39,31.0,122.5,31.0,122.5
2024-01-29 22:00:00,6.71,9.4,31.0,122.5,31.0,122.5
2024-01-29 23:00:00,6.96,9.82,31.0,122.5,31.0,122.5
2024-01-30 00:00:00,7.24,10.12,31.0,122.5,31.0,122.5
2024-01-30 01:00:00,6.22,9.0,31.0,122.5,31.0,122.5
2024-01-30 02:00:00,6.04,8.7,31.0,122.5,31.0,122.5
2024-01-30 03:00:00,6.23,9.0,31.0,122.5,31.0,122.5
2024-01-30 04:00:00,6.1,9.03,31.0,122.5,31.0,122.5
2024-01-30 05:00:00,5.81,8.56,31.0,122.5,31.0,122.5
2024-01-30 06:00:00,5.5,7.93,31.0,122.5,31.0,122.5
2024-01-30 07:00:00,5.43,7.7,31.0,122.5,31.0,122.5
2024-01-30 08:00:00,5.45,7.6,31.0,122.5,31.0,122.5
2024-01-30 09:00:00,5.23,7.31,31.0,122.5,31.0,122.5
2024-01-30 10:00:00,4.16,5.52,31.0,122.5,31.0,122.5
2024-01-30 11:00:00,4.0,5.24,31.0,122.5,31.0,122.5
2024-01-30 12:00:00,3.49,4.65,31.0,122.5,31.0,122.5
2024-01-30 13:00:00,3.16,4.0,31.0,122.5,31.0,122.5
2024-01-30 14:00:00,2.79,3.2,31.0,122.5,31.0,122.5
2024-01-30 15:00:00,2.16,2.19,31.0,122.5,31.0,122.5
2024-01-30 16:00:00,1.43,1.34,31.0,122.5,31.0,122.5
2024-01-30 17:00:00,1.04,0.91,31.0,122.5,31.0,122.5
2024-01-30 18:00:00,1.36,1.5,31.0,122.5,31.0,122.5
2024-01-30 19:00:00,1.43,1.5,31.0,122.5,31.0,122.5
2024-01-30 20:00:00,1.62,1.71,31.0,122.5,31.0,122.5
2024-01-30 21:00:00,1.49,1.53,31.0,122.5,31.0,122.5
2024-01-30 22:00:00,1.64,1.84,31.0,122.5,31.0,122.5
2024-01-30 23:00:00,1.66,1.97,31.0,122.5,31.0,122.5
2024-01-31 00:00:00,2.32,2.33,31.0,122.5,31.0,122.5
2024-01-31 01:00:00,2.83,3.09,31.0,122.5,31.0,122.5
2024-01-31 02:00:00,2.75,3.61,31.0,122.5,31.0,122.5
2024-01-31 03:00:00,3.04,4.06,31.0,122.5,31.0,122.5
2024-01-31 04:00:00,3.54,4.39,31.0,122.5,31.0,122.5
2024-01-31 05:00:00,3.77,4.8,31.0,122.5,31.0,122.5
2024-01-31 06:00:00,3.62,4.88,31.0,122.5,31.0,122.5
2024-01-31 07:00:00,4.07,5.37,31.0,122.5,31.0,122.5
2024-01-31 08:00:00,4.33,5.95,31.0,122.5,31.0,122.5
2024-01-31 09:00:00,4.36,6.09,31.0,122.5,31.0,122.5
2024-01-31 10:00:00,3.78,5.5,31.0,122.5,31.0,122.5
2024-01-31 11:00:00,4.34,6.4,31.0,122.5,31.0,122.5
2024-01-31 12:00:00,4.25,6.54,31.0,122.5,31.0,122.5
2024-01-31 13:00:00,4.02,6.4,31.0,122.5,31.0,122.5
2024-01-31 14:00:00,3.26,5.53,31.0,122.5,31.0,122.5
2024-01-31 15:00:00,2.6,4.9,31.0,122.5,31.0,122.5
2024-01-31 16:00:00,1.5,3.72,31.0,122.5,31.0,122.5
2024-01-31 17:00:00,1.34,3.6,31.0,122.5,31.0,122.5
2024-01-31 18:00:00,1.06,3.1,31.0,122.5,31.0,122.5
2024-01-31 19:00:00,1.93,1.41,31.0,122.5,31.0,122.5
2024-01-31 20:00:00,4.83,4.69,31.0,122.5,31.0,122.5
2024-01-31 21:00:00,6.1,7.77,31.0,122.5,31.0,122.5
2024-01-31 22:00:00,7.21,10.36,31.0,122.5,31.0,122.5
2024-01-31 23:00:00,7.38,10.84,31.0,122.5,31.0,122.5
2024-02-01 00:00:00,7.67,11.23,31.0,122.5,31.0,122.5
2024-02-01 01:00:00,8.05,11.61,31.0,122.5,31.0,122.5
2024-02-01 02:00:00,8.6,11.99,31.0,122.5,31.0,122.5
2024-02-01 03:00:00,9.12,12.53,31.0,122.5,31.0,122.5
2024-02-01 04:00:00,9.28,12.66,31.0,122.5,31.0,122.5
2024-02-01 05:00:00,9.43,12.59,31.0,122.5,31.0,122.5
2024-02-01 06:00:00,9.3,12.27,31.0,122.5,31.0,122.5
2024-02-01 07:00:00,9.3,12.18,31.0,122.5,31.0,122.5
2024-02-01 08:00:00,9.68,12.56,31.0,122.5,31.0,122.5
2024-02-01 09:00:00,9.77,12.62,31.0,122.5,31.0,122.5
2024-02-01 10:00:00,8.76,11.42,31.0,122.5,31.0,122.5
2024-02-01 11:00:00,9.11,11.92,31.0,122.5,31.0,122.5
2024-02-01 12:00:00,9.54,12.3,31.0,122.5,31.0,122.5
2024-02-01 13:00:00,9.59,12.07,31.0,122.5,31.0,122.5
2024-02-01 14:00:00,9.6,12.1,31.0,122.5,31.0,122.5
2024-02-01 15:00:00,9.73,12.3,31.0,122.5,31.0,122.5
2024-02-01 16:00:00,9.48,12.06,31.0,122.5,31.0,122.5
2024-02-01 17:00:00,9.26,11.69,31.0,122.5,31.0,122.5
2024-02-01 18:00:00,9.65,12.06,31.0,122.5,31.0,122.5
2024-02-01 19:00:00,9.91,12.51,31.0,122.5,31.0,122.5
2024-02-01 20:00:00,9.73,12.02,31.0,122.5,31.0,122.5
2024-02-01 21:00:00,9.17,11.79,31.0,122.5,31.0,122.5
2024-02-01 22:00:00,9.41,11.77,31.0,122.5,31.0,122.5
2024-02-01 23:00:00,8.68,10.77,31.0,122.5,31.0,122.5
2024-02-02 00:00:00,8.78,10.75,31.0,122.5,31.0,122.5
2024-02-02 01:00:00,8.47,10.85,31.0,122.5,31.0,122.5
2024-02-02 02:00:00,8.43,10.43,31.0,122.5,31.0,122.5
2024-02-02 03:00:00,8.42,10.36,31.0,122.5,31.0,122.5
2024-02-02 04:00:00,8.57,10.56,31.0,122.5,31.0,122.5
2024-02-02 05:00:00,8.45,10.66,31.0,122.5,31.0,122.5
2024-02-02 06:00:00,8.32,10.5,31.0,122.5,31.0,122.5
2024-02-02 07:00:00,8.19,10.36,31.0,122.5,31.0,122.5
2024-02-02 08:00:00,7.98,10.07,31.0,122.5,31.0,122.5
2024-02-02 09:00:00,7.78,9.93,31.0,122.5,31.0,122.5
2024-02-02 10:00:00,7.42,9.45,31.0,122.5,31.0,122.5
2024-02-02 11:00:00,6.8,8.82,31.0,122.5,31.0,122.5
2024-02-02 12:00:00,6.63,8.54,31.0,122.5,31.0,122.5
2024-02-02 13:00:00,6.85,8.99,31.0,122.5,31.0,122.5
2024-02-02 14:00:00,6.32,8.41,31.0,122.5,31.0,122.5
2024-02-02 15:00:00,6.05,8.05,31.0,122.5,31.0,122.5
2024-02-02 16:00:00,6.54,8.68,31.0,122.5,31.0,122.5
2024-02-02 17:00:00,6.87,9.03,31.0,122.5,31.0,122.5
2024-02-02 18:00:00,7.27,9.6,31.0,122.5,31.0,122.5
2024-02-02 19:00:00,7.84,10.29,31.0,122.5,31.0,122.5
2024-02-02 20:00:00,8.32,10.92,31.0,122.5,31.0,122.5
2024-02-02 21:00:00,8.3,10.9,31.0,122.5,31.0,122.5
2024-02-02 22:00:00,8.05,10.43,31.0,122.5,31.0,122.5
2024-02-02 23:00:00,7.51,9.9,31.0,122.5,31.0,122.5
2024-02-03 00:00:00,7.14,9.49,31.0,122.5,31.0,122.5
2024-02-03 01:00:00,7.54,9.8,31.0,122.5,31.0,122.5
2024-02-03 02:00:00,8.61,11.13,31.0,122.5,31.0,122.5
2024-02-03 03:00:00,8.99,11.75,31.0,122.5,31.0,122.5
2024-02-03 04:00:00,7.92,10.55,31.0,122.5,31.0,122.5
2024-02-03 05:00:00,6.87,8.93,31.0,122.5,31.0,122.5
2024-02-03 06:00:00,7.2,9.22,31.0,122.5,31.0,122.5
2024-02-03 07:00:00,7.98,10.31,31.0,122.5,31.0,122.5
2024-02-03 08:00:00,8.6,11.13,31.0,122.5,31.0,122.5
2024-02-03 09:00:00,8.93,11.67,31.0,122.5,31.0,122.5
2024-02-03 10:00:00,8.54,11.17,31.0,122.5,31.0,122.5
2024-02-03 11:00:00,9.1,11.77,31.0,122.5,31.0,122.5
2024-02-03 12:00:00,8.93,11.8,31.0,122.5,31.0,122.5
2024-02-03 13:00:00,8.79,11.55,31.0,122.5,31.0,122.5
2024-02-03 14:00:00,8.82,11.77,31.0,122.5,31.0,122.5
2024-02-03 15:00:00,9.36,11.77,31.0,122.5,31.0,122.5
2024-02-03 16:00:00,8.73,10.99,31.0,122.5,31.0,122.5
2024-02-03 17:00:00,8.1,10.16,31.0,122.5,31.0,122.5
2024-02-03 18:00:00,7.75,9.88,31.0,122.5,31.0,122.5
2024-02-03 19:00:00,7.62,9.82,31.0,122.5,31.0,122.5
2024-02-03 20:00:00,7.52,9.63,31.0,122.5,31.0,122.5
2024-02-03 21:00:00,7.47,9.81,31.0,122.5,31.0,122.5
2024-02-03 22:00:00,7.13,9.14,31.0,122.5,31.0,122.5
2024-02-03 23:00:00,7.16,9.28,31.0,122.5,31.0,122.5
2024-02-04 00:00:00,6.02,8.09,31.0,122.5,31.0,122.5
2024-02-04 01:00:00,5.55,7.23,31.0,122.5,31.0,122.5
2024-02-04 02:00:00,5.02,6.63,31.0,122.5,31.0,122.5
2024-02-04 03:00:00,4.7,6.43,31.0,122.5,31.0,122.5
2024-02-04 04:00:00,3.95,5.36,31.0,122.5,31.0,122.5
2024-02-04 05:00:00,4.14,4.68,31.0,122.5,31.0,122.5
2024-02-04 06:00:00,5.9,6.88,31.0,122.5,31.0,122.5
2024-02-04 07:00:00,7.78,10.19,31.0,122.5,31.0,122.5
2024-02-04 08:00:00,7.07,9.78,31.0,122.5,31.0,122.5
2024-02-04 09:00:00,6.11,8.21,31.0,122.5,31.0,122.5
2024-02-04 10:00:00,6.17,7.75,31.0,122.5,31.0,122.5
2024-02-04 11:00:00,4.7,5.33,31.0,122.5,31.0,122.5
2024-02-04 12:00:00,7.2,8.5,31.0,122.5,31.0,122.5
2024-02-04 13:00:00,10.31,12.22,31.0,122.5,31.0,122.5
2024-02-04 14:00:00,10.88,13.03,31.0,122.5,31.0,122.5
2024-02-04 15:00:00,10.51,12.61,31.0,122.5,31.0,122.5
2024-02-04 16:00:00,11.01,12.97,31.0,122.5,31.0,122.5
2024-02-04 17:00:00,11.61,13.84,31.0,122.5,31.0,122.5
2024-02-04 18:00:00,11.31,13.42,31.0,122.5,31.0,122.5
2024-02-04 19:00:00,11.6,13.76,31.0,122.5,31.0,122.5
2024-02-04 20:00:00,11.76,13.9,31.0,122.5,31.0,122.5
2024-02-04 21:00:00,11.54,13.54,31.0,122.5,31.0,122.5
2024-02-04 22:00:00,11.32,13.15,31.0,122.5,31.0,122.5
2024-02-04 23:00:00,11.85,13.82,31.0,122.5,31.0,122.5
2024-02-05 00:00:00,11.42,13.3,31.0,122.5,31.0,122.5
2024-02-05 01:00:00,11.9,13.78,31.0,122.5,31.0,122.5
2024-02-05 02:00:00,12.41,14.39,31.0,122.5,31.0,122.5
2024-02-05 03:00:00,11.98,13.96,31.0,122.5,31.0,122.5
2024-02-05 04:00:00,11.88,13.81,31.0,122.5,31.0,122.5
2024-02-05 05:00:00,11.56,13.34,31.0,122.5,31.0,122.5
2024-02-05 06:00:00,11.29,12.93,31.0,122.5,31.0,122.5
2024-02-05 07:00:00,10.98,12.48,31.0,122.5,31.0,122.5
2024-02-05 08:00:00,10.96,12.54,31.0,122.5,31.0,122.5
2024-02-05 09:00:00,10.97,12.58,31.0,122.5,31.0,122.5
2024-02-05 10:00:00,10.29,11.63,31.0,122.5,31.0,122.5
2024-02-05 11:00:00,10.02,11.32,31.0,122.5,31.0,122.5
2024-02-05 12:00:00,8.95,9.89,31.0,122.5,31.0,122.5
2024-02-05 13:00:00,9.0,9.94,31.0,122.5,31.0,122.5
2024-02-05 14:00:00,8.73,9.65,31.0,122.5,31.0,122.5
2024-02-05 15:00:00,7.78,8.48,31.0,122.5,31.0,122.5
2024-02-05 16:00:00,7.35,7.93,31.0,122.5,31.0,122.5
2024-02-05 17:00:00,7.39,7.95,31.0,122.5,31.0,122.5
2024-02-05 18:00:00,7.78,8.46,31.0,122.5,31.0,122.5
2024-02-05 19:00:00,7.87,8.59,31.0,122.5,31.0,122.5
2024-02-05 20:00:00,7.8,8.49,31.0,122.5,31.0,122.5
2024-02-05 21:00:00,8.1,8.76,31.0,122.5,31.0,122.5
2024-02-05 22:00:00,8.04,8.71,31.0,122.5,31.0,122.5
2024-02-05 23:00:00,8.16,8.94,31.0,122.5,31.0,122.5
2024-02-06 00:00:00,7.18,7.86,31.0,122.5,31.0,122.5
2024-02-06 01:00:00,6.87,7.45,31.0,122.5,31.0,122.5
2024-02-06 02:00:00,7.91,8.6,31.0,122.5,31.0,122.5
2024-02-06 03:00:00,8.05,8.81,31.0,122.5,31.0,122.5
2024-02-06 04:00:00,8.21,9.08,31.0,122.5,31.0,122.5
2024-02-06 05:00:00,7.81,8.6,31.0,122.5,31.0,122.5
2024-02-06 06:00:00,7.46,8.13,31.0,122.5,31.0,122.5
2024-02-06 07:00:00,7.91,8.7,31.0,122.5,31.0,122.5
2024-02-06 08:00:00,8.57,9.49,31.0,122.5,31.0,122.5
2024-02-06 09:00:00,8.55,9.54,31.0,122.5,31.0,122.5
2024-02-06 10:00:00,7.96,8.96,31.0,122.5,31.0,122.5
2024-02-06 11:00:00,7.83,8.71,31.0,122.5,31.0,122.5
2024-02-06 12:00:00,7.83,8.61,31.0,122.5,31.0,122.5
2024-02-06 13:00:00,8.06,8.96,31.0,122.5,31.0,122.5
2024-02-06 14:00:00,8.35,9.23,31.0,122.5,31.0,122.5
2024-02-06 15:00:00,8.23,9.22,31.0,122.5,31.0,122.5
2024-02-06 16:00:00,8.62,9.62,31.0,122.5,31.0,122.5
2024-02-06 17:00:00,8.61,9.7,31.0,122.5,31.0,122.5
2024-02-06 18:00:00,8.22,9.1,31.0,122.5,31.0,122.5
2024-02-06 19:00:00,8.3,9.3,31.0,122.5,31.0,122.5
2024-02-06 20:00:00,8.41,9.43,31.0,122.5,31.0,122.5
2024-02-06 21:00:00,8.87,10.0,31.0,122.5,31.0,122.5
2024-02-06 22:00:00,9.12,10.58,31.0,122.5,31.0,122.5
2024-02-06 23:00:00,9.27,10.76,31.0,122.5,31.0,122.5
2024-02-07 00:00:00,9.12,10.58,31.0,122.5,31.0,122.5
2024-02-07 01:00:00,8.75,9.98,31.0,122.5,31.0,122.5
2024-02-07 02:00:00,8.45,9.58,31.0,122.5,31.0,122.5
2024-02-07 03:00:00,8.31,9.31,31.0,122.5,31.0,122.5
2024-02-07 04:00:00,8.6,9.6,31.0,122.5,31.0,122.5
2024-02-07 05:00:00,8.67,9.65,31.0,122.5,31.0,122.5
2024-02-07 06:00:00,8.93,9.93,31.0,122.5,31.0,122.5
2024-02-07 07:00:00,9.11,10.2,31.0,122.5,31.0,122.5
2024-02-07 08:00:00,8.97,10.06,31.0,122.5,31.0,122.5
2024-02-07 09:00:00,9.35,10.45,31.0,122.5,31.0,122.5
2024-02-07 10:00:00,8.77,9.86,31.0,122.5,31.0,122.5
2024-02-07 11:00:00,8.98,10.06,31.0,122.5,31.0,122.5
2024-02-07 12:00:00,8.78,9.87,31.0,122.5,31.0,122.5
2024-02-07 13:00:00,8.72,9.81,31.0,122.5,31.0,122.5
2024-02-07 14:00:00,8.0,8.9,31.0,122.5,31.0,122.5
2024-02-07 15:00:00,7.3,8.0,31.0,122.5,31.0,122.5
2024-02-07 16:00:00,6.48,6.96,31.0,122.5,31.0,122.5
2024-02-07 17:00:00,7.63,8.32,31.0,122.5,31.0,122.5
2024-02-07 18:00:00,7.96,8.65,31.0,122.5,31.0,122.5
2024-02-07 19:00:00,8.06,8.85,31.0,122.5,31.0,122.5
2024-02-07 20:00:00,8.14,9.03,31.0,122.5,31.0,122.5
2024-02-07 21:00:00,8.37,9.25,31.0,122.5,31.0,122.5
2024-02-07 22:00:00,7.83,8.72,31.0,122.5,31.0,122.5
2024-02-07 23:00:00,7.31,8.11,31.0,122.5,31.0,122.5
2024-02-08 00:00:00,6.74,7.42,31.0,122.5,31.0,122.5
2024-02-08 01:00:00,6.94,7.51,31.0,122.5,31.0,122.5
2024-02-08 02:00:00,7.23,7.93,31.0,122.5,31.0,122.5
2024-02-08 03:00:00,7.05,7.72,31.0,122.5,31.0,122.5
2024-02-08 04:00:00,7.3,7.98,31.0,122.5,31.0,122.5
2024-02-08 05:00:00,7.87,8.63,31.0,122.5,31.0,122.5
2024-02-08 06:00:00,7.65,8.5,31.0,122.5,31.0,122.5
2024-02-08 07:00:00,7.66,8.38,31.0,122.5,31.0,122.5
2024-02-08 08:00:00,8.43,9.38,31.0,122.5,31.0,122.5
2024-02-08 09:00:00,8.65,9.77,31.0,122.5,31.0,122.5
2024-02-08 10:00:00,7.45,8.45,31.0,122.5,31.0,122.5
2024-02-08 11:00:00,6.77,7.47,31.0,122.5,31.0,122.5
2024-02-08 12:00:00,6.36,6.96,31.0,122.5,31.0,122.5
2024-02-08 13:00:00,6.2,6.9,31.0,122.5,31.0,122.5
2024-02-08 14:00:00,6.05,6.59,31.0,122.5,31.0,122.5
2024-02-08 15:00:00,6.09,6.63,31.0,122.5,31.0,122.5
2024-02-08 16:00:00,5.92,6.56,31.0,122.5,31.0,122.5
2024-02-08 17:00:00,6.13,6.66,31.0,122.5,31.0,122.5
2024-02-08 18:00:00,6.21,6.8,31.0,122.5,31.0,122.5
2024-02-08 19:00:00,6.42,7.0,31.0,122.5,31.0,122.5
2024-02-08 20:00:00,6.67,7.31,31.0,122.5,31.0,122.5
2024-02-08 21:00:00,6.56,7.28,31.0,122.5,31.0,122.5
2024-02-08 22:00:00,5.88,6.38,31.0,122.5,31.0,122.5
2024-02-08 23:00:00,4.94,5.38,31.0,122.5,31.0,122.5
2024-02-09 00:00:00,4.98,5.34,31.0,122.5,31.0,122.5
2024-02-09 01:00:00,5.74,6.09,31.0,122.5,31.0,122.5
2024-02-09 02:00:00,5.7,6.2,31.0,122.5,31.0,122.5
2024-02-09 03:00:00,5.3,5.72,31.0,122.5,31.0,122.5
2024-02-09 04:00:00,5.0,5.42,31.0,122.5,31.0,122.5
2024-02-09 05:00:00,4.75,5.17,31.0,122.5,31.0,122.5
2024-02-09 06:00:00,4.6,4.96,31.0,122.5,31.0,122.5
2024-02-09 07:00:00,3.94,4.3,31.0,122.5,31.0,122.5
2024-02-09 08:00:00,3.3,3.64,31.0,122.5,31.0,122.5
2024-02-09 09:00:00,2.2,2.5,31.0,122.5,31.0,122.5
2024-02-09 10:00:00,1.33,1.53,31.0,122.5,31.0,122.5
2024-02-09 11:00:00,0.51,0.7,31.0,122.5,31.0,122.5
2024-02-09 12:00:00,0.3,0.2,31.0,122.5,31.0,122.5
2024-02-09 13:00:00,1.0,0.94,31.0,122.5,31.0,122.5
2024-02-09 14:00:00,1.92,1.84,31.0,122.5,31.0,122.5
2024-02-09 15:00:00,2.6,2.58,31.0,122.5,31.0,122.5
2024-02-09 16:00:00,3.2,3.41,31.0,122.5,31.0,122.5
2024-02-09 17:00:00,3.5,3.91,31.0,122.5,31.0,122.5
2024-02-09 18:00:00,3.56,4.3,31.0,122.5,31.0,122.5
2024-02-09 19:00:00,4.03,5.05,31.0,122.5,31.0,122.5
2024-02-09 20:00:00,4.42,5.74,31.0,122.5,31.0,122.5
2024-02-09 21:00:00,4.61,6.2,31.0,122.5,31.0,122.5
2024-02-09 22:00:00,4.87,6.92,31.0,122.5,31.0,122.5
2024-02-09 23:00:00,5.12,7.1,31.0,122.5,31.0,122.5
2024-02-10 00:00:00,4.88,6.87,31.0,122.5,31.0,122.5
2024-02-10 01:00:00,4.9,6.95,31.0,122.5,31.0,122.5
2024-02-10 02:00:00,5.04,7.01,31.0,122.5,31.0,122.5
2024-02-10 03:00:00,4.63,6.6,31.0,122.5,31.0,122.5
2024-02-10 04:00:00,4.23,6.1,31.0,122.5,31.0,122.5
2024-02-10 05:00:00,3.67,5.6,31.0,122.5,31.0,122.5
2024-02-10 06:00:00,2.91,4.6,31.0,122.5,31.0,122.5
2024-02-10 07:00:00,2.33,3.62,31.0,122.5,31.0,122.5
2024-02-10 08:00:00,2.24,2.82,31.0,122.5,31.0,122.5
2024-02-10 09:00:00,2.72,2.84,31.0,122.5,31.0,122.5
2024-02-10 10:00:00,2.71,2.86,31.0,122.5,31.0,122.5
2024-02-10 11:00:00,3.16,3.45,31.0,122.5,31.0,122.5
2024-02-10 12:00:00,3.32,3.89,31.0,122.5,31.0,122.5
2024-02-10 13:00:00,3.4,4.18,31.0,122.5,31.0,122.5
2024-02-10 14:00:00,3.83,4.92,31.0,122.5,31.0,122.5
2024-02-10 15:00:00,4.49,6.05,31.0,122.5,31.0,122.5
2024-02-10 16:00:00,5.1,7.06,31.0,122.5,31.0,122.5
2024-02-10 17:00:00,5.44,7.86,31.0,122.5,31.0,122.5
2024-02-10 18:00:00,5.39,8.04,31.0,122.5,31.0,122.5
2024-02-10 19:00:00,5.24,7.91,31.0,122.5,31.0,122.5
2024-02-10 20:00:00,4.81,7.24,31.0,122.5,31.0,122.5
2024-02-10 21:00:00,6.04,8.7,31.0,122.5,31.0,122.5
2024-02-10 22:00:00,4.6,6.84,31.0,122.5,31.0,122.5
2024-02-10 23:00:00,3.75,5.6,31.0,122.5,31.0,122.5
2024-02-11 00:00:00,4.1,6.08,31.0,122.5,31.0,122.5
2024-02-11 01:00:00,4.58,6.75,31.0,122.5,31.0,122.5
2024-02-11 02:00:00,4.84,6.98,31.0,122.5,31.0,122.5
2024-02-11 03:00:00,4.52,6.58,31.0,122.5,31.0,122.5
2024-02-11 04:00:00,4.39,6.35,31.0,122.5,31.0,122.5
2024-02-11 05:00:00,3.85,5.85,31.0,122.5,31.0,122.5
2024-02-11 06:00:00,2.82,4.84,31.0,122.5,31.0,122.5
2024-02-11 07:00:00,1.78,3.62,31.0,122.5,31.0,122.5
2024-02-11 08:00:00,0.73,2.56,31.0,122.5,31.0,122.5
2024-02-11 09:00:00,0.6,1.51,31.0,122.5,31.0,122.5
2024-02-11 10:00:00,1.32,1.63,31.0,122.5,31.0,122.5
2024-02-11 11:00:00,2.16,2.0,31.0,122.5,31.0,122.5
2024-02-11 12:00:00,2.78,2.66,31.0,122.5,31.0,122.5
2024-02-11 13:00:00,3.13,3.36,31.0,122.5,31.0,122.5
2024-02-11 14:00:00,3.44,3.98,31.0,122.5,31.0,122.5
2024-02-11 15:00:00,3.71,4.43,31.0,122.5,31.0,122.5
2024-02-11 16:00:00,3.94,4.74,31.0,122.5,31.0,122.5
2024-02-11 17:00:00,4.24,5.01,31.0,122.5,31.0,122.5
2024-02-11 18:00:00,4.52,5.87,31.0,122.5,31.0,122.5
2024-02-11 19:00:00,4.96,7.12,31.0,122.5,31.0,122.5
2024-02-11 20:00:00,5.3,7.7,31.0,122.5,31.0,122.5
2024-02-11 21:00:00,5.2,7.81,31.0,122.5,31.0,122.5
2024-02-11 22:00:00,5.21,7.82,31.0,122.5,31.0,122.5
2024-02-11 23:00:00,5.51,8.2,31.0,122.5,31.0,122.5
2024-02-12 00:00:00,5.72,8.61,31.0,122.5,31.0,122.5
2024-02-12 01:00:00,5.93,8.92,31.0,122.5,31.0,122.5
2024-02-12 02:00:00,6.25,9.33,31.0,122.5,31.0,122.5
2024-02-12 03:00:00,6.76,10.05,31.0,122.5,31.0,122.5
2024-02-12 04:00:00,7.32,10.72,31.0,122.5,31.0,122.5
2024-02-12 05:00:00,7.71,11.21,31.0,122.5,31.0,122.5
2024-02-12 06:00:00,7.61,11.21,31.0,122.5,31.0,122.5
2024-02-12 07:00:00,7.65,11.24,31.0,122.5,31.0,122.5
2024-02-12 08:00:00,7.67,11.26,31.0,122.5,31.0,122.5
2024-02-12 09:00:00,8.15,11.94,31.0,122.5,31.0,122.5
2024-02-12 10:00:00,8.49,12.18,31.0,122.5,31.0,122.5
2024-02-12 11:00:00,8.9,12.79,31.0,122.5,31.0,122.5
2024-02-12 12:00:00,9.22,13.32,31.0,122.5,31.0,122.5
2024-02-12 13:00:00,9.54,13.62,31.0,122.5,31.0,122.5
2024-02-12 14:00:00,9.56,13.74,31.0,122.5,31.0,122.5
2024-02-12 15:00:00,9.73,13.81,31.0,122.5,31.0,122.5
2024-02-12 16:00:00,9.7,13.9,31.0,122.5,31.0,122.5
2024-02-12 17:00:00,10.0,14.21,31.0,122.5,31.0,122.5
2024-02-12 18:00:00,10.0,14.21,31.0,122.5,31.0,122.5
2024-02-12 19:00:00,10.0,14.21,31.0,122.5,31.0,122.5
2024-02-12 20:00:00,9.9,14.2,31.0,122.5,31.0,122.5
2024-02-12 21:00:00,9.71,14.0,31.0,122.5,31.0,122.5
2024-02-12 22:00:00,8.44,12.51,31.0,122.5,31.0,122.5
2024-02-12 23:00:00,8.81,12.97,31.0,122.5,31.0,122.5
2024-02-13 00:00:00,9.16,13.41,31.0,122.5,31.0,122.5
2024-02-13 01:00:00,8.93,13.3,31.0,122.5,31.0,122.5
2024-02-13 02:00:00,8.88,13.3,31.0,122.5,31.0,122.5
2024-02-13 03:00:00,9.17,13.69,31.0,122.5,31.0,122.5
2024-02-13 04:00:00,9.16,13.76,31.0,122.5,31.0,122.5
2024-02-13 05:00:00,9.08,13.65,31.0,122.5,31.0,122.5
2024-02-13 06:00:00,8.86,13.44,31.0,122.5,31.0,122.5
2024-02-13 07:00:00,8.8,13.37,31.0,122.5,31.0,122.5
2024-02-13 08:00:00,8.77,13.37,31.0,122.5,31.0,122.5
2024-02-13 09:00:00,8.66,13.38,31.0,122.5,31.0,122.5
2024-02-13 10:00:00,8.85,13.14,31.0,122.5,31.0,122.5
2024-02-13 11:00:00,9.01,13.49,31.0,122.5,31.0,122.5
2024-02-13 12:00:00,9.3,14.12,31.0,122.5,31.0,122.5
2024-02-13 13:00:00,9.39,14.2,31.0,122.5,31.0,122.5
2024-02-13 14:00:00,9.52,14.51,31.0,122.5,31.0,122.5
2024-02-13 15:00:00,9.21,14.06,31.0,122.5,31.0,122.5
2024-02-13 16:00:00,8.1,12.46,31.0,122.5,31.0,122.5
2024-02-13 17:00:00,7.14,11.1,31.0,122.5,31.0,122.5
2024-02-13 18:00:00,7.08,10.9,31.0,122.5,31.0,122.5
2024-02-13 19:00:00,7.02,10.87,31.0,122.5,31.0,122.5
2024-02-13 20:00:00,6.62,10.3,31.0,122.5,31.0,122.5
2024-02-13 21:00:00,6.2,9.69,31.0,122.5,31.0,122.5
2024-02-13 22:00:00,5.14,7.82,31.0,122.5,31.0,122.5
2024-02-13 23:00:00,4.92,7.47,31.0,122.5,31.0,122.5
2024-02-14 00:00:00,4.16,6.59,31.0,122.5,31.0,122.5
2024-02-14 01:00:00,3.19,5.28,31.0,122.5,31.0,122.5
2024-02-14 02:00:00,2.47,3.94,31.0,122.5,31.0,122.5
2024-02-14 03:00:00,2.69,3.28,31.0,122.5,31.0,122.5
2024-02-14 04:00:00,2.9,2.9,31.0,122.5,31.0,122.5
2024-02-14 05:00:00,3.26,2.6,31.0,122.5,31.0,122.5
2024-02-14 06:00:00,3.69,3.22,31.0,122.5,31.0,122.5
2024-02-14 07:00:00,3.72,3.83,31.0,122.5,31.0,122.5
2024-02-14 08:00:00,3.51,3.82,31.0,122.5,31.0,122.5
2024-02-14 09:00:00,3.01,3.41,31.0,122.5,31.0,122.5
2024-02-14 10:00:00,2.57,2.8,31.0,122.5,31.0,122.5
2024-02-14 11:00:00,2.64,2.73,31.0,122.5,31.0,122.5
2024-02-14 12:00:00,2.97,3.26,31.0,122.5,31.0,122.5
2024-02-14 13:00:00,3.12,3.86,31.0,122.5,31.0,122.5
2024-02-14 14:00:00,3.72,4.92,31.0,122.5,31.0,122.5
2024-02-14 15:00:00,4.21,5.99,31.0,122.5,31.0,122.5
2024-02-14 16:00:00,4.16,6.41,31.0,122.5,31.0,122.5
2024-02-14 17:00:00,4.2,6.55,31.0,122.5,31.0,122.5
2024-02-14 18:00:00,3.81,6.18,31.0,122.5,31.0,122.5
2024-02-14 19:00:00,3.51,5.66,31.0,122.5,31.0,122.5
2024-02-14 20:00:00,3.4,5.29,31.0,122.5,31.0,122.5
2024-02-14 21:00:00,3.82,5.39,31.0,122.5,31.0,122.5
2024-02-14 22:00:00,3.23,4.22,31.0,122.5,31.0,122.5
2024-02-14 23:00:00,2.62,3.88,31.0,122.5,31.0,122.5
2024-02-15 00:00:00,3.86,4.18,31.0,122.5,31.0,122.5
2024-02-15 01:00:00,10.34,13.75,31.0,122.5,31.0,122.5
2024-02-15 02:00:00,11.21,14.7,31.0,122.5,31.0,122.5
2024-02-15 03:00:00,12.32,16.01,31.0,122.5,31.0,122.5
2024-02-15 04:00:00,12.9,16.6,31.0,122.5,31.0,122.5
2024-02-15 05:00:00,13.2,16.9,31.0,122.5,31.0,122.5
2024-02-15 06:00:00,13.0,16.4,31.0,122.5,31.0,122.5
2024-02-15 07:00:00,12.3,15.3,31.0,122.5,31.0,122.5
2024-02-15 08:00:00,11.9,14.4,31.0,122.5,31.0,122.5
2024-02-15 09:00:00,11.8,14.1,31.0,122.5,31.0,122.5
2024-02-15 10:00:00,11.4,13.6,31.0,122.5,31.0,122.5
2024-02-15 11:00:00,11.1,13.1,31.0,122.5,31.0,122.5
2024-02-15 12:00:00,10.9,12.8,31.0,122.5,31.0,122.5
2024-02-15 13:00:00,11.1,13.0,31.0,122.5,31.0,122.5
2024-02-15 14:00:00,11.01,12.72,31.0,122.5,31.0,122.5
2024-02-15 15:00:00,10.27,11.7,31.0,122.5,31.0,122.5
2024-02-15 16:00:00,9.73,11.05,31.0,122.5,31.0,122.5
2024-02-15 17:00:00,9.42,10.72,31.0,122.5,31.0,122.5
2024-02-15 18:00:00,9.04,10.16,31.0,122.5,31.0,122.5
2024-02-15 19:00:00,8.76,9.67,31.0,122.5,31.0,122.5
2024-02-15 20:00:00,8.4,9.32,31.0,122.5,31.0,122.5
2024-02-15 21:00:00,8.16,8.98,31.0,122.5,31.0,122.5
2024-02-15 22:00:00,6.89,7.4,31.0,122.5,31.0,122.5
2024-02-15 23:00:00,6.36,6.89,31.0,122.5,31.0,122.5
2024-02-16 00:00:00,5.76,6.18,31.0,122.5,31.0,122.5
2024-02-16 01:00:00,5.43,5.84,31.0,122.5,31.0,122.5
2024-02-16 02:00:00,5.02,5.42,31.0,122.5,31.0,122.5
2024-02-16 03:00:00,4.71,4.92,31.0,122.5,31.0,122.5
2024-02-16 04:00:00,4.33,4.54,31.0,122.5,31.0,122.5
2024-02-16 05:00:00,3.83,4.04,31.0,122.5,31.0,122.5
2024-02-16 06:00:00,3.37,3.61,31.0,122.5,31.0,122.5
2024-02-16 07:00:00,3.05,3.22,31.0,122.5,31.0,122.5
2024-02-16 08:00:00,2.91,3.11,31.0,122.5,31.0,122.5
2024-02-16 09:00:00,2.78,2.95,31.0,122.5,31.0,122.5
2024-02-16 10:00:00,1.68,1.87,31.0,122.5,31.0,122.5
2024-02-16 11:00:00,2.26,2.47,31.0,122.5,31.0,122.5
2024-02-16 12:00:00,2.95,3.18,31.0,122.5,31.0,122.5
2024-02-16 13:00:00,3.44,3.72,31.0,122.5,31.0,122.5
2024-02-16 14:00:00,3.98,4.4,31.0,122.5,31.0,122.5
2024-02-16 15:00:00,4.61,5.11,31.0,122.5,31.0,122.5
2024-02-16 16:00:00,4.88,5.46,31.0,122.5,31.0,122.5
2024-02-16 17:00:00,4.57,5.33,31.0,122.5,31.0,122.5
2024-02-16 18:00:00,3.85,4.7,31.0,122.5,31.0,122.5
2024-02-16 19:00:00,3.61,4.66,31.0,122.5,31.0,122.5
2024-02-16 20:00:00,3.98,5.19,31.0,122.5,31.0,122.5
2024-02-16 21:00:00,4.64,6.21,31.0,122.5,31.0,122.5
2024-02-16 22:00:00,4.56,6.3,31.0,122.5,31.0,122.5
2024-02-16 23:00:00,5.22,7.32,31.0,122.5,31.0,122.5
2024-02-17 00:00:00,5.91,8.19,31.0,122.5,31.0,122.5
2024-02-17 01:00:00,6.4,8.84,31.0,122.5,31.0,122.5
2024-02-17 02:00:00,6.72,9.36,31.0,122.5,31.0,122.5
2024-02-17 03:00:00,6.8,9.65,31.0,122.5,31.0,122.5
2024-02-17 04:00:00,7.15,10.25,31.0,122.5,31.0,122.5
2024-02-17 05:00:00,7.45,10.56,31.0,122.5,31.0,122.5
2024-02-17 06:00:00,7.67,11.01,31.0,122.5,31.0,122.5
2024-02-17 07:00:00,8.15,11.58,31.0,122.5,31.0,122.5
2024-02-17 08:00:00,8.32,11.94,31.0,122.5,31.0,122.5
2024-02-17 09:00:00,8.59,12.24,31.0,122.5,31.0,122.5
2024-02-17 10:00:00,8.55,12.37,31.0,122.5,31.0,122.5
2024-02-17 11:00:00,8.81,12.72,31.0,122.5,31.0,122.5
2024-02-17 12:00:00,9.4,13.51,31.0,122.5,31.0,122.5
2024-02-17 13:00:00,9.6,13.82,31.0,122.5,31.0,122.5
2024-02-17 14:00:00,9.71,14.02,31.0,122.5,31.0,122.5
2024-02-17 15:00:00,9.66,14.17,31.0,122.5,31.0,122.5
2024-02-17 16:00:00,9.58,14.06,31.0,122.5,31.0,122.5
2024-02-17 17:00:00,9.75,14.32,31.0,122.5,31.0,122.5
2024-02-17 18:00:00,9.65,14.22,31.0,122.5,31.0,122.5
2024-02-17 19:00:00,9.65,14.22,31.0,122.5,31.0,122.5
2024-02-17 20:00:00,9.65,14.22,31.0,122.5,31.0,122.5
2024-02-17 21:00:00,9.68,14.32,31.0,122.5,31.0,122.5
2024-02-17 22:00:00,9.68,14.32,31.0,122.5,31.0,122.5
2024-02-17 23:00:00,9.78,14.46,31.0,122.5,31.0,122.5
2024-02-18 00:00:00,10.0,14.86,31.0,122.5,31.0,122.5
2024-02-18 01:00:00,10.0,14.85,31.0,122.5,31.0,122.5
2024-02-18 02:00:00,10.49,15.55,31.0,122.5,31.0,122.5
2024-02-18 03:00:00,11.02,16.4,31.0,122.5,31.0,122.5
2024-02-18 04:00:00,11.2,16.7,31.0,122.5,31.0,122.5
2024-02-18 05:00:00,10.9,16.3,31.0,122.5,31.0,122.5
2024-02-18 06:00:00,11.0,16.41,31.0,122.5,31.0,122.5
2024-02-18 07:00:00,10.9,16.41,31.0,122.5,31.0,122.5
2024-02-18 08:00:00,10.81,16.31,31.0,122.5,31.0,122.5
2024-02-18 09:00:00,11.0,16.54,31.0,122.5,31.0,122.5
2024-02-18 10:00:00,10.4,15.63,31.0,122.5,31.0,122.5
2024-02-18 11:00:00,11.73,17.33,31.0,122.5,31.0,122.5
2024-02-18 12:00:00,11.93,18.03,31.0,122.5,31.0,122.5
2024-02-18 13:00:00,11.75,17.94,31.0,122.5,31.0,122.5
2024-02-18 14:00:00,11.69,17.83,31.0,122.5,31.0,122.5
2024-02-18 15:00:00,11.24,17.14,31.0,122.5,31.0,122.5
2024-02-18 16:00:00,10.22,15.78,31.0,122.5,31.0,122.5
2024-02-18 17:00:00,9.1,14.0,31.0,122.5,31.0,122.5
2024-02-18 18:00:00,7.58,11.79,31.0,122.5,31.0,122.5
2024-02-18 19:00:00,7.31,11.02,31.0,122.5,31.0,122.5
2024-02-18 20:00:00,7.16,10.29,31.0,122.5,31.0,122.5
2024-02-18 21:00:00,6.76,9.49,31.0,122.5,31.0,122.5
2024-02-18 22:00:00,5.82,7.95,31.0,122.5,31.0,122.5
2024-02-18 23:00:00,5.35,7.12,31.0,122.5,31.0,122.5
2024-02-19 00:00:00,4.74,6.44,31.0,122.5,31.0,122.5
2024-02-19 01:00:00,4.24,5.97,31.0,122.5,31.0,122.5
2024-02-19 02:00:00,3.73,5.5,31.0,122.5,31.0,122.5
2024-02-19 03:00:00,3.09,5.41,31.0,122.5,31.0,122.5
2024-02-19 04:00:00,4.59,7.34,31.0,122.5,31.0,122.5
2024-02-19 05:00:00,6.01,8.82,31.0,122.5,31.0,122.5
2024-02-19 06:00:00,6.24,8.73,31.0,122.5,31.0,122.5
2024-02-19 07:00:00,6.24,8.59,31.0,122.5,31.0,122.5
2024-02-19 08:00:00,7.75,10.62,31.0,122.5,31.0,122.5
2024-02-19 09:00:00,8.6,11.83,31.0,122.5,31.0,122.5
2024-02-19 10:00:00,8.42,11.48,31.0,122.5,31.0,122.5
2024-02-19 11:00:00,8.92,11.95,31.0,122.5,31.0,122.5
2024-02-19 12:00:00,9.39,12.52,31.0,122.5,31.0,122.5
2024-02-19 13:00:00,9.21,12.35,31.0,122.5,31.0,122.5
2024-02-19 14:00:00,8.9,12.04,31.0,122.5,31.0,122.5
2024-02-19 15:00:00,8.39,11.51,31.0,122.5,31.0,122.5
2024-02-19 16:00:00,8.07,11.03,31.0,122.5,31.0,122.5
2024-02-19 17:00:00,7.85,10.69,31.0,122.5,31.0,122.5
2024-02-19 18:00:00,7.54,10.26,31.0,122.5,31.0,122.5
2024-02-19 19:00:00,7.38,9.95,31.0,122.5,31.0,122.5
2024-02-19 20:00:00,7.27,9.75,31.0,122.5,31.0,122.5
2024-02-19 21:00:00,7.67,10.13,31.0,122.5,31.0,122.5
2024-02-19 22:00:00,7.78,10.41,31.0,122.5,31.0,122.5
2024-02-19 23:00:00,7.66,10.44,31.0,122.5,31.0,122.5
2024-02-20 00:00:00,7.57,10.28,31.0,122.5,31.0,122.5
2024-02-20 01:00:00,7.56,10.24,31.0,122.5,31.0,122.5
2024-02-20 02:00:00,7.11,9.6,31.0,122.5,31.0,122.5
2024-02-20 03:00:00,7.07,9.54,31.0,122.5,31.0,122.5
2024-02-20 04:00:00,7.35,9.75,31.0,122.5,31.0,122.5
2024-02-20 05:00:00,7.5,10.02,31.0,122.5,31.0,122.5
2024-02-20 06:00:00,7.39,9.84,31.0,122.5,31.0,122.5
2024-02-20 07:00:00,7.34,9.99,31.0,122.5,31.0,122.5
2024-02-20 08:00:00,7.1,9.6,31.0,122.5,31.0,122.5
2024-02-20 09:00:00,7.1,9.6,31.0,122.5,31.0,122.5
2024-02-20 10:00:00,7.31,9.63,31.0,122.5,31.0,122.5
2024-02-20 11:00:00,7.52,9.84,31.0,122.5,31.0,122.5
2024-02-20 12:00:00,6.87,9.37,31.0,122.5,31.0,122.5
2024-02-20 13:00:00,5.61,7.88,31.0,122.5,31.0,122.5
2024-02-20 14:00:00,5.58,7.94,31.0,122.5,31.0,122.5
2024-02-20 15:00:00,4.66,6.8,31.0,122.5,31.0,122.5
2024-02-20 16:00:00,4.27,6.33,31.0,122.5,31.0,122.5
2024-02-20 17:00:00,3.34,4.65,31.0,122.5,31.0,122.5
2024-02-20 18:00:00,3.69,4.55,31.0,122.5,31.0,122.5
2024-02-20 19:00:00,3.52,4.54,31.0,122.5,31.0,122.5
2024-02-20 20:00:00,2.28,2.41,31.0,122.5,31.0,122.5
2024-02-20 21:00:00,2.41,1.22,31.0,122.5,31.0,122.5
2024-02-20 22:00:00,7.6,10.25,31.0,122.5,31.0,122.5
2024-02-20 23:00:00,8.5,11.2,31.0,122.5,31.0,122.5
2024-02-21 00:00:00,7.93,10.26,31.0,122.5,31.0,122.5
2024-02-21 01:00:00,7.1,9.11,31.0,122.5,31.0,122.5
2024-02-21 02:00:00,7.63,9.72,31.0,122.5,31.0,122.5
2024-02-21 03:00:00,7.76,10.06,31.0,122.5,31.0,122.5
2024-02-21 04:00:00,7.47,9.25,31.0,122.5,31.0,122.5
2024-02-21 05:00:00,7.94,9.34,31.0,122.5,31.0,122.5
2024-02-21 06:00:00,9.21,10.88,31.0,122.5,31.0,122.5
2024-02-21 07:00:00,9.04,10.72,31.0,122.5,31.0,122.5
2024-02-21 08:00:00,9.14,10.58,31.0,122.5,31.0,122.5
2024-02-21 09:00:00,10.06,11.81,31.0,122.5,31.0,122.5
2024-02-21 10:00:00,10.43,12.44,31.0,122.5,31.0,122.5
2024-02-21 11:00:00,10.12,11.99,31.0,122.5,31.0,122.5
2024-02-21 12:00:00,10.8,12.86,31.0,122.5,31.0,122.5
2024-02-21 13:00:00,11.15,13.34,31.0,122.5,31.0,122.5
2024-02-21 14:00:00,11.49,13.67,31.0,122.5,31.0,122.5
2024-02-21 15:00:00,12.54,15.05,31.0,122.5,31.0,122.5
2024-02-21 16:00:00,12.16,14.69,31.0,122.5,31.0,122.5
2024-02-21 17:00:00,11.24,13.32,31.0,122.5,31.0,122.5
2024-02-21 18:00:00,11.23,13.09,31.0,122.5,31.0,122.5
2024-02-21 19:00:00,11.43,13.27,31.0,122.5,31.0,122.5
2024-02-21 20:00:00,11.16,12.88,31.0,122.5,31.0,122.5
2024-02-21 21:00:00,10.72,12.32,31.0,122.5,31.0,122.5
2024-02-21 22:00:00,9.11,10.44,31.0,122.5,31.0,122.5
2024-02-21 23:00:00,10.4,11.75,31.0,122.5,31.0,122.5
2024-02-22 00:00:00,10.91,12.55,31.0,122.5,31.0,122.5
2024-02-22 01:00:00,10.51,12.08,31.0,122.5,31.0,122.5
2024-02-22 02:00:00,10.57,12.15,31.0,122.5,31.0,122.5
2024-02-22 03:00:00,10.59,12.11,31.0,122.5,31.0,122.5
2024-02-22 04:00:00,10.66,12.21,31.0,122.5,31.0,122.5
2024-02-22 05:00:00,10.82,12.45,31.0,122.5,31.0,122.5
2024-02-22 06:00:00,10.72,12.35,31.0,122.5,31.0,122.5
2024-02-22 07:00:00,10.77,12.3,31.0,122.5,31.0,122.5
2024-02-22 08:00:00,10.89,12.52,31.0,122.5,31.0,122.5
2024-02-22 09:00:00,10.82,12.52,31.0,122.5,31.0,122.5
2024-02-22 10:00:00,10.54,12.04,31.0,122.5,31.0,122.5
2024-02-22 11:00:00,10.18,11.57,31.0,122.5,31.0,122.5
2024-02-22 12:00:00,10.24,11.64,31.0,122.5,31.0,122.5
2024-02-22 13:00:00,10.61,12.1,31.0,122.5,31.0,122.5
2024-02-22 14:00:00,10.51,12.0,31.0,122.5,31.0,122.5
2024-02-22 15:00:00,10.38,11.83,31.0,122.5,31.0,122.5
2024-02-22 16:00:00,11.48,13.22,31.0,122.5,31.0,122.5
2024-02-22 17:00:00,11.04,12.78,31.0,122.5,31.0,122.5
2024-02-22 18:00:00,10.94,12.56,31.0,122.5,31.0,122.5
2024-02-22 19:00:00,11.09,12.76,31.0,122.5,31.0,122.5
2024-02-22 20:00:00,11.18,12.82,31.0,122.5,31.0,122.5
2024-02-22 21:00:00,11.67,13.5,31.0,122.5,31.0,122.5
2024-02-22 22:00:00,10.63,12.14,31.0,122.5,31.0,122.5
2024-02-22 23:00:00,10.66,12.18,31.0,122.5,31.0,122.5
2024-02-23 00:00:00,10.79,12.34,31.0,122.5,31.0,122.5
2024-02-23 01:00:00,11.01,12.65,31.0,122.5,31.0,122.5
2024-02-23 02:00:00,10.79,12.43,31.0,122.5,31.0,122.5
2024-02-23 03:00:00,10.81,12.44,31.0,122.5,31.0,122.5
2024-02-23 04:00:00,10.57,12.21,31.0,122.5,31.0,122.5
2024-02-23 05:00:00,10.29,11.81,31.0,122.5,31.0,122.5
2024-02-23 06:00:00,10.22,11.72,31.0,122.5,31.0,122.5
2024-02-23 07:00:00,9.84,11.36,31.0,122.5,31.0,122.5
2024-02-23 08:00:00,9.7,11.13,31.0,122.5,31.0,122.5
2024-02-23 09:00:00,9.63,11.12,31.0,122.5,31.0,122.5
2024-02-23 10:00:00,9.81,11.02,31.0,122.5,31.0,122.5
2024-02-23 11:00:00,9.84,11.23,31.0,122.5,31.0,122.5
2024-02-23 12:00:00,9.81,11.12,31.0,122.5,31.0,122.5
2024-02-23 13:00:00,9.55,10.85,31.0,122.5,31.0,122.5
2024-02-23 14:00:00,9.33,10.6,31.0,122.5,31.0,122.5
2024-02-23 15:00:00,9.11,10.37,31.0,122.5,31.0,122.5
2024-02-23 16:00:00,9.01,10.18,31.0,122.5,31.0,122.5
2024-02-23 17:00:00,8.92,10.1,31.0,122.5,31.0,122.5
2024-02-23 18:00:00,8.13,9.11,31.0,122.5,31.0,122.5
2024-02-23 19:00:00,7.97,9.05,31.0,122.5,31.0,122.5
2024-02-23 20:00:00,7.55,8.42,31.0,122.5,31.0,122.5
2024-02-23 21:00:00,6.96,7.64,31.0,122.5,31.0,122.5
2024-02-23 22:00:00,6.91,7.6,31.0,122.5,31.0,122.5
2024-02-23 23:00:00,6.8,7.6,31.0,122.5,31.0,122.5
2024-02-24 00:00:00,5.8,6.5,31.0,122.5,31.0,122.5
2024-02-24 01:00:00,5.58,6.16,31.0,122.5,31.0,122.5
2024-02-24 02:00:00,6.45,7.16,31.0,122.5,31.0,122.5
2024-02-24 03:00:00,7.92,8.8,31.0,122.5,31.0,122.5
2024-02-24 04:00:00,8.64,9.74,31.0,122.5,31.0,122.5
2024-02-24 05:00:00,9.63,10.96,31.0,122.5,31.0,122.5
2024-02-24 06:00:00,10.57,12.18,31.0,122.5,31.0,122.5
2024-02-24 07:00:00,10.5,12.14,31.0,122.5,31.0,122.5
2024-02-24 08:00:00,10.67,12.45,31.0,122.5,31.0,122.5
2024-02-24 09:00:00,10.82,12.52,31.0,122.5,31.0,122.5
2024-02-24 10:00:00,10.87,12.56,31.0,122.5,31.0,122.5
2024-02-24 11:00:00,10.6,12.18,31.0,122.5,31.0,122.5
2024-02-24 12:00:00,10.56,12.06,31.0,122.5,31.0,122.5
2024-02-24 13:00:00,11.05,12.55,31.0,122.5,31.0,122.5
2024-02-24 14:00:00,10.9,12.39,31.0,122.5,31.0,122.5
2024-02-24 15:00:00,10.82,12.31,31.0,122.5,31.0,122.5
2024-02-24 16:00:00,10.68,12.09,31.0,122.5,31.0,122.5
2024-02-24 17:00:00,11.17,12.73,31.0,122.5,31.0,122.5
2024-02-24 18:00:00,11.53,13.16,31.0,122.5,31.0,122.5
2024-02-24 19:00:00,11.48,13.11,31.0,122.5,31.0,122.5
2024-02-24 20:00:00,11.64,13.35,31.0,122.5,31.0,122.5
2024-02-24 21:00:00,11.81,13.52,31.0,122.5,31.0,122.5
2024-02-24 22:00:00,11.36,12.96,31.0,122.5,31.0,122.5
2024-02-24 23:00:00,11.02,12.49,31.0,122.5,31.0,122.5
2024-02-25 00:00:00,10.42,11.74,31.0,122.5,31.0,122.5
2024-02-25 01:00:00,10.32,11.56,31.0,122.5,31.0,122.5
2024-02-25 02:00:00,10.26,11.5,31.0,122.5,31.0,122.5
2024-02-25 03:00:00,10.4,11.73,31.0,122.5,31.0,122.5
2024-02-25 04:00:00,10.46,11.73,31.0,122.5,31.0,122.5
2024-02-25 05:00:00,10.46,11.88,31.0,122.5,31.0,122.5
2024-02-25 06:00:00,10.53,11.91,31.0,122.5,31.0,122.5
2024-02-25 07:00:00,10.52,11.9,31.0,122.5,31.0,122.5
2024-02-25 08:00:00,10.06,11.41,31.0,122.5,31.0,122.5
2024-02-25 09:00:00,9.88,11.07,31.0,122.5,31.0,122.5
2024-02-25 10:00:00,9.86,11.09,31.0,122.5,31.0,122.5
2024-02-25 11:00:00,10.08,11.35,31.0,122.5,31.0,122.5
2024-02-25 12:00:00,10.03,11.26,31.0,122.5,31.0,122.5
2024-02-25 13:00:00,10.34,11.74,31.0,122.5,31.0,122.5
2024-02-25 14:00:00,10.53,11.92,31.0,122.5,31.0,122.5
2024-02-25 15:00:00,10.51,11.89,31.0,122.5,31.0,122.5
2024-02-25 16:00:00,10.74,12.23,31.0,122.5,31.0,122.5
2024-02-25 17:00:00,10.49,11.99,31.0,122.5,31.0,122.5
2024-02-25 18:00:00,10.24,11.65,31.0,122.5,31.0,122.5
2024-02-25 19:00:00,10.11,11.42,31.0,122.5,31.0,122.5
2024-02-25 20:00:00,9.81,11.1,31.0,122.5,31.0,122.5
2024-02-25 21:00:00,9.53,10.73,31.0,122.5,31.0,122.5
2024-02-25 22:00:00,8.8,9.8,31.0,122.5,31.0,122.5
2024-02-25 23:00:00,8.41,9.23,31.0,122.5,31.0,122.5
2024-02-26 00:00:00,7.5,8.11,31.0,122.5,31.0,122.5
2024-02-26 01:00:00,7.2,7.8,31.0,122.5,31.0,122.5
2024-02-26 02:00:00,7.61,8.31,31.0,122.5,31.0,122.5
2024-02-26 03:00:00,7.7,8.4,31.0,122.5,31.0,122.5
2024-02-26 04:00:00,7.8,8.61,31.0,122.5,31.0,122.5
2024-02-26 05:00:00,7.91,8.71,31.0,122.5,31.0,122.5
2024-02-26 06:00:00,8.0,8.81,31.0,122.5,31.0,122.5
2024-02-26 07:00:00,8.1,9.01,31.0,122.5,31.0,122.5
2024-02-26 08:00:00,7.91,8.83,31.0,122.5,31.0,122.5
2024-02-26 09:00:00,7.36,8.19,31.0,122.5,31.0,122.5
2024-02-26 10:00:00,6.5,7.1,31.0,122.5,31.0,122.5
2024-02-26 11:00:00,6.5,7.1,31.0,122.5,31.0,122.5
2024-02-26 12:00:00,6.0,6.61,31.0,122.5,31.0,122.5
2024-02-26 13:00:00,6.35,7.03,31.0,122.5,31.0,122.5
2024-02-26 14:00:00,6.65,7.43,31.0,122.5,31.0,122.5
2024-02-26 15:00:00,7.22,8.11,31.0,122.5,31.0,122.5
2024-02-26 16:00:00,7.13,8.12,31.0,122.5,31.0,122.5
2024-02-26 17:00:00,7.23,8.13,31.0,122.5,31.0,122.5
2024-02-26 18:00:00,7.62,8.61,31.0,122.5,31.0,122.5
2024-02-26 19:00:00,7.5,8.51,31.0,122.5,31.0,122.5
2024-02-26 20:00:00,6.91,7.83,31.0,122.5,31.0,122.5
2024-02-26 21:00:00,6.7,7.51,31.0,122.5,31.0,122.5
2024-02-26 22:00:00,5.7,6.31,31.0,122.5,31.0,122.5
2024-02-26 23:00:00,5.0,5.6,31.0,122.5,31.0,122.5
2024-02-27 00:00:00,4.44,5.02,31.0,122.5,31.0,122.5
2024-02-27 01:00:00,4.14,4.78,31.0,122.5,31.0,122.5
2024-02-27 02:00:00,4.57,5.23,31.0,122.5,31.0,122.5
2024-02-27 03:00:00,5.41,6.11,31.0,122.5,31.0,122.5
2024-02-27 04:00:00,6.98,8.14,31.0,122.5,31.0,122.5
2024-02-27 05:00:00,7.84,9.14,31.0,122.5,31.0,122.5
2024-02-27 06:00:00,7.84,9.18,31.0,122.5,31.0,122.5
2024-02-27 07:00:00,7.69,9.01,31.0,122.5,31.0,122.5
2024-02-27 08:00:00,7.2,8.41,31.0,122.5,31.0,122.5
2024-02-27 09:00:00,6.69,7.81,31.0,122.5,31.0,122.5
2024-02-27 10:00:00,5.74,6.46,31.0,122.5,31.0,122.5
2024-02-27 11:00:00,5.53,6.28,31.0,122.5,31.0,122.5
2024-02-27 12:00:00,4.88,5.63,31.0,122.5,31.0,122.5
2024-02-27 13:00:00,4.81,5.89,31.0,122.5,31.0,122.5
2024-02-27 14:00:00,4.77,5.99,31.0,122.5,31.0,122.5
2024-02-27 15:00:00,4.91,6.08,31.0,122.5,31.0,122.5
2024-02-27 16:00:00,5.12,6.41,31.0,122.5,31.0,122.5
2024-02-27 17:00:00,5.11,6.45,31.0,122.5,31.0,122.5
2024-02-27 18:00:00,4.91,6.2,31.0,122.5,31.0,122.5
2024-02-27 19:00:00,4.81,5.65,31.0,122.5,31.0,122.5
2024-02-27 20:00:00,4.83,5.66,31.0,122.5,31.0,122.5
2024-02-27 21:00:00,4.3,5.52,31.0,122.5,31.0,122.5
2024-02-27 22:00:00,4.42,6.23,31.0,122.5,31.0,122.5
2024-02-27 23:00:00,6.01,8.71,31.0,122.5,31.0,122.5
2024-02-28 00:00:00,7.38,10.41,31.0,122.5,31.0,122.5
2024-02-28 01:00:00,7.67,10.72,31.0,122.5,31.0,122.5
2024-02-28 02:00:00,7.73,10.75,31.0,122.5,31.0,122.5
2024-02-28 03:00:00,8.1,11.34,31.0,122.5,31.0,122.5
2024-02-28 04:00:00,7.71,10.83,31.0,122.5,31.0,122.5
2024-02-28 05:00:00,7.13,10.1,31.0,122.5,31.0,122.5
2024-02-28 06:00:00,7.0,9.81,31.0,122.5,31.0,122.5
2024-02-28 07:00:00,7.03,9.9,31.0,122.5,31.0,122.5
2024-02-28 08:00:00,7.07,9.93,31.0,122.5,31.0,122.5
2024-02-28 09:00:00,7.0,9.86,31.0,122.5,31.0,122.5
2024-02-28 10:00:00,7.4,10.47,31.0,122.5,31.0,122.5
2024-02-28 11:00:00,6.99,9.92,31.0,122.5,31.0,122.5
2024-02-28 12:00:00,6.17,8.91,31.0,122.5,31.0,122.5
2024-02-28 13:00:00,5.63,8.26,31.0,122.5,31.0,122.5
2024-02-28 14:00:00,4.98,7.42,31.0,122.5,31.0,122.5
2024-02-28 15:00:00,4.12,6.28,31.0,122.5,31.0,122.5
2024-02-28 16:00:00,3.44,5.36,31.0,122.5,31.0,122.5
2024-02-28 17:00:00,2.62,3.98,31.0,122.5,31.0,122.5
2024-02-28 18:00:00,2.86,3.75,31.0,122.5,31.0,122.5
2024-02-28 19:00:00,2.75,3.92,31.0,122.5,31.0,122.5
2024-02-28 20:00:00,2.61,3.86,31.0,122.5,31.0,122.5
2024-02-28 21:00:00,2.64,3.82,31.0,122.5,31.0,122.5
2024-02-28 22:00:00,3.61,3.35,31.0,122.5,31.0,122.5
2024-02-28 23:00:00,5.9,7.22,31.0,122.5,31.0,122.5
2024-02-29 00:00:00,5.04,6.48,31.0,122.5,31.0,122.5
2024-02-29 01:00:00,5.89,7.58,31.0,122.5,31.0,122.5
2024-02-29 02:00:00,6.53,8.57,31.0,122.5,31.0,122.5
2024-02-29 03:00:00,6.31,7.96,31.0,122.5,31.0,122.5
2024-02-29 04:00:00,6.64,8.35,31.0,122.5,31.0,122.5
2024-02-29 05:00:00,6.58,8.42,31.0,122.5,31.0,122.5
2024-02-29 06:00:00,6.39,8.17,31.0,122.5,31.0,122.5
2024-02-29 07:00:00,5.96,7.67,31.0,122.5,31.0,122.5
2024-02-29 08:00:00,5.7,7.62,31.0,122.5,31.0,122.5
2024-02-29 09:00:00,6.23,8.41,31.0,122.5,31.0,122.5
2024-02-29 10:00:00,6.9,9.21,31.0,122.5,31.0,122.5
2024-02-29 11:00:00,7.9,10.41,31.0,122.5,31.0,122.5
2024-02-29 12:00:00,9.3,11.93,31.0,122.5,31.0,122.5
2024-02-29 13:00:00,10.21,13.03,31.0,122.5,31.0,122.5
2024-02-29 14:00:00,10.72,13.55,31.0,122.5,31.0,122.5
2024-02-29 15:00:00,10.72,13.35,31.0,122.5,31.0,122.5
2024-02-29 16:00:00,10.6,13.2,31.0,122.5,31.0,122.5
2024-02-29 17:00:00,11.61,14.2,31.0,122.5,31.0,122.5
2024-02-29 18:00:00,11.75,14.18,31.0,122.5,31.0,122.5
2024-02-29 19:00:00,11.76,13.89,31.0,122.5,31.0,122.5
2024-02-29 20:00:00,11.62,13.62,31.0,122.5,31.0,122.5
2024-02-29 21:00:00,11.73,13.64,31.0,122.5,31.0,122.5
2024-02-29 22:00:00,11.02,12.86,31.0,122.5,31.0,122.5
2024-02-29 23:00:00,11.21,12.91,31.0,122.5,31.0,122.5
2024-03-01 00:00:00,11.3,12.91,31.0,122.5,31.0,122.5
2024-03-01 01:00:00,11.21,12.92,31.0,122.5,31.0,122.5
2024-03-01 02:00:00,10.92,12.44,31.0,122.5,31.0,122.5
2024-03-01 03:00:00,10.41,11.82,31.0,122.5,31.0,122.5
2024-03-01 04:00:00,10.5,11.8,31.0,122.5,31.0,122.5
2024-03-01 05:00:00,10.6,11.9,31.0,122.5,31.0,122.5
2024-03-01 06:00:00,10.9,12.3,31.0,122.5,31.0,122.5
2024-03-01 07:00:00,10.92,12.31,31.0,122.5,31.0,122.5
2024-03-01 08:00:00,10.61,12.01,31.0,122.5,31.0,122.5
2024-03-01 09:00:00,10.12,11.32,31.0,122.5,31.0,122.5
2024-03-01 10:00:00,9.14,10.23,31.0,122.5,31.0,122.5
2024-03-01 11:00:00,9.06,10.06,31.0,122.5,31.0,122.5
2024-03-01 12:00:00,9.34,10.34,31.0,122.5,31.0,122.5
2024-03-01 13:00:00,9.42,10.42,31.0,122.5,31.0,122.5
2024-03-01 14:00:00,8.71,9.7,31.0,122.5,31.0,122.5
2024-03-01 15:00:00,8.1,8.9,31.0,122.5,31.0,122.5
2024-03-01 16:00:00,7.81,8.51,31.0,122.5,31.0,122.5
2024-03-01 17:00:00,7.01,7.71,31.0,122.5,31.0,122.5
2024-03-01 18:00:00,7.22,7.92,31.0,122.5,31.0,122.5
2024-03-01 19:00:00,6.91,7.41,31.0,122.5,31.0,122.5
2024-03-01 20:00:00,6.72,7.32,31.0,122.5,31.0,122.5
2024-03-01 21:00:00,6.3,6.8,31.0,122.5,31.0,122.5
2024-03-01 22:00:00,5.82,6.32,31.0,122.5,31.0,122.5
2024-03-01 23:00:00,5.45,5.84,31.0,122.5,31.0,122.5
2024-03-02 00:00:00,4.57,4.87,31.0,122.5,31.0,122.5
2024-03-02 01:00:00,3.62,3.85,31.0,122.5,31.0,122.5
2024-03-02 02:00:00,2.88,2.97,31.0,122.5,31.0,122.5
2024-03-02 03:00:00,1.89,1.97,31.0,122.5,31.0,122.5
2024-03-02 04:00:00,1.5,1.5,31.0,122.5,31.0,122.5
2024-03-02 05:00:00,1.25,1.39,31.0,122.5,31.0,122.5
2024-03-02 06:00:00,1.3,1.3,31.0,122.5,31.0,122.5
2024-03-02 07:00:00,1.91,1.91,31.0,122.5,31.0,122.5
2024-03-02 08:00:00,3.0,3.13,31.0,122.5,31.0,122.5
2024-03-02 09:00:00,3.96,4.18,31.0,122.5,31.0,122.5
2024-03-02 10:00:00,5.0,5.32,31.0,122.5,31.0,122.5
2024-03-02 11:00:00,5.1,5.4,31.0,122.5,31.0,122.5
2024-03-02 12:00:00,5.22,5.61,31.0,122.5,31.0,122.5
2024-03-02 13:00:00,5.3,5.7,31.0,122.5,31.0,122.5
2024-03-02 14:00:00,5.89,6.41,31.0,122.5,31.0,122.5
2024-03-02 15:00:00,6.26,6.93,31.0,122.5,31.0,122.5
2024-03-02 16:00:00,6.45,7.21,31.0,122.5,31.0,122.5
2024-03-02 17:00:00,6.08,6.75,31.0,122.5,31.0,122.5
2024-03-02 18:00:00,5.73,6.4,31.0,122.5,31.0,122.5
2024-03-02 19:00:00,5.66,6.33,31.0,122.5,31.0,122.5
2024-03-02 20:00:00,5.66,6.33,31.0,122.5,31.0,122.5
2024-03-02 21:00:00,5.5,6.17,31.0,122.5,31.0,122.5
2024-03-02 22:00:00,4.66,5.28,31.0,122.5,31.0,122.5
2024-03-02 23:00:00,4.46,4.94,31.0,122.5,31.0,122.5
2024-03-03 00:00:00,4.52,5.14,31.0,122.5,31.0,122.5
2024-03-03 01:00:00,3.79,4.4,31.0,122.5,31.0,122.5
2024-03-03 02:00:00,4.1,4.68,31.0,122.5,31.0,122.5
2024-03-03 03:00:00,4.37,5.03,31.0,122.5,31.0,122.5
2024-03-03 04:00:00,4.71,5.6,31.0,122.5,31.0,122.5
2024-03-03 05:00:00,4.64,5.69,31.0,122.5,31.0,122.5
2024-03-03 06:00:00,4.2,5.31,31.0,122.5,31.0,122.5
2024-03-03 07:00:00,4.28,5.43,31.0,122.5,31.0,122.5
2024-03-03 08:00:00,4.68,6.26,31.0,122.5,31.0,122.5
2024-03-03 09:00:00,4.94,6.86,31.0,122.5,31.0,122.5
2024-03-03 10:00:00,5.31,7.15,31.0,122.5,31.0,122.5
2024-03-03 11:00:00,5.63,7.65,31.0,122.5,31.0,122.5
2024-03-03 12:00:00,6.22,8.58,31.0,122.5,31.0,122.5
2024-03-03 13:00:00,6.48,8.95,31.0,122.5,31.0,122.5
2024-03-03 14:00:00,6.94,9.53,31.0,122.5,31.0,122.5
2024-03-03 15:00:00,7.22,9.94,31.0,122.5,31.0,122.5
2024-03-03 16:00:00,7.07,9.83,31.0,122.5,31.0,122.5
2024-03-03 17:00:00,6.94,9.6,31.0,122.5,31.0,122.5
2024-03-03 18:00:00,6.53,9.16,31.0,122.5,31.0,122.5
2024-03-03 19:00:00,6.51,9.14,31.0,122.5,31.0,122.5
2024-03-03 20:00:00,7.08,9.97,31.0,122.5,31.0,122.5
2024-03-03 21:00:00,7.48,10.47,31.0,122.5,31.0,122.5
2024-03-03 22:00:00,7.8,10.85,31.0,122.5,31.0,122.5
2024-03-03 23:00:00,8.97,12.37,31.0,122.5,31.0,122.5
2024-03-04 00:00:00,8.56,12.07,31.0,122.5,31.0,122.5
2024-03-04 01:00:00,8.32,11.76,31.0,122.5,31.0,122.5
2024-03-04 02:00:00,8.2,11.74,31.0,122.5,31.0,122.5
2024-03-04 03:00:00,8.07,11.65,31.0,122.5,31.0,122.5
2024-03-04 04:00:00,7.85,11.43,31.0,122.5,31.0,122.5
2024-03-04 05:00:00,7.35,10.77,31.0,122.5,31.0,122.5
2024-03-04 06:00:00,7.53,11.03,31.0,122.5,31.0,122.5
2024-03-04 07:00:00,7.91,11.51,31.0,122.5,31.0,122.5
2024-03-04 08:00:00,7.6,11.18,31.0,122.5,31.0,122.5
2024-03-04 09:00:00,6.74,9.92,31.0,122.5,31.0,122.5
2024-03-04 10:00:00,5.2,7.36,31.0,122.5,31.0,122.5
2024-03-04 11:00:00,3.2,4.68,31.0,122.5,31.0,122.5
2024-03-04 12:00:00,2.78,3.2,31.0,122.5,31.0,122.5
2024-03-04 13:00:00,3.64,3.77,31.0,122.5,31.0,122.5
2024-03-04 14:00:00,4.2,5.22,31.0,122.5,31.0,122.5
2024-03-04 15:00:00,4.59,6.1,31.0,122.5,31.0,122.5
2024-03-04 16:00:00,4.7,6.87,31.0,122.5,31.0,122.5
2024-03-04 17:00:00,4.55,6.58,31.0,122.5,31.0,122.5
2024-03-04 18:00:00,4.91,6.89,31.0,122.5,31.0,122.5
2024-03-04 19:00:00,5.58,8.16,31.0,122.5,31.0,122.5
2024-03-04 20:00:00,5.52,8.2,31.0,122.5,31.0,122.5
2024-03-04 21:00:00,4.48,6.9,31.0,122.5,31.0,122.5
2024-03-04 22:00:00,3.2,5.31,31.0,122.5,31.0,122.5
2024-03-04 23:00:00,3.5,5.24,31.0,122.5,31.0,122.5
2024-03-05 00:00:00,3.47,5.52,31.0,122.5,31.0,122.5
2024-03-05 01:00:00,4.61,7.18,31.0,122.5,31.0,122.5
2024-03-05 02:00:00,6.1,9.13,31.0,122.5,31.0,122.5
2024-03-05 03:00:00,5.52,8.11,31.0,122.5,31.0,122.5
2024-03-05 04:00:00,4.61,6.76,31.0,122.5,31.0,122.5
2024-03-05 05:00:00,5.19,7.42,31.0,122.5,31.0,122.5
2024-03-05 06:00:00,5.8,8.41,31.0,122.5,31.0,122.5
2024-03-05 07:00:00,5.52,8.21,31.0,122.5,31.0,122.5
2024-03-05 08:00:00,6.44,9.34,31.0,122.5,31.0,122.5
2024-03-05 09:00:00,7.58,10.62,31.0,122.5,31.0,122.5
2024-03-05 10:00:00,6.51,9.33,31.0,122.5,31.0,122.5
2024-03-05 11:00:00,7.38,9.97,31.0,122.5,31.0,122.5
2024-03-05 12:00:00,7.86,10.41,31.0,122.5,31.0,122.5
2024-03-05 13:00:00,7.93,10.77,31.0,122.5,31.0,122.5
2024-03-05 14:00:00,8.82,12.06,31.0,122.5,31.0,122.5
2024-03-05 15:00:00,9.9,13.4,31.0,122.5,31.0,122.5
2024-03-05 16:00:00,10.57,14.33,31.0,122.5,31.0,122.5
2024-03-05 17:00:00,10.46,14.19,31.0,122.5,31.0,122.5
2024-03-05 18:00:00,10.14,13.68,31.0,122.5,31.0,122.5
2024-03-05 19:00:00,9.87,13.21,31.0,122.5,31.0,122.5
2024-03-05 20:00:00,10.1,13.35,31.0,122.5,31.0,122.5
2024-03-05 21:00:00,9.97,13.14,31.0,122.5,31.0,122.5
2024-03-05 22:00:00,9.14,12.27,31.0,122.5,31.0,122.5
2024-03-05 23:00:00,9.39,12.43,31.0,122.5,31.0,122.5
2024-03-06 00:00:00,9.51,12.55,31.0,122.5,31.0,122.5
2024-03-06 01:00:00,9.22,12.16,31.0,122.5,31.0,122.5
2024-03-06 02:00:00,9.02,11.77,31.0,122.5,31.0,122.5
2024-03-06 03:00:00,8.68,11.3,31.0,122.5,31.0,122.5
2024-03-06 04:00:00,9.18,11.93,31.0,122.5,31.0,122.5
2024-03-06 05:00:00,10.22,13.19,31.0,122.5,31.0,122.5
2024-03-06 06:00:00,10.21,13.49,31.0,122.5,31.0,122.5
2024-03-06 07:00:00,9.59,12.76,31.0,122.5,31.0,122.5
2024-03-06 08:00:00,9.55,12.25,31.0,122.5,31.0,122.5
2024-03-06 09:00:00,9.66,12.15,31.0,122.5,31.0,122.5
2024-03-06 10:00:00,9.53,11.74,31.0,122.5,31.0,122.5
2024-03-06 11:00:00,9.1,10.98,31.0,122.5,31.0,122.5
2024-03-06 12:00:00,8.81,10.39,31.0,122.5,31.0,122.5
2024-03-06 13:00:00,8.91,10.39,31.0,122.5,31.0,122.5
2024-03-06 14:00:00,8.52,9.91,31.0,122.5,31.0,122.5
2024-03-06 15:00:00,7.86,8.96,31.0,122.5,31.0,122.5
2024-03-06 16:00:00,8.32,9.52,31.0,122.5,31.0,122.5
2024-03-06 17:00:00,9.03,10.32,31.0,122.5,31.0,122.5
2024-03-06 18:00:00,8.68,9.89,31.0,122.5,31.0,122.5
2024-03-06 19:00:00,7.4,8.3,31.0,122.5,31.0,122.5
2024-03-06 20:00:00,7.51,8.41,31.0,122.5,31.0,122.5
2024-03-06 21:00:00,8.01,9.0,31.0,122.5,31.0,122.5
2024-03-06 22:00:00,7.2,8.2,31.0,122.5,31.0,122.5
2024-03-06 23:00:00,6.7,7.51,31.0,122.5,31.0,122.5
2024-03-07 00:00:00,6.0,6.7,31.0,122.5,31.0,122.5
2024-03-07 01:00:00,5.9,6.61,31.0,122.5,31.0,122.5
2024-03-07 02:00:00,5.6,6.2,31.0,122.5,31.0,122.5
2024-03-07 03:00:00,5.01,5.5,31.0,122.5,31.0,122.5
2024-03-07 04:00:00,5.57,6.04,31.0,122.5,31.0,122.5
2024-03-07 05:00:00,5.5,6.1,31.0,122.5,31.0,122.5
2024-03-07 06:00:00,5.49,5.98,31.0,122.5,31.0,122.5
2024-03-07 07:00:00,5.7,6.3,31.0,122.5,31.0,122.5
2024-03-07 08:00:00,4.81,5.21,31.0,122.5,31.0,122.5
2024-03-07 09:00:00,4.13,4.44,31.0,122.5,31.0,122.5
2024-03-07 10:00:00,3.42,3.76,31.0,122.5,31.0,122.5
2024-03-07 11:00:00,2.86,3.09,31.0,122.5,31.0,122.5
2024-03-07 12:00:00,3.01,3.23,31.0,122.5,31.0,122.5
2024-03-07 13:00:00,2.37,2.59,31.0,122.5,31.0,122.5
2024-03-07 14:00:00,1.43,1.57,31.0,122.5,31.0,122.5
2024-03-07 15:00:00,1.49,1.56,31.0,122.5,31.0,122.5
2024-03-07 16:00:00,2.2,2.3,31.0,122.5,31.0,122.5
2024-03-07 17:00:00,2.97,3.24,31.0,122.5,31.0,122.5
2024-03-07 18:00:00,4.27,5.15,31.0,122.5,31.0,122.5
2024-03-07 19:00:00,5.66,7.64,31.0,122.5,31.0,122.5
2024-03-07 20:00:00,7.52,10.38,31.0,122.5,31.0,122.5
2024-03-07 21:00:00,10.15,12.58,31.0,122.5,31.0,122.5
2024-03-07 22:00:00,9.69,11.68,31.0,122.5,31.0,122.5
2024-03-07 23:00:00,9.59,11.53,31.0,122.5,31.0,122.5
2024-03-08 00:00:00,9.7,11.36,31.0,122.5,31.0,122.5
2024-03-08 01:00:00,9.45,11.05,31.0,122.5,31.0,122.5
2024-03-08 02:00:00,9.09,10.53,31.0,122.5,31.0,122.5
2024-03-08 03:00:00,9.02,10.38,31.0,122.5,31.0,122.5
2024-03-08 04:00:00,8.95,10.22,31.0,122.5,31.0,122.5
2024-03-08 05:00:00,8.77,9.9,31.0,122.5,31.0,122.5
2024-03-08 06:00:00,8.62,9.79,31.0,122.5,31.0,122.5
2024-03-08 07:00:00,8.01,8.99,31.0,122.5,31.0,122.5
2024-03-08 08:00:00,7.34,8.29,31.0,122.5,31.0,122.5
2024-03-08 09:00:00,7.08,7.91,31.0,122.5,31.0,122.5
2024-03-08 10:00:00,6.51,7.32,31.0,122.5,31.0,122.5
2024-03-08 11:00:00,5.92,6.73,31.0,122.5,31.0,122.5
2024-03-08 12:00:00,5.1,5.7,31.0,122.5,31.0,122.5
2024-03-08 13:00:00,4.15,4.66,31.0,122.5,31.0,122.5
2024-03-08 14:00:00,3.26,3.71,31.0,122.5,31.0,122.5
2024-03-08 15:00:00,2.94,3.3,31.0,122.5,31.0,122.5
2024-03-08 16:00:00,2.91,3.19,31.0,122.5,31.0,122.5
2024-03-08 17:00:00,2.72,3.06,31.0,122.5,31.0,122.5
2024-03-08 18:00:00,2.69,2.95,31.0,122.5,31.0,122.5
2024-03-08 19:00:00,3.13,3.34,31.0,122.5,31.0,122.5
2024-03-08 20:00:00,3.81,4.11,31.0,122.5,31.0,122.5
2024-03-08 21:00:00,4.0,4.31,31.0,122.5,31.0,122.5
2024-03-08 22:00:00,3.2,3.3,31.0,122.5,31.0,122.5
2024-03-08 23:00:00,3.01,3.21,31.0,122.5,31.0,122.5
2024-03-09 00:00:00,2.63,2.82,31.0,122.5,31.0,122.5
2024-03-09 01:00:00,2.73,2.93,31.0,122.5,31.0,122.5
2024-03-09 02:00:00,2.44,2.53,31.0,122.5,31.0,122.5
2024-03-09 03:00:00,3.05,3.23,31.0,122.5,31.0,122.5
2024-03-09 04:00:00,3.14,3.32,31.0,122.5,31.0,122.5
2024-03-09 05:00:00,2.97,3.1,31.0,122.5,31.0,122.5
2024-03-09 06:00:00,2.93,3.13,31.0,122.5,31.0,122.5
2024-03-09 07:00:00,3.34,3.55,31.0,122.5,31.0,122.5
2024-03-09 08:00:00,4.14,4.37,31.0,122.5,31.0,122.5
2024-03-09 09:00:00,4.74,5.19,31.0,122.5,31.0,122.5
2024-03-09 10:00:00,5.06,5.48,31.0,122.5,31.0,122.5
2024-03-09 11:00:00,5.32,5.81,31.0,122.5,31.0,122.5
2024-03-09 12:00:00,5.24,5.74,31.0,122.5,31.0,122.5
2024-03-09 13:00:00,4.7,5.14,31.0,122.5,31.0,122.5
2024-03-09 14:00:00,4.24,4.55,31.0,122.5,31.0,122.5
2024-03-09 15:00:00,4.02,4.3,31.0,122.5,31.0,122.5
2024-03-09 16:00:00,3.98,4.27,31.0,122.5,31.0,122.5
2024-03-09 17:00:00,4.08,4.37,31.0,122.5,31.0,122.5
2024-03-09 18:00:00,4.18,4.47,31.0,122.5,31.0,122.5
2024-03-09 19:00:00,3.91,4.31,31.0,122.5,31.0,122.5
2024-03-09 20:00:00,3.7,4.0,31.0,122.5,31.0,122.5
2024-03-09 21:00:00,3.5,3.81,31.0,122.5,31.0,122.5
2024-03-09 22:00:00,3.51,3.92,31.0,122.5,31.0,122.5
2024-03-09 23:00:00,4.14,4.67,31.0,122.5,31.0,122.5
2024-03-10 00:00:00,4.49,5.02,31.0,122.5,31.0,122.5
2024-03-10 01:00:00,4.46,5.19,31.0,122.5,31.0,122.5
2024-03-10 02:00:00,4.22,5.07,31.0,122.5,31.0,122.5
2024-03-10 03:00:00,3.81,4.8,31.0,122.5,31.0,122.5
2024-03-10 04:00:00,3.86,4.92,31.0,122.5,31.0,122.5
2024-03-10 05:00:00,4.31,5.59,31.0,122.5,31.0,122.5
2024-03-10 06:00:00,4.44,5.88,31.0,122.5,31.0,122.5
2024-03-10 07:00:00,3.98,5.64,31.0,122.5,31.0,122.5
2024-03-10 08:00:00,3.7,5.27,31.0,122.5,31.0,122.5
2024-03-10 09:00:00,3.75,5.32,31.0,122.5,31.0,122.5
2024-03-10 10:00:00,4.1,5.69,31.0,122.5,31.0,122.5
2024-03-10 11:00:00,4.58,6.15,31.0,122.5,31.0,122.5
2024-03-10 12:00:00,4.91,6.67,31.0,122.5,31.0,122.5
2024-03-10 13:00:00,5.48,7.5,31.0,122.5,31.0,122.5
2024-03-10 14:00:00,5.73,7.93,31.0,122.5,31.0,122.5
2024-03-10 15:00:00,6.37,8.67,31.0,122.5,31.0,122.5
2024-03-10 16:00:00,7.07,9.64,31.0,122.5,31.0,122.5
2024-03-10 17:00:00,7.32,10.01,31.0,122.5,31.0,122.5
2024-03-10 18:00:00,7.43,10.29,31.0,122.5,31.0,122.5
2024-03-10 19:00:00,7.67,10.61,31.0,122.5,31.0,122.5
2024-03-10 20:00:00,7.84,10.96,31.0,122.5,31.0,122.5
2024-03-10 21:00:00,7.97,11.13,31.0,122.5,31.0,122.5
2024-03-10 22:00:00,6.59,9.73,31.0,122.5,31.0,122.5
2024-03-10 23:00:00,4.93,7.62,31.0,122.5,31.0,122.5
2024-03-11 00:00:00,4.37,6.8,31.0,122.5,31.0,122.5
2024-03-11 01:00:00,4.96,7.52,31.0,122.5,31.0,122.5
2024-03-11 02:00:00,5.31,7.79,31.0,122.5,31.0,122.5
2024-03-11 03:00:00,4.92,7.19,31.0,122.5,31.0,122.5
2024-03-11 04:00:00,4.3,6.33,31.0,122.5,31.0,122.5
2024-03-11 05:00:00,4.03,5.93,31.0,122.5,31.0,122.5
2024-03-11 06:00:00,3.61,5.42,31.0,122.5,31.0,122.5
2024-03-11 07:00:00,3.01,4.46,31.0,122.5,31.0,122.5
2024-03-11 08:00:00,2.5,3.96,31.0,122.5,31.0,122.5
2024-03-11 09:00:00,2.21,3.45,31.0,122.5,31.0,122.5
2024-03-11 10:00:00,2.38,3.4,31.0,122.5,31.0,122.5
2024-03-11 11:00:00,2.28,3.51,31.0,122.5,31.0,122.5
2024-03-11 12:00:00,2.85,4.3,31.0,122.5,31.0,122.5
2024-03-11 13:00:00,3.05,4.6,31.0,122.5,31.0,122.5
2024-03-11 14:00:00,3.61,5.51,31.0,122.5,31.0,122.5
2024-03-11 15:00:00,4.63,7.11,31.0,122.5,31.0,122.5
2024-03-11 16:00:00,5.26,8.0,31.0,122.5,31.0,122.5
2024-03-11 17:00:00,5.61,8.51,31.0,122.5,31.0,122.5
2024-03-11 18:00:00,5.91,8.94,31.0,122.5,31.0,122.5
2024-03-11 19:00:00,6.3,9.37,31.0,122.5,31.0,122.5
2024-03-11 20:00:00,6.4,9.59,31.0,122.5,31.0,122.5
2024-03-11 21:00:00,6.51,9.73,31.0,122.5,31.0,122.5
2024-03-11 22:00:00,6.22,9.36,31.0,122.5,31.0,122.5
2024-03-11 23:00:00,5.73,8.6,31.0,122.5,31.0,122.5
2024-03-12 00:00:00,5.42,7.84,31.0,122.5,31.0,122.5
2024-03-12 01:00:00,6.42,9.34,31.0,122.5,31.0,122.5
2024-03-12 02:00:00,7.56,10.62,31.0,122.5,31.0,122.5
2024-03-12 03:00:00,7.79,10.83,31.0,122.5,31.0,122.5
2024-03-12 04:00:00,9.04,12.28,31.0,122.5,31.0,122.5
2024-03-12 05:00:00,10.24,13.41,31.0,122.5,31.0,122.5
2024-03-12 06:00:00,10.79,13.73,31.0,122.5,31.0,122.5
2024-03-12 07:00:00,10.43,12.98,31.0,122.5,31.0,122.5
2024-03-12 08:00:00,10.32,12.76,31.0,122.5,31.0,122.5
2024-03-12 09:00:00,10.24,12.37,31.0,122.5,31.0,122.5
2024-03-12 10:00:00,9.49,11.22,31.0,122.5,31.0,122.5
2024-03-12 11:00:00,9.11,10.64,31.0,122.5,31.0,122.5
2024-03-12 12:00:00,9.04,10.54,31.0,122.5,31.0,122.5
2024-03-12 13:00:00,8.81,10.2,31.0,122.5,31.0,122.5
2024-03-12 14:00:00,8.4,9.7,31.0,122.5,31.0,122.5
2024-03-12 15:00:00,8.33,9.63,31.0,122.5,31.0,122.5
2024-03-12 16:00:00,8.22,9.45,31.0,122.5,31.0,122.5
2024-03-12 17:00:00,7.38,8.42,31.0,122.5,31.0,122.5
2024-03-12 18:00:00,6.18,7.03,31.0,122.5,31.0,122.5
2024-03-12 19:00:00,5.52,6.18,31.0,122.5,31.0,122.5
2024-03-12 20:00:00,5.05,5.6,31.0,122.5,31.0,122.5
2024-03-12 21:00:00,4.39,4.88,31.0,122.5,31.0,122.5
2024-03-12 22:00:00,3.19,3.5,31.0,122.5,31.0,122.5
2024-03-12 23:00:00,1.43,1.65,31.0,122.5,31.0,122.5
2024-03-13 00:00:00,1.0,1.1,31.0,122.5,31.0,122.5
2024-03-13 01:00:00,1.28,1.42,31.0,122.5,31.0,122.5
2024-03-13 02:00:00,1.84,2.06,31.0,122.5,31.0,122.5
2024-03-13 03:00:00,2.06,2.28,31.0,122.5,31.0,122.5
2024-03-13 04:00:00,2.19,2.42,31.0,122.5,31.0,122.5
2024-03-13 05:00:00,2.62,2.83,31.0,122.5,31.0,122.5
2024-03-13 06:00:00,3.58,3.94,31.0,122.5,31.0,122.5
2024-03-13 07:00:00,4.12,4.88,31.0,122.5,31.0,122.5
2024-03-13 08:00:00,4.33,5.52,31.0,122.5,31.0,122.5
2024-03-13 09:00:00,4.79,6.44,31.0,122.5,31.0,122.5
2024-03-13 10:00:00,4.36,5.68,31.0,122.5,31.0,122.5
2024-03-13 11:00:00,4.62,5.91,31.0,122.5,31.0,122.5
2024-03-13 12:00:00,5.16,6.91,31.0,122.5,31.0,122.5
2024-03-13 13:00:00,5.2,7.11,31.0,122.5,31.0,122.5
2024-03-13 14:00:00,5.01,7.12,31.0,122.5,31.0,122.5
2024-03-13 15:00:00,5.06,7.03,31.0,122.5,31.0,122.5
2024-03-13 16:00:00,4.96,7.04,31.0,122.5,31.0,122.5
2024-03-13 17:00:00,5.11,7.18,31.0,122.5,31.0,122.5
2024-03-13 18:00:00,4.87,6.94,31.0,122.5,31.0,122.5
2024-03-13 19:00:00,4.65,6.6,31.0,122.5,31.0,122.5
2024-03-13 20:00:00,4.62,6.43,31.0,122.5,31.0,122.5
2024-03-13 21:00:00,4.57,6.48,31.0,122.5,31.0,122.5
2024-03-13 22:00:00,4.11,5.91,31.0,122.5,31.0,122.5
2024-03-13 23:00:00,3.94,5.72,31.0,122.5,31.0,122.5
2024-03-14 00:00:00,3.85,5.6,31.0,122.5,31.0,122.5
2024-03-14 01:00:00,3.36,4.88,31.0,122.5,31.0,122.5
2024-03-14 02:00:00,3.39,4.72,31.0,122.5,31.0,122.5
2024-03-14 03:00:00,3.7,5.04,31.0,122.5,31.0,122.5
2024-03-14 04:00:00,3.69,5.25,31.0,122.5,31.0,122.5
2024-03-14 05:00:00,3.69,5.25,31.0,122.5,31.0,122.5
2024-03-14 06:00:00,3.7,5.31,31.0,122.5,31.0,122.5
2024-03-14 07:00:00,3.72,5.32,31.0,122.5,31.0,122.5
2024-03-14 08:00:00,3.77,5.41,31.0,122.5,31.0,122.5
2024-03-14 09:00:00,3.76,5.37,31.0,122.5,31.0,122.5
2024-03-14 10:00:00,2.92,4.5,31.0,122.5,31.0,122.5
2024-03-14 11:00:00,3.22,4.82,31.0,122.5,31.0,122.5
2024-03-14 12:00:00,3.47,5.23,31.0,122.5,31.0,122.5
2024-03-14 13:00:00,3.8,5.66,31.0,122.5,31.0,122.5
2024-03-14 14:00:00,3.83,5.66,31.0,122.5,31.0,122.5
2024-03-14 15:00:00,3.67,5.53,31.0,122.5,31.0,122.5
2024-03-14 16:00:00,3.85,5.69,31.0,122.5,31.0,122.5
2024-03-14 17:00:00,4.08,6.08,31.0,122.5,31.0,122.5
2024-03-14 18:00:00,4.39,6.51,31.0,122.5,31.0,122.5
2024-03-14 19:00:00,4.19,6.23,31.0,122.5,31.0,122.5
2024-03-14 20:00:00,4.12,6.04,31.0,122.5,31.0,122.5
2024-03-14 21:00:00,4.46,6.31,31.0,122.5,31.0,122.5
2024-03-14 22:00:00,4.62,6.6,31.0,122.5,31.0,122.5
2024-03-14 23:00:00,5.61,7.94,31.0,122.5,31.0,122.5
2024-03-15 00:00:00,6.14,8.69,31.0,122.5,31.0,122.5
2024-03-15 01:00:00,6.04,8.72,31.0,122.5,31.0,122.5
2024-03-15 02:00:00,5.75,8.27,31.0,122.5,31.0,122.5
2024-03-15 03:00:00,5.58,8.14,31.0,122.5,31.0,122.5
2024-03-15 04:00:00,5.3,7.78,31.0,122.5,31.0,122.5
2024-03-15 05:00:00,5.22,7.56,31.0,122.5,31.0,122.5
2024-03-15 06:00:00,5.02,7.42,31.0,122.5,31.0,122.5
2024-03-15 07:00:00,4.92,7.24,31.0,122.5,31.0,122.5
2024-03-15 08:00:00,4.88,7.08,31.0,122.5,31.0,122.5
2024-03-15 09:00:00,5.06,7.42,31.0,122.5,31.0,122.5
2024-03-15 10:00:00,5.41,7.75,31.0,122.5,31.0,122.5
2024-03-15 11:00:00,5.09,7.47,31.0,122.5,31.0,122.5
2024-03-15 12:00:00,5.51,7.93,31.0,122.5,31.0,122.5
2024-03-15 13:00:00,6.07,8.65,31.0,122.5,31.0,122.5
2024-03-15 14:00:00,6.3,9.17,31.0,122.5,31.0,122.5
2024-03-15 15:00:00,6.22,9.09,31.0,122.5,31.0,122.5
2024-03-15 16:00:00,6.13,9.11,31.0,122.5,31.0,122.5
2024-03-15 17:00:00,6.18,9.13,31.0,122.5,31.0,122.5
2024-03-15 18:00:00,6.32,9.12,31.0,122.5,31.0,122.5
2024-03-15 19:00:00,6.24,9.0,31.0,122.5,31.0,122.5
2024-03-15 20:00:00,6.51,9.44,31.0,122.5,31.0,122.5
2024-03-15 21:00:00,7.0,10.15,31.0,122.5,31.0,122.5
2024-03-15 22:00:00,7.11,10.26,31.0,122.5,31.0,122.5
2024-03-15 23:00:00,7.38,10.85,31.0,122.5,31.0,122.5
2024-03-16 00:00:00,7.52,11.08,31.0,122.5,31.0,122.5
2024-03-16 01:00:00,7.32,10.98,31.0,122.5,31.0,122.5
2024-03-16 02:00:00,7.07,10.64,31.0,122.5,31.0,122.5
2024-03-16 03:00:00,6.32,9.6,31.0,122.5,31.0,122.5
2024-03-16 04:00:00,5.77,8.69,31.0,122.5,31.0,122.5
2024-03-16 05:00:00,4.87,7.4,31.0,122.5,31.0,122.5
2024-03-16 06:00:00,3.51,5.61,31.0,122.5,31.0,122.5
2024-03-16 07:00:00,2.51,4.12,31.0,122.5,31.0,122.5
2024-03-16 08:00:00,2.15,3.32,31.0,122.5,31.0,122.5
2024-03-16 09:00:00,1.94,2.55,31.0,122.5,31.0,122.5
2024-03-16 10:00:00,1.8,2.2,31.0,122.5,31.0,122.5
2024-03-16 11:00:00,1.02,1.52,31.0,122.5,31.0,122.5
2024-03-16 12:00:00,0.14,1.28,31.0,122.5,31.0,122.5
2024-03-16 13:00:00,0.89,2.0,31.0,122.5,31.0,122.5
2024-03-16 14:00:00,0.8,2.2,31.0,122.5,31.0,122.5
2024-03-16 15:00:00,0.85,2.31,31.0,122.5,31.0,122.5
2024-03-16 16:00:00,0.92,2.11,31.0,122.5,31.0,122.5
2024-03-16 17:00:00,2.02,2.91,31.0,122.5,31.0,122.5
2024-03-16 18:00:00,3.58,4.9,31.0,122.5,31.0,122.5
2024-03-16 19:00:00,4.74,6.82,31.0,122.5,31.0,122.5
2024-03-16 20:00:00,4.66,6.71,31.0,122.5,31.0,122.5
2024-03-16 21:00:00,4.46,6.33,31.0,122.5,31.0,122.5
2024-03-16 22:00:00,5.92,7.01,31.0,122.5,31.0,122.5
2024-03-16 23:00:00,6.91,8.1,31.0,122.5,31.0,122.5
2024-03-17 00:00:00,5.95,8.32,31.0,122.5,31.0,122.5
2024-03-17 01:00:00,6.61,9.1,31.0,122.5,31.0,122.5
2024-03-17 02:00:00,7.32,9.9,31.0,122.5,31.0,122.5
2024-03-17 03:00:00,8.63,11.31,31.0,122.5,31.0,122.5
2024-03-17 04:00:00,8.71,11.6,31.0,122.5,31.0,122.5
2024-03-17 05:00:00,8.75,11.41,31.0,122.5,31.0,122.5
2024-03-17 06:00:00,9.63,12.41,31.0,122.5,31.0,122.5
2024-03-17 07:00:00,10.1,12.91,31.0,122.5,31.0,122.5
2024-03-17 08:00:00,10.1,12.72,31.0,122.5,31.0,122.5
2024-03-17 09:00:00,10.02,12.24,31.0,122.5,31.0,122.5
2024-03-17 10:00:00,10.34,12.52,31.0,122.5,31.0,122.5
2024-03-17 11:00:00,10.16,12.15,31.0,122.5,31.0,122.5
2024-03-17 12:00:00,9.69,11.36,31.0,122.5,31.0,122.5
2024-03-17 13:00:00,9.49,10.97,31.0,122.5,31.0,122.5
2024-03-17 14:00:00,9.63,11.18,31.0,122.5,31.0,122.5
2024-03-17 15:00:00,9.93,11.46,31.0,122.5,31.0,122.5
2024-03-17 16:00:00,9.41,10.97,31.0,122.5,31.0,122.5
2024-03-17 17:00:00,9.05,10.4,31.0,122.5,31.0,122.5
2024-03-17 18:00:00,8.71,9.9,31.0,122.5,31.0,122.5
2024-03-17 19:00:00,8.26,9.41,31.0,122.5,31.0,122.5
2024-03-17 20:00:00,8.12,9.16,31.0,122.5,31.0,122.5
2024-03-17 21:00:00,8.42,9.49,31.0,122.5,31.0,122.5
2024-03-17 22:00:00,8.01,8.94,31.0,122.5,31.0,122.5
2024-03-17 23:00:00,7.26,8.15,31.0,122.5,31.0,122.5
2024-03-18 00:00:00,6.48,7.2,31.0,122.5,31.0,122.5
2024-03-18 01:00:00,6.41,7.19,31.0,122.5,31.0,122.5
2024-03-18 02:00:00,6.21,6.91,31.0,122.5,31.0,122.5
2024-03-18 03:00:00,6.38,7.16,31.0,122.5,31.0,122.5
2024-03-18 04:00:00,5.95,6.58,31.0,122.5,31.0,122.5
2024-03-18 05:00:00,5.39,6.16,31.0,122.5,31.0,122.5
2024-03-18 06:00:00,5.5,6.18,31.0,122.5,31.0,122.5
2024-03-18 07:00:00,6.26,7.0,31.0,122.5,31.0,122.5
2024-03-18 08:00:00,6.09,6.96,31.0,122.5,31.0,122.5
2024-03-18 09:00:00,5.96,6.84,31.0,122.5,31.0,122.5
2024-03-18 10:00:00,6.24,7.08,31.0,122.5,31.0,122.5
2024-03-18 11:00:00,6.84,7.83,31.0,122.5,31.0,122.5
2024-03-18 12:00:00,6.31,7.24,31.0,122.5,31.0,122.5
2024-03-18 13:00:00,5.73,6.69,31.0,122.5,31.0,122.5
2024-03-18 14:00:00,4.88,5.78,31.0,122.5,31.0,122.5
2024-03-18 15:00:00,4.25,4.96,31.0,122.5,31.0,122.5
2024-03-18 16:00:00,4.37,5.1,31.0,122.5,31.0,122.5
2024-03-18 17:00:00,4.51,5.36,31.0,122.5,31.0,122.5
2024-03-18 18:00:00,4.11,4.8,31.0,122.5,31.0,122.5
2024-03-18 19:00:00,4.65,5.26,31.0,122.5,31.0,122.5
2024-03-18 20:00:00,5.73,6.53,31.0,122.5,31.0,122.5
2024-03-18 21:00:00,5.85,6.66,31.0,122.5,31.0,122.5
2024-03-18 22:00:00,5.83,6.76,31.0,122.5,31.0,122.5
2024-03-18 23:00:00,6.16,7.16,31.0,122.5,31.0,122.5
2024-03-19 00:00:00,6.22,7.14,31.0,122.5,31.0,122.5
2024-03-19 01:00:00,6.26,7.25,31.0,122.5,31.0,122.5
2024-03-19 02:00:00,5.66,6.8,31.0,122.5,31.0,122.5
2024-03-19 03:00:00,4.7,6.16,31.0,122.5,31.0,122.5
2024-03-19 04:00:00,3.99,5.64,31.0,122.5,31.0,122.5
2024-03-19 05:00:00,3.16,5.03,31.0,122.5,31.0,122.5
2024-03-19 06:00:00,2.82,4.59,31.0,122.5,31.0,122.5
2024-03-19 07:00:00,2.34,4.22,31.0,122.5,31.0,122.5
2024-03-19 08:00:00,2.38,4.16,31.0,122.5,31.0,122.5
2024-03-19 09:00:00,4.95,6.85,31.0,122.5,31.0,122.5
2024-03-19 10:00:00,6.89,8.66,31.0,122.5,31.0,122.5
2024-03-19 11:00:00,6.96,8.61,31.0,122.5,31.0,122.5
2024-03-19 12:00:00,6.63,8.37,31.0,122.5,31.0,122.5
2024-03-19 13:00:00,6.6,8.68,31.0,122.5,31.0,122.5
2024-03-19 14:00:00,6.29,8.63,31.0,122.5,31.0,122.5
2024-03-19 15:00:00,5.57,8.07,31.0,122.5,31.0,122.5
2024-03-19 16:00:00,5.35,7.56,31.0,122.5,31.0,122.5
2024-03-19 17:00:00,4.93,6.74,31.0,122.5,31.0,122.5
2024-03-19 18:00:00,3.83,5.31,31.0,122.5,31.0,122.5
2024-03-19 19:00:00,2.31,3.24,31.0,122.5,31.0,122.5
2024-03-19 20:00:00,1.66,1.53,31.0,122.5,31.0,122.5
2024-03-19 21:00:00,2.65,2.4,31.0,122.5,31.0,122.5
2024-03-19 22:00:00,4.59,5.29,31.0,122.5,31.0,122.5
2024-03-19 23:00:00,5.68,7.24,31.0,122.5,31.0,122.5
2024-03-20 00:00:00,6.28,8.42,31.0,122.5,31.0,122.5
2024-03-20 01:00:00,6.71,9.33,31.0,122.5,31.0,122.5
2024-03-20 02:00:00,6.7,9.15,31.0,122.5,31.0,122.5
2024-03-20 03:00:00,6.16,8.64,31.0,122.5,31.0,122.5
2024-03-20 04:00:00,5.88,8.42,31.0,122.5,31.0,122.5
2024-03-20 05:00:00,5.97,8.29,31.0,122.5,31.0,122.5
2024-03-20 06:00:00,6.75,8.69,31.0,122.5,31.0,122.5
2024-03-20 07:00:00,7.11,8.61,31.0,122.5,31.0,122.5
2024-03-20 08:00:00,6.92,8.33,31.0,122.5,31.0,122.5
2024-03-20 09:00:00,6.51,7.94,31.0,122.5,31.0,122.5
2024-03-20 10:00:00,6.33,7.28,31.0,122.5,31.0,122.5
2024-03-20 11:00:00,5.96,6.72,31.0,122.5,31.0,122.5
2024-03-20 12:00:00,5.58,6.16,31.0,122.5,31.0,122.5
2024-03-20 13:00:00,5.17,5.6,31.0,122.5,31.0,122.5
2024-03-20 14:00:00,4.75,5.17,31.0,122.5,31.0,122.5
2024-03-20 15:00:00,4.33,4.69,31.0,122.5,31.0,122.5
2024-03-20 16:00:00,3.89,4.11,31.0,122.5,31.0,122.5
2024-03-20 17:00:00,3.4,3.69,31.0,122.5,31.0,122.5
2024-03-20 18:00:00,3.1,3.3,31.0,122.5,31.0,122.5
2024-03-20 19:00:00,2.77,2.91,31.0,122.5,31.0,122.5
2024-03-20 20:00:00,3.06,3.2,31.0,122.5,31.0,122.5
2024-03-20 21:00:00,3.72,3.86,31.0,122.5,31.0,122.5
2024-03-20 22:00:00,3.89,4.18,31.0,122.5,31.0,122.5
2024-03-20 23:00:00,4.74,5.09,31.0,122.5,31.0,122.5
2024-03-21 00:00:00,5.4,5.92,31.0,122.5,31.0,122.5
2024-03-21 01:00:00,6.22,6.98,31.0,122.5,31.0,122.5
2024-03-21 02:00:00,6.58,7.71,31.0,122.5,31.0,122.5
2024-03-21 03:00:00,6.71,8.3,31.0,122.5,31.0,122.5
2024-03-21 04:00:00,6.76,8.86,31.0,122.5,31.0,122.5
2024-03-21 05:00:00,7.09,9.58,31.0,122.5,31.0,122.5
2024-03-21 06:00:00,7.62,10.32,31.0,122.5,31.0,122.5
2024-03-21 07:00:00,7.75,10.51,31.0,122.5,31.0,122.5
2024-03-21 08:00:00,8.16,11.18,31.0,122.5,31.0,122.5
2024-03-21 09:00:00,8.82,12.03,31.0,122.5,31.0,122.5
2024-03-21 10:00:00,8.98,12.38,31.0,122.5,31.0,122.5
2024-03-21 11:00:00,9.78,13.49,31.0,122.5,31.0,122.5
2024-03-21 12:00:00,10.33,14.28,31.0,122.5,31.0,122.5
2024-03-21 13:00:00,11.1,15.36,31.0,122.5,31.0,122.5
2024-03-21 14:00:00,11.53,15.88,31.0,122.5,31.0,122.5
2024-03-21 15:00:00,11.49,15.96,31.0,122.5,31.0,122.5
2024-03-21 16:00:00,11.55,16.03,31.0,122.5,31.0,122.5
2024-03-21 17:00:00,11.82,16.4,31.0,122.5,31.0,122.5
2024-03-21 18:00:00,11.41,15.9,31.0,122.5,31.0,122.5
2024-03-21 19:00:00,11.22,15.5,31.0,122.5,31.0,122.5
2024-03-21 20:00:00,10.94,15.22,31.0,122.5,31.0,122.5
2024-03-21 21:00:00,10.87,15.15,31.0,122.5,31.0,122.5
2024-03-21 22:00:00,11.05,15.53,31.0,122.5,31.0,122.5
2024-03-21 23:00:00,10.87,15.25,31.0,122.5,31.0,122.5
2024-03-22 00:00:00,10.97,15.55,31.0,122.5,31.0,122.5
2024-03-22 01:00:00,11.03,15.72,31.0,122.5,31.0,122.5
2024-03-22 02:00:00,10.71,15.4,31.0,122.5,31.0,122.5
2024-03-22 03:00:00,10.6,15.3,31.0,122.5,31.0,122.5
2024-03-22 04:00:00,10.1,14.81,31.0,122.5,31.0,122.5
2024-03-22 05:00:00,9.3,13.82,31.0,122.5,31.0,122.5
2024-03-22 06:00:00,8.53,12.83,31.0,122.5,31.0,122.5
2024-03-22 07:00:00,8.23,12.18,31.0,122.5,31.0,122.5
2024-03-22 08:00:00,7.71,11.44,31.0,122.5,31.0,122.5
2024-03-22 09:00:00,7.6,11.18,31.0,122.5,31.0,122.5
2024-03-22 10:00:00,7.82,11.31,31.0,122.5,31.0,122.5
2024-03-22 11:00:00,8.63,12.5,31.0,122.5,31.0,122.5
2024-03-22 12:00:00,9.11,13.4,31.0,122.5,31.0,122.5
2024-03-22 13:00:00,9.2,13.51,31.0,122.5,31.0,122.5
2024-03-22 14:00:00,9.02,13.48,31.0,122.5,31.0,122.5
2024-03-22 15:00:00,8.26,12.4,31.0,122.5,31.0,122.5
2024-03-22 16:00:00,7.83,11.69,31.0,122.5,31.0,122.5
2024-03-22 17:00:00,7.62,11.18,31.0,122.5,31.0,122.5
2024-03-22 18:00:00,7.62,11.18,31.0,122.5,31.0,122.5
2024-03-22 19:00:00,7.31,10.59,31.0,122.5,31.0,122.5
2024-03-22 20:00:00,7.01,10.02,31.0,122.5,31.0,122.5
2024-03-22 21:00:00,6.61,9.46,31.0,122.5,31.0,122.5
2024-03-22 22:00:00,5.1,6.67,31.0,122.5,31.0,122.5
2024-03-22 23:00:00,4.9,5.92,31.0,122.5,31.0,122.5
2024-03-23 00:00:00,4.42,5.12,31.0,122.5,31.0,122.5
2024-03-23 01:00:00,4.43,4.81,31.0,122.5,31.0,122.5
2024-03-23 02:00:00,5.13,6.32,31.0,122.5,31.0,122.5
2024-03-23 03:00:00,5.19,7.1,31.0,122.5,31.0,122.5
2024-03-23 04:00:00,5.13,7.51,31.0,122.5,31.0,122.5
2024-03-23 05:00:00,4.95,7.62,31.0,122.5,31.0,122.5
2024-03-23 06:00:00,5.15,7.84,31.0,122.5,31.0,122.5
2024-03-23 07:00:00,5.53,8.4,31.0,122.5,31.0,122.5
2024-03-23 08:00:00,5.85,8.72,31.0,122.5,31.0,122.5
2024-03-23 09:00:00,6.86,10.28,31.0,122.5,31.0,122.5
2024-03-23 10:00:00,7.54,11.71,31.0,122.5,31.0,122.5
2024-03-23 11:00:00,7.7,12.14,31.0,122.5,31.0,122.5
2024-03-23 12:00:00,7.81,12.21,31.0,122.5,31.0,122.5
2024-03-23 13:00:00,8.61,13.14,31.0,122.5,31.0,122.5
2024-03-23 14:00:00,9.0,13.79,31.0,122.5,31.0,122.5
2024-03-23 15:00:00,9.45,14.36,31.0,122.5,31.0,122.5
2024-03-23 16:00:00,8.87,13.51,31.0,122.5,31.0,122.5
2024-03-23 17:00:00,8.71,13.42,31.0,122.5,31.0,122.5
2024-03-23 18:00:00,8.48,13.04,31.0,122.5,31.0,122.5
2024-03-23 19:00:00,8.1,12.44,31.0,122.5,31.0,122.5
2024-03-23 20:00:00,7.87,11.92,31.0,122.5,31.0,122.5
2024-03-23 21:00:00,7.84,11.77,31.0,122.5,31.0,122.5
2024-03-23 22:00:00,6.75,10.07,31.0,122.5,31.0,122.5
2024-03-23 23:00:00,6.26,8.88,31.0,122.5,31.0,122.5
2024-03-24 00:00:00,5.33,7.11,31.0,122.5,31.0,122.5
2024-03-24 01:00:00,4.57,5.84,31.0,122.5,31.0,122.5
2024-03-24 02:00:00,3.58,4.88,31.0,122.5,31.0,122.5
2024-03-24 03:00:00,2.48,3.55,31.0,122.5,31.0,122.5
2024-03-24 04:00:00,1.7,2.6,31.0,122.5,31.0,122.5
2024-03-24 05:00:00,2.48,3.28,31.0,122.5,31.0,122.5
2024-03-24 06:00:00,2.94,3.65,31.0,122.5,31.0,122.5
2024-03-24 07:00:00,3.14,3.54,31.0,122.5,31.0,122.5
2024-03-24 08:00:00,3.51,4.02,31.0,122.5,31.0,122.5
2024-03-24 09:00:00,4.22,4.96,31.0,122.5,31.0,122.5
2024-03-24 10:00:00,4.12,5.63,31.0,122.5,31.0,122.5
2024-03-24 11:00:00,3.45,4.92,31.0,122.5,31.0,122.5
2024-03-24 12:00:00,3.0,4.25,31.0,122.5,31.0,122.5
2024-03-24 13:00:00,3.33,4.31,31.0,122.5,31.0,122.5
2024-03-24 14:00:00,3.38,4.19,31.0,122.5,31.0,122.5
2024-03-24 15:00:00,3.19,3.86,31.0,122.5,31.0,122.5
2024-03-24 16:00:00,3.18,4.32,31.0,122.5,31.0,122.5
2024-03-24 17:00:00,2.84,4.21,31.0,122.5,31.0,122.5
2024-03-24 18:00:00,3.67,5.02,31.0,122.5,31.0,122.5
2024-03-24 19:00:00,4.2,5.82,31.0,122.5,31.0,122.5
2024-03-24 20:00:00,4.11,5.83,31.0,122.5,31.0,122.5
2024-03-24 21:00:00,4.13,5.81,31.0,122.5,31.0,122.5
2024-03-24 22:00:00,3.25,4.24,31.0,122.5,31.0,122.5
2024-03-24 23:00:00,4.16,5.67,31.0,122.5,31.0,122.5
2024-03-25 00:00:00,5.29,7.7,31.0,122.5,31.0,122.5
2024-03-25 01:00:00,6.1,9.46,31.0,122.5,31.0,122.5
2024-03-25 02:00:00,6.5,10.1,31.0,122.5,31.0,122.5
2024-03-25 03:00:00,6.3,9.77,31.0,122.5,31.0,122.5
2024-03-25 04:00:00,5.78,9.08,31.0,122.5,31.0,122.5
2024-03-25 05:00:00,5.22,8.39,31.0,122.5,31.0,122.5
2024-03-25 06:00:00,4.94,8.32,31.0,122.5,31.0,122.5
2024-03-25 07:00:00,7.6,11.42,31.0,122.5,31.0,122.5
2024-03-25 08:00:00,8.11,11.79,31.0,122.5,31.0,122.5
2024-03-25 09:00:00,8.04,11.56,31.0,122.5,31.0,122.5
2024-03-25 10:00:00,7.72,10.82,31.0,122.5,31.0,122.5
2024-03-25 11:00:00,7.16,10.01,31.0,122.5,31.0,122.5
2024-03-25 12:00:00,8.3,11.13,31.0,122.5,31.0,122.5
2024-03-25 13:00:00,9.22,12.17,31.0,122.5,31.0,122.5
2024-03-25 14:00:00,9.91,12.66,31.0,122.5,31.0,122.5
2024-03-25 15:00:00,11.35,14.37,31.0,122.5,31.0,122.5
2024-03-25 16:00:00,11.6,14.67,31.0,122.5,31.0,122.5
2024-03-25 17:00:00,12.76,15.9,31.0,122.5,31.0,122.5
2024-03-25 18:00:00,12.59,15.77,31.0,122.5,31.0,122.5
2024-03-25 19:00:00,11.91,14.81,31.0,122.5,31.0,122.5
2024-03-25 20:00:00,11.79,14.42,31.0,122.5,31.0,122.5
2024-03-25 21:00:00,11.88,14.57,31.0,122.5,31.0,122.5
2024-03-25 22:00:00,11.11,13.81,31.0,122.5,31.0,122.5
2024-03-25 23:00:00,11.01,13.51,31.0,122.5,31.0,122.5
2024-03-26 00:00:00,10.65,12.9,31.0,122.5,31.0,122.5
2024-03-26 01:00:00,10.56,12.66,31.0,122.5,31.0,122.5
2024-03-26 02:00:00,10.25,12.15,31.0,122.5,31.0,122.5
2024-03-26 03:00:00,9.55,11.32,31.0,122.5,31.0,122.5
2024-03-26 04:00:00,8.8,10.2,31.0,122.5,31.0,122.5
2024-03-26 05:00:00,8.26,9.47,31.0,122.5,31.0,122.5
2024-03-26 06:00:00,7.73,8.84,31.0,122.5,31.0,122.5
2024-03-26 07:00:00,6.96,7.91,31.0,122.5,31.0,122.5
2024-03-26 08:00:00,6.45,7.28,31.0,122.5,31.0,122.5
2024-03-26 09:00:00,6.23,6.94,31.0,122.5,31.0,122.5
2024-03-26 10:00:00,5.6,6.2,31.0,122.5,31.0,122.5
2024-03-26 11:00:00,5.39,5.9,31.0,122.5,31.0,122.5
2024-03-26 12:00:00,4.74,5.15,31.0,122.5,31.0,122.5
2024-03-26 13:00:00,4.08,4.44,31.0,122.5,31.0,122.5
2024-03-26 14:00:00,3.68,3.96,31.0,122.5,31.0,122.5
2024-03-26 15:00:00,3.62,3.89,31.0,122.5,31.0,122.5
2024-03-26 16:00:00,3.91,4.22,31.0,122.5,31.0,122.5
2024-03-26 17:00:00,4.53,4.93,31.0,122.5,31.0,122.5
2024-03-26 18:00:00,5.0,5.4,31.0,122.5,31.0,122.5
2024-03-26 19:00:00,5.41,5.91,31.0,122.5,31.0,122.5
2024-03-26 20:00:00,5.87,6.38,31.0,122.5,31.0,122.5
2024-03-26 21:00:00,6.65,7.35,31.0,122.5,31.0,122.5
2024-03-26 22:00:00,5.9,6.53,31.0,122.5,31.0,122.5
2024-03-26 23:00:00,6.32,6.96,31.0,122.5,31.0,122.5
2024-03-27 00:00:00,6.88,7.66,31.0,122.5,31.0,122.5
2024-03-27 01:00:00,7.38,8.22,31.0,122.5,31.0,122.5
2024-03-27 02:00:00,7.52,8.54,31.0,122.5,31.0,122.5
2024-03-27 03:00:00,7.21,8.24,31.0,122.5,31.0,122.5
2024-03-27 04:00:00,6.62,7.7,31.0,122.5,31.0,122.5
2024-03-27 05:00:00,6.89,7.96,31.0,122.5,31.0,122.5
2024-03-27 06:00:00,6.53,7.83,31.0,122.5,31.0,122.5
2024-03-27 07:00:00,7.52,9.21,31.0,122.5,31.0,122.5
2024-03-27 08:00:00,8.13,10.27,31.0,122.5,31.0,122.5
2024-03-27 09:00:00,7.58,9.9,31.0,122.5,31.0,122.5
2024-03-27 10:00:00,6.95,8.95,31.0,122.5,31.0,122.5
2024-03-27 11:00:00,7.69,10.3,31.0,122.5,31.0,122.5
2024-03-27 12:00:00,9.03,11.86,31.0,122.5,31.0,122.5
2024-03-27 13:00:00,9.11,12.38,31.0,122.5,31.0,122.5
2024-03-27 14:00:00,9.27,12.27,31.0,122.5,31.0,122.5
2024-03-27 15:00:00,9.14,12.2,31.0,122.5,31.0,122.5
2024-03-27 16:00:00,9.26,12.5,31.0,122.5,31.0,122.5
2024-03-27 17:00:00,9.63,12.98,31.0,122.5,31.0,122.5
2024-03-27 18:00:00,10.07,13.74,31.0,122.5,31.0,122.5
2024-03-27 19:00:00,9.9,13.71,31.0,122.5,31.0,122.5
2024-03-27 20:00:00,9.42,13.27,31.0,122.5,31.0,122.5
2024-03-27 21:00:00,8.83,12.57,31.0,122.5,31.0,122.5
2024-03-27 22:00:00,6.72,9.59,31.0,122.5,31.0,122.5
2024-03-27 23:00:00,6.5,9.36,31.0,122.5,31.0,122.5
2024-03-28 00:00:00,6.14,8.48,31.0,122.5,31.0,122.5
2024-03-28 01:00:00,5.76,7.86,31.0,122.5,31.0,122.5
2024-03-28 02:00:00,6.0,7.98,31.0,122.5,31.0,122.5
2024-03-28 03:00:00,6.99,8.9,31.0,122.5,31.0,122.5
2024-03-28 04:00:00,8.62,10.95,31.0,122.5,31.0,122.5
2024-03-28 05:00:00,7.72,9.98,31.0,122.5,31.0,122.5
2024-03-28 06:00:00,6.44,8.49,31.0,122.5,31.0,122.5
2024-03-28 07:00:00,6.09,8.07,31.0,122.5,31.0,122.5
2024-03-28 08:00:00,5.84,7.96,31.0,122.5,31.0,122.5
2024-03-28 09:00:00,4.88,7.0,31.0,122.5,31.0,122.5
2024-03-28 10:00:00,2.61,4.49,31.0,122.5,31.0,122.5
2024-03-28 11:00:00,2.02,3.91,31.0,122.5,31.0,122.5
2024-03-28 12:00:00,2.61,4.39,31.0,122.5,31.0,122.5
2024-03-28 13:00:00,2.88,5.02,31.0,122.5,31.0,122.5
2024-03-28 14:00:00,3.21,5.53,31.0,122.5,31.0,122.5
2024-03-28 15:00:00,3.1,5.18,31.0,122.5,31.0,122.5
2024-03-28 16:00:00,3.28,5.1,31.0,122.5,31.0,122.5
2024-03-28 17:00:00,3.1,4.92,31.0,122.5,31.0,122.5
2024-03-28 18:00:00,3.22,4.9,31.0,122.5,31.0,122.5
2024-03-28 19:00:00,3.78,5.41,31.0,122.5,31.0,122.5
2024-03-28 20:00:00,4.7,6.58,31.0,122.5,31.0,122.5
2024-03-28 21:00:00,5.69,7.82,31.0,122.5,31.0,122.5
2024-03-28 22:00:00,6.01,8.42,31.0,122.5,31.0,122.5
2024-03-28 23:00:00,7.09,9.84,31.0,122.5,31.0,122.5
2024-03-29 00:00:00,7.94,11.2,31.0,122.5,31.0,122.5
2024-03-29 01:00:00,8.45,11.98,31.0,122.5,31.0,122.5
2024-03-29 02:00:00,8.6,12.2,31.0,122.5,31.0,122.5
2024-03-29 03:00:00,8.51,12.33,31.0,122.5,31.0,122.5
2024-03-29 04:00:00,8.23,11.83,31.0,122.5,31.0,122.5
2024-03-29 05:00:00,8.32,11.89,31.0,122.5,31.0,122.5
2024-03-29 06:00:00,8.55,12.5,31.0,122.5,31.0,122.5
2024-03-29 07:00:00,8.96,13.08,31.0,122.5,31.0,122.5
2024-03-29 08:00:00,9.14,13.56,31.0,122.5,31.0,122.5
2024-03-29 09:00:00,9.42,13.9,31.0,122.5,31.0,122.5
2024-03-29 10:00:00,9.18,13.57,31.0,122.5,31.0,122.5
2024-03-29 11:00:00,9.28,13.83,31.0,122.5,31.0,122.5
2024-03-29 12:00:00,9.62,14.2,31.0,122.5,31.0,122.5
2024-03-29 13:00:00,9.87,14.6,31.0,122.5,31.0,122.5
2024-03-29 14:00:00,9.83,14.51,31.0,122.5,31.0,122.5
2024-03-29 15:00:00,9.44,14.08,31.0,122.5,31.0,122.5
2024-03-29 16:00:00,9.68,14.33,31.0,122.5,31.0,122.5
2024-03-29 17:00:00,9.44,14.07,31.0,122.5,31.0,122.5
2024-03-29 18:00:00,8.78,13.03,31.0,122.5,31.0,122.5
2024-03-29 19:00:00,8.71,12.87,31.0,122.5,31.0,122.5
2024-03-29 20:00:00,9.05,13.44,31.0,122.5,31.0,122.5
2024-03-29 21:00:00,9.05,13.51,31.0,122.5,31.0,122.5
2024-03-29 22:00:00,8.12,12.3,31.0,122.5,31.0,122.5
2024-03-29 23:00:00,7.84,11.77,31.0,122.5,31.0,122.5
2024-03-30 00:00:00,8.07,11.98,31.0,122.5,31.0,122.5
2024-03-30 01:00:00,8.22,12.28,31.0,122.5,31.0,122.5
2024-03-30 02:00:00,7.59,11.37,31.0,122.5,31.0,122.5
2024-03-30 03:00:00,7.13,10.58,31.0,122.5,31.0,122.5
2024-03-30 04:00:00,7.3,10.53,31.0,122.5,31.0,122.5
2024-03-30 05:00:00,7.98,11.57,31.0,122.5,31.0,122.5
2024-03-30 06:00:00,7.79,11.47,31.0,122.5,31.0,122.5
2024-03-30 07:00:00,7.38,10.8,31.0,122.5,31.0,122.5
2024-03-30 08:00:00,6.56,9.62,31.0,122.5,31.0,122.5
2024-03-30 09:00:00,5.46,7.48,31.0,122.5,31.0,122.5
2024-03-30 10:00:00,4.47,4.73,31.0,122.5,31.0,122.5
2024-03-30 11:00:00,5.03,4.7,31.0,122.5,31.0,122.5
2024-03-30 12:00:00,5.68,5.73,31.0,122.5,31.0,122.5
2024-03-30 13:00:00,4.97,6.11,31.0,122.5,31.0,122.5
2024-03-30 14:00:00,3.67,5.58,31.0,122.5,31.0,122.5
2024-03-30 15:00:00,1.84,3.1,31.0,122.5,31.0,122.5
2024-03-30 16:00:00,2.15,1.65,31.0,122.5,31.0,122.5
2024-03-30 17:00:00,3.5,3.18,31.0,122.5,31.0,122.5
2024-03-30 18:00:00,5.02,5.46,31.0,122.5,31.0,122.5
2024-03-30 19:00:00,5.64,6.8,31.0,122.5,31.0,122.5
2024-03-30 20:00:00,6.15,8.07,31.0,122.5,31.0,122.5
2024-03-30 21:00:00,6.55,8.45,31.0,122.5,31.0,122.5
2024-03-30 22:00:00,7.19,9.46,31.0,122.5,31.0,122.5
2024-03-30 23:00:00,7.41,10.18,31.0,122.5,31.0,122.5
2024-03-31 00:00:00,8.13,11.51,31.0,122.5,31.0,122.5
2024-03-31 01:00:00,6.91,9.9,31.0,122.5,31.0,122.5
2024-03-31 02:00:00,6.3,8.54,31.0,122.5,31.0,122.5
2024-03-31 03:00:00,5.24,6.28,31.0,122.5,31.0,122.5
2024-03-31 04:00:00,4.89,5.1,31.0,122.5,31.0,122.5
2024-03-31 05:00:00,3.98,4.05,31.0,122.5,31.0,122.5
2024-03-31 06:00:00,3.48,3.75,31.0,122.5,31.0,122.5
2024-03-31 07:00:00,3.37,3.73,31.0,122.5,31.0,122.5
2024-03-31 08:00:00,3.72,4.3,31.0,122.5,31.0,122.5
2024-03-31 09:00:00,3.98,4.96,31.0,122.5,31.0,122.5
2024-03-31 10:00:00,6.45,8.65,31.0,122.5,31.0,122.5
2024-03-31 11:00:00,6.07,7.99,31.0,122.5,31.0,122.5
2024-03-31 12:00:00,4.85,6.47,31.0,122.5,31.0,122.5
2024-03-31 13:00:00,4.17,5.66,31.0,122.5,31.0,122.5
2024-03-31 14:00:00,3.32,4.74,31.0,122.5,31.0,122.5
2024-03-31 15:00:00,2.26,3.56,31.0,122.5,31.0,122.5
2024-03-31 16:00:00,1.49,2.47,31.0,122.5,31.0,122.5
2024-03-31 17:00:00,0.85,1.71,31.0,122.5,31.0,122.5
2024-03-31 18:00:00,0.41,1.41,31.0,122.5,31.0,122.5
2024-03-31 19:00:00,0.45,1.61,31.0,122.5,31.0,122.5
2024-03-31 20:00:00,0.63,1.88,31.0,122.5,31.0,122.5
2024-03-31 21:00:00,1.02,2.28,31.0,122.5,31.0,122.5
2024-03-31 22:00:00,1.03,1.63,31.0,122.5,31.0,122.5
2024-03-31 23:00:00,2.26,3.1,31.0,122.5,31.0,122.5
2024-04-01 00:00:00,3.35,4.81,31.0,122.5,31.0,122.5
2024-04-01 01:00:00,5.09,6.93,31.0,122.5,31.0,122.5
2024-04-01 02:00:00,6.44,8.29,31.0,122.5,31.0,122.5
2024-04-01 03:00:00,6.37,8.56,31.0,122.5,31.0,122.5
2024-04-01 04:00:00,5.74,7.98,31.0,122.5,31.0,122.5
2024-04-01 05:00:00,5.9,8.28,31.0,122.5,31.0,122.5
2024-04-01 06:00:00,6.26,8.6,31.0,122.5,31.0,122.5
2024-04-01 07:00:00,6.77,8.71,31.0,122.5,31.0,122.5
2024-04-01 08:00:00,7.0,9.27,31.0,122.5,31.0,122.5
2024-04-01 09:00:00,7.65,10.31,31.0,122.5,31.0,122.5
2024-04-01 10:00:00,7.58,10.51,31.0,122.5,31.0,122.5
2024-04-01 11:00:00,8.42,11.76,31.0,122.5,31.0,122.5
2024-04-01 12:00:00,9.21,12.84,31.0,122.5,31.0,122.5
2024-04-01 13:00:00,9.59,13.38,31.0,122.5,31.0,122.5
2024-04-01 14:00:00,9.55,13.44,31.0,122.5,31.0,122.5
2024-04-01 15:00:00,9.66,13.84,31.0,122.5,31.0,122.5
2024-04-01 16:00:00,9.83,14.12,31.0,122.5,31.0,122.5
2024-04-01 17:00:00,10.01,14.39,31.0,122.5,31.0,122.5
2024-04-01 18:00:00,10.52,14.65,31.0,122.5,31.0,122.5
2024-04-01 19:00:00,10.24,14.54,31.0,122.5,31.0,122.5
2024-04-01 20:00:00,9.35,13.4,31.0,122.5,31.0,122.5
2024-04-01 21:00:00,8.7,12.71,31.0,122.5,31.0,122.5
2024-04-01 22:00:00,9.49,13.68,31.0,122.5,31.0,122.5
2024-04-01 23:00:00,11.05,15.61,31.0,122.5,31.0,122.5
2024-04-02 00:00:00,11.07,15.74,31.0,122.5,31.0,122.5
2024-04-02 01:00:00,10.82,15.73,31.0,122.5,31.0,122.5
2024-04-02 02:00:00,11.04,16.06,31.0,122.5,31.0,122.5
2024-04-02 03:00:00,11.06,16.05,31.0,122.5,31.0,122.5
2024-04-02 04:00:00,10.85,15.83,31.0,122.5,31.0,122.5
2024-04-02 05:00:00,10.4,15.31,31.0,122.5,31.0,122.5
2024-04-02 06:00:00,10.3,15.11,31.0,122.5,31.0,122.5
2024-04-02 07:00:00,10.53,15.7,31.0,122.5,31.0,122.5
2024-04-02 08:00:00,10.11,15.2,31.0,122.5,31.0,122.5
2024-04-02 09:00:00,9.7,14.61,31.0,122.5,31.0,122.5
2024-04-02 10:00:00,8.54,12.79,31.0,122.5,31.0,122.5
2024-04-02 11:00:00,7.94,12.0,31.0,122.5,31.0,122.5
2024-04-02 12:00:00,7.43,10.88,31.0,122.5,31.0,122.5
2024-04-02 13:00:00,6.84,9.18,31.0,122.5,31.0,122.5
2024-04-02 14:00:00,8.51,11.6,31.0,122.5,31.0,122.5
2024-04-02 15:00:00,9.53,14.15,31.0,122.5,31.0,122.5
2024-04-02 16:00:00,8.17,12.18,31.0,122.5,31.0,122.5
2024-04-02 17:00:00,6.65,9.51,31.0,122.5,31.0,122.5
2024-04-02 18:00:00,5.79,7.88,31.0,122.5,31.0,122.5
2024-04-02 19:00:00,5.25,6.98,31.0,122.5,31.0,122.5
2024-04-02 20:00:00,4.74,6.08,31.0,122.5,31.0,122.5
2024-04-02 21:00:00,4.47,5.1,31.0,122.5,31.0,122.5
2024-04-02 22:00:00,5.37,6.62,31.0,122.5,31.0,122.5
2024-04-02 23:00:00,5.75,7.3,31.0,122.5,31.0,122.5
2024-04-03 00:00:00,5.66,7.96,31.0,122.5,31.0,122.5
2024-04-03 01:00:00,6.89,10.19,31.0,122.5,31.0,122.5
2024-04-03 02:00:00,7.87,11.79,31.0,122.5,31.0,122.5
2024-04-03 03:00:00,7.67,11.09,31.0,122.5,31.0,122.5
2024-04-03 04:00:00,7.36,10.47,31.0,122.5,31.0,122.5
2024-04-03 05:00:00,7.11,10.07,31.0,122.5,31.0,122.5
2024-04-03 06:00:00,7.28,10.33,31.0,122.5,31.0,122.5
2024-04-03 07:00:00,8.56,11.88,31.0,122.5,31.0,122.5
2024-04-03 08:00:00,9.02,12.36,31.0,122.5,31.0,122.5
2024-04-03 09:00:00,9.45,12.45,31.0,122.5,31.0,122.5
2024-04-03 10:00:00,8.59,11.05,31.0,122.5,31.0,122.5
2024-04-03 11:00:00,9.53,11.91,31.0,122.5,31.0,122.5
2024-04-03 12:00:00,9.75,12.06,31.0,122.5,31.0,122.5
2024-04-03 13:00:00,9.65,11.8,31.0,122.5,31.0,122.5
2024-04-03 14:00:00,8.89,10.66,31.0,122.5,31.0,122.5
2024-04-03 15:00:00,8.79,10.34,31.0,122.5,31.0,122.5
2024-04-03 16:00:00,8.52,9.93,31.0,122.5,31.0,122.5
2024-04-03 17:00:00,8.0,9.3,31.0,122.5,31.0,122.5
2024-04-03 18:00:00,7.21,8.21,31.0,122.5,31.0,122.5
2024-04-03 19:00:00,6.91,7.81,31.0,122.5,31.0,122.5
2024-04-03 20:00:00,7.43,8.44,31.0,122.5,31.0,122.5
2024-04-03 21:00:00,7.57,8.57,31.0,122.5,31.0,122.5
2024-04-03 22:00:00,7.18,8.1,31.0,122.5,31.0,122.5
2024-04-03 23:00:00,7.12,8.04,31.0,122.5,31.0,122.5
2024-04-04 00:00:00,6.44,7.26,31.0,122.5,31.0,122.5
2024-04-04 01:00:00,6.0,6.7,31.0,122.5,31.0,122.5
2024-04-04 02:00:00,6.11,6.71,31.0,122.5,31.0,122.5
2024-04-04 03:00:00,6.3,7.0,31.0,122.5,31.0,122.5
2024-04-04 04:00:00,6.7,7.4,31.0,122.5,31.0,122.5
2024-04-04 05:00:00,6.41,7.2,31.0,122.5,31.0,122.5
2024-04-04 06:00:00,6.9,7.6,31.0,122.5,31.0,122.5
2024-04-04 07:00:00,7.4,8.2,31.0,122.5,31.0,122.5
2024-04-04 08:00:00,7.92,9.02,31.0,122.5,31.0,122.5
2024-04-04 09:00:00,7.51,8.43,31.0,122.5,31.0,122.5
2024-04-04 10:00:00,6.8,7.5,31.0,122.5,31.0,122.5
2024-04-04 11:00:00,6.6,7.31,31.0,122.5,31.0,122.5
2024-04-04 12:00:00,6.2,6.8,31.0,122.5,31.0,122.5
2024-04-04 13:00:00,5.82,6.42,31.0,122.5,31.0,122.5
2024-04-04 14:00:00,5.83,6.33,31.0,122.5,31.0,122.5
2024-04-04 15:00:00,5.95,6.56,31.0,122.5,31.0,122.5
2024-04-04 16:00:00,5.22,5.62,31.0,122.5,31.0,122.5
2024-04-04 17:00:00,5.04,5.43,31.0,122.5,31.0,122.5
2024-04-04 18:00:00,5.91,6.41,31.0,122.5,31.0,122.5
2024-04-04 19:00:00,5.63,6.14,31.0,122.5,31.0,122.5
2024-04-04 20:00:00,5.55,5.97,31.0,122.5,31.0,122.5
2024-04-04 21:00:00,5.44,5.88,31.0,122.5,31.0,122.5
2024-04-04 22:00:00,5.41,5.85,31.0,122.5,31.0,122.5
2024-04-04 23:00:00,5.88,6.42,31.0,122.5,31.0,122.5
2024-04-05 00:00:00,5.65,6.22,31.0,122.5,31.0,122.5
2024-04-05 01:00:00,5.87,6.45,31.0,122.5,31.0,122.5
2024-04-05 02:00:00,6.15,6.82,31.0,122.5,31.0,122.5
2024-04-05 03:00:00,6.17,6.74,31.0,122.5,31.0,122.5
2024-04-05 04:00:00,6.64,7.4,31.0,122.5,31.0,122.5
2024-04-05 05:00:00,6.61,7.41,31.0,122.5,31.0,122.5
2024-04-05 06:00:00,6.13,6.84,31.0,122.5,31.0,122.5
2024-04-05 07:00:00,5.68,6.26,31.0,122.5,31.0,122.5
2024-04-05 08:00:00,5.24,5.87,31.0,122.5,31.0,122.5
2024-04-05 09:00:00,5.11,5.75,31.0,122.5,31.0,122.5
2024-04-05 10:00:00,4.44,4.8,31.0,122.5,31.0,122.5
2024-04-05 11:00:00,4.24,4.67,31.0,122.5,31.0,122.5
2024-04-05 12:00:00,3.99,4.4,31.0,122.5,31.0,122.5
2024-04-05 13:00:00,3.57,4.16,31.0,122.5,31.0,122.5
2024-04-05 14:00:00,2.38,2.89,31.0,122.5,31.0,122.5
2024-04-05 15:00:00,3.11,3.69,31.0,122.5,31.0,122.5
2024-04-05 16:00:00,3.11,3.94,31.0,122.5,31.0,122.5
2024-04-05 17:00:00,3.2,4.2,31.0,122.5,31.0,122.5
2024-04-05 18:00:00,2.56,3.48,31.0,122.5,31.0,122.5
2024-04-05 19:00:00,2.22,2.8,31.0,122.5,31.0,122.5
2024-04-05 20:00:00,3.05,3.54,31.0,122.5,31.0,122.5
2024-04-05 21:00:00,3.3,4.03,31.0,122.5,31.0,122.5
2024-04-05 22:00:00,2.78,3.42,31.0,122.5,31.0,122.5
2024-04-05 23:00:00,3.04,3.58,31.0,122.5,31.0,122.5
2024-04-06 00:00:00,3.8,4.74,31.0,122.5,31.0,122.5
2024-04-06 01:00:00,4.02,5.31,31.0,122.5,31.0,122.5
2024-04-06 02:00:00,3.06,4.25,31.0,122.5,31.0,122.5
2024-04-06 03:00:00,3.04,4.02,31.0,122.5,31.0,122.5
2024-04-06 04:00:00,3.48,4.46,31.0,122.5,31.0,122.5
2024-04-06 05:00:00,3.18,4.42,31.0,122.5,31.0,122.5
2024-04-06 06:00:00,3.19,4.39,31.0,122.5,31.0,122.5
2024-04-06 07:00:00,3.76,4.88,31.0,122.5,31.0,122.5
2024-04-06 08:00:00,3.47,4.53,31.0,122.5,31.0,122.5
2024-04-06 09:00:00,3.25,4.28,31.0,122.5,31.0,122.5
2024-04-06 10:00:00,2.91,3.83,31.0,122.5,31.0,122.5
2024-04-06 11:00:00,2.76,3.56,31.0,122.5,31.0,122.5
2024-04-06 12:00:00,3.83,4.66,31.0,122.5,31.0,122.5
2024-04-06 13:00:00,4.62,5.52,31.0,122.5,31.0,122.5
2024-04-06 14:00:00,4.46,5.33,31.0,122.5,31.0,122.5
2024-04-06 15:00:00,4.1,5.02,31.0,122.5,31.0,122.5
2024-04-06 16:00:00,4.18,5.04,31.0,122.5,31.0,122.5
2024-04-06 17:00:00,4.6,5.52,31.0,122.5,31.0,122.5
2024-04-06 18:00:00,4.58,5.77,31.0,122.5,31.0,122.5
2024-04-06 19:00:00,3.94,5.02,31.0,122.5,31.0,122.5
2024-04-06 20:00:00,4.08,5.29,31.0,122.5,31.0,122.5
2024-04-06 21:00:00,4.55,5.85,31.0,122.5,31.0,122.5
2024-04-06 22:00:00,4.79,6.26,31.0,122.5,31.0,122.5
2024-04-06 23:00:00,4.07,5.44,31.0,122.5,31.0,122.5
2024-04-07 00:00:00,3.52,4.74,31.0,122.5,31.0,122.5
2024-04-07 01:00:00,3.7,4.55,31.0,122.5,31.0,122.5
2024-04-07 02:00:00,4.27,5.24,31.0,122.5,31.0,122.5
2024-04-07 03:00:00,5.04,6.02,31.0,122.5,31.0,122.5
2024-04-07 04:00:00,5.03,6.06,31.0,122.5,31.0,122.5
2024-04-07 05:00:00,5.52,6.72,31.0,122.5,31.0,122.5
2024-04-07 06:00:00,5.66,6.89,31.0,122.5,31.0,122.5
2024-04-07 07:00:00,5.06,6.37,31.0,122.5,31.0,122.5
2024-04-07 08:00:00,4.43,5.73,31.0,122.5,31.0,122.5
2024-04-07 09:00:00,3.77,4.88,31.0,122.5,31.0,122.5
2024-04-07 10:00:00,4.46,5.19,31.0,122.5,31.0,122.5
2024-04-07 11:00:00,5.37,6.45,31.0,122.5,31.0,122.5
2024-04-07 12:00:00,5.87,6.95,31.0,122.5,31.0,122.5
2024-04-07 13:00:00,6.24,7.4,31.0,122.5,31.0,122.5
2024-04-07 14:00:00,6.11,7.38,31.0,122.5,31.0,122.5
2024-04-07 15:00:00,5.92,7.49,31.0,122.5,31.0,122.5
2024-04-07 16:00:00,6.02,7.65,31.0,122.5,31.0,122.5
2024-04-07 17:00:00,6.17,7.93,31.0,122.5,31.0,122.5
2024-04-07 18:00:00,5.69,7.38,31.0,122.5,31.0,122.5
2024-04-07 19:00:00,5.86,7.41,31.0,122.5,31.0,122.5
2024-04-07 20:00:00,6.05,7.75,31.0,122.5,31.0,122.5
2024-04-07 21:00:00,6.5,8.21,31.0,122.5,31.0,122.5
2024-04-07 22:00:00,6.81,8.94,31.0,122.5,31.0,122.5
2024-04-07 23:00:00,7.34,9.4,31.0,122.5,31.0,122.5
2024-04-08 00:00:00,7.27,9.43,31.0,122.5,31.0,122.5
2024-04-08 01:00:00,7.29,9.38,31.0,122.5,31.0,122.5
2024-04-08 02:00:00,6.96,9.04,31.0,122.5,31.0,122.5
2024-04-08 03:00:00,6.53,8.34,31.0,122.5,31.0,122.5
2024-04-08 04:00:00,6.74,8.46,31.0,122.5,31.0,122.5
2024-04-08 05:00:00,6.93,8.58,31.0,122.5,31.0,122.5
2024-04-08 06:00:00,7.74,9.4,31.0,122.5,31.0,122.5
2024-04-08 07:00:00,8.4,10.31,31.0,122.5,31.0,122.5
2024-04-08 08:00:00,9.3,11.3,31.0,122.5,31.0,122.5
2024-04-08 09:00:00,9.12,11.38,31.0,122.5,31.0,122.5
2024-04-08 10:00:00,7.72,9.46,31.0,122.5,31.0,122.5
2024-04-08 11:00:00,5.72,7.22,31.0,122.5,31.0,122.5
2024-04-08 12:00:00,4.34,5.75,31.0,122.5,31.0,122.5
2024-04-08 13:00:00,3.95,5.04,31.0,122.5,31.0,122.5
2024-04-08 14:00:00,4.88,5.92,31.0,122.5,31.0,122.5
2024-04-08 15:00:00,5.77,7.07,31.0,122.5,31.0,122.5
2024-04-08 16:00:00,6.8,8.56,31.0,122.5,31.0,122.5
2024-04-08 17:00:00,7.87,9.9,31.0,122.5,31.0,122.5
2024-04-08 18:00:00,7.94,10.26,31.0,122.5,31.0,122.5
2024-04-08 19:00:00,7.67,10.16,31.0,122.5,31.0,122.5
2024-04-08 20:00:00,7.28,9.96,31.0,122.5,31.0,122.5
2024-04-08 21:00:00,6.81,9.58,31.0,122.5,31.0,122.5
2024-04-08 22:00:00,6.14,8.37,31.0,122.5,31.0,122.5
2024-04-08 23:00:00,6.42,8.76,31.0,122.5,31.0,122.5
2024-04-09 00:00:00,6.6,8.94,31.0,122.5,31.0,122.5
2024-04-09 01:00:00,6.25,8.32,31.0,122.5,31.0,122.5
2024-04-09 02:00:00,5.8,7.74,31.0,122.5,31.0,122.5
2024-04-09 03:00:00,5.69,7.42,31.0,122.5,31.0,122.5
2024-04-09 04:00:00,5.22,6.96,31.0,122.5,31.0,122.5
2024-04-09 05:00:00,5.35,6.87,31.0,122.5,31.0,122.5
2024-04-09 06:00:00,5.36,6.99,31.0,122.5,31.0,122.5
2024-04-09 07:00:00,5.12,6.82,31.0,122.5,31.0,122.5
2024-04-09 08:00:00,5.1,6.78,31.0,122.5,31.0,122.5
2024-04-09 09:00:00,5.39,7.02,31.0,122.5,31.0,122.5
2024-04-09 10:00:00,4.75,5.94,31.0,122.5,31.0,122.5
2024-04-09 11:00:00,4.55,5.74,31.0,122.5,31.0,122.5
2024-04-09 12:00:00,4.62,5.7,31.0,122.5,31.0,122.5
2024-04-09 13:00:00,4.79,5.77,31.0,122.5,31.0,122.5
2024-04-09 14:00:00,4.49,5.31,31.0,122.5,31.0,122.5
2024-04-09 15:00:00,3.83,4.44,31.0,122.5,31.0,122.5
2024-04-09 16:00:00,3.71,4.3,31.0,122.5,31.0,122.5
2024-04-09 17:00:00,3.42,3.89,31.0,122.5,31.0,122.5
2024-04-09 18:00:00,3.99,4.46,31.0,122.5,31.0,122.5
2024-04-09 19:00:00,4.74,5.44,31.0,122.5,31.0,122.5
2024-04-09 20:00:00,4.88,5.75,31.0,122.5,31.0,122.5
2024-04-09 21:00:00,5.02,6.11,31.0,122.5,31.0,122.5
2024-04-09 22:00:00,4.74,6.1,31.0,122.5,31.0,122.5
2024-04-09 23:00:00,5.5,7.28,31.0,122.5,31.0,122.5
2024-04-10 00:00:00,5.64,7.74,31.0,122.5,31.0,122.5
2024-04-10 01:00:00,6.09,8.25,31.0,122.5,31.0,122.5
2024-04-10 02:00:00,5.74,7.91,31.0,122.5,31.0,122.5
2024-04-10 03:00:00,5.22,7.21,31.0,122.5,31.0,122.5
2024-04-10 04:00:00,4.91,6.77,31.0,122.5,31.0,122.5
2024-04-10 05:00:00,5.59,7.53,31.0,122.5,31.0,122.5
2024-04-10 06:00:00,5.92,7.99,31.0,122.5,31.0,122.5
2024-04-10 07:00:00,6.14,8.35,31.0,122.5,31.0,122.5
2024-04-10 08:00:00,6.53,8.82,31.0,122.5,31.0,122.5
2024-04-10 09:00:00,6.53,8.91,31.0,122.5,31.0,122.5
2024-04-10 10:00:00,5.69,7.78,31.0,122.5,31.0,122.5
2024-04-10 11:00:00,6.32,8.49,31.0,122.5,31.0,122.5
2024-04-10 12:00:00,6.78,9.09,31.0,122.5,31.0,122.5
2024-04-10 13:00:00,6.64,8.9,31.0,122.5,31.0,122.5
2024-04-10 14:00:00,6.1,8.42,31.0,122.5,31.0,122.5
2024-04-10 15:00:00,5.78,8.08,31.0,122.5,31.0,122.5
2024-04-10 16:00:00,5.46,7.59,31.0,122.5,31.0,122.5
2024-04-10 17:00:00,5.26,7.5,31.0,122.5,31.0,122.5
2024-04-10 18:00:00,5.41,7.52,31.0,122.5,31.0,122.5
2024-04-10 19:00:00,5.37,7.58,31.0,122.5,31.0,122.5
2024-04-10 20:00:00,4.52,6.4,31.0,122.5,31.0,122.5
2024-04-10 21:00:00,4.37,6.17,31.0,122.5,31.0,122.5
2024-04-10 22:00:00,3.31,3.68,31.0,122.5,31.0,122.5
2024-04-10 23:00:00,4.13,4.98,31.0,122.5,31.0,122.5
2024-04-11 00:00:00,4.24,5.55,31.0,122.5,31.0,122.5
2024-04-11 01:00:00,5.11,6.77,31.0,122.5,31.0,122.5
2024-04-11 02:00:00,4.96,7.07,31.0,122.5,31.0,122.5
2024-04-11 03:00:00,3.83,5.9,31.0,122.5,31.0,122.5
2024-04-11 04:00:00,3.72,5.48,31.0,122.5,31.0,122.5
2024-04-11 05:00:00,4.3,6.28,31.0,122.5,31.0,122.5
2024-04-11 06:00:00,4.16,6.09,31.0,122.5,31.0,122.5
2024-04-11 07:00:00,3.76,5.48,31.0,122.5,31.0,122.5
2024-04-11 08:00:00,3.79,5.32,31.0,122.5,31.0,122.5
2024-04-11 09:00:00,4.03,5.54,31.0,122.5,31.0,122.5
2024-04-11 10:00:00,3.91,5.0,31.0,122.5,31.0,122.5
2024-04-11 11:00:00,5.06,6.64,31.0,122.5,31.0,122.5
2024-04-11 12:00:00,5.65,8.1,31.0,122.5,31.0,122.5
2024-04-11 13:00:00,5.63,8.32,31.0,122.5,31.0,122.5
2024-04-11 14:00:00,5.17,7.85,31.0,122.5,31.0,122.5
2024-04-11 15:00:00,4.64,7.07,31.0,122.5,31.0,122.5
2024-04-11 16:00:00,4.69,6.93,31.0,122.5,31.0,122.5
2024-04-11 17:00:00,5.4,7.92,31.0,122.5,31.0,122.5
2024-04-11 18:00:00,5.38,7.93,31.0,122.5,31.0,122.5
2024-04-11 19:00:00,6.33,9.2,31.0,122.5,31.0,122.5
2024-04-11 20:00:00,6.88,10.04,31.0,122.5,31.0,122.5
2024-04-11 21:00:00,6.95,10.12,31.0,122.5,31.0,122.5
2024-04-11 22:00:00,6.3,9.22,31.0,122.5,31.0,122.5
2024-04-11 23:00:00,6.36,9.27,31.0,122.5,31.0,122.5
2024-04-12 00:00:00,6.47,9.49,31.0,122.5,31.0,122.5
2024-04-12 01:00:00,6.86,9.9,31.0,122.5,31.0,122.5
2024-04-12 02:00:00,6.96,10.07,31.0,122.5,31.0,122.5
2024-04-12 03:00:00,6.8,9.68,31.0,122.5,31.0,122.5
2024-04-12 04:00:00,6.36,9.18,31.0,122.5,31.0,122.5
2024-04-12 05:00:00,5.94,8.63,31.0,122.5,31.0,122.5
2024-04-12 06:00:00,5.32,7.78,31.0,122.5,31.0,122.5
2024-04-12 07:00:00,4.77,6.98,31.0,122.5,31.0,122.5
2024-04-12 08:00:00,4.46,6.44,31.0,122.5,31.0,122.5
2024-04-12 09:00:00,4.44,6.29,31.0,122.5,31.0,122.5
2024-04-12 10:00:00,4.32,5.85,31.0,122.5,31.0,122.5
2024-04-12 11:00:00,4.83,6.61,31.0,122.5,31.0,122.5
2024-04-12 12:00:00,5.04,7.0,31.0,122.5,31.0,122.5
2024-04-12 13:00:00,4.9,6.92,31.0,122.5,31.0,122.5
2024-04-12 14:00:00,4.8,6.83,31.0,122.5,31.0,122.5
2024-04-12 15:00:00,4.6,6.54,31.0,122.5,31.0,122.5
2024-04-12 16:00:00,4.4,6.25,31.0,122.5,31.0,122.5
2024-04-12 17:00:00,4.01,5.69,31.0,122.5,31.0,122.5
2024-04-12 18:00:00,3.32,4.85,31.0,122.5,31.0,122.5
2024-04-12 19:00:00,3.0,4.2,31.0,122.5,31.0,122.5
2024-04-12 20:00:00,3.13,4.0,31.0,122.5,31.0,122.5
2024-04-12 21:00:00,3.8,4.84,31.0,122.5,31.0,122.5
2024-04-12 22:00:00,4.36,5.77,31.0,122.5,31.0,122.5
2024-04-12 23:00:00,5.19,7.06,31.0,122.5,31.0,122.5
2024-04-13 00:00:00,5.41,7.5,31.0,122.5,31.0,122.5
2024-04-13 01:00:00,5.2,7.27,31.0,122.5,31.0,122.5
2024-04-13 02:00:00,5.2,7.36,31.0,122.5,31.0,122.5
2024-04-13 03:00:00,5.76,8.22,31.0,122.5,31.0,122.5
2024-04-13 04:00:00,5.73,8.3,31.0,122.5,31.0,122.5
2024-04-13 05:00:00,5.7,8.21,31.0,122.5,31.0,122.5
2024-04-13 06:00:00,5.31,7.88,31.0,122.5,31.0,122.5
2024-04-13 07:00:00,5.7,8.25,31.0,122.5,31.0,122.5
2024-04-13 08:00:00,5.51,8.1,31.0,122.5,31.0,122.5
2024-04-13 09:00:00,5.67,8.22,31.0,122.5,31.0,122.5
2024-04-13 10:00:00,4.73,6.87,31.0,122.5,31.0,122.5
2024-04-13 11:00:00,6.1,8.59,31.0,122.5,31.0,122.5
2024-04-13 12:00:00,7.13,10.09,31.0,122.5,31.0,122.5
2024-04-13 13:00:00,6.84,9.74,31.0,122.5,31.0,122.5
2024-04-13 14:00:00,6.8,9.79,31.0,122.5,31.0,122.5
2024-04-13 15:00:00,6.14,9.03,31.0,122.5,31.0,122.5
2024-04-13 16:00:00,5.85,8.61,31.0,122.5,31.0,122.5
2024-04-13 17:00:00,6.26,8.9,31.0,122.5,31.0,122.5
2024-04-13 18:00:00,6.67,9.49,31.0,122.5,31.0,122.5
2024-04-13 19:00:00,6.96,9.95,31.0,122.5,31.0,122.5
2024-04-13 20:00:00,7.84,11.16,31.0,122.5,31.0,122.5
2024-04-13 21:00:00,7.52,10.93,31.0,122.5,31.0,122.5
2024-04-13 22:00:00,6.66,9.76,31.0,122.5,31.0,122.5
2024-04-13 23:00:00,6.73,9.83,31.0,122.5,31.0,122.5
2024-04-14 00:00:00,6.15,9.22,31.0,122.5,31.0,122.5
2024-04-14 01:00:00,7.12,10.26,31.0,122.5,31.0,122.5
2024-04-14 02:00:00,7.36,10.89,31.0,122.5,31.0,122.5
2024-04-14 03:00:00,7.18,10.78,31.0,122.5,31.0,122.5
2024-04-14 04:00:00,6.91,10.43,31.0,122.5,31.0,122.5
2024-04-14 05:00:00,6.22,9.48,31.0,122.5,31.0,122.5
2024-04-14 06:00:00,5.44,8.38,31.0,122.5,31.0,122.5
2024-04-14 07:00:00,5.28,7.98,31.0,122.5,31.0,122.5
2024-04-14 08:00:00,5.31,7.74,31.0,122.5,31.0,122.5
2024-04-14 09:00:00,4.9,7.22,31.0,122.5,31.0,122.5
2024-04-14 10:00:00,4.74,6.77,31.0,122.5,31.0,122.5
2024-04-14 11:00:00,5.05,7.03,31.0,122.5,31.0,122.5
2024-04-14 12:00:00,4.96,6.2,31.0,122.5,31.0,122.5
2024-04-14 13:00:00,5.15,6.51,31.0,122.5,31.0,122.5
2024-04-14 14:00:00,5.18,7.1,31.0,122.5,31.0,122.5
2024-04-14 15:00:00,4.63,6.86,31.0,122.5,31.0,122.5
2024-04-14 16:00:00,4.57,6.86,31.0,122.5,31.0,122.5
2024-04-14 17:00:00,4.69,6.91,31.0,122.5,31.0,122.5
2024-04-14 18:00:00,4.97,7.38,31.0,122.5,31.0,122.5
2024-04-14 19:00:00,5.54,8.41,31.0,122.5,31.0,122.5
2024-04-14 20:00:00,6.32,9.49,31.0,122.5,31.0,122.5
2024-04-14 21:00:00,6.8,10.03,31.0,122.5,31.0,122.5
2024-04-14 22:00:00,6.0,9.01,31.0,122.5,31.0,122.5
2024-04-14 23:00:00,6.09,9.09,31.0,122.5,31.0,122.5
2024-04-15 00:00:00,6.08,8.9,31.0,122.5,31.0,122.5
2024-04-15 01:00:00,5.74,8.3,31.0,122.5,31.0,122.5
2024-04-15 02:00:00,5.26,7.33,31.0,122.5,31.0,122.5
2024-04-15 03:00:00,4.85,6.24,31.0,122.5,31.0,122.5
2024-04-15 04:00:00,4.94,5.92,31.0,122.5,31.0,122.5
2024-04-15 05:00:00,4.78,5.63,31.0,122.5,31.0,122.5
2024-04-15 06:00:00,4.77,5.47,31.0,122.5,31.0,122.5
2024-04-15 07:00:00,4.17,4.67,31.0,122.5,31.0,122.5
2024-04-15 08:00:00,3.8,4.16,31.0,122.5,31.0,122.5
2024-04-15 09:00:00,3.67,4.07,31.0,122.5,31.0,122.5
2024-04-15 10:00:00,3.38,3.83,31.0,122.5,31.0,122.5
2024-04-15 11:00:00,4.1,4.63,31.0,122.5,31.0,122.5
2024-04-15 12:00:00,4.37,5.29,31.0,122.5,31.0,122.5
2024-04-15 13:00:00,3.86,4.97,31.0,122.5,31.0,122.5
2024-04-15 14:00:00,3.72,5.0,31.0,122.5,31.0,122.5
2024-04-15 15:00:00,4.96,6.69,31.0,122.5,31.0,122.5
2024-04-15 16:00:00,5.33,7.37,31.0,122.5,31.0,122.5
2024-04-15 17:00:00,5.07,6.9,31.0,122.5,31.0,122.5
2024-04-15 18:00:00,5.1,6.93,31.0,122.5,31.0,122.5
2024-04-15 19:00:00,4.91,6.71,31.0,122.5,31.0,122.5
2024-04-15 20:00:00,4.53,6.16,31.0,122.5,31.0,122.5
2024-04-15 21:00:00,4.18,5.22,31.0,122.5,31.0,122.5
2024-04-15 22:00:00,4.5,5.19,31.0,122.5,31.0,122.5
2024-04-15 23:00:00,5.45,6.58,31.0,122.5,31.0,122.5
2024-04-16 00:00:00,5.72,7.33,31.0,122.5,31.0,122.5
2024-04-16 01:00:00,6.04,7.82,31.0,122.5,31.0,122.5
2024-04-16 02:00:00,6.86,9.06,31.0,122.5,31.0,122.5
2024-04-16 03:00:00,5.98,8.22,31.0,122.5,31.0,122.5
2024-04-16 04:00:00,5.2,7.34,31.0,122.5,31.0,122.5
2024-04-16 05:00:00,3.5,5.28,31.0,122.5,31.0,122.5
2024-04-16 06:00:00,2.55,3.68,31.0,122.5,31.0,122.5
2024-04-16 07:00:00,2.31,2.92,31.0,122.5,31.0,122.5
2024-04-16 08:00:00,3.55,3.92,31.0,122.5,31.0,122.5
2024-04-16 09:00:00,4.03,4.71,31.0,122.5,31.0,122.5
2024-04-16 10:00:00,5.0,6.48,31.0,122.5,31.0,122.5
2024-04-16 11:00:00,5.36,7.12,31.0,122.5,31.0,122.5
2024-04-16 12:00:00,5.02,6.96,31.0,122.5,31.0,122.5
2024-04-16 13:00:00,5.1,7.2,31.0,122.5,31.0,122.5
2024-04-16 14:00:00,5.12,7.23,31.0,122.5,31.0,122.5
2024-04-16 15:00:00,4.9,6.95,31.0,122.5,31.0,122.5
2024-04-16 16:00:00,5.57,7.52,31.0,122.5,31.0,122.5
2024-04-16 17:00:00,5.28,7.24,31.0,122.5,31.0,122.5
2024-04-16 18:00:00,5.61,7.5,31.0,122.5,31.0,122.5
2024-04-16 19:00:00,5.8,7.71,31.0,122.5,31.0,122.5
2024-04-16 20:00:00,5.71,7.44,31.0,122.5,31.0,122.5
2024-04-16 21:00:00,6.01,7.45,31.0,122.5,31.0,122.5
2024-04-16 22:00:00,6.81,8.0,31.0,122.5,31.0,122.5
2024-04-16 23:00:00,7.4,8.57,31.0,122.5,31.0,122.5
2024-04-17 00:00:00,7.49,8.7,31.0,122.5,31.0,122.5
2024-04-17 01:00:00,7.31,8.54,31.0,122.5,31.0,122.5
2024-04-17 02:00:00,7.02,8.26,31.0,122.5,31.0,122.5
2024-04-17 03:00:00,7.18,8.41,31.0,122.5,31.0,122.5
2024-04-17 04:00:00,7.47,8.79,31.0,122.5,31.0,122.5
2024-04-17 05:00:00,7.43,8.69,31.0,122.5,31.0,122.5
2024-04-17 06:00:00,7.72,9.0,31.0,122.5,31.0,122.5
2024-04-17 07:00:00,7.8,9.21,31.0,122.5,31.0,122.5
2024-04-17 08:00:00,7.5,8.96,31.0,122.5,31.0,122.5
2024-04-17 09:00:00,7.28,8.7,31.0,122.5,31.0,122.5
2024-04-17 10:00:00,7.36,8.34,31.0,122.5,31.0,122.5
2024-04-17 11:00:00,7.47,8.46,31.0,122.5,31.0,122.5
2024-04-17 12:00:00,6.48,7.24,31.0,122.5,31.0,122.5
2024-04-17 13:00:00,6.11,6.77,31.0,122.5,31.0,122.5
2024-04-17 14:00:00,7.1,8.01,31.0,122.5,31.0,122.5
2024-04-17 15:00:00,5.81,6.52,31.0,122.5,31.0,122.5
2024-04-17 16:00:00,5.12,5.62,31.0,122.5,31.0,122.5
2024-04-17 17:00:00,5.76,6.25,31.0,122.5,31.0,122.5
2024-04-17 18:00:00,6.72,7.42,31.0,122.5,31.0,122.5
2024-04-17 19:00:00,7.16,7.98,31.0,122.5,31.0,122.5
2024-04-17 20:00:00,7.69,8.71,31.0,122.5,31.0,122.5
2024-04-17 21:00:00,6.87,7.79,31.0,122.5,31.0,122.5
2024-04-17 22:00:00,5.75,6.45,31.0,122.5,31.0,122.5
2024-04-17 23:00:00,6.04,6.87,31.0,122.5,31.0,122.5
2024-04-18 00:00:00,5.94,6.75,31.0,122.5,31.0,122.5
2024-04-18 01:00:00,5.65,6.36,31.0,122.5,31.0,122.5
2024-04-18 02:00:00,6.1,6.91,31.0,122.5,31.0,122.5
2024-04-18 03:00:00,6.08,6.97,31.0,122.5,31.0,122.5
2024-04-18 04:00:00,5.59,6.3,31.0,122.5,31.0,122.5
2024-04-18 05:00:00,5.07,5.77,31.0,122.5,31.0,122.5
2024-04-18 06:00:00,5.06,5.77,31.0,122.5,31.0,122.5
2024-04-18 07:00:00,4.8,5.6,31.0,122.5,31.0,122.5
2024-04-18 08:00:00,4.84,5.98,31.0,122.5,31.0,122.5
2024-04-18 09:00:00,4.44,5.69,31.0,122.5,31.0,122.5
2024-04-18 10:00:00,2.55,3.4,31.0,122.5,31.0,122.5
2024-04-18 11:00:00,2.64,3.13,31.0,122.5,31.0,122.5
2024-04-18 12:00:00,2.84,3.49,31.0,122.5,31.0,122.5
2024-04-18 13:00:00,2.96,3.42,31.0,122.5,31.0,122.5
2024-04-18 14:00:00,3.11,3.54,31.0,122.5,31.0,122.5
2024-04-18 15:00:00,3.74,4.21,31.0,122.5,31.0,122.5
2024-04-18 16:00:00,3.69,4.22,31.0,122.5,31.0,122.5
2024-04-18 17:00:00,3.23,3.77,31.0,122.5,31.0,122.5
2024-04-18 18:00:00,3.16,3.67,31.0,122.5,31.0,122.5
2024-04-18 19:00:00,3.45,3.85,31.0,122.5,31.0,122.5
2024-04-18 20:00:00,3.64,4.05,31.0,122.5,31.0,122.5
2024-04-18 21:00:00,4.25,4.72,31.0,122.5,31.0,122.5
2024-04-18 22:00:00,6.23,6.97,31.0,122.5,31.0,122.5
2024-04-18 23:00:00,7.26,8.68,31.0,122.5,31.0,122.5
2024-04-19 00:00:00,7.12,8.6,31.0,122.5,31.0,122.5
2024-04-19 01:00:00,7.08,8.8,31.0,122.5,31.0,122.5
2024-04-19 02:00:00,7.57,9.69,31.0,122.5,31.0,122.5
2024-04-19 03:00:00,7.74,10.29,31.0,122.5,31.0,122.5
2024-04-19 04:00:00,8.13,10.7,31.0,122.5,31.0,122.5
2024-04-19 05:00:00,8.46,11.09,31.0,122.5,31.0,122.5
2024-04-19 06:00:00,8.9,11.9,31.0,122.5,31.0,122.5
2024-04-19 07:00:00,9.04,12.24,31.0,122.5,31.0,122.5
2024-04-19 08:00:00,8.05,10.85,31.0,122.5,31.0,122.5
2024-04-19 09:00:00,8.58,11.64,31.0,122.5,31.0,122.5
2024-04-19 10:00:00,9.74,12.83,31.0,122.5,31.0,122.5
2024-04-19 11:00:00,10.27,14.23,31.0,122.5,31.0,122.5
2024-04-19 12:00:00,10.25,14.63,31.0,122.5,31.0,122.5
2024-04-19 13:00:00,10.99,15.28,31.0,122.5,31.0,122.5
2024-04-19 14:00:00,11.14,15.23,31.0,122.5,31.0,122.5
2024-04-19 15:00:00,11.34,15.6,31.0,122.5,31.0,122.5
2024-04-19 16:00:00,11.78,16.45,31.0,122.5,31.0,122.5
2024-04-19 17:00:00,12.0,16.9,31.0,122.5,31.0,122.5
2024-04-19 18:00:00,11.9,17.03,31.0,122.5,31.0,122.5
2024-04-19 19:00:00,11.15,16.24,31.0,122.5,31.0,122.5
2024-04-19 20:00:00,10.34,15.04,31.0,122.5,31.0,122.5
2024-04-19 21:00:00,9.31,13.56,31.0,122.5,31.0,122.5
2024-04-19 22:00:00,7.22,10.68,31.0,122.5,31.0,122.5
2024-04-19 23:00:00,6.74,9.56,31.0,122.5,31.0,122.5
2024-04-20 00:00:00,5.9,8.37,31.0,122.5,31.0,122.5
2024-04-20 01:00:00,5.52,7.75,31.0,122.5,31.0,122.5
2024-04-20 02:00:00,4.85,6.81,31.0,122.5,31.0,122.5
2024-04-20 03:00:00,3.98,5.8,31.0,122.5,31.0,122.5
2024-04-20 04:00:00,3.73,5.71,31.0,122.5,31.0,122.5
2024-04-20 05:00:00,3.7,5.74,31.0,122.5,31.0,122.5
2024-04-20 06:00:00,3.4,5.32,31.0,122.5,31.0,122.5
2024-04-20 07:00:00,3.67,5.59,31.0,122.5,31.0,122.5
2024-04-20 08:00:00,4.2,6.25,31.0,122.5,31.0,122.5
2024-04-20 09:00:00,5.53,7.68,31.0,122.5,31.0,122.5
2024-04-20 10:00:00,6.12,8.33,31.0,122.5,31.0,122.5
2024-04-20 11:00:00,5.82,7.89,31.0,122.5,31.0,122.5
2024-04-20 12:00:00,5.46,7.49,31.0,122.5,31.0,122.5
2024-04-20 13:00:00,4.57,6.23,31.0,122.5,31.0,122.5
2024-04-20 14:00:00,3.45,4.81,31.0,122.5,31.0,122.5
2024-04-20 15:00:00,3.72,4.91,31.0,122.5,31.0,122.5
2024-04-20 16:00:00,4.4,5.7,31.0,122.5,31.0,122.5
2024-04-20 17:00:00,4.79,5.81,31.0,122.5,31.0,122.5
2024-04-20 18:00:00,4.12,4.88,31.0,122.5,31.0,122.5
2024-04-20 19:00:00,4.33,5.06,31.0,122.5,31.0,122.5
2024-04-20 20:00:00,4.68,5.31,31.0,122.5,31.0,122.5
2024-04-20 21:00:00,4.32,4.83,31.0,122.5,31.0,122.5
2024-04-20 22:00:00,4.62,5.15,31.0,122.5,31.0,122.5
2024-04-20 23:00:00,4.47,5.01,31.0,122.5,31.0,122.5
2024-04-21 00:00:00,4.88,5.46,31.0,122.5,31.0,122.5
2024-04-21 01:00:00,5.28,6.0,31.0,122.5,31.0,122.5
2024-04-21 02:00:00,5.46,6.24,31.0,122.5,31.0,122.5
2024-04-21 03:00:00,5.39,6.24,31.0,122.5,31.0,122.5
2024-04-21 04:00:00,5.5,6.49,31.0,122.5,31.0,122.5
2024-04-21 05:00:00,5.77,6.94,31.0,122.5,31.0,122.5
2024-04-21 06:00:00,5.6,6.96,31.0,122.5,31.0,122.5
2024-04-21 07:00:00,5.41,6.53,31.0,122.5,31.0,122.5
2024-04-21 08:00:00,5.05,6.07,31.0,122.5,31.0,122.5
2024-04-21 09:00:00,4.77,5.67,31.0,122.5,31.0,122.5
2024-04-21 10:00:00,4.74,5.35,31.0,122.5,31.0,122.5
2024-04-21 11:00:00,4.3,4.8,31.0,122.5,31.0,122.5
2024-04-21 12:00:00,3.71,4.1,31.0,122.5,31.0,122.5
2024-04-21 13:00:00,2.5,2.7,31.0,122.5,31.0,122.5
2024-04-21 14:00:00,2.82,3.01,31.0,122.5,31.0,122.5
2024-04-21 15:00:00,3.14,3.44,31.0,122.5,31.0,122.5
2024-04-21 16:00:00,2.83,3.09,31.0,122.5,31.0,122.5
2024-04-21 17:00:00,2.92,3.22,31.0,122.5,31.0,122.5
2024-04-21 18:00:00,2.86,3.08,31.0,122.5,31.0,122.5
2024-04-21 19:00:00,3.33,3.61,31.0,122.5,31.0,122.5
2024-04-21 20:00:00,3.28,3.56,31.0,122.5,31.0,122.5
2024-04-21 21:00:00,3.2,3.42,31.0,122.5,31.0,122.5
2024-04-21 22:00:00,2.94,3.14,31.0,122.5,31.0,122.5
2024-04-21 23:00:00,2.33,2.53,31.0,122.5,31.0,122.5
2024-04-22 00:00:00,2.28,2.38,31.0,122.5,31.0,122.5
2024-04-22 01:00:00,2.38,2.6,31.0,122.5,31.0,122.5
2024-04-22 02:00:00,2.0,2.11,31.0,122.5,31.0,122.5
2024-04-22 03:00:00,1.62,1.71,31.0,122.5,31.0,122.5
2024-04-22 04:00:00,1.28,1.35,31.0,122.5,31.0,122.5
2024-04-22 05:00:00,2.25,2.34,31.0,122.5,31.0,122.5
2024-04-22 06:00:00,2.87,3.09,31.0,122.5,31.0,122.5
2024-04-22 07:00:00,2.98,3.34,31.0,122.5,31.0,122.5
2024-04-22 08:00:00,3.06,3.48,31.0,122.5,31.0,122.5
2024-04-22 09:00:00,2.8,3.58,31.0,122.5,31.0,122.5
2024-04-22 10:00:00,2.85,3.51,31.0,122.5,31.0,122.5
2024-04-22 11:00:00,2.63,3.24,31.0,122.5,31.0,122.5
2024-04-22 12:00:00,2.63,3.24,31.0,122.5,31.0,122.5
2024-04-22 13:00:00,3.21,3.81,31.0,122.5,31.0,122.5
2024-04-22 14:00:00,3.73,4.34,31.0,122.5,31.0,122.5
2024-04-22 15:00:00,3.6,4.1,31.0,122.5,31.0,122.5
2024-04-22 16:00:00,3.54,3.93,31.0,122.5,31.0,122.5
2024-04-22 17:00:00,3.41,3.81,31.0,122.5,31.0,122.5
2024-04-22 18:00:00,3.21,3.51,31.0,122.5,31.0,122.5
2024-04-22 19:00:00,3.41,3.61,31.0,122.5,31.0,122.5
2024-04-22 20:00:00,3.5,3.9,31.0,122.5,31.0,122.5
2024-04-22 21:00:00,3.81,4.3,31.0,122.5,31.0,122.5
2024-04-22 22:00:00,3.0,3.3,31.0,122.5,31.0,122.5
2024-04-22 23:00:00,3.26,3.63,31.0,122.5,31.0,122.5
2024-04-23 00:00:00,2.85,3.2,31.0,122.5,31.0,122.5
2024-04-23 01:00:00,2.69,2.9,31.0,122.5,31.0,122.5
2024-04-23 02:00:00,2.73,3.04,31.0,122.5,31.0,122.5
2024-04-23 03:00:00,2.35,2.6,31.0,122.5,31.0,122.5
2024-04-23 04:00:00,2.15,2.51,31.0,122.5,31.0,122.5
2024-04-23 05:00:00,1.81,2.01,31.0,122.5,31.0,122.5
2024-04-23 06:00:00,2.2,2.5,31.0,122.5,31.0,122.5
2024-04-23 07:00:00,2.28,2.67,31.0,122.5,31.0,122.5
2024-04-23 08:00:00,1.41,1.71,31.0,122.5,31.0,122.5
2024-04-23 09:00:00,2.83,3.28,31.0,122.5,31.0,122.5
2024-04-23 10:00:00,2.83,3.77,31.0,122.5,31.0,122.5
2024-04-23 11:00:00,1.12,2.3,31.0,122.5,31.0,122.5
2024-04-23 12:00:00,0.92,0.5,31.0,122.5,31.0,122.5
2024-04-23 13:00:00,1.5,0.71,31.0,122.5,31.0,122.5
2024-04-23 14:00:00,1.58,2.0,31.0,122.5,31.0,122.5
2024-04-23 15:00:00,1.8,2.88,31.0,122.5,31.0,122.5
2024-04-23 16:00:00,2.3,3.61,31.0,122.5,31.0,122.5
2024-04-23 17:00:00,3.1,4.63,31.0,122.5,31.0,122.5
2024-04-23 18:00:00,4.28,6.29,31.0,122.5,31.0,122.5
2024-04-23 19:00:00,5.85,8.2,31.0,122.5,31.0,122.5
2024-04-23 20:00:00,6.95,9.21,31.0,122.5,31.0,122.5
2024-04-23 21:00:00,6.87,8.83,31.0,122.5,31.0,122.5
2024-04-23 22:00:00,5.71,7.4,31.0,122.5,31.0,122.5
2024-04-23 23:00:00,4.2,5.6,31.0,122.5,31.0,122.5
2024-04-24 00:00:00,2.83,3.71,31.0,122.5,31.0,122.5
2024-04-24 01:00:00,2.19,2.72,31.0,122.5,31.0,122.5
2024-04-24 02:00:00,2.28,2.78,31.0,122.5,31.0,122.5
2024-04-24 03:00:00,2.09,2.59,31.0,122.5,31.0,122.5
2024-04-24 04:00:00,2.35,2.7,31.0,122.5,31.0,122.5
2024-04-24 05:00:00,2.95,3.28,31.0,122.5,31.0,122.5
2024-04-24 06:00:00,3.14,3.7,31.0,122.5,31.0,122.5
2024-04-24 07:00:00,3.4,3.81,31.0,122.5,31.0,122.5
2024-04-24 08:00:00,3.56,3.97,31.0,122.5,31.0,122.5
2024-04-24 09:00:00,3.36,3.83,31.0,122.5,31.0,122.5
2024-04-24 10:00:00,3.67,4.39,31.0,122.5,31.0,122.5
2024-04-24 11:00:00,4.34,5.55,31.0,122.5,31.0,122.5
2024-04-24 12:00:00,4.93,6.73,31.0,122.5,31.0,122.5
2024-04-24 13:00:00,5.22,7.53,31.0,122.5,31.0,122.5
2024-04-24 14:00:00,5.51,8.08,31.0,122.5,31.0,122.5
2024-04-24 15:00:00,5.57,8.2,31.0,122.5,31.0,122.5
2024-04-24 16:00:00,4.64,6.82,31.0,122.5,31.0,122.5
2024-04-24 17:00:00,4.81,6.99,31.0,122.5,31.0,122.5
2024-04-24 18:00:00,4.56,6.72,31.0,122.5,31.0,122.5
2024-04-24 19:00:00,4.52,6.61,31.0,122.5,31.0,122.5
2024-04-24 20:00:00,5.19,7.62,31.0,122.5,31.0,122.5
2024-04-24 21:00:00,4.56,6.8,31.0,122.5,31.0,122.5
2024-04-24 22:00:00,4.03,6.24,31.0,122.5,31.0,122.5
2024-04-24 23:00:00,4.47,6.72,31.0,122.5,31.0,122.5
2024-04-25 00:00:00,4.49,6.65,31.0,122.5,31.0,122.5
2024-04-25 01:00:00,4.72,7.05,31.0,122.5,31.0,122.5
2024-04-25 02:00:00,4.51,6.84,31.0,122.5,31.0,122.5
2024-04-25 03:00:00,4.18,6.32,31.0,122.5,31.0,122.5
2024-04-25 04:00:00,4.9,7.06,31.0,122.5,31.0,122.5
2024-04-25 05:00:00,5.19,7.53,31.0,122.5,31.0,122.5
2024-04-25 06:00:00,5.92,8.37,31.0,122.5,31.0,122.5
2024-04-25 07:00:00,6.45,8.94,31.0,122.5,31.0,122.5
2024-04-25 08:00:00,6.51,8.83,31.0,122.5,31.0,122.5
2024-04-25 09:00:00,5.24,7.53,31.0,122.5,31.0,122.5
2024-04-25 10:00:00,4.94,6.84,31.0,122.5,31.0,122.5
2024-04-25 11:00:00,5.78,7.92,31.0,122.5,31.0,122.5
2024-04-25 12:00:00,5.6,7.79,31.0,122.5,31.0,122.5
2024-04-25 13:00:00,6.01,8.2,31.0,122.5,31.0,122.5
2024-04-25 14:00:00,6.24,8.64,31.0,122.5,31.0,122.5
2024-04-25 15:00:00,6.0,8.23,31.0,122.5,31.0,122.5
2024-04-25 16:00:00,7.02,8.54,31.0,122.5,31.0,122.5
2024-04-25 17:00:00,5.99,6.62,31.0,122.5,31.0,122.5
2024-04-25 18:00:00,5.59,6.09,31.0,122.5,31.0,122.5
2024-04-25 19:00:00,6.24,6.83,31.0,122.5,31.0,122.5
2024-04-25 20:00:00,7.16,7.92,31.0,122.5,31.0,122.5
2024-04-25 21:00:00,7.78,8.77,31.0,122.5,31.0,122.5
2024-04-25 22:00:00,7.52,8.55,31.0,122.5,31.0,122.5
2024-04-25 23:00:00,8.79,10.06,31.0,122.5,31.0,122.5
2024-04-26 00:00:00,9.12,10.73,31.0,122.5,31.0,122.5
2024-04-26 01:00:00,9.0,10.58,31.0,122.5,31.0,122.5
2024-04-26 02:00:00,8.26,9.55,31.0,122.5,31.0,122.5
2024-04-26 03:00:00,7.85,8.97,31.0,122.5,31.0,122.5
2024-04-26 04:00:00,7.21,8.33,31.0,122.5,31.0,122.5
2024-04-26 05:00:00,6.71,7.87,31.0,122.5,31.0,122.5
2024-04-26 06:00:00,6.5,7.78,31.0,122.5,31.0,122.5
2024-04-26 07:00:00,5.91,7.24,31.0,122.5,31.0,122.5
2024-04-26 08:00:00,5.44,6.74,31.0,122.5,31.0,122.5
2024-04-26 09:00:00,4.9,6.15,31.0,122.5,31.0,122.5
2024-04-26 10:00:00,4.7,5.32,31.0,122.5,31.0,122.5
2024-04-26 11:00:00,5.51,6.3,31.0,122.5,31.0,122.5
2024-04-26 12:00:00,6.1,7.01,31.0,122.5,31.0,122.5
2024-04-26 13:00:00,6.71,7.92,31.0,122.5,31.0,122.5
2024-04-26 14:00:00,6.53,7.75,31.0,122.5,31.0,122.5
2024-04-26 15:00:00,5.64,6.79,31.0,122.5,31.0,122.5
2024-04-26 16:00:00,4.9,5.92,31.0,122.5,31.0,122.5
2024-04-26 17:00:00,4.6,5.6,31.0,122.5,31.0,122.5
2024-04-26 18:00:00,4.51,5.5,31.0,122.5,31.0,122.5
2024-04-26 19:00:00,4.21,5.3,31.0,122.5,31.0,122.5
2024-04-26 20:00:00,4.03,5.11,31.0,122.5,31.0,122.5
2024-04-26 21:00:00,4.15,5.2,31.0,122.5,31.0,122.5
2024-04-26 22:00:00,4.4,5.35,31.0,122.5,31.0,122.5
2024-04-26 23:00:00,4.75,5.82,31.0,122.5,31.0,122.5
2024-04-27 00:00:00,4.89,5.95,31.0,122.5,31.0,122.5
2024-04-27 01:00:00,5.02,6.24,31.0,122.5,31.0,122.5
2024-04-27 02:00:00,4.47,5.69,31.0,122.5,31.0,122.5
2024-04-27 03:00:00,4.49,5.85,31.0,122.5,31.0,122.5
2024-04-27 04:00:00,4.39,5.87,31.0,122.5,31.0,122.5
2024-04-27 05:00:00,3.8,5.3,31.0,122.5,31.0,122.5
2024-04-27 06:00:00,3.21,4.6,31.0,122.5,31.0,122.5
2024-04-27 07:00:00,3.52,4.77,31.0,122.5,31.0,122.5
2024-04-27 08:00:00,3.83,5.14,31.0,122.5,31.0,122.5
2024-04-27 09:00:00,4.16,5.63,31.0,122.5,31.0,122.5
2024-04-27 10:00:00,4.56,6.04,31.0,122.5,31.0,122.5
2024-04-27 11:00:00,5.22,6.84,31.0,122.5,31.0,122.5
2024-04-27 12:00:00,5.99,8.06,31.0,122.5,31.0,122.5
2024-04-27 13:00:00,6.85,9.14,31.0,122.5,31.0,122.5
2024-04-27 14:00:00,6.13,8.57,31.0,122.5,31.0,122.5
2024-04-27 15:00:00,5.58,7.91,31.0,122.5,31.0,122.5
2024-04-27 16:00:00,5.69,7.91,31.0,122.5,31.0,122.5
2024-04-27 17:00:00,6.02,8.42,31.0,122.5,31.0,122.5
2024-04-27 18:00:00,6.04,8.59,31.0,122.5,31.0,122.5
2024-04-27 19:00:00,6.22,9.02,31.0,122.5,31.0,122.5
2024-04-27 20:00:00,5.95,8.51,31.0,122.5,31.0,122.5
2024-04-27 21:00:00,6.09,8.57,31.0,122.5,31.0,122.5
2024-04-27 22:00:00,6.66,9.28,31.0,122.5,31.0,122.5
2024-04-27 23:00:00,7.63,10.76,31.0,122.5,31.0,122.5
2024-04-28 00:00:00,7.88,10.94,31.0,122.5,31.0,122.5
2024-04-28 01:00:00,7.18,10.24,31.0,122.5,31.0,122.5
2024-04-28 02:00:00,7.13,10.16,31.0,122.5,31.0,122.5
2024-04-28 03:00:00,7.02,10.06,31.0,122.5,31.0,122.5
2024-04-28 04:00:00,7.05,9.95,31.0,122.5,31.0,122.5
2024-04-28 05:00:00,7.18,10.21,31.0,122.5,31.0,122.5
2024-04-28 06:00:00,7.51,10.56,31.0,122.5,31.0,122.5
2024-04-28 07:00:00,7.48,10.55,31.0,122.5,31.0,122.5
2024-04-28 08:00:00,7.18,10.24,31.0,122.5,31.0,122.5
2024-04-28 09:00:00,7.1,10.3,31.0,122.5,31.0,122.5
2024-04-28 10:00:00,5.64,8.48,31.0,122.5,31.0,122.5
2024-04-28 11:00:00,5.78,8.42,31.0,122.5,31.0,122.5
2024-04-28 12:00:00,5.72,8.4,31.0,122.5,31.0,122.5
2024-04-28 13:00:00,6.26,9.11,31.0,122.5,31.0,122.5
2024-04-28 14:00:00,5.35,8.18,31.0,122.5,31.0,122.5
2024-04-28 15:00:00,4.24,6.57,31.0,122.5,31.0,122.5
2024-04-28 16:00:00,3.56,5.45,31.0,122.5,31.0,122.5
2024-04-28 17:00:00,3.23,5.12,31.0,122.5,31.0,122.5
2024-04-28 18:00:00,3.67,5.95,31.0,122.5,31.0,122.5
2024-04-28 19:00:00,4.38,6.88,31.0,122.5,31.0,122.5
2024-04-28 20:00:00,5.16,7.82,31.0,122.5,31.0,122.5
2024-04-28 21:00:00,5.66,8.27,31.0,122.5,31.0,122.5
2024-04-28 22:00:00,5.88,8.34,31.0,122.5,31.0,122.5
2024-04-28 23:00:00,6.22,8.39,31.0,122.5,31.0,122.5
2024-04-29 00:00:00,6.5,8.53,31.0,122.5,31.0,122.5
2024-04-29 01:00:00,6.58,8.46,31.0,122.5,31.0,122.5
2024-04-29 02:00:00,6.95,8.93,31.0,122.5,31.0,122.5
2024-04-29 03:00:00,7.43,9.63,31.0,122.5,31.0,122.5
2024-04-29 04:00:00,7.63,10.1,31.0,122.5,31.0,122.5
2024-04-29 05:00:00,7.49,9.9,31.0,122.5,31.0,122.5
2024-04-29 06:00:00,7.61,10.02,31.0,122.5,31.0,122.5
2024-04-29 07:00:00,7.97,10.6,31.0,122.5,31.0,122.5
2024-04-29 08:00:00,8.51,11.35,31.0,122.5,31.0,122.5
2024-04-29 09:00:00,8.59,11.38,31.0,122.5,31.0,122.5
2024-04-29 10:00:00,7.47,9.82,31.0,122.5,31.0,122.5
2024-04-29 11:00:00,6.81,8.81,31.0,122.5,31.0,122.5
2024-04-29 12:00:00,5.91,7.62,31.0,122.5,31.0,122.5
2024-04-29 13:00:00,5.02,6.35,31.0,122.5,31.0,122.5
2024-04-29 14:00:00,5.03,6.23,31.0,122.5,31.0,122.5
2024-04-29 15:00:00,4.46,5.53,31.0,122.5,31.0,122.5
2024-04-29 16:00:00,3.51,4.3,31.0,122.5,31.0,122.5
2024-04-29 17:00:00,4.18,5.02,31.0,122.5,31.0,122.5
2024-04-29 18:00:00,3.76,4.65,31.0,122.5,31.0,122.5
2024-04-29 19:00:00,3.54,4.06,31.0,122.5,31.0,122.5
2024-04-29 20:00:00,4.53,5.2,31.0,122.5,31.0,122.5
2024-04-29 21:00:00,5.49,6.27,31.0,122.5,31.0,122.5
2024-04-29 22:00:00,5.8,6.66,31.0,122.5,31.0,122.5
2024-04-29 23:00:00,6.16,6.94,31.0,122.5,31.0,122.5
2024-04-30 00:00:00,7.01,8.0,31.0,122.5,31.0,122.5
2024-04-30 01:00:00,5.66,6.37,31.0,122.5,31.0,122.5
2024-04-30 02:00:00,5.53,6.17,31.0,122.5,31.0,122.5
2024-04-30 03:00:00,5.74,6.44,31.0,122.5,31.0,122.5
2024-04-30 04:00:00,6.48,7.18,31.0,122.5,31.0,122.5
2024-04-30 05:00:00,7.49,8.44,31.0,122.5,31.0,122.5
2024-04-30 06:00:00,7.57,8.65,31.0,122.5,31.0,122.5
2024-04-30 07:00:00,8.61,9.78,31.0,122.5,31.0,122.5
2024-04-30 08:00:00,9.76,11.29,31.0,122.5,31.0,122.5
2024-04-30 09:00:00,7.75,8.92,31.0,122.5,31.0,122.5
2024-04-30 10:00:00,8.34,9.46,31.0,122.5,31.0,122.5
2024-04-30 11:00:00,8.59,9.75,31.0,122.5,31.0,122.5
2024-04-30 12:00:00,8.13,9.2,31.0,122.5,31.0,122.5
2024-04-30 13:00:00,8.22,9.14,31.0,122.5,31.0,122.5
2024-04-30 14:00:00,8.42,9.44,31.0,122.5,31.0,122.5
2024-04-30 15:00:00,7.8,8.71,31.0,122.5,31.0,122.5
2024-04-30 16:00:00,7.86,8.67,31.0,122.5,31.0,122.5
2024-04-30 17:00:00,8.8,9.8,31.0,122.5,31.0,122.5
2024-04-30 18:00:00,9.73,11.04,31.0,122.5,31.0,122.5
2024-04-30 19:00:00,9.42,10.83,31.0,122.5,31.0,122.5
2024-04-30 20:00:00,9.34,10.65,31.0,122.5,31.0,122.5
2024-04-30 21:00:00,9.2,10.51,31.0,122.5,31.0,122.5
2024-04-30 22:00:00,7.51,8.41,31.0,122.5,31.0,122.5
2024-04-30 23:00:00,6.87,7.58,31.0,122.5,31.0,122.5
2024-05-01 00:00:00,7.5,8.2,31.0,122.5,31.0,122.5
2024-05-01 01:00:00,8.03,9.05,31.0,122.5,31.0,122.5
2024-05-01 02:00:00,7.73,8.73,31.0,122.5,31.0,122.5
2024-05-01 03:00:00,7.69,8.7,31.0,122.5,31.0,122.5
2024-05-01 04:00:00,8.35,9.57,31.0,122.5,31.0,122.5
2024-05-01 05:00:00,7.92,9.14,31.0,122.5,31.0,122.5
2024-05-01 06:00:00,7.57,8.59,31.0,122.5,31.0,122.5
2024-05-01 07:00:00,7.47,8.52,31.0,122.5,31.0,122.5
2024-05-01 08:00:00,7.86,9.1,31.0,122.5,31.0,122.5
2024-05-01 09:00:00,8.3,9.62,31.0,122.5,31.0,122.5
2024-05-01 10:00:00,7.67,9.07,31.0,122.5,31.0,122.5
2024-05-01 11:00:00,6.71,8.11,31.0,122.5,31.0,122.5
2024-05-01 12:00:00,6.32,7.74,31.0,122.5,31.0,122.5
2024-05-01 13:00:00,6.43,7.67,31.0,122.5,31.0,122.5
2024-05-01 14:00:00,6.21,7.28,31.0,122.5,31.0,122.5
2024-05-01 15:00:00,5.41,6.17,31.0,122.5,31.0,122.5
2024-05-01 16:00:00,4.9,5.44,31.0,122.5,31.0,122.5
2024-05-01 17:00:00,5.12,5.66,31.0,122.5,31.0,122.5
2024-05-01 18:00:00,5.5,6.04,31.0,122.5,31.0,122.5
2024-05-01 19:00:00,5.61,6.24,31.0,122.5,31.0,122.5
2024-05-01 20:00:00,5.59,6.13,31.0,122.5,31.0,122.5
2024-05-01 21:00:00,5.66,6.16,31.0,122.5,31.0,122.5
2024-05-01 22:00:00,4.97,5.47,31.0,122.5,31.0,122.5
2024-05-01 23:00:00,5.13,5.63,31.0,122.5,31.0,122.5
2024-05-02 00:00:00,5.05,5.59,31.0,122.5,31.0,122.5
2024-05-02 01:00:00,4.65,5.06,31.0,122.5,31.0,122.5
2024-05-02 02:00:00,4.22,4.62,31.0,122.5,31.0,122.5
2024-05-02 03:00:00,4.2,4.7,31.0,122.5,31.0,122.5
2024-05-02 04:00:00,4.0,4.57,31.0,122.5,31.0,122.5
2024-05-02 05:00:00,3.66,4.13,31.0,122.5,31.0,122.5
2024-05-02 06:00:00,4.38,5.08,31.0,122.5,31.0,122.5
2024-05-02 07:00:00,5.14,6.21,31.0,122.5,31.0,122.5
2024-05-02 08:00:00,6.05,7.49,31.0,122.5,31.0,122.5
2024-05-02 09:00:00,6.49,8.32,31.0,122.5,31.0,122.5
2024-05-02 10:00:00,6.3,7.84,31.0,122.5,31.0,122.5
2024-05-02 11:00:00,6.46,7.88,31.0,122.5,31.0,122.5
2024-05-02 12:00:00,6.1,7.3,31.0,122.5,31.0,122.5
2024-05-02 13:00:00,5.63,6.63,31.0,122.5,31.0,122.5
2024-05-02 14:00:00,5.31,6.2,31.0,122.5,31.0,122.5
2024-05-02 15:00:00,5.11,6.0,31.0,122.5,31.0,122.5
2024-05-02 16:00:00,5.02,5.82,31.0,122.5,31.0,122.5
2024-05-02 17:00:00,4.85,5.53,31.0,122.5,31.0,122.5
2024-05-02 18:00:00,4.92,5.51,31.0,122.5,31.0,122.5
2024-05-02 19:00:00,4.84,5.41,31.0,122.5,31.0,122.5
2024-05-02 20:00:00,4.61,5.11,31.0,122.5,31.0,122.5
2024-05-02 21:00:00,5.59,6.22,31.0,122.5,31.0,122.5
2024-05-02 22:00:00,5.46,6.08,31.0,122.5,31.0,122.5
2024-05-02 23:00:00,6.22,6.99,31.0,122.5,31.0,122.5
2024-05-03 00:00:00,6.93,7.97,31.0,122.5,31.0,122.5
2024-05-03 01:00:00,6.64,7.68,31.0,122.5,31.0,122.5
2024-05-03 02:00:00,5.82,6.74,31.0,122.5,31.0,122.5
2024-05-03 03:00:00,5.22,6.14,31.0,122.5,31.0,122.5
2024-05-03 04:00:00,4.79,5.55,31.0,122.5,31.0,122.5
2024-05-03 05:00:00,5.01,5.9,31.0,122.5,31.0,122.5
2024-05-03 06:00:00,5.55,6.58,31.0,122.5,31.0,122.5
2024-05-03 07:00:00,5.06,6.09,31.0,122.5,31.0,122.5
2024-05-03 08:00:00,4.74,5.87,31.0,122.5,31.0,122.5
2024-05-03 09:00:00,4.53,5.76,31.0,122.5,31.0,122.5
2024-05-03 10:00:00,4.08,4.88,31.0,122.5,31.0,122.5
2024-05-03 11:00:00,4.44,5.35,31.0,122.5,31.0,122.5
2024-05-03 12:00:00,4.77,5.57,31.0,122.5,31.0,122.5
2024-05-03 13:00:00,4.33,5.12,31.0,122.5,31.0,122.5
2024-05-03 14:00:00,4.0,4.81,31.0,122.5,31.0,122.5
2024-05-03 15:00:00,3.18,3.83,31.0,122.5,31.0,122.5
2024-05-03 16:00:00,3.13,3.64,31.0,122.5,31.0,122.5
2024-05-03 17:00:00,3.74,4.43,31.0,122.5,31.0,122.5
2024-05-03 18:00:00,3.61,4.12,31.0,122.5,31.0,122.5
2024-05-03 19:00:00,3.81,4.47,31.0,122.5,31.0,122.5
2024-05-03 20:00:00,4.59,5.31,31.0,122.5,31.0,122.5
2024-05-03 21:00:00,4.57,5.46,31.0,122.5,31.0,122.5
2024-05-03 22:00:00,4.03,5.19,31.0,122.5,31.0,122.5
2024-05-03 23:00:00,5.11,6.54,31.0,122.5,31.0,122.5
2024-05-04 00:00:00,5.02,6.58,31.0,122.5,31.0,122.5
2024-05-04 01:00:00,4.98,6.61,31.0,122.5,31.0,122.5
2024-05-04 02:00:00,4.88,6.45,31.0,122.5,31.0,122.5
2024-05-04 03:00:00,4.85,6.45,31.0,122.5,31.0,122.5
2024-05-04 04:00:00,5.02,6.78,31.0,122.5,31.0,122.5
2024-05-04 05:00:00,5.66,7.43,31.0,122.5,31.0,122.5
2024-05-04 06:00:00,6.83,8.16,31.0,122.5,31.0,122.5
2024-05-04 07:00:00,6.8,7.92,31.0,122.5,31.0,122.5
2024-05-04 08:00:00,6.56,7.64,31.0,122.5,31.0,122.5
2024-05-04 09:00:00,7.23,8.45,31.0,122.5,31.0,122.5
2024-05-04 10:00:00,6.53,7.48,31.0,122.5,31.0,122.5
2024-05-04 11:00:00,7.15,8.68,31.0,122.5,31.0,122.5
2024-05-04 12:00:00,7.0,9.09,31.0,122.5,31.0,122.5
2024-05-04 13:00:00,7.73,10.42,31.0,122.5,31.0,122.5
2024-05-04 14:00:00,8.02,10.85,31.0,122.5,31.0,122.5
2024-05-04 15:00:00,8.5,11.82,31.0,122.5,31.0,122.5
2024-05-04 16:00:00,8.8,12.32,31.0,122.5,31.0,122.5
2024-05-04 17:00:00,8.39,12.13,31.0,122.5,31.0,122.5
2024-05-04 18:00:00,9.38,13.17,31.0,122.5,31.0,122.5
2024-05-04 19:00:00,9.72,13.89,31.0,122.5,31.0,122.5
2024-05-04 20:00:00,9.93,14.09,31.0,122.5,31.0,122.5
2024-05-04 21:00:00,9.91,14.21,31.0,122.5,31.0,122.5
2024-05-04 22:00:00,9.0,12.9,31.0,122.5,31.0,122.5
2024-05-04 23:00:00,8.99,12.99,31.0,122.5,31.0,122.5
2024-05-05 00:00:00,8.49,12.42,31.0,122.5,31.0,122.5
2024-05-05 01:00:00,7.75,11.53,31.0,122.5,31.0,122.5
2024-05-05 02:00:00,7.26,10.79,31.0,122.5,31.0,122.5
2024-05-05 03:00:00,7.07,10.42,31.0,122.5,31.0,122.5
2024-05-05 04:00:00,6.14,9.0,31.0,122.5,31.0,122.5
2024-05-05 05:00:00,5.24,7.57,31.0,122.5,31.0,122.5
2024-05-05 06:00:00,4.4,6.4,31.0,122.5,31.0,122.5
2024-05-05 07:00:00,3.8,5.65,31.0,122.5,31.0,122.5
2024-05-05 08:00:00,3.24,4.68,31.0,122.5,31.0,122.5
2024-05-05 09:00:00,2.38,3.53,31.0,122.5,31.0,122.5
2024-05-05 10:00:00,2.7,4.24,31.0,122.5,31.0,122.5
2024-05-05 11:00:00,2.62,3.97,31.0,122.5,31.0,122.5
2024-05-05 12:00:00,2.83,4.19,31.0,122.5,31.0,122.5
2024-05-05 13:00:00,2.1,3.5,31.0,122.5,31.0,122.5
2024-05-05 14:00:00,0.92,2.1,31.0,122.5,31.0,122.5
2024-05-05 15:00:00,0.2,0.92,31.0,122.5,31.0,122.5
2024-05-05 16:00:00,1.12,0.89,31.0,122.5,31.0,122.5
2024-05-05 17:00:00,1.42,1.52,31.0,122.5,31.0,122.5
2024-05-05 18:00:00,1.6,2.26,31.0,122.5,31.0,122.5
2024-05-05 19:00:00,2.01,3.02,31.0,122.5,31.0,122.5
2024-05-05 20:00:00,2.56,3.75,31.0,122.5,31.0,122.5
2024-05-05 21:00:00,2.72,3.89,31.0,122.5,31.0,122.5
2024-05-05 22:00:00,2.37,3.47,31.0,122.5,31.0,122.5
2024-05-05 23:00:00,2.2,3.22,31.0,122.5,31.0,122.5
2024-05-06 00:00:00,2.86,3.94,31.0,122.5,31.0,122.5
2024-05-06 01:00:00,2.92,4.07,31.0,122.5,31.0,122.5
2024-05-06 02:00:00,3.1,4.34,31.0,122.5,31.0,122.5
2024-05-06 03:00:00,2.69,3.86,31.0,122.5,31.0,122.5
2024-05-06 04:00:00,2.02,2.92,31.0,122.5,31.0,122.5
2024-05-06 05:00:00,2.19,2.69,31.0,122.5,31.0,122.5
2024-05-06 06:00:00,2.64,2.97,31.0,122.5,31.0,122.5
2024-05-06 07:00:00,2.91,3.14,31.0,122.5,31.0,122.5
2024-05-06 08:00:00,3.32,3.48,31.0,122.5,31.0,122.5
2024-05-06 09:00:00,3.51,3.81,31.0,122.5,31.0,122.5
2024-05-06 10:00:00,3.81,4.46,31.0,122.5,31.0,122.5
2024-05-06 11:00:00,4.3,4.98,31.0,122.5,31.0,122.5
2024-05-06 12:00:00,4.6,5.53,31.0,122.5,31.0,122.5
2024-05-06 13:00:00,4.82,5.91,31.0,122.5,31.0,122.5
2024-05-06 14:00:00,4.71,6.08,31.0,122.5,31.0,122.5
2024-05-06 15:00:00,4.17,5.81,31.0,122.5,31.0,122.5
2024-05-06 16:00:00,3.0,4.48,31.0,122.5,31.0,122.5
2024-05-06 17:00:00,1.99,2.97,31.0,122.5,31.0,122.5
2024-05-06 18:00:00,1.8,2.72,31.0,122.5,31.0,122.5
2024-05-06 19:00:00,1.61,2.75,31.0,122.5,31.0,122.5
2024-05-06 20:00:00,1.94,3.16,31.0,122.5,31.0,122.5
2024-05-06 21:00:00,2.22,3.42,31.0,122.5,31.0,122.5
2024-05-06 22:00:00,2.91,4.08,31.0,122.5,31.0,122.5
2024-05-06 23:00:00,2.79,4.02,31.0,122.5,31.0,122.5
2024-05-07 00:00:00,2.53,3.64,31.0,122.5,31.0,122.5
2024-05-07 01:00:00,2.42,3.4,31.0,122.5,31.0,122.5
2024-05-07 02:00:00,2.56,3.22,31.0,122.5,31.0,122.5
2024-05-07 03:00:00,2.46,2.91,31.0,122.5,31.0,122.5
2024-05-07 04:00:00,2.02,2.34,31.0,122.5,31.0,122.5
2024-05-07 05:00:00,1.91,2.21,31.0,122.5,31.0,122.5
2024-05-07 06:00:00,2.21,2.51,31.0,122.5,31.0,122.5
2024-05-07 07:00:00,2.5,2.92,31.0,122.5,31.0,122.5
2024-05-07 08:00:00,2.61,3.5,31.0,122.5,31.0,122.5
2024-05-07 09:00:00,2.75,4.02,31.0,122.5,31.0,122.5
2024-05-07 10:00:00,1.72,2.79,31.0,122.5,31.0,122.5
2024-05-07 11:00:00,1.66,2.61,31.0,122.5,31.0,122.5
2024-05-07 12:00:00,1.58,2.41,31.0,122.5,31.0,122.5
2024-05-07 13:00:00,0.92,1.56,31.0,122.5,31.0,122.5
2024-05-07 14:00:00,0.54,0.92,31.0,122.5,31.0,122.5
2024-05-07 15:00:00,1.64,1.36,31.0,122.5,31.0,122.5
2024-05-07 16:00:00,2.39,2.21,31.0,122.5,31.0,122.5
2024-05-07 17:00:00,2.72,3.2,31.0,122.5,31.0,122.5
2024-05-07 18:00:00,2.82,3.67,31.0,122.5,31.0,122.5
2024-05-07 19:00:00,3.08,4.25,31.0,122.5,31.0,122.5
2024-05-07 20:00:00,3.89,5.01,31.0,122.5,31.0,122.5
2024-05-07 21:00:00,5.02,5.93,31.0,122.5,31.0,122.5
2024-05-07 22:00:00,5.62,6.33,31.0,122.5,31.0,122.5
2024-05-07 23:00:00,6.2,7.02,31.0,122.5,31.0,122.5
2024-05-08 00:00:00,6.43,7.38,31.0,122.5,31.0,122.5
2024-05-08 01:00:00,6.3,7.12,31.0,122.5,31.0,122.5
2024-05-08 02:00:00,6.44,7.24,31.0,122.5,31.0,122.5
2024-05-08 03:00:00,7.03,7.83,31.0,122.5,31.0,122.5
2024-05-08 04:00:00,7.41,8.31,31.0,122.5,31.0,122.5
2024-05-08 05:00:00,8.0,9.0,31.0,122.5,31.0,122.5
2024-05-08 06:00:00,8.4,9.4,31.0,122.5,31.0,122.5
2024-05-08 07:00:00,8.54,9.64,31.0,122.5,31.0,122.5
2024-05-08 08:00:00,8.3,9.42,31.0,122.5,31.0,122.5
2024-05-08 09:00:00,7.62,8.56,31.0,122.5,31.0,122.5
2024-05-08 10:00:00,6.12,6.73,31.0,122.5,31.0,122.5
2024-05-08 11:00:00,5.48,5.98,31.0,122.5,31.0,122.5
2024-05-08 12:00:00,5.1,5.55,31.0,122.5,31.0,122.5
2024-05-08 13:00:00,4.58,4.94,31.0,122.5,31.0,122.5
2024-05-08 14:00:00,4.47,4.75,31.0,122.5,31.0,122.5
2024-05-08 15:00:00,4.18,4.46,31.0,122.5,31.0,122.5
2024-05-08 16:00:00,4.06,4.28,31.0,122.5,31.0,122.5
2024-05-08 17:00:00,4.17,4.39,31.0,122.5,31.0,122.5
2024-05-08 18:00:00,3.77,3.99,31.0,122.5,31.0,122.5
2024-05-08 19:00:00,2.6,2.82,31.0,122.5,31.0,122.5
2024-05-08 20:00:00,1.71,1.81,31.0,122.5,31.0,122.5
2024-05-08 21:00:00,1.7,1.8,31.0,122.5,31.0,122.5
2024-05-08 22:00:00,0.81,0.81,31.0,122.5,31.0,122.5
2024-05-08 23:00:00,1.91,1.91,31.0,122.5,31.0,122.5
2024-05-09 00:00:00,2.96,3.06,31.0,122.5,31.0,122.5
2024-05-09 01:00:00,3.22,3.31,31.0,122.5,31.0,122.5
2024-05-09 02:00:00,3.48,3.69,31.0,122.5,31.0,122.5
2024-05-09 03:00:00,3.61,3.75,31.0,122.5,31.0,122.5
2024-05-09 04:00:00,3.61,3.75,31.0,122.5,31.0,122.5
2024-05-09 05:00:00,3.12,3.34,31.0,122.5,31.0,122.5
2024-05-09 06:00:00,2.92,3.1,31.0,122.5,31.0,122.5
2024-05-09 07:00:00,3.1,3.3,31.0,122.5,31.0,122.5
2024-05-09 08:00:00,3.35,3.48,31.0,122.5,31.0,122.5
2024-05-09 09:00:00,3.61,3.79,31.0,122.5,31.0,122.5
2024-05-09 10:00:00,3.35,3.45,31.0,122.5,31.0,122.5
2024-05-09 11:00:00,4.3,4.58,31.0,122.5,31.0,122.5
2024-05-09 12:00:00,5.39,5.75,31.0,122.5,31.0,122.5
2024-05-09 13:00:00,6.09,6.62,31.0,122.5,31.0,122.5
2024-05-09 14:00:00,6.31,6.98,31.0,122.5,31.0,122.5
2024-05-09 15:00:00,6.84,7.6,31.0,122.5,31.0,122.5
2024-05-09 16:00:00,7.48,8.34,31.0,122.5,31.0,122.5
2024-05-09 17:00:00,8.23,9.37,31.0,122.5,31.0,122.5
2024-05-09 18:00:00,8.35,9.67,31.0,122.5,31.0,122.5
2024-05-09 19:00:00,8.47,9.89,31.0,122.5,31.0,122.5
2024-05-09 20:00:00,8.87,10.27,31.0,122.5,31.0,122.5
2024-05-09 21:00:00,9.01,10.41,31.0,122.5,31.0,122.5
2024-05-09 22:00:00,7.88,9.36,31.0,122.5,31.0,122.5
2024-05-09 23:00:00,8.1,9.87,31.0,122.5,31.0,122.5
2024-05-10 00:00:00,8.13,10.31,31.0,122.5,31.0,122.5
2024-05-10 01:00:00,8.54,10.84,31.0,122.5,31.0,122.5
2024-05-10 02:00:00,8.67,11.06,31.0,122.5,31.0,122.5
2024-05-10 03:00:00,8.93,11.54,31.0,122.5,31.0,122.5
2024-05-10 04:00:00,9.1,12.13,31.0,122.5,31.0,122.5
2024-05-10 05:00:00,9.29,12.4,31.0,122.5,31.0,122.5
2024-05-10 06:00:00,9.29,12.61,31.0,122.5,31.0,122.5
2024-05-10 07:00:00,9.49,12.52,31.0,122.5,31.0,122.5
2024-05-10 08:00:00,9.36,12.47,31.0,122.5,31.0,122.5
2024-05-10 09:00:00,9.49,12.69,31.0,122.5,31.0,122.5
2024-05-10 10:00:00,8.88,11.99,31.0,122.5,31.0,122.5
2024-05-10 11:00:00,9.68,13.0,31.0,122.5,31.0,122.5
2024-05-10 12:00:00,10.25,13.79,31.0,122.5,31.0,122.5
2024-05-10 13:00:00,10.28,13.97,31.0,122.5,31.0,122.5
2024-05-10 14:00:00,10.11,13.89,31.0,122.5,31.0,122.5
2024-05-10 15:00:00,9.98,13.73,31.0,122.5,31.0,122.5
2024-05-10 16:00:00,10.0,13.86,31.0,122.5,31.0,122.5
2024-05-10 17:00:00,9.83,13.71,31.0,122.5,31.0,122.5
2024-05-10 18:00:00,9.8,13.52,31.0,122.5,31.0,122.5
2024-05-10 19:00:00,9.67,13.48,31.0,122.5,31.0,122.5
2024-05-10 20:00:00,9.28,12.88,31.0,122.5,31.0,122.5
2024-05-10 21:00:00,8.76,12.24,31.0,122.5,31.0,122.5
2024-05-10 22:00:00,7.82,11.07,31.0,122.5,31.0,122.5
2024-05-10 23:00:00,8.23,11.48,31.0,122.5,31.0,122.5
2024-05-11 00:00:00,8.57,12.02,31.0,122.5,31.0,122.5
2024-05-11 01:00:00,8.88,12.4,31.0,122.5,31.0,122.5
2024-05-11 02:00:00,8.59,12.07,31.0,122.5,31.0,122.5
2024-05-11 03:00:00,8.23,11.63,31.0,122.5,31.0,122.5
2024-05-11 04:00:00,7.61,10.69,31.0,122.5,31.0,122.5
2024-05-11 05:00:00,7.04,10.02,31.0,122.5,31.0,122.5
2024-05-11 06:00:00,5.79,8.62,31.0,122.5,31.0,122.5
2024-05-11 07:00:00,5.24,7.78,31.0,122.5,31.0,122.5
2024-05-11 08:00:00,4.84,7.34,31.0,122.5,31.0,122.5
2024-05-11 09:00:00,4.62,7.11,31.0,122.5,31.0,122.5
2024-05-11 10:00:00,2.98,4.7,31.0,122.5,31.0,122.5
2024-05-11 11:00:00,3.98,5.64,31.0,122.5,31.0,122.5
2024-05-11 12:00:00,4.62,6.62,31.0,122.5,31.0,122.5
2024-05-11 13:00:00,3.9,5.55,31.0,122.5,31.0,122.5
2024-05-11 14:00:00,3.8,5.28,31.0,122.5,31.0,122.5
2024-05-11 15:00:00,3.71,5.28,31.0,122.5,31.0,122.5
2024-05-11 16:00:00,2.8,4.43,31.0,122.5,31.0,122.5
2024-05-11 17:00:00,2.79,4.54,31.0,122.5,31.0,122.5
2024-05-11 18:00:00,4.2,6.16,31.0,122.5,31.0,122.5
2024-05-11 19:00:00,6.77,9.43,31.0,122.5,31.0,122.5
2024-05-11 20:00:00,8.01,10.91,31.0,122.5,31.0,122.5
2024-05-11 21:00:00,8.11,10.65,31.0,122.5,31.0,122.5
2024-05-11 22:00:00,7.91,9.74,31.0,122.5,31.0,122.5
2024-05-11 23:00:00,7.7,9.46,31.0,122.5,31.0,122.5
2024-05-12 00:00:00,7.64,9.06,31.0,122.5,31.0,122.5
2024-05-12 01:00:00,7.19,8.38,31.0,122.5,31.0,122.5
2024-05-12 02:00:00,7.15,8.21,31.0,122.5,31.0,122.5
2024-05-12 03:00:00,8.1,9.34,31.0,122.5,31.0,122.5
2024-05-12 04:00:00,8.54,9.96,31.0,122.5,31.0,122.5
2024-05-12 05:00:00,7.92,9.13,31.0,122.5,31.0,122.5
2024-05-12 06:00:00,7.51,8.51,31.0,122.5,31.0,122.5
2024-05-12 07:00:00,8.21,9.5,31.0,122.5,31.0,122.5
2024-05-12 08:00:00,8.24,9.53,31.0,122.5,31.0,122.5
2024-05-12 09:00:00,7.98,9.28,31.0,122.5,31.0,122.5
2024-05-12 10:00:00,6.9,8.0,31.0,122.5,31.0,122.5
2024-05-12 11:00:00,6.8,7.9,31.0,122.5,31.0,122.5
2024-05-12 12:00:00,6.72,7.82,31.0,122.5,31.0,122.5
2024-05-12 13:00:00,6.02,7.13,31.0,122.5,31.0,122.5
2024-05-12 14:00:00,5.51,6.53,31.0,122.5,31.0,122.5
2024-05-12 15:00:00,5.36,6.3,31.0,122.5,31.0,122.5
2024-05-12 16:00:00,5.41,6.45,31.0,122.5,31.0,122.5
2024-05-12 17:00:00,5.38,6.41,31.0,122.5,31.0,122.5
2024-05-12 18:00:00,5.5,6.63,31.0,122.5,31.0,122.5
2024-05-12 19:00:00,5.7,7.0,31.0,122.5,31.0,122.5
2024-05-12 20:00:00,5.52,6.8,31.0,122.5,31.0,122.5
2024-05-12 21:00:00,5.3,6.3,31.0,122.5,31.0,122.5
2024-05-12 22:00:00,4.9,6.2,31.0,122.5,31.0,122.5
2024-05-12 23:00:00,4.9,6.1,31.0,122.5,31.0,122.5
2024-05-13 00:00:00,4.82,5.93,31.0,122.5,31.0,122.5
2024-05-13 01:00:00,4.94,5.97,31.0,122.5,31.0,122.5
2024-05-13 02:00:00,4.54,5.57,31.0,122.5,31.0,122.5
2024-05-13 03:00:00,4.16,5.1,31.0,122.5,31.0,122.5
2024-05-13 04:00:00,3.71,4.59,31.0,122.5,31.0,122.5
2024-05-13 05:00:00,3.61,4.62,31.0,122.5,31.0,122.5
2024-05-13 06:00:00,3.67,4.79,31.0,122.5,31.0,122.5
2024-05-13 07:00:00,3.3,4.56,31.0,122.5,31.0,122.5
2024-05-13 08:00:00,2.76,4.04,31.0,122.5,31.0,122.5
2024-05-13 09:00:00,2.61,3.77,31.0,122.5,31.0,122.5
2024-05-13 10:00:00,2.15,3.22,31.0,122.5,31.0,122.5
2024-05-13 11:00:00,2.45,3.61,31.0,122.5,31.0,122.5
2024-05-13 12:00:00,2.72,3.8,31.0,122.5,31.0,122.5
2024-05-13 13:00:00,3.04,4.16,31.0,122.5,31.0,122.5
2024-05-13 14:00:00,3.23,4.37,31.0,122.5,31.0,122.5
2024-05-13 15:00:00,3.18,4.25,31.0,122.5,31.0,122.5
2024-05-13 16:00:00,2.9,3.78,31.0,122.5,31.0,122.5
2024-05-13 17:00:00,2.47,3.12,31.0,122.5,31.0,122.5
2024-05-13 18:00:00,1.89,2.36,31.0,122.5,31.0,122.5
2024-05-13 19:00:00,1.61,1.94,31.0,122.5,31.0,122.5
2024-05-13 20:00:00,1.5,1.78,31.0,122.5,31.0,122.5
2024-05-13 21:00:00,1.3,1.58,31.0,122.5,31.0,122.5
2024-05-13 22:00:00,0.22,0.22,31.0,122.5,31.0,122.5
2024-05-13 23:00:00,1.12,1.08,31.0,122.5,31.0,122.5
2024-05-14 00:00:00,2.13,2.19,31.0,122.5,31.0,122.5
2024-05-14 01:00:00,2.19,2.26,31.0,122.5,31.0,122.5
2024-05-14 02:00:00,1.98,2.05,31.0,122.5,31.0,122.5
2024-05-14 03:00:00,2.28,2.42,31.0,122.5,31.0,122.5
2024-05-14 04:00:00,2.21,2.31,31.0,122.5,31.0,122.5
2024-05-14 05:00:00,1.75,1.84,31.0,122.5,31.0,122.5
2024-05-14 06:00:00,1.98,1.98,31.0,122.5,31.0,122.5
2024-05-14 07:00:00,2.62,2.77,31.0,122.5,31.0,122.5
2024-05-14 08:00:00,3.02,3.3,31.0,122.5,31.0,122.5
2024-05-14 09:00:00,3.28,3.78,31.0,122.5,31.0,122.5
2024-05-14 10:00:00,3.11,3.61,31.0,122.5,31.0,122.5
2024-05-14 11:00:00,3.96,4.89,31.0,122.5,31.0,122.5
2024-05-14 12:00:00,4.83,5.98,31.0,122.5,31.0,122.5
2024-05-14 13:00:00,5.55,6.88,31.0,122.5,31.0,122.5
2024-05-14 14:00:00,5.86,7.16,31.0,122.5,31.0,122.5
2024-05-14 15:00:00,5.66,6.8,31.0,122.5,31.0,122.5
2024-05-14 16:00:00,5.29,6.18,31.0,122.5,31.0,122.5
2024-05-14 17:00:00,4.69,5.39,31.0,122.5,31.0,122.5
2024-05-14 18:00:00,4.16,4.65,31.0,122.5,31.0,122.5
2024-05-14 19:00:00,3.67,4.06,31.0,122.5,31.0,122.5
2024-05-14 20:00:00,2.77,3.06,31.0,122.5,31.0,122.5
2024-05-14 21:00:00,2.5,2.57,31.0,122.5,31.0,122.5
2024-05-14 22:00:00,2.19,2.28,31.0,122.5,31.0,122.5
2024-05-14 23:00:00,2.95,3.14,31.0,122.5,31.0,122.5
2024-05-15 00:00:00,2.94,3.13,31.0,122.5,31.0,122.5
2024-05-15 01:00:00,2.4,2.5,31.0,122.5,31.0,122.5
2024-05-15 02:00:00,2.06,2.1,31.0,122.5,31.0,122.5
2024-05-15 03:00:00,2.33,2.48,31.0,122.5,31.0,122.5
2024-05-15 04:00:00,3.42,3.81,31.0,122.5,31.0,122.5
2024-05-15 05:00:00,6.64,8.1,31.0,122.5,31.0,122.5
2024-05-15 06:00:00,11.46,13.86,31.0,122.5,31.0,122.5
2024-05-15 07:00:00,11.82,14.58,31.0,122.5,31.0,122.5
2024-05-15 08:00:00,10.65,12.95,31.0,122.5,31.0,122.5
2024-05-15 09:00:00,10.03,12.07,31.0,122.5,31.0,122.5
2024-05-15 10:00:00,9.43,10.95,31.0,122.5,31.0,122.5
2024-05-15 11:00:00,9.71,11.21,31.0,122.5,31.0,122.5
2024-05-15 12:00:00,9.5,10.9,31.0,122.5,31.0,122.5
2024-05-15 13:00:00,8.8,10.1,31.0,122.5,31.0,122.5
2024-05-15 14:00:00,8.01,9.2,31.0,122.5,31.0,122.5
2024-05-15 15:00:00,7.65,8.66,31.0,122.5,31.0,122.5
2024-05-15 16:00:00,7.2,8.1,31.0,122.5,31.0,122.5
2024-05-15 17:00:00,6.33,7.04,31.0,122.5,31.0,122.5
2024-05-15 18:00:00,4.93,5.44,31.0,122.5,31.0,122.5
2024-05-15 19:00:00,3.72,3.94,31.0,122.5,31.0,122.5
2024-05-15 20:00:00,2.83,3.04,31.0,122.5,31.0,122.5
2024-05-15 21:00:00,2.47,2.6,31.0,122.5,31.0,122.5
2024-05-15 22:00:00,4.06,4.39,31.0,122.5,31.0,122.5
2024-05-15 23:00:00,4.7,5.1,31.0,122.5,31.0,122.5
2024-05-16 00:00:00,5.05,5.54,31.0,122.5,31.0,122.5
2024-05-16 01:00:00,5.48,5.99,31.0,122.5,31.0,122.5
2024-05-16 02:00:00,5.79,6.52,31.0,122.5,31.0,122.5
2024-05-16 03:00:00,5.95,6.66,31.0,122.5,31.0,122.5
2024-05-16 04:00:00,5.8,6.47,31.0,122.5,31.0,122.5
2024-05-16 05:00:00,5.5,6.22,31.0,122.5,31.0,122.5
2024-05-16 06:00:00,4.88,5.45,31.0,122.5,31.0,122.5
2024-05-16 07:00:00,4.57,5.2,31.0,122.5,31.0,122.5
2024-05-16 08:00:00,5.02,5.87,31.0,122.5,31.0,122.5
2024-05-16 09:00:00,6.3,7.81,31.0,122.5,31.0,122.5
2024-05-16 10:00:00,7.21,9.2,31.0,122.5,31.0,122.5
2024-05-16 11:00:00,8.36,11.24,31.0,122.5,31.0,122.5
2024-05-16 12:00:00,9.07,12.45,31.0,122.5,31.0,122.5
2024-05-16 13:00:00,9.23,13.31,31.0,122.5,31.0,122.5
2024-05-16 14:00:00,10.1,14.2,31.0,122.5,31.0,122.5
2024-05-16 15:00:00,10.8,14.71,31.0,122.5,31.0,122.5
2024-05-16 16:00:00,10.81,14.93,31.0,122.5,31.0,122.5
2024-05-16 17:00:00,10.74,14.88,31.0,122.5,31.0,122.5
2024-05-16 18:00:00,10.54,14.59,31.0,122.5,31.0,122.5
2024-05-16 19:00:00,10.32,14.16,31.0,122.5,31.0,122.5
2024-05-16 20:00:00,10.12,13.74,31.0,122.5,31.0,122.5
2024-05-16 21:00:00,9.94,13.38,31.0,122.5,31.0,122.5
2024-05-16 22:00:00,9.54,12.39,31.0,122.5,31.0,122.5
2024-05-16 23:00:00,9.1,12.51,31.0,122.5,31.0,122.5
2024-05-17 00:00:00,9.8,13.0,31.0,122.5,31.0,122.5
2024-05-17 01:00:00,10.2,13.41,31.0,122.5,31.0,122.5
2024-05-17 02:00:00,10.1,13.41,31.0,122.5,31.0,122.5
2024-05-17 03:00:00,10.2,13.8,31.0,122.5,31.0,122.5
2024-05-17 04:00:00,10.1,13.9,31.0,122.5,31.0,122.5
2024-05-17 05:00:00,10.12,13.91,31.0,122.5,31.0,122.5
2024-05-17 06:00:00,10.05,13.83,31.0,122.5,31.0,122.5
2024-05-17 07:00:00,9.89,13.76,31.0,122.5,31.0,122.5
2024-05-17 08:00:00,9.82,13.61,31.0,122.5,31.0,122.5
2024-05-17 09:00:00,9.65,13.44,31.0,122.5,31.0,122.5
2024-05-17 10:00:00,8.4,11.77,31.0,122.5,31.0,122.5
2024-05-17 11:00:00,8.73,12.01,31.0,122.5,31.0,122.5
2024-05-17 12:00:00,9.34,12.81,31.0,122.5,31.0,122.5
2024-05-17 13:00:00,9.53,13.09,31.0,122.5,31.0,122.5
2024-05-17 14:00:00,9.33,12.75,31.0,122.5,31.0,122.5
2024-05-17 15:00:00,9.01,12.42,31.0,122.5,31.0,122.5
2024-05-17 16:00:00,8.57,11.76,31.0,122.5,31.0,122.5
2024-05-17 17:00:00,7.88,10.95,31.0,122.5,31.0,122.5
2024-05-17 18:00:00,7.47,10.35,31.0,122.5,31.0,122.5
2024-05-17 19:00:00,7.38,10.26,31.0,122.5,31.0,122.5
2024-05-17 20:00:00,7.7,10.69,31.0,122.5,31.0,122.5
2024-05-17 21:00:00,7.85,10.92,31.0,122.5,31.0,122.5
2024-05-17 22:00:00,6.91,9.59,31.0,122.5,31.0,122.5
2024-05-17 23:00:00,7.72,10.62,31.0,122.5,31.0,122.5
2024-05-18 00:00:00,8.34,11.4,31.0,122.5,31.0,122.5
2024-05-18 01:00:00,8.42,11.49,31.0,122.5,31.0,122.5
2024-05-18 02:00:00,8.48,11.6,31.0,122.5,31.0,122.5
2024-05-18 03:00:00,8.37,11.48,31.0,122.5,31.0,122.5
2024-05-18 04:00:00,8.29,11.36,31.0,122.5,31.0,122.5
2024-05-18 05:00:00,8.01,11.08,31.0,122.5,31.0,122.5
2024-05-18 06:00:00,7.73,10.67,31.0,122.5,31.0,122.5
2024-05-18 07:00:00,7.51,10.44,31.0,122.5,31.0,122.5
2024-05-18 08:00:00,7.28,10.12,31.0,122.5,31.0,122.5
2024-05-18 09:00:00,7.23,10.04,31.0,122.5,31.0,122.5
2024-05-18 10:00:00,6.69,9.25,31.0,122.5,31.0,122.5
2024-05-18 11:00:00,7.0,9.57,31.0,122.5,31.0,122.5
2024-05-18 12:00:00,6.98,9.64,31.0,122.5,31.0,122.5
2024-05-18 13:00:00,6.62,9.33,31.0,122.5,31.0,122.5
2024-05-18 14:00:00,6.45,8.94,31.0,122.5,31.0,122.5
2024-05-18 15:00:00,6.0,8.35,31.0,122.5,31.0,122.5
2024-05-18 16:00:00,5.99,8.24,31.0,122.5,31.0,122.5
2024-05-18 17:00:00,5.91,8.1,31.0,122.5,31.0,122.5
2024-05-18 18:00:00,5.64,7.83,31.0,122.5,31.0,122.5
2024-05-18 19:00:00,5.92,8.19,31.0,122.5,31.0,122.5
2024-05-18 20:00:00,5.95,8.34,31.0,122.5,31.0,122.5
2024-05-18 21:00:00,5.79,8.1,31.0,122.5,31.0,122.5
2024-05-18 22:00:00,5.09,7.03,31.0,122.5,31.0,122.5
2024-05-18 23:00:00,5.63,7.53,31.0,122.5,31.0,122.5
2024-05-19 00:00:00,6.22,8.44,31.0,122.5,31.0,122.5
2024-05-19 01:00:00,6.2,8.51,31.0,122.5,31.0,122.5
2024-05-19 02:00:00,5.9,7.93,31.0,122.5,31.0,122.5
2024-05-19 03:00:00,5.04,6.96,31.0,122.5,31.0,122.5
2024-05-19 04:00:00,4.37,6.22,31.0,122.5,31.0,122.5
2024-05-19 05:00:00,4.78,6.57,31.0,122.5,31.0,122.5
2024-05-19 06:00:00,5.31,7.42,31.0,122.5,31.0,122.5
2024-05-19 07:00:00,5.39,7.65,31.0,122.5,31.0,122.5
2024-05-19 08:00:00,4.79,6.96,31.0,122.5,31.0,122.5
2024-05-19 09:00:00,4.92,7.02,31.0,122.5,31.0,122.5
2024-05-19 10:00:00,4.85,6.76,31.0,122.5,31.0,122.5
2024-05-19 11:00:00,5.59,7.77,31.0,122.5,31.0,122.5
2024-05-19 12:00:00,6.26,8.61,31.0,122.5,31.0,122.5
2024-05-19 13:00:00,6.19,8.54,31.0,122.5,31.0,122.5
2024-05-19 14:00:00,6.21,8.66,31.0,122.5,31.0,122.5
2024-05-19 15:00:00,5.75,8.14,31.0,122.5,31.0,122.5
2024-05-19 16:00:00,5.39,7.62,31.0,122.5,31.0,122.5
2024-05-19 17:00:00,5.87,8.14,31.0,122.5,31.0,122.5
2024-05-19 18:00:00,5.52,7.78,31.0,122.5,31.0,122.5
2024-05-19 19:00:00,5.03,7.07,31.0,122.5,31.0,122.5
2024-05-19 20:00:00,4.46,6.53,31.0,122.5,31.0,122.5
2024-05-19 21:00:00,3.98,5.81,31.0,122.5,31.0,122.5
2024-05-19 22:00:00,3.98,5.4,31.0,122.5,31.0,122.5
2024-05-19 23:00:00,4.78,6.41,31.0,122.5,31.0,122.5
2024-05-20 00:00:00,5.33,7.32,31.0,122.5,31.0,122.5
2024-05-20 01:00:00,5.32,7.38,31.0,122.5,31.0,122.5
2024-05-20 02:00:00,5.07,7.05,31.0,122.5,31.0,122.5
2024-05-20 03:00:00,5.48,7.52,31.0,122.5,31.0,122.5
2024-05-20 04:00:00,5.74,8.01,31.0,122.5,31.0,122.5
2024-05-20 05:00:00,5.42,7.74,31.0,122.5,31.0,122.5
2024-05-20 06:00:00,4.85,7.03,31.0,122.5,31.0,122.5
2024-05-20 07:00:00,4.85,6.94,31.0,122.5,31.0,122.5
2024-05-20 08:00:00,5.01,7.12,31.0,122.5,31.0,122.5
2024-05-20 09:00:00,4.88,6.88,31.0,122.5,31.0,122.5
2024-05-20 10:00:00,4.29,6.2,31.0,122.5,31.0,122.5
2024-05-20 11:00:00,5.11,7.1,31.0,122.5,31.0,122.5
2024-05-20 12:00:00,5.37,7.66,31.0,122.5,31.0,122.5
2024-05-20 13:00:00,5.24,7.52,31.0,122.5,31.0,122.5
2024-05-20 14:00:00,5.16,7.31,31.0,122.5,31.0,122.5
2024-05-20 15:00:00,4.9,7.07,31.0,122.5,31.0,122.5
2024-05-20 16:00:00,4.84,6.84,31.0,122.5,31.0,122.5
2024-05-20 17:00:00,5.1,7.13,31.0,122.5,31.0,122.5
2024-05-20 18:00:00,5.51,7.69,31.0,122.5,31.0,122.5
2024-05-20 19:00:00,5.76,8.1,31.0,122.5,31.0,122.5
2024-05-20 20:00:00,6.1,8.49,31.0,122.5,31.0,122.5
2024-05-20 21:00:00,6.17,8.62,31.0,122.5,31.0,122.5
2024-05-20 22:00:00,5.7,8.05,31.0,122.5,31.0,122.5
2024-05-20 23:00:00,5.57,7.91,31.0,122.5,31.0,122.5
2024-05-21 00:00:00,5.75,8.13,31.0,122.5,31.0,122.5
2024-05-21 01:00:00,5.47,7.83,31.0,122.5,31.0,122.5
2024-05-21 02:00:00,5.4,7.53,31.0,122.5,31.0,122.5
2024-05-21 03:00:00,5.67,7.72,31.0,122.5,31.0,122.5
2024-05-21 04:00:00,6.28,8.35,31.0,122.5,31.0,122.5
2024-05-21 05:00:00,6.61,8.8,31.0,122.5,31.0,122.5
2024-05-21 06:00:00,6.63,8.81,31.0,122.5,31.0,122.5
2024-05-21 07:00:00,6.58,8.88,31.0,122.5,31.0,122.5
2024-05-21 08:00:00,6.11,8.51,31.0,122.5,31.0,122.5
2024-05-21 09:00:00,5.8,8.1,31.0,122.5,31.0,122.5
2024-05-21 10:00:00,5.1,7.1,31.0,122.5,31.0,122.5
2024-05-21 11:00:00,5.23,7.21,31.0,122.5,31.0,122.5
2024-05-21 12:00:00,5.04,7.01,31.0,122.5,31.0,122.5
2024-05-21 13:00:00,4.75,6.81,31.0,122.5,31.0,122.5
2024-05-21 14:00:00,5.5,7.73,31.0,122.5,31.0,122.5
2024-05-21 15:00:00,5.32,7.57,31.0,122.5,31.0,122.5
2024-05-21 16:00:00,4.71,6.74,31.0,122.5,31.0,122.5
2024-05-21 17:00:00,4.32,6.2,31.0,122.5,31.0,122.5
2024-05-21 18:00:00,4.12,5.92,31.0,122.5,31.0,122.5
2024-05-21 19:00:00,4.44,6.03,31.0,122.5,31.0,122.5
2024-05-21 20:00:00,5.01,6.74,31.0,122.5,31.0,122.5
2024-05-21 21:00:00,6.02,8.1,31.0,122.5,31.0,122.5
2024-05-21 22:00:00,5.95,7.78,31.0,122.5,31.0,122.5
2024-05-21 23:00:00,5.64,7.32,31.0,122.5,31.0,122.5
2024-05-22 00:00:00,5.72,7.56,31.0,122.5,31.0,122.5
2024-05-22 01:00:00,5.39,7.27,31.0,122.5,31.0,122.5
2024-05-22 02:00:00,5.34,7.32,31.0,122.5,31.0,122.5
2024-05-22 03:00:00,4.53,6.5,31.0,122.5,31.0,122.5
2024-05-22 04:00:00,4.1,5.91,31.0,122.5,31.0,122.5
2024-05-22 05:00:00,4.11,5.89,31.0,122.5,31.0,122.5
2024-05-22 06:00:00,3.98,5.85,31.0,122.5,31.0,122.5
2024-05-22 07:00:00,3.93,5.79,31.0,122.5,31.0,122.5
2024-05-22 08:00:00,4.16,5.85,31.0,122.5,31.0,122.5
2024-05-22 09:00:00,4.1,5.9,31.0,122.5,31.0,122.5
2024-05-22 10:00:00,3.83,5.32,31.0,122.5,31.0,122.5
2024-05-22 11:00:00,4.43,5.95,31.0,122.5,31.0,122.5
2024-05-22 12:00:00,4.94,6.61,31.0,122.5,31.0,122.5
2024-05-22 13:00:00,5.0,6.77,31.0,122.5,31.0,122.5
2024-05-22 14:00:00,4.59,6.26,31.0,122.5,31.0,122.5
2024-05-22 15:00:00,4.64,6.32,31.0,122.5,31.0,122.5
2024-05-22 16:00:00,4.53,6.11,31.0,122.5,31.0,122.5
2024-05-22 17:00:00,4.23,5.71,31.0,122.5,31.0,122.5
2024-05-22 18:00:00,4.28,5.74,31.0,122.5,31.0,122.5
2024-05-22 19:00:00,4.59,5.94,31.0,122.5,31.0,122.5
2024-05-22 20:00:00,4.72,6.14,31.0,122.5,31.0,122.5
2024-05-22 21:00:00,4.52,5.99,31.0,122.5,31.0,122.5
2024-05-22 22:00:00,4.05,5.46,31.0,122.5,31.0,122.5
2024-05-22 23:00:00,4.12,5.63,31.0,122.5,31.0,122.5
2024-05-23 00:00:00,3.37,4.81,31.0,122.5,31.0,122.5
2024-05-23 01:00:00,2.93,4.2,31.0,122.5,31.0,122.5
2024-05-23 02:00:00,3.16,4.3,31.0,122.5,31.0,122.5
2024-05-23 03:00:00,3.22,4.3,31.0,122.5,31.0,122.5
2024-05-23 04:00:00,3.2,4.22,31.0,122.5,31.0,122.5
2024-05-23 05:00:00,3.21,4.14,31.0,122.5,31.0,122.5
2024-05-23 06:00:00,3.21,4.14,31.0,122.5,31.0,122.5
2024-05-23 07:00:00,3.34,4.41,31.0,122.5,31.0,122.5
2024-05-23 08:00:00,3.45,4.72,31.0,122.5,31.0,122.5
2024-05-23 09:00:00,3.58,4.96,31.0,122.5,31.0,122.5
2024-05-23 10:00:00,2.95,4.22,31.0,122.5,31.0,122.5
2024-05-23 11:00:00,3.85,5.16,31.0,122.5,31.0,122.5
2024-05-23 12:00:00,4.25,5.66,31.0,122.5,31.0,122.5
2024-05-23 13:00:00,4.19,5.69,31.0,122.5,31.0,122.5
2024-05-23 14:00:00,4.0,5.6,31.0,122.5,31.0,122.5
2024-05-23 15:00:00,3.61,5.26,31.0,122.5,31.0,122.5
2024-05-23 16:00:00,3.18,4.72,31.0,122.5,31.0,122.5
2024-05-23 17:00:00,2.92,4.26,31.0,122.5,31.0,122.5
2024-05-23 18:00:00,2.94,4.18,31.0,122.5,31.0,122.5
2024-05-23 19:00:00,3.22,4.6,31.0,122.5,31.0,122.5
2024-05-23 20:00:00,3.7,5.03,31.0,122.5,31.0,122.5
2024-05-23 21:00:00,3.58,5.02,31.0,122.5,31.0,122.5
2024-05-23 22:00:00,3.62,4.89,31.0,122.5,31.0,122.5
2024-05-23 23:00:00,3.58,4.89,31.0,122.5,31.0,122.5
2024-05-24 00:00:00,3.72,4.96,31.0,122.5,31.0,122.5
2024-05-24 01:00:00,3.94,5.35,31.0,122.5,31.0,122.5
2024-05-24 02:00:00,3.85,5.33,31.0,122.5,31.0,122.5
2024-05-24 03:00:00,3.54,4.86,31.0,122.5,31.0,122.5
2024-05-24 04:00:00,3.4,4.63,31.0,122.5,31.0,122.5
2024-05-24 05:00:00,3.54,4.74,31.0,122.5,31.0,122.5
2024-05-24 06:00:00,4.05,5.42,31.0,122.5,31.0,122.5
2024-05-24 07:00:00,4.3,5.78,31.0,122.5,31.0,122.5
2024-05-24 08:00:00,4.3,5.82,31.0,122.5,31.0,122.5
2024-05-24 09:00:00,4.49,6.17,31.0,122.5,31.0,122.5
2024-05-24 10:00:00,4.43,6.11,31.0,122.5,31.0,122.5
2024-05-24 11:00:00,5.61,7.6,31.0,122.5,31.0,122.5
2024-05-24 12:00:00,6.07,8.37,31.0,122.5,31.0,122.5
2024-05-24 13:00:00,5.8,8.0,31.0,122.5,31.0,122.5
2024-05-24 14:00:00,5.32,7.37,31.0,122.5,31.0,122.5
2024-05-24 15:00:00,4.78,6.71,31.0,122.5,31.0,122.5
2024-05-24 16:00:00,4.36,6.16,31.0,122.5,31.0,122.5
2024-05-24 17:00:00,4.43,6.16,31.0,122.5,31.0,122.5
2024-05-24 18:00:00,4.94,6.54,31.0,122.5,31.0,122.5
2024-05-24 19:00:00,5.35,7.16,31.0,122.5,31.0,122.5
2024-05-24 20:00:00,5.47,7.3,31.0,122.5,31.0,122.5
2024-05-24 21:00:00,5.6,7.5,31.0,122.5,31.0,122.5
2024-05-24 22:00:00,5.25,6.99,31.0,122.5,31.0,122.5
2024-05-24 23:00:00,5.35,7.13,31.0,122.5,31.0,122.5
2024-05-25 00:00:00,5.28,7.17,31.0,122.5,31.0,122.5
2024-05-25 01:00:00,5.39,7.16,31.0,122.5,31.0,122.5
2024-05-25 02:00:00,5.59,7.46,31.0,122.5,31.0,122.5
2024-05-25 03:00:00,5.8,7.86,31.0,122.5,31.0,122.5
2024-05-25 04:00:00,5.99,8.2,31.0,122.5,31.0,122.5
2024-05-25 05:00:00,5.94,8.2,31.0,122.5,31.0,122.5
2024-05-25 06:00:00,6.0,8.24,31.0,122.5,31.0,122.5
2024-05-25 07:00:00,6.4,8.79,31.0,122.5,31.0,122.5
2024-05-25 08:00:00,6.74,9.24,31.0,122.5,31.0,122.5
2024-05-25 09:00:00,6.94,9.59,31.0,122.5,31.0,122.5
2024-05-25 10:00:00,6.38,8.77,31.0,122.5,31.0,122.5
2024-05-25 11:00:00,7.07,9.77,31.0,122.5,31.0,122.5
2024-05-25 12:00:00,7.38,10.06,31.0,122.5,31.0,122.5
2024-05-25 13:00:00,7.55,10.5,31.0,122.5,31.0,122.5
2024-05-25 14:00:00,7.82,10.83,31.0,122.5,31.0,122.5
2024-05-25 15:00:00,7.84,10.96,31.0,122.5,31.0,122.5
2024-05-25 16:00:00,7.74,10.9,31.0,122.5,31.0,122.5
2024-05-25 17:00:00,7.89,11.16,31.0,122.5,31.0,122.5
2024-05-25 18:00:00,8.29,11.74,31.0,122.5,31.0,122.5
2024-05-25 19:00:00,9.46,13.12,31.0,122.5,31.0,122.5
2024-05-25 20:00:00,9.26,13.12,31.0,122.5,31.0,122.5
2024-05-25 21:00:00,8.32,11.88,31.0,122.5,31.0,122.5
2024-05-25 22:00:00,6.4,9.62,31.0,122.5,31.0,122.5
2024-05-25 23:00:00,6.4,9.63,31.0,122.5,31.0,122.5
2024-05-26 00:00:00,6.93,10.12,31.0,122.5,31.0,122.5
2024-05-26 01:00:00,6.81,9.96,31.0,122.5,31.0,122.5
2024-05-26 02:00:00,6.6,9.52,31.0,122.5,31.0,122.5
2024-05-26 03:00:00,6.9,9.63,31.0,122.5,31.0,122.5
2024-05-26 04:00:00,7.0,9.88,31.0,122.5,31.0,122.5
2024-05-26 05:00:00,6.93,9.82,31.0,122.5,31.0,122.5
2024-05-26 06:00:00,7.32,10.19,31.0,122.5,31.0,122.5
2024-05-26 07:00:00,7.32,10.4,31.0,122.5,31.0,122.5
2024-05-26 08:00:00,7.52,10.88,31.0,122.5,31.0,122.5
2024-05-26 09:00:00,7.68,11.23,31.0,122.5,31.0,122.5
2024-05-26 10:00:00,7.25,10.54,31.0,122.5,31.0,122.5
2024-05-26 11:00:00,7.38,10.94,31.0,122.5,31.0,122.5
2024-05-26 12:00:00,6.89,10.27,31.0,122.5,31.0,122.5
2024-05-26 13:00:00,5.54,8.43,31.0,122.5,31.0,122.5
2024-05-26 14:00:00,5.1,7.77,31.0,122.5,31.0,122.5
2024-05-26 15:00:00,3.4,5.73,31.0,122.5,31.0,122.5
2024-05-26 16:00:00,2.33,2.48,31.0,122.5,31.0,122.5
2024-05-26 17:00:00,2.94,4.03,31.0,122.5,31.0,122.5
2024-05-26 18:00:00,4.56,6.05,31.0,122.5,31.0,122.5
2024-05-26 19:00:00,6.44,8.85,31.0,122.5,31.0,122.5
2024-05-26 20:00:00,8.07,10.86,31.0,122.5,31.0,122.5
2024-05-26 21:00:00,8.42,11.38,31.0,122.5,31.0,122.5
2024-05-26 22:00:00,8.49,11.03,31.0,122.5,31.0,122.5
2024-05-26 23:00:00,8.5,10.63,31.0,122.5,31.0,122.5
2024-05-27 00:00:00,8.94,11.13,31.0,122.5,31.0,122.5
2024-05-27 01:00:00,8.77,10.73,31.0,122.5,31.0,122.5
2024-05-27 02:00:00,9.07,10.9,31.0,122.5,31.0,122.5
2024-05-27 03:00:00,9.68,11.51,31.0,122.5,31.0,122.5
2024-05-27 04:00:00,9.7,11.58,31.0,122.5,31.0,122.5
2024-05-27 05:00:00,10.04,11.95,31.0,122.5,31.0,122.5
2024-05-27 06:00:00,10.41,12.38,31.0,122.5,31.0,122.5
2024-05-27 07:00:00,11.37,13.62,31.0,122.5,31.0,122.5
2024-05-27 08:00:00,11.98,14.52,31.0,122.5,31.0,122.5
2024-05-27 09:00:00,12.75,15.5,31.0,122.5,31.0,122.5
2024-05-27 10:00:00,12.68,15.3,31.0,122.5,31.0,122.5
2024-05-27 11:00:00,12.18,14.67,31.0,122.5,31.0,122.5
2024-05-27 12:00:00,11.58,13.72,31.0,122.5,31.0,122.5
2024-05-27 13:00:00,10.62,12.34,31.0,122.5,31.0,122.5
2024-05-27 14:00:00,10.47,11.95,31.0,122.5,31.0,122.5
2024-05-27 15:00:00,9.92,11.34,31.0,122.5,31.0,122.5
2024-05-27 16:00:00,9.1,10.39,31.0,122.5,31.0,122.5
2024-05-27 17:00:00,8.0,8.92,31.0,122.5,31.0,122.5
2024-05-27 18:00:00,7.31,8.11,31.0,122.5,31.0,122.5
2024-05-27 19:00:00,7.47,8.32,31.0,122.5,31.0,122.5
2024-05-27 20:00:00,8.55,9.57,31.0,122.5,31.0,122.5
2024-05-27 21:00:00,8.77,9.98,31.0,122.5,31.0,122.5
2024-05-27 22:00:00,7.8,9.0,31.0,122.5,31.0,122.5
2024-05-27 23:00:00,7.9,9.2,31.0,122.5,31.0,122.5
2024-05-28 00:00:00,8.0,9.3,31.0,122.5,31.0,122.5
2024-05-28 01:00:00,7.9,9.2,31.0,122.5,31.0,122.5
2024-05-28 02:00:00,7.5,8.8,31.0,122.5,31.0,122.5
2024-05-28 03:00:00,7.92,9.32,31.0,122.5,31.0,122.5
2024-05-28 04:00:00,7.85,9.24,31.0,122.5,31.0,122.5
2024-05-28 05:00:00,7.88,9.17,31.0,122.5,31.0,122.5
2024-05-28 06:00:00,8.2,9.6,31.0,122.5,31.0,122.5
2024-05-28 07:00:00,8.08,9.67,31.0,122.5,31.0,122.5
2024-05-28 08:00:00,7.95,9.74,31.0,122.5,31.0,122.5
2024-05-28 09:00:00,7.51,9.5,31.0,122.5,31.0,122.5
2024-05-28 10:00:00,6.5,8.3,31.0,122.5,31.0,122.5
2024-05-28 11:00:00,6.15,7.79,31.0,122.5,31.0,122.5
2024-05-28 12:00:00,5.65,6.94,31.0,122.5,31.0,122.5
2024-05-28 13:00:00,5.04,5.89,31.0,122.5,31.0,122.5
2024-05-28 14:00:00,4.98,5.81,31.0,122.5,31.0,122.5
2024-05-28 15:00:00,5.36,6.08,31.0,122.5,31.0,122.5
2024-05-28 16:00:00,5.85,6.69,31.0,122.5,31.0,122.5
2024-05-28 17:00:00,6.09,6.99,31.0,122.5,31.0,122.5
2024-05-28 18:00:00,6.16,6.94,31.0,122.5,31.0,122.5
2024-05-28 19:00:00,6.23,6.94,31.0,122.5,31.0,122.5
2024-05-28 20:00:00,6.21,6.85,31.0,122.5,31.0,122.5
2024-05-28 21:00:00,5.86,6.44,31.0,122.5,31.0,122.5
2024-05-28 22:00:00,4.92,5.41,31.0,122.5,31.0,122.5
2024-05-28 23:00:00,5.2,5.6,31.0,122.5,31.0,122.5
2024-05-29 00:00:00,6.0,6.51,31.0,122.5,31.0,122.5
2024-05-29 01:00:00,6.71,7.43,31.0,122.5,31.0,122.5
2024-05-29 02:00:00,6.45,7.16,31.0,122.5,31.0,122.5
2024-05-29 03:00:00,6.13,6.8,31.0,122.5,31.0,122.5
2024-05-29 04:00:00,5.77,6.44,31.0,122.5,31.0,122.5
2024-05-29 05:00:00,5.46,6.09,31.0,122.5,31.0,122.5
2024-05-29 06:00:00,5.47,6.14,31.0,122.5,31.0,122.5
2024-05-29 07:00:00,5.69,6.41,31.0,122.5,31.0,122.5
2024-05-29 08:00:00,5.82,6.9,31.0,122.5,31.0,122.5
2024-05-29 09:00:00,5.77,6.98,31.0,122.5,31.0,122.5
2024-05-29 10:00:00,5.85,7.13,31.0,122.5,31.0,122.5
2024-05-29 11:00:00,6.57,8.13,31.0,122.5,31.0,122.5
2024-05-29 12:00:00,7.38,8.88,31.0,122.5,31.0,122.5
2024-05-29 13:00:00,7.39,8.73,31.0,122.5,31.0,122.5
2024-05-29 14:00:00,7.38,8.65,31.0,122.5,31.0,122.5
2024-05-29 15:00:00,7.64,8.77,31.0,122.5,31.0,122.5
2024-05-29 16:00:00,7.43,8.42,31.0,122.5,31.0,122.5
2024-05-29 17:00:00,7.23,8.23,31.0,122.5,31.0,122.5
2024-05-29 18:00:00,7.17,8.11,31.0,122.5,31.0,122.5
2024-05-29 19:00:00,6.89,7.75,31.0,122.5,31.0,122.5
2024-05-29 20:00:00,6.61,7.4,31.0,122.5,31.0,122.5
2024-05-29 21:00:00,6.39,7.18,31.0,122.5,31.0,122.5
2024-05-29 22:00:00,5.52,6.13,31.0,122.5,31.0,122.5
2024-05-29 23:00:00,6.44,7.23,31.0,122.5,31.0,122.5
2024-05-30 00:00:00,6.73,7.73,31.0,122.5,31.0,122.5
2024-05-30 01:00:00,7.15,8.37,31.0,122.5,31.0,122.5
2024-05-30 02:00:00,6.38,7.8,31.0,122.5,31.0,122.5
2024-05-30 03:00:00,5.47,6.8,31.0,122.5,31.0,122.5
2024-05-30 04:00:00,5.55,7.08,31.0,122.5,31.0,122.5
2024-05-30 05:00:00,5.75,7.34,31.0,122.5,31.0,122.5
2024-05-30 06:00:00,5.23,6.82,31.0,122.5,31.0,122.5
2024-05-30 07:00:00,5.24,6.85,31.0,122.5,31.0,122.5
2024-05-30 08:00:00,4.41,5.99,31.0,122.5,31.0,122.5
2024-05-30 09:00:00,4.17,5.74,31.0,122.5,31.0,122.5
2024-05-30 10:00:00,2.62,3.14,31.0,122.5,31.0,122.5
2024-05-30 11:00:00,4.05,4.6,31.0,122.5,31.0,122.5
2024-05-30 12:00:00,5.38,6.68,31.0,122.5,31.0,122.5
2024-05-30 13:00:00,4.47,5.82,31.0,122.5,31.0,122.5
2024-05-30 14:00:00,4.25,5.6,31.0,122.5,31.0,122.5
2024-05-30 15:00:00,4.37,5.95,31.0,122.5,31.0,122.5
2024-05-30 16:00:00,3.4,4.95,31.0,122.5,31.0,122.5
2024-05-30 17:00:00,2.86,4.25,31.0,122.5,31.0,122.5
2024-05-30 18:00:00,2.15,3.36,31.0,122.5,31.0,122.5
2024-05-30 19:00:00,1.39,2.39,31.0,122.5,31.0,122.5
2024-05-30 20:00:00,2.24,3.01,31.0,122.5,31.0,122.5
2024-05-30 21:00:00,2.92,3.94,31.0,122.5,31.0,122.5
2024-05-30 22:00:00,3.01,3.62,31.0,122.5,31.0,122.5
2024-05-30 23:00:00,4.25,4.92,31.0,122.5,31.0,122.5
2024-05-31 00:00:00,5.06,5.64,31.0,122.5,31.0,122.5
2024-05-31 01:00:00,5.11,5.78,31.0,122.5,31.0,122.5
2024-05-31 02:00:00,4.85,5.46,31.0,122.5,31.0,122.5
2024-05-31 03:00:00,4.9,5.6,31.0,122.5,31.0,122.5
2024-05-31 04:00:00,4.75,5.46,31.0,122.5,31.0,122.5
2024-05-31 05:00:00,4.95,5.68,31.0,122.5,31.0,122.5
2024-05-31 06:00:00,4.48,5.06,31.0,122.5,31.0,122.5
2024-05-31 07:00:00,3.38,3.74,31.0,122.5,31.0,122.5
2024-05-31 08:00:00,2.83,3.04,31.0,122.5,31.0,122.5
2024-05-31 09:00:00,2.4,2.62,31.0,122.5,31.0,122.5
2024-05-31 10:00:00,1.3,1.36,31.0,122.5,31.0,122.5
2024-05-31 11:00:00,2.01,2.01,31.0,122.5,31.0,122.5
2024-05-31 12:00:00,2.3,2.5,31.0,122.5,31.0,122.5
2024-05-31 13:00:00,2.18,2.31,31.0,122.5,31.0,122.5
2024-05-31 14:00:00,1.7,1.84,31.0,122.5,31.0,122.5
2024-05-31 15:00:00,1.56,1.7,31.0,122.5,31.0,122.5
2024-05-31 16:00:00,1.61,1.7,31.0,122.5,31.0,122.5
2024-05-31 17:00:00,2.01,2.24,31.0,122.5,31.0,122.5
2024-05-31 18:00:00,2.95,3.31,31.0,122.5,31.0,122.5
2024-05-31 19:00:00,4.53,5.17,31.0,122.5,31.0,122.5
2024-05-31 20:00:00,5.27,5.99,31.0,122.5,31.0,122.5
2024-05-31 21:00:00,4.65,5.32,31.0,122.5,31.0,122.5
2024-05-31 22:00:00,4.35,5.11,31.0,122.5,31.0,122.5
2024-05-31 23:00:00,3.09,3.49,31.0,122.5,31.0,122.5
2024-06-01 00:00:00,4.34,4.88,31.0,122.5,31.0,122.5
2024-06-01 01:00:00,4.03,4.7,31.0,122.5,31.0,122.5
2024-06-01 02:00:00,3.52,3.96,31.0,122.5,31.0,122.5
2024-06-01 03:00:00,3.57,3.98,31.0,122.5,31.0,122.5
2024-06-01 04:00:00,3.8,4.2,31.0,122.5,31.0,122.5
2024-06-01 05:00:00,4.95,5.55,31.0,122.5,31.0,122.5
2024-06-01 06:00:00,5.74,6.5,31.0,122.5,31.0,122.5
2024-06-01 07:00:00,5.77,6.58,31.0,122.5,31.0,122.5
2024-06-01 08:00:00,5.63,6.35,31.0,122.5,31.0,122.5
2024-06-01 09:00:00,5.74,6.44,31.0,122.5,31.0,122.5
2024-06-01 10:00:00,5.88,6.38,31.0,122.5,31.0,122.5
2024-06-01 11:00:00,6.44,7.14,31.0,122.5,31.0,122.5
2024-06-01 12:00:00,6.36,6.93,31.0,122.5,31.0,122.5
2024-06-01 13:00:00,5.66,6.16,31.0,122.5,31.0,122.5
2024-06-01 14:00:00,4.97,5.33,31.0,122.5,31.0,122.5
2024-06-01 15:00:00,4.62,4.98,31.0,122.5,31.0,122.5
2024-06-01 16:00:00,4.81,5.23,31.0,122.5,31.0,122.5
2024-06-01 17:00:00,4.6,5.02,31.0,122.5,31.0,122.5
2024-06-01 18:00:00,3.75,4.03,31.0,122.5,31.0,122.5
2024-06-01 19:00:00,3.02,3.33,31.0,122.5,31.0,122.5
2024-06-01 20:00:00,2.88,3.05,31.0,122.5,31.0,122.5
2024-06-01 21:00:00,3.12,3.34,31.0,122.5,31.0,122.5
2024-06-01 22:00:00,3.5,3.72,31.0,122.5,31.0,122.5
2024-06-01 23:00:00,3.81,4.12,31.0,122.5,31.0,122.5
2024-06-02 00:00:00,4.27,4.68,31.0,122.5,31.0,122.5
2024-06-02 01:00:00,2.9,3.1,31.0,122.5,31.0,122.5
2024-06-02 02:00:00,2.06,2.16,31.0,122.5,31.0,122.5
2024-06-02 03:00:00,1.71,1.84,31.0,122.5,31.0,122.5
2024-06-02 04:00:00,1.21,1.3,31.0,122.5,31.0,122.5
2024-06-02 05:00:00,1.0,1.0,31.0,122.5,31.0,122.5
2024-06-02 06:00:00,1.2,1.3,31.0,122.5,31.0,122.5
2024-06-02 07:00:00,1.7,1.77,31.0,122.5,31.0,122.5
2024-06-02 08:00:00,2.46,2.68,31.0,122.5,31.0,122.5
2024-06-02 09:00:00,2.64,2.87,31.0,122.5,31.0,122.5
2024-06-02 10:00:00,2.14,2.36,31.0,122.5,31.0,122.5
2024-06-02 11:00:00,3.22,3.76,31.0,122.5,31.0,122.5
2024-06-02 12:00:00,2.56,3.08,31.0,122.5,31.0,122.5
2024-06-02 13:00:00,2.36,2.88,31.0,122.5,31.0,122.5
2024-06-02 14:00:00,1.8,2.21,31.0,122.5,31.0,122.5
2024-06-02 15:00:00,1.1,1.5,31.0,122.5,31.0,122.5
2024-06-02 16:00:00,0.6,1.0,31.0,122.5,31.0,122.5
2024-06-02 17:00:00,0.76,1.12,31.0,122.5,31.0,122.5
2024-06-02 18:00:00,0.82,1.3,31.0,122.5,31.0,122.5
2024-06-02 19:00:00,0.67,1.13,31.0,122.5,31.0,122.5
2024-06-02 20:00:00,1.22,1.57,31.0,122.5,31.0,122.5
2024-06-02 21:00:00,1.73,2.15,31.0,122.5,31.0,122.5
2024-06-02 22:00:00,2.47,3.16,31.0,122.5,31.0,122.5
2024-06-02 23:00:00,2.47,3.07,31.0,122.5,31.0,122.5
2024-06-03 00:00:00,2.53,3.2,31.0,122.5,31.0,122.5
2024-06-03 01:00:00,2.5,3.01,31.0,122.5,31.0,122.5
2024-06-03 02:00:00,3.22,3.68,31.0,122.5,31.0,122.5
2024-06-03 03:00:00,3.89,4.43,31.0,122.5,31.0,122.5
2024-06-03 04:00:00,4.0,4.74,31.0,122.5,31.0,122.5
2024-06-03 05:00:00,3.83,4.77,31.0,122.5,31.0,122.5
2024-06-03 06:00:00,3.97,4.74,31.0,122.5,31.0,122.5
2024-06-03 07:00:00,4.29,5.2,31.0,122.5,31.0,122.5
2024-06-03 08:00:00,4.52,5.74,31.0,122.5,31.0,122.5
2024-06-03 09:00:00,4.88,6.32,31.0,122.5,31.0,122.5
2024-06-03 10:00:00,4.81,6.26,31.0,122.5,31.0,122.5
2024-06-03 11:00:00,5.46,7.22,31.0,122.5,31.0,122.5
2024-06-03 12:00:00,6.11,8.17,31.0,122.5,31.0,122.5
2024-06-03 13:00:00,6.26,8.78,31.0,122.5,31.0,122.5
2024-06-03 14:00:00,6.02,8.46,31.0,122.5,31.0,122.5
2024-06-03 15:00:00,5.6,7.95,31.0,122.5,31.0,122.5
2024-06-03 16:00:00,4.85,6.78,31.0,122.5,31.0,122.5
2024-06-03 17:00:00,3.91,5.41,31.0,122.5,31.0,122.5
2024-06-03 18:00:00,3.33,4.49,31.0,122.5,31.0,122.5
2024-06-03 19:00:00,3.54,4.57,31.0,122.5,31.0,122.5
2024-06-03 20:00:00,4.47,5.18,31.0,122.5,31.0,122.5
2024-06-03 21:00:00,5.4,6.2,31.0,122.5,31.0,122.5
2024-06-03 22:00:00,5.85,6.57,31.0,122.5,31.0,122.5
2024-06-03 23:00:00,5.85,6.48,31.0,122.5,31.0,122.5
2024-06-04 00:00:00,5.57,6.11,31.0,122.5,31.0,122.5
2024-06-04 01:00:00,5.28,5.73,31.0,122.5,31.0,122.5
2024-06-04 02:00:00,4.8,5.3,31.0,122.5,31.0,122.5
2024-06-04 03:00:00,4.39,4.75,31.0,122.5,31.0,122.5
2024-06-04 04:00:00,4.4,4.9,31.0,122.5,31.0,122.5
2024-06-04 05:00:00,4.68,5.48,31.0,122.5,31.0,122.5
2024-06-04 06:00:00,5.14,6.26,31.0,122.5,31.0,122.5
2024-06-04 07:00:00,5.73,7.19,31.0,122.5,31.0,122.5
2024-06-04 08:00:00,6.36,8.02,31.0,122.5,31.0,122.5
2024-06-04 09:00:00,6.69,8.57,31.0,122.5,31.0,122.5
2024-06-04 10:00:00,6.58,8.36,31.0,122.5,31.0,122.5
2024-06-04 11:00:00,6.87,8.55,31.0,122.5,31.0,122.5
2024-06-04 12:00:00,6.87,8.38,31.0,122.5,31.0,122.5
2024-06-04 13:00:00,7.04,8.42,31.0,122.5,31.0,122.5
2024-06-04 14:00:00,7.54,8.78,31.0,122.5,31.0,122.5
2024-06-04 15:00:00,8.06,9.31,31.0,122.5,31.0,122.5
2024-06-04 16:00:00,7.96,9.22,31.0,122.5,31.0,122.5
2024-06-04 17:00:00,7.84,8.92,31.0,122.5,31.0,122.5
2024-06-04 18:00:00,7.88,8.96,31.0,122.5,31.0,122.5
2024-06-04 19:00:00,7.62,8.78,31.0,122.5,31.0,122.5
2024-06-04 20:00:00,7.07,8.06,31.0,122.5,31.0,122.5
2024-06-04 21:00:00,7.45,8.34,31.0,122.5,31.0,122.5
2024-06-04 22:00:00,7.65,8.72,31.0,122.5,31.0,122.5
2024-06-04 23:00:00,7.62,8.78,31.0,122.5,31.0,122.5
2024-06-05 00:00:00,6.8,7.65,31.0,122.5,31.0,122.5
2024-06-05 01:00:00,6.56,7.32,31.0,122.5,31.0,122.5
2024-06-05 02:00:00,6.84,7.63,31.0,122.5,31.0,122.5
2024-06-05 03:00:00,6.82,7.58,31.0,122.5,31.0,122.5
2024-06-05 04:00:00,6.64,7.36,31.0,122.5,31.0,122.5
2024-06-05 05:00:00,6.88,7.72,31.0,122.5,31.0,122.5
2024-06-05 06:00:00,6.34,7.04,31.0,122.5,31.0,122.5
2024-06-05 07:00:00,5.95,6.65,31.0,122.5,31.0,122.5
2024-06-05 08:00:00,5.66,6.3,31.0,122.5,31.0,122.5
2024-06-05 09:00:00,5.51,6.09,31.0,122.5,31.0,122.5
2024-06-05 10:00:00,4.5,5.0,31.0,122.5,31.0,122.5
2024-06-05 11:00:00,4.08,4.44,31.0,122.5,31.0,122.5
2024-06-05 12:00:00,3.61,3.92,31.0,122.5,31.0,122.5
2024-06-05 13:00:00,4.1,4.4,31.0,122.5,31.0,122.5
2024-06-05 14:00:00,4.87,5.16,31.0,122.5,31.0,122.5
2024-06-05 15:00:00,5.0,5.28,31.0,122.5,31.0,122.5
2024-06-05 16:00:00,5.03,5.41,31.0,122.5,31.0,122.5
2024-06-05 17:00:00,3.67,3.93,31.0,122.5,31.0,122.5
2024-06-05 18:00:00,1.21,1.53,31.0,122.5,31.0,122.5
2024-06-05 19:00:00,2.15,2.47,31.0,122.5,31.0,122.5
2024-06-05 20:00:00,3.8,4.3,31.0,122.5,31.0,122.5
2024-06-05 21:00:00,5.2,5.7,31.0,122.5,31.0,122.5
2024-06-05 22:00:00,5.4,5.8,31.0,122.5,31.0,122.5
2024-06-05 23:00:00,6.21,6.71,31.0,122.5,31.0,122.5
2024-06-06 00:00:00,6.02,6.42,31.0,122.5,31.0,122.5
2024-06-06 01:00:00,5.61,6.01,31.0,122.5,31.0,122.5
2024-06-06 02:00:00,5.1,5.4,31.0,122.5,31.0,122.5
2024-06-06 03:00:00,4.5,4.8,31.0,122.5,31.0,122.5
2024-06-06 04:00:00,4.2,4.5,31.0,122.5,31.0,122.5
2024-06-06 05:00:00,3.85,4.14,31.0,122.5,31.0,122.5
2024-06-06 06:00:00,4.12,4.34,31.0,122.5,31.0,122.5
2024-06-06 07:00:00,4.77,5.08,31.0,122.5,31.0,122.5
2024-06-06 08:00:00,4.91,5.32,31.0,122.5,31.0,122.5
2024-06-06 09:00:00,4.52,4.83,31.0,122.5,31.0,122.5
2024-06-06 10:00:00,3.8,4.1,31.0,122.5,31.0,122.5
2024-06-06 11:00:00,3.9,4.2,31.0,122.5,31.0,122.5
2024-06-06 12:00:00,3.72,3.92,31.0,122.5,31.0,122.5
2024-06-06 13:00:00,3.5,3.7,31.0,122.5,31.0,122.5
2024-06-06 14:00:00,3.21,3.41,31.0,122.5,31.0,122.5
2024-06-06 15:00:00,3.4,3.6,31.0,122.5,31.0,122.5
2024-06-06 16:00:00,3.21,3.41,31.0,122.5,31.0,122.5
2024-06-06 17:00:00,2.91,3.11,31.0,122.5,31.0,122.5
2024-06-06 18:00:00,3.37,3.59,31.0,122.5,31.0,122.5
2024-06-06 19:00:00,3.92,4.24,31.0,122.5,31.0,122.5
2024-06-06 20:00:00,3.9,4.25,31.0,122.5,31.0,122.5
2024-06-06 21:00:00,3.71,4.02,31.0,122.5,31.0,122.5
2024-06-06 22:00:00,2.66,2.8,31.0,122.5,31.0,122.5
2024-06-06 23:00:00,3.49,3.71,31.0,122.5,31.0,122.5
2024-06-07 00:00:00,3.53,3.8,31.0,122.5,31.0,122.5
2024-06-07 01:00:00,3.94,4.25,31.0,122.5,31.0,122.5
2024-06-07 02:00:00,4.34,4.79,31.0,122.5,31.0,122.5
2024-06-07 03:00:00,4.29,4.74,31.0,122.5,31.0,122.5
2024-06-07 04:00:00,4.97,5.64,31.0,122.5,31.0,122.5
2024-06-07 05:00:00,5.41,6.31,31.0,122.5,31.0,122.5
2024-06-07 06:00:00,4.65,5.59,31.0,122.5,31.0,122.5
2024-06-07 07:00:00,3.64,4.57,31.0,122.5,31.0,122.5
2024-06-07 08:00:00,4.08,5.1,31.0,122.5,31.0,122.5
2024-06-07 09:00:00,5.29,6.42,31.0,122.5,31.0,122.5
2024-06-07 10:00:00,5.63,6.39,31.0,122.5,31.0,122.5
2024-06-07 11:00:00,5.95,6.74,31.0,122.5,31.0,122.5
2024-06-07 12:00:00,6.5,7.52,31.0,122.5,31.0,122.5
2024-06-07 13:00:00,6.18,7.34,31.0,122.5,31.0,122.5
2024-06-07 14:00:00,5.35,6.59,31.0,122.5,31.0,122.5
2024-06-07 15:00:00,4.81,6.04,31.0,122.5,31.0,122.5
2024-06-07 16:00:00,4.59,5.7,31.0,122.5,31.0,122.5
2024-06-07 17:00:00,4.03,5.02,31.0,122.5,31.0,122.5
2024-06-07 18:00:00,4.1,4.85,31.0,122.5,31.0,122.5
2024-06-07 19:00:00,4.08,4.81,31.0,122.5,31.0,122.5
2024-06-07 20:00:00,3.69,4.2,31.0,122.5,31.0,122.5
2024-06-07 21:00:00,3.8,4.27,31.0,122.5,31.0,122.5
2024-06-07 22:00:00,4.42,5.02,31.0,122.5,31.0,122.5
2024-06-07 23:00:00,4.14,4.75,31.0,122.5,31.0,122.5
2024-06-08 00:00:00,3.96,4.65,31.0,122.5,31.0,122.5
2024-06-08 01:00:00,4.05,4.68,31.0,122.5,31.0,122.5
2024-06-08 02:00:00,3.96,4.46,31.0,122.5,31.0,122.5
2024-06-08 03:00:00,4.08,4.59,31.0,122.5,31.0,122.5
2024-06-08 04:00:00,4.24,4.85,31.0,122.5,31.0,122.5
2024-06-08 05:00:00,4.12,4.82,31.0,122.5,31.0,122.5
2024-06-08 06:00:00,3.92,4.72,31.0,122.5,31.0,122.5
2024-06-08 07:00:00,3.86,4.77,31.0,122.5,31.0,122.5
2024-06-08 08:00:00,3.61,4.65,31.0,122.5,31.0,122.5
2024-06-08 09:00:00,3.3,4.41,31.0,122.5,31.0,122.5
2024-06-08 10:00:00,3.05,4.2,31.0,122.5,31.0,122.5
2024-06-08 11:00:00,3.04,4.31,31.0,122.5,31.0,122.5
2024-06-08 12:00:00,2.47,3.58,31.0,122.5,31.0,122.5
2024-06-08 13:00:00,2.12,3.13,31.0,122.5,31.0,122.5
2024-06-08 14:00:00,1.28,2.14,31.0,122.5,31.0,122.5
2024-06-08 15:00:00,0.61,1.22,31.0,122.5,31.0,122.5
2024-06-08 16:00:00,0.89,0.76,31.0,122.5,31.0,122.5
2024-06-08 17:00:00,1.2,1.12,31.0,122.5,31.0,122.5
2024-06-08 18:00:00,1.71,1.6,31.0,122.5,31.0,122.5
2024-06-08 19:00:00,1.71,1.77,31.0,122.5,31.0,122.5
2024-06-08 20:00:00,2.42,2.83,31.0,122.5,31.0,122.5
2024-06-08 21:00:00,1.94,2.27,31.0,122.5,31.0,122.5
2024-06-08 22:00:00,2.16,2.41,31.0,122.5,31.0,122.5
2024-06-08 23:00:00,2.0,1.99,31.0,122.5,31.0,122.5
2024-06-09 00:00:00,2.33,2.51,31.0,122.5,31.0,122.5
2024-06-09 01:00:00,1.7,2.3,31.0,122.5,31.0,122.5
2024-06-09 02:00:00,1.35,1.88,31.0,122.5,31.0,122.5
2024-06-09 03:00:00,0.86,1.61,31.0,122.5,31.0,122.5
2024-06-09 04:00:00,0.78,0.32,31.0,122.5,31.0,122.5
2024-06-09 05:00:00,1.72,1.03,31.0,122.5,31.0,122.5
2024-06-09 06:00:00,3.01,2.72,31.0,122.5,31.0,122.5
2024-06-09 07:00:00,3.96,4.32,31.0,122.5,31.0,122.5
2024-06-09 08:00:00,3.91,4.98,31.0,122.5,31.0,122.5
2024-06-09 09:00:00,4.14,5.42,31.0,122.5,31.0,122.5
2024-06-09 10:00:00,3.95,5.22,31.0,122.5,31.0,122.5
2024-06-09 11:00:00,4.84,6.51,31.0,122.5,31.0,122.5
2024-06-09 12:00:00,5.31,7.4,31.0,122.5,31.0,122.5
2024-06-09 13:00:00,5.4,7.63,31.0,122.5,31.0,122.5
2024-06-09 14:00:00,5.11,7.37,31.0,122.5,31.0,122.5
2024-06-09 15:00:00,5.66,7.84,31.0,122.5,31.0,122.5
2024-06-09 16:00:00,6.14,8.39,31.0,122.5,31.0,122.5
2024-06-09 17:00:00,6.82,9.08,31.0,122.5,31.0,122.5
2024-06-09 18:00:00,6.48,9.05,31.0,122.5,31.0,122.5
2024-06-09 19:00:00,6.33,8.42,31.0,122.5,31.0,122.5
2024-06-09 20:00:00,5.79,7.92,31.0,122.5,31.0,122.5
2024-06-09 21:00:00,5.05,6.75,31.0,122.5,31.0,122.5
2024-06-09 22:00:00,5.75,7.69,31.0,122.5,31.0,122.5
2024-06-09 23:00:00,4.92,6.66,31.0,122.5,31.0,122.5
2024-06-10 00:00:00,4.09,5.26,31.0,122.5,31.0,122.5
2024-06-10 01:00:00,5.93,6.94,31.0,122.5,31.0,122.5
2024-06-10 02:00:00,6.61,7.41,31.0,122.5,31.0,122.5
2024-06-10 03:00:00,6.4,7.2,31.0,122.5,31.0,122.5
2024-06-10 04:00:00,7.11,8.03,31.0,122.5,31.0,122.5
2024-06-10 05:00:00,7.35,8.34,31.0,122.5,31.0,122.5
2024-06-10 06:00:00,6.36,7.21,31.0,122.5,31.0,122.5
2024-06-10 07:00:00,6.76,7.57,31.0,122.5,31.0,122.5
2024-06-10 08:00:00,6.94,7.8,31.0,122.5,31.0,122.5
2024-06-10 09:00:00,6.73,7.65,31.0,122.5,31.0,122.5
2024-06-10 10:00:00,5.26,5.76,31.0,122.5,31.0,122.5
2024-06-10 11:00:00,6.5,7.22,31.0,122.5,31.0,122.5
2024-06-10 12:00:00,7.56,8.48,31.0,122.5,31.0,122.5
2024-06-10 13:00:00,8.25,9.39,31.0,122.5,31.0,122.5
2024-06-10 14:00:00,7.31,8.31,31.0,122.5,31.0,122.5
2024-06-10 15:00:00,7.44,8.36,31.0,122.5,31.0,122.5
2024-06-10 16:00:00,7.81,8.87,31.0,122.5,31.0,122.5
2024-06-10 17:00:00,7.6,8.54,31.0,122.5,31.0,122.5
2024-06-10 18:00:00,6.4,7.43,31.0,122.5,31.0,122.5
2024-06-10 19:00:00,5.16,5.96,31.0,122.5,31.0,122.5
2024-06-10 20:00:00,4.31,4.88,31.0,122.5,31.0,122.5
2024-06-10 21:00:00,4.14,4.76,31.0,122.5,31.0,122.5
2024-06-10 22:00:00,4.55,5.34,31.0,122.5,31.0,122.5
2024-06-10 23:00:00,5.3,6.38,31.0,122.5,31.0,122.5
2024-06-11 00:00:00,5.63,6.86,31.0,122.5,31.0,122.5
2024-06-11 01:00:00,5.57,6.96,31.0,122.5,31.0,122.5
2024-06-11 02:00:00,6.38,8.01,31.0,122.5,31.0,122.5
2024-06-11 03:00:00,6.78,8.88,31.0,122.5,31.0,122.5
2024-06-11 04:00:00,7.8,10.1,31.0,122.5,31.0,122.5
2024-06-11 05:00:00,6.54,8.52,31.0,122.5,31.0,122.5
2024-06-11 06:00:00,6.4,8.01,31.0,122.5,31.0,122.5
2024-06-11 07:00:00,6.26,7.93,31.0,122.5,31.0,122.5
2024-06-11 08:00:00,6.0,7.74,31.0,122.5,31.0,122.5
2024-06-11 09:00:00,5.78,7.47,31.0,122.5,31.0,122.5
2024-06-11 10:00:00,5.81,6.71,31.0,122.5,31.0,122.5
2024-06-11 11:00:00,6.49,7.65,31.0,122.5,31.0,122.5
2024-06-11 12:00:00,6.93,8.32,31.0,122.5,31.0,122.5
2024-06-11 13:00:00,7.0,8.52,31.0,122.5,31.0,122.5
2024-06-11 14:00:00,6.46,7.89,31.0,122.5,31.0,122.5
2024-06-11 15:00:00,6.02,7.62,31.0,122.5,31.0,122.5
2024-06-11 16:00:00,6.35,8.01,31.0,122.5,31.0,122.5
2024-06-11 17:00:00,6.94,8.52,31.0,122.5,31.0,122.5
2024-06-11 18:00:00,6.44,7.85,31.0,122.5,31.0,122.5
2024-06-11 19:00:00,5.37,7.14,31.0,122.5,31.0,122.5
2024-06-11 20:00:00,4.81,6.37,31.0,122.5,31.0,122.5
2024-06-11 21:00:00,4.2,5.52,31.0,122.5,31.0,122.5
2024-06-11 22:00:00,3.59,4.55,31.0,122.5,31.0,122.5
2024-06-11 23:00:00,3.71,4.95,31.0,122.5,31.0,122.5
2024-06-12 00:00:00,3.51,4.63,31.0,122.5,31.0,122.5
2024-06-12 01:00:00,3.62,4.77,31.0,122.5,31.0,122.5
2024-06-12 02:00:00,3.54,4.61,31.0,122.5,31.0,122.5
2024-06-12 03:00:00,3.55,4.54,31.0,122.5,31.0,122.5
2024-06-12 04:00:00,3.62,4.7,31.0,122.5,31.0,122.5
2024-06-12 05:00:00,2.59,3.5,31.0,122.5,31.0,122.5
2024-06-12 06:00:00,2.5,3.1,31.0,122.5,31.0,122.5
2024-06-12 07:00:00,2.55,3.04,31.0,122.5,31.0,122.5
2024-06-12 08:00:00,2.42,3.08,31.0,122.5,31.0,122.5
2024-06-12 09:00:00,1.97,2.58,31.0,122.5,31.0,122.5
2024-06-12 10:00:00,2.5,2.73,31.0,122.5,31.0,122.5
2024-06-12 11:00:00,3.0,3.42,31.0,122.5,31.0,122.5
2024-06-12 12:00:00,3.11,3.85,31.0,122.5,31.0,122.5
2024-06-12 13:00:00,2.72,3.28,31.0,122.5,31.0,122.5
2024-06-12 14:00:00,2.5,3.14,31.0,122.5,31.0,122.5
2024-06-12 15:00:00,2.42,3.11,31.0,122.5,31.0,122.5
2024-06-12 16:00:00,2.86,3.64,31.0,122.5,31.0,122.5
2024-06-12 17:00:00,2.56,3.28,31.0,122.5,31.0,122.5
2024-06-12 18:00:00,2.27,2.78,31.0,122.5,31.0,122.5
2024-06-12 19:00:00,1.94,2.0,31.0,122.5,31.0,122.5
2024-06-12 20:00:00,2.12,1.84,31.0,122.5,31.0,122.5
2024-06-12 21:00:00,2.67,2.4,31.0,122.5,31.0,122.5
2024-06-12 22:00:00,2.21,1.9,31.0,122.5,31.0,122.5
2024-06-12 23:00:00,2.77,2.33,31.0,122.5,31.0,122.5
2024-06-13 00:00:00,3.1,3.0,31.0,122.5,31.0,122.5
2024-06-13 01:00:00,3.81,3.79,31.0,122.5,31.0,122.5
2024-06-13 02:00:00,3.67,3.98,31.0,122.5,31.0,122.5
2024-06-13 03:00:00,3.35,3.95,31.0,122.5,31.0,122.5
2024-06-13 04:00:00,3.86,4.52,31.0,122.5,31.0,122.5
2024-06-13 05:00:00,3.82,4.6,31.0,122.5,31.0,122.5
2024-06-13 06:00:00,3.78,4.7,31.0,122.5,31.0,122.5
2024-06-13 07:00:00,3.36,4.22,31.0,122.5,31.0,122.5
2024-06-13 08:00:00,3.11,4.02,31.0,122.5,31.0,122.5
2024-06-13 09:00:00,3.33,4.39,31.0,122.5,31.0,122.5
2024-06-13 10:00:00,3.94,5.24,31.0,122.5,31.0,122.5
2024-06-13 11:00:00,3.84,5.08,31.0,122.5,31.0,122.5
2024-06-13 12:00:00,3.96,5.32,31.0,122.5,31.0,122.5
2024-06-13 13:00:00,4.56,6.19,31.0,122.5,31.0,122.5
2024-06-13 14:00:00,4.79,6.35,31.0,122.5,31.0,122.5
2024-06-13 15:00:00,4.52,6.0,31.0,122.5,31.0,122.5
2024-06-13 16:00:00,4.66,6.22,31.0,122.5,31.0,122.5
2024-06-13 17:00:00,4.88,6.41,31.0,122.5,31.0,122.5
2024-06-13 18:00:00,5.19,6.69,31.0,122.5,31.0,122.5
2024-06-13 19:00:00,4.92,6.26,31.0,122.5,31.0,122.5
2024-06-13 20:00:00,4.47,5.51,31.0,122.5,31.0,122.5
2024-06-13 21:00:00,4.28,5.19,31.0,122.5,31.0,122.5
2024-06-13 22:00:00,3.83,4.83,31.0,122.5,31.0,122.5
2024-06-13 23:00:00,4.56,5.75,31.0,122.5,31.0,122.5
2024-06-14 00:00:00,5.05,6.49,31.0,122.5,31.0,122.5
2024-06-14 01:00:00,4.69,5.95,31.0,122.5,31.0,122.5
2024-06-14 02:00:00,4.22,5.55,31.0,122.5,31.0,122.5
2024-06-14 03:00:00,3.78,4.99,31.0,122.5,31.0,122.5
2024-06-14 04:00:00,3.69,4.88,31.0,122.5,31.0,122.5
2024-06-14 05:00:00,3.88,4.98,31.0,122.5,31.0,122.5
2024-06-14 06:00:00,4.16,5.54,31.0,122.5,31.0,122.5
2024-06-14 07:00:00,4.55,6.16,31.0,122.5,31.0,122.5
2024-06-14 08:00:00,4.42,6.23,31.0,122.5,31.0,122.5
2024-06-14 09:00:00,4.8,6.58,31.0,122.5,31.0,122.5
2024-06-14 10:00:00,4.09,5.56,31.0,122.5,31.0,122.5
2024-06-14 11:00:00,3.93,5.46,31.0,122.5,31.0,122.5
2024-06-14 12:00:00,4.05,5.55,31.0,122.5,31.0,122.5
2024-06-14 13:00:00,4.17,5.85,31.0,122.5,31.0,122.5
2024-06-14 14:00:00,3.91,5.44,31.0,122.5,31.0,122.5
2024-06-14 15:00:00,2.95,4.22,31.0,122.5,31.0,122.5
2024-06-14 16:00:00,2.93,3.86,31.0,122.5,31.0,122.5
2024-06-14 17:00:00,2.9,3.61,31.0,122.5,31.0,122.5
2024-06-14 18:00:00,2.22,2.88,31.0,122.5,31.0,122.5
2024-06-14 19:00:00,2.14,2.64,31.0,122.5,31.0,122.5
2024-06-14 20:00:00,2.45,2.95,31.0,122.5,31.0,122.5
2024-06-14 21:00:00,2.3,2.67,31.0,122.5,31.0,122.5
2024-06-14 22:00:00,2.32,2.14,31.0,122.5,31.0,122.5
2024-06-14 23:00:00,3.28,3.31,31.0,122.5,31.0,122.5
2024-06-15 00:00:00,3.48,3.81,31.0,122.5,31.0,122.5
2024-06-15 01:00:00,2.8,3.19,31.0,122.5,31.0,122.5
2024-06-15 02:00:00,2.88,3.36,31.0,122.5,31.0,122.5
2024-06-15 03:00:00,3.12,3.61,31.0,122.5,31.0,122.5
2024-06-15 04:00:00,2.86,3.22,31.0,122.5,31.0,122.5
2024-06-15 05:00:00,2.2,2.5,31.0,122.5,31.0,122.5
2024-06-15 06:00:00,1.5,1.66,31.0,122.5,31.0,122.5
2024-06-15 07:00:00,0.32,0.41,31.0,122.5,31.0,122.5
2024-06-15 08:00:00,0.76,0.76,31.0,122.5,31.0,122.5
2024-06-15 09:00:00,0.2,0.2,31.0,122.5,31.0,122.5
2024-06-15 10:00:00,0.51,0.61,31.0,122.5,31.0,122.5
2024-06-15 11:00:00,0.92,1.0,31.0,122.5,31.0,122.5
2024-06-15 12:00:00,1.33,1.5,31.0,122.5,31.0,122.5
2024-06-15 13:00:00,1.62,1.82,31.0,122.5,31.0,122.5
2024-06-15 14:00:00,1.64,1.75,31.0,122.5,31.0,122.5
2024-06-15 15:00:00,2.0,2.15,31.0,122.5,31.0,122.5
2024-06-15 16:00:00,1.58,1.9,31.0,122.5,31.0,122.5
2024-06-15 17:00:00,1.17,1.4,31.0,122.5,31.0,122.5
2024-06-15 18:00:00,1.88,2.12,31.0,122.5,31.0,122.5
2024-06-15 19:00:00,2.72,3.21,31.0,122.5,31.0,122.5
2024-06-15 20:00:00,2.79,3.34,31.0,122.5,31.0,122.5
2024-06-15 21:00:00,3.55,4.18,31.0,122.5,31.0,122.5
2024-06-15 22:00:00,2.48,2.64,31.0,122.5,31.0,122.5
2024-06-15 23:00:00,2.77,2.66,31.0,122.5,31.0,122.5
2024-06-16 00:00:00,3.5,3.6,31.0,122.5,31.0,122.5
2024-06-16 01:00:00,3.54,3.93,31.0,122.5,31.0,122.5
2024-06-16 02:00:00,3.67,4.3,31.0,122.5,31.0,122.5
2024-06-16 03:00:00,3.76,4.39,31.0,122.5,31.0,122.5
2024-06-16 04:00:00,3.34,3.94,31.0,122.5,31.0,122.5
2024-06-16 05:00:00,2.05,2.48,31.0,122.5,31.0,122.5
2024-06-16 06:00:00,1.84,2.02,31.0,122.5,31.0,122.5
2024-06-16 07:00:00,2.67,2.89,31.0,122.5,31.0,122.5
2024-06-16 08:00:00,3.57,3.83,31.0,122.5,31.0,122.5
2024-06-16 09:00:00,4.02,4.54,31.0,122.5,31.0,122.5
2024-06-16 10:00:00,4.15,5.0,31.0,122.5,31.0,122.5
2024-06-16 11:00:00,5.32,6.69,31.0,122.5,31.0,122.5
2024-06-16 12:00:00,6.15,7.84,31.0,122.5,31.0,122.5
2024-06-16 13:00:00,5.82,7.43,31.0,122.5,31.0,122.5
2024-06-16 14:00:00,6.44,8.07,31.0,122.5,31.0,122.5
2024-06-16 15:00:00,6.46,7.93,31.0,122.5,31.0,122.5
2024-06-16 16:00:00,5.95,7.03,31.0,122.5,31.0,122.5
2024-06-16 17:00:00,4.39,5.23,31.0,122.5,31.0,122.5
2024-06-16 18:00:00,3.34,4.06,31.0,122.5,31.0,122.5
2024-06-16 19:00:00,2.69,3.04,31.0,122.5,31.0,122.5
2024-06-16 20:00:00,3.55,3.86,31.0,122.5,31.0,122.5
2024-06-16 21:00:00,4.8,5.2,31.0,122.5,31.0,122.5
2024-06-16 22:00:00,6.76,7.76,31.0,122.5,31.0,122.5
2024-06-16 23:00:00,7.22,8.1,31.0,122.5,31.0,122.5
2024-06-17 00:00:00,8.3,9.26,31.0,122.5,31.0,122.5
2024-06-17 01:00:00,9.2,10.45,31.0,122.5,31.0,122.5
2024-06-17 02:00:00,9.24,10.51,31.0,122.5,31.0,122.5
2024-06-17 03:00:00,8.81,10.0,31.0,122.5,31.0,122.5
2024-06-17 04:00:00,8.72,9.93,31.0,122.5,31.0,122.5
2024-06-17 05:00:00,7.98,9.02,31.0,122.5,31.0,122.5
2024-06-17 06:00:00,7.69,8.81,31.0,122.5,31.0,122.5
2024-06-17 07:00:00,7.41,8.35,31.0,122.5,31.0,122.5
2024-06-17 08:00:00,7.41,8.29,31.0,122.5,31.0,122.5
2024-06-17 09:00:00,6.91,7.71,31.0,122.5,31.0,122.5
2024-06-17 10:00:00,5.66,6.22,31.0,122.5,31.0,122.5
2024-06-17 11:00:00,5.47,5.97,31.0,122.5,31.0,122.5
2024-06-17 12:00:00,4.96,5.33,31.0,122.5,31.0,122.5
2024-06-17 13:00:00,4.56,4.98,31.0,122.5,31.0,122.5
2024-06-17 14:00:00,4.3,4.58,31.0,122.5,31.0,122.5
2024-06-17 15:00:00,3.35,3.62,31.0,122.5,31.0,122.5
2024-06-17 16:00:00,2.45,2.55,31.0,122.5,31.0,122.5
2024-06-17 17:00:00,2.11,2.2,31.0,122.5,31.0,122.5
2024-06-17 18:00:00,2.2,2.3,31.0,122.5,31.0,122.5
2024-06-17 19:00:00,2.06,2.16,31.0,122.5,31.0,122.5
2024-06-17 20:00:00,1.94,1.96,31.0,122.5,31.0,122.5
2024-06-17 21:00:00,1.9,2.0,31.0,122.5,31.0,122.5
2024-06-17 22:00:00,1.3,1.3,31.0,122.5,31.0,122.5
2024-06-17 23:00:00,2.2,2.2,31.0,122.5,31.0,122.5
2024-06-18 00:00:00,3.01,3.2,31.0,122.5,31.0,122.5
2024-06-18 01:00:00,3.2,3.4,31.0,122.5,31.0,122.5
2024-06-18 02:00:00,3.54,3.86,31.0,122.5,31.0,122.5
2024-06-18 03:00:00,4.44,4.74,31.0,122.5,31.0,122.5
2024-06-18 04:00:00,5.3,5.8,31.0,122.5,31.0,122.5
2024-06-18 05:00:00,5.72,6.26,31.0,122.5,31.0,122.5
2024-06-18 06:00:00,6.07,6.71,31.0,122.5,31.0,122.5
2024-06-18 07:00:00,6.2,6.93,31.0,122.5,31.0,122.5
2024-06-18 08:00:00,5.96,6.82,31.0,122.5,31.0,122.5
2024-06-18 09:00:00,6.02,6.86,31.0,122.5,31.0,122.5
2024-06-18 10:00:00,5.68,6.31,31.0,122.5,31.0,122.5
2024-06-18 11:00:00,5.88,6.46,31.0,122.5,31.0,122.5
2024-06-18 12:00:00,6.49,7.24,31.0,122.5,31.0,122.5
2024-06-18 13:00:00,7.29,8.14,31.0,122.5,31.0,122.5
2024-06-18 14:00:00,7.88,8.86,31.0,122.5,31.0,122.5
2024-06-18 15:00:00,7.65,8.63,31.0,122.5,31.0,122.5
2024-06-18 16:00:00,7.69,8.68,31.0,122.5,31.0,122.5
2024-06-18 17:00:00,7.93,8.96,31.0,122.5,31.0,122.5
2024-06-18 18:00:00,7.91,9.13,31.0,122.5,31.0,122.5
2024-06-18 19:00:00,8.5,9.78,31.0,122.5,31.0,122.5
2024-06-18 20:00:00,8.56,9.76,31.0,122.5,31.0,122.5
2024-06-18 21:00:00,8.78,10.06,31.0,122.5,31.0,122.5
2024-06-18 22:00:00,8.72,9.88,31.0,122.5,31.0,122.5
2024-06-18 23:00:00,9.68,11.15,31.0,122.5,31.0,122.5
2024-06-19 00:00:00,10.29,11.99,31.0,122.5,31.0,122.5
2024-06-19 01:00:00,10.34,12.06,31.0,122.5,31.0,122.5
2024-06-19 02:00:00,9.88,11.92,31.0,122.5,31.0,122.5
2024-06-19 03:00:00,8.71,10.33,31.0,122.5,31.0,122.5
2024-06-19 04:00:00,7.43,8.95,31.0,122.5,31.0,122.5
2024-06-19 05:00:00,6.5,8.01,31.0,122.5,31.0,122.5
2024-06-19 06:00:00,6.17,7.78,31.0,122.5,31.0,122.5
2024-06-19 07:00:00,6.16,8.06,31.0,122.5,31.0,122.5
2024-06-19 08:00:00,6.9,9.01,31.0,122.5,31.0,122.5
2024-06-19 09:00:00,6.8,9.04,31.0,122.5,31.0,122.5
2024-06-19 10:00:00,5.1,6.71,31.0,122.5,31.0,122.5
2024-06-19 11:00:00,6.36,8.54,31.0,122.5,31.0,122.5
2024-06-19 12:00:00,8.1,10.91,31.0,122.5,31.0,122.5
2024-06-19 13:00:00,8.54,11.95,31.0,122.5,31.0,122.5
2024-06-19 14:00:00,9.02,12.18,31.0,122.5,31.0,122.5
2024-06-19 15:00:00,9.27,12.58,31.0,122.5,31.0,122.5
2024-06-19 16:00:00,9.1,12.51,31.0,122.5,31.0,122.5
2024-06-19 17:00:00,8.76,11.99,31.0,122.5,31.0,122.5
2024-06-19 18:00:00,8.3,11.31,31.0,122.5,31.0,122.5
2024-06-19 19:00:00,8.41,11.38,31.0,122.5,31.0,122.5
2024-06-19 20:00:00,8.54,11.59,31.0,122.5,31.0,122.5
2024-06-19 21:00:00,8.51,11.5,31.0,122.5,31.0,122.5
2024-06-19 22:00:00,8.77,11.73,31.0,122.5,31.0,122.5
2024-06-19 23:00:00,9.15,12.4,31.0,122.5,31.0,122.5
2024-06-20 00:00:00,8.73,11.94,31.0,122.5,31.0,122.5
2024-06-20 01:00:00,8.45,11.55,31.0,122.5,31.0,122.5
2024-06-20 02:00:00,8.85,11.9,31.0,122.5,31.0,122.5
2024-06-20 03:00:00,9.21,12.26,31.0,122.5,31.0,122.5
2024-06-20 04:00:00,9.21,12.21,31.0,122.5,31.0,122.5
2024-06-20 05:00:00,7.94,10.69,31.0,122.5,31.0,122.5
2024-06-20 06:00:00,6.31,8.45,31.0,122.5,31.0,122.5
2024-06-20 07:00:00,5.22,7.11,31.0,122.5,31.0,122.5
2024-06-20 08:00:00,5.12,7.05,31.0,122.5,31.0,122.5
2024-06-20 09:00:00,4.68,6.55,31.0,122.5,31.0,122.5
2024-06-20 10:00:00,4.64,6.85,31.0,122.5,31.0,122.5
2024-06-20 11:00:00,4.74,6.51,31.0,122.5,31.0,122.5
2024-06-20 12:00:00,4.39,5.83,31.0,122.5,31.0,122.5
2024-06-20 13:00:00,4.37,5.56,31.0,122.5,31.0,122.5
2024-06-20 14:00:00,4.92,6.39,31.0,122.5,31.0,122.5
2024-06-20 15:00:00,5.14,7.15,31.0,122.5,31.0,122.5
2024-06-20 16:00:00,4.88,6.96,31.0,122.5,31.0,122.5
2024-06-20 17:00:00,4.74,6.71,31.0,122.5,31.0,122.5
2024-06-20 18:00:00,5.23,7.3,31.0,122.5,31.0,122.5
2024-06-20 19:00:00,5.17,7.32,31.0,122.5,31.0,122.5
2024-06-20 20:00:00,4.74,6.85,31.0,122.5,31.0,122.5
2024-06-20 21:00:00,4.2,6.04,31.0,122.5,31.0,122.5
2024-06-20 22:00:00,2.7,4.2,31.0,122.5,31.0,122.5
2024-06-20 23:00:00,4.18,5.84,31.0,122.5,31.0,122.5
2024-06-21 00:00:00,3.97,6.02,31.0,122.5,31.0,122.5
2024-06-21 01:00:00,2.91,4.56,31.0,122.5,31.0,122.5
2024-06-21 02:00:00,3.22,4.1,31.0,122.5,31.0,122.5
2024-06-21 03:00:00,5.1,6.66,31.0,122.5,31.0,122.5
2024-06-21 04:00:00,5.75,7.77,31.0,122.5,31.0,122.5
2024-06-21 05:00:00,2.97,4.3,31.0,122.5,31.0,122.5
2024-06-21 06:00:00,2.22,3.28,31.0,122.5,31.0,122.5
2024-06-21 07:00:00,2.81,3.74,31.0,122.5,31.0,122.5
2024-06-21 08:00:00,4.2,5.6,31.0,122.5,31.0,122.5
2024-06-21 09:00:00,5.55,7.71,31.0,122.5,31.0,122.5
2024-06-21 10:00:00,4.46,6.41,31.0,122.5,31.0,122.5
2024-06-21 11:00:00,3.18,4.64,31.0,122.5,31.0,122.5
2024-06-21 12:00:00,2.77,3.41,31.0,122.5,31.0,122.5
2024-06-21 13:00:00,4.72,5.51,31.0,122.5,31.0,122.5
2024-06-21 14:00:00,6.2,8.47,31.0,122.5,31.0,122.5
2024-06-21 15:00:00,5.71,8.0,31.0,122.5,31.0,122.5
2024-06-21 16:00:00,6.3,8.88,31.0,122.5,31.0,122.5
2024-06-21 17:00:00,7.1,10.17,31.0,122.5,31.0,122.5
2024-06-21 18:00:00,7.65,11.02,31.0,122.5,31.0,122.5
2024-06-21 19:00:00,7.63,11.14,31.0,122.5,31.0,122.5
2024-06-21 20:00:00,8.1,11.86,31.0,122.5,31.0,122.5
2024-06-21 21:00:00,8.76,12.65,31.0,122.5,31.0,122.5
2024-06-21 22:00:00,9.3,13.17,31.0,122.5,31.0,122.5
2024-06-21 23:00:00,8.78,12.75,31.0,122.5,31.0,122.5
2024-06-22 00:00:00,8.01,11.7,31.0,122.5,31.0,122.5
2024-06-22 01:00:00,7.63,11.14,31.0,122.5,31.0,122.5
2024-06-22 02:00:00,7.36,10.9,31.0,122.5,31.0,122.5
2024-06-22 03:00:00,6.74,10.06,31.0,122.5,31.0,122.5
2024-06-22 04:00:00,6.12,8.99,31.0,122.5,31.0,122.5
2024-06-22 05:00:00,5.95,8.53,31.0,122.5,31.0,122.5
2024-06-22 06:00:00,6.4,9.1,31.0,122.5,31.0,122.5
2024-06-22 07:00:00,5.89,8.71,31.0,122.5,31.0,122.5
2024-06-22 08:00:00,4.4,6.48,31.0,122.5,31.0,122.5
2024-06-22 09:00:00,4.0,5.76,31.0,122.5,31.0,122.5
2024-06-22 10:00:00,2.44,3.9,31.0,122.5,31.0,122.5
2024-06-22 11:00:00,1.62,3.01,31.0,122.5,31.0,122.5
2024-06-22 12:00:00,1.5,1.36,31.0,122.5,31.0,122.5
2024-06-22 13:00:00,3.42,3.0,31.0,122.5,31.0,122.5
2024-06-22 14:00:00,5.15,6.6,31.0,122.5,31.0,122.5
2024-06-22 15:00:00,6.11,8.61,31.0,122.5,31.0,122.5
2024-06-22 16:00:00,7.16,10.41,31.0,122.5,31.0,122.5
2024-06-22 17:00:00,8.25,11.9,31.0,122.5,31.0,122.5
2024-06-22 18:00:00,9.67,13.44,31.0,122.5,31.0,122.5
2024-06-22 19:00:00,9.76,13.66,31.0,122.5,31.0,122.5
2024-06-22 20:00:00,10.99,15.1,31.0,122.5,31.0,122.5
2024-06-22 21:00:00,10.21,13.9,31.0,122.5,31.0,122.5
2024-06-22 22:00:00,6.53,8.82,31.0,122.5,31.0,122.5
2024-06-22 23:00:00,5.55,7.6,31.0,122.5,31.0,122.5
2024-06-23 00:00:00,5.73,7.79,31.0,122.5,31.0,122.5
2024-06-23 01:00:00,4.43,6.33,31.0,122.5,31.0,122.5
2024-06-23 02:00:00,5.63,7.34,31.0,122.5,31.0,122.5
2024-06-23 03:00:00,5.49,7.02,31.0,122.5,31.0,122.5
2024-06-23 04:00:00,4.55,5.75,31.0,122.5,31.0,122.5
2024-06-23 05:00:00,6.5,8.23,31.0,122.5,31.0,122.5
2024-06-23 06:00:00,6.95,8.92,31.0,122.5,31.0,122.5
2024-06-23 07:00:00,6.61,8.39,31.0,122.5,31.0,122.5
2024-06-23 08:00:00,5.57,6.96,31.0,122.5,31.0,122.5
2024-06-23 09:00:00,4.85,5.95,31.0,122.5,31.0,122.5
2024-06-23 10:00:00,5.39,6.2,31.0,122.5,31.0,122.5
2024-06-23 11:00:00,6.52,7.64,31.0,122.5,31.0,122.5
2024-06-23 12:00:00,6.52,7.64,31.0,122.5,31.0,122.5
2024-06-23 13:00:00,6.16,7.42,31.0,122.5,31.0,122.5
2024-06-23 14:00:00,5.87,7.14,31.0,122.5,31.0,122.5
2024-06-23 15:00:00,5.52,6.95,31.0,122.5,31.0,122.5
2024-06-23 16:00:00,5.66,7.14,31.0,122.5,31.0,122.5
2024-06-23 17:00:00,5.52,6.89,31.0,122.5,31.0,122.5
2024-06-23 18:00:00,4.56,5.85,31.0,122.5,31.0,122.5
2024-06-23 19:00:00,4.12,5.44,31.0,122.5,31.0,122.5
2024-06-23 20:00:00,4.12,5.48,31.0,122.5,31.0,122.5
2024-06-23 21:00:00,2.86,3.97,31.0,122.5,31.0,122.5
2024-06-23 22:00:00,2.11,2.24,31.0,122.5,31.0,122.5
2024-06-23 23:00:00,3.21,3.52,31.0,122.5,31.0,122.5
2024-06-24 00:00:00,3.11,3.93,31.0,122.5,31.0,122.5
2024-06-24 01:00:00,0.7,0.92,31.0,122.5,31.0,122.5
2024-06-24 02:00:00,3.01,4.6,31.0,122.5,31.0,122.5
2024-06-24 03:00:00,2.69,4.33,31.0,122.5,31.0,122.5
2024-06-24 04:00:00,5.02,6.46,31.0,122.5,31.0,122.5
2024-06-24 05:00:00,6.5,7.7,31.0,122.5,31.0,122.5
2024-06-24 06:00:00,5.31,6.6,31.0,122.5,31.0,122.5
2024-06-24 07:00:00,2.5,3.1,31.0,122.5,31.0,122.5
2024-06-24 08:00:00,3.51,3.81,31.0,122.5,31.0,122.5
2024-06-24 09:00:00,6.07,6.64,31.0,122.5,31.0,122.5
2024-06-24 10:00:00,4.32,4.72,31.0,122.5,31.0,122.5
2024-06-24 11:00:00,2.66,2.94,31.0,122.5,31.0,122.5
2024-06-24 12:00:00,3.64,3.83,31.0,122.5,31.0,122.5
2024-06-24 13:00:00,4.46,4.78,31.0,122.5,31.0,122.5
2024-06-24 14:00:00,4.88,5.45,31.0,122.5,31.0,122.5
2024-06-24 15:00:00,5.17,5.87,31.0,122.5,31.0,122.5
2024-06-24 16:00:00,5.33,5.86,31.0,122.5,31.0,122.5
2024-06-24 17:00:00,5.9,6.4,31.0,122.5,31.0,122.5
2024-06-24 18:00:00,5.99,6.44,31.0,122.5,31.0,122.5
2024-06-24 19:00:00,5.77,6.13,31.0,122.5,31.0,122.5
2024-06-24 20:00:00,5.0,5.28,31.0,122.5,31.0,122.5
2024-06-24 21:00:00,3.76,4.05,31.0,122.5,31.0,122.5
2024-06-24 22:00:00,3.14,3.47,31.0,122.5,31.0,122.5
2024-06-24 23:00:00,4.1,4.41,31.0,122.5,31.0,122.5
2024-06-25 00:00:00,4.52,5.04,31.0,122.5,31.0,122.5
2024-06-25 01:00:00,4.1,4.5,31.0,122.5,31.0,122.5
2024-06-25 02:00:00,2.92,3.1,31.0,122.5,31.0,122.5
2024-06-25 03:00:00,2.5,2.65,31.0,122.5,31.0,122.5
2024-06-25 04:00:00,2.02,2.15,31.0,122.5,31.0,122.5
2024-06-25 05:00:00,1.78,1.75,31.0,122.5,31.0,122.5
2024-06-25 06:00:00,0.92,0.85,31.0,122.5,31.0,122.5
2024-06-25 07:00:00,1.3,1.32,31.0,122.5,31.0,122.5
2024-06-25 08:00:00,2.1,1.99,31.0,122.5,31.0,122.5
2024-06-25 09:00:00,2.06,2.02,31.0,122.5,31.0,122.5
2024-06-25 10:00:00,1.3,1.32,31.0,122.5,31.0,122.5
2024-06-25 11:00:00,1.58,1.5,31.0,122.5,31.0,122.5
2024-06-25 12:00:00,1.06,1.08,31.0,122.5,31.0,122.5
2024-06-25 13:00:00,0.78,0.81,31.0,122.5,31.0,122.5
2024-06-25 14:00:00,1.27,1.35,31.0,122.5,31.0,122.5
2024-06-25 15:00:00,1.25,1.21,31.0,122.5,31.0,122.5
2024-06-25 16:00:00,1.32,1.32,31.0,122.5,31.0,122.5
2024-06-25 17:00:00,2.53,2.62,31.0,122.5,31.0,122.5
2024-06-25 18:00:00,3.13,3.32,31.0,122.5,31.0,122.5
2024-06-25 19:00:00,4.05,4.37,31.0,122.5,31.0,122.5
2024-06-25 20:00:00,5.49,6.0,31.0,122.5,31.0,122.5
2024-06-25 21:00:00,7.38,8.19,31.0,122.5,31.0,122.5
2024-06-25 22:00:00,6.18,6.69,31.0,122.5,31.0,122.5
2024-06-25 23:00:00,7.57,8.4,31.0,122.5,31.0,122.5
2024-06-26 00:00:00,7.87,8.92,31.0,122.5,31.0,122.5
2024-06-26 01:00:00,7.43,8.42,31.0,122.5,31.0,122.5
2024-06-26 02:00:00,7.03,8.01,31.0,122.5,31.0,122.5
2024-06-26 03:00:00,6.95,8.03,31.0,122.5,31.0,122.5
2024-06-26 04:00:00,7.22,8.43,31.0,122.5,31.0,122.5
2024-06-26 05:00:00,6.68,8.04,31.0,122.5,31.0,122.5
2024-06-26 06:00:00,5.95,7.21,31.0,122.5,31.0,122.5
2024-06-26 07:00:00,4.96,6.26,31.0,122.5,31.0,122.5
2024-06-26 08:00:00,5.13,6.58,31.0,122.5,31.0,122.5
2024-06-26 09:00:00,4.68,6.14,31.0,122.5,31.0,122.5
2024-06-26 10:00:00,3.61,5.16,31.0,122.5,31.0,122.5
2024-06-26 11:00:00,2.84,4.1,31.0,122.5,31.0,122.5
2024-06-26 12:00:00,3.33,4.11,31.0,122.5,31.0,122.5
2024-06-26 13:00:00,4.06,5.03,31.0,122.5,31.0,122.5
2024-06-26 14:00:00,4.69,6.16,31.0,122.5,31.0,122.5
2024-06-26 15:00:00,5.25,7.19,31.0,122.5,31.0,122.5
2024-06-26 16:00:00,6.53,9.14,31.0,122.5,31.0,122.5
2024-06-26 17:00:00,7.59,10.61,31.0,122.5,31.0,122.5
2024-06-26 18:00:00,8.67,11.83,31.0,122.5,31.0,122.5
2024-06-26 19:00:00,9.5,13.0,31.0,122.5,31.0,122.5
2024-06-26 20:00:00,9.73,13.3,31.0,122.5,31.0,122.5
2024-06-26 21:00:00,9.46,12.6,31.0,122.5,31.0,122.5
2024-06-26 22:00:00,5.95,7.97,31.0,122.5,31.0,122.5
2024-06-26 23:00:00,6.0,8.01,31.0,122.5,31.0,122.5
2024-06-27 00:00:00,5.54,7.47,31.0,122.5,31.0,122.5
2024-06-27 01:00:00,5.25,7.01,31.0,122.5,31.0,122.5
2024-06-27 02:00:00,4.23,5.7,31.0,122.5,31.0,122.5
2024-06-27 03:00:00,4.34,5.46,31.0,122.5,31.0,122.5
2024-06-27 04:00:00,4.71,5.94,31.0,122.5,31.0,122.5
2024-06-27 05:00:00,5.0,6.36,31.0,122.5,31.0,122.5
2024-06-27 06:00:00,5.06,6.43,31.0,122.5,31.0,122.5
2024-06-27 07:00:00,5.15,6.53,31.0,122.5,31.0,122.5
2024-06-27 08:00:00,4.49,5.95,31.0,122.5,31.0,122.5
2024-06-27 09:00:00,3.94,5.28,31.0,122.5,31.0,122.5
2024-06-27 10:00:00,3.98,5.0,31.0,122.5,31.0,122.5
2024-06-27 11:00:00,3.84,4.84,31.0,122.5,31.0,122.5
2024-06-27 12:00:00,3.75,4.69,31.0,122.5,31.0,122.5
2024-06-27 13:00:00,4.12,5.16,31.0,122.5,31.0,122.5
2024-06-27 14:00:00,4.8,5.97,31.0,122.5,31.0,122.5
2024-06-27 15:00:00,4.81,6.02,31.0,122.5,31.0,122.5
2024-06-27 16:00:00,5.02,6.29,31.0,122.5,31.0,122.5
2024-06-27 17:00:00,5.45,7.0,31.0,122.5,31.0,122.5
2024-06-27 18:00:00,5.41,6.93,31.0,122.5,31.0,122.5
2024-06-27 19:00:00,5.09,6.32,31.0,122.5,31.0,122.5
2024-06-27 20:00:00,4.41,5.67,31.0,122.5,31.0,122.5
2024-06-27 21:00:00,3.71,4.9,31.0,122.5,31.0,122.5
2024-06-27 22:00:00,3.0,4.21,31.0,122.5,31.0,122.5
2024-06-27 23:00:00,2.63,3.67,31.0,122.5,31.0,122.5
2024-06-28 00:00:00,2.63,3.61,31.0,122.5,31.0,122.5
2024-06-28 01:00:00,2.16,3.08,31.0,122.5,31.0,122.5
2024-06-28 02:00:00,0.98,1.66,31.0,122.5,31.0,122.5
2024-06-28 03:00:00,0.36,0.22,31.0,122.5,31.0,122.5
2024-06-28 04:00:00,1.28,0.81,31.0,122.5,31.0,122.5
2024-06-28 05:00:00,3.01,2.91,31.0,122.5,31.0,122.5
2024-06-28 06:00:00,3.96,4.24,31.0,122.5,31.0,122.5
2024-06-28 07:00:00,4.09,4.97,31.0,122.5,31.0,122.5
2024-06-28 08:00:00,4.43,5.66,31.0,122.5,31.0,122.5
2024-06-28 09:00:00,4.65,6.42,31.0,122.5,31.0,122.5
2024-06-28 10:00:00,4.18,5.77,31.0,122.5,31.0,122.5
2024-06-28 11:00:00,4.92,6.78,31.0,122.5,31.0,122.5
2024-06-28 12:00:00,6.16,8.64,31.0,122.5,31.0,122.5
2024-06-28 13:00:00,7.05,9.75,31.0,122.5,31.0,122.5
2024-06-28 14:00:00,7.79,10.63,31.0,122.5,31.0,122.5
2024-06-28 15:00:00,8.26,11.41,31.0,122.5,31.0,122.5
2024-06-28 16:00:00,8.42,11.71,31.0,122.5,31.0,122.5
2024-06-28 17:00:00,10.17,13.92,31.0,122.5,31.0,122.5
2024-06-28 18:00:00,11.6,15.92,31.0,122.5,31.0,122.5
2024-06-28 19:00:00,11.77,16.45,31.0,122.5,31.0,122.5
2024-06-28 20:00:00,11.49,16.02,31.0,122.5,31.0,122.5
2024-06-28 21:00:00,11.36,15.91,31.0,122.5,31.0,122.5
2024-06-28 22:00:00,11.54,16.1,31.0,122.5,31.0,122.5
2024-06-28 23:00:00,9.31,13.29,31.0,122.5,31.0,122.5
2024-06-29 00:00:00,8.59,12.11,31.0,122.5,31.0,122.5
2024-06-29 01:00:00,9.36,13.17,31.0,122.5,31.0,122.5
2024-06-29 02:00:00,10.22,14.41,31.0,122.5,31.0,122.5
2024-06-29 03:00:00,10.61,14.98,31.0,122.5,31.0,122.5
2024-06-29 04:00:00,10.9,15.34,31.0,122.5,31.0,122.5
2024-06-29 05:00:00,10.75,15.47,31.0,122.5,31.0,122.5
2024-06-29 06:00:00,10.7,15.45,31.0,122.5,31.0,122.5
2024-06-29 07:00:00,10.89,15.74,31.0,122.5,31.0,122.5
2024-06-29 08:00:00,10.85,15.67,31.0,122.5,31.0,122.5
2024-06-29 09:00:00,10.97,15.81,31.0,122.5,31.0,122.5
2024-06-29 10:00:00,10.29,15.02,31.0,122.5,31.0,122.5
2024-06-29 11:00:00,10.43,15.03,31.0,122.5,31.0,122.5
2024-06-29 12:00:00,10.31,14.81,31.0,122.5,31.0,122.5
2024-06-29 13:00:00,10.92,15.69,31.0,122.5,31.0,122.5
2024-06-29 14:00:00,11.3,16.23,31.0,122.5,31.0,122.5
2024-06-29 15:00:00,11.48,16.38,31.0,122.5,31.0,122.5
2024-06-29 16:00:00,12.15,17.3,31.0,122.5,31.0,122.5
2024-06-29 17:00:00,12.4,17.61,31.0,122.5,31.0,122.5
2024-06-29 18:00:00,11.84,16.83,31.0,122.5,31.0,122.5
2024-06-29 19:00:00,11.23,15.78,31.0,122.5,31.0,122.5
2024-06-29 20:00:00,10.88,15.25,31.0,122.5,31.0,122.5
2024-06-29 21:00:00,10.5,14.69,31.0,122.5,31.0,122.5
2024-06-29 22:00:00,8.08,11.41,31.0,122.5,31.0,122.5
2024-06-29 23:00:00,8.21,11.5,31.0,122.5,31.0,122.5
2024-06-30 00:00:00,7.74,10.86,31.0,122.5,31.0,122.5
2024-06-30 01:00:00,7.24,10.14,31.0,122.5,31.0,122.5
2024-06-30 02:00:00,6.96,9.82,31.0,122.5,31.0,122.5
2024-06-30 03:00:00,5.46,7.74,31.0,122.5,31.0,122.5
2024-06-30 04:00:00,5.63,7.78,31.0,122.5,31.0,122.5
2024-06-30 05:00:00,5.41,7.47,31.0,122.5,31.0,122.5
2024-06-30 06:00:00,4.71,6.87,31.0,122.5,31.0,122.5
2024-06-30 07:00:00,3.91,5.87,31.0,122.5,31.0,122.5
2024-06-30 08:00:00,4.24,6.18,31.0,122.5,31.0,122.5
2024-06-30 09:00:00,5.0,7.26,31.0,122.5,31.0,122.5
2024-06-30 10:00:00,1.84,3.04,31.0,122.5,31.0,122.5
2024-06-30 11:00:00,3.6,4.03,31.0,122.5,31.0,122.5
2024-06-30 12:00:00,4.9,5.8,31.0,122.5,31.0,122.5
2024-06-30 13:00:00,5.43,7.01,31.0,122.5,31.0,122.5
2024-06-30 14:00:00,5.28,7.4,31.0,122.5,31.0,122.5
2024-06-30 15:00:00,5.6,8.14,31.0,122.5,31.0,122.5
2024-06-30 16:00:00,5.61,8.19,31.0,122.5,31.0,122.5
2024-06-30 17:00:00,5.76,8.22,31.0,122.5,31.0,122.5
2024-06-30 18:00:00,5.84,8.34,31.0,122.5,31.0,122.5
2024-06-30 19:00:00,5.91,8.26,31.0,122.5,31.0,122.5
2024-06-30 20:00:00,5.74,8.08,31.0,122.5,31.0,122.5
2024-06-30 21:00:00,5.21,7.47,31.0,122.5,31.0,122.5
2024-06-30 22:00:00,5.02,7.1,31.0,122.5,31.0,122.5
2024-06-30 23:00:00,5.26,7.5,31.0,122.5,31.0,122.5
2024-07-01 00:00:00,5.6,7.97,31.0,122.5,31.0,122.5
2024-07-01 01:00:00,5.7,7.91,31.0,122.5,31.0,122.5
2024-07-01 02:00:00,5.41,7.45,31.0,122.5,31.0,122.5
2024-07-01 03:00:00,4.15,5.63,31.0,122.5,31.0,122.5
2024-07-01 04:00:00,3.15,4.08,31.0,122.5,31.0,122.5
2024-07-01 05:00:00,2.43,2.96,31.0,122.5,31.0,122.5
2024-07-01 06:00:00,2.78,3.11,31.0,122.5,31.0,122.5
2024-07-01 07:00:00,3.75,4.51,31.0,122.5,31.0,122.5
2024-07-01 08:00:00,4.7,6.04,31.0,122.5,31.0,122.5
2024-07-01 09:00:00,5.77,7.87,31.0,122.5,31.0,122.5
2024-07-01 10:00:00,5.32,7.62,31.0,122.5,31.0,122.5
2024-07-01 11:00:00,4.95,7.19,31.0,122.5,31.0,122.5
2024-07-01 12:00:00,5.21,7.46,31.0,122.5,31.0,122.5
2024-07-01 13:00:00,6.01,8.35,31.0,122.5,31.0,122.5
2024-07-01 14:00:00,7.88,11.06,31.0,122.5,31.0,122.5
2024-07-01 15:00:00,9.27,13.05,31.0,122.5,31.0,122.5
2024-07-01 16:00:00,10.52,14.7,31.0,122.5,31.0,122.5
2024-07-01 17:00:00,11.55,16.0,31.0,122.5,31.0,122.5
2024-07-01 18:00:00,12.62,17.46,31.0,122.5,31.0,122.5
2024-07-01 19:00:00,13.33,18.54,31.0,122.5,31.0,122.5
2024-07-01 20:00:00,13.74,19.1,31.0,122.5,31.0,122.5
2024-07-01 21:00:00,14.14,19.65,31.0,122.5,31.0,122.5
2024-07-01 22:00:00,13.76,19.04,31.0,122.5,31.0,122.5
2024-07-01 23:00:00,14.08,19.5,31.0,122.5,31.0,122.5
2024-07-02 00:00:00,14.12,19.63,31.0,122.5,31.0,122.5
2024-07-02 01:00:00,13.67,19.01,31.0,122.5,31.0,122.5
2024-07-02 02:00:00,13.24,18.41,31.0,122.5,31.0,122.5
2024-07-02 03:00:00,12.94,18.02,31.0,122.5,31.0,122.5
2024-07-02 04:00:00,12.37,17.34,31.0,122.5,31.0,122.5
2024-07-02 05:00:00,12.02,16.91,31.0,122.5,31.0,122.5
2024-07-02 06:00:00,11.89,16.76,31.0,122.5,31.0,122.5
2024-07-02 07:00:00,11.95,16.89,31.0,122.5,31.0,122.5
2024-07-02 08:00:00,11.7,16.59,31.0,122.5,31.0,122.5
2024-07-02 09:00:00,11.4,16.26,31.0,122.5,31.0,122.5
2024-07-02 10:00:00,10.34,14.77,31.0,122.5,31.0,122.5
2024-07-02 11:00:00,9.4,13.5,31.0,122.5,31.0,122.5
2024-07-02 12:00:00,9.2,13.17,31.0,122.5,31.0,122.5
2024-07-02 13:00:00,9.12,13.02,31.0,122.5,31.0,122.5
2024-07-02 14:00:00,8.57,12.19,31.0,122.5,31.0,122.5
2024-07-02 15:00:00,7.26,10.32,31.0,122.5,31.0,122.5
2024-07-02 16:00:00,6.08,8.56,31.0,122.5,31.0,122.5
2024-07-02 17:00:00,4.35,6.17,31.0,122.5,31.0,122.5
2024-07-02 18:00:00,2.26,3.46,31.0,122.5,31.0,122.5
2024-07-02 19:00:00,0.97,1.39,31.0,122.5,31.0,122.5
2024-07-02 20:00:00,1.57,1.38,31.0,122.5,31.0,122.5
2024-07-02 21:00:00,1.46,1.61,31.0,122.5,31.0,122.5
2024-07-02 22:00:00,0.89,1.17,31.0,122.5,31.0,122.5
2024-07-02 23:00:00,1.13,0.76,31.0,122.5,31.0,122.5
2024-07-03 00:00:00,1.45,1.28,31.0,122.5,31.0,122.5
2024-07-03 01:00:00,1.71,1.73,31.0,122.5,31.0,122.5
2024-07-03 02:00:00,2.47,2.77,31.0,122.5,31.0,122.5
2024-07-03 03:00:00,3.09,3.89,31.0,122.5,31.0,122.5
2024-07-03 04:00:00,3.64,4.97,31.0,122.5,31.0,122.5
2024-07-03 05:00:00,4.01,5.76,31.0,122.5,31.0,122.5
2024-07-03 06:00:00,4.06,6.0,31.0,122.5,31.0,122.5
2024-07-03 07:00:00,4.03,6.03,31.0,122.5,31.0,122.5
2024-07-03 08:00:00,4.11,6.14,31.0,122.5,31.0,122.5
2024-07-03 09:00:00,4.45,6.47,31.0,122.5,31.0,122.5
2024-07-03 10:00:00,4.18,5.7,31.0,122.5,31.0,122.5
2024-07-03 11:00:00,4.83,6.71,31.0,122.5,31.0,122.5
2024-07-03 12:00:00,5.43,7.62,31.0,122.5,31.0,122.5
2024-07-03 13:00:00,5.7,8.05,31.0,122.5,31.0,122.5
2024-07-03 14:00:00,6.4,8.86,31.0,122.5,31.0,122.5
2024-07-03 15:00:00,7.25,10.17,31.0,122.5,31.0,122.5
2024-07-03 16:00:00,7.52,10.68,31.0,122.5,31.0,122.5
2024-07-03 17:00:00,7.66,10.86,31.0,122.5,31.0,122.5
2024-07-03 18:00:00,7.8,10.96,31.0,122.5,31.0,122.5
2024-07-03 19:00:00,7.76,10.93,31.0,122.5,31.0,122.5
2024-07-03 20:00:00,7.71,10.76,31.0,122.5,31.0,122.5
2024-07-03 21:00:00,7.7,10.74,31.0,122.5,31.0,122.5
2024-07-03 22:00:00,6.72,9.55,31.0,122.5,31.0,122.5
2024-07-03 23:00:00,7.04,9.81,31.0,122.5,31.0,122.5
2024-07-04 00:00:00,7.46,10.3,31.0,122.5,31.0,122.5
2024-07-04 01:00:00,7.87,10.91,31.0,122.5,31.0,122.5
2024-07-04 02:00:00,7.87,10.99,31.0,122.5,31.0,122.5
2024-07-04 03:00:00,7.51,10.42,31.0,122.5,31.0,122.5
2024-07-04 04:00:00,7.33,10.12,31.0,122.5,31.0,122.5
2024-07-04 05:00:00,7.43,10.31,31.0,122.5,31.0,122.5
2024-07-04 06:00:00,7.34,10.24,31.0,122.5,31.0,122.5
2024-07-04 07:00:00,7.21,9.9,31.0,122.5,31.0,122.5
2024-07-04 08:00:00,7.49,10.21,31.0,122.5,31.0,122.5
2024-07-04 09:00:00,7.81,10.84,31.0,122.5,31.0,122.5
2024-07-04 10:00:00,8.46,11.95,31.0,122.5,31.0,122.5
2024-07-04 11:00:00,8.11,11.63,31.0,122.5,31.0,122.5
2024-07-04 12:00:00,7.83,11.15,31.0,122.5,31.0,122.5
2024-07-04 13:00:00,7.99,11.33,31.0,122.5,31.0,122.5
2024-07-04 14:00:00,8.07,11.51,31.0,122.5,31.0,122.5
2024-07-04 15:00:00,8.06,11.43,31.0,122.5,31.0,122.5
2024-07-04 16:00:00,7.96,11.31,31.0,122.5,31.0,122.5
2024-07-04 17:00:00,7.71,10.88,31.0,122.5,31.0,122.5
2024-07-04 18:00:00,7.45,10.49,31.0,122.5,31.0,122.5
2024-07-04 19:00:00,7.07,10.02,31.0,122.5,31.0,122.5
2024-07-04 20:00:00,6.57,9.31,31.0,122.5,31.0,122.5
2024-07-04 21:00:00,6.08,8.59,31.0,122.5,31.0,122.5
2024-07-04 22:00:00,5.87,8.32,31.0,122.5,31.0,122.5
2024-07-04 23:00:00,5.39,7.5,31.0,122.5,31.0,122.5
2024-07-05 00:00:00,5.33,7.31,31.0,122.5,31.0,122.5
2024-07-05 01:00:00,5.47,7.38,31.0,122.5,31.0,122.5
2024-07-05 02:00:00,5.39,7.23,31.0,122.5,31.0,122.5
2024-07-05 03:00:00,5.7,7.55,31.0,122.5,31.0,122.5
2024-07-05 04:00:00,6.38,8.59,31.0,122.5,31.0,122.5
2024-07-05 05:00:00,6.91,9.51,31.0,122.5,31.0,122.5
2024-07-05 06:00:00,7.2,10.05,31.0,122.5,31.0,122.5
2024-07-05 07:00:00,7.45,10.47,31.0,122.5,31.0,122.5
2024-07-05 08:00:00,7.91,11.05,31.0,122.5,31.0,122.5
2024-07-05 09:00:00,8.37,11.7,31.0,122.5,31.0,122.5
2024-07-05 10:00:00,8.0,11.36,31.0,122.5,31.0,122.5
2024-07-05 11:00:00,8.76,12.3,31.0,122.5,31.0,122.5
2024-07-05 12:00:00,9.49,13.29,31.0,122.5,31.0,122.5
2024-07-05 13:00:00,10.17,14.2,31.0,122.5,31.0,122.5
2024-07-05 14:00:00,10.9,15.11,31.0,122.5,31.0,122.5
2024-07-05 15:00:00,11.42,15.76,31.0,122.5,31.0,122.5
2024-07-05 16:00:00,11.63,16.1,31.0,122.5,31.0,122.5
2024-07-05 17:00:00,11.14,15.44,31.0,122.5,31.0,122.5
2024-07-05 18:00:00,11.17,15.3,31.0,122.5,31.0,122.5
2024-07-05 19:00:00,11.75,16.0,31.0,122.5,31.0,122.5
2024-07-05 20:00:00,11.75,16.0,31.0,122.5,31.0,122.5
2024-07-05 21:00:00,11.17,15.53,31.0,122.5,31.0,122.5
2024-07-05 22:00:00,10.18,14.04,31.0,122.5,31.0,122.5
2024-07-05 23:00:00,9.67,13.24,31.0,122.5,31.0,122.5
2024-07-06 00:00:00,9.41,12.84,31.0,122.5,31.0,122.5
2024-07-06 01:00:00,9.46,12.88,31.0,122.5,31.0,122.5
2024-07-06 02:00:00,9.5,13.08,31.0,122.5,31.0,122.5
2024-07-06 03:00:00,9.53,13.23,31.0,122.5,31.0,122.5
2024-07-06 04:00:00,9.62,13.16,31.0,122.5,31.0,122.5
2024-07-06 05:00:00,9.56,13.21,31.0,122.5,31.0,122.5
2024-07-06 06:00:00,9.51,13.15,31.0,122.5,31.0,122.5
2024-07-06 07:00:00,9.48,13.16,31.0,122.5,31.0,122.5
2024-07-06 08:00:00,9.27,12.89,31.0,122.5,31.0,122.5
2024-07-06 09:00:00,9.41,13.11,31.0,122.5,31.0,122.5
2024-07-06 10:00:00,8.57,12.06,31.0,122.5,31.0,122.5
2024-07-06 11:00:00,8.76,12.21,31.0,122.5,31.0,122.5
2024-07-06 12:00:00,9.15,12.72,31.0,122.5,31.0,122.5
2024-07-06 13:00:00,9.65,13.43,31.0,122.5,31.0,122.5
2024-07-06 14:00:00,9.87,13.79,31.0,122.5,31.0,122.5
2024-07-06 15:00:00,9.92,13.87,31.0,122.5,31.0,122.5
2024-07-06 16:00:00,10.2,14.11,31.0,122.5,31.0,122.5
2024-07-06 17:00:00,10.36,14.26,31.0,122.5,31.0,122.5
2024-07-06 18:00:00,10.17,13.96,31.0,122.5,31.0,122.5
2024-07-06 19:00:00,10.01,13.67,31.0,122.5,31.0,122.5
2024-07-06 20:00:00,9.98,13.6,31.0,122.5,31.0,122.5
2024-07-06 21:00:00,9.46,12.92,31.0,122.5,31.0,122.5
2024-07-06 22:00:00,8.43,11.59,31.0,122.5,31.0,122.5
2024-07-06 23:00:00,8.01,10.97,31.0,122.5,31.0,122.5
2024-07-07 00:00:00,8.08,11.05,31.0,122.5,31.0,122.5
2024-07-07 01:00:00,7.92,10.89,31.0,122.5,31.0,122.5
2024-07-07 02:00:00,7.74,10.59,31.0,122.5,31.0,122.5
2024-07-07 03:00:00,7.57,10.42,31.0,122.5,31.0,122.5
2024-07-07 04:00:00,7.66,10.52,31.0,122.5,31.0,122.5
2024-07-07 05:00:00,7.79,10.7,31.0,122.5,31.0,122.5
2024-07-07 06:00:00,7.73,10.63,31.0,122.5,31.0,122.5
2024-07-07 07:00:00,7.91,10.93,31.0,122.5,31.0,122.5
2024-07-07 08:00:00,8.4,11.64,31.0,122.5,31.0,122.5
2024-07-07 09:00:00,9.0,12.48,31.0,122.5,31.0,122.5
2024-07-07 10:00:00,8.4,11.73,31.0,122.5,31.0,122.5
2024-07-07 11:00:00,8.45,11.92,31.0,122.5,31.0,122.5
2024-07-07 12:00:00,8.65,12.21,31.0,122.5,31.0,122.5
2024-07-07 13:00:00,9.85,13.72,31.0,122.5,31.0,122.5
2024-07-07 14:00:00,10.32,14.32,31.0,122.5,31.0,122.5
2024-07-07 15:00:00,10.64,14.77,31.0,122.5,31.0,122.5
2024-07-07 16:00:00,10.83,14.93,31.0,122.5,31.0,122.5
2024-07-07 17:00:00,10.66,14.63,31.0,122.5,31.0,122.5
2024-07-07 18:00:00,10.52,14.49,31.0,122.5,31.0,122.5
2024-07-07 19:00:00,10.05,13.86,31.0,122.5,31.0,122.5
2024-07-07 20:00:00,9.74,13.33,31.0,122.5,31.0,122.5
2024-07-07 21:00:00,9.75,13.31,31.0,122.5,31.0,122.5
2024-07-07 22:00:00,8.46,11.48,31.0,122.5,31.0,122.5
2024-07-07 23:00:00,8.71,11.81,31.0,122.5,31.0,122.5
2024-07-08 00:00:00,8.83,12.02,31.0,122.5,31.0,122.5
2024-07-08 01:00:00,8.6,11.8,31.0,122.5,31.0,122.5
2024-07-08 02:00:00,8.02,11.01,31.0,122.5,31.0,122.5
2024-07-08 03:00:00,7.93,10.84,31.0,122.5,31.0,122.5
2024-07-08 04:00:00,7.86,10.87,31.0,122.5,31.0,122.5
2024-07-08 05:00:00,7.37,10.28,31.0,122.5,31.0,122.5
2024-07-08 06:00:00,7.22,9.99,31.0,122.5,31.0,122.5
2024-07-08 07:00:00,7.38,10.19,31.0,122.5,31.0,122.5
2024-07-08 08:00:00,7.71,10.69,31.0,122.5,31.0,122.5
2024-07-08 09:00:00,8.25,11.6,31.0,122.5,31.0,122.5
2024-07-08 10:00:00,6.8,9.49,31.0,122.5,31.0,122.5
2024-07-08 11:00:00,7.55,10.45,31.0,122.5,31.0,122.5
2024-07-08 12:00:00,8.76,12.1,31.0,122.5,31.0,122.5
2024-07-08 13:00:00,9.31,13.0,31.0,122.5,31.0,122.5
2024-07-08 14:00:00,9.59,13.34,31.0,122.5,31.0,122.5
2024-07-08 15:00:00,9.66,13.43,31.0,122.5,31.0,122.5
2024-07-08 16:00:00,10.3,14.15,31.0,122.5,31.0,122.5
2024-07-08 17:00:00,10.29,14.12,31.0,122.5,31.0,122.5
2024-07-08 18:00:00,9.62,13.16,31.0,122.5,31.0,122.5
2024-07-08 19:00:00,9.07,12.36,31.0,122.5,31.0,122.5
2024-07-08 20:00:00,9.54,12.83,31.0,122.5,31.0,122.5
2024-07-08 21:00:00,9.95,13.4,31.0,122.5,31.0,122.5
2024-07-08 22:00:00,9.32,12.54,31.0,122.5,31.0,122.5
2024-07-08 23:00:00,9.5,12.78,31.0,122.5,31.0,122.5
2024-07-09 00:00:00,9.87,13.33,31.0,122.5,31.0,122.5
2024-07-09 01:00:00,10.37,14.0,31.0,122.5,31.0,122.5
2024-07-09 02:00:00,10.02,13.68,31.0,122.5,31.0,122.5
2024-07-09 03:00:00,9.26,12.67,31.0,122.5,31.0,122.5
2024-07-09 04:00:00,8.92,12.25,31.0,122.5,31.0,122.5
2024-07-09 05:00:00,8.73,12.12,31.0,122.5,31.0,122.5
2024-07-09 06:00:00,8.63,12.0,31.0,122.5,31.0,122.5
2024-07-09 07:00:00,8.68,12.16,31.0,122.5,31.0,122.5
2024-07-09 08:00:00,8.58,12.07,31.0,122.5,31.0,122.5
2024-07-09 09:00:00,8.91,12.41,31.0,122.5,31.0,122.5
2024-07-09 10:00:00,8.77,12.41,31.0,122.5,31.0,122.5
2024-07-09 11:00:00,8.71,12.44,31.0,122.5,31.0,122.5
2024-07-09 12:00:00,8.41,12.07,31.0,122.5,31.0,122.5
2024-07-09 13:00:00,8.5,12.23,31.0,122.5,31.0,122.5
2024-07-09 14:00:00,9.12,13.04,31.0,122.5,31.0,122.5
2024-07-09 15:00:00,9.31,13.35,31.0,122.5,31.0,122.5
2024-07-09 16:00:00,9.17,13.06,31.0,122.5,31.0,122.5
2024-07-09 17:00:00,9.19,13.07,31.0,122.5,31.0,122.5
2024-07-09 18:00:00,9.29,13.18,31.0,122.5,31.0,122.5
2024-07-09 19:00:00,8.97,12.71,31.0,122.5,31.0,122.5
2024-07-09 20:00:00,8.66,12.31,31.0,122.5,31.0,122.5
2024-07-09 21:00:00,8.45,12.0,31.0,122.5,31.0,122.5
2024-07-09 22:00:00,6.68,9.37,31.0,122.5,31.0,122.5
2024-07-09 23:00:00,7.5,10.55,31.0,122.5,31.0,122.5
2024-07-10 00:00:00,7.64,10.81,31.0,122.5,31.0,122.5
2024-07-10 01:00:00,7.87,11.14,31.0,122.5,31.0,122.5
2024-07-10 02:00:00,7.44,10.65,31.0,122.5,31.0,122.5
2024-07-10 03:00:00,6.47,9.27,31.0,122.5,31.0,122.5
2024-07-10 04:00:00,5.54,7.83,31.0,122.5,31.0,122.5
2024-07-10 05:00:00,4.41,6.24,31.0,122.5,31.0,122.5
2024-07-10 06:00:00,3.26,4.83,31.0,122.5,31.0,122.5
2024-07-10 07:00:00,2.38,3.81,31.0,122.5,31.0,122.5
2024-07-10 08:00:00,1.62,3.14,31.0,122.5,31.0,122.5
2024-07-10 09:00:00,1.9,3.31,31.0,122.5,31.0,122.5
2024-07-10 10:00:00,1.75,3.16,31.0,122.5,31.0,122.5
2024-07-10 11:00:00,1.38,2.32,31.0,122.5,31.0,122.5
2024-07-10 12:00:00,2.55,3.27,31.0,122.5,31.0,122.5
2024-07-10 13:00:00,3.76,5.02,31.0,122.5,31.0,122.5
2024-07-10 14:00:00,2.62,3.68,31.0,122.5,31.0,122.5
2024-07-10 15:00:00,2.66,2.9,31.0,122.5,31.0,122.5
2024-07-10 16:00:00,4.3,4.61,31.0,122.5,31.0,122.5
2024-07-10 17:00:00,4.65,5.2,31.0,122.5,31.0,122.5
2024-07-10 18:00:00,4.13,4.81,31.0,122.5,31.0,122.5
2024-07-10 19:00:00,4.06,4.79,31.0,122.5,31.0,122.5
2024-07-10 20:00:00,3.97,4.83,31.0,122.5,31.0,122.5
2024-07-10 21:00:00,3.07,3.69,31.0,122.5,31.0,122.5
2024-07-10 22:00:00,4.44,4.82,31.0,122.5,31.0,122.5
2024-07-10 23:00:00,5.0,5.66,31.0,122.5,31.0,122.5
2024-07-11 00:00:00,4.36,4.96,31.0,122.5,31.0,122.5
2024-07-11 01:00:00,4.12,4.55,31.0,122.5,31.0,122.5
2024-07-11 02:00:00,4.89,5.45,31.0,122.5,31.0,122.5
2024-07-11 03:00:00,5.56,6.27,31.0,122.5,31.0,122.5
2024-07-11 04:00:00,6.49,7.33,31.0,122.5,31.0,122.5
2024-07-11 05:00:00,6.48,7.29,31.0,122.5,31.0,122.5
2024-07-11 06:00:00,6.59,7.37,31.0,122.5,31.0,122.5
2024-07-11 07:00:00,6.44,7.14,31.0,122.5,31.0,122.5
2024-07-11 08:00:00,6.02,6.66,31.0,122.5,31.0,122.5
2024-07-11 09:00:00,5.2,5.73,31.0,122.5,31.0,122.5
2024-07-11 10:00:00,5.98,6.49,31.0,122.5,31.0,122.5
2024-07-11 11:00:00,5.65,6.2,31.0,122.5,31.0,122.5
2024-07-11 12:00:00,4.56,5.0,31.0,122.5,31.0,122.5
2024-07-11 13:00:00,3.71,3.9,31.0,122.5,31.0,122.5
2024-07-11 14:00:00,3.42,3.56,31.0,122.5,31.0,122.5
2024-07-11 15:00:00,3.21,3.27,31.0,122.5,31.0,122.5
2024-07-11 16:00:00,2.95,3.01,31.0,122.5,31.0,122.5
2024-07-11 17:00:00,2.16,2.07,31.0,122.5,31.0,122.5
2024-07-11 18:00:00,1.3,1.11,31.0,122.5,31.0,122.5
2024-07-11 19:00:00,1.72,1.37,31.0,122.5,31.0,122.5
2024-07-11 20:00:00,1.71,1.26,31.0,122.5,31.0,122.5
2024-07-11 21:00:00,1.26,0.69,31.0,122.5,31.0,122.5
2024-07-11 22:00:00,2.94,2.55,31.0,122.5,31.0,122.5
2024-07-11 23:00:00,2.49,2.16,31.0,122.5,31.0,122.5
2024-07-12 00:00:00,2.35,2.21,31.0,122.5,31.0,122.5
2024-07-12 01:00:00,3.88,4.1,31.0,122.5,31.0,122.5
2024-07-12 02:00:00,4.7,5.15,31.0,122.5,31.0,122.5
2024-07-12 03:00:00,4.85,5.28,31.0,122.5,31.0,122.5
2024-07-12 04:00:00,4.41,4.72,31.0,122.5,31.0,122.5
2024-07-12 05:00:00,4.31,4.58,31.0,122.5,31.0,122.5
2024-07-12 06:00:00,3.05,3.11,31.0,122.5,31.0,122.5
2024-07-12 07:00:00,3.09,2.94,31.0,122.5,31.0,122.5
2024-07-12 08:00:00,3.86,3.99,31.0,122.5,31.0,122.5
2024-07-12 09:00:00,4.17,4.78,31.0,122.5,31.0,122.5
2024-07-12 10:00:00,3.22,3.68,31.0,122.5,31.0,122.5
2024-07-12 11:00:00,2.98,3.43,31.0,122.5,31.0,122.5
2024-07-12 12:00:00,3.19,3.75,31.0,122.5,31.0,122.5
2024-07-12 13:00:00,4.26,4.96,31.0,122.5,31.0,122.5
2024-07-12 14:00:00,4.36,5.32,31.0,122.5,31.0,122.5
2024-07-12 15:00:00,3.98,5.23,31.0,122.5,31.0,122.5
2024-07-12 16:00:00,4.09,5.35,31.0,122.5,31.0,122.5
2024-07-12 17:00:00,6.07,7.62,31.0,122.5,31.0,122.5
2024-07-12 18:00:00,6.96,9.04,31.0,122.5,31.0,122.5
2024-07-12 19:00:00,7.34,9.84,31.0,122.5,31.0,122.5
2024-07-12 20:00:00,7.98,10.35,31.0,122.5,31.0,122.5
2024-07-12 21:00:00,7.13,9.73,31.0,122.5,31.0,122.5
2024-07-12 22:00:00,5.77,8.1,31.0,122.5,31.0,122.5
2024-07-12 23:00:00,5.44,7.84,31.0,122.5,31.0,122.5
2024-07-13 00:00:00,4.55,6.73,31.0,122.5,31.0,122.5
2024-07-13 01:00:00,4.2,5.99,31.0,122.5,31.0,122.5
2024-07-13 02:00:00,4.51,6.32,31.0,122.5,31.0,122.5
2024-07-13 03:00:00,5.03,6.92,31.0,122.5,31.0,122.5
2024-07-13 04:00:00,5.22,6.88,31.0,122.5,31.0,122.5
2024-07-13 05:00:00,4.61,5.9,31.0,122.5,31.0,122.5
2024-07-13 06:00:00,3.87,4.72,31.0,122.5,31.0,122.5
2024-07-13 07:00:00,4.11,4.81,31.0,122.5,31.0,122.5
2024-07-13 08:00:00,4.32,5.22,31.0,122.5,31.0,122.5
2024-07-13 09:00:00,4.76,6.13,31.0,122.5,31.0,122.5
2024-07-13 10:00:00,4.4,6.02,31.0,122.5,31.0,122.5
2024-07-13 11:00:00,4.58,6.53,31.0,122.5,31.0,122.5
2024-07-13 12:00:00,3.76,5.11,31.0,122.5,31.0,122.5
2024-07-13 13:00:00,3.9,5.05,31.0,122.5,31.0,122.5
2024-07-13 14:00:00,3.46,4.83,31.0,122.5,31.0,122.5
2024-07-13 15:00:00,3.63,5.38,31.0,122.5,31.0,122.5
2024-07-13 16:00:00,3.71,5.4,31.0,122.5,31.0,122.5
2024-07-13 17:00:00,3.58,5.09,31.0,122.5,31.0,122.5
2024-07-13 18:00:00,4.54,6.2,31.0,122.5,31.0,122.5
2024-07-13 19:00:00,5.3,7.0,31.0,122.5,31.0,122.5
2024-07-13 20:00:00,5.93,7.79,31.0,122.5,31.0,122.5
2024-07-13 21:00:00,5.18,6.78,31.0,122.5,31.0,122.5
2024-07-13 22:00:00,3.85,5.3,31.0,122.5,31.0,122.5
2024-07-13 23:00:00,3.49,4.61,31.0,122.5,31.0,122.5
2024-07-14 00:00:00,4.01,5.33,31.0,122.5,31.0,122.5
2024-07-14 01:00:00,4.4,6.2,31.0,122.5,31.0,122.5
2024-07-14 02:00:00,4.1,5.91,31.0,122.5,31.0,122.5
2024-07-14 03:00:00,3.56,5.29,31.0,122.5,31.0,122.5
2024-07-14 04:00:00,2.87,4.42,31.0,122.5,31.0,122.5
2024-07-14 05:00:00,2.02,3.22,31.0,122.5,31.0,122.5
2024-07-14 06:00:00,2.11,2.87,31.0,122.5,31.0,122.5
2024-07-14 07:00:00,2.55,3.27,31.0,122.5,31.0,122.5
2024-07-14 08:00:00,2.62,3.4,31.0,122.5,31.0,122.5
2024-07-14 09:00:00,2.87,3.7,31.0,122.5,31.0,122.5
2024-07-14 10:00:00,2.64,3.15,31.0,122.5,31.0,122.5
2024-07-14 11:00:00,2.39,2.78,31.0,122.5,31.0,122.5
2024-07-14 12:00:00,2.61,2.72,31.0,122.5,31.0,122.5
2024-07-14 13:00:00,2.34,2.41,31.0,122.5,31.0,122.5
2024-07-14 14:00:00,2.36,2.15,31.0,122.5,31.0,122.5
2024-07-14 15:00:00,3.5,3.4,31.0,122.5,31.0,122.5
2024-07-14 16:00:00,4.75,5.75,31.0,122.5,31.0,122.5
2024-07-14 17:00:00,4.87,6.68,31.0,122.5,31.0,122.5
2024-07-14 18:00:00,4.37,6.51,31.0,122.5,31.0,122.5
2024-07-14 19:00:00,3.48,5.5,31.0,122.5,31.0,122.5
2024-07-14 20:00:00,3.21,5.17,31.0,122.5,31.0,122.5
2024-07-14 21:00:00,4.26,6.36,31.0,122.5,31.0,122.5
2024-07-14 22:00:00,7.11,10.13,31.0,122.5,31.0,122.5
2024-07-14 23:00:00,7.65,10.83,31.0,122.5,31.0,122.5
2024-07-15 00:00:00,8.03,11.31,31.0,122.5,31.0,122.5
2024-07-15 01:00:00,8.18,11.58,31.0,122.5,31.0,122.5
2024-07-15 02:00:00,8.09,11.34,31.0,122.5,31.0,122.5
2024-07-15 03:00:00,8.39,11.63,31.0,122.5,31.0,122.5
2024-07-15 04:00:00,8.16,11.37,31.0,122.5,31.0,122.5
2024-07-15 05:00:00,7.91,11.09,31.0,122.5,31.0,122.5
2024-07-15 06:00:00,7.54,10.58,31.0,122.5,31.0,122.5
2024-07-15 07:00:00,7.0,9.85,31.0,122.5,31.0,122.5
2024-07-15 08:00:00,7.18,10.08,31.0,122.5,31.0,122.5
2024-07-15 09:00:00,7.86,10.94,31.0,122.5,31.0,122.5
2024-07-15 10:00:00,6.68,9.4,31.0,122.5,31.0,122.5
2024-07-15 11:00:00,6.86,9.61,31.0,122.5,31.0,122.5
2024-07-15 12:00:00,7.6,10.56,31.0,122.5,31.0,122.5
2024-07-15 13:00:00,8.53,11.8,31.0,122.5,31.0,122.5
2024-07-15 14:00:00,8.85,12.26,31.0,122.5,31.0,122.5
2024-07-15 15:00:00,8.76,12.1,31.0,122.5,31.0,122.5
2024-07-15 16:00:00,9.28,12.64,31.0,122.5,31.0,122.5
2024-07-15 17:00:00,9.75,13.17,31.0,122.5,31.0,122.5
2024-07-15 18:00:00,10.08,13.57,31.0,122.5,31.0,122.5
2024-07-15 19:00:00,10.28,13.79,31.0,122.5,31.0,122.5
2024-07-15 20:00:00,10.2,13.69,31.0,122.5,31.0,122.5
2024-07-15 21:00:00,9.87,13.21,31.0,122.5,31.0,122.5
2024-07-15 22:00:00,8.73,11.66,31.0,122.5,31.0,122.5
2024-07-15 23:00:00,8.81,11.8,31.0,122.5,31.0,122.5
2024-07-16 00:00:00,9.15,12.26,31.0,122.5,31.0,122.5
2024-07-16 01:00:00,9.35,12.51,31.0,122.5,31.0,122.5
2024-07-16 02:00:00,9.58,12.84,31.0,122.5,31.0,122.5
2024-07-16 03:00:00,9.57,12.89,31.0,122.5,31.0,122.5
2024-07-16 04:00:00,9.59,12.84,31.0,122.5,31.0,122.5
2024-07-16 05:00:00,9.71,13.04,31.0,122.5,31.0,122.5
2024-07-16 06:00:00,9.8,13.21,31.0,122.5,31.0,122.5
2024-07-16 07:00:00,9.97,13.45,31.0,122.5,31.0,122.5
2024-07-16 08:00:00,10.05,13.58,31.0,122.5,31.0,122.5
2024-07-16 09:00:00,10.33,13.92,31.0,122.5,31.0,122.5
2024-07-16 10:00:00,9.99,13.62,31.0,122.5,31.0,122.5
2024-07-16 11:00:00,10.38,14.16,31.0,122.5,31.0,122.5
2024-07-16 12:00:00,10.44,14.27,31.0,122.5,31.0,122.5
2024-07-16 13:00:00,10.76,14.64,31.0,122.5,31.0,122.5
2024-07-16 14:00:00,10.82,14.71,31.0,122.5,31.0,122.5
2024-07-16 15:00:00,10.61,14.41,31.0,122.5,31.0,122.5
2024-07-16 16:00:00,9.95,13.45,31.0,122.5,31.0,122.5
2024-07-16 17:00:00,9.56,12.97,31.0,122.5,31.0,122.5
2024-07-16 18:00:00,9.65,13.17,31.0,122.5,31.0,122.5
2024-07-16 19:00:00,9.7,13.16,31.0,122.5,31.0,122.5
2024-07-16 20:00:00,9.25,12.63,31.0,122.5,31.0,122.5
2024-07-16 21:00:00,9.11,12.34,31.0,122.5,31.0,122.5
2024-07-16 22:00:00,8.8,11.75,31.0,122.5,31.0,122.5
2024-07-16 23:00:00,9.36,12.65,31.0,122.5,31.0,122.5
2024-07-17 00:00:00,9.2,12.56,31.0,122.5,31.0,122.5
2024-07-17 01:00:00,9.15,12.66,31.0,122.5,31.0,122.5
2024-07-17 02:00:00,9.35,13.0,31.0,122.5,31.0,122.5
2024-07-17 03:00:00,9.41,12.75,31.0,122.5,31.0,122.5
2024-07-17 04:00:00,9.15,12.45,31.0,122.5,31.0,122.5
2024-07-17 05:00:00,8.8,11.96,31.0,122.5,31.0,122.5
2024-07-17 06:00:00,8.65,11.81,31.0,122.5,31.0,122.5
2024-07-17 07:00:00,8.5,11.76,31.0,122.5,31.0,122.5
2024-07-17 08:00:00,8.2,11.46,31.0,122.5,31.0,122.5
2024-07-17 09:00:00,8.01,11.26,31.0,122.5,31.0,122.5
2024-07-17 10:00:00,7.61,10.81,31.0,122.5,31.0,122.5
2024-07-17 11:00:00,7.36,10.45,31.0,122.5,31.0,122.5
2024-07-17 12:00:00,8.62,12.05,31.0,122.5,31.0,122.5
2024-07-17 13:00:00,9.16,12.88,31.0,122.5,31.0,122.5
2024-07-17 14:00:00,9.36,13.13,31.0,122.5,31.0,122.5
2024-07-17 15:00:00,9.36,13.18,31.0,122.5,31.0,122.5
2024-07-17 16:00:00,9.34,13.21,31.0,122.5,31.0,122.5
2024-07-17 17:00:00,9.36,13.17,31.0,122.5,31.0,122.5
2024-07-17 18:00:00,9.35,13.13,31.0,122.5,31.0,122.5
2024-07-17 19:00:00,9.09,12.71,31.0,122.5,31.0,122.5
2024-07-17 20:00:00,8.63,12.08,31.0,122.5,31.0,122.5
2024-07-17 21:00:00,8.29,11.54,31.0,122.5,31.0,122.5
2024-07-17 22:00:00,6.83,9.65,31.0,122.5,31.0,122.5
2024-07-17 23:00:00,6.65,9.25,31.0,122.5,31.0,122.5
2024-07-18 00:00:00,6.58,9.11,31.0,122.5,31.0,122.5
2024-07-18 01:00:00,6.69,9.28,31.0,122.5,31.0,122.5
2024-07-18 02:00:00,6.69,9.31,31.0,122.5,31.0,122.5
2024-07-18 03:00:00,6.64,9.23,31.0,122.5,31.0,122.5
2024-07-18 04:00:00,6.61,9.19,31.0,122.5,31.0,122.5
2024-07-18 05:00:00,6.49,9.01,31.0,122.5,31.0,122.5
2024-07-18 06:00:00,6.43,8.74,31.0,122.5,31.0,122.5
2024-07-18 07:00:00,6.27,8.55,31.0,122.5,31.0,122.5
2024-07-18 08:00:00,6.21,8.4,31.0,122.5,31.0,122.5
2024-07-18 09:00:00,6.35,8.89,31.0,122.5,31.0,122.5
2024-07-18 10:00:00,5.97,8.46,31.0,122.5,31.0,122.5
2024-07-18 11:00:00,5.9,8.71,31.0,122.5,31.0,122.5
2024-07-18 12:00:00,4.21,6.49,31.0,122.5,31.0,122.5
2024-07-18 13:00:00,3.07,5.11,31.0,122.5,31.0,122.5
2024-07-18 14:00:00,3.26,5.05,31.0,122.5,31.0,122.5
2024-07-18 15:00:00,5.03,7.15,31.0,122.5,31.0,122.5
2024-07-18 16:00:00,5.66,8.08,31.0,122.5,31.0,122.5
2024-07-18 17:00:00,5.98,8.54,31.0,122.5,31.0,122.5
2024-07-18 18:00:00,7.16,10.03,31.0,122.5,31.0,122.5
2024-07-18 19:00:00,8.14,11.44,31.0,122.5,31.0,122.5
2024-07-18 20:00:00,8.2,11.32,31.0,122.5,31.0,122.5
2024-07-18 21:00:00,7.75,10.71,31.0,122.5,31.0,122.5
2024-07-18 22:00:00,6.87,9.49,31.0,122.5,31.0,122.5
2024-07-18 23:00:00,6.55,8.96,31.0,122.5,31.0,122.5
2024-07-19 00:00:00,6.7,8.94,31.0,122.5,31.0,122.5
2024-07-19 01:00:00,7.22,9.69,31.0,122.5,31.0,122.5
2024-07-19 02:00:00,6.68,9.22,31.0,122.5,31.0,122.5
2024-07-19 03:00:00,6.32,8.46,31.0,122.5,31.0,122.5
2024-07-19 04:00:00,6.27,8.41,31.0,122.5,31.0,122.5
2024-07-19 05:00:00,5.64,7.64,31.0,122.5,31.0,122.5
2024-07-19 06:00:00,5.69,7.78,31.0,122.5,31.0,122.5
2024-07-19 07:00:00,5.89,8.22,31.0,122.5,31.0,122.5
2024-07-19 08:00:00,5.98,8.54,31.0,122.5,31.0,122.5
2024-07-19 09:00:00,6.12,8.82,31.0,122.5,31.0,122.5
2024-07-19 10:00:00,7.25,10.35,31.0,122.5,31.0,122.5
2024-07-19 11:00:00,7.9,11.14,31.0,122.5,31.0,122.5
2024-07-19 12:00:00,8.61,12.04,31.0,122.5,31.0,122.5
2024-07-19 13:00:00,9.04,12.54,31.0,122.5,31.0,122.5
2024-07-19 14:00:00,9.47,13.13,31.0,122.5,31.0,122.5
2024-07-19 15:00:00,10.07,13.82,31.0,122.5,31.0,122.5
2024-07-19 16:00:00,10.32,14.06,31.0,122.5,31.0,122.5
2024-07-19 17:00:00,10.51,14.33,31.0,122.5,31.0,122.5
2024-07-19 18:00:00,10.71,14.47,31.0,122.5,31.0,122.5
2024-07-19 19:00:00,10.33,14.65,31.0,122.5,31.0,122.5
2024-07-19 20:00:00,10.21,14.36,31.0,122.5,31.0,122.5
2024-07-19 21:00:00,9.95,14.15,31.0,122.5,31.0,122.5
2024-07-19 22:00:00,10.25,13.58,31.0,122.5,31.0,122.5
2024-07-19 23:00:00,10.14,13.5,31.0,122.5,31.0,122.5
2024-07-20 00:00:00,9.83,13.11,31.0,122.5,31.0,122.5
2024-07-20 01:00:00,9.42,12.8,31.0,122.5,31.0,122.5
2024-07-20 02:00:00,9.66,13.07,31.0,122.5,31.0,122.5
2024-07-20 03:00:00,10.08,13.66,31.0,122.5,31.0,122.5
2024-07-20 04:00:00,9.82,13.5,31.0,122.5,31.0,122.5
2024-07-20 05:00:00,9.68,13.24,31.0,122.5,31.0,122.5
2024-07-20 06:00:00,9.96,13.39,31.0,122.5,31.0,122.5
2024-07-20 07:00:00,9.8,13.51,31.0,122.5,31.0,122.5
2024-07-20 08:00:00,9.7,13.4,31.0,122.5,31.0,122.5
2024-07-20 09:00:00,9.9,13.65,31.0,122.5,31.0,122.5
2024-07-20 10:00:00,9.3,12.75,31.0,122.5,31.0,122.5
2024-07-20 11:00:00,9.92,13.66,31.0,122.5,31.0,122.5
2024-07-20 12:00:00,10.32,14.16,31.0,122.5,31.0,122.5
2024-07-20 13:00:00,10.36,14.25,31.0,122.5,31.0,122.5
2024-07-20 14:00:00,10.36,14.2,31.0,122.5,31.0,122.5
2024-07-20 15:00:00,10.8,14.6,31.0,122.5,31.0,122.5
2024-07-20 16:00:00,10.76,14.53,31.0,122.5,31.0,122.5
2024-07-20 17:00:00,10.48,14.17,31.0,122.5,31.0,122.5
2024-07-20 18:00:00,10.09,13.96,31.0,122.5,31.0,122.5
2024-07-20 19:00:00,10.01,13.73,31.0,122.5,31.0,122.5
2024-07-20 20:00:00,9.77,13.36,31.0,122.5,31.0,122.5
2024-07-20 21:00:00,9.41,12.74,31.0,122.5,31.0,122.5
2024-07-20 22:00:00,9.25,12.37,31.0,122.5,31.0,122.5
2024-07-20 23:00:00,9.16,12.29,31.0,122.5,31.0,122.5
2024-07-21 00:00:00,9.32,12.56,31.0,122.5,31.0,122.5
2024-07-21 01:00:00,9.16,12.37,31.0,122.5,31.0,122.5
2024-07-21 02:00:00,8.63,11.72,31.0,122.5,31.0,122.5
2024-07-21 03:00:00,8.09,11.07,31.0,122.5,31.0,122.5
2024-07-21 04:00:00,7.76,10.62,31.0,122.5,31.0,122.5
2024-07-21 05:00:00,7.4,10.13,31.0,122.5,31.0,122.5
2024-07-21 06:00:00,7.54,10.26,31.0,122.5,31.0,122.5
2024-07-21 07:00:00,8.5,11.57,31.0,122.5,31.0,122.5
2024-07-21 08:00:00,9.11,12.45,31.0,122.5,31.0,122.5
2024-07-21 09:00:00,9.61,13.15,31.0,122.5,31.0,122.5
2024-07-21 10:00:00,9.42,13.1,31.0,122.5,31.0,122.5
2024-07-21 11:00:00,9.63,13.37,31.0,122.5,31.0,122.5
2024-07-21 12:00:00,9.96,13.75,31.0,122.5,31.0,122.5
2024-07-21 13:00:00,10.35,14.14,31.0,122.5,31.0,122.5
2024-07-21 14:00:00,10.05,13.74,31.0,122.5,31.0,122.5
2024-07-21 15:00:00,9.82,13.36,31.0,122.5,31.0,122.5
2024-07-21 16:00:00,9.96,13.5,31.0,122.5,31.0,122.5
2024-07-21 17:00:00,9.95,13.45,31.0,122.5,31.0,122.5
2024-07-21 18:00:00,9.75,13.12,31.0,122.5,31.0,122.5
2024-07-21 19:00:00,9.76,13.09,31.0,122.5,31.0,122.5
2024-07-21 20:00:00,9.61,12.85,31.0,122.5,31.0,122.5
2024-07-21 21:00:00,9.51,12.75,31.0,122.5,31.0,122.5
2024-07-21 22:00:00,8.67,11.75,31.0,122.5,31.0,122.5
2024-07-21 23:00:00,8.95,12.11,31.0,122.5,31.0,122.5
2024-07-22 00:00:00,9.2,12.41,31.0,122.5,31.0,122.5
2024-07-22 01:00:00,9.0,12.25,31.0,122.5,31.0,122.5
2024-07-22 02:00:00,9.06,12.35,31.0,122.5,31.0,122.5
2024-07-22 03:00:00,9.26,12.6,31.0,122.5,31.0,122.5
2024-07-22 04:00:00,9.36,12.8,31.0,122.5,31.0,122.5
2024-07-22 05:00:00,9.37,12.8,31.0,122.5,31.0,122.5
2024-07-22 06:00:00,9.51,13.03,31.0,122.5,31.0,122.5
2024-07-22 07:00:00,9.64,13.27,31.0,122.5,31.0,122.5
2024-07-22 08:00:00,9.45,13.08,31.0,122.5,31.0,122.5
2024-07-22 09:00:00,9.58,13.23,31.0,122.5,31.0,122.5
2024-07-22 10:00:00,8.4,11.82,31.0,122.5,31.0,122.5
2024-07-22 11:00:00,9.04,12.53,31.0,122.5,31.0,122.5
2024-07-22 12:00:00,10.03,13.7,31.0,122.5,31.0,122.5
2024-07-22 13:00:00,10.05,13.8,31.0,122.5,31.0,122.5
2024-07-22 14:00:00,9.98,13.67,31.0,122.5,31.0,122.5
2024-07-22 15:00:00,9.72,13.33,31.0,122.5,31.0,122.5
2024-07-22 16:00:00,8.98,12.37,31.0,122.5,31.0,122.5
2024-07-22 17:00:00,8.63,11.81,31.0,122.5,31.0,122.5
2024-07-22 18:00:00,8.66,11.85,31.0,122.5,31.0,122.5
2024-07-22 19:00:00,8.45,11.5,31.0,122.5,31.0,122.5
2024-07-22 20:00:00,7.98,10.87,31.0,122.5,31.0,122.5
2024-07-22 21:00:00,7.61,10.4,31.0,122.5,31.0,122.5
2024-07-22 22:00:00,6.52,8.95,31.0,122.5,31.0,122.5
2024-07-22 23:00:00,6.76,9.26,31.0,122.5,31.0,122.5
2024-07-23 00:00:00,6.44,8.99,31.0,122.5,31.0,122.5
2024-07-23 01:00:00,6.28,8.79,31.0,122.5,31.0,122.5
2024-07-23 02:00:00,6.02,8.48,31.0,122.5,31.0,122.5
2024-07-23 03:00:00,6.03,8.4,31.0,122.5,31.0,122.5
2024-07-23 04:00:00,6.47,8.98,31.0,122.5,31.0,122.5
2024-07-23 05:00:00,6.71,9.39,31.0,122.5,31.0,122.5
2024-07-23 06:00:00,6.71,9.39,31.0,122.5,31.0,122.5
2024-07-23 07:00:00,7.07,9.75,31.0,122.5,31.0,122.5
2024-07-23 08:00:00,7.14,9.88,31.0,122.5,31.0,122.5
2024-07-23 09:00:00,7.13,9.93,31.0,122.5,31.0,122.5
2024-07-23 10:00:00,7.04,9.79,31.0,122.5,31.0,122.5
2024-07-23 11:00:00,7.51,10.35,31.0,122.5,31.0,122.5
2024-07-23 12:00:00,8.16,11.21,31.0,122.5,31.0,122.5
2024-07-23 13:00:00,8.24,11.23,31.0,122.5,31.0,122.5
2024-07-23 14:00:00,7.87,10.79,31.0,122.5,31.0,122.5
2024-07-23 15:00:00,7.53,10.32,31.0,122.5,31.0,122.5
2024-07-23 16:00:00,7.75,10.45,31.0,122.5,31.0,122.5
2024-07-23 17:00:00,7.78,10.67,31.0,122.5,31.0,122.5
2024-07-23 18:00:00,7.34,10.05,31.0,122.5,31.0,122.5
2024-07-23 19:00:00,6.49,8.97,31.0,122.5,31.0,122.5
2024-07-23 20:00:00,6.13,8.47,31.0,122.5,31.0,122.5
2024-07-23 21:00:00,6.41,8.74,31.0,122.5,31.0,122.5
2024-07-23 22:00:00,5.75,7.92,31.0,122.5,31.0,122.5
2024-07-23 23:00:00,6.12,8.38,31.0,122.5,31.0,122.5
2024-07-24 00:00:00,5.82,8.12,31.0,122.5,31.0,122.5
2024-07-24 01:00:00,6.14,8.52,31.0,122.5,31.0,122.5
2024-07-24 02:00:00,6.7,9.3,31.0,122.5,31.0,122.5
2024-07-24 03:00:00,6.82,9.43,31.0,122.5,31.0,122.5
2024-07-24 04:00:00,7.11,9.8,31.0,122.5,31.0,122.5
2024-07-24 05:00:00,7.56,10.35,31.0,122.5,31.0,122.5
2024-07-24 06:00:00,7.6,10.42,31.0,122.5,31.0,122.5
2024-07-24 07:00:00,7.59,10.38,31.0,122.5,31.0,122.5
2024-07-24 08:00:00,7.67,10.47,31.0,122.5,31.0,122.5
2024-07-24 09:00:00,8.27,11.18,31.0,122.5,31.0,122.5
2024-07-24 10:00:00,6.93,9.6,31.0,122.5,31.0,122.5
2024-07-24 11:00:00,8.07,11.04,31.0,122.5,31.0,122.5
2024-07-24 12:00:00,9.09,12.3,31.0,122.5,31.0,122.5
2024-07-24 13:00:00,9.78,13.11,31.0,122.5,31.0,122.5
2024-07-24 14:00:00,10.25,13.69,31.0,122.5,31.0,122.5
2024-07-24 15:00:00,10.67,14.11,31.0,122.5,31.0,122.5
2024-07-24 16:00:00,10.17,13.53,31.0,122.5,31.0,122.5
2024-07-24 17:00:00,9.56,12.64,31.0,122.5,31.0,122.5
2024-07-24 18:00:00,9.52,12.59,31.0,122.5,31.0,122.5
2024-07-24 19:00:00,9.68,12.69,31.0,122.5,31.0,122.5
2024-07-24 20:00:00,9.72,12.77,31.0,122.5,31.0,122.5
2024-07-24 21:00:00,9.87,12.94,31.0,122.5,31.0,122.5
2024-07-24 22:00:00,9.39,12.3,31.0,122.5,31.0,122.5
2024-07-24 23:00:00,9.93,13.02,31.0,122.5,31.0,122.5
2024-07-25 00:00:00,10.49,13.89,31.0,122.5,31.0,122.5
2024-07-25 01:00:00,10.65,13.94,31.0,122.5,31.0,122.5
2024-07-25 02:00:00,10.26,13.51,31.0,122.5,31.0,122.5
2024-07-25 03:00:00,10.29,13.64,31.0,122.5,31.0,122.5
2024-07-25 04:00:00,10.25,13.62,31.0,122.5,31.0,122.5
2024-07-25 05:00:00,10.4,13.73,31.0,122.5,31.0,122.5
2024-07-25 06:00:00,10.59,13.98,31.0,122.5,31.0,122.5
2024-07-25 07:00:00,10.56,14.0,31.0,122.5,31.0,122.5
2024-07-25 08:00:00,10.58,13.93,31.0,122.5,31.0,122.5
2024-07-25 09:00:00,10.61,14.02,31.0,122.5,31.0,122.5
2024-07-25 10:00:00,9.1,12.14,31.0,122.5,31.0,122.5
2024-07-25 11:00:00,9.24,12.23,31.0,122.5,31.0,122.5
2024-07-25 12:00:00,9.24,12.28,31.0,122.5,31.0,122.5
2024-07-25 13:00:00,9.75,12.84,31.0,122.5,31.0,122.5
2024-07-25 14:00:00,10.29,13.53,31.0,122.5,31.0,122.5
2024-07-25 15:00:00,10.12,13.56,31.0,122.5,31.0,122.5
2024-07-25 16:00:00,10.67,14.21,31.0,122.5,31.0,122.5
2024-07-25 17:00:00,10.77,14.27,31.0,122.5,31.0,122.5
2024-07-25 18:00:00,10.55,14.04,31.0,122.5,31.0,122.5
2024-07-25 19:00:00,10.57,14.13,31.0,122.5,31.0,122.5
2024-07-25 20:00:00,10.79,14.49,31.0,122.5,31.0,122.5
2024-07-25 21:00:00,11.24,15.22,31.0,122.5,31.0,122.5
2024-07-25 22:00:00,11.83,15.49,31.0,122.5,31.0,122.5
2024-07-25 23:00:00,12.59,16.6,31.0,122.5,31.0,122.5
2024-07-26 00:00:00,12.91,17.08,31.0,122.5,31.0,122.5
2024-07-26 01:00:00,12.91,17.2,31.0,122.5,31.0,122.5
2024-07-26 02:00:00,13.09,17.32,31.0,122.5,31.0,122.5
2024-07-26 03:00:00,13.78,18.05,31.0,122.5,31.0,122.5
2024-07-26 04:00:00,13.96,18.5,31.0,122.5,31.0,122.5
2024-07-26 05:00:00,13.53,18.29,31.0,122.5,31.0,122.5
2024-07-26 06:00:00,13.23,17.99,31.0,122.5,31.0,122.5
2024-07-26 07:00:00,13.27,17.6,31.0,122.5,31.0,122.5
2024-07-26 08:00:00,12.92,17.14,31.0,122.5,31.0,122.5
2024-07-26 09:00:00,13.07,17.24,31.0,122.5,31.0,122.5
2024-07-26 10:00:00,12.04,16.09,31.0,122.5,31.0,122.5
2024-07-26 11:00:00,13.11,17.45,31.0,122.5,31.0,122.5
2024-07-26 12:00:00,13.28,17.7,31.0,122.5,31.0,122.5
2024-07-26 13:00:00,13.65,18.17,31.0,122.5,31.0,122.5
2024-07-26 14:00:00,13.97,18.86,31.0,122.5,31.0,122.5
2024-07-26 15:00:00,13.77,18.66,31.0,122.5,31.0,122.5
2024-07-26 16:00:00,13.18,17.97,31.0,122.5,31.0,122.5
2024-07-26 17:00:00,13.62,18.13,31.0,122.5,31.0,122.5
2024-07-26 18:00:00,14.02,18.58,31.0,122.5,31.0,122.5
2024-07-26 19:00:00,14.18,18.83,31.0,122.5,31.0,122.5
2024-07-26 20:00:00,14.34,19.05,31.0,122.5,31.0,122.5
2024-07-26 21:00:00,14.48,19.32,31.0,122.5,31.0,122.5
2024-07-26 22:00:00,13.47,18.1,31.0,122.5,31.0,122.5
2024-07-26 23:00:00,13.59,18.16,31.0,122.5,31.0,122.5
2024-07-27 00:00:00,14.05,18.7,31.0,122.5,31.0,122.5
2024-07-27 01:00:00,14.1,18.88,31.0,122.5,31.0,122.5
2024-07-27 02:00:00,14.6,19.54,31.0,122.5,31.0,122.5
2024-07-27 03:00:00,14.45,19.45,31.0,122.5,31.0,122.5
2024-07-27 04:00:00,14.28,19.2,31.0,122.5,31.0,122.5
2024-07-27 05:00:00,14.55,19.5,31.0,122.5,31.0,122.5
2024-07-27 06:00:00,14.55,19.54,31.0,122.5,31.0,122.5
2024-07-27 07:00:00,13.84,18.69,31.0,122.5,31.0,122.5
2024-07-27 08:00:00,13.81,18.53,31.0,122.5,31.0,122.5
2024-07-27 09:00:00,13.78,18.49,31.0,122.5,31.0,122.5
2024-07-27 10:00:00,12.63,16.93,31.0,122.5,31.0,122.5
2024-07-27 11:00:00,12.6,16.88,31.0,122.5,31.0,122.5
2024-07-27 12:00:00,12.67,16.91,31.0,122.5,31.0,122.5
2024-07-27 13:00:00,12.73,17.03,31.0,122.5,31.0,122.5
2024-07-27 14:00:00,12.84,17.18,31.0,122.5,31.0,122.5
2024-07-27 15:00:00,12.81,17.09,31.0,122.5,31.0,122.5
2024-07-27 16:00:00,12.71,17.01,31.0,122.5,31.0,122.5
2024-07-27 17:00:00,12.01,16.66,31.0,122.5,31.0,122.5
2024-07-27 18:00:00,11.67,16.07,31.0,122.5,31.0,122.5
2024-07-27 19:00:00,11.7,16.01,31.0,122.5,31.0,122.5
2024-07-27 20:00:00,11.45,15.68,31.0,122.5,31.0,122.5
2024-07-27 21:00:00,11.22,15.29,31.0,122.5,31.0,122.5
2024-07-27 22:00:00,11.38,15.08,31.0,122.5,31.0,122.5
2024-07-27 23:00:00,11.2,14.92,31.0,122.5,31.0,122.5
2024-07-28 00:00:00,11.13,14.9,31.0,122.5,31.0,122.5
2024-07-28 01:00:00,10.92,14.67,31.0,122.5,31.0,122.5
2024-07-28 02:00:00,10.3,13.84,31.0,122.5,31.0,122.5
2024-07-28 03:00:00,9.74,13.13,31.0,122.5,31.0,122.5
2024-07-28 04:00:00,9.19,12.42,31.0,122.5,31.0,122.5
2024-07-28 05:00:00,8.56,11.58,31.0,122.5,31.0,122.5
2024-07-28 06:00:00,8.5,11.47,31.0,122.5,31.0,122.5
2024-07-28 07:00:00,8.69,11.76,31.0,122.5,31.0,122.5
2024-07-28 08:00:00,8.71,12.05,31.0,122.5,31.0,122.5
2024-07-28 09:00:00,8.81,12.22,31.0,122.5,31.0,122.5
2024-07-28 10:00:00,8.49,11.38,31.0,122.5,31.0,122.5
2024-07-28 11:00:00,8.7,11.81,31.0,122.5,31.0,122.5
2024-07-28 12:00:00,8.67,11.87,31.0,122.5,31.0,122.5
2024-07-28 13:00:00,8.62,11.77,31.0,122.5,31.0,122.5
2024-07-28 14:00:00,8.49,11.48,31.0,122.5,31.0,122.5
2024-07-28 15:00:00,8.19,11.0,31.0,122.5,31.0,122.5
2024-07-28 16:00:00,7.88,10.78,31.0,122.5,31.0,122.5
2024-07-28 17:00:00,7.88,10.78,31.0,122.5,31.0,122.5
2024-07-28 18:00:00,7.69,10.53,31.0,122.5,31.0,122.5
2024-07-28 19:00:00,7.53,10.16,31.0,122.5,31.0,122.5
2024-07-28 20:00:00,7.38,9.81,31.0,122.5,31.0,122.5
2024-07-28 21:00:00,7.07,9.3,31.0,122.5,31.0,122.5
2024-07-28 22:00:00,6.72,9.09,31.0,122.5,31.0,122.5
2024-07-28 23:00:00,6.9,9.39,31.0,122.5,31.0,122.5
2024-07-29 00:00:00,6.96,9.56,31.0,122.5,31.0,122.5
2024-07-29 01:00:00,7.06,9.7,31.0,122.5,31.0,122.5
2024-07-29 02:00:00,6.93,9.56,31.0,122.5,31.0,122.5
2024-07-29 03:00:00,6.9,9.58,31.0,122.5,31.0,122.5
2024-07-29 04:00:00,7.06,9.65,31.0,122.5,31.0,122.5
2024-07-29 05:00:00,6.76,9.25,31.0,122.5,31.0,122.5
2024-07-29 06:00:00,6.47,8.95,31.0,122.5,31.0,122.5
2024-07-29 07:00:00,6.62,9.13,31.0,122.5,31.0,122.5
2024-07-29 08:00:00,6.94,9.48,31.0,122.5,31.0,122.5
2024-07-29 09:00:00,7.29,9.9,31.0,122.5,31.0,122.5
2024-07-29 10:00:00,6.91,9.45,31.0,122.5,31.0,122.5
2024-07-29 11:00:00,7.41,10.06,31.0,122.5,31.0,122.5
2024-07-29 12:00:00,7.64,10.47,31.0,122.5,31.0,122.5
2024-07-29 13:00:00,8.05,11.03,31.0,122.5,31.0,122.5
2024-07-29 14:00:00,8.13,11.23,31.0,122.5,31.0,122.5
2024-07-29 15:00:00,7.86,11.06,31.0,122.5,31.0,122.5
2024-07-29 16:00:00,7.61,10.55,31.0,122.5,31.0,122.5
2024-07-29 17:00:00,7.34,10.17,31.0,122.5,31.0,122.5
2024-07-29 18:00:00,7.07,9.68,31.0,122.5,31.0,122.5
2024-07-29 19:00:00,6.8,9.25,31.0,122.5,31.0,122.5
2024-07-29 20:00:00,6.8,9.11,31.0,122.5,31.0,122.5
2024-07-29 21:00:00,6.67,8.88,31.0,122.5,31.0,122.5
2024-07-29 22:00:00,6.17,8.32,31.0,122.5,31.0,122.5
2024-07-29 23:00:00,6.3,8.49,31.0,122.5,31.0,122.5
2024-07-30 00:00:00,6.55,8.87,31.0,122.5,31.0,122.5
2024-07-30 01:00:00,6.83,9.3,31.0,122.5,31.0,122.5
2024-07-30 02:00:00,6.93,9.46,31.0,122.5,31.0,122.5
2024-07-30 03:00:00,7.13,9.76,31.0,122.5,31.0,122.5
2024-07-30 04:00:00,7.38,10.01,31.0,122.5,31.0,122.5
2024-07-30 05:00:00,7.5,10.23,31.0,122.5,31.0,122.5
2024-07-30 06:00:00,7.49,10.17,31.0,122.5,31.0,122.5
2024-07-30 07:00:00,7.57,10.24,31.0,122.5,31.0,122.5
2024-07-30 08:00:00,7.73,10.54,31.0,122.5,31.0,122.5
2024-07-30 09:00:00,8.13,11.0,31.0,122.5,31.0,122.5
2024-07-30 10:00:00,8.21,11.12,31.0,122.5,31.0,122.5
2024-07-30 11:00:00,8.61,11.69,31.0,122.5,31.0,122.5
2024-07-30 12:00:00,9.06,12.35,31.0,122.5,31.0,122.5
2024-07-30 13:00:00,9.63,12.93,31.0,122.5,31.0,122.5
2024-07-30 14:00:00,9.88,13.32,31.0,122.5,31.0,122.5
2024-07-30 15:00:00,10.14,13.52,31.0,122.5,31.0,122.5
2024-07-30 16:00:00,10.05,13.35,31.0,122.5,31.0,122.5
2024-07-30 17:00:00,9.55,13.26,31.0,122.5,31.0,122.5
2024-07-30 18:00:00,9.65,13.38,31.0,122.5,31.0,122.5
2024-07-30 19:00:00,9.29,12.8,31.0,122.5,31.0,122.5
2024-07-30 20:00:00,8.76,11.94,31.0,122.5,31.0,122.5
2024-07-30 21:00:00,8.24,11.21,31.0,122.5,31.0,122.5
2024-07-30 22:00:00,8.16,10.84,31.0,122.5,31.0,122.5
2024-07-30 23:00:00,7.61,10.47,31.0,122.5,31.0,122.5
2024-07-31 00:00:00,7.8,10.64,31.0,122.5,31.0,122.5
2024-07-31 01:00:00,7.86,10.86,31.0,122.5,31.0,122.5
2024-07-31 02:00:00,7.81,10.77,31.0,122.5,31.0,122.5
2024-07-31 03:00:00,7.98,10.66,31.0,122.5,31.0,122.5
2024-07-31 04:00:00,7.69,10.42,31.0,122.5,31.0,122.5
2024-07-31 05:00:00,7.46,10.18,31.0,122.5,31.0,122.5
2024-07-31 06:00:00,7.6,10.38,31.0,122.5,31.0,122.5
2024-07-31 07:00:00,7.9,10.91,31.0,122.5,31.0,122.5
2024-07-31 08:00:00,8.28,11.4,31.0,122.5,31.0,122.5
2024-07-31 09:00:00,8.51,11.72,31.0,122.5,31.0,122.5
2024-07-31 10:00:00,8.28,11.51,31.0,122.5,31.0,122.5
2024-07-31 11:00:00,8.57,11.97,31.0,122.5,31.0,122.5
2024-07-31 12:00:00,9.41,12.92,31.0,122.5,31.0,122.5
2024-07-31 13:00:00,9.76,13.43,31.0,122.5,31.0,122.5
2024-07-31 14:00:00,9.86,13.55,31.0,122.5,31.0,122.5
2024-07-31 15:00:00,10.1,13.82,31.0,122.5,31.0,122.5
2024-07-31 16:00:00,10.11,13.7,31.0,122.5,31.0,122.5
2024-07-31 17:00:00,9.94,13.36,31.0,122.5,31.0,122.5
2024-07-31 18:00:00,9.48,12.69,31.0,122.5,31.0,122.5
2024-07-31 19:00:00,9.04,12.18,31.0,122.5,31.0,122.5
2024-07-31 20:00:00,8.69,11.71,31.0,122.5,31.0,122.5
2024-07-31 21:00:00,8.05,10.91,31.0,122.5,31.0,122.5
2024-07-31 22:00:00,6.91,9.39,31.0,122.5,31.0,122.5
2024-07-31 23:00:00,6.54,8.82,31.0,122.5,31.0,122.5
2024-08-01 00:00:00,6.41,8.61,31.0,122.5,31.0,122.5
2024-08-01 01:00:00,6.3,8.45,31.0,122.5,31.0,122.5
2024-08-01 02:00:00,6.07,8.12,31.0,122.5,31.0,122.5
2024-08-01 03:00:00,5.68,7.5,31.0,122.5,31.0,122.5
2024-08-01 04:00:00,5.24,6.86,31.0,122.5,31.0,122.5
2024-08-01 05:00:00,4.87,6.18,31.0,122.5,31.0,122.5
2024-08-01 06:00:00,4.71,5.77,31.0,122.5,31.0,122.5
2024-08-01 07:00:00,4.74,5.58,31.0,122.5,31.0,122.5
2024-08-01 08:00:00,5.0,5.85,31.0,122.5,31.0,122.5
2024-08-01 09:00:00,5.46,6.72,31.0,122.5,31.0,122.5
2024-08-01 10:00:00,5.78,7.75,31.0,122.5,31.0,122.5
2024-08-01 11:00:00,5.94,8.4,31.0,122.5,31.0,122.5
2024-08-01 12:00:00,5.75,8.26,31.0,122.5,31.0,122.5
2024-08-01 13:00:00,5.56,8.11,31.0,122.5,31.0,122.5
2024-08-01 14:00:00,5.43,7.95,31.0,122.5,31.0,122.5
2024-08-01 15:00:00,5.58,7.95,31.0,122.5,31.0,122.5
2024-08-01 16:00:00,5.88,8.2,31.0,122.5,31.0,122.5
2024-08-01 17:00:00,5.74,7.95,31.0,122.5,31.0,122.5
2024-08-01 18:00:00,5.78,7.95,31.0,122.5,31.0,122.5
2024-08-01 19:00:00,5.89,8.0,31.0,122.5,31.0,122.5
2024-08-01 20:00:00,5.58,7.65,31.0,122.5,31.0,122.5
2024-08-01 21:00:00,5.3,7.18,31.0,122.5,31.0,122.5
2024-08-01 22:00:00,5.42,7.42,31.0,122.5,31.0,122.5
2024-08-01 23:00:00,4.49,6.15,31.0,122.5,31.0,122.5
2024-08-02 00:00:00,3.86,5.1,31.0,122.5,31.0,122.5
2024-08-02 01:00:00,3.35,4.2,31.0,122.5,31.0,122.5
2024-08-02 02:00:00,2.66,3.22,31.0,122.5,31.0,122.5
2024-08-02 03:00:00,2.11,2.19,31.0,122.5,31.0,122.5
2024-08-02 04:00:00,1.86,1.43,31.0,122.5,31.0,122.5
2024-08-02 05:00:00,1.9,1.21,31.0,122.5,31.0,122.5
2024-08-02 06:00:00,2.04,1.32,31.0,122.5,31.0,122.5
2024-08-02 07:00:00,2.05,1.45,31.0,122.5,31.0,122.5
2024-08-02 08:00:00,2.51,2.09,31.0,122.5,31.0,122.5
2024-08-02 09:00:00,3.29,3.26,31.0,122.5,31.0,122.5
2024-08-02 10:00:00,3.07,3.51,31.0,122.5,31.0,122.5
2024-08-02 11:00:00,3.66,4.61,31.0,122.5,31.0,122.5
2024-08-02 12:00:00,4.29,5.77,31.0,122.5,31.0,122.5
2024-08-02 13:00:00,4.63,6.43,31.0,122.5,31.0,122.5
2024-08-02 14:00:00,5.09,6.96,31.0,122.5,31.0,122.5
2024-08-02 15:00:00,5.19,6.99,31.0,122.5,31.0,122.5
2024-08-02 16:00:00,4.87,6.44,31.0,122.5,31.0,122.5
2024-08-02 17:00:00,4.49,5.88,31.0,122.5,31.0,122.5
2024-08-02 18:00:00,4.14,5.32,31.0,122.5,31.0,122.5
2024-08-02 19:00:00,3.83,4.85,31.0,122.5,31.0,122.5
2024-08-02 20:00:00,3.49,4.3,31.0,122.5,31.0,122.5
2024-08-02 21:00:00,3.14,3.82,31.0,122.5,31.0,122.5
2024-08-02 22:00:00,2.67,3.25,31.0,122.5,31.0,122.5
2024-08-02 23:00:00,2.62,2.8,31.0,122.5,31.0,122.5
2024-08-03 00:00:00,2.94,2.98,31.0,122.5,31.0,122.5
2024-08-03 01:00:00,3.11,3.16,31.0,122.5,31.0,122.5
2024-08-03 02:00:00,3.18,3.36,31.0,122.5,31.0,122.5
2024-08-03 03:00:00,3.29,3.57,31.0,122.5,31.0,122.5
2024-08-03 04:00:00,3.68,4.07,31.0,122.5,31.0,122.5
2024-08-03 05:00:00,3.96,4.49,31.0,122.5,31.0,122.5
2024-08-03 06:00:00,4.17,4.74,31.0,122.5,31.0,122.5
2024-08-03 07:00:00,4.46,5.2,31.0,122.5,31.0,122.5
2024-08-03 08:00:00,4.84,5.76,31.0,122.5,31.0,122.5
2024-08-03 09:00:00,4.92,6.2,31.0,122.5,31.0,122.5
2024-08-03 10:00:00,4.76,6.68,31.0,122.5,31.0,122.5
2024-08-03 11:00:00,4.8,6.75,31.0,122.5,31.0,122.5
2024-08-03 12:00:00,4.74,6.69,31.0,122.5,31.0,122.5
2024-08-03 13:00:00,5.09,7.12,31.0,122.5,31.0,122.5
2024-08-03 14:00:00,5.35,7.46,31.0,122.5,31.0,122.5
2024-08-03 15:00:00,4.99,6.99,31.0,122.5,31.0,122.5
2024-08-03 16:00:00,4.95,6.82,31.0,122.5,31.0,122.5
2024-08-03 17:00:00,5.01,6.78,31.0,122.5,31.0,122.5
2024-08-03 18:00:00,4.83,6.35,31.0,122.5,31.0,122.5
2024-08-03 19:00:00,4.46,5.89,31.0,122.5,31.0,122.5
2024-08-03 20:00:00,4.31,5.55,31.0,122.5,31.0,122.5
2024-08-03 21:00:00,4.43,5.51,31.0,122.5,31.0,122.5
2024-08-03 22:00:00,4.46,5.99,31.0,122.5,31.0,122.5
2024-08-03 23:00:00,4.47,5.93,31.0,122.5,31.0,122.5
2024-08-04 00:00:00,5.12,6.53,31.0,122.5,31.0,122.5
2024-08-04 01:00:00,5.63,7.2,31.0,122.5,31.0,122.5
2024-08-04 02:00:00,5.44,6.93,31.0,122.5,31.0,122.5
2024-08-04 03:00:00,5.08,6.46,31.0,122.5,31.0,122.5
2024-08-04 04:00:00,4.81,6.08,31.0,122.5,31.0,122.5
2024-08-04 05:00:00,4.63,5.86,31.0,122.5,31.0,122.5
2024-08-04 06:00:00,4.79,6.11,31.0,122.5,31.0,122.5
2024-08-04 07:00:00,4.81,6.28,31.0,122.5,31.0,122.5
2024-08-04 08:00:00,4.98,6.58,31.0,122.5,31.0,122.5
2024-08-04 09:00:00,5.26,6.98,31.0,122.5,31.0,122.5
2024-08-04 10:00:00,4.65,6.23,31.0,122.5,31.0,122.5
2024-08-04 11:00:00,5.44,7.05,31.0,122.5,31.0,122.5
2024-08-04 12:00:00,5.8,7.49,31.0,122.5,31.0,122.5
2024-08-04 13:00:00,6.08,7.91,31.0,122.5,31.0,122.5
2024-08-04 14:00:00,6.04,7.89,31.0,122.5,31.0,122.5
2024-08-04 15:00:00,5.79,7.6,31.0,122.5,31.0,122.5
2024-08-04 16:00:00,5.89,7.69,31.0,122.5,31.0,122.5
2024-08-04 17:00:00,5.92,7.78,31.0,122.5,31.0,122.5
2024-08-04 18:00:00,5.5,7.21,31.0,122.5,31.0,122.5
2024-08-04 19:00:00,4.75,6.2,31.0,122.5,31.0,122.5
2024-08-04 20:00:00,4.41,5.65,31.0,122.5,31.0,122.5
2024-08-04 21:00:00,4.34,5.49,31.0,122.5,31.0,122.5
2024-08-04 22:00:00,4.11,5.19,31.0,122.5,31.0,122.5
2024-08-04 23:00:00,4.72,5.76,31.0,122.5,31.0,122.5
2024-08-05 00:00:00,5.67,7.02,31.0,122.5,31.0,122.5
2024-08-05 01:00:00,6.29,7.89,31.0,122.5,31.0,122.5
2024-08-05 02:00:00,6.01,7.92,31.0,122.5,31.0,122.5
2024-08-05 03:00:00,5.62,7.39,31.0,122.5,31.0,122.5
2024-08-05 04:00:00,5.36,7.08,31.0,122.5,31.0,122.5
2024-08-05 05:00:00,4.92,6.6,31.0,122.5,31.0,122.5
2024-08-05 06:00:00,4.35,5.85,31.0,122.5,31.0,122.5
2024-08-05 07:00:00,3.98,5.3,31.0,122.5,31.0,122.5
2024-08-05 08:00:00,4.2,5.53,31.0,122.5,31.0,122.5
2024-08-05 09:00:00,4.56,6.04,31.0,122.5,31.0,122.5
2024-08-05 10:00:00,3.77,5.16,31.0,122.5,31.0,122.5
2024-08-05 11:00:00,3.66,4.88,31.0,122.5,31.0,122.5
2024-08-05 12:00:00,3.8,5.0,31.0,122.5,31.0,122.5
2024-08-05 13:00:00,4.6,5.91,31.0,122.5,31.0,122.5
2024-08-05 14:00:00,5.13,6.51,31.0,122.5,31.0,122.5
2024-08-05 15:00:00,5.47,7.01,31.0,122.5,31.0,122.5
2024-08-05 16:00:00,5.84,7.35,31.0,122.5,31.0,122.5
2024-08-05 17:00:00,5.52,6.96,31.0,122.5,31.0,122.5
2024-08-05 18:00:00,5.08,6.44,31.0,122.5,31.0,122.5
2024-08-05 19:00:00,5.31,6.69,31.0,122.5,31.0,122.5
2024-08-05 20:00:00,5.21,6.49,31.0,122.5,31.0,122.5
2024-08-05 21:00:00,4.12,5.13,31.0,122.5,31.0,122.5
2024-08-05 22:00:00,3.48,4.49,31.0,122.5,31.0,122.5
2024-08-05 23:00:00,2.76,3.57,31.0,122.5,31.0,122.5
2024-08-06 00:00:00,1.91,2.5,31.0,122.5,31.0,122.5
2024-08-06 01:00:00,1.21,1.65,31.0,122.5,31.0,122.5
2024-08-06 02:00:00,1.35,1.49,31.0,122.5,31.0,122.5
2024-08-06 03:00:00,2.26,2.43,31.0,122.5,31.0,122.5
2024-08-06 04:00:00,2.74,2.91,31.0,122.5,31.0,122.5
2024-08-06 05:00:00,2.92,3.1,31.0,122.5,31.0,122.5
2024-08-06 06:00:00,3.47,3.74,31.0,122.5,31.0,122.5
2024-08-06 07:00:00,4.2,4.77,31.0,122.5,31.0,122.5
2024-08-06 08:00:00,4.83,6.0,31.0,122.5,31.0,122.5
2024-08-06 09:00:00,4.91,6.53,31.0,122.5,31.0,122.5
2024-08-06 10:00:00,4.41,6.28,31.0,122.5,31.0,122.5
2024-08-06 11:00:00,4.35,6.26,31.0,122.5,31.0,122.5
2024-08-06 12:00:00,4.28,6.2,31.0,122.5,31.0,122.5
2024-08-06 13:00:00,3.86,5.78,31.0,122.5,31.0,122.5
2024-08-06 14:00:00,3.16,4.93,31.0,122.5,31.0,122.5
2024-08-06 15:00:00,2.45,4.07,31.0,122.5,31.0,122.5
2024-08-06 16:00:00,2.44,3.96,31.0,122.5,31.0,122.5
2024-08-06 17:00:00,2.56,4.09,31.0,122.5,31.0,122.5
2024-08-06 18:00:00,2.7,4.27,31.0,122.5,31.0,122.5
2024-08-06 19:00:00,3.01,4.62,31.0,122.5,31.0,122.5
2024-08-06 20:00:00,3.12,4.72,31.0,122.5,31.0,122.5
2024-08-06 21:00:00,3.01,4.39,31.0,122.5,31.0,122.5
2024-08-06 22:00:00,2.68,4.06,31.0,122.5,31.0,122.5
2024-08-06 23:00:00,3.44,4.83,31.0,122.5,31.0,122.5
2024-08-07 00:00:00,3.94,5.4,31.0,122.5,31.0,122.5
2024-08-07 01:00:00,3.72,5.05,31.0,122.5,31.0,122.5
2024-08-07 02:00:00,3.05,4.05,31.0,122.5,31.0,122.5
2024-08-07 03:00:00,2.26,2.93,31.0,122.5,31.0,122.5
2024-08-07 04:00:00,2.19,2.6,31.0,122.5,31.0,122.5
2024-08-07 05:00:00,2.67,2.93,31.0,122.5,31.0,122.5
2024-08-07 06:00:00,3.31,3.6,31.0,122.5,31.0,122.5
2024-08-07 07:00:00,3.64,4.04,31.0,122.5,31.0,122.5
2024-08-07 08:00:00,3.44,4.13,31.0,122.5,31.0,122.5
2024-08-07 09:00:00,3.61,4.63,31.0,122.5,31.0,122.5
2024-08-07 10:00:00,3.33,4.58,31.0,122.5,31.0,122.5
2024-08-07 11:00:00,3.55,5.0,31.0,122.5,31.0,122.5
2024-08-07 12:00:00,4.04,5.71,31.0,122.5,31.0,122.5
2024-08-07 13:00:00,4.96,7.0,31.0,122.5,31.0,122.5
2024-08-07 14:00:00,5.45,7.71,31.0,122.5,31.0,122.5
2024-08-07 15:00:00,5.68,7.99,31.0,122.5,31.0,122.5
2024-08-07 16:00:00,5.52,7.81,31.0,122.5,31.0,122.5
2024-08-07 17:00:00,4.72,6.74,31.0,122.5,31.0,122.5
2024-08-07 18:00:00,3.66,5.51,31.0,122.5,31.0,122.5
2024-08-07 19:00:00,3.0,4.75,31.0,122.5,31.0,122.5
2024-08-07 20:00:00,2.74,4.35,31.0,122.5,31.0,122.5
2024-08-07 21:00:00,3.63,5.25,31.0,122.5,31.0,122.5
2024-08-07 22:00:00,3.99,5.55,31.0,122.5,31.0,122.5
2024-08-07 23:00:00,4.55,6.36,31.0,122.5,31.0,122.5
2024-08-08 00:00:00,4.51,6.35,31.0,122.5,31.0,122.5
2024-08-08 01:00:00,3.82,5.53,31.0,122.5,31.0,122.5
2024-08-08 02:00:00,3.44,4.96,31.0,122.5,31.0,122.5
2024-08-08 03:00:00,3.49,4.78,31.0,122.5,31.0,122.5
2024-08-08 04:00:00,3.67,4.85,31.0,122.5,31.0,122.5
2024-08-08 05:00:00,3.96,5.25,31.0,122.5,31.0,122.5
2024-08-08 06:00:00,4.39,5.87,31.0,122.5,31.0,122.5
2024-08-08 07:00:00,4.76,6.51,31.0,122.5,31.0,122.5
2024-08-08 08:00:00,4.83,6.73,31.0,122.5,31.0,122.5
2024-08-08 09:00:00,4.62,6.59,31.0,122.5,31.0,122.5
2024-08-08 10:00:00,4.22,5.84,31.0,122.5,31.0,122.5
2024-08-08 11:00:00,5.19,7.21,31.0,122.5,31.0,122.5
2024-08-08 12:00:00,5.45,7.63,31.0,122.5,31.0,122.5
2024-08-08 13:00:00,5.45,7.72,31.0,122.5,31.0,122.5
2024-08-08 14:00:00,5.71,8.05,31.0,122.5,31.0,122.5
2024-08-08 15:00:00,5.37,7.56,31.0,122.5,31.0,122.5
2024-08-08 16:00:00,5.05,7.1,31.0,122.5,31.0,122.5
2024-08-08 17:00:00,4.7,6.55,31.0,122.5,31.0,122.5
2024-08-08 18:00:00,4.4,6.16,31.0,122.5,31.0,122.5
2024-08-08 19:00:00,5.08,6.85,31.0,122.5,31.0,122.5
2024-08-08 20:00:00,5.35,7.15,31.0,122.5,31.0,122.5
2024-08-08 21:00:00,5.33,7.17,31.0,122.5,31.0,122.5
2024-08-08 22:00:00,4.85,6.61,31.0,122.5,31.0,122.5
2024-08-08 23:00:00,5.05,6.87,31.0,122.5,31.0,122.5
2024-08-09 00:00:00,5.13,7.02,31.0,122.5,31.0,122.5
2024-08-09 01:00:00,5.07,6.92,31.0,122.5,31.0,122.5
2024-08-09 02:00:00,5.53,7.45,31.0,122.5,31.0,122.5
2024-08-09 03:00:00,5.74,7.69,31.0,122.5,31.0,122.5
2024-08-09 04:00:00,5.7,7.66,31.0,122.5,31.0,122.5
2024-08-09 05:00:00,5.82,7.83,31.0,122.5,31.0,122.5
2024-08-09 06:00:00,5.79,7.86,31.0,122.5,31.0,122.5
2024-08-09 07:00:00,6.15,8.34,31.0,122.5,31.0,122.5
2024-08-09 08:00:00,6.49,8.93,31.0,122.5,31.0,122.5
2024-08-09 09:00:00,6.44,8.97,31.0,122.5,31.0,122.5
2024-08-09 10:00:00,6.07,8.39,31.0,122.5,31.0,122.5
2024-08-09 11:00:00,6.4,8.8,31.0,122.5,31.0,122.5
2024-08-09 12:00:00,6.49,8.96,31.0,122.5,31.0,122.5
2024-08-09 13:00:00,6.46,8.97,31.0,122.5,31.0,122.5
2024-08-09 14:00:00,6.31,8.84,31.0,122.5,31.0,122.5
2024-08-09 15:00:00,6.44,8.86,31.0,122.5,31.0,122.5
2024-08-09 16:00:00,6.5,8.91,31.0,122.5,31.0,122.5
2024-08-09 17:00:00,6.42,8.85,31.0,122.5,31.0,122.5
2024-08-09 18:00:00,6.49,8.73,31.0,122.5,31.0,122.5
2024-08-09 19:00:00,6.68,8.87,31.0,122.5,31.0,122.5
2024-08-09 20:00:00,6.82,9.03,31.0,122.5,31.0,122.5
2024-08-09 21:00:00,6.76,8.94,31.0,122.5,31.0,122.5
2024-08-09 22:00:00,6.35,8.45,31.0,122.5,31.0,122.5
2024-08-09 23:00:00,6.44,8.47,31.0,122.5,31.0,122.5
2024-08-10 00:00:00,6.83,9.02,31.0,122.5,31.0,122.5
2024-08-10 01:00:00,6.88,9.2,31.0,122.5,31.0,122.5
2024-08-10 02:00:00,6.98,9.46,31.0,122.5,31.0,122.5
2024-08-10 03:00:00,7.11,9.85,31.0,122.5,31.0,122.5
2024-08-10 04:00:00,6.86,9.55,31.0,122.5,31.0,122.5
2024-08-10 05:00:00,6.57,9.25,31.0,122.5,31.0,122.5
2024-08-10 06:00:00,6.68,9.29,31.0,122.5,31.0,122.5
2024-08-10 07:00:00,6.86,9.31,31.0,122.5,31.0,122.5
2024-08-10 08:00:00,6.86,9.37,31.0,122.5,31.0,122.5
2024-08-10 09:00:00,7.16,9.72,31.0,122.5,31.0,122.5
2024-08-10 10:00:00,6.6,9.29,31.0,122.5,31.0,122.5
2024-08-10 11:00:00,6.85,9.62,31.0,122.5,31.0,122.5
2024-08-10 12:00:00,6.96,9.77,31.0,122.5,31.0,122.5
2024-08-10 13:00:00,7.27,10.17,31.0,122.5,31.0,122.5
2024-08-10 14:00:00,7.53,10.43,31.0,122.5,31.0,122.5
2024-08-10 15:00:00,7.96,10.94,31.0,122.5,31.0,122.5
2024-08-10 16:00:00,8.21,11.14,31.0,122.5,31.0,122.5
2024-08-10 17:00:00,8.08,10.96,31.0,122.5,31.0,122.5
2024-08-10 18:00:00,8.31,11.09,31.0,122.5,31.0,122.5
2024-08-10 19:00:00,8.08,10.72,31.0,122.5,31.0,122.5
2024-08-10 20:00:00,7.22,9.71,31.0,122.5,31.0,122.5
2024-08-10 21:00:00,7.05,9.35,31.0,122.5,31.0,122.5
2024-08-10 22:00:00,7.1,9.55,31.0,122.5,31.0,122.5
2024-08-10 23:00:00,7.38,9.88,31.0,122.5,31.0,122.5
2024-08-11 00:00:00,7.36,9.88,31.0,122.5,31.0,122.5
2024-08-11 01:00:00,7.25,9.77,31.0,122.5,31.0,122.5
2024-08-11 02:00:00,7.16,9.64,31.0,122.5,31.0,122.5
2024-08-11 03:00:00,6.96,9.33,31.0,122.5,31.0,122.5
2024-08-11 04:00:00,6.88,9.25,31.0,122.5,31.0,122.5
2024-08-11 05:00:00,6.66,9.07,31.0,122.5,31.0,122.5
2024-08-11 06:00:00,6.63,9.08,31.0,122.5,31.0,122.5
2024-08-11 07:00:00,6.65,9.09,31.0,122.5,31.0,122.5
2024-08-11 08:00:00,6.95,9.59,31.0,122.5,31.0,122.5
2024-08-11 09:00:00,7.22,9.99,31.0,122.5,31.0,122.5
2024-08-11 10:00:00,7.09,9.8,31.0,122.5,31.0,122.5
2024-08-11 11:00:00,7.52,10.36,31.0,122.5,31.0,122.5
2024-08-11 12:00:00,8.02,10.99,31.0,122.5,31.0,122.5
2024-08-11 13:00:00,8.13,11.14,31.0,122.5,31.0,122.5
2024-08-11 14:00:00,8.07,11.05,31.0,122.5,31.0,122.5
2024-08-11 15:00:00,7.83,10.71,31.0,122.5,31.0,122.5
2024-08-11 16:00:00,7.6,10.28,31.0,122.5,31.0,122.5
2024-08-11 17:00:00,7.42,10.05,31.0,122.5,31.0,122.5
2024-08-11 18:00:00,6.7,9.11,31.0,122.5,31.0,122.5
2024-08-11 19:00:00,5.93,7.95,31.0,122.5,31.0,122.5
2024-08-11 20:00:00,5.6,7.44,31.0,122.5,31.0,122.5
2024-08-11 21:00:00,5.49,7.2,31.0,122.5,31.0,122.5
2024-08-11 22:00:00,5.23,7.04,31.0,122.5,31.0,122.5
2024-08-11 23:00:00,5.27,7.01,31.0,122.5,31.0,122.5
2024-08-12 00:00:00,5.34,7.27,31.0,122.5,31.0,122.5
2024-08-12 01:00:00,5.2,7.08,31.0,122.5,31.0,122.5
2024-08-12 02:00:00,4.75,6.36,31.0,122.5,31.0,122.5
2024-08-12 03:00:00,4.45,5.88,31.0,122.5,31.0,122.5
2024-08-12 04:00:00,4.3,5.64,31.0,122.5,31.0,122.5
2024-08-12 05:00:00,3.99,5.2,31.0,122.5,31.0,122.5
2024-08-12 06:00:00,3.92,4.97,31.0,122.5,31.0,122.5
2024-08-12 07:00:00,3.95,5.0,31.0,122.5,31.0,122.5
2024-08-12 08:00:00,4.49,5.84,31.0,122.5,31.0,122.5
2024-08-12 09:00:00,5.15,6.86,31.0,122.5,31.0,122.5
2024-08-12 10:00:00,4.43,6.01,31.0,122.5,31.0,122.5
2024-08-12 11:00:00,4.82,6.58,31.0,122.5,31.0,122.5
2024-08-12 12:00:00,5.2,7.02,31.0,122.5,31.0,122.5
2024-08-12 13:00:00,5.5,7.39,31.0,122.5,31.0,122.5
2024-08-12 14:00:00,5.63,7.57,31.0,122.5,31.0,122.5
2024-08-12 15:00:00,5.62,7.51,31.0,122.5,31.0,122.5
2024-08-12 16:00:00,5.49,7.32,31.0,122.5,31.0,122.5
2024-08-12 17:00:00,5.03,6.9,31.0,122.5,31.0,122.5
2024-08-12 18:00:00,4.56,6.3,31.0,122.5,31.0,122.5
2024-08-12 19:00:00,4.34,5.84,31.0,122.5,31.0,122.5
2024-08-12 20:00:00,4.17,5.4,31.0,122.5,31.0,122.5
2024-08-12 21:00:00,4.15,5.31,31.0,122.5,31.0,122.5
2024-08-12 22:00:00,3.61,4.91,31.0,122.5,31.0,122.5
2024-08-12 23:00:00,3.33,4.46,31.0,122.5,31.0,122.5
2024-08-13 00:00:00,3.71,4.96,31.0,122.5,31.0,122.5
2024-08-13 01:00:00,3.92,5.21,31.0,122.5,31.0,122.5
2024-08-13 02:00:00,4.4,5.79,31.0,122.5,31.0,122.5
2024-08-13 03:00:00,4.89,6.29,31.0,122.5,31.0,122.5
2024-08-13 04:00:00,4.81,6.22,31.0,122.5,31.0,122.5
2024-08-13 05:00:00,4.45,5.8,31.0,122.5,31.0,122.5
2024-08-13 06:00:00,4.11,5.51,31.0,122.5,31.0,122.5
2024-08-13 07:00:00,4.1,5.48,31.0,122.5,31.0,122.5
2024-08-13 08:00:00,4.38,5.84,31.0,122.5,31.0,122.5
2024-08-13 09:00:00,4.3,5.85,31.0,122.5,31.0,122.5
2024-08-13 10:00:00,3.67,4.98,31.0,122.5,31.0,122.5
2024-08-13 11:00:00,4.54,6.0,31.0,122.5,31.0,122.5
2024-08-13 12:00:00,4.17,5.61,31.0,122.5,31.0,122.5
2024-08-13 13:00:00,3.9,5.27,31.0,122.5,31.0,122.5
2024-08-13 14:00:00,3.91,5.25,31.0,122.5,31.0,122.5
2024-08-13 15:00:00,4.18,5.52,31.0,122.5,31.0,122.5
2024-08-13 16:00:00,4.31,5.45,31.0,122.5,31.0,122.5
2024-08-13 17:00:00,4.4,5.45,31.0,122.5,31.0,122.5
2024-08-13 18:00:00,4.29,5.18,31.0,122.5,31.0,122.5
2024-08-13 19:00:00,4.49,5.43,31.0,122.5,31.0,122.5
2024-08-13 20:00:00,4.45,5.32,31.0,122.5,31.0,122.5
2024-08-13 21:00:00,4.7,5.48,31.0,122.5,31.0,122.5
2024-08-13 22:00:00,4.49,5.66,31.0,122.5,31.0,122.5
2024-08-13 23:00:00,4.24,5.53,31.0,122.5,31.0,122.5
2024-08-14 00:00:00,3.98,5.16,31.0,122.5,31.0,122.5
2024-08-14 01:00:00,3.87,4.8,31.0,122.5,31.0,122.5
2024-08-14 02:00:00,4.13,4.78,31.0,122.5,31.0,122.5
2024-08-14 03:00:00,4.21,4.76,31.0,122.5,31.0,122.5
2024-08-14 04:00:00,4.07,4.59,31.0,122.5,31.0,122.5
2024-08-14 05:00:00,4.11,4.63,31.0,122.5,31.0,122.5
2024-08-14 06:00:00,4.04,4.56,31.0,122.5,31.0,122.5
2024-08-14 07:00:00,3.88,4.4,31.0,122.5,31.0,122.5
2024-08-14 08:00:00,3.96,4.49,31.0,122.5,31.0,122.5
2024-08-14 09:00:00,4.08,5.02,31.0,122.5,31.0,122.5
2024-08-14 10:00:00,4.9,5.9,31.0,122.5,31.0,122.5
2024-08-14 11:00:00,4.78,5.45,31.0,122.5,31.0,122.5
2024-08-14 12:00:00,5.41,6.09,31.0,122.5,31.0,122.5
2024-08-14 13:00:00,5.48,6.24,31.0,122.5,31.0,122.5
2024-08-14 14:00:00,5.32,6.02,31.0,122.5,31.0,122.5
2024-08-14 15:00:00,4.75,5.4,31.0,122.5,31.0,122.5
2024-08-14 16:00:00,4.02,4.54,31.0,122.5,31.0,122.5
2024-08-14 17:00:00,3.42,3.85,31.0,122.5,31.0,122.5
2024-08-14 18:00:00,3.18,3.56,31.0,122.5,31.0,122.5
2024-08-14 19:00:00,3.16,3.56,31.0,122.5,31.0,122.5
2024-08-14 20:00:00,3.22,3.62,31.0,122.5,31.0,122.5
2024-08-14 21:00:00,3.02,3.38,31.0,122.5,31.0,122.5
2024-08-14 22:00:00,3.04,3.54,31.0,122.5,31.0,122.5
2024-08-14 23:00:00,3.38,4.07,31.0,122.5,31.0,122.5
2024-08-15 00:00:00,3.66,4.37,31.0,122.5,31.0,122.5
2024-08-15 01:00:00,3.42,3.96,31.0,122.5,31.0,122.5
2024-08-15 02:00:00,2.67,3.02,31.0,122.5,31.0,122.5
2024-08-15 03:00:00,2.31,2.57,31.0,122.5,31.0,122.5
2024-08-15 04:00:00,2.44,2.69,31.0,122.5,31.0,122.5
2024-08-15 05:00:00,3.09,3.3,31.0,122.5,31.0,122.5
2024-08-15 06:00:00,3.89,4.17,31.0,122.5,31.0,122.5
2024-08-15 07:00:00,4.81,5.35,31.0,122.5,31.0,122.5
2024-08-15 08:00:00,5.01,5.64,31.0,122.5,31.0,122.5
2024-08-15 09:00:00,5.06,5.76,31.0,122.5,31.0,122.5
2024-08-15 10:00:00,4.92,5.74,31.0,122.5,31.0,122.5
2024-08-15 11:00:00,5.18,6.03,31.0,122.5,31.0,122.5
2024-08-15 12:00:00,4.46,5.31,31.0,122.5,31.0,122.5
2024-08-15 13:00:00,4.32,5.15,31.0,122.5,31.0,122.5
2024-08-15 14:00:00,3.92,4.71,31.0,122.5,31.0,122.5
2024-08-15 15:00:00,3.67,4.31,31.0,122.5,31.0,122.5
2024-08-15 16:00:00,3.7,4.25,31.0,122.5,31.0,122.5
2024-08-15 17:00:00,3.5,4.0,31.0,122.5,31.0,122.5
2024-08-15 18:00:00,3.41,3.86,31.0,122.5,31.0,122.5
2024-08-15 19:00:00,3.47,3.86,31.0,122.5,31.0,122.5
2024-08-15 20:00:00,3.43,3.87,31.0,122.5,31.0,122.5
2024-08-15 21:00:00,3.48,3.93,31.0,122.5,31.0,122.5
2024-08-15 22:00:00,2.86,3.35,31.0,122.5,31.0,122.5
2024-08-15 23:00:00,3.04,3.72,31.0,122.5,31.0,122.5
2024-08-16 00:00:00,2.94,3.62,31.0,122.5,31.0,122.5
2024-08-16 01:00:00,3.13,3.58,31.0,122.5,31.0,122.5
2024-08-16 02:00:00,3.13,3.53,31.0,122.5,31.0,122.5
2024-08-16 03:00:00,3.58,3.94,31.0,122.5,31.0,122.5
2024-08-16 04:00:00,4.09,4.51,31.0,122.5,31.0,122.5
2024-08-16 05:00:00,4.21,4.62,31.0,122.5,31.0,122.5
2024-08-16 06:00:00,4.02,4.47,31.0,122.5,31.0,122.5
2024-08-16 07:00:00,3.98,4.48,31.0,122.5,31.0,122.5
2024-08-16 08:00:00,4.01,4.51,31.0,122.5,31.0,122.5
2024-08-16 09:00:00,4.2,4.84,31.0,122.5,31.0,122.5
2024-08-16 10:00:00,4.28,4.92,31.0,122.5,31.0,122.5
2024-08-16 11:00:00,4.51,5.25,31.0,122.5,31.0,122.5
2024-08-16 12:00:00,4.2,4.91,31.0,122.5,31.0,122.5
2024-08-16 13:00:00,4.58,5.3,31.0,122.5,31.0,122.5
2024-08-16 14:00:00,4.4,5.06,31.0,122.5,31.0,122.5
2024-08-16 15:00:00,4.26,4.88,31.0,122.5,31.0,122.5
2024-08-16 16:00:00,3.74,4.29,31.0,122.5,31.0,122.5
2024-08-16 17:00:00,3.07,3.47,31.0,122.5,31.0,122.5
2024-08-16 18:00:00,2.66,2.96,31.0,122.5,31.0,122.5
2024-08-16 19:00:00,2.51,2.77,31.0,122.5,31.0,122.5
2024-08-16 20:00:00,2.47,2.68,31.0,122.5,31.0,122.5
2024-08-16 21:00:00,2.62,2.8,31.0,122.5,31.0,122.5
2024-08-16 22:00:00,2.32,2.45,31.0,122.5,31.0,122.5
2024-08-16 23:00:00,3.07,3.29,31.0,122.5,31.0,122.5
2024-08-17 00:00:00,3.6,3.99,31.0,122.5,31.0,122.5
2024-08-17 01:00:00,3.63,4.01,31.0,122.5,31.0,122.5
2024-08-17 02:00:00,3.22,3.62,31.0,122.5,31.0,122.5
2024-08-17 03:00:00,3.1,3.4,31.0,122.5,31.0,122.5
2024-08-17 04:00:00,3.3,3.6,31.0,122.5,31.0,122.5
2024-08-17 05:00:00,3.65,4.0,31.0,122.5,31.0,122.5
2024-08-17 06:00:00,3.63,4.04,31.0,122.5,31.0,122.5
2024-08-17 07:00:00,3.66,4.13,31.0,122.5,31.0,122.5
2024-08-17 08:00:00,3.89,4.41,31.0,122.5,31.0,122.5
2024-08-17 09:00:00,4.42,5.1,31.0,122.5,31.0,122.5
2024-08-17 10:00:00,4.73,5.41,31.0,122.5,31.0,122.5
2024-08-17 11:00:00,5.16,5.92,31.0,122.5,31.0,122.5
2024-08-17 12:00:00,5.23,5.97,31.0,122.5,31.0,122.5
2024-08-17 13:00:00,5.59,6.37,31.0,122.5,31.0,122.5
2024-08-17 14:00:00,5.46,6.09,31.0,122.5,31.0,122.5
2024-08-17 15:00:00,4.68,5.14,31.0,122.5,31.0,122.5
2024-08-17 16:00:00,4.09,4.41,31.0,122.5,31.0,122.5
2024-08-17 17:00:00,3.59,3.84,31.0,122.5,31.0,122.5
2024-08-17 18:00:00,3.47,3.75,31.0,122.5,31.0,122.5
2024-08-17 19:00:00,3.5,3.78,31.0,122.5,31.0,122.5
2024-08-17 20:00:00,2.68,2.86,31.0,122.5,31.0,122.5
2024-08-17 21:00:00,2.51,2.67,31.0,122.5,31.0,122.5
2024-08-17 22:00:00,2.53,2.71,31.0,122.5,31.0,122.5
2024-08-17 23:00:00,3.28,3.53,31.0,122.5,31.0,122.5
2024-08-18 00:00:00,3.67,3.93,31.0,122.5,31.0,122.5
2024-08-18 01:00:00,4.36,4.67,31.0,122.5,31.0,122.5
2024-08-18 02:00:00,4.81,5.22,31.0,122.5,31.0,122.5
2024-08-18 03:00:00,5.06,5.51,31.0,122.5,31.0,122.5
2024-08-18 04:00:00,5.32,5.84,31.0,122.5,31.0,122.5
2024-08-18 05:00:00,5.37,5.88,31.0,122.5,31.0,122.5
2024-08-18 06:00:00,5.41,5.99,31.0,122.5,31.0,122.5
2024-08-18 07:00:00,5.1,5.67,31.0,122.5,31.0,122.5
2024-08-18 08:00:00,4.94,5.59,31.0,122.5,31.0,122.5
2024-08-18 09:00:00,5.35,6.1,31.0,122.5,31.0,122.5
2024-08-18 10:00:00,5.2,6.29,31.0,122.5,31.0,122.5
2024-08-18 11:00:00,5.81,6.9,31.0,122.5,31.0,122.5
2024-08-18 12:00:00,5.25,6.12,31.0,122.5,31.0,122.5
2024-08-18 13:00:00,4.64,5.3,31.0,122.5,31.0,122.5
2024-08-18 14:00:00,4.37,5.07,31.0,122.5,31.0,122.5
2024-08-18 15:00:00,4.64,5.37,31.0,122.5,31.0,122.5
2024-08-18 16:00:00,4.52,5.22,31.0,122.5,31.0,122.5
2024-08-18 17:00:00,4.85,5.52,31.0,122.5,31.0,122.5
2024-08-18 18:00:00,4.92,5.45,31.0,122.5,31.0,122.5
2024-08-18 19:00:00,4.9,5.39,31.0,122.5,31.0,122.5
2024-08-18 20:00:00,4.87,5.37,31.0,122.5,31.0,122.5
2024-08-18 21:00:00,5.13,5.67,31.0,122.5,31.0,122.5
2024-08-18 22:00:00,4.55,5.22,31.0,122.5,31.0,122.5
2024-08-18 23:00:00,4.81,5.59,31.0,122.5,31.0,122.5
2024-08-19 00:00:00,4.9,5.72,31.0,122.5,31.0,122.5
2024-08-19 01:00:00,4.92,5.73,31.0,122.5,31.0,122.5
2024-08-19 02:00:00,5.06,5.94,31.0,122.5,31.0,122.5
2024-08-19 03:00:00,4.54,5.39,31.0,122.5,31.0,122.5
2024-08-19 04:00:00,4.94,5.84,31.0,122.5,31.0,122.5
2024-08-19 05:00:00,5.45,6.6,31.0,122.5,31.0,122.5
2024-08-19 06:00:00,5.15,6.53,31.0,122.5,31.0,122.5
2024-08-19 07:00:00,4.98,6.42,31.0,122.5,31.0,122.5
2024-08-19 08:00:00,4.72,6.2,31.0,122.5,31.0,122.5
2024-08-19 09:00:00,4.63,6.17,31.0,122.5,31.0,122.5
2024-08-19 10:00:00,3.73,5.12,31.0,122.5,31.0,122.5
2024-08-19 11:00:00,3.85,5.13,31.0,122.5,31.0,122.5
2024-08-19 12:00:00,4.12,5.48,31.0,122.5,31.0,122.5
2024-08-19 13:00:00,3.95,5.34,31.0,122.5,31.0,122.5
2024-08-19 14:00:00,3.55,4.82,31.0,122.5,31.0,122.5
2024-08-19 15:00:00,3.57,4.75,31.0,122.5,31.0,122.5
2024-08-19 16:00:00,3.69,4.82,31.0,122.5,31.0,122.5
2024-08-19 17:00:00,4.08,5.14,31.0,122.5,31.0,122.5
2024-08-19 18:00:00,4.55,5.42,31.0,122.5,31.0,122.5
2024-08-19 19:00:00,5.28,6.12,31.0,122.5,31.0,122.5
2024-08-19 20:00:00,5.57,6.4,31.0,122.5,31.0,122.5
2024-08-19 21:00:00,4.81,5.43,31.0,122.5,31.0,122.5
2024-08-19 22:00:00,3.51,3.87,31.0,122.5,31.0,122.5
2024-08-19 23:00:00,4.53,5.02,31.0,122.5,31.0,122.5
2024-08-20 00:00:00,4.54,5.1,31.0,122.5,31.0,122.5
2024-08-20 01:00:00,4.39,5.0,31.0,122.5,31.0,122.5
2024-08-20 02:00:00,4.61,5.2,31.0,122.5,31.0,122.5
2024-08-20 03:00:00,5.76,6.67,31.0,122.5,31.0,122.5
2024-08-20 04:00:00,6.73,7.92,31.0,122.5,31.0,122.5
2024-08-20 05:00:00,6.93,8.21,31.0,122.5,31.0,122.5
2024-08-20 06:00:00,7.33,8.87,31.0,122.5,31.0,122.5
2024-08-20 07:00:00,7.42,9.41,31.0,122.5,31.0,122.5
2024-08-20 08:00:00,7.52,10.05,31.0,122.5,31.0,122.5
2024-08-20 09:00:00,8.38,11.6,31.0,122.5,31.0,122.5
2024-08-20 10:00:00,9.65,12.96,31.0,122.5,31.0,122.5
2024-08-20 11:00:00,11.65,15.6,31.0,122.5,31.0,122.5
2024-08-20 12:00:00,11.75,15.82,31.0,122.5,31.0,122.5
2024-08-20 13:00:00,11.46,15.34,31.0,122.5,31.0,122.5
2024-08-20 14:00:00,11.23,14.98,31.0,122.5,31.0,122.5
2024-08-20 15:00:00,11.34,15.04,31.0,122.5,31.0,122.5
2024-08-20 16:00:00,11.23,14.88,31.0,122.5,31.0,122.5
2024-08-20 17:00:00,10.83,14.22,31.0,122.5,31.0,122.5
2024-08-20 18:00:00,10.0,13.82,31.0,122.5,31.0,122.5
2024-08-20 19:00:00,9.95,13.41,31.0,122.5,31.0,122.5
2024-08-20 20:00:00,9.9,13.15,31.0,122.5,31.0,122.5
2024-08-20 21:00:00,9.75,13.15,31.0,122.5,31.0,122.5
2024-08-20 22:00:00,10.0,13.52,31.0,122.5,31.0,122.5
2024-08-20 23:00:00,9.94,13.74,31.0,122.5,31.0,122.5
2024-08-21 00:00:00,9.84,13.37,31.0,122.5,31.0,122.5
2024-08-21 01:00:00,9.99,13.02,31.0,122.5,31.0,122.5
2024-08-21 02:00:00,9.92,12.81,31.0,122.5,31.0,122.5
2024-08-21 03:00:00,10.35,13.41,31.0,122.5,31.0,122.5
2024-08-21 04:00:00,11.01,14.4,31.0,122.5,31.0,122.5
2024-08-21 05:00:00,11.24,14.78,31.0,122.5,31.0,122.5
2024-08-21 06:00:00,11.39,15.09,31.0,122.5,31.0,122.5
2024-08-21 07:00:00,11.57,15.46,31.0,122.5,31.0,122.5
2024-08-21 08:00:00,11.68,15.78,31.0,122.5,31.0,122.5
2024-08-21 09:00:00,11.78,15.92,31.0,122.5,31.0,122.5
2024-08-21 10:00:00,11.52,15.75,31.0,122.5,31.0,122.5
2024-08-21 11:00:00,11.36,15.25,31.0,122.5,31.0,122.5
2024-08-21 12:00:00,10.52,14.07,31.0,122.5,31.0,122.5
2024-08-21 13:00:00,8.8,11.55,31.0,122.5,31.0,122.5
2024-08-21 14:00:00,8.1,10.42,31.0,122.5,31.0,122.5
2024-08-21 15:00:00,7.43,9.48,31.0,122.5,31.0,122.5
2024-08-21 16:00:00,7.11,8.95,31.0,122.5,31.0,122.5
2024-08-21 17:00:00,6.72,8.41,31.0,122.5,31.0,122.5
2024-08-21 18:00:00,6.39,8.07,31.0,122.5,31.0,122.5
2024-08-21 19:00:00,6.7,8.35,31.0,122.5,31.0,122.5
2024-08-21 20:00:00,6.71,8.36,31.0,122.5,31.0,122.5
2024-08-21 21:00:00,6.5,8.05,31.0,122.5,31.0,122.5
2024-08-21 22:00:00,5.02,6.34,31.0,122.5,31.0,122.5
2024-08-21 23:00:00,4.55,5.79,31.0,122.5,31.0,122.5
2024-08-22 00:00:00,3.87,5.02,31.0,122.5,31.0,122.5
2024-08-22 01:00:00,3.11,4.2,31.0,122.5,31.0,122.5
2024-08-22 02:00:00,2.67,3.6,31.0,122.5,31.0,122.5
2024-08-22 03:00:00,2.58,3.41,31.0,122.5,31.0,122.5
2024-08-22 04:00:00,2.77,3.44,31.0,122.5,31.0,122.5
2024-08-22 05:00:00,3.15,3.79,31.0,122.5,31.0,122.5
2024-08-22 06:00:00,3.65,4.38,31.0,122.5,31.0,122.5
2024-08-22 07:00:00,4.1,5.01,31.0,122.5,31.0,122.5
2024-08-22 08:00:00,4.28,5.3,31.0,122.5,31.0,122.5
2024-08-22 09:00:00,4.49,5.61,31.0,122.5,31.0,122.5
2024-08-22 10:00:00,4.54,5.54,31.0,122.5,31.0,122.5
2024-08-22 11:00:00,5.28,6.71,31.0,122.5,31.0,122.5
2024-08-22 12:00:00,5.55,7.37,31.0,122.5,31.0,122.5
2024-08-22 13:00:00,5.44,7.28,31.0,122.5,31.0,122.5
2024-08-22 14:00:00,5.19,6.85,31.0,122.5,31.0,122.5
2024-08-22 15:00:00,5.0,6.55,31.0,122.5,31.0,122.5
2024-08-22 16:00:00,4.94,6.33,31.0,122.5,31.0,122.5
2024-08-22 17:00:00,4.87,6.01,31.0,122.5,31.0,122.5
2024-08-22 18:00:00,4.37,5.26,31.0,122.5,31.0,122.5
2024-08-22 19:00:00,3.85,4.53,31.0,122.5,31.0,122.5
2024-08-22 20:00:00,3.61,4.19,31.0,122.5,31.0,122.5
2024-08-22 21:00:00,3.53,3.98,31.0,122.5,31.0,122.5
2024-08-22 22:00:00,3.0,3.3,31.0,122.5,31.0,122.5
2024-08-22 23:00:00,3.22,3.59,31.0,122.5,31.0,122.5
2024-08-23 00:00:00,3.05,3.31,31.0,122.5,31.0,122.5
2024-08-23 01:00:00,3.18,3.48,31.0,122.5,31.0,122.5
2024-08-23 02:00:00,3.21,3.56,31.0,122.5,31.0,122.5
2024-08-23 03:00:00,2.89,3.13,31.0,122.5,31.0,122.5
2024-08-23 04:00:00,2.73,2.94,31.0,122.5,31.0,122.5
2024-08-23 05:00:00,3.16,3.29,31.0,122.5,31.0,122.5
2024-08-23 06:00:00,3.67,3.96,31.0,122.5,31.0,122.5
2024-08-23 07:00:00,4.16,4.63,31.0,122.5,31.0,122.5
2024-08-23 08:00:00,4.56,5.5,31.0,122.5,31.0,122.5
2024-08-23 09:00:00,4.47,5.73,31.0,122.5,31.0,122.5
2024-08-23 10:00:00,3.94,5.36,31.0,122.5,31.0,122.5
2024-08-23 11:00:00,4.13,5.73,31.0,122.5,31.0,122.5
2024-08-23 12:00:00,4.42,6.1,31.0,122.5,31.0,122.5
2024-08-23 13:00:00,4.2,5.87,31.0,122.5,31.0,122.5
2024-08-23 14:00:00,3.99,5.64,31.0,122.5,31.0,122.5
2024-08-23 15:00:00,3.7,5.14,31.0,122.5,31.0,122.5
2024-08-23 16:00:00,3.69,4.94,31.0,122.5,31.0,122.5
2024-08-23 17:00:00,3.91,5.06,31.0,122.5,31.0,122.5
2024-08-23 18:00:00,4.12,5.19,31.0,122.5,31.0,122.5
2024-08-23 19:00:00,4.4,5.41,31.0,122.5,31.0,122.5
2024-08-23 20:00:00,4.75,5.8,31.0,122.5,31.0,122.5
2024-08-23 21:00:00,5.06,6.21,31.0,122.5,31.0,122.5
2024-08-23 22:00:00,4.53,5.23,31.0,122.5,31.0,122.5
2024-08-23 23:00:00,4.83,5.57,31.0,122.5,31.0,122.5
2024-08-24 00:00:00,4.65,5.46,31.0,122.5,31.0,122.5
2024-08-24 01:00:00,4.02,4.73,31.0,122.5,31.0,122.5
2024-08-24 02:00:00,3.59,4.16,31.0,122.5,31.0,122.5
2024-08-24 03:00:00,3.47,3.94,31.0,122.5,31.0,122.5
2024-08-24 04:00:00,3.75,4.21,31.0,122.5,31.0,122.5
2024-08-24 05:00:00,4.07,4.65,31.0,122.5,31.0,122.5
2024-08-24 06:00:00,4.05,4.74,31.0,122.5,31.0,122.5
2024-08-24 07:00:00,3.65,4.34,31.0,122.5,31.0,122.5
2024-08-24 08:00:00,3.43,4.14,31.0,122.5,31.0,122.5
2024-08-24 09:00:00,3.68,4.67,31.0,122.5,31.0,122.5
2024-08-24 10:00:00,3.65,4.76,31.0,122.5,31.0,122.5
2024-08-24 11:00:00,4.65,6.13,31.0,122.5,31.0,122.5
2024-08-24 12:00:00,5.38,7.2,31.0,122.5,31.0,122.5
2024-08-24 13:00:00,5.23,7.09,31.0,122.5,31.0,122.5
2024-08-24 14:00:00,5.09,7.0,31.0,122.5,31.0,122.5
2024-08-24 15:00:00,5.1,6.99,31.0,122.5,31.0,122.5
2024-08-24 16:00:00,4.94,6.86,31.0,122.5,31.0,122.5
2024-08-24 17:00:00,4.26,6.23,31.0,122.5,31.0,122.5
2024-08-24 18:00:00,3.53,5.22,31.0,122.5,31.0,122.5
2024-08-24 19:00:00,3.15,4.53,31.0,122.5,31.0,122.5
2024-08-24 20:00:00,3.95,5.32,31.0,122.5,31.0,122.5
2024-08-24 21:00:00,4.1,5.46,31.0,122.5,31.0,122.5
2024-08-24 22:00:00,3.15,4.04,31.0,122.5,31.0,122.5
2024-08-24 23:00:00,3.83,4.58,31.0,122.5,31.0,122.5
2024-08-25 00:00:00,4.83,5.9,31.0,122.5,31.0,122.5
2024-08-25 01:00:00,4.81,6.0,31.0,122.5,31.0,122.5
2024-08-25 02:00:00,4.59,5.86,31.0,122.5,31.0,122.5
2024-08-25 03:00:00,4.92,6.33,31.0,122.5,31.0,122.5
2024-08-25 04:00:00,4.51,5.91,31.0,122.5,31.0,122.5
2024-08-25 05:00:00,3.87,5.08,31.0,122.5,31.0,122.5
2024-08-25 06:00:00,3.73,4.85,31.0,122.5,31.0,122.5
2024-08-25 07:00:00,3.97,5.16,31.0,122.5,31.0,122.5
2024-08-25 08:00:00,3.87,5.15,31.0,122.5,31.0,122.5
2024-08-25 09:00:00,4.07,5.47,31.0,122.5,31.0,122.5
2024-08-25 10:00:00,3.68,4.92,31.0,122.5,31.0,122.5
2024-08-25 11:00:00,3.59,4.77,31.0,122.5,31.0,122.5
2024-08-25 12:00:00,3.99,5.35,31.0,122.5,31.0,122.5
2024-08-25 13:00:00,3.92,5.41,31.0,122.5,31.0,122.5
2024-08-25 14:00:00,3.64,5.13,31.0,122.5,31.0,122.5
2024-08-25 15:00:00,4.11,5.63,31.0,122.5,31.0,122.5
2024-08-25 16:00:00,4.56,6.13,31.0,122.5,31.0,122.5
2024-08-25 17:00:00,4.4,5.87,31.0,122.5,31.0,122.5
2024-08-25 18:00:00,3.63,4.91,31.0,122.5,31.0,122.5
2024-08-25 19:00:00,2.51,3.59,31.0,122.5,31.0,122.5
2024-08-25 20:00:00,2.46,3.34,31.0,122.5,31.0,122.5
2024-08-25 21:00:00,3.06,3.94,31.0,122.5,31.0,122.5
2024-08-25 22:00:00,2.69,3.34,31.0,122.5,31.0,122.5
2024-08-25 23:00:00,3.25,3.91,31.0,122.5,31.0,122.5
2024-08-26 00:00:00,3.64,4.3,31.0,122.5,31.0,122.5
2024-08-26 01:00:00,3.57,4.19,31.0,122.5,31.0,122.5
2024-08-26 02:00:00,3.55,4.14,31.0,122.5,31.0,122.5
2024-08-26 03:00:00,3.83,4.37,31.0,122.5,31.0,122.5
2024-08-26 04:00:00,4.39,5.03,31.0,122.5,31.0,122.5
2024-08-26 05:00:00,4.44,5.09,31.0,122.5,31.0,122.5
2024-08-26 06:00:00,4.38,5.1,31.0,122.5,31.0,122.5
2024-08-26 07:00:00,4.26,5.08,31.0,122.5,31.0,122.5
2024-08-26 08:00:00,4.28,5.3,31.0,122.5,31.0,122.5
2024-08-26 09:00:00,4.52,5.85,31.0,122.5,31.0,122.5
2024-08-26 10:00:00,4.07,5.56,31.0,122.5,31.0,122.5
2024-08-26 11:00:00,4.5,6.21,31.0,122.5,31.0,122.5
2024-08-26 12:00:00,4.83,6.64,31.0,122.5,31.0,122.5
2024-08-26 13:00:00,4.58,6.42,31.0,122.5,31.0,122.5
2024-08-26 14:00:00,4.43,6.33,31.0,122.5,31.0,122.5
2024-08-26 15:00:00,4.45,6.35,31.0,122.5,31.0,122.5
2024-08-26 16:00:00,4.29,6.21,31.0,122.5,31.0,122.5
2024-08-26 17:00:00,4.38,6.32,31.0,122.5,31.0,122.5
2024-08-26 18:00:00,4.15,5.96,31.0,122.5,31.0,122.5
2024-08-26 19:00:00,4.76,6.46,31.0,122.5,31.0,122.5
2024-08-26 20:00:00,5.01,6.59,31.0,122.5,31.0,122.5
2024-08-26 21:00:00,5.03,6.43,31.0,122.5,31.0,122.5
2024-08-26 22:00:00,4.76,6.22,31.0,122.5,31.0,122.5
2024-08-26 23:00:00,4.8,6.19,31.0,122.5,31.0,122.5
2024-08-27 00:00:00,4.76,6.13,31.0,122.5,31.0,122.5
2024-08-27 01:00:00,4.95,6.42,31.0,122.5,31.0,122.5
2024-08-27 02:00:00,5.29,6.8,31.0,122.5,31.0,122.5
2024-08-27 03:00:00,5.1,6.63,31.0,122.5,31.0,122.5
2024-08-27 04:00:00,4.87,6.26,31.0,122.5,31.0,122.5
2024-08-27 05:00:00,4.53,5.95,31.0,122.5,31.0,122.5
2024-08-27 06:00:00,4.87,6.31,31.0,122.5,31.0,122.5
2024-08-27 07:00:00,4.67,6.28,31.0,122.5,31.0,122.5
2024-08-27 08:00:00,3.81,5.35,31.0,122.5,31.0,122.5
2024-08-27 09:00:00,1.77,3.0,31.0,122.5,31.0,122.5
2024-08-27 10:00:00,0.81,0.29,31.0,122.5,31.0,122.5
2024-08-27 11:00:00,1.99,1.3,31.0,122.5,31.0,122.5
2024-08-27 12:00:00,1.81,1.66,31.0,122.5,31.0,122.5
2024-08-27 13:00:00,1.88,1.47,31.0,122.5,31.0,122.5
2024-08-27 14:00:00,2.76,2.64,31.0,122.5,31.0,122.5
2024-08-27 15:00:00,3.22,3.42,31.0,122.5,31.0,122.5
2024-08-27 16:00:00,3.75,4.18,31.0,122.5,31.0,122.5
2024-08-27 17:00:00,4.86,5.61,31.0,122.5,31.0,122.5
2024-08-27 18:00:00,5.2,6.02,31.0,122.5,31.0,122.5
2024-08-27 19:00:00,5.11,5.99,31.0,122.5,31.0,122.5
2024-08-27 20:00:00,5.45,6.55,31.0,122.5,31.0,122.5
2024-08-27 21:00:00,5.85,7.23,31.0,122.5,31.0,122.5
2024-08-27 22:00:00,5.59,6.85,31.0,122.5,31.0,122.5
2024-08-27 23:00:00,5.34,6.26,31.0,122.5,31.0,122.5
2024-08-28 00:00:00,4.01,4.63,31.0,122.5,31.0,122.5
2024-08-28 01:00:00,2.88,3.31,31.0,122.5,31.0,122.5
2024-08-28 02:00:00,2.35,2.62,31.0,122.5,31.0,122.5
2024-08-28 03:00:00,3.09,3.35,31.0,122.5,31.0,122.5
2024-08-28 04:00:00,3.87,4.22,31.0,122.5,31.0,122.5
2024-08-28 05:00:00,4.11,4.67,31.0,122.5,31.0,122.5
2024-08-28 06:00:00,4.25,5.06,31.0,122.5,31.0,122.5
2024-08-28 07:00:00,4.5,5.66,31.0,122.5,31.0,122.5
2024-08-28 08:00:00,5.69,7.16,31.0,122.5,31.0,122.5
2024-08-28 09:00:00,6.69,8.28,31.0,122.5,31.0,122.5
2024-08-28 10:00:00,6.69,7.86,31.0,122.5,31.0,122.5
2024-08-28 11:00:00,5.98,7.0,31.0,122.5,31.0,122.5
2024-08-28 12:00:00,5.2,6.08,31.0,122.5,31.0,122.5
2024-08-28 13:00:00,5.68,6.62,31.0,122.5,31.0,122.5
2024-08-28 14:00:00,6.19,7.22,31.0,122.5,31.0,122.5
2024-08-28 15:00:00,6.2,7.21,31.0,122.5,31.0,122.5
2024-08-28 16:00:00,5.83,6.8,31.0,122.5,31.0,122.5
2024-08-28 17:00:00,5.4,6.25,31.0,122.5,31.0,122.5
2024-08-28 18:00:00,5.1,5.91,31.0,122.5,31.0,122.5
2024-08-28 19:00:00,5.49,6.36,31.0,122.5,31.0,122.5
2024-08-28 20:00:00,6.06,6.88,31.0,122.5,31.0,122.5
2024-08-28 21:00:00,6.17,6.96,31.0,122.5,31.0,122.5
2024-08-28 22:00:00,6.3,7.11,31.0,122.5,31.0,122.5
2024-08-28 23:00:00,6.69,7.68,31.0,122.5,31.0,122.5
2024-08-29 00:00:00,6.8,7.9,31.0,122.5,31.0,122.5
2024-08-29 01:00:00,5.83,6.9,31.0,122.5,31.0,122.5
2024-08-29 02:00:00,4.94,5.82,31.0,122.5,31.0,122.5
2024-08-29 03:00:00,4.43,5.14,31.0,122.5,31.0,122.5
2024-08-29 04:00:00,4.37,5.11,31.0,122.5,31.0,122.5
2024-08-29 05:00:00,4.72,5.43,31.0,122.5,31.0,122.5
2024-08-29 06:00:00,5.1,5.9,31.0,122.5,31.0,122.5
2024-08-29 07:00:00,5.46,6.46,31.0,122.5,31.0,122.5
2024-08-29 08:00:00,5.61,6.81,31.0,122.5,31.0,122.5
2024-08-29 09:00:00,5.65,6.95,31.0,122.5,31.0,122.5
2024-08-29 10:00:00,5.6,6.57,31.0,122.5,31.0,122.5
2024-08-29 11:00:00,5.72,6.64,31.0,122.5,31.0,122.5
2024-08-29 12:00:00,5.72,6.64,31.0,122.5,31.0,122.5
2024-08-29 13:00:00,5.23,6.05,31.0,122.5,31.0,122.5
2024-08-29 14:00:00,4.51,5.15,31.0,122.5,31.0,122.5
2024-08-29 15:00:00,3.68,4.25,31.0,122.5,31.0,122.5
2024-08-29 16:00:00,2.52,2.85,31.0,122.5,31.0,122.5
2024-08-29 17:00:00,1.63,1.82,31.0,122.5,31.0,122.5
2024-08-29 18:00:00,1.88,2.07,31.0,122.5,31.0,122.5
2024-08-29 19:00:00,2.62,2.87,31.0,122.5,31.0,122.5
2024-08-29 20:00:00,3.43,3.72,31.0,122.5,31.0,122.5
2024-08-29 21:00:00,4.03,4.37,31.0,122.5,31.0,122.5
2024-08-29 22:00:00,4.03,4.33,31.0,122.5,31.0,122.5
2024-08-29 23:00:00,3.86,4.16,31.0,122.5,31.0,122.5
2024-08-30 00:00:00,3.73,4.03,31.0,122.5,31.0,122.5
2024-08-30 01:00:00,3.75,4.02,31.0,122.5,31.0,122.5
2024-08-30 02:00:00,3.92,4.19,31.0,122.5,31.0,122.5
2024-08-30 03:00:00,4.24,4.55,31.0,122.5,31.0,122.5
2024-08-30 04:00:00,4.31,4.61,31.0,122.5,31.0,122.5
2024-08-30 05:00:00,4.17,4.52,31.0,122.5,31.0,122.5
2024-08-30 06:00:00,3.98,4.29,31.0,122.5,31.0,122.5
2024-08-30 07:00:00,3.91,4.21,31.0,122.5,31.0,122.5
2024-08-30 08:00:00,3.89,4.23,31.0,122.5,31.0,122.5
2024-08-30 09:00:00,3.69,4.07,31.0,122.5,31.0,122.5
2024-08-30 10:00:00,3.76,4.16,31.0,122.5,31.0,122.5
2024-08-30 11:00:00,3.73,4.05,31.0,122.5,31.0,122.5
2024-08-30 12:00:00,3.24,3.45,31.0,122.5,31.0,122.5
2024-08-30 13:00:00,2.44,2.57,31.0,122.5,31.0,122.5
2024-08-30 14:00:00,1.79,1.85,31.0,122.5,31.0,122.5
2024-08-30 15:00:00,0.91,0.96,31.0,122.5,31.0,122.5
2024-08-30 16:00:00,0.46,0.46,31.0,122.5,31.0,122.5
2024-08-30 17:00:00,0.46,0.53,31.0,122.5,31.0,122.5
2024-08-30 18:00:00,0.32,0.36,31.0,122.5,31.0,122.5
2024-08-30 19:00:00,0.18,0.27,31.0,122.5,31.0,122.5
2024-08-30 20:00:00,0.61,0.65,31.0,122.5,31.0,122.5
2024-08-30 21:00:00,1.46,1.49,31.0,122.5,31.0,122.5
2024-08-30 22:00:00,1.78,1.82,31.0,122.5,31.0,122.5
2024-08-30 23:00:00,2.71,2.8,31.0,122.5,31.0,122.5
2024-08-31 00:00:00,3.52,3.72,31.0,122.5,31.0,122.5
2024-08-31 01:00:00,3.71,3.86,31.0,122.5,31.0,122.5
2024-08-31 02:00:00,3.61,3.79,31.0,122.5,31.0,122.5
2024-08-31 03:00:00,3.44,3.61,31.0,122.5,31.0,122.5
2024-08-31 04:00:00,3.15,3.29,31.0,122.5,31.0,122.5
2024-08-31 05:00:00,2.94,3.08,31.0,122.5,31.0,122.5
2024-08-31 06:00:00,2.58,2.72,31.0,122.5,31.0,122.5
2024-08-31 07:00:00,2.21,2.31,31.0,122.5,31.0,122.5
2024-08-31 08:00:00,1.86,1.97,31.0,122.5,31.0,122.5
2024-08-31 09:00:00,1.84,1.9,31.0,122.5,31.0,122.5
2024-08-31 10:00:00,2.06,2.12,31.0,122.5,31.0,122.5
2024-08-31 11:00:00,2.51,2.61,31.0,122.5,31.0,122.5
2024-08-31 12:00:00,2.77,2.87,31.0,122.5,31.0,122.5
2024-08-31 13:00:00,2.6,2.76,31.0,122.5,31.0,122.5
2024-08-31 14:00:00,2.74,2.85,31.0,122.5,31.0,122.5
2024-08-31 15:00:00,2.55,2.62,31.0,122.5,31.0,122.5
2024-08-31 16:00:00,2.48,2.55,31.0,122.5,31.0,122.5
2024-08-31 17:00:00,2.68,2.76,31.0,122.5,31.0,122.5
2024-08-31 18:00:00,2.62,2.7,31.0,122.5,31.0,122.5
2024-08-31 19:00:00,2.32,2.4,31.0,122.5,31.0,122.5
2024-08-31 20:00:00,2.19,2.26,31.0,122.5,31.0,122.5
2024-08-31 21:00:00,2.19,2.23,31.0,122.5,31.0,122.5
2024-08-31 22:00:00,2.13,2.17,31.0,122.5,31.0,122.5
2024-08-31 23:00:00,2.16,2.2,31.0,122.5,31.0,122.5
2024-09-01 00:00:00,2.33,2.37,31.0,122.5,31.0,122.5
2024-09-01 01:00:00,2.65,2.72,31.0,122.5,31.0,122.5
2024-09-01 02:00:00,2.99,3.1,31.0,122.5,31.0,122.5
2024-09-01 03:00:00,3.21,3.32,31.0,122.5,31.0,122.5
2024-09-01 04:00:00,3.41,3.55,31.0,122.5,31.0,122.5
2024-09-01 05:00:00,3.78,4.0,31.0,122.5,31.0,122.5
2024-09-01 06:00:00,4.0,4.21,31.0,122.5,31.0,122.5
2024-09-01 07:00:00,4.0,4.24,31.0,122.5,31.0,122.5
2024-09-01 08:00:00,3.82,4.07,31.0,122.5,31.0,122.5
2024-09-01 09:00:00,3.79,4.12,31.0,122.5,31.0,122.5
2024-09-01 10:00:00,3.82,4.12,31.0,122.5,31.0,122.5
2024-09-01 11:00:00,3.93,4.3,31.0,122.5,31.0,122.5
2024-09-01 12:00:00,4.21,4.54,31.0,122.5,31.0,122.5
2024-09-01 13:00:00,4.49,4.87,31.0,122.5,31.0,122.5
2024-09-01 14:00:00,4.83,5.28,31.0,122.5,31.0,122.5
2024-09-01 15:00:00,5.11,5.58,31.0,122.5,31.0,122.5
2024-09-01 16:00:00,4.98,5.42,31.0,122.5,31.0,122.5
2024-09-01 17:00:00,4.68,5.12,31.0,122.5,31.0,122.5
2024-09-01 18:00:00,4.32,4.71,31.0,122.5,31.0,122.5
2024-09-01 19:00:00,3.89,4.22,31.0,122.5,31.0,122.5
2024-09-01 20:00:00,3.83,4.1,31.0,122.5,31.0,122.5
2024-09-01 21:00:00,4.05,4.29,31.0,122.5,31.0,122.5
2024-09-01 22:00:00,3.84,4.14,31.0,122.5,31.0,122.5
2024-09-01 23:00:00,3.83,4.11,31.0,122.5,31.0,122.5
2024-09-02 00:00:00,3.45,3.68,31.0,122.5,31.0,122.5
2024-09-02 01:00:00,3.67,3.89,31.0,122.5,31.0,122.5
2024-09-02 02:00:00,3.57,3.81,31.0,122.5,31.0,122.5
2024-09-02 03:00:00,3.82,4.08,31.0,122.5,31.0,122.5
2024-09-02 04:00:00,4.05,4.36,31.0,122.5,31.0,122.5
2024-09-02 05:00:00,3.91,4.21,31.0,122.5,31.0,122.5
2024-09-02 06:00:00,3.71,4.02,31.0,122.5,31.0,122.5
2024-09-02 07:00:00,3.47,3.76,31.0,122.5,31.0,122.5
2024-09-02 08:00:00,2.82,3.05,31.0,122.5,31.0,122.5
2024-09-02 09:00:00,2.97,3.22,31.0,122.5,31.0,122.5
2024-09-02 10:00:00,3.2,3.54,31.0,122.5,31.0,122.5
2024-09-02 11:00:00,3.52,3.86,31.0,122.5,31.0,122.5
2024-09-02 12:00:00,3.97,4.33,31.0,122.5,31.0,122.5
2024-09-02 13:00:00,3.94,4.33,31.0,122.5,31.0,122.5
2024-09-02 14:00:00,3.59,3.98,31.0,122.5,31.0,122.5
2024-09-02 15:00:00,3.37,3.68,31.0,122.5,31.0,122.5
2024-09-02 16:00:00,3.39,3.66,31.0,122.5,31.0,122.5
2024-09-02 17:00:00,3.44,3.72,31.0,122.5,31.0,122.5
2024-09-02 18:00:00,2.97,3.18,31.0,122.5,31.0,122.5
2024-09-02 19:00:00,2.86,3.01,31.0,122.5,31.0,122.5
2024-09-02 20:00:00,3.27,3.49,31.0,122.5,31.0,122.5
2024-09-02 21:00:00,3.3,3.52,31.0,122.5,31.0,122.5
2024-09-02 22:00:00,2.38,2.55,31.0,122.5,31.0,122.5
2024-09-02 23:00:00,2.31,2.42,31.0,122.5,31.0,122.5
2024-09-03 00:00:00,2.22,2.33,31.0,122.5,31.0,122.5
2024-09-03 01:00:00,2.35,2.46,31.0,122.5,31.0,122.5
2024-09-03 02:00:00,2.25,2.4,31.0,122.5,31.0,122.5
2024-09-03 03:00:00,2.05,2.15,31.0,122.5,31.0,122.5
2024-09-03 04:00:00,2.11,2.2,31.0,122.5,31.0,122.5
2024-09-03 05:00:00,1.77,1.87,31.0,122.5,31.0,122.5
2024-09-03 06:00:00,1.52,1.59,31.0,122.5,31.0,122.5
2024-09-03 07:00:00,1.52,1.55,31.0,122.5,31.0,122.5
2024-09-03 08:00:00,1.86,1.96,31.0,122.5,31.0,122.5
2024-09-03 09:00:00,2.16,2.3,31.0,122.5,31.0,122.5
2024-09-03 10:00:00,2.87,3.08,31.0,122.5,31.0,122.5
2024-09-03 11:00:00,3.25,3.54,31.0,122.5,31.0,122.5
2024-09-03 12:00:00,3.36,3.67,31.0,122.5,31.0,122.5
2024-09-03 13:00:00,3.12,3.46,31.0,122.5,31.0,122.5
2024-09-03 14:00:00,3.46,3.85,31.0,122.5,31.0,122.5
2024-09-03 15:00:00,3.96,4.37,31.0,122.5,31.0,122.5
2024-09-03 16:00:00,4.26,4.73,31.0,122.5,31.0,122.5
2024-09-03 17:00:00,4.03,4.46,31.0,122.5,31.0,122.5
2024-09-03 18:00:00,3.62,4.02,31.0,122.5,31.0,122.5
2024-09-03 19:00:00,3.24,3.56,31.0,122.5,31.0,122.5
2024-09-03 20:00:00,2.93,3.29,31.0,122.5,31.0,122.5
2024-09-03 21:00:00,2.64,2.93,31.0,122.5,31.0,122.5
2024-09-03 22:00:00,1.96,2.22,31.0,122.5,31.0,122.5
2024-09-03 23:00:00,2.7,3.0,31.0,122.5,31.0,122.5
2024-09-04 00:00:00,3.56,3.91,31.0,122.5,31.0,122.5
2024-09-04 01:00:00,3.88,4.29,31.0,122.5,31.0,122.5
2024-09-04 02:00:00,4.05,4.48,31.0,122.5,31.0,122.5
2024-09-04 03:00:00,4.14,4.54,31.0,122.5,31.0,122.5
2024-09-04 04:00:00,4.21,4.61,31.0,122.5,31.0,122.5
2024-09-04 05:00:00,4.28,4.68,31.0,122.5,31.0,122.5
2024-09-04 06:00:00,4.41,4.83,31.0,122.5,31.0,122.5
2024-09-04 07:00:00,4.5,4.94,31.0,122.5,31.0,122.5
2024-09-04 08:00:00,4.49,5.03,31.0,122.5,31.0,122.5
2024-09-04 09:00:00,4.78,5.48,31.0,122.5,31.0,122.5
2024-09-04 10:00:00,4.09,4.79,31.0,122.5,31.0,122.5
2024-09-04 11:00:00,4.92,5.73,31.0,122.5,31.0,122.5
2024-09-04 12:00:00,5.25,6.14,31.0,122.5,31.0,122.5
2024-09-04 13:00:00,5.1,5.95,31.0,122.5,31.0,122.5
2024-09-04 14:00:00,4.87,5.72,31.0,122.5,31.0,122.5
2024-09-04 15:00:00,4.9,5.73,31.0,122.5,31.0,122.5
2024-09-04 16:00:00,5.17,6.07,31.0,122.5,31.0,122.5
2024-09-04 17:00:00,5.35,6.24,31.0,122.5,31.0,122.5
2024-09-04 18:00:00,5.21,5.99,31.0,122.5,31.0,122.5
2024-09-04 19:00:00,4.92,5.63,31.0,122.5,31.0,122.5
2024-09-04 20:00:00,4.62,5.26,31.0,122.5,31.0,122.5
2024-09-04 21:00:00,4.43,5.04,31.0,122.5,31.0,122.5
2024-09-04 22:00:00,3.46,3.95,31.0,122.5,31.0,122.5
2024-09-04 23:00:00,3.58,4.08,31.0,122.5,31.0,122.5
2024-09-05 00:00:00,3.47,4.04,31.0,122.5,31.0,122.5
2024-09-05 01:00:00,3.27,3.83,31.0,122.5,31.0,122.5
2024-09-05 02:00:00,3.18,3.66,31.0,122.5,31.0,122.5
2024-09-05 03:00:00,2.91,3.29,31.0,122.5,31.0,122.5
2024-09-05 04:00:00,3.0,3.29,31.0,122.5,31.0,122.5
2024-09-05 05:00:00,3.06,3.35,31.0,122.5,31.0,122.5
2024-09-05 06:00:00,3.18,3.49,31.0,122.5,31.0,122.5
2024-09-05 07:00:00,3.24,3.62,31.0,122.5,31.0,122.5
2024-09-05 08:00:00,2.99,3.42,31.0,122.5,31.0,122.5
2024-09-05 09:00:00,2.75,3.26,31.0,122.5,31.0,122.5
2024-09-05 10:00:00,3.41,3.86,31.0,122.5,31.0,122.5
2024-09-05 11:00:00,4.9,5.55,31.0,122.5,31.0,122.5
2024-09-05 12:00:00,5.52,6.27,31.0,122.5,31.0,122.5
2024-09-05 13:00:00,5.49,6.17,31.0,122.5,31.0,122.5
2024-09-05 14:00:00,5.08,5.65,31.0,122.5,31.0,122.5
2024-09-05 15:00:00,4.78,5.31,31.0,122.5,31.0,122.5
2024-09-05 16:00:00,4.49,4.92,31.0,122.5,31.0,122.5
2024-09-05 17:00:00,4.02,4.38,31.0,122.5,31.0,122.5
2024-09-05 18:00:00,3.83,4.15,31.0,122.5,31.0,122.5
2024-09-05 19:00:00,3.91,4.21,31.0,122.5,31.0,122.5
2024-09-05 20:00:00,4.27,4.62,31.0,122.5,31.0,122.5
2024-09-05 21:00:00,4.38,4.74,31.0,122.5,31.0,122.5
2024-09-05 22:00:00,3.06,3.26,31.0,122.5,31.0,122.5
2024-09-05 23:00:00,3.38,3.64,31.0,122.5,31.0,122.5
2024-09-06 00:00:00,3.91,4.21,31.0,122.5,31.0,122.5
2024-09-06 01:00:00,4.27,4.64,31.0,122.5,31.0,122.5
2024-09-06 02:00:00,4.35,4.71,31.0,122.5,31.0,122.5
2024-09-06 03:00:00,4.3,4.7,31.0,122.5,31.0,122.5
2024-09-06 04:00:00,3.97,4.37,31.0,122.5,31.0,122.5
2024-09-06 05:00:00,3.83,4.17,31.0,122.5,31.0,122.5
2024-09-06 06:00:00,3.73,4.09,31.0,122.5,31.0,122.5
2024-09-06 07:00:00,3.73,4.09,31.0,122.5,31.0,122.5
2024-09-06 08:00:00,3.88,4.34,31.0,122.5,31.0,122.5
2024-09-06 09:00:00,3.98,4.53,31.0,122.5,31.0,122.5
2024-09-06 10:00:00,3.48,3.83,31.0,122.5,31.0,122.5
2024-09-06 11:00:00,3.9,4.3,31.0,122.5,31.0,122.5
2024-09-06 12:00:00,4.26,4.66,31.0,122.5,31.0,122.5
2024-09-06 13:00:00,4.5,4.91,31.0,122.5,31.0,122.5
2024-09-06 14:00:00,4.48,4.88,31.0,122.5,31.0,122.5
2024-09-06 15:00:00,4.17,4.58,31.0,122.5,31.0,122.5
2024-09-06 16:00:00,4.02,4.42,31.0,122.5,31.0,122.5
2024-09-06 17:00:00,3.95,4.3,31.0,122.5,31.0,122.5
2024-09-06 18:00:00,3.85,4.2,31.0,122.5,31.0,122.5
2024-09-06 19:00:00,3.9,4.25,31.0,122.5,31.0,122.5
2024-09-06 20:00:00,4.11,4.46,31.0,122.5,31.0,122.5
2024-09-06 21:00:00,4.22,4.57,31.0,122.5,31.0,122.5
2024-09-06 22:00:00,3.85,4.2,31.0,122.5,31.0,122.5
2024-09-06 23:00:00,4.35,4.7,31.0,122.5,31.0,122.5
2024-09-07 00:00:00,4.45,4.85,31.0,122.5,31.0,122.5
2024-09-07 01:00:00,4.02,4.37,31.0,122.5,31.0,122.5
2024-09-07 02:00:00,3.3,3.6,31.0,122.5,31.0,122.5
2024-09-07 03:00:00,2.6,2.8,31.0,122.5,31.0,122.5
2024-09-07 04:00:00,2.25,2.39,31.0,122.5,31.0,122.5
2024-09-07 05:00:00,2.25,2.39,31.0,122.5,31.0,122.5
2024-09-07 06:00:00,2.29,2.45,31.0,122.5,31.0,122.5
2024-09-07 07:00:00,2.75,2.91,31.0,122.5,31.0,122.5
2024-09-07 08:00:00,3.52,3.79,31.0,122.5,31.0,122.5
2024-09-07 09:00:00,4.4,4.94,31.0,122.5,31.0,122.5
2024-09-07 10:00:00,4.61,5.19,31.0,122.5,31.0,122.5
2024-09-07 11:00:00,5.39,6.15,31.0,122.5,31.0,122.5
2024-09-07 12:00:00,5.77,6.68,31.0,122.5,31.0,122.5
2024-09-07 13:00:00,5.81,6.71,31.0,122.5,31.0,122.5
2024-09-07 14:00:00,5.48,6.35,31.0,122.5,31.0,122.5
2024-09-07 15:00:00,5.0,5.78,31.0,122.5,31.0,122.5
2024-09-07 16:00:00,4.43,5.11,31.0,122.5,31.0,122.5
2024-09-07 17:00:00,3.95,4.49,31.0,122.5,31.0,122.5
2024-09-07 18:00:00,3.51,4.0,31.0,122.5,31.0,122.5
2024-09-07 19:00:00,3.17,3.59,31.0,122.5,31.0,122.5
2024-09-07 20:00:00,3.12,3.49,31.0,122.5,31.0,122.5
2024-09-07 21:00:00,2.86,3.16,31.0,122.5,31.0,122.5
2024-09-07 22:00:00,3.26,3.53,31.0,122.5,31.0,122.5
2024-09-07 23:00:00,3.86,4.22,31.0,122.5,31.0,122.5
2024-09-08 00:00:00,4.27,4.79,31.0,122.5,31.0,122.5
2024-09-08 01:00:00,4.29,4.8,31.0,122.5,31.0,122.5
2024-09-08 02:00:00,4.22,4.72,31.0,122.5,31.0,122.5
2024-09-08 03:00:00,4.28,4.73,31.0,122.5,31.0,122.5
2024-09-08 04:00:00,4.25,4.65,31.0,122.5,31.0,122.5
2024-09-08 05:00:00,4.15,4.5,31.0,122.5,31.0,122.5
2024-09-08 06:00:00,4.29,4.7,31.0,122.5,31.0,122.5
2024-09-08 07:00:00,4.67,5.22,31.0,122.5,31.0,122.5
2024-09-08 08:00:00,4.91,5.51,31.0,122.5,31.0,122.5
2024-09-08 09:00:00,4.93,5.58,31.0,122.5,31.0,122.5
2024-09-08 10:00:00,4.44,4.92,31.0,122.5,31.0,122.5
2024-09-08 11:00:00,4.71,5.18,31.0,122.5,31.0,122.5
2024-09-08 12:00:00,4.97,5.51,31.0,122.5,31.0,122.5
2024-09-08 13:00:00,5.15,5.69,31.0,122.5,31.0,122.5
2024-09-08 14:00:00,5.11,5.76,31.0,122.5,31.0,122.5
2024-09-08 15:00:00,4.57,5.19,31.0,122.5,31.0,122.5
2024-09-08 16:00:00,4.08,4.54,31.0,122.5,31.0,122.5
2024-09-08 17:00:00,3.91,4.35,31.0,122.5,31.0,122.5
2024-09-08 18:00:00,4.47,4.79,31.0,122.5,31.0,122.5
2024-09-08 19:00:00,4.55,4.92,31.0,122.5,31.0,122.5
2024-09-08 20:00:00,4.91,5.31,31.0,122.5,31.0,122.5
2024-09-08 21:00:00,5.16,5.56,31.0,122.5,31.0,122.5
2024-09-08 22:00:00,4.46,4.81,31.0,122.5,31.0,122.5
2024-09-08 23:00:00,4.6,5.0,31.0,122.5,31.0,122.5
2024-09-09 00:00:00,4.9,5.35,31.0,122.5,31.0,122.5
2024-09-09 01:00:00,5.03,5.53,31.0,122.5,31.0,122.5
2024-09-09 02:00:00,4.87,5.38,31.0,122.5,31.0,122.5
2024-09-09 03:00:00,4.71,5.32,31.0,122.5,31.0,122.5
2024-09-09 04:00:00,4.62,5.23,31.0,122.5,31.0,122.5
2024-09-09 05:00:00,4.4,5.0,31.0,122.5,31.0,122.5
2024-09-09 06:00:00,4.69,5.32,31.0,122.5,31.0,122.5
2024-09-09 07:00:00,5.35,6.17,31.0,122.5,31.0,122.5
2024-09-09 08:00:00,5.52,6.39,31.0,122.5,31.0,122.5
2024-09-09 09:00:00,5.51,6.48,31.0,122.5,31.0,122.5
2024-09-09 10:00:00,6.22,7.18,31.0,122.5,31.0,122.5
2024-09-09 11:00:00,6.74,7.75,31.0,122.5,31.0,122.5
2024-09-09 12:00:00,6.26,7.17,31.0,122.5,31.0,122.5
2024-09-09 13:00:00,6.43,7.35,31.0,122.5,31.0,122.5
2024-09-09 14:00:00,6.82,7.8,31.0,122.5,31.0,122.5
2024-09-09 15:00:00,6.26,7.18,31.0,122.5,31.0,122.5
2024-09-09 16:00:00,5.84,6.67,31.0,122.5,31.0,122.5
2024-09-09 17:00:00,6.25,7.08,31.0,122.5,31.0,122.5
2024-09-09 18:00:00,6.72,7.69,31.0,122.5,31.0,122.5
2024-09-09 19:00:00,7.1,8.16,31.0,122.5,31.0,122.5
2024-09-09 20:00:00,7.44,8.48,31.0,122.5,31.0,122.5
2024-09-09 21:00:00,7.79,8.93,31.0,122.5,31.0,122.5
2024-09-09 22:00:00,7.64,8.66,31.0,122.5,31.0,122.5
2024-09-09 23:00:00,8.03,9.12,31.0,122.5,31.0,122.5
2024-09-10 00:00:00,8.75,10.02,31.0,122.5,31.0,122.5
2024-09-10 01:00:00,9.24,10.73,31.0,122.5,31.0,122.5
2024-09-10 02:00:00,9.09,10.64,31.0,122.5,31.0,122.5
2024-09-10 03:00:00,9.6,11.33,31.0,122.5,31.0,122.5
2024-09-10 04:00:00,9.98,11.81,31.0,122.5,31.0,122.5
2024-09-10 05:00:00,9.65,11.53,31.0,122.5,31.0,122.5
2024-09-10 06:00:00,9.16,10.82,31.0,122.5,31.0,122.5
2024-09-10 07:00:00,9.2,10.73,31.0,122.5,31.0,122.5
2024-09-10 08:00:00,9.18,10.64,31.0,122.5,31.0,122.5
2024-09-10 09:00:00,8.9,10.31,31.0,122.5,31.0,122.5
2024-09-10 10:00:00,9.53,11.03,31.0,122.5,31.0,122.5
2024-09-10 11:00:00,10.6,12.77,31.0,122.5,31.0,122.5
2024-09-10 12:00:00,10.92,13.3,31.0,122.5,31.0,122.5
2024-09-10 13:00:00,10.96,13.6,31.0,122.5,31.0,122.5
2024-09-10 14:00:00,11.5,13.8,31.0,122.5,31.0,122.5
2024-09-10 15:00:00,11.33,14.26,31.0,122.5,31.0,122.5
2024-09-10 16:00:00,10.99,13.67,31.0,122.5,31.0,122.5
2024-09-10 17:00:00,9.94,12.92,31.0,122.5,31.0,122.5
2024-09-10 18:00:00,10.7,12.78,31.0,122.5,31.0,122.5
2024-09-10 19:00:00,10.74,12.84,31.0,122.5,31.0,122.5
2024-09-10 20:00:00,10.12,12.27,31.0,122.5,31.0,122.5
2024-09-10 21:00:00,8.79,10.62,31.0,122.5,31.0,122.5
2024-09-10 22:00:00,8.39,10.48,31.0,122.5,31.0,122.5
2024-09-10 23:00:00,8.26,10.71,31.0,122.5,31.0,122.5
2024-09-11 00:00:00,8.04,10.19,31.0,122.5,31.0,122.5
2024-09-11 01:00:00,8.68,11.28,31.0,122.5,31.0,122.5
2024-09-11 02:00:00,9.0,11.45,31.0,122.5,31.0,122.5
2024-09-11 03:00:00,8.79,11.02,31.0,122.5,31.0,122.5
2024-09-11 04:00:00,8.64,11.24,31.0,122.5,31.0,122.5
2024-09-11 05:00:00,8.6,11.31,31.0,122.5,31.0,122.5
2024-09-11 06:00:00,8.66,11.29,31.0,122.5,31.0,122.5
2024-09-11 07:00:00,8.83,11.66,31.0,122.5,31.0,122.5
2024-09-11 08:00:00,8.94,11.94,31.0,122.5,31.0,122.5
2024-09-11 09:00:00,8.82,11.68,31.0,122.5,31.0,122.5
2024-09-11 10:00:00,7.38,9.83,31.0,122.5,31.0,122.5
2024-09-11 11:00:00,7.37,9.83,31.0,122.5,31.0,122.5
2024-09-11 12:00:00,8.89,11.72,31.0,122.5,31.0,122.5
2024-09-11 13:00:00,8.84,11.42,31.0,122.5,31.0,122.5
2024-09-11 14:00:00,8.41,10.85,31.0,122.5,31.0,122.5
2024-09-11 15:00:00,8.49,11.03,31.0,122.5,31.0,122.5
2024-09-11 16:00:00,8.55,11.34,31.0,122.5,31.0,122.5
2024-09-11 17:00:00,7.47,9.59,31.0,122.5,31.0,122.5
2024-09-11 18:00:00,7.6,9.94,31.0,122.5,31.0,122.5
2024-09-11 19:00:00,8.0,10.12,31.0,122.5,31.0,122.5
2024-09-11 20:00:00,7.77,9.28,31.0,122.5,31.0,122.5
2024-09-11 21:00:00,8.08,9.71,31.0,122.5,31.0,122.5
2024-09-11 22:00:00,6.61,8.48,31.0,122.5,31.0,122.5
2024-09-11 23:00:00,6.7,8.58,31.0,122.5,31.0,122.5
2024-09-12 00:00:00,6.82,8.62,31.0,122.5,31.0,122.5
2024-09-12 01:00:00,7.3,9.12,31.0,122.5,31.0,122.5
2024-09-12 02:00:00,7.16,8.88,31.0,122.5,31.0,122.5
2024-09-12 03:00:00,6.51,8.18,31.0,122.5,31.0,122.5
2024-09-12 04:00:00,6.69,8.4,31.0,122.5,31.0,122.5
2024-09-12 05:00:00,6.54,8.16,31.0,122.5,31.0,122.5
2024-09-12 06:00:00,6.24,7.83,31.0,122.5,31.0,122.5
2024-09-12 07:00:00,5.69,7.27,31.0,122.5,31.0,122.5
2024-09-12 08:00:00,5.6,7.34,31.0,122.5,31.0,122.5
2024-09-12 09:00:00,5.94,7.9,31.0,122.5,31.0,122.5
2024-09-12 10:00:00,6.2,8.1,31.0,122.5,31.0,122.5
2024-09-12 11:00:00,6.18,8.05,31.0,122.5,31.0,122.5
2024-09-12 12:00:00,6.93,8.99,31.0,122.5,31.0,122.5
2024-09-12 13:00:00,6.81,8.71,31.0,122.5,31.0,122.5
2024-09-12 14:00:00,6.72,8.45,31.0,122.5,31.0,122.5
2024-09-12 15:00:00,6.57,8.08,31.0,122.5,31.0,122.5
2024-09-12 16:00:00,6.46,7.79,31.0,122.5,31.0,122.5
2024-09-12 17:00:00,6.41,7.67,31.0,122.5,31.0,122.5
2024-09-12 18:00:00,6.36,7.51,31.0,122.5,31.0,122.5
2024-09-12 19:00:00,6.01,6.98,31.0,122.5,31.0,122.5
2024-09-12 20:00:00,5.48,6.3,31.0,122.5,31.0,122.5
2024-09-12 21:00:00,4.78,5.38,31.0,122.5,31.0,122.5
2024-09-12 22:00:00,3.69,4.16,31.0,122.5,31.0,122.5
2024-09-12 23:00:00,3.72,4.11,31.0,122.5,31.0,122.5
2024-09-13 00:00:00,3.71,4.14,31.0,122.5,31.0,122.5
2024-09-13 01:00:00,3.37,3.69,31.0,122.5,31.0,122.5
2024-09-13 02:00:00,3.26,3.55,31.0,122.5,31.0,122.5
2024-09-13 03:00:00,3.33,3.68,31.0,122.5,31.0,122.5
2024-09-13 04:00:00,3.15,3.43,31.0,122.5,31.0,122.5
2024-09-13 05:00:00,3.05,3.26,31.0,122.5,31.0,122.5
2024-09-13 06:00:00,2.95,3.18,31.0,122.5,31.0,122.5
2024-09-13 07:00:00,3.06,3.29,31.0,122.5,31.0,122.5
2024-09-13 08:00:00,3.5,3.83,31.0,122.5,31.0,122.5
2024-09-13 09:00:00,3.87,4.46,31.0,122.5,31.0,122.5
2024-09-13 10:00:00,4.46,4.84,31.0,122.5,31.0,122.5
2024-09-13 11:00:00,4.82,5.29,31.0,122.5,31.0,122.5
2024-09-13 12:00:00,4.89,5.41,31.0,122.5,31.0,122.5
2024-09-13 13:00:00,4.84,5.32,31.0,122.5,31.0,122.5
2024-09-13 14:00:00,4.47,4.89,31.0,122.5,31.0,122.5
2024-09-13 15:00:00,4.29,4.64,31.0,122.5,31.0,122.5
2024-09-13 16:00:00,4.66,5.02,31.0,122.5,31.0,122.5
2024-09-13 17:00:00,4.65,5.0,31.0,122.5,31.0,122.5
2024-09-13 18:00:00,4.48,4.83,31.0,122.5,31.0,122.5
2024-09-13 19:00:00,4.63,4.98,31.0,122.5,31.0,122.5
2024-09-13 20:00:00,4.65,5.01,31.0,122.5,31.0,122.5
2024-09-13 21:00:00,4.88,5.26,31.0,122.5,31.0,122.5
2024-09-13 22:00:00,4.55,4.92,31.0,122.5,31.0,122.5
2024-09-13 23:00:00,5.28,5.71,31.0,122.5,31.0,122.5
2024-09-14 00:00:00,5.81,6.33,31.0,122.5,31.0,122.5
2024-09-14 01:00:00,6.3,6.94,31.0,122.5,31.0,122.5
2024-09-14 02:00:00,6.91,7.65,31.0,122.5,31.0,122.5
2024-09-14 03:00:00,7.34,8.22,31.0,122.5,31.0,122.5
2024-09-14 04:00:00,7.58,8.53,31.0,122.5,31.0,122.5
2024-09-14 05:00:00,7.57,8.52,31.0,122.5,31.0,122.5
2024-09-14 06:00:00,7.76,8.78,31.0,122.5,31.0,122.5
2024-09-14 07:00:00,7.83,8.89,31.0,122.5,31.0,122.5
2024-09-14 08:00:00,7.69,8.75,31.0,122.5,31.0,122.5
2024-09-14 09:00:00,7.76,8.86,31.0,122.5,31.0,122.5
2024-09-14 10:00:00,7.68,8.82,31.0,122.5,31.0,122.5
2024-09-14 11:00:00,8.14,9.41,31.0,122.5,31.0,122.5
2024-09-14 12:00:00,8.36,9.77,31.0,122.5,31.0,122.5
2024-09-14 13:00:00,8.54,10.04,31.0,122.5,31.0,122.5
2024-09-14 14:00:00,8.59,10.13,31.0,122.5,31.0,122.5
2024-09-14 15:00:00,8.75,10.27,31.0,122.5,31.0,122.5
2024-09-14 16:00:00,9.1,10.76,31.0,122.5,31.0,122.5
2024-09-14 17:00:00,9.53,11.36,31.0,122.5,31.0,122.5
2024-09-14 18:00:00,9.79,11.74,31.0,122.5,31.0,122.5
2024-09-14 19:00:00,9.48,11.41,31.0,122.5,31.0,122.5
2024-09-14 20:00:00,9.04,10.8,31.0,122.5,31.0,122.5
2024-09-14 21:00:00,9.47,11.25,31.0,122.5,31.0,122.5
2024-09-14 22:00:00,8.7,10.9,31.0,122.5,31.0,122.5
2024-09-14 23:00:00,10.35,12.81,31.0,122.5,31.0,122.5
2024-09-15 00:00:00,11.29,14.02,31.0,122.5,31.0,122.5
2024-09-15 01:00:00,11.03,13.78,31.0,122.5,31.0,122.5
2024-09-15 02:00:00,10.77,13.4,31.0,122.5,31.0,122.5
2024-09-15 03:00:00,10.51,13.33,31.0,122.5,31.0,122.5
2024-09-15 04:00:00,10.26,13.06,31.0,122.5,31.0,122.5
2024-09-15 05:00:00,10.51,13.29,31.0,122.5,31.0,122.5
2024-09-15 06:00:00,10.7,13.53,31.0,122.5,31.0,122.5
2024-09-15 07:00:00,10.6,13.53,31.0,122.5,31.0,122.5
2024-09-15 08:00:00,10.51,13.4,31.0,122.5,31.0,122.5
2024-09-15 09:00:00,10.81,13.71,31.0,122.5,31.0,122.5
2024-09-15 10:00:00,10.87,14.06,31.0,122.5,31.0,122.5
2024-09-15 11:00:00,11.58,14.72,31.0,122.5,31.0,122.5
2024-09-15 12:00:00,12.32,15.85,31.0,122.5,31.0,122.5
2024-09-15 13:00:00,14.66,18.96,31.0,122.5,31.0,122.5
2024-09-15 14:00:00,16.61,21.11,31.0,122.5,31.0,122.5
2024-09-15 15:00:00,17.27,22.17,31.0,122.5,31.0,122.5
2024-09-15 16:00:00,19.16,24.51,31.0,122.5,31.0,122.5
2024-09-15 17:00:00,19.99,25.6,31.0,122.5,31.0,122.5
2024-09-15 18:00:00,16.16,21.98,31.0,122.5,31.0,122.5
2024-09-15 19:00:00,14.1,17.89,31.0,122.5,31.0,122.5
2024-09-15 20:00:00,12.52,15.32,31.0,122.5,31.0,122.5
2024-09-15 21:00:00,12.66,16.15,31.0,122.5,31.0,122.5
2024-09-15 22:00:00,14.97,18.88,31.0,122.5,31.0,122.5
2024-09-15 23:00:00,16.99,22.0,31.0,122.5,31.0,122.5
2024-09-16 00:00:00,20.62,26.41,31.0,122.5,31.0,122.5
2024-09-16 01:00:00,21.18,27.39,31.0,122.5,31.0,122.5
2024-09-16 02:00:00,18.74,24.43,31.0,122.5,31.0,122.5
2024-09-16 03:00:00,16.1,20.74,31.0,122.5,31.0,122.5
2024-09-16 04:00:00,14.36,18.32,31.0,122.5,31.0,122.5
2024-09-16 05:00:00,13.19,16.71,31.0,122.5,31.0,122.5
2024-09-16 06:00:00,11.48,14.61,31.0,122.5,31.0,122.5
2024-09-16 07:00:00,10.63,13.53,31.0,122.5,31.0,122.5
2024-09-16 08:00:00,10.29,13.1,31.0,122.5,31.0,122.5
2024-09-16 09:00:00,10.15,13.05,31.0,122.5,31.0,122.5
2024-09-16 10:00:00,9.18,11.88,31.0,122.5,31.0,122.5
2024-09-16 11:00:00,8.98,11.63,31.0,122.5,31.0,122.5
2024-09-16 12:00:00,8.92,11.66,31.0,122.5,31.0,122.5
2024-09-16 13:00:00,8.67,11.28,31.0,122.5,31.0,122.5
2024-09-16 14:00:00,8.68,11.37,31.0,122.5,31.0,122.5
2024-09-16 15:00:00,8.92,11.6,31.0,122.5,31.0,122.5
2024-09-16 16:00:00,9.07,11.78,31.0,122.5,31.0,122.5
2024-09-16 17:00:00,9.07,11.71,31.0,122.5,31.0,122.5
2024-09-16 18:00:00,8.89,11.42,31.0,122.5,31.0,122.5
2024-09-16 19:00:00,8.65,11.65,31.0,122.5,31.0,122.5
2024-09-16 20:00:00,8.27,10.75,31.0,122.5,31.0,122.5
2024-09-16 21:00:00,7.25,9.38,31.0,122.5,31.0,122.5
2024-09-16 22:00:00,5.94,7.96,31.0,122.5,31.0,122.5
2024-09-16 23:00:00,6.25,8.11,31.0,122.5,31.0,122.5
2024-09-17 00:00:00,6.41,8.09,31.0,122.5,31.0,122.5
2024-09-17 01:00:00,6.07,8.03,31.0,122.5,31.0,122.5
2024-09-17 02:00:00,5.91,7.66,31.0,122.5,31.0,122.5
2024-09-17 03:00:00,6.13,7.61,31.0,122.5,31.0,122.5
2024-09-17 04:00:00,6.38,7.76,31.0,122.5,31.0,122.5
2024-09-17 05:00:00,6.58,7.75,31.0,122.5,31.0,122.5
2024-09-17 06:00:00,6.87,8.03,31.0,122.5,31.0,122.5
2024-09-17 07:00:00,6.9,8.14,31.0,122.5,31.0,122.5
2024-09-17 08:00:00,7.35,8.67,31.0,122.5,31.0,122.5
2024-09-17 09:00:00,7.51,8.96,31.0,122.5,31.0,122.5
2024-09-17 10:00:00,6.29,7.74,31.0,122.5,31.0,122.5
2024-09-17 11:00:00,6.59,7.76,31.0,122.5,31.0,122.5
2024-09-17 12:00:00,7.06,8.18,31.0,122.5,31.0,122.5
2024-09-17 13:00:00,7.21,8.22,31.0,122.5,31.0,122.5
2024-09-17 14:00:00,7.6,8.62,31.0,122.5,31.0,122.5
2024-09-17 15:00:00,7.62,8.7,31.0,122.5,31.0,122.5
2024-09-17 16:00:00,7.47,8.52,31.0,122.5,31.0,122.5
2024-09-17 17:00:00,7.08,8.1,31.0,122.5,31.0,122.5
2024-09-17 18:00:00,6.74,7.7,31.0,122.5,31.0,122.5
2024-09-17 19:00:00,6.51,7.51,31.0,122.5,31.0,122.5
2024-09-17 20:00:00,6.9,8.04,31.0,122.5,31.0,122.5
2024-09-17 21:00:00,6.72,7.95,31.0,122.5,31.0,122.5
2024-09-17 22:00:00,5.65,6.85,31.0,122.5,31.0,122.5
2024-09-17 23:00:00,6.09,7.23,31.0,122.5,31.0,122.5
2024-09-18 00:00:00,6.26,7.36,31.0,122.5,31.0,122.5
2024-09-18 01:00:00,6.14,7.19,31.0,122.5,31.0,122.5
2024-09-18 02:00:00,5.96,6.99,31.0,122.5,31.0,122.5
2024-09-18 03:00:00,6.34,7.42,31.0,122.5,31.0,122.5
2024-09-18 04:00:00,7.17,8.54,31.0,122.5,31.0,122.5
2024-09-18 05:00:00,7.73,9.42,31.0,122.5,31.0,122.5
2024-09-18 06:00:00,7.98,10.05,31.0,122.5,31.0,122.5
2024-09-18 07:00:00,7.36,9.89,31.0,122.5,31.0,122.5
2024-09-18 08:00:00,7.5,9.78,31.0,122.5,31.0,122.5
2024-09-18 09:00:00,7.86,10.28,31.0,122.5,31.0,122.5
2024-09-18 10:00:00,7.67,10.09,31.0,122.5,31.0,122.5
2024-09-18 11:00:00,8.29,11.27,31.0,122.5,31.0,122.5
2024-09-18 12:00:00,8.31,11.21,31.0,122.5,31.0,122.5
2024-09-18 13:00:00,8.61,11.63,31.0,122.5,31.0,122.5
2024-09-18 14:00:00,8.69,11.82,31.0,122.5,31.0,122.5
2024-09-18 15:00:00,8.47,11.64,31.0,122.5,31.0,122.5
2024-09-18 16:00:00,8.76,12.28,31.0,122.5,31.0,122.5
2024-09-18 17:00:00,9.12,12.74,31.0,122.5,31.0,122.5
2024-09-18 18:00:00,8.97,12.73,31.0,122.5,31.0,122.5
2024-09-18 19:00:00,11.03,14.09,31.0,122.5,31.0,122.5
2024-09-18 20:00:00,10.47,14.17,31.0,122.5,31.0,122.5
2024-09-18 21:00:00,10.42,13.87,31.0,122.5,31.0,122.5
2024-09-18 22:00:00,11.02,14.0,31.0,122.5,31.0,122.5
2024-09-18 23:00:00,10.24,14.0,31.0,122.5,31.0,122.5
2024-09-19 00:00:00,9.81,13.41,31.0,122.5,31.0,122.5
2024-09-19 01:00:00,10.44,13.97,31.0,122.5,31.0,122.5
2024-09-19 02:00:00,10.93,13.84,31.0,122.5,31.0,122.5
2024-09-19 03:00:00,10.61,13.44,31.0,122.5,31.0,122.5
2024-09-19 04:00:00,10.83,13.73,31.0,122.5,31.0,122.5
2024-09-19 05:00:00,11.43,14.52,31.0,122.5,31.0,122.5
2024-09-19 06:00:00,11.47,14.48,31.0,122.5,31.0,122.5
2024-09-19 07:00:00,10.54,13.81,31.0,122.5,31.0,122.5
2024-09-19 08:00:00,9.9,12.95,31.0,122.5,31.0,122.5
2024-09-19 09:00:00,8.25,10.71,31.0,122.5,31.0,122.5
2024-09-19 10:00:00,9.51,12.52,31.0,122.5,31.0,122.5
2024-09-19 11:00:00,8.64,11.4,31.0,122.5,31.0,122.5
2024-09-19 12:00:00,8.81,11.87,31.0,122.5,31.0,122.5
2024-09-19 13:00:00,9.99,12.95,31.0,122.5,31.0,122.5
2024-09-19 14:00:00,11.65,14.92,31.0,122.5,31.0,122.5
2024-09-19 15:00:00,11.8,15.0,31.0,122.5,31.0,122.5
2024-09-19 16:00:00,12.02,15.47,31.0,122.5,31.0,122.5
2024-09-19 17:00:00,12.21,15.47,31.0,122.5,31.0,122.5
2024-09-19 18:00:00,11.59,14.72,31.0,122.5,31.0,122.5
2024-09-19 19:00:00,11.29,14.27,31.0,122.5,31.0,122.5
2024-09-19 20:00:00,10.94,13.84,31.0,122.5,31.0,122.5
2024-09-19 21:00:00,10.17,12.96,31.0,122.5,31.0,122.5
2024-09-19 22:00:00,9.0,11.54,31.0,122.5,31.0,122.5
2024-09-19 23:00:00,8.76,11.39,31.0,122.5,31.0,122.5
2024-09-20 00:00:00,8.78,11.49,31.0,122.5,31.0,122.5
2024-09-20 01:00:00,9.55,12.3,31.0,122.5,31.0,122.5
2024-09-20 02:00:00,9.93,12.7,31.0,122.5,31.0,122.5
2024-09-20 03:00:00,9.99,12.85,31.0,122.5,31.0,122.5
2024-09-20 04:00:00,9.92,12.87,31.0,122.5,31.0,122.5
2024-09-20 05:00:00,9.68,12.63,31.0,122.5,31.0,122.5
2024-09-20 06:00:00,9.59,12.59,31.0,122.5,31.0,122.5
2024-09-20 07:00:00,9.53,12.52,31.0,122.5,31.0,122.5
2024-09-20 08:00:00,9.63,12.72,31.0,122.5,31.0,122.5
2024-09-20 09:00:00,9.67,12.85,31.0,122.5,31.0,122.5
2024-09-20 10:00:00,9.18,12.11,31.0,122.5,31.0,122.5
2024-09-20 11:00:00,9.12,12.05,31.0,122.5,31.0,122.5
2024-09-20 12:00:00,9.25,12.25,31.0,122.5,31.0,122.5
2024-09-20 13:00:00,9.86,13.06,31.0,122.5,31.0,122.5
2024-09-20 14:00:00,10.05,13.3,31.0,122.5,31.0,122.5
2024-09-20 15:00:00,9.85,13.03,31.0,122.5,31.0,122.5
2024-09-20 16:00:00,10.06,13.24,31.0,122.5,31.0,122.5
2024-09-20 17:00:00,9.91,13.06,31.0,122.5,31.0,122.5
2024-09-20 18:00:00,9.55,12.57,31.0,122.5,31.0,122.5
2024-09-20 19:00:00,8.91,11.69,31.0,122.5,31.0,122.5
2024-09-20 20:00:00,8.13,10.57,31.0,122.5,31.0,122.5
2024-09-20 21:00:00,7.61,9.69,31.0,122.5,31.0,122.5
2024-09-20 22:00:00,5.32,6.96,31.0,122.5,31.0,122.5
2024-09-20 23:00:00,5.21,6.77,31.0,122.5,31.0,122.5
2024-09-21 00:00:00,5.61,7.29,31.0,122.5,31.0,122.5
2024-09-21 01:00:00,8.0,9.96,31.0,122.5,31.0,122.5
2024-09-21 02:00:00,9.98,12.15,31.0,122.5,31.0,122.5
2024-09-21 03:00:00,10.15,12.19,31.0,122.5,31.0,122.5
2024-09-21 04:00:00,10.51,12.6,31.0,122.5,31.0,122.5
2024-09-21 05:00:00,10.78,12.88,31.0,122.5,31.0,122.5
2024-09-21 06:00:00,10.91,12.89,31.0,122.5,31.0,122.5
2024-09-21 07:00:00,10.77,12.6,31.0,122.5,31.0,122.5
2024-09-21 08:00:00,11.11,12.94,31.0,122.5,31.0,122.5
2024-09-21 09:00:00,11.57,13.56,31.0,122.5,31.0,122.5
2024-09-21 10:00:00,12.15,14.38,31.0,122.5,31.0,122.5
2024-09-21 11:00:00,12.25,14.57,31.0,122.5,31.0,122.5
2024-09-21 12:00:00,12.21,14.47,31.0,122.5,31.0,122.5
2024-09-21 13:00:00,11.95,14.1,31.0,122.5,31.0,122.5
2024-09-21 14:00:00,12.15,14.3,31.0,122.5,31.0,122.5
2024-09-21 15:00:00,11.86,13.92,31.0,122.5,31.0,122.5
2024-09-21 16:00:00,11.37,13.28,31.0,122.5,31.0,122.5
2024-09-21 17:00:00,11.66,13.51,31.0,122.5,31.0,122.5
2024-09-21 18:00:00,12.01,13.96,31.0,122.5,31.0,122.5
2024-09-21 19:00:00,12.07,14.02,31.0,122.5,31.0,122.5
2024-09-21 20:00:00,12.18,14.14,31.0,122.5,31.0,122.5
2024-09-21 21:00:00,12.2,14.12,31.0,122.5,31.0,122.5
2024-09-21 22:00:00,10.71,12.21,31.0,122.5,31.0,122.5
2024-09-21 23:00:00,10.73,12.13,31.0,122.5,31.0,122.5
2024-09-22 00:00:00,11.28,12.79,31.0,122.5,31.0,122.5
2024-09-22 01:00:00,12.07,13.82,31.0,122.5,31.0,122.5
2024-09-22 02:00:00,11.46,13.12,31.0,122.5,31.0,122.5
2024-09-22 03:00:00,10.96,12.52,31.0,122.5,31.0,122.5
2024-09-22 04:00:00,10.91,12.36,31.0,122.5,31.0,122.5
2024-09-22 05:00:00,10.77,12.17,31.0,122.5,31.0,122.5
2024-09-22 06:00:00,10.79,12.15,31.0,122.5,31.0,122.5
2024-09-22 07:00:00,10.64,11.95,31.0,122.5,31.0,122.5
2024-09-22 08:00:00,10.8,12.21,31.0,122.5,31.0,122.5
2024-09-22 09:00:00,11.01,12.48,31.0,122.5,31.0,122.5
2024-09-22 10:00:00,9.97,11.06,31.0,122.5,31.0,122.5
2024-09-22 11:00:00,10.15,11.3,31.0,122.5,31.0,122.5
2024-09-22 12:00:00,9.95,11.1,31.0,122.5,31.0,122.5
2024-09-22 13:00:00,10.09,11.25,31.0,122.5,31.0,122.5
2024-09-22 14:00:00,9.79,10.92,31.0,122.5,31.0,122.5
2024-09-22 15:00:00,9.33,10.35,31.0,122.5,31.0,122.5
2024-09-22 16:00:00,9.08,10.06,31.0,122.5,31.0,122.5
2024-09-22 17:00:00,8.88,9.82,31.0,122.5,31.0,122.5
2024-09-22 18:00:00,8.27,9.12,31.0,122.5,31.0,122.5
2024-09-22 19:00:00,8.09,8.89,31.0,122.5,31.0,122.5
2024-09-22 20:00:00,7.84,8.62,31.0,122.5,31.0,122.5
2024-09-22 21:00:00,7.62,8.36,31.0,122.5,31.0,122.5
2024-09-22 22:00:00,5.88,6.3,31.0,122.5,31.0,122.5
2024-09-22 23:00:00,6.27,6.74,31.0,122.5,31.0,122.5
2024-09-23 00:00:00,6.35,6.8,31.0,122.5,31.0,122.5
2024-09-23 01:00:00,6.84,7.38,31.0,122.5,31.0,122.5
2024-09-23 02:00:00,6.99,7.59,31.0,122.5,31.0,122.5
2024-09-23 03:00:00,6.67,7.26,31.0,122.5,31.0,122.5
2024-09-23 04:00:00,6.94,7.53,31.0,122.5,31.0,122.5
2024-09-23 05:00:00,7.4,8.11,31.0,122.5,31.0,122.5
2024-09-23 06:00:00,7.51,8.26,31.0,122.5,31.0,122.5
2024-09-23 07:00:00,7.37,8.13,31.0,122.5,31.0,122.5
2024-09-23 08:00:00,7.22,7.92,31.0,122.5,31.0,122.5
2024-09-23 09:00:00,7.3,8.05,31.0,122.5,31.0,122.5
2024-09-23 10:00:00,6.58,7.29,31.0,122.5,31.0,122.5
2024-09-23 11:00:00,6.21,6.75,31.0,122.5,31.0,122.5
2024-09-23 12:00:00,5.7,6.25,31.0,122.5,31.0,122.5
2024-09-23 13:00:00,5.51,6.01,31.0,122.5,31.0,122.5
2024-09-23 14:00:00,5.83,6.32,31.0,122.5,31.0,122.5
2024-09-23 15:00:00,5.72,6.22,31.0,122.5,31.0,122.5
2024-09-23 16:00:00,5.61,6.06,31.0,122.5,31.0,122.5
2024-09-23 17:00:00,5.25,5.65,31.0,122.5,31.0,122.5
2024-09-23 18:00:00,4.87,5.27,31.0,122.5,31.0,122.5
2024-09-23 19:00:00,4.47,4.79,31.0,122.5,31.0,122.5
2024-09-23 20:00:00,3.58,3.85,31.0,122.5,31.0,122.5
2024-09-23 21:00:00,2.98,3.19,31.0,122.5,31.0,122.5
2024-09-23 22:00:00,3.01,3.2,31.0,122.5,31.0,122.5
2024-09-23 23:00:00,3.02,3.19,31.0,122.5,31.0,122.5
2024-09-24 00:00:00,3.1,3.22,31.0,122.5,31.0,122.5
2024-09-24 01:00:00,3.02,3.22,31.0,122.5,31.0,122.5
2024-09-24 02:00:00,3.54,3.88,31.0,122.5,31.0,122.5
2024-09-24 03:00:00,4.26,4.73,31.0,122.5,31.0,122.5
2024-09-24 04:00:00,4.6,5.22,31.0,122.5,31.0,122.5
2024-09-24 05:00:00,4.48,5.15,31.0,122.5,31.0,122.5
2024-09-24 06:00:00,4.49,5.16,31.0,122.5,31.0,122.5
2024-09-24 07:00:00,4.33,5.11,31.0,122.5,31.0,122.5
2024-09-24 08:00:00,4.68,5.55,31.0,122.5,31.0,122.5
2024-09-24 09:00:00,5.23,6.11,31.0,122.5,31.0,122.5
2024-09-24 10:00:00,5.03,5.67,31.0,122.5,31.0,122.5
2024-09-24 11:00:00,4.17,4.6,31.0,122.5,31.0,122.5
2024-09-24 12:00:00,3.18,3.45,31.0,122.5,31.0,122.5
2024-09-24 13:00:00,2.17,2.37,31.0,122.5,31.0,122.5
2024-09-24 14:00:00,1.92,2.08,31.0,122.5,31.0,122.5
2024-09-24 15:00:00,2.35,2.42,31.0,122.5,31.0,122.5
2024-09-24 16:00:00,2.7,2.85,31.0,122.5,31.0,122.5
2024-09-24 17:00:00,3.06,3.19,31.0,122.5,31.0,122.5
2024-09-24 18:00:00,3.67,3.86,31.0,122.5,31.0,122.5
2024-09-24 19:00:00,4.18,4.46,31.0,122.5,31.0,122.5
2024-09-24 20:00:00,4.92,5.38,31.0,122.5,31.0,122.5
2024-09-24 21:00:00,5.6,6.12,31.0,122.5,31.0,122.5
2024-09-24 22:00:00,4.23,4.54,31.0,122.5,31.0,122.5
2024-09-24 23:00:00,4.21,4.55,31.0,122.5,31.0,122.5
2024-09-25 00:00:00,3.89,4.23,31.0,122.5,31.0,122.5
2024-09-25 01:00:00,4.0,4.39,31.0,122.5,31.0,122.5
2024-09-25 02:00:00,3.29,3.61,31.0,122.5,31.0,122.5
2024-09-25 03:00:00,3.12,3.4,31.0,122.5,31.0,122.5
2024-09-25 04:00:00,3.29,3.57,31.0,122.5,31.0,122.5
2024-09-25 05:00:00,3.64,3.96,31.0,122.5,31.0,122.5
2024-09-25 06:00:00,3.5,3.82,31.0,122.5,31.0,122.5
2024-09-25 07:00:00,3.4,3.72,31.0,122.5,31.0,122.5
2024-09-25 08:00:00,3.16,3.65,31.0,122.5,31.0,122.5
2024-09-25 09:00:00,2.95,3.53,31.0,122.5,31.0,122.5
2024-09-25 10:00:00,3.45,3.69,31.0,122.5,31.0,122.5
2024-09-25 11:00:00,3.88,4.15,31.0,122.5,31.0,122.5
2024-09-25 12:00:00,4.12,4.44,31.0,122.5,31.0,122.5
2024-09-25 13:00:00,4.33,4.76,31.0,122.5,31.0,122.5
2024-09-25 14:00:00,4.46,4.88,31.0,122.5,31.0,122.5
2024-09-25 15:00:00,4.53,4.88,31.0,122.5,31.0,122.5
2024-09-25 16:00:00,4.44,4.79,31.0,122.5,31.0,122.5
2024-09-25 17:00:00,4.4,4.78,31.0,122.5,31.0,122.5
2024-09-25 18:00:00,4.61,4.99,31.0,122.5,31.0,122.5
2024-09-25 19:00:00,4.87,5.27,31.0,122.5,31.0,122.5
2024-09-25 20:00:00,5.34,5.77,31.0,122.5,31.0,122.5
2024-09-25 21:00:00,5.87,6.44,31.0,122.5,31.0,122.5
2024-09-25 22:00:00,5.87,6.47,31.0,122.5,31.0,122.5
2024-09-25 23:00:00,6.57,7.28,31.0,122.5,31.0,122.5
2024-09-26 00:00:00,6.51,7.32,31.0,122.5,31.0,122.5
2024-09-26 01:00:00,5.77,6.44,31.0,122.5,31.0,122.5
2024-09-26 02:00:00,5.34,5.91,31.0,122.5,31.0,122.5
2024-09-26 03:00:00,5.39,5.92,31.0,122.5,31.0,122.5
2024-09-26 04:00:00,5.44,6.01,31.0,122.5,31.0,122.5
2024-09-26 05:00:00,5.68,6.31,31.0,122.5,31.0,122.5
2024-09-26 06:00:00,5.77,6.4,31.0,122.5,31.0,122.5
2024-09-26 07:00:00,5.54,6.11,31.0,122.5,31.0,122.5
2024-09-26 08:00:00,5.49,6.05,31.0,122.5,31.0,122.5
2024-09-26 09:00:00,5.92,6.56,31.0,122.5,31.0,122.5
2024-09-26 10:00:00,5.85,6.45,31.0,122.5,31.0,122.5
2024-09-26 11:00:00,6.07,6.67,31.0,122.5,31.0,122.5
2024-09-26 12:00:00,6.12,6.72,31.0,122.5,31.0,122.5
2024-09-26 13:00:00,5.91,6.47,31.0,122.5,31.0,122.5
2024-09-26 14:00:00,5.66,6.15,31.0,122.5,31.0,122.5
2024-09-26 15:00:00,5.36,5.9,31.0,122.5,31.0,122.5
2024-09-26 16:00:00,5.21,5.67,31.0,122.5,31.0,122.5
2024-09-26 17:00:00,5.33,5.82,31.0,122.5,31.0,122.5
2024-09-26 18:00:00,5.89,6.42,31.0,122.5,31.0,122.5
2024-09-26 19:00:00,6.43,7.07,31.0,122.5,31.0,122.5
2024-09-26 20:00:00,6.87,7.61,31.0,122.5,31.0,122.5
2024-09-26 21:00:00,7.28,8.13,31.0,122.5,31.0,122.5
2024-09-26 22:00:00,7.23,8.18,31.0,122.5,31.0,122.5
2024-09-26 23:00:00,7.74,8.75,31.0,122.5,31.0,122.5
2024-09-27 00:00:00,7.61,8.6,31.0,122.5,31.0,122.5
2024-09-27 01:00:00,7.21,8.16,31.0,122.5,31.0,122.5
2024-09-27 02:00:00,7.29,8.26,31.0,122.5,31.0,122.5
2024-09-27 03:00:00,7.82,8.78,31.0,122.5,31.0,122.5
2024-09-27 04:00:00,8.12,9.16,31.0,122.5,31.0,122.5
2024-09-27 05:00:00,7.4,8.3,31.0,122.5,31.0,122.5
2024-09-27 06:00:00,7.22,8.01,31.0,122.5,31.0,122.5
2024-09-27 07:00:00,7.68,8.56,31.0,122.5,31.0,122.5
2024-09-27 08:00:00,8.09,9.07,31.0,122.5,31.0,122.5
2024-09-27 09:00:00,7.61,8.52,31.0,122.5,31.0,122.5
2024-09-27 10:00:00,6.82,7.6,31.0,122.5,31.0,122.5
2024-09-27 11:00:00,6.76,7.43,31.0,122.5,31.0,122.5
2024-09-27 12:00:00,7.11,7.85,31.0,122.5,31.0,122.5
2024-09-27 13:00:00,7.54,8.35,31.0,122.5,31.0,122.5
2024-09-27 14:00:00,7.39,8.17,31.0,122.5,31.0,122.5
2024-09-27 15:00:00,7.07,7.81,31.0,122.5,31.0,122.5
2024-09-27 16:00:00,7.0,7.71,31.0,122.5,31.0,122.5
2024-09-27 17:00:00,6.72,7.39,31.0,122.5,31.0,122.5
2024-09-27 18:00:00,6.56,7.2,31.0,122.5,31.0,122.5
2024-09-27 19:00:00,6.54,7.14,31.0,122.5,31.0,122.5
2024-09-27 20:00:00,6.79,7.46,31.0,122.5,31.0,122.5
2024-09-27 21:00:00,7.16,7.83,31.0,122.5,31.0,122.5
2024-09-27 22:00:00,7.33,8.15,31.0,122.5,31.0,122.5
2024-09-27 23:00:00,7.97,8.87,31.0,122.5,31.0,122.5
2024-09-28 00:00:00,8.08,9.02,31.0,122.5,31.0,122.5
2024-09-28 01:00:00,7.81,8.75,31.0,122.5,31.0,122.5
2024-09-28 02:00:00,7.3,8.17,31.0,122.5,31.0,122.5
2024-09-28 03:00:00,6.98,7.78,31.0,122.5,31.0,122.5
2024-09-28 04:00:00,6.67,7.41,31.0,122.5,31.0,122.5
2024-09-28 05:00:00,6.59,7.31,31.0,122.5,31.0,122.5
2024-09-28 06:00:00,6.65,7.39,31.0,122.5,31.0,122.5
2024-09-28 07:00:00,6.75,7.62,31.0,122.5,31.0,122.5
2024-09-28 08:00:00,6.36,7.22,31.0,122.5,31.0,122.5
2024-09-28 09:00:00,5.95,6.84,31.0,122.5,31.0,122.5
2024-09-28 10:00:00,6.24,7.02,31.0,122.5,31.0,122.5
2024-09-28 11:00:00,6.44,7.27,31.0,122.5,31.0,122.5
2024-09-28 12:00:00,6.72,7.64,31.0,122.5,31.0,122.5
2024-09-28 13:00:00,7.09,8.13,31.0,122.5,31.0,122.5
2024-09-28 14:00:00,7.72,8.89,31.0,122.5,31.0,122.5
2024-09-28 15:00:00,7.83,9.07,31.0,122.5,31.0,122.5
2024-09-28 16:00:00,7.8,9.03,31.0,122.5,31.0,122.5
2024-09-28 17:00:00,7.84,9.03,31.0,122.5,31.0,122.5
2024-09-28 18:00:00,7.95,9.09,31.0,122.5,31.0,122.5
2024-09-28 19:00:00,7.92,9.06,31.0,122.5,31.0,122.5
2024-09-28 20:00:00,7.87,9.0,31.0,122.5,31.0,122.5
2024-09-28 21:00:00,7.88,9.04,31.0,122.5,31.0,122.5
2024-09-28 22:00:00,7.14,8.24,31.0,122.5,31.0,122.5
2024-09-28 23:00:00,7.16,8.22,31.0,122.5,31.0,122.5
2024-09-29 00:00:00,7.29,8.56,31.0,122.5,31.0,122.5
2024-09-29 01:00:00,7.19,8.76,31.0,122.5,31.0,122.5
2024-09-29 02:00:00,6.93,8.58,31.0,122.5,31.0,122.5
2024-09-29 03:00:00,6.7,8.34,31.0,122.5,31.0,122.5
2024-09-29 04:00:00,6.58,8.52,31.0,122.5,31.0,122.5
2024-09-29 05:00:00,6.78,8.62,31.0,122.5,31.0,122.5
2024-09-29 06:00:00,6.77,8.76,31.0,122.5,31.0,122.5
2024-09-29 07:00:00,6.39,8.38,31.0,122.5,31.0,122.5
2024-09-29 08:00:00,6.33,8.21,31.0,122.5,31.0,122.5
2024-09-29 09:00:00,6.39,8.22,31.0,122.5,31.0,122.5
2024-09-29 10:00:00,6.41,8.18,31.0,122.5,31.0,122.5
2024-09-29 11:00:00,6.79,8.67,31.0,122.5,31.0,122.5
2024-09-29 12:00:00,6.75,8.65,31.0,122.5,31.0,122.5
2024-09-29 13:00:00,6.5,8.38,31.0,122.5,31.0,122.5
2024-09-29 14:00:00,6.05,8.07,31.0,122.5,31.0,122.5
2024-09-29 15:00:00,5.95,7.92,31.0,122.5,31.0,122.5
2024-09-29 16:00:00,6.21,7.98,31.0,122.5,31.0,122.5
2024-09-29 17:00:00,6.66,7.97,31.0,122.5,31.0,122.5
2024-09-29 18:00:00,7.0,8.11,31.0,122.5,31.0,122.5
2024-09-29 19:00:00,7.2,8.3,31.0,122.5,31.0,122.5
2024-09-29 20:00:00,7.42,8.52,31.0,122.5,31.0,122.5
2024-09-29 21:00:00,7.69,8.84,31.0,122.5,31.0,122.5
2024-09-29 22:00:00,7.2,8.45,31.0,122.5,31.0,122.5
2024-09-29 23:00:00,7.55,8.8,31.0,122.5,31.0,122.5
2024-09-30 00:00:00,7.75,9.05,31.0,122.5,31.0,122.5
2024-09-30 01:00:00,7.91,9.31,31.0,122.5,31.0,122.5
2024-09-30 02:00:00,7.58,9.1,31.0,122.5,31.0,122.5
2024-09-30 03:00:00,6.89,8.35,31.0,122.5,31.0,122.5
2024-09-30 04:00:00,6.16,7.53,31.0,122.5,31.0,122.5
2024-09-30 05:00:00,5.85,7.11,31.0,122.5,31.0,122.5
2024-09-30 06:00:00,5.9,7.15,31.0,122.5,31.0,122.5
2024-09-30 07:00:00,5.95,7.3,31.0,122.5,31.0,122.5
2024-09-30 08:00:00,5.85,7.31,31.0,122.5,31.0,122.5
2024-09-30 09:00:00,5.66,7.33,31.0,122.5,31.0,122.5
2024-09-30 10:00:00,6.25,8.01,31.0,122.5,31.0,122.5
2024-09-30 11:00:00,6.32,7.82,31.0,122.5,31.0,122.5
2024-09-30 12:00:00,5.71,6.82,31.0,122.5,31.0,122.5
2024-09-30 13:00:00,4.58,5.36,31.0,122.5,31.0,122.5
2024-09-30 14:00:00,4.51,5.22,31.0,122.5,31.0,122.5
2024-09-30 15:00:00,4.58,5.46,31.0,122.5,31.0,122.5
2024-09-30 16:00:00,4.75,5.52,31.0,122.5,31.0,122.5
2024-09-30 17:00:00,4.42,5.02,31.0,122.5,31.0,122.5
2024-09-30 18:00:00,4.06,4.56,31.0,122.5,31.0,122.5
2024-09-30 19:00:00,3.81,4.32,31.0,122.5,31.0,122.5
2024-09-30 20:00:00,3.78,4.19,31.0,122.5,31.0,122.5
2024-09-30 21:00:00,3.4,3.75,31.0,122.5,31.0,122.5
2024-09-30 22:00:00,2.37,2.5,31.0,122.5,31.0,122.5
2024-09-30 23:00:00,5.87,6.34,31.0,122.5,31.0,122.5
2024-10-01 00:00:00,7.62,8.72,31.0,122.5,31.0,122.5
2024-10-01 01:00:00,8.51,9.65,31.0,122.5,31.0,122.5
2024-10-01 02:00:00,9.15,10.52,31.0,122.5,31.0,122.5
2024-10-01 03:00:00,10.92,12.84,31.0,122.5,31.0,122.5
2024-10-01 04:00:00,12.15,14.6,31.0,122.5,31.0,122.5
2024-10-01 05:00:00,12.87,15.61,31.0,122.5,31.0,122.5
2024-10-01 06:00:00,13.79,16.83,31.0,122.5,31.0,122.5
2024-10-01 07:00:00,13.47,16.39,31.0,122.5,31.0,122.5
2024-10-01 08:00:00,13.7,16.47,31.0,122.5,31.0,122.5
2024-10-01 09:00:00,13.84,16.54,31.0,122.5,31.0,122.5
2024-10-01 10:00:00,13.78,16.4,31.0,122.5,31.0,122.5
2024-10-01 11:00:00,13.56,16.04,31.0,122.5,31.0,122.5
2024-10-01 12:00:00,13.08,15.35,31.0,122.5,31.0,122.5
2024-10-01 13:00:00,12.86,14.93,31.0,122.5,31.0,122.5
2024-10-01 14:00:00,13.29,15.41,31.0,122.5,31.0,122.5
2024-10-01 15:00:00,13.76,15.91,31.0,122.5,31.0,122.5
2024-10-01 16:00:00,13.72,15.83,31.0,122.5,31.0,122.5
2024-10-01 17:00:00,12.87,14.74,31.0,122.5,31.0,122.5
2024-10-01 18:00:00,12.53,14.3,31.0,122.5,31.0,122.5
2024-10-01 19:00:00,12.87,14.69,31.0,122.5,31.0,122.5
2024-10-01 20:00:00,13.57,15.47,31.0,122.5,31.0,122.5
2024-10-01 21:00:00,13.94,15.99,31.0,122.5,31.0,122.5
2024-10-01 22:00:00,13.01,14.86,31.0,122.5,31.0,122.5
2024-10-01 23:00:00,12.69,14.34,31.0,122.5,31.0,122.5
2024-10-02 00:00:00,12.05,13.5,31.0,122.5,31.0,122.5
2024-10-02 01:00:00,11.48,12.73,31.0,122.5,31.0,122.5
2024-10-02 02:00:00,11.84,13.17,31.0,122.5,31.0,122.5
2024-10-02 03:00:00,11.88,13.2,31.0,122.5,31.0,122.5
2024-10-02 04:00:00,11.61,12.93,31.0,122.5,31.0,122.5
2024-10-02 05:00:00,11.41,12.72,31.0,122.5,31.0,122.5
2024-10-02 06:00:00,11.18,12.38,31.0,122.5,31.0,122.5
2024-10-02 07:00:00,11.04,12.24,31.0,122.5,31.0,122.5
2024-10-02 08:00:00,11.18,12.39,31.0,122.5,31.0,122.5
2024-10-02 09:00:00,11.24,12.45,31.0,122.5,31.0,122.5
2024-10-02 10:00:00,10.37,11.43,31.0,122.5,31.0,122.5
2024-10-02 11:00:00,10.46,11.58,31.0,122.5,31.0,122.5
2024-10-02 12:00:00,10.19,11.34,31.0,122.5,31.0,122.5
2024-10-02 13:00:00,9.45,10.46,31.0,122.5,31.0,122.5
2024-10-02 14:00:00,8.97,9.88,31.0,122.5,31.0,122.5
2024-10-02 15:00:00,8.69,9.49,31.0,122.5,31.0,122.5
2024-10-02 16:00:00,8.83,9.65,31.0,122.5,31.0,122.5
2024-10-02 17:00:00,9.35,10.24,31.0,122.5,31.0,122.5
2024-10-02 18:00:00,9.65,10.7,31.0,122.5,31.0,122.5
2024-10-02 19:00:00,9.88,11.0,31.0,122.5,31.0,122.5
2024-10-02 20:00:00,10.43,11.62,31.0,122.5,31.0,122.5
2024-10-02 21:00:00,10.8,12.12,31.0,122.5,31.0,122.5
2024-10-02 22:00:00,10.96,12.39,31.0,122.5,31.0,122.5
2024-10-02 23:00:00,10.94,12.3,31.0,122.5,31.0,122.5
2024-10-03 00:00:00,11.05,12.41,31.0,122.5,31.0,122.5
2024-10-03 01:00:00,10.96,12.32,31.0,122.5,31.0,122.5
2024-10-03 02:00:00,10.62,11.89,31.0,122.5,31.0,122.5
2024-10-03 03:00:00,10.46,11.69,31.0,122.5,31.0,122.5
2024-10-03 04:00:00,10.09,11.21,31.0,122.5,31.0,122.5
2024-10-03 05:00:00,9.91,11.03,31.0,122.5,31.0,122.5
2024-10-03 06:00:00,10.1,11.19,31.0,122.5,31.0,122.5
2024-10-03 07:00:00,10.36,11.52,31.0,122.5,31.0,122.5
2024-10-03 08:00:00,10.55,11.78,31.0,122.5,31.0,122.5
2024-10-03 09:00:00,10.55,11.79,31.0,122.5,31.0,122.5
2024-10-03 10:00:00,10.19,11.29,31.0,122.5,31.0,122.5
2024-10-03 11:00:00,10.14,11.28,31.0,122.5,31.0,122.5
2024-10-03 12:00:00,9.73,10.83,31.0,122.5,31.0,122.5
2024-10-03 13:00:00,9.68,10.73,31.0,122.5,31.0,122.5
2024-10-03 14:00:00,9.54,10.54,31.0,122.5,31.0,122.5
2024-10-03 15:00:00,9.28,10.26,31.0,122.5,31.0,122.5
2024-10-03 16:00:00,9.04,9.97,31.0,122.5,31.0,122.5
2024-10-03 17:00:00,9.15,10.08,31.0,122.5,31.0,122.5
2024-10-03 18:00:00,9.55,10.53,31.0,122.5,31.0,122.5
2024-10-03 19:00:00,9.67,10.73,31.0,122.5,31.0,122.5
2024-10-03 20:00:00,9.62,10.71,31.0,122.5,31.0,122.5
2024-10-03 21:00:00,9.85,10.88,31.0,122.5,31.0,122.5
2024-10-03 22:00:00,9.15,10.03,31.0,122.5,31.0,122.5
2024-10-03 23:00:00,9.57,10.49,31.0,122.5,31.0,122.5
2024-10-04 00:00:00,9.39,10.35,31.0,122.5,31.0,122.5
2024-10-04 01:00:00,8.95,9.86,31.0,122.5,31.0,122.5
2024-10-04 02:00:00,8.74,9.62,31.0,122.5,31.0,122.5
2024-10-04 03:00:00,8.6,9.45,31.0,122.5,31.0,122.5
2024-10-04 04:00:00,8.35,9.23,31.0,122.5,31.0,122.5
2024-10-04 05:00:00,8.35,9.16,31.0,122.5,31.0,122.5
2024-10-04 06:00:00,8.06,8.88,31.0,122.5,31.0,122.5
2024-10-04 07:00:00,7.9,8.66,31.0,122.5,31.0,122.5
2024-10-04 08:00:00,7.7,8.42,31.0,122.5,31.0,122.5
2024-10-04 09:00:00,7.28,7.98,31.0,122.5,31.0,122.5
2024-10-04 10:00:00,7.43,8.11,31.0,122.5,31.0,122.5
2024-10-04 11:00:00,8.11,9.01,31.0,122.5,31.0,122.5
2024-10-04 12:00:00,8.59,9.58,31.0,122.5,31.0,122.5
2024-10-04 13:00:00,8.91,10.09,31.0,122.5,31.0,122.5
2024-10-04 14:00:00,9.17,10.48,31.0,122.5,31.0,122.5
2024-10-04 15:00:00,9.35,10.73,31.0,122.5,31.0,122.5
2024-10-04 16:00:00,9.62,11.08,31.0,122.5,31.0,122.5
2024-10-04 17:00:00,9.94,11.5,31.0,122.5,31.0,122.5
2024-10-04 18:00:00,10.5,12.15,31.0,122.5,31.0,122.5
2024-10-04 19:00:00,10.72,12.44,31.0,122.5,31.0,122.5
2024-10-04 20:00:00,10.97,12.75,31.0,122.5,31.0,122.5
2024-10-04 21:00:00,11.03,12.89,31.0,122.5,31.0,122.5
2024-10-04 22:00:00,11.4,13.33,31.0,122.5,31.0,122.5
2024-10-04 23:00:00,11.43,13.39,31.0,122.5,31.0,122.5
2024-10-05 00:00:00,11.36,13.27,31.0,122.5,31.0,122.5
2024-10-05 01:00:00,10.65,12.38,31.0,122.5,31.0,122.5
2024-10-05 02:00:00,10.01,11.57,31.0,122.5,31.0,122.5
2024-10-05 03:00:00,9.79,11.25,31.0,122.5,31.0,122.5
2024-10-05 04:00:00,9.7,11.15,31.0,122.5,31.0,122.5
2024-10-05 05:00:00,9.09,10.34,31.0,122.5,31.0,122.5
2024-10-05 06:00:00,8.7,9.88,31.0,122.5,31.0,122.5
2024-10-05 07:00:00,8.5,9.64,31.0,122.5,31.0,122.5
2024-10-05 08:00:00,8.45,9.6,31.0,122.5,31.0,122.5
2024-10-05 09:00:00,8.5,9.64,31.0,122.5,31.0,122.5
2024-10-05 10:00:00,8.02,9.13,31.0,122.5,31.0,122.5
2024-10-05 11:00:00,8.61,9.89,31.0,122.5,31.0,122.5
2024-10-05 12:00:00,9.0,10.29,31.0,122.5,31.0,122.5
2024-10-05 13:00:00,9.12,10.41,31.0,122.5,31.0,122.5
2024-10-05 14:00:00,8.95,10.21,31.0,122.5,31.0,122.5
2024-10-05 15:00:00,8.79,10.04,31.0,122.5,31.0,122.5
2024-10-05 16:00:00,8.46,9.64,31.0,122.5,31.0,122.5
2024-10-05 17:00:00,8.35,9.45,31.0,122.5,31.0,122.5
2024-10-05 18:00:00,7.65,8.64,31.0,122.5,31.0,122.5
2024-10-05 19:00:00,7.56,8.52,31.0,122.5,31.0,122.5
2024-10-05 20:00:00,7.61,8.57,31.0,122.5,31.0,122.5
2024-10-05 21:00:00,7.47,8.37,31.0,122.5,31.0,122.5
2024-10-05 22:00:00,7.09,7.94,31.0,122.5,31.0,122.5
2024-10-05 23:00:00,7.19,8.12,31.0,122.5,31.0,122.5
2024-10-06 00:00:00,7.3,8.21,31.0,122.5,31.0,122.5
2024-10-06 01:00:00,7.34,8.18,31.0,122.5,31.0,122.5
2024-10-06 02:00:00,7.61,8.5,31.0,122.5,31.0,122.5
2024-10-06 03:00:00,8.51,9.52,31.0,122.5,31.0,122.5
2024-10-06 04:00:00,8.9,10.17,31.0,122.5,31.0,122.5
2024-10-06 05:00:00,9.17,10.6,31.0,122.5,31.0,122.5
2024-10-06 06:00:00,9.69,11.19,31.0,122.5,31.0,122.5
2024-10-06 07:00:00,9.24,10.7,31.0,122.5,31.0,122.5
2024-10-06 08:00:00,8.81,10.1,31.0,122.5,31.0,122.5
2024-10-06 09:00:00,8.57,9.81,31.0,122.5,31.0,122.5
2024-10-06 10:00:00,7.72,8.63,31.0,122.5,31.0,122.5
2024-10-06 11:00:00,8.15,9.14,31.0,122.5,31.0,122.5
2024-10-06 12:00:00,8.57,9.71,31.0,122.5,31.0,122.5
2024-10-06 13:00:00,8.29,9.38,31.0,122.5,31.0,122.5
2024-10-06 14:00:00,7.74,8.7,31.0,122.5,31.0,122.5
2024-10-06 15:00:00,7.39,8.22,31.0,122.5,31.0,122.5
2024-10-06 16:00:00,7.26,8.0,31.0,122.5,31.0,122.5
2024-10-06 17:00:00,7.09,7.8,31.0,122.5,31.0,122.5
2024-10-06 18:00:00,7.16,7.85,31.0,122.5,31.0,122.5
2024-10-06 19:00:00,7.23,7.92,31.0,122.5,31.0,122.5
2024-10-06 20:00:00,7.1,7.77,31.0,122.5,31.0,122.5
2024-10-06 21:00:00,7.13,7.8,31.0,122.5,31.0,122.5
2024-10-06 22:00:00,7.7,8.5,31.0,122.5,31.0,122.5
2024-10-06 23:00:00,7.87,8.68,31.0,122.5,31.0,122.5
2024-10-07 00:00:00,8.19,9.08,31.0,122.5,31.0,122.5
2024-10-07 01:00:00,8.64,9.7,31.0,122.5,31.0,122.5
2024-10-07 02:00:00,9.02,10.11,31.0,122.5,31.0,122.5
2024-10-07 03:00:00,8.94,10.0,31.0,122.5,31.0,122.5
2024-10-07 04:00:00,9.04,10.08,31.0,122.5,31.0,122.5
2024-10-07 05:00:00,9.33,10.4,31.0,122.5,31.0,122.5
2024-10-07 06:00:00,9.87,11.06,31.0,122.5,31.0,122.5
2024-10-07 07:00:00,10.38,11.65,31.0,122.5,31.0,122.5
2024-10-07 08:00:00,10.82,12.27,31.0,122.5,31.0,122.5
2024-10-07 09:00:00,10.48,11.98,31.0,122.5,31.0,122.5
2024-10-07 10:00:00,9.08,10.19,31.0,122.5,31.0,122.5
2024-10-07 11:00:00,8.66,9.59,31.0,122.5,31.0,122.5
2024-10-07 12:00:00,8.53,9.39,31.0,122.5,31.0,122.5
2024-10-07 13:00:00,8.52,9.36,31.0,122.5,31.0,122.5
2024-10-07 14:00:00,8.79,9.64,31.0,122.5,31.0,122.5
2024-10-07 15:00:00,8.87,9.85,31.0,122.5,31.0,122.5
2024-10-07 16:00:00,8.78,9.76,31.0,122.5,31.0,122.5
2024-10-07 17:00:00,8.87,9.85,31.0,122.5,31.0,122.5
2024-10-07 18:00:00,9.22,10.24,31.0,122.5,31.0,122.5
2024-10-07 19:00:00,9.02,10.12,31.0,122.5,31.0,122.5
2024-10-07 20:00:00,8.83,9.87,31.0,122.5,31.0,122.5
2024-10-07 21:00:00,8.89,9.94,31.0,122.5,31.0,122.5
2024-10-07 22:00:00,8.39,9.29,31.0,122.5,31.0,122.5
2024-10-07 23:00:00,8.64,9.54,31.0,122.5,31.0,122.5
2024-10-08 00:00:00,8.65,9.56,31.0,122.5,31.0,122.5
2024-10-08 01:00:00,8.73,9.69,31.0,122.5,31.0,122.5
2024-10-08 02:00:00,9.04,10.05,31.0,122.5,31.0,122.5
2024-10-08 03:00:00,9.45,10.56,31.0,122.5,31.0,122.5
2024-10-08 04:00:00,10.02,11.28,31.0,122.5,31.0,122.5
2024-10-08 05:00:00,10.37,11.73,31.0,122.5,31.0,122.5
2024-10-08 06:00:00,10.32,11.67,31.0,122.5,31.0,122.5
2024-10-08 07:00:00,9.92,11.17,31.0,122.5,31.0,122.5
2024-10-08 08:00:00,9.38,10.43,31.0,122.5,31.0,122.5
2024-10-08 09:00:00,8.96,9.91,31.0,122.5,31.0,122.5
2024-10-08 10:00:00,8.32,9.16,31.0,122.5,31.0,122.5
2024-10-08 11:00:00,8.01,8.81,31.0,122.5,31.0,122.5
2024-10-08 12:00:00,7.7,8.4,31.0,122.5,31.0,122.5
2024-10-08 13:00:00,7.35,8.0,31.0,122.5,31.0,122.5
2024-10-08 14:00:00,7.16,7.75,31.0,122.5,31.0,122.5
2024-10-08 15:00:00,6.8,7.3,31.0,122.5,31.0,122.5
2024-10-08 16:00:00,6.76,7.26,31.0,122.5,31.0,122.5
2024-10-08 17:00:00,6.86,7.36,31.0,122.5,31.0,122.5
2024-10-08 18:00:00,6.91,7.41,31.0,122.5,31.0,122.5
2024-10-08 19:00:00,6.7,7.2,31.0,122.5,31.0,122.5
2024-10-08 20:00:00,6.55,7.0,31.0,122.5,31.0,122.5
2024-10-08 21:00:00,6.21,6.61,31.0,122.5,31.0,122.5
2024-10-08 22:00:00,5.21,5.52,31.0,122.5,31.0,122.5
2024-10-08 23:00:00,4.84,5.15,31.0,122.5,31.0,122.5
2024-10-09 00:00:00,4.89,5.2,31.0,122.5,31.0,122.5
2024-10-09 01:00:00,4.36,4.62,31.0,122.5,31.0,122.5
2024-10-09 02:00:00,3.75,3.95,31.0,122.5,31.0,122.5
2024-10-09 03:00:00,4.11,4.31,31.0,122.5,31.0,122.5
2024-10-09 04:00:00,4.27,4.46,31.0,122.5,31.0,122.5
2024-10-09 05:00:00,3.99,4.13,31.0,122.5,31.0,122.5
2024-10-09 06:00:00,4.05,4.19,31.0,122.5,31.0,122.5
2024-10-09 07:00:00,4.67,4.9,31.0,122.5,31.0,122.5
2024-10-09 08:00:00,5.23,5.51,31.0,122.5,31.0,122.5
2024-10-09 09:00:00,5.09,5.39,31.0,122.5,31.0,122.5
2024-10-09 10:00:00,4.62,4.9,31.0,122.5,31.0,122.5
2024-10-09 11:00:00,4.74,4.93,31.0,122.5,31.0,122.5
2024-10-09 12:00:00,4.7,4.93,31.0,122.5,31.0,122.5
2024-10-09 13:00:00,4.9,5.16,31.0,122.5,31.0,122.5
2024-10-09 14:00:00,4.44,4.7,31.0,122.5,31.0,122.5
2024-10-09 15:00:00,4.25,4.44,31.0,122.5,31.0,122.5
2024-10-09 16:00:00,5.07,5.38,31.0,122.5,31.0,122.5
2024-10-09 17:00:00,5.39,5.72,31.0,122.5,31.0,122.5
2024-10-09 18:00:00,5.83,6.25,31.0,122.5,31.0,122.5
2024-10-09 19:00:00,6.23,6.69,31.0,122.5,31.0,122.5
2024-10-09 20:00:00,6.28,6.73,31.0,122.5,31.0,122.5
2024-10-09 21:00:00,6.32,6.75,31.0,122.5,31.0,122.5
2024-10-09 22:00:00,6.09,6.5,31.0,122.5,31.0,122.5
2024-10-09 23:00:00,5.88,6.33,31.0,122.5,31.0,122.5
2024-10-10 00:00:00,5.69,6.12,31.0,122.5,31.0,122.5
2024-10-10 01:00:00,5.96,6.39,31.0,122.5,31.0,122.5
2024-10-10 02:00:00,5.93,6.37,31.0,122.5,31.0,122.5
2024-10-10 03:00:00,5.58,6.01,31.0,122.5,31.0,122.5
2024-10-10 04:00:00,5.87,6.28,31.0,122.5,31.0,122.5
2024-10-10 05:00:00,5.85,6.28,31.0,122.5,31.0,122.5
2024-10-10 06:00:00,6.45,6.94,31.0,122.5,31.0,122.5
2024-10-10 07:00:00,6.6,7.14,31.0,122.5,31.0,122.5
2024-10-10 08:00:00,6.32,6.81,31.0,122.5,31.0,122.5
2024-10-10 09:00:00,6.27,6.76,31.0,122.5,31.0,122.5
2024-10-10 10:00:00,5.88,6.33,31.0,122.5,31.0,122.5
2024-10-10 11:00:00,5.66,6.1,31.0,122.5,31.0,122.5
2024-10-10 12:00:00,5.75,6.2,31.0,122.5,31.0,122.5
2024-10-10 13:00:00,5.8,6.25,31.0,122.5,31.0,122.5
2024-10-10 14:00:00,6.21,6.65,31.0,122.5,31.0,122.5
2024-10-10 15:00:00,6.55,7.1,31.0,122.5,31.0,122.5
2024-10-10 16:00:00,6.75,7.31,31.0,122.5,31.0,122.5
2024-10-10 17:00:00,6.7,7.26,31.0,122.5,31.0,122.5
2024-10-10 18:00:00,6.64,7.21,31.0,122.5,31.0,122.5
2024-10-10 19:00:00,6.61,7.13,31.0,122.5,31.0,122.5
2024-10-10 20:00:00,6.74,7.32,31.0,122.5,31.0,122.5
2024-10-10 21:00:00,6.93,7.51,31.0,122.5,31.0,122.5
2024-10-10 22:00:00,6.27,6.79,31.0,122.5,31.0,122.5
2024-10-10 23:00:00,6.31,6.85,31.0,122.5,31.0,122.5
2024-10-11 00:00:00,6.26,6.82,31.0,122.5,31.0,122.5
2024-10-11 01:00:00,6.02,6.53,31.0,122.5,31.0,122.5
2024-10-11 02:00:00,5.72,6.15,31.0,122.5,31.0,122.5
2024-10-11 03:00:00,5.55,5.99,31.0,122.5,31.0,122.5
2024-10-11 04:00:00,5.43,5.84,31.0,122.5,31.0,122.5
2024-10-11 05:00:00,5.33,5.73,31.0,122.5,31.0,122.5
2024-10-11 06:00:00,5.5,5.91,31.0,122.5,31.0,122.5
2024-10-11 07:00:00,5.75,6.22,31.0,122.5,31.0,122.5
2024-10-11 08:00:00,5.88,6.37,31.0,122.5,31.0,122.5
2024-10-11 09:00:00,5.87,6.37,31.0,122.5,31.0,122.5
2024-10-11 10:00:00,5.25,5.63,31.0,122.5,31.0,122.5
2024-10-11 11:00:00,5.43,5.89,31.0,122.5,31.0,122.5
2024-10-11 12:00:00,5.74,6.2,31.0,122.5,31.0,122.5
2024-10-11 13:00:00,5.8,6.29,31.0,122.5,31.0,122.5
2024-10-11 14:00:00,5.81,6.31,31.0,122.5,31.0,122.5
2024-10-11 15:00:00,5.66,6.2,31.0,122.5,31.0,122.5
2024-10-11 16:00:00,5.58,6.09,31.0,122.5,31.0,122.5
2024-10-11 17:00:00,5.66,6.14,31.0,122.5,31.0,122.5
2024-10-11 18:00:00,5.9,6.46,31.0,122.5,31.0,122.5
2024-10-11 19:00:00,6.11,6.68,31.0,122.5,31.0,122.5
2024-10-11 20:00:00,6.05,6.65,31.0,122.5,31.0,122.5
2024-10-11 21:00:00,6.07,6.63,31.0,122.5,31.0,122.5
2024-10-11 22:00:00,5.57,6.09,31.0,122.5,31.0,122.5
2024-10-11 23:00:00,6.1,6.73,31.0,122.5,31.0,122.5
2024-10-12 00:00:00,6.33,6.94,31.0,122.5,31.0,122.5
2024-10-12 01:00:00,6.24,6.84,31.0,122.5,31.0,122.5
2024-10-12 02:00:00,6.22,6.88,31.0,122.5,31.0,122.5
2024-10-12 03:00:00,6.15,6.81,31.0,122.5,31.0,122.5
2024-10-12 04:00:00,6.06,6.71,31.0,122.5,31.0,122.5
2024-10-12 05:00:00,6.0,6.61,31.0,122.5,31.0,122.5
2024-10-12 06:00:00,5.79,6.43,31.0,122.5,31.0,122.5
2024-10-12 07:00:00,5.85,6.47,31.0,122.5,31.0,122.5
2024-10-12 08:00:00,6.13,6.84,31.0,122.5,31.0,122.5
2024-10-12 09:00:00,6.46,7.21,31.0,122.5,31.0,122.5
2024-10-12 10:00:00,5.9,6.6,31.0,122.5,31.0,122.5
2024-10-12 11:00:00,6.71,7.5,31.0,122.5,31.0,122.5
2024-10-12 12:00:00,7.3,8.3,31.0,122.5,31.0,122.5
2024-10-12 13:00:00,7.57,8.68,31.0,122.5,31.0,122.5
2024-10-12 14:00:00,7.3,8.52,31.0,122.5,31.0,122.5
2024-10-12 15:00:00,6.93,8.12,31.0,122.5,31.0,122.5
2024-10-12 16:00:00,6.89,8.06,31.0,122.5,31.0,122.5
2024-10-12 17:00:00,7.11,8.29,31.0,122.5,31.0,122.5
2024-10-12 18:00:00,7.18,8.29,31.0,122.5,31.0,122.5
2024-10-12 19:00:00,7.26,8.32,31.0,122.5,31.0,122.5
2024-10-12 20:00:00,7.36,8.46,31.0,122.5,31.0,122.5
2024-10-12 21:00:00,7.62,8.72,31.0,122.5,31.0,122.5
2024-10-12 22:00:00,7.85,8.98,31.0,122.5,31.0,122.5
2024-10-12 23:00:00,7.5,8.55,31.0,122.5,31.0,122.5
2024-10-13 00:00:00,8.25,9.47,31.0,122.5,31.0,122.5
2024-10-13 01:00:00,8.4,9.72,31.0,122.5,31.0,122.5
2024-10-13 02:00:00,7.51,8.77,31.0,122.5,31.0,122.5
2024-10-13 03:00:00,6.95,8.1,31.0,122.5,31.0,122.5
2024-10-13 04:00:00,6.82,7.87,31.0,122.5,31.0,122.5
2024-10-13 05:00:00,6.66,7.73,31.0,122.5,31.0,122.5
2024-10-13 06:00:00,6.61,7.65,31.0,122.5,31.0,122.5
2024-10-13 07:00:00,6.53,7.62,31.0,122.5,31.0,122.5
2024-10-13 08:00:00,6.39,7.51,31.0,122.5,31.0,122.5
2024-10-13 09:00:00,6.42,7.56,31.0,122.5,31.0,122.5
2024-10-13 10:00:00,6.26,7.23,31.0,122.5,31.0,122.5
2024-10-13 11:00:00,5.61,6.46,31.0,122.5,31.0,122.5
2024-10-13 12:00:00,6.31,7.25,31.0,122.5,31.0,122.5
2024-10-13 13:00:00,6.69,7.76,31.0,122.5,31.0,122.5
2024-10-13 14:00:00,6.44,7.6,31.0,122.5,31.0,122.5
2024-10-13 15:00:00,5.89,6.95,31.0,122.5,31.0,122.5
2024-10-13 16:00:00,4.99,6.03,31.0,122.5,31.0,122.5
2024-10-13 17:00:00,4.76,5.8,31.0,122.5,31.0,122.5
2024-10-13 18:00:00,4.47,5.59,31.0,122.5,31.0,122.5
2024-10-13 19:00:00,4.16,5.23,31.0,122.5,31.0,122.5
2024-10-13 20:00:00,3.77,4.83,31.0,122.5,31.0,122.5
2024-10-13 21:00:00,3.68,4.78,31.0,122.5,31.0,122.5
2024-10-13 22:00:00,2.97,4.18,31.0,122.5,31.0,122.5
2024-10-13 23:00:00,3.36,4.64,31.0,122.5,31.0,122.5
2024-10-14 00:00:00,3.49,4.81,31.0,122.5,31.0,122.5
2024-10-14 01:00:00,3.73,5.1,31.0,122.5,31.0,122.5
2024-10-14 02:00:00,3.83,5.21,31.0,122.5,31.0,122.5
2024-10-14 03:00:00,3.65,4.95,31.0,122.5,31.0,122.5
2024-10-14 04:00:00,3.67,4.8,31.0,122.5,31.0,122.5
2024-10-14 05:00:00,3.87,4.89,31.0,122.5,31.0,122.5
2024-10-14 06:00:00,3.69,4.73,31.0,122.5,31.0,122.5
2024-10-14 07:00:00,3.05,4.09,31.0,122.5,31.0,122.5
2024-10-14 08:00:00,1.6,2.58,31.0,122.5,31.0,122.5
2024-10-14 09:00:00,0.46,0.88,31.0,122.5,31.0,122.5
2024-10-14 10:00:00,2.1,2.11,31.0,122.5,31.0,122.5
2024-10-14 11:00:00,2.47,2.23,31.0,122.5,31.0,122.5
2024-10-14 12:00:00,2.95,2.75,31.0,122.5,31.0,122.5
2024-10-14 13:00:00,3.4,3.4,31.0,122.5,31.0,122.5
2024-10-14 14:00:00,3.58,3.68,31.0,122.5,31.0,122.5
2024-10-14 15:00:00,3.49,3.67,31.0,122.5,31.0,122.5
2024-10-14 16:00:00,3.37,3.48,31.0,122.5,31.0,122.5
2024-10-14 17:00:00,3.56,3.66,31.0,122.5,31.0,122.5
2024-10-14 18:00:00,3.82,3.94,31.0,122.5,31.0,122.5
2024-10-14 19:00:00,3.64,3.83,31.0,122.5,31.0,122.5
2024-10-14 20:00:00,3.99,4.18,31.0,122.5,31.0,122.5
2024-10-14 21:00:00,4.66,4.92,31.0,122.5,31.0,122.5
2024-10-14 22:00:00,5.98,6.49,31.0,122.5,31.0,122.5
2024-10-14 23:00:00,6.18,6.78,31.0,122.5,31.0,122.5
2024-10-15 00:00:00,5.98,6.54,31.0,122.5,31.0,122.5
2024-10-15 01:00:00,6.24,6.85,31.0,122.5,31.0,122.5
2024-10-15 02:00:00,6.37,7.11,31.0,122.5,31.0,122.5
2024-10-15 03:00:00,6.64,7.39,31.0,122.5,31.0,122.5
2024-10-15 04:00:00,6.69,7.4,31.0,122.5,31.0,122.5
2024-10-15 05:00:00,6.25,6.87,31.0,122.5,31.0,122.5
2024-10-15 06:00:00,6.23,6.8,31.0,122.5,31.0,122.5
2024-10-15 07:00:00,6.37,6.96,31.0,122.5,31.0,122.5
2024-10-15 08:00:00,7.16,7.85,31.0,122.5,31.0,122.5
2024-10-15 09:00:00,7.36,8.19,31.0,122.5,31.0,122.5
2024-10-15 10:00:00,7.24,8.14,31.0,122.5,31.0,122.5
2024-10-15 11:00:00,6.96,7.8,31.0,122.5,31.0,122.5
2024-10-15 12:00:00,6.73,7.45,31.0,122.5,31.0,122.5
2024-10-15 13:00:00,6.53,7.2,31.0,122.5,31.0,122.5
2024-10-15 14:00:00,6.63,7.34,31.0,122.5,31.0,122.5
2024-10-15 15:00:00,6.78,7.49,31.0,122.5,31.0,122.5
2024-10-15 16:00:00,6.46,7.18,31.0,122.5,31.0,122.5
2024-10-15 17:00:00,6.59,7.26,31.0,122.5,31.0,122.5
2024-10-15 18:00:00,6.7,7.42,31.0,122.5,31.0,122.5
2024-10-15 19:00:00,7.13,7.87,31.0,122.5,31.0,122.5
2024-10-15 20:00:00,7.48,8.31,31.0,122.5,31.0,122.5
2024-10-15 21:00:00,7.09,7.88,31.0,122.5,31.0,122.5
2024-10-15 22:00:00,6.79,7.64,31.0,122.5,31.0,122.5
2024-10-15 23:00:00,7.43,8.31,31.0,122.5,31.0,122.5
2024-10-16 00:00:00,7.42,8.3,31.0,122.5,31.0,122.5
2024-10-16 01:00:00,7.06,7.94,31.0,122.5,31.0,122.5
2024-10-16 02:00:00,6.93,7.85,31.0,122.5,31.0,122.5
2024-10-16 03:00:00,7.18,8.1,31.0,122.5,31.0,122.5
2024-10-16 04:00:00,7.24,8.19,31.0,122.5,31.0,122.5
2024-10-16 05:00:00,7.43,8.46,31.0,122.5,31.0,122.5
2024-10-16 06:00:00,8.11,9.18,31.0,122.5,31.0,122.5
2024-10-16 07:00:00,8.37,9.45,31.0,122.5,31.0,122.5
2024-10-16 08:00:00,8.93,10.14,31.0,122.5,31.0,122.5
2024-10-16 09:00:00,9.15,10.58,31.0,122.5,31.0,122.5
2024-10-16 10:00:00,8.2,9.42,31.0,122.5,31.0,122.5
2024-10-16 11:00:00,8.59,9.94,31.0,122.5,31.0,122.5
2024-10-16 12:00:00,8.09,9.39,31.0,122.5,31.0,122.5
2024-10-16 13:00:00,7.79,8.99,31.0,122.5,31.0,122.5
2024-10-16 14:00:00,7.63,8.93,31.0,122.5,31.0,122.5
2024-10-16 15:00:00,6.57,7.66,31.0,122.5,31.0,122.5
2024-10-16 16:00:00,6.75,7.82,31.0,122.5,31.0,122.5
2024-10-16 17:00:00,6.17,7.27,31.0,122.5,31.0,122.5
2024-10-16 18:00:00,7.13,8.45,31.0,122.5,31.0,122.5
2024-10-16 19:00:00,8.06,9.49,31.0,122.5,31.0,122.5
2024-10-16 20:00:00,8.73,10.27,31.0,122.5,31.0,122.5
2024-10-16 21:00:00,9.42,11.16,31.0,122.5,31.0,122.5
2024-10-16 22:00:00,7.98,9.19,31.0,122.5,31.0,122.5
2024-10-16 23:00:00,7.87,9.09,31.0,122.5,31.0,122.5
2024-10-17 00:00:00,7.74,8.94,31.0,122.5,31.0,122.5
2024-10-17 01:00:00,7.73,9.04,31.0,122.5,31.0,122.5
2024-10-17 02:00:00,7.37,8.67,31.0,122.5,31.0,122.5
2024-10-17 03:00:00,6.9,8.14,31.0,122.5,31.0,122.5
2024-10-17 04:00:00,6.96,8.28,31.0,122.5,31.0,122.5
2024-10-17 05:00:00,6.38,7.89,31.0,122.5,31.0,122.5
2024-10-17 06:00:00,5.95,7.55,31.0,122.5,31.0,122.5
2024-10-17 07:00:00,5.96,7.7,31.0,122.5,31.0,122.5
2024-10-17 08:00:00,5.93,7.62,31.0,122.5,31.0,122.5
2024-10-17 09:00:00,5.82,7.55,31.0,122.5,31.0,122.5
2024-10-17 10:00:00,5.45,6.95,31.0,122.5,31.0,122.5
2024-10-17 11:00:00,5.15,6.78,31.0,122.5,31.0,122.5
2024-10-17 12:00:00,4.76,6.36,31.0,122.5,31.0,122.5
2024-10-17 13:00:00,4.59,6.11,31.0,122.5,31.0,122.5
2024-10-17 14:00:00,4.78,6.34,31.0,122.5,31.0,122.5
2024-10-17 15:00:00,4.34,5.87,31.0,122.5,31.0,122.5
2024-10-17 16:00:00,4.43,5.99,31.0,122.5,31.0,122.5
2024-10-17 17:00:00,4.6,6.22,31.0,122.5,31.0,122.5
2024-10-17 18:00:00,4.77,6.4,31.0,122.5,31.0,122.5
2024-10-17 19:00:00,4.59,6.18,31.0,122.5,31.0,122.5
2024-10-17 20:00:00,4.54,6.15,31.0,122.5,31.0,122.5
2024-10-17 21:00:00,4.83,6.46,31.0,122.5,31.0,122.5
2024-10-17 22:00:00,4.54,6.3,31.0,122.5,31.0,122.5
2024-10-17 23:00:00,4.75,6.44,31.0,122.5,31.0,122.5
2024-10-18 00:00:00,5.34,6.98,31.0,122.5,31.0,122.5
2024-10-18 01:00:00,5.74,7.5,31.0,122.5,31.0,122.5
2024-10-18 02:00:00,6.12,7.95,31.0,122.5,31.0,122.5
2024-10-18 03:00:00,6.36,8.39,31.0,122.5,31.0,122.5
2024-10-18 04:00:00,6.62,8.71,31.0,122.5,31.0,122.5
2024-10-18 05:00:00,7.11,9.3,31.0,122.5,31.0,122.5
2024-10-18 06:00:00,7.1,9.44,31.0,122.5,31.0,122.5
2024-10-18 07:00:00,7.0,9.4,31.0,122.5,31.0,122.5
2024-10-18 08:00:00,6.73,9.24,31.0,122.5,31.0,122.5
2024-10-18 09:00:00,6.49,8.93,31.0,122.5,31.0,122.5
2024-10-18 10:00:00,4.97,6.92,31.0,122.5,31.0,122.5
2024-10-18 11:00:00,5.26,6.98,31.0,122.5,31.0,122.5
2024-10-18 12:00:00,5.19,6.74,31.0,122.5,31.0,122.5
2024-10-18 13:00:00,5.17,6.84,31.0,122.5,31.0,122.5
2024-10-18 14:00:00,5.57,7.57,31.0,122.5,31.0,122.5
2024-10-18 15:00:00,6.36,8.43,31.0,122.5,31.0,122.5
2024-10-18 16:00:00,6.78,8.9,31.0,122.5,31.0,122.5
2024-10-18 17:00:00,6.98,9.1,31.0,122.5,31.0,122.5
2024-10-18 18:00:00,8.82,10.62,31.0,122.5,31.0,122.5
2024-10-18 19:00:00,10.02,11.5,31.0,122.5,31.0,122.5
2024-10-18 20:00:00,9.24,10.59,31.0,122.5,31.0,122.5
2024-10-18 21:00:00,8.81,9.95,31.0,122.5,31.0,122.5
2024-10-18 22:00:00,8.42,9.38,31.0,122.5,31.0,122.5
2024-10-18 23:00:00,9.1,10.22,31.0,122.5,31.0,122.5
2024-10-19 00:00:00,9.11,10.24,31.0,122.5,31.0,122.5
2024-10-19 01:00:00,8.83,9.95,31.0,122.5,31.0,122.5
2024-10-19 02:00:00,9.3,10.53,31.0,122.5,31.0,122.5
2024-10-19 03:00:00,11.5,13.35,31.0,122.5,31.0,122.5
2024-10-19 04:00:00,12.84,15.37,31.0,122.5,31.0,122.5
2024-10-19 05:00:00,12.87,15.53,31.0,122.5,31.0,122.5
2024-10-19 06:00:00,12.75,15.15,31.0,122.5,31.0,122.5
2024-10-19 07:00:00,12.87,15.09,31.0,122.5,31.0,122.5
2024-10-19 08:00:00,12.89,14.92,31.0,122.5,31.0,122.5
2024-10-19 09:00:00,12.46,14.23,31.0,122.5,31.0,122.5
2024-10-19 10:00:00,11.78,13.31,31.0,122.5,31.0,122.5
2024-10-19 11:00:00,11.9,13.32,31.0,122.5,31.0,122.5
2024-10-19 12:00:00,11.58,12.85,31.0,122.5,31.0,122.5
2024-10-19 13:00:00,11.26,12.44,31.0,122.5,31.0,122.5
2024-10-19 14:00:00,11.04,12.18,31.0,122.5,31.0,122.5
2024-10-19 15:00:00,11.02,12.16,31.0,122.5,31.0,122.5
2024-10-19 16:00:00,11.17,12.3,31.0,122.5,31.0,122.5
2024-10-19 17:00:00,10.93,12.12,31.0,122.5,31.0,122.5
2024-10-19 18:00:00,10.56,11.68,31.0,122.5,31.0,122.5
2024-10-19 19:00:00,10.05,11.07,31.0,122.5,31.0,122.5
2024-10-19 20:00:00,9.62,10.62,31.0,122.5,31.0,122.5
2024-10-19 21:00:00,8.43,9.26,31.0,122.5,31.0,122.5
2024-10-19 22:00:00,6.87,7.46,31.0,122.5,31.0,122.5
2024-10-19 23:00:00,7.62,8.34,31.0,122.5,31.0,122.5
2024-10-20 00:00:00,7.21,7.93,31.0,122.5,31.0,122.5
2024-10-20 01:00:00,7.13,7.85,31.0,122.5,31.0,122.5
2024-10-20 02:00:00,7.23,7.91,31.0,122.5,31.0,122.5
2024-10-20 03:00:00,6.87,7.46,31.0,122.5,31.0,122.5
2024-10-20 04:00:00,5.61,6.16,31.0,122.5,31.0,122.5
2024-10-20 05:00:00,5.53,6.25,31.0,122.5,31.0,122.5
2024-10-20 06:00:00,9.2,10.66,31.0,122.5,31.0,122.5
2024-10-20 07:00:00,10.98,12.79,31.0,122.5,31.0,122.5
2024-10-20 08:00:00,11.34,13.2,31.0,122.5,31.0,122.5
2024-10-20 09:00:00,11.16,12.97,31.0,122.5,31.0,122.5
2024-10-20 10:00:00,10.42,11.93,31.0,122.5,31.0,122.5
2024-10-20 11:00:00,10.38,12.04,31.0,122.5,31.0,122.5
2024-10-20 12:00:00,9.77,11.22,31.0,122.5,31.0,122.5
2024-10-20 13:00:00,9.02,10.27,31.0,122.5,31.0,122.5
2024-10-20 14:00:00,8.6,9.76,31.0,122.5,31.0,122.5
2024-10-20 15:00:00,7.95,8.87,31.0,122.5,31.0,122.5
2024-10-20 16:00:00,7.37,8.18,31.0,122.5,31.0,122.5
2024-10-20 17:00:00,6.82,7.53,31.0,122.5,31.0,122.5
2024-10-20 18:00:00,6.07,6.72,31.0,122.5,31.0,122.5
2024-10-20 19:00:00,5.39,5.95,31.0,122.5,31.0,122.5
2024-10-20 20:00:00,4.8,5.25,31.0,122.5,31.0,122.5
2024-10-20 21:00:00,4.2,4.6,31.0,122.5,31.0,122.5
2024-10-20 22:00:00,2.7,2.95,31.0,122.5,31.0,122.5
2024-10-20 23:00:00,1.76,1.9,31.0,122.5,31.0,122.5
2024-10-21 00:00:00,2.08,2.21,31.0,122.5,31.0,122.5
2024-10-21 01:00:00,2.67,2.78,31.0,122.5,31.0,122.5
2024-10-21 02:00:00,2.84,3.0,31.0,122.5,31.0,122.5
2024-10-21 03:00:00,2.87,2.98,31.0,122.5,31.0,122.5
2024-10-21 04:00:00,3.3,3.45,31.0,122.5,31.0,122.5
2024-10-21 05:00:00,4.01,4.25,31.0,122.5,31.0,122.5
2024-10-21 06:00:00,4.5,4.8,31.0,122.5,31.0,122.5
2024-10-21 07:00:00,4.48,4.84,31.0,122.5,31.0,122.5
2024-10-21 08:00:00,4.55,4.99,31.0,122.5,31.0,122.5
2024-10-21 09:00:00,4.64,5.13,31.0,122.5,31.0,122.5
2024-10-21 10:00:00,4.01,4.88,31.0,122.5,31.0,122.5
2024-10-21 11:00:00,4.25,5.06,31.0,122.5,31.0,122.5
2024-10-21 12:00:00,4.91,5.8,31.0,122.5,31.0,122.5
2024-10-21 13:00:00,4.7,5.41,31.0,122.5,31.0,122.5
2024-10-21 14:00:00,4.73,5.26,31.0,122.5,31.0,122.5
2024-10-21 15:00:00,5.23,5.8,31.0,122.5,31.0,122.5
2024-10-21 16:00:00,5.09,5.58,31.0,122.5,31.0,122.5
2024-10-21 17:00:00,4.72,5.15,31.0,122.5,31.0,122.5
2024-10-21 18:00:00,5.17,5.56,31.0,122.5,31.0,122.5
2024-10-21 19:00:00,6.39,6.99,31.0,122.5,31.0,122.5
2024-10-21 20:00:00,7.31,8.14,31.0,122.5,31.0,122.5
2024-10-21 21:00:00,7.65,8.67,31.0,122.5,31.0,122.5
2024-10-21 22:00:00,7.24,8.13,31.0,122.5,31.0,122.5
2024-10-21 23:00:00,7.18,8.03,31.0,122.5,31.0,122.5
2024-10-22 00:00:00,7.06,7.86,31.0,122.5,31.0,122.5
2024-10-22 01:00:00,7.84,8.81,31.0,122.5,31.0,122.5
2024-10-22 02:00:00,8.43,9.53,31.0,122.5,31.0,122.5
2024-10-22 03:00:00,8.22,9.21,31.0,122.5,31.0,122.5
2024-10-22 04:00:00,8.0,8.89,31.0,122.5,31.0,122.5
2024-10-22 05:00:00,8.86,9.82,31.0,122.5,31.0,122.5
2024-10-22 06:00:00,9.28,10.32,31.0,122.5,31.0,122.5
2024-10-22 07:00:00,9.3,10.34,31.0,122.5,31.0,122.5
2024-10-22 08:00:00,9.77,10.91,31.0,122.5,31.0,122.5
2024-10-22 09:00:00,10.37,11.66,31.0,122.5,31.0,122.5
2024-10-22 10:00:00,10.23,11.54,31.0,122.5,31.0,122.5
2024-10-22 11:00:00,10.64,12.09,31.0,122.5,31.0,122.5
2024-10-22 12:00:00,10.9,12.53,31.0,122.5,31.0,122.5
2024-10-22 13:00:00,10.96,12.56,31.0,122.5,31.0,122.5
2024-10-22 14:00:00,11.02,12.61,31.0,122.5,31.0,122.5
2024-10-22 15:00:00,11.06,12.59,31.0,122.5,31.0,122.5
2024-10-22 16:00:00,11.35,12.88,31.0,122.5,31.0,122.5
2024-10-22 17:00:00,11.37,12.98,31.0,122.5,31.0,122.5
2024-10-22 18:00:00,11.74,13.48,31.0,122.5,31.0,122.5
2024-10-22 19:00:00,11.46,13.1,31.0,122.5,31.0,122.5
2024-10-22 20:00:00,11.32,12.87,31.0,122.5,31.0,122.5
2024-10-22 21:00:00,11.2,12.71,31.0,122.5,31.0,122.5
2024-10-22 22:00:00,10.56,11.92,31.0,122.5,31.0,122.5
2024-10-22 23:00:00,10.05,11.24,31.0,122.5,31.0,122.5
2024-10-23 00:00:00,9.47,10.47,31.0,122.5,31.0,122.5
2024-10-23 01:00:00,8.8,9.65,31.0,122.5,31.0,122.5
2024-10-23 02:00:00,8.41,9.16,31.0,122.5,31.0,122.5
2024-10-23 03:00:00,8.06,8.76,31.0,122.5,31.0,122.5
2024-10-23 04:00:00,8.5,9.25,31.0,122.5,31.0,122.5
2024-10-23 05:00:00,9.31,10.16,31.0,122.5,31.0,122.5
2024-10-23 06:00:00,9.56,10.56,31.0,122.5,31.0,122.5
2024-10-23 07:00:00,9.5,10.5,31.0,122.5,31.0,122.5
2024-10-23 08:00:00,9.32,10.27,31.0,122.5,31.0,122.5
2024-10-23 09:00:00,8.95,9.86,31.0,122.5,31.0,122.5
2024-10-23 10:00:00,7.83,8.54,31.0,122.5,31.0,122.5
2024-10-23 11:00:00,7.65,8.28,31.0,122.5,31.0,122.5
2024-10-23 12:00:00,7.18,7.72,31.0,122.5,31.0,122.5
2024-10-23 13:00:00,6.93,7.42,31.0,122.5,31.0,122.5
2024-10-23 14:00:00,6.94,7.43,31.0,122.5,31.0,122.5
2024-10-23 15:00:00,6.85,7.39,31.0,122.5,31.0,122.5
2024-10-23 16:00:00,6.98,7.51,31.0,122.5,31.0,122.5
2024-10-23 17:00:00,7.16,7.72,31.0,122.5,31.0,122.5
2024-10-23 18:00:00,7.73,8.35,31.0,122.5,31.0,122.5
2024-10-23 19:00:00,8.62,9.39,31.0,122.5,31.0,122.5
2024-10-23 20:00:00,9.36,10.34,31.0,122.5,31.0,122.5
2024-10-23 21:00:00,9.49,10.51,31.0,122.5,31.0,122.5
2024-10-23 22:00:00,8.74,9.65,31.0,122.5,31.0,122.5
2024-10-23 23:00:00,9.03,9.99,31.0,122.5,31.0,122.5
2024-10-24 00:00:00,9.22,10.22,31.0,122.5,31.0,122.5
2024-10-24 01:00:00,9.15,10.14,31.0,122.5,31.0,122.5
2024-10-24 02:00:00,9.15,10.14,31.0,122.5,31.0,122.5
2024-10-24 03:00:00,9.18,10.21,31.0,122.5,31.0,122.5
2024-10-24 04:00:00,9.22,10.25,31.0,122.5,31.0,122.5
2024-10-24 05:00:00,9.19,10.26,31.0,122.5,31.0,122.5
2024-10-24 06:00:00,9.16,10.22,31.0,122.5,31.0,122.5
2024-10-24 07:00:00,9.33,10.47,31.0,122.5,31.0,122.5
2024-10-24 08:00:00,9.73,10.94,31.0,122.5,31.0,122.5
2024-10-24 09:00:00,10.17,11.6,31.0,122.5,31.0,122.5
2024-10-24 10:00:00,9.66,11.03,31.0,122.5,31.0,122.5
2024-10-24 11:00:00,9.39,10.63,31.0,122.5,31.0,122.5
2024-10-24 12:00:00,9.76,11.0,31.0,122.5,31.0,122.5
2024-10-24 13:00:00,10.26,11.71,31.0,122.5,31.0,122.5
2024-10-24 14:00:00,10.42,12.0,31.0,122.5,31.0,122.5
2024-10-24 15:00:00,10.34,11.91,31.0,122.5,31.0,122.5
2024-10-24 16:00:00,10.39,11.96,31.0,122.5,31.0,122.5
2024-10-24 17:00:00,10.44,12.05,31.0,122.5,31.0,122.5
2024-10-24 18:00:00,10.2,11.74,31.0,122.5,31.0,122.5
2024-10-24 19:00:00,10.02,11.54,31.0,122.5,31.0,122.5
2024-10-24 20:00:00,9.86,11.38,31.0,122.5,31.0,122.5
2024-10-24 21:00:00,10.06,11.65,31.0,122.5,31.0,122.5
2024-10-24 22:00:00,8.95,10.43,31.0,122.5,31.0,122.5
2024-10-24 23:00:00,8.68,10.31,31.0,122.5,31.0,122.5
2024-10-25 00:00:00,8.67,10.56,31.0,122.5,31.0,122.5
2024-10-25 01:00:00,8.57,10.65,31.0,122.5,31.0,122.5
2024-10-25 02:00:00,8.84,11.05,31.0,122.5,31.0,122.5
2024-10-25 03:00:00,9.37,11.6,31.0,122.5,31.0,122.5
2024-10-25 04:00:00,9.48,12.0,31.0,122.5,31.0,122.5
2024-10-25 05:00:00,9.72,12.31,31.0,122.5,31.0,122.5
2024-10-25 06:00:00,10.08,12.59,31.0,122.5,31.0,122.5
2024-10-25 07:00:00,10.12,12.89,31.0,122.5,31.0,122.5
2024-10-25 08:00:00,10.47,13.6,31.0,122.5,31.0,122.5
2024-10-25 09:00:00,10.88,14.06,31.0,122.5,31.0,122.5
2024-10-25 10:00:00,9.32,12.3,31.0,122.5,31.0,122.5
2024-10-25 11:00:00,10.26,13.43,31.0,122.5,31.0,122.5
2024-10-25 12:00:00,10.39,13.48,31.0,122.5,31.0,122.5
2024-10-25 13:00:00,10.88,14.18,31.0,122.5,31.0,122.5
2024-10-25 14:00:00,11.71,15.12,31.0,122.5,31.0,122.5
2024-10-25 15:00:00,10.55,13.76,31.0,122.5,31.0,122.5
2024-10-25 16:00:00,9.0,11.9,31.0,122.5,31.0,122.5
2024-10-25 17:00:00,7.78,10.36,31.0,122.5,31.0,122.5
2024-10-25 18:00:00,7.89,10.42,31.0,122.5,31.0,122.5
2024-10-25 19:00:00,7.64,10.07,31.0,122.5,31.0,122.5
2024-10-25 20:00:00,7.86,10.28,31.0,122.5,31.0,122.5
2024-10-25 21:00:00,7.64,9.88,31.0,122.5,31.0,122.5
2024-10-25 22:00:00,4.74,6.54,31.0,122.5,31.0,122.5
2024-10-25 23:00:00,5.31,7.24,31.0,122.5,31.0,122.5
2024-10-26 00:00:00,6.2,8.29,31.0,122.5,31.0,122.5
2024-10-26 01:00:00,5.85,7.85,31.0,122.5,31.0,122.5
2024-10-26 02:00:00,5.85,7.91,31.0,122.5,31.0,122.5
2024-10-26 03:00:00,6.85,9.13,31.0,122.5,31.0,122.5
2024-10-26 04:00:00,7.01,9.4,31.0,122.5,31.0,122.5
2024-10-26 05:00:00,7.33,9.71,31.0,122.5,31.0,122.5
2024-10-26 06:00:00,6.91,9.28,31.0,122.5,31.0,122.5
2024-10-26 07:00:00,6.06,8.27,31.0,122.5,31.0,122.5
2024-10-26 08:00:00,5.32,7.43,31.0,122.5,31.0,122.5
2024-10-26 09:00:00,4.65,6.66,31.0,122.5,31.0,122.5
2024-10-26 10:00:00,3.98,5.75,31.0,122.5,31.0,122.5
2024-10-26 11:00:00,4.41,6.31,31.0,122.5,31.0,122.5
2024-10-26 12:00:00,4.71,6.71,31.0,122.5,31.0,122.5
2024-10-26 13:00:00,5.21,7.34,31.0,122.5,31.0,122.5
2024-10-26 14:00:00,5.22,7.35,31.0,122.5,31.0,122.5
2024-10-26 15:00:00,4.89,6.91,31.0,122.5,31.0,122.5
2024-10-26 16:00:00,4.9,6.92,31.0,122.5,31.0,122.5
2024-10-26 17:00:00,4.66,6.63,31.0,122.5,31.0,122.5
2024-10-26 18:00:00,4.25,6.09,31.0,122.5,31.0,122.5
2024-10-26 19:00:00,4.08,5.9,31.0,122.5,31.0,122.5
2024-10-26 20:00:00,3.88,5.61,31.0,122.5,31.0,122.5
2024-10-26 21:00:00,3.65,5.28,31.0,122.5,31.0,122.5
2024-10-26 22:00:00,2.02,2.48,31.0,122.5,31.0,122.5
2024-10-26 23:00:00,3.0,3.19,31.0,122.5,31.0,122.5
2024-10-27 00:00:00,3.23,3.49,31.0,122.5,31.0,122.5
2024-10-27 01:00:00,3.35,3.63,31.0,122.5,31.0,122.5
2024-10-27 02:00:00,3.45,4.15,31.0,122.5,31.0,122.5
2024-10-27 03:00:00,3.06,4.07,31.0,122.5,31.0,122.5
2024-10-27 04:00:00,3.13,4.32,31.0,122.5,31.0,122.5
2024-10-27 05:00:00,5.11,6.75,31.0,122.5,31.0,122.5
2024-10-27 06:00:00,9.25,12.09,31.0,122.5,31.0,122.5
2024-10-27 07:00:00,13.01,15.92,31.0,122.5,31.0,122.5
2024-10-27 08:00:00,13.82,16.98,31.0,122.5,31.0,122.5
2024-10-27 09:00:00,13.85,17.02,31.0,122.5,31.0,122.5
2024-10-27 10:00:00,12.84,15.56,31.0,122.5,31.0,122.5
2024-10-27 11:00:00,11.85,14.09,31.0,122.5,31.0,122.5
2024-10-27 12:00:00,10.91,12.69,31.0,122.5,31.0,122.5
2024-10-27 13:00:00,10.1,11.55,31.0,122.5,31.0,122.5
2024-10-27 14:00:00,9.97,11.26,31.0,122.5,31.0,122.5
2024-10-27 15:00:00,10.08,11.39,31.0,122.5,31.0,122.5
2024-10-27 16:00:00,9.97,11.23,31.0,122.5,31.0,122.5
2024-10-27 17:00:00,9.76,11.01,31.0,122.5,31.0,122.5
2024-10-27 18:00:00,9.8,11.05,31.0,122.5,31.0,122.5
2024-10-27 19:00:00,9.9,11.2,31.0,122.5,31.0,122.5
2024-10-27 20:00:00,9.46,10.66,31.0,122.5,31.0,122.5
2024-10-27 21:00:00,9.25,10.4,31.0,122.5,31.0,122.5
2024-10-27 22:00:00,8.09,9.11,31.0,122.5,31.0,122.5
2024-10-27 23:00:00,7.48,8.29,31.0,122.5,31.0,122.5
2024-10-28 00:00:00,7.22,7.94,31.0,122.5,31.0,122.5
2024-10-28 01:00:00,7.3,8.0,31.0,122.5,31.0,122.5
2024-10-28 02:00:00,7.74,8.54,31.0,122.5,31.0,122.5
2024-10-28 03:00:00,7.91,8.71,31.0,122.5,31.0,122.5
2024-10-28 04:00:00,8.03,8.88,31.0,122.5,31.0,122.5
2024-10-28 05:00:00,8.1,8.94,31.0,122.5,31.0,122.5
2024-10-28 06:00:00,8.24,9.09,31.0,122.5,31.0,122.5
2024-10-28 07:00:00,8.68,9.63,31.0,122.5,31.0,122.5
2024-10-28 08:00:00,8.97,9.97,31.0,122.5,31.0,122.5
2024-10-28 09:00:00,8.56,9.45,31.0,122.5,31.0,122.5
2024-10-28 10:00:00,7.31,7.9,31.0,122.5,31.0,122.5
2024-10-28 11:00:00,6.82,7.37,31.0,122.5,31.0,122.5
2024-10-28 12:00:00,6.29,6.69,31.0,122.5,31.0,122.5
2024-10-28 13:00:00,5.93,6.26,31.0,122.5,31.0,122.5
2024-10-28 14:00:00,6.19,6.58,31.0,122.5,31.0,122.5
2024-10-28 15:00:00,6.4,6.8,31.0,122.5,31.0,122.5
2024-10-28 16:00:00,6.36,6.75,31.0,122.5,31.0,122.5
2024-10-28 17:00:00,6.17,6.56,31.0,122.5,31.0,122.5
2024-10-28 18:00:00,6.01,6.41,31.0,122.5,31.0,122.5
2024-10-28 19:00:00,5.9,6.25,31.0,122.5,31.0,122.5
2024-10-28 20:00:00,5.9,6.25,31.0,122.5,31.0,122.5
2024-10-28 21:00:00,6.07,6.41,31.0,122.5,31.0,122.5
2024-10-28 22:00:00,5.66,6.01,31.0,122.5,31.0,122.5
2024-10-28 23:00:00,5.95,6.35,31.0,122.5,31.0,122.5
2024-10-29 00:00:00,5.65,6.0,31.0,122.5,31.0,122.5
2024-10-29 01:00:00,5.46,5.75,31.0,122.5,31.0,122.5
2024-10-29 02:00:00,5.67,6.02,31.0,122.5,31.0,122.5
2024-10-29 03:00:00,6.28,6.68,31.0,122.5,31.0,122.5
2024-10-29 04:00:00,7.23,7.78,31.0,122.5,31.0,122.5
2024-10-29 05:00:00,7.77,8.47,31.0,122.5,31.0,122.5
2024-10-29 06:00:00,8.19,8.99,31.0,122.5,31.0,122.5
2024-10-29 07:00:00,8.56,9.41,31.0,122.5,31.0,122.5
2024-10-29 08:00:00,8.75,9.65,31.0,122.5,31.0,122.5
2024-10-29 09:00:00,8.74,9.65,31.0,122.5,31.0,122.5
2024-10-29 10:00:00,8.06,8.94,31.0,122.5,31.0,122.5
2024-10-29 11:00:00,8.28,9.21,31.0,122.5,31.0,122.5
2024-10-29 12:00:00,8.5,9.5,31.0,122.5,31.0,122.5
2024-10-29 13:00:00,8.89,9.87,31.0,122.5,31.0,122.5
2024-10-29 14:00:00,9.08,10.15,31.0,122.5,31.0,122.5
2024-10-29 15:00:00,8.9,10.0,31.0,122.5,31.0,122.5
2024-10-29 16:00:00,8.77,9.81,31.0,122.5,31.0,122.5
2024-10-29 17:00:00,8.62,9.68,31.0,122.5,31.0,122.5
2024-10-29 18:00:00,8.73,9.82,31.0,122.5,31.0,122.5
2024-10-29 19:00:00,9.16,10.43,31.0,122.5,31.0,122.5
2024-10-29 20:00:00,9.88,11.37,31.0,122.5,31.0,122.5
2024-10-29 21:00:00,10.35,12.19,31.0,122.5,31.0,122.5
2024-10-29 22:00:00,10.1,11.97,31.0,122.5,31.0,122.5
2024-10-29 23:00:00,11.0,13.01,31.0,122.5,31.0,122.5
2024-10-30 00:00:00,10.63,12.62,31.0,122.5,31.0,122.5
2024-10-30 01:00:00,9.85,11.71,31.0,122.5,31.0,122.5
2024-10-30 02:00:00,9.3,11.05,31.0,122.5,31.0,122.5
2024-10-30 03:00:00,9.58,11.29,31.0,122.5,31.0,122.5
2024-10-30 04:00:00,9.38,11.04,31.0,122.5,31.0,122.5
2024-10-30 05:00:00,9.24,10.72,31.0,122.5,31.0,122.5
2024-10-30 06:00:00,9.2,10.61,31.0,122.5,31.0,122.5
2024-10-30 07:00:00,9.27,10.64,31.0,122.5,31.0,122.5
2024-10-30 08:00:00,9.37,10.83,31.0,122.5,31.0,122.5
2024-10-30 09:00:00,9.23,10.68,31.0,122.5,31.0,122.5
2024-10-30 10:00:00,8.28,9.65,31.0,122.5,31.0,122.5
2024-10-30 11:00:00,8.14,9.46,31.0,122.5,31.0,122.5
2024-10-30 12:00:00,8.06,9.42,31.0,122.5,31.0,122.5
2024-10-30 13:00:00,8.56,9.96,31.0,122.5,31.0,122.5
2024-10-30 14:00:00,9.21,10.71,31.0,122.5,31.0,122.5
2024-10-30 15:00:00,9.39,10.96,31.0,122.5,31.0,122.5
2024-10-30 16:00:00,9.26,10.91,31.0,122.5,31.0,122.5
2024-10-30 17:00:00,9.06,10.67,31.0,122.5,31.0,122.5
2024-10-30 18:00:00,9.13,10.76,31.0,122.5,31.0,122.5
2024-10-30 19:00:00,9.08,10.76,31.0,122.5,31.0,122.5
2024-10-30 20:00:00,9.73,11.5,31.0,122.5,31.0,122.5
2024-10-30 21:00:00,9.28,11.07,31.0,122.5,31.0,122.5
2024-10-30 22:00:00,7.88,9.43,31.0,122.5,31.0,122.5
2024-10-30 23:00:00,7.33,8.75,31.0,122.5,31.0,122.5
2024-10-31 00:00:00,7.51,9.16,31.0,122.5,31.0,122.5
2024-10-31 01:00:00,7.52,9.42,31.0,122.5,31.0,122.5
2024-10-31 02:00:00,8.05,9.88,31.0,122.5,31.0,122.5
2024-10-31 03:00:00,8.52,10.42,31.0,122.5,31.0,122.5
2024-10-31 04:00:00,8.71,10.69,31.0,122.5,31.0,122.5
2024-10-31 05:00:00,8.68,10.63,31.0,122.5,31.0,122.5
2024-10-31 06:00:00,8.71,10.7,31.0,122.5,31.0,122.5
2024-10-31 07:00:00,8.56,10.65,31.0,122.5,31.0,122.5
2024-10-31 08:00:00,8.82,11.55,31.0,122.5,31.0,122.5
2024-10-31 09:00:00,9.04,11.63,31.0,122.5,31.0,122.5
2024-10-31 10:00:00,9.64,12.85,31.0,122.5,31.0,122.5
2024-10-31 11:00:00,9.38,12.69,31.0,122.5,31.0,122.5
2024-10-31 12:00:00,9.09,12.35,31.0,122.5,31.0,122.5
2024-10-31 13:00:00,9.64,13.15,31.0,122.5,31.0,122.5
2024-10-31 14:00:00,10.21,14.01,31.0,122.5,31.0,122.5
2024-10-31 15:00:00,10.11,13.93,31.0,122.5,31.0,122.5
2024-10-31 16:00:00,9.08,12.72,31.0,122.5,31.0,122.5
2024-10-31 17:00:00,8.57,11.95,31.0,122.5,31.0,122.5
2024-10-31 18:00:00,8.74,11.9,31.0,122.5,31.0,122.5
2024-10-31 19:00:00,8.8,11.96,31.0,122.5,31.0,122.5
2024-10-31 20:00:00,8.58,11.72,31.0,122.5,31.0,122.5
2024-10-31 21:00:00,8.57,11.48,31.0,122.5,31.0,122.5
2024-10-31 22:00:00,6.4,8.33,31.0,122.5,31.0,122.5
2024-10-31 23:00:00,8.13,10.42,31.0,122.5,31.0,122.5
2024-11-01 00:00:00,12.28,15.63,31.0,122.5,31.0,122.5
2024-11-01 01:00:00,12.4,16.7,31.0,122.5,31.0,122.5
2024-11-01 02:00:00,12.62,16.58,31.0,122.5,31.0,122.5
2024-11-01 03:00:00,12.98,16.97,31.0,122.5,31.0,122.5
2024-11-01 04:00:00,12.6,16.16,31.0,122.5,31.0,122.5
2024-11-01 05:00:00,11.21,14.21,31.0,122.5,31.0,122.5
2024-11-01 06:00:00,9.62,12.26,31.0,122.5,31.0,122.5
2024-11-01 07:00:00,7.69,9.57,31.0,122.5,31.0,122.5
2024-11-01 08:00:00,7.91,9.66,31.0,122.5,31.0,122.5
2024-11-01 09:00:00,9.82,11.82,31.0,122.5,31.0,122.5
2024-11-01 10:00:00,12.55,16.19,31.0,122.5,31.0,122.5
2024-11-01 11:00:00,16.49,21.02,31.0,122.5,31.0,122.5
2024-11-01 12:00:00,17.31,21.91,31.0,122.5,31.0,122.5
2024-11-01 13:00:00,17.02,21.51,31.0,122.5,31.0,122.5
2024-11-01 14:00:00,16.94,21.2,31.0,122.5,31.0,122.5
2024-11-01 15:00:00,16.54,20.74,31.0,122.5,31.0,122.5
2024-11-01 16:00:00,15.68,19.62,31.0,122.5,31.0,122.5
2024-11-01 17:00:00,14.77,18.29,31.0,122.5,31.0,122.5
2024-11-01 18:00:00,14.27,17.44,31.0,122.5,31.0,122.5
2024-11-01 19:00:00,13.66,16.53,31.0,122.5,31.0,122.5
2024-11-01 20:00:00,12.75,15.14,31.0,122.5,31.0,122.5
2024-11-01 21:00:00,11.9,13.93,31.0,122.5,31.0,122.5
2024-11-01 22:00:00,11.2,12.93,31.0,122.5,31.0,122.5
2024-11-01 23:00:00,11.04,12.58,31.0,122.5,31.0,122.5
2024-11-02 00:00:00,10.84,12.37,31.0,122.5,31.0,122.5
2024-11-02 01:00:00,10.89,12.38,31.0,122.5,31.0,122.5
2024-11-02 02:00:00,10.73,12.29,31.0,122.5,31.0,122.5
2024-11-02 03:00:00,10.35,11.87,31.0,122.5,31.0,122.5
2024-11-02 04:00:00,10.0,11.47,31.0,122.5,31.0,122.5
2024-11-02 05:00:00,9.59,10.91,31.0,122.5,31.0,122.5
2024-11-02 06:00:00,9.1,10.33,31.0,122.5,31.0,122.5
2024-11-02 07:00:00,8.8,9.91,31.0,122.5,31.0,122.5
2024-11-02 08:00:00,8.6,9.69,31.0,122.5,31.0,122.5
2024-11-02 09:00:00,8.36,9.38,31.0,122.5,31.0,122.5
2024-11-02 10:00:00,7.75,8.76,31.0,122.5,31.0,122.5
2024-11-02 11:00:00,7.75,8.8,31.0,122.5,31.0,122.5
2024-11-02 12:00:00,7.67,8.61,31.0,122.5,31.0,122.5
2024-11-02 13:00:00,7.24,8.09,31.0,122.5,31.0,122.5
2024-11-02 14:00:00,6.5,7.2,31.0,122.5,31.0,122.5
2024-11-02 15:00:00,5.65,6.2,31.0,122.5,31.0,122.5
2024-11-02 16:00:00,5.05,5.45,31.0,122.5,31.0,122.5
2024-11-02 17:00:00,4.65,5.0,31.0,122.5,31.0,122.5
2024-11-02 18:00:00,4.31,4.63,31.0,122.5,31.0,122.5
2024-11-02 19:00:00,3.91,4.19,31.0,122.5,31.0,122.5
2024-11-02 20:00:00,3.59,3.83,31.0,122.5,31.0,122.5
2024-11-02 21:00:00,3.48,3.72,31.0,122.5,31.0,122.5
2024-11-02 22:00:00,2.36,2.45,31.0,122.5,31.0,122.5
2024-11-02 23:00:00,2.35,2.45,31.0,122.5,31.0,122.5
2024-11-03 00:00:00,2.15,2.2,31.0,122.5,31.0,122.5
2024-11-03 01:00:00,2.1,2.2,31.0,122.5,31.0,122.5
2024-11-03 02:00:00,2.3,2.4,31.0,122.5,31.0,122.5
2024-11-03 03:00:00,2.45,2.6,31.0,122.5,31.0,122.5
2024-11-03 04:00:00,2.6,2.72,31.0,122.5,31.0,122.5
2024-11-03 05:00:00,2.8,2.9,31.0,122.5,31.0,122.5
2024-11-03 06:00:00,3.5,3.67,31.0,122.5,31.0,122.5
2024-11-03 07:00:00,4.12,4.34,31.0,122.5,31.0,122.5
2024-11-03 08:00:00,4.3,4.61,31.0,122.5,31.0,122.5
2024-11-03 09:00:00,4.21,4.54,31.0,122.5,31.0,122.5
2024-11-03 10:00:00,3.69,3.83,31.0,122.5,31.0,122.5
2024-11-03 11:00:00,3.7,3.88,31.0,122.5,31.0,122.5
2024-11-03 12:00:00,3.75,4.01,31.0,122.5,31.0,122.5
2024-11-03 13:00:00,3.71,3.94,31.0,122.5,31.0,122.5
2024-11-03 14:00:00,3.37,3.63,31.0,122.5,31.0,122.5
2024-11-03 15:00:00,2.71,2.93,31.0,122.5,31.0,122.5
2024-11-03 16:00:00,2.52,2.6,31.0,122.5,31.0,122.5
2024-11-03 17:00:00,3.29,3.41,31.0,122.5,31.0,122.5
2024-11-03 18:00:00,4.63,4.98,31.0,122.5,31.0,122.5
2024-11-03 19:00:00,5.54,5.99,31.0,122.5,31.0,122.5
2024-11-03 20:00:00,5.98,6.53,31.0,122.5,31.0,122.5
2024-11-03 21:00:00,6.28,6.89,31.0,122.5,31.0,122.5
2024-11-03 22:00:00,6.17,6.76,31.0,122.5,31.0,122.5
2024-11-03 23:00:00,6.25,6.88,31.0,122.5,31.0,122.5
2024-11-04 00:00:00,6.33,6.97,31.0,122.5,31.0,122.5
2024-11-04 01:00:00,6.98,7.72,31.0,122.5,31.0,122.5
2024-11-04 02:00:00,7.86,8.75,31.0,122.5,31.0,122.5
2024-11-04 03:00:00,8.24,9.28,31.0,122.5,31.0,122.5
2024-11-04 04:00:00,8.16,9.25,31.0,122.5,31.0,122.5
2024-11-04 05:00:00,8.25,9.3,31.0,122.5,31.0,122.5
2024-11-04 06:00:00,8.33,9.4,31.0,122.5,31.0,122.5
2024-11-04 07:00:00,8.28,9.4,31.0,122.5,31.0,122.5
2024-11-04 08:00:00,8.52,9.67,31.0,122.5,31.0,122.5
2024-11-04 09:00:00,9.16,10.47,31.0,122.5,31.0,122.5
2024-11-04 10:00:00,9.31,10.77,31.0,122.5,31.0,122.5
2024-11-04 11:00:00,9.57,11.04,31.0,122.5,31.0,122.5
2024-11-04 12:00:00,10.11,11.67,31.0,122.5,31.0,122.5
2024-11-04 13:00:00,10.68,12.38,31.0,122.5,31.0,122.5
2024-11-04 14:00:00,10.69,12.42,31.0,122.5,31.0,122.5
2024-11-04 15:00:00,10.32,11.89,31.0,122.5,31.0,122.5
2024-11-04 16:00:00,9.91,11.26,31.0,122.5,31.0,122.5
2024-11-04 17:00:00,9.57,10.69,31.0,122.5,31.0,122.5
2024-11-04 18:00:00,9.52,10.56,31.0,122.5,31.0,122.5
2024-11-04 19:00:00,9.92,11.05,31.0,122.5,31.0,122.5
2024-11-04 20:00:00,9.98,11.1,31.0,122.5,31.0,122.5
2024-11-04 21:00:00,9.89,10.95,31.0,122.5,31.0,122.5
2024-11-04 22:00:00,8.89,9.85,31.0,122.5,31.0,122.5
2024-11-04 23:00:00,9.01,9.92,31.0,122.5,31.0,122.5
2024-11-05 00:00:00,9.0,9.91,31.0,122.5,31.0,122.5
2024-11-05 01:00:00,9.1,10.05,31.0,122.5,31.0,122.5
2024-11-05 02:00:00,9.47,10.47,31.0,122.5,31.0,122.5
2024-11-05 03:00:00,9.72,10.77,31.0,122.5,31.0,122.5
2024-11-05 04:00:00,9.93,11.03,31.0,122.5,31.0,122.5
2024-11-05 05:00:00,10.14,11.35,31.0,122.5,31.0,122.5
2024-11-05 06:00:00,10.19,11.4,31.0,122.5,31.0,122.5
2024-11-05 07:00:00,10.02,11.23,31.0,122.5,31.0,122.5
2024-11-05 08:00:00,10.07,11.32,31.0,122.5,31.0,122.5
2024-11-05 09:00:00,10.15,11.36,31.0,122.5,31.0,122.5
2024-11-05 10:00:00,9.71,10.86,31.0,122.5,31.0,122.5
2024-11-05 11:00:00,9.32,10.37,31.0,122.5,31.0,122.5
2024-11-05 12:00:00,9.21,10.21,31.0,122.5,31.0,122.5
2024-11-05 13:00:00,9.25,10.25,31.0,122.5,31.0,122.5
2024-11-05 14:00:00,9.25,10.2,31.0,122.5,31.0,122.5
2024-11-05 15:00:00,8.91,9.86,31.0,122.5,31.0,122.5
2024-11-05 16:00:00,8.56,9.42,31.0,122.5,31.0,122.5
2024-11-05 17:00:00,8.33,9.08,31.0,122.5,31.0,122.5
2024-11-05 18:00:00,8.34,9.1,31.0,122.5,31.0,122.5
2024-11-05 19:00:00,8.66,9.42,31.0,122.5,31.0,122.5
2024-11-05 20:00:00,8.94,9.75,31.0,122.5,31.0,122.5
2024-11-05 21:00:00,9.05,9.91,31.0,122.5,31.0,122.5
2024-11-05 22:00:00,8.58,9.33,31.0,122.5,31.0,122.5
2024-11-05 23:00:00,8.53,9.3,31.0,122.5,31.0,122.5
2024-11-06 00:00:00,8.4,9.18,31.0,122.5,31.0,122.5
2024-11-06 01:00:00,8.16,8.9,31.0,122.5,31.0,122.5
2024-11-06 02:00:00,8.09,8.83,31.0,122.5,31.0,122.5
2024-11-06 03:00:00,8.11,8.85,31.0,122.5,31.0,122.5
2024-11-06 04:00:00,8.03,8.77,31.0,122.5,31.0,122.5
2024-11-06 05:00:00,8.09,8.83,31.0,122.5,31.0,122.5
2024-11-06 06:00:00,8.31,9.05,31.0,122.5,31.0,122.5
2024-11-06 07:00:00,8.54,9.33,31.0,122.5,31.0,122.5
2024-11-06 08:00:00,8.77,9.62,31.0,122.5,31.0,122.5
2024-11-06 09:00:00,8.76,9.52,31.0,122.5,31.0,122.5
2024-11-06 10:00:00,8.29,9.04,31.0,122.5,31.0,122.5
2024-11-06 11:00:00,8.01,8.7,31.0,122.5,31.0,122.5
2024-11-06 12:00:00,7.85,8.48,31.0,122.5,31.0,122.5
2024-11-06 13:00:00,7.81,8.45,31.0,122.5,31.0,122.5
2024-11-06 14:00:00,7.95,8.61,31.0,122.5,31.0,122.5
2024-11-06 15:00:00,7.88,8.55,31.0,122.5,31.0,122.5
2024-11-06 16:00:00,7.72,8.32,31.0,122.5,31.0,122.5
2024-11-06 17:00:00,7.41,7.97,31.0,122.5,31.0,122.5
2024-11-06 18:00:00,7.25,7.78,31.0,122.5,31.0,122.5
2024-11-06 19:00:00,7.38,7.91,31.0,122.5,31.0,122.5
2024-11-06 20:00:00,7.87,8.5,31.0,122.5,31.0,122.5
2024-11-06 21:00:00,8.13,8.84,31.0,122.5,31.0,122.5
2024-11-06 22:00:00,7.33,7.89,31.0,122.5,31.0,122.5
2024-11-06 23:00:00,7.12,7.68,31.0,122.5,31.0,122.5
2024-11-07 00:00:00,6.89,7.42,31.0,122.5,31.0,122.5
2024-11-07 01:00:00,6.51,7.0,31.0,122.5,31.0,122.5
2024-11-07 02:00:00,6.37,6.9,31.0,122.5,31.0,122.5
2024-11-07 03:00:00,6.23,6.68,31.0,122.5,31.0,122.5
2024-11-07 04:00:00,5.91,6.33,31.0,122.5,31.0,122.5
2024-11-07 05:00:00,5.55,5.98,31.0,122.5,31.0,122.5
2024-11-07 06:00:00,5.33,5.71,31.0,122.5,31.0,122.5
2024-11-07 07:00:00,5.61,6.03,31.0,122.5,31.0,122.5
2024-11-07 08:00:00,5.53,5.91,31.0,122.5,31.0,122.5
2024-11-07 09:00:00,5.55,5.94,31.0,122.5,31.0,122.5
2024-11-07 10:00:00,5.27,5.62,31.0,122.5,31.0,122.5
2024-11-07 11:00:00,5.31,5.65,31.0,122.5,31.0,122.5
2024-11-07 12:00:00,5.06,5.37,31.0,122.5,31.0,122.5
2024-11-07 13:00:00,4.74,5.02,31.0,122.5,31.0,122.5
2024-11-07 14:00:00,4.76,5.07,31.0,122.5,31.0,122.5
2024-11-07 15:00:00,4.79,5.09,31.0,122.5,31.0,122.5
2024-11-07 16:00:00,5.5,5.93,31.0,122.5,31.0,122.5
2024-11-07 17:00:00,5.93,6.38,31.0,122.5,31.0,122.5
2024-11-07 18:00:00,6.24,6.73,31.0,122.5,31.0,122.5
2024-11-07 19:00:00,6.67,7.26,31.0,122.5,31.0,122.5
2024-11-07 20:00:00,7.13,7.83,31.0,122.5,31.0,122.5
2024-11-07 21:00:00,7.51,8.25,31.0,122.5,31.0,122.5
2024-11-07 22:00:00,6.78,7.47,31.0,122.5,31.0,122.5
2024-11-07 23:00:00,7.34,8.11,31.0,122.5,31.0,122.5
2024-11-08 00:00:00,7.79,8.6,31.0,122.5,31.0,122.5
2024-11-08 01:00:00,7.95,8.86,31.0,122.5,31.0,122.5
2024-11-08 02:00:00,7.83,8.75,31.0,122.5,31.0,122.5
2024-11-08 03:00:00,8.21,9.26,31.0,122.5,31.0,122.5
2024-11-08 04:00:00,8.59,9.71,31.0,122.5,31.0,122.5
2024-11-08 05:00:00,9.04,10.25,31.0,122.5,31.0,122.5
2024-11-08 06:00:00,8.91,10.25,31.0,122.5,31.0,122.5
2024-11-08 07:00:00,8.89,10.22,31.0,122.5,31.0,122.5
2024-11-08 08:00:00,8.76,10.17,31.0,122.5,31.0,122.5
2024-11-08 09:00:00,8.7,10.12,31.0,122.5,31.0,122.5
2024-11-08 10:00:00,8.06,9.72,31.0,122.5,31.0,122.5
2024-11-08 11:00:00,7.96,9.42,31.0,122.5,31.0,122.5
2024-11-08 12:00:00,7.61,9.1,31.0,122.5,31.0,122.5
2024-11-08 13:00:00,7.58,9.4,31.0,122.5,31.0,122.5
2024-11-08 14:00:00,7.59,9.51,31.0,122.5,31.0,122.5
2024-11-08 15:00:00,7.74,9.63,31.0,122.5,31.0,122.5
2024-11-08 16:00:00,8.13,10.07,31.0,122.5,31.0,122.5
2024-11-08 17:00:00,8.36,10.12,31.0,122.5,31.0,122.5
2024-11-08 18:00:00,8.24,9.91,31.0,122.5,31.0,122.5
2024-11-08 19:00:00,8.27,9.91,31.0,122.5,31.0,122.5
2024-11-08 20:00:00,8.36,9.98,31.0,122.5,31.0,122.5
2024-11-08 21:00:00,8.27,10.0,31.0,122.5,31.0,122.5
2024-11-08 22:00:00,8.37,10.27,31.0,122.5,31.0,122.5
2024-11-08 23:00:00,8.83,10.67,31.0,122.5,31.0,122.5
2024-11-09 00:00:00,8.87,10.75,31.0,122.5,31.0,122.5
2024-11-09 01:00:00,8.44,10.33,31.0,122.5,31.0,122.5
2024-11-09 02:00:00,7.92,9.64,31.0,122.5,31.0,122.5
2024-11-09 03:00:00,7.91,9.56,31.0,122.5,31.0,122.5
2024-11-09 04:00:00,8.33,10.0,31.0,122.5,31.0,122.5
2024-11-09 05:00:00,8.67,10.48,31.0,122.5,31.0,122.5
2024-11-09 06:00:00,8.71,10.58,31.0,122.5,31.0,122.5
2024-11-09 07:00:00,8.86,10.78,31.0,122.5,31.0,122.5
2024-11-09 08:00:00,8.53,10.43,31.0,122.5,31.0,122.5
2024-11-09 09:00:00,8.04,9.95,31.0,122.5,31.0,122.5
2024-11-09 10:00:00,7.17,9.07,31.0,122.5,31.0,122.5
2024-11-09 11:00:00,7.01,8.74,31.0,122.5,31.0,122.5
2024-11-09 12:00:00,7.02,8.7,31.0,122.5,31.0,122.5
2024-11-09 13:00:00,7.06,8.8,31.0,122.5,31.0,122.5
2024-11-09 14:00:00,6.95,8.78,31.0,122.5,31.0,122.5
2024-11-09 15:00:00,7.16,8.88,31.0,122.5,31.0,122.5
2024-11-09 16:00:00,7.24,9.22,31.0,122.5,31.0,122.5
2024-11-09 17:00:00,7.4,9.27,31.0,122.5,31.0,122.5
2024-11-09 18:00:00,8.07,10.18,31.0,122.5,31.0,122.5
2024-11-09 19:00:00,8.33,10.47,31.0,122.5,31.0,122.5
2024-11-09 20:00:00,8.28,10.85,31.0,122.5,31.0,122.5
2024-11-09 21:00:00,8.79,11.27,31.0,122.5,31.0,122.5
2024-11-09 22:00:00,8.55,11.3,31.0,122.5,31.0,122.5
2024-11-09 23:00:00,9.3,11.76,31.0,122.5,31.0,122.5
2024-11-10 00:00:00,9.2,11.35,31.0,122.5,31.0,122.5
2024-11-10 01:00:00,9.26,11.33,31.0,122.5,31.0,122.5
2024-11-10 02:00:00,9.28,11.57,31.0,122.5,31.0,122.5
2024-11-10 03:00:00,8.32,10.57,31.0,122.5,31.0,122.5
2024-11-10 04:00:00,8.12,10.25,31.0,122.5,31.0,122.5
2024-11-10 05:00:00,8.12,10.3,31.0,122.5,31.0,122.5
2024-11-10 06:00:00,8.54,10.35,31.0,122.5,31.0,122.5
2024-11-10 07:00:00,9.25,10.99,31.0,122.5,31.0,122.5
2024-11-10 08:00:00,10.46,12.51,31.0,122.5,31.0,122.5
2024-11-10 09:00:00,11.4,13.64,31.0,122.5,31.0,122.5
2024-11-10 10:00:00,10.12,12.19,31.0,122.5,31.0,122.5
2024-11-10 11:00:00,9.42,11.16,31.0,122.5,31.0,122.5
2024-11-10 12:00:00,8.85,10.35,31.0,122.5,31.0,122.5
2024-11-10 13:00:00,8.51,9.85,31.0,122.5,31.0,122.5
2024-11-10 14:00:00,8.03,9.28,31.0,122.5,31.0,122.5
2024-11-10 15:00:00,7.39,8.49,31.0,122.5,31.0,122.5
2024-11-10 16:00:00,7.12,8.13,31.0,122.5,31.0,122.5
2024-11-10 17:00:00,7.04,7.98,31.0,122.5,31.0,122.5
2024-11-10 18:00:00,7.47,8.44,31.0,122.5,31.0,122.5
2024-11-10 19:00:00,7.84,8.92,31.0,122.5,31.0,122.5
2024-11-10 20:00:00,7.96,9.06,31.0,122.5,31.0,122.5
2024-11-10 21:00:00,7.86,8.87,31.0,122.5,31.0,122.5
2024-11-10 22:00:00,6.69,7.43,31.0,122.5,31.0,122.5
2024-11-10 23:00:00,6.83,7.63,31.0,122.5,31.0,122.5
2024-11-11 00:00:00,6.9,7.65,31.0,122.5,31.0,122.5
2024-11-11 01:00:00,6.59,7.32,31.0,122.5,31.0,122.5
2024-11-11 02:00:00,6.17,6.78,31.0,122.5,31.0,122.5
2024-11-11 03:00:00,6.03,6.58,31.0,122.5,31.0,122.5
2024-11-11 04:00:00,5.94,6.49,31.0,122.5,31.0,122.5
2024-11-11 05:00:00,5.99,6.54,31.0,122.5,31.0,122.5
2024-11-11 06:00:00,5.76,6.3,31.0,122.5,31.0,122.5
2024-11-11 07:00:00,5.29,5.77,31.0,122.5,31.0,122.5
2024-11-11 08:00:00,5.11,5.55,31.0,122.5,31.0,122.5
2024-11-11 09:00:00,5.37,5.85,31.0,122.5,31.0,122.5
2024-11-11 10:00:00,4.77,5.11,31.0,122.5,31.0,122.5
2024-11-11 11:00:00,5.02,5.41,31.0,122.5,31.0,122.5
2024-11-11 12:00:00,4.94,5.32,31.0,122.5,31.0,122.5
2024-11-11 13:00:00,4.74,5.05,31.0,122.5,31.0,122.5
2024-11-11 14:00:00,4.42,4.74,31.0,122.5,31.0,122.5
2024-11-11 15:00:00,3.82,4.04,31.0,122.5,31.0,122.5
2024-11-11 16:00:00,3.53,3.7,31.0,122.5,31.0,122.5
2024-11-11 17:00:00,3.71,3.86,31.0,122.5,31.0,122.5
2024-11-11 18:00:00,4.17,4.43,31.0,122.5,31.0,122.5
2024-11-11 19:00:00,4.88,5.18,31.0,122.5,31.0,122.5
2024-11-11 20:00:00,5.84,6.3,31.0,122.5,31.0,122.5
2024-11-11 21:00:00,6.79,7.39,31.0,122.5,31.0,122.5
2024-11-11 22:00:00,7.02,7.78,31.0,122.5,31.0,122.5
2024-11-11 23:00:00,7.07,7.79,31.0,122.5,31.0,122.5
2024-11-12 00:00:00,6.89,7.59,31.0,122.5,31.0,122.5
2024-11-12 01:00:00,6.65,7.32,31.0,122.5,31.0,122.5
2024-11-12 02:00:00,6.11,6.68,31.0,122.5,31.0,122.5
2024-11-12 03:00:00,5.67,6.18,31.0,122.5,31.0,122.5
2024-11-12 04:00:00,5.54,6.05,31.0,122.5,31.0,122.5
2024-11-12 05:00:00,5.43,5.9,31.0,122.5,31.0,122.5
2024-11-12 06:00:00,5.25,5.76,31.0,122.5,31.0,122.5
2024-11-12 07:00:00,5.06,5.56,31.0,122.5,31.0,122.5
2024-11-12 08:00:00,5.12,5.65,31.0,122.5,31.0,122.5
2024-11-12 09:00:00,5.47,6.04,31.0,122.5,31.0,122.5
2024-11-12 10:00:00,5.74,6.25,31.0,122.5,31.0,122.5
2024-11-12 11:00:00,6.19,6.77,31.0,122.5,31.0,122.5
2024-11-12 12:00:00,6.27,6.92,31.0,122.5,31.0,122.5
2024-11-12 13:00:00,6.18,6.83,31.0,122.5,31.0,122.5
2024-11-12 14:00:00,6.11,6.72,31.0,122.5,31.0,122.5
2024-11-12 15:00:00,6.26,6.88,31.0,122.5,31.0,122.5
2024-11-12 16:00:00,6.24,6.86,31.0,122.5,31.0,122.5
2024-11-12 17:00:00,5.88,6.53,31.0,122.5,31.0,122.5
2024-11-12 18:00:00,5.63,6.15,31.0,122.5,31.0,122.5
2024-11-12 19:00:00,5.61,6.13,31.0,122.5,31.0,122.5
2024-11-12 20:00:00,5.78,6.35,31.0,122.5,31.0,122.5
2024-11-12 21:00:00,6.18,6.76,31.0,122.5,31.0,122.5
2024-11-12 22:00:00,6.15,6.75,31.0,122.5,31.0,122.5
2024-11-12 23:00:00,6.61,7.29,31.0,122.5,31.0,122.5
2024-11-13 00:00:00,6.5,7.21,31.0,122.5,31.0,122.5
2024-11-13 01:00:00,6.17,6.82,31.0,122.5,31.0,122.5
2024-11-13 02:00:00,5.65,6.19,31.0,122.5,31.0,122.5
2024-11-13 03:00:00,5.25,5.8,31.0,122.5,31.0,122.5
2024-11-13 04:00:00,5.07,5.62,31.0,122.5,31.0,122.5
2024-11-13 05:00:00,5.14,5.69,31.0,122.5,31.0,122.5
2024-11-13 06:00:00,5.09,5.73,31.0,122.5,31.0,122.5
2024-11-13 07:00:00,4.87,5.57,31.0,122.5,31.0,122.5
2024-11-13 08:00:00,4.8,5.65,31.0,122.5,31.0,122.5
2024-11-13 09:00:00,4.71,5.85,31.0,122.5,31.0,122.5
2024-11-13 10:00:00,4.24,5.44,31.0,122.5,31.0,122.5
2024-11-13 11:00:00,4.43,5.79,31.0,122.5,31.0,122.5
2024-11-13 12:00:00,4.48,5.94,31.0,122.5,31.0,122.5
2024-11-13 13:00:00,4.72,6.27,31.0,122.5,31.0,122.5
2024-11-13 14:00:00,4.46,6.05,31.0,122.5,31.0,122.5
2024-11-13 15:00:00,4.21,5.81,31.0,122.5,31.0,122.5
2024-11-13 16:00:00,3.89,5.52,31.0,122.5,31.0,122.5
2024-11-13 17:00:00,4.08,5.74,31.0,122.5,31.0,122.5
2024-11-13 18:00:00,4.63,6.28,31.0,122.5,31.0,122.5
2024-11-13 19:00:00,5.13,6.87,31.0,122.5,31.0,122.5
2024-11-13 20:00:00,5.55,7.32,31.0,122.5,31.0,122.5
2024-11-13 21:00:00,6.21,8.09,31.0,122.5,31.0,122.5
2024-11-13 22:00:00,6.99,9.25,31.0,122.5,31.0,122.5
2024-11-13 23:00:00,6.97,9.27,31.0,122.5,31.0,122.5
2024-11-14 00:00:00,6.66,8.82,31.0,122.5,31.0,122.5
2024-11-14 01:00:00,6.27,8.32,31.0,122.5,31.0,122.5
2024-11-14 02:00:00,6.05,8.03,31.0,122.5,31.0,122.5
2024-11-14 03:00:00,5.66,7.66,31.0,122.5,31.0,122.5
2024-11-14 04:00:00,5.44,7.36,31.0,122.5,31.0,122.5
2024-11-14 05:00:00,5.62,7.54,31.0,122.5,31.0,122.5
2024-11-14 06:00:00,5.7,7.6,31.0,122.5,31.0,122.5
2024-11-14 07:00:00,6.08,8.15,31.0,122.5,31.0,122.5
2024-11-14 08:00:00,6.09,8.17,31.0,122.5,31.0,122.5
2024-11-14 09:00:00,6.4,8.53,31.0,122.5,31.0,122.5
2024-11-14 10:00:00,5.47,7.45,31.0,122.5,31.0,122.5
2024-11-14 11:00:00,5.21,7.07,31.0,122.5,31.0,122.5
2024-11-14 12:00:00,4.84,6.57,31.0,122.5,31.0,122.5
2024-11-14 13:00:00,5.05,6.71,31.0,122.5,31.0,122.5
2024-11-14 14:00:00,5.09,6.83,31.0,122.5,31.0,122.5
2024-11-14 15:00:00,5.03,6.75,31.0,122.5,31.0,122.5
2024-11-14 16:00:00,4.99,6.75,31.0,122.5,31.0,122.5
2024-11-14 17:00:00,5.04,6.77,31.0,122.5,31.0,122.5
2024-11-14 18:00:00,4.84,6.59,31.0,122.5,31.0,122.5
2024-11-14 19:00:00,4.14,5.84,31.0,122.5,31.0,122.5
2024-11-14 20:00:00,3.71,5.33,31.0,122.5,31.0,122.5
2024-11-14 21:00:00,2.51,3.81,31.0,122.5,31.0,122.5
2024-11-14 22:00:00,3.27,4.74,31.0,122.5,31.0,122.5
2024-11-14 23:00:00,3.31,5.13,31.0,122.5,31.0,122.5
2024-11-15 00:00:00,2.44,4.12,31.0,122.5,31.0,122.5
2024-11-15 01:00:00,2.51,4.0,31.0,122.5,31.0,122.5
2024-11-15 02:00:00,2.32,3.72,31.0,122.5,31.0,122.5
2024-11-15 03:00:00,2.28,3.65,31.0,122.5,31.0,122.5
2024-11-15 04:00:00,2.64,3.91,31.0,122.5,31.0,122.5
2024-11-15 05:00:00,2.76,3.98,31.0,122.5,31.0,122.5
2024-11-15 06:00:00,2.57,3.66,31.0,122.5,31.0,122.5
2024-11-15 07:00:00,2.6,3.71,31.0,122.5,31.0,122.5
2024-11-15 08:00:00,2.82,3.75,31.0,122.5,31.0,122.5
2024-11-15 09:00:00,2.76,3.57,31.0,122.5,31.0,122.5
2024-11-15 10:00:00,1.57,2.23,31.0,122.5,31.0,122.5
2024-11-15 11:00:00,2.86,3.85,31.0,122.5,31.0,122.5
2024-11-15 12:00:00,2.64,3.75,31.0,122.5,31.0,122.5
2024-11-15 13:00:00,2.42,3.52,31.0,122.5,31.0,122.5
2024-11-15 14:00:00,3.01,4.0,31.0,122.5,31.0,122.5
2024-11-15 15:00:00,3.37,4.41,31.0,122.5,31.0,122.5
2024-11-15 16:00:00,2.95,3.79,31.0,122.5,31.0,122.5
2024-11-15 17:00:00,3.09,4.09,31.0,122.5,31.0,122.5
2024-11-15 18:00:00,3.53,4.73,31.0,122.5,31.0,122.5
2024-11-15 19:00:00,3.77,5.14,31.0,122.5,31.0,122.5
2024-11-15 20:00:00,3.82,5.13,31.0,122.5,31.0,122.5
2024-11-15 21:00:00,4.11,5.46,31.0,122.5,31.0,122.5
2024-11-15 22:00:00,3.71,5.12,31.0,122.5,31.0,122.5
2024-11-15 23:00:00,3.69,4.94,31.0,122.5,31.0,122.5
2024-11-16 00:00:00,3.83,4.96,31.0,122.5,31.0,122.5
2024-11-16 01:00:00,4.43,5.63,31.0,122.5,31.0,122.5
2024-11-16 02:00:00,4.84,6.36,31.0,122.5,31.0,122.5
2024-11-16 03:00:00,5.1,6.69,31.0,122.5,31.0,122.5
2024-11-16 04:00:00,5.08,6.55,31.0,122.5,31.0,122.5
2024-11-16 05:00:00,5.61,7.12,31.0,122.5,31.0,122.5
2024-11-16 06:00:00,6.2,7.97,31.0,122.5,31.0,122.5
2024-11-16 07:00:00,6.36,8.14,31.0,122.5,31.0,122.5
2024-11-16 08:00:00,6.42,8.16,31.0,122.5,31.0,122.5
2024-11-16 09:00:00,6.94,8.7,31.0,122.5,31.0,122.5
2024-11-16 10:00:00,6.66,8.61,31.0,122.5,31.0,122.5
2024-11-16 11:00:00,7.36,9.33,31.0,122.5,31.0,122.5
2024-11-16 12:00:00,7.22,8.76,31.0,122.5,31.0,122.5
2024-11-16 13:00:00,7.44,8.9,31.0,122.5,31.0,122.5
2024-11-16 14:00:00,7.83,9.34,31.0,122.5,31.0,122.5
2024-11-16 15:00:00,8.08,9.46,31.0,122.5,31.0,122.5
2024-11-16 16:00:00,8.3,9.6,31.0,122.5,31.0,122.5
2024-11-16 17:00:00,8.7,10.04,31.0,122.5,31.0,122.5
2024-11-16 18:00:00,8.79,10.2,31.0,122.5,31.0,122.5
2024-11-16 19:00:00,8.78,10.18,31.0,122.5,31.0,122.5
2024-11-16 20:00:00,9.33,10.78,31.0,122.5,31.0,122.5
2024-11-16 21:00:00,10.06,11.74,31.0,122.5,31.0,122.5
2024-11-16 22:00:00,10.33,12.21,31.0,122.5,31.0,122.5
2024-11-16 23:00:00,11.03,13.08,31.0,122.5,31.0,122.5
2024-11-17 00:00:00,11.83,14.16,31.0,122.5,31.0,122.5
2024-11-17 01:00:00,12.6,15.11,31.0,122.5,31.0,122.5
2024-11-17 02:00:00,12.78,15.19,31.0,122.5,31.0,122.5
2024-11-17 03:00:00,13.21,15.53,31.0,122.5,31.0,122.5
2024-11-17 04:00:00,13.39,15.74,31.0,122.5,31.0,122.5
2024-11-17 05:00:00,13.28,15.49,31.0,122.5,31.0,122.5
2024-11-17 06:00:00,14.05,16.38,31.0,122.5,31.0,122.5
2024-11-17 07:00:00,14.12,16.41,31.0,122.5,31.0,122.5
2024-11-17 08:00:00,13.74,15.94,31.0,122.5,31.0,122.5
2024-11-17 09:00:00,13.93,16.15,31.0,122.5,31.0,122.5
2024-11-17 10:00:00,12.97,14.96,31.0,122.5,31.0,122.5
2024-11-17 11:00:00,12.89,14.72,31.0,122.5,31.0,122.5
2024-11-17 12:00:00,12.89,14.66,31.0,122.5,31.0,122.5
2024-11-17 13:00:00,12.53,14.2,31.0,122.5,31.0,122.5
2024-11-17 14:00:00,12.53,14.16,31.0,122.5,31.0,122.5
2024-11-17 15:00:00,13.05,14.75,31.0,122.5,31.0,122.5
2024-11-17 16:00:00,13.22,14.99,31.0,122.5,31.0,122.5
2024-11-17 17:00:00,13.31,15.14,31.0,122.5,31.0,122.5
2024-11-17 18:00:00,13.51,15.37,31.0,122.5,31.0,122.5
2024-11-17 19:00:00,13.71,15.52,31.0,122.5,31.0,122.5
2024-11-17 20:00:00,13.62,15.44,31.0,122.5,31.0,122.5
2024-11-17 21:00:00,13.41,15.15,31.0,122.5,31.0,122.5
2024-11-17 22:00:00,12.89,14.49,31.0,122.5,31.0,122.5
2024-11-17 23:00:00,13.17,14.82,31.0,122.5,31.0,122.5
2024-11-18 00:00:00,12.73,14.31,31.0,122.5,31.0,122.5
2024-11-18 01:00:00,12.48,14.02,31.0,122.5,31.0,122.5
2024-11-18 02:00:00,12.15,13.6,31.0,122.5,31.0,122.5
2024-11-18 03:00:00,11.97,13.42,31.0,122.5,31.0,122.5
2024-11-18 04:00:00,11.91,13.28,31.0,122.5,31.0,122.5
2024-11-18 05:00:00,12.07,13.47,31.0,122.5,31.0,122.5
2024-11-18 06:00:00,12.14,13.52,31.0,122.5,31.0,122.5
2024-11-18 07:00:00,11.89,13.25,31.0,122.5,31.0,122.5
2024-11-18 08:00:00,11.52,12.77,31.0,122.5,31.0,122.5
2024-11-18 09:00:00,11.19,12.4,31.0,122.5,31.0,122.5
2024-11-18 10:00:00,10.0,11.06,31.0,122.5,31.0,122.5
2024-11-18 11:00:00,10.1,11.09,31.0,122.5,31.0,122.5
2024-11-18 12:00:00,9.75,10.58,31.0,122.5,31.0,122.5
2024-11-18 13:00:00,9.19,9.95,31.0,122.5,31.0,122.5
2024-11-18 14:00:00,8.74,9.46,31.0,122.5,31.0,122.5
2024-11-18 15:00:00,8.57,9.17,31.0,122.5,31.0,122.5
2024-11-18 16:00:00,8.38,8.94,31.0,122.5,31.0,122.5
2024-11-18 17:00:00,8.38,9.01,31.0,122.5,31.0,122.5
2024-11-18 18:00:00,8.55,9.23,31.0,122.5,31.0,122.5
2024-11-18 19:00:00,8.6,9.28,31.0,122.5,31.0,122.5
2024-11-18 20:00:00,8.34,9.05,31.0,122.5,31.0,122.5
2024-11-18 21:00:00,8.02,8.61,31.0,122.5,31.0,122.5
2024-11-18 22:00:00,7.67,8.18,31.0,122.5,31.0,122.5
2024-11-18 23:00:00,7.02,7.45,31.0,122.5,31.0,122.5
2024-11-19 00:00:00,6.46,6.84,31.0,122.5,31.0,122.5
2024-11-19 01:00:00,6.02,6.4,31.0,122.5,31.0,122.5
2024-11-19 02:00:00,6.18,6.53,31.0,122.5,31.0,122.5
2024-11-19 03:00:00,6.36,6.73,31.0,122.5,31.0,122.5
2024-11-19 04:00:00,6.45,6.85,31.0,122.5,31.0,122.5
2024-11-19 05:00:00,6.5,6.94,31.0,122.5,31.0,122.5
2024-11-19 06:00:00,6.61,7.05,31.0,122.5,31.0,122.5
2024-11-19 07:00:00,6.61,7.09,31.0,122.5,31.0,122.5
2024-11-19 08:00:00,6.75,7.24,31.0,122.5,31.0,122.5
2024-11-19 09:00:00,6.93,7.42,31.0,122.5,31.0,122.5
2024-11-19 10:00:00,6.32,6.8,31.0,122.5,31.0,122.5
2024-11-19 11:00:00,6.22,6.63,31.0,122.5,31.0,122.5
2024-11-19 12:00:00,6.17,6.58,31.0,122.5,31.0,122.5
2024-11-19 13:00:00,5.75,6.12,31.0,122.5,31.0,122.5
2024-11-19 14:00:00,5.29,5.6,31.0,122.5,31.0,122.5
2024-11-19 15:00:00,5.32,5.63,31.0,122.5,31.0,122.5
2024-11-19 16:00:00,5.48,5.74,31.0,122.5,31.0,122.5
2024-11-19 17:00:00,5.75,6.0,31.0,122.5,31.0,122.5
2024-11-19 18:00:00,6.15,6.5,31.0,122.5,31.0,122.5
2024-11-19 19:00:00,6.36,6.76,31.0,122.5,31.0,122.5
2024-11-19 20:00:00,6.26,6.61,31.0,122.5,31.0,122.5
2024-11-19 21:00:00,6.6,7.0,31.0,122.5,31.0,122.5
2024-11-19 22:00:00,6.65,7.1,31.0,122.5,31.0,122.5
2024-11-19 23:00:00,6.38,6.79,31.0,122.5,31.0,122.5
2024-11-20 00:00:00,6.04,6.45,31.0,122.5,31.0,122.5
2024-11-20 01:00:00,5.71,6.07,31.0,122.5,31.0,122.5
2024-11-20 02:00:00,5.14,5.39,31.0,122.5,31.0,122.5
2024-11-20 03:00:00,4.92,5.18,31.0,122.5,31.0,122.5
2024-11-20 04:00:00,5.25,5.56,31.0,122.5,31.0,122.5
2024-11-20 05:00:00,6.01,6.36,31.0,122.5,31.0,122.5
2024-11-20 06:00:00,6.63,7.08,31.0,122.5,31.0,122.5
2024-11-20 07:00:00,7.19,7.69,31.0,122.5,31.0,122.5
2024-11-20 08:00:00,7.6,8.25,31.0,122.5,31.0,122.5
2024-11-20 09:00:00,7.6,8.24,31.0,122.5,31.0,122.5
2024-11-20 10:00:00,6.22,6.62,31.0,122.5,31.0,122.5
2024-11-20 11:00:00,6.32,6.72,31.0,122.5,31.0,122.5
2024-11-20 12:00:00,6.62,7.06,31.0,122.5,31.0,122.5
2024-11-20 13:00:00,6.2,6.59,31.0,122.5,31.0,122.5
2024-11-20 14:00:00,6.15,6.49,31.0,122.5,31.0,122.5
2024-11-20 15:00:00,6.3,6.63,31.0,122.5,31.0,122.5
2024-11-20 16:00:00,6.4,6.79,31.0,122.5,31.0,122.5
2024-11-20 17:00:00,6.38,6.76,31.0,122.5,31.0,122.5
2024-11-20 18:00:00,6.18,6.57,31.0,122.5,31.0,122.5
2024-11-20 19:00:00,6.39,6.77,31.0,122.5,31.0,122.5
2024-11-20 20:00:00,6.77,7.24,31.0,122.5,31.0,122.5
2024-11-20 21:00:00,7.13,7.67,31.0,122.5,31.0,122.5
2024-11-20 22:00:00,7.04,7.52,31.0,122.5,31.0,122.5
2024-11-20 23:00:00,6.82,7.34,31.0,122.5,31.0,122.5
2024-11-21 00:00:00,6.75,7.22,31.0,122.5,31.0,122.5
2024-11-21 01:00:00,7.04,7.58,31.0,122.5,31.0,122.5
2024-11-21 02:00:00,7.62,8.21,31.0,122.5,31.0,122.5
2024-11-21 03:00:00,7.64,8.26,31.0,122.5,31.0,122.5
2024-11-21 04:00:00,7.9,8.52,31.0,122.5,31.0,122.5
2024-11-21 05:00:00,8.12,8.79,31.0,122.5,31.0,122.5
2024-11-21 06:00:00,7.98,8.68,31.0,122.5,31.0,122.5
2024-11-21 07:00:00,7.7,8.33,31.0,122.5,31.0,122.5
2024-11-21 08:00:00,7.33,7.85,31.0,122.5,31.0,122.5
2024-11-21 09:00:00,6.93,7.4,31.0,122.5,31.0,122.5
2024-11-21 10:00:00,6.29,6.69,31.0,122.5,31.0,122.5
2024-11-21 11:00:00,6.18,6.56,31.0,122.5,31.0,122.5
2024-11-21 12:00:00,6.53,6.94,31.0,122.5,31.0,122.5
2024-11-21 13:00:00,6.73,7.18,31.0,122.5,31.0,122.5
2024-11-21 14:00:00,6.47,6.92,31.0,122.5,31.0,122.5
2024-11-21 15:00:00,6.36,6.79,31.0,122.5,31.0,122.5
2024-11-21 16:00:00,6.3,6.73,31.0,122.5,31.0,122.5
2024-11-21 17:00:00,6.15,6.58,31.0,122.5,31.0,122.5
2024-11-21 18:00:00,6.03,6.46,31.0,122.5,31.0,122.5
2024-11-21 19:00:00,6.12,6.55,31.0,122.5,31.0,122.5
2024-11-21 20:00:00,6.39,6.93,31.0,122.5,31.0,122.5
2024-11-21 21:00:00,6.83,7.37,31.0,122.5,31.0,122.5
2024-11-21 22:00:00,6.68,7.17,31.0,122.5,31.0,122.5
2024-11-21 23:00:00,7.05,7.69,31.0,122.5,31.0,122.5
2024-11-22 00:00:00,7.15,7.8,31.0,122.5,31.0,122.5
2024-11-22 01:00:00,7.1,7.66,31.0,122.5,31.0,122.5
2024-11-22 02:00:00,6.82,7.33,31.0,122.5,31.0,122.5
2024-11-22 03:00:00,6.41,6.88,31.0,122.5,31.0,122.5
2024-11-22 04:00:00,6.1,6.56,31.0,122.5,31.0,122.5
2024-11-22 05:00:00,6.38,6.87,31.0,122.5,31.0,122.5
2024-11-22 06:00:00,6.96,7.55,31.0,122.5,31.0,122.5
2024-11-22 07:00:00,7.53,8.23,31.0,122.5,31.0,122.5
2024-11-22 08:00:00,7.9,8.65,31.0,122.5,31.0,122.5
2024-11-22 09:00:00,8.09,8.9,31.0,122.5,31.0,122.5
2024-11-22 10:00:00,8.41,9.27,31.0,122.5,31.0,122.5
2024-11-22 11:00:00,8.62,9.5,31.0,122.5,31.0,122.5
2024-11-22 12:00:00,8.3,9.08,31.0,122.5,31.0,122.5
2024-11-22 13:00:00,7.95,8.67,31.0,122.5,31.0,122.5
2024-11-22 14:00:00,7.64,8.27,31.0,122.5,31.0,122.5
2024-11-22 15:00:00,7.53,8.11,31.0,122.5,31.0,122.5
2024-11-22 16:00:00,7.46,8.04,31.0,122.5,31.0,122.5
2024-11-22 17:00:00,7.4,7.96,31.0,122.5,31.0,122.5
2024-11-22 18:00:00,7.42,7.98,31.0,122.5,31.0,122.5
2024-11-22 19:00:00,7.47,8.03,31.0,122.5,31.0,122.5
2024-11-22 20:00:00,7.41,7.97,31.0,122.5,31.0,122.5
2024-11-22 21:00:00,7.19,7.7,31.0,122.5,31.0,122.5
2024-11-22 22:00:00,6.33,6.8,31.0,122.5,31.0,122.5
2024-11-22 23:00:00,6.25,6.67,31.0,122.5,31.0,122.5
2024-11-23 00:00:00,6.2,6.62,31.0,122.5,31.0,122.5
2024-11-23 01:00:00,6.12,6.48,31.0,122.5,31.0,122.5
2024-11-23 02:00:00,6.2,6.6,31.0,122.5,31.0,122.5
2024-11-23 03:00:00,6.31,6.72,31.0,122.5,31.0,122.5
2024-11-23 04:00:00,6.45,6.9,31.0,122.5,31.0,122.5
2024-11-23 05:00:00,6.71,7.16,31.0,122.5,31.0,122.5
2024-11-23 06:00:00,6.9,7.35,31.0,122.5,31.0,122.5
2024-11-23 07:00:00,6.96,7.47,31.0,122.5,31.0,122.5
2024-11-23 08:00:00,6.88,7.41,31.0,122.5,31.0,122.5
2024-11-23 09:00:00,6.42,6.93,31.0,122.5,31.0,122.5
2024-11-23 10:00:00,5.74,6.05,31.0,122.5,31.0,122.5
2024-11-23 11:00:00,5.24,5.5,31.0,122.5,31.0,122.5
2024-11-23 12:00:00,4.81,5.0,31.0,122.5,31.0,122.5
2024-11-23 13:00:00,4.82,5.02,31.0,122.5,31.0,122.5
2024-11-23 14:00:00,4.87,5.15,31.0,122.5,31.0,122.5
2024-11-23 15:00:00,4.88,5.19,31.0,122.5,31.0,122.5
2024-11-23 16:00:00,5.13,5.41,31.0,122.5,31.0,122.5
2024-11-23 17:00:00,4.9,5.18,31.0,122.5,31.0,122.5
2024-11-23 18:00:00,4.24,4.48,31.0,122.5,31.0,122.5
2024-11-23 19:00:00,3.76,3.92,31.0,122.5,31.0,122.5
2024-11-23 20:00:00,3.75,3.86,31.0,122.5,31.0,122.5
2024-11-23 21:00:00,4.32,4.53,31.0,122.5,31.0,122.5
2024-11-23 22:00:00,3.95,4.12,31.0,122.5,31.0,122.5
2024-11-23 23:00:00,5.13,5.41,31.0,122.5,31.0,122.5
2024-11-24 00:00:00,5.15,5.48,31.0,122.5,31.0,122.5
2024-11-24 01:00:00,4.95,5.22,31.0,122.5,31.0,122.5
2024-11-24 02:00:00,5.32,5.56,31.0,122.5,31.0,122.5
2024-11-24 03:00:00,5.28,5.55,31.0,122.5,31.0,122.5
2024-11-24 04:00:00,4.72,4.94,31.0,122.5,31.0,122.5
2024-11-24 05:00:00,4.7,4.97,31.0,122.5,31.0,122.5
2024-11-24 06:00:00,4.76,5.0,31.0,122.5,31.0,122.5
2024-11-24 07:00:00,3.97,4.15,31.0,122.5,31.0,122.5
2024-11-24 08:00:00,3.97,4.1,31.0,122.5,31.0,122.5
2024-11-24 09:00:00,4.59,4.77,31.0,122.5,31.0,122.5
2024-11-24 10:00:00,4.58,4.76,31.0,122.5,31.0,122.5
2024-11-24 11:00:00,5.65,5.98,31.0,122.5,31.0,122.5
2024-11-24 12:00:00,6.08,6.53,31.0,122.5,31.0,122.5
2024-11-24 13:00:00,6.22,6.66,31.0,122.5,31.0,122.5
2024-11-24 14:00:00,6.11,6.6,31.0,122.5,31.0,122.5
2024-11-24 15:00:00,5.53,5.99,31.0,122.5,31.0,122.5
2024-11-24 16:00:00,5.27,5.71,31.0,122.5,31.0,122.5
2024-11-24 17:00:00,5.92,6.46,31.0,122.5,31.0,122.5
2024-11-24 18:00:00,6.58,7.26,31.0,122.5,31.0,122.5
2024-11-24 19:00:00,5.7,6.27,31.0,122.5,31.0,122.5
2024-11-24 20:00:00,4.91,5.45,31.0,122.5,31.0,122.5
2024-11-24 21:00:00,4.83,5.4,31.0,122.5,31.0,122.5
2024-11-24 22:00:00,3.04,3.44,31.0,122.5,31.0,122.5
2024-11-24 23:00:00,3.61,4.05,31.0,122.5,31.0,122.5
2024-11-25 00:00:00,3.67,4.13,31.0,122.5,31.0,122.5
2024-11-25 01:00:00,3.47,4.11,31.0,122.5,31.0,122.5
2024-11-25 02:00:00,3.14,3.86,31.0,122.5,31.0,122.5
2024-11-25 03:00:00,3.12,3.91,31.0,122.5,31.0,122.5
2024-11-25 04:00:00,2.69,3.32,31.0,122.5,31.0,122.5
2024-11-25 05:00:00,3.38,3.97,31.0,122.5,31.0,122.5
2024-11-25 06:00:00,3.46,4.16,31.0,122.5,31.0,122.5
2024-11-25 07:00:00,3.89,4.7,31.0,122.5,31.0,122.5
2024-11-25 08:00:00,4.36,5.3,31.0,122.5,31.0,122.5
2024-11-25 09:00:00,5.06,6.08,31.0,122.5,31.0,122.5
2024-11-25 10:00:00,6.0,7.85,31.0,122.5,31.0,122.5
2024-11-25 11:00:00,8.54,10.31,31.0,122.5,31.0,122.5
2024-11-25 12:00:00,11.24,13.05,31.0,122.5,31.0,122.5
2024-11-25 13:00:00,10.58,12.64,31.0,122.5,31.0,122.5
2024-11-25 14:00:00,10.72,12.67,31.0,122.5,31.0,122.5
2024-11-25 15:00:00,12.99,15.22,31.0,122.5,31.0,122.5
2024-11-25 16:00:00,13.4,15.74,31.0,122.5,31.0,122.5
2024-11-25 17:00:00,14.07,16.71,31.0,122.5,31.0,122.5
2024-11-25 18:00:00,14.27,16.97,31.0,122.5,31.0,122.5
2024-11-25 19:00:00,13.93,16.51,31.0,122.5,31.0,122.5
2024-11-25 20:00:00,13.87,16.38,31.0,122.5,31.0,122.5
2024-11-25 21:00:00,14.01,16.49,31.0,122.5,31.0,122.5
2024-11-25 22:00:00,12.23,13.99,31.0,122.5,31.0,122.5
2024-11-25 23:00:00,12.58,14.38,31.0,122.5,31.0,122.5
2024-11-26 00:00:00,12.23,13.99,31.0,122.5,31.0,122.5
2024-11-26 01:00:00,11.46,13.02,31.0,122.5,31.0,122.5
2024-11-26 02:00:00,10.79,12.13,31.0,122.5,31.0,122.5
2024-11-26 03:00:00,10.56,11.76,31.0,122.5,31.0,122.5
2024-11-26 04:00:00,10.68,11.9,31.0,122.5,31.0,122.5
2024-11-26 05:00:00,10.52,11.76,31.0,122.5,31.0,122.5
2024-11-26 06:00:00,10.49,11.73,31.0,122.5,31.0,122.5
2024-11-26 07:00:00,10.27,11.47,31.0,122.5,31.0,122.5
2024-11-26 08:00:00,9.77,10.83,31.0,122.5,31.0,122.5
2024-11-26 09:00:00,9.26,10.18,31.0,122.5,31.0,122.5
2024-11-26 10:00:00,8.79,9.61,31.0,122.5,31.0,122.5
2024-11-26 11:00:00,8.48,9.18,31.0,122.5,31.0,122.5
2024-11-26 12:00:00,8.94,9.75,31.0,122.5,31.0,122.5
2024-11-26 13:00:00,9.17,10.06,31.0,122.5,31.0,122.5
2024-11-26 14:00:00,9.11,10.1,31.0,122.5,31.0,122.5
2024-11-26 15:00:00,9.53,10.54,31.0,122.5,31.0,122.5
2024-11-26 16:00:00,10.33,11.61,31.0,122.5,31.0,122.5
2024-11-26 17:00:00,10.77,12.23,31.0,122.5,31.0,122.5
2024-11-26 18:00:00,11.33,12.98,31.0,122.5,31.0,122.5
2024-11-26 19:00:00,11.4,13.17,31.0,122.5,31.0,122.5
2024-11-26 20:00:00,10.84,12.46,31.0,122.5,31.0,122.5
2024-11-26 21:00:00,10.94,12.55,31.0,122.5,31.0,122.5
2024-11-26 22:00:00,10.69,12.09,31.0,122.5,31.0,122.5
2024-11-26 23:00:00,10.58,11.99,31.0,122.5,31.0,122.5
2024-11-27 00:00:00,10.21,11.41,31.0,122.5,31.0,122.5
2024-11-27 01:00:00,10.0,11.14,31.0,122.5,31.0,122.5
2024-11-27 02:00:00,9.79,10.95,31.0,122.5,31.0,122.5
2024-11-27 03:00:00,9.28,10.31,31.0,122.5,31.0,122.5
2024-11-27 04:00:00,9.55,10.69,31.0,122.5,31.0,122.5
2024-11-27 05:00:00,10.2,11.48,31.0,122.5,31.0,122.5
2024-11-27 06:00:00,10.03,11.33,31.0,122.5,31.0,122.5
2024-11-27 07:00:00,10.47,11.81,31.0,122.5,31.0,122.5
2024-11-27 08:00:00,10.85,12.3,31.0,122.5,31.0,122.5
2024-11-27 09:00:00,11.13,12.61,31.0,122.5,31.0,122.5
2024-11-27 10:00:00,10.76,12.21,31.0,122.5,31.0,122.5
2024-11-27 11:00:00,10.69,12.08,31.0,122.5,31.0,122.5
2024-11-27 12:00:00,10.03,11.28,31.0,122.5,31.0,122.5
2024-11-27 13:00:00,9.47,10.54,31.0,122.5,31.0,122.5
2024-11-27 14:00:00,9.74,10.75,31.0,122.5,31.0,122.5
2024-11-27 15:00:00,9.71,10.79,31.0,122.5,31.0,122.5
2024-11-27 16:00:00,9.55,10.56,31.0,122.5,31.0,122.5
2024-11-27 17:00:00,9.74,10.87,31.0,122.5,31.0,122.5
2024-11-27 18:00:00,9.95,11.17,31.0,122.5,31.0,122.5
2024-11-27 19:00:00,9.82,11.0,31.0,122.5,31.0,122.5
2024-11-27 20:00:00,9.16,10.25,31.0,122.5,31.0,122.5
2024-11-27 21:00:00,8.67,9.58,31.0,122.5,31.0,122.5
2024-11-27 22:00:00,8.32,9.08,31.0,122.5,31.0,122.5
2024-11-27 23:00:00,8.56,9.41,31.0,122.5,31.0,122.5
2024-11-28 00:00:00,9.13,10.18,31.0,122.5,31.0,122.5
2024-11-28 01:00:00,9.96,11.21,31.0,122.5,31.0,122.5
2024-11-28 02:00:00,10.28,11.76,31.0,122.5,31.0,122.5
2024-11-28 03:00:00,10.7,12.33,31.0,122.5,31.0,122.5
2024-11-28 04:00:00,11.47,13.36,31.0,122.5,31.0,122.5
2024-11-28 05:00:00,11.3,13.15,31.0,122.5,31.0,122.5
2024-11-28 06:00:00,11.05,12.87,31.0,122.5,31.0,122.5
2024-11-28 07:00:00,11.44,13.29,31.0,122.5,31.0,122.5
2024-11-28 08:00:00,12.11,14.14,31.0,122.5,31.0,122.5
2024-11-28 09:00:00,12.62,14.78,31.0,122.5,31.0,122.5
2024-11-28 10:00:00,12.17,14.32,31.0,122.5,31.0,122.5
2024-11-28 11:00:00,12.35,14.56,31.0,122.5,31.0,122.5
2024-11-28 12:00:00,12.3,14.49,31.0,122.5,31.0,122.5
2024-11-28 13:00:00,11.85,13.86,31.0,122.5,31.0,122.5
2024-11-28 14:00:00,11.99,13.94,31.0,122.5,31.0,122.5
2024-11-28 15:00:00,12.44,14.55,31.0,122.5,31.0,122.5
2024-11-28 16:00:00,12.74,14.87,31.0,122.5,31.0,122.5
2024-11-28 17:00:00,12.8,14.99,31.0,122.5,31.0,122.5
2024-11-28 18:00:00,12.53,14.56,31.0,122.5,31.0,122.5
2024-11-28 19:00:00,11.99,13.87,31.0,122.5,31.0,122.5
2024-11-28 20:00:00,11.53,13.23,31.0,122.5,31.0,122.5
2024-11-28 21:00:00,11.33,12.89,31.0,122.5,31.0,122.5
2024-11-28 22:00:00,10.2,11.4,31.0,122.5,31.0,122.5
2024-11-28 23:00:00,9.35,10.42,31.0,122.5,31.0,122.5
2024-11-29 00:00:00,8.88,9.8,31.0,122.5,31.0,122.5
2024-11-29 01:00:00,8.68,9.62,31.0,122.5,31.0,122.5
2024-11-29 02:00:00,8.63,9.51,31.0,122.5,31.0,122.5
2024-11-29 03:00:00,8.21,9.03,31.0,122.5,31.0,122.5
2024-11-29 04:00:00,7.71,8.49,31.0,122.5,31.0,122.5
2024-11-29 05:00:00,7.23,7.9,31.0,122.5,31.0,122.5
2024-11-29 06:00:00,6.72,7.34,31.0,122.5,31.0,122.5
2024-11-29 07:00:00,6.28,6.86,31.0,122.5,31.0,122.5
2024-11-29 08:00:00,6.32,6.88,31.0,122.5,31.0,122.5
2024-11-29 09:00:00,6.89,7.54,31.0,122.5,31.0,122.5
2024-11-29 10:00:00,6.63,7.3,31.0,122.5,31.0,122.5
2024-11-29 11:00:00,6.73,7.5,31.0,122.5,31.0,122.5
2024-11-29 12:00:00,7.03,7.96,31.0,122.5,31.0,122.5
2024-11-29 13:00:00,6.85,7.8,31.0,122.5,31.0,122.5
2024-11-29 14:00:00,6.54,7.43,31.0,122.5,31.0,122.5
2024-11-29 15:00:00,6.17,6.92,31.0,122.5,31.0,122.5
2024-11-29 16:00:00,6.03,6.66,31.0,122.5,31.0,122.5
2024-11-29 17:00:00,5.63,6.21,31.0,122.5,31.0,122.5
2024-11-29 18:00:00,5.41,5.86,31.0,122.5,31.0,122.5
2024-11-29 19:00:00,5.19,5.55,31.0,122.5,31.0,122.5
2024-11-29 20:00:00,4.82,5.14,31.0,122.5,31.0,122.5
2024-11-29 21:00:00,4.3,4.51,31.0,122.5,31.0,122.5
2024-11-29 22:00:00,3.63,3.75,31.0,122.5,31.0,122.5
2024-11-29 23:00:00,3.16,3.24,31.0,122.5,31.0,122.5
2024-11-30 00:00:00,3.37,3.43,31.0,122.5,31.0,122.5
2024-11-30 01:00:00,3.35,3.4,31.0,122.5,31.0,122.5
2024-11-30 02:00:00,3.26,3.31,31.0,122.5,31.0,122.5
2024-11-30 03:00:00,3.21,3.31,31.0,122.5,31.0,122.5
2024-11-30 04:00:00,3.43,3.54,31.0,122.5,31.0,122.5
2024-11-30 05:00:00,3.35,3.51,31.0,122.5,31.0,122.5
2024-11-30 06:00:00,2.75,2.9,31.0,122.5,31.0,122.5
2024-11-30 07:00:00,1.96,2.01,31.0,122.5,31.0,122.5
2024-11-30 08:00:00,1.32,1.32,31.0,122.5,31.0,122.5
2024-11-30 09:00:00,1.55,1.62,31.0,122.5,31.0,122.5
2024-11-30 10:00:00,2.31,2.45,31.0,122.5,31.0,122.5
2024-11-30 11:00:00,2.53,2.74,31.0,122.5,31.0,122.5
2024-11-30 12:00:00,2.38,2.53,31.0,122.5,31.0,122.5
2024-11-30 13:00:00,2.69,2.89,31.0,122.5,31.0,122.5
2024-11-30 14:00:00,3.24,3.51,31.0,122.5,31.0,122.5
2024-11-30 15:00:00,3.98,4.38,31.0,122.5,31.0,122.5
2024-11-30 16:00:00,4.51,5.06,31.0,122.5,31.0,122.5
2024-11-30 17:00:00,5.16,5.92,31.0,122.5,31.0,122.5
2024-11-30 18:00:00,5.63,6.55,31.0,122.5,31.0,122.5
2024-11-30 19:00:00,6.04,7.01,31.0,122.5,31.0,122.5
2024-11-30 20:00:00,6.34,7.42,31.0,122.5,31.0,122.5
2024-11-30 21:00:00,6.26,7.35,31.0,122.5,31.0,122.5
2024-11-30 22:00:00,6.18,7.22,31.0,122.5,31.0,122.5
2024-11-30 23:00:00,6.29,7.24,31.0,122.5,31.0,122.5
2024-12-01 00:00:00,6.33,7.25,31.0,122.5,31.0,122.5
2024-12-01 01:00:00,6.06,6.92,31.0,122.5,31.0,122.5
2024-12-01 02:00:00,5.77,6.51,31.0,122.5,31.0,122.5
2024-12-01 03:00:00,5.34,5.99,31.0,122.5,31.0,122.5
2024-12-01 04:00:00,4.81,5.37,31.0,122.5,31.0,122.5
2024-12-01 05:00:00,4.61,5.16,31.0,122.5,31.0,122.5
2024-12-01 06:00:00,4.74,5.43,31.0,122.5,31.0,122.5
2024-12-01 07:00:00,4.62,5.36,31.0,122.5,31.0,122.5
2024-12-01 08:00:00,4.56,5.33,31.0,122.5,31.0,122.5
2024-12-01 09:00:00,4.4,5.26,31.0,122.5,31.0,122.5
2024-12-01 10:00:00,3.72,4.75,31.0,122.5,31.0,122.5
2024-12-01 11:00:00,2.93,3.59,31.0,122.5,31.0,122.5
2024-12-01 12:00:00,3.49,4.19,31.0,122.5,31.0,122.5
2024-12-01 13:00:00,3.82,4.68,31.0,122.5,31.0,122.5
2024-12-01 14:00:00,4.11,5.12,31.0,122.5,31.0,122.5
2024-12-01 15:00:00,4.47,5.77,31.0,122.5,31.0,122.5
2024-12-01 16:00:00,4.66,6.28,31.0,122.5,31.0,122.5
2024-12-01 17:00:00,4.52,6.28,31.0,122.5,31.0,122.5
2024-12-01 18:00:00,3.99,5.77,31.0,122.5,31.0,122.5
2024-12-01 19:00:00,3.26,4.97,31.0,122.5,31.0,122.5
2024-12-01 20:00:00,2.79,4.44,31.0,122.5,31.0,122.5
2024-12-01 21:00:00,2.51,4.03,31.0,122.5,31.0,122.5
2024-12-01 22:00:00,2.28,3.66,31.0,122.5,31.0,122.5
2024-12-01 23:00:00,2.09,3.11,31.0,122.5,31.0,122.5
2024-12-02 00:00:00,2.49,3.26,31.0,122.5,31.0,122.5
2024-12-02 01:00:00,2.91,3.69,31.0,122.5,31.0,122.5
2024-12-02 02:00:00,3.03,3.8,31.0,122.5,31.0,122.5
2024-12-02 03:00:00,2.93,3.57,31.0,122.5,31.0,122.5
2024-12-02 04:00:00,2.74,3.35,31.0,122.5,31.0,122.5
2024-12-02 05:00:00,2.57,3.14,31.0,122.5,31.0,122.5
2024-12-02 06:00:00,2.33,2.88,31.0,122.5,31.0,122.5
2024-12-02 07:00:00,2.24,2.91,31.0,122.5,31.0,122.5
2024-12-02 08:00:00,2.11,2.9,31.0,122.5,31.0,122.5
2024-12-02 09:00:00,2.28,3.13,31.0,122.5,31.0,122.5
2024-12-02 10:00:00,2.56,3.47,31.0,122.5,31.0,122.5
2024-12-02 11:00:00,3.24,4.24,31.0,122.5,31.0,122.5
2024-12-02 12:00:00,3.59,4.56,31.0,122.5,31.0,122.5
2024-12-02 13:00:00,3.85,4.81,31.0,122.5,31.0,122.5
2024-12-02 14:00:00,4.07,5.03,31.0,122.5,31.0,122.5
2024-12-02 15:00:00,4.63,5.7,31.0,122.5,31.0,122.5
2024-12-02 16:00:00,5.21,6.4,31.0,122.5,31.0,122.5
2024-12-02 17:00:00,5.65,6.84,31.0,122.5,31.0,122.5
2024-12-02 18:00:00,6.29,7.48,31.0,122.5,31.0,122.5
2024-12-02 19:00:00,6.87,8.07,31.0,122.5,31.0,122.5
2024-12-02 20:00:00,7.25,8.31,31.0,122.5,31.0,122.5
2024-12-02 21:00:00,7.66,8.68,31.0,122.5,31.0,122.5
2024-12-02 22:00:00,7.5,8.5,31.0,122.5,31.0,122.5
2024-12-02 23:00:00,7.12,8.0,31.0,122.5,31.0,122.5
2024-12-03 00:00:00,7.09,7.88,31.0,122.5,31.0,122.5
2024-12-03 01:00:00,7.37,8.18,31.0,122.5,31.0,122.5
2024-12-03 02:00:00,7.36,8.2,31.0,122.5,31.0,122.5
2024-12-03 03:00:00,6.97,7.71,31.0,122.5,31.0,122.5
2024-12-03 04:00:00,6.58,7.14,31.0,122.5,31.0,122.5
2024-12-03 05:00:00,6.67,7.23,31.0,122.5,31.0,122.5
2024-12-03 06:00:00,7.27,7.94,31.0,122.5,31.0,122.5
2024-12-03 07:00:00,7.63,8.34,31.0,122.5,31.0,122.5
2024-12-03 08:00:00,7.74,8.46,31.0,122.5,31.0,122.5
2024-12-03 09:00:00,7.78,8.54,31.0,122.5,31.0,122.5
2024-12-03 10:00:00,7.33,7.98,31.0,122.5,31.0,122.5
2024-12-03 11:00:00,7.24,7.88,31.0,122.5,31.0,122.5
2024-12-03 12:00:00,6.96,7.53,31.0,122.5,31.0,122.5
2024-12-03 13:00:00,6.84,7.38,31.0,122.5,31.0,122.5
2024-12-03 14:00:00,6.58,7.08,31.0,122.5,31.0,122.5
2024-12-03 15:00:00,6.53,7.02,31.0,122.5,31.0,122.5
2024-12-03 16:00:00,6.72,7.26,31.0,122.5,31.0,122.5
2024-12-03 17:00:00,7.13,7.69,31.0,122.5,31.0,122.5
2024-12-03 18:00:00,7.14,7.75,31.0,122.5,31.0,122.5
2024-12-03 19:00:00,7.08,7.69,31.0,122.5,31.0,122.5
2024-12-03 20:00:00,6.6,7.13,31.0,122.5,31.0,122.5
2024-12-03 21:00:00,6.16,6.62,31.0,122.5,31.0,122.5
2024-12-03 22:00:00,5.42,5.81,31.0,122.5,31.0,122.5
2024-12-03 23:00:00,5.28,5.59,31.0,122.5,31.0,122.5
2024-12-04 00:00:00,5.13,5.45,31.0,122.5,31.0,122.5
2024-12-04 01:00:00,5.03,5.27,31.0,122.5,31.0,122.5
2024-12-04 02:00:00,5.24,5.51,31.0,122.5,31.0,122.5
2024-12-04 03:00:00,5.63,5.98,31.0,122.5,31.0,122.5
2024-12-04 04:00:00,5.88,6.27,31.0,122.5,31.0,122.5
2024-12-04 05:00:00,5.79,6.14,31.0,122.5,31.0,122.5
2024-12-04 06:00:00,5.76,6.1,31.0,122.5,31.0,122.5
2024-12-04 07:00:00,5.68,6.03,31.0,122.5,31.0,122.5
2024-12-04 08:00:00,5.65,5.97,31.0,122.5,31.0,122.5
2024-12-04 09:00:00,5.54,5.85,31.0,122.5,31.0,122.5
2024-12-04 10:00:00,4.9,5.16,31.0,122.5,31.0,122.5
2024-12-04 11:00:00,4.74,4.98,31.0,122.5,31.0,122.5
2024-12-04 12:00:00,4.76,5.01,31.0,122.5,31.0,122.5
2024-12-04 13:00:00,4.53,4.73,31.0,122.5,31.0,122.5
2024-12-04 14:00:00,4.27,4.45,31.0,122.5,31.0,122.5
2024-12-04 15:00:00,4.24,4.42,31.0,122.5,31.0,122.5
2024-12-04 16:00:00,4.32,4.51,31.0,122.5,31.0,122.5
2024-12-04 17:00:00,4.89,5.12,31.0,122.5,31.0,122.5
2024-12-04 18:00:00,5.64,5.96,31.0,122.5,31.0,122.5
2024-12-04 19:00:00,6.27,6.68,31.0,122.5,31.0,122.5
2024-12-04 20:00:00,6.15,6.56,31.0,122.5,31.0,122.5
2024-12-04 21:00:00,5.85,6.2,31.0,122.5,31.0,122.5
2024-12-04 22:00:00,4.9,5.2,31.0,122.5,31.0,122.5
2024-12-04 23:00:00,4.95,5.24,31.0,122.5,31.0,122.5
2024-12-05 00:00:00,5.38,5.68,31.0,122.5,31.0,122.5
2024-12-05 01:00:00,5.68,6.0,31.0,122.5,31.0,122.5
2024-12-05 02:00:00,5.58,5.91,31.0,122.5,31.0,122.5
2024-12-05 03:00:00,5.28,5.52,31.0,122.5,31.0,122.5
2024-12-05 04:00:00,5.15,5.43,31.0,122.5,31.0,122.5
2024-12-05 05:00:00,4.77,5.0,31.0,122.5,31.0,122.5
2024-12-05 06:00:00,4.9,5.13,31.0,122.5,31.0,122.5
2024-12-05 07:00:00,4.73,4.96,31.0,122.5,31.0,122.5
2024-12-05 08:00:00,4.25,4.39,31.0,122.5,31.0,122.5
2024-12-05 09:00:00,4.25,4.38,31.0,122.5,31.0,122.5
2024-12-05 10:00:00,4.69,4.83,31.0,122.5,31.0,122.5
2024-12-05 11:00:00,5.04,5.29,31.0,122.5,31.0,122.5
2024-12-05 12:00:00,5.06,5.35,31.0,122.5,31.0,122.5
2024-12-05 13:00:00,4.75,5.0,31.0,122.5,31.0,122.5
2024-12-05 14:00:00,4.63,4.88,31.0,122.5,31.0,122.5
2024-12-05 15:00:00,4.98,5.23,31.0,122.5,31.0,122.5
2024-12-05 16:00:00,5.48,5.81,31.0,122.5,31.0,122.5
2024-12-05 17:00:00,5.25,5.56,31.0,122.5,31.0,122.5
2024-12-05 18:00:00,5.1,5.3,31.0,122.5,31.0,122.5
2024-12-05 19:00:00,5.34,5.61,31.0,122.5,31.0,122.5
2024-12-05 20:00:00,5.66,5.95,31.0,122.5,31.0,122.5
2024-12-05 21:00:00,6.24,6.59,31.0,122.5,31.0,122.5
2024-12-05 22:00:00,5.43,5.71,31.0,122.5,31.0,122.5
2024-12-05 23:00:00,4.9,5.14,31.0,122.5,31.0,122.5
2024-12-06 00:00:00,3.91,4.1,31.0,122.5,31.0,122.5
2024-12-06 01:00:00,2.21,2.24,31.0,122.5,31.0,122.5
2024-12-06 02:00:00,2.87,2.88,31.0,122.5,31.0,122.5
2024-12-06 03:00:00,4.74,4.89,31.0,122.5,31.0,122.5
2024-12-06 04:00:00,5.62,5.85,31.0,122.5,31.0,122.5
2024-12-06 05:00:00,5.84,6.14,31.0,122.5,31.0,122.5
2024-12-06 06:00:00,5.22,5.46,31.0,122.5,31.0,122.5
2024-12-06 07:00:00,5.01,5.19,31.0,122.5,31.0,122.5
2024-12-06 08:00:00,5.25,5.49,31.0,122.5,31.0,122.5
2024-12-06 09:00:00,5.36,5.66,31.0,122.5,31.0,122.5
2024-12-06 10:00:00,4.92,5.21,31.0,122.5,31.0,122.5
2024-12-06 11:00:00,4.75,5.05,31.0,122.5,31.0,122.5
2024-12-06 12:00:00,4.05,4.25,31.0,122.5,31.0,122.5
2024-12-06 13:00:00,3.55,3.7,31.0,122.5,31.0,122.5
2024-12-06 14:00:00,3.86,4.04,31.0,122.5,31.0,122.5
2024-12-06 15:00:00,4.78,5.01,31.0,122.5,31.0,122.5
2024-12-06 16:00:00,5.38,5.65,31.0,122.5,31.0,122.5
2024-12-06 17:00:00,5.17,5.45,31.0,122.5,31.0,122.5
2024-12-06 18:00:00,5.0,5.23,31.0,122.5,31.0,122.5
2024-12-06 19:00:00,5.36,5.68,31.0,122.5,31.0,122.5
2024-12-06 20:00:00,5.6,5.92,31.0,122.5,31.0,122.5
2024-12-06 21:00:00,5.2,5.52,31.0,122.5,31.0,122.5
2024-12-06 22:00:00,5.49,5.85,31.0,122.5,31.0,122.5
2024-12-06 23:00:00,6.09,6.55,31.0,122.5,31.0,122.5
2024-12-07 00:00:00,6.25,6.72,31.0,122.5,31.0,122.5
2024-12-07 01:00:00,6.12,6.6,31.0,122.5,31.0,122.5
2024-12-07 02:00:00,6.72,7.31,31.0,122.5,31.0,122.5
2024-12-07 03:00:00,6.96,7.61,31.0,122.5,31.0,122.5
2024-12-07 04:00:00,6.91,7.5,31.0,122.5,31.0,122.5
2024-12-07 05:00:00,7.66,8.41,31.0,122.5,31.0,122.5
2024-12-07 06:00:00,8.08,8.83,31.0,122.5,31.0,122.5
2024-12-07 07:00:00,8.99,9.94,31.0,122.5,31.0,122.5
2024-12-07 08:00:00,9.25,10.31,31.0,122.5,31.0,122.5
2024-12-07 09:00:00,9.35,10.47,31.0,122.5,31.0,122.5
2024-12-07 10:00:00,9.28,10.39,31.0,122.5,31.0,122.5
2024-12-07 11:00:00,9.73,10.93,31.0,122.5,31.0,122.5
2024-12-07 12:00:00,10.46,11.83,31.0,122.5,31.0,122.5
2024-12-07 13:00:00,10.7,12.22,31.0,122.5,31.0,122.5
2024-12-07 14:00:00,11.46,13.08,31.0,122.5,31.0,122.5
2024-12-07 15:00:00,11.44,13.16,31.0,122.5,31.0,122.5
2024-12-07 16:00:00,11.68,13.35,31.0,122.5,31.0,122.5
2024-12-07 17:00:00,11.75,13.44,31.0,122.5,31.0,122.5
2024-12-07 18:00:00,11.78,13.43,31.0,122.5,31.0,122.5
2024-12-07 19:00:00,11.91,13.55,31.0,122.5,31.0,122.5
2024-12-07 20:00:00,11.78,13.35,31.0,122.5,31.0,122.5
2024-12-07 21:00:00,11.33,12.78,31.0,122.5,31.0,122.5
2024-12-07 22:00:00,10.02,11.16,31.0,122.5,31.0,122.5
2024-12-07 23:00:00,9.86,10.86,31.0,122.5,31.0,122.5
2024-12-08 00:00:00,9.87,10.91,31.0,122.5,31.0,122.5
2024-12-08 01:00:00,9.7,10.7,31.0,122.5,31.0,122.5
2024-12-08 02:00:00,9.6,10.55,31.0,122.5,31.0,122.5
2024-12-08 03:00:00,9.15,10.06,31.0,122.5,31.0,122.5
2024-12-08 04:00:00,8.9,9.71,31.0,122.5,31.0,122.5
2024-12-08 05:00:00,8.8,9.6,31.0,122.5,31.0,122.5
2024-12-08 06:00:00,8.71,9.45,31.0,122.5,31.0,122.5
2024-12-08 07:00:00,8.5,9.25,31.0,122.5,31.0,122.5
2024-12-08 08:00:00,8.25,8.95,31.0,122.5,31.0,122.5
2024-12-08 09:00:00,7.9,8.5,31.0,122.5,31.0,122.5
2024-12-08 10:00:00,7.24,7.73,31.0,122.5,31.0,122.5
2024-12-08 11:00:00,6.7,7.09,31.0,122.5,31.0,122.5
2024-12-08 12:00:00,6.48,6.86,31.0,122.5,31.0,122.5
2024-12-08 13:00:00,6.4,6.79,31.0,122.5,31.0,122.5
2024-12-08 14:00:00,6.11,6.4,31.0,122.5,31.0,122.5
2024-12-08 15:00:00,5.87,6.16,31.0,122.5,31.0,122.5
2024-12-08 16:00:00,5.62,5.91,31.0,122.5,31.0,122.5
2024-12-08 17:00:00,5.4,5.59,31.0,122.5,31.0,122.5
2024-12-08 18:00:00,5.38,5.61,31.0,122.5,31.0,122.5
2024-12-08 19:00:00,5.17,5.36,31.0,122.5,31.0,122.5
2024-12-08 20:00:00,4.5,4.58,31.0,122.5,31.0,122.5
2024-12-08 21:00:00,4.43,4.5,31.0,122.5,31.0,122.5
2024-12-08 22:00:00,5.05,5.28,31.0,122.5,31.0,122.5
2024-12-08 23:00:00,5.04,5.28,31.0,122.5,31.0,122.5
2024-12-09 00:00:00,5.07,5.26,31.0,122.5,31.0,122.5
2024-12-09 01:00:00,5.1,5.3,31.0,122.5,31.0,122.5
2024-12-09 02:00:00,4.67,4.89,31.0,122.5,31.0,122.5
2024-12-09 03:00:00,4.34,4.46,31.0,122.5,31.0,122.5
2024-12-09 04:00:00,3.85,3.96,31.0,122.5,31.0,122.5
2024-12-09 05:00:00,4.13,4.26,31.0,122.5,31.0,122.5
2024-12-09 06:00:00,4.1,4.24,31.0,122.5,31.0,122.5
2024-12-09 07:00:00,4.39,4.59,31.0,122.5,31.0,122.5
2024-12-09 08:00:00,4.34,4.52,31.0,122.5,31.0,122.5
2024-12-09 09:00:00,4.05,4.25,31.0,122.5,31.0,122.5
2024-12-09 10:00:00,3.82,4.0,31.0,122.5,31.0,122.5
2024-12-09 11:00:00,3.17,3.32,31.0,122.5,31.0,122.5
2024-12-09 12:00:00,2.55,2.69,31.0,122.5,31.0,122.5
2024-12-09 13:00:00,1.97,2.08,31.0,122.5,31.0,122.5
2024-12-09 14:00:00,1.98,2.05,31.0,122.5,31.0,122.5
2024-12-09 15:00:00,2.3,2.41,31.0,122.5,31.0,122.5
2024-12-09 16:00:00,2.52,2.58,31.0,122.5,31.0,122.5
2024-12-09 17:00:00,2.69,2.79,31.0,122.5,31.0,122.5
2024-12-09 18:00:00,2.82,2.88,31.0,122.5,31.0,122.5
2024-12-09 19:00:00,3.1,3.19,31.0,122.5,31.0,122.5
2024-12-09 20:00:00,3.12,3.24,31.0,122.5,31.0,122.5
2024-12-09 21:00:00,3.87,4.03,31.0,122.5,31.0,122.5
2024-12-09 22:00:00,4.6,4.85,31.0,122.5,31.0,122.5
2024-12-09 23:00:00,5.07,5.42,31.0,122.5,31.0,122.5
2024-12-10 00:00:00,4.91,5.27,31.0,122.5,31.0,122.5
2024-12-10 01:00:00,4.58,4.88,31.0,122.5,31.0,122.5
2024-12-10 02:00:00,4.73,5.04,31.0,122.5,31.0,122.5
2024-12-10 03:00:00,4.9,5.26,31.0,122.5,31.0,122.5
2024-12-10 04:00:00,4.85,5.14,31.0,122.5,31.0,122.5
2024-12-10 05:00:00,4.74,5.05,31.0,122.5,31.0,122.5
2024-12-10 06:00:00,5.04,5.39,31.0,122.5,31.0,122.5
2024-12-10 07:00:00,5.18,5.53,31.0,122.5,31.0,122.5
2024-12-10 08:00:00,5.72,6.15,31.0,122.5,31.0,122.5
2024-12-10 09:00:00,6.68,7.3,31.0,122.5,31.0,122.5
2024-12-10 10:00:00,7.47,8.22,31.0,122.5,31.0,122.5
2024-12-10 11:00:00,7.11,7.85,31.0,122.5,31.0,122.5
2024-12-10 12:00:00,6.78,7.47,31.0,122.5,31.0,122.5
2024-12-10 13:00:00,6.78,7.45,31.0,122.5,31.0,122.5
2024-12-10 14:00:00,6.44,7.03,31.0,122.5,31.0,122.5
2024-12-10 15:00:00,6.33,6.95,31.0,122.5,31.0,122.5
2024-12-10 16:00:00,6.68,7.3,31.0,122.5,31.0,122.5
2024-12-10 17:00:00,7.11,7.82,31.0,122.5,31.0,122.5
2024-12-10 18:00:00,7.42,8.21,31.0,122.5,31.0,122.5
2024-12-10 19:00:00,8.05,8.93,31.0,122.5,31.0,122.5
2024-12-10 20:00:00,8.63,9.62,31.0,122.5,31.0,122.5
2024-12-10 21:00:00,9.25,10.36,31.0,122.5,31.0,122.5
2024-12-10 22:00:00,9.73,11.11,31.0,122.5,31.0,122.5
2024-12-10 23:00:00,9.52,10.76,31.0,122.5,31.0,122.5
2024-12-11 00:00:00,9.31,10.51,31.0,122.5,31.0,122.5
2024-12-11 01:00:00,9.74,11.0,31.0,122.5,31.0,122.5
2024-12-11 02:00:00,9.7,11.03,31.0,122.5,31.0,122.5
2024-12-11 03:00:00,9.93,11.28,31.0,122.5,31.0,122.5
2024-12-11 04:00:00,9.93,11.3,31.0,122.5,31.0,122.5
2024-12-11 05:00:00,9.8,11.11,31.0,122.5,31.0,122.5
2024-12-11 06:00:00,9.31,10.45,31.0,122.5,31.0,122.5
2024-12-11 07:00:00,8.96,9.95,31.0,122.5,31.0,122.5
2024-12-11 08:00:00,9.13,10.18,31.0,122.5,31.0,122.5
2024-12-11 09:00:00,9.26,10.37,31.0,122.5,31.0,122.5
2024-12-11 10:00:00,8.78,9.76,31.0,122.5,31.0,122.5
2024-12-11 11:00:00,9.47,10.6,31.0,122.5,31.0,122.5
2024-12-11 12:00:00,9.61,10.84,31.0,122.5,31.0,122.5
2024-12-11 13:00:00,9.97,11.26,31.0,122.5,31.0,122.5
2024-12-11 14:00:00,10.2,11.64,31.0,122.5,31.0,122.5
2024-12-11 15:00:00,10.21,11.68,31.0,122.5,31.0,122.5
2024-12-11 16:00:00,9.76,11.12,31.0,122.5,31.0,122.5
2024-12-11 17:00:00,9.25,10.45,31.0,122.5,31.0,122.5
2024-12-11 18:00:00,9.14,10.25,31.0,122.5,31.0,122.5
2024-12-11 19:00:00,9.12,10.14,31.0,122.5,31.0,122.5
2024-12-11 20:00:00,9.7,10.79,31.0,122.5,31.0,122.5
2024-12-11 21:00:00,9.88,11.08,31.0,122.5,31.0,122.5
2024-12-11 22:00:00,8.87,9.87,31.0,122.5,31.0,122.5
2024-12-11 23:00:00,8.33,9.17,31.0,122.5,31.0,122.5
2024-12-12 00:00:00,8.3,9.06,31.0,122.5,31.0,122.5
2024-12-12 01:00:00,8.01,8.65,31.0,122.5,31.0,122.5
2024-12-12 02:00:00,8.36,9.09,31.0,122.5,31.0,122.5
2024-12-12 03:00:00,8.18,8.92,31.0,122.5,31.0,122.5
2024-12-12 04:00:00,7.61,8.23,31.0,122.5,31.0,122.5
2024-12-12 05:00:00,7.29,7.82,31.0,122.5,31.0,122.5
2024-12-12 06:00:00,7.5,8.07,31.0,122.5,31.0,122.5
2024-12-12 07:00:00,7.73,8.3,31.0,122.5,31.0,122.5
2024-12-12 08:00:00,7.79,8.37,31.0,122.5,31.0,122.5
2024-12-12 09:00:00,7.36,7.91,31.0,122.5,31.0,122.5
2024-12-12 10:00:00,7.29,7.86,31.0,122.5,31.0,122.5
2024-12-12 11:00:00,6.96,7.45,31.0,122.5,31.0,122.5
2024-12-12 12:00:00,6.07,6.44,31.0,122.5,31.0,122.5
2024-12-12 13:00:00,6.74,7.17,31.0,122.5,31.0,122.5
2024-12-12 14:00:00,6.86,7.4,31.0,122.5,31.0,122.5
2024-12-12 15:00:00,5.91,6.29,31.0,122.5,31.0,122.5
2024-12-12 16:00:00,5.61,6.03,31.0,122.5,31.0,122.5
2024-12-12 17:00:00,5.76,6.16,31.0,122.5,31.0,122.5
2024-12-12 18:00:00,5.51,5.86,31.0,122.5,31.0,122.5
2024-12-12 19:00:00,6.32,6.71,31.0,122.5,31.0,122.5
2024-12-12 20:00:00,7.02,7.51,31.0,122.5,31.0,122.5
2024-12-12 21:00:00,7.41,7.97,31.0,122.5,31.0,122.5
2024-12-12 22:00:00,7.17,7.73,31.0,122.5,31.0,122.5
2024-12-12 23:00:00,6.6,7.09,31.0,122.5,31.0,122.5
2024-12-13 00:00:00,6.05,6.45,31.0,122.5,31.0,122.5
2024-12-13 01:00:00,7.9,8.53,31.0,122.5,31.0,122.5
2024-12-13 02:00:00,8.98,9.84,31.0,122.5,31.0,122.5
2024-12-13 03:00:00,8.46,9.27,31.0,122.5,31.0,122.5
2024-12-13 04:00:00,9.15,10.1,31.0,122.5,31.0,122.5
2024-12-13 05:00:00,9.54,10.71,31.0,122.5,31.0,122.5
2024-12-13 06:00:00,9.6,10.77,31.0,122.5,31.0,122.5
2024-12-13 07:00:00,10.4,11.75,31.0,122.5,31.0,122.5
2024-12-13 08:00:00,10.05,11.44,31.0,122.5,31.0,122.5
2024-12-13 09:00:00,10.54,12.05,31.0,122.5,31.0,122.5
2024-12-13 10:00:00,10.45,11.93,31.0,122.5,31.0,122.5
2024-12-13 11:00:00,11.21,12.78,31.0,122.5,31.0,122.5
2024-12-13 12:00:00,11.35,13.03,31.0,122.5,31.0,122.5
2024-12-13 13:00:00,11.71,13.51,31.0,122.5,31.0,122.5
2024-12-13 14:00:00,11.97,13.83,31.0,122.5,31.0,122.5
2024-12-13 15:00:00,11.91,13.7,31.0,122.5,31.0,122.5
2024-12-13 16:00:00,11.87,13.59,31.0,122.5,31.0,122.5
2024-12-13 17:00:00,11.83,13.48,31.0,122.5,31.0,122.5
2024-12-13 18:00:00,11.46,13.02,31.0,122.5,31.0,122.5
2024-12-13 19:00:00,11.49,13.04,31.0,122.5,31.0,122.5
2024-12-13 20:00:00,11.59,13.18,31.0,122.5,31.0,122.5
2024-12-13 21:00:00,11.49,13.03,31.0,122.5,31.0,122.5
2024-12-13 22:00:00,11.05,12.45,31.0,122.5,31.0,122.5
2024-12-13 23:00:00,11.86,13.49,31.0,122.5,31.0,122.5
2024-12-14 00:00:00,12.06,13.8,31.0,122.5,31.0,122.5
2024-12-14 01:00:00,11.59,13.19,31.0,122.5,31.0,122.5
2024-12-14 02:00:00,11.52,13.06,31.0,122.5,31.0,122.5
2024-12-14 03:00:00,11.16,12.58,31.0,122.5,31.0,122.5
2024-12-14 04:00:00,10.63,11.86,31.0,122.5,31.0,122.5
2024-12-14 05:00:00,10.75,11.98,31.0,122.5,31.0,122.5
2024-12-14 06:00:00,10.49,11.72,31.0,122.5,31.0,122.5
2024-12-14 07:00:00,10.07,11.16,31.0,122.5,31.0,122.5
2024-12-14 08:00:00,9.83,10.86,31.0,122.5,31.0,122.5
2024-12-14 09:00:00,9.57,10.48,31.0,122.5,31.0,122.5
2024-12-14 10:00:00,8.59,9.32,31.0,122.5,31.0,122.5
2024-12-14 11:00:00,8.89,9.63,31.0,122.5,31.0,122.5
2024-12-14 12:00:00,8.96,9.7,31.0,122.5,31.0,122.5
2024-12-14 13:00:00,8.91,9.69,31.0,122.5,31.0,122.5
2024-12-14 14:00:00,9.19,10.04,31.0,122.5,31.0,122.5
2024-12-14 15:00:00,9.23,10.15,31.0,122.5,31.0,122.5
2024-12-14 16:00:00,9.37,10.29,31.0,122.5,31.0,122.5
2024-12-14 17:00:00,9.37,10.29,31.0,122.5,31.0,122.5
2024-12-14 18:00:00,9.3,10.23,31.0,122.5,31.0,122.5
2024-12-14 19:00:00,9.37,10.33,31.0,122.5,31.0,122.5
2024-12-14 20:00:00,9.38,10.34,31.0,122.5,31.0,122.5
2024-12-14 21:00:00,9.3,10.26,31.0,122.5,31.0,122.5
2024-12-14 22:00:00,9.03,9.91,31.0,122.5,31.0,122.5
2024-12-14 23:00:00,8.81,9.59,31.0,122.5,31.0,122.5
2024-12-15 00:00:00,8.48,9.26,31.0,122.5,31.0,122.5
2024-12-15 01:00:00,8.38,9.08,31.0,122.5,31.0,122.5
2024-12-15 02:00:00,8.27,8.94,31.0,122.5,31.0,122.5
2024-12-15 03:00:00,7.95,8.62,31.0,122.5,31.0,122.5
2024-12-15 04:00:00,7.88,8.52,31.0,122.5,31.0,122.5
2024-12-15 05:00:00,7.66,8.29,31.0,122.5,31.0,122.5
2024-12-15 06:00:00,7.48,8.09,31.0,122.5,31.0,122.5
2024-12-15 07:00:00,7.25,7.75,31.0,122.5,31.0,122.5
2024-12-15 08:00:00,6.98,7.48,31.0,122.5,31.0,122.5
2024-12-15 09:00:00,6.87,7.4,31.0,122.5,31.0,122.5
2024-12-15 10:00:00,6.31,6.74,31.0,122.5,31.0,122.5
2024-12-15 11:00:00,6.29,6.75,31.0,122.5,31.0,122.5
2024-12-15 12:00:00,6.18,6.57,31.0,122.5,31.0,122.5
2024-12-15 13:00:00,5.92,6.27,31.0,122.5,31.0,122.5
2024-12-15 14:00:00,5.82,6.14,31.0,122.5,31.0,122.5
2024-12-15 15:00:00,5.97,6.35,31.0,122.5,31.0,122.5
2024-12-15 16:00:00,6.31,6.69,31.0,122.5,31.0,122.5
2024-12-15 17:00:00,6.58,7.0,31.0,122.5,31.0,122.5
2024-12-15 18:00:00,6.96,7.49,31.0,122.5,31.0,122.5
2024-12-15 19:00:00,7.3,7.86,31.0,122.5,31.0,122.5
2024-12-15 20:00:00,7.32,7.95,31.0,122.5,31.0,122.5
2024-12-15 21:00:00,7.58,8.23,31.0,122.5,31.0,122.5
2024-12-15 22:00:00,7.16,7.79,31.0,122.5,31.0,122.5
2024-12-15 23:00:00,7.14,7.72,31.0,122.5,31.0,122.5
2024-12-16 00:00:00,6.84,7.38,31.0,122.5,31.0,122.5
2024-12-16 01:00:00,6.31,6.8,31.0,122.5,31.0,122.5
2024-12-16 02:00:00,5.66,6.02,31.0,122.5,31.0,122.5
2024-12-16 03:00:00,5.21,5.52,31.0,122.5,31.0,122.5
2024-12-16 04:00:00,4.95,5.23,31.0,122.5,31.0,122.5
2024-12-16 05:00:00,4.75,5.02,31.0,122.5,31.0,122.5
2024-12-16 06:00:00,4.45,4.71,31.0,122.5,31.0,122.5
2024-12-16 07:00:00,4.18,4.44,31.0,122.5,31.0,122.5
2024-12-16 08:00:00,4.04,4.29,31.0,122.5,31.0,122.5
2024-12-16 09:00:00,4.03,4.29,31.0,122.5,31.0,122.5
2024-12-16 10:00:00,3.94,4.24,31.0,122.5,31.0,122.5
2024-12-16 11:00:00,3.73,4.04,31.0,122.5,31.0,122.5
2024-12-16 12:00:00,3.55,3.82,31.0,122.5,31.0,122.5
2024-12-16 13:00:00,3.67,3.89,31.0,122.5,31.0,122.5
2024-12-16 14:00:00,3.85,4.07,31.0,122.5,31.0,122.5
2024-12-16 15:00:00,4.08,4.3,31.0,122.5,31.0,122.5
2024-12-16 16:00:00,4.26,4.48,31.0,122.5,31.0,122.5
2024-12-16 17:00:00,4.17,4.42,31.0,122.5,31.0,122.5
2024-12-16 18:00:00,4.1,4.34,31.0,122.5,31.0,122.5
2024-12-16 19:00:00,4.39,4.63,31.0,122.5,31.0,122.5
2024-12-16 20:00:00,4.46,4.74,31.0,122.5,31.0,122.5
2024-12-16 21:00:00,4.14,4.43,31.0,122.5,31.0,122.5
2024-12-16 22:00:00,3.47,3.65,31.0,122.5,31.0,122.5
2024-12-16 23:00:00,2.79,2.9,31.0,122.5,31.0,122.5
2024-12-17 00:00:00,2.29,2.37,31.0,122.5,31.0,122.5
2024-12-17 01:00:00,1.98,2.07,31.0,122.5,31.0,122.5
2024-12-17 02:00:00,1.61,1.69,31.0,122.5,31.0,122.5
2024-12-17 03:00:00,1.52,1.52,31.0,122.5,31.0,122.5
2024-12-17 04:00:00,1.84,1.82,31.0,122.5,31.0,122.5
2024-12-17 05:00:00,2.44,2.44,31.0,122.5,31.0,122.5
2024-12-17 06:00:00,3.46,3.58,31.0,122.5,31.0,122.5
2024-12-17 07:00:00,3.13,3.27,31.0,122.5,31.0,122.5
2024-12-17 08:00:00,2.1,2.17,31.0,122.5,31.0,122.5
2024-12-17 09:00:00,1.86,1.95,31.0,122.5,31.0,122.5
2024-12-17 10:00:00,1.41,1.46,31.0,122.5,31.0,122.5
2024-12-17 11:00:00,1.55,1.6,31.0,122.5,31.0,122.5
2024-12-17 12:00:00,1.3,1.35,31.0,122.5,31.0,122.5
2024-12-17 13:00:00,1.55,1.6,31.0,122.5,31.0,122.5
2024-12-17 14:00:00,2.3,2.4,31.0,122.5,31.0,122.5
2024-12-17 15:00:00,2.9,3.0,31.0,122.5,31.0,122.5
2024-12-17 16:00:00,3.65,3.8,31.0,122.5,31.0,122.5
2024-12-17 17:00:00,4.66,4.86,31.0,122.5,31.0,122.5
2024-12-17 18:00:00,5.39,5.69,31.0,122.5,31.0,122.5
2024-12-17 19:00:00,5.89,6.23,31.0,122.5,31.0,122.5
2024-12-17 20:00:00,6.4,6.84,31.0,122.5,31.0,122.5
2024-12-17 21:00:00,7.12,7.71,31.0,122.5,31.0,122.5
2024-12-17 22:00:00,6.91,7.46,31.0,122.5,31.0,122.5
2024-12-17 23:00:00,7.62,8.29,31.0,122.5,31.0,122.5
2024-12-18 00:00:00,8.77,9.67,31.0,122.5,31.0,122.5
2024-12-18 01:00:00,9.62,10.82,31.0,122.5,31.0,122.5
2024-12-18 02:00:00,9.79,11.04,31.0,122.5,31.0,122.5
2024-12-18 03:00:00,9.99,11.35,31.0,122.5,31.0,122.5
2024-12-18 04:00:00,10.87,12.38,31.0,122.5,31.0,122.5
2024-12-18 05:00:00,11.32,13.08,31.0,122.5,31.0,122.5
2024-12-18 06:00:00,11.83,13.7,31.0,122.5,31.0,122.5
2024-12-18 07:00:00,12.49,14.57,31.0,122.5,31.0,122.5
2024-12-18 08:00:00,12.71,14.88,31.0,122.5,31.0,122.5
2024-12-18 09:00:00,12.43,14.38,31.0,122.5,31.0,122.5
2024-12-18 10:00:00,11.27,12.76,31.0,122.5,31.0,122.5
2024-12-18 11:00:00,11.9,13.4,31.0,122.5,31.0,122.5
2024-12-18 12:00:00,12.4,14.09,31.0,122.5,31.0,122.5
2024-12-18 13:00:00,12.44,14.2,31.0,122.5,31.0,122.5
2024-12-18 14:00:00,12.05,13.65,31.0,122.5,31.0,122.5
2024-12-18 15:00:00,11.81,13.35,31.0,122.5,31.0,122.5
2024-12-18 16:00:00,11.5,13.01,31.0,122.5,31.0,122.5
2024-12-18 17:00:00,10.87,12.18,31.0,122.5,31.0,122.5
2024-12-18 18:00:00,10.42,11.63,31.0,122.5,31.0,122.5
2024-12-18 19:00:00,10.17,11.28,31.0,122.5,31.0,122.5
2024-12-18 20:00:00,10.13,11.19,31.0,122.5,31.0,122.5
2024-12-18 21:00:00,10.0,11.01,31.0,122.5,31.0,122.5
2024-12-18 22:00:00,9.23,10.1,31.0,122.5,31.0,122.5
2024-12-18 23:00:00,9.53,10.46,31.0,122.5,31.0,122.5
2024-12-19 00:00:00,9.22,10.1,31.0,122.5,31.0,122.5
2024-12-19 01:00:00,9.08,9.92,31.0,122.5,31.0,122.5
2024-12-19 02:00:00,8.83,9.68,31.0,122.5,31.0,122.5
2024-12-19 03:00:00,8.54,9.31,31.0,122.5,31.0,122.5
2024-12-19 04:00:00,7.83,8.55,31.0,122.5,31.0,122.5
2024-12-19 05:00:00,7.48,8.09,31.0,122.5,31.0,122.5
2024-12-19 06:00:00,7.21,7.77,31.0,122.5,31.0,122.5
2024-12-19 07:00:00,6.89,7.43,31.0,122.5,31.0,122.5
2024-12-19 08:00:00,6.55,7.0,31.0,122.5,31.0,122.5
2024-12-19 09:00:00,6.17,6.59,31.0,122.5,31.0,122.5
2024-12-19 10:00:00,5.76,6.1,31.0,122.5,31.0,122.5
2024-12-19 11:00:00,6.12,6.45,31.0,122.5,31.0,122.5
2024-12-19 12:00:00,6.89,7.37,31.0,122.5,31.0,122.5
2024-12-19 13:00:00,7.26,7.83,31.0,122.5,31.0,122.5
2024-12-19 14:00:00,6.42,6.9,31.0,122.5,31.0,122.5
2024-12-19 15:00:00,5.53,5.87,31.0,122.5,31.0,122.5
2024-12-19 16:00:00,5.52,5.86,31.0,122.5,31.0,122.5
2024-12-19 17:00:00,5.7,6.01,31.0,122.5,31.0,122.5
2024-12-19 18:00:00,5.6,5.96,31.0,122.5,31.0,122.5
2024-12-19 19:00:00,5.25,5.56,31.0,122.5,31.0,122.5
2024-12-19 20:00:00,4.38,4.66,31.0,122.5,31.0,122.5
2024-12-19 21:00:00,3.74,3.94,31.0,122.5,31.0,122.5
2024-12-19 22:00:00,2.7,2.8,31.0,122.5,31.0,122.5
2024-12-19 23:00:00,2.8,2.82,31.0,122.5,31.0,122.5
2024-12-20 00:00:00,4.14,4.25,31.0,122.5,31.0,122.5
2024-12-20 01:00:00,5.16,5.34,31.0,122.5,31.0,122.5
2024-12-20 02:00:00,5.52,5.76,31.0,122.5,31.0,122.5
2024-12-20 03:00:00,5.8,6.12,31.0,122.5,31.0,122.5
2024-12-20 04:00:00,5.8,6.08,31.0,122.5,31.0,122.5
2024-12-20 05:00:00,5.69,5.94,31.0,122.5,31.0,122.5
2024-12-20 06:00:00,5.76,6.05,31.0,122.5,31.0,122.5
2024-12-20 07:00:00,5.15,5.36,31.0,122.5,31.0,122.5
2024-12-20 08:00:00,4.7,4.88,31.0,122.5,31.0,122.5
2024-12-20 09:00:00,4.43,4.61,31.0,122.5,31.0,122.5
2024-12-20 10:00:00,3.99,4.17,31.0,122.5,31.0,122.5
2024-12-20 11:00:00,3.76,3.98,31.0,122.5,31.0,122.5
2024-12-20 12:00:00,3.68,3.93,31.0,122.5,31.0,122.5
2024-12-20 13:00:00,3.54,3.75,31.0,122.5,31.0,122.5
2024-12-20 14:00:00,3.68,3.86,31.0,122.5,31.0,122.5
2024-12-20 15:00:00,4.14,4.35,31.0,122.5,31.0,122.5
2024-12-20 16:00:00,5.08,5.4,31.0,122.5,31.0,122.5
2024-12-20 17:00:00,6.15,6.54,31.0,122.5,31.0,122.5
2024-12-20 18:00:00,7.23,7.84,31.0,122.5,31.0,122.5
2024-12-20 19:00:00,7.94,8.7,31.0,122.5,31.0,122.5
2024-12-20 20:00:00,8.33,9.2,31.0,122.5,31.0,122.5
2024-12-20 21:00:00,8.6,9.49,31.0,122.5,31.0,122.5
2024-12-20 22:00:00,8.88,9.79,31.0,122.5,31.0,122.5
2024-12-20 23:00:00,9.04,9.99,31.0,122.5,31.0,122.5
2024-12-21 00:00:00,9.19,10.21,31.0,122.5,31.0,122.5
2024-12-21 01:00:00,9.62,10.79,31.0,122.5,31.0,122.5
2024-12-21 02:00:00,10.48,11.9,31.0,122.5,31.0,122.5
2024-12-21 03:00:00,10.87,12.46,31.0,122.5,31.0,122.5
2024-12-21 04:00:00,11.36,13.08,31.0,122.5,31.0,122.5
2024-12-21 05:00:00,11.63,13.44,31.0,122.5,31.0,122.5
2024-12-21 06:00:00,11.67,13.48,31.0,122.5,31.0,122.5
2024-12-21 07:00:00,11.9,13.64,31.0,122.5,31.0,122.5
2024-12-21 08:00:00,12.16,14.0,31.0,122.5,31.0,122.5
2024-12-21 09:00:00,12.09,13.89,31.0,122.5,31.0,122.5
2024-12-21 10:00:00,11.62,13.31,31.0,122.5,31.0,122.5
2024-12-21 11:00:00,11.12,12.61,31.0,122.5,31.0,122.5
2024-12-21 12:00:00,10.67,11.99,31.0,122.5,31.0,122.5
2024-12-21 13:00:00,10.58,11.84,31.0,122.5,31.0,122.5
2024-12-21 14:00:00,10.63,11.9,31.0,122.5,31.0,122.5
2024-12-21 15:00:00,10.83,12.09,31.0,122.5,31.0,122.5
2024-12-21 16:00:00,10.61,11.83,31.0,122.5,31.0,122.5
2024-12-21 17:00:00,10.44,11.54,31.0,122.5,31.0,122.5
2024-12-21 18:00:00,10.54,11.7,31.0,122.5,31.0,122.5
2024-12-21 19:00:00,10.78,12.01,31.0,122.5,31.0,122.5
2024-12-21 20:00:00,10.75,12.03,31.0,122.5,31.0,122.5
2024-12-21 21:00:00,10.47,11.67,31.0,122.5,31.0,122.5
2024-12-21 22:00:00,9.93,10.96,31.0,122.5,31.0,122.5
2024-12-21 23:00:00,10.27,11.37,31.0,122.5,31.0,122.5
2024-12-22 00:00:00,10.03,11.06,31.0,122.5,31.0,122.5
2024-12-22 01:00:00,9.88,10.92,31.0,122.5,31.0,122.5
2024-12-22 02:00:00,9.73,10.77,31.0,122.5,31.0,122.5
2024-12-22 03:00:00,9.53,10.52,31.0,122.5,31.0,122.5
2024-12-22 04:00:00,9.35,10.35,31.0,122.5,31.0,122.5
2024-12-22 05:00:00,9.1,10.01,31.0,122.5,31.0,122.5
2024-12-22 06:00:00,8.91,9.82,31.0,122.5,31.0,122.5
2024-12-22 07:00:00,8.62,9.43,31.0,122.5,31.0,122.5
2024-12-22 08:00:00,8.11,8.87,31.0,122.5,31.0,122.5
2024-12-22 09:00:00,7.59,8.26,31.0,122.5,31.0,122.5
2024-12-22 10:00:00,6.17,6.58,31.0,122.5,31.0,122.5
2024-12-22 11:00:00,6.0,6.48,31.0,122.5,31.0,122.5
2024-12-22 12:00:00,5.59,6.04,31.0,122.5,31.0,122.5
2024-12-22 13:00:00,5.61,6.05,31.0,122.5,31.0,122.5
2024-12-22 14:00:00,5.34,5.72,31.0,122.5,31.0,122.5
2024-12-22 15:00:00,5.83,6.25,31.0,122.5,31.0,122.5
2024-12-22 16:00:00,5.73,6.17,31.0,122.5,31.0,122.5
2024-12-22 17:00:00,5.74,6.22,31.0,122.5,31.0,122.5
2024-12-22 18:00:00,5.45,5.85,31.0,122.5,31.0,122.5
2024-12-22 19:00:00,5.03,5.36,31.0,122.5,31.0,122.5
2024-12-22 20:00:00,5.13,5.45,31.0,122.5,31.0,122.5
2024-12-22 21:00:00,5.24,5.61,31.0,122.5,31.0,122.5
2024-12-22 22:00:00,5.58,5.98,31.0,122.5,31.0,122.5
2024-12-22 23:00:00,6.24,6.72,31.0,122.5,31.0,122.5
2024-12-23 00:00:00,6.02,6.46,31.0,122.5,31.0,122.5
2024-12-23 01:00:00,5.74,6.15,31.0,122.5,31.0,122.5
2024-12-23 02:00:00,6.05,6.5,31.0,122.5,31.0,122.5
2024-12-23 03:00:00,6.38,6.91,31.0,122.5,31.0,122.5
2024-12-23 04:00:00,6.3,6.83,31.0,122.5,31.0,122.5
2024-12-23 05:00:00,6.3,6.78,31.0,122.5,31.0,122.5
2024-12-23 06:00:00,6.2,6.69,31.0,122.5,31.0,122.5
2024-12-23 07:00:00,6.57,7.09,31.0,122.5,31.0,122.5
2024-12-23 08:00:00,6.81,7.39,31.0,122.5,31.0,122.5
2024-12-23 09:00:00,6.94,7.54,31.0,122.5,31.0,122.5
2024-12-23 10:00:00,6.36,6.89,31.0,122.5,31.0,122.5
2024-12-23 11:00:00,6.47,6.99,31.0,122.5,31.0,122.5
2024-12-23 12:00:00,6.36,6.88,31.0,122.5,31.0,122.5
2024-12-23 13:00:00,6.09,6.57,31.0,122.5,31.0,122.5
2024-12-23 14:00:00,6.48,6.95,31.0,122.5,31.0,122.5
2024-12-23 15:00:00,7.02,7.58,31.0,122.5,31.0,122.5
2024-12-23 16:00:00,7.21,7.81,31.0,122.5,31.0,122.5
2024-12-23 17:00:00,7.25,7.91,31.0,122.5,31.0,122.5
2024-12-23 18:00:00,7.2,7.86,31.0,122.5,31.0,122.5
2024-12-23 19:00:00,6.9,7.56,31.0,122.5,31.0,122.5
2024-12-23 20:00:00,6.8,7.41,31.0,122.5,31.0,122.5
2024-12-23 21:00:00,6.59,7.16,31.0,122.5,31.0,122.5
2024-12-23 22:00:00,5.69,6.12,31.0,122.5,31.0,122.5
2024-12-23 23:00:00,5.78,6.25,31.0,122.5,31.0,122.5
2024-12-24 00:00:00,5.37,5.76,31.0,122.5,31.0,122.5
2024-12-24 01:00:00,4.64,4.95,31.0,122.5,31.0,122.5
2024-12-24 02:00:00,3.98,4.23,31.0,122.5,31.0,122.5
2024-12-24 03:00:00,3.65,3.82,31.0,122.5,31.0,122.5
2024-12-24 04:00:00,3.43,3.58,31.0,122.5,31.0,122.5
2024-12-24 05:00:00,3.39,3.52,31.0,122.5,31.0,122.5
2024-12-24 06:00:00,4.33,4.5,31.0,122.5,31.0,122.5
2024-12-24 07:00:00,4.57,4.87,31.0,122.5,31.0,122.5
2024-12-24 08:00:00,4.61,4.9,31.0,122.5,31.0,122.5
2024-12-24 09:00:00,4.54,4.84,31.0,122.5,31.0,122.5
2024-12-24 10:00:00,3.53,3.76,31.0,122.5,31.0,122.5
2024-12-24 11:00:00,3.16,3.4,31.0,122.5,31.0,122.5
2024-12-24 12:00:00,2.91,3.15,31.0,122.5,31.0,122.5
2024-12-24 13:00:00,2.9,3.15,31.0,122.5,31.0,122.5
2024-12-24 14:00:00,3.0,3.31,31.0,122.5,31.0,122.5
2024-12-24 15:00:00,3.49,3.92,31.0,122.5,31.0,122.5
2024-12-24 16:00:00,3.37,3.8,31.0,122.5,31.0,122.5
2024-12-24 17:00:00,3.16,3.66,31.0,122.5,31.0,122.5
2024-12-24 18:00:00,2.86,3.36,31.0,122.5,31.0,122.5
2024-12-24 19:00:00,2.4,2.86,31.0,122.5,31.0,122.5
2024-12-24 20:00:00,2.02,2.45,31.0,122.5,31.0,122.5
2024-12-24 21:00:00,1.51,1.86,31.0,122.5,31.0,122.5
2024-12-24 22:00:00,1.08,1.25,31.0,122.5,31.0,122.5
2024-12-24 23:00:00,1.15,1.32,31.0,122.5,31.0,122.5
2024-12-25 00:00:00,2.3,2.6,31.0,122.5,31.0,122.5
2024-12-25 01:00:00,3.76,4.24,31.0,122.5,31.0,122.5
2024-12-25 02:00:00,4.11,4.68,31.0,122.5,31.0,122.5
2024-12-25 03:00:00,3.54,4.1,31.0,122.5,31.0,122.5
2024-12-25 04:00:00,3.12,3.62,31.0,122.5,31.0,122.5
2024-12-25 05:00:00,2.48,2.95,31.0,122.5,31.0,122.5
2024-12-25 06:00:00,1.2,1.62,31.0,122.5,31.0,122.5
2024-12-25 07:00:00,0.64,0.89,31.0,122.5,31.0,122.5
2024-12-25 08:00:00,0.56,0.81,31.0,122.5,31.0,122.5
2024-12-25 09:00:00,1.63,1.37,31.0,122.5,31.0,122.5
2024-12-25 10:00:00,3.44,3.57,31.0,122.5,31.0,122.5
2024-12-25 11:00:00,3.87,4.13,31.0,122.5,31.0,122.5
2024-12-25 12:00:00,3.92,4.14,31.0,122.5,31.0,122.5
2024-12-25 13:00:00,4.27,4.54,31.0,122.5,31.0,122.5
2024-12-25 14:00:00,4.67,4.99,31.0,122.5,31.0,122.5
2024-12-25 15:00:00,4.86,5.12,31.0,122.5,31.0,122.5
2024-12-25 16:00:00,5.46,5.84,31.0,122.5,31.0,122.5
2024-12-25 17:00:00,6.1,6.59,31.0,122.5,31.0,122.5
2024-12-25 18:00:00,7.37,8.06,31.0,122.5,31.0,122.5
2024-12-25 19:00:00,8.25,9.1,31.0,122.5,31.0,122.5
2024-12-25 20:00:00,8.34,9.3,31.0,122.5,31.0,122.5
2024-12-25 21:00:00,8.27,9.26,31.0,122.5,31.0,122.5
2024-12-25 22:00:00,7.45,8.2,31.0,122.5,31.0,122.5
2024-12-25 23:00:00,7.31,8.0,31.0,122.5,31.0,122.5
2024-12-26 00:00:00,7.31,7.94,31.0,122.5,31.0,122.5
2024-12-26 01:00:00,7.49,8.18,31.0,122.5,31.0,122.5
2024-12-26 02:00:00,7.14,7.78,31.0,122.5,31.0,122.5
2024-12-26 03:00:00,6.81,7.43,31.0,122.5,31.0,122.5
2024-12-26 04:00:00,6.94,7.61,31.0,122.5,31.0,122.5
2024-12-26 05:00:00,7.25,7.98,31.0,122.5,31.0,122.5
2024-12-26 06:00:00,7.69,8.47,31.0,122.5,31.0,122.5
2024-12-26 07:00:00,8.4,9.35,31.0,122.5,31.0,122.5
2024-12-26 08:00:00,9.38,10.53,31.0,122.5,31.0,122.5
2024-12-26 09:00:00,9.89,11.19,31.0,122.5,31.0,122.5
2024-12-26 10:00:00,8.91,10.05,31.0,122.5,31.0,122.5
2024-12-26 11:00:00,8.96,10.01,31.0,122.5,31.0,122.5
2024-12-26 12:00:00,8.43,9.37,31.0,122.5,31.0,122.5
2024-12-26 13:00:00,7.91,8.71,31.0,122.5,31.0,122.5
2024-12-26 14:00:00,7.8,8.55,31.0,122.5,31.0,122.5
2024-12-26 15:00:00,7.96,8.71,31.0,122.5,31.0,122.5
2024-12-26 16:00:00,7.97,8.74,31.0,122.5,31.0,122.5
2024-12-26 17:00:00,7.63,8.35,31.0,122.5,31.0,122.5
2024-12-26 18:00:00,7.57,8.17,31.0,122.5,31.0,122.5
2024-12-26 19:00:00,7.6,8.2,31.0,122.5,31.0,122.5
2024-12-26 20:00:00,7.6,8.21,31.0,122.5,31.0,122.5
2024-12-26 21:00:00,7.46,8.07,31.0,122.5,31.0,122.5
2024-12-26 22:00:00,6.56,7.06,31.0,122.5,31.0,122.5
2024-12-26 23:00:00,6.15,6.55,31.0,122.5,31.0,122.5
2024-12-27 00:00:00,6.6,7.05,31.0,122.5,31.0,122.5
2024-12-27 01:00:00,6.95,7.4,31.0,122.5,31.0,122.5
2024-12-27 02:00:00,6.77,7.21,31.0,122.5,31.0,122.5
2024-12-27 03:00:00,7.23,7.72,31.0,122.5,31.0,122.5
2024-12-27 04:00:00,7.52,8.17,31.0,122.5,31.0,122.5
2024-12-27 05:00:00,7.68,8.26,31.0,122.5,31.0,122.5
2024-12-27 06:00:00,7.88,8.52,31.0,122.5,31.0,122.5
2024-12-27 07:00:00,7.64,8.24,31.0,122.5,31.0,122.5
2024-12-27 08:00:00,7.31,7.86,31.0,122.5,31.0,122.5
2024-12-27 09:00:00,7.51,8.07,31.0,122.5,31.0,122.5
2024-12-27 10:00:00,7.28,7.83,31.0,122.5,31.0,122.5
2024-12-27 11:00:00,7.38,7.96,31.0,122.5,31.0,122.5
2024-12-27 12:00:00,7.55,8.19,31.0,122.5,31.0,122.5
2024-12-27 13:00:00,7.56,8.17,31.0,122.5,31.0,122.5
2024-12-27 14:00:00,7.69,8.33,31.0,122.5,31.0,122.5
2024-12-27 15:00:00,7.51,8.18,31.0,122.5,31.0,122.5
2024-12-27 16:00:00,7.82,8.56,31.0,122.5,31.0,122.5
2024-12-27 17:00:00,9.13,10.08,31.0,122.5,31.0,122.5
2024-12-27 18:00:00,9.55,10.68,31.0,122.5,31.0,122.5
2024-12-27 19:00:00,9.84,11.12,31.0,122.5,31.0,122.5
2024-12-27 20:00:00,10.05,11.41,31.0,122.5,31.0,122.5
2024-12-27 21:00:00,10.45,11.88,31.0,122.5,31.0,122.5
2024-12-27 22:00:00,10.15,11.47,31.0,122.5,31.0,122.5
2024-12-27 23:00:00,9.88,11.02,31.0,122.5,31.0,122.5
2024-12-28 00:00:00,10.19,11.29,31.0,122.5,31.0,122.5
2024-12-28 01:00:00,10.5,11.71,31.0,122.5,31.0,122.5
2024-12-28 02:00:00,10.79,12.1,31.0,122.5,31.0,122.5
2024-12-28 03:00:00,11.0,12.36,31.0,122.5,31.0,122.5
2024-12-28 04:00:00,10.86,12.16,31.0,122.5,31.0,122.5
2024-12-28 05:00:00,10.48,11.74,31.0,122.5,31.0,122.5
2024-12-28 06:00:00,10.11,11.24,31.0,122.5,31.0,122.5
2024-12-28 07:00:00,9.73,10.79,31.0,122.5,31.0,122.5
2024-12-28 08:00:00,9.43,10.36,31.0,122.5,31.0,122.5
2024-12-28 09:00:00,9.24,10.13,31.0,122.5,31.0,122.5
2024-12-28 10:00:00,8.59,9.42,31.0,122.5,31.0,122.5
2024-12-28 11:00:00,8.23,8.92,31.0,122.5,31.0,122.5
2024-12-28 12:00:00,7.65,8.25,31.0,122.5,31.0,122.5
2024-12-28 13:00:00,6.92,7.45,31.0,122.5,31.0,122.5
2024-12-28 14:00:00,6.09,6.51,31.0,122.5,31.0,122.5
2024-12-28 15:00:00,5.58,5.91,31.0,122.5,31.0,122.5
2024-12-28 16:00:00,5.11,5.36,31.0,122.5,31.0,122.5
2024-12-28 17:00:00,4.81,5.02,31.0,122.5,31.0,122.5
2024-12-28 18:00:00,4.89,5.1,31.0,122.5,31.0,122.5
2024-12-28 19:00:00,4.94,5.14,31.0,122.5,31.0,122.5
2024-12-28 20:00:00,4.91,5.15,31.0,122.5,31.0,122.5
2024-12-28 21:00:00,4.98,5.22,31.0,122.5,31.0,122.5
2024-12-28 22:00:00,4.53,4.7,31.0,122.5,31.0,122.5
2024-12-28 23:00:00,3.51,3.63,31.0,122.5,31.0,122.5
2024-12-29 00:00:00,2.32,2.31,31.0,122.5,31.0,122.5
2024-12-29 01:00:00,1.51,1.47,31.0,122.5,31.0,122.5
2024-12-29 02:00:00,1.39,1.34,31.0,122.5,31.0,122.5
2024-12-29 03:00:00,1.7,1.65,31.0,122.5,31.0,122.5
2024-12-29 04:00:00,2.09,2.06,31.0,122.5,31.0,122.5
2024-12-29 05:00:00,1.89,1.86,31.0,122.5,31.0,122.5
2024-12-29 06:00:00,1.53,1.47,31.0,122.5,31.0,122.5
2024-12-29 07:00:00,1.12,1.04,31.0,122.5,31.0,122.5
2024-12-29 08:00:00,1.18,1.14,31.0,122.5,31.0,122.5
2024-12-29 09:00:00,1.41,1.5,31.0,122.5,31.0,122.5
2024-12-29 10:00:00,2.26,2.4,31.0,122.5,31.0,122.5
2024-12-29 11:00:00,3.59,3.83,31.0,122.5,31.0,122.5
2024-12-29 12:00:00,4.71,5.09,31.0,122.5,31.0,122.5
2024-12-29 13:00:00,5.75,6.2,31.0,122.5,31.0,122.5
2024-12-29 14:00:00,6.3,6.9,31.0,122.5,31.0,122.5
2024-12-29 15:00:00,6.85,7.6,31.0,122.5,31.0,122.5
2024-12-29 16:00:00,7.5,8.4,31.0,122.5,31.0,122.5
2024-12-29 17:00:00,8.0,9.15,31.0,122.5,31.0,122.5
2024-12-29 18:00:00,8.15,9.45,31.0,122.5,31.0,122.5
2024-12-29 19:00:00,7.93,9.25,31.0,122.5,31.0,122.5
2024-12-29 20:00:00,7.43,8.95,31.0,122.5,31.0,122.5
2024-12-29 21:00:00,6.78,8.15,31.0,122.5,31.0,122.5
2024-12-29 22:00:00,5.22,6.41,31.0,122.5,31.0,122.5
2024-12-29 23:00:00,4.91,6.02,31.0,122.5,31.0,122.5
2024-12-30 00:00:00,4.88,5.8,31.0,122.5,31.0,122.5
2024-12-30 01:00:00,5.42,6.28,31.0,122.5,31.0,122.5
2024-12-30 02:00:00,5.77,6.54,31.0,122.5,31.0,122.5
2024-12-30 03:00:00,6.0,6.74,31.0,122.5,31.0,122.5
2024-12-30 04:00:00,6.09,6.82,31.0,122.5,31.0,122.5
2024-12-30 05:00:00,6.14,6.89,31.0,122.5,31.0,122.5
2024-12-30 06:00:00,6.07,6.95,31.0,122.5,31.0,122.5
2024-12-30 07:00:00,5.78,6.79,31.0,122.5,31.0,122.5
2024-12-30 08:00:00,5.4,6.47,31.0,122.5,31.0,122.5
2024-12-30 09:00:00,5.5,6.9,31.0,122.5,31.0,122.5
2024-12-30 10:00:00,6.2,7.68,31.0,122.5,31.0,122.5
2024-12-30 11:00:00,6.86,8.45,31.0,122.5,31.0,122.5
2024-12-30 12:00:00,7.16,8.7,31.0,122.5,31.0,122.5
2024-12-30 13:00:00,7.38,8.99,31.0,122.5,31.0,122.5
2024-12-30 14:00:00,7.49,9.2,31.0,122.5,31.0,122.5
2024-12-30 15:00:00,7.49,9.23,31.0,122.5,31.0,122.5
2024-12-30 16:00:00,7.68,9.39,31.0,122.5,31.0,122.5
2024-12-30 17:00:00,7.99,9.51,31.0,122.5,31.0,122.5
2024-12-30 18:00:00,8.7,10.1,31.0,122.5,31.0,122.5
2024-12-30 19:00:00,8.86,10.19,31.0,122.5,31.0,122.5
2024-12-30 20:00:00,8.71,9.92,31.0,122.5,31.0,122.5
2024-12-30 21:00:00,8.86,10.04,31.0,122.5,31.0,122.5
2024-12-30 22:00:00,8.78,9.95,31.0,122.5,31.0,122.5
2024-12-30 23:00:00,8.46,9.55,31.0,122.5,31.0,122.5
2024-12-31 00:00:00,8.21,9.16,31.0,122.5,31.0,122.5
2024-12-31 01:00:00,8.37,9.31,31.0,122.5,31.0,122.5
2024-12-31 02:00:00,8.25,9.16,31.0,122.5,31.0,122.5
2024-12-31 03:00:00,8.01,8.85,31.0,122.5,31.0,122.5
2024-12-31 04:00:00,7.85,8.65,31.0,122.5,31.0,122.5
2024-12-31 05:00:00,7.6,8.34,31.0,122.5,31.0,122.5
2024-12-31 06:00:00,7.48,8.13,31.0,122.5,31.0,122.5
2024-12-31 07:00:00,7.39,8.02,31.0,122.5,31.0,122.5
2024-12-31 08:00:00,7.31,7.95,31.0,122.5,31.0,122.5
2024-12-31 09:00:00,7.05,7.69,31.0,122.5,31.0,122.5
2024-12-31 10:00:00,6.4,6.89,31.0,122.5,31.0,122.5
2024-12-31 11:00:00,6.18,6.63,31.0,122.5,31.0,122.5
2024-12-31 12:00:00,5.95,6.35,31.0,122.5,31.0,122.5
2024-12-31 13:00:00,5.2,5.56,31.0,122.5,31.0,122.5
2024-12-31 14:00:00,4.35,4.61,31.0,122.5,31.0,122.5
2024-12-31 15:00:00,3.81,3.97,31.0,122.5,31.0,122.5
2024-12-31 16:00:00,3.4,3.58,31.0,122.5,31.0,122.5
2024-12-31 17:00:00,2.86,2.96,31.0,122.5,31.0,122.5
2024-12-31 18:00:00,2.35,2.48,31.0,122.5,31.0,122.5
2024-12-31 19:00:00,2.21,2.32,31.0,122.5,31.0,122.5
2024-12-31 20:00:00,2.15,2.27,31.0,122.5,31.0,122.5
2024-12-31 21:00:00,2.05,2.16,31.0,122.5,31.0,122.5
2024-12-31 22:00:00,2.02,2.13,31.0,122.5,31.0,122.5
2024-12-31 23:00:00,2.31,2.46,31.0,122.5,31.0,122.5
