timestamp,wind_speed_10m,wind_speed_100m,requested_latitude,requested_longitude,resolved_latitude,resolved_longitude
2025-01-01 00:00:00,5.14,5.94,-34.0,152.0,-34.0,152.0
2025-01-01 01:00:00,5.43,6.17,-34.0,152.0,-34.0,152.0
2025-01-01 02:00:00,5.76,6.6,-34.0,152.0,-34.0,152.0
2025-01-01 03:00:00,6.42,7.4,-34.0,152.0,-34.0,152.0
2025-01-01 04:00:00,6.88,8.29,-34.0,152.0,-34.0,152.0
2025-01-01 05:00:00,7.43,9.53,-34.0,152.0,-34.0,152.0
2025-01-01 06:00:00,8.16,10.67,-34.0,152.0,-34.0,152.0
2025-01-01 07:00:00,9.06,11.86,-34.0,152.0,-34.0,152.0
2025-01-01 08:00:00,9.65,12.72,-34.0,152.0,-34.0,152.0
2025-01-01 09:00:00,9.78,12.96,-34.0,152.0,-34.0,152.0
2025-01-01 10:00:00,9.06,11.88,-34.0,152.0,-34.0,152.0
2025-01-01 11:00:00,7.68,10.4,-34.0,152.0,-34.0,152.0
2025-01-01 12:00:00,7.12,9.54,-34.0,152.0,-34.0,152.0
2025-01-01 13:00:00,6.02,7.99,-34.0,152.0,-34.0,152.0
2025-01-01 14:00:00,2.82,4.34,-34.0,152.0,-34.0,152.0
2025-01-01 15:00:00,1.81,1.37,-34.0,152.0,-34.0,152.0
2025-01-01 16:00:00,5.16,5.69,-34.0,152.0,-34.0,152.0
2025-01-01 17:00:00,8.2,9.61,-34.0,152.0,-34.0,152.0
2025-01-01 18:00:00,10.43,12.4,-34.0,152.0,-34.0,152.0
2025-01-01 19:00:00,11.23,13.3,-34.0,152.0,-34.0,152.0
2025-01-01 20:00:00,11.31,13.35,-34.0,152.0,-34.0,152.0
2025-01-01 21:00:00,10.97,12.92,-34.0,152.0,-34.0,152.0
2025-01-01 22:00:00,9.71,11.18,-34.0,152.0,-34.0,152.0
2025-01-01 23:00:00,8.86,10.07,-34.0,152.0,-34.0,152.0
2025-01-02 00:00:00,7.97,8.93,-34.0,152.0,-34.0,152.0
2025-01-02 01:00:00,7.34,8.15,-34.0,152.0,-34.0,152.0
2025-01-02 02:00:00,6.84,7.54,-34.0,152.0,-34.0,152.0
2025-01-02 03:00:00,6.6,7.23,-34.0,152.0,-34.0,152.0
2025-01-02 04:00:00,6.83,7.5,-34.0,152.0,-34.0,152.0
2025-01-02 05:00:00,7.37,8.15,-34.0,152.0,-34.0,152.0
2025-01-02 06:00:00,7.64,8.47,-34.0,152.0,-34.0,152.0
2025-01-02 07:00:00,7.54,8.39,-34.0,152.0,-34.0,152.0
2025-01-02 08:00:00,7.27,8.1,-34.0,152.0,-34.0,152.0
2025-01-02 09:00:00,7.04,7.83,-34.0,152.0,-34.0,152.0
2025-01-02 10:00:00,7.05,7.9,-34.0,152.0,-34.0,152.0
2025-01-02 11:00:00,6.42,7.13,-34.0,152.0,-34.0,152.0
2025-01-02 12:00:00,5.99,6.68,-34.0,152.0,-34.0,152.0
2025-01-02 13:00:00,6.09,6.72,-34.0,152.0,-34.0,152.0
2025-01-02 14:00:00,6.22,6.89,-34.0,152.0,-34.0,152.0
2025-01-02 15:00:00,6.4,7.07,-34.0,152.0,-34.0,152.0
2025-01-02 16:00:00,6.59,7.29,-34.0,152.0,-34.0,152.0
2025-01-02 17:00:00,6.62,7.32,-34.0,152.0,-34.0,152.0
2025-01-02 18:00:00,6.56,7.2,-34.0,152.0,-34.0,152.0
2025-01-02 19:00:00,6.7,7.31,-34.0,152.0,-34.0,152.0
2025-01-02 20:00:00,6.59,7.15,-34.0,152.0,-34.0,152.0
2025-01-02 21:00:00,6.42,6.98,-34.0,152.0,-34.0,152.0
2025-01-02 22:00:00,5.98,6.42,-34.0,152.0,-34.0,152.0
2025-01-02 23:00:00,5.71,6.11,-34.0,152.0,-34.0,152.0
2025-01-03 00:00:00,5.74,6.09,-34.0,152.0,-34.0,152.0
2025-01-03 01:00:00,5.46,5.76,-34.0,152.0,-34.0,152.0
2025-01-03 02:00:00,5.35,5.71,-34.0,152.0,-34.0,152.0
2025-01-03 03:00:00,5.66,6.12,-34.0,152.0,-34.0,152.0
2025-01-03 04:00:00,5.8,6.33,-34.0,152.0,-34.0,152.0
2025-01-03 05:00:00,6.09,6.69,-34.0,152.0,-34.0,152.0
2025-01-03 06:00:00,6.77,7.48,-34.0,152.0,-34.0,152.0
2025-01-03 07:00:00,7.2,7.98,-34.0,152.0,-34.0,152.0
2025-01-03 08:00:00,7.11,7.92,-34.0,152.0,-34.0,152.0
2025-01-03 09:00:00,6.95,7.81,-34.0,152.0,-34.0,152.0
2025-01-03 10:00:00,4.47,5.0,-34.0,152.0,-34.0,152.0
2025-01-03 11:00:00,4.52,4.98,-34.0,152.0,-34.0,152.0
2025-01-03 12:00:00,4.62,5.08,-34.0,152.0,-34.0,152.0
2025-01-03 13:00:00,4.53,4.99,-34.0,152.0,-34.0,152.0
2025-01-03 14:00:00,4.53,4.96,-34.0,152.0,-34.0,152.0
2025-01-03 15:00:00,4.5,4.9,-34.0,152.0,-34.0,152.0
2025-01-03 16:00:00,4.55,4.95,-34.0,152.0,-34.0,152.0
2025-01-03 17:00:00,4.8,5.21,-34.0,152.0,-34.0,152.0
2025-01-03 18:00:00,4.88,5.29,-34.0,152.0,-34.0,152.0
2025-01-03 19:00:00,4.86,5.23,-34.0,152.0,-34.0,152.0
2025-01-03 20:00:00,4.77,5.12,-34.0,152.0,-34.0,152.0
2025-01-03 21:00:00,4.8,5.19,-34.0,152.0,-34.0,152.0
2025-01-03 22:00:00,4.03,4.31,-34.0,152.0,-34.0,152.0
2025-01-03 23:00:00,4.53,4.85,-34.0,152.0,-34.0,152.0
2025-01-04 00:00:00,4.83,5.24,-34.0,152.0,-34.0,152.0
2025-01-04 01:00:00,5.48,5.99,-34.0,152.0,-34.0,152.0
2025-01-04 02:00:00,6.29,6.96,-34.0,152.0,-34.0,152.0
2025-01-04 03:00:00,7.04,7.85,-34.0,152.0,-34.0,152.0
2025-01-04 04:00:00,7.56,8.61,-34.0,152.0,-34.0,152.0
2025-01-04 05:00:00,7.91,9.12,-34.0,152.0,-34.0,152.0
2025-01-04 06:00:00,8.25,9.6,-34.0,152.0,-34.0,152.0
2025-01-04 07:00:00,8.51,10.07,-34.0,152.0,-34.0,152.0
2025-01-04 08:00:00,8.6,10.28,-34.0,152.0,-34.0,152.0
2025-01-04 09:00:00,9.11,10.9,-34.0,152.0,-34.0,152.0
2025-01-04 10:00:00,8.72,10.73,-34.0,152.0,-34.0,152.0
2025-01-04 11:00:00,9.04,11.34,-34.0,152.0,-34.0,152.0
2025-01-04 12:00:00,9.3,11.99,-34.0,152.0,-34.0,152.0
2025-01-04 13:00:00,9.22,12.26,-34.0,152.0,-34.0,152.0
2025-01-04 14:00:00,9.31,12.12,-34.0,152.0,-34.0,152.0
2025-01-04 15:00:00,9.17,11.52,-34.0,152.0,-34.0,152.0
2025-01-04 16:00:00,8.7,10.66,-34.0,152.0,-34.0,152.0
2025-01-04 17:00:00,8.41,10.02,-34.0,152.0,-34.0,152.0
2025-01-04 18:00:00,8.37,9.77,-34.0,152.0,-34.0,152.0
2025-01-04 19:00:00,8.89,10.32,-34.0,152.0,-34.0,152.0
2025-01-04 20:00:00,9.52,11.23,-34.0,152.0,-34.0,152.0
2025-01-04 21:00:00,9.82,11.78,-34.0,152.0,-34.0,152.0
2025-01-04 22:00:00,8.33,10.26,-34.0,152.0,-34.0,152.0
2025-01-04 23:00:00,9.13,11.11,-34.0,152.0,-34.0,152.0
2025-01-05 00:00:00,8.58,10.36,-34.0,152.0,-34.0,152.0
2025-01-05 01:00:00,7.48,9.04,-34.0,152.0,-34.0,152.0
2025-01-05 02:00:00,8.65,10.56,-34.0,152.0,-34.0,152.0
2025-01-05 03:00:00,9.44,11.67,-34.0,152.0,-34.0,152.0
2025-01-05 04:00:00,9.41,12.0,-34.0,152.0,-34.0,152.0
2025-01-05 05:00:00,9.23,12.26,-34.0,152.0,-34.0,152.0
2025-01-05 06:00:00,9.1,12.13,-34.0,152.0,-34.0,152.0
2025-01-05 07:00:00,9.32,12.51,-34.0,152.0,-34.0,152.0
2025-01-05 08:00:00,9.25,12.64,-34.0,152.0,-34.0,152.0
2025-01-05 09:00:00,8.7,11.93,-34.0,152.0,-34.0,152.0
2025-01-05 10:00:00,6.11,8.16,-34.0,152.0,-34.0,152.0
2025-01-05 11:00:00,6.59,8.74,-34.0,152.0,-34.0,152.0
2025-01-05 12:00:00,7.47,9.82,-34.0,152.0,-34.0,152.0
2025-01-05 13:00:00,8.01,10.51,-34.0,152.0,-34.0,152.0
2025-01-05 14:00:00,8.23,10.78,-34.0,152.0,-34.0,152.0
2025-01-05 15:00:00,8.54,11.05,-34.0,152.0,-34.0,152.0
2025-01-05 16:00:00,8.49,11.35,-34.0,152.0,-34.0,152.0
2025-01-05 17:00:00,8.94,11.63,-34.0,152.0,-34.0,152.0
2025-01-05 18:00:00,9.27,12.14,-34.0,152.0,-34.0,152.0
2025-01-05 19:00:00,9.21,12.31,-34.0,152.0,-34.0,152.0
2025-01-05 20:00:00,8.86,11.84,-34.0,152.0,-34.0,152.0
2025-01-05 21:00:00,8.73,11.37,-34.0,152.0,-34.0,152.0
2025-01-05 22:00:00,7.75,10.26,-34.0,152.0,-34.0,152.0
2025-01-05 23:00:00,7.56,9.67,-34.0,152.0,-34.0,152.0
2025-01-06 00:00:00,7.41,9.28,-34.0,152.0,-34.0,152.0
2025-01-06 01:00:00,7.46,9.28,-34.0,152.0,-34.0,152.0
2025-01-06 02:00:00,8.16,10.33,-34.0,152.0,-34.0,152.0
2025-01-06 03:00:00,8.83,11.48,-34.0,152.0,-34.0,152.0
2025-01-06 04:00:00,9.31,12.28,-34.0,152.0,-34.0,152.0
2025-01-06 05:00:00,9.89,13.16,-34.0,152.0,-34.0,152.0
2025-01-06 06:00:00,10.28,13.78,-34.0,152.0,-34.0,152.0
2025-01-06 07:00:00,10.0,13.55,-34.0,152.0,-34.0,152.0
2025-01-06 08:00:00,9.05,12.4,-34.0,152.0,-34.0,152.0
2025-01-06 09:00:00,8.56,11.83,-34.0,152.0,-34.0,152.0
2025-01-06 10:00:00,3.51,5.21,-34.0,152.0,-34.0,152.0
2025-01-06 11:00:00,2.87,2.16,-34.0,152.0,-34.0,152.0
2025-01-06 12:00:00,6.87,8.19,-34.0,152.0,-34.0,152.0
2025-01-06 13:00:00,7.23,8.68,-34.0,152.0,-34.0,152.0
2025-01-06 14:00:00,8.39,9.72,-34.0,152.0,-34.0,152.0
2025-01-06 15:00:00,8.23,9.19,-34.0,152.0,-34.0,152.0
2025-01-06 16:00:00,6.26,6.9,-34.0,152.0,-34.0,152.0
2025-01-06 17:00:00,3.73,3.78,-34.0,152.0,-34.0,152.0
2025-01-06 18:00:00,2.38,2.46,-34.0,152.0,-34.0,152.0
2025-01-06 19:00:00,4.61,5.37,-34.0,152.0,-34.0,152.0
2025-01-06 20:00:00,8.94,10.47,-34.0,152.0,-34.0,152.0
2025-01-06 21:00:00,9.5,11.23,-34.0,152.0,-34.0,152.0
2025-01-06 22:00:00,9.33,10.88,-34.0,152.0,-34.0,152.0
2025-01-06 23:00:00,8.42,9.77,-34.0,152.0,-34.0,152.0
2025-01-07 00:00:00,7.85,9.1,-34.0,152.0,-34.0,152.0
2025-01-07 01:00:00,9.91,11.75,-34.0,152.0,-34.0,152.0
2025-01-07 02:00:00,12.11,14.29,-34.0,152.0,-34.0,152.0
2025-01-07 03:00:00,11.13,13.03,-34.0,152.0,-34.0,152.0
2025-01-07 04:00:00,10.3,11.96,-34.0,152.0,-34.0,152.0
2025-01-07 05:00:00,10.33,11.97,-34.0,152.0,-34.0,152.0
2025-01-07 06:00:00,10.48,12.13,-34.0,152.0,-34.0,152.0
2025-01-07 07:00:00,10.67,12.38,-34.0,152.0,-34.0,152.0
2025-01-07 08:00:00,10.9,12.59,-34.0,152.0,-34.0,152.0
2025-01-07 09:00:00,11.15,12.91,-34.0,152.0,-34.0,152.0
2025-01-07 10:00:00,12.15,14.37,-34.0,152.0,-34.0,152.0
2025-01-07 11:00:00,11.4,13.38,-34.0,152.0,-34.0,152.0
2025-01-07 12:00:00,11.21,13.08,-34.0,152.0,-34.0,152.0
2025-01-07 13:00:00,10.95,12.72,-34.0,152.0,-34.0,152.0
2025-01-07 14:00:00,10.76,12.42,-34.0,152.0,-34.0,152.0
2025-01-07 15:00:00,10.88,12.53,-34.0,152.0,-34.0,152.0
2025-01-07 16:00:00,10.82,12.37,-34.0,152.0,-34.0,152.0
2025-01-07 17:00:00,10.38,11.95,-34.0,152.0,-34.0,152.0
2025-01-07 18:00:00,10.53,12.05,-34.0,152.0,-34.0,152.0
2025-01-07 19:00:00,10.83,12.47,-34.0,152.0,-34.0,152.0
2025-01-07 20:00:00,10.61,12.18,-34.0,152.0,-34.0,152.0
2025-01-07 21:00:00,10.48,12.08,-34.0,152.0,-34.0,152.0
2025-01-07 22:00:00,11.35,13.22,-34.0,152.0,-34.0,152.0
2025-01-07 23:00:00,10.0,11.34,-34.0,152.0,-34.0,152.0
2025-01-08 00:00:00,11.5,12.98,-34.0,152.0,-34.0,152.0
2025-01-08 01:00:00,12.71,14.44,-34.0,152.0,-34.0,152.0
2025-01-08 02:00:00,13.81,15.82,-34.0,152.0,-34.0,152.0
2025-01-08 03:00:00,13.23,15.18,-34.0,152.0,-34.0,152.0
2025-01-08 04:00:00,10.35,11.71,-34.0,152.0,-34.0,152.0
2025-01-08 05:00:00,9.15,10.15,-34.0,152.0,-34.0,152.0
2025-01-08 06:00:00,7.77,8.57,-34.0,152.0,-34.0,152.0
2025-01-08 07:00:00,6.56,7.27,-34.0,152.0,-34.0,152.0
2025-01-08 08:00:00,6.48,7.2,-34.0,152.0,-34.0,152.0
2025-01-08 09:00:00,6.26,6.9,-34.0,152.0,-34.0,152.0
2025-01-08 10:00:00,8.71,9.74,-34.0,152.0,-34.0,152.0
2025-01-08 11:00:00,8.13,8.96,-34.0,152.0,-34.0,152.0
2025-01-08 12:00:00,7.78,8.63,-34.0,152.0,-34.0,152.0
2025-01-08 13:00:00,7.54,8.42,-34.0,152.0,-34.0,152.0
2025-01-08 14:00:00,7.28,8.17,-34.0,152.0,-34.0,152.0
2025-01-08 15:00:00,7.33,8.12,-34.0,152.0,-34.0,152.0
2025-01-08 16:00:00,7.04,7.83,-34.0,152.0,-34.0,152.0
2025-01-08 17:00:00,6.59,7.32,-34.0,152.0,-34.0,152.0
2025-01-08 18:00:00,6.92,7.67,-34.0,152.0,-34.0,152.0
2025-01-08 19:00:00,6.89,7.71,-34.0,152.0,-34.0,152.0
2025-01-08 20:00:00,6.88,7.66,-34.0,152.0,-34.0,152.0
2025-01-08 21:00:00,7.28,7.99,-34.0,152.0,-34.0,152.0
2025-01-08 22:00:00,6.39,7.11,-34.0,152.0,-34.0,152.0
2025-01-08 23:00:00,6.77,7.43,-34.0,152.0,-34.0,152.0
2025-01-09 00:00:00,6.5,7.15,-34.0,152.0,-34.0,152.0
2025-01-09 01:00:00,5.35,5.8,-34.0,152.0,-34.0,152.0
2025-01-09 02:00:00,4.78,5.14,-34.0,152.0,-34.0,152.0
2025-01-09 03:00:00,5.45,5.87,-34.0,152.0,-34.0,152.0
2025-01-09 04:00:00,5.47,5.98,-34.0,152.0,-34.0,152.0
2025-01-09 05:00:00,5.48,6.02,-34.0,152.0,-34.0,152.0
2025-01-09 06:00:00,6.05,6.71,-34.0,152.0,-34.0,152.0
2025-01-09 07:00:00,6.59,7.41,-34.0,152.0,-34.0,152.0
2025-01-09 08:00:00,6.33,7.24,-34.0,152.0,-34.0,152.0
2025-01-09 09:00:00,6.11,6.95,-34.0,152.0,-34.0,152.0
2025-01-09 10:00:00,3.74,4.49,-34.0,152.0,-34.0,152.0
2025-01-09 11:00:00,3.63,4.02,-34.0,152.0,-34.0,152.0
2025-01-09 12:00:00,3.26,3.64,-34.0,152.0,-34.0,152.0
2025-01-09 13:00:00,3.22,3.67,-34.0,152.0,-34.0,152.0
2025-01-09 14:00:00,3.94,4.39,-34.0,152.0,-34.0,152.0
2025-01-09 15:00:00,4.43,4.79,-34.0,152.0,-34.0,152.0
2025-01-09 16:00:00,4.68,5.08,-34.0,152.0,-34.0,152.0
2025-01-09 17:00:00,4.35,4.74,-34.0,152.0,-34.0,152.0
2025-01-09 18:00:00,3.6,3.96,-34.0,152.0,-34.0,152.0
2025-01-09 19:00:00,3.52,3.86,-34.0,152.0,-34.0,152.0
2025-01-09 20:00:00,3.88,4.21,-34.0,152.0,-34.0,152.0
2025-01-09 21:00:00,4.11,4.47,-34.0,152.0,-34.0,152.0
2025-01-09 22:00:00,2.93,3.66,-34.0,152.0,-34.0,152.0
2025-01-09 23:00:00,3.03,3.58,-34.0,152.0,-34.0,152.0
2025-01-10 00:00:00,4.26,4.8,-34.0,152.0,-34.0,152.0
2025-01-10 01:00:00,4.52,5.17,-34.0,152.0,-34.0,152.0
2025-01-10 02:00:00,4.72,5.42,-34.0,152.0,-34.0,152.0
2025-01-10 03:00:00,4.97,5.83,-34.0,152.0,-34.0,152.0
2025-01-10 04:00:00,5.4,6.53,-34.0,152.0,-34.0,152.0
2025-01-10 05:00:00,5.94,7.27,-34.0,152.0,-34.0,152.0
2025-01-10 06:00:00,6.26,7.85,-34.0,152.0,-34.0,152.0
2025-01-10 07:00:00,6.54,8.05,-34.0,152.0,-34.0,152.0
2025-01-10 08:00:00,6.63,7.94,-34.0,152.0,-34.0,152.0
2025-01-10 09:00:00,6.72,8.06,-34.0,152.0,-34.0,152.0
2025-01-10 10:00:00,6.89,8.5,-34.0,152.0,-34.0,152.0
2025-01-10 11:00:00,7.91,9.32,-34.0,152.0,-34.0,152.0
2025-01-10 12:00:00,7.89,9.28,-34.0,152.0,-34.0,152.0
2025-01-10 13:00:00,7.72,9.04,-34.0,152.0,-34.0,152.0
2025-01-10 14:00:00,7.66,8.87,-34.0,152.0,-34.0,152.0
2025-01-10 15:00:00,7.38,8.4,-34.0,152.0,-34.0,152.0
2025-01-10 16:00:00,7.12,8.04,-34.0,152.0,-34.0,152.0
2025-01-10 17:00:00,6.73,7.54,-34.0,152.0,-34.0,152.0
2025-01-10 18:00:00,6.79,7.61,-34.0,152.0,-34.0,152.0
2025-01-10 19:00:00,5.8,6.46,-34.0,152.0,-34.0,152.0
2025-01-10 20:00:00,5.53,6.12,-34.0,152.0,-34.0,152.0
2025-01-10 21:00:00,5.32,5.88,-34.0,152.0,-34.0,152.0
2025-01-10 22:00:00,4.84,6.16,-34.0,152.0,-34.0,152.0
2025-01-10 23:00:00,5.29,6.53,-34.0,152.0,-34.0,152.0
2025-01-11 00:00:00,6.37,7.41,-34.0,152.0,-34.0,152.0
2025-01-11 01:00:00,6.62,7.51,-34.0,152.0,-34.0,152.0
2025-01-11 02:00:00,5.91,6.62,-34.0,152.0,-34.0,152.0
2025-01-11 03:00:00,5.1,5.78,-34.0,152.0,-34.0,152.0
2025-01-11 04:00:00,5.04,5.73,-34.0,152.0,-34.0,152.0
2025-01-11 05:00:00,5.3,6.1,-34.0,152.0,-34.0,152.0
2025-01-11 06:00:00,6.12,7.12,-34.0,152.0,-34.0,152.0
2025-01-11 07:00:00,6.36,7.6,-34.0,152.0,-34.0,152.0
2025-01-11 08:00:00,6.51,7.82,-34.0,152.0,-34.0,152.0
2025-01-11 09:00:00,6.37,7.68,-34.0,152.0,-34.0,152.0
2025-01-11 10:00:00,6.17,8.01,-34.0,152.0,-34.0,152.0
2025-01-11 11:00:00,6.05,7.83,-34.0,152.0,-34.0,152.0
2025-01-11 12:00:00,6.23,8.03,-34.0,152.0,-34.0,152.0
2025-01-11 13:00:00,6.99,8.89,-34.0,152.0,-34.0,152.0
2025-01-11 14:00:00,7.13,8.89,-34.0,152.0,-34.0,152.0
2025-01-11 15:00:00,7.27,8.74,-34.0,152.0,-34.0,152.0
2025-01-11 16:00:00,7.78,9.19,-34.0,152.0,-34.0,152.0
2025-01-11 17:00:00,7.89,9.25,-34.0,152.0,-34.0,152.0
2025-01-11 18:00:00,8.22,9.6,-34.0,152.0,-34.0,152.0
2025-01-11 19:00:00,8.76,10.2,-34.0,152.0,-34.0,152.0
2025-01-11 20:00:00,8.48,9.83,-34.0,152.0,-34.0,152.0
2025-01-11 21:00:00,7.85,9.0,-34.0,152.0,-34.0,152.0
2025-01-11 22:00:00,5.74,6.78,-34.0,152.0,-34.0,152.0
2025-01-11 23:00:00,6.88,8.03,-34.0,152.0,-34.0,152.0
2025-01-12 00:00:00,7.45,8.63,-34.0,152.0,-34.0,152.0
2025-01-12 01:00:00,7.65,8.88,-34.0,152.0,-34.0,152.0
2025-01-12 02:00:00,7.93,9.21,-34.0,152.0,-34.0,152.0
2025-01-12 03:00:00,8.29,9.54,-34.0,152.0,-34.0,152.0
2025-01-12 04:00:00,8.14,9.45,-34.0,152.0,-34.0,152.0
2025-01-12 05:00:00,8.53,9.97,-34.0,152.0,-34.0,152.0
2025-01-12 06:00:00,9.37,11.21,-34.0,152.0,-34.0,152.0
2025-01-12 07:00:00,9.46,11.59,-34.0,152.0,-34.0,152.0
2025-01-12 08:00:00,9.41,11.87,-34.0,152.0,-34.0,152.0
2025-01-12 09:00:00,9.07,11.35,-34.0,152.0,-34.0,152.0
2025-01-12 10:00:00,8.97,11.37,-34.0,152.0,-34.0,152.0
2025-01-12 11:00:00,8.03,10.2,-34.0,152.0,-34.0,152.0
2025-01-12 12:00:00,7.24,9.24,-34.0,152.0,-34.0,152.0
2025-01-12 13:00:00,6.76,8.69,-34.0,152.0,-34.0,152.0
2025-01-12 14:00:00,6.76,8.42,-34.0,152.0,-34.0,152.0
2025-01-12 15:00:00,7.54,8.94,-34.0,152.0,-34.0,152.0
2025-01-12 16:00:00,8.4,9.72,-34.0,152.0,-34.0,152.0
2025-01-12 17:00:00,8.92,10.39,-34.0,152.0,-34.0,152.0
2025-01-12 18:00:00,9.16,10.7,-34.0,152.0,-34.0,152.0
2025-01-12 19:00:00,9.37,11.09,-34.0,152.0,-34.0,152.0
2025-01-12 20:00:00,9.7,11.47,-34.0,152.0,-34.0,152.0
2025-01-12 21:00:00,9.77,11.56,-34.0,152.0,-34.0,152.0
2025-01-12 22:00:00,8.13,9.63,-34.0,152.0,-34.0,152.0
2025-01-12 23:00:00,7.79,9.43,-34.0,152.0,-34.0,152.0
2025-01-13 00:00:00,6.77,8.25,-34.0,152.0,-34.0,152.0
2025-01-13 01:00:00,6.49,7.81,-34.0,152.0,-34.0,152.0
2025-01-13 02:00:00,6.34,7.44,-34.0,152.0,-34.0,152.0
2025-01-13 03:00:00,5.89,6.85,-34.0,152.0,-34.0,152.0
2025-01-13 04:00:00,5.74,6.6,-34.0,152.0,-34.0,152.0
2025-01-13 05:00:00,6.49,7.73,-34.0,152.0,-34.0,152.0
2025-01-13 06:00:00,7.07,9.03,-34.0,152.0,-34.0,152.0
2025-01-13 07:00:00,7.92,10.23,-34.0,152.0,-34.0,152.0
2025-01-13 08:00:00,8.27,10.74,-34.0,152.0,-34.0,152.0
2025-01-13 09:00:00,8.54,11.05,-34.0,152.0,-34.0,152.0
2025-01-13 10:00:00,8.87,11.47,-34.0,152.0,-34.0,152.0
2025-01-13 11:00:00,8.52,11.11,-34.0,152.0,-34.0,152.0
2025-01-13 12:00:00,8.22,10.79,-34.0,152.0,-34.0,152.0
2025-01-13 13:00:00,8.17,10.78,-34.0,152.0,-34.0,152.0
2025-01-13 14:00:00,8.34,10.97,-34.0,152.0,-34.0,152.0
2025-01-13 15:00:00,8.13,10.64,-34.0,152.0,-34.0,152.0
2025-01-13 16:00:00,8.13,10.58,-34.0,152.0,-34.0,152.0
2025-01-13 17:00:00,7.79,10.43,-34.0,152.0,-34.0,152.0
2025-01-13 18:00:00,7.59,10.11,-34.0,152.0,-34.0,152.0
2025-01-13 19:00:00,6.93,9.21,-34.0,152.0,-34.0,152.0
2025-01-13 20:00:00,6.56,8.47,-34.0,152.0,-34.0,152.0
2025-01-13 21:00:00,6.48,8.12,-34.0,152.0,-34.0,152.0
2025-01-13 22:00:00,6.91,9.19,-34.0,152.0,-34.0,152.0
2025-01-13 23:00:00,5.61,7.67,-34.0,152.0,-34.0,152.0
2025-01-14 00:00:00,5.07,6.37,-34.0,152.0,-34.0,152.0
2025-01-14 01:00:00,5.05,5.95,-34.0,152.0,-34.0,152.0
2025-01-14 02:00:00,5.71,6.61,-34.0,152.0,-34.0,152.0
2025-01-14 03:00:00,5.36,6.38,-34.0,152.0,-34.0,152.0
2025-01-14 04:00:00,5.87,7.05,-34.0,152.0,-34.0,152.0
2025-01-14 05:00:00,6.53,8.48,-34.0,152.0,-34.0,152.0
2025-01-14 06:00:00,7.05,9.24,-34.0,152.0,-34.0,152.0
2025-01-14 07:00:00,7.71,10.12,-34.0,152.0,-34.0,152.0
2025-01-14 08:00:00,8.39,11.07,-34.0,152.0,-34.0,152.0
2025-01-14 09:00:00,8.93,11.8,-34.0,152.0,-34.0,152.0
2025-01-14 10:00:00,9.1,12.01,-34.0,152.0,-34.0,152.0
2025-01-14 11:00:00,7.76,10.51,-34.0,152.0,-34.0,152.0
2025-01-14 12:00:00,7.01,9.59,-34.0,152.0,-34.0,152.0
2025-01-14 13:00:00,6.54,8.88,-34.0,152.0,-34.0,152.0
2025-01-14 14:00:00,6.18,8.32,-34.0,152.0,-34.0,152.0
2025-01-14 15:00:00,5.97,8.11,-34.0,152.0,-34.0,152.0
2025-01-14 16:00:00,5.89,7.96,-34.0,152.0,-34.0,152.0
2025-01-14 17:00:00,6.43,8.64,-34.0,152.0,-34.0,152.0
2025-01-14 18:00:00,7.11,9.42,-34.0,152.0,-34.0,152.0
2025-01-14 19:00:00,7.47,9.88,-34.0,152.0,-34.0,152.0
2025-01-14 20:00:00,7.5,10.01,-34.0,152.0,-34.0,152.0
2025-01-14 21:00:00,7.34,9.88,-34.0,152.0,-34.0,152.0
2025-01-14 22:00:00,7.62,10.2,-34.0,152.0,-34.0,152.0
2025-01-14 23:00:00,7.73,10.2,-34.0,152.0,-34.0,152.0
2025-01-15 00:00:00,8.34,10.85,-34.0,152.0,-34.0,152.0
2025-01-15 01:00:00,8.37,10.88,-34.0,152.0,-34.0,152.0
2025-01-15 02:00:00,8.37,11.01,-34.0,152.0,-34.0,152.0
2025-01-15 03:00:00,9.28,12.28,-34.0,152.0,-34.0,152.0
2025-01-15 04:00:00,9.55,12.75,-34.0,152.0,-34.0,152.0
2025-01-15 05:00:00,9.78,13.22,-34.0,152.0,-34.0,152.0
2025-01-15 06:00:00,10.32,14.01,-34.0,152.0,-34.0,152.0
2025-01-15 07:00:00,12.03,16.16,-34.0,152.0,-34.0,152.0
2025-01-15 08:00:00,12.73,17.12,-34.0,152.0,-34.0,152.0
2025-01-15 09:00:00,11.87,16.14,-34.0,152.0,-34.0,152.0
2025-01-15 10:00:00,9.28,12.36,-34.0,152.0,-34.0,152.0
2025-01-15 11:00:00,7.98,10.68,-34.0,152.0,-34.0,152.0
2025-01-15 12:00:00,6.42,8.74,-34.0,152.0,-34.0,152.0
2025-01-15 13:00:00,4.5,4.66,-34.0,152.0,-34.0,152.0
2025-01-15 14:00:00,6.77,7.5,-34.0,152.0,-34.0,152.0
2025-01-15 15:00:00,9.62,11.78,-34.0,152.0,-34.0,152.0
2025-01-15 16:00:00,9.46,11.81,-34.0,152.0,-34.0,152.0
2025-01-15 17:00:00,7.87,10.0,-34.0,152.0,-34.0,152.0
2025-01-15 18:00:00,7.84,9.7,-34.0,152.0,-34.0,152.0
2025-01-15 19:00:00,6.69,8.54,-34.0,152.0,-34.0,152.0
2025-01-15 20:00:00,4.81,6.06,-34.0,152.0,-34.0,152.0
2025-01-15 21:00:00,12.26,15.35,-34.0,152.0,-34.0,152.0
2025-01-15 22:00:00,15.37,18.97,-34.0,152.0,-34.0,152.0
2025-01-15 23:00:00,13.23,16.33,-34.0,152.0,-34.0,152.0
2025-01-16 00:00:00,12.96,15.71,-34.0,152.0,-34.0,152.0
2025-01-16 01:00:00,14.17,17.0,-34.0,152.0,-34.0,152.0
2025-01-16 02:00:00,16.23,19.61,-34.0,152.0,-34.0,152.0
2025-01-16 03:00:00,15.67,19.15,-34.0,152.0,-34.0,152.0
2025-01-16 04:00:00,14.42,17.53,-34.0,152.0,-34.0,152.0
2025-01-16 05:00:00,13.86,16.49,-34.0,152.0,-34.0,152.0
2025-01-16 06:00:00,14.15,16.75,-34.0,152.0,-34.0,152.0
2025-01-16 07:00:00,14.11,16.83,-34.0,152.0,-34.0,152.0
2025-01-16 08:00:00,14.77,17.65,-34.0,152.0,-34.0,152.0
2025-01-16 09:00:00,16.73,20.24,-34.0,152.0,-34.0,152.0
2025-01-16 10:00:00,15.88,19.36,-34.0,152.0,-34.0,152.0
2025-01-16 11:00:00,15.44,18.71,-34.0,152.0,-34.0,152.0
2025-01-16 12:00:00,15.51,18.73,-34.0,152.0,-34.0,152.0
2025-01-16 13:00:00,15.87,19.31,-34.0,152.0,-34.0,152.0
2025-01-16 14:00:00,16.34,19.99,-34.0,152.0,-34.0,152.0
2025-01-16 15:00:00,17.22,21.11,-34.0,152.0,-34.0,152.0
2025-01-16 16:00:00,17.01,21.0,-34.0,152.0,-34.0,152.0
2025-01-16 17:00:00,16.83,20.69,-34.0,152.0,-34.0,152.0
2025-01-16 18:00:00,17.18,21.05,-34.0,152.0,-34.0,152.0
2025-01-16 19:00:00,16.81,20.73,-34.0,152.0,-34.0,152.0
2025-01-16 20:00:00,17.92,22.16,-34.0,152.0,-34.0,152.0
2025-01-16 21:00:00,18.15,22.56,-34.0,152.0,-34.0,152.0
2025-01-16 22:00:00,15.55,18.87,-34.0,152.0,-34.0,152.0
2025-01-16 23:00:00,15.55,18.79,-34.0,152.0,-34.0,152.0
2025-01-17 00:00:00,16.11,19.51,-34.0,152.0,-34.0,152.0
2025-01-17 01:00:00,17.95,21.95,-34.0,152.0,-34.0,152.0
2025-01-17 02:00:00,17.8,22.2,-34.0,152.0,-34.0,152.0
2025-01-17 03:00:00,18.35,22.91,-34.0,152.0,-34.0,152.0
2025-01-17 04:00:00,17.55,21.9,-34.0,152.0,-34.0,152.0
2025-01-17 05:00:00,17.15,21.3,-34.0,152.0,-34.0,152.0
2025-01-17 06:00:00,17.1,21.05,-34.0,152.0,-34.0,152.0
2025-01-17 07:00:00,17.6,21.61,-34.0,152.0,-34.0,152.0
2025-01-17 08:00:00,17.42,21.48,-34.0,152.0,-34.0,152.0
2025-01-17 09:00:00,16.73,20.69,-34.0,152.0,-34.0,152.0
2025-01-17 10:00:00,16.1,20.09,-34.0,152.0,-34.0,152.0
2025-01-17 11:00:00,16.14,19.7,-34.0,152.0,-34.0,152.0
2025-01-17 12:00:00,15.55,18.9,-34.0,152.0,-34.0,152.0
2025-01-17 13:00:00,15.5,18.8,-34.0,152.0,-34.0,152.0
2025-01-17 14:00:00,15.36,18.61,-34.0,152.0,-34.0,152.0
2025-01-17 15:00:00,14.79,17.87,-34.0,152.0,-34.0,152.0
2025-01-17 16:00:00,14.06,16.85,-34.0,152.0,-34.0,152.0
2025-01-17 17:00:00,12.97,15.49,-34.0,152.0,-34.0,152.0
2025-01-17 18:00:00,12.0,14.29,-34.0,152.0,-34.0,152.0
2025-01-17 19:00:00,11.45,13.55,-34.0,152.0,-34.0,152.0
2025-01-17 20:00:00,11.28,13.43,-34.0,152.0,-34.0,152.0
2025-01-17 21:00:00,11.29,13.42,-34.0,152.0,-34.0,152.0
2025-01-17 22:00:00,10.53,13.4,-34.0,152.0,-34.0,152.0
2025-01-17 23:00:00,10.65,13.23,-34.0,152.0,-34.0,152.0
2025-01-18 00:00:00,10.37,12.95,-34.0,152.0,-34.0,152.0
2025-01-18 01:00:00,9.41,11.92,-34.0,152.0,-34.0,152.0
2025-01-18 02:00:00,9.33,11.59,-34.0,152.0,-34.0,152.0
2025-01-18 03:00:00,9.67,11.78,-34.0,152.0,-34.0,152.0
2025-01-18 04:00:00,9.53,11.5,-34.0,152.0,-34.0,152.0
2025-01-18 05:00:00,9.65,11.44,-34.0,152.0,-34.0,152.0
2025-01-18 06:00:00,9.74,11.47,-34.0,152.0,-34.0,152.0
2025-01-18 07:00:00,10.01,11.86,-34.0,152.0,-34.0,152.0
2025-01-18 08:00:00,10.16,12.15,-34.0,152.0,-34.0,152.0
2025-01-18 09:00:00,10.55,12.65,-34.0,152.0,-34.0,152.0
2025-01-18 10:00:00,9.6,12.35,-34.0,152.0,-34.0,152.0
2025-01-18 11:00:00,10.79,13.1,-34.0,152.0,-34.0,152.0
2025-01-18 12:00:00,11.76,14.15,-34.0,152.0,-34.0,152.0
2025-01-18 13:00:00,11.78,14.08,-34.0,152.0,-34.0,152.0
2025-01-18 14:00:00,11.41,13.53,-34.0,152.0,-34.0,152.0
2025-01-18 15:00:00,11.23,13.06,-34.0,152.0,-34.0,152.0
2025-01-18 16:00:00,10.56,12.17,-34.0,152.0,-34.0,152.0
2025-01-18 17:00:00,10.16,11.53,-34.0,152.0,-34.0,152.0
2025-01-18 18:00:00,9.82,11.14,-34.0,152.0,-34.0,152.0
2025-01-18 19:00:00,9.43,10.68,-34.0,152.0,-34.0,152.0
2025-01-18 20:00:00,9.4,10.59,-34.0,152.0,-34.0,152.0
2025-01-18 21:00:00,9.4,10.6,-34.0,152.0,-34.0,152.0
2025-01-18 22:00:00,8.95,10.07,-34.0,152.0,-34.0,152.0
2025-01-18 23:00:00,8.55,9.55,-34.0,152.0,-34.0,152.0
2025-01-19 00:00:00,8.35,9.28,-34.0,152.0,-34.0,152.0
2025-01-19 01:00:00,8.5,9.48,-34.0,152.0,-34.0,152.0
2025-01-19 02:00:00,8.73,9.75,-34.0,152.0,-34.0,152.0
2025-01-19 03:00:00,8.87,9.94,-34.0,152.0,-34.0,152.0
2025-01-19 04:00:00,8.79,9.85,-34.0,152.0,-34.0,152.0
2025-01-19 05:00:00,8.59,9.65,-34.0,152.0,-34.0,152.0
2025-01-19 06:00:00,8.5,9.52,-34.0,152.0,-34.0,152.0
2025-01-19 07:00:00,8.55,9.53,-34.0,152.0,-34.0,152.0
2025-01-19 08:00:00,8.46,9.48,-34.0,152.0,-34.0,152.0
2025-01-19 09:00:00,8.25,9.23,-34.0,152.0,-34.0,152.0
2025-01-19 10:00:00,8.3,9.35,-34.0,152.0,-34.0,152.0
2025-01-19 11:00:00,8.22,9.27,-34.0,152.0,-34.0,152.0
2025-01-19 12:00:00,8.12,9.11,-34.0,152.0,-34.0,152.0
2025-01-19 13:00:00,7.61,8.46,-34.0,152.0,-34.0,152.0
2025-01-19 14:00:00,6.88,7.56,-34.0,152.0,-34.0,152.0
2025-01-19 15:00:00,6.47,7.08,-34.0,152.0,-34.0,152.0
2025-01-19 16:00:00,6.3,6.86,-34.0,152.0,-34.0,152.0
2025-01-19 17:00:00,6.17,6.71,-34.0,152.0,-34.0,152.0
2025-01-19 18:00:00,5.71,6.15,-34.0,152.0,-34.0,152.0
2025-01-19 19:00:00,5.0,5.33,-34.0,152.0,-34.0,152.0
2025-01-19 20:00:00,5.06,5.4,-34.0,152.0,-34.0,152.0
2025-01-19 21:00:00,5.51,5.89,-34.0,152.0,-34.0,152.0
2025-01-19 22:00:00,6.03,6.42,-34.0,152.0,-34.0,152.0
2025-01-19 23:00:00,6.27,6.72,-34.0,152.0,-34.0,152.0
2025-01-20 00:00:00,5.71,6.15,-34.0,152.0,-34.0,152.0
2025-01-20 01:00:00,4.86,5.15,-34.0,152.0,-34.0,152.0
2025-01-20 02:00:00,4.57,4.81,-34.0,152.0,-34.0,152.0
2025-01-20 03:00:00,4.65,4.88,-34.0,152.0,-34.0,152.0
2025-01-20 04:00:00,4.46,4.7,-34.0,152.0,-34.0,152.0
2025-01-20 05:00:00,4.07,4.29,-34.0,152.0,-34.0,152.0
2025-01-20 06:00:00,3.67,3.81,-34.0,152.0,-34.0,152.0
2025-01-20 07:00:00,3.4,3.58,-34.0,152.0,-34.0,152.0
2025-01-20 08:00:00,3.29,3.5,-34.0,152.0,-34.0,152.0
2025-01-20 09:00:00,3.18,3.4,-34.0,152.0,-34.0,152.0
2025-01-20 10:00:00,1.84,1.89,-34.0,152.0,-34.0,152.0
2025-01-20 11:00:00,1.3,1.3,-34.0,152.0,-34.0,152.0
2025-01-20 12:00:00,0.85,0.87,-34.0,152.0,-34.0,152.0
2025-01-20 13:00:00,1.56,1.45,-34.0,152.0,-34.0,152.0
2025-01-20 14:00:00,2.52,2.48,-34.0,152.0,-34.0,152.0
2025-01-20 15:00:00,2.41,2.37,-34.0,152.0,-34.0,152.0
2025-01-20 16:00:00,2.12,2.12,-34.0,152.0,-34.0,152.0
2025-01-20 17:00:00,1.95,1.94,-34.0,152.0,-34.0,152.0
2025-01-20 18:00:00,1.73,1.7,-34.0,152.0,-34.0,152.0
2025-01-20 19:00:00,1.41,1.45,-34.0,152.0,-34.0,152.0
2025-01-20 20:00:00,1.45,1.45,-34.0,152.0,-34.0,152.0
2025-01-20 21:00:00,1.4,1.4,-34.0,152.0,-34.0,152.0
2025-01-20 22:00:00,1.52,1.51,-34.0,152.0,-34.0,152.0
2025-01-20 23:00:00,2.18,2.23,-34.0,152.0,-34.0,152.0
2025-01-21 00:00:00,1.13,1.12,-34.0,152.0,-34.0,152.0
2025-01-21 01:00:00,1.04,1.1,-34.0,152.0,-34.0,152.0
2025-01-21 02:00:00,1.71,1.85,-34.0,152.0,-34.0,152.0
2025-01-21 03:00:00,2.4,2.58,-34.0,152.0,-34.0,152.0
2025-01-21 04:00:00,3.2,3.44,-34.0,152.0,-34.0,152.0
2025-01-21 05:00:00,3.74,4.17,-34.0,152.0,-34.0,152.0
2025-01-21 06:00:00,4.4,4.83,-34.0,152.0,-34.0,152.0
2025-01-21 07:00:00,4.97,5.53,-34.0,152.0,-34.0,152.0
2025-01-21 08:00:00,5.32,6.17,-34.0,152.0,-34.0,152.0
2025-01-21 09:00:00,5.62,6.72,-34.0,152.0,-34.0,152.0
2025-01-21 10:00:00,5.55,7.37,-34.0,152.0,-34.0,152.0
2025-01-21 11:00:00,5.71,7.66,-34.0,152.0,-34.0,152.0
2025-01-21 12:00:00,5.88,7.74,-34.0,152.0,-34.0,152.0
2025-01-21 13:00:00,6.04,7.93,-34.0,152.0,-34.0,152.0
2025-01-21 14:00:00,5.99,7.94,-34.0,152.0,-34.0,152.0
2025-01-21 15:00:00,5.87,7.78,-34.0,152.0,-34.0,152.0
2025-01-21 16:00:00,5.85,7.73,-34.0,152.0,-34.0,152.0
2025-01-21 17:00:00,5.76,7.72,-34.0,152.0,-34.0,152.0
2025-01-21 18:00:00,5.89,7.88,-34.0,152.0,-34.0,152.0
2025-01-21 19:00:00,5.94,8.05,-34.0,152.0,-34.0,152.0
2025-01-21 20:00:00,5.81,7.76,-34.0,152.0,-34.0,152.0
2025-01-21 21:00:00,5.6,7.46,-34.0,152.0,-34.0,152.0
2025-01-21 22:00:00,4.73,5.4,-34.0,152.0,-34.0,152.0
2025-01-21 23:00:00,5.4,6.15,-34.0,152.0,-34.0,152.0
2025-01-22 00:00:00,5.76,6.76,-34.0,152.0,-34.0,152.0
2025-01-22 01:00:00,5.25,6.61,-34.0,152.0,-34.0,152.0
2025-01-22 02:00:00,4.8,6.05,-34.0,152.0,-34.0,152.0
2025-01-22 03:00:00,3.35,4.47,-34.0,152.0,-34.0,152.0
2025-01-22 04:00:00,0.95,0.89,-34.0,152.0,-34.0,152.0
2025-01-22 05:00:00,8.0,10.77,-34.0,152.0,-34.0,152.0
2025-01-22 06:00:00,12.28,15.82,-34.0,152.0,-34.0,152.0
2025-01-22 07:00:00,11.81,14.92,-34.0,152.0,-34.0,152.0
2025-01-22 08:00:00,11.3,14.2,-34.0,152.0,-34.0,152.0
2025-01-22 09:00:00,11.11,13.75,-34.0,152.0,-34.0,152.0
2025-01-22 10:00:00,10.71,13.2,-34.0,152.0,-34.0,152.0
2025-01-22 11:00:00,10.41,12.61,-34.0,152.0,-34.0,152.0
2025-01-22 12:00:00,11.07,13.21,-34.0,152.0,-34.0,152.0
2025-01-22 13:00:00,11.37,13.52,-34.0,152.0,-34.0,152.0
2025-01-22 14:00:00,11.46,13.56,-34.0,152.0,-34.0,152.0
2025-01-22 15:00:00,11.4,13.5,-34.0,152.0,-34.0,152.0
2025-01-22 16:00:00,10.86,12.73,-34.0,152.0,-34.0,152.0
2025-01-22 17:00:00,10.39,12.17,-34.0,152.0,-34.0,152.0
2025-01-22 18:00:00,9.63,11.18,-34.0,152.0,-34.0,152.0
2025-01-22 19:00:00,8.66,9.9,-34.0,152.0,-34.0,152.0
2025-01-22 20:00:00,8.36,9.49,-34.0,152.0,-34.0,152.0
2025-01-22 21:00:00,8.46,9.55,-34.0,152.0,-34.0,152.0
2025-01-22 22:00:00,7.26,8.18,-34.0,152.0,-34.0,152.0
2025-01-22 23:00:00,6.51,7.25,-34.0,152.0,-34.0,152.0
2025-01-23 00:00:00,6.12,6.78,-34.0,152.0,-34.0,152.0
2025-01-23 01:00:00,6.0,6.59,-34.0,152.0,-34.0,152.0
2025-01-23 02:00:00,5.85,6.43,-34.0,152.0,-34.0,152.0
2025-01-23 03:00:00,5.82,6.37,-34.0,152.0,-34.0,152.0
2025-01-23 04:00:00,5.53,6.04,-34.0,152.0,-34.0,152.0
2025-01-23 05:00:00,5.14,5.57,-34.0,152.0,-34.0,152.0
2025-01-23 06:00:00,5.35,5.79,-34.0,152.0,-34.0,152.0
2025-01-23 07:00:00,5.14,5.61,-34.0,152.0,-34.0,152.0
2025-01-23 08:00:00,4.97,5.46,-34.0,152.0,-34.0,152.0
2025-01-23 09:00:00,5.58,6.1,-34.0,152.0,-34.0,152.0
2025-01-23 10:00:00,6.02,6.72,-34.0,152.0,-34.0,152.0
2025-01-23 11:00:00,6.32,7.02,-34.0,152.0,-34.0,152.0
2025-01-23 12:00:00,5.05,5.61,-34.0,152.0,-34.0,152.0
2025-01-23 13:00:00,3.1,3.41,-34.0,152.0,-34.0,152.0
2025-01-23 14:00:00,4.29,4.56,-34.0,152.0,-34.0,152.0
2025-01-23 15:00:00,4.25,4.56,-34.0,152.0,-34.0,152.0
2025-01-23 16:00:00,4.85,5.12,-34.0,152.0,-34.0,152.0
2025-01-23 17:00:00,5.34,5.73,-34.0,152.0,-34.0,152.0
2025-01-23 18:00:00,7.45,8.27,-34.0,152.0,-34.0,152.0
2025-01-23 19:00:00,8.18,9.25,-34.0,152.0,-34.0,152.0
2025-01-23 20:00:00,8.14,9.29,-34.0,152.0,-34.0,152.0
2025-01-23 21:00:00,8.34,9.48,-34.0,152.0,-34.0,152.0
2025-01-23 22:00:00,9.9,11.53,-34.0,152.0,-34.0,152.0
2025-01-23 23:00:00,11.54,13.61,-34.0,152.0,-34.0,152.0
2025-01-24 00:00:00,11.35,13.48,-34.0,152.0,-34.0,152.0
2025-01-24 01:00:00,11.5,13.69,-34.0,152.0,-34.0,152.0
2025-01-24 02:00:00,12.37,14.85,-34.0,152.0,-34.0,152.0
2025-01-24 03:00:00,12.83,15.51,-34.0,152.0,-34.0,152.0
2025-01-24 04:00:00,12.63,15.25,-34.0,152.0,-34.0,152.0
2025-01-24 05:00:00,12.54,15.08,-34.0,152.0,-34.0,152.0
2025-01-24 06:00:00,12.16,14.53,-34.0,152.0,-34.0,152.0
2025-01-24 07:00:00,11.37,13.48,-34.0,152.0,-34.0,152.0
2025-01-24 08:00:00,10.46,12.25,-34.0,152.0,-34.0,152.0
2025-01-24 09:00:00,9.66,11.23,-34.0,152.0,-34.0,152.0
2025-01-24 10:00:00,8.48,9.73,-34.0,152.0,-34.0,152.0
2025-01-24 11:00:00,7.54,8.5,-34.0,152.0,-34.0,152.0
2025-01-24 12:00:00,6.7,7.5,-34.0,152.0,-34.0,152.0
2025-01-24 13:00:00,6.94,7.68,-34.0,152.0,-34.0,152.0
2025-01-24 14:00:00,6.93,7.74,-34.0,152.0,-34.0,152.0
2025-01-24 15:00:00,6.88,7.69,-34.0,152.0,-34.0,152.0
2025-01-24 16:00:00,6.52,7.21,-34.0,152.0,-34.0,152.0
2025-01-24 17:00:00,6.01,6.61,-34.0,152.0,-34.0,152.0
2025-01-24 18:00:00,5.24,5.7,-34.0,152.0,-34.0,152.0
2025-01-24 19:00:00,4.2,4.51,-34.0,152.0,-34.0,152.0
2025-01-24 20:00:00,3.27,3.47,-34.0,152.0,-34.0,152.0
2025-01-24 21:00:00,2.62,2.72,-34.0,152.0,-34.0,152.0
2025-01-24 22:00:00,2.45,2.45,-34.0,152.0,-34.0,152.0
2025-01-24 23:00:00,2.5,2.55,-34.0,152.0,-34.0,152.0
2025-01-25 00:00:00,2.4,2.41,-34.0,152.0,-34.0,152.0
2025-01-25 01:00:00,2.01,2.0,-34.0,152.0,-34.0,152.0
2025-01-25 02:00:00,1.92,1.92,-34.0,152.0,-34.0,152.0
2025-01-25 03:00:00,1.8,1.82,-34.0,152.0,-34.0,152.0
2025-01-25 04:00:00,1.92,1.99,-34.0,152.0,-34.0,152.0
2025-01-25 05:00:00,2.88,3.11,-34.0,152.0,-34.0,152.0
2025-01-25 06:00:00,4.25,4.58,-34.0,152.0,-34.0,152.0
2025-01-25 07:00:00,6.02,6.63,-34.0,152.0,-34.0,152.0
2025-01-25 08:00:00,6.73,7.55,-34.0,152.0,-34.0,152.0
2025-01-25 09:00:00,7.2,8.29,-34.0,152.0,-34.0,152.0
2025-01-25 10:00:00,6.35,7.19,-34.0,152.0,-34.0,152.0
2025-01-25 11:00:00,5.76,6.62,-34.0,152.0,-34.0,152.0
2025-01-25 12:00:00,5.44,6.31,-34.0,152.0,-34.0,152.0
2025-01-25 13:00:00,5.04,6.23,-34.0,152.0,-34.0,152.0
2025-01-25 14:00:00,4.68,5.95,-34.0,152.0,-34.0,152.0
2025-01-25 15:00:00,4.02,5.3,-34.0,152.0,-34.0,152.0
2025-01-25 16:00:00,3.31,4.48,-34.0,152.0,-34.0,152.0
2025-01-25 17:00:00,2.82,3.89,-34.0,152.0,-34.0,152.0
2025-01-25 18:00:00,2.96,3.99,-34.0,152.0,-34.0,152.0
2025-01-25 19:00:00,3.11,4.13,-34.0,152.0,-34.0,152.0
2025-01-25 20:00:00,3.27,4.15,-34.0,152.0,-34.0,152.0
2025-01-25 21:00:00,4.21,5.03,-34.0,152.0,-34.0,152.0
2025-01-25 22:00:00,4.99,5.93,-34.0,152.0,-34.0,152.0
2025-01-25 23:00:00,5.15,5.91,-34.0,152.0,-34.0,152.0
2025-01-26 00:00:00,5.05,5.75,-34.0,152.0,-34.0,152.0
2025-01-26 01:00:00,4.26,4.93,-34.0,152.0,-34.0,152.0
2025-01-26 02:00:00,4.16,4.75,-34.0,152.0,-34.0,152.0
2025-01-26 03:00:00,4.3,4.92,-34.0,152.0,-34.0,152.0
2025-01-26 04:00:00,4.85,5.72,-34.0,152.0,-34.0,152.0
2025-01-26 05:00:00,5.24,6.41,-34.0,152.0,-34.0,152.0
2025-01-26 06:00:00,4.91,6.3,-34.0,152.0,-34.0,152.0
2025-01-26 07:00:00,4.6,6.07,-34.0,152.0,-34.0,152.0
2025-01-26 08:00:00,5.39,7.03,-34.0,152.0,-34.0,152.0
2025-01-26 09:00:00,6.55,8.46,-34.0,152.0,-34.0,152.0
2025-01-26 10:00:00,7.21,9.08,-34.0,152.0,-34.0,152.0
2025-01-26 11:00:00,7.67,9.68,-34.0,152.0,-34.0,152.0
2025-01-26 12:00:00,7.71,9.79,-34.0,152.0,-34.0,152.0
2025-01-26 13:00:00,7.78,9.9,-34.0,152.0,-34.0,152.0
2025-01-26 14:00:00,7.6,9.78,-34.0,152.0,-34.0,152.0
2025-01-26 15:00:00,7.48,9.61,-34.0,152.0,-34.0,152.0
2025-01-26 16:00:00,7.73,9.97,-34.0,152.0,-34.0,152.0
2025-01-26 17:00:00,8.21,10.63,-34.0,152.0,-34.0,152.0
2025-01-26 18:00:00,8.6,11.13,-34.0,152.0,-34.0,152.0
2025-01-26 19:00:00,9.22,11.9,-34.0,152.0,-34.0,152.0
2025-01-26 20:00:00,9.87,12.77,-34.0,152.0,-34.0,152.0
2025-01-26 21:00:00,10.48,13.49,-34.0,152.0,-34.0,152.0
2025-01-26 22:00:00,9.73,12.69,-34.0,152.0,-34.0,152.0
2025-01-26 23:00:00,9.33,12.13,-34.0,152.0,-34.0,152.0
2025-01-27 00:00:00,9.84,12.72,-34.0,152.0,-34.0,152.0
2025-01-27 01:00:00,10.2,13.22,-34.0,152.0,-34.0,152.0
2025-01-27 02:00:00,9.68,12.59,-34.0,152.0,-34.0,152.0
2025-01-27 03:00:00,9.0,11.85,-34.0,152.0,-34.0,152.0
2025-01-27 04:00:00,9.22,12.4,-34.0,152.0,-34.0,152.0
2025-01-27 05:00:00,10.04,13.67,-34.0,152.0,-34.0,152.0
2025-01-27 06:00:00,10.58,14.44,-34.0,152.0,-34.0,152.0
2025-01-27 07:00:00,10.82,14.84,-34.0,152.0,-34.0,152.0
2025-01-27 08:00:00,10.81,14.84,-34.0,152.0,-34.0,152.0
2025-01-27 09:00:00,10.68,14.71,-34.0,152.0,-34.0,152.0
2025-01-27 10:00:00,6.26,8.43,-34.0,152.0,-34.0,152.0
2025-01-27 11:00:00,9.68,12.93,-34.0,152.0,-34.0,152.0
2025-01-27 12:00:00,11.12,14.82,-34.0,152.0,-34.0,152.0
2025-01-27 13:00:00,11.75,15.75,-34.0,152.0,-34.0,152.0
2025-01-27 14:00:00,11.93,16.04,-34.0,152.0,-34.0,152.0
2025-01-27 15:00:00,11.67,15.9,-34.0,152.0,-34.0,152.0
2025-01-27 16:00:00,11.16,15.17,-34.0,152.0,-34.0,152.0
2025-01-27 17:00:00,10.29,13.9,-34.0,152.0,-34.0,152.0
2025-01-27 18:00:00,9.45,12.56,-34.0,152.0,-34.0,152.0
2025-01-27 19:00:00,8.3,11.06,-34.0,152.0,-34.0,152.0
2025-01-27 20:00:00,7.73,10.35,-34.0,152.0,-34.0,152.0
2025-01-27 21:00:00,7.88,10.56,-34.0,152.0,-34.0,152.0
2025-01-27 22:00:00,8.46,11.87,-34.0,152.0,-34.0,152.0
2025-01-27 23:00:00,8.08,11.49,-34.0,152.0,-34.0,152.0
2025-01-28 00:00:00,7.65,10.91,-34.0,152.0,-34.0,152.0
2025-01-28 01:00:00,7.44,10.36,-34.0,152.0,-34.0,152.0
2025-01-28 02:00:00,7.71,10.64,-34.0,152.0,-34.0,152.0
2025-01-28 03:00:00,7.93,10.95,-34.0,152.0,-34.0,152.0
2025-01-28 04:00:00,7.89,11.14,-34.0,152.0,-34.0,152.0
2025-01-28 05:00:00,8.03,11.3,-34.0,152.0,-34.0,152.0
2025-01-28 06:00:00,3.07,5.49,-34.0,152.0,-34.0,152.0
2025-01-28 07:00:00,5.06,6.0,-34.0,152.0,-34.0,152.0
2025-01-28 08:00:00,9.77,12.37,-34.0,152.0,-34.0,152.0
2025-01-28 09:00:00,11.48,14.29,-34.0,152.0,-34.0,152.0
2025-01-28 10:00:00,11.85,14.02,-34.0,152.0,-34.0,152.0
2025-01-28 11:00:00,12.55,14.77,-34.0,152.0,-34.0,152.0
2025-01-28 12:00:00,11.75,13.72,-34.0,152.0,-34.0,152.0
2025-01-28 13:00:00,11.14,12.86,-34.0,152.0,-34.0,152.0
2025-01-28 14:00:00,10.26,11.71,-34.0,152.0,-34.0,152.0
2025-01-28 15:00:00,9.38,10.51,-34.0,152.0,-34.0,152.0
2025-01-28 16:00:00,8.62,9.6,-34.0,152.0,-34.0,152.0
2025-01-28 17:00:00,8.38,9.27,-34.0,152.0,-34.0,152.0
2025-01-28 18:00:00,7.88,8.71,-34.0,152.0,-34.0,152.0
2025-01-28 19:00:00,6.93,7.65,-34.0,152.0,-34.0,152.0
2025-01-28 20:00:00,6.11,6.71,-34.0,152.0,-34.0,152.0
2025-01-28 21:00:00,5.44,5.95,-34.0,152.0,-34.0,152.0
2025-01-28 22:00:00,5.5,5.89,-34.0,152.0,-34.0,152.0
2025-01-28 23:00:00,6.72,7.2,-34.0,152.0,-34.0,152.0
2025-01-29 00:00:00,7.38,8.01,-34.0,152.0,-34.0,152.0
2025-01-29 01:00:00,6.61,7.1,-34.0,152.0,-34.0,152.0
2025-01-29 02:00:00,6.3,6.8,-34.0,152.0,-34.0,152.0
2025-01-29 03:00:00,6.15,6.6,-34.0,152.0,-34.0,152.0
2025-01-29 04:00:00,6.31,6.81,-34.0,152.0,-34.0,152.0
2025-01-29 05:00:00,6.37,6.86,-34.0,152.0,-34.0,152.0
2025-01-29 06:00:00,6.61,7.15,-34.0,152.0,-34.0,152.0
2025-01-29 07:00:00,6.95,7.61,-34.0,152.0,-34.0,152.0
2025-01-29 08:00:00,7.25,8.0,-34.0,152.0,-34.0,152.0
2025-01-29 09:00:00,7.15,7.9,-34.0,152.0,-34.0,152.0
2025-01-29 10:00:00,6.37,7.08,-34.0,152.0,-34.0,152.0
2025-01-29 11:00:00,5.57,6.23,-34.0,152.0,-34.0,152.0
2025-01-29 12:00:00,5.54,6.21,-34.0,152.0,-34.0,152.0
2025-01-29 13:00:00,5.25,5.89,-34.0,152.0,-34.0,152.0
2025-01-29 14:00:00,5.37,6.06,-34.0,152.0,-34.0,152.0
2025-01-29 15:00:00,5.89,6.56,-34.0,152.0,-34.0,152.0
2025-01-29 16:00:00,6.58,7.37,-34.0,152.0,-34.0,152.0
2025-01-29 17:00:00,7.2,8.03,-34.0,152.0,-34.0,152.0
2025-01-29 18:00:00,7.67,8.53,-34.0,152.0,-34.0,152.0
2025-01-29 19:00:00,8.22,9.2,-34.0,152.0,-34.0,152.0
2025-01-29 20:00:00,8.04,9.01,-34.0,152.0,-34.0,152.0
2025-01-29 21:00:00,6.96,7.72,-34.0,152.0,-34.0,152.0
2025-01-29 22:00:00,5.0,5.46,-34.0,152.0,-34.0,152.0
2025-01-29 23:00:00,4.4,4.75,-34.0,152.0,-34.0,152.0
2025-01-30 00:00:00,4.39,4.7,-34.0,152.0,-34.0,152.0
2025-01-30 01:00:00,4.63,5.0,-34.0,152.0,-34.0,152.0
2025-01-30 02:00:00,4.14,4.5,-34.0,152.0,-34.0,152.0
2025-01-30 03:00:00,3.93,4.3,-34.0,152.0,-34.0,152.0
2025-01-30 04:00:00,4.17,4.57,-34.0,152.0,-34.0,152.0
2025-01-30 05:00:00,4.29,4.69,-34.0,152.0,-34.0,152.0
2025-01-30 06:00:00,4.3,4.79,-34.0,152.0,-34.0,152.0
2025-01-30 07:00:00,4.9,5.47,-34.0,152.0,-34.0,152.0
2025-01-30 08:00:00,5.36,6.04,-34.0,152.0,-34.0,152.0
2025-01-30 09:00:00,5.72,6.56,-34.0,152.0,-34.0,152.0
2025-01-30 10:00:00,5.38,6.17,-34.0,152.0,-34.0,152.0
2025-01-30 11:00:00,5.7,6.49,-34.0,152.0,-34.0,152.0
2025-01-30 12:00:00,5.67,6.37,-34.0,152.0,-34.0,152.0
2025-01-30 13:00:00,5.79,6.68,-34.0,152.0,-34.0,152.0
2025-01-30 14:00:00,6.37,7.35,-34.0,152.0,-34.0,152.0
2025-01-30 15:00:00,7.16,8.41,-34.0,152.0,-34.0,152.0
2025-01-30 16:00:00,7.63,8.86,-34.0,152.0,-34.0,152.0
2025-01-30 17:00:00,8.14,9.37,-34.0,152.0,-34.0,152.0
2025-01-30 18:00:00,8.27,9.53,-34.0,152.0,-34.0,152.0
2025-01-30 19:00:00,8.65,9.92,-34.0,152.0,-34.0,152.0
2025-01-30 20:00:00,9.16,10.57,-34.0,152.0,-34.0,152.0
2025-01-30 21:00:00,9.25,10.73,-34.0,152.0,-34.0,152.0
2025-01-30 22:00:00,7.05,7.98,-34.0,152.0,-34.0,152.0
2025-01-30 23:00:00,6.73,7.59,-34.0,152.0,-34.0,152.0
2025-01-31 00:00:00,6.44,7.17,-34.0,152.0,-34.0,152.0
2025-01-31 01:00:00,6.04,6.7,-34.0,152.0,-34.0,152.0
2025-01-31 02:00:00,5.56,6.19,-34.0,152.0,-34.0,152.0
2025-01-31 03:00:00,5.31,5.9,-34.0,152.0,-34.0,152.0
2025-01-31 04:00:00,4.95,5.46,-34.0,152.0,-34.0,152.0
2025-01-31 05:00:00,4.67,5.21,-34.0,152.0,-34.0,152.0
2025-01-31 06:00:00,4.84,5.42,-34.0,152.0,-34.0,152.0
2025-01-31 07:00:00,5.06,5.71,-34.0,152.0,-34.0,152.0
2025-01-31 08:00:00,5.15,5.77,-34.0,152.0,-34.0,152.0
2025-01-31 09:00:00,5.15,5.8,-34.0,152.0,-34.0,152.0
2025-01-31 10:00:00,5.11,5.7,-34.0,152.0,-34.0,152.0
2025-01-31 11:00:00,4.75,5.25,-34.0,152.0,-34.0,152.0
2025-01-31 12:00:00,4.6,5.02,-34.0,152.0,-34.0,152.0
2025-01-31 13:00:00,4.56,4.96,-34.0,152.0,-34.0,152.0
2025-01-31 14:00:00,4.61,5.03,-34.0,152.0,-34.0,152.0
2025-01-31 15:00:00,4.68,5.07,-34.0,152.0,-34.0,152.0
2025-01-31 16:00:00,4.62,4.99,-34.0,152.0,-34.0,152.0
2025-01-31 17:00:00,4.48,4.82,-34.0,152.0,-34.0,152.0
2025-01-31 18:00:00,4.23,4.54,-34.0,152.0,-34.0,152.0
2025-01-31 19:00:00,4.25,4.54,-34.0,152.0,-34.0,152.0
2025-01-31 20:00:00,4.66,5.01,-34.0,152.0,-34.0,152.0
2025-01-31 21:00:00,4.96,5.31,-34.0,152.0,-34.0,152.0
2025-01-31 22:00:00,4.01,4.52,-34.0,152.0,-34.0,152.0
2025-01-31 23:00:00,3.93,4.43,-34.0,152.0,-34.0,152.0
2025-02-01 00:00:00,3.8,4.25,-34.0,152.0,-34.0,152.0
2025-02-01 01:00:00,3.75,4.19,-34.0,152.0,-34.0,152.0
2025-02-01 02:00:00,4.08,4.52,-34.0,152.0,-34.0,152.0
2025-02-01 03:00:00,4.45,4.95,-34.0,152.0,-34.0,152.0
2025-02-01 04:00:00,4.71,5.21,-34.0,152.0,-34.0,152.0
2025-02-01 05:00:00,4.93,5.53,-34.0,152.0,-34.0,152.0
2025-02-01 06:00:00,5.03,5.64,-34.0,152.0,-34.0,152.0
2025-02-01 07:00:00,5.07,5.67,-34.0,152.0,-34.0,152.0
2025-02-01 08:00:00,5.15,5.75,-34.0,152.0,-34.0,152.0
2025-02-01 09:00:00,5.3,5.95,-34.0,152.0,-34.0,152.0
2025-02-01 10:00:00,5.05,5.45,-34.0,152.0,-34.0,152.0
2025-02-01 11:00:00,4.96,5.36,-34.0,152.0,-34.0,152.0
2025-02-01 12:00:00,4.82,5.17,-34.0,152.0,-34.0,152.0
2025-02-01 13:00:00,4.47,4.77,-34.0,152.0,-34.0,152.0
2025-02-01 14:00:00,4.36,4.66,-34.0,152.0,-34.0,152.0
2025-02-01 15:00:00,4.5,4.8,-34.0,152.0,-34.0,152.0
2025-02-01 16:00:00,4.65,4.95,-34.0,152.0,-34.0,152.0
2025-02-01 17:00:00,4.8,5.15,-34.0,152.0,-34.0,152.0
2025-02-01 18:00:00,4.6,4.9,-34.0,152.0,-34.0,152.0
2025-02-01 19:00:00,4.22,4.53,-34.0,152.0,-34.0,152.0
2025-02-01 20:00:00,3.99,4.3,-34.0,152.0,-34.0,152.0
2025-02-01 21:00:00,3.97,4.24,-34.0,152.0,-34.0,152.0
2025-02-01 22:00:00,3.92,4.11,-34.0,152.0,-34.0,152.0
2025-02-01 23:00:00,3.67,3.91,-34.0,152.0,-34.0,152.0
2025-02-02 00:00:00,3.47,3.72,-34.0,152.0,-34.0,152.0
2025-02-02 01:00:00,3.04,3.29,-34.0,152.0,-34.0,152.0
2025-02-02 02:00:00,2.55,2.78,-34.0,152.0,-34.0,152.0
2025-02-02 03:00:00,2.51,2.73,-34.0,152.0,-34.0,152.0
2025-02-02 04:00:00,3.15,3.41,-34.0,152.0,-34.0,152.0
2025-02-02 05:00:00,3.36,3.68,-34.0,152.0,-34.0,152.0
2025-02-02 06:00:00,3.69,4.05,-34.0,152.0,-34.0,152.0
2025-02-02 07:00:00,4.44,4.93,-34.0,152.0,-34.0,152.0
2025-02-02 08:00:00,5.1,5.71,-34.0,152.0,-34.0,152.0
2025-02-02 09:00:00,5.63,6.35,-34.0,152.0,-34.0,152.0
2025-02-02 10:00:00,4.63,5.17,-34.0,152.0,-34.0,152.0
2025-02-02 11:00:00,4.99,5.49,-34.0,152.0,-34.0,152.0
2025-02-02 12:00:00,5.95,6.55,-34.0,152.0,-34.0,152.0
2025-02-02 13:00:00,6.88,7.63,-34.0,152.0,-34.0,152.0
2025-02-02 14:00:00,7.21,8.06,-34.0,152.0,-34.0,152.0
2025-02-02 15:00:00,6.79,7.61,-34.0,152.0,-34.0,152.0
2025-02-02 16:00:00,6.47,7.18,-34.0,152.0,-34.0,152.0
2025-02-02 17:00:00,6.17,6.8,-34.0,152.0,-34.0,152.0
2025-02-02 18:00:00,5.64,6.15,-34.0,152.0,-34.0,152.0
2025-02-02 19:00:00,5.03,5.44,-34.0,152.0,-34.0,152.0
2025-02-02 20:00:00,5.33,5.75,-34.0,152.0,-34.0,152.0
2025-02-02 21:00:00,5.9,6.42,-34.0,152.0,-34.0,152.0
2025-02-02 22:00:00,5.48,6.06,-34.0,152.0,-34.0,152.0
2025-02-02 23:00:00,5.21,5.77,-34.0,152.0,-34.0,152.0
2025-02-03 00:00:00,5.17,5.7,-34.0,152.0,-34.0,152.0
2025-02-03 01:00:00,5.41,6.02,-34.0,152.0,-34.0,152.0
2025-02-03 02:00:00,5.82,6.54,-34.0,152.0,-34.0,152.0
2025-02-03 03:00:00,6.31,7.1,-34.0,152.0,-34.0,152.0
2025-02-03 04:00:00,6.85,7.74,-34.0,152.0,-34.0,152.0
2025-02-03 05:00:00,7.4,8.39,-34.0,152.0,-34.0,152.0
2025-02-03 06:00:00,7.85,8.98,-34.0,152.0,-34.0,152.0
2025-02-03 07:00:00,8.31,9.55,-34.0,152.0,-34.0,152.0
2025-02-03 08:00:00,8.52,9.79,-34.0,152.0,-34.0,152.0
2025-02-03 09:00:00,8.73,10.04,-34.0,152.0,-34.0,152.0
2025-02-03 10:00:00,7.75,8.71,-34.0,152.0,-34.0,152.0
2025-02-03 11:00:00,8.05,9.05,-34.0,152.0,-34.0,152.0
2025-02-03 12:00:00,8.26,9.27,-34.0,152.0,-34.0,152.0
2025-02-03 13:00:00,8.67,9.78,-34.0,152.0,-34.0,152.0
2025-02-03 14:00:00,9.02,10.23,-34.0,152.0,-34.0,152.0
2025-02-03 15:00:00,9.13,10.34,-34.0,152.0,-34.0,152.0
2025-02-03 16:00:00,8.99,10.22,-34.0,152.0,-34.0,152.0
2025-02-03 17:00:00,8.9,10.13,-34.0,152.0,-34.0,152.0
2025-02-03 18:00:00,8.86,10.07,-34.0,152.0,-34.0,152.0
2025-02-03 19:00:00,8.7,9.84,-34.0,152.0,-34.0,152.0
2025-02-03 20:00:00,8.07,9.11,-34.0,152.0,-34.0,152.0
2025-02-03 21:00:00,7.38,8.25,-34.0,152.0,-34.0,152.0
2025-02-03 22:00:00,7.43,8.33,-34.0,152.0,-34.0,152.0
2025-02-03 23:00:00,7.21,8.13,-34.0,152.0,-34.0,152.0
2025-02-04 00:00:00,7.28,8.17,-34.0,152.0,-34.0,152.0
2025-02-04 01:00:00,7.73,8.65,-34.0,152.0,-34.0,152.0
2025-02-04 02:00:00,7.98,8.91,-34.0,152.0,-34.0,152.0
2025-02-04 03:00:00,8.21,9.14,-34.0,152.0,-34.0,152.0
2025-02-04 04:00:00,8.65,9.76,-34.0,152.0,-34.0,152.0
2025-02-04 05:00:00,9.4,10.84,-34.0,152.0,-34.0,152.0
2025-02-04 06:00:00,10.22,12.1,-34.0,152.0,-34.0,152.0
2025-02-04 07:00:00,10.81,13.08,-34.0,152.0,-34.0,152.0
2025-02-04 08:00:00,11.06,13.52,-34.0,152.0,-34.0,152.0
2025-02-04 09:00:00,11.05,13.53,-34.0,152.0,-34.0,152.0
2025-02-04 10:00:00,10.08,12.35,-34.0,152.0,-34.0,152.0
2025-02-04 11:00:00,10.11,12.27,-34.0,152.0,-34.0,152.0
2025-02-04 12:00:00,10.33,12.49,-34.0,152.0,-34.0,152.0
2025-02-04 13:00:00,10.33,12.4,-34.0,152.0,-34.0,152.0
2025-02-04 14:00:00,10.1,12.0,-34.0,152.0,-34.0,152.0
2025-02-04 15:00:00,9.82,11.63,-34.0,152.0,-34.0,152.0
2025-02-04 16:00:00,9.11,10.7,-34.0,152.0,-34.0,152.0
2025-02-04 17:00:00,8.51,9.88,-34.0,152.0,-34.0,152.0
2025-02-04 18:00:00,8.57,9.81,-34.0,152.0,-34.0,152.0
2025-02-04 19:00:00,9.0,10.35,-34.0,152.0,-34.0,152.0
2025-02-04 20:00:00,9.27,10.69,-34.0,152.0,-34.0,152.0
2025-02-04 21:00:00,8.85,10.23,-34.0,152.0,-34.0,152.0
2025-02-04 22:00:00,8.82,10.27,-34.0,152.0,-34.0,152.0
2025-02-04 23:00:00,7.17,8.19,-34.0,152.0,-34.0,152.0
2025-02-05 00:00:00,4.72,5.14,-34.0,152.0,-34.0,152.0
2025-02-05 01:00:00,4.95,5.21,-34.0,152.0,-34.0,152.0
2025-02-05 02:00:00,6.36,6.89,-34.0,152.0,-34.0,152.0
2025-02-05 03:00:00,8.22,9.07,-34.0,152.0,-34.0,152.0
2025-02-05 04:00:00,7.67,8.48,-34.0,152.0,-34.0,152.0
2025-02-05 05:00:00,4.82,5.29,-34.0,152.0,-34.0,152.0
2025-02-05 06:00:00,2.77,3.04,-34.0,152.0,-34.0,152.0
2025-02-05 07:00:00,2.99,3.19,-34.0,152.0,-34.0,152.0
2025-02-05 08:00:00,2.98,3.2,-34.0,152.0,-34.0,152.0
2025-02-05 09:00:00,1.59,1.7,-34.0,152.0,-34.0,152.0
2025-02-05 10:00:00,3.35,3.42,-34.0,152.0,-34.0,152.0
2025-02-05 11:00:00,5.82,6.45,-34.0,152.0,-34.0,152.0
2025-02-05 12:00:00,7.81,8.93,-34.0,152.0,-34.0,152.0
2025-02-05 13:00:00,7.52,8.45,-34.0,152.0,-34.0,152.0
2025-02-05 14:00:00,6.54,7.25,-34.0,152.0,-34.0,152.0
2025-02-05 15:00:00,5.58,6.03,-34.0,152.0,-34.0,152.0
2025-02-05 16:00:00,4.84,5.21,-34.0,152.0,-34.0,152.0
2025-02-05 17:00:00,5.01,5.39,-34.0,152.0,-34.0,152.0
2025-02-05 18:00:00,5.11,5.51,-34.0,152.0,-34.0,152.0
2025-02-05 19:00:00,4.57,4.86,-34.0,152.0,-34.0,152.0
2025-02-05 20:00:00,3.64,3.79,-34.0,152.0,-34.0,152.0
2025-02-05 21:00:00,2.69,2.76,-34.0,152.0,-34.0,152.0
2025-02-05 22:00:00,3.6,3.85,-34.0,152.0,-34.0,152.0
2025-02-05 23:00:00,2.8,2.89,-34.0,152.0,-34.0,152.0
2025-02-06 00:00:00,2.48,2.62,-34.0,152.0,-34.0,152.0
2025-02-06 01:00:00,1.97,2.15,-34.0,152.0,-34.0,152.0
2025-02-06 02:00:00,1.89,1.98,-34.0,152.0,-34.0,152.0
2025-02-06 03:00:00,1.71,1.82,-34.0,152.0,-34.0,152.0
2025-02-06 04:00:00,1.57,1.68,-34.0,152.0,-34.0,152.0
2025-02-06 05:00:00,2.26,2.36,-34.0,152.0,-34.0,152.0
2025-02-06 06:00:00,3.56,3.78,-34.0,152.0,-34.0,152.0
2025-02-06 07:00:00,4.56,4.96,-34.0,152.0,-34.0,152.0
2025-02-06 08:00:00,5.34,5.87,-34.0,152.0,-34.0,152.0
2025-02-06 09:00:00,6.06,6.76,-34.0,152.0,-34.0,152.0
2025-02-06 10:00:00,4.91,5.51,-34.0,152.0,-34.0,152.0
2025-02-06 11:00:00,5.6,6.21,-34.0,152.0,-34.0,152.0
2025-02-06 12:00:00,6.22,6.89,-34.0,152.0,-34.0,152.0
2025-02-06 13:00:00,6.73,7.49,-34.0,152.0,-34.0,152.0
2025-02-06 14:00:00,6.91,7.75,-34.0,152.0,-34.0,152.0
2025-02-06 15:00:00,6.88,7.71,-34.0,152.0,-34.0,152.0
2025-02-06 16:00:00,6.89,7.65,-34.0,152.0,-34.0,152.0
2025-02-06 17:00:00,6.84,7.61,-34.0,152.0,-34.0,152.0
2025-02-06 18:00:00,6.65,7.41,-34.0,152.0,-34.0,152.0
2025-02-06 19:00:00,6.45,7.17,-34.0,152.0,-34.0,152.0
2025-02-06 20:00:00,6.19,6.86,-34.0,152.0,-34.0,152.0
2025-02-06 21:00:00,6.18,6.79,-34.0,152.0,-34.0,152.0
2025-02-06 22:00:00,5.66,6.17,-34.0,152.0,-34.0,152.0
2025-02-06 23:00:00,5.75,6.32,-34.0,152.0,-34.0,152.0
2025-02-07 00:00:00,6.17,6.81,-34.0,152.0,-34.0,152.0
2025-02-07 01:00:00,6.66,7.34,-34.0,152.0,-34.0,152.0
2025-02-07 02:00:00,6.86,7.64,-34.0,152.0,-34.0,152.0
2025-02-07 03:00:00,6.9,7.73,-34.0,152.0,-34.0,152.0
2025-02-07 04:00:00,6.99,7.8,-34.0,152.0,-34.0,152.0
2025-02-07 05:00:00,7.31,8.27,-34.0,152.0,-34.0,152.0
2025-02-07 06:00:00,8.05,9.1,-34.0,152.0,-34.0,152.0
2025-02-07 07:00:00,8.76,10.08,-34.0,152.0,-34.0,152.0
2025-02-07 08:00:00,9.5,11.06,-34.0,152.0,-34.0,152.0
2025-02-07 09:00:00,9.98,11.75,-34.0,152.0,-34.0,152.0
2025-02-07 10:00:00,10.04,11.93,-34.0,152.0,-34.0,152.0
2025-02-07 11:00:00,10.2,12.06,-34.0,152.0,-34.0,152.0
2025-02-07 12:00:00,10.3,12.12,-34.0,152.0,-34.0,152.0
2025-02-07 13:00:00,10.2,11.95,-34.0,152.0,-34.0,152.0
2025-02-07 14:00:00,9.59,11.16,-34.0,152.0,-34.0,152.0
2025-02-07 15:00:00,8.75,10.16,-34.0,152.0,-34.0,152.0
2025-02-07 16:00:00,8.13,9.33,-34.0,152.0,-34.0,152.0
2025-02-07 17:00:00,7.77,8.77,-34.0,152.0,-34.0,152.0
2025-02-07 18:00:00,7.91,8.87,-34.0,152.0,-34.0,152.0
2025-02-07 19:00:00,8.32,9.44,-34.0,152.0,-34.0,152.0
2025-02-07 20:00:00,8.38,9.53,-34.0,152.0,-34.0,152.0
2025-02-07 21:00:00,8.5,9.69,-34.0,152.0,-34.0,152.0
2025-02-07 22:00:00,8.19,9.33,-34.0,152.0,-34.0,152.0
2025-02-07 23:00:00,7.86,8.95,-34.0,152.0,-34.0,152.0
2025-02-08 00:00:00,7.88,8.92,-34.0,152.0,-34.0,152.0
2025-02-08 01:00:00,7.78,8.84,-34.0,152.0,-34.0,152.0
2025-02-08 02:00:00,7.68,8.74,-34.0,152.0,-34.0,152.0
2025-02-08 03:00:00,7.95,9.15,-34.0,152.0,-34.0,152.0
2025-02-08 04:00:00,8.53,9.87,-34.0,152.0,-34.0,152.0
2025-02-08 05:00:00,9.36,10.93,-34.0,152.0,-34.0,152.0
2025-02-08 06:00:00,9.43,11.01,-34.0,152.0,-34.0,152.0
2025-02-08 07:00:00,9.22,10.81,-34.0,152.0,-34.0,152.0
2025-02-08 08:00:00,9.13,10.72,-34.0,152.0,-34.0,152.0
2025-02-08 09:00:00,8.47,10.0,-34.0,152.0,-34.0,152.0
2025-02-08 10:00:00,7.27,8.38,-34.0,152.0,-34.0,152.0
2025-02-08 11:00:00,6.43,7.34,-34.0,152.0,-34.0,152.0
2025-02-08 12:00:00,5.76,6.34,-34.0,152.0,-34.0,152.0
2025-02-08 13:00:00,5.57,6.04,-34.0,152.0,-34.0,152.0
2025-02-08 14:00:00,6.7,7.4,-34.0,152.0,-34.0,152.0
2025-02-08 15:00:00,7.12,7.93,-34.0,152.0,-34.0,152.0
2025-02-08 16:00:00,6.98,7.81,-34.0,152.0,-34.0,152.0
2025-02-08 17:00:00,6.92,7.65,-34.0,152.0,-34.0,152.0
2025-02-08 18:00:00,6.51,7.09,-34.0,152.0,-34.0,152.0
2025-02-08 19:00:00,6.46,6.95,-34.0,152.0,-34.0,152.0
2025-02-08 20:00:00,6.68,7.22,-34.0,152.0,-34.0,152.0
2025-02-08 21:00:00,7.12,7.77,-34.0,152.0,-34.0,152.0
2025-02-08 22:00:00,7.82,8.74,-34.0,152.0,-34.0,152.0
2025-02-08 23:00:00,6.3,7.05,-34.0,152.0,-34.0,152.0
2025-02-09 00:00:00,4.75,5.2,-34.0,152.0,-34.0,152.0
2025-02-09 01:00:00,4.2,4.54,-34.0,152.0,-34.0,152.0
2025-02-09 02:00:00,3.08,3.25,-34.0,152.0,-34.0,152.0
2025-02-09 03:00:00,1.74,1.75,-34.0,152.0,-34.0,152.0
2025-02-09 04:00:00,1.3,1.28,-34.0,152.0,-34.0,152.0
2025-02-09 05:00:00,2.02,2.16,-34.0,152.0,-34.0,152.0
2025-02-09 06:00:00,3.88,4.13,-34.0,152.0,-34.0,152.0
2025-02-09 07:00:00,5.76,6.16,-34.0,152.0,-34.0,152.0
2025-02-09 08:00:00,7.06,7.73,-34.0,152.0,-34.0,152.0
2025-02-09 09:00:00,7.96,8.88,-34.0,152.0,-34.0,152.0
2025-02-09 10:00:00,4.75,5.36,-34.0,152.0,-34.0,152.0
2025-02-09 11:00:00,5.71,6.25,-34.0,152.0,-34.0,152.0
2025-02-09 12:00:00,6.62,7.29,-34.0,152.0,-34.0,152.0
2025-02-09 13:00:00,6.84,7.62,-34.0,152.0,-34.0,152.0
2025-02-09 14:00:00,7.61,8.59,-34.0,152.0,-34.0,152.0
2025-02-09 15:00:00,7.89,9.06,-34.0,152.0,-34.0,152.0
2025-02-09 16:00:00,7.64,8.71,-34.0,152.0,-34.0,152.0
2025-02-09 17:00:00,7.23,8.15,-34.0,152.0,-34.0,152.0
2025-02-09 18:00:00,5.46,5.95,-34.0,152.0,-34.0,152.0
2025-02-09 19:00:00,4.0,4.17,-34.0,152.0,-34.0,152.0
2025-02-09 20:00:00,3.82,4.0,-34.0,152.0,-34.0,152.0
2025-02-09 21:00:00,3.06,3.19,-34.0,152.0,-34.0,152.0
2025-02-09 22:00:00,1.82,1.94,-34.0,152.0,-34.0,152.0
2025-02-09 23:00:00,3.43,3.61,-34.0,152.0,-34.0,152.0
2025-02-10 00:00:00,6.33,6.74,-34.0,152.0,-34.0,152.0
2025-02-10 01:00:00,8.15,8.93,-34.0,152.0,-34.0,152.0
2025-02-10 02:00:00,7.35,8.15,-34.0,152.0,-34.0,152.0
2025-02-10 03:00:00,5.97,6.6,-34.0,152.0,-34.0,152.0
2025-02-10 04:00:00,4.15,4.53,-34.0,152.0,-34.0,152.0
2025-02-10 05:00:00,2.65,2.8,-34.0,152.0,-34.0,152.0
2025-02-10 06:00:00,2.58,2.61,-34.0,152.0,-34.0,152.0
2025-02-10 07:00:00,3.62,3.8,-34.0,152.0,-34.0,152.0
2025-02-10 08:00:00,4.8,5.22,-34.0,152.0,-34.0,152.0
2025-02-10 09:00:00,5.48,6.02,-34.0,152.0,-34.0,152.0
2025-02-10 10:00:00,4.65,5.0,-34.0,152.0,-34.0,152.0
2025-02-10 11:00:00,4.27,4.47,-34.0,152.0,-34.0,152.0
2025-02-10 12:00:00,3.43,3.6,-34.0,152.0,-34.0,152.0
2025-02-10 13:00:00,4.09,4.28,-34.0,152.0,-34.0,152.0
2025-02-10 14:00:00,4.03,4.31,-34.0,152.0,-34.0,152.0
2025-02-10 15:00:00,3.82,4.14,-34.0,152.0,-34.0,152.0
2025-02-10 16:00:00,3.53,3.81,-34.0,152.0,-34.0,152.0
2025-02-10 17:00:00,3.6,3.85,-34.0,152.0,-34.0,152.0
2025-02-10 18:00:00,3.39,3.63,-34.0,152.0,-34.0,152.0
2025-02-10 19:00:00,3.13,3.37,-34.0,152.0,-34.0,152.0
2025-02-10 20:00:00,3.05,3.3,-34.0,152.0,-34.0,152.0
2025-02-10 21:00:00,3.92,4.18,-34.0,152.0,-34.0,152.0
2025-02-10 22:00:00,5.28,5.64,-34.0,152.0,-34.0,152.0
2025-02-10 23:00:00,5.11,5.45,-34.0,152.0,-34.0,152.0
2025-02-11 00:00:00,4.6,4.95,-34.0,152.0,-34.0,152.0
2025-02-11 01:00:00,3.65,3.9,-34.0,152.0,-34.0,152.0
2025-02-11 02:00:00,2.9,3.05,-34.0,152.0,-34.0,152.0
2025-02-11 03:00:00,1.49,1.6,-34.0,152.0,-34.0,152.0
2025-02-11 04:00:00,2.67,2.71,-34.0,152.0,-34.0,152.0
2025-02-11 05:00:00,2.56,2.7,-34.0,152.0,-34.0,152.0
2025-02-11 06:00:00,2.06,2.16,-34.0,152.0,-34.0,152.0
2025-02-11 07:00:00,2.75,2.86,-34.0,152.0,-34.0,152.0
2025-02-11 08:00:00,3.86,4.08,-34.0,152.0,-34.0,152.0
2025-02-11 09:00:00,4.46,4.7,-34.0,152.0,-34.0,152.0
2025-02-11 10:00:00,7.57,8.43,-34.0,152.0,-34.0,152.0
2025-02-11 11:00:00,8.15,8.81,-34.0,152.0,-34.0,152.0
2025-02-11 12:00:00,8.57,9.32,-34.0,152.0,-34.0,152.0
2025-02-11 13:00:00,7.01,7.64,-34.0,152.0,-34.0,152.0
2025-02-11 14:00:00,5.2,5.62,-34.0,152.0,-34.0,152.0
2025-02-11 15:00:00,4.34,4.59,-34.0,152.0,-34.0,152.0
2025-02-11 16:00:00,2.25,2.36,-34.0,152.0,-34.0,152.0
2025-02-11 17:00:00,1.09,1.14,-34.0,152.0,-34.0,152.0
2025-02-11 18:00:00,1.46,1.54,-34.0,152.0,-34.0,152.0
2025-02-11 19:00:00,1.5,1.6,-34.0,152.0,-34.0,152.0
2025-02-11 20:00:00,0.85,0.91,-34.0,152.0,-34.0,152.0
2025-02-11 21:00:00,0.36,0.4,-34.0,152.0,-34.0,152.0
2025-02-11 22:00:00,0.47,0.47,-34.0,152.0,-34.0,152.0
2025-02-11 23:00:00,2.96,3.1,-34.0,152.0,-34.0,152.0
2025-02-12 00:00:00,5.29,5.65,-34.0,152.0,-34.0,152.0
2025-02-12 01:00:00,7.22,7.89,-34.0,152.0,-34.0,152.0
2025-02-12 02:00:00,7.49,8.38,-34.0,152.0,-34.0,152.0
2025-02-12 03:00:00,7.39,8.28,-34.0,152.0,-34.0,152.0
2025-02-12 04:00:00,7.35,8.3,-34.0,152.0,-34.0,152.0
2025-02-12 05:00:00,7.11,7.99,-34.0,152.0,-34.0,152.0
2025-02-12 06:00:00,6.8,7.66,-34.0,152.0,-34.0,152.0
2025-02-12 07:00:00,7.3,8.2,-34.0,152.0,-34.0,152.0
2025-02-12 08:00:00,7.84,8.92,-34.0,152.0,-34.0,152.0
2025-02-12 09:00:00,8.41,9.63,-34.0,152.0,-34.0,152.0
2025-02-12 10:00:00,8.78,10.41,-34.0,152.0,-34.0,152.0
2025-02-12 11:00:00,10.29,12.09,-34.0,152.0,-34.0,152.0
2025-02-12 12:00:00,9.8,11.61,-34.0,152.0,-34.0,152.0
2025-02-12 13:00:00,9.75,11.55,-34.0,152.0,-34.0,152.0
2025-02-12 14:00:00,9.17,10.8,-34.0,152.0,-34.0,152.0
2025-02-12 15:00:00,9.16,10.79,-34.0,152.0,-34.0,152.0
2025-02-12 16:00:00,9.68,11.3,-34.0,152.0,-34.0,152.0
2025-02-12 17:00:00,9.6,11.23,-34.0,152.0,-34.0,152.0
2025-02-12 18:00:00,9.6,11.13,-34.0,152.0,-34.0,152.0
2025-02-12 19:00:00,9.39,10.82,-34.0,152.0,-34.0,152.0
2025-02-12 20:00:00,9.6,11.1,-34.0,152.0,-34.0,152.0
2025-02-12 21:00:00,10.01,11.62,-34.0,152.0,-34.0,152.0
2025-02-12 22:00:00,10.26,12.19,-34.0,152.0,-34.0,152.0
2025-02-12 23:00:00,10.75,12.76,-34.0,152.0,-34.0,152.0
2025-02-13 00:00:00,11.15,13.31,-34.0,152.0,-34.0,152.0
2025-02-13 01:00:00,11.43,13.65,-34.0,152.0,-34.0,152.0
2025-02-13 02:00:00,11.64,13.93,-34.0,152.0,-34.0,152.0
2025-02-13 03:00:00,11.82,14.13,-34.0,152.0,-34.0,152.0
2025-02-13 04:00:00,11.85,14.11,-34.0,152.0,-34.0,152.0
2025-02-13 05:00:00,11.53,13.71,-34.0,152.0,-34.0,152.0
2025-02-13 06:00:00,11.49,13.7,-34.0,152.0,-34.0,152.0
2025-02-13 07:00:00,11.55,13.8,-34.0,152.0,-34.0,152.0
2025-02-13 08:00:00,11.42,13.72,-34.0,152.0,-34.0,152.0
2025-02-13 09:00:00,11.43,13.74,-34.0,152.0,-34.0,152.0
2025-02-13 10:00:00,11.76,14.26,-34.0,152.0,-34.0,152.0
2025-02-13 11:00:00,11.32,13.7,-34.0,152.0,-34.0,152.0
2025-02-13 12:00:00,11.44,13.96,-34.0,152.0,-34.0,152.0
2025-02-13 13:00:00,11.39,13.9,-34.0,152.0,-34.0,152.0
2025-02-13 14:00:00,10.84,13.3,-34.0,152.0,-34.0,152.0
2025-02-13 15:00:00,9.88,12.32,-34.0,152.0,-34.0,152.0
2025-02-13 16:00:00,10.17,12.53,-34.0,152.0,-34.0,152.0
2025-02-13 17:00:00,10.36,12.7,-34.0,152.0,-34.0,152.0
2025-02-13 18:00:00,10.33,12.66,-34.0,152.0,-34.0,152.0
2025-02-13 19:00:00,10.27,12.53,-34.0,152.0,-34.0,152.0
2025-02-13 20:00:00,10.58,12.83,-34.0,152.0,-34.0,152.0
2025-02-13 21:00:00,10.72,12.91,-34.0,152.0,-34.0,152.0
2025-02-13 22:00:00,9.71,12.54,-34.0,152.0,-34.0,152.0
2025-02-13 23:00:00,8.95,11.35,-34.0,152.0,-34.0,152.0
2025-02-14 00:00:00,7.71,9.55,-34.0,152.0,-34.0,152.0
2025-02-14 01:00:00,7.26,8.8,-34.0,152.0,-34.0,152.0
2025-02-14 02:00:00,6.67,7.96,-34.0,152.0,-34.0,152.0
2025-02-14 03:00:00,6.84,8.02,-34.0,152.0,-34.0,152.0
2025-02-14 04:00:00,7.64,9.12,-34.0,152.0,-34.0,152.0
2025-02-14 05:00:00,8.34,10.38,-34.0,152.0,-34.0,152.0
2025-02-14 06:00:00,9.5,12.1,-34.0,152.0,-34.0,152.0
2025-02-14 07:00:00,10.62,13.64,-34.0,152.0,-34.0,152.0
2025-02-14 08:00:00,11.28,14.51,-34.0,152.0,-34.0,152.0
2025-02-14 09:00:00,11.23,14.54,-34.0,152.0,-34.0,152.0
2025-02-14 10:00:00,10.28,13.44,-34.0,152.0,-34.0,152.0
2025-02-14 11:00:00,9.57,12.59,-34.0,152.0,-34.0,152.0
2025-02-14 12:00:00,10.67,13.85,-34.0,152.0,-34.0,152.0
2025-02-14 13:00:00,11.15,14.47,-34.0,152.0,-34.0,152.0
2025-02-14 14:00:00,11.21,14.49,-34.0,152.0,-34.0,152.0
2025-02-14 15:00:00,8.97,12.05,-34.0,152.0,-34.0,152.0
2025-02-14 16:00:00,7.88,10.04,-34.0,152.0,-34.0,152.0
2025-02-14 17:00:00,7.25,8.6,-34.0,152.0,-34.0,152.0
2025-02-14 18:00:00,7.86,9.01,-34.0,152.0,-34.0,152.0
2025-02-14 19:00:00,10.79,12.27,-34.0,152.0,-34.0,152.0
2025-02-14 20:00:00,10.06,11.53,-34.0,152.0,-34.0,152.0
2025-02-14 21:00:00,8.89,10.16,-34.0,152.0,-34.0,152.0
2025-02-14 22:00:00,8.82,9.85,-34.0,152.0,-34.0,152.0
2025-02-14 23:00:00,8.18,9.09,-34.0,152.0,-34.0,152.0
2025-02-15 00:00:00,7.67,8.43,-34.0,152.0,-34.0,152.0
2025-02-15 01:00:00,6.69,7.2,-34.0,152.0,-34.0,152.0
2025-02-15 02:00:00,5.37,5.72,-34.0,152.0,-34.0,152.0
2025-02-15 03:00:00,4.95,5.2,-34.0,152.0,-34.0,152.0
2025-02-15 04:00:00,5.19,5.46,-34.0,152.0,-34.0,152.0
2025-02-15 05:00:00,5.33,5.72,-34.0,152.0,-34.0,152.0
2025-02-15 06:00:00,4.68,4.96,-34.0,152.0,-34.0,152.0
2025-02-15 07:00:00,3.68,3.89,-34.0,152.0,-34.0,152.0
2025-02-15 08:00:00,2.8,2.92,-34.0,152.0,-34.0,152.0
2025-02-15 09:00:00,2.05,2.13,-34.0,152.0,-34.0,152.0
2025-02-15 10:00:00,1.84,1.86,-34.0,152.0,-34.0,152.0
2025-02-15 11:00:00,4.92,5.15,-34.0,152.0,-34.0,152.0
2025-02-15 12:00:00,7.12,7.66,-34.0,152.0,-34.0,152.0
2025-02-15 13:00:00,7.77,8.52,-34.0,152.0,-34.0,152.0
2025-02-15 14:00:00,9.76,10.77,-34.0,152.0,-34.0,152.0
2025-02-15 15:00:00,10.78,12.05,-34.0,152.0,-34.0,152.0
2025-02-15 16:00:00,11.45,12.9,-34.0,152.0,-34.0,152.0
2025-02-15 17:00:00,11.71,13.16,-34.0,152.0,-34.0,152.0
2025-02-15 18:00:00,10.71,11.91,-34.0,152.0,-34.0,152.0
2025-02-15 19:00:00,9.17,10.03,-34.0,152.0,-34.0,152.0
2025-02-15 20:00:00,9.25,10.11,-34.0,152.0,-34.0,152.0
2025-02-15 21:00:00,10.47,11.5,-34.0,152.0,-34.0,152.0
2025-02-15 22:00:00,10.56,11.65,-34.0,152.0,-34.0,152.0
2025-02-15 23:00:00,11.05,12.17,-34.0,152.0,-34.0,152.0
2025-02-16 00:00:00,11.0,12.19,-34.0,152.0,-34.0,152.0
2025-02-16 01:00:00,11.55,12.81,-34.0,152.0,-34.0,152.0
2025-02-16 02:00:00,11.83,13.17,-34.0,152.0,-34.0,152.0
2025-02-16 03:00:00,12.11,13.54,-34.0,152.0,-34.0,152.0
2025-02-16 04:00:00,11.86,13.24,-34.0,152.0,-34.0,152.0
2025-02-16 05:00:00,11.69,13.07,-34.0,152.0,-34.0,152.0
2025-02-16 06:00:00,12.08,13.65,-34.0,152.0,-34.0,152.0
2025-02-16 07:00:00,12.7,14.49,-34.0,152.0,-34.0,152.0
2025-02-16 08:00:00,13.41,15.37,-34.0,152.0,-34.0,152.0
2025-02-16 09:00:00,13.44,15.48,-34.0,152.0,-34.0,152.0
2025-02-16 10:00:00,12.95,14.81,-34.0,152.0,-34.0,152.0
2025-02-16 11:00:00,13.43,15.36,-34.0,152.0,-34.0,152.0
2025-02-16 12:00:00,12.89,14.76,-34.0,152.0,-34.0,152.0
2025-02-16 13:00:00,12.25,13.96,-34.0,152.0,-34.0,152.0
2025-02-16 14:00:00,12.58,14.3,-34.0,152.0,-34.0,152.0
2025-02-16 15:00:00,13.0,14.81,-34.0,152.0,-34.0,152.0
2025-02-16 16:00:00,12.95,14.72,-34.0,152.0,-34.0,152.0
2025-02-16 17:00:00,12.16,13.73,-34.0,152.0,-34.0,152.0
2025-02-16 18:00:00,10.86,12.13,-34.0,152.0,-34.0,152.0
2025-02-16 19:00:00,9.79,10.81,-34.0,152.0,-34.0,152.0
2025-02-16 20:00:00,9.23,10.18,-34.0,152.0,-34.0,152.0
2025-02-16 21:00:00,9.52,10.39,-34.0,152.0,-34.0,152.0
2025-02-16 22:00:00,8.62,9.42,-34.0,152.0,-34.0,152.0
2025-02-16 23:00:00,9.64,10.57,-34.0,152.0,-34.0,152.0
2025-02-17 00:00:00,10.16,11.21,-34.0,152.0,-34.0,152.0
2025-02-17 01:00:00,10.29,11.36,-34.0,152.0,-34.0,152.0
2025-02-17 02:00:00,10.17,11.27,-34.0,152.0,-34.0,152.0
2025-02-17 03:00:00,9.99,11.02,-34.0,152.0,-34.0,152.0
2025-02-17 04:00:00,10.05,11.09,-34.0,152.0,-34.0,152.0
2025-02-17 05:00:00,10.06,11.13,-34.0,152.0,-34.0,152.0
2025-02-17 06:00:00,9.98,11.1,-34.0,152.0,-34.0,152.0
2025-02-17 07:00:00,9.82,10.93,-34.0,152.0,-34.0,152.0
2025-02-17 08:00:00,9.77,10.82,-34.0,152.0,-34.0,152.0
2025-02-17 09:00:00,9.6,10.65,-34.0,152.0,-34.0,152.0
2025-02-17 10:00:00,8.46,9.31,-34.0,152.0,-34.0,152.0
2025-02-17 11:00:00,7.7,8.36,-34.0,152.0,-34.0,152.0
2025-02-17 12:00:00,6.94,7.44,-34.0,152.0,-34.0,152.0
2025-02-17 13:00:00,6.29,6.69,-34.0,152.0,-34.0,152.0
2025-02-17 14:00:00,5.8,6.15,-34.0,152.0,-34.0,152.0
2025-02-17 15:00:00,5.31,5.61,-34.0,152.0,-34.0,152.0
2025-02-17 16:00:00,4.8,5.05,-34.0,152.0,-34.0,152.0
2025-02-17 17:00:00,4.72,4.97,-34.0,152.0,-34.0,152.0
2025-02-17 18:00:00,4.23,4.45,-34.0,152.0,-34.0,152.0
2025-02-17 19:00:00,4.07,4.25,-34.0,152.0,-34.0,152.0
2025-02-17 20:00:00,4.4,4.61,-34.0,152.0,-34.0,152.0
2025-02-17 21:00:00,4.95,5.2,-34.0,152.0,-34.0,152.0
2025-02-17 22:00:00,5.19,5.4,-34.0,152.0,-34.0,152.0
2025-02-17 23:00:00,4.83,4.97,-34.0,152.0,-34.0,152.0
2025-02-18 00:00:00,4.53,4.64,-34.0,152.0,-34.0,152.0
2025-02-18 01:00:00,4.1,4.2,-34.0,152.0,-34.0,152.0
2025-02-18 02:00:00,3.52,3.64,-34.0,152.0,-34.0,152.0
2025-02-18 03:00:00,2.72,2.85,-34.0,152.0,-34.0,152.0
2025-02-18 04:00:00,1.56,1.63,-34.0,152.0,-34.0,152.0
2025-02-18 05:00:00,0.97,1.08,-34.0,152.0,-34.0,152.0
2025-02-18 06:00:00,2.2,2.31,-34.0,152.0,-34.0,152.0
2025-02-18 07:00:00,4.18,4.4,-34.0,152.0,-34.0,152.0
2025-02-18 08:00:00,5.43,5.86,-34.0,152.0,-34.0,152.0
2025-02-18 09:00:00,5.33,5.74,-34.0,152.0,-34.0,152.0
2025-02-18 10:00:00,4.11,4.31,-34.0,152.0,-34.0,152.0
2025-02-18 11:00:00,4.09,4.29,-34.0,152.0,-34.0,152.0
2025-02-18 12:00:00,3.65,3.86,-34.0,152.0,-34.0,152.0
2025-02-18 13:00:00,3.32,3.43,-34.0,152.0,-34.0,152.0
2025-02-18 14:00:00,3.04,3.15,-34.0,152.0,-34.0,152.0
2025-02-18 15:00:00,2.95,3.05,-34.0,152.0,-34.0,152.0
2025-02-18 16:00:00,2.88,3.02,-34.0,152.0,-34.0,152.0
2025-02-18 17:00:00,2.92,3.1,-34.0,152.0,-34.0,152.0
2025-02-18 18:00:00,2.53,2.67,-34.0,152.0,-34.0,152.0
2025-02-18 19:00:00,2.41,2.51,-34.0,152.0,-34.0,152.0
2025-02-18 20:00:00,2.49,2.64,-34.0,152.0,-34.0,152.0
2025-02-18 21:00:00,2.51,2.61,-34.0,152.0,-34.0,152.0
2025-02-18 22:00:00,2.56,2.71,-34.0,152.0,-34.0,152.0
2025-02-18 23:00:00,2.32,2.46,-34.0,152.0,-34.0,152.0
2025-02-19 00:00:00,1.85,2.01,-34.0,152.0,-34.0,152.0
2025-02-19 01:00:00,1.81,1.99,-34.0,152.0,-34.0,152.0
2025-02-19 02:00:00,2.2,2.35,-34.0,152.0,-34.0,152.0
2025-02-19 03:00:00,2.44,2.65,-34.0,152.0,-34.0,152.0
2025-02-19 04:00:00,2.53,2.71,-34.0,152.0,-34.0,152.0
2025-02-19 05:00:00,2.69,2.87,-34.0,152.0,-34.0,152.0
2025-02-19 06:00:00,3.22,3.42,-34.0,152.0,-34.0,152.0
2025-02-19 07:00:00,3.96,4.2,-34.0,152.0,-34.0,152.0
2025-02-19 08:00:00,4.89,5.21,-34.0,152.0,-34.0,152.0
2025-02-19 09:00:00,5.42,5.8,-34.0,152.0,-34.0,152.0
2025-02-19 10:00:00,6.31,6.84,-34.0,152.0,-34.0,152.0
2025-02-19 11:00:00,5.94,6.47,-34.0,152.0,-34.0,152.0
2025-02-19 12:00:00,5.33,5.78,-34.0,152.0,-34.0,152.0
2025-02-19 13:00:00,5.2,5.54,-34.0,152.0,-34.0,152.0
2025-02-19 14:00:00,5.07,5.38,-34.0,152.0,-34.0,152.0
2025-02-19 15:00:00,4.12,4.36,-34.0,152.0,-34.0,152.0
2025-02-19 16:00:00,2.9,2.97,-34.0,152.0,-34.0,152.0
2025-02-19 17:00:00,1.6,1.6,-34.0,152.0,-34.0,152.0
2025-02-19 18:00:00,3.53,3.76,-34.0,152.0,-34.0,152.0
2025-02-19 19:00:00,6.26,6.81,-34.0,152.0,-34.0,152.0
2025-02-19 20:00:00,8.84,9.75,-34.0,152.0,-34.0,152.0
2025-02-19 21:00:00,10.17,11.3,-34.0,152.0,-34.0,152.0
2025-02-19 22:00:00,8.29,9.05,-34.0,152.0,-34.0,152.0
2025-02-19 23:00:00,8.83,9.66,-34.0,152.0,-34.0,152.0
2025-02-20 00:00:00,9.43,10.39,-34.0,152.0,-34.0,152.0
2025-02-20 01:00:00,10.26,11.35,-34.0,152.0,-34.0,152.0
2025-02-20 02:00:00,10.82,12.1,-34.0,152.0,-34.0,152.0
2025-02-20 03:00:00,10.91,12.28,-34.0,152.0,-34.0,152.0
2025-02-20 04:00:00,10.35,11.56,-34.0,152.0,-34.0,152.0
2025-02-20 05:00:00,9.17,10.27,-34.0,152.0,-34.0,152.0
2025-02-20 06:00:00,8.09,8.94,-34.0,152.0,-34.0,152.0
2025-02-20 07:00:00,7.23,7.96,-34.0,152.0,-34.0,152.0
2025-02-20 08:00:00,6.67,7.25,-34.0,152.0,-34.0,152.0
2025-02-20 09:00:00,6.28,6.79,-34.0,152.0,-34.0,152.0
2025-02-20 10:00:00,5.58,6.05,-34.0,152.0,-34.0,152.0
2025-02-20 11:00:00,5.24,5.69,-34.0,152.0,-34.0,152.0
2025-02-20 12:00:00,4.96,5.35,-34.0,152.0,-34.0,152.0
2025-02-20 13:00:00,4.82,5.17,-34.0,152.0,-34.0,152.0
2025-02-20 14:00:00,4.8,5.12,-34.0,152.0,-34.0,152.0
2025-02-20 15:00:00,4.74,5.08,-34.0,152.0,-34.0,152.0
2025-02-20 16:00:00,4.79,5.17,-34.0,152.0,-34.0,152.0
2025-02-20 17:00:00,4.92,5.35,-34.0,152.0,-34.0,152.0
2025-02-20 18:00:00,5.25,5.67,-34.0,152.0,-34.0,152.0
2025-02-20 19:00:00,5.47,5.93,-34.0,152.0,-34.0,152.0
2025-02-20 20:00:00,5.6,6.06,-34.0,152.0,-34.0,152.0
2025-02-20 21:00:00,5.86,6.26,-34.0,152.0,-34.0,152.0
2025-02-20 22:00:00,5.65,6.1,-34.0,152.0,-34.0,152.0
2025-02-20 23:00:00,6.67,7.27,-34.0,152.0,-34.0,152.0
2025-02-21 00:00:00,7.23,7.88,-34.0,152.0,-34.0,152.0
2025-02-21 01:00:00,7.53,8.25,-34.0,152.0,-34.0,152.0
2025-02-21 02:00:00,7.94,8.76,-34.0,152.0,-34.0,152.0
2025-02-21 03:00:00,8.29,9.23,-34.0,152.0,-34.0,152.0
2025-02-21 04:00:00,8.45,9.42,-34.0,152.0,-34.0,152.0
2025-02-21 05:00:00,8.67,9.64,-34.0,152.0,-34.0,152.0
2025-02-21 06:00:00,8.56,9.53,-34.0,152.0,-34.0,152.0
2025-02-21 07:00:00,8.57,9.55,-34.0,152.0,-34.0,152.0
2025-02-21 08:00:00,8.64,9.63,-34.0,152.0,-34.0,152.0
2025-02-21 09:00:00,8.84,9.85,-34.0,152.0,-34.0,152.0
2025-02-21 10:00:00,7.15,8.02,-34.0,152.0,-34.0,152.0
2025-02-21 11:00:00,6.81,7.59,-34.0,152.0,-34.0,152.0
2025-02-21 12:00:00,6.78,7.51,-34.0,152.0,-34.0,152.0
2025-02-21 13:00:00,6.85,7.58,-34.0,152.0,-34.0,152.0
2025-02-21 14:00:00,7.02,7.85,-34.0,152.0,-34.0,152.0
2025-02-21 15:00:00,7.13,7.96,-34.0,152.0,-34.0,152.0
2025-02-21 16:00:00,7.29,8.21,-34.0,152.0,-34.0,152.0
2025-02-21 17:00:00,7.62,8.63,-34.0,152.0,-34.0,152.0
2025-02-21 18:00:00,7.68,8.64,-34.0,152.0,-34.0,152.0
2025-02-21 19:00:00,7.4,8.32,-34.0,152.0,-34.0,152.0
2025-02-21 20:00:00,6.93,7.78,-34.0,152.0,-34.0,152.0
2025-02-21 21:00:00,6.56,7.27,-34.0,152.0,-34.0,152.0
2025-02-21 22:00:00,5.73,6.4,-34.0,152.0,-34.0,152.0
2025-02-21 23:00:00,5.94,6.57,-34.0,152.0,-34.0,152.0
2025-02-22 00:00:00,5.98,6.62,-34.0,152.0,-34.0,152.0
2025-02-22 01:00:00,5.73,6.39,-34.0,152.0,-34.0,152.0
2025-02-22 02:00:00,5.66,6.29,-34.0,152.0,-34.0,152.0
2025-02-22 03:00:00,6.0,6.62,-34.0,152.0,-34.0,152.0
2025-02-22 04:00:00,6.39,7.13,-34.0,152.0,-34.0,152.0
2025-02-22 05:00:00,6.76,7.53,-34.0,152.0,-34.0,152.0
2025-02-22 06:00:00,7.09,7.98,-34.0,152.0,-34.0,152.0
2025-02-22 07:00:00,7.57,8.52,-34.0,152.0,-34.0,152.0
2025-02-22 08:00:00,7.99,9.05,-34.0,152.0,-34.0,152.0
2025-02-22 09:00:00,8.56,9.69,-34.0,152.0,-34.0,152.0
2025-02-22 10:00:00,8.59,9.76,-34.0,152.0,-34.0,152.0
2025-02-22 11:00:00,9.23,10.54,-34.0,152.0,-34.0,152.0
2025-02-22 12:00:00,9.17,10.52,-34.0,152.0,-34.0,152.0
2025-02-22 13:00:00,8.86,10.15,-34.0,152.0,-34.0,152.0
2025-02-22 14:00:00,8.43,9.57,-34.0,152.0,-34.0,152.0
2025-02-22 15:00:00,7.96,9.04,-34.0,152.0,-34.0,152.0
2025-02-22 16:00:00,7.83,8.86,-34.0,152.0,-34.0,152.0
2025-02-22 17:00:00,8.03,9.02,-34.0,152.0,-34.0,152.0
2025-02-22 18:00:00,8.18,9.21,-34.0,152.0,-34.0,152.0
2025-02-22 19:00:00,8.11,9.06,-34.0,152.0,-34.0,152.0
2025-02-22 20:00:00,7.79,8.76,-34.0,152.0,-34.0,152.0
2025-02-22 21:00:00,7.71,8.63,-34.0,152.0,-34.0,152.0
2025-02-22 22:00:00,6.84,7.83,-34.0,152.0,-34.0,152.0
2025-02-22 23:00:00,7.04,7.97,-34.0,152.0,-34.0,152.0
2025-02-23 00:00:00,7.46,8.36,-34.0,152.0,-34.0,152.0
2025-02-23 01:00:00,7.36,8.23,-34.0,152.0,-34.0,152.0
2025-02-23 02:00:00,7.25,8.05,-34.0,152.0,-34.0,152.0
2025-02-23 03:00:00,7.46,8.23,-34.0,152.0,-34.0,152.0
2025-02-23 04:00:00,7.73,8.67,-34.0,152.0,-34.0,152.0
2025-02-23 05:00:00,8.23,9.3,-34.0,152.0,-34.0,152.0
2025-02-23 06:00:00,8.44,9.69,-34.0,152.0,-34.0,152.0
2025-02-23 07:00:00,9.09,10.54,-34.0,152.0,-34.0,152.0
2025-02-23 08:00:00,10.17,12.03,-34.0,152.0,-34.0,152.0
2025-02-23 09:00:00,10.49,12.66,-34.0,152.0,-34.0,152.0
2025-02-23 10:00:00,10.05,11.93,-34.0,152.0,-34.0,152.0
2025-02-23 11:00:00,9.99,11.99,-34.0,152.0,-34.0,152.0
2025-02-23 12:00:00,10.09,12.25,-34.0,152.0,-34.0,152.0
2025-02-23 13:00:00,10.14,12.24,-34.0,152.0,-34.0,152.0
2025-02-23 14:00:00,9.88,11.76,-34.0,152.0,-34.0,152.0
2025-02-23 15:00:00,9.68,11.42,-34.0,152.0,-34.0,152.0
2025-02-23 16:00:00,9.69,11.37,-34.0,152.0,-34.0,152.0
2025-02-23 17:00:00,9.46,11.14,-34.0,152.0,-34.0,152.0
2025-02-23 18:00:00,9.12,10.7,-34.0,152.0,-34.0,152.0
2025-02-23 19:00:00,9.11,10.64,-34.0,152.0,-34.0,152.0
2025-02-23 20:00:00,9.39,10.99,-34.0,152.0,-34.0,152.0
2025-02-23 21:00:00,9.78,11.53,-34.0,152.0,-34.0,152.0
2025-02-23 22:00:00,7.95,9.1,-34.0,152.0,-34.0,152.0
2025-02-23 23:00:00,6.13,6.86,-34.0,152.0,-34.0,152.0
2025-02-24 00:00:00,3.95,4.22,-34.0,152.0,-34.0,152.0
2025-02-24 01:00:00,2.3,2.37,-34.0,152.0,-34.0,152.0
2025-02-24 02:00:00,1.76,1.7,-34.0,152.0,-34.0,152.0
2025-02-24 03:00:00,2.15,2.2,-34.0,152.0,-34.0,152.0
2025-02-24 04:00:00,2.38,2.53,-34.0,152.0,-34.0,152.0
2025-02-24 05:00:00,2.5,2.69,-34.0,152.0,-34.0,152.0
2025-02-24 06:00:00,2.77,2.98,-34.0,152.0,-34.0,152.0
2025-02-24 07:00:00,3.36,3.65,-34.0,152.0,-34.0,152.0
2025-02-24 08:00:00,3.25,3.63,-34.0,152.0,-34.0,152.0
2025-02-24 09:00:00,3.03,3.41,-34.0,152.0,-34.0,152.0
2025-02-24 10:00:00,2.98,3.29,-34.0,152.0,-34.0,152.0
2025-02-24 11:00:00,2.26,2.56,-34.0,152.0,-34.0,152.0
2025-02-24 12:00:00,4.69,5.32,-34.0,152.0,-34.0,152.0
2025-02-24 13:00:00,6.3,7.11,-34.0,152.0,-34.0,152.0
2025-02-24 14:00:00,7.07,7.95,-34.0,152.0,-34.0,152.0
2025-02-24 15:00:00,7.26,8.09,-34.0,152.0,-34.0,152.0
2025-02-24 16:00:00,7.57,8.45,-34.0,152.0,-34.0,152.0
2025-02-24 17:00:00,8.13,9.09,-34.0,152.0,-34.0,152.0
2025-02-24 18:00:00,8.25,9.28,-34.0,152.0,-34.0,152.0
2025-02-24 19:00:00,8.72,9.8,-34.0,152.0,-34.0,152.0
2025-02-24 20:00:00,9.31,10.61,-34.0,152.0,-34.0,152.0
2025-02-24 21:00:00,9.93,11.31,-34.0,152.0,-34.0,152.0
2025-02-24 22:00:00,10.04,11.61,-34.0,152.0,-34.0,152.0
2025-02-24 23:00:00,9.87,11.34,-34.0,152.0,-34.0,152.0
2025-02-25 00:00:00,9.17,10.46,-34.0,152.0,-34.0,152.0
2025-02-25 01:00:00,8.14,9.17,-34.0,152.0,-34.0,152.0
2025-02-25 02:00:00,7.43,8.31,-34.0,152.0,-34.0,152.0
2025-02-25 03:00:00,7.13,7.91,-34.0,152.0,-34.0,152.0
2025-02-25 04:00:00,7.12,7.86,-34.0,152.0,-34.0,152.0
2025-02-25 05:00:00,7.2,7.97,-34.0,152.0,-34.0,152.0
2025-02-25 06:00:00,7.25,8.03,-34.0,152.0,-34.0,152.0
2025-02-25 07:00:00,7.25,8.0,-34.0,152.0,-34.0,152.0
2025-02-25 08:00:00,6.85,7.56,-34.0,152.0,-34.0,152.0
2025-02-25 09:00:00,6.62,7.27,-34.0,152.0,-34.0,152.0
2025-02-25 10:00:00,5.93,6.47,-34.0,152.0,-34.0,152.0
2025-02-25 11:00:00,5.38,5.79,-34.0,152.0,-34.0,152.0
2025-02-25 12:00:00,5.07,5.45,-34.0,152.0,-34.0,152.0
2025-02-25 13:00:00,4.73,5.11,-34.0,152.0,-34.0,152.0
2025-02-25 14:00:00,4.87,5.24,-34.0,152.0,-34.0,152.0
2025-02-25 15:00:00,5.27,5.62,-34.0,152.0,-34.0,152.0
2025-02-25 16:00:00,5.9,6.35,-34.0,152.0,-34.0,152.0
2025-02-25 17:00:00,6.09,6.59,-34.0,152.0,-34.0,152.0
2025-02-25 18:00:00,5.94,6.45,-34.0,152.0,-34.0,152.0
2025-02-25 19:00:00,5.58,6.01,-34.0,152.0,-34.0,152.0
2025-02-25 20:00:00,5.39,5.81,-34.0,152.0,-34.0,152.0
2025-02-25 21:00:00,5.17,5.57,-34.0,152.0,-34.0,152.0
2025-02-25 22:00:00,5.27,5.63,-34.0,152.0,-34.0,152.0
2025-02-25 23:00:00,5.13,5.46,-34.0,152.0,-34.0,152.0
2025-02-26 00:00:00,4.57,4.9,-34.0,152.0,-34.0,152.0
2025-02-26 01:00:00,4.79,5.11,-34.0,152.0,-34.0,152.0
2025-02-26 02:00:00,5.42,5.8,-34.0,152.0,-34.0,152.0
2025-02-26 03:00:00,5.51,5.94,-34.0,152.0,-34.0,152.0
2025-02-26 04:00:00,5.47,5.93,-34.0,152.0,-34.0,152.0
2025-02-26 05:00:00,5.76,6.25,-34.0,152.0,-34.0,152.0
2025-02-26 06:00:00,6.27,6.87,-34.0,152.0,-34.0,152.0
2025-02-26 07:00:00,7.07,7.74,-34.0,152.0,-34.0,152.0
2025-02-26 08:00:00,7.78,8.66,-34.0,152.0,-34.0,152.0
2025-02-26 09:00:00,8.49,9.48,-34.0,152.0,-34.0,152.0
2025-02-26 10:00:00,7.85,8.91,-34.0,152.0,-34.0,152.0
2025-02-26 11:00:00,7.87,8.95,-34.0,152.0,-34.0,152.0
2025-02-26 12:00:00,7.78,8.85,-34.0,152.0,-34.0,152.0
2025-02-26 13:00:00,7.6,8.67,-34.0,152.0,-34.0,152.0
2025-02-26 14:00:00,7.36,8.35,-34.0,152.0,-34.0,152.0
2025-02-26 15:00:00,6.88,7.82,-34.0,152.0,-34.0,152.0
2025-02-26 16:00:00,6.54,7.33,-34.0,152.0,-34.0,152.0
2025-02-26 17:00:00,6.19,6.82,-34.0,152.0,-34.0,152.0
2025-02-26 18:00:00,5.79,6.36,-34.0,152.0,-34.0,152.0
2025-02-26 19:00:00,5.67,6.25,-34.0,152.0,-34.0,152.0
2025-02-26 20:00:00,5.74,6.34,-34.0,152.0,-34.0,152.0
2025-02-26 21:00:00,6.02,6.64,-34.0,152.0,-34.0,152.0
2025-02-26 22:00:00,6.51,7.36,-34.0,152.0,-34.0,152.0
2025-02-26 23:00:00,6.57,7.42,-34.0,152.0,-34.0,152.0
2025-02-27 00:00:00,6.63,7.4,-34.0,152.0,-34.0,152.0
2025-02-27 01:00:00,6.84,7.58,-34.0,152.0,-34.0,152.0
2025-02-27 02:00:00,6.78,7.53,-34.0,152.0,-34.0,152.0
2025-02-27 03:00:00,7.22,8.11,-34.0,152.0,-34.0,152.0
2025-02-27 04:00:00,8.0,9.14,-34.0,152.0,-34.0,152.0
2025-02-27 05:00:00,8.8,10.27,-34.0,152.0,-34.0,152.0
2025-02-27 06:00:00,9.21,10.74,-34.0,152.0,-34.0,152.0
2025-02-27 07:00:00,9.97,11.75,-34.0,152.0,-34.0,152.0
2025-02-27 08:00:00,10.1,12.09,-34.0,152.0,-34.0,152.0
2025-02-27 09:00:00,10.04,12.04,-34.0,152.0,-34.0,152.0
2025-02-27 10:00:00,10.18,12.08,-34.0,152.0,-34.0,152.0
2025-02-27 11:00:00,10.31,12.18,-34.0,152.0,-34.0,152.0
2025-02-27 12:00:00,10.2,12.06,-34.0,152.0,-34.0,152.0
2025-02-27 13:00:00,10.35,12.23,-34.0,152.0,-34.0,152.0
2025-02-27 14:00:00,10.7,12.65,-34.0,152.0,-34.0,152.0
2025-02-27 15:00:00,10.69,12.53,-34.0,152.0,-34.0,152.0
2025-02-27 16:00:00,10.58,12.38,-34.0,152.0,-34.0,152.0
2025-02-27 17:00:00,10.52,12.26,-34.0,152.0,-34.0,152.0
2025-02-27 18:00:00,10.36,12.07,-34.0,152.0,-34.0,152.0
2025-02-27 19:00:00,10.16,11.75,-34.0,152.0,-34.0,152.0
2025-02-27 20:00:00,9.96,11.48,-34.0,152.0,-34.0,152.0
2025-02-27 21:00:00,10.28,11.82,-34.0,152.0,-34.0,152.0
2025-02-27 22:00:00,10.35,12.05,-34.0,152.0,-34.0,152.0
2025-02-27 23:00:00,10.4,12.28,-34.0,152.0,-34.0,152.0
2025-02-28 00:00:00,9.75,11.41,-34.0,152.0,-34.0,152.0
2025-02-28 01:00:00,8.88,10.34,-34.0,152.0,-34.0,152.0
2025-02-28 02:00:00,8.14,9.38,-34.0,152.0,-34.0,152.0
2025-02-28 03:00:00,6.87,7.72,-34.0,152.0,-34.0,152.0
2025-02-28 04:00:00,5.07,4.81,-34.0,152.0,-34.0,152.0
2025-02-28 05:00:00,4.96,4.45,-34.0,152.0,-34.0,152.0
2025-02-28 06:00:00,5.02,4.95,-34.0,152.0,-34.0,152.0
2025-02-28 07:00:00,5.13,5.77,-34.0,152.0,-34.0,152.0
2025-02-28 08:00:00,5.27,6.45,-34.0,152.0,-34.0,152.0
2025-02-28 09:00:00,5.94,7.7,-34.0,152.0,-34.0,152.0
2025-02-28 10:00:00,6.91,9.28,-34.0,152.0,-34.0,152.0
2025-02-28 11:00:00,4.75,6.32,-34.0,152.0,-34.0,152.0
2025-02-28 12:00:00,2.41,3.15,-34.0,152.0,-34.0,152.0
2025-02-28 13:00:00,1.37,1.35,-34.0,152.0,-34.0,152.0
2025-02-28 14:00:00,2.65,2.84,-34.0,152.0,-34.0,152.0
2025-02-28 15:00:00,3.8,4.17,-34.0,152.0,-34.0,152.0
2025-02-28 16:00:00,4.35,4.73,-34.0,152.0,-34.0,152.0
2025-02-28 17:00:00,4.7,5.08,-34.0,152.0,-34.0,152.0
2025-02-28 18:00:00,4.37,4.71,-34.0,152.0,-34.0,152.0
2025-02-28 19:00:00,3.02,3.24,-34.0,152.0,-34.0,152.0
2025-02-28 20:00:00,1.35,1.45,-34.0,152.0,-34.0,152.0
2025-02-28 21:00:00,0.21,0.15,-34.0,152.0,-34.0,152.0
2025-02-28 22:00:00,4.19,4.61,-34.0,152.0,-34.0,152.0
2025-02-28 23:00:00,4.96,5.4,-34.0,152.0,-34.0,152.0
2025-03-01 00:00:00,4.22,4.6,-34.0,152.0,-34.0,152.0
2025-03-01 01:00:00,3.45,3.65,-34.0,152.0,-34.0,152.0
2025-03-01 02:00:00,3.44,3.72,-34.0,152.0,-34.0,152.0
2025-03-01 03:00:00,4.26,4.62,-34.0,152.0,-34.0,152.0
2025-03-01 04:00:00,4.95,5.33,-34.0,152.0,-34.0,152.0
2025-03-01 05:00:00,5.6,6.11,-34.0,152.0,-34.0,152.0
2025-03-01 06:00:00,6.65,7.41,-34.0,152.0,-34.0,152.0
2025-03-01 07:00:00,8.13,9.3,-34.0,152.0,-34.0,152.0
2025-03-01 08:00:00,9.59,11.27,-34.0,152.0,-34.0,152.0
2025-03-01 09:00:00,10.25,12.4,-34.0,152.0,-34.0,152.0
2025-03-01 10:00:00,9.73,11.74,-34.0,152.0,-34.0,152.0
2025-03-01 11:00:00,10.34,12.57,-34.0,152.0,-34.0,152.0
2025-03-01 12:00:00,10.36,12.47,-34.0,152.0,-34.0,152.0
2025-03-01 13:00:00,10.23,12.19,-34.0,152.0,-34.0,152.0
2025-03-01 14:00:00,10.12,11.91,-34.0,152.0,-34.0,152.0
2025-03-01 15:00:00,9.89,11.55,-34.0,152.0,-34.0,152.0
2025-03-01 16:00:00,9.94,11.5,-34.0,152.0,-34.0,152.0
2025-03-01 17:00:00,10.26,11.88,-34.0,152.0,-34.0,152.0
2025-03-01 18:00:00,10.53,12.25,-34.0,152.0,-34.0,152.0
2025-03-01 19:00:00,10.64,12.41,-34.0,152.0,-34.0,152.0
2025-03-01 20:00:00,10.57,12.3,-34.0,152.0,-34.0,152.0
2025-03-01 21:00:00,10.19,11.8,-34.0,152.0,-34.0,152.0
2025-03-01 22:00:00,9.04,10.37,-34.0,152.0,-34.0,152.0
2025-03-01 23:00:00,9.37,10.61,-34.0,152.0,-34.0,152.0
2025-03-02 00:00:00,8.92,10.09,-34.0,152.0,-34.0,152.0
2025-03-02 01:00:00,8.19,9.26,-34.0,152.0,-34.0,152.0
2025-03-02 02:00:00,7.33,8.21,-34.0,152.0,-34.0,152.0
2025-03-02 03:00:00,5.8,6.41,-34.0,152.0,-34.0,152.0
2025-03-02 04:00:00,3.67,3.94,-34.0,152.0,-34.0,152.0
2025-03-02 05:00:00,1.35,1.27,-34.0,152.0,-34.0,152.0
2025-03-02 06:00:00,2.17,2.26,-34.0,152.0,-34.0,152.0
2025-03-02 07:00:00,2.91,3.09,-34.0,152.0,-34.0,152.0
2025-03-02 08:00:00,3.56,3.86,-34.0,152.0,-34.0,152.0
2025-03-02 09:00:00,3.9,4.3,-34.0,152.0,-34.0,152.0
2025-03-02 10:00:00,5.05,5.5,-34.0,152.0,-34.0,152.0
2025-03-02 11:00:00,5.72,6.27,-34.0,152.0,-34.0,152.0
2025-03-02 12:00:00,6.94,7.64,-34.0,152.0,-34.0,152.0
2025-03-02 13:00:00,8.32,9.32,-34.0,152.0,-34.0,152.0
2025-03-02 14:00:00,8.55,9.6,-34.0,152.0,-34.0,152.0
2025-03-02 15:00:00,8.86,9.97,-34.0,152.0,-34.0,152.0
2025-03-02 16:00:00,9.29,10.5,-34.0,152.0,-34.0,152.0
2025-03-02 17:00:00,9.77,10.98,-34.0,152.0,-34.0,152.0
2025-03-02 18:00:00,9.81,11.12,-34.0,152.0,-34.0,152.0
2025-03-02 19:00:00,9.47,10.76,-34.0,152.0,-34.0,152.0
2025-03-02 20:00:00,8.89,10.09,-34.0,152.0,-34.0,152.0
2025-03-02 21:00:00,8.54,9.63,-34.0,152.0,-34.0,152.0
2025-03-02 22:00:00,9.83,11.2,-34.0,152.0,-34.0,152.0
2025-03-02 23:00:00,9.75,10.97,-34.0,152.0,-34.0,152.0
2025-03-03 00:00:00,9.23,10.41,-34.0,152.0,-34.0,152.0
2025-03-03 01:00:00,8.78,9.89,-34.0,152.0,-34.0,152.0
2025-03-03 02:00:00,8.69,9.75,-34.0,152.0,-34.0,152.0
2025-03-03 03:00:00,8.8,9.87,-34.0,152.0,-34.0,152.0
2025-03-03 04:00:00,9.09,10.26,-34.0,152.0,-34.0,152.0
2025-03-03 05:00:00,9.12,10.31,-34.0,152.0,-34.0,152.0
2025-03-03 06:00:00,8.97,10.11,-34.0,152.0,-34.0,152.0
2025-03-03 07:00:00,8.46,9.52,-34.0,152.0,-34.0,152.0
2025-03-03 08:00:00,7.86,8.83,-34.0,152.0,-34.0,152.0
2025-03-03 09:00:00,7.45,8.28,-34.0,152.0,-34.0,152.0
2025-03-03 10:00:00,7.58,8.48,-34.0,152.0,-34.0,152.0
2025-03-03 11:00:00,7.06,7.85,-34.0,152.0,-34.0,152.0
2025-03-03 12:00:00,7.25,8.03,-34.0,152.0,-34.0,152.0
2025-03-03 13:00:00,7.55,8.37,-34.0,152.0,-34.0,152.0
2025-03-03 14:00:00,7.82,8.67,-34.0,152.0,-34.0,152.0
2025-03-03 15:00:00,8.38,9.37,-34.0,152.0,-34.0,152.0
2025-03-03 16:00:00,8.94,10.18,-34.0,152.0,-34.0,152.0
2025-03-03 17:00:00,9.12,10.37,-34.0,152.0,-34.0,152.0
2025-03-03 18:00:00,9.28,10.5,-34.0,152.0,-34.0,152.0
2025-03-03 19:00:00,9.49,10.71,-34.0,152.0,-34.0,152.0
2025-03-03 20:00:00,9.92,11.3,-34.0,152.0,-34.0,152.0
2025-03-03 21:00:00,10.82,12.31,-34.0,152.0,-34.0,152.0
2025-03-03 22:00:00,11.4,13.13,-34.0,152.0,-34.0,152.0
2025-03-03 23:00:00,11.35,13.1,-34.0,152.0,-34.0,152.0
2025-03-04 00:00:00,10.77,12.38,-34.0,152.0,-34.0,152.0
2025-03-04 01:00:00,9.73,11.07,-34.0,152.0,-34.0,152.0
2025-03-04 02:00:00,9.33,10.48,-34.0,152.0,-34.0,152.0
2025-03-04 03:00:00,9.38,10.53,-34.0,152.0,-34.0,152.0
2025-03-04 04:00:00,9.57,10.68,-34.0,152.0,-34.0,152.0
2025-03-04 05:00:00,9.52,10.63,-34.0,152.0,-34.0,152.0
2025-03-04 06:00:00,9.25,10.32,-34.0,152.0,-34.0,152.0
2025-03-04 07:00:00,9.23,10.33,-34.0,152.0,-34.0,152.0
2025-03-04 08:00:00,9.26,10.43,-34.0,152.0,-34.0,152.0
2025-03-04 09:00:00,9.72,10.92,-34.0,152.0,-34.0,152.0
2025-03-04 10:00:00,11.09,12.61,-34.0,152.0,-34.0,152.0
2025-03-04 11:00:00,11.42,13.01,-34.0,152.0,-34.0,152.0
2025-03-04 12:00:00,11.45,13.08,-34.0,152.0,-34.0,152.0
2025-03-04 13:00:00,10.94,12.44,-34.0,152.0,-34.0,152.0
2025-03-04 14:00:00,10.21,11.59,-34.0,152.0,-34.0,152.0
2025-03-04 15:00:00,9.57,10.79,-34.0,152.0,-34.0,152.0
2025-03-04 16:00:00,9.19,10.3,-34.0,152.0,-34.0,152.0
2025-03-04 17:00:00,9.89,11.16,-34.0,152.0,-34.0,152.0
2025-03-04 18:00:00,10.51,11.85,-34.0,152.0,-34.0,152.0
2025-03-04 19:00:00,10.45,11.79,-34.0,152.0,-34.0,152.0
2025-03-04 20:00:00,10.22,11.49,-34.0,152.0,-34.0,152.0
2025-03-04 21:00:00,9.85,11.05,-34.0,152.0,-34.0,152.0
2025-03-04 22:00:00,8.11,8.82,-34.0,152.0,-34.0,152.0
2025-03-04 23:00:00,8.02,8.63,-34.0,152.0,-34.0,152.0
2025-03-05 00:00:00,7.85,8.5,-34.0,152.0,-34.0,152.0
2025-03-05 01:00:00,7.32,7.95,-34.0,152.0,-34.0,152.0
2025-03-05 02:00:00,7.02,7.63,-34.0,152.0,-34.0,152.0
2025-03-05 03:00:00,7.07,7.69,-34.0,152.0,-34.0,152.0
2025-03-05 04:00:00,7.21,7.89,-34.0,152.0,-34.0,152.0
2025-03-05 05:00:00,7.47,8.19,-34.0,152.0,-34.0,152.0
2025-03-05 06:00:00,8.1,8.93,-34.0,152.0,-34.0,152.0
2025-03-05 07:00:00,8.52,9.39,-34.0,152.0,-34.0,152.0
2025-03-05 08:00:00,8.8,9.72,-34.0,152.0,-34.0,152.0
2025-03-05 09:00:00,9.02,10.02,-34.0,152.0,-34.0,152.0
2025-03-05 10:00:00,9.36,10.58,-34.0,152.0,-34.0,152.0
2025-03-05 11:00:00,9.14,10.31,-34.0,152.0,-34.0,152.0
2025-03-05 12:00:00,9.05,10.15,-34.0,152.0,-34.0,152.0
2025-03-05 13:00:00,9.0,10.02,-34.0,152.0,-34.0,152.0
2025-03-05 14:00:00,9.27,10.34,-34.0,152.0,-34.0,152.0
2025-03-05 15:00:00,9.3,10.33,-34.0,152.0,-34.0,152.0
2025-03-05 16:00:00,9.01,10.04,-34.0,152.0,-34.0,152.0
2025-03-05 17:00:00,8.63,9.55,-34.0,152.0,-34.0,152.0
2025-03-05 18:00:00,8.08,8.89,-34.0,152.0,-34.0,152.0
2025-03-05 19:00:00,7.8,8.61,-34.0,152.0,-34.0,152.0
2025-03-05 20:00:00,8.14,8.97,-34.0,152.0,-34.0,152.0
2025-03-05 21:00:00,8.97,9.95,-34.0,152.0,-34.0,152.0
2025-03-05 22:00:00,8.33,9.31,-34.0,152.0,-34.0,152.0
2025-03-05 23:00:00,8.11,9.01,-34.0,152.0,-34.0,152.0
2025-03-06 00:00:00,8.19,9.08,-34.0,152.0,-34.0,152.0
2025-03-06 01:00:00,8.43,9.39,-34.0,152.0,-34.0,152.0
2025-03-06 02:00:00,8.61,9.6,-34.0,152.0,-34.0,152.0
2025-03-06 03:00:00,8.73,9.78,-34.0,152.0,-34.0,152.0
2025-03-06 04:00:00,9.02,10.12,-34.0,152.0,-34.0,152.0
2025-03-06 05:00:00,9.21,10.36,-34.0,152.0,-34.0,152.0
2025-03-06 06:00:00,9.35,10.53,-34.0,152.0,-34.0,152.0
2025-03-06 07:00:00,9.24,10.4,-34.0,152.0,-34.0,152.0
2025-03-06 08:00:00,9.17,10.28,-34.0,152.0,-34.0,152.0
2025-03-06 09:00:00,9.16,10.26,-34.0,152.0,-34.0,152.0
2025-03-06 10:00:00,7.86,8.78,-34.0,152.0,-34.0,152.0
2025-03-06 11:00:00,8.76,9.66,-34.0,152.0,-34.0,152.0
2025-03-06 12:00:00,9.18,10.27,-34.0,152.0,-34.0,152.0
2025-03-06 13:00:00,9.29,10.36,-34.0,152.0,-34.0,152.0
2025-03-06 14:00:00,9.1,10.13,-34.0,152.0,-34.0,152.0
2025-03-06 15:00:00,8.78,9.71,-34.0,152.0,-34.0,152.0
2025-03-06 16:00:00,8.64,9.54,-34.0,152.0,-34.0,152.0
2025-03-06 17:00:00,9.18,10.14,-34.0,152.0,-34.0,152.0
2025-03-06 18:00:00,9.7,10.84,-34.0,152.0,-34.0,152.0
2025-03-06 19:00:00,9.9,11.1,-34.0,152.0,-34.0,152.0
2025-03-06 20:00:00,10.48,11.84,-34.0,152.0,-34.0,152.0
2025-03-06 21:00:00,11.19,12.71,-34.0,152.0,-34.0,152.0
2025-03-06 22:00:00,8.98,10.0,-34.0,152.0,-34.0,152.0
2025-03-06 23:00:00,9.48,10.67,-34.0,152.0,-34.0,152.0
2025-03-07 00:00:00,10.25,11.53,-34.0,152.0,-34.0,152.0
2025-03-07 01:00:00,10.36,11.68,-34.0,152.0,-34.0,152.0
2025-03-07 02:00:00,9.78,10.92,-34.0,152.0,-34.0,152.0
2025-03-07 03:00:00,8.92,9.91,-34.0,152.0,-34.0,152.0
2025-03-07 04:00:00,8.28,9.19,-34.0,152.0,-34.0,152.0
2025-03-07 05:00:00,8.19,9.02,-34.0,152.0,-34.0,152.0
2025-03-07 06:00:00,8.37,9.26,-34.0,152.0,-34.0,152.0
2025-03-07 07:00:00,8.86,9.84,-34.0,152.0,-34.0,152.0
2025-03-07 08:00:00,9.41,10.53,-34.0,152.0,-34.0,152.0
2025-03-07 09:00:00,9.79,11.0,-34.0,152.0,-34.0,152.0
2025-03-07 10:00:00,7.55,8.29,-34.0,152.0,-34.0,152.0
2025-03-07 11:00:00,7.91,8.73,-34.0,152.0,-34.0,152.0
2025-03-07 12:00:00,7.83,8.68,-34.0,152.0,-34.0,152.0
2025-03-07 13:00:00,7.67,8.4,-34.0,152.0,-34.0,152.0
2025-03-07 14:00:00,7.47,8.18,-34.0,152.0,-34.0,152.0
2025-03-07 15:00:00,7.14,7.87,-34.0,152.0,-34.0,152.0
2025-03-07 16:00:00,7.13,7.81,-34.0,152.0,-34.0,152.0
2025-03-07 17:00:00,7.52,8.29,-34.0,152.0,-34.0,152.0
2025-03-07 18:00:00,8.2,9.07,-34.0,152.0,-34.0,152.0
2025-03-07 19:00:00,8.86,9.88,-34.0,152.0,-34.0,152.0
2025-03-07 20:00:00,9.23,10.34,-34.0,152.0,-34.0,152.0
2025-03-07 21:00:00,9.47,10.58,-34.0,152.0,-34.0,152.0
2025-03-07 22:00:00,8.9,10.0,-34.0,152.0,-34.0,152.0
2025-03-07 23:00:00,8.66,9.72,-34.0,152.0,-34.0,152.0
2025-03-08 00:00:00,8.83,9.88,-34.0,152.0,-34.0,152.0
2025-03-08 01:00:00,8.73,9.73,-34.0,152.0,-34.0,152.0
2025-03-08 02:00:00,8.3,9.25,-34.0,152.0,-34.0,152.0
2025-03-08 03:00:00,7.8,8.65,-34.0,152.0,-34.0,152.0
2025-03-08 04:00:00,7.45,8.2,-34.0,152.0,-34.0,152.0
2025-03-08 05:00:00,7.1,7.75,-34.0,152.0,-34.0,152.0
2025-03-08 06:00:00,6.75,7.35,-34.0,152.0,-34.0,152.0
2025-03-08 07:00:00,6.5,7.1,-34.0,152.0,-34.0,152.0
2025-03-08 08:00:00,6.35,6.95,-34.0,152.0,-34.0,152.0
2025-03-08 09:00:00,6.6,7.25,-34.0,152.0,-34.0,152.0
2025-03-08 10:00:00,7.49,8.35,-34.0,152.0,-34.0,152.0
2025-03-08 11:00:00,7.59,8.5,-34.0,152.0,-34.0,152.0
2025-03-08 12:00:00,7.83,8.68,-34.0,152.0,-34.0,152.0
2025-03-08 13:00:00,7.84,8.75,-34.0,152.0,-34.0,152.0
2025-03-08 14:00:00,8.07,8.99,-34.0,152.0,-34.0,152.0
2025-03-08 15:00:00,8.43,9.42,-34.0,152.0,-34.0,152.0
2025-03-08 16:00:00,8.01,8.95,-34.0,152.0,-34.0,152.0
2025-03-08 17:00:00,7.27,8.05,-34.0,152.0,-34.0,152.0
2025-03-08 18:00:00,6.95,7.76,-34.0,152.0,-34.0,152.0
2025-03-08 19:00:00,7.09,7.87,-34.0,152.0,-34.0,152.0
2025-03-08 20:00:00,7.36,8.16,-34.0,152.0,-34.0,152.0
2025-03-08 21:00:00,8.01,8.91,-34.0,152.0,-34.0,152.0
2025-03-08 22:00:00,6.66,7.49,-34.0,152.0,-34.0,152.0
2025-03-08 23:00:00,7.29,8.1,-34.0,152.0,-34.0,152.0
2025-03-09 00:00:00,7.35,8.17,-34.0,152.0,-34.0,152.0
2025-03-09 01:00:00,7.26,8.11,-34.0,152.0,-34.0,152.0
2025-03-09 02:00:00,7.01,7.82,-34.0,152.0,-34.0,152.0
2025-03-09 03:00:00,7.04,7.82,-34.0,152.0,-34.0,152.0
2025-03-09 04:00:00,7.22,8.08,-34.0,152.0,-34.0,152.0
2025-03-09 05:00:00,7.5,8.46,-34.0,152.0,-34.0,152.0
2025-03-09 06:00:00,7.85,8.87,-34.0,152.0,-34.0,152.0
2025-03-09 07:00:00,8.09,9.15,-34.0,152.0,-34.0,152.0
2025-03-09 08:00:00,8.68,9.82,-34.0,152.0,-34.0,152.0
2025-03-09 09:00:00,9.46,10.78,-34.0,152.0,-34.0,152.0
2025-03-09 10:00:00,7.86,8.96,-34.0,152.0,-34.0,152.0
2025-03-09 11:00:00,8.13,9.25,-34.0,152.0,-34.0,152.0
2025-03-09 12:00:00,8.06,9.14,-34.0,152.0,-34.0,152.0
2025-03-09 13:00:00,8.08,9.09,-34.0,152.0,-34.0,152.0
2025-03-09 14:00:00,8.9,10.05,-34.0,152.0,-34.0,152.0
2025-03-09 15:00:00,9.14,10.33,-34.0,152.0,-34.0,152.0
2025-03-09 16:00:00,9.03,10.21,-34.0,152.0,-34.0,152.0
2025-03-09 17:00:00,9.17,10.38,-34.0,152.0,-34.0,152.0
2025-03-09 18:00:00,8.75,9.83,-34.0,152.0,-34.0,152.0
2025-03-09 19:00:00,8.66,9.69,-34.0,152.0,-34.0,152.0
2025-03-09 20:00:00,8.73,9.8,-34.0,152.0,-34.0,152.0
2025-03-09 21:00:00,8.69,9.76,-34.0,152.0,-34.0,152.0
2025-03-09 22:00:00,7.64,8.61,-34.0,152.0,-34.0,152.0
2025-03-09 23:00:00,8.13,9.1,-34.0,152.0,-34.0,152.0
2025-03-10 00:00:00,8.42,9.48,-34.0,152.0,-34.0,152.0
2025-03-10 01:00:00,8.25,9.26,-34.0,152.0,-34.0,152.0
2025-03-10 02:00:00,7.58,8.43,-34.0,152.0,-34.0,152.0
2025-03-10 03:00:00,6.68,7.41,-34.0,152.0,-34.0,152.0
2025-03-10 04:00:00,6.25,6.86,-34.0,152.0,-34.0,152.0
2025-03-10 05:00:00,6.4,7.0,-34.0,152.0,-34.0,152.0
2025-03-10 06:00:00,6.5,7.16,-34.0,152.0,-34.0,152.0
2025-03-10 07:00:00,6.76,7.44,-34.0,152.0,-34.0,152.0
2025-03-10 08:00:00,7.32,8.13,-34.0,152.0,-34.0,152.0
2025-03-10 09:00:00,6.86,7.62,-34.0,152.0,-34.0,152.0
2025-03-10 10:00:00,2.57,2.72,-34.0,152.0,-34.0,152.0
2025-03-10 11:00:00,1.89,2.04,-34.0,152.0,-34.0,152.0
2025-03-10 12:00:00,2.43,2.6,-34.0,152.0,-34.0,152.0
2025-03-10 13:00:00,4.0,4.32,-34.0,152.0,-34.0,152.0
2025-03-10 14:00:00,6.19,6.76,-34.0,152.0,-34.0,152.0
2025-03-10 15:00:00,7.24,7.99,-34.0,152.0,-34.0,152.0
2025-03-10 16:00:00,7.05,7.8,-34.0,152.0,-34.0,152.0
2025-03-10 17:00:00,6.65,7.28,-34.0,152.0,-34.0,152.0
2025-03-10 18:00:00,6.3,6.91,-34.0,152.0,-34.0,152.0
2025-03-10 19:00:00,5.83,6.37,-34.0,152.0,-34.0,152.0
2025-03-10 20:00:00,6.01,6.54,-34.0,152.0,-34.0,152.0
2025-03-10 21:00:00,6.72,7.36,-34.0,152.0,-34.0,152.0
2025-03-10 22:00:00,5.38,5.78,-34.0,152.0,-34.0,152.0
2025-03-10 23:00:00,5.35,5.76,-34.0,152.0,-34.0,152.0
2025-03-11 00:00:00,5.58,5.98,-34.0,152.0,-34.0,152.0
2025-03-11 01:00:00,5.22,5.58,-34.0,152.0,-34.0,152.0
2025-03-11 02:00:00,4.76,5.01,-34.0,152.0,-34.0,152.0
2025-03-11 03:00:00,4.5,4.74,-34.0,152.0,-34.0,152.0
2025-03-11 04:00:00,4.41,4.61,-34.0,152.0,-34.0,152.0
2025-03-11 05:00:00,4.36,4.65,-34.0,152.0,-34.0,152.0
2025-03-11 06:00:00,4.53,4.83,-34.0,152.0,-34.0,152.0
2025-03-11 07:00:00,4.66,5.02,-34.0,152.0,-34.0,152.0
2025-03-11 08:00:00,4.8,5.15,-34.0,152.0,-34.0,152.0
2025-03-11 09:00:00,4.96,5.32,-34.0,152.0,-34.0,152.0
2025-03-11 10:00:00,2.86,3.15,-34.0,152.0,-34.0,152.0
2025-03-11 11:00:00,1.67,1.76,-34.0,152.0,-34.0,152.0
2025-03-11 12:00:00,2.73,2.89,-34.0,152.0,-34.0,152.0
2025-03-11 13:00:00,3.02,3.21,-34.0,152.0,-34.0,152.0
2025-03-11 14:00:00,3.54,3.75,-34.0,152.0,-34.0,152.0
2025-03-11 15:00:00,3.68,3.92,-34.0,152.0,-34.0,152.0
2025-03-11 16:00:00,3.55,3.8,-34.0,152.0,-34.0,152.0
2025-03-11 17:00:00,3.28,3.48,-34.0,152.0,-34.0,152.0
2025-03-11 18:00:00,3.07,3.29,-34.0,152.0,-34.0,152.0
2025-03-11 19:00:00,2.91,3.06,-34.0,152.0,-34.0,152.0
2025-03-11 20:00:00,2.68,2.83,-34.0,152.0,-34.0,152.0
2025-03-11 21:00:00,2.58,2.66,-34.0,152.0,-34.0,152.0
2025-03-11 22:00:00,2.43,2.5,-34.0,152.0,-34.0,152.0
2025-03-11 23:00:00,1.74,1.81,-34.0,152.0,-34.0,152.0
2025-03-12 00:00:00,1.18,1.25,-34.0,152.0,-34.0,152.0
2025-03-12 01:00:00,0.76,0.76,-34.0,152.0,-34.0,152.0
2025-03-12 02:00:00,0.36,0.41,-34.0,152.0,-34.0,152.0
2025-03-12 03:00:00,0.27,0.32,-34.0,152.0,-34.0,152.0
2025-03-12 04:00:00,0.42,0.43,-34.0,152.0,-34.0,152.0
2025-03-12 05:00:00,0.91,0.86,-34.0,152.0,-34.0,152.0
2025-03-12 06:00:00,1.34,1.42,-34.0,152.0,-34.0,152.0
2025-03-12 07:00:00,1.76,1.88,-34.0,152.0,-34.0,152.0
2025-03-12 08:00:00,2.02,2.16,-34.0,152.0,-34.0,152.0
2025-03-12 09:00:00,2.31,2.52,-34.0,152.0,-34.0,152.0
2025-03-12 10:00:00,1.56,1.66,-34.0,152.0,-34.0,152.0
2025-03-12 11:00:00,2.08,2.26,-34.0,152.0,-34.0,152.0
2025-03-12 12:00:00,2.76,2.97,-34.0,152.0,-34.0,152.0
2025-03-12 13:00:00,3.3,3.59,-34.0,152.0,-34.0,152.0
2025-03-12 14:00:00,3.44,3.71,-34.0,152.0,-34.0,152.0
2025-03-12 15:00:00,3.57,3.79,-34.0,152.0,-34.0,152.0
2025-03-12 16:00:00,3.81,4.06,-34.0,152.0,-34.0,152.0
2025-03-12 17:00:00,4.04,4.29,-34.0,152.0,-34.0,152.0
2025-03-12 18:00:00,3.86,4.07,-34.0,152.0,-34.0,152.0
2025-03-12 19:00:00,3.62,3.82,-34.0,152.0,-34.0,152.0
2025-03-12 20:00:00,3.5,3.71,-34.0,152.0,-34.0,152.0
2025-03-12 21:00:00,3.39,3.6,-34.0,152.0,-34.0,152.0
2025-03-12 22:00:00,3.66,3.92,-34.0,152.0,-34.0,152.0
2025-03-12 23:00:00,4.01,4.26,-34.0,152.0,-34.0,152.0
2025-03-13 00:00:00,3.96,4.25,-34.0,152.0,-34.0,152.0
2025-03-13 01:00:00,4.18,4.41,-34.0,152.0,-34.0,152.0
2025-03-13 02:00:00,4.52,4.81,-34.0,152.0,-34.0,152.0
2025-03-13 03:00:00,4.47,4.77,-34.0,152.0,-34.0,152.0
2025-03-13 04:00:00,4.3,4.55,-34.0,152.0,-34.0,152.0
2025-03-13 05:00:00,4.55,4.82,-34.0,152.0,-34.0,152.0
2025-03-13 06:00:00,5.34,5.75,-34.0,152.0,-34.0,152.0
2025-03-13 07:00:00,6.05,6.63,-34.0,152.0,-34.0,152.0
2025-03-13 08:00:00,6.77,7.53,-34.0,152.0,-34.0,152.0
2025-03-13 09:00:00,7.63,8.62,-34.0,152.0,-34.0,152.0
2025-03-13 10:00:00,7.34,8.24,-34.0,152.0,-34.0,152.0
2025-03-13 11:00:00,7.59,8.57,-34.0,152.0,-34.0,152.0
2025-03-13 12:00:00,7.46,8.48,-34.0,152.0,-34.0,152.0
2025-03-13 13:00:00,7.0,7.92,-34.0,152.0,-34.0,152.0
2025-03-13 14:00:00,6.33,7.14,-34.0,152.0,-34.0,152.0
2025-03-13 15:00:00,5.69,6.34,-34.0,152.0,-34.0,152.0
2025-03-13 16:00:00,5.4,5.9,-34.0,152.0,-34.0,152.0
2025-03-13 17:00:00,5.34,5.84,-34.0,152.0,-34.0,152.0
2025-03-13 18:00:00,5.16,5.61,-34.0,152.0,-34.0,152.0
2025-03-13 19:00:00,4.65,5.1,-34.0,152.0,-34.0,152.0
2025-03-13 20:00:00,4.36,4.71,-34.0,152.0,-34.0,152.0
2025-03-13 21:00:00,4.62,5.02,-34.0,152.0,-34.0,152.0
2025-03-13 22:00:00,4.9,5.85,-34.0,152.0,-34.0,152.0
2025-03-13 23:00:00,5.46,6.36,-34.0,152.0,-34.0,152.0
2025-03-14 00:00:00,5.61,6.28,-34.0,152.0,-34.0,152.0
2025-03-14 01:00:00,5.46,5.97,-34.0,152.0,-34.0,152.0
2025-03-14 02:00:00,5.08,5.57,-34.0,152.0,-34.0,152.0
2025-03-14 03:00:00,4.66,5.17,-34.0,152.0,-34.0,152.0
2025-03-14 04:00:00,4.6,5.12,-34.0,152.0,-34.0,152.0
2025-03-14 05:00:00,5.21,5.84,-34.0,152.0,-34.0,152.0
2025-03-14 06:00:00,6.0,7.2,-34.0,152.0,-34.0,152.0
2025-03-14 07:00:00,6.97,8.97,-34.0,152.0,-34.0,152.0
2025-03-14 08:00:00,7.73,10.34,-34.0,152.0,-34.0,152.0
2025-03-14 09:00:00,7.75,10.78,-34.0,152.0,-34.0,152.0
2025-03-14 10:00:00,7.34,10.06,-34.0,152.0,-34.0,152.0
2025-03-14 11:00:00,7.95,10.87,-34.0,152.0,-34.0,152.0
2025-03-14 12:00:00,8.53,11.47,-34.0,152.0,-34.0,152.0
2025-03-14 13:00:00,7.7,10.72,-34.0,152.0,-34.0,152.0
2025-03-14 14:00:00,5.53,8.11,-34.0,152.0,-34.0,152.0
2025-03-14 15:00:00,4.21,6.24,-34.0,152.0,-34.0,152.0
2025-03-14 16:00:00,3.32,5.0,-34.0,152.0,-34.0,152.0
2025-03-14 17:00:00,2.09,3.19,-34.0,152.0,-34.0,152.0
2025-03-14 18:00:00,1.4,1.87,-34.0,152.0,-34.0,152.0
2025-03-14 19:00:00,1.03,1.38,-34.0,152.0,-34.0,152.0
2025-03-14 20:00:00,1.23,1.55,-34.0,152.0,-34.0,152.0
2025-03-14 21:00:00,2.03,2.25,-34.0,152.0,-34.0,152.0
2025-03-14 22:00:00,2.79,3.24,-34.0,152.0,-34.0,152.0
2025-03-14 23:00:00,4.02,4.51,-34.0,152.0,-34.0,152.0
2025-03-15 00:00:00,4.0,4.45,-34.0,152.0,-34.0,152.0
2025-03-15 01:00:00,3.41,3.63,-34.0,152.0,-34.0,152.0
2025-03-15 02:00:00,3.19,3.37,-34.0,152.0,-34.0,152.0
2025-03-15 03:00:00,3.53,3.8,-34.0,152.0,-34.0,152.0
2025-03-15 04:00:00,4.19,4.66,-34.0,152.0,-34.0,152.0
2025-03-15 05:00:00,5.48,6.22,-34.0,152.0,-34.0,152.0
2025-03-15 06:00:00,6.75,8.2,-34.0,152.0,-34.0,152.0
2025-03-15 07:00:00,7.74,10.29,-34.0,152.0,-34.0,152.0
2025-03-15 08:00:00,8.36,11.61,-34.0,152.0,-34.0,152.0
2025-03-15 09:00:00,9.37,12.84,-34.0,152.0,-34.0,152.0
2025-03-15 10:00:00,9.34,13.0,-34.0,152.0,-34.0,152.0
2025-03-15 11:00:00,10.35,14.25,-34.0,152.0,-34.0,152.0
2025-03-15 12:00:00,10.9,15.05,-34.0,152.0,-34.0,152.0
2025-03-15 13:00:00,11.31,15.46,-34.0,152.0,-34.0,152.0
2025-03-15 14:00:00,11.33,15.44,-34.0,152.0,-34.0,152.0
2025-03-15 15:00:00,11.34,15.21,-34.0,152.0,-34.0,152.0
2025-03-15 16:00:00,10.96,15.25,-34.0,152.0,-34.0,152.0
2025-03-15 17:00:00,10.77,15.47,-34.0,152.0,-34.0,152.0
2025-03-15 18:00:00,11.05,15.18,-34.0,152.0,-34.0,152.0
2025-03-15 19:00:00,10.74,14.91,-34.0,152.0,-34.0,152.0
2025-03-15 20:00:00,10.26,14.4,-34.0,152.0,-34.0,152.0
2025-03-15 21:00:00,10.01,13.79,-34.0,152.0,-34.0,152.0
2025-03-15 22:00:00,9.6,12.92,-34.0,152.0,-34.0,152.0
2025-03-15 23:00:00,8.9,12.02,-34.0,152.0,-34.0,152.0
2025-03-16 00:00:00,8.49,11.47,-34.0,152.0,-34.0,152.0
2025-03-16 01:00:00,7.76,10.48,-34.0,152.0,-34.0,152.0
2025-03-16 02:00:00,7.56,10.07,-34.0,152.0,-34.0,152.0
2025-03-16 03:00:00,8.06,10.85,-34.0,152.0,-34.0,152.0
2025-03-16 04:00:00,8.48,11.54,-34.0,152.0,-34.0,152.0
2025-03-16 05:00:00,8.83,12.15,-34.0,152.0,-34.0,152.0
2025-03-16 06:00:00,9.36,13.02,-34.0,152.0,-34.0,152.0
2025-03-16 07:00:00,9.92,14.02,-34.0,152.0,-34.0,152.0
2025-03-16 08:00:00,10.07,14.25,-34.0,152.0,-34.0,152.0
2025-03-16 09:00:00,10.07,14.38,-34.0,152.0,-34.0,152.0
2025-03-16 10:00:00,9.18,13.55,-34.0,152.0,-34.0,152.0
2025-03-16 11:00:00,9.24,13.4,-34.0,152.0,-34.0,152.0
2025-03-16 12:00:00,9.35,13.52,-34.0,152.0,-34.0,152.0
2025-03-16 13:00:00,10.23,14.67,-34.0,152.0,-34.0,152.0
2025-03-16 14:00:00,8.66,11.27,-34.0,152.0,-34.0,152.0
2025-03-16 15:00:00,14.71,17.96,-34.0,152.0,-34.0,152.0
2025-03-16 16:00:00,12.26,14.86,-34.0,152.0,-34.0,152.0
2025-03-16 17:00:00,13.74,16.47,-34.0,152.0,-34.0,152.0
2025-03-16 18:00:00,15.15,18.12,-34.0,152.0,-34.0,152.0
2025-03-16 19:00:00,14.13,16.67,-34.0,152.0,-34.0,152.0
2025-03-16 20:00:00,14.17,16.55,-34.0,152.0,-34.0,152.0
2025-03-16 21:00:00,14.12,16.42,-34.0,152.0,-34.0,152.0
2025-03-16 22:00:00,13.25,15.13,-34.0,152.0,-34.0,152.0
2025-03-16 23:00:00,12.87,14.62,-34.0,152.0,-34.0,152.0
2025-03-17 00:00:00,12.04,13.52,-34.0,152.0,-34.0,152.0
2025-03-17 01:00:00,11.47,12.77,-34.0,152.0,-34.0,152.0
2025-03-17 02:00:00,10.43,11.57,-34.0,152.0,-34.0,152.0
2025-03-17 03:00:00,9.44,10.44,-34.0,152.0,-34.0,152.0
2025-03-17 04:00:00,9.27,10.18,-34.0,152.0,-34.0,152.0
2025-03-17 05:00:00,9.11,10.02,-34.0,152.0,-34.0,152.0
2025-03-17 06:00:00,9.11,10.06,-34.0,152.0,-34.0,152.0
2025-03-17 07:00:00,9.3,10.25,-34.0,152.0,-34.0,152.0
2025-03-17 08:00:00,9.08,10.05,-34.0,152.0,-34.0,152.0
2025-03-17 09:00:00,8.55,9.37,-34.0,152.0,-34.0,152.0
2025-03-17 10:00:00,7.83,8.61,-34.0,152.0,-34.0,152.0
2025-03-17 11:00:00,7.42,8.1,-34.0,152.0,-34.0,152.0
2025-03-17 12:00:00,6.85,7.45,-34.0,152.0,-34.0,152.0
2025-03-17 13:00:00,6.09,6.6,-34.0,152.0,-34.0,152.0
2025-03-17 14:00:00,5.28,5.68,-34.0,152.0,-34.0,152.0
2025-03-17 15:00:00,4.73,5.04,-34.0,152.0,-34.0,152.0
2025-03-17 16:00:00,4.33,4.61,-34.0,152.0,-34.0,152.0
2025-03-17 17:00:00,4.1,4.35,-34.0,152.0,-34.0,152.0
2025-03-17 18:00:00,3.59,3.79,-34.0,152.0,-34.0,152.0
2025-03-17 19:00:00,3.05,3.23,-34.0,152.0,-34.0,152.0
2025-03-17 20:00:00,2.71,2.84,-34.0,152.0,-34.0,152.0
2025-03-17 21:00:00,2.63,2.77,-34.0,152.0,-34.0,152.0
2025-03-17 22:00:00,2.07,2.16,-34.0,152.0,-34.0,152.0
2025-03-17 23:00:00,2.39,2.47,-34.0,152.0,-34.0,152.0
2025-03-18 00:00:00,2.55,2.67,-34.0,152.0,-34.0,152.0
2025-03-18 01:00:00,2.52,2.65,-34.0,152.0,-34.0,152.0
2025-03-18 02:00:00,2.47,2.64,-34.0,152.0,-34.0,152.0
2025-03-18 03:00:00,2.94,3.15,-34.0,152.0,-34.0,152.0
2025-03-18 04:00:00,3.5,3.78,-34.0,152.0,-34.0,152.0
2025-03-18 05:00:00,3.81,4.13,-34.0,152.0,-34.0,152.0
2025-03-18 06:00:00,4.35,4.74,-34.0,152.0,-34.0,152.0
2025-03-18 07:00:00,5.12,5.58,-34.0,152.0,-34.0,152.0
2025-03-18 08:00:00,5.85,6.38,-34.0,152.0,-34.0,152.0
2025-03-18 09:00:00,6.33,7.01,-34.0,152.0,-34.0,152.0
2025-03-18 10:00:00,6.37,6.97,-34.0,152.0,-34.0,152.0
2025-03-18 11:00:00,6.97,7.75,-34.0,152.0,-34.0,152.0
2025-03-18 12:00:00,7.32,8.21,-34.0,152.0,-34.0,152.0
2025-03-18 13:00:00,7.63,8.6,-34.0,152.0,-34.0,152.0
2025-03-18 14:00:00,8.0,9.01,-34.0,152.0,-34.0,152.0
2025-03-18 15:00:00,8.17,9.22,-34.0,152.0,-34.0,152.0
2025-03-18 16:00:00,7.98,8.95,-34.0,152.0,-34.0,152.0
2025-03-18 17:00:00,8.02,9.03,-34.0,152.0,-34.0,152.0
2025-03-18 18:00:00,8.35,9.43,-34.0,152.0,-34.0,152.0
2025-03-18 19:00:00,8.72,9.91,-34.0,152.0,-34.0,152.0
2025-03-18 20:00:00,8.72,9.93,-34.0,152.0,-34.0,152.0
2025-03-18 21:00:00,8.5,9.69,-34.0,152.0,-34.0,152.0
2025-03-18 22:00:00,7.34,8.35,-34.0,152.0,-34.0,152.0
2025-03-18 23:00:00,7.98,9.09,-34.0,152.0,-34.0,152.0
2025-03-19 00:00:00,8.3,9.47,-34.0,152.0,-34.0,152.0
2025-03-19 01:00:00,8.81,10.14,-34.0,152.0,-34.0,152.0
2025-03-19 02:00:00,9.35,10.83,-34.0,152.0,-34.0,152.0
2025-03-19 03:00:00,9.85,11.47,-34.0,152.0,-34.0,152.0
2025-03-19 04:00:00,10.24,12.01,-34.0,152.0,-34.0,152.0
2025-03-19 05:00:00,10.43,12.29,-34.0,152.0,-34.0,152.0
2025-03-19 06:00:00,10.62,12.57,-34.0,152.0,-34.0,152.0
2025-03-19 07:00:00,10.55,12.56,-34.0,152.0,-34.0,152.0
2025-03-19 08:00:00,10.62,12.65,-34.0,152.0,-34.0,152.0
2025-03-19 09:00:00,11.34,13.5,-34.0,152.0,-34.0,152.0
2025-03-19 10:00:00,10.67,12.54,-34.0,152.0,-34.0,152.0
2025-03-19 11:00:00,11.06,13.01,-34.0,152.0,-34.0,152.0
2025-03-19 12:00:00,10.99,13.01,-34.0,152.0,-34.0,152.0
2025-03-19 13:00:00,11.03,13.04,-34.0,152.0,-34.0,152.0
2025-03-19 14:00:00,11.23,13.31,-34.0,152.0,-34.0,152.0
2025-03-19 15:00:00,11.24,13.33,-34.0,152.0,-34.0,152.0
2025-03-19 16:00:00,10.92,12.96,-34.0,152.0,-34.0,152.0
2025-03-19 17:00:00,10.45,12.36,-34.0,152.0,-34.0,152.0
2025-03-19 18:00:00,10.15,11.95,-34.0,152.0,-34.0,152.0
2025-03-19 19:00:00,9.92,11.66,-34.0,152.0,-34.0,152.0
2025-03-19 20:00:00,9.99,11.72,-34.0,152.0,-34.0,152.0
2025-03-19 21:00:00,10.18,11.95,-34.0,152.0,-34.0,152.0
2025-03-19 22:00:00,9.29,10.8,-34.0,152.0,-34.0,152.0
2025-03-19 23:00:00,9.01,10.5,-34.0,152.0,-34.0,152.0
2025-03-20 00:00:00,8.73,10.13,-34.0,152.0,-34.0,152.0
2025-03-20 01:00:00,8.79,10.13,-34.0,152.0,-34.0,152.0
2025-03-20 02:00:00,8.73,9.97,-34.0,152.0,-34.0,152.0
2025-03-20 03:00:00,8.45,9.64,-34.0,152.0,-34.0,152.0
2025-03-20 04:00:00,8.29,9.55,-34.0,152.0,-34.0,152.0
2025-03-20 05:00:00,8.59,10.05,-34.0,152.0,-34.0,152.0
2025-03-20 06:00:00,9.26,11.03,-34.0,152.0,-34.0,152.0
2025-03-20 07:00:00,9.85,11.93,-34.0,152.0,-34.0,152.0
2025-03-20 08:00:00,10.44,12.74,-34.0,152.0,-34.0,152.0
2025-03-20 09:00:00,10.91,13.37,-34.0,152.0,-34.0,152.0
2025-03-20 10:00:00,10.82,13.13,-34.0,152.0,-34.0,152.0
2025-03-20 11:00:00,11.01,13.29,-34.0,152.0,-34.0,152.0
2025-03-20 12:00:00,11.27,13.6,-34.0,152.0,-34.0,152.0
2025-03-20 13:00:00,11.31,13.74,-34.0,152.0,-34.0,152.0
2025-03-20 14:00:00,11.2,13.57,-34.0,152.0,-34.0,152.0
2025-03-20 15:00:00,10.82,13.11,-34.0,152.0,-34.0,152.0
2025-03-20 16:00:00,10.18,12.17,-34.0,152.0,-34.0,152.0
2025-03-20 17:00:00,9.42,11.13,-34.0,152.0,-34.0,152.0
2025-03-20 18:00:00,8.52,9.93,-34.0,152.0,-34.0,152.0
2025-03-20 19:00:00,7.69,8.79,-34.0,152.0,-34.0,152.0
2025-03-20 20:00:00,7.28,8.18,-34.0,152.0,-34.0,152.0
2025-03-20 21:00:00,7.18,8.08,-34.0,152.0,-34.0,152.0
2025-03-20 22:00:00,6.14,6.93,-34.0,152.0,-34.0,152.0
2025-03-20 23:00:00,6.2,7.05,-34.0,152.0,-34.0,152.0
2025-03-21 00:00:00,6.73,7.87,-34.0,152.0,-34.0,152.0
2025-03-21 01:00:00,6.65,8.1,-34.0,152.0,-34.0,152.0
2025-03-21 02:00:00,6.1,7.35,-34.0,152.0,-34.0,152.0
2025-03-21 03:00:00,5.78,6.77,-34.0,152.0,-34.0,152.0
2025-03-21 04:00:00,5.71,6.56,-34.0,152.0,-34.0,152.0
2025-03-21 05:00:00,4.9,5.58,-34.0,152.0,-34.0,152.0
2025-03-21 06:00:00,3.52,3.85,-34.0,152.0,-34.0,152.0
2025-03-21 07:00:00,3.34,3.56,-34.0,152.0,-34.0,152.0
2025-03-21 08:00:00,3.55,3.76,-34.0,152.0,-34.0,152.0
2025-03-21 09:00:00,2.3,2.41,-34.0,152.0,-34.0,152.0
2025-03-21 10:00:00,2.12,2.33,-34.0,152.0,-34.0,152.0
2025-03-21 11:00:00,1.98,2.09,-34.0,152.0,-34.0,152.0
2025-03-21 12:00:00,2.98,3.26,-34.0,152.0,-34.0,152.0
2025-03-21 13:00:00,4.24,4.72,-34.0,152.0,-34.0,152.0
2025-03-21 14:00:00,5.09,5.54,-34.0,152.0,-34.0,152.0
2025-03-21 15:00:00,4.81,5.17,-34.0,152.0,-34.0,152.0
2025-03-21 16:00:00,3.7,3.96,-34.0,152.0,-34.0,152.0
2025-03-21 17:00:00,3.24,3.44,-34.0,152.0,-34.0,152.0
2025-03-21 18:00:00,3.88,4.07,-34.0,152.0,-34.0,152.0
2025-03-21 19:00:00,4.84,5.15,-34.0,152.0,-34.0,152.0
2025-03-21 20:00:00,5.44,5.85,-34.0,152.0,-34.0,152.0
2025-03-21 21:00:00,6.22,6.77,-34.0,152.0,-34.0,152.0
2025-03-21 22:00:00,4.57,4.85,-34.0,152.0,-34.0,152.0
2025-03-21 23:00:00,5.37,5.72,-34.0,152.0,-34.0,152.0
2025-03-22 00:00:00,5.36,5.81,-34.0,152.0,-34.0,152.0
2025-03-22 01:00:00,4.9,5.28,-34.0,152.0,-34.0,152.0
2025-03-22 02:00:00,4.6,4.92,-34.0,152.0,-34.0,152.0
2025-03-22 03:00:00,4.86,5.19,-34.0,152.0,-34.0,152.0
2025-03-22 04:00:00,4.41,4.72,-34.0,152.0,-34.0,152.0
2025-03-22 05:00:00,3.96,4.24,-34.0,152.0,-34.0,152.0
2025-03-22 06:00:00,3.59,3.83,-34.0,152.0,-34.0,152.0
2025-03-22 07:00:00,3.84,4.12,-34.0,152.0,-34.0,152.0
2025-03-22 08:00:00,4.81,5.2,-34.0,152.0,-34.0,152.0
2025-03-22 09:00:00,6.02,6.55,-34.0,152.0,-34.0,152.0
2025-03-22 10:00:00,6.09,6.77,-34.0,152.0,-34.0,152.0
2025-03-22 11:00:00,6.37,7.12,-34.0,152.0,-34.0,152.0
2025-03-22 12:00:00,6.27,6.99,-34.0,152.0,-34.0,152.0
2025-03-22 13:00:00,6.44,7.22,-34.0,152.0,-34.0,152.0
2025-03-22 14:00:00,6.42,7.13,-34.0,152.0,-34.0,152.0
2025-03-22 15:00:00,6.35,7.04,-34.0,152.0,-34.0,152.0
2025-03-22 16:00:00,6.18,6.85,-34.0,152.0,-34.0,152.0
2025-03-22 17:00:00,5.93,6.49,-34.0,152.0,-34.0,152.0
2025-03-22 18:00:00,5.79,6.42,-34.0,152.0,-34.0,152.0
2025-03-22 19:00:00,5.59,6.15,-34.0,152.0,-34.0,152.0
2025-03-22 20:00:00,5.59,6.15,-34.0,152.0,-34.0,152.0
2025-03-22 21:00:00,5.99,6.54,-34.0,152.0,-34.0,152.0
2025-03-22 22:00:00,6.04,6.64,-34.0,152.0,-34.0,152.0
2025-03-22 23:00:00,5.97,6.57,-34.0,152.0,-34.0,152.0
2025-03-23 00:00:00,5.45,5.94,-34.0,152.0,-34.0,152.0
2025-03-23 01:00:00,5.02,5.52,-34.0,152.0,-34.0,152.0
2025-03-23 02:00:00,4.57,4.96,-34.0,152.0,-34.0,152.0
2025-03-23 03:00:00,4.36,4.7,-34.0,152.0,-34.0,152.0
2025-03-23 04:00:00,4.47,4.76,-34.0,152.0,-34.0,152.0
2025-03-23 05:00:00,4.85,5.13,-34.0,152.0,-34.0,152.0
2025-03-23 06:00:00,4.97,5.31,-34.0,152.0,-34.0,152.0
2025-03-23 07:00:00,5.08,5.36,-34.0,152.0,-34.0,152.0
2025-03-23 08:00:00,5.03,5.39,-34.0,152.0,-34.0,152.0
2025-03-23 09:00:00,4.79,5.14,-34.0,152.0,-34.0,152.0
2025-03-23 10:00:00,4.24,4.57,-34.0,152.0,-34.0,152.0
2025-03-23 11:00:00,4.56,4.86,-34.0,152.0,-34.0,152.0
2025-03-23 12:00:00,4.62,4.97,-34.0,152.0,-34.0,152.0
2025-03-23 13:00:00,4.7,5.05,-34.0,152.0,-34.0,152.0
2025-03-23 14:00:00,4.79,5.15,-34.0,152.0,-34.0,152.0
2025-03-23 15:00:00,5.07,5.43,-34.0,152.0,-34.0,152.0
2025-03-23 16:00:00,5.21,5.6,-34.0,152.0,-34.0,152.0
2025-03-23 17:00:00,5.43,5.81,-34.0,152.0,-34.0,152.0
2025-03-23 18:00:00,5.44,5.81,-34.0,152.0,-34.0,152.0
2025-03-23 19:00:00,5.71,6.03,-34.0,152.0,-34.0,152.0
2025-03-23 20:00:00,5.94,6.3,-34.0,152.0,-34.0,152.0
2025-03-23 21:00:00,6.01,6.37,-34.0,152.0,-34.0,152.0
2025-03-23 22:00:00,6.53,7.19,-34.0,152.0,-34.0,152.0
2025-03-23 23:00:00,6.52,7.12,-34.0,152.0,-34.0,152.0
2025-03-24 00:00:00,5.81,6.31,-34.0,152.0,-34.0,152.0
2025-03-24 01:00:00,5.23,5.58,-34.0,152.0,-34.0,152.0
2025-03-24 02:00:00,4.75,5.05,-34.0,152.0,-34.0,152.0
2025-03-24 03:00:00,4.34,4.65,-34.0,152.0,-34.0,152.0
2025-03-24 04:00:00,4.07,4.38,-34.0,152.0,-34.0,152.0
2025-03-24 05:00:00,4.21,4.5,-34.0,152.0,-34.0,152.0
2025-03-24 06:00:00,4.56,4.92,-34.0,152.0,-34.0,152.0
2025-03-24 07:00:00,4.91,5.27,-34.0,152.0,-34.0,152.0
2025-03-24 08:00:00,4.78,5.18,-34.0,152.0,-34.0,152.0
2025-03-24 09:00:00,4.76,5.17,-34.0,152.0,-34.0,152.0
2025-03-24 10:00:00,3.11,3.36,-34.0,152.0,-34.0,152.0
2025-03-24 11:00:00,3.04,3.29,-34.0,152.0,-34.0,152.0
2025-03-24 12:00:00,3.27,3.47,-34.0,152.0,-34.0,152.0
2025-03-24 13:00:00,3.71,4.03,-34.0,152.0,-34.0,152.0
2025-03-24 14:00:00,3.98,4.3,-34.0,152.0,-34.0,152.0
2025-03-24 15:00:00,4.25,4.63,-34.0,152.0,-34.0,152.0
2025-03-24 16:00:00,4.47,4.85,-34.0,152.0,-34.0,152.0
2025-03-24 17:00:00,4.33,4.71,-34.0,152.0,-34.0,152.0
2025-03-24 18:00:00,4.4,4.76,-34.0,152.0,-34.0,152.0
2025-03-24 19:00:00,4.42,4.78,-34.0,152.0,-34.0,152.0
2025-03-24 20:00:00,4.53,4.89,-34.0,152.0,-34.0,152.0
2025-03-24 21:00:00,4.74,5.09,-34.0,152.0,-34.0,152.0
2025-03-24 22:00:00,4.48,4.84,-34.0,152.0,-34.0,152.0
2025-03-24 23:00:00,4.76,5.16,-34.0,152.0,-34.0,152.0
2025-03-25 00:00:00,5.11,5.56,-34.0,152.0,-34.0,152.0
2025-03-25 01:00:00,5.14,5.6,-34.0,152.0,-34.0,152.0
2025-03-25 02:00:00,4.81,5.24,-34.0,152.0,-34.0,152.0
2025-03-25 03:00:00,4.38,4.76,-34.0,152.0,-34.0,152.0
2025-03-25 04:00:00,3.93,4.26,-34.0,152.0,-34.0,152.0
2025-03-25 05:00:00,3.57,3.93,-34.0,152.0,-34.0,152.0
2025-03-25 06:00:00,3.5,3.78,-34.0,152.0,-34.0,152.0
2025-03-25 07:00:00,3.76,4.11,-34.0,152.0,-34.0,152.0
2025-03-25 08:00:00,4.2,4.58,-34.0,152.0,-34.0,152.0
2025-03-25 09:00:00,4.61,4.99,-34.0,152.0,-34.0,152.0
2025-03-25 10:00:00,4.34,4.77,-34.0,152.0,-34.0,152.0
2025-03-25 11:00:00,5.08,5.57,-34.0,152.0,-34.0,152.0
2025-03-25 12:00:00,5.43,6.02,-34.0,152.0,-34.0,152.0
2025-03-25 13:00:00,5.91,6.63,-34.0,152.0,-34.0,152.0
2025-03-25 14:00:00,6.43,7.16,-34.0,152.0,-34.0,152.0
2025-03-25 15:00:00,6.43,7.14,-34.0,152.0,-34.0,152.0
2025-03-25 16:00:00,6.27,6.91,-34.0,152.0,-34.0,152.0
2025-03-25 17:00:00,6.2,6.81,-34.0,152.0,-34.0,152.0
2025-03-25 18:00:00,6.23,6.82,-34.0,152.0,-34.0,152.0
2025-03-25 19:00:00,6.18,6.74,-34.0,152.0,-34.0,152.0
2025-03-25 20:00:00,6.01,6.53,-34.0,152.0,-34.0,152.0
2025-03-25 21:00:00,5.87,6.39,-34.0,152.0,-34.0,152.0
2025-03-25 22:00:00,4.19,4.56,-34.0,152.0,-34.0,152.0
2025-03-25 23:00:00,3.88,4.15,-34.0,152.0,-34.0,152.0
2025-03-26 00:00:00,3.82,4.07,-34.0,152.0,-34.0,152.0
2025-03-26 01:00:00,4.09,4.39,-34.0,152.0,-34.0,152.0
2025-03-26 02:00:00,4.43,4.79,-34.0,152.0,-34.0,152.0
2025-03-26 03:00:00,4.55,4.91,-34.0,152.0,-34.0,152.0
2025-03-26 04:00:00,4.44,4.84,-34.0,152.0,-34.0,152.0
2025-03-26 05:00:00,4.53,4.93,-34.0,152.0,-34.0,152.0
2025-03-26 06:00:00,4.67,5.15,-34.0,152.0,-34.0,152.0
2025-03-26 07:00:00,4.91,5.38,-34.0,152.0,-34.0,152.0
2025-03-26 08:00:00,5.19,5.69,-34.0,152.0,-34.0,152.0
2025-03-26 09:00:00,5.66,6.23,-34.0,152.0,-34.0,152.0
2025-03-26 10:00:00,4.52,4.97,-34.0,152.0,-34.0,152.0
2025-03-26 11:00:00,5.06,5.51,-34.0,152.0,-34.0,152.0
2025-03-26 12:00:00,5.23,5.69,-34.0,152.0,-34.0,152.0
2025-03-26 13:00:00,5.03,5.48,-34.0,152.0,-34.0,152.0
2025-03-26 14:00:00,4.5,4.93,-34.0,152.0,-34.0,152.0
2025-03-26 15:00:00,4.0,4.32,-34.0,152.0,-34.0,152.0
2025-03-26 16:00:00,3.47,3.71,-34.0,152.0,-34.0,152.0
2025-03-26 17:00:00,2.96,3.15,-34.0,152.0,-34.0,152.0
2025-03-26 18:00:00,2.75,2.9,-34.0,152.0,-34.0,152.0
2025-03-26 19:00:00,2.97,3.07,-34.0,152.0,-34.0,152.0
2025-03-26 20:00:00,3.32,3.47,-34.0,152.0,-34.0,152.0
2025-03-26 21:00:00,3.58,3.76,-34.0,152.0,-34.0,152.0
2025-03-26 22:00:00,4.0,4.29,-34.0,152.0,-34.0,152.0
2025-03-26 23:00:00,4.78,5.09,-34.0,152.0,-34.0,152.0
2025-03-27 00:00:00,4.75,5.1,-34.0,152.0,-34.0,152.0
2025-03-27 01:00:00,4.6,4.9,-34.0,152.0,-34.0,152.0
2025-03-27 02:00:00,4.07,4.32,-34.0,152.0,-34.0,152.0
2025-03-27 03:00:00,3.54,3.72,-34.0,152.0,-34.0,152.0
2025-03-27 04:00:00,3.1,3.26,-34.0,152.0,-34.0,152.0
2025-03-27 05:00:00,3.0,3.15,-34.0,152.0,-34.0,152.0
2025-03-27 06:00:00,2.8,2.95,-34.0,152.0,-34.0,152.0
2025-03-27 07:00:00,2.76,2.97,-34.0,152.0,-34.0,152.0
2025-03-27 08:00:00,3.34,3.55,-34.0,152.0,-34.0,152.0
2025-03-27 09:00:00,4.0,4.29,-34.0,152.0,-34.0,152.0
2025-03-27 10:00:00,3.76,4.07,-34.0,152.0,-34.0,152.0
2025-03-27 11:00:00,4.45,4.76,-34.0,152.0,-34.0,152.0
2025-03-27 12:00:00,4.75,5.15,-34.0,152.0,-34.0,152.0
2025-03-27 13:00:00,5.25,5.7,-34.0,152.0,-34.0,152.0
2025-03-27 14:00:00,6.3,6.86,-34.0,152.0,-34.0,152.0
2025-03-27 15:00:00,6.36,6.96,-34.0,152.0,-34.0,152.0
2025-03-27 16:00:00,5.66,6.21,-34.0,152.0,-34.0,152.0
2025-03-27 17:00:00,5.2,5.7,-34.0,152.0,-34.0,152.0
2025-03-27 18:00:00,5.15,5.55,-34.0,152.0,-34.0,152.0
2025-03-27 19:00:00,5.11,5.56,-34.0,152.0,-34.0,152.0
2025-03-27 20:00:00,5.37,5.81,-34.0,152.0,-34.0,152.0
2025-03-27 21:00:00,5.63,6.07,-34.0,152.0,-34.0,152.0
2025-03-27 22:00:00,5.86,6.45,-34.0,152.0,-34.0,152.0
2025-03-27 23:00:00,5.88,6.47,-34.0,152.0,-34.0,152.0
2025-03-28 00:00:00,6.3,6.95,-34.0,152.0,-34.0,152.0
2025-03-28 01:00:00,5.97,6.53,-34.0,152.0,-34.0,152.0
2025-03-28 02:00:00,5.62,6.13,-34.0,152.0,-34.0,152.0
2025-03-28 03:00:00,5.55,6.11,-34.0,152.0,-34.0,152.0
2025-03-28 04:00:00,5.7,6.27,-34.0,152.0,-34.0,152.0
2025-03-28 05:00:00,5.46,6.0,-34.0,152.0,-34.0,152.0
2025-03-28 06:00:00,5.44,5.98,-34.0,152.0,-34.0,152.0
2025-03-28 07:00:00,6.04,6.75,-34.0,152.0,-34.0,152.0
2025-03-28 08:00:00,6.16,6.89,-34.0,152.0,-34.0,152.0
2025-03-28 09:00:00,6.44,7.23,-34.0,152.0,-34.0,152.0
2025-03-28 10:00:00,7.35,8.23,-34.0,152.0,-34.0,152.0
2025-03-28 11:00:00,7.99,9.0,-34.0,152.0,-34.0,152.0
2025-03-28 12:00:00,8.15,9.22,-34.0,152.0,-34.0,152.0
2025-03-28 13:00:00,8.47,9.61,-34.0,152.0,-34.0,152.0
2025-03-28 14:00:00,8.01,9.04,-34.0,152.0,-34.0,152.0
2025-03-28 15:00:00,8.06,9.12,-34.0,152.0,-34.0,152.0
2025-03-28 16:00:00,8.75,9.91,-34.0,152.0,-34.0,152.0
2025-03-28 17:00:00,8.25,9.35,-34.0,152.0,-34.0,152.0
2025-03-28 18:00:00,8.25,9.32,-34.0,152.0,-34.0,152.0
2025-03-28 19:00:00,8.32,9.35,-34.0,152.0,-34.0,152.0
2025-03-28 20:00:00,8.03,9.05,-34.0,152.0,-34.0,152.0
2025-03-28 21:00:00,8.84,10.01,-34.0,152.0,-34.0,152.0
2025-03-28 22:00:00,7.49,8.29,-34.0,152.0,-34.0,152.0
2025-03-28 23:00:00,7.8,8.61,-34.0,152.0,-34.0,152.0
2025-03-29 00:00:00,8.77,9.72,-34.0,152.0,-34.0,152.0
2025-03-29 01:00:00,11.2,12.45,-34.0,152.0,-34.0,152.0
2025-03-29 02:00:00,9.1,10.09,-34.0,152.0,-34.0,152.0
2025-03-29 03:00:00,6.92,7.47,-34.0,152.0,-34.0,152.0
2025-03-29 04:00:00,8.14,8.94,-34.0,152.0,-34.0,152.0
2025-03-29 05:00:00,12.57,14.27,-34.0,152.0,-34.0,152.0
2025-03-29 06:00:00,14.09,16.43,-34.0,152.0,-34.0,152.0
2025-03-29 07:00:00,13.16,15.32,-34.0,152.0,-34.0,152.0
2025-03-29 08:00:00,11.16,12.78,-34.0,152.0,-34.0,152.0
2025-03-29 09:00:00,7.71,8.63,-34.0,152.0,-34.0,152.0
2025-03-29 10:00:00,4.44,4.89,-34.0,152.0,-34.0,152.0
2025-03-29 11:00:00,8.83,9.85,-34.0,152.0,-34.0,152.0
2025-03-29 12:00:00,8.09,9.25,-34.0,152.0,-34.0,152.0
2025-03-29 13:00:00,6.22,7.09,-34.0,152.0,-34.0,152.0
2025-03-29 14:00:00,7.75,8.61,-34.0,152.0,-34.0,152.0
2025-03-29 15:00:00,8.67,9.87,-34.0,152.0,-34.0,152.0
2025-03-29 16:00:00,10.29,11.87,-34.0,152.0,-34.0,152.0
2025-03-29 17:00:00,9.28,10.68,-34.0,152.0,-34.0,152.0
2025-03-29 18:00:00,7.33,8.42,-34.0,152.0,-34.0,152.0
2025-03-29 19:00:00,6.27,7.21,-34.0,152.0,-34.0,152.0
2025-03-29 20:00:00,7.62,8.61,-34.0,152.0,-34.0,152.0
2025-03-29 21:00:00,10.1,11.6,-34.0,152.0,-34.0,152.0
2025-03-29 22:00:00,11.57,13.46,-34.0,152.0,-34.0,152.0
2025-03-29 23:00:00,9.71,11.23,-34.0,152.0,-34.0,152.0
2025-03-30 00:00:00,8.65,9.9,-34.0,152.0,-34.0,152.0
2025-03-30 01:00:00,8.74,9.9,-34.0,152.0,-34.0,152.0
2025-03-30 02:00:00,11.44,13.03,-34.0,152.0,-34.0,152.0
2025-03-30 03:00:00,14.21,16.57,-34.0,152.0,-34.0,152.0
2025-03-30 04:00:00,14.5,17.1,-34.0,152.0,-34.0,152.0
2025-03-30 05:00:00,15.06,17.94,-34.0,152.0,-34.0,152.0
2025-03-30 06:00:00,15.8,19.04,-34.0,152.0,-34.0,152.0
2025-03-30 07:00:00,15.72,19.01,-34.0,152.0,-34.0,152.0
2025-03-30 08:00:00,15.76,19.01,-34.0,152.0,-34.0,152.0
2025-03-30 09:00:00,16.05,19.4,-34.0,152.0,-34.0,152.0
2025-03-30 10:00:00,14.47,17.51,-34.0,152.0,-34.0,152.0
2025-03-30 11:00:00,15.23,18.42,-34.0,152.0,-34.0,152.0
2025-03-30 12:00:00,15.16,18.41,-34.0,152.0,-34.0,152.0
2025-03-30 13:00:00,14.71,17.81,-34.0,152.0,-34.0,152.0
2025-03-30 14:00:00,14.71,17.65,-34.0,152.0,-34.0,152.0
2025-03-30 15:00:00,14.45,17.25,-34.0,152.0,-34.0,152.0
2025-03-30 16:00:00,13.36,15.8,-34.0,152.0,-34.0,152.0
2025-03-30 17:00:00,12.98,15.18,-34.0,152.0,-34.0,152.0
2025-03-30 18:00:00,12.62,14.66,-34.0,152.0,-34.0,152.0
2025-03-30 19:00:00,12.09,14.1,-34.0,152.0,-34.0,152.0
2025-03-30 20:00:00,12.3,14.2,-34.0,152.0,-34.0,152.0
2025-03-30 21:00:00,12.98,15.05,-34.0,152.0,-34.0,152.0
2025-03-30 22:00:00,13.01,15.15,-34.0,152.0,-34.0,152.0
2025-03-30 23:00:00,13.02,15.31,-34.0,152.0,-34.0,152.0
2025-03-31 00:00:00,13.76,16.16,-34.0,152.0,-34.0,152.0
2025-03-31 01:00:00,13.49,15.8,-34.0,152.0,-34.0,152.0
2025-03-31 02:00:00,12.71,14.88,-34.0,152.0,-34.0,152.0
2025-03-31 03:00:00,13.17,15.37,-34.0,152.0,-34.0,152.0
2025-03-31 04:00:00,13.69,16.02,-34.0,152.0,-34.0,152.0
2025-03-31 05:00:00,14.07,16.49,-34.0,152.0,-34.0,152.0
2025-03-31 06:00:00,14.22,16.7,-34.0,152.0,-34.0,152.0
2025-03-31 07:00:00,13.84,16.28,-34.0,152.0,-34.0,152.0
2025-03-31 08:00:00,13.57,15.88,-34.0,152.0,-34.0,152.0
2025-03-31 09:00:00,13.9,16.22,-34.0,152.0,-34.0,152.0
2025-03-31 10:00:00,12.0,13.79,-34.0,152.0,-34.0,152.0
2025-03-31 11:00:00,11.52,13.22,-34.0,152.0,-34.0,152.0
2025-03-31 12:00:00,11.57,13.23,-34.0,152.0,-34.0,152.0
2025-03-31 13:00:00,11.78,13.47,-34.0,152.0,-34.0,152.0
2025-03-31 14:00:00,11.66,13.34,-34.0,152.0,-34.0,152.0
2025-03-31 15:00:00,11.87,13.56,-34.0,152.0,-34.0,152.0
2025-03-31 16:00:00,12.19,14.0,-34.0,152.0,-34.0,152.0
2025-03-31 17:00:00,12.33,14.19,-34.0,152.0,-34.0,152.0
2025-03-31 18:00:00,12.51,14.4,-34.0,152.0,-34.0,152.0
2025-03-31 19:00:00,11.93,13.73,-34.0,152.0,-34.0,152.0
2025-03-31 20:00:00,12.06,13.82,-34.0,152.0,-34.0,152.0
2025-03-31 21:00:00,12.16,14.0,-34.0,152.0,-34.0,152.0
2025-03-31 22:00:00,11.5,13.11,-34.0,152.0,-34.0,152.0
2025-03-31 23:00:00,11.73,13.38,-34.0,152.0,-34.0,152.0
2025-04-01 00:00:00,12.2,13.91,-34.0,152.0,-34.0,152.0
2025-04-01 01:00:00,12.7,14.55,-34.0,152.0,-34.0,152.0
2025-04-01 02:00:00,12.67,14.58,-34.0,152.0,-34.0,152.0
2025-04-01 03:00:00,12.25,14.11,-34.0,152.0,-34.0,152.0
2025-04-01 04:00:00,12.79,14.72,-34.0,152.0,-34.0,152.0
2025-04-01 05:00:00,13.16,15.27,-34.0,152.0,-34.0,152.0
2025-04-01 06:00:00,13.01,15.13,-34.0,152.0,-34.0,152.0
2025-04-01 07:00:00,12.75,14.8,-34.0,152.0,-34.0,152.0
2025-04-01 08:00:00,12.51,14.46,-34.0,152.0,-34.0,152.0
2025-04-01 09:00:00,12.49,14.44,-34.0,152.0,-34.0,152.0
2025-04-01 10:00:00,11.38,13.01,-34.0,152.0,-34.0,152.0
2025-04-01 11:00:00,11.76,13.38,-34.0,152.0,-34.0,152.0
2025-04-01 12:00:00,11.22,12.79,-34.0,152.0,-34.0,152.0
2025-04-01 13:00:00,11.04,12.53,-34.0,152.0,-34.0,152.0
2025-04-01 14:00:00,10.87,12.25,-34.0,152.0,-34.0,152.0
2025-04-01 15:00:00,10.34,11.61,-34.0,152.0,-34.0,152.0
2025-04-01 16:00:00,9.93,11.09,-34.0,152.0,-34.0,152.0
2025-04-01 17:00:00,10.06,11.23,-34.0,152.0,-34.0,152.0
2025-04-01 18:00:00,10.0,11.16,-34.0,152.0,-34.0,152.0
2025-04-01 19:00:00,9.42,10.5,-34.0,152.0,-34.0,152.0
2025-04-01 20:00:00,8.92,9.89,-34.0,152.0,-34.0,152.0
2025-04-01 21:00:00,8.59,9.47,-34.0,152.0,-34.0,152.0
2025-04-01 22:00:00,7.93,8.68,-34.0,152.0,-34.0,152.0
2025-04-01 23:00:00,8.56,9.41,-34.0,152.0,-34.0,152.0
2025-04-02 00:00:00,7.67,8.35,-34.0,152.0,-34.0,152.0
2025-04-02 01:00:00,7.22,7.87,-34.0,152.0,-34.0,152.0
2025-04-02 02:00:00,7.5,8.14,-34.0,152.0,-34.0,152.0
2025-04-02 03:00:00,6.79,7.25,-34.0,152.0,-34.0,152.0
2025-04-02 04:00:00,6.22,6.68,-34.0,152.0,-34.0,152.0
2025-04-02 05:00:00,5.66,6.06,-34.0,152.0,-34.0,152.0
2025-04-02 06:00:00,4.9,5.19,-34.0,152.0,-34.0,152.0
2025-04-02 07:00:00,4.12,4.3,-34.0,152.0,-34.0,152.0
2025-04-02 08:00:00,3.48,3.66,-34.0,152.0,-34.0,152.0
2025-04-02 09:00:00,3.08,3.23,-34.0,152.0,-34.0,152.0
2025-04-02 10:00:00,2.55,2.7,-34.0,152.0,-34.0,152.0
2025-04-02 11:00:00,2.17,2.23,-34.0,152.0,-34.0,152.0
2025-04-02 12:00:00,2.45,2.55,-34.0,152.0,-34.0,152.0
2025-04-02 13:00:00,2.97,3.07,-34.0,152.0,-34.0,152.0
2025-04-02 14:00:00,3.62,3.76,-34.0,152.0,-34.0,152.0
2025-04-02 15:00:00,3.69,3.85,-34.0,152.0,-34.0,152.0
2025-04-02 16:00:00,3.49,3.62,-34.0,152.0,-34.0,152.0
2025-04-02 17:00:00,3.24,3.38,-34.0,152.0,-34.0,152.0
2025-04-02 18:00:00,3.29,3.4,-34.0,152.0,-34.0,152.0
2025-04-02 19:00:00,3.49,3.58,-34.0,152.0,-34.0,152.0
2025-04-02 20:00:00,3.58,3.64,-34.0,152.0,-34.0,152.0
2025-04-02 21:00:00,3.4,3.51,-34.0,152.0,-34.0,152.0
2025-04-02 22:00:00,3.91,4.13,-34.0,152.0,-34.0,152.0
2025-04-02 23:00:00,4.49,4.71,-34.0,152.0,-34.0,152.0
2025-04-03 00:00:00,4.9,5.19,-34.0,152.0,-34.0,152.0
2025-04-03 01:00:00,5.06,5.4,-34.0,152.0,-34.0,152.0
2025-04-03 02:00:00,4.95,5.31,-34.0,152.0,-34.0,152.0
2025-04-03 03:00:00,4.5,4.8,-34.0,152.0,-34.0,152.0
2025-04-03 04:00:00,3.96,4.19,-34.0,152.0,-34.0,152.0
2025-04-03 05:00:00,4.01,4.22,-34.0,152.0,-34.0,152.0
2025-04-03 06:00:00,4.62,4.92,-34.0,152.0,-34.0,152.0
2025-04-03 07:00:00,5.05,5.4,-34.0,152.0,-34.0,152.0
2025-04-03 08:00:00,5.04,5.4,-34.0,152.0,-34.0,152.0
2025-04-03 09:00:00,4.54,4.82,-34.0,152.0,-34.0,152.0
2025-04-03 10:00:00,1.79,1.87,-34.0,152.0,-34.0,152.0
2025-04-03 11:00:00,1.66,1.66,-34.0,152.0,-34.0,152.0
2025-04-03 12:00:00,2.69,2.76,-34.0,152.0,-34.0,152.0
2025-04-03 13:00:00,3.29,3.43,-34.0,152.0,-34.0,152.0
2025-04-03 14:00:00,2.26,2.34,-34.0,152.0,-34.0,152.0
2025-04-03 15:00:00,0.36,0.36,-34.0,152.0,-34.0,152.0
2025-04-03 16:00:00,1.31,1.36,-34.0,152.0,-34.0,152.0
2025-04-03 17:00:00,2.16,2.23,-34.0,152.0,-34.0,152.0
2025-04-03 18:00:00,2.49,2.57,-34.0,152.0,-34.0,152.0
2025-04-03 19:00:00,3.06,3.18,-34.0,152.0,-34.0,152.0
2025-04-03 20:00:00,3.84,4.04,-34.0,152.0,-34.0,152.0
2025-04-03 21:00:00,3.94,4.14,-34.0,152.0,-34.0,152.0
2025-04-03 22:00:00,3.35,3.5,-34.0,152.0,-34.0,152.0
2025-04-03 23:00:00,2.5,2.6,-34.0,152.0,-34.0,152.0
2025-04-04 00:00:00,1.7,1.83,-34.0,152.0,-34.0,152.0
2025-04-04 01:00:00,2.07,2.11,-34.0,152.0,-34.0,152.0
2025-04-04 02:00:00,3.27,3.32,-34.0,152.0,-34.0,152.0
2025-04-04 03:00:00,3.7,3.81,-34.0,152.0,-34.0,152.0
2025-04-04 04:00:00,4.02,4.18,-34.0,152.0,-34.0,152.0
2025-04-04 05:00:00,4.57,4.79,-34.0,152.0,-34.0,152.0
2025-04-04 06:00:00,5.17,5.5,-34.0,152.0,-34.0,152.0
2025-04-04 07:00:00,5.97,6.44,-34.0,152.0,-34.0,152.0
2025-04-04 08:00:00,6.62,7.23,-34.0,152.0,-34.0,152.0
2025-04-04 09:00:00,7.15,7.85,-34.0,152.0,-34.0,152.0
2025-04-04 10:00:00,7.53,8.52,-34.0,152.0,-34.0,152.0
2025-04-04 11:00:00,7.87,9.01,-34.0,152.0,-34.0,152.0
2025-04-04 12:00:00,8.22,9.44,-34.0,152.0,-34.0,152.0
2025-04-04 13:00:00,8.63,9.87,-34.0,152.0,-34.0,152.0
2025-04-04 14:00:00,8.42,9.67,-34.0,152.0,-34.0,152.0
2025-04-04 15:00:00,8.07,9.17,-34.0,152.0,-34.0,152.0
2025-04-04 16:00:00,7.36,8.25,-34.0,152.0,-34.0,152.0
2025-04-04 17:00:00,7.78,8.69,-34.0,152.0,-34.0,152.0
2025-04-04 18:00:00,8.49,9.55,-34.0,152.0,-34.0,152.0
2025-04-04 19:00:00,9.35,10.61,-34.0,152.0,-34.0,152.0
2025-04-04 20:00:00,9.79,11.13,-34.0,152.0,-34.0,152.0
2025-04-04 21:00:00,9.68,11.02,-34.0,152.0,-34.0,152.0
2025-04-04 22:00:00,10.97,12.62,-34.0,152.0,-34.0,152.0
2025-04-04 23:00:00,9.48,10.89,-34.0,152.0,-34.0,152.0
2025-04-05 00:00:00,8.71,9.85,-34.0,152.0,-34.0,152.0
2025-04-05 01:00:00,7.74,8.61,-34.0,152.0,-34.0,152.0
2025-04-05 02:00:00,7.09,7.8,-34.0,152.0,-34.0,152.0
2025-04-05 03:00:00,7.25,7.97,-34.0,152.0,-34.0,152.0
2025-04-05 04:00:00,7.54,8.29,-34.0,152.0,-34.0,152.0
2025-04-05 05:00:00,7.75,8.45,-34.0,152.0,-34.0,152.0
2025-04-05 06:00:00,9.33,10.33,-34.0,152.0,-34.0,152.0
2025-04-05 07:00:00,9.91,11.06,-34.0,152.0,-34.0,152.0
2025-04-05 08:00:00,9.24,10.25,-34.0,152.0,-34.0,152.0
2025-04-05 09:00:00,8.39,9.22,-34.0,152.0,-34.0,152.0
2025-04-05 10:00:00,6.75,7.35,-34.0,152.0,-34.0,152.0
2025-04-05 11:00:00,6.32,6.82,-34.0,152.0,-34.0,152.0
2025-04-05 12:00:00,5.92,6.33,-34.0,152.0,-34.0,152.0
2025-04-05 13:00:00,5.36,5.66,-34.0,152.0,-34.0,152.0
2025-04-05 14:00:00,4.27,4.48,-34.0,152.0,-34.0,152.0
2025-04-05 15:00:00,3.21,3.3,-34.0,152.0,-34.0,152.0
2025-04-05 16:00:00,2.62,2.72,-34.0,152.0,-34.0,152.0
2025-04-05 17:00:00,3.35,3.54,-34.0,152.0,-34.0,152.0
2025-04-05 18:00:00,4.27,4.58,-34.0,152.0,-34.0,152.0
2025-04-05 19:00:00,4.96,5.32,-34.0,152.0,-34.0,152.0
2025-04-05 20:00:00,6.01,6.47,-34.0,152.0,-34.0,152.0
2025-04-05 21:00:00,7.0,7.6,-34.0,152.0,-34.0,152.0
2025-04-05 22:00:00,7.96,8.66,-34.0,152.0,-34.0,152.0
2025-04-05 23:00:00,8.96,9.95,-34.0,152.0,-34.0,152.0
2025-04-06 00:00:00,8.56,9.55,-34.0,152.0,-34.0,152.0
2025-04-06 01:00:00,7.67,8.42,-34.0,152.0,-34.0,152.0
2025-04-06 02:00:00,6.66,7.26,-34.0,152.0,-34.0,152.0
2025-04-06 03:00:00,5.9,6.4,-34.0,152.0,-34.0,152.0
2025-04-06 04:00:00,5.07,5.46,-34.0,152.0,-34.0,152.0
2025-04-06 05:00:00,4.02,4.3,-34.0,152.0,-34.0,152.0
2025-04-06 06:00:00,2.87,3.08,-34.0,152.0,-34.0,152.0
2025-04-06 07:00:00,2.31,2.46,-34.0,152.0,-34.0,152.0
2025-04-06 08:00:00,2.3,2.35,-34.0,152.0,-34.0,152.0
2025-04-06 09:00:00,2.1,2.21,-34.0,152.0,-34.0,152.0
2025-04-06 10:00:00,2.64,2.78,-34.0,152.0,-34.0,152.0
2025-04-06 11:00:00,3.96,4.47,-34.0,152.0,-34.0,152.0
2025-04-06 12:00:00,4.79,5.63,-34.0,152.0,-34.0,152.0
2025-04-06 13:00:00,8.24,9.41,-34.0,152.0,-34.0,152.0
2025-04-06 14:00:00,10.5,12.18,-34.0,152.0,-34.0,152.0
2025-04-06 15:00:00,10.2,12.01,-34.0,152.0,-34.0,152.0
2025-04-06 16:00:00,9.17,10.56,-34.0,152.0,-34.0,152.0
2025-04-06 17:00:00,8.71,9.88,-34.0,152.0,-34.0,152.0
2025-04-06 18:00:00,8.66,9.69,-34.0,152.0,-34.0,152.0
2025-04-06 19:00:00,8.51,9.49,-34.0,152.0,-34.0,152.0
2025-04-06 20:00:00,8.37,9.31,-34.0,152.0,-34.0,152.0
2025-04-06 21:00:00,8.45,9.45,-34.0,152.0,-34.0,152.0
2025-04-06 22:00:00,9.05,10.12,-34.0,152.0,-34.0,152.0
2025-04-06 23:00:00,8.06,8.93,-34.0,152.0,-34.0,152.0
2025-04-07 00:00:00,7.17,7.95,-34.0,152.0,-34.0,152.0
2025-04-07 01:00:00,6.74,7.43,-34.0,152.0,-34.0,152.0
2025-04-07 02:00:00,6.52,7.12,-34.0,152.0,-34.0,152.0
2025-04-07 03:00:00,6.19,6.77,-34.0,152.0,-34.0,152.0
2025-04-07 04:00:00,5.27,5.73,-34.0,152.0,-34.0,152.0
2025-04-07 05:00:00,4.27,4.55,-34.0,152.0,-34.0,152.0
2025-04-07 06:00:00,4.48,4.79,-34.0,152.0,-34.0,152.0
2025-04-07 07:00:00,6.03,6.53,-34.0,152.0,-34.0,152.0
2025-04-07 08:00:00,7.47,8.14,-34.0,152.0,-34.0,152.0
2025-04-07 09:00:00,8.03,8.92,-34.0,152.0,-34.0,152.0
2025-04-07 10:00:00,7.45,8.28,-34.0,152.0,-34.0,152.0
2025-04-07 11:00:00,6.64,7.34,-34.0,152.0,-34.0,152.0
2025-04-07 12:00:00,6.36,6.99,-34.0,152.0,-34.0,152.0
2025-04-07 13:00:00,6.28,6.8,-34.0,152.0,-34.0,152.0
2025-04-07 14:00:00,6.63,7.23,-34.0,152.0,-34.0,152.0
2025-04-07 15:00:00,6.71,7.32,-34.0,152.0,-34.0,152.0
2025-04-07 16:00:00,6.64,7.29,-34.0,152.0,-34.0,152.0
2025-04-07 17:00:00,6.46,7.11,-34.0,152.0,-34.0,152.0
2025-04-07 18:00:00,6.41,6.96,-34.0,152.0,-34.0,152.0
2025-04-07 19:00:00,6.39,6.94,-34.0,152.0,-34.0,152.0
2025-04-07 20:00:00,6.28,6.84,-34.0,152.0,-34.0,152.0
2025-04-07 21:00:00,6.03,6.59,-34.0,152.0,-34.0,152.0
2025-04-07 22:00:00,2.43,2.48,-34.0,152.0,-34.0,152.0
2025-04-07 23:00:00,2.8,2.9,-34.0,152.0,-34.0,152.0
2025-04-08 00:00:00,3.05,3.2,-34.0,152.0,-34.0,152.0
2025-04-08 01:00:00,3.08,3.22,-34.0,152.0,-34.0,152.0
2025-04-08 02:00:00,3.04,3.2,-34.0,152.0,-34.0,152.0
2025-04-08 03:00:00,2.98,3.15,-34.0,152.0,-34.0,152.0
2025-04-08 04:00:00,3.27,3.45,-34.0,152.0,-34.0,152.0
2025-04-08 05:00:00,3.45,3.63,-34.0,152.0,-34.0,152.0
2025-04-08 06:00:00,3.64,3.85,-34.0,152.0,-34.0,152.0
2025-04-08 07:00:00,3.7,3.97,-34.0,152.0,-34.0,152.0
2025-04-08 08:00:00,3.89,4.14,-34.0,152.0,-34.0,152.0
2025-04-08 09:00:00,3.94,4.19,-34.0,152.0,-34.0,152.0
2025-04-08 10:00:00,2.87,3.12,-34.0,152.0,-34.0,152.0
2025-04-08 11:00:00,2.61,2.76,-34.0,152.0,-34.0,152.0
2025-04-08 12:00:00,2.65,2.85,-34.0,152.0,-34.0,152.0
2025-04-08 13:00:00,2.67,2.89,-34.0,152.0,-34.0,152.0
2025-04-08 14:00:00,2.83,3.01,-34.0,152.0,-34.0,152.0
2025-04-08 15:00:00,3.22,3.4,-34.0,152.0,-34.0,152.0
2025-04-08 16:00:00,3.59,3.81,-34.0,152.0,-34.0,152.0
2025-04-08 17:00:00,4.07,4.27,-34.0,152.0,-34.0,152.0
2025-04-08 18:00:00,4.51,4.78,-34.0,152.0,-34.0,152.0
2025-04-08 19:00:00,4.58,4.89,-34.0,152.0,-34.0,152.0
2025-04-08 20:00:00,4.38,4.68,-34.0,152.0,-34.0,152.0
2025-04-08 21:00:00,3.91,4.16,-34.0,152.0,-34.0,152.0
2025-04-08 22:00:00,2.8,2.97,-34.0,152.0,-34.0,152.0
2025-04-08 23:00:00,2.16,2.33,-34.0,152.0,-34.0,152.0
2025-04-09 00:00:00,2.02,2.16,-34.0,152.0,-34.0,152.0
2025-04-09 01:00:00,2.05,2.23,-34.0,152.0,-34.0,152.0
2025-04-09 02:00:00,2.55,2.72,-34.0,152.0,-34.0,152.0
2025-04-09 03:00:00,3.01,3.22,-34.0,152.0,-34.0,152.0
2025-04-09 04:00:00,3.92,4.21,-34.0,152.0,-34.0,152.0
2025-04-09 05:00:00,4.77,5.16,-34.0,152.0,-34.0,152.0
2025-04-09 06:00:00,5.55,6.02,-34.0,152.0,-34.0,152.0
2025-04-09 07:00:00,6.36,6.97,-34.0,152.0,-34.0,152.0
2025-04-09 08:00:00,7.25,8.06,-34.0,152.0,-34.0,152.0
2025-04-09 09:00:00,7.45,8.37,-34.0,152.0,-34.0,152.0
2025-04-09 10:00:00,6.59,7.36,-34.0,152.0,-34.0,152.0
2025-04-09 11:00:00,7.13,7.93,-34.0,152.0,-34.0,152.0
2025-04-09 12:00:00,7.47,8.3,-34.0,152.0,-34.0,152.0
2025-04-09 13:00:00,7.54,8.37,-34.0,152.0,-34.0,152.0
2025-04-09 14:00:00,7.56,8.38,-34.0,152.0,-34.0,152.0
2025-04-09 15:00:00,7.32,8.1,-34.0,152.0,-34.0,152.0
2025-04-09 16:00:00,6.82,7.53,-34.0,152.0,-34.0,152.0
2025-04-09 17:00:00,6.32,6.93,-34.0,152.0,-34.0,152.0
2025-04-09 18:00:00,5.78,6.33,-34.0,152.0,-34.0,152.0
2025-04-09 19:00:00,5.36,5.87,-34.0,152.0,-34.0,152.0
2025-04-09 20:00:00,5.27,5.73,-34.0,152.0,-34.0,152.0
2025-04-09 21:00:00,5.54,6.0,-34.0,152.0,-34.0,152.0
2025-04-09 22:00:00,5.04,5.61,-34.0,152.0,-34.0,152.0
2025-04-09 23:00:00,5.16,5.65,-34.0,152.0,-34.0,152.0
2025-04-10 00:00:00,5.24,5.71,-34.0,152.0,-34.0,152.0
2025-04-10 01:00:00,5.24,5.76,-34.0,152.0,-34.0,152.0
2025-04-10 02:00:00,5.0,5.45,-34.0,152.0,-34.0,152.0
2025-04-10 03:00:00,4.63,4.99,-34.0,152.0,-34.0,152.0
2025-04-10 04:00:00,4.65,5.08,-34.0,152.0,-34.0,152.0
2025-04-10 05:00:00,4.81,5.21,-34.0,152.0,-34.0,152.0
2025-04-10 06:00:00,5.3,5.77,-34.0,152.0,-34.0,152.0
2025-04-10 07:00:00,5.69,6.32,-34.0,152.0,-34.0,152.0
2025-04-10 08:00:00,6.1,6.82,-34.0,152.0,-34.0,152.0
2025-04-10 09:00:00,6.44,7.27,-34.0,152.0,-34.0,152.0
2025-04-10 10:00:00,5.72,6.44,-34.0,152.0,-34.0,152.0
2025-04-10 11:00:00,5.87,6.53,-34.0,152.0,-34.0,152.0
2025-04-10 12:00:00,5.91,6.57,-34.0,152.0,-34.0,152.0
2025-04-10 13:00:00,6.12,6.83,-34.0,152.0,-34.0,152.0
2025-04-10 14:00:00,6.32,7.07,-34.0,152.0,-34.0,152.0
2025-04-10 15:00:00,6.41,7.16,-34.0,152.0,-34.0,152.0
2025-04-10 16:00:00,6.03,6.68,-34.0,152.0,-34.0,152.0
2025-04-10 17:00:00,5.13,5.7,-34.0,152.0,-34.0,152.0
2025-04-10 18:00:00,4.41,4.79,-34.0,152.0,-34.0,152.0
2025-04-10 19:00:00,3.84,4.24,-34.0,152.0,-34.0,152.0
2025-04-10 20:00:00,3.59,3.97,-34.0,152.0,-34.0,152.0
2025-04-10 21:00:00,3.57,3.85,-34.0,152.0,-34.0,152.0
2025-04-10 22:00:00,3.23,3.43,-34.0,152.0,-34.0,152.0
2025-04-10 23:00:00,3.41,3.66,-34.0,152.0,-34.0,152.0
2025-04-11 00:00:00,3.55,3.82,-34.0,152.0,-34.0,152.0
2025-04-11 01:00:00,3.54,3.73,-34.0,152.0,-34.0,152.0
2025-04-11 02:00:00,3.25,3.45,-34.0,152.0,-34.0,152.0
2025-04-11 03:00:00,2.89,3.05,-34.0,152.0,-34.0,152.0
2025-04-11 04:00:00,2.39,2.49,-34.0,152.0,-34.0,152.0
2025-04-11 05:00:00,2.21,2.27,-34.0,152.0,-34.0,152.0
2025-04-11 06:00:00,2.39,2.53,-34.0,152.0,-34.0,152.0
2025-04-11 07:00:00,2.33,2.54,-34.0,152.0,-34.0,152.0
2025-04-11 08:00:00,2.22,2.39,-34.0,152.0,-34.0,152.0
2025-04-11 09:00:00,2.17,2.24,-34.0,152.0,-34.0,152.0
2025-04-11 10:00:00,1.38,1.68,-34.0,152.0,-34.0,152.0
2025-04-11 11:00:00,1.14,1.57,-34.0,152.0,-34.0,152.0
2025-04-11 12:00:00,0.79,1.24,-34.0,152.0,-34.0,152.0
2025-04-11 13:00:00,0.6,0.89,-34.0,152.0,-34.0,152.0
2025-04-11 14:00:00,0.47,0.68,-34.0,152.0,-34.0,152.0
2025-04-11 15:00:00,1.05,1.09,-34.0,152.0,-34.0,152.0
2025-04-11 16:00:00,1.5,1.65,-34.0,152.0,-34.0,152.0
2025-04-11 17:00:00,1.93,2.14,-34.0,152.0,-34.0,152.0
2025-04-11 18:00:00,2.23,2.41,-34.0,152.0,-34.0,152.0
2025-04-11 19:00:00,2.55,2.69,-34.0,152.0,-34.0,152.0
2025-04-11 20:00:00,2.91,3.09,-34.0,152.0,-34.0,152.0
2025-04-11 21:00:00,3.5,3.69,-34.0,152.0,-34.0,152.0
2025-04-11 22:00:00,2.98,3.71,-34.0,152.0,-34.0,152.0
2025-04-11 23:00:00,3.08,3.69,-34.0,152.0,-34.0,152.0
2025-04-12 00:00:00,3.35,3.75,-34.0,152.0,-34.0,152.0
2025-04-12 01:00:00,3.68,3.98,-34.0,152.0,-34.0,152.0
2025-04-12 02:00:00,3.81,4.1,-34.0,152.0,-34.0,152.0
2025-04-12 03:00:00,3.62,3.91,-34.0,152.0,-34.0,152.0
2025-04-12 04:00:00,3.55,3.8,-34.0,152.0,-34.0,152.0
2025-04-12 05:00:00,3.56,3.81,-34.0,152.0,-34.0,152.0
2025-04-12 06:00:00,3.66,3.96,-34.0,152.0,-34.0,152.0
2025-04-12 07:00:00,3.99,4.39,-34.0,152.0,-34.0,152.0
2025-04-12 08:00:00,4.38,4.83,-34.0,152.0,-34.0,152.0
2025-04-12 09:00:00,4.8,5.3,-34.0,152.0,-34.0,152.0
2025-04-12 10:00:00,4.31,4.71,-34.0,152.0,-34.0,152.0
2025-04-12 11:00:00,4.36,4.76,-34.0,152.0,-34.0,152.0
2025-04-12 12:00:00,4.4,4.81,-34.0,152.0,-34.0,152.0
2025-04-12 13:00:00,4.47,4.87,-34.0,152.0,-34.0,152.0
2025-04-12 14:00:00,4.63,5.04,-34.0,152.0,-34.0,152.0
2025-04-12 15:00:00,4.65,5.09,-34.0,152.0,-34.0,152.0
2025-04-12 16:00:00,4.7,5.17,-34.0,152.0,-34.0,152.0
2025-04-12 17:00:00,4.63,5.05,-34.0,152.0,-34.0,152.0
2025-04-12 18:00:00,4.32,4.66,-34.0,152.0,-34.0,152.0
2025-04-12 19:00:00,4.18,4.43,-34.0,152.0,-34.0,152.0
2025-04-12 20:00:00,4.2,4.45,-34.0,152.0,-34.0,152.0
2025-04-12 21:00:00,4.43,4.59,-34.0,152.0,-34.0,152.0
2025-04-12 22:00:00,4.27,4.51,-34.0,152.0,-34.0,152.0
2025-04-12 23:00:00,3.73,3.92,-34.0,152.0,-34.0,152.0
2025-04-13 00:00:00,3.15,3.34,-34.0,152.0,-34.0,152.0
2025-04-13 01:00:00,2.86,2.99,-34.0,152.0,-34.0,152.0
2025-04-13 02:00:00,2.73,2.87,-34.0,152.0,-34.0,152.0
2025-04-13 03:00:00,2.69,2.87,-34.0,152.0,-34.0,152.0
2025-04-13 04:00:00,3.04,3.25,-34.0,152.0,-34.0,152.0
2025-04-13 05:00:00,3.61,3.86,-34.0,152.0,-34.0,152.0
2025-04-13 06:00:00,4.29,4.64,-34.0,152.0,-34.0,152.0
2025-04-13 07:00:00,4.98,5.41,-34.0,152.0,-34.0,152.0
2025-04-13 08:00:00,5.35,5.96,-34.0,152.0,-34.0,152.0
2025-04-13 09:00:00,5.7,6.33,-34.0,152.0,-34.0,152.0
2025-04-13 10:00:00,4.58,5.2,-34.0,152.0,-34.0,152.0
2025-04-13 11:00:00,5.32,5.96,-34.0,152.0,-34.0,152.0
2025-04-13 12:00:00,5.55,6.19,-34.0,152.0,-34.0,152.0
2025-04-13 13:00:00,5.67,6.32,-34.0,152.0,-34.0,152.0
2025-04-13 14:00:00,6.07,6.72,-34.0,152.0,-34.0,152.0
2025-04-13 15:00:00,6.25,6.89,-34.0,152.0,-34.0,152.0
2025-04-13 16:00:00,6.29,6.93,-34.0,152.0,-34.0,152.0
2025-04-13 17:00:00,6.46,7.1,-34.0,152.0,-34.0,152.0
2025-04-13 18:00:00,6.32,6.92,-34.0,152.0,-34.0,152.0
2025-04-13 19:00:00,5.92,6.45,-34.0,152.0,-34.0,152.0
2025-04-13 20:00:00,5.65,6.16,-34.0,152.0,-34.0,152.0
2025-04-13 21:00:00,5.3,5.78,-34.0,152.0,-34.0,152.0
2025-04-13 22:00:00,4.82,5.25,-34.0,152.0,-34.0,152.0
2025-04-13 23:00:00,4.42,4.78,-34.0,152.0,-34.0,152.0
2025-04-14 00:00:00,4.55,4.92,-34.0,152.0,-34.0,152.0
2025-04-14 01:00:00,4.63,5.01,-34.0,152.0,-34.0,152.0
2025-04-14 02:00:00,4.41,4.74,-34.0,152.0,-34.0,152.0
2025-04-14 03:00:00,4.05,4.39,-34.0,152.0,-34.0,152.0
2025-04-14 04:00:00,3.54,3.68,-34.0,152.0,-34.0,152.0
2025-04-14 05:00:00,3.18,3.31,-34.0,152.0,-34.0,152.0
2025-04-14 06:00:00,2.45,2.6,-34.0,152.0,-34.0,152.0
2025-04-14 07:00:00,3.33,3.72,-34.0,152.0,-34.0,152.0
2025-04-14 08:00:00,6.07,6.76,-34.0,152.0,-34.0,152.0
2025-04-14 09:00:00,8.49,9.7,-34.0,152.0,-34.0,152.0
2025-04-14 10:00:00,9.61,11.27,-34.0,152.0,-34.0,152.0
2025-04-14 11:00:00,9.61,11.27,-34.0,152.0,-34.0,152.0
2025-04-14 12:00:00,9.44,11.07,-34.0,152.0,-34.0,152.0
2025-04-14 13:00:00,8.97,10.43,-34.0,152.0,-34.0,152.0
2025-04-14 14:00:00,9.42,10.79,-34.0,152.0,-34.0,152.0
2025-04-14 15:00:00,9.41,10.78,-34.0,152.0,-34.0,152.0
2025-04-14 16:00:00,9.43,10.72,-34.0,152.0,-34.0,152.0
2025-04-14 17:00:00,9.6,10.93,-34.0,152.0,-34.0,152.0
2025-04-14 18:00:00,10.12,11.55,-34.0,152.0,-34.0,152.0
2025-04-14 19:00:00,10.37,11.87,-34.0,152.0,-34.0,152.0
2025-04-14 20:00:00,10.48,11.96,-34.0,152.0,-34.0,152.0
2025-04-14 21:00:00,10.49,11.97,-34.0,152.0,-34.0,152.0
2025-04-14 22:00:00,10.43,11.97,-34.0,152.0,-34.0,152.0
2025-04-14 23:00:00,9.89,11.2,-34.0,152.0,-34.0,152.0
2025-04-15 00:00:00,9.98,11.25,-34.0,152.0,-34.0,152.0
2025-04-15 01:00:00,9.58,10.74,-34.0,152.0,-34.0,152.0
2025-04-15 02:00:00,9.08,10.21,-34.0,152.0,-34.0,152.0
2025-04-15 03:00:00,8.7,9.66,-34.0,152.0,-34.0,152.0
2025-04-15 04:00:00,8.25,9.17,-34.0,152.0,-34.0,152.0
2025-04-15 05:00:00,7.37,8.21,-34.0,152.0,-34.0,152.0
2025-04-15 06:00:00,6.8,7.56,-34.0,152.0,-34.0,152.0
2025-04-15 07:00:00,7.01,7.74,-34.0,152.0,-34.0,152.0
2025-04-15 08:00:00,7.9,8.71,-34.0,152.0,-34.0,152.0
2025-04-15 09:00:00,8.86,9.82,-34.0,152.0,-34.0,152.0
2025-04-15 10:00:00,9.15,10.12,-34.0,152.0,-34.0,152.0
2025-04-15 11:00:00,9.18,10.15,-34.0,152.0,-34.0,152.0
2025-04-15 12:00:00,8.8,9.76,-34.0,152.0,-34.0,152.0
2025-04-15 13:00:00,8.75,9.67,-34.0,152.0,-34.0,152.0
2025-04-15 14:00:00,8.85,9.81,-34.0,152.0,-34.0,152.0
2025-04-15 15:00:00,8.68,9.59,-34.0,152.0,-34.0,152.0
2025-04-15 16:00:00,8.45,9.36,-34.0,152.0,-34.0,152.0
2025-04-15 17:00:00,8.4,9.36,-34.0,152.0,-34.0,152.0
2025-04-15 18:00:00,8.4,9.32,-34.0,152.0,-34.0,152.0
2025-04-15 19:00:00,8.26,9.21,-34.0,152.0,-34.0,152.0
2025-04-15 20:00:00,8.31,9.26,-34.0,152.0,-34.0,152.0
2025-04-15 21:00:00,8.63,9.67,-34.0,152.0,-34.0,152.0
2025-04-15 22:00:00,7.31,8.05,-34.0,152.0,-34.0,152.0
2025-04-15 23:00:00,8.72,9.69,-34.0,152.0,-34.0,152.0
2025-04-16 00:00:00,9.79,10.99,-34.0,152.0,-34.0,152.0
2025-04-16 01:00:00,10.39,11.77,-34.0,152.0,-34.0,152.0
2025-04-16 02:00:00,10.7,12.18,-34.0,152.0,-34.0,152.0
2025-04-16 03:00:00,11.05,12.62,-34.0,152.0,-34.0,152.0
2025-04-16 04:00:00,11.33,12.95,-34.0,152.0,-34.0,152.0
2025-04-16 05:00:00,11.45,13.23,-34.0,152.0,-34.0,152.0
2025-04-16 06:00:00,11.3,13.05,-34.0,152.0,-34.0,152.0
2025-04-16 07:00:00,10.9,12.6,-34.0,152.0,-34.0,152.0
2025-04-16 08:00:00,10.62,12.23,-34.0,152.0,-34.0,152.0
2025-04-16 09:00:00,10.01,11.5,-34.0,152.0,-34.0,152.0
2025-04-16 10:00:00,8.32,9.38,-34.0,152.0,-34.0,152.0
2025-04-16 11:00:00,8.47,9.47,-34.0,152.0,-34.0,152.0
2025-04-16 12:00:00,8.39,9.39,-34.0,152.0,-34.0,152.0
2025-04-16 13:00:00,8.35,9.32,-34.0,152.0,-34.0,152.0
2025-04-16 14:00:00,8.2,9.22,-34.0,152.0,-34.0,152.0
2025-04-16 15:00:00,8.17,9.14,-34.0,152.0,-34.0,152.0
2025-04-16 16:00:00,8.1,9.06,-34.0,152.0,-34.0,152.0
2025-04-16 17:00:00,8.31,9.27,-34.0,152.0,-34.0,152.0
2025-04-16 18:00:00,8.36,9.38,-34.0,152.0,-34.0,152.0
2025-04-16 19:00:00,8.28,9.3,-34.0,152.0,-34.0,152.0
2025-04-16 20:00:00,8.29,9.33,-34.0,152.0,-34.0,152.0
2025-04-16 21:00:00,8.7,9.76,-34.0,152.0,-34.0,152.0
2025-04-16 22:00:00,8.59,9.63,-34.0,152.0,-34.0,152.0
2025-04-16 23:00:00,9.13,10.34,-34.0,152.0,-34.0,152.0
2025-04-17 00:00:00,8.98,10.18,-34.0,152.0,-34.0,152.0
2025-04-17 01:00:00,8.9,10.05,-34.0,152.0,-34.0,152.0
2025-04-17 02:00:00,9.28,10.48,-34.0,152.0,-34.0,152.0
2025-04-17 03:00:00,10.26,11.72,-34.0,152.0,-34.0,152.0
2025-04-17 04:00:00,10.71,12.31,-34.0,152.0,-34.0,152.0
2025-04-17 05:00:00,10.31,11.87,-34.0,152.0,-34.0,152.0
2025-04-17 06:00:00,9.47,10.82,-34.0,152.0,-34.0,152.0
2025-04-17 07:00:00,9.0,10.2,-34.0,152.0,-34.0,152.0
2025-04-17 08:00:00,8.95,10.1,-34.0,152.0,-34.0,152.0
2025-04-17 09:00:00,9.26,10.41,-34.0,152.0,-34.0,152.0
2025-04-17 10:00:00,8.79,9.94,-34.0,152.0,-34.0,152.0
2025-04-17 11:00:00,9.05,10.2,-34.0,152.0,-34.0,152.0
2025-04-17 12:00:00,8.85,9.95,-34.0,152.0,-34.0,152.0
2025-04-17 13:00:00,8.65,9.76,-34.0,152.0,-34.0,152.0
2025-04-17 14:00:00,8.57,9.53,-34.0,152.0,-34.0,152.0
2025-04-17 15:00:00,8.38,9.3,-34.0,152.0,-34.0,152.0
2025-04-17 16:00:00,8.6,9.62,-34.0,152.0,-34.0,152.0
2025-04-17 17:00:00,8.62,9.65,-34.0,152.0,-34.0,152.0
2025-04-17 18:00:00,8.27,9.22,-34.0,152.0,-34.0,152.0
2025-04-17 19:00:00,7.86,8.7,-34.0,152.0,-34.0,152.0
2025-04-17 20:00:00,7.6,8.39,-34.0,152.0,-34.0,152.0
2025-04-17 21:00:00,7.56,8.36,-34.0,152.0,-34.0,152.0
2025-04-17 22:00:00,7.29,8.0,-34.0,152.0,-34.0,152.0
2025-04-17 23:00:00,7.35,8.02,-34.0,152.0,-34.0,152.0
2025-04-18 00:00:00,7.06,7.66,-34.0,152.0,-34.0,152.0
2025-04-18 01:00:00,6.5,7.02,-34.0,152.0,-34.0,152.0
2025-04-18 02:00:00,6.4,6.91,-34.0,152.0,-34.0,152.0
2025-04-18 03:00:00,6.29,6.75,-34.0,152.0,-34.0,152.0
2025-04-18 04:00:00,6.1,6.52,-34.0,152.0,-34.0,152.0
2025-04-18 05:00:00,5.79,6.19,-34.0,152.0,-34.0,152.0
2025-04-18 06:00:00,5.3,5.66,-34.0,152.0,-34.0,152.0
2025-04-18 07:00:00,4.75,5.05,-34.0,152.0,-34.0,152.0
2025-04-18 08:00:00,4.13,4.36,-34.0,152.0,-34.0,152.0
2025-04-18 09:00:00,3.5,3.65,-34.0,152.0,-34.0,152.0
2025-04-18 10:00:00,2.44,2.55,-34.0,152.0,-34.0,152.0
2025-04-18 11:00:00,2.17,2.28,-34.0,152.0,-34.0,152.0
2025-04-18 12:00:00,1.45,1.52,-34.0,152.0,-34.0,152.0
2025-04-18 13:00:00,1.31,1.36,-34.0,152.0,-34.0,152.0
2025-04-18 14:00:00,2.58,2.8,-34.0,152.0,-34.0,152.0
2025-04-18 15:00:00,3.57,3.89,-34.0,152.0,-34.0,152.0
2025-04-18 16:00:00,4.05,4.38,-34.0,152.0,-34.0,152.0
2025-04-18 17:00:00,4.21,4.54,-34.0,152.0,-34.0,152.0
2025-04-18 18:00:00,4.5,4.92,-34.0,152.0,-34.0,152.0
2025-04-18 19:00:00,4.96,5.34,-34.0,152.0,-34.0,152.0
2025-04-18 20:00:00,5.45,5.94,-34.0,152.0,-34.0,152.0
2025-04-18 21:00:00,5.79,6.39,-34.0,152.0,-34.0,152.0
2025-04-18 22:00:00,6.51,7.21,-34.0,152.0,-34.0,152.0
2025-04-18 23:00:00,5.76,6.36,-34.0,152.0,-34.0,152.0
2025-04-19 00:00:00,5.1,5.59,-34.0,152.0,-34.0,152.0
2025-04-19 01:00:00,4.88,5.31,-34.0,152.0,-34.0,152.0
2025-04-19 02:00:00,4.57,4.92,-34.0,152.0,-34.0,152.0
2025-04-19 03:00:00,4.56,4.91,-34.0,152.0,-34.0,152.0
2025-04-19 04:00:00,4.56,5.01,-34.0,152.0,-34.0,152.0
2025-04-19 05:00:00,4.44,4.96,-34.0,152.0,-34.0,152.0
2025-04-19 06:00:00,4.22,5.01,-34.0,152.0,-34.0,152.0
2025-04-19 07:00:00,4.55,5.6,-34.0,152.0,-34.0,152.0
2025-04-19 08:00:00,5.32,6.86,-34.0,152.0,-34.0,152.0
2025-04-19 09:00:00,6.12,8.19,-34.0,152.0,-34.0,152.0
2025-04-19 10:00:00,6.07,8.41,-34.0,152.0,-34.0,152.0
2025-04-19 11:00:00,6.48,8.85,-34.0,152.0,-34.0,152.0
2025-04-19 12:00:00,7.05,9.45,-34.0,152.0,-34.0,152.0
2025-04-19 13:00:00,7.65,10.11,-34.0,152.0,-34.0,152.0
2025-04-19 14:00:00,7.81,10.43,-34.0,152.0,-34.0,152.0
2025-04-19 15:00:00,7.68,10.23,-34.0,152.0,-34.0,152.0
2025-04-19 16:00:00,7.65,9.91,-34.0,152.0,-34.0,152.0
2025-04-19 17:00:00,7.39,9.34,-34.0,152.0,-34.0,152.0
2025-04-19 18:00:00,7.16,8.67,-34.0,152.0,-34.0,152.0
2025-04-19 19:00:00,6.96,8.27,-34.0,152.0,-34.0,152.0
2025-04-19 20:00:00,6.7,7.85,-34.0,152.0,-34.0,152.0
2025-04-19 21:00:00,6.47,7.45,-34.0,152.0,-34.0,152.0
2025-04-19 22:00:00,6.41,7.61,-34.0,152.0,-34.0,152.0
2025-04-19 23:00:00,6.16,7.26,-34.0,152.0,-34.0,152.0
2025-04-20 00:00:00,5.71,6.63,-34.0,152.0,-34.0,152.0
2025-04-20 01:00:00,5.41,6.11,-34.0,152.0,-34.0,152.0
2025-04-20 02:00:00,5.08,5.64,-34.0,152.0,-34.0,152.0
2025-04-20 03:00:00,5.01,5.59,-34.0,152.0,-34.0,152.0
2025-04-20 04:00:00,4.9,5.5,-34.0,152.0,-34.0,152.0
2025-04-20 05:00:00,4.81,5.47,-34.0,152.0,-34.0,152.0
2025-04-20 06:00:00,4.76,5.85,-34.0,152.0,-34.0,152.0
2025-04-20 07:00:00,5.11,6.8,-34.0,152.0,-34.0,152.0
2025-04-20 08:00:00,5.77,7.95,-34.0,152.0,-34.0,152.0
2025-04-20 09:00:00,6.93,9.42,-34.0,152.0,-34.0,152.0
2025-04-20 10:00:00,8.33,11.44,-34.0,152.0,-34.0,152.0
2025-04-20 11:00:00,9.7,13.13,-34.0,152.0,-34.0,152.0
2025-04-20 12:00:00,10.45,14.14,-34.0,152.0,-34.0,152.0
2025-04-20 13:00:00,10.45,14.09,-34.0,152.0,-34.0,152.0
2025-04-20 14:00:00,10.18,13.77,-34.0,152.0,-34.0,152.0
2025-04-20 15:00:00,9.41,12.75,-34.0,152.0,-34.0,152.0
2025-04-20 16:00:00,7.79,10.88,-34.0,152.0,-34.0,152.0
2025-04-20 17:00:00,6.59,9.17,-34.0,152.0,-34.0,152.0
2025-04-20 18:00:00,5.42,7.54,-34.0,152.0,-34.0,152.0
2025-04-20 19:00:00,4.69,6.3,-34.0,152.0,-34.0,152.0
2025-04-20 20:00:00,3.3,4.51,-34.0,152.0,-34.0,152.0
2025-04-20 21:00:00,3.33,3.74,-34.0,152.0,-34.0,152.0
2025-04-20 22:00:00,5.34,5.63,-34.0,152.0,-34.0,152.0
2025-04-20 23:00:00,5.76,6.2,-34.0,152.0,-34.0,152.0
2025-04-21 00:00:00,5.87,6.44,-34.0,152.0,-34.0,152.0
2025-04-21 01:00:00,5.58,6.04,-34.0,152.0,-34.0,152.0
2025-04-21 02:00:00,5.85,6.37,-34.0,152.0,-34.0,152.0
2025-04-21 03:00:00,4.77,5.09,-34.0,152.0,-34.0,152.0
2025-04-21 04:00:00,2.88,3.06,-34.0,152.0,-34.0,152.0
2025-04-21 05:00:00,1.78,1.53,-34.0,152.0,-34.0,152.0
2025-04-21 06:00:00,3.85,3.8,-34.0,152.0,-34.0,152.0
2025-04-21 07:00:00,4.22,4.41,-34.0,152.0,-34.0,152.0
2025-04-21 08:00:00,2.45,2.45,-34.0,152.0,-34.0,152.0
2025-04-21 09:00:00,1.19,1.12,-34.0,152.0,-34.0,152.0
2025-04-21 10:00:00,1.23,1.33,-34.0,152.0,-34.0,152.0
2025-04-21 11:00:00,3.61,3.75,-34.0,152.0,-34.0,152.0
2025-04-21 12:00:00,5.36,5.76,-34.0,152.0,-34.0,152.0
2025-04-21 13:00:00,5.9,6.35,-34.0,152.0,-34.0,152.0
2025-04-21 14:00:00,5.31,5.77,-34.0,152.0,-34.0,152.0
2025-04-21 15:00:00,4.55,4.93,-34.0,152.0,-34.0,152.0
2025-04-21 16:00:00,5.44,5.84,-34.0,152.0,-34.0,152.0
2025-04-21 17:00:00,6.04,6.51,-34.0,152.0,-34.0,152.0
2025-04-21 18:00:00,5.4,5.86,-34.0,152.0,-34.0,152.0
2025-04-21 19:00:00,4.94,5.4,-34.0,152.0,-34.0,152.0
2025-04-21 20:00:00,5.41,5.93,-34.0,152.0,-34.0,152.0
2025-04-21 21:00:00,7.06,7.83,-34.0,152.0,-34.0,152.0
2025-04-21 22:00:00,5.8,6.58,-34.0,152.0,-34.0,152.0
2025-04-21 23:00:00,6.05,6.8,-34.0,152.0,-34.0,152.0
2025-04-22 00:00:00,6.94,7.81,-34.0,152.0,-34.0,152.0
2025-04-22 01:00:00,6.86,7.72,-34.0,152.0,-34.0,152.0
2025-04-22 02:00:00,6.36,7.06,-34.0,152.0,-34.0,152.0
2025-04-22 03:00:00,6.73,7.38,-34.0,152.0,-34.0,152.0
2025-04-22 04:00:00,7.86,8.77,-34.0,152.0,-34.0,152.0
2025-04-22 05:00:00,8.27,9.23,-34.0,152.0,-34.0,152.0
2025-04-22 06:00:00,8.64,9.63,-34.0,152.0,-34.0,152.0
2025-04-22 07:00:00,9.45,10.58,-34.0,152.0,-34.0,152.0
2025-04-22 08:00:00,9.81,11.13,-34.0,152.0,-34.0,152.0
2025-04-22 09:00:00,10.02,11.43,-34.0,152.0,-34.0,152.0
2025-04-22 10:00:00,8.76,10.18,-34.0,152.0,-34.0,152.0
2025-04-22 11:00:00,9.29,10.68,-34.0,152.0,-34.0,152.0
2025-04-22 12:00:00,9.52,10.98,-34.0,152.0,-34.0,152.0
2025-04-22 13:00:00,10.08,11.72,-34.0,152.0,-34.0,152.0
2025-04-22 14:00:00,10.41,12.13,-34.0,152.0,-34.0,152.0
2025-04-22 15:00:00,10.8,12.52,-34.0,152.0,-34.0,152.0
2025-04-22 16:00:00,10.87,12.59,-34.0,152.0,-34.0,152.0
2025-04-22 17:00:00,9.91,11.35,-34.0,152.0,-34.0,152.0
2025-04-22 18:00:00,9.29,10.63,-34.0,152.0,-34.0,152.0
2025-04-22 19:00:00,9.45,10.84,-34.0,152.0,-34.0,152.0
2025-04-22 20:00:00,10.01,11.48,-34.0,152.0,-34.0,152.0
2025-04-22 21:00:00,10.14,11.65,-34.0,152.0,-34.0,152.0
2025-04-22 22:00:00,8.36,10.47,-34.0,152.0,-34.0,152.0
2025-04-22 23:00:00,9.56,11.16,-34.0,152.0,-34.0,152.0
2025-04-23 00:00:00,9.01,10.41,-34.0,152.0,-34.0,152.0
2025-04-23 01:00:00,8.66,9.95,-34.0,152.0,-34.0,152.0
2025-04-23 02:00:00,8.72,10.02,-34.0,152.0,-34.0,152.0
2025-04-23 03:00:00,8.64,9.89,-34.0,152.0,-34.0,152.0
2025-04-23 04:00:00,8.45,9.6,-34.0,152.0,-34.0,152.0
2025-04-23 05:00:00,8.01,9.11,-34.0,152.0,-34.0,152.0
2025-04-23 06:00:00,8.24,9.31,-34.0,152.0,-34.0,152.0
2025-04-23 07:00:00,8.44,9.52,-34.0,152.0,-34.0,152.0
2025-04-23 08:00:00,8.51,9.58,-34.0,152.0,-34.0,152.0
2025-04-23 09:00:00,8.38,9.4,-34.0,152.0,-34.0,152.0
2025-04-23 10:00:00,8.99,10.26,-34.0,152.0,-34.0,152.0
2025-04-23 11:00:00,8.61,9.72,-34.0,152.0,-34.0,152.0
2025-04-23 12:00:00,8.17,9.17,-34.0,152.0,-34.0,152.0
2025-04-23 13:00:00,7.76,8.71,-34.0,152.0,-34.0,152.0
2025-04-23 14:00:00,7.42,8.34,-34.0,152.0,-34.0,152.0
2025-04-23 15:00:00,7.25,8.1,-34.0,152.0,-34.0,152.0
2025-04-23 16:00:00,7.04,7.9,-34.0,152.0,-34.0,152.0
2025-04-23 17:00:00,6.75,7.5,-34.0,152.0,-34.0,152.0
2025-04-23 18:00:00,6.48,7.19,-34.0,152.0,-34.0,152.0
2025-04-23 19:00:00,6.37,7.02,-34.0,152.0,-34.0,152.0
2025-04-23 20:00:00,6.33,6.98,-34.0,152.0,-34.0,152.0
2025-04-23 21:00:00,6.17,6.76,-34.0,152.0,-34.0,152.0
2025-04-23 22:00:00,5.71,6.35,-34.0,152.0,-34.0,152.0
2025-04-23 23:00:00,5.87,6.47,-34.0,152.0,-34.0,152.0
2025-04-24 00:00:00,6.0,6.5,-34.0,152.0,-34.0,152.0
2025-04-24 01:00:00,5.92,6.43,-34.0,152.0,-34.0,152.0
2025-04-24 02:00:00,5.24,5.65,-34.0,152.0,-34.0,152.0
2025-04-24 03:00:00,4.69,5.12,-34.0,152.0,-34.0,152.0
2025-04-24 04:00:00,4.6,4.96,-34.0,152.0,-34.0,152.0
2025-04-24 05:00:00,4.82,5.24,-34.0,152.0,-34.0,152.0
2025-04-24 06:00:00,5.14,5.63,-34.0,152.0,-34.0,152.0
2025-04-24 07:00:00,5.53,6.07,-34.0,152.0,-34.0,152.0
2025-04-24 08:00:00,5.94,6.51,-34.0,152.0,-34.0,152.0
2025-04-24 09:00:00,6.26,6.91,-34.0,152.0,-34.0,152.0
2025-04-24 10:00:00,6.43,7.13,-34.0,152.0,-34.0,152.0
2025-04-24 11:00:00,6.13,6.81,-34.0,152.0,-34.0,152.0
2025-04-24 12:00:00,6.2,6.95,-34.0,152.0,-34.0,152.0
2025-04-24 13:00:00,5.97,6.72,-34.0,152.0,-34.0,152.0
2025-04-24 14:00:00,5.96,6.6,-34.0,152.0,-34.0,152.0
2025-04-24 15:00:00,6.89,7.64,-34.0,152.0,-34.0,152.0
2025-04-24 16:00:00,6.62,7.33,-34.0,152.0,-34.0,152.0
2025-04-24 17:00:00,5.73,6.29,-34.0,152.0,-34.0,152.0
2025-04-24 18:00:00,4.81,5.17,-34.0,152.0,-34.0,152.0
2025-04-24 19:00:00,4.02,4.32,-34.0,152.0,-34.0,152.0
2025-04-24 20:00:00,3.4,3.6,-34.0,152.0,-34.0,152.0
2025-04-24 21:00:00,3.02,3.18,-34.0,152.0,-34.0,152.0
2025-04-24 22:00:00,3.54,4.0,-34.0,152.0,-34.0,152.0
2025-04-24 23:00:00,2.76,2.97,-34.0,152.0,-34.0,152.0
2025-04-25 00:00:00,3.26,3.5,-34.0,152.0,-34.0,152.0
2025-04-25 01:00:00,3.19,3.49,-34.0,152.0,-34.0,152.0
2025-04-25 02:00:00,3.67,3.98,-34.0,152.0,-34.0,152.0
2025-04-25 03:00:00,4.03,4.42,-34.0,152.0,-34.0,152.0
2025-04-25 04:00:00,4.01,4.37,-34.0,152.0,-34.0,152.0
2025-04-25 05:00:00,3.76,4.08,-34.0,152.0,-34.0,152.0
2025-04-25 06:00:00,4.25,4.61,-34.0,152.0,-34.0,152.0
2025-04-25 07:00:00,4.88,5.31,-34.0,152.0,-34.0,152.0
2025-04-25 08:00:00,5.48,6.0,-34.0,152.0,-34.0,152.0
2025-04-25 09:00:00,5.99,6.62,-34.0,152.0,-34.0,152.0
2025-04-25 10:00:00,5.99,6.64,-34.0,152.0,-34.0,152.0
2025-04-25 11:00:00,6.73,7.51,-34.0,152.0,-34.0,152.0
2025-04-25 12:00:00,7.3,8.17,-34.0,152.0,-34.0,152.0
2025-04-25 13:00:00,7.5,8.52,-34.0,152.0,-34.0,152.0
2025-04-25 14:00:00,7.58,8.59,-34.0,152.0,-34.0,152.0
2025-04-25 15:00:00,7.44,8.37,-34.0,152.0,-34.0,152.0
2025-04-25 16:00:00,7.16,8.03,-34.0,152.0,-34.0,152.0
2025-04-25 17:00:00,6.91,7.76,-34.0,152.0,-34.0,152.0
2025-04-25 18:00:00,6.74,7.55,-34.0,152.0,-34.0,152.0
2025-04-25 19:00:00,6.64,7.43,-34.0,152.0,-34.0,152.0
2025-04-25 20:00:00,6.51,7.25,-34.0,152.0,-34.0,152.0
2025-04-25 21:00:00,6.78,7.54,-34.0,152.0,-34.0,152.0
2025-04-25 22:00:00,4.73,5.44,-34.0,152.0,-34.0,152.0
2025-04-25 23:00:00,4.67,5.15,-34.0,152.0,-34.0,152.0
2025-04-26 00:00:00,4.92,5.41,-34.0,152.0,-34.0,152.0
2025-04-26 01:00:00,5.08,5.57,-34.0,152.0,-34.0,152.0
2025-04-26 02:00:00,5.37,5.93,-34.0,152.0,-34.0,152.0
2025-04-26 03:00:00,6.09,6.69,-34.0,152.0,-34.0,152.0
2025-04-26 04:00:00,5.88,6.51,-34.0,152.0,-34.0,152.0
2025-04-26 05:00:00,5.49,6.12,-34.0,152.0,-34.0,152.0
2025-04-26 06:00:00,5.66,6.27,-34.0,152.0,-34.0,152.0
2025-04-26 07:00:00,5.34,5.97,-34.0,152.0,-34.0,152.0
2025-04-26 08:00:00,5.26,5.93,-34.0,152.0,-34.0,152.0
2025-04-26 09:00:00,5.53,6.35,-34.0,152.0,-34.0,152.0
2025-04-26 10:00:00,6.47,7.61,-34.0,152.0,-34.0,152.0
2025-04-26 11:00:00,6.64,7.64,-34.0,152.0,-34.0,152.0
2025-04-26 12:00:00,8.17,9.25,-34.0,152.0,-34.0,152.0
2025-04-26 13:00:00,7.76,8.77,-34.0,152.0,-34.0,152.0
2025-04-26 14:00:00,7.38,8.3,-34.0,152.0,-34.0,152.0
2025-04-26 15:00:00,7.31,8.22,-34.0,152.0,-34.0,152.0
2025-04-26 16:00:00,7.84,8.79,-34.0,152.0,-34.0,152.0
2025-04-26 17:00:00,8.77,9.97,-34.0,152.0,-34.0,152.0
2025-04-26 18:00:00,10.11,11.61,-34.0,152.0,-34.0,152.0
2025-04-26 19:00:00,10.4,12.15,-34.0,152.0,-34.0,152.0
2025-04-26 20:00:00,10.31,12.01,-34.0,152.0,-34.0,152.0
2025-04-26 21:00:00,10.24,11.95,-34.0,152.0,-34.0,152.0
2025-04-26 22:00:00,9.46,11.23,-34.0,152.0,-34.0,152.0
2025-04-26 23:00:00,10.18,11.65,-34.0,152.0,-34.0,152.0
2025-04-27 00:00:00,10.52,12.05,-34.0,152.0,-34.0,152.0
2025-04-27 01:00:00,10.13,11.58,-34.0,152.0,-34.0,152.0
2025-04-27 02:00:00,10.4,11.92,-34.0,152.0,-34.0,152.0
2025-04-27 03:00:00,10.54,12.25,-34.0,152.0,-34.0,152.0
2025-04-27 04:00:00,11.25,13.26,-34.0,152.0,-34.0,152.0
2025-04-27 05:00:00,12.28,14.72,-34.0,152.0,-34.0,152.0
2025-04-27 06:00:00,13.12,15.95,-34.0,152.0,-34.0,152.0
2025-04-27 07:00:00,12.89,15.6,-34.0,152.0,-34.0,152.0
2025-04-27 08:00:00,11.55,13.89,-34.0,152.0,-34.0,152.0
2025-04-27 09:00:00,9.87,11.7,-34.0,152.0,-34.0,152.0
2025-04-27 10:00:00,12.6,15.43,-34.0,152.0,-34.0,152.0
2025-04-27 11:00:00,11.55,13.89,-34.0,152.0,-34.0,152.0
2025-04-27 12:00:00,12.32,14.69,-34.0,152.0,-34.0,152.0
2025-04-27 13:00:00,12.85,15.39,-34.0,152.0,-34.0,152.0
2025-04-27 14:00:00,13.05,15.7,-34.0,152.0,-34.0,152.0
2025-04-27 15:00:00,12.89,15.55,-34.0,152.0,-34.0,152.0
2025-04-27 16:00:00,12.92,15.51,-34.0,152.0,-34.0,152.0
2025-04-27 17:00:00,12.47,14.87,-34.0,152.0,-34.0,152.0
2025-04-27 18:00:00,11.64,13.73,-34.0,152.0,-34.0,152.0
2025-04-27 19:00:00,11.31,13.23,-34.0,152.0,-34.0,152.0
2025-04-27 20:00:00,11.06,12.84,-34.0,152.0,-34.0,152.0
2025-04-27 21:00:00,10.93,12.67,-34.0,152.0,-34.0,152.0
2025-04-27 22:00:00,11.27,13.19,-34.0,152.0,-34.0,152.0
2025-04-27 23:00:00,10.67,12.46,-34.0,152.0,-34.0,152.0
2025-04-28 00:00:00,10.06,11.61,-34.0,152.0,-34.0,152.0
2025-04-28 01:00:00,9.83,11.34,-34.0,152.0,-34.0,152.0
2025-04-28 02:00:00,9.98,11.52,-34.0,152.0,-34.0,152.0
2025-04-28 03:00:00,9.87,11.36,-34.0,152.0,-34.0,152.0
2025-04-28 04:00:00,9.52,10.91,-34.0,152.0,-34.0,152.0
2025-04-28 05:00:00,8.97,10.17,-34.0,152.0,-34.0,152.0
2025-04-28 06:00:00,7.99,9.02,-34.0,152.0,-34.0,152.0
2025-04-28 07:00:00,7.28,8.14,-34.0,152.0,-34.0,152.0
2025-04-28 08:00:00,6.83,7.58,-34.0,152.0,-34.0,152.0
2025-04-28 09:00:00,6.48,7.12,-34.0,152.0,-34.0,152.0
2025-04-28 10:00:00,5.69,6.19,-34.0,152.0,-34.0,152.0
2025-04-28 11:00:00,5.23,5.61,-34.0,152.0,-34.0,152.0
2025-04-28 12:00:00,5.1,5.53,-34.0,152.0,-34.0,152.0
2025-04-28 13:00:00,4.9,5.29,-34.0,152.0,-34.0,152.0
2025-04-28 14:00:00,4.75,5.21,-34.0,152.0,-34.0,152.0
2025-04-28 15:00:00,5.14,5.61,-34.0,152.0,-34.0,152.0
2025-04-28 16:00:00,5.61,6.17,-34.0,152.0,-34.0,152.0
2025-04-28 17:00:00,5.95,6.51,-34.0,152.0,-34.0,152.0
2025-04-28 18:00:00,5.93,6.49,-34.0,152.0,-34.0,152.0
2025-04-28 19:00:00,5.82,6.38,-34.0,152.0,-34.0,152.0
2025-04-28 20:00:00,5.7,6.22,-34.0,152.0,-34.0,152.0
2025-04-28 21:00:00,5.71,6.27,-34.0,152.0,-34.0,152.0
2025-04-28 22:00:00,4.77,5.17,-34.0,152.0,-34.0,152.0
2025-04-28 23:00:00,5.41,5.81,-34.0,152.0,-34.0,152.0
2025-04-29 00:00:00,5.84,6.28,-34.0,152.0,-34.0,152.0
2025-04-29 01:00:00,5.87,6.37,-34.0,152.0,-34.0,152.0
2025-04-29 02:00:00,5.12,5.56,-34.0,152.0,-34.0,152.0
2025-04-29 03:00:00,6.01,6.56,-34.0,152.0,-34.0,152.0
2025-04-29 04:00:00,6.85,7.56,-34.0,152.0,-34.0,152.0
2025-04-29 05:00:00,6.25,6.9,-34.0,152.0,-34.0,152.0
2025-04-29 06:00:00,6.39,7.01,-34.0,152.0,-34.0,152.0
2025-04-29 07:00:00,6.66,7.28,-34.0,152.0,-34.0,152.0
2025-04-29 08:00:00,6.08,6.65,-34.0,152.0,-34.0,152.0
2025-04-29 09:00:00,5.35,5.86,-34.0,152.0,-34.0,152.0
2025-04-29 10:00:00,5.95,6.51,-34.0,152.0,-34.0,152.0
2025-04-29 11:00:00,6.01,6.57,-34.0,152.0,-34.0,152.0
2025-04-29 12:00:00,5.77,6.32,-34.0,152.0,-34.0,152.0
2025-04-29 13:00:00,5.16,5.63,-34.0,152.0,-34.0,152.0
2025-04-29 14:00:00,4.11,4.43,-34.0,152.0,-34.0,152.0
2025-04-29 15:00:00,3.86,4.11,-34.0,152.0,-34.0,152.0
2025-04-29 16:00:00,4.77,5.12,-34.0,152.0,-34.0,152.0
2025-04-29 17:00:00,4.93,5.38,-34.0,152.0,-34.0,152.0
2025-04-29 18:00:00,4.83,5.22,-34.0,152.0,-34.0,152.0
2025-04-29 19:00:00,6.56,7.25,-34.0,152.0,-34.0,152.0
2025-04-29 20:00:00,8.75,9.93,-34.0,152.0,-34.0,152.0
2025-04-29 21:00:00,9.64,11.03,-34.0,152.0,-34.0,152.0
2025-04-29 22:00:00,10.54,12.05,-34.0,152.0,-34.0,152.0
2025-04-29 23:00:00,10.43,11.98,-34.0,152.0,-34.0,152.0
2025-04-30 00:00:00,9.9,11.3,-34.0,152.0,-34.0,152.0
2025-04-30 01:00:00,10.35,11.8,-34.0,152.0,-34.0,152.0
2025-04-30 02:00:00,10.99,12.49,-34.0,152.0,-34.0,152.0
2025-04-30 03:00:00,11.34,12.94,-34.0,152.0,-34.0,152.0
2025-04-30 04:00:00,11.97,13.67,-34.0,152.0,-34.0,152.0
2025-04-30 05:00:00,11.99,13.75,-34.0,152.0,-34.0,152.0
2025-04-30 06:00:00,12.01,13.77,-34.0,152.0,-34.0,152.0
2025-04-30 07:00:00,12.71,14.61,-34.0,152.0,-34.0,152.0
2025-04-30 08:00:00,13.05,15.05,-34.0,152.0,-34.0,152.0
2025-04-30 09:00:00,12.98,14.93,-34.0,152.0,-34.0,152.0
2025-04-30 10:00:00,11.58,13.26,-34.0,152.0,-34.0,152.0
2025-04-30 11:00:00,11.7,13.39,-34.0,152.0,-34.0,152.0
2025-04-30 12:00:00,11.44,13.04,-34.0,152.0,-34.0,152.0
2025-04-30 13:00:00,11.02,12.51,-34.0,152.0,-34.0,152.0
2025-04-30 14:00:00,10.39,11.78,-34.0,152.0,-34.0,152.0
2025-04-30 15:00:00,10.09,11.35,-34.0,152.0,-34.0,152.0
2025-04-30 16:00:00,10.2,11.45,-34.0,152.0,-34.0,152.0
2025-04-30 17:00:00,10.15,11.4,-34.0,152.0,-34.0,152.0
2025-04-30 18:00:00,10.33,11.64,-34.0,152.0,-34.0,152.0
2025-04-30 19:00:00,10.02,11.29,-34.0,152.0,-34.0,152.0
2025-04-30 20:00:00,10.07,11.33,-34.0,152.0,-34.0,152.0
2025-04-30 21:00:00,9.5,10.65,-34.0,152.0,-34.0,152.0
2025-04-30 22:00:00,8.98,10.14,-34.0,152.0,-34.0,152.0
2025-04-30 23:00:00,10.49,11.92,-34.0,152.0,-34.0,152.0
2025-05-01 00:00:00,11.67,13.32,-34.0,152.0,-34.0,152.0
2025-05-01 01:00:00,11.59,13.24,-34.0,152.0,-34.0,152.0
2025-05-01 02:00:00,10.84,12.38,-34.0,152.0,-34.0,152.0
2025-05-01 03:00:00,10.53,11.94,-34.0,152.0,-34.0,152.0
2025-05-01 04:00:00,10.33,11.71,-34.0,152.0,-34.0,152.0
2025-05-01 05:00:00,9.84,11.09,-34.0,152.0,-34.0,152.0
2025-05-01 06:00:00,9.07,10.21,-34.0,152.0,-34.0,152.0
2025-05-01 07:00:00,8.66,9.73,-34.0,152.0,-34.0,152.0
2025-05-01 08:00:00,9.11,10.18,-34.0,152.0,-34.0,152.0
2025-05-01 09:00:00,9.63,10.82,-34.0,152.0,-34.0,152.0
2025-05-01 10:00:00,9.32,10.62,-34.0,152.0,-34.0,152.0
2025-05-01 11:00:00,10.26,11.74,-34.0,152.0,-34.0,152.0
2025-05-01 12:00:00,10.97,12.54,-34.0,152.0,-34.0,152.0
2025-05-01 13:00:00,10.97,12.47,-34.0,152.0,-34.0,152.0
2025-05-01 14:00:00,10.58,12.03,-34.0,152.0,-34.0,152.0
2025-05-01 15:00:00,10.18,11.52,-34.0,152.0,-34.0,152.0
2025-05-01 16:00:00,9.49,10.72,-34.0,152.0,-34.0,152.0
2025-05-01 17:00:00,8.61,9.7,-34.0,152.0,-34.0,152.0
2025-05-01 18:00:00,7.67,8.55,-34.0,152.0,-34.0,152.0
2025-05-01 19:00:00,7.17,7.93,-34.0,152.0,-34.0,152.0
2025-05-01 20:00:00,7.3,8.05,-34.0,152.0,-34.0,152.0
2025-05-01 21:00:00,7.81,8.67,-34.0,152.0,-34.0,152.0
2025-05-01 22:00:00,7.25,8.01,-34.0,152.0,-34.0,152.0
2025-05-01 23:00:00,6.75,7.43,-34.0,152.0,-34.0,152.0
2025-05-02 00:00:00,6.31,6.94,-34.0,152.0,-34.0,152.0
2025-05-02 01:00:00,5.81,6.43,-34.0,152.0,-34.0,152.0
2025-05-02 02:00:00,6.09,6.7,-34.0,152.0,-34.0,152.0
2025-05-02 03:00:00,5.9,6.52,-34.0,152.0,-34.0,152.0
2025-05-02 04:00:00,6.02,6.63,-34.0,152.0,-34.0,152.0
2025-05-02 05:00:00,6.03,6.61,-34.0,152.0,-34.0,152.0
2025-05-02 06:00:00,6.15,6.77,-34.0,152.0,-34.0,152.0
2025-05-02 07:00:00,6.27,6.91,-34.0,152.0,-34.0,152.0
2025-05-02 08:00:00,6.37,7.02,-34.0,152.0,-34.0,152.0
2025-05-02 09:00:00,6.52,7.19,-34.0,152.0,-34.0,152.0
2025-05-02 10:00:00,5.84,6.37,-34.0,152.0,-34.0,152.0
2025-05-02 11:00:00,6.17,6.8,-34.0,152.0,-34.0,152.0
2025-05-02 12:00:00,6.19,6.77,-34.0,152.0,-34.0,152.0
2025-05-02 13:00:00,5.84,6.38,-34.0,152.0,-34.0,152.0
2025-05-02 14:00:00,5.55,6.03,-34.0,152.0,-34.0,152.0
2025-05-02 15:00:00,5.52,6.03,-34.0,152.0,-34.0,152.0
2025-05-02 16:00:00,5.64,6.09,-34.0,152.0,-34.0,152.0
2025-05-02 17:00:00,5.84,6.35,-34.0,152.0,-34.0,152.0
2025-05-02 18:00:00,5.84,6.31,-34.0,152.0,-34.0,152.0
2025-05-02 19:00:00,5.84,6.27,-34.0,152.0,-34.0,152.0
2025-05-02 20:00:00,5.77,6.22,-34.0,152.0,-34.0,152.0
2025-05-02 21:00:00,5.85,6.37,-34.0,152.0,-34.0,152.0
2025-05-02 22:00:00,4.7,5.01,-34.0,152.0,-34.0,152.0
2025-05-02 23:00:00,4.27,4.59,-34.0,152.0,-34.0,152.0
2025-05-03 00:00:00,3.87,4.14,-34.0,152.0,-34.0,152.0
2025-05-03 01:00:00,3.64,3.9,-34.0,152.0,-34.0,152.0
2025-05-03 02:00:00,3.49,3.73,-34.0,152.0,-34.0,152.0
2025-05-03 03:00:00,3.29,3.57,-34.0,152.0,-34.0,152.0
2025-05-03 04:00:00,3.11,3.4,-34.0,152.0,-34.0,152.0
2025-05-03 05:00:00,3.23,3.44,-34.0,152.0,-34.0,152.0
2025-05-03 06:00:00,3.54,3.78,-34.0,152.0,-34.0,152.0
2025-05-03 07:00:00,3.89,4.17,-34.0,152.0,-34.0,152.0
2025-05-03 08:00:00,4.25,4.53,-34.0,152.0,-34.0,152.0
2025-05-03 09:00:00,4.61,4.9,-34.0,152.0,-34.0,152.0
2025-05-03 10:00:00,5.09,5.47,-34.0,152.0,-34.0,152.0
2025-05-03 11:00:00,5.52,5.9,-34.0,152.0,-34.0,152.0
2025-05-03 12:00:00,5.61,6.07,-34.0,152.0,-34.0,152.0
2025-05-03 13:00:00,5.15,5.56,-34.0,152.0,-34.0,152.0
2025-05-03 14:00:00,4.7,5.07,-34.0,152.0,-34.0,152.0
2025-05-03 15:00:00,4.51,4.87,-34.0,152.0,-34.0,152.0
2025-05-03 16:00:00,4.16,4.47,-34.0,152.0,-34.0,152.0
2025-05-03 17:00:00,3.98,4.23,-34.0,152.0,-34.0,152.0
2025-05-03 18:00:00,3.87,4.12,-34.0,152.0,-34.0,152.0
2025-05-03 19:00:00,3.8,4.05,-34.0,152.0,-34.0,152.0
2025-05-03 20:00:00,3.55,3.8,-34.0,152.0,-34.0,152.0
2025-05-03 21:00:00,3.36,3.56,-34.0,152.0,-34.0,152.0
2025-05-03 22:00:00,2.6,2.64,-34.0,152.0,-34.0,152.0
2025-05-03 23:00:00,2.25,2.4,-34.0,152.0,-34.0,152.0
2025-05-04 00:00:00,1.76,1.92,-34.0,152.0,-34.0,152.0
2025-05-04 01:00:00,1.02,1.22,-34.0,152.0,-34.0,152.0
2025-05-04 02:00:00,0.88,1.03,-34.0,152.0,-34.0,152.0
2025-05-04 03:00:00,2.02,2.16,-34.0,152.0,-34.0,152.0
2025-05-04 04:00:00,3.3,3.54,-34.0,152.0,-34.0,152.0
2025-05-04 05:00:00,4.07,4.39,-34.0,152.0,-34.0,152.0
2025-05-04 06:00:00,4.81,5.31,-34.0,152.0,-34.0,152.0
2025-05-04 07:00:00,5.47,6.08,-34.0,152.0,-34.0,152.0
2025-05-04 08:00:00,6.06,6.81,-34.0,152.0,-34.0,152.0
2025-05-04 09:00:00,6.5,7.32,-34.0,152.0,-34.0,152.0
2025-05-04 10:00:00,5.96,6.63,-34.0,152.0,-34.0,152.0
2025-05-04 11:00:00,6.23,6.87,-34.0,152.0,-34.0,152.0
2025-05-04 12:00:00,6.33,6.96,-34.0,152.0,-34.0,152.0
2025-05-04 13:00:00,6.41,7.04,-34.0,152.0,-34.0,152.0
2025-05-04 14:00:00,6.68,7.28,-34.0,152.0,-34.0,152.0
2025-05-04 15:00:00,7.05,7.71,-34.0,152.0,-34.0,152.0
2025-05-04 16:00:00,7.35,8.13,-34.0,152.0,-34.0,152.0
2025-05-04 17:00:00,7.47,8.25,-34.0,152.0,-34.0,152.0
2025-05-04 18:00:00,7.46,8.24,-34.0,152.0,-34.0,152.0
2025-05-04 19:00:00,7.11,7.9,-34.0,152.0,-34.0,152.0
2025-05-04 20:00:00,6.57,7.28,-34.0,152.0,-34.0,152.0
2025-05-04 21:00:00,6.18,6.84,-34.0,152.0,-34.0,152.0
2025-05-04 22:00:00,4.99,5.44,-34.0,152.0,-34.0,152.0
2025-05-04 23:00:00,4.5,4.92,-34.0,152.0,-34.0,152.0
2025-05-05 00:00:00,3.73,4.03,-34.0,152.0,-34.0,152.0
2025-05-05 01:00:00,2.98,3.2,-34.0,152.0,-34.0,152.0
2025-05-05 02:00:00,2.62,2.77,-34.0,152.0,-34.0,152.0
2025-05-05 03:00:00,2.02,2.17,-34.0,152.0,-34.0,152.0
2025-05-05 04:00:00,1.74,1.92,-34.0,152.0,-34.0,152.0
2025-05-05 05:00:00,2.63,2.94,-34.0,152.0,-34.0,152.0
2025-05-05 06:00:00,3.83,4.21,-34.0,152.0,-34.0,152.0
2025-05-05 07:00:00,4.81,5.33,-34.0,152.0,-34.0,152.0
2025-05-05 08:00:00,5.95,6.62,-34.0,152.0,-34.0,152.0
2025-05-05 09:00:00,7.04,7.87,-34.0,152.0,-34.0,152.0
2025-05-05 10:00:00,6.58,7.26,-34.0,152.0,-34.0,152.0
2025-05-05 11:00:00,6.85,7.63,-34.0,152.0,-34.0,152.0
2025-05-05 12:00:00,6.93,7.74,-34.0,152.0,-34.0,152.0
2025-05-05 13:00:00,6.95,7.8,-34.0,152.0,-34.0,152.0
2025-05-05 14:00:00,7.1,7.95,-34.0,152.0,-34.0,152.0
2025-05-05 15:00:00,7.2,8.1,-34.0,152.0,-34.0,152.0
2025-05-05 16:00:00,7.2,8.05,-34.0,152.0,-34.0,152.0
2025-05-05 17:00:00,7.1,7.96,-34.0,152.0,-34.0,152.0
2025-05-05 18:00:00,7.03,7.89,-34.0,152.0,-34.0,152.0
2025-05-05 19:00:00,7.02,7.88,-34.0,152.0,-34.0,152.0
2025-05-05 20:00:00,6.89,7.71,-34.0,152.0,-34.0,152.0
2025-05-05 21:00:00,6.9,7.72,-34.0,152.0,-34.0,152.0
2025-05-05 22:00:00,6.26,6.92,-34.0,152.0,-34.0,152.0
2025-05-05 23:00:00,5.66,6.19,-34.0,152.0,-34.0,152.0
2025-05-06 00:00:00,5.08,5.48,-34.0,152.0,-34.0,152.0
2025-05-06 01:00:00,4.77,5.1,-34.0,152.0,-34.0,152.0
2025-05-06 02:00:00,4.64,4.96,-34.0,152.0,-34.0,152.0
2025-05-06 03:00:00,4.99,5.34,-34.0,152.0,-34.0,152.0
2025-05-06 04:00:00,5.31,5.76,-34.0,152.0,-34.0,152.0
2025-05-06 05:00:00,5.45,5.9,-34.0,152.0,-34.0,152.0
2025-05-06 06:00:00,5.67,6.22,-34.0,152.0,-34.0,152.0
2025-05-06 07:00:00,6.08,6.74,-34.0,152.0,-34.0,152.0
2025-05-06 08:00:00,6.84,7.66,-34.0,152.0,-34.0,152.0
2025-05-06 09:00:00,7.69,8.67,-34.0,152.0,-34.0,152.0
2025-05-06 10:00:00,7.41,8.37,-34.0,152.0,-34.0,152.0
2025-05-06 11:00:00,7.99,9.06,-34.0,152.0,-34.0,152.0
2025-05-06 12:00:00,8.5,9.72,-34.0,152.0,-34.0,152.0
2025-05-06 13:00:00,8.85,10.15,-34.0,152.0,-34.0,152.0
2025-05-06 14:00:00,8.91,10.26,-34.0,152.0,-34.0,152.0
2025-05-06 15:00:00,8.8,10.15,-34.0,152.0,-34.0,152.0
2025-05-06 16:00:00,8.6,9.9,-34.0,152.0,-34.0,152.0
2025-05-06 17:00:00,8.45,9.6,-34.0,152.0,-34.0,152.0
2025-05-06 18:00:00,8.38,9.49,-34.0,152.0,-34.0,152.0
2025-05-06 19:00:00,8.13,9.18,-34.0,152.0,-34.0,152.0
2025-05-06 20:00:00,7.78,8.8,-34.0,152.0,-34.0,152.0
2025-05-06 21:00:00,7.48,8.38,-34.0,152.0,-34.0,152.0
2025-05-06 22:00:00,6.56,7.33,-34.0,152.0,-34.0,152.0
2025-05-06 23:00:00,6.47,7.18,-34.0,152.0,-34.0,152.0
2025-05-07 00:00:00,6.42,7.1,-34.0,152.0,-34.0,152.0
2025-05-07 01:00:00,6.46,7.21,-34.0,152.0,-34.0,152.0
2025-05-07 02:00:00,6.58,7.36,-34.0,152.0,-34.0,152.0
2025-05-07 03:00:00,6.69,7.49,-34.0,152.0,-34.0,152.0
2025-05-07 04:00:00,6.77,7.66,-34.0,152.0,-34.0,152.0
2025-05-07 05:00:00,6.77,7.89,-34.0,152.0,-34.0,152.0
2025-05-07 06:00:00,6.56,7.93,-34.0,152.0,-34.0,152.0
2025-05-07 07:00:00,6.49,8.28,-34.0,152.0,-34.0,152.0
2025-05-07 08:00:00,6.76,8.86,-34.0,152.0,-34.0,152.0
2025-05-07 09:00:00,7.19,9.6,-34.0,152.0,-34.0,152.0
2025-05-07 10:00:00,7.84,10.74,-34.0,152.0,-34.0,152.0
2025-05-07 11:00:00,7.5,10.22,-34.0,152.0,-34.0,152.0
2025-05-07 12:00:00,7.02,9.74,-34.0,152.0,-34.0,152.0
2025-05-07 13:00:00,7.35,9.8,-34.0,152.0,-34.0,152.0
2025-05-07 14:00:00,7.47,9.8,-34.0,152.0,-34.0,152.0
2025-05-07 15:00:00,7.49,9.55,-34.0,152.0,-34.0,152.0
2025-05-07 16:00:00,8.26,10.03,-34.0,152.0,-34.0,152.0
2025-05-07 17:00:00,9.19,10.77,-34.0,152.0,-34.0,152.0
2025-05-07 18:00:00,9.14,10.4,-34.0,152.0,-34.0,152.0
2025-05-07 19:00:00,9.72,11.04,-34.0,152.0,-34.0,152.0
2025-05-07 20:00:00,9.2,10.41,-34.0,152.0,-34.0,152.0
2025-05-07 21:00:00,9.07,10.18,-34.0,152.0,-34.0,152.0
2025-05-07 22:00:00,10.48,11.86,-34.0,152.0,-34.0,152.0
2025-05-07 23:00:00,11.73,13.44,-34.0,152.0,-34.0,152.0
2025-05-08 00:00:00,11.65,13.33,-34.0,152.0,-34.0,152.0
2025-05-08 01:00:00,11.39,12.96,-34.0,152.0,-34.0,152.0
2025-05-08 02:00:00,10.95,12.35,-34.0,152.0,-34.0,152.0
2025-05-08 03:00:00,10.47,11.73,-34.0,152.0,-34.0,152.0
2025-05-08 04:00:00,9.97,11.13,-34.0,152.0,-34.0,152.0
2025-05-08 05:00:00,9.99,11.1,-34.0,152.0,-34.0,152.0
2025-05-08 06:00:00,10.47,11.73,-34.0,152.0,-34.0,152.0
2025-05-08 07:00:00,9.89,11.05,-34.0,152.0,-34.0,152.0
2025-05-08 08:00:00,9.37,10.39,-34.0,152.0,-34.0,152.0
2025-05-08 09:00:00,9.77,10.9,-34.0,152.0,-34.0,152.0
2025-05-08 10:00:00,9.71,10.88,-34.0,152.0,-34.0,152.0
2025-05-08 11:00:00,9.31,10.36,-34.0,152.0,-34.0,152.0
2025-05-08 12:00:00,9.52,10.57,-34.0,152.0,-34.0,152.0
2025-05-08 13:00:00,9.97,11.13,-34.0,152.0,-34.0,152.0
2025-05-08 14:00:00,10.06,11.22,-34.0,152.0,-34.0,152.0
2025-05-08 15:00:00,9.9,11.01,-34.0,152.0,-34.0,152.0
2025-05-08 16:00:00,9.34,10.35,-34.0,152.0,-34.0,152.0
2025-05-08 17:00:00,8.71,9.63,-34.0,152.0,-34.0,152.0
2025-05-08 18:00:00,8.27,9.14,-34.0,152.0,-34.0,152.0
2025-05-08 19:00:00,7.77,8.53,-34.0,152.0,-34.0,152.0
2025-05-08 20:00:00,7.56,8.28,-34.0,152.0,-34.0,152.0
2025-05-08 21:00:00,7.55,8.33,-34.0,152.0,-34.0,152.0
2025-05-08 22:00:00,6.33,6.9,-34.0,152.0,-34.0,152.0
2025-05-08 23:00:00,6.3,6.85,-34.0,152.0,-34.0,152.0
2025-05-09 00:00:00,6.24,6.78,-34.0,152.0,-34.0,152.0
2025-05-09 01:00:00,5.54,6.03,-34.0,152.0,-34.0,152.0
2025-05-09 02:00:00,4.88,5.33,-34.0,152.0,-34.0,152.0
2025-05-09 03:00:00,4.35,4.66,-34.0,152.0,-34.0,152.0
2025-05-09 04:00:00,3.9,4.16,-34.0,152.0,-34.0,152.0
2025-05-09 05:00:00,3.71,4.01,-34.0,152.0,-34.0,152.0
2025-05-09 06:00:00,3.66,3.89,-34.0,152.0,-34.0,152.0
2025-05-09 07:00:00,3.59,3.81,-34.0,152.0,-34.0,152.0
2025-05-09 08:00:00,3.63,3.82,-34.0,152.0,-34.0,152.0
2025-05-09 09:00:00,3.72,3.93,-34.0,152.0,-34.0,152.0
2025-05-09 10:00:00,3.05,3.21,-34.0,152.0,-34.0,152.0
2025-05-09 11:00:00,3.3,3.47,-34.0,152.0,-34.0,152.0
2025-05-09 12:00:00,3.26,3.41,-34.0,152.0,-34.0,152.0
2025-05-09 13:00:00,3.15,3.29,-34.0,152.0,-34.0,152.0
2025-05-09 14:00:00,3.43,3.57,-34.0,152.0,-34.0,152.0
2025-05-09 15:00:00,3.59,3.79,-34.0,152.0,-34.0,152.0
2025-05-09 16:00:00,3.88,4.09,-34.0,152.0,-34.0,152.0
2025-05-09 17:00:00,4.0,4.17,-34.0,152.0,-34.0,152.0
2025-05-09 18:00:00,4.1,4.31,-34.0,152.0,-34.0,152.0
2025-05-09 19:00:00,4.23,4.44,-34.0,152.0,-34.0,152.0
2025-05-09 20:00:00,4.38,4.6,-34.0,152.0,-34.0,152.0
2025-05-09 21:00:00,4.54,4.8,-34.0,152.0,-34.0,152.0
2025-05-09 22:00:00,3.81,3.81,-34.0,152.0,-34.0,152.0
2025-05-09 23:00:00,3.61,3.61,-34.0,152.0,-34.0,152.0
2025-05-10 00:00:00,3.63,3.74,-34.0,152.0,-34.0,152.0
2025-05-10 01:00:00,3.44,3.6,-34.0,152.0,-34.0,152.0
2025-05-10 02:00:00,3.46,3.61,-34.0,152.0,-34.0,152.0
2025-05-10 03:00:00,3.71,3.91,-34.0,152.0,-34.0,152.0
2025-05-10 04:00:00,4.08,4.32,-34.0,152.0,-34.0,152.0
2025-05-10 05:00:00,4.55,4.9,-34.0,152.0,-34.0,152.0
2025-05-10 06:00:00,5.15,5.6,-34.0,152.0,-34.0,152.0
2025-05-10 07:00:00,5.67,6.17,-34.0,152.0,-34.0,152.0
2025-05-10 08:00:00,6.06,6.65,-34.0,152.0,-34.0,152.0
2025-05-10 09:00:00,6.37,7.02,-34.0,152.0,-34.0,152.0
2025-05-10 10:00:00,5.85,6.4,-34.0,152.0,-34.0,152.0
2025-05-10 11:00:00,5.91,6.47,-34.0,152.0,-34.0,152.0
2025-05-10 12:00:00,5.83,6.38,-34.0,152.0,-34.0,152.0
2025-05-10 13:00:00,5.85,6.41,-34.0,152.0,-34.0,152.0
2025-05-10 14:00:00,5.85,6.42,-34.0,152.0,-34.0,152.0
2025-05-10 15:00:00,5.68,6.2,-34.0,152.0,-34.0,152.0
2025-05-10 16:00:00,5.46,5.95,-34.0,152.0,-34.0,152.0
2025-05-10 17:00:00,5.1,5.52,-34.0,152.0,-34.0,152.0
2025-05-10 18:00:00,5.02,5.39,-34.0,152.0,-34.0,152.0
2025-05-10 19:00:00,5.18,5.55,-34.0,152.0,-34.0,152.0
2025-05-10 20:00:00,5.55,5.91,-34.0,152.0,-34.0,152.0
2025-05-10 21:00:00,5.97,6.38,-34.0,152.0,-34.0,152.0
2025-05-10 22:00:00,6.21,6.86,-34.0,152.0,-34.0,152.0
2025-05-10 23:00:00,6.27,6.91,-34.0,152.0,-34.0,152.0
2025-05-11 00:00:00,6.15,6.75,-34.0,152.0,-34.0,152.0
2025-05-11 01:00:00,6.27,6.93,-34.0,152.0,-34.0,152.0
2025-05-11 02:00:00,6.37,7.02,-34.0,152.0,-34.0,152.0
2025-05-11 03:00:00,5.97,6.58,-34.0,152.0,-34.0,152.0
2025-05-11 04:00:00,5.69,6.25,-34.0,152.0,-34.0,152.0
2025-05-11 05:00:00,5.57,6.12,-34.0,152.0,-34.0,152.0
2025-05-11 06:00:00,5.69,6.25,-34.0,152.0,-34.0,152.0
2025-05-11 07:00:00,6.0,6.57,-34.0,152.0,-34.0,152.0
2025-05-11 08:00:00,6.39,7.0,-34.0,152.0,-34.0,152.0
2025-05-11 09:00:00,6.59,7.21,-34.0,152.0,-34.0,152.0
2025-05-11 10:00:00,5.92,6.68,-34.0,152.0,-34.0,152.0
2025-05-11 11:00:00,6.14,6.9,-34.0,152.0,-34.0,152.0
2025-05-11 12:00:00,6.31,7.14,-34.0,152.0,-34.0,152.0
2025-05-11 13:00:00,6.36,7.19,-34.0,152.0,-34.0,152.0
2025-05-11 14:00:00,6.15,6.91,-34.0,152.0,-34.0,152.0
2025-05-11 15:00:00,5.71,6.33,-34.0,152.0,-34.0,152.0
2025-05-11 16:00:00,5.23,5.77,-34.0,152.0,-34.0,152.0
2025-05-11 17:00:00,4.74,5.17,-34.0,152.0,-34.0,152.0
2025-05-11 18:00:00,4.54,4.9,-34.0,152.0,-34.0,152.0
2025-05-11 19:00:00,4.19,4.55,-34.0,152.0,-34.0,152.0
2025-05-11 20:00:00,4.18,4.53,-34.0,152.0,-34.0,152.0
2025-05-11 21:00:00,4.21,4.53,-34.0,152.0,-34.0,152.0
2025-05-11 22:00:00,4.14,4.35,-34.0,152.0,-34.0,152.0
2025-05-11 23:00:00,3.74,3.99,-34.0,152.0,-34.0,152.0
2025-05-12 00:00:00,3.23,3.44,-34.0,152.0,-34.0,152.0
2025-05-12 01:00:00,2.87,3.07,-34.0,152.0,-34.0,152.0
2025-05-12 02:00:00,2.37,2.47,-34.0,152.0,-34.0,152.0
2025-05-12 03:00:00,1.69,1.76,-34.0,152.0,-34.0,152.0
2025-05-12 04:00:00,1.36,1.35,-34.0,152.0,-34.0,152.0
2025-05-12 05:00:00,1.81,1.77,-34.0,152.0,-34.0,152.0
2025-05-12 06:00:00,2.4,2.48,-34.0,152.0,-34.0,152.0
2025-05-12 07:00:00,2.93,3.15,-34.0,152.0,-34.0,152.0
2025-05-12 08:00:00,3.47,3.73,-34.0,152.0,-34.0,152.0
2025-05-12 09:00:00,3.86,4.15,-34.0,152.0,-34.0,152.0
2025-05-12 10:00:00,4.17,4.63,-34.0,152.0,-34.0,152.0
2025-05-12 11:00:00,4.11,4.49,-34.0,152.0,-34.0,152.0
2025-05-12 12:00:00,3.4,3.84,-34.0,152.0,-34.0,152.0
2025-05-12 13:00:00,3.04,3.47,-34.0,152.0,-34.0,152.0
2025-05-12 14:00:00,3.02,3.4,-34.0,152.0,-34.0,152.0
2025-05-12 15:00:00,2.96,3.29,-34.0,152.0,-34.0,152.0
2025-05-12 16:00:00,2.6,2.98,-34.0,152.0,-34.0,152.0
2025-05-12 17:00:00,2.4,2.71,-34.0,152.0,-34.0,152.0
2025-05-12 18:00:00,2.35,2.61,-34.0,152.0,-34.0,152.0
2025-05-12 19:00:00,2.55,2.8,-34.0,152.0,-34.0,152.0
2025-05-12 20:00:00,2.97,3.22,-34.0,152.0,-34.0,152.0
2025-05-12 21:00:00,3.37,3.62,-34.0,152.0,-34.0,152.0
2025-05-12 22:00:00,3.82,3.99,-34.0,152.0,-34.0,152.0
2025-05-12 23:00:00,3.91,4.11,-34.0,152.0,-34.0,152.0
2025-05-13 00:00:00,3.75,3.89,-34.0,152.0,-34.0,152.0
2025-05-13 01:00:00,3.4,3.51,-34.0,152.0,-34.0,152.0
2025-05-13 02:00:00,3.15,3.27,-34.0,152.0,-34.0,152.0
2025-05-13 03:00:00,2.82,2.93,-34.0,152.0,-34.0,152.0
2025-05-13 04:00:00,2.57,2.64,-34.0,152.0,-34.0,152.0
2025-05-13 05:00:00,2.35,2.46,-34.0,152.0,-34.0,152.0
2025-05-13 06:00:00,2.9,3.05,-34.0,152.0,-34.0,152.0
2025-05-13 07:00:00,3.58,3.73,-34.0,152.0,-34.0,152.0
2025-05-13 08:00:00,3.99,4.22,-34.0,152.0,-34.0,152.0
2025-05-13 09:00:00,4.09,4.32,-34.0,152.0,-34.0,152.0
2025-05-13 10:00:00,3.75,3.97,-34.0,152.0,-34.0,152.0
2025-05-13 11:00:00,3.78,4.03,-34.0,152.0,-34.0,152.0
2025-05-13 12:00:00,3.79,3.99,-34.0,152.0,-34.0,152.0
2025-05-13 13:00:00,3.82,4.07,-34.0,152.0,-34.0,152.0
2025-05-13 14:00:00,3.8,3.99,-34.0,152.0,-34.0,152.0
2025-05-13 15:00:00,3.72,4.03,-34.0,152.0,-34.0,152.0
2025-05-13 16:00:00,3.66,3.9,-34.0,152.0,-34.0,152.0
2025-05-13 17:00:00,3.4,3.64,-34.0,152.0,-34.0,152.0
2025-05-13 18:00:00,2.73,2.92,-34.0,152.0,-34.0,152.0
2025-05-13 19:00:00,2.55,2.69,-34.0,152.0,-34.0,152.0
2025-05-13 20:00:00,2.5,2.64,-34.0,152.0,-34.0,152.0
2025-05-13 21:00:00,2.72,2.86,-34.0,152.0,-34.0,152.0
2025-05-13 22:00:00,3.04,3.26,-34.0,152.0,-34.0,152.0
2025-05-13 23:00:00,2.37,2.59,-34.0,152.0,-34.0,152.0
2025-05-14 00:00:00,2.48,2.69,-34.0,152.0,-34.0,152.0
2025-05-14 01:00:00,2.78,2.98,-34.0,152.0,-34.0,152.0
2025-05-14 02:00:00,2.28,2.4,-34.0,152.0,-34.0,152.0
2025-05-14 03:00:00,1.79,1.88,-34.0,152.0,-34.0,152.0
2025-05-14 04:00:00,1.52,1.57,-34.0,152.0,-34.0,152.0
2025-05-14 05:00:00,1.98,2.04,-34.0,152.0,-34.0,152.0
2025-05-14 06:00:00,3.12,3.23,-34.0,152.0,-34.0,152.0
2025-05-14 07:00:00,3.95,4.17,-34.0,152.0,-34.0,152.0
2025-05-14 08:00:00,4.29,4.56,-34.0,152.0,-34.0,152.0
2025-05-14 09:00:00,4.24,4.54,-34.0,152.0,-34.0,152.0
2025-05-14 10:00:00,4.88,5.9,-34.0,152.0,-34.0,152.0
2025-05-14 11:00:00,4.07,4.72,-34.0,152.0,-34.0,152.0
2025-05-14 12:00:00,1.64,1.84,-34.0,152.0,-34.0,152.0
2025-05-14 13:00:00,2.9,2.83,-34.0,152.0,-34.0,152.0
2025-05-14 14:00:00,2.72,2.83,-34.0,152.0,-34.0,152.0
2025-05-14 15:00:00,1.88,1.92,-34.0,152.0,-34.0,152.0
2025-05-14 16:00:00,1.89,1.9,-34.0,152.0,-34.0,152.0
2025-05-14 17:00:00,1.81,1.84,-34.0,152.0,-34.0,152.0
2025-05-14 18:00:00,2.12,2.23,-34.0,152.0,-34.0,152.0
2025-05-14 19:00:00,1.84,1.98,-34.0,152.0,-34.0,152.0
2025-05-14 20:00:00,1.63,1.8,-34.0,152.0,-34.0,152.0
2025-05-14 21:00:00,2.04,2.24,-34.0,152.0,-34.0,152.0
2025-05-14 22:00:00,1.31,1.46,-34.0,152.0,-34.0,152.0
2025-05-14 23:00:00,2.57,2.78,-34.0,152.0,-34.0,152.0
2025-05-15 00:00:00,3.61,3.78,-34.0,152.0,-34.0,152.0
2025-05-15 01:00:00,4.37,4.62,-34.0,152.0,-34.0,152.0
2025-05-15 02:00:00,4.98,5.34,-34.0,152.0,-34.0,152.0
2025-05-15 03:00:00,5.71,6.23,-34.0,152.0,-34.0,152.0
2025-05-15 04:00:00,5.94,6.54,-34.0,152.0,-34.0,152.0
2025-05-15 05:00:00,5.74,6.31,-34.0,152.0,-34.0,152.0
2025-05-15 06:00:00,5.02,5.59,-34.0,152.0,-34.0,152.0
2025-05-15 07:00:00,4.05,4.45,-34.0,152.0,-34.0,152.0
2025-05-15 08:00:00,3.33,3.67,-34.0,152.0,-34.0,152.0
2025-05-15 09:00:00,3.36,3.68,-34.0,152.0,-34.0,152.0
2025-05-15 10:00:00,2.19,2.35,-34.0,152.0,-34.0,152.0
2025-05-15 11:00:00,2.94,3.15,-34.0,152.0,-34.0,152.0
2025-05-15 12:00:00,4.15,4.43,-34.0,152.0,-34.0,152.0
2025-05-15 13:00:00,4.58,4.93,-34.0,152.0,-34.0,152.0
2025-05-15 14:00:00,5.38,5.8,-34.0,152.0,-34.0,152.0
2025-05-15 15:00:00,5.97,6.54,-34.0,152.0,-34.0,152.0
2025-05-15 16:00:00,6.52,7.16,-34.0,152.0,-34.0,152.0
2025-05-15 17:00:00,6.97,7.71,-34.0,152.0,-34.0,152.0
2025-05-15 18:00:00,7.18,7.98,-34.0,152.0,-34.0,152.0
2025-05-15 19:00:00,7.42,8.25,-34.0,152.0,-34.0,152.0
2025-05-15 20:00:00,7.86,8.71,-34.0,152.0,-34.0,152.0
2025-05-15 21:00:00,8.01,8.92,-34.0,152.0,-34.0,152.0
2025-05-15 22:00:00,7.57,8.44,-34.0,152.0,-34.0,152.0
2025-05-15 23:00:00,7.0,7.7,-34.0,152.0,-34.0,152.0
2025-05-16 00:00:00,6.19,6.74,-34.0,152.0,-34.0,152.0
2025-05-16 01:00:00,5.88,6.34,-34.0,152.0,-34.0,152.0
2025-05-16 02:00:00,4.76,5.17,-34.0,152.0,-34.0,152.0
2025-05-16 03:00:00,3.56,3.81,-34.0,152.0,-34.0,152.0
2025-05-16 04:00:00,3.52,3.73,-34.0,152.0,-34.0,152.0
2025-05-16 05:00:00,2.94,3.08,-34.0,152.0,-34.0,152.0
2025-05-16 06:00:00,2.36,2.47,-34.0,152.0,-34.0,152.0
2025-05-16 07:00:00,2.72,2.87,-34.0,152.0,-34.0,152.0
2025-05-16 08:00:00,3.19,3.35,-34.0,152.0,-34.0,152.0
2025-05-16 09:00:00,3.06,3.22,-34.0,152.0,-34.0,152.0
2025-05-16 10:00:00,2.89,3.16,-34.0,152.0,-34.0,152.0
2025-05-16 11:00:00,2.79,2.97,-34.0,152.0,-34.0,152.0
2025-05-16 12:00:00,3.66,3.9,-34.0,152.0,-34.0,152.0
2025-05-16 13:00:00,3.93,4.22,-34.0,152.0,-34.0,152.0
2025-05-16 14:00:00,3.73,3.98,-34.0,152.0,-34.0,152.0
2025-05-16 15:00:00,3.76,4.05,-34.0,152.0,-34.0,152.0
2025-05-16 16:00:00,3.59,3.87,-34.0,152.0,-34.0,152.0
2025-05-16 17:00:00,3.81,4.06,-34.0,152.0,-34.0,152.0
2025-05-16 18:00:00,3.79,4.04,-34.0,152.0,-34.0,152.0
2025-05-16 19:00:00,3.93,4.17,-34.0,152.0,-34.0,152.0
2025-05-16 20:00:00,3.93,4.18,-34.0,152.0,-34.0,152.0
2025-05-16 21:00:00,3.73,3.99,-34.0,152.0,-34.0,152.0
2025-05-16 22:00:00,5.07,5.46,-34.0,152.0,-34.0,152.0
2025-05-16 23:00:00,4.95,5.34,-34.0,152.0,-34.0,152.0
2025-05-17 00:00:00,5.26,5.69,-34.0,152.0,-34.0,152.0
2025-05-17 01:00:00,5.73,6.18,-34.0,152.0,-34.0,152.0
2025-05-17 02:00:00,5.81,6.28,-34.0,152.0,-34.0,152.0
2025-05-17 03:00:00,5.43,5.89,-34.0,152.0,-34.0,152.0
2025-05-17 04:00:00,4.95,5.35,-34.0,152.0,-34.0,152.0
2025-05-17 05:00:00,4.75,5.15,-34.0,152.0,-34.0,152.0
2025-05-17 06:00:00,5.2,5.66,-34.0,152.0,-34.0,152.0
2025-05-17 07:00:00,5.93,6.44,-34.0,152.0,-34.0,152.0
2025-05-17 08:00:00,6.09,6.56,-34.0,152.0,-34.0,152.0
2025-05-17 09:00:00,6.42,6.99,-34.0,152.0,-34.0,152.0
2025-05-17 10:00:00,7.26,8.05,-34.0,152.0,-34.0,152.0
2025-05-17 11:00:00,7.29,8.09,-34.0,152.0,-34.0,152.0
2025-05-17 12:00:00,6.68,7.39,-34.0,152.0,-34.0,152.0
2025-05-17 13:00:00,6.55,7.26,-34.0,152.0,-34.0,152.0
2025-05-17 14:00:00,6.82,7.52,-34.0,152.0,-34.0,152.0
2025-05-17 15:00:00,6.28,6.88,-34.0,152.0,-34.0,152.0
2025-05-17 16:00:00,6.24,6.83,-34.0,152.0,-34.0,152.0
2025-05-17 17:00:00,6.68,7.33,-34.0,152.0,-34.0,152.0
2025-05-17 18:00:00,7.31,8.11,-34.0,152.0,-34.0,152.0
2025-05-17 19:00:00,8.55,9.55,-34.0,152.0,-34.0,152.0
2025-05-17 20:00:00,9.41,10.66,-34.0,152.0,-34.0,152.0
2025-05-17 21:00:00,10.25,11.66,-34.0,152.0,-34.0,152.0
2025-05-17 22:00:00,10.06,11.21,-34.0,152.0,-34.0,152.0
2025-05-17 23:00:00,10.23,11.44,-34.0,152.0,-34.0,152.0
2025-05-18 00:00:00,10.36,11.64,-34.0,152.0,-34.0,152.0
2025-05-18 01:00:00,10.31,11.7,-34.0,152.0,-34.0,152.0
2025-05-18 02:00:00,9.16,10.3,-34.0,152.0,-34.0,152.0
2025-05-18 03:00:00,9.02,10.08,-34.0,152.0,-34.0,152.0
2025-05-18 04:00:00,10.13,11.34,-34.0,152.0,-34.0,152.0
2025-05-18 05:00:00,10.49,11.88,-34.0,152.0,-34.0,152.0
2025-05-18 06:00:00,10.56,12.06,-34.0,152.0,-34.0,152.0
2025-05-18 07:00:00,11.31,12.93,-34.0,152.0,-34.0,152.0
2025-05-18 08:00:00,12.32,14.19,-34.0,152.0,-34.0,152.0
2025-05-18 09:00:00,13.1,15.26,-34.0,152.0,-34.0,152.0
2025-05-18 10:00:00,14.97,17.91,-34.0,152.0,-34.0,152.0
2025-05-18 11:00:00,14.3,17.22,-34.0,152.0,-34.0,152.0
2025-05-18 12:00:00,13.3,15.94,-34.0,152.0,-34.0,152.0
2025-05-18 13:00:00,13.74,16.3,-34.0,152.0,-34.0,152.0
2025-05-18 14:00:00,13.97,16.45,-34.0,152.0,-34.0,152.0
2025-05-18 15:00:00,14.17,16.65,-34.0,152.0,-34.0,152.0
2025-05-18 16:00:00,14.03,16.48,-34.0,152.0,-34.0,152.0
2025-05-18 17:00:00,13.86,16.23,-34.0,152.0,-34.0,152.0
2025-05-18 18:00:00,13.53,15.83,-34.0,152.0,-34.0,152.0
2025-05-18 19:00:00,13.1,15.35,-34.0,152.0,-34.0,152.0
2025-05-18 20:00:00,13.03,15.29,-34.0,152.0,-34.0,152.0
2025-05-18 21:00:00,13.46,15.75,-34.0,152.0,-34.0,152.0
2025-05-18 22:00:00,12.21,14.13,-34.0,152.0,-34.0,152.0
2025-05-18 23:00:00,12.41,14.34,-34.0,152.0,-34.0,152.0
2025-05-19 00:00:00,11.94,13.75,-34.0,152.0,-34.0,152.0
2025-05-19 01:00:00,12.21,14.04,-34.0,152.0,-34.0,152.0
2025-05-19 02:00:00,13.18,15.21,-34.0,152.0,-34.0,152.0
2025-05-19 03:00:00,13.67,15.84,-34.0,152.0,-34.0,152.0
2025-05-19 04:00:00,13.4,15.59,-34.0,152.0,-34.0,152.0
2025-05-19 05:00:00,12.84,14.88,-34.0,152.0,-34.0,152.0
2025-05-19 06:00:00,12.93,14.96,-34.0,152.0,-34.0,152.0
2025-05-19 07:00:00,12.93,15.02,-34.0,152.0,-34.0,152.0
2025-05-19 08:00:00,12.9,14.92,-34.0,152.0,-34.0,152.0
2025-05-19 09:00:00,13.28,15.37,-34.0,152.0,-34.0,152.0
2025-05-19 10:00:00,14.38,17.0,-34.0,152.0,-34.0,152.0
2025-05-19 11:00:00,14.14,16.73,-34.0,152.0,-34.0,152.0
2025-05-19 12:00:00,13.26,15.7,-34.0,152.0,-34.0,152.0
2025-05-19 13:00:00,12.25,14.35,-34.0,152.0,-34.0,152.0
2025-05-19 14:00:00,12.31,14.33,-34.0,152.0,-34.0,152.0
2025-05-19 15:00:00,13.02,15.07,-34.0,152.0,-34.0,152.0
2025-05-19 16:00:00,12.67,14.72,-34.0,152.0,-34.0,152.0
2025-05-19 17:00:00,11.55,13.39,-34.0,152.0,-34.0,152.0
2025-05-19 18:00:00,10.83,12.42,-34.0,152.0,-34.0,152.0
2025-05-19 19:00:00,10.79,12.3,-34.0,152.0,-34.0,152.0
2025-05-19 20:00:00,10.87,12.39,-34.0,152.0,-34.0,152.0
2025-05-19 21:00:00,11.0,12.59,-34.0,152.0,-34.0,152.0
2025-05-19 22:00:00,10.49,12.09,-34.0,152.0,-34.0,152.0
2025-05-19 23:00:00,10.17,11.67,-34.0,152.0,-34.0,152.0
2025-05-20 00:00:00,9.37,10.65,-34.0,152.0,-34.0,152.0
2025-05-20 01:00:00,8.64,9.73,-34.0,152.0,-34.0,152.0
2025-05-20 02:00:00,8.28,9.31,-34.0,152.0,-34.0,152.0
2025-05-20 03:00:00,8.36,9.37,-34.0,152.0,-34.0,152.0
2025-05-20 04:00:00,8.21,9.17,-34.0,152.0,-34.0,152.0
2025-05-20 05:00:00,8.0,8.99,-34.0,152.0,-34.0,152.0
2025-05-20 06:00:00,8.08,9.11,-34.0,152.0,-34.0,152.0
2025-05-20 07:00:00,8.45,9.51,-34.0,152.0,-34.0,152.0
2025-05-20 08:00:00,8.76,9.84,-34.0,152.0,-34.0,152.0
2025-05-20 09:00:00,8.62,9.66,-34.0,152.0,-34.0,152.0
2025-05-20 10:00:00,9.02,10.45,-34.0,152.0,-34.0,152.0
2025-05-20 11:00:00,8.95,10.28,-34.0,152.0,-34.0,152.0
2025-05-20 12:00:00,8.37,9.58,-34.0,152.0,-34.0,152.0
2025-05-20 13:00:00,7.61,8.6,-34.0,152.0,-34.0,152.0
2025-05-20 14:00:00,7.27,8.11,-34.0,152.0,-34.0,152.0
2025-05-20 15:00:00,7.65,8.61,-34.0,152.0,-34.0,152.0
2025-05-20 16:00:00,7.97,9.03,-34.0,152.0,-34.0,152.0
2025-05-20 17:00:00,8.07,9.18,-34.0,152.0,-34.0,152.0
2025-05-20 18:00:00,8.33,9.43,-34.0,152.0,-34.0,152.0
2025-05-20 19:00:00,8.12,9.27,-34.0,152.0,-34.0,152.0
2025-05-20 20:00:00,7.91,9.01,-34.0,152.0,-34.0,152.0
2025-05-20 21:00:00,8.06,9.11,-34.0,152.0,-34.0,152.0
2025-05-20 22:00:00,5.71,6.8,-34.0,152.0,-34.0,152.0
2025-05-20 23:00:00,6.2,7.1,-34.0,152.0,-34.0,152.0
2025-05-21 00:00:00,6.73,7.67,-34.0,152.0,-34.0,152.0
2025-05-21 01:00:00,7.36,8.41,-34.0,152.0,-34.0,152.0
2025-05-21 02:00:00,7.61,8.76,-34.0,152.0,-34.0,152.0
2025-05-21 03:00:00,7.84,9.04,-34.0,152.0,-34.0,152.0
2025-05-21 04:00:00,7.9,9.05,-34.0,152.0,-34.0,152.0
2025-05-21 05:00:00,7.97,9.12,-34.0,152.0,-34.0,152.0
2025-05-21 06:00:00,8.43,9.58,-34.0,152.0,-34.0,152.0
2025-05-21 07:00:00,8.79,10.09,-34.0,152.0,-34.0,152.0
2025-05-21 08:00:00,9.0,10.29,-34.0,152.0,-34.0,152.0
2025-05-21 09:00:00,9.08,10.38,-34.0,152.0,-34.0,152.0
2025-05-21 10:00:00,8.34,9.75,-34.0,152.0,-34.0,152.0
2025-05-21 11:00:00,7.98,9.14,-34.0,152.0,-34.0,152.0
2025-05-21 12:00:00,8.14,9.34,-34.0,152.0,-34.0,152.0
2025-05-21 13:00:00,8.16,9.32,-34.0,152.0,-34.0,152.0
2025-05-21 14:00:00,8.2,9.27,-34.0,152.0,-34.0,152.0
2025-05-21 15:00:00,8.56,9.67,-34.0,152.0,-34.0,152.0
2025-05-21 16:00:00,9.06,10.31,-34.0,152.0,-34.0,152.0
2025-05-21 17:00:00,9.31,10.61,-34.0,152.0,-34.0,152.0
2025-05-21 18:00:00,8.95,10.25,-34.0,152.0,-34.0,152.0
2025-05-21 19:00:00,9.06,10.25,-34.0,152.0,-34.0,152.0
2025-05-21 20:00:00,9.45,10.8,-34.0,152.0,-34.0,152.0
2025-05-21 21:00:00,9.47,10.82,-34.0,152.0,-34.0,152.0
2025-05-21 22:00:00,7.92,9.73,-34.0,152.0,-34.0,152.0
2025-05-21 23:00:00,10.35,12.45,-34.0,152.0,-34.0,152.0
2025-05-22 00:00:00,9.61,11.04,-34.0,152.0,-34.0,152.0
2025-05-22 01:00:00,8.47,9.69,-34.0,152.0,-34.0,152.0
2025-05-22 02:00:00,8.35,9.47,-34.0,152.0,-34.0,152.0
2025-05-22 03:00:00,9.0,10.47,-34.0,152.0,-34.0,152.0
2025-05-22 04:00:00,8.49,10.04,-34.0,152.0,-34.0,152.0
2025-05-22 05:00:00,8.93,10.61,-34.0,152.0,-34.0,152.0
2025-05-22 06:00:00,9.65,11.45,-34.0,152.0,-34.0,152.0
2025-05-22 07:00:00,11.67,13.75,-34.0,152.0,-34.0,152.0
2025-05-22 08:00:00,11.92,14.1,-34.0,152.0,-34.0,152.0
2025-05-22 09:00:00,11.95,14.28,-34.0,152.0,-34.0,152.0
2025-05-22 10:00:00,10.3,12.34,-34.0,152.0,-34.0,152.0
2025-05-22 11:00:00,10.72,12.7,-34.0,152.0,-34.0,152.0
2025-05-22 12:00:00,10.82,12.93,-34.0,152.0,-34.0,152.0
2025-05-22 13:00:00,11.19,13.35,-34.0,152.0,-34.0,152.0
2025-05-22 14:00:00,10.8,12.89,-34.0,152.0,-34.0,152.0
2025-05-22 15:00:00,10.38,12.33,-34.0,152.0,-34.0,152.0
2025-05-22 16:00:00,10.0,11.96,-34.0,152.0,-34.0,152.0
2025-05-22 17:00:00,9.8,11.71,-34.0,152.0,-34.0,152.0
2025-05-22 18:00:00,9.23,11.05,-34.0,152.0,-34.0,152.0
2025-05-22 19:00:00,9.58,11.53,-34.0,152.0,-34.0,152.0
2025-05-22 20:00:00,10.72,12.87,-34.0,152.0,-34.0,152.0
2025-05-22 21:00:00,10.97,14.67,-34.0,152.0,-34.0,152.0
2025-05-22 22:00:00,12.53,15.43,-34.0,152.0,-34.0,152.0
2025-05-22 23:00:00,11.22,14.15,-34.0,152.0,-34.0,152.0
2025-05-23 00:00:00,10.66,13.76,-34.0,152.0,-34.0,152.0
2025-05-23 01:00:00,10.62,13.44,-34.0,152.0,-34.0,152.0
2025-05-23 02:00:00,11.74,14.61,-34.0,152.0,-34.0,152.0
2025-05-23 03:00:00,11.75,14.44,-34.0,152.0,-34.0,152.0
2025-05-23 04:00:00,11.6,14.54,-34.0,152.0,-34.0,152.0
2025-05-23 05:00:00,10.29,12.33,-34.0,152.0,-34.0,152.0
2025-05-23 06:00:00,8.08,9.49,-34.0,152.0,-34.0,152.0
2025-05-23 07:00:00,6.54,7.4,-34.0,152.0,-34.0,152.0
2025-05-23 08:00:00,5.66,6.32,-34.0,152.0,-34.0,152.0
2025-05-23 09:00:00,5.58,6.29,-34.0,152.0,-34.0,152.0
2025-05-23 10:00:00,6.49,8.14,-34.0,152.0,-34.0,152.0
2025-05-23 11:00:00,8.28,9.86,-34.0,152.0,-34.0,152.0
2025-05-23 12:00:00,10.73,12.64,-34.0,152.0,-34.0,152.0
2025-05-23 13:00:00,10.91,12.82,-34.0,152.0,-34.0,152.0
2025-05-23 14:00:00,9.91,11.63,-34.0,152.0,-34.0,152.0
2025-05-23 15:00:00,9.42,10.84,-34.0,152.0,-34.0,152.0
2025-05-23 16:00:00,9.0,10.22,-34.0,152.0,-34.0,152.0
2025-05-23 17:00:00,8.53,9.56,-34.0,152.0,-34.0,152.0
2025-05-23 18:00:00,7.98,8.88,-34.0,152.0,-34.0,152.0
2025-05-23 19:00:00,8.08,8.93,-34.0,152.0,-34.0,152.0
2025-05-23 20:00:00,8.42,9.37,-34.0,152.0,-34.0,152.0
2025-05-23 21:00:00,8.74,9.77,-34.0,152.0,-34.0,152.0
2025-05-23 22:00:00,10.37,11.96,-34.0,152.0,-34.0,152.0
2025-05-23 23:00:00,10.2,11.98,-34.0,152.0,-34.0,152.0
2025-05-24 00:00:00,9.78,11.41,-34.0,152.0,-34.0,152.0
2025-05-24 01:00:00,9.66,11.2,-34.0,152.0,-34.0,152.0
2025-05-24 02:00:00,9.32,10.76,-34.0,152.0,-34.0,152.0
2025-05-24 03:00:00,9.04,10.45,-34.0,152.0,-34.0,152.0
2025-05-24 04:00:00,8.59,9.91,-34.0,152.0,-34.0,152.0
2025-05-24 05:00:00,8.18,9.35,-34.0,152.0,-34.0,152.0
2025-05-24 06:00:00,8.16,9.35,-34.0,152.0,-34.0,152.0
2025-05-24 07:00:00,8.59,9.85,-34.0,152.0,-34.0,152.0
2025-05-24 08:00:00,8.54,9.74,-34.0,152.0,-34.0,152.0
2025-05-24 09:00:00,8.18,9.27,-34.0,152.0,-34.0,152.0
2025-05-24 10:00:00,7.75,8.73,-34.0,152.0,-34.0,152.0
2025-05-24 11:00:00,7.79,8.74,-34.0,152.0,-34.0,152.0
2025-05-24 12:00:00,8.14,9.15,-34.0,152.0,-34.0,152.0
2025-05-24 13:00:00,8.67,9.88,-34.0,152.0,-34.0,152.0
2025-05-24 14:00:00,8.99,10.26,-34.0,152.0,-34.0,152.0
2025-05-24 15:00:00,9.18,10.48,-34.0,152.0,-34.0,152.0
2025-05-24 16:00:00,9.01,10.31,-34.0,152.0,-34.0,152.0
2025-05-24 17:00:00,8.71,9.87,-34.0,152.0,-34.0,152.0
2025-05-24 18:00:00,8.43,9.46,-34.0,152.0,-34.0,152.0
2025-05-24 19:00:00,8.0,8.91,-34.0,152.0,-34.0,152.0
2025-05-24 20:00:00,7.16,7.89,-34.0,152.0,-34.0,152.0
2025-05-24 21:00:00,6.02,6.5,-34.0,152.0,-34.0,152.0
2025-05-24 22:00:00,6.79,7.37,-34.0,152.0,-34.0,152.0
2025-05-24 23:00:00,6.25,6.7,-34.0,152.0,-34.0,152.0
2025-05-25 00:00:00,5.54,5.94,-34.0,152.0,-34.0,152.0
2025-05-25 01:00:00,5.96,6.42,-34.0,152.0,-34.0,152.0
2025-05-25 02:00:00,6.82,7.4,-34.0,152.0,-34.0,152.0
2025-05-25 03:00:00,7.05,7.62,-34.0,152.0,-34.0,152.0
2025-05-25 04:00:00,6.82,7.42,-34.0,152.0,-34.0,152.0
2025-05-25 05:00:00,6.48,7.14,-34.0,152.0,-34.0,152.0
2025-05-25 06:00:00,6.08,6.62,-34.0,152.0,-34.0,152.0
2025-05-25 07:00:00,5.81,6.35,-34.0,152.0,-34.0,152.0
2025-05-25 08:00:00,5.85,6.36,-34.0,152.0,-34.0,152.0
2025-05-25 09:00:00,6.04,6.61,-34.0,152.0,-34.0,152.0
2025-05-25 10:00:00,6.37,6.99,-34.0,152.0,-34.0,152.0
2025-05-25 11:00:00,6.5,7.12,-34.0,152.0,-34.0,152.0
2025-05-25 12:00:00,6.57,7.23,-34.0,152.0,-34.0,152.0
2025-05-25 13:00:00,5.9,6.45,-34.0,152.0,-34.0,152.0
2025-05-25 14:00:00,5.78,6.28,-34.0,152.0,-34.0,152.0
2025-05-25 15:00:00,5.31,5.76,-34.0,152.0,-34.0,152.0
2025-05-25 16:00:00,4.11,4.41,-34.0,152.0,-34.0,152.0
2025-05-25 17:00:00,3.01,3.16,-34.0,152.0,-34.0,152.0
2025-05-25 18:00:00,1.86,1.96,-34.0,152.0,-34.0,152.0
2025-05-25 19:00:00,1.19,1.25,-34.0,152.0,-34.0,152.0
2025-05-25 20:00:00,1.68,1.77,-34.0,152.0,-34.0,152.0
2025-05-25 21:00:00,3.08,3.34,-34.0,152.0,-34.0,152.0
2025-05-25 22:00:00,5.23,5.49,-34.0,152.0,-34.0,152.0
2025-05-25 23:00:00,4.55,4.88,-34.0,152.0,-34.0,152.0
2025-05-26 00:00:00,3.58,3.81,-34.0,152.0,-34.0,152.0
2025-05-26 01:00:00,4.35,4.7,-34.0,152.0,-34.0,152.0
2025-05-26 02:00:00,5.91,6.42,-34.0,152.0,-34.0,152.0
2025-05-26 03:00:00,7.31,8.06,-34.0,152.0,-34.0,152.0
2025-05-26 04:00:00,8.1,9.05,-34.0,152.0,-34.0,152.0
2025-05-26 05:00:00,8.65,9.91,-34.0,152.0,-34.0,152.0
2025-05-26 06:00:00,9.28,10.81,-34.0,152.0,-34.0,152.0
2025-05-26 07:00:00,8.62,9.98,-34.0,152.0,-34.0,152.0
2025-05-26 08:00:00,7.23,8.25,-34.0,152.0,-34.0,152.0
2025-05-26 09:00:00,7.85,8.9,-34.0,152.0,-34.0,152.0
2025-05-26 10:00:00,6.88,7.83,-34.0,152.0,-34.0,152.0
2025-05-26 11:00:00,7.93,9.03,-34.0,152.0,-34.0,152.0
2025-05-26 12:00:00,10.05,11.65,-34.0,152.0,-34.0,152.0
2025-05-26 13:00:00,11.4,13.6,-34.0,152.0,-34.0,152.0
2025-05-26 14:00:00,11.81,14.47,-34.0,152.0,-34.0,152.0
2025-05-26 15:00:00,11.93,14.65,-34.0,152.0,-34.0,152.0
2025-05-26 16:00:00,11.39,13.95,-34.0,152.0,-34.0,152.0
2025-05-26 17:00:00,11.42,13.78,-34.0,152.0,-34.0,152.0
2025-05-26 18:00:00,11.04,13.31,-34.0,152.0,-34.0,152.0
2025-05-26 19:00:00,10.38,12.48,-34.0,152.0,-34.0,152.0
2025-05-26 20:00:00,10.0,11.81,-34.0,152.0,-34.0,152.0
2025-05-26 21:00:00,10.09,11.82,-34.0,152.0,-34.0,152.0
2025-05-26 22:00:00,9.5,11.16,-34.0,152.0,-34.0,152.0
2025-05-26 23:00:00,10.1,11.78,-34.0,152.0,-34.0,152.0
2025-05-27 00:00:00,10.66,12.36,-34.0,152.0,-34.0,152.0
2025-05-27 01:00:00,10.61,12.26,-34.0,152.0,-34.0,152.0
2025-05-27 02:00:00,10.72,12.44,-34.0,152.0,-34.0,152.0
2025-05-27 03:00:00,11.36,13.24,-34.0,152.0,-34.0,152.0
2025-05-27 04:00:00,11.66,13.77,-34.0,152.0,-34.0,152.0
2025-05-27 05:00:00,10.91,12.86,-34.0,152.0,-34.0,152.0
2025-05-27 06:00:00,11.45,13.4,-34.0,152.0,-34.0,152.0
2025-05-27 07:00:00,11.81,13.93,-34.0,152.0,-34.0,152.0
2025-05-27 08:00:00,11.49,13.4,-34.0,152.0,-34.0,152.0
2025-05-27 09:00:00,12.32,14.38,-34.0,152.0,-34.0,152.0
2025-05-27 10:00:00,13.26,15.71,-34.0,152.0,-34.0,152.0
2025-05-27 11:00:00,14.07,16.79,-34.0,152.0,-34.0,152.0
2025-05-27 12:00:00,14.14,17.12,-34.0,152.0,-34.0,152.0
2025-05-27 13:00:00,14.04,17.0,-34.0,152.0,-34.0,152.0
2025-05-27 14:00:00,14.04,16.95,-34.0,152.0,-34.0,152.0
2025-05-27 15:00:00,13.84,16.67,-34.0,152.0,-34.0,152.0
2025-05-27 16:00:00,14.2,17.15,-34.0,152.0,-34.0,152.0
2025-05-27 17:00:00,14.44,17.37,-34.0,152.0,-34.0,152.0
2025-05-27 18:00:00,13.75,16.47,-34.0,152.0,-34.0,152.0
2025-05-27 19:00:00,13.13,15.55,-34.0,152.0,-34.0,152.0
2025-05-27 20:00:00,12.84,15.05,-34.0,152.0,-34.0,152.0
2025-05-27 21:00:00,12.38,14.34,-34.0,152.0,-34.0,152.0
2025-05-27 22:00:00,11.27,12.9,-34.0,152.0,-34.0,152.0
2025-05-27 23:00:00,10.16,11.46,-34.0,152.0,-34.0,152.0
2025-05-28 00:00:00,9.57,10.65,-34.0,152.0,-34.0,152.0
2025-05-28 01:00:00,9.1,10.13,-34.0,152.0,-34.0,152.0
2025-05-28 02:00:00,8.89,9.84,-34.0,152.0,-34.0,152.0
2025-05-28 03:00:00,8.28,9.1,-34.0,152.0,-34.0,152.0
2025-05-28 04:00:00,8.53,9.45,-34.0,152.0,-34.0,152.0
2025-05-28 05:00:00,9.51,10.64,-34.0,152.0,-34.0,152.0
2025-05-28 06:00:00,10.32,11.67,-34.0,152.0,-34.0,152.0
2025-05-28 07:00:00,10.72,12.18,-34.0,152.0,-34.0,152.0
2025-05-28 08:00:00,10.99,12.49,-34.0,152.0,-34.0,152.0
2025-05-28 09:00:00,11.52,13.11,-34.0,152.0,-34.0,152.0
2025-05-28 10:00:00,11.36,13.05,-34.0,152.0,-34.0,152.0
2025-05-28 11:00:00,12.31,14.21,-34.0,152.0,-34.0,152.0
2025-05-28 12:00:00,12.77,14.82,-34.0,152.0,-34.0,152.0
2025-05-28 13:00:00,13.08,15.2,-34.0,152.0,-34.0,152.0
2025-05-28 14:00:00,13.47,15.67,-34.0,152.0,-34.0,152.0
2025-05-28 15:00:00,13.72,15.91,-34.0,152.0,-34.0,152.0
2025-05-28 16:00:00,13.51,15.64,-34.0,152.0,-34.0,152.0
2025-05-28 17:00:00,13.64,15.84,-34.0,152.0,-34.0,152.0
2025-05-28 18:00:00,13.56,15.73,-34.0,152.0,-34.0,152.0
2025-05-28 19:00:00,13.3,15.43,-34.0,152.0,-34.0,152.0
2025-05-28 20:00:00,12.98,15.1,-34.0,152.0,-34.0,152.0
2025-05-28 21:00:00,12.31,14.27,-34.0,152.0,-34.0,152.0
2025-05-28 22:00:00,10.47,11.87,-34.0,152.0,-34.0,152.0
2025-05-28 23:00:00,10.1,11.45,-34.0,152.0,-34.0,152.0
2025-05-29 00:00:00,9.1,10.25,-34.0,152.0,-34.0,152.0
2025-05-29 01:00:00,8.2,9.25,-34.0,152.0,-34.0,152.0
2025-05-29 02:00:00,8.13,9.08,-34.0,152.0,-34.0,152.0
2025-05-29 03:00:00,9.02,10.07,-34.0,152.0,-34.0,152.0
2025-05-29 04:00:00,9.67,10.88,-34.0,152.0,-34.0,152.0
2025-05-29 05:00:00,9.87,11.19,-34.0,152.0,-34.0,152.0
2025-05-29 06:00:00,10.38,11.81,-34.0,152.0,-34.0,152.0
2025-05-29 07:00:00,10.49,12.0,-34.0,152.0,-34.0,152.0
2025-05-29 08:00:00,10.2,11.6,-34.0,152.0,-34.0,152.0
2025-05-29 09:00:00,9.58,10.84,-34.0,152.0,-34.0,152.0
2025-05-29 10:00:00,8.06,9.11,-34.0,152.0,-34.0,152.0
2025-05-29 11:00:00,7.81,8.76,-34.0,152.0,-34.0,152.0
2025-05-29 12:00:00,7.85,8.75,-34.0,152.0,-34.0,152.0
2025-05-29 13:00:00,8.22,9.17,-34.0,152.0,-34.0,152.0
2025-05-29 14:00:00,8.47,9.42,-34.0,152.0,-34.0,152.0
2025-05-29 15:00:00,8.4,9.35,-34.0,152.0,-34.0,152.0
2025-05-29 16:00:00,7.8,8.6,-34.0,152.0,-34.0,152.0
2025-05-29 17:00:00,7.45,8.25,-34.0,152.0,-34.0,152.0
2025-05-29 18:00:00,7.0,7.7,-34.0,152.0,-34.0,152.0
2025-05-29 19:00:00,6.7,7.3,-34.0,152.0,-34.0,152.0
2025-05-29 20:00:00,6.65,7.25,-34.0,152.0,-34.0,152.0
2025-05-29 21:00:00,7.11,7.76,-34.0,152.0,-34.0,152.0
2025-05-29 22:00:00,6.3,6.85,-34.0,152.0,-34.0,152.0
2025-05-29 23:00:00,6.23,6.74,-34.0,152.0,-34.0,152.0
2025-05-30 00:00:00,5.7,6.16,-34.0,152.0,-34.0,152.0
2025-05-30 01:00:00,4.72,5.02,-34.0,152.0,-34.0,152.0
2025-05-30 02:00:00,3.94,4.14,-34.0,152.0,-34.0,152.0
2025-05-30 03:00:00,3.91,4.11,-34.0,152.0,-34.0,152.0
2025-05-30 04:00:00,4.44,4.69,-34.0,152.0,-34.0,152.0
2025-05-30 05:00:00,5.11,5.41,-34.0,152.0,-34.0,152.0
2025-05-30 06:00:00,5.96,6.36,-34.0,152.0,-34.0,152.0
2025-05-30 07:00:00,6.67,7.18,-34.0,152.0,-34.0,152.0
2025-05-30 08:00:00,7.02,7.63,-34.0,152.0,-34.0,152.0
2025-05-30 09:00:00,7.21,7.87,-34.0,152.0,-34.0,152.0
2025-05-30 10:00:00,6.63,7.24,-34.0,152.0,-34.0,152.0
2025-05-30 11:00:00,6.24,6.81,-34.0,152.0,-34.0,152.0
2025-05-30 12:00:00,5.46,5.92,-34.0,152.0,-34.0,152.0
2025-05-30 13:00:00,4.71,5.12,-34.0,152.0,-34.0,152.0
2025-05-30 14:00:00,4.26,4.61,-34.0,152.0,-34.0,152.0
2025-05-30 15:00:00,4.68,4.98,-34.0,152.0,-34.0,152.0
2025-05-30 16:00:00,5.33,5.73,-34.0,152.0,-34.0,152.0
2025-05-30 17:00:00,5.63,6.09,-34.0,152.0,-34.0,152.0
2025-05-30 18:00:00,5.82,6.27,-34.0,152.0,-34.0,152.0
2025-05-30 19:00:00,5.95,6.45,-34.0,152.0,-34.0,152.0
2025-05-30 20:00:00,5.81,6.25,-34.0,152.0,-34.0,152.0
2025-05-30 21:00:00,5.56,5.95,-34.0,152.0,-34.0,152.0
2025-05-30 22:00:00,4.3,4.57,-34.0,152.0,-34.0,152.0
2025-05-30 23:00:00,4.52,4.84,-34.0,152.0,-34.0,152.0
2025-05-31 00:00:00,4.81,5.15,-34.0,152.0,-34.0,152.0
2025-05-31 01:00:00,4.88,5.31,-34.0,152.0,-34.0,152.0
2025-05-31 02:00:00,4.94,5.33,-34.0,152.0,-34.0,152.0
2025-05-31 03:00:00,4.92,5.26,-34.0,152.0,-34.0,152.0
2025-05-31 04:00:00,5.06,5.42,-34.0,152.0,-34.0,152.0
2025-05-31 05:00:00,5.1,5.46,-34.0,152.0,-34.0,152.0
2025-05-31 06:00:00,5.07,5.43,-34.0,152.0,-34.0,152.0
2025-05-31 07:00:00,5.02,5.34,-34.0,152.0,-34.0,152.0
2025-05-31 08:00:00,4.76,5.08,-34.0,152.0,-34.0,152.0
2025-05-31 09:00:00,4.56,4.88,-34.0,152.0,-34.0,152.0
2025-05-31 10:00:00,3.58,3.76,-34.0,152.0,-34.0,152.0
2025-05-31 11:00:00,3.61,3.77,-34.0,152.0,-34.0,152.0
2025-05-31 12:00:00,3.88,4.08,-34.0,152.0,-34.0,152.0
2025-05-31 13:00:00,3.84,4.01,-34.0,152.0,-34.0,152.0
2025-05-31 14:00:00,3.52,3.66,-34.0,152.0,-34.0,152.0
2025-05-31 15:00:00,3.26,3.29,-34.0,152.0,-34.0,152.0
2025-05-31 16:00:00,2.97,2.97,-34.0,152.0,-34.0,152.0
2025-05-31 17:00:00,2.51,2.49,-34.0,152.0,-34.0,152.0
2025-05-31 18:00:00,2.26,2.25,-34.0,152.0,-34.0,152.0
2025-05-31 19:00:00,2.55,2.6,-34.0,152.0,-34.0,152.0
2025-05-31 20:00:00,3.06,3.17,-34.0,152.0,-34.0,152.0
2025-05-31 21:00:00,3.51,3.61,-34.0,152.0,-34.0,152.0
2025-05-31 22:00:00,2.71,2.81,-34.0,152.0,-34.0,152.0
2025-05-31 23:00:00,2.85,2.95,-34.0,152.0,-34.0,152.0
2025-06-01 00:00:00,2.53,2.62,-34.0,152.0,-34.0,152.0
2025-06-01 01:00:00,2.18,2.21,-34.0,152.0,-34.0,152.0
2025-06-01 02:00:00,2.24,2.27,-34.0,152.0,-34.0,152.0
2025-06-01 03:00:00,2.43,2.44,-34.0,152.0,-34.0,152.0
2025-06-01 04:00:00,2.1,2.06,-34.0,152.0,-34.0,152.0
2025-06-01 05:00:00,1.59,1.57,-34.0,152.0,-34.0,152.0
2025-06-01 06:00:00,1.02,1.0,-34.0,152.0,-34.0,152.0
2025-06-01 07:00:00,0.81,0.9,-34.0,152.0,-34.0,152.0
2025-06-01 08:00:00,0.95,1.1,-34.0,152.0,-34.0,152.0
2025-06-01 09:00:00,1.19,1.41,-34.0,152.0,-34.0,152.0
2025-06-01 10:00:00,0.56,0.65,-34.0,152.0,-34.0,152.0
2025-06-01 11:00:00,1.06,1.28,-34.0,152.0,-34.0,152.0
2025-06-01 12:00:00,2.01,2.26,-34.0,152.0,-34.0,152.0
2025-06-01 13:00:00,2.76,3.01,-34.0,152.0,-34.0,152.0
2025-06-01 14:00:00,3.38,3.72,-34.0,152.0,-34.0,152.0
2025-06-01 15:00:00,4.19,4.58,-34.0,152.0,-34.0,152.0
2025-06-01 16:00:00,5.17,5.63,-34.0,152.0,-34.0,152.0
2025-06-01 17:00:00,5.97,6.45,-34.0,152.0,-34.0,152.0
2025-06-01 18:00:00,5.85,6.41,-34.0,152.0,-34.0,152.0
2025-06-01 19:00:00,5.01,5.49,-34.0,152.0,-34.0,152.0
2025-06-01 20:00:00,4.75,5.21,-34.0,152.0,-34.0,152.0
2025-06-01 21:00:00,4.91,5.37,-34.0,152.0,-34.0,152.0
2025-06-01 22:00:00,4.97,5.43,-34.0,152.0,-34.0,152.0
2025-06-01 23:00:00,5.09,5.56,-34.0,152.0,-34.0,152.0
2025-06-02 00:00:00,4.34,4.72,-34.0,152.0,-34.0,152.0
2025-06-02 01:00:00,3.95,4.29,-34.0,152.0,-34.0,152.0
2025-06-02 02:00:00,3.89,4.18,-34.0,152.0,-34.0,152.0
2025-06-02 03:00:00,3.74,3.97,-34.0,152.0,-34.0,152.0
2025-06-02 04:00:00,3.88,4.12,-34.0,152.0,-34.0,152.0
2025-06-02 05:00:00,3.92,4.26,-34.0,152.0,-34.0,152.0
2025-06-02 06:00:00,4.3,4.7,-34.0,152.0,-34.0,152.0
2025-06-02 07:00:00,4.85,5.35,-34.0,152.0,-34.0,152.0
2025-06-02 08:00:00,4.7,5.25,-34.0,152.0,-34.0,152.0
2025-06-02 09:00:00,5.04,5.55,-34.0,152.0,-34.0,152.0
2025-06-02 10:00:00,4.82,5.28,-34.0,152.0,-34.0,152.0
2025-06-02 11:00:00,4.26,4.61,-34.0,152.0,-34.0,152.0
2025-06-02 12:00:00,3.25,3.5,-34.0,152.0,-34.0,152.0
2025-06-02 13:00:00,2.73,2.93,-34.0,152.0,-34.0,152.0
2025-06-02 14:00:00,2.85,3.05,-34.0,152.0,-34.0,152.0
2025-06-02 15:00:00,2.76,2.93,-34.0,152.0,-34.0,152.0
2025-06-02 16:00:00,2.53,2.64,-34.0,152.0,-34.0,152.0
2025-06-02 17:00:00,3.62,3.84,-34.0,152.0,-34.0,152.0
2025-06-02 18:00:00,3.94,4.19,-34.0,152.0,-34.0,152.0
2025-06-02 19:00:00,5.37,5.68,-34.0,152.0,-34.0,152.0
2025-06-02 20:00:00,5.98,6.49,-34.0,152.0,-34.0,152.0
2025-06-02 21:00:00,5.45,5.93,-34.0,152.0,-34.0,152.0
2025-06-02 22:00:00,5.41,5.88,-34.0,152.0,-34.0,152.0
2025-06-02 23:00:00,7.3,8.02,-34.0,152.0,-34.0,152.0
2025-06-03 00:00:00,8.8,9.87,-34.0,152.0,-34.0,152.0
2025-06-03 01:00:00,8.88,10.26,-34.0,152.0,-34.0,152.0
2025-06-03 02:00:00,9.2,10.65,-34.0,152.0,-34.0,152.0
2025-06-03 03:00:00,9.92,11.51,-34.0,152.0,-34.0,152.0
2025-06-03 04:00:00,9.96,11.58,-34.0,152.0,-34.0,152.0
2025-06-03 05:00:00,10.1,11.72,-34.0,152.0,-34.0,152.0
2025-06-03 06:00:00,10.86,12.58,-34.0,152.0,-34.0,152.0
2025-06-03 07:00:00,11.4,13.34,-34.0,152.0,-34.0,152.0
2025-06-03 08:00:00,10.99,12.93,-34.0,152.0,-34.0,152.0
2025-06-03 09:00:00,10.43,12.13,-34.0,152.0,-34.0,152.0
2025-06-03 10:00:00,10.06,11.65,-34.0,152.0,-34.0,152.0
2025-06-03 11:00:00,9.84,11.34,-34.0,152.0,-34.0,152.0
2025-06-03 12:00:00,10.02,11.52,-34.0,152.0,-34.0,152.0
2025-06-03 13:00:00,10.75,12.42,-34.0,152.0,-34.0,152.0
2025-06-03 14:00:00,12.19,14.12,-34.0,152.0,-34.0,152.0
2025-06-03 15:00:00,13.17,15.47,-34.0,152.0,-34.0,152.0
2025-06-03 16:00:00,13.6,16.01,-34.0,152.0,-34.0,152.0
2025-06-03 17:00:00,13.75,16.21,-34.0,152.0,-34.0,152.0
2025-06-03 18:00:00,13.8,16.24,-34.0,152.0,-34.0,152.0
2025-06-03 19:00:00,13.32,15.62,-34.0,152.0,-34.0,152.0
2025-06-03 20:00:00,12.14,14.13,-34.0,152.0,-34.0,152.0
2025-06-03 21:00:00,12.31,14.26,-34.0,152.0,-34.0,152.0
2025-06-03 22:00:00,12.13,14.01,-34.0,152.0,-34.0,152.0
2025-06-03 23:00:00,11.97,13.57,-34.0,152.0,-34.0,152.0
2025-06-04 00:00:00,12.87,14.7,-34.0,152.0,-34.0,152.0
2025-06-04 01:00:00,13.08,15.13,-34.0,152.0,-34.0,152.0
2025-06-04 02:00:00,12.63,14.53,-34.0,152.0,-34.0,152.0
2025-06-04 03:00:00,13.33,15.44,-34.0,152.0,-34.0,152.0
2025-06-04 04:00:00,12.9,14.92,-34.0,152.0,-34.0,152.0
2025-06-04 05:00:00,13.88,16.14,-34.0,152.0,-34.0,152.0
2025-06-04 06:00:00,14.89,17.35,-34.0,152.0,-34.0,152.0
2025-06-04 07:00:00,14.77,17.26,-34.0,152.0,-34.0,152.0
2025-06-04 08:00:00,14.75,17.23,-34.0,152.0,-34.0,152.0
2025-06-04 09:00:00,15.22,17.91,-34.0,152.0,-34.0,152.0
2025-06-04 10:00:00,12.6,14.67,-34.0,152.0,-34.0,152.0
2025-06-04 11:00:00,12.93,14.9,-34.0,152.0,-34.0,152.0
2025-06-04 12:00:00,13.92,16.12,-34.0,152.0,-34.0,152.0
2025-06-04 13:00:00,15.32,17.96,-34.0,152.0,-34.0,152.0
2025-06-04 14:00:00,14.94,17.55,-34.0,152.0,-34.0,152.0
2025-06-04 15:00:00,14.14,16.57,-34.0,152.0,-34.0,152.0
2025-06-04 16:00:00,13.88,16.23,-34.0,152.0,-34.0,152.0
2025-06-04 17:00:00,13.83,16.12,-34.0,152.0,-34.0,152.0
2025-06-04 18:00:00,13.53,15.69,-34.0,152.0,-34.0,152.0
2025-06-04 19:00:00,13.09,15.17,-34.0,152.0,-34.0,152.0
2025-06-04 20:00:00,12.72,14.59,-34.0,152.0,-34.0,152.0
2025-06-04 21:00:00,12.38,14.19,-34.0,152.0,-34.0,152.0
2025-06-04 22:00:00,10.85,12.35,-34.0,152.0,-34.0,152.0
2025-06-04 23:00:00,10.89,12.3,-34.0,152.0,-34.0,152.0
2025-06-05 00:00:00,10.81,12.25,-34.0,152.0,-34.0,152.0
2025-06-05 01:00:00,10.65,12.02,-34.0,152.0,-34.0,152.0
2025-06-05 02:00:00,10.76,12.14,-34.0,152.0,-34.0,152.0
2025-06-05 03:00:00,11.22,12.67,-34.0,152.0,-34.0,152.0
2025-06-05 04:00:00,10.94,12.37,-34.0,152.0,-34.0,152.0
2025-06-05 05:00:00,10.18,11.48,-34.0,152.0,-34.0,152.0
2025-06-05 06:00:00,9.48,10.63,-34.0,152.0,-34.0,152.0
2025-06-05 07:00:00,8.88,9.87,-34.0,152.0,-34.0,152.0
2025-06-05 08:00:00,8.08,8.9,-34.0,152.0,-34.0,152.0
2025-06-05 09:00:00,7.19,7.85,-34.0,152.0,-34.0,152.0
2025-06-05 10:00:00,6.13,6.6,-34.0,152.0,-34.0,152.0
2025-06-05 11:00:00,5.52,5.95,-34.0,152.0,-34.0,152.0
2025-06-05 12:00:00,5.33,5.68,-34.0,152.0,-34.0,152.0
2025-06-05 13:00:00,4.59,4.88,-34.0,152.0,-34.0,152.0
2025-06-05 14:00:00,4.42,4.7,-34.0,152.0,-34.0,152.0
2025-06-05 15:00:00,4.65,4.87,-34.0,152.0,-34.0,152.0
2025-06-05 16:00:00,4.9,5.14,-34.0,152.0,-34.0,152.0
2025-06-05 17:00:00,4.37,4.59,-34.0,152.0,-34.0,152.0
2025-06-05 18:00:00,4.02,4.12,-34.0,152.0,-34.0,152.0
2025-06-05 19:00:00,4.07,4.23,-34.0,152.0,-34.0,152.0
2025-06-05 20:00:00,4.05,4.22,-34.0,152.0,-34.0,152.0
2025-06-05 21:00:00,4.9,5.17,-34.0,152.0,-34.0,152.0
2025-06-05 22:00:00,6.13,6.67,-34.0,152.0,-34.0,152.0
2025-06-05 23:00:00,5.61,6.1,-34.0,152.0,-34.0,152.0
2025-06-06 00:00:00,6.01,6.47,-34.0,152.0,-34.0,152.0
2025-06-06 01:00:00,6.27,6.77,-34.0,152.0,-34.0,152.0
2025-06-06 02:00:00,6.29,6.79,-34.0,152.0,-34.0,152.0
2025-06-06 03:00:00,5.66,6.13,-34.0,152.0,-34.0,152.0
2025-06-06 04:00:00,5.46,5.88,-34.0,152.0,-34.0,152.0
2025-06-06 05:00:00,5.22,5.69,-34.0,152.0,-34.0,152.0
2025-06-06 06:00:00,5.5,6.03,-34.0,152.0,-34.0,152.0
2025-06-06 07:00:00,6.33,6.96,-34.0,152.0,-34.0,152.0
2025-06-06 08:00:00,7.3,8.13,-34.0,152.0,-34.0,152.0
2025-06-06 09:00:00,7.84,8.86,-34.0,152.0,-34.0,152.0
2025-06-06 10:00:00,8.15,9.32,-34.0,152.0,-34.0,152.0
2025-06-06 11:00:00,8.57,9.85,-34.0,152.0,-34.0,152.0
2025-06-06 12:00:00,9.07,10.49,-34.0,152.0,-34.0,152.0
2025-06-06 13:00:00,8.69,10.05,-34.0,152.0,-34.0,152.0
2025-06-06 14:00:00,8.49,9.68,-34.0,152.0,-34.0,152.0
2025-06-06 15:00:00,8.74,9.93,-34.0,152.0,-34.0,152.0
2025-06-06 16:00:00,9.07,10.32,-34.0,152.0,-34.0,152.0
2025-06-06 17:00:00,9.4,10.67,-34.0,152.0,-34.0,152.0
2025-06-06 18:00:00,9.51,10.82,-34.0,152.0,-34.0,152.0
2025-06-06 19:00:00,9.32,10.64,-34.0,152.0,-34.0,152.0
2025-06-06 20:00:00,9.15,10.47,-34.0,152.0,-34.0,152.0
2025-06-06 21:00:00,9.33,10.58,-34.0,152.0,-34.0,152.0
2025-06-06 22:00:00,9.03,10.37,-34.0,152.0,-34.0,152.0
2025-06-06 23:00:00,7.95,8.98,-34.0,152.0,-34.0,152.0
2025-06-07 00:00:00,8.7,9.76,-34.0,152.0,-34.0,152.0
2025-06-07 01:00:00,9.31,10.58,-34.0,152.0,-34.0,152.0
2025-06-07 02:00:00,9.22,10.58,-34.0,152.0,-34.0,152.0
2025-06-07 03:00:00,8.6,9.76,-34.0,152.0,-34.0,152.0
2025-06-07 04:00:00,9.14,10.39,-34.0,152.0,-34.0,152.0
2025-06-07 05:00:00,9.16,10.58,-34.0,152.0,-34.0,152.0
2025-06-07 06:00:00,10.09,11.83,-34.0,152.0,-34.0,152.0
2025-06-07 07:00:00,11.12,13.18,-34.0,152.0,-34.0,152.0
2025-06-07 08:00:00,11.1,13.16,-34.0,152.0,-34.0,152.0
2025-06-07 09:00:00,10.71,12.57,-34.0,152.0,-34.0,152.0
2025-06-07 10:00:00,9.22,10.43,-34.0,152.0,-34.0,152.0
2025-06-07 11:00:00,8.25,9.29,-34.0,152.0,-34.0,152.0
2025-06-07 12:00:00,9.17,10.27,-34.0,152.0,-34.0,152.0
2025-06-07 13:00:00,9.71,11.01,-34.0,152.0,-34.0,152.0
2025-06-07 14:00:00,9.14,10.47,-34.0,152.0,-34.0,152.0
2025-06-07 15:00:00,9.86,11.39,-34.0,152.0,-34.0,152.0
2025-06-07 16:00:00,10.92,12.8,-34.0,152.0,-34.0,152.0
2025-06-07 17:00:00,11.09,13.12,-34.0,152.0,-34.0,152.0
2025-06-07 18:00:00,10.77,12.65,-34.0,152.0,-34.0,152.0
2025-06-07 19:00:00,11.07,12.94,-34.0,152.0,-34.0,152.0
2025-06-07 20:00:00,11.45,13.44,-34.0,152.0,-34.0,152.0
2025-06-07 21:00:00,11.67,13.63,-34.0,152.0,-34.0,152.0
2025-06-07 22:00:00,12.59,14.99,-34.0,152.0,-34.0,152.0
2025-06-07 23:00:00,11.99,14.29,-34.0,152.0,-34.0,152.0
2025-06-08 00:00:00,12.38,14.6,-34.0,152.0,-34.0,152.0
2025-06-08 01:00:00,11.94,14.09,-34.0,152.0,-34.0,152.0
2025-06-08 02:00:00,11.83,13.87,-34.0,152.0,-34.0,152.0
2025-06-08 03:00:00,12.21,14.27,-34.0,152.0,-34.0,152.0
2025-06-08 04:00:00,12.42,14.66,-34.0,152.0,-34.0,152.0
2025-06-08 05:00:00,11.88,13.99,-34.0,152.0,-34.0,152.0
2025-06-08 06:00:00,12.02,14.03,-34.0,152.0,-34.0,152.0
2025-06-08 07:00:00,12.41,14.49,-34.0,152.0,-34.0,152.0
2025-06-08 08:00:00,12.74,14.88,-34.0,152.0,-34.0,152.0
2025-06-08 09:00:00,12.52,14.59,-34.0,152.0,-34.0,152.0
2025-06-08 10:00:00,10.37,11.73,-34.0,152.0,-34.0,152.0
2025-06-08 11:00:00,10.51,11.78,-34.0,152.0,-34.0,152.0
2025-06-08 12:00:00,10.73,12.08,-34.0,152.0,-34.0,152.0
2025-06-08 13:00:00,10.87,12.26,-34.0,152.0,-34.0,152.0
2025-06-08 14:00:00,11.4,13.01,-34.0,152.0,-34.0,152.0
2025-06-08 15:00:00,12.01,13.87,-34.0,152.0,-34.0,152.0
2025-06-08 16:00:00,11.97,13.83,-34.0,152.0,-34.0,152.0
2025-06-08 17:00:00,11.55,13.31,-34.0,152.0,-34.0,152.0
2025-06-08 18:00:00,11.52,13.17,-34.0,152.0,-34.0,152.0
2025-06-08 19:00:00,11.71,13.38,-34.0,152.0,-34.0,152.0
2025-06-08 20:00:00,11.73,13.36,-34.0,152.0,-34.0,152.0
2025-06-08 21:00:00,11.32,12.95,-34.0,152.0,-34.0,152.0
2025-06-08 22:00:00,12.08,13.65,-34.0,152.0,-34.0,152.0
2025-06-08 23:00:00,11.23,12.73,-34.0,152.0,-34.0,152.0
2025-06-09 00:00:00,12.32,13.99,-34.0,152.0,-34.0,152.0
2025-06-09 01:00:00,12.46,14.36,-34.0,152.0,-34.0,152.0
2025-06-09 02:00:00,12.11,13.98,-34.0,152.0,-34.0,152.0
2025-06-09 03:00:00,11.76,13.56,-34.0,152.0,-34.0,152.0
2025-06-09 04:00:00,11.52,13.24,-34.0,152.0,-34.0,152.0
2025-06-09 05:00:00,11.87,13.72,-34.0,152.0,-34.0,152.0
2025-06-09 06:00:00,12.95,14.96,-34.0,152.0,-34.0,152.0
2025-06-09 07:00:00,13.31,15.57,-34.0,152.0,-34.0,152.0
2025-06-09 08:00:00,13.41,15.81,-34.0,152.0,-34.0,152.0
2025-06-09 09:00:00,13.35,15.71,-34.0,152.0,-34.0,152.0
2025-06-09 10:00:00,13.86,16.45,-34.0,152.0,-34.0,152.0
2025-06-09 11:00:00,13.65,16.21,-34.0,152.0,-34.0,152.0
2025-06-09 12:00:00,13.69,16.22,-34.0,152.0,-34.0,152.0
2025-06-09 13:00:00,13.77,16.31,-34.0,152.0,-34.0,152.0
2025-06-09 14:00:00,14.1,16.82,-34.0,152.0,-34.0,152.0
2025-06-09 15:00:00,14.72,17.67,-34.0,152.0,-34.0,152.0
2025-06-09 16:00:00,14.89,17.96,-34.0,152.0,-34.0,152.0
2025-06-09 17:00:00,14.97,17.97,-34.0,152.0,-34.0,152.0
2025-06-09 18:00:00,14.92,17.88,-34.0,152.0,-34.0,152.0
2025-06-09 19:00:00,15.04,18.0,-34.0,152.0,-34.0,152.0
2025-06-09 20:00:00,14.74,17.66,-34.0,152.0,-34.0,152.0
2025-06-09 21:00:00,14.37,17.12,-34.0,152.0,-34.0,152.0
2025-06-09 22:00:00,14.38,17.14,-34.0,152.0,-34.0,152.0
2025-06-09 23:00:00,13.53,16.01,-34.0,152.0,-34.0,152.0
2025-06-10 00:00:00,12.91,15.05,-34.0,152.0,-34.0,152.0
2025-06-10 01:00:00,12.59,14.63,-34.0,152.0,-34.0,152.0
2025-06-10 02:00:00,12.22,14.16,-34.0,152.0,-34.0,152.0
2025-06-10 03:00:00,11.83,13.53,-34.0,152.0,-34.0,152.0
2025-06-10 04:00:00,11.51,13.13,-34.0,152.0,-34.0,152.0
2025-06-10 05:00:00,11.34,12.91,-34.0,152.0,-34.0,152.0
2025-06-10 06:00:00,11.43,13.0,-34.0,152.0,-34.0,152.0
2025-06-10 07:00:00,11.55,13.21,-34.0,152.0,-34.0,152.0
2025-06-10 08:00:00,11.45,13.04,-34.0,152.0,-34.0,152.0
2025-06-10 09:00:00,11.16,12.7,-34.0,152.0,-34.0,152.0
2025-06-10 10:00:00,11.37,13.02,-34.0,152.0,-34.0,152.0
2025-06-10 11:00:00,11.1,12.76,-34.0,152.0,-34.0,152.0
2025-06-10 12:00:00,10.93,12.52,-34.0,152.0,-34.0,152.0
2025-06-10 13:00:00,10.86,12.41,-34.0,152.0,-34.0,152.0
2025-06-10 14:00:00,10.69,12.16,-34.0,152.0,-34.0,152.0
2025-06-10 15:00:00,10.47,11.89,-34.0,152.0,-34.0,152.0
2025-06-10 16:00:00,10.6,12.03,-34.0,152.0,-34.0,152.0
2025-06-10 17:00:00,10.87,12.32,-34.0,152.0,-34.0,152.0
2025-06-10 18:00:00,11.08,12.65,-34.0,152.0,-34.0,152.0
2025-06-10 19:00:00,11.08,12.66,-34.0,152.0,-34.0,152.0
2025-06-10 20:00:00,10.9,12.44,-34.0,152.0,-34.0,152.0
2025-06-10 21:00:00,10.7,12.17,-34.0,152.0,-34.0,152.0
2025-06-10 22:00:00,10.41,11.79,-34.0,152.0,-34.0,152.0
2025-06-10 23:00:00,10.28,11.57,-34.0,152.0,-34.0,152.0
2025-06-11 00:00:00,10.19,11.37,-34.0,152.0,-34.0,152.0
2025-06-11 01:00:00,10.13,11.22,-34.0,152.0,-34.0,152.0
2025-06-11 02:00:00,9.71,10.76,-34.0,152.0,-34.0,152.0
2025-06-11 03:00:00,9.06,10.0,-34.0,152.0,-34.0,152.0
2025-06-11 04:00:00,8.77,9.64,-34.0,152.0,-34.0,152.0
2025-06-11 05:00:00,8.69,9.59,-34.0,152.0,-34.0,152.0
2025-06-11 06:00:00,8.47,9.44,-34.0,152.0,-34.0,152.0
2025-06-11 07:00:00,8.43,9.35,-34.0,152.0,-34.0,152.0
2025-06-11 08:00:00,8.69,9.65,-34.0,152.0,-34.0,152.0
2025-06-11 09:00:00,9.24,10.33,-34.0,152.0,-34.0,152.0
2025-06-11 10:00:00,9.17,10.18,-34.0,152.0,-34.0,152.0
2025-06-11 11:00:00,9.08,10.11,-34.0,152.0,-34.0,152.0
2025-06-11 12:00:00,8.77,9.69,-34.0,152.0,-34.0,152.0
2025-06-11 13:00:00,8.63,9.55,-34.0,152.0,-34.0,152.0
2025-06-11 14:00:00,8.23,9.07,-34.0,152.0,-34.0,152.0
2025-06-11 15:00:00,8.22,9.0,-34.0,152.0,-34.0,152.0
2025-06-11 16:00:00,8.22,9.05,-34.0,152.0,-34.0,152.0
2025-06-11 17:00:00,8.19,9.02,-34.0,152.0,-34.0,152.0
2025-06-11 18:00:00,7.98,8.79,-34.0,152.0,-34.0,152.0
2025-06-11 19:00:00,8.02,8.81,-34.0,152.0,-34.0,152.0
2025-06-11 20:00:00,8.04,8.91,-34.0,152.0,-34.0,152.0
2025-06-11 21:00:00,8.03,8.86,-34.0,152.0,-34.0,152.0
2025-06-11 22:00:00,8.43,9.32,-34.0,152.0,-34.0,152.0
2025-06-11 23:00:00,8.48,9.36,-34.0,152.0,-34.0,152.0
2025-06-12 00:00:00,8.27,9.08,-34.0,152.0,-34.0,152.0
2025-06-12 01:00:00,8.15,8.96,-34.0,152.0,-34.0,152.0
2025-06-12 02:00:00,8.16,9.01,-34.0,152.0,-34.0,152.0
2025-06-12 03:00:00,7.83,8.65,-34.0,152.0,-34.0,152.0
2025-06-12 04:00:00,7.6,8.4,-34.0,152.0,-34.0,152.0
2025-06-12 05:00:00,7.54,8.33,-34.0,152.0,-34.0,152.0
2025-06-12 06:00:00,7.59,8.41,-34.0,152.0,-34.0,152.0
2025-06-12 07:00:00,7.43,8.2,-34.0,152.0,-34.0,152.0
2025-06-12 08:00:00,7.28,8.05,-34.0,152.0,-34.0,152.0
2025-06-12 09:00:00,7.47,8.28,-34.0,152.0,-34.0,152.0
2025-06-12 10:00:00,7.4,8.2,-34.0,152.0,-34.0,152.0
2025-06-12 11:00:00,7.32,8.06,-34.0,152.0,-34.0,152.0
2025-06-12 12:00:00,7.46,8.16,-34.0,152.0,-34.0,152.0
2025-06-12 13:00:00,7.46,8.21,-34.0,152.0,-34.0,152.0
2025-06-12 14:00:00,7.31,7.96,-34.0,152.0,-34.0,152.0
2025-06-12 15:00:00,8.02,8.82,-34.0,152.0,-34.0,152.0
2025-06-12 16:00:00,7.2,7.96,-34.0,152.0,-34.0,152.0
2025-06-12 17:00:00,6.47,7.09,-34.0,152.0,-34.0,152.0
2025-06-12 18:00:00,7.53,8.21,-34.0,152.0,-34.0,152.0
2025-06-12 19:00:00,9.08,10.06,-34.0,152.0,-34.0,152.0
2025-06-12 20:00:00,8.68,9.73,-34.0,152.0,-34.0,152.0
2025-06-12 21:00:00,8.1,9.06,-34.0,152.0,-34.0,152.0
2025-06-12 22:00:00,6.61,7.22,-34.0,152.0,-34.0,152.0
2025-06-12 23:00:00,6.43,7.03,-34.0,152.0,-34.0,152.0
2025-06-13 00:00:00,5.97,6.52,-34.0,152.0,-34.0,152.0
2025-06-13 01:00:00,6.15,6.7,-34.0,152.0,-34.0,152.0
2025-06-13 02:00:00,6.56,7.16,-34.0,152.0,-34.0,152.0
2025-06-13 03:00:00,7.08,7.72,-34.0,152.0,-34.0,152.0
2025-06-13 04:00:00,7.01,7.71,-34.0,152.0,-34.0,152.0
2025-06-13 05:00:00,7.13,7.87,-34.0,152.0,-34.0,152.0
2025-06-13 06:00:00,7.62,8.42,-34.0,152.0,-34.0,152.0
2025-06-13 07:00:00,7.49,8.29,-34.0,152.0,-34.0,152.0
2025-06-13 08:00:00,7.05,7.8,-34.0,152.0,-34.0,152.0
2025-06-13 09:00:00,7.18,7.98,-34.0,152.0,-34.0,152.0
2025-06-13 10:00:00,7.7,8.45,-34.0,152.0,-34.0,152.0
2025-06-13 11:00:00,9.08,10.13,-34.0,152.0,-34.0,152.0
2025-06-13 12:00:00,9.15,10.3,-34.0,152.0,-34.0,152.0
2025-06-13 13:00:00,9.09,10.27,-34.0,152.0,-34.0,152.0
2025-06-13 14:00:00,9.02,10.09,-34.0,152.0,-34.0,152.0
2025-06-13 15:00:00,8.81,9.93,-34.0,152.0,-34.0,152.0
2025-06-13 16:00:00,8.93,10.01,-34.0,152.0,-34.0,152.0
2025-06-13 17:00:00,9.05,10.11,-34.0,152.0,-34.0,152.0
2025-06-13 18:00:00,9.03,10.11,-34.0,152.0,-34.0,152.0
2025-06-13 19:00:00,8.98,9.96,-34.0,152.0,-34.0,152.0
2025-06-13 20:00:00,8.79,9.79,-34.0,152.0,-34.0,152.0
2025-06-13 21:00:00,8.59,9.48,-34.0,152.0,-34.0,152.0
2025-06-13 22:00:00,7.55,8.3,-34.0,152.0,-34.0,152.0
2025-06-13 23:00:00,7.14,7.76,-34.0,152.0,-34.0,152.0
2025-06-14 00:00:00,7.07,7.67,-34.0,152.0,-34.0,152.0
2025-06-14 01:00:00,6.8,7.36,-34.0,152.0,-34.0,152.0
2025-06-14 02:00:00,6.36,6.88,-34.0,152.0,-34.0,152.0
2025-06-14 03:00:00,5.9,6.35,-34.0,152.0,-34.0,152.0
2025-06-14 04:00:00,5.35,5.71,-34.0,152.0,-34.0,152.0
2025-06-14 05:00:00,5.07,5.4,-34.0,152.0,-34.0,152.0
2025-06-14 06:00:00,4.87,5.22,-34.0,152.0,-34.0,152.0
2025-06-14 07:00:00,4.6,4.9,-34.0,152.0,-34.0,152.0
2025-06-14 08:00:00,4.48,4.72,-34.0,152.0,-34.0,152.0
2025-06-14 09:00:00,4.49,4.75,-34.0,152.0,-34.0,152.0
2025-06-14 10:00:00,5.03,5.3,-34.0,152.0,-34.0,152.0
2025-06-14 11:00:00,4.55,4.82,-34.0,152.0,-34.0,152.0
2025-06-14 12:00:00,3.89,4.1,-34.0,152.0,-34.0,152.0
2025-06-14 13:00:00,3.38,3.53,-34.0,152.0,-34.0,152.0
2025-06-14 14:00:00,2.95,3.06,-34.0,152.0,-34.0,152.0
2025-06-14 15:00:00,2.62,2.67,-34.0,152.0,-34.0,152.0
2025-06-14 16:00:00,2.52,2.52,-34.0,152.0,-34.0,152.0
2025-06-14 17:00:00,1.96,1.94,-34.0,152.0,-34.0,152.0
2025-06-14 18:00:00,1.36,1.39,-34.0,152.0,-34.0,152.0
2025-06-14 19:00:00,0.74,0.85,-34.0,152.0,-34.0,152.0
2025-06-14 20:00:00,0.65,0.72,-34.0,152.0,-34.0,152.0
2025-06-14 21:00:00,0.32,0.27,-34.0,152.0,-34.0,152.0
2025-06-14 22:00:00,1.17,1.11,-34.0,152.0,-34.0,152.0
2025-06-14 23:00:00,0.97,0.92,-34.0,152.0,-34.0,152.0
2025-06-15 00:00:00,0.47,0.46,-34.0,152.0,-34.0,152.0
2025-06-15 01:00:00,1.15,1.15,-34.0,152.0,-34.0,152.0
2025-06-15 02:00:00,1.06,1.11,-34.0,152.0,-34.0,152.0
2025-06-15 03:00:00,1.42,1.46,-34.0,152.0,-34.0,152.0
2025-06-15 04:00:00,2.19,2.23,-34.0,152.0,-34.0,152.0
2025-06-15 05:00:00,2.48,2.58,-34.0,152.0,-34.0,152.0
2025-06-15 06:00:00,1.97,2.02,-34.0,152.0,-34.0,152.0
2025-06-15 07:00:00,1.37,1.33,-34.0,152.0,-34.0,152.0
2025-06-15 08:00:00,1.96,2.04,-34.0,152.0,-34.0,152.0
2025-06-15 09:00:00,5.17,5.46,-34.0,152.0,-34.0,152.0
2025-06-15 10:00:00,5.07,5.36,-34.0,152.0,-34.0,152.0
2025-06-15 11:00:00,5.67,6.06,-34.0,152.0,-34.0,152.0
2025-06-15 12:00:00,5.94,6.39,-34.0,152.0,-34.0,152.0
2025-06-15 13:00:00,6.74,7.32,-34.0,152.0,-34.0,152.0
2025-06-15 14:00:00,7.68,8.5,-34.0,152.0,-34.0,152.0
2025-06-15 15:00:00,7.99,8.8,-34.0,152.0,-34.0,152.0
2025-06-15 16:00:00,7.36,8.1,-34.0,152.0,-34.0,152.0
2025-06-15 17:00:00,6.51,7.0,-34.0,152.0,-34.0,152.0
2025-06-15 18:00:00,6.03,6.49,-34.0,152.0,-34.0,152.0
2025-06-15 19:00:00,5.72,6.04,-34.0,152.0,-34.0,152.0
2025-06-15 20:00:00,5.33,5.61,-34.0,152.0,-34.0,152.0
2025-06-15 21:00:00,4.78,5.02,-34.0,152.0,-34.0,152.0
2025-06-15 22:00:00,3.67,3.79,-34.0,152.0,-34.0,152.0
2025-06-15 23:00:00,3.2,3.22,-34.0,152.0,-34.0,152.0
2025-06-16 00:00:00,4.25,4.31,-34.0,152.0,-34.0,152.0
2025-06-16 01:00:00,5.7,5.84,-34.0,152.0,-34.0,152.0
2025-06-16 02:00:00,5.6,5.8,-34.0,152.0,-34.0,152.0
2025-06-16 03:00:00,4.95,5.11,-34.0,152.0,-34.0,152.0
2025-06-16 04:00:00,3.91,4.03,-34.0,152.0,-34.0,152.0
2025-06-16 05:00:00,2.89,3.02,-34.0,152.0,-34.0,152.0
2025-06-16 06:00:00,2.48,2.59,-34.0,152.0,-34.0,152.0
2025-06-16 07:00:00,2.83,2.95,-34.0,152.0,-34.0,152.0
2025-06-16 08:00:00,3.33,3.56,-34.0,152.0,-34.0,152.0
2025-06-16 09:00:00,3.7,4.0,-34.0,152.0,-34.0,152.0
2025-06-16 10:00:00,4.34,4.69,-34.0,152.0,-34.0,152.0
2025-06-16 11:00:00,5.46,5.97,-34.0,152.0,-34.0,152.0
2025-06-16 12:00:00,6.42,7.04,-34.0,152.0,-34.0,152.0
2025-06-16 13:00:00,7.02,7.71,-34.0,152.0,-34.0,152.0
2025-06-16 14:00:00,7.21,7.96,-34.0,152.0,-34.0,152.0
2025-06-16 15:00:00,7.12,7.83,-34.0,152.0,-34.0,152.0
2025-06-16 16:00:00,7.16,7.87,-34.0,152.0,-34.0,152.0
2025-06-16 17:00:00,7.14,7.81,-34.0,152.0,-34.0,152.0
2025-06-16 18:00:00,7.05,7.69,-34.0,152.0,-34.0,152.0
2025-06-16 19:00:00,7.1,7.67,-34.0,152.0,-34.0,152.0
2025-06-16 20:00:00,7.22,7.86,-34.0,152.0,-34.0,152.0
2025-06-16 21:00:00,7.53,8.17,-34.0,152.0,-34.0,152.0
2025-06-16 22:00:00,8.12,8.98,-34.0,152.0,-34.0,152.0
2025-06-16 23:00:00,9.33,10.41,-34.0,152.0,-34.0,152.0
2025-06-17 00:00:00,8.04,8.78,-34.0,152.0,-34.0,152.0
2025-06-17 01:00:00,7.61,8.25,-34.0,152.0,-34.0,152.0
2025-06-17 02:00:00,7.54,8.26,-34.0,152.0,-34.0,152.0
2025-06-17 03:00:00,7.32,8.04,-34.0,152.0,-34.0,152.0
2025-06-17 04:00:00,6.62,7.27,-34.0,152.0,-34.0,152.0
2025-06-17 05:00:00,5.98,6.51,-34.0,152.0,-34.0,152.0
2025-06-17 06:00:00,6.08,6.68,-34.0,152.0,-34.0,152.0
2025-06-17 07:00:00,6.44,7.08,-34.0,152.0,-34.0,152.0
2025-06-17 08:00:00,6.71,7.42,-34.0,152.0,-34.0,152.0
2025-06-17 09:00:00,7.22,7.98,-34.0,152.0,-34.0,152.0
2025-06-17 10:00:00,9.58,10.84,-34.0,152.0,-34.0,152.0
2025-06-17 11:00:00,9.76,11.07,-34.0,152.0,-34.0,152.0
2025-06-17 12:00:00,9.46,10.69,-34.0,152.0,-34.0,152.0
2025-06-17 13:00:00,9.02,10.17,-34.0,152.0,-34.0,152.0
2025-06-17 14:00:00,9.29,10.46,-34.0,152.0,-34.0,152.0
2025-06-17 15:00:00,9.06,10.14,-34.0,152.0,-34.0,152.0
2025-06-17 16:00:00,8.29,9.18,-34.0,152.0,-34.0,152.0
2025-06-17 17:00:00,7.76,8.54,-34.0,152.0,-34.0,152.0
2025-06-17 18:00:00,7.2,7.88,-34.0,152.0,-34.0,152.0
2025-06-17 19:00:00,6.61,7.17,-34.0,152.0,-34.0,152.0
2025-06-17 20:00:00,5.84,6.33,-34.0,152.0,-34.0,152.0
2025-06-17 21:00:00,5.4,5.78,-34.0,152.0,-34.0,152.0
2025-06-17 22:00:00,5.0,5.34,-34.0,152.0,-34.0,152.0
2025-06-17 23:00:00,5.66,6.07,-34.0,152.0,-34.0,152.0
2025-06-18 00:00:00,5.28,5.59,-34.0,152.0,-34.0,152.0
2025-06-18 01:00:00,4.47,4.66,-34.0,152.0,-34.0,152.0
2025-06-18 02:00:00,4.37,4.57,-34.0,152.0,-34.0,152.0
2025-06-18 03:00:00,4.6,4.79,-34.0,152.0,-34.0,152.0
2025-06-18 04:00:00,4.66,4.9,-34.0,152.0,-34.0,152.0
2025-06-18 05:00:00,4.49,4.7,-34.0,152.0,-34.0,152.0
2025-06-18 06:00:00,3.99,4.17,-34.0,152.0,-34.0,152.0
2025-06-18 07:00:00,3.53,3.69,-34.0,152.0,-34.0,152.0
2025-06-18 08:00:00,2.93,3.01,-34.0,152.0,-34.0,152.0
2025-06-18 09:00:00,2.11,2.16,-34.0,152.0,-34.0,152.0
2025-06-18 10:00:00,1.23,1.12,-34.0,152.0,-34.0,152.0
2025-06-18 11:00:00,1.36,1.29,-34.0,152.0,-34.0,152.0
2025-06-18 12:00:00,1.03,0.96,-34.0,152.0,-34.0,152.0
2025-06-18 13:00:00,0.71,0.63,-34.0,152.0,-34.0,152.0
2025-06-18 14:00:00,0.84,0.81,-34.0,152.0,-34.0,152.0
2025-06-18 15:00:00,0.91,0.96,-34.0,152.0,-34.0,152.0
2025-06-18 16:00:00,1.5,1.53,-34.0,152.0,-34.0,152.0
2025-06-18 17:00:00,2.25,2.29,-34.0,152.0,-34.0,152.0
2025-06-18 18:00:00,2.83,2.9,-34.0,152.0,-34.0,152.0
2025-06-18 19:00:00,2.51,2.56,-34.0,152.0,-34.0,152.0
2025-06-18 20:00:00,1.33,1.31,-34.0,152.0,-34.0,152.0
2025-06-18 21:00:00,0.57,0.5,-34.0,152.0,-34.0,152.0
2025-06-18 22:00:00,1.32,1.35,-34.0,152.0,-34.0,152.0
2025-06-18 23:00:00,2.18,2.22,-34.0,152.0,-34.0,152.0
2025-06-19 00:00:00,2.9,2.93,-34.0,152.0,-34.0,152.0
2025-06-19 01:00:00,2.83,2.9,-34.0,152.0,-34.0,152.0
2025-06-19 02:00:00,2.76,2.8,-34.0,152.0,-34.0,152.0
2025-06-19 03:00:00,2.59,2.6,-34.0,152.0,-34.0,152.0
2025-06-19 04:00:00,2.19,2.21,-34.0,152.0,-34.0,152.0
2025-06-19 05:00:00,1.86,1.85,-34.0,152.0,-34.0,152.0
2025-06-19 06:00:00,1.62,1.63,-34.0,152.0,-34.0,152.0
2025-06-19 07:00:00,1.43,1.5,-34.0,152.0,-34.0,152.0
2025-06-19 08:00:00,1.36,1.55,-34.0,152.0,-34.0,152.0
2025-06-19 09:00:00,1.2,1.47,-34.0,152.0,-34.0,152.0
2025-06-19 10:00:00,0.18,0.34,-34.0,152.0,-34.0,152.0
2025-06-19 11:00:00,1.3,1.4,-34.0,152.0,-34.0,152.0
2025-06-19 12:00:00,2.49,2.68,-34.0,152.0,-34.0,152.0
2025-06-19 13:00:00,3.27,3.5,-34.0,152.0,-34.0,152.0
2025-06-19 14:00:00,3.33,3.52,-34.0,152.0,-34.0,152.0
2025-06-19 15:00:00,3.11,3.29,-34.0,152.0,-34.0,152.0
2025-06-19 16:00:00,3.08,3.18,-34.0,152.0,-34.0,152.0
2025-06-19 17:00:00,3.01,3.11,-34.0,152.0,-34.0,152.0
2025-06-19 18:00:00,2.85,2.92,-34.0,152.0,-34.0,152.0
2025-06-19 19:00:00,2.8,2.87,-34.0,152.0,-34.0,152.0
2025-06-19 20:00:00,2.53,2.53,-34.0,152.0,-34.0,152.0
2025-06-19 21:00:00,2.15,2.15,-34.0,152.0,-34.0,152.0
2025-06-19 22:00:00,2.06,2.16,-34.0,152.0,-34.0,152.0
2025-06-19 23:00:00,2.06,2.15,-34.0,152.0,-34.0,152.0
2025-06-20 00:00:00,1.98,2.09,-34.0,152.0,-34.0,152.0
2025-06-20 01:00:00,2.13,2.16,-34.0,152.0,-34.0,152.0
2025-06-20 02:00:00,2.3,2.33,-34.0,152.0,-34.0,152.0
2025-06-20 03:00:00,2.33,2.37,-34.0,152.0,-34.0,152.0
2025-06-20 04:00:00,2.11,2.12,-34.0,152.0,-34.0,152.0
2025-06-20 05:00:00,2.01,2.06,-34.0,152.0,-34.0,152.0
2025-06-20 06:00:00,2.25,2.24,-34.0,152.0,-34.0,152.0
2025-06-20 07:00:00,2.25,2.31,-34.0,152.0,-34.0,152.0
2025-06-20 08:00:00,2.02,2.06,-34.0,152.0,-34.0,152.0
2025-06-20 09:00:00,1.61,1.67,-34.0,152.0,-34.0,152.0
2025-06-20 10:00:00,0.85,0.86,-34.0,152.0,-34.0,152.0
2025-06-20 11:00:00,0.46,0.57,-34.0,152.0,-34.0,152.0
2025-06-20 12:00:00,1.11,1.25,-34.0,152.0,-34.0,152.0
2025-06-20 13:00:00,1.57,1.72,-34.0,152.0,-34.0,152.0
2025-06-20 14:00:00,1.88,2.02,-34.0,152.0,-34.0,152.0
2025-06-20 15:00:00,2.01,2.1,-34.0,152.0,-34.0,152.0
2025-06-20 16:00:00,2.28,2.34,-34.0,152.0,-34.0,152.0
2025-06-20 17:00:00,2.6,2.7,-34.0,152.0,-34.0,152.0
2025-06-20 18:00:00,2.67,2.76,-34.0,152.0,-34.0,152.0
2025-06-20 19:00:00,2.54,2.62,-34.0,152.0,-34.0,152.0
2025-06-20 20:00:00,2.16,2.26,-34.0,152.0,-34.0,152.0
2025-06-20 21:00:00,1.87,1.91,-34.0,152.0,-34.0,152.0
2025-06-20 22:00:00,2.48,2.47,-34.0,152.0,-34.0,152.0
2025-06-20 23:00:00,2.94,2.98,-34.0,152.0,-34.0,152.0
2025-06-21 00:00:00,3.66,3.76,-34.0,152.0,-34.0,152.0
2025-06-21 01:00:00,4.1,4.25,-34.0,152.0,-34.0,152.0
2025-06-21 02:00:00,3.93,4.08,-34.0,152.0,-34.0,152.0
2025-06-21 03:00:00,3.06,3.18,-34.0,152.0,-34.0,152.0
2025-06-21 04:00:00,2.02,2.16,-34.0,152.0,-34.0,152.0
2025-06-21 05:00:00,1.86,2.06,-34.0,152.0,-34.0,152.0
2025-06-21 06:00:00,2.8,3.04,-34.0,152.0,-34.0,152.0
2025-06-21 07:00:00,3.72,4.04,-34.0,152.0,-34.0,152.0
2025-06-21 08:00:00,4.38,4.84,-34.0,152.0,-34.0,152.0
2025-06-21 09:00:00,4.86,5.36,-34.0,152.0,-34.0,152.0
2025-06-21 10:00:00,4.75,5.2,-34.0,152.0,-34.0,152.0
2025-06-21 11:00:00,5.16,5.65,-34.0,152.0,-34.0,152.0
2025-06-21 12:00:00,5.56,6.16,-34.0,152.0,-34.0,152.0
2025-06-21 13:00:00,6.0,6.65,-34.0,152.0,-34.0,152.0
2025-06-21 14:00:00,6.51,7.21,-34.0,152.0,-34.0,152.0
2025-06-21 15:00:00,6.67,7.42,-34.0,152.0,-34.0,152.0
2025-06-21 16:00:00,6.83,7.64,-34.0,152.0,-34.0,152.0
2025-06-21 17:00:00,6.78,7.54,-34.0,152.0,-34.0,152.0
2025-06-21 18:00:00,6.7,7.51,-34.0,152.0,-34.0,152.0
2025-06-21 19:00:00,6.41,7.13,-34.0,152.0,-34.0,152.0
2025-06-21 20:00:00,6.07,6.7,-34.0,152.0,-34.0,152.0
2025-06-21 21:00:00,5.72,6.33,-34.0,152.0,-34.0,152.0
2025-06-21 22:00:00,5.7,6.33,-34.0,152.0,-34.0,152.0
2025-06-21 23:00:00,5.72,6.34,-34.0,152.0,-34.0,152.0
2025-06-22 00:00:00,5.83,6.43,-34.0,152.0,-34.0,152.0
2025-06-22 01:00:00,5.85,6.4,-34.0,152.0,-34.0,152.0
2025-06-22 02:00:00,5.6,6.14,-34.0,152.0,-34.0,152.0
2025-06-22 03:00:00,5.76,6.36,-34.0,152.0,-34.0,152.0
2025-06-22 04:00:00,5.97,6.52,-34.0,152.0,-34.0,152.0
2025-06-22 05:00:00,5.91,6.46,-34.0,152.0,-34.0,152.0
2025-06-22 06:00:00,5.71,6.26,-34.0,152.0,-34.0,152.0
2025-06-22 07:00:00,5.75,6.3,-34.0,152.0,-34.0,152.0
2025-06-22 08:00:00,6.17,6.82,-34.0,152.0,-34.0,152.0
2025-06-22 09:00:00,6.67,7.38,-34.0,152.0,-34.0,152.0
2025-06-22 10:00:00,6.05,6.75,-34.0,152.0,-34.0,152.0
2025-06-22 11:00:00,6.7,7.5,-34.0,152.0,-34.0,152.0
2025-06-22 12:00:00,7.01,7.92,-34.0,152.0,-34.0,152.0
2025-06-22 13:00:00,7.23,8.19,-34.0,152.0,-34.0,152.0
2025-06-22 14:00:00,7.59,8.55,-34.0,152.0,-34.0,152.0
2025-06-22 15:00:00,7.98,9.04,-34.0,152.0,-34.0,152.0
2025-06-22 16:00:00,7.95,9.03,-34.0,152.0,-34.0,152.0
2025-06-22 17:00:00,7.62,8.61,-34.0,152.0,-34.0,152.0
2025-06-22 18:00:00,7.15,8.04,-34.0,152.0,-34.0,152.0
2025-06-22 19:00:00,6.74,7.56,-34.0,152.0,-34.0,152.0
2025-06-22 20:00:00,6.45,7.21,-34.0,152.0,-34.0,152.0
2025-06-22 21:00:00,6.43,7.19,-34.0,152.0,-34.0,152.0
2025-06-22 22:00:00,6.62,7.38,-34.0,152.0,-34.0,152.0
2025-06-22 23:00:00,6.29,6.98,-34.0,152.0,-34.0,152.0
2025-06-23 00:00:00,5.95,6.53,-34.0,152.0,-34.0,152.0
2025-06-23 01:00:00,5.86,6.46,-34.0,152.0,-34.0,152.0
2025-06-23 02:00:00,5.84,6.41,-34.0,152.0,-34.0,152.0
2025-06-23 03:00:00,6.1,6.75,-34.0,152.0,-34.0,152.0
2025-06-23 04:00:00,6.7,7.55,-34.0,152.0,-34.0,152.0
2025-06-23 05:00:00,7.31,8.36,-34.0,152.0,-34.0,152.0
2025-06-23 06:00:00,7.7,8.95,-34.0,152.0,-34.0,152.0
2025-06-23 07:00:00,8.02,9.42,-34.0,152.0,-34.0,152.0
2025-06-23 08:00:00,8.2,9.91,-34.0,152.0,-34.0,152.0
2025-06-23 09:00:00,8.34,10.4,-34.0,152.0,-34.0,152.0
2025-06-23 10:00:00,8.65,10.65,-34.0,152.0,-34.0,152.0
2025-06-23 11:00:00,8.67,10.81,-34.0,152.0,-34.0,152.0
2025-06-23 12:00:00,9.01,11.4,-34.0,152.0,-34.0,152.0
2025-06-23 13:00:00,9.42,12.16,-34.0,152.0,-34.0,152.0
2025-06-23 14:00:00,9.67,12.57,-34.0,152.0,-34.0,152.0
2025-06-23 15:00:00,10.2,12.95,-34.0,152.0,-34.0,152.0
2025-06-23 16:00:00,10.67,13.47,-34.0,152.0,-34.0,152.0
2025-06-23 17:00:00,9.9,12.95,-34.0,152.0,-34.0,152.0
2025-06-23 18:00:00,9.85,12.9,-34.0,152.0,-34.0,152.0
2025-06-23 19:00:00,10.28,13.72,-34.0,152.0,-34.0,152.0
2025-06-23 20:00:00,11.67,14.83,-34.0,152.0,-34.0,152.0
2025-06-23 21:00:00,12.12,15.38,-34.0,152.0,-34.0,152.0
2025-06-23 22:00:00,12.41,15.87,-34.0,152.0,-34.0,152.0
2025-06-23 23:00:00,11.17,14.19,-34.0,152.0,-34.0,152.0
2025-06-24 00:00:00,10.97,13.39,-34.0,152.0,-34.0,152.0
2025-06-24 01:00:00,11.28,13.59,-34.0,152.0,-34.0,152.0
2025-06-24 02:00:00,10.5,12.49,-34.0,152.0,-34.0,152.0
2025-06-24 03:00:00,11.24,13.11,-34.0,152.0,-34.0,152.0
2025-06-24 04:00:00,11.2,13.29,-34.0,152.0,-34.0,152.0
2025-06-24 05:00:00,11.68,14.16,-34.0,152.0,-34.0,152.0
2025-06-24 06:00:00,12.05,14.82,-34.0,152.0,-34.0,152.0
2025-06-24 07:00:00,12.4,15.39,-34.0,152.0,-34.0,152.0
2025-06-24 08:00:00,12.29,15.09,-34.0,152.0,-34.0,152.0
2025-06-24 09:00:00,12.09,14.78,-34.0,152.0,-34.0,152.0
2025-06-24 10:00:00,13.86,17.02,-34.0,152.0,-34.0,152.0
2025-06-24 11:00:00,12.33,15.09,-34.0,152.0,-34.0,152.0
2025-06-24 12:00:00,12.6,15.27,-34.0,152.0,-34.0,152.0
2025-06-24 13:00:00,12.29,14.92,-34.0,152.0,-34.0,152.0
2025-06-24 14:00:00,12.67,15.31,-34.0,152.0,-34.0,152.0
2025-06-24 15:00:00,13.66,16.62,-34.0,152.0,-34.0,152.0
2025-06-24 16:00:00,14.16,17.4,-34.0,152.0,-34.0,152.0
2025-06-24 17:00:00,14.64,17.99,-34.0,152.0,-34.0,152.0
2025-06-24 18:00:00,15.27,18.8,-34.0,152.0,-34.0,152.0
2025-06-24 19:00:00,15.08,18.56,-34.0,152.0,-34.0,152.0
2025-06-24 20:00:00,15.1,18.45,-34.0,152.0,-34.0,152.0
2025-06-24 21:00:00,15.39,18.81,-34.0,152.0,-34.0,152.0
2025-06-24 22:00:00,16.22,19.95,-34.0,152.0,-34.0,152.0
2025-06-24 23:00:00,16.42,20.16,-34.0,152.0,-34.0,152.0
2025-06-25 00:00:00,15.78,19.39,-34.0,152.0,-34.0,152.0
2025-06-25 01:00:00,14.29,17.31,-34.0,152.0,-34.0,152.0
2025-06-25 02:00:00,14.5,17.48,-34.0,152.0,-34.0,152.0
2025-06-25 03:00:00,14.79,17.8,-34.0,152.0,-34.0,152.0
2025-06-25 04:00:00,15.69,18.71,-34.0,152.0,-34.0,152.0
2025-06-25 05:00:00,15.89,19.2,-34.0,152.0,-34.0,152.0
2025-06-25 06:00:00,16.65,20.43,-34.0,152.0,-34.0,152.0
2025-06-25 07:00:00,16.56,20.35,-34.0,152.0,-34.0,152.0
2025-06-25 08:00:00,16.75,20.6,-34.0,152.0,-34.0,152.0
2025-06-25 09:00:00,15.5,18.91,-34.0,152.0,-34.0,152.0
2025-06-25 10:00:00,15.38,18.72,-34.0,152.0,-34.0,152.0
2025-06-25 11:00:00,14.12,16.86,-34.0,152.0,-34.0,152.0
2025-06-25 12:00:00,13.12,15.32,-34.0,152.0,-34.0,152.0
2025-06-25 13:00:00,12.86,14.78,-34.0,152.0,-34.0,152.0
2025-06-25 14:00:00,12.75,14.53,-34.0,152.0,-34.0,152.0
2025-06-25 15:00:00,13.54,15.49,-34.0,152.0,-34.0,152.0
2025-06-25 16:00:00,13.97,16.13,-34.0,152.0,-34.0,152.0
2025-06-25 17:00:00,14.45,16.78,-34.0,152.0,-34.0,152.0
2025-06-25 18:00:00,14.83,17.27,-34.0,152.0,-34.0,152.0
2025-06-25 19:00:00,15.07,17.55,-34.0,152.0,-34.0,152.0
2025-06-25 20:00:00,14.88,17.34,-34.0,152.0,-34.0,152.0
2025-06-25 21:00:00,15.22,17.7,-34.0,152.0,-34.0,152.0
2025-06-25 22:00:00,13.61,15.61,-34.0,152.0,-34.0,152.0
2025-06-25 23:00:00,12.84,14.56,-34.0,152.0,-34.0,152.0
2025-06-26 00:00:00,12.48,13.98,-34.0,152.0,-34.0,152.0
2025-06-26 01:00:00,11.83,13.23,-34.0,152.0,-34.0,152.0
2025-06-26 02:00:00,11.9,13.31,-34.0,152.0,-34.0,152.0
2025-06-26 03:00:00,12.18,13.67,-34.0,152.0,-34.0,152.0
2025-06-26 04:00:00,12.41,13.98,-34.0,152.0,-34.0,152.0
2025-06-26 05:00:00,12.39,13.95,-34.0,152.0,-34.0,152.0
2025-06-26 06:00:00,12.37,13.95,-34.0,152.0,-34.0,152.0
2025-06-26 07:00:00,12.36,14.0,-34.0,152.0,-34.0,152.0
2025-06-26 08:00:00,12.27,13.89,-34.0,152.0,-34.0,152.0
2025-06-26 09:00:00,12.22,13.79,-34.0,152.0,-34.0,152.0
2025-06-26 10:00:00,11.64,13.08,-34.0,152.0,-34.0,152.0
2025-06-26 11:00:00,11.13,12.48,-34.0,152.0,-34.0,152.0
2025-06-26 12:00:00,11.07,12.42,-34.0,152.0,-34.0,152.0
2025-06-26 13:00:00,11.07,12.41,-34.0,152.0,-34.0,152.0
2025-06-26 14:00:00,10.75,12.04,-34.0,152.0,-34.0,152.0
2025-06-26 15:00:00,10.51,11.75,-34.0,152.0,-34.0,152.0
2025-06-26 16:00:00,10.58,11.8,-34.0,152.0,-34.0,152.0
2025-06-26 17:00:00,10.81,12.03,-34.0,152.0,-34.0,152.0
2025-06-26 18:00:00,10.5,11.66,-34.0,152.0,-34.0,152.0
2025-06-26 19:00:00,10.2,11.31,-34.0,152.0,-34.0,152.0
2025-06-26 20:00:00,9.78,10.83,-34.0,152.0,-34.0,152.0
2025-06-26 21:00:00,9.27,10.27,-34.0,152.0,-34.0,152.0
2025-06-26 22:00:00,7.12,7.66,-34.0,152.0,-34.0,152.0
2025-06-26 23:00:00,7.1,7.67,-34.0,152.0,-34.0,152.0
2025-06-27 00:00:00,6.48,7.0,-34.0,152.0,-34.0,152.0
2025-06-27 01:00:00,6.3,6.76,-34.0,152.0,-34.0,152.0
2025-06-27 02:00:00,6.4,6.9,-34.0,152.0,-34.0,152.0
2025-06-27 03:00:00,6.88,7.42,-34.0,152.0,-34.0,152.0
2025-06-27 04:00:00,7.22,7.82,-34.0,152.0,-34.0,152.0
2025-06-27 05:00:00,7.63,8.33,-34.0,152.0,-34.0,152.0
2025-06-27 06:00:00,7.86,8.61,-34.0,152.0,-34.0,152.0
2025-06-27 07:00:00,8.15,9.0,-34.0,152.0,-34.0,152.0
2025-06-27 08:00:00,8.35,9.2,-34.0,152.0,-34.0,152.0
2025-06-27 09:00:00,8.25,9.1,-34.0,152.0,-34.0,152.0
2025-06-27 10:00:00,7.86,8.66,-34.0,152.0,-34.0,152.0
2025-06-27 11:00:00,7.97,8.72,-34.0,152.0,-34.0,152.0
2025-06-27 12:00:00,7.64,8.39,-34.0,152.0,-34.0,152.0
2025-06-27 13:00:00,7.11,7.76,-34.0,152.0,-34.0,152.0
2025-06-27 14:00:00,6.59,7.18,-34.0,152.0,-34.0,152.0
2025-06-27 15:00:00,6.54,7.08,-34.0,152.0,-34.0,152.0
2025-06-27 16:00:00,6.44,6.99,-34.0,152.0,-34.0,152.0
2025-06-27 17:00:00,6.57,7.16,-34.0,152.0,-34.0,152.0
2025-06-27 18:00:00,6.51,7.11,-34.0,152.0,-34.0,152.0
2025-06-27 19:00:00,6.26,6.81,-34.0,152.0,-34.0,152.0
2025-06-27 20:00:00,5.71,6.21,-34.0,152.0,-34.0,152.0
2025-06-27 21:00:00,5.32,5.72,-34.0,152.0,-34.0,152.0
2025-06-27 22:00:00,4.4,4.63,-34.0,152.0,-34.0,152.0
2025-06-27 23:00:00,3.84,4.08,-34.0,152.0,-34.0,152.0
2025-06-28 00:00:00,3.2,3.36,-34.0,152.0,-34.0,152.0
2025-06-28 01:00:00,2.71,2.81,-34.0,152.0,-34.0,152.0
2025-06-28 02:00:00,2.59,2.69,-34.0,152.0,-34.0,152.0
2025-06-28 03:00:00,2.79,2.83,-34.0,152.0,-34.0,152.0
2025-06-28 04:00:00,2.95,3.05,-34.0,152.0,-34.0,152.0
2025-06-28 05:00:00,2.85,2.95,-34.0,152.0,-34.0,152.0
2025-06-28 06:00:00,2.53,2.64,-34.0,152.0,-34.0,152.0
2025-06-28 07:00:00,2.26,2.3,-34.0,152.0,-34.0,152.0
2025-06-28 08:00:00,1.95,2.06,-34.0,152.0,-34.0,152.0
2025-06-28 09:00:00,1.71,1.78,-34.0,152.0,-34.0,152.0
2025-06-28 10:00:00,2.35,2.42,-34.0,152.0,-34.0,152.0
2025-06-28 11:00:00,2.64,2.68,-34.0,152.0,-34.0,152.0
2025-06-28 12:00:00,3.2,3.3,-34.0,152.0,-34.0,152.0
2025-06-28 13:00:00,3.63,3.73,-34.0,152.0,-34.0,152.0
2025-06-28 14:00:00,3.4,3.56,-34.0,152.0,-34.0,152.0
2025-06-28 15:00:00,3.22,3.41,-34.0,152.0,-34.0,152.0
2025-06-28 16:00:00,3.26,3.47,-34.0,152.0,-34.0,152.0
2025-06-28 17:00:00,3.12,3.34,-34.0,152.0,-34.0,152.0
2025-06-28 18:00:00,3.4,3.58,-34.0,152.0,-34.0,152.0
2025-06-28 19:00:00,4.08,4.28,-34.0,152.0,-34.0,152.0
2025-06-28 20:00:00,4.35,4.56,-34.0,152.0,-34.0,152.0
2025-06-28 21:00:00,4.3,4.58,-34.0,152.0,-34.0,152.0
2025-06-28 22:00:00,5.01,5.34,-34.0,152.0,-34.0,152.0
2025-06-28 23:00:00,5.73,6.11,-34.0,152.0,-34.0,152.0
2025-06-29 00:00:00,5.47,5.81,-34.0,152.0,-34.0,152.0
2025-06-29 01:00:00,5.0,5.31,-34.0,152.0,-34.0,152.0
2025-06-29 02:00:00,4.74,4.99,-34.0,152.0,-34.0,152.0
2025-06-29 03:00:00,4.46,4.67,-34.0,152.0,-34.0,152.0
2025-06-29 04:00:00,3.85,4.04,-34.0,152.0,-34.0,152.0
2025-06-29 05:00:00,3.05,3.15,-34.0,152.0,-34.0,152.0
2025-06-29 06:00:00,2.38,2.43,-34.0,152.0,-34.0,152.0
2025-06-29 07:00:00,1.86,1.93,-34.0,152.0,-34.0,152.0
2025-06-29 08:00:00,1.13,1.1,-34.0,152.0,-34.0,152.0
2025-06-29 09:00:00,0.25,0.25,-34.0,152.0,-34.0,152.0
2025-06-29 10:00:00,1.79,1.81,-34.0,152.0,-34.0,152.0
2025-06-29 11:00:00,1.31,1.35,-34.0,152.0,-34.0,152.0
2025-06-29 12:00:00,0.76,0.81,-34.0,152.0,-34.0,152.0
2025-06-29 13:00:00,0.47,0.45,-34.0,152.0,-34.0,152.0
2025-06-29 14:00:00,0.63,0.56,-34.0,152.0,-34.0,152.0
2025-06-29 15:00:00,0.99,0.92,-34.0,152.0,-34.0,152.0
2025-06-29 16:00:00,1.24,1.19,-34.0,152.0,-34.0,152.0
2025-06-29 17:00:00,1.8,1.85,-34.0,152.0,-34.0,152.0
2025-06-29 18:00:00,2.7,2.82,-34.0,152.0,-34.0,152.0
2025-06-29 19:00:00,3.58,3.79,-34.0,152.0,-34.0,152.0
2025-06-29 20:00:00,3.83,4.1,-34.0,152.0,-34.0,152.0
2025-06-29 21:00:00,3.85,4.1,-34.0,152.0,-34.0,152.0
2025-06-29 22:00:00,5.08,5.41,-34.0,152.0,-34.0,152.0
2025-06-29 23:00:00,5.53,5.87,-34.0,152.0,-34.0,152.0
2025-06-30 00:00:00,5.33,5.62,-34.0,152.0,-34.0,152.0
2025-06-30 01:00:00,5.3,5.57,-34.0,152.0,-34.0,152.0
2025-06-30 02:00:00,5.44,5.76,-34.0,152.0,-34.0,152.0
2025-06-30 03:00:00,4.89,5.13,-34.0,152.0,-34.0,152.0
2025-06-30 04:00:00,5.61,5.95,-34.0,152.0,-34.0,152.0
2025-06-30 05:00:00,6.21,6.71,-34.0,152.0,-34.0,152.0
2025-06-30 06:00:00,5.78,6.18,-34.0,152.0,-34.0,152.0
2025-06-30 07:00:00,5.5,6.0,-34.0,152.0,-34.0,152.0
2025-06-30 08:00:00,5.43,5.94,-34.0,152.0,-34.0,152.0
2025-06-30 09:00:00,5.43,5.93,-34.0,152.0,-34.0,152.0
2025-06-30 10:00:00,4.54,4.88,-34.0,152.0,-34.0,152.0
2025-06-30 11:00:00,4.94,5.38,-34.0,152.0,-34.0,152.0
2025-06-30 12:00:00,5.98,6.44,-34.0,152.0,-34.0,152.0
2025-06-30 13:00:00,7.16,7.74,-34.0,152.0,-34.0,152.0
2025-06-30 14:00:00,7.75,8.39,-34.0,152.0,-34.0,152.0
2025-06-30 15:00:00,6.05,6.58,-34.0,152.0,-34.0,152.0
2025-06-30 16:00:00,3.02,3.36,-34.0,152.0,-34.0,152.0
2025-06-30 17:00:00,5.1,5.53,-34.0,152.0,-34.0,152.0
2025-06-30 18:00:00,7.45,8.15,-34.0,152.0,-34.0,152.0
2025-06-30 19:00:00,8.92,9.87,-34.0,152.0,-34.0,152.0
2025-06-30 20:00:00,10.34,11.59,-34.0,152.0,-34.0,152.0
2025-06-30 21:00:00,12.69,14.52,-34.0,152.0,-34.0,152.0
2025-06-30 22:00:00,16.71,19.91,-34.0,152.0,-34.0,152.0
2025-06-30 23:00:00,18.46,22.49,-34.0,152.0,-34.0,152.0
2025-07-01 00:00:00,15.97,19.35,-34.0,152.0,-34.0,152.0
2025-07-01 01:00:00,9.48,11.18,-34.0,152.0,-34.0,152.0
2025-07-01 02:00:00,7.63,8.96,-34.0,152.0,-34.0,152.0
2025-07-01 03:00:00,7.82,9.06,-34.0,152.0,-34.0,152.0
2025-07-01 04:00:00,6.2,7.21,-34.0,152.0,-34.0,152.0
2025-07-01 05:00:00,5.62,6.54,-34.0,152.0,-34.0,152.0
2025-07-01 06:00:00,7.38,8.37,-34.0,152.0,-34.0,152.0
2025-07-01 07:00:00,8.33,9.3,-34.0,152.0,-34.0,152.0
2025-07-01 08:00:00,8.6,9.56,-34.0,152.0,-34.0,152.0
2025-07-01 09:00:00,8.73,9.68,-34.0,152.0,-34.0,152.0
2025-07-01 10:00:00,10.28,11.7,-34.0,152.0,-34.0,152.0
2025-07-01 11:00:00,11.99,13.61,-34.0,152.0,-34.0,152.0
2025-07-01 12:00:00,12.06,13.84,-34.0,152.0,-34.0,152.0
2025-07-01 13:00:00,8.55,9.86,-34.0,152.0,-34.0,152.0
2025-07-01 14:00:00,8.23,9.35,-34.0,152.0,-34.0,152.0
2025-07-01 15:00:00,9.73,10.89,-34.0,152.0,-34.0,152.0
2025-07-01 16:00:00,11.05,12.6,-34.0,152.0,-34.0,152.0
2025-07-01 17:00:00,13.04,15.0,-34.0,152.0,-34.0,152.0
2025-07-01 18:00:00,14.75,17.24,-34.0,152.0,-34.0,152.0
2025-07-01 19:00:00,15.26,18.45,-34.0,152.0,-34.0,152.0
2025-07-01 20:00:00,16.28,20.2,-34.0,152.0,-34.0,152.0
2025-07-01 21:00:00,16.28,20.46,-34.0,152.0,-34.0,152.0
2025-07-01 22:00:00,17.16,21.31,-34.0,152.0,-34.0,152.0
2025-07-01 23:00:00,15.23,18.4,-34.0,152.0,-34.0,152.0
2025-07-02 00:00:00,13.55,15.9,-34.0,152.0,-34.0,152.0
2025-07-02 01:00:00,12.61,14.58,-34.0,152.0,-34.0,152.0
2025-07-02 02:00:00,11.23,12.78,-34.0,152.0,-34.0,152.0
2025-07-02 03:00:00,9.77,11.05,-34.0,152.0,-34.0,152.0
2025-07-02 04:00:00,9.98,11.26,-34.0,152.0,-34.0,152.0
2025-07-02 05:00:00,12.49,14.33,-34.0,152.0,-34.0,152.0
2025-07-02 06:00:00,15.14,18.04,-34.0,152.0,-34.0,152.0
2025-07-02 07:00:00,15.32,18.77,-34.0,152.0,-34.0,152.0
2025-07-02 08:00:00,16.38,20.31,-34.0,152.0,-34.0,152.0
2025-07-02 09:00:00,17.32,21.7,-34.0,152.0,-34.0,152.0
2025-07-02 10:00:00,16.48,20.51,-34.0,152.0,-34.0,152.0
2025-07-02 11:00:00,16.17,19.82,-34.0,152.0,-34.0,152.0
2025-07-02 12:00:00,16.29,19.79,-34.0,152.0,-34.0,152.0
2025-07-02 13:00:00,16.36,19.95,-34.0,152.0,-34.0,152.0
2025-07-02 14:00:00,15.95,19.41,-34.0,152.0,-34.0,152.0
2025-07-02 15:00:00,15.3,18.38,-34.0,152.0,-34.0,152.0
2025-07-02 16:00:00,14.84,17.61,-34.0,152.0,-34.0,152.0
2025-07-02 17:00:00,13.98,16.44,-34.0,152.0,-34.0,152.0
2025-07-02 18:00:00,13.9,16.25,-34.0,152.0,-34.0,152.0
2025-07-02 19:00:00,13.73,16.03,-34.0,152.0,-34.0,152.0
2025-07-02 20:00:00,14.39,16.86,-34.0,152.0,-34.0,152.0
2025-07-02 21:00:00,15.3,18.12,-34.0,152.0,-34.0,152.0
2025-07-02 22:00:00,15.03,17.72,-34.0,152.0,-34.0,152.0
2025-07-02 23:00:00,14.71,17.29,-34.0,152.0,-34.0,152.0
2025-07-03 00:00:00,14.84,17.44,-34.0,152.0,-34.0,152.0
2025-07-03 01:00:00,14.6,17.19,-34.0,152.0,-34.0,152.0
2025-07-03 02:00:00,14.54,17.12,-34.0,152.0,-34.0,152.0
2025-07-03 03:00:00,14.8,17.49,-34.0,152.0,-34.0,152.0
2025-07-03 04:00:00,14.74,17.47,-34.0,152.0,-34.0,152.0
2025-07-03 05:00:00,14.76,17.49,-34.0,152.0,-34.0,152.0
2025-07-03 06:00:00,15.06,17.86,-34.0,152.0,-34.0,152.0
2025-07-03 07:00:00,15.11,17.98,-34.0,152.0,-34.0,152.0
2025-07-03 08:00:00,15.11,18.05,-34.0,152.0,-34.0,152.0
2025-07-03 09:00:00,15.22,18.19,-34.0,152.0,-34.0,152.0
2025-07-03 10:00:00,14.25,16.63,-34.0,152.0,-34.0,152.0
2025-07-03 11:00:00,14.08,16.42,-34.0,152.0,-34.0,152.0
2025-07-03 12:00:00,14.57,16.9,-34.0,152.0,-34.0,152.0
2025-07-03 13:00:00,14.53,16.9,-34.0,152.0,-34.0,152.0
2025-07-03 14:00:00,14.32,16.69,-34.0,152.0,-34.0,152.0
2025-07-03 15:00:00,13.96,16.23,-34.0,152.0,-34.0,152.0
2025-07-03 16:00:00,13.65,15.79,-34.0,152.0,-34.0,152.0
2025-07-03 17:00:00,13.17,15.21,-34.0,152.0,-34.0,152.0
2025-07-03 18:00:00,12.57,14.4,-34.0,152.0,-34.0,152.0
2025-07-03 19:00:00,11.99,13.7,-34.0,152.0,-34.0,152.0
2025-07-03 20:00:00,11.87,13.5,-34.0,152.0,-34.0,152.0
2025-07-03 21:00:00,11.61,13.16,-34.0,152.0,-34.0,152.0
2025-07-03 22:00:00,11.39,12.81,-34.0,152.0,-34.0,152.0
2025-07-03 23:00:00,11.0,12.37,-34.0,152.0,-34.0,152.0
2025-07-04 00:00:00,10.2,11.37,-34.0,152.0,-34.0,152.0
2025-07-04 01:00:00,9.2,10.18,-34.0,152.0,-34.0,152.0
2025-07-04 02:00:00,8.63,9.55,-34.0,152.0,-34.0,152.0
2025-07-04 03:00:00,8.26,9.0,-34.0,152.0,-34.0,152.0
2025-07-04 04:00:00,8.03,8.74,-34.0,152.0,-34.0,152.0
2025-07-04 05:00:00,7.77,8.4,-34.0,152.0,-34.0,152.0
2025-07-04 06:00:00,7.15,7.74,-34.0,152.0,-34.0,152.0
2025-07-04 07:00:00,6.45,6.95,-34.0,152.0,-34.0,152.0
2025-07-04 08:00:00,5.9,6.28,-34.0,152.0,-34.0,152.0
2025-07-04 09:00:00,5.26,5.55,-34.0,152.0,-34.0,152.0
2025-07-04 10:00:00,4.36,4.59,-34.0,152.0,-34.0,152.0
2025-07-04 11:00:00,3.57,3.72,-34.0,152.0,-34.0,152.0
2025-07-04 12:00:00,2.67,2.72,-34.0,152.0,-34.0,152.0
2025-07-04 13:00:00,1.59,1.63,-34.0,152.0,-34.0,152.0
2025-07-04 14:00:00,1.36,1.4,-34.0,152.0,-34.0,152.0
2025-07-04 15:00:00,1.49,1.52,-34.0,152.0,-34.0,152.0
2025-07-04 16:00:00,1.3,1.33,-34.0,152.0,-34.0,152.0
2025-07-04 17:00:00,1.04,1.03,-34.0,152.0,-34.0,152.0
2025-07-04 18:00:00,0.61,0.67,-34.0,152.0,-34.0,152.0
2025-07-04 19:00:00,0.5,0.6,-34.0,152.0,-34.0,152.0
2025-07-04 20:00:00,1.3,1.39,-34.0,152.0,-34.0,152.0
2025-07-04 21:00:00,2.23,2.39,-34.0,152.0,-34.0,152.0
2025-07-04 22:00:00,2.0,2.1,-34.0,152.0,-34.0,152.0
2025-07-04 23:00:00,2.06,2.21,-34.0,152.0,-34.0,152.0
2025-07-05 00:00:00,2.5,2.67,-34.0,152.0,-34.0,152.0
2025-07-05 01:00:00,2.7,2.87,-34.0,152.0,-34.0,152.0
2025-07-05 02:00:00,4.29,4.55,-34.0,152.0,-34.0,152.0
2025-07-05 03:00:00,5.26,5.67,-34.0,152.0,-34.0,152.0
2025-07-05 04:00:00,5.72,6.18,-34.0,152.0,-34.0,152.0
2025-07-05 05:00:00,5.92,6.51,-34.0,152.0,-34.0,152.0
2025-07-05 06:00:00,7.18,7.94,-34.0,152.0,-34.0,152.0
2025-07-05 07:00:00,8.24,9.23,-34.0,152.0,-34.0,152.0
2025-07-05 08:00:00,8.72,9.96,-34.0,152.0,-34.0,152.0
2025-07-05 09:00:00,9.22,10.52,-34.0,152.0,-34.0,152.0
2025-07-05 10:00:00,9.16,10.52,-34.0,152.0,-34.0,152.0
2025-07-05 11:00:00,9.53,10.9,-34.0,152.0,-34.0,152.0
2025-07-05 12:00:00,9.97,11.45,-34.0,152.0,-34.0,152.0
2025-07-05 13:00:00,10.38,12.01,-34.0,152.0,-34.0,152.0
2025-07-05 14:00:00,10.62,12.27,-34.0,152.0,-34.0,152.0
2025-07-05 15:00:00,10.61,12.3,-34.0,152.0,-34.0,152.0
2025-07-05 16:00:00,10.57,12.3,-34.0,152.0,-34.0,152.0
2025-07-05 17:00:00,10.47,12.14,-34.0,152.0,-34.0,152.0
2025-07-05 18:00:00,10.18,11.74,-34.0,152.0,-34.0,152.0
2025-07-05 19:00:00,9.7,11.1,-34.0,152.0,-34.0,152.0
2025-07-05 20:00:00,8.66,9.77,-34.0,152.0,-34.0,152.0
2025-07-05 21:00:00,7.44,8.32,-34.0,152.0,-34.0,152.0
2025-07-05 22:00:00,7.58,8.41,-34.0,152.0,-34.0,152.0
2025-07-05 23:00:00,7.21,7.99,-34.0,152.0,-34.0,152.0
2025-07-06 00:00:00,7.35,8.19,-34.0,152.0,-34.0,152.0
2025-07-06 01:00:00,6.57,7.36,-34.0,152.0,-34.0,152.0
2025-07-06 02:00:00,6.56,7.32,-34.0,152.0,-34.0,152.0
2025-07-06 03:00:00,6.79,7.59,-34.0,152.0,-34.0,152.0
2025-07-06 04:00:00,7.01,7.88,-34.0,152.0,-34.0,152.0
2025-07-06 05:00:00,7.05,7.9,-34.0,152.0,-34.0,152.0
2025-07-06 06:00:00,6.88,7.68,-34.0,152.0,-34.0,152.0
2025-07-06 07:00:00,6.97,7.82,-34.0,152.0,-34.0,152.0
2025-07-06 08:00:00,7.15,8.01,-34.0,152.0,-34.0,152.0
2025-07-06 09:00:00,7.18,8.13,-34.0,152.0,-34.0,152.0
2025-07-06 10:00:00,9.92,11.45,-34.0,152.0,-34.0,152.0
2025-07-06 11:00:00,4.24,4.79,-34.0,152.0,-34.0,152.0
2025-07-06 12:00:00,3.96,4.33,-34.0,152.0,-34.0,152.0
2025-07-06 13:00:00,7.06,7.86,-34.0,152.0,-34.0,152.0
2025-07-06 14:00:00,8.16,9.16,-34.0,152.0,-34.0,152.0
2025-07-06 15:00:00,7.04,7.76,-34.0,152.0,-34.0,152.0
2025-07-06 16:00:00,6.03,6.53,-34.0,152.0,-34.0,152.0
2025-07-06 17:00:00,6.63,7.29,-34.0,152.0,-34.0,152.0
2025-07-06 18:00:00,7.7,8.5,-34.0,152.0,-34.0,152.0
2025-07-06 19:00:00,8.37,9.31,-34.0,152.0,-34.0,152.0
2025-07-06 20:00:00,8.72,9.72,-34.0,152.0,-34.0,152.0
2025-07-06 21:00:00,8.91,9.96,-34.0,152.0,-34.0,152.0
2025-07-06 22:00:00,8.99,10.0,-34.0,152.0,-34.0,152.0
2025-07-06 23:00:00,8.88,9.9,-34.0,152.0,-34.0,152.0
2025-07-07 00:00:00,8.68,9.59,-34.0,152.0,-34.0,152.0
2025-07-07 01:00:00,8.4,9.3,-34.0,152.0,-34.0,152.0
2025-07-07 02:00:00,8.76,9.66,-34.0,152.0,-34.0,152.0
2025-07-07 03:00:00,9.17,10.21,-34.0,152.0,-34.0,152.0
2025-07-07 04:00:00,9.46,10.6,-34.0,152.0,-34.0,152.0
2025-07-07 05:00:00,9.58,10.84,-34.0,152.0,-34.0,152.0
2025-07-07 06:00:00,9.89,11.22,-34.0,152.0,-34.0,152.0
2025-07-07 07:00:00,10.0,11.34,-34.0,152.0,-34.0,152.0
2025-07-07 08:00:00,10.0,11.38,-34.0,152.0,-34.0,152.0
2025-07-07 09:00:00,10.25,11.58,-34.0,152.0,-34.0,152.0
2025-07-07 10:00:00,9.43,10.56,-34.0,152.0,-34.0,152.0
2025-07-07 11:00:00,8.94,10.01,-34.0,152.0,-34.0,152.0
2025-07-07 12:00:00,8.72,9.73,-34.0,152.0,-34.0,152.0
2025-07-07 13:00:00,8.8,9.8,-34.0,152.0,-34.0,152.0
2025-07-07 14:00:00,9.12,10.24,-34.0,152.0,-34.0,152.0
2025-07-07 15:00:00,8.77,9.82,-34.0,152.0,-34.0,152.0
2025-07-07 16:00:00,8.91,10.0,-34.0,152.0,-34.0,152.0
2025-07-07 17:00:00,8.62,9.7,-34.0,152.0,-34.0,152.0
2025-07-07 18:00:00,7.85,8.73,-34.0,152.0,-34.0,152.0
2025-07-07 19:00:00,7.27,7.98,-34.0,152.0,-34.0,152.0
2025-07-07 20:00:00,6.17,6.68,-34.0,152.0,-34.0,152.0
2025-07-07 21:00:00,5.32,5.72,-34.0,152.0,-34.0,152.0
2025-07-07 22:00:00,6.6,7.09,-34.0,152.0,-34.0,152.0
2025-07-07 23:00:00,5.79,6.2,-34.0,152.0,-34.0,152.0
2025-07-08 00:00:00,5.61,5.96,-34.0,152.0,-34.0,152.0
2025-07-08 01:00:00,7.0,7.57,-34.0,152.0,-34.0,152.0
2025-07-08 02:00:00,8.34,9.15,-34.0,152.0,-34.0,152.0
2025-07-08 03:00:00,7.51,8.26,-34.0,152.0,-34.0,152.0
2025-07-08 04:00:00,7.37,8.11,-34.0,152.0,-34.0,152.0
2025-07-08 05:00:00,8.02,8.87,-34.0,152.0,-34.0,152.0
2025-07-08 06:00:00,9.5,10.65,-34.0,152.0,-34.0,152.0
2025-07-08 07:00:00,11.05,12.73,-34.0,152.0,-34.0,152.0
2025-07-08 08:00:00,11.8,13.92,-34.0,152.0,-34.0,152.0
2025-07-08 09:00:00,12.03,14.35,-34.0,152.0,-34.0,152.0
2025-07-08 10:00:00,10.73,12.6,-34.0,152.0,-34.0,152.0
2025-07-08 11:00:00,11.09,12.86,-34.0,152.0,-34.0,152.0
2025-07-08 12:00:00,9.65,11.03,-34.0,152.0,-34.0,152.0
2025-07-08 13:00:00,9.06,10.24,-34.0,152.0,-34.0,152.0
2025-07-08 14:00:00,8.75,9.89,-34.0,152.0,-34.0,152.0
2025-07-08 15:00:00,8.96,10.13,-34.0,152.0,-34.0,152.0
2025-07-08 16:00:00,9.38,10.69,-34.0,152.0,-34.0,152.0
2025-07-08 17:00:00,9.64,11.03,-34.0,152.0,-34.0,152.0
2025-07-08 18:00:00,9.67,11.06,-34.0,152.0,-34.0,152.0
2025-07-08 19:00:00,9.45,10.71,-34.0,152.0,-34.0,152.0
2025-07-08 20:00:00,8.9,10.0,-34.0,152.0,-34.0,152.0
2025-07-08 21:00:00,8.28,9.13,-34.0,152.0,-34.0,152.0
2025-07-08 22:00:00,8.71,9.67,-34.0,152.0,-34.0,152.0
2025-07-08 23:00:00,7.92,8.71,-34.0,152.0,-34.0,152.0
2025-07-09 00:00:00,6.65,7.15,-34.0,152.0,-34.0,152.0
2025-07-09 01:00:00,6.44,6.83,-34.0,152.0,-34.0,152.0
2025-07-09 02:00:00,6.42,6.89,-34.0,152.0,-34.0,152.0
2025-07-09 03:00:00,6.19,6.64,-34.0,152.0,-34.0,152.0
2025-07-09 04:00:00,6.23,6.75,-34.0,152.0,-34.0,152.0
2025-07-09 05:00:00,6.69,7.31,-34.0,152.0,-34.0,152.0
2025-07-09 06:00:00,6.67,7.39,-34.0,152.0,-34.0,152.0
2025-07-09 07:00:00,6.86,7.63,-34.0,152.0,-34.0,152.0
2025-07-09 08:00:00,7.86,8.87,-34.0,152.0,-34.0,152.0
2025-07-09 09:00:00,9.2,10.51,-34.0,152.0,-34.0,152.0
2025-07-09 10:00:00,9.8,11.21,-34.0,152.0,-34.0,152.0
2025-07-09 11:00:00,9.57,10.99,-34.0,152.0,-34.0,152.0
2025-07-09 12:00:00,9.26,10.6,-34.0,152.0,-34.0,152.0
2025-07-09 13:00:00,9.63,11.11,-34.0,152.0,-34.0,152.0
2025-07-09 14:00:00,10.33,12.08,-34.0,152.0,-34.0,152.0
2025-07-09 15:00:00,10.65,12.55,-34.0,152.0,-34.0,152.0
2025-07-09 16:00:00,10.49,12.38,-34.0,152.0,-34.0,152.0
2025-07-09 17:00:00,11.07,13.02,-34.0,152.0,-34.0,152.0
2025-07-09 18:00:00,11.98,14.2,-34.0,152.0,-34.0,152.0
2025-07-09 19:00:00,11.92,14.15,-34.0,152.0,-34.0,152.0
2025-07-09 20:00:00,11.49,13.57,-34.0,152.0,-34.0,152.0
2025-07-09 21:00:00,12.35,14.53,-34.0,152.0,-34.0,152.0
2025-07-09 22:00:00,13.59,16.23,-34.0,152.0,-34.0,152.0
2025-07-09 23:00:00,13.34,16.03,-34.0,152.0,-34.0,152.0
2025-07-10 00:00:00,13.82,16.71,-34.0,152.0,-34.0,152.0
2025-07-10 01:00:00,14.55,17.68,-34.0,152.0,-34.0,152.0
2025-07-10 02:00:00,15.97,19.5,-34.0,152.0,-34.0,152.0
2025-07-10 03:00:00,16.11,19.85,-34.0,152.0,-34.0,152.0
2025-07-10 04:00:00,15.7,19.29,-34.0,152.0,-34.0,152.0
2025-07-10 05:00:00,15.57,19.01,-34.0,152.0,-34.0,152.0
2025-07-10 06:00:00,15.61,19.01,-34.0,152.0,-34.0,152.0
2025-07-10 07:00:00,15.65,18.92,-34.0,152.0,-34.0,152.0
2025-07-10 08:00:00,15.22,18.33,-34.0,152.0,-34.0,152.0
2025-07-10 09:00:00,15.05,18.11,-34.0,152.0,-34.0,152.0
2025-07-10 10:00:00,15.11,17.91,-34.0,152.0,-34.0,152.0
2025-07-10 11:00:00,14.48,17.13,-34.0,152.0,-34.0,152.0
2025-07-10 12:00:00,14.58,17.28,-34.0,152.0,-34.0,152.0
2025-07-10 13:00:00,14.35,17.1,-34.0,152.0,-34.0,152.0
2025-07-10 14:00:00,14.24,17.01,-34.0,152.0,-34.0,152.0
2025-07-10 15:00:00,14.25,17.09,-34.0,152.0,-34.0,152.0
2025-07-10 16:00:00,14.18,17.0,-34.0,152.0,-34.0,152.0
2025-07-10 17:00:00,13.76,16.42,-34.0,152.0,-34.0,152.0
2025-07-10 18:00:00,13.23,15.6,-34.0,152.0,-34.0,152.0
2025-07-10 19:00:00,12.75,14.79,-34.0,152.0,-34.0,152.0
2025-07-10 20:00:00,12.33,14.14,-34.0,152.0,-34.0,152.0
2025-07-10 21:00:00,11.56,13.12,-34.0,152.0,-34.0,152.0
2025-07-10 22:00:00,11.33,12.78,-34.0,152.0,-34.0,152.0
2025-07-10 23:00:00,9.67,10.78,-34.0,152.0,-34.0,152.0
2025-07-11 00:00:00,9.45,10.45,-34.0,152.0,-34.0,152.0
2025-07-11 01:00:00,9.25,10.35,-34.0,152.0,-34.0,152.0
2025-07-11 02:00:00,9.3,10.45,-34.0,152.0,-34.0,152.0
2025-07-11 03:00:00,10.87,12.43,-34.0,152.0,-34.0,152.0
2025-07-11 04:00:00,11.34,13.22,-34.0,152.0,-34.0,152.0
2025-07-11 05:00:00,10.94,12.84,-34.0,152.0,-34.0,152.0
2025-07-11 06:00:00,10.79,12.54,-34.0,152.0,-34.0,152.0
2025-07-11 07:00:00,11.04,12.77,-34.0,152.0,-34.0,152.0
2025-07-11 08:00:00,11.18,12.9,-34.0,152.0,-34.0,152.0
2025-07-11 09:00:00,11.23,12.89,-34.0,152.0,-34.0,152.0
2025-07-11 10:00:00,11.89,13.84,-34.0,152.0,-34.0,152.0
2025-07-11 11:00:00,11.43,13.24,-34.0,152.0,-34.0,152.0
2025-07-11 12:00:00,11.29,13.06,-34.0,152.0,-34.0,152.0
2025-07-11 13:00:00,11.38,13.15,-34.0,152.0,-34.0,152.0
2025-07-11 14:00:00,11.64,13.44,-34.0,152.0,-34.0,152.0
2025-07-11 15:00:00,11.42,13.2,-34.0,152.0,-34.0,152.0
2025-07-11 16:00:00,11.06,12.73,-34.0,152.0,-34.0,152.0
2025-07-11 17:00:00,10.53,12.06,-34.0,152.0,-34.0,152.0
2025-07-11 18:00:00,10.57,11.98,-34.0,152.0,-34.0,152.0
2025-07-11 19:00:00,10.78,12.25,-34.0,152.0,-34.0,152.0
2025-07-11 20:00:00,10.79,12.19,-34.0,152.0,-34.0,152.0
2025-07-11 21:00:00,10.48,11.76,-34.0,152.0,-34.0,152.0
2025-07-11 22:00:00,10.56,11.87,-34.0,152.0,-34.0,152.0
2025-07-11 23:00:00,9.81,10.88,-34.0,152.0,-34.0,152.0
2025-07-12 00:00:00,8.98,9.9,-34.0,152.0,-34.0,152.0
2025-07-12 01:00:00,7.32,7.92,-34.0,152.0,-34.0,152.0
2025-07-12 02:00:00,7.25,7.82,-34.0,152.0,-34.0,152.0
2025-07-12 03:00:00,7.48,8.05,-34.0,152.0,-34.0,152.0
2025-07-12 04:00:00,7.03,7.53,-34.0,152.0,-34.0,152.0
2025-07-12 05:00:00,6.53,7.0,-34.0,152.0,-34.0,152.0
2025-07-12 06:00:00,6.12,6.52,-34.0,152.0,-34.0,152.0
2025-07-12 07:00:00,5.59,5.97,-34.0,152.0,-34.0,152.0
2025-07-12 08:00:00,5.1,5.41,-34.0,152.0,-34.0,152.0
2025-07-12 09:00:00,4.69,4.89,-34.0,152.0,-34.0,152.0
2025-07-12 10:00:00,4.9,5.16,-34.0,152.0,-34.0,152.0
2025-07-12 11:00:00,4.07,4.23,-34.0,152.0,-34.0,152.0
2025-07-12 12:00:00,3.63,3.87,-34.0,152.0,-34.0,152.0
2025-07-12 13:00:00,5.3,5.66,-34.0,152.0,-34.0,152.0
2025-07-12 14:00:00,6.22,6.68,-34.0,152.0,-34.0,152.0
2025-07-12 15:00:00,6.57,7.0,-34.0,152.0,-34.0,152.0
2025-07-12 16:00:00,6.06,6.44,-34.0,152.0,-34.0,152.0
2025-07-12 17:00:00,5.92,6.28,-34.0,152.0,-34.0,152.0
2025-07-12 18:00:00,5.89,6.25,-34.0,152.0,-34.0,152.0
2025-07-12 19:00:00,5.7,6.1,-34.0,152.0,-34.0,152.0
2025-07-12 20:00:00,5.35,5.69,-34.0,152.0,-34.0,152.0
2025-07-12 21:00:00,4.9,5.15,-34.0,152.0,-34.0,152.0
2025-07-12 22:00:00,5.09,5.36,-34.0,152.0,-34.0,152.0
2025-07-12 23:00:00,5.55,5.84,-34.0,152.0,-34.0,152.0
2025-07-13 00:00:00,6.15,6.51,-34.0,152.0,-34.0,152.0
2025-07-13 01:00:00,6.01,6.33,-34.0,152.0,-34.0,152.0
2025-07-13 02:00:00,5.23,5.52,-34.0,152.0,-34.0,152.0
2025-07-13 03:00:00,4.53,4.74,-34.0,152.0,-34.0,152.0
2025-07-13 04:00:00,4.35,4.6,-34.0,152.0,-34.0,152.0
2025-07-13 05:00:00,4.59,4.84,-34.0,152.0,-34.0,152.0
2025-07-13 06:00:00,5.46,5.91,-34.0,152.0,-34.0,152.0
2025-07-13 07:00:00,6.83,7.52,-34.0,152.0,-34.0,152.0
2025-07-13 08:00:00,8.47,9.46,-34.0,152.0,-34.0,152.0
2025-07-13 09:00:00,9.9,11.33,-34.0,152.0,-34.0,152.0
2025-07-13 10:00:00,8.96,10.19,-34.0,152.0,-34.0,152.0
2025-07-13 11:00:00,10.17,11.65,-34.0,152.0,-34.0,152.0
2025-07-13 12:00:00,10.33,11.95,-34.0,152.0,-34.0,152.0
2025-07-13 13:00:00,10.51,12.26,-34.0,152.0,-34.0,152.0
2025-07-13 14:00:00,10.02,11.72,-34.0,152.0,-34.0,152.0
2025-07-13 15:00:00,10.14,11.8,-34.0,152.0,-34.0,152.0
2025-07-13 16:00:00,10.47,12.25,-34.0,152.0,-34.0,152.0
2025-07-13 17:00:00,10.58,12.38,-34.0,152.0,-34.0,152.0
2025-07-13 18:00:00,10.21,11.84,-34.0,152.0,-34.0,152.0
2025-07-13 19:00:00,9.53,10.82,-34.0,152.0,-34.0,152.0
2025-07-13 20:00:00,8.71,9.69,-34.0,152.0,-34.0,152.0
2025-07-13 21:00:00,8.99,10.12,-34.0,152.0,-34.0,152.0
2025-07-13 22:00:00,11.71,13.43,-34.0,152.0,-34.0,152.0
2025-07-13 23:00:00,10.66,12.43,-34.0,152.0,-34.0,152.0
2025-07-14 00:00:00,9.8,11.15,-34.0,152.0,-34.0,152.0
2025-07-14 01:00:00,8.81,9.8,-34.0,152.0,-34.0,152.0
2025-07-14 02:00:00,7.67,8.35,-34.0,152.0,-34.0,152.0
2025-07-14 03:00:00,6.47,6.9,-34.0,152.0,-34.0,152.0
2025-07-14 04:00:00,5.27,5.55,-34.0,152.0,-34.0,152.0
2025-07-14 05:00:00,4.17,4.42,-34.0,152.0,-34.0,152.0
2025-07-14 06:00:00,3.18,3.29,-34.0,152.0,-34.0,152.0
2025-07-14 07:00:00,1.92,1.95,-34.0,152.0,-34.0,152.0
2025-07-14 08:00:00,0.66,0.62,-34.0,152.0,-34.0,152.0
2025-07-14 09:00:00,1.2,1.19,-34.0,152.0,-34.0,152.0
2025-07-14 10:00:00,0.56,0.45,-34.0,152.0,-34.0,152.0
2025-07-14 11:00:00,1.78,1.79,-34.0,152.0,-34.0,152.0
2025-07-14 12:00:00,2.68,2.75,-34.0,152.0,-34.0,152.0
2025-07-14 13:00:00,4.05,4.23,-34.0,152.0,-34.0,152.0
2025-07-14 14:00:00,5.23,5.54,-34.0,152.0,-34.0,152.0
2025-07-14 15:00:00,6.29,6.65,-34.0,152.0,-34.0,152.0
2025-07-14 16:00:00,7.26,7.68,-34.0,152.0,-34.0,152.0
2025-07-14 17:00:00,7.87,8.47,-34.0,152.0,-34.0,152.0
2025-07-14 18:00:00,7.92,8.63,-34.0,152.0,-34.0,152.0
2025-07-14 19:00:00,6.85,7.39,-34.0,152.0,-34.0,152.0
2025-07-14 20:00:00,7.47,8.07,-34.0,152.0,-34.0,152.0
2025-07-14 21:00:00,7.96,8.64,-34.0,152.0,-34.0,152.0
2025-07-14 22:00:00,7.61,8.21,-34.0,152.0,-34.0,152.0
2025-07-14 23:00:00,7.97,8.67,-34.0,152.0,-34.0,152.0
2025-07-15 00:00:00,8.91,9.7,-34.0,152.0,-34.0,152.0
2025-07-15 01:00:00,9.2,10.14,-34.0,152.0,-34.0,152.0
2025-07-15 02:00:00,8.73,9.63,-34.0,152.0,-34.0,152.0
2025-07-15 03:00:00,8.21,8.92,-34.0,152.0,-34.0,152.0
2025-07-15 04:00:00,8.66,9.46,-34.0,152.0,-34.0,152.0
2025-07-15 05:00:00,9.2,10.11,-34.0,152.0,-34.0,152.0
2025-07-15 06:00:00,9.82,10.88,-34.0,152.0,-34.0,152.0
2025-07-15 07:00:00,9.69,10.78,-34.0,152.0,-34.0,152.0
2025-07-15 08:00:00,9.43,10.5,-34.0,152.0,-34.0,152.0
2025-07-15 09:00:00,9.11,10.16,-34.0,152.0,-34.0,152.0
2025-07-15 10:00:00,9.05,10.01,-34.0,152.0,-34.0,152.0
2025-07-15 11:00:00,9.49,10.56,-34.0,152.0,-34.0,152.0
2025-07-15 12:00:00,9.64,10.84,-34.0,152.0,-34.0,152.0
2025-07-15 13:00:00,9.02,10.06,-34.0,152.0,-34.0,152.0
2025-07-15 14:00:00,8.75,9.64,-34.0,152.0,-34.0,152.0
2025-07-15 15:00:00,8.77,9.68,-34.0,152.0,-34.0,152.0
2025-07-15 16:00:00,8.74,9.62,-34.0,152.0,-34.0,152.0
2025-07-15 17:00:00,8.86,9.71,-34.0,152.0,-34.0,152.0
2025-07-15 18:00:00,8.12,8.86,-34.0,152.0,-34.0,152.0
2025-07-15 19:00:00,7.37,7.97,-34.0,152.0,-34.0,152.0
2025-07-15 20:00:00,6.99,7.49,-34.0,152.0,-34.0,152.0
2025-07-15 21:00:00,6.9,7.4,-34.0,152.0,-34.0,152.0
2025-07-15 22:00:00,6.91,7.43,-34.0,152.0,-34.0,152.0
2025-07-15 23:00:00,7.31,7.8,-34.0,152.0,-34.0,152.0
2025-07-16 00:00:00,7.25,7.79,-34.0,152.0,-34.0,152.0
2025-07-16 01:00:00,6.77,7.23,-34.0,152.0,-34.0,152.0
2025-07-16 02:00:00,6.35,6.76,-34.0,152.0,-34.0,152.0
2025-07-16 03:00:00,5.81,6.15,-34.0,152.0,-34.0,152.0
2025-07-16 04:00:00,5.36,5.71,-34.0,152.0,-34.0,152.0
2025-07-16 05:00:00,4.86,5.1,-34.0,152.0,-34.0,152.0
2025-07-16 06:00:00,4.3,4.55,-34.0,152.0,-34.0,152.0
2025-07-16 07:00:00,3.83,4.03,-34.0,152.0,-34.0,152.0
2025-07-16 08:00:00,3.08,3.26,-34.0,152.0,-34.0,152.0
2025-07-16 09:00:00,2.53,2.64,-34.0,152.0,-34.0,152.0
2025-07-16 10:00:00,1.31,1.41,-34.0,152.0,-34.0,152.0
2025-07-16 11:00:00,0.85,0.9,-34.0,152.0,-34.0,152.0
2025-07-16 12:00:00,0.21,0.36,-34.0,152.0,-34.0,152.0
2025-07-16 13:00:00,0.11,0.1,-34.0,152.0,-34.0,152.0
2025-07-16 14:00:00,0.07,0.1,-34.0,152.0,-34.0,152.0
2025-07-16 15:00:00,0.16,0.3,-34.0,152.0,-34.0,152.0
2025-07-16 16:00:00,0.29,0.38,-34.0,152.0,-34.0,152.0
2025-07-16 17:00:00,0.21,0.27,-34.0,152.0,-34.0,152.0
2025-07-16 18:00:00,0.21,0.27,-34.0,152.0,-34.0,152.0
2025-07-16 19:00:00,0.59,0.63,-34.0,152.0,-34.0,152.0
2025-07-16 20:00:00,1.31,1.36,-34.0,152.0,-34.0,152.0
2025-07-16 21:00:00,2.03,2.09,-34.0,152.0,-34.0,152.0
2025-07-16 22:00:00,3.71,3.85,-34.0,152.0,-34.0,152.0
2025-07-16 23:00:00,5.04,5.2,-34.0,152.0,-34.0,152.0
2025-07-17 00:00:00,5.07,5.24,-34.0,152.0,-34.0,152.0
2025-07-17 01:00:00,4.75,4.92,-34.0,152.0,-34.0,152.0
2025-07-17 02:00:00,4.6,4.81,-34.0,152.0,-34.0,152.0
2025-07-17 03:00:00,4.13,4.27,-34.0,152.0,-34.0,152.0
2025-07-17 04:00:00,3.47,3.6,-34.0,152.0,-34.0,152.0
2025-07-17 05:00:00,2.94,3.04,-34.0,152.0,-34.0,152.0
2025-07-17 06:00:00,3.06,3.19,-34.0,152.0,-34.0,152.0
2025-07-17 07:00:00,3.41,3.54,-34.0,152.0,-34.0,152.0
2025-07-17 08:00:00,3.32,3.43,-34.0,152.0,-34.0,152.0
2025-07-17 09:00:00,2.97,3.04,-34.0,152.0,-34.0,152.0
2025-07-17 10:00:00,3.94,4.09,-34.0,152.0,-34.0,152.0
2025-07-17 11:00:00,4.45,4.72,-34.0,152.0,-34.0,152.0
2025-07-17 12:00:00,4.7,5.01,-34.0,152.0,-34.0,152.0
2025-07-17 13:00:00,6.19,6.67,-34.0,152.0,-34.0,152.0
2025-07-17 14:00:00,7.25,7.88,-34.0,152.0,-34.0,152.0
2025-07-17 15:00:00,7.76,8.49,-34.0,152.0,-34.0,152.0
2025-07-17 16:00:00,7.94,8.77,-34.0,152.0,-34.0,152.0
2025-07-17 17:00:00,7.75,8.6,-34.0,152.0,-34.0,152.0
2025-07-17 18:00:00,7.95,8.8,-34.0,152.0,-34.0,152.0
2025-07-17 19:00:00,8.68,9.68,-34.0,152.0,-34.0,152.0
2025-07-17 20:00:00,9.81,11.07,-34.0,152.0,-34.0,152.0
2025-07-17 21:00:00,10.17,11.53,-34.0,152.0,-34.0,152.0
2025-07-17 22:00:00,9.41,10.53,-34.0,152.0,-34.0,152.0
2025-07-17 23:00:00,9.59,10.75,-34.0,152.0,-34.0,152.0
2025-07-18 00:00:00,9.52,10.72,-34.0,152.0,-34.0,152.0
2025-07-18 01:00:00,10.0,11.25,-34.0,152.0,-34.0,152.0
2025-07-18 02:00:00,10.46,11.76,-34.0,152.0,-34.0,152.0
2025-07-18 03:00:00,10.18,11.49,-34.0,152.0,-34.0,152.0
2025-07-18 04:00:00,9.71,10.88,-34.0,152.0,-34.0,152.0
2025-07-18 05:00:00,9.36,10.47,-34.0,152.0,-34.0,152.0
2025-07-18 06:00:00,9.44,10.5,-34.0,152.0,-34.0,152.0
2025-07-18 07:00:00,9.72,10.83,-34.0,152.0,-34.0,152.0
2025-07-18 08:00:00,9.88,11.05,-34.0,152.0,-34.0,152.0
2025-07-18 09:00:00,9.75,10.87,-34.0,152.0,-34.0,152.0
2025-07-18 10:00:00,8.48,9.36,-34.0,152.0,-34.0,152.0
2025-07-18 11:00:00,8.11,8.89,-34.0,152.0,-34.0,152.0
2025-07-18 12:00:00,7.61,8.31,-34.0,152.0,-34.0,152.0
2025-07-18 13:00:00,7.29,7.94,-34.0,152.0,-34.0,152.0
2025-07-18 14:00:00,6.9,7.46,-34.0,152.0,-34.0,152.0
2025-07-18 15:00:00,6.23,6.76,-34.0,152.0,-34.0,152.0
2025-07-18 16:00:00,5.46,5.82,-34.0,152.0,-34.0,152.0
2025-07-18 17:00:00,4.92,5.19,-34.0,152.0,-34.0,152.0
2025-07-18 18:00:00,4.7,4.97,-34.0,152.0,-34.0,152.0
2025-07-18 19:00:00,4.88,5.15,-34.0,152.0,-34.0,152.0
2025-07-18 20:00:00,4.96,5.29,-34.0,152.0,-34.0,152.0
2025-07-18 21:00:00,5.02,5.36,-34.0,152.0,-34.0,152.0
2025-07-18 22:00:00,4.85,5.19,-34.0,152.0,-34.0,152.0
2025-07-18 23:00:00,4.79,5.06,-34.0,152.0,-34.0,152.0
2025-07-19 00:00:00,4.39,4.61,-34.0,152.0,-34.0,152.0
2025-07-19 01:00:00,3.8,4.0,-34.0,152.0,-34.0,152.0
2025-07-19 02:00:00,4.03,4.23,-34.0,152.0,-34.0,152.0
2025-07-19 03:00:00,4.7,4.93,-34.0,152.0,-34.0,152.0
2025-07-19 04:00:00,4.75,5.0,-34.0,152.0,-34.0,152.0
2025-07-19 05:00:00,4.4,4.59,-34.0,152.0,-34.0,152.0
2025-07-19 06:00:00,3.75,3.89,-34.0,152.0,-34.0,152.0
2025-07-19 07:00:00,2.86,2.89,-34.0,152.0,-34.0,152.0
2025-07-19 08:00:00,1.83,1.88,-34.0,152.0,-34.0,152.0
2025-07-19 09:00:00,0.75,0.7,-34.0,152.0,-34.0,152.0
2025-07-19 10:00:00,0.21,0.25,-34.0,152.0,-34.0,152.0
2025-07-19 11:00:00,0.96,1.03,-34.0,152.0,-34.0,152.0
2025-07-19 12:00:00,2.23,2.38,-34.0,152.0,-34.0,152.0
2025-07-19 13:00:00,3.65,3.95,-34.0,152.0,-34.0,152.0
2025-07-19 14:00:00,4.73,5.07,-34.0,152.0,-34.0,152.0
2025-07-19 15:00:00,5.56,5.94,-34.0,152.0,-34.0,152.0
2025-07-19 16:00:00,6.04,6.45,-34.0,152.0,-34.0,152.0
2025-07-19 17:00:00,6.43,6.88,-34.0,152.0,-34.0,152.0
2025-07-19 18:00:00,6.15,6.61,-34.0,152.0,-34.0,152.0
2025-07-19 19:00:00,5.43,5.78,-34.0,152.0,-34.0,152.0
2025-07-19 20:00:00,4.82,5.13,-34.0,152.0,-34.0,152.0
2025-07-19 21:00:00,4.53,4.81,-34.0,152.0,-34.0,152.0
2025-07-19 22:00:00,4.28,4.53,-34.0,152.0,-34.0,152.0
2025-07-19 23:00:00,4.76,5.08,-34.0,152.0,-34.0,152.0
2025-07-20 00:00:00,4.76,5.1,-34.0,152.0,-34.0,152.0
2025-07-20 01:00:00,4.36,4.7,-34.0,152.0,-34.0,152.0
2025-07-20 02:00:00,3.84,4.13,-34.0,152.0,-34.0,152.0
2025-07-20 03:00:00,3.5,3.8,-34.0,152.0,-34.0,152.0
2025-07-20 04:00:00,3.43,3.75,-34.0,152.0,-34.0,152.0
2025-07-20 05:00:00,3.46,3.75,-34.0,152.0,-34.0,152.0
2025-07-20 06:00:00,3.42,3.66,-34.0,152.0,-34.0,152.0
2025-07-20 07:00:00,3.39,3.66,-34.0,152.0,-34.0,152.0
2025-07-20 08:00:00,3.63,3.9,-34.0,152.0,-34.0,152.0
2025-07-20 09:00:00,3.94,4.26,-34.0,152.0,-34.0,152.0
2025-07-20 10:00:00,5.19,5.62,-34.0,152.0,-34.0,152.0
2025-07-20 11:00:00,4.88,5.3,-34.0,152.0,-34.0,152.0
2025-07-20 12:00:00,4.92,5.31,-34.0,152.0,-34.0,152.0
2025-07-20 13:00:00,4.93,5.31,-34.0,152.0,-34.0,152.0
2025-07-20 14:00:00,4.99,5.37,-34.0,152.0,-34.0,152.0
2025-07-20 15:00:00,4.8,5.17,-34.0,152.0,-34.0,152.0
2025-07-20 16:00:00,4.57,4.98,-34.0,152.0,-34.0,152.0
2025-07-20 17:00:00,4.36,4.71,-34.0,152.0,-34.0,152.0
2025-07-20 18:00:00,3.88,4.18,-34.0,152.0,-34.0,152.0
2025-07-20 19:00:00,3.85,4.1,-34.0,152.0,-34.0,152.0
2025-07-20 20:00:00,4.31,4.56,-34.0,152.0,-34.0,152.0
2025-07-20 21:00:00,4.85,5.15,-34.0,152.0,-34.0,152.0
2025-07-20 22:00:00,4.42,4.73,-34.0,152.0,-34.0,152.0
2025-07-20 23:00:00,3.19,3.48,-34.0,152.0,-34.0,152.0
2025-07-21 00:00:00,2.78,2.94,-34.0,152.0,-34.0,152.0
2025-07-21 01:00:00,2.51,2.66,-34.0,152.0,-34.0,152.0
2025-07-21 02:00:00,2.26,2.34,-34.0,152.0,-34.0,152.0
2025-07-21 03:00:00,1.56,1.65,-34.0,152.0,-34.0,152.0
2025-07-21 04:00:00,1.88,2.01,-34.0,152.0,-34.0,152.0
2025-07-21 05:00:00,2.71,2.89,-34.0,152.0,-34.0,152.0
2025-07-21 06:00:00,3.71,3.96,-34.0,152.0,-34.0,152.0
2025-07-21 07:00:00,4.29,4.71,-34.0,152.0,-34.0,152.0
2025-07-21 08:00:00,5.0,5.49,-34.0,152.0,-34.0,152.0
2025-07-21 09:00:00,6.2,6.88,-34.0,152.0,-34.0,152.0
2025-07-21 10:00:00,6.2,6.85,-34.0,152.0,-34.0,152.0
2025-07-21 11:00:00,7.71,8.61,-34.0,152.0,-34.0,152.0
2025-07-21 12:00:00,8.63,9.78,-34.0,152.0,-34.0,152.0
2025-07-21 13:00:00,9.32,10.6,-34.0,152.0,-34.0,152.0
2025-07-21 14:00:00,9.9,11.39,-34.0,152.0,-34.0,152.0
2025-07-21 15:00:00,10.51,12.08,-34.0,152.0,-34.0,152.0
2025-07-21 16:00:00,10.58,12.14,-34.0,152.0,-34.0,152.0
2025-07-21 17:00:00,10.43,11.95,-34.0,152.0,-34.0,152.0
2025-07-21 18:00:00,10.21,11.72,-34.0,152.0,-34.0,152.0
2025-07-21 19:00:00,9.99,11.49,-34.0,152.0,-34.0,152.0
2025-07-21 20:00:00,10.1,11.66,-34.0,152.0,-34.0,152.0
2025-07-21 21:00:00,11.16,12.99,-34.0,152.0,-34.0,152.0
2025-07-21 22:00:00,10.8,12.79,-34.0,152.0,-34.0,152.0
2025-07-21 23:00:00,11.44,13.5,-34.0,152.0,-34.0,152.0
2025-07-22 00:00:00,11.49,13.62,-34.0,152.0,-34.0,152.0
2025-07-22 01:00:00,11.65,13.84,-34.0,152.0,-34.0,152.0
2025-07-22 02:00:00,11.66,13.91,-34.0,152.0,-34.0,152.0
2025-07-22 03:00:00,11.81,14.13,-34.0,152.0,-34.0,152.0
2025-07-22 04:00:00,12.42,14.94,-34.0,152.0,-34.0,152.0
2025-07-22 05:00:00,12.08,14.57,-34.0,152.0,-34.0,152.0
2025-07-22 06:00:00,11.28,13.55,-34.0,152.0,-34.0,152.0
2025-07-22 07:00:00,10.73,12.67,-34.0,152.0,-34.0,152.0
2025-07-22 08:00:00,10.84,12.8,-34.0,152.0,-34.0,152.0
2025-07-22 09:00:00,11.35,13.51,-34.0,152.0,-34.0,152.0
2025-07-22 10:00:00,10.5,12.68,-34.0,152.0,-34.0,152.0
2025-07-22 11:00:00,10.67,12.99,-34.0,152.0,-34.0,152.0
2025-07-22 12:00:00,10.48,12.76,-34.0,152.0,-34.0,152.0
2025-07-22 13:00:00,10.94,13.22,-34.0,152.0,-34.0,152.0
2025-07-22 14:00:00,11.6,13.97,-34.0,152.0,-34.0,152.0
2025-07-22 15:00:00,11.55,13.95,-34.0,152.0,-34.0,152.0
2025-07-22 16:00:00,10.83,13.0,-34.0,152.0,-34.0,152.0
2025-07-22 17:00:00,9.41,11.1,-34.0,152.0,-34.0,152.0
2025-07-22 18:00:00,8.18,9.4,-34.0,152.0,-34.0,152.0
2025-07-22 19:00:00,8.03,9.0,-34.0,152.0,-34.0,152.0
2025-07-22 20:00:00,8.13,9.06,-34.0,152.0,-34.0,152.0
2025-07-22 21:00:00,7.81,8.72,-34.0,152.0,-34.0,152.0
2025-07-22 22:00:00,7.94,8.97,-34.0,152.0,-34.0,152.0
2025-07-22 23:00:00,6.86,7.58,-34.0,152.0,-34.0,152.0
2025-07-23 00:00:00,6.48,7.09,-34.0,152.0,-34.0,152.0
2025-07-23 01:00:00,5.76,6.28,-34.0,152.0,-34.0,152.0
2025-07-23 02:00:00,4.54,4.83,-34.0,152.0,-34.0,152.0
2025-07-23 03:00:00,4.69,4.95,-34.0,152.0,-34.0,152.0
2025-07-23 04:00:00,5.32,5.7,-34.0,152.0,-34.0,152.0
2025-07-23 05:00:00,5.33,5.7,-34.0,152.0,-34.0,152.0
2025-07-23 06:00:00,5.35,5.8,-34.0,152.0,-34.0,152.0
2025-07-23 07:00:00,6.62,7.28,-34.0,152.0,-34.0,152.0
2025-07-23 08:00:00,8.68,9.66,-34.0,152.0,-34.0,152.0
2025-07-23 09:00:00,10.19,11.58,-34.0,152.0,-34.0,152.0
2025-07-23 10:00:00,11.92,13.89,-34.0,152.0,-34.0,152.0
2025-07-23 11:00:00,11.33,13.28,-34.0,152.0,-34.0,152.0
2025-07-23 12:00:00,11.12,12.92,-34.0,152.0,-34.0,152.0
2025-07-23 13:00:00,10.94,12.57,-34.0,152.0,-34.0,152.0
2025-07-23 14:00:00,10.97,12.49,-34.0,152.0,-34.0,152.0
2025-07-23 15:00:00,10.81,12.3,-34.0,152.0,-34.0,152.0
2025-07-23 16:00:00,10.86,12.38,-34.0,152.0,-34.0,152.0
2025-07-23 17:00:00,11.16,12.79,-34.0,152.0,-34.0,152.0
2025-07-23 18:00:00,11.26,12.91,-34.0,152.0,-34.0,152.0
2025-07-23 19:00:00,11.15,12.74,-34.0,152.0,-34.0,152.0
2025-07-23 20:00:00,10.74,12.19,-34.0,152.0,-34.0,152.0
2025-07-23 21:00:00,10.16,11.43,-34.0,152.0,-34.0,152.0
2025-07-23 22:00:00,9.42,10.48,-34.0,152.0,-34.0,152.0
2025-07-23 23:00:00,9.37,10.29,-34.0,152.0,-34.0,152.0
2025-07-24 00:00:00,8.71,9.56,-34.0,152.0,-34.0,152.0
2025-07-24 01:00:00,7.41,8.08,-34.0,152.0,-34.0,152.0
2025-07-24 02:00:00,6.25,6.71,-34.0,152.0,-34.0,152.0
2025-07-24 03:00:00,5.5,5.89,-34.0,152.0,-34.0,152.0
2025-07-24 04:00:00,5.24,5.59,-34.0,152.0,-34.0,152.0
2025-07-24 05:00:00,5.06,5.39,-34.0,152.0,-34.0,152.0
2025-07-24 06:00:00,4.61,4.9,-34.0,152.0,-34.0,152.0
2025-07-24 07:00:00,4.14,4.36,-34.0,152.0,-34.0,152.0
2025-07-24 08:00:00,3.91,4.13,-34.0,152.0,-34.0,152.0
2025-07-24 09:00:00,3.61,3.83,-34.0,152.0,-34.0,152.0
2025-07-24 10:00:00,3.78,4.07,-34.0,152.0,-34.0,152.0
2025-07-24 11:00:00,3.75,4.03,-34.0,152.0,-34.0,152.0
2025-07-24 12:00:00,4.41,4.68,-34.0,152.0,-34.0,152.0
2025-07-24 13:00:00,5.45,5.78,-34.0,152.0,-34.0,152.0
2025-07-24 14:00:00,5.59,5.97,-34.0,152.0,-34.0,152.0
2025-07-24 15:00:00,5.32,5.73,-34.0,152.0,-34.0,152.0
2025-07-24 16:00:00,4.41,4.66,-34.0,152.0,-34.0,152.0
2025-07-24 17:00:00,4.86,5.17,-34.0,152.0,-34.0,152.0
2025-07-24 18:00:00,4.86,5.13,-34.0,152.0,-34.0,152.0
2025-07-24 19:00:00,4.06,4.24,-34.0,152.0,-34.0,152.0
2025-07-24 20:00:00,3.11,3.22,-34.0,152.0,-34.0,152.0
2025-07-24 21:00:00,2.35,2.39,-34.0,152.0,-34.0,152.0
2025-07-24 22:00:00,2.73,2.83,-34.0,152.0,-34.0,152.0
2025-07-24 23:00:00,3.82,3.91,-34.0,152.0,-34.0,152.0
2025-07-25 00:00:00,4.86,5.01,-34.0,152.0,-34.0,152.0
2025-07-25 01:00:00,5.16,5.36,-34.0,152.0,-34.0,152.0
2025-07-25 02:00:00,2.93,2.93,-34.0,152.0,-34.0,152.0
2025-07-25 03:00:00,1.71,1.65,-34.0,152.0,-34.0,152.0
2025-07-25 04:00:00,1.66,1.62,-34.0,152.0,-34.0,152.0
2025-07-25 05:00:00,1.47,1.56,-34.0,152.0,-34.0,152.0
2025-07-25 06:00:00,2.67,2.95,-34.0,152.0,-34.0,152.0
2025-07-25 07:00:00,4.6,5.13,-34.0,152.0,-34.0,152.0
2025-07-25 08:00:00,7.3,8.11,-34.0,152.0,-34.0,152.0
2025-07-25 09:00:00,8.39,9.42,-34.0,152.0,-34.0,152.0
2025-07-25 10:00:00,7.52,8.5,-34.0,152.0,-34.0,152.0
2025-07-25 11:00:00,8.17,9.24,-34.0,152.0,-34.0,152.0
2025-07-25 12:00:00,10.36,11.87,-34.0,152.0,-34.0,152.0
2025-07-25 13:00:00,12.81,15.2,-34.0,152.0,-34.0,152.0
2025-07-25 14:00:00,13.69,16.69,-34.0,152.0,-34.0,152.0
2025-07-25 15:00:00,13.53,16.73,-34.0,152.0,-34.0,152.0
2025-07-25 16:00:00,13.73,16.89,-34.0,152.0,-34.0,152.0
2025-07-25 17:00:00,14.01,17.15,-34.0,152.0,-34.0,152.0
2025-07-25 18:00:00,13.26,16.12,-34.0,152.0,-34.0,152.0
2025-07-25 19:00:00,12.58,15.22,-34.0,152.0,-34.0,152.0
2025-07-25 20:00:00,12.4,14.74,-34.0,152.0,-34.0,152.0
2025-07-25 21:00:00,12.4,14.67,-34.0,152.0,-34.0,152.0
2025-07-25 22:00:00,11.0,12.68,-34.0,152.0,-34.0,152.0
2025-07-25 23:00:00,13.42,15.51,-34.0,152.0,-34.0,152.0
2025-07-26 00:00:00,13.77,16.18,-34.0,152.0,-34.0,152.0
2025-07-26 01:00:00,12.75,14.84,-34.0,152.0,-34.0,152.0
2025-07-26 02:00:00,11.97,13.87,-34.0,152.0,-34.0,152.0
2025-07-26 03:00:00,11.27,13.09,-34.0,152.0,-34.0,152.0
2025-07-26 04:00:00,10.53,12.09,-34.0,152.0,-34.0,152.0
2025-07-26 05:00:00,10.57,12.17,-34.0,152.0,-34.0,152.0
2025-07-26 06:00:00,11.0,12.67,-34.0,152.0,-34.0,152.0
2025-07-26 07:00:00,11.48,13.24,-34.0,152.0,-34.0,152.0
2025-07-26 08:00:00,11.37,13.26,-34.0,152.0,-34.0,152.0
2025-07-26 09:00:00,11.59,13.61,-34.0,152.0,-34.0,152.0
2025-07-26 10:00:00,11.26,13.06,-34.0,152.0,-34.0,152.0
2025-07-26 11:00:00,10.85,12.66,-34.0,152.0,-34.0,152.0
2025-07-26 12:00:00,11.24,13.08,-34.0,152.0,-34.0,152.0
2025-07-26 13:00:00,12.2,14.4,-34.0,152.0,-34.0,152.0
2025-07-26 14:00:00,11.64,13.77,-34.0,152.0,-34.0,152.0
2025-07-26 15:00:00,11.15,13.05,-34.0,152.0,-34.0,152.0
2025-07-26 16:00:00,11.32,13.19,-34.0,152.0,-34.0,152.0
2025-07-26 17:00:00,11.49,13.36,-34.0,152.0,-34.0,152.0
2025-07-26 18:00:00,11.28,13.13,-34.0,152.0,-34.0,152.0
2025-07-26 19:00:00,11.1,12.88,-34.0,152.0,-34.0,152.0
2025-07-26 20:00:00,11.0,12.71,-34.0,152.0,-34.0,152.0
2025-07-26 21:00:00,11.32,13.03,-34.0,152.0,-34.0,152.0
2025-07-26 22:00:00,11.7,13.59,-34.0,152.0,-34.0,152.0
2025-07-26 23:00:00,11.18,12.98,-34.0,152.0,-34.0,152.0
2025-07-27 00:00:00,10.65,12.22,-34.0,152.0,-34.0,152.0
2025-07-27 01:00:00,10.55,12.02,-34.0,152.0,-34.0,152.0
2025-07-27 02:00:00,10.35,11.75,-34.0,152.0,-34.0,152.0
2025-07-27 03:00:00,10.6,12.0,-34.0,152.0,-34.0,152.0
2025-07-27 04:00:00,11.27,12.93,-34.0,152.0,-34.0,152.0
2025-07-27 05:00:00,11.79,13.67,-34.0,152.0,-34.0,152.0
2025-07-27 06:00:00,11.89,13.93,-34.0,152.0,-34.0,152.0
2025-07-27 07:00:00,11.82,13.83,-34.0,152.0,-34.0,152.0
2025-07-27 08:00:00,12.15,14.12,-34.0,152.0,-34.0,152.0
2025-07-27 09:00:00,12.29,14.31,-34.0,152.0,-34.0,152.0
2025-07-27 10:00:00,12.74,14.9,-34.0,152.0,-34.0,152.0
2025-07-27 11:00:00,11.84,13.85,-34.0,152.0,-34.0,152.0
2025-07-27 12:00:00,11.1,12.92,-34.0,152.0,-34.0,152.0
2025-07-27 13:00:00,11.59,13.44,-34.0,152.0,-34.0,152.0
2025-07-27 14:00:00,12.33,14.42,-34.0,152.0,-34.0,152.0
2025-07-27 15:00:00,12.49,14.73,-34.0,152.0,-34.0,152.0
2025-07-27 16:00:00,12.19,14.33,-34.0,152.0,-34.0,152.0
2025-07-27 17:00:00,12.16,14.22,-34.0,152.0,-34.0,152.0
2025-07-27 18:00:00,12.16,14.25,-34.0,152.0,-34.0,152.0
2025-07-27 19:00:00,12.47,14.62,-34.0,152.0,-34.0,152.0
2025-07-27 20:00:00,12.37,14.51,-34.0,152.0,-34.0,152.0
2025-07-27 21:00:00,12.23,14.21,-34.0,152.0,-34.0,152.0
2025-07-27 22:00:00,12.35,14.34,-34.0,152.0,-34.0,152.0
2025-07-27 23:00:00,11.24,12.91,-34.0,152.0,-34.0,152.0
2025-07-28 00:00:00,10.39,11.85,-34.0,152.0,-34.0,152.0
2025-07-28 01:00:00,9.7,10.9,-34.0,152.0,-34.0,152.0
2025-07-28 02:00:00,9.92,11.13,-34.0,152.0,-34.0,152.0
2025-07-28 03:00:00,10.36,11.73,-34.0,152.0,-34.0,152.0
2025-07-28 04:00:00,10.6,12.15,-34.0,152.0,-34.0,152.0
2025-07-28 05:00:00,11.01,12.76,-34.0,152.0,-34.0,152.0
2025-07-28 06:00:00,12.0,14.0,-34.0,152.0,-34.0,152.0
2025-07-28 07:00:00,12.76,15.11,-34.0,152.0,-34.0,152.0
2025-07-28 08:00:00,12.91,15.31,-34.0,152.0,-34.0,152.0
2025-07-28 09:00:00,13.0,15.4,-34.0,152.0,-34.0,152.0
2025-07-28 10:00:00,12.1,14.2,-34.0,152.0,-34.0,152.0
2025-07-28 11:00:00,11.63,13.53,-34.0,152.0,-34.0,152.0
2025-07-28 12:00:00,11.91,13.71,-34.0,152.0,-34.0,152.0
2025-07-28 13:00:00,11.89,13.74,-34.0,152.0,-34.0,152.0
2025-07-28 14:00:00,11.77,13.62,-34.0,152.0,-34.0,152.0
2025-07-28 15:00:00,11.71,13.51,-34.0,152.0,-34.0,152.0
2025-07-28 16:00:00,11.63,13.43,-34.0,152.0,-34.0,152.0
2025-07-28 17:00:00,11.65,13.5,-34.0,152.0,-34.0,152.0
2025-07-28 18:00:00,11.5,13.27,-34.0,152.0,-34.0,152.0
2025-07-28 19:00:00,11.36,13.13,-34.0,152.0,-34.0,152.0
2025-07-28 20:00:00,11.19,12.86,-34.0,152.0,-34.0,152.0
2025-07-28 21:00:00,11.1,12.71,-34.0,152.0,-34.0,152.0
2025-07-28 22:00:00,11.59,13.22,-34.0,152.0,-34.0,152.0
2025-07-28 23:00:00,11.05,12.59,-34.0,152.0,-34.0,152.0
2025-07-29 00:00:00,10.56,11.94,-34.0,152.0,-34.0,152.0
2025-07-29 01:00:00,10.08,11.34,-34.0,152.0,-34.0,152.0
2025-07-29 02:00:00,9.31,10.36,-34.0,152.0,-34.0,152.0
2025-07-29 03:00:00,8.21,9.06,-34.0,152.0,-34.0,152.0
2025-07-29 04:00:00,7.12,7.74,-34.0,152.0,-34.0,152.0
2025-07-29 05:00:00,5.96,6.49,-34.0,152.0,-34.0,152.0
2025-07-29 06:00:00,5.38,5.86,-34.0,152.0,-34.0,152.0
2025-07-29 07:00:00,4.96,5.37,-34.0,152.0,-34.0,152.0
2025-07-29 08:00:00,4.53,4.87,-34.0,152.0,-34.0,152.0
2025-07-29 09:00:00,4.26,4.49,-34.0,152.0,-34.0,152.0
2025-07-29 10:00:00,3.09,3.29,-34.0,152.0,-34.0,152.0
2025-07-29 11:00:00,2.88,3.04,-34.0,152.0,-34.0,152.0
2025-07-29 12:00:00,2.85,2.98,-34.0,152.0,-34.0,152.0
2025-07-29 13:00:00,3.11,3.25,-34.0,152.0,-34.0,152.0
2025-07-29 14:00:00,3.3,3.43,-34.0,152.0,-34.0,152.0
2025-07-29 15:00:00,3.65,3.83,-34.0,152.0,-34.0,152.0
2025-07-29 16:00:00,3.58,3.75,-34.0,152.0,-34.0,152.0
2025-07-29 17:00:00,3.04,3.25,-34.0,152.0,-34.0,152.0
2025-07-29 18:00:00,2.69,2.88,-34.0,152.0,-34.0,152.0
2025-07-29 19:00:00,2.72,2.88,-34.0,152.0,-34.0,152.0
2025-07-29 20:00:00,3.03,3.19,-34.0,152.0,-34.0,152.0
2025-07-29 21:00:00,3.43,3.67,-34.0,152.0,-34.0,152.0
2025-07-29 22:00:00,4.46,4.76,-34.0,152.0,-34.0,152.0
2025-07-29 23:00:00,4.97,5.37,-34.0,152.0,-34.0,152.0
2025-07-30 00:00:00,4.86,5.26,-34.0,152.0,-34.0,152.0
2025-07-30 01:00:00,4.54,4.89,-34.0,152.0,-34.0,152.0
2025-07-30 02:00:00,4.67,5.07,-34.0,152.0,-34.0,152.0
2025-07-30 03:00:00,5.15,5.6,-34.0,152.0,-34.0,152.0
2025-07-30 04:00:00,5.92,6.43,-34.0,152.0,-34.0,152.0
2025-07-30 05:00:00,7.44,8.11,-34.0,152.0,-34.0,152.0
2025-07-30 06:00:00,8.78,9.87,-34.0,152.0,-34.0,152.0
2025-07-30 07:00:00,8.63,9.78,-34.0,152.0,-34.0,152.0
2025-07-30 08:00:00,7.67,8.6,-34.0,152.0,-34.0,152.0
2025-07-30 09:00:00,7.65,8.45,-34.0,152.0,-34.0,152.0
2025-07-30 10:00:00,8.1,9.06,-34.0,152.0,-34.0,152.0
2025-07-30 11:00:00,7.58,8.39,-34.0,152.0,-34.0,152.0
2025-07-30 12:00:00,8.85,9.85,-34.0,152.0,-34.0,152.0
2025-07-30 13:00:00,9.96,11.26,-34.0,152.0,-34.0,152.0
2025-07-30 14:00:00,10.79,12.25,-34.0,152.0,-34.0,152.0
2025-07-30 15:00:00,11.55,13.21,-34.0,152.0,-34.0,152.0
2025-07-30 16:00:00,11.65,13.35,-34.0,152.0,-34.0,152.0
2025-07-30 17:00:00,11.16,12.74,-34.0,152.0,-34.0,152.0
2025-07-30 18:00:00,11.16,12.73,-34.0,152.0,-34.0,152.0
2025-07-30 19:00:00,11.46,13.01,-34.0,152.0,-34.0,152.0
2025-07-30 20:00:00,11.87,13.47,-34.0,152.0,-34.0,152.0
2025-07-30 21:00:00,11.26,12.75,-34.0,152.0,-34.0,152.0
2025-07-30 22:00:00,11.38,12.84,-34.0,152.0,-34.0,152.0
2025-07-30 23:00:00,11.19,12.67,-34.0,152.0,-34.0,152.0
2025-07-31 00:00:00,10.91,12.27,-34.0,152.0,-34.0,152.0
2025-07-31 01:00:00,10.93,12.28,-34.0,152.0,-34.0,152.0
2025-07-31 02:00:00,11.11,12.46,-34.0,152.0,-34.0,152.0
2025-07-31 03:00:00,11.07,12.43,-34.0,152.0,-34.0,152.0
2025-07-31 04:00:00,11.09,12.49,-34.0,152.0,-34.0,152.0
2025-07-31 05:00:00,10.77,12.13,-34.0,152.0,-34.0,152.0
2025-07-31 06:00:00,10.25,11.5,-34.0,152.0,-34.0,152.0
2025-07-31 07:00:00,10.2,11.45,-34.0,152.0,-34.0,152.0
2025-07-31 08:00:00,10.1,11.3,-34.0,152.0,-34.0,152.0
2025-07-31 09:00:00,10.0,11.2,-34.0,152.0,-34.0,152.0
2025-07-31 10:00:00,8.37,9.17,-34.0,152.0,-34.0,152.0
2025-07-31 11:00:00,8.18,8.98,-34.0,152.0,-34.0,152.0
2025-07-31 12:00:00,7.33,7.97,-34.0,152.0,-34.0,152.0
2025-07-31 13:00:00,7.22,7.81,-34.0,152.0,-34.0,152.0
2025-07-31 14:00:00,7.46,8.14,-34.0,152.0,-34.0,152.0
2025-07-31 15:00:00,7.15,7.81,-34.0,152.0,-34.0,152.0
2025-07-31 16:00:00,7.7,8.42,-34.0,152.0,-34.0,152.0
2025-07-31 17:00:00,7.74,8.53,-34.0,152.0,-34.0,152.0
2025-07-31 18:00:00,7.14,7.85,-34.0,152.0,-34.0,152.0
2025-07-31 19:00:00,6.89,7.56,-34.0,152.0,-34.0,152.0
2025-07-31 20:00:00,6.62,7.17,-34.0,152.0,-34.0,152.0
2025-07-31 21:00:00,6.22,6.72,-34.0,152.0,-34.0,152.0
2025-07-31 22:00:00,5.85,6.35,-34.0,152.0,-34.0,152.0
2025-07-31 23:00:00,5.38,5.78,-34.0,152.0,-34.0,152.0
2025-08-01 00:00:00,5.91,6.31,-34.0,152.0,-34.0,152.0
2025-08-01 01:00:00,5.71,6.12,-34.0,152.0,-34.0,152.0
2025-08-01 02:00:00,5.26,5.7,-34.0,152.0,-34.0,152.0
2025-08-01 03:00:00,4.49,4.9,-34.0,152.0,-34.0,152.0
2025-08-01 04:00:00,3.75,4.09,-34.0,152.0,-34.0,152.0
2025-08-01 05:00:00,3.54,3.87,-34.0,152.0,-34.0,152.0
2025-08-01 06:00:00,3.81,4.14,-34.0,152.0,-34.0,152.0
2025-08-01 07:00:00,4.39,4.78,-34.0,152.0,-34.0,152.0
2025-08-01 08:00:00,4.92,5.38,-34.0,152.0,-34.0,152.0
2025-08-01 09:00:00,5.19,5.71,-34.0,152.0,-34.0,152.0
2025-08-01 10:00:00,6.66,7.27,-34.0,152.0,-34.0,152.0
2025-08-01 11:00:00,5.56,6.11,-34.0,152.0,-34.0,152.0
2025-08-01 12:00:00,4.55,4.96,-34.0,152.0,-34.0,152.0
2025-08-01 13:00:00,6.08,6.52,-34.0,152.0,-34.0,152.0
2025-08-01 14:00:00,7.72,8.41,-34.0,152.0,-34.0,152.0
2025-08-01 15:00:00,8.54,9.48,-34.0,152.0,-34.0,152.0
2025-08-01 16:00:00,8.85,9.82,-34.0,152.0,-34.0,152.0
2025-08-01 17:00:00,9.17,10.25,-34.0,152.0,-34.0,152.0
2025-08-01 18:00:00,9.44,10.49,-34.0,152.0,-34.0,152.0
2025-08-01 19:00:00,9.49,10.56,-34.0,152.0,-34.0,152.0
2025-08-01 20:00:00,9.56,10.62,-34.0,152.0,-34.0,152.0
2025-08-01 21:00:00,9.84,11.07,-34.0,152.0,-34.0,152.0
2025-08-01 22:00:00,9.26,10.32,-34.0,152.0,-34.0,152.0
2025-08-01 23:00:00,8.48,9.44,-34.0,152.0,-34.0,152.0
2025-08-02 00:00:00,10.0,11.23,-34.0,152.0,-34.0,152.0
2025-08-02 01:00:00,12.26,14.15,-34.0,152.0,-34.0,152.0
2025-08-02 02:00:00,12.44,14.42,-34.0,152.0,-34.0,152.0
2025-08-02 03:00:00,13.11,15.29,-34.0,152.0,-34.0,152.0
2025-08-02 04:00:00,13.42,15.72,-34.0,152.0,-34.0,152.0
2025-08-02 05:00:00,14.38,16.95,-34.0,152.0,-34.0,152.0
2025-08-02 06:00:00,14.77,17.64,-34.0,152.0,-34.0,152.0
2025-08-02 07:00:00,15.07,18.0,-34.0,152.0,-34.0,152.0
2025-08-02 08:00:00,15.63,18.66,-34.0,152.0,-34.0,152.0
2025-08-02 09:00:00,15.34,18.27,-34.0,152.0,-34.0,152.0
2025-08-02 10:00:00,14.18,16.77,-34.0,152.0,-34.0,152.0
2025-08-02 11:00:00,13.04,15.15,-34.0,152.0,-34.0,152.0
2025-08-02 12:00:00,13.5,15.63,-34.0,152.0,-34.0,152.0
2025-08-02 13:00:00,14.14,16.51,-34.0,152.0,-34.0,152.0
2025-08-02 14:00:00,14.19,16.6,-34.0,152.0,-34.0,152.0
2025-08-02 15:00:00,13.74,16.08,-34.0,152.0,-34.0,152.0
2025-08-02 16:00:00,13.31,15.5,-34.0,152.0,-34.0,152.0
2025-08-02 17:00:00,12.66,14.74,-34.0,152.0,-34.0,152.0
2025-08-02 18:00:00,12.69,14.71,-34.0,152.0,-34.0,152.0
2025-08-02 19:00:00,13.05,15.21,-34.0,152.0,-34.0,152.0
2025-08-02 20:00:00,13.4,15.66,-34.0,152.0,-34.0,152.0
2025-08-02 21:00:00,13.83,16.27,-34.0,152.0,-34.0,152.0
2025-08-02 22:00:00,13.9,16.52,-34.0,152.0,-34.0,152.0
2025-08-02 23:00:00,12.84,15.19,-34.0,152.0,-34.0,152.0
2025-08-03 00:00:00,12.0,13.99,-34.0,152.0,-34.0,152.0
2025-08-03 01:00:00,11.48,13.3,-34.0,152.0,-34.0,152.0
2025-08-03 02:00:00,10.81,12.42,-34.0,152.0,-34.0,152.0
2025-08-03 03:00:00,10.21,11.67,-34.0,152.0,-34.0,152.0
2025-08-03 04:00:00,10.3,11.79,-34.0,152.0,-34.0,152.0
2025-08-03 05:00:00,10.79,12.35,-34.0,152.0,-34.0,152.0
2025-08-03 06:00:00,10.93,12.53,-34.0,152.0,-34.0,152.0
2025-08-03 07:00:00,10.76,12.26,-34.0,152.0,-34.0,152.0
2025-08-03 08:00:00,10.53,12.03,-34.0,152.0,-34.0,152.0
2025-08-03 09:00:00,10.59,12.13,-34.0,152.0,-34.0,152.0
2025-08-03 10:00:00,10.77,12.31,-34.0,152.0,-34.0,152.0
2025-08-03 11:00:00,9.94,11.18,-34.0,152.0,-34.0,152.0
2025-08-03 12:00:00,9.66,10.79,-34.0,152.0,-34.0,152.0
2025-08-03 13:00:00,9.69,10.82,-34.0,152.0,-34.0,152.0
2025-08-03 14:00:00,9.3,10.43,-34.0,152.0,-34.0,152.0
2025-08-03 15:00:00,9.02,10.01,-34.0,152.0,-34.0,152.0
2025-08-03 16:00:00,8.56,9.55,-34.0,152.0,-34.0,152.0
2025-08-03 17:00:00,8.28,9.16,-34.0,152.0,-34.0,152.0
2025-08-03 18:00:00,7.85,8.63,-34.0,152.0,-34.0,152.0
2025-08-03 19:00:00,7.75,8.53,-34.0,152.0,-34.0,152.0
2025-08-03 20:00:00,7.57,8.32,-34.0,152.0,-34.0,152.0
2025-08-03 21:00:00,7.57,8.32,-34.0,152.0,-34.0,152.0
2025-08-03 22:00:00,8.07,8.82,-34.0,152.0,-34.0,152.0
2025-08-03 23:00:00,8.3,9.11,-34.0,152.0,-34.0,152.0
2025-08-04 00:00:00,7.97,8.81,-34.0,152.0,-34.0,152.0
2025-08-04 01:00:00,7.75,8.53,-34.0,152.0,-34.0,152.0
2025-08-04 02:00:00,6.85,7.48,-34.0,152.0,-34.0,152.0
2025-08-04 03:00:00,5.86,6.35,-34.0,152.0,-34.0,152.0
2025-08-04 04:00:00,5.59,6.0,-34.0,152.0,-34.0,152.0
2025-08-04 05:00:00,5.36,5.76,-34.0,152.0,-34.0,152.0
2025-08-04 06:00:00,5.15,5.44,-34.0,152.0,-34.0,152.0
2025-08-04 07:00:00,4.92,5.21,-34.0,152.0,-34.0,152.0
2025-08-04 08:00:00,4.9,5.19,-34.0,152.0,-34.0,152.0
2025-08-04 09:00:00,5.02,5.29,-34.0,152.0,-34.0,152.0
2025-08-04 10:00:00,4.37,4.59,-34.0,152.0,-34.0,152.0
2025-08-04 11:00:00,3.87,4.03,-34.0,152.0,-34.0,152.0
2025-08-04 12:00:00,3.35,3.44,-34.0,152.0,-34.0,152.0
2025-08-04 13:00:00,2.7,2.75,-34.0,152.0,-34.0,152.0
2025-08-04 14:00:00,1.75,1.77,-34.0,152.0,-34.0,152.0
2025-08-04 15:00:00,1.28,1.3,-34.0,152.0,-34.0,152.0
2025-08-04 16:00:00,1.11,1.23,-34.0,152.0,-34.0,152.0
2025-08-04 17:00:00,2.21,2.28,-34.0,152.0,-34.0,152.0
2025-08-04 18:00:00,3.3,3.35,-34.0,152.0,-34.0,152.0
2025-08-04 19:00:00,4.25,4.35,-34.0,152.0,-34.0,152.0
2025-08-04 20:00:00,4.55,4.75,-34.0,152.0,-34.0,152.0
2025-08-04 21:00:00,4.34,4.54,-34.0,152.0,-34.0,152.0
2025-08-04 22:00:00,5.17,5.52,-34.0,152.0,-34.0,152.0
2025-08-04 23:00:00,6.1,6.55,-34.0,152.0,-34.0,152.0
2025-08-05 00:00:00,6.37,6.89,-34.0,152.0,-34.0,152.0
2025-08-05 01:00:00,6.4,6.91,-34.0,152.0,-34.0,152.0
2025-08-05 02:00:00,6.04,6.53,-34.0,152.0,-34.0,152.0
2025-08-05 03:00:00,5.39,5.81,-34.0,152.0,-34.0,152.0
2025-08-05 04:00:00,4.88,5.28,-34.0,152.0,-34.0,152.0
2025-08-05 05:00:00,4.66,5.04,-34.0,152.0,-34.0,152.0
2025-08-05 06:00:00,4.23,4.55,-34.0,152.0,-34.0,152.0
2025-08-05 07:00:00,3.92,4.21,-34.0,152.0,-34.0,152.0
2025-08-05 08:00:00,3.63,3.87,-34.0,152.0,-34.0,152.0
2025-08-05 09:00:00,3.74,3.95,-34.0,152.0,-34.0,152.0
2025-08-05 10:00:00,3.9,4.2,-34.0,152.0,-34.0,152.0
2025-08-05 11:00:00,4.56,4.96,-34.0,152.0,-34.0,152.0
2025-08-05 12:00:00,6.46,7.15,-34.0,152.0,-34.0,152.0
2025-08-05 13:00:00,8.85,10.0,-34.0,152.0,-34.0,152.0
2025-08-05 14:00:00,9.7,11.13,-34.0,152.0,-34.0,152.0
2025-08-05 15:00:00,9.85,11.41,-34.0,152.0,-34.0,152.0
2025-08-05 16:00:00,9.89,11.39,-34.0,152.0,-34.0,152.0
2025-08-05 17:00:00,9.51,10.85,-34.0,152.0,-34.0,152.0
2025-08-05 18:00:00,8.9,10.0,-34.0,152.0,-34.0,152.0
2025-08-05 19:00:00,8.47,9.42,-34.0,152.0,-34.0,152.0
2025-08-05 20:00:00,8.26,9.11,-34.0,152.0,-34.0,152.0
2025-08-05 21:00:00,8.18,9.03,-34.0,152.0,-34.0,152.0
2025-08-05 22:00:00,8.11,8.95,-34.0,152.0,-34.0,152.0
2025-08-05 23:00:00,8.24,9.0,-34.0,152.0,-34.0,152.0
2025-08-06 00:00:00,8.46,9.31,-34.0,152.0,-34.0,152.0
2025-08-06 01:00:00,8.13,8.93,-34.0,152.0,-34.0,152.0
2025-08-06 02:00:00,7.91,8.65,-34.0,152.0,-34.0,152.0
2025-08-06 03:00:00,7.54,8.25,-34.0,152.0,-34.0,152.0
2025-08-06 04:00:00,7.12,7.79,-34.0,152.0,-34.0,152.0
2025-08-06 05:00:00,6.62,7.19,-34.0,152.0,-34.0,152.0
2025-08-06 06:00:00,6.12,6.58,-34.0,152.0,-34.0,152.0
2025-08-06 07:00:00,5.76,6.18,-34.0,152.0,-34.0,152.0
2025-08-06 08:00:00,5.37,5.73,-34.0,152.0,-34.0,152.0
2025-08-06 09:00:00,5.1,5.39,-34.0,152.0,-34.0,152.0
2025-08-06 10:00:00,5.77,6.11,-34.0,152.0,-34.0,152.0
2025-08-06 11:00:00,5.74,6.16,-34.0,152.0,-34.0,152.0
2025-08-06 12:00:00,5.6,5.99,-34.0,152.0,-34.0,152.0
2025-08-06 13:00:00,5.65,6.01,-34.0,152.0,-34.0,152.0
2025-08-06 14:00:00,5.41,5.74,-34.0,152.0,-34.0,152.0
2025-08-06 15:00:00,5.5,5.85,-34.0,152.0,-34.0,152.0
2025-08-06 16:00:00,6.13,6.59,-34.0,152.0,-34.0,152.0
2025-08-06 17:00:00,7.54,8.19,-34.0,152.0,-34.0,152.0
2025-08-06 18:00:00,9.32,10.37,-34.0,152.0,-34.0,152.0
2025-08-06 19:00:00,9.64,10.91,-34.0,152.0,-34.0,152.0
2025-08-06 20:00:00,8.95,10.14,-34.0,152.0,-34.0,152.0
2025-08-06 21:00:00,8.41,9.46,-34.0,152.0,-34.0,152.0
2025-08-06 22:00:00,7.16,7.87,-34.0,152.0,-34.0,152.0
2025-08-06 23:00:00,7.92,8.64,-34.0,152.0,-34.0,152.0
2025-08-07 00:00:00,8.43,9.24,-34.0,152.0,-34.0,152.0
2025-08-07 01:00:00,8.95,9.86,-34.0,152.0,-34.0,152.0
2025-08-07 02:00:00,9.22,10.2,-34.0,152.0,-34.0,152.0
2025-08-07 03:00:00,8.7,9.62,-34.0,152.0,-34.0,152.0
2025-08-07 04:00:00,8.08,8.84,-34.0,152.0,-34.0,152.0
2025-08-07 05:00:00,7.82,8.53,-34.0,152.0,-34.0,152.0
2025-08-07 06:00:00,7.88,8.6,-34.0,152.0,-34.0,152.0
2025-08-07 07:00:00,7.96,8.73,-34.0,152.0,-34.0,152.0
2025-08-07 08:00:00,7.84,8.53,-34.0,152.0,-34.0,152.0
2025-08-07 09:00:00,7.54,8.25,-34.0,152.0,-34.0,152.0
2025-08-07 10:00:00,6.94,7.53,-34.0,152.0,-34.0,152.0
2025-08-07 11:00:00,6.75,7.22,-34.0,152.0,-34.0,152.0
2025-08-07 12:00:00,6.9,7.42,-34.0,152.0,-34.0,152.0
2025-08-07 13:00:00,6.98,7.5,-34.0,152.0,-34.0,152.0
2025-08-07 14:00:00,7.01,7.58,-34.0,152.0,-34.0,152.0
2025-08-07 15:00:00,7.21,7.73,-34.0,152.0,-34.0,152.0
2025-08-07 16:00:00,6.97,7.48,-34.0,152.0,-34.0,152.0
2025-08-07 17:00:00,7.05,7.56,-34.0,152.0,-34.0,152.0
2025-08-07 18:00:00,7.23,7.79,-34.0,152.0,-34.0,152.0
2025-08-07 19:00:00,7.65,8.26,-34.0,152.0,-34.0,152.0
2025-08-07 20:00:00,8.15,8.88,-34.0,152.0,-34.0,152.0
2025-08-07 21:00:00,8.02,8.8,-34.0,152.0,-34.0,152.0
2025-08-07 22:00:00,5.38,5.74,-34.0,152.0,-34.0,152.0
2025-08-07 23:00:00,4.58,4.78,-34.0,152.0,-34.0,152.0
2025-08-08 00:00:00,4.09,4.3,-34.0,152.0,-34.0,152.0
2025-08-08 01:00:00,3.87,4.1,-34.0,152.0,-34.0,152.0
2025-08-08 02:00:00,4.46,4.73,-34.0,152.0,-34.0,152.0
2025-08-08 03:00:00,6.15,6.51,-34.0,152.0,-34.0,152.0
2025-08-08 04:00:00,7.13,7.63,-34.0,152.0,-34.0,152.0
2025-08-08 05:00:00,7.47,8.18,-34.0,152.0,-34.0,152.0
2025-08-08 06:00:00,7.51,8.28,-34.0,152.0,-34.0,152.0
2025-08-08 07:00:00,6.86,7.61,-34.0,152.0,-34.0,152.0
2025-08-08 08:00:00,6.49,7.19,-34.0,152.0,-34.0,152.0
2025-08-08 09:00:00,6.24,6.84,-34.0,152.0,-34.0,152.0
2025-08-08 10:00:00,5.48,5.97,-34.0,152.0,-34.0,152.0
2025-08-08 11:00:00,5.84,6.32,-34.0,152.0,-34.0,152.0
2025-08-08 12:00:00,5.85,6.35,-34.0,152.0,-34.0,152.0
2025-08-08 13:00:00,5.37,5.83,-34.0,152.0,-34.0,152.0
2025-08-08 14:00:00,5.35,5.79,-34.0,152.0,-34.0,152.0
2025-08-08 15:00:00,5.44,5.89,-34.0,152.0,-34.0,152.0
2025-08-08 16:00:00,5.35,5.76,-34.0,152.0,-34.0,152.0
2025-08-08 17:00:00,5.02,5.4,-34.0,152.0,-34.0,152.0
2025-08-08 18:00:00,4.75,5.07,-34.0,152.0,-34.0,152.0
2025-08-08 19:00:00,4.99,5.3,-34.0,152.0,-34.0,152.0
2025-08-08 20:00:00,5.31,5.73,-34.0,152.0,-34.0,152.0
2025-08-08 21:00:00,5.59,6.01,-34.0,152.0,-34.0,152.0
2025-08-08 22:00:00,3.98,4.25,-34.0,152.0,-34.0,152.0
2025-08-08 23:00:00,4.42,4.71,-34.0,152.0,-34.0,152.0
2025-08-09 00:00:00,4.14,4.46,-34.0,152.0,-34.0,152.0
2025-08-09 01:00:00,4.01,4.29,-34.0,152.0,-34.0,152.0
2025-08-09 02:00:00,4.32,4.63,-34.0,152.0,-34.0,152.0
2025-08-09 03:00:00,4.76,5.13,-34.0,152.0,-34.0,152.0
2025-08-09 04:00:00,5.48,5.92,-34.0,152.0,-34.0,152.0
2025-08-09 05:00:00,6.33,6.89,-34.0,152.0,-34.0,152.0
2025-08-09 06:00:00,7.21,7.85,-34.0,152.0,-34.0,152.0
2025-08-09 07:00:00,7.51,8.25,-34.0,152.0,-34.0,152.0
2025-08-09 08:00:00,7.57,8.32,-34.0,152.0,-34.0,152.0
2025-08-09 09:00:00,7.47,8.22,-34.0,152.0,-34.0,152.0
2025-08-09 10:00:00,6.7,7.27,-34.0,152.0,-34.0,152.0
2025-08-09 11:00:00,6.76,7.37,-34.0,152.0,-34.0,152.0
2025-08-09 12:00:00,6.58,7.15,-34.0,152.0,-34.0,152.0
2025-08-09 13:00:00,6.59,7.2,-34.0,152.0,-34.0,152.0
2025-08-09 14:00:00,6.51,7.14,-34.0,152.0,-34.0,152.0
2025-08-09 15:00:00,6.16,6.76,-34.0,152.0,-34.0,152.0
2025-08-09 16:00:00,5.87,6.33,-34.0,152.0,-34.0,152.0
2025-08-09 17:00:00,6.12,6.61,-34.0,152.0,-34.0,152.0
2025-08-09 18:00:00,6.55,7.12,-34.0,152.0,-34.0,152.0
2025-08-09 19:00:00,6.91,7.54,-34.0,152.0,-34.0,152.0
2025-08-09 20:00:00,7.22,7.93,-34.0,152.0,-34.0,152.0
2025-08-09 21:00:00,7.11,7.85,-34.0,152.0,-34.0,152.0
2025-08-09 22:00:00,6.01,6.58,-34.0,152.0,-34.0,152.0
2025-08-09 23:00:00,6.16,6.73,-34.0,152.0,-34.0,152.0
2025-08-10 00:00:00,6.51,7.01,-34.0,152.0,-34.0,152.0
2025-08-10 01:00:00,6.95,7.55,-34.0,152.0,-34.0,152.0
2025-08-10 02:00:00,6.89,7.42,-34.0,152.0,-34.0,152.0
2025-08-10 03:00:00,6.41,6.94,-34.0,152.0,-34.0,152.0
2025-08-10 04:00:00,5.38,5.8,-34.0,152.0,-34.0,152.0
2025-08-10 05:00:00,5.44,5.82,-34.0,152.0,-34.0,152.0
2025-08-10 06:00:00,5.91,6.34,-34.0,152.0,-34.0,152.0
2025-08-10 07:00:00,6.22,6.65,-34.0,152.0,-34.0,152.0
2025-08-10 08:00:00,6.63,7.12,-34.0,152.0,-34.0,152.0
2025-08-10 09:00:00,7.08,7.75,-34.0,152.0,-34.0,152.0
2025-08-10 10:00:00,3.88,4.19,-34.0,152.0,-34.0,152.0
2025-08-10 11:00:00,3.61,3.81,-34.0,152.0,-34.0,152.0
2025-08-10 12:00:00,4.56,4.77,-34.0,152.0,-34.0,152.0
2025-08-10 13:00:00,4.63,4.95,-34.0,152.0,-34.0,152.0
2025-08-10 14:00:00,4.29,4.53,-34.0,152.0,-34.0,152.0
2025-08-10 15:00:00,3.93,4.17,-34.0,152.0,-34.0,152.0
2025-08-10 16:00:00,3.25,3.5,-34.0,152.0,-34.0,152.0
2025-08-10 17:00:00,3.15,3.4,-34.0,152.0,-34.0,152.0
2025-08-10 18:00:00,3.92,4.22,-34.0,152.0,-34.0,152.0
2025-08-10 19:00:00,4.22,4.57,-34.0,152.0,-34.0,152.0
2025-08-10 20:00:00,4.15,4.45,-34.0,152.0,-34.0,152.0
2025-08-10 21:00:00,4.05,4.34,-34.0,152.0,-34.0,152.0
2025-08-10 22:00:00,3.68,3.88,-34.0,152.0,-34.0,152.0
2025-08-10 23:00:00,3.34,3.51,-34.0,152.0,-34.0,152.0
2025-08-11 00:00:00,3.27,3.37,-34.0,152.0,-34.0,152.0
2025-08-11 01:00:00,3.03,3.14,-34.0,152.0,-34.0,152.0
2025-08-11 02:00:00,2.85,3.01,-34.0,152.0,-34.0,152.0
2025-08-11 03:00:00,3.05,3.15,-34.0,152.0,-34.0,152.0
2025-08-11 04:00:00,3.46,3.59,-34.0,152.0,-34.0,152.0
2025-08-11 05:00:00,3.67,3.85,-34.0,152.0,-34.0,152.0
2025-08-11 06:00:00,3.63,3.81,-34.0,152.0,-34.0,152.0
2025-08-11 07:00:00,3.41,3.65,-34.0,152.0,-34.0,152.0
2025-08-11 08:00:00,2.97,3.22,-34.0,152.0,-34.0,152.0
2025-08-11 09:00:00,2.4,2.61,-34.0,152.0,-34.0,152.0
2025-08-11 10:00:00,1.21,1.41,-34.0,152.0,-34.0,152.0
2025-08-11 11:00:00,1.97,2.11,-34.0,152.0,-34.0,152.0
2025-08-11 12:00:00,2.36,2.51,-34.0,152.0,-34.0,152.0
2025-08-11 13:00:00,2.01,2.17,-34.0,152.0,-34.0,152.0
2025-08-11 14:00:00,2.04,2.15,-34.0,152.0,-34.0,152.0
2025-08-11 15:00:00,2.4,2.54,-34.0,152.0,-34.0,152.0
2025-08-11 16:00:00,2.5,2.65,-34.0,152.0,-34.0,152.0
2025-08-11 17:00:00,1.94,2.14,-34.0,152.0,-34.0,152.0
2025-08-11 18:00:00,1.25,1.39,-34.0,152.0,-34.0,152.0
2025-08-11 19:00:00,1.77,1.84,-34.0,152.0,-34.0,152.0
2025-08-11 20:00:00,2.2,2.3,-34.0,152.0,-34.0,152.0
2025-08-11 21:00:00,2.26,2.41,-34.0,152.0,-34.0,152.0
2025-08-11 22:00:00,1.16,1.32,-34.0,152.0,-34.0,152.0
2025-08-11 23:00:00,0.57,0.64,-34.0,152.0,-34.0,152.0
2025-08-12 00:00:00,0.55,0.55,-34.0,152.0,-34.0,152.0
2025-08-12 01:00:00,1.42,1.39,-34.0,152.0,-34.0,152.0
2025-08-12 02:00:00,1.26,1.23,-34.0,152.0,-34.0,152.0
2025-08-12 03:00:00,1.94,1.94,-34.0,152.0,-34.0,152.0
2025-08-12 04:00:00,2.69,2.72,-34.0,152.0,-34.0,152.0
2025-08-12 05:00:00,3.22,3.26,-34.0,152.0,-34.0,152.0
2025-08-12 06:00:00,3.24,3.34,-34.0,152.0,-34.0,152.0
2025-08-12 07:00:00,2.8,2.95,-34.0,152.0,-34.0,152.0
2025-08-12 08:00:00,2.6,2.76,-34.0,152.0,-34.0,152.0
2025-08-12 09:00:00,2.3,2.44,-34.0,152.0,-34.0,152.0
2025-08-12 10:00:00,2.3,2.37,-34.0,152.0,-34.0,152.0
2025-08-12 11:00:00,2.2,2.25,-34.0,152.0,-34.0,152.0
2025-08-12 12:00:00,1.87,1.92,-34.0,152.0,-34.0,152.0
2025-08-12 13:00:00,1.3,1.3,-34.0,152.0,-34.0,152.0
2025-08-12 14:00:00,1.22,1.22,-34.0,152.0,-34.0,152.0
2025-08-12 15:00:00,1.28,1.35,-34.0,152.0,-34.0,152.0
2025-08-12 16:00:00,1.35,1.46,-34.0,152.0,-34.0,152.0
2025-08-12 17:00:00,1.53,1.67,-34.0,152.0,-34.0,152.0
2025-08-12 18:00:00,1.68,1.82,-34.0,152.0,-34.0,152.0
2025-08-12 19:00:00,1.84,1.99,-34.0,152.0,-34.0,152.0
2025-08-12 20:00:00,2.0,2.15,-34.0,152.0,-34.0,152.0
2025-08-12 21:00:00,2.36,2.51,-34.0,152.0,-34.0,152.0
2025-08-12 22:00:00,3.73,3.93,-34.0,152.0,-34.0,152.0
2025-08-12 23:00:00,4.41,4.68,-34.0,152.0,-34.0,152.0
2025-08-13 00:00:00,3.79,4.01,-34.0,152.0,-34.0,152.0
2025-08-13 01:00:00,3.02,3.16,-34.0,152.0,-34.0,152.0
2025-08-13 02:00:00,2.58,2.72,-34.0,152.0,-34.0,152.0
2025-08-13 03:00:00,1.8,1.94,-34.0,152.0,-34.0,152.0
2025-08-13 04:00:00,1.33,1.44,-34.0,152.0,-34.0,152.0
2025-08-13 05:00:00,1.16,1.27,-34.0,152.0,-34.0,152.0
2025-08-13 06:00:00,1.75,1.85,-34.0,152.0,-34.0,152.0
2025-08-13 07:00:00,3.11,3.2,-34.0,152.0,-34.0,152.0
2025-08-13 08:00:00,4.53,4.77,-34.0,152.0,-34.0,152.0
2025-08-13 09:00:00,5.28,5.62,-34.0,152.0,-34.0,152.0
2025-08-13 10:00:00,4.38,4.72,-34.0,152.0,-34.0,152.0
2025-08-13 11:00:00,5.65,6.15,-34.0,152.0,-34.0,152.0
2025-08-13 12:00:00,4.57,4.98,-34.0,152.0,-34.0,152.0
2025-08-13 13:00:00,3.62,3.94,-34.0,152.0,-34.0,152.0
2025-08-13 14:00:00,5.12,5.5,-34.0,152.0,-34.0,152.0
2025-08-13 15:00:00,6.22,6.81,-34.0,152.0,-34.0,152.0
2025-08-13 16:00:00,6.1,6.69,-34.0,152.0,-34.0,152.0
2025-08-13 17:00:00,6.12,6.75,-34.0,152.0,-34.0,152.0
2025-08-13 18:00:00,6.35,7.01,-34.0,152.0,-34.0,152.0
2025-08-13 19:00:00,6.71,7.41,-34.0,152.0,-34.0,152.0
2025-08-13 20:00:00,6.91,7.66,-34.0,152.0,-34.0,152.0
2025-08-13 21:00:00,6.61,7.31,-34.0,152.0,-34.0,152.0
2025-08-13 22:00:00,4.71,5.03,-34.0,152.0,-34.0,152.0
2025-08-13 23:00:00,3.3,3.55,-34.0,152.0,-34.0,152.0
2025-08-14 00:00:00,3.25,3.39,-34.0,152.0,-34.0,152.0
2025-08-14 01:00:00,2.7,2.85,-34.0,152.0,-34.0,152.0
2025-08-14 02:00:00,1.9,2.09,-34.0,152.0,-34.0,152.0
2025-08-14 03:00:00,3.61,3.85,-34.0,152.0,-34.0,152.0
2025-08-14 04:00:00,3.99,4.3,-34.0,152.0,-34.0,152.0
2025-08-14 05:00:00,3.72,3.99,-34.0,152.0,-34.0,152.0
2025-08-14 06:00:00,4.32,4.59,-34.0,152.0,-34.0,152.0
2025-08-14 07:00:00,5.22,5.65,-34.0,152.0,-34.0,152.0
2025-08-14 08:00:00,5.75,6.26,-34.0,152.0,-34.0,152.0
2025-08-14 09:00:00,5.93,6.47,-34.0,152.0,-34.0,152.0
2025-08-14 10:00:00,4.33,4.7,-34.0,152.0,-34.0,152.0
2025-08-14 11:00:00,4.38,4.76,-34.0,152.0,-34.0,152.0
2025-08-14 12:00:00,5.48,5.89,-34.0,152.0,-34.0,152.0
2025-08-14 13:00:00,6.43,6.89,-34.0,152.0,-34.0,152.0
2025-08-14 14:00:00,6.78,7.29,-34.0,152.0,-34.0,152.0
2025-08-14 15:00:00,6.53,7.09,-34.0,152.0,-34.0,152.0
2025-08-14 16:00:00,6.4,7.0,-34.0,152.0,-34.0,152.0
2025-08-14 17:00:00,6.53,7.13,-34.0,152.0,-34.0,152.0
2025-08-14 18:00:00,5.82,6.39,-34.0,152.0,-34.0,152.0
2025-08-14 19:00:00,5.05,5.48,-34.0,152.0,-34.0,152.0
2025-08-14 20:00:00,4.78,5.18,-34.0,152.0,-34.0,152.0
2025-08-14 21:00:00,4.96,5.29,-34.0,152.0,-34.0,152.0
2025-08-14 22:00:00,5.0,5.35,-34.0,152.0,-34.0,152.0
2025-08-14 23:00:00,4.33,4.62,-34.0,152.0,-34.0,152.0
2025-08-15 00:00:00,4.79,5.07,-34.0,152.0,-34.0,152.0
2025-08-15 01:00:00,4.95,5.26,-34.0,152.0,-34.0,152.0
2025-08-15 02:00:00,4.88,5.21,-34.0,152.0,-34.0,152.0
2025-08-15 03:00:00,4.96,5.26,-34.0,152.0,-34.0,152.0
2025-08-15 04:00:00,4.78,5.02,-34.0,152.0,-34.0,152.0
2025-08-15 05:00:00,3.96,4.16,-34.0,152.0,-34.0,152.0
2025-08-15 06:00:00,3.5,3.7,-34.0,152.0,-34.0,152.0
2025-08-15 07:00:00,4.14,4.39,-34.0,152.0,-34.0,152.0
2025-08-15 08:00:00,5.3,5.73,-34.0,152.0,-34.0,152.0
2025-08-15 09:00:00,6.08,6.65,-34.0,152.0,-34.0,152.0
2025-08-15 10:00:00,5.8,6.25,-34.0,152.0,-34.0,152.0
2025-08-15 11:00:00,6.65,7.28,-34.0,152.0,-34.0,152.0
2025-08-15 12:00:00,7.01,7.72,-34.0,152.0,-34.0,152.0
2025-08-15 13:00:00,7.56,8.35,-34.0,152.0,-34.0,152.0
2025-08-15 14:00:00,8.39,9.38,-34.0,152.0,-34.0,152.0
2025-08-15 15:00:00,8.65,9.78,-34.0,152.0,-34.0,152.0
2025-08-15 16:00:00,8.24,9.22,-34.0,152.0,-34.0,152.0
2025-08-15 17:00:00,8.16,9.08,-34.0,152.0,-34.0,152.0
2025-08-15 18:00:00,8.16,9.08,-34.0,152.0,-34.0,152.0
2025-08-15 19:00:00,8.22,9.18,-34.0,152.0,-34.0,152.0
2025-08-15 20:00:00,8.49,9.4,-34.0,152.0,-34.0,152.0
2025-08-15 21:00:00,8.35,9.26,-34.0,152.0,-34.0,152.0
2025-08-15 22:00:00,8.33,9.16,-34.0,152.0,-34.0,152.0
2025-08-15 23:00:00,7.36,7.97,-34.0,152.0,-34.0,152.0
2025-08-16 00:00:00,6.43,6.98,-34.0,152.0,-34.0,152.0
2025-08-16 01:00:00,5.85,6.3,-34.0,152.0,-34.0,152.0
2025-08-16 02:00:00,5.7,6.15,-34.0,152.0,-34.0,152.0
2025-08-16 03:00:00,6.48,6.98,-34.0,152.0,-34.0,152.0
2025-08-16 04:00:00,7.34,8.04,-34.0,152.0,-34.0,152.0
2025-08-16 05:00:00,7.88,8.68,-34.0,152.0,-34.0,152.0
2025-08-16 06:00:00,7.96,8.8,-34.0,152.0,-34.0,152.0
2025-08-16 07:00:00,8.54,9.48,-34.0,152.0,-34.0,152.0
2025-08-16 08:00:00,9.42,10.56,-34.0,152.0,-34.0,152.0
2025-08-16 09:00:00,9.83,11.03,-34.0,152.0,-34.0,152.0
2025-08-16 10:00:00,10.27,11.57,-34.0,152.0,-34.0,152.0
2025-08-16 11:00:00,10.58,12.01,-34.0,152.0,-34.0,152.0
2025-08-16 12:00:00,10.24,11.61,-34.0,152.0,-34.0,152.0
2025-08-16 13:00:00,9.49,10.67,-34.0,152.0,-34.0,152.0
2025-08-16 14:00:00,8.65,9.6,-34.0,152.0,-34.0,152.0
2025-08-16 15:00:00,8.34,9.1,-34.0,152.0,-34.0,152.0
2025-08-16 16:00:00,8.12,8.89,-34.0,152.0,-34.0,152.0
2025-08-16 17:00:00,7.74,8.44,-34.0,152.0,-34.0,152.0
2025-08-16 18:00:00,7.94,8.63,-34.0,152.0,-34.0,152.0
2025-08-16 19:00:00,7.8,8.48,-34.0,152.0,-34.0,152.0
2025-08-16 20:00:00,7.45,8.12,-34.0,152.0,-34.0,152.0
2025-08-16 21:00:00,7.32,7.96,-34.0,152.0,-34.0,152.0
2025-08-16 22:00:00,7.58,8.19,-34.0,152.0,-34.0,152.0
2025-08-16 23:00:00,7.48,8.09,-34.0,152.0,-34.0,152.0
2025-08-17 00:00:00,7.41,8.02,-34.0,152.0,-34.0,152.0
2025-08-17 01:00:00,7.17,7.71,-34.0,152.0,-34.0,152.0
2025-08-17 02:00:00,6.88,7.42,-34.0,152.0,-34.0,152.0
2025-08-17 03:00:00,6.68,7.15,-34.0,152.0,-34.0,152.0
2025-08-17 04:00:00,6.33,6.73,-34.0,152.0,-34.0,152.0
2025-08-17 05:00:00,6.24,6.6,-34.0,152.0,-34.0,152.0
2025-08-17 06:00:00,5.96,6.29,-34.0,152.0,-34.0,152.0
2025-08-17 07:00:00,5.17,5.48,-34.0,152.0,-34.0,152.0
2025-08-17 08:00:00,5.19,5.5,-34.0,152.0,-34.0,152.0
2025-08-17 09:00:00,5.87,6.32,-34.0,152.0,-34.0,152.0
2025-08-17 10:00:00,6.52,6.95,-34.0,152.0,-34.0,152.0
2025-08-17 11:00:00,6.42,6.82,-34.0,152.0,-34.0,152.0
2025-08-17 12:00:00,6.42,6.93,-34.0,152.0,-34.0,152.0
2025-08-17 13:00:00,7.18,7.74,-34.0,152.0,-34.0,152.0
2025-08-17 14:00:00,8.21,9.02,-34.0,152.0,-34.0,152.0
2025-08-17 15:00:00,8.64,9.52,-34.0,152.0,-34.0,152.0
2025-08-17 16:00:00,9.19,10.2,-34.0,152.0,-34.0,152.0
2025-08-17 17:00:00,9.86,11.02,-34.0,152.0,-34.0,152.0
2025-08-17 18:00:00,9.92,11.13,-34.0,152.0,-34.0,152.0
2025-08-17 19:00:00,9.58,10.73,-34.0,152.0,-34.0,152.0
2025-08-17 20:00:00,9.63,10.69,-34.0,152.0,-34.0,152.0
2025-08-17 21:00:00,9.45,10.5,-34.0,152.0,-34.0,152.0
2025-08-17 22:00:00,8.39,9.22,-34.0,152.0,-34.0,152.0
2025-08-17 23:00:00,8.89,9.76,-34.0,152.0,-34.0,152.0
2025-08-18 00:00:00,8.96,9.91,-34.0,152.0,-34.0,152.0
2025-08-18 01:00:00,8.45,9.31,-34.0,152.0,-34.0,152.0
2025-08-18 02:00:00,8.93,9.85,-34.0,152.0,-34.0,152.0
2025-08-18 03:00:00,8.59,9.49,-34.0,152.0,-34.0,152.0
2025-08-18 04:00:00,7.52,8.22,-34.0,152.0,-34.0,152.0
2025-08-18 05:00:00,7.33,7.98,-34.0,152.0,-34.0,152.0
2025-08-18 06:00:00,6.95,7.54,-34.0,152.0,-34.0,152.0
2025-08-18 07:00:00,6.06,6.5,-34.0,152.0,-34.0,152.0
2025-08-18 08:00:00,5.88,6.32,-34.0,152.0,-34.0,152.0
2025-08-18 09:00:00,5.96,6.46,-34.0,152.0,-34.0,152.0
2025-08-18 10:00:00,5.93,6.33,-34.0,152.0,-34.0,152.0
2025-08-18 11:00:00,5.7,6.1,-34.0,152.0,-34.0,152.0
2025-08-18 12:00:00,5.48,5.89,-34.0,152.0,-34.0,152.0
2025-08-18 13:00:00,5.23,5.64,-34.0,152.0,-34.0,152.0
2025-08-18 14:00:00,4.64,5.04,-34.0,152.0,-34.0,152.0
2025-08-18 15:00:00,4.22,4.57,-34.0,152.0,-34.0,152.0
2025-08-18 16:00:00,4.31,4.66,-34.0,152.0,-34.0,152.0
2025-08-18 17:00:00,4.51,4.93,-34.0,152.0,-34.0,152.0
2025-08-18 18:00:00,4.7,5.08,-34.0,152.0,-34.0,152.0
2025-08-18 19:00:00,4.52,4.91,-34.0,152.0,-34.0,152.0
2025-08-18 20:00:00,4.42,4.79,-34.0,152.0,-34.0,152.0
2025-08-18 21:00:00,3.89,4.28,-34.0,152.0,-34.0,152.0
2025-08-18 22:00:00,2.61,2.69,-34.0,152.0,-34.0,152.0
2025-08-18 23:00:00,3.21,3.35,-34.0,152.0,-34.0,152.0
2025-08-19 00:00:00,3.4,3.57,-34.0,152.0,-34.0,152.0
2025-08-19 01:00:00,3.51,3.69,-34.0,152.0,-34.0,152.0
2025-08-19 02:00:00,3.3,3.48,-34.0,152.0,-34.0,152.0
2025-08-19 03:00:00,3.6,3.78,-34.0,152.0,-34.0,152.0
2025-08-19 04:00:00,4.29,4.57,-34.0,152.0,-34.0,152.0
2025-08-19 05:00:00,4.46,4.82,-34.0,152.0,-34.0,152.0
2025-08-19 06:00:00,4.26,4.54,-34.0,152.0,-34.0,152.0
2025-08-19 07:00:00,4.15,4.38,-34.0,152.0,-34.0,152.0
2025-08-19 08:00:00,4.3,4.54,-34.0,152.0,-34.0,152.0
2025-08-19 09:00:00,4.82,5.15,-34.0,152.0,-34.0,152.0
2025-08-19 10:00:00,4.06,4.3,-34.0,152.0,-34.0,152.0
2025-08-19 11:00:00,5.01,5.35,-34.0,152.0,-34.0,152.0
2025-08-19 12:00:00,5.46,5.78,-34.0,152.0,-34.0,152.0
2025-08-19 13:00:00,6.09,6.5,-34.0,152.0,-34.0,152.0
2025-08-19 14:00:00,6.4,6.85,-34.0,152.0,-34.0,152.0
2025-08-19 15:00:00,6.6,7.16,-34.0,152.0,-34.0,152.0
2025-08-19 16:00:00,6.51,7.11,-34.0,152.0,-34.0,152.0
2025-08-19 17:00:00,6.21,6.71,-34.0,152.0,-34.0,152.0
2025-08-19 18:00:00,5.86,6.21,-34.0,152.0,-34.0,152.0
2025-08-19 19:00:00,5.61,5.96,-34.0,152.0,-34.0,152.0
2025-08-19 20:00:00,5.55,5.9,-34.0,152.0,-34.0,152.0
2025-08-19 21:00:00,5.9,6.3,-34.0,152.0,-34.0,152.0
2025-08-19 22:00:00,5.96,6.4,-34.0,152.0,-34.0,152.0
2025-08-19 23:00:00,6.57,7.03,-34.0,152.0,-34.0,152.0
2025-08-20 00:00:00,6.4,6.91,-34.0,152.0,-34.0,152.0
2025-08-20 01:00:00,6.17,6.67,-34.0,152.0,-34.0,152.0
2025-08-20 02:00:00,6.76,7.42,-34.0,152.0,-34.0,152.0
2025-08-20 03:00:00,6.9,7.66,-34.0,152.0,-34.0,152.0
2025-08-20 04:00:00,6.95,7.75,-34.0,152.0,-34.0,152.0
2025-08-20 05:00:00,7.01,7.81,-34.0,152.0,-34.0,152.0
2025-08-20 06:00:00,7.26,8.06,-34.0,152.0,-34.0,152.0
2025-08-20 07:00:00,7.85,8.7,-34.0,152.0,-34.0,152.0
2025-08-20 08:00:00,8.5,9.45,-34.0,152.0,-34.0,152.0
2025-08-20 09:00:00,8.85,10.0,-34.0,152.0,-34.0,152.0
2025-08-20 10:00:00,8.21,9.26,-34.0,152.0,-34.0,152.0
2025-08-20 11:00:00,9.1,10.25,-34.0,152.0,-34.0,152.0
2025-08-20 12:00:00,10.36,11.76,-34.0,152.0,-34.0,152.0
2025-08-20 13:00:00,10.3,11.79,-34.0,152.0,-34.0,152.0
2025-08-20 14:00:00,9.9,11.36,-34.0,152.0,-34.0,152.0
2025-08-20 15:00:00,9.74,11.1,-34.0,152.0,-34.0,152.0
2025-08-20 16:00:00,10.41,11.79,-34.0,152.0,-34.0,152.0
2025-08-20 17:00:00,10.56,12.01,-34.0,152.0,-34.0,152.0
2025-08-20 18:00:00,10.8,12.41,-34.0,152.0,-34.0,152.0
2025-08-20 19:00:00,11.16,12.84,-34.0,152.0,-34.0,152.0
2025-08-20 20:00:00,11.92,13.8,-34.0,152.0,-34.0,152.0
2025-08-20 21:00:00,12.82,14.9,-34.0,152.0,-34.0,152.0
2025-08-20 22:00:00,11.43,13.38,-34.0,152.0,-34.0,152.0
2025-08-20 23:00:00,11.25,13.3,-34.0,152.0,-34.0,152.0
2025-08-21 00:00:00,12.45,14.74,-34.0,152.0,-34.0,152.0
2025-08-21 01:00:00,13.15,15.69,-34.0,152.0,-34.0,152.0
2025-08-21 02:00:00,12.68,14.96,-34.0,152.0,-34.0,152.0
2025-08-21 03:00:00,11.94,13.81,-34.0,152.0,-34.0,152.0
2025-08-21 04:00:00,11.0,12.62,-34.0,152.0,-34.0,152.0
2025-08-21 05:00:00,9.38,10.63,-34.0,152.0,-34.0,152.0
2025-08-21 06:00:00,10.27,11.48,-34.0,152.0,-34.0,152.0
2025-08-21 07:00:00,12.34,13.97,-34.0,152.0,-34.0,152.0
2025-08-21 08:00:00,12.6,14.36,-34.0,152.0,-34.0,152.0
2025-08-21 09:00:00,11.78,13.52,-34.0,152.0,-34.0,152.0
2025-08-21 10:00:00,7.58,8.36,-34.0,152.0,-34.0,152.0
2025-08-21 11:00:00,7.43,8.17,-34.0,152.0,-34.0,152.0
2025-08-21 12:00:00,7.41,8.18,-34.0,152.0,-34.0,152.0
2025-08-21 13:00:00,7.34,8.18,-34.0,152.0,-34.0,152.0
2025-08-21 14:00:00,6.59,7.39,-34.0,152.0,-34.0,152.0
2025-08-21 15:00:00,5.23,5.87,-34.0,152.0,-34.0,152.0
2025-08-21 16:00:00,5.19,5.79,-34.0,152.0,-34.0,152.0
2025-08-21 17:00:00,5.81,6.41,-34.0,152.0,-34.0,152.0
2025-08-21 18:00:00,5.93,6.47,-34.0,152.0,-34.0,152.0
2025-08-21 19:00:00,5.94,6.4,-34.0,152.0,-34.0,152.0
2025-08-21 20:00:00,6.45,6.92,-34.0,152.0,-34.0,152.0
2025-08-21 21:00:00,6.47,7.01,-34.0,152.0,-34.0,152.0
2025-08-21 22:00:00,6.92,7.5,-34.0,152.0,-34.0,152.0
2025-08-21 23:00:00,6.78,7.38,-34.0,152.0,-34.0,152.0
2025-08-22 00:00:00,7.16,7.74,-34.0,152.0,-34.0,152.0
2025-08-22 01:00:00,5.79,6.22,-34.0,152.0,-34.0,152.0
2025-08-22 02:00:00,4.26,4.57,-34.0,152.0,-34.0,152.0
2025-08-22 03:00:00,3.65,3.96,-34.0,152.0,-34.0,152.0
2025-08-22 04:00:00,1.19,1.39,-34.0,152.0,-34.0,152.0
2025-08-22 05:00:00,0.56,0.43,-34.0,152.0,-34.0,152.0
2025-08-22 06:00:00,2.47,2.61,-34.0,152.0,-34.0,152.0
2025-08-22 07:00:00,4.64,4.91,-34.0,152.0,-34.0,152.0
2025-08-22 08:00:00,6.12,6.57,-34.0,152.0,-34.0,152.0
2025-08-22 09:00:00,6.6,7.24,-34.0,152.0,-34.0,152.0
2025-08-22 10:00:00,13.26,15.44,-34.0,152.0,-34.0,152.0
2025-08-22 11:00:00,13.32,15.37,-34.0,152.0,-34.0,152.0
2025-08-22 12:00:00,11.92,13.6,-34.0,152.0,-34.0,152.0
2025-08-22 13:00:00,9.6,10.71,-34.0,152.0,-34.0,152.0
2025-08-22 14:00:00,6.73,7.22,-34.0,152.0,-34.0,152.0
2025-08-22 15:00:00,3.92,4.09,-34.0,152.0,-34.0,152.0
2025-08-22 16:00:00,1.66,1.63,-34.0,152.0,-34.0,152.0
2025-08-22 17:00:00,2.5,2.81,-34.0,152.0,-34.0,152.0
2025-08-22 18:00:00,4.63,5.11,-34.0,152.0,-34.0,152.0
2025-08-22 19:00:00,7.27,8.06,-34.0,152.0,-34.0,152.0
2025-08-22 20:00:00,9.22,10.4,-34.0,152.0,-34.0,152.0
2025-08-22 21:00:00,9.8,11.29,-34.0,152.0,-34.0,152.0
2025-08-22 22:00:00,8.97,10.18,-34.0,152.0,-34.0,152.0
2025-08-22 23:00:00,9.5,10.8,-34.0,152.0,-34.0,152.0
2025-08-23 00:00:00,9.87,11.31,-34.0,152.0,-34.0,152.0
2025-08-23 01:00:00,10.15,11.67,-34.0,152.0,-34.0,152.0
2025-08-23 02:00:00,10.17,11.77,-34.0,152.0,-34.0,152.0
2025-08-23 03:00:00,10.49,12.23,-34.0,152.0,-34.0,152.0
2025-08-23 04:00:00,11.36,13.24,-34.0,152.0,-34.0,152.0
2025-08-23 05:00:00,12.32,14.49,-34.0,152.0,-34.0,152.0
2025-08-23 06:00:00,12.68,15.14,-34.0,152.0,-34.0,152.0
2025-08-23 07:00:00,12.49,15.0,-34.0,152.0,-34.0,152.0
2025-08-23 08:00:00,11.86,14.21,-34.0,152.0,-34.0,152.0
2025-08-23 09:00:00,11.17,13.24,-34.0,152.0,-34.0,152.0
2025-08-23 10:00:00,10.88,12.73,-34.0,152.0,-34.0,152.0
2025-08-23 11:00:00,11.12,12.94,-34.0,152.0,-34.0,152.0
2025-08-23 12:00:00,11.92,13.82,-34.0,152.0,-34.0,152.0
2025-08-23 13:00:00,13.18,15.45,-34.0,152.0,-34.0,152.0
2025-08-23 14:00:00,13.52,15.96,-34.0,152.0,-34.0,152.0
2025-08-23 15:00:00,14.27,16.86,-34.0,152.0,-34.0,152.0
2025-08-23 16:00:00,14.07,16.6,-34.0,152.0,-34.0,152.0
2025-08-23 17:00:00,13.78,16.13,-34.0,152.0,-34.0,152.0
2025-08-23 18:00:00,13.59,15.82,-34.0,152.0,-34.0,152.0
2025-08-23 19:00:00,13.3,15.36,-34.0,152.0,-34.0,152.0
2025-08-23 20:00:00,13.01,14.99,-34.0,152.0,-34.0,152.0
2025-08-23 21:00:00,12.68,14.55,-34.0,152.0,-34.0,152.0
2025-08-23 22:00:00,11.29,12.77,-34.0,152.0,-34.0,152.0
2025-08-23 23:00:00,10.96,12.35,-34.0,152.0,-34.0,152.0
2025-08-24 00:00:00,10.75,12.08,-34.0,152.0,-34.0,152.0
2025-08-24 01:00:00,10.74,12.04,-34.0,152.0,-34.0,152.0
2025-08-24 02:00:00,10.87,12.24,-34.0,152.0,-34.0,152.0
2025-08-24 03:00:00,11.13,12.64,-34.0,152.0,-34.0,152.0
2025-08-24 04:00:00,11.26,12.79,-34.0,152.0,-34.0,152.0
2025-08-24 05:00:00,11.99,13.77,-34.0,152.0,-34.0,152.0
2025-08-24 06:00:00,12.84,14.85,-34.0,152.0,-34.0,152.0
2025-08-24 07:00:00,13.15,15.36,-34.0,152.0,-34.0,152.0
2025-08-24 08:00:00,13.08,15.35,-34.0,152.0,-34.0,152.0
2025-08-24 09:00:00,13.14,15.52,-34.0,152.0,-34.0,152.0
2025-08-24 10:00:00,13.78,16.09,-34.0,152.0,-34.0,152.0
2025-08-24 11:00:00,13.02,15.28,-34.0,152.0,-34.0,152.0
2025-08-24 12:00:00,12.79,14.92,-34.0,152.0,-34.0,152.0
2025-08-24 13:00:00,12.35,14.44,-34.0,152.0,-34.0,152.0
2025-08-24 14:00:00,12.13,14.14,-34.0,152.0,-34.0,152.0
2025-08-24 15:00:00,12.03,14.05,-34.0,152.0,-34.0,152.0
2025-08-24 16:00:00,11.88,13.86,-34.0,152.0,-34.0,152.0
2025-08-24 17:00:00,11.48,13.32,-34.0,152.0,-34.0,152.0
2025-08-24 18:00:00,10.68,12.31,-34.0,152.0,-34.0,152.0
2025-08-24 19:00:00,9.31,10.66,-34.0,152.0,-34.0,152.0
2025-08-24 20:00:00,7.51,8.52,-34.0,152.0,-34.0,152.0
2025-08-24 21:00:00,6.02,6.78,-34.0,152.0,-34.0,152.0
2025-08-24 22:00:00,4.05,4.47,-34.0,152.0,-34.0,152.0
2025-08-24 23:00:00,5.07,5.54,-34.0,152.0,-34.0,152.0
2025-08-25 00:00:00,6.46,7.07,-34.0,152.0,-34.0,152.0
2025-08-25 01:00:00,6.76,7.36,-34.0,152.0,-34.0,152.0
2025-08-25 02:00:00,6.22,6.78,-34.0,152.0,-34.0,152.0
2025-08-25 03:00:00,5.38,5.8,-34.0,152.0,-34.0,152.0
2025-08-25 04:00:00,4.1,4.36,-34.0,152.0,-34.0,152.0
2025-08-25 05:00:00,3.36,3.51,-34.0,152.0,-34.0,152.0
2025-08-25 06:00:00,2.56,2.66,-34.0,152.0,-34.0,152.0
2025-08-25 07:00:00,1.56,1.59,-34.0,152.0,-34.0,152.0
2025-08-25 08:00:00,2.04,2.16,-34.0,152.0,-34.0,152.0
2025-08-25 09:00:00,2.8,3.02,-34.0,152.0,-34.0,152.0
2025-08-25 10:00:00,3.02,3.2,-34.0,152.0,-34.0,152.0
2025-08-25 11:00:00,4.01,4.33,-34.0,152.0,-34.0,152.0
2025-08-25 12:00:00,5.29,5.79,-34.0,152.0,-34.0,152.0
2025-08-25 13:00:00,6.51,7.16,-34.0,152.0,-34.0,152.0
2025-08-25 14:00:00,7.03,7.85,-34.0,152.0,-34.0,152.0
2025-08-25 15:00:00,7.11,8.07,-34.0,152.0,-34.0,152.0
2025-08-25 16:00:00,7.4,8.42,-34.0,152.0,-34.0,152.0
2025-08-25 17:00:00,7.78,8.83,-34.0,152.0,-34.0,152.0
2025-08-25 18:00:00,8.14,9.19,-34.0,152.0,-34.0,152.0
2025-08-25 19:00:00,8.13,9.17,-34.0,152.0,-34.0,152.0
2025-08-25 20:00:00,8.67,9.87,-34.0,152.0,-34.0,152.0
2025-08-25 21:00:00,9.5,10.91,-34.0,152.0,-34.0,152.0
2025-08-25 22:00:00,9.71,11.4,-34.0,152.0,-34.0,152.0
2025-08-25 23:00:00,9.63,11.32,-34.0,152.0,-34.0,152.0
2025-08-26 00:00:00,9.17,10.72,-34.0,152.0,-34.0,152.0
2025-08-26 01:00:00,9.15,10.7,-34.0,152.0,-34.0,152.0
2025-08-26 02:00:00,9.43,11.09,-34.0,152.0,-34.0,152.0
2025-08-26 03:00:00,9.85,11.62,-34.0,152.0,-34.0,152.0
2025-08-26 04:00:00,10.41,12.36,-34.0,152.0,-34.0,152.0
2025-08-26 05:00:00,10.47,12.61,-34.0,152.0,-34.0,152.0
2025-08-26 06:00:00,10.46,12.76,-34.0,152.0,-34.0,152.0
2025-08-26 07:00:00,10.91,13.58,-34.0,152.0,-34.0,152.0
2025-08-26 08:00:00,11.24,14.23,-34.0,152.0,-34.0,152.0
2025-08-26 09:00:00,11.75,14.93,-34.0,152.0,-34.0,152.0
2025-08-26 10:00:00,11.74,15.12,-34.0,152.0,-34.0,152.0
2025-08-26 11:00:00,12.01,15.34,-34.0,152.0,-34.0,152.0
2025-08-26 12:00:00,12.35,15.61,-34.0,152.0,-34.0,152.0
2025-08-26 13:00:00,11.72,14.8,-34.0,152.0,-34.0,152.0
2025-08-26 14:00:00,11.42,14.41,-34.0,152.0,-34.0,152.0
2025-08-26 15:00:00,11.05,13.9,-34.0,152.0,-34.0,152.0
2025-08-26 16:00:00,10.52,13.16,-34.0,152.0,-34.0,152.0
2025-08-26 17:00:00,10.65,13.22,-34.0,152.0,-34.0,152.0
2025-08-26 18:00:00,10.79,13.37,-34.0,152.0,-34.0,152.0
2025-08-26 19:00:00,10.57,13.11,-34.0,152.0,-34.0,152.0
2025-08-26 20:00:00,10.15,12.41,-34.0,152.0,-34.0,152.0
2025-08-26 21:00:00,9.21,10.96,-34.0,152.0,-34.0,152.0
2025-08-26 22:00:00,8.04,9.57,-34.0,152.0,-34.0,152.0
2025-08-26 23:00:00,7.95,9.39,-34.0,152.0,-34.0,152.0
2025-08-27 00:00:00,7.96,9.57,-34.0,152.0,-34.0,152.0
2025-08-27 01:00:00,8.18,10.35,-34.0,152.0,-34.0,152.0
2025-08-27 02:00:00,10.12,12.59,-34.0,152.0,-34.0,152.0
2025-08-27 03:00:00,10.64,12.76,-34.0,152.0,-34.0,152.0
2025-08-27 04:00:00,11.72,14.18,-34.0,152.0,-34.0,152.0
2025-08-27 05:00:00,12.56,15.25,-34.0,152.0,-34.0,152.0
2025-08-27 06:00:00,12.36,14.91,-34.0,152.0,-34.0,152.0
2025-08-27 07:00:00,12.63,15.25,-34.0,152.0,-34.0,152.0
2025-08-27 08:00:00,12.99,15.76,-34.0,152.0,-34.0,152.0
2025-08-27 09:00:00,13.27,16.07,-34.0,152.0,-34.0,152.0
2025-08-27 10:00:00,13.26,15.98,-34.0,152.0,-34.0,152.0
2025-08-27 11:00:00,12.67,15.24,-34.0,152.0,-34.0,152.0
2025-08-27 12:00:00,13.03,15.74,-34.0,152.0,-34.0,152.0
2025-08-27 13:00:00,12.52,15.23,-34.0,152.0,-34.0,152.0
2025-08-27 14:00:00,12.37,14.92,-34.0,152.0,-34.0,152.0
2025-08-27 15:00:00,12.21,14.56,-34.0,152.0,-34.0,152.0
2025-08-27 16:00:00,11.99,14.11,-34.0,152.0,-34.0,152.0
2025-08-27 17:00:00,11.06,12.93,-34.0,152.0,-34.0,152.0
2025-08-27 18:00:00,10.69,12.41,-34.0,152.0,-34.0,152.0
2025-08-27 19:00:00,10.29,11.74,-34.0,152.0,-34.0,152.0
2025-08-27 20:00:00,9.78,10.98,-34.0,152.0,-34.0,152.0
2025-08-27 21:00:00,9.4,10.52,-34.0,152.0,-34.0,152.0
2025-08-27 22:00:00,8.62,9.62,-34.0,152.0,-34.0,152.0
2025-08-27 23:00:00,8.4,9.26,-34.0,152.0,-34.0,152.0
2025-08-28 00:00:00,7.75,8.47,-34.0,152.0,-34.0,152.0
2025-08-28 01:00:00,6.88,7.52,-34.0,152.0,-34.0,152.0
2025-08-28 02:00:00,7.72,8.52,-34.0,152.0,-34.0,152.0
2025-08-28 03:00:00,8.19,9.2,-34.0,152.0,-34.0,152.0
2025-08-28 04:00:00,9.17,10.45,-34.0,152.0,-34.0,152.0
2025-08-28 05:00:00,9.93,11.62,-34.0,152.0,-34.0,152.0
2025-08-28 06:00:00,10.94,12.97,-34.0,152.0,-34.0,152.0
2025-08-28 07:00:00,11.3,13.53,-34.0,152.0,-34.0,152.0
2025-08-28 08:00:00,11.75,13.87,-34.0,152.0,-34.0,152.0
2025-08-28 09:00:00,11.78,13.9,-34.0,152.0,-34.0,152.0
2025-08-28 10:00:00,10.48,12.03,-34.0,152.0,-34.0,152.0
2025-08-28 11:00:00,9.71,11.01,-34.0,152.0,-34.0,152.0
2025-08-28 12:00:00,7.72,8.58,-34.0,152.0,-34.0,152.0
2025-08-28 13:00:00,8.52,9.5,-34.0,152.0,-34.0,152.0
2025-08-28 14:00:00,9.5,10.74,-34.0,152.0,-34.0,152.0
2025-08-28 15:00:00,10.51,12.14,-34.0,152.0,-34.0,152.0
2025-08-28 16:00:00,10.78,12.53,-34.0,152.0,-34.0,152.0
2025-08-28 17:00:00,10.37,12.02,-34.0,152.0,-34.0,152.0
2025-08-28 18:00:00,10.08,11.45,-34.0,152.0,-34.0,152.0
2025-08-28 19:00:00,9.76,11.03,-34.0,152.0,-34.0,152.0
2025-08-28 20:00:00,9.76,10.97,-34.0,152.0,-34.0,152.0
2025-08-28 21:00:00,9.97,11.2,-34.0,152.0,-34.0,152.0
2025-08-28 22:00:00,11.51,13.22,-34.0,152.0,-34.0,152.0
2025-08-28 23:00:00,10.47,11.93,-34.0,152.0,-34.0,152.0
2025-08-29 00:00:00,9.5,10.64,-34.0,152.0,-34.0,152.0
2025-08-29 01:00:00,9.29,10.41,-34.0,152.0,-34.0,152.0
2025-08-29 02:00:00,9.17,10.27,-34.0,152.0,-34.0,152.0
2025-08-29 03:00:00,9.18,10.33,-34.0,152.0,-34.0,152.0
2025-08-29 04:00:00,9.0,10.31,-34.0,152.0,-34.0,152.0
2025-08-29 05:00:00,9.06,10.4,-34.0,152.0,-34.0,152.0
2025-08-29 06:00:00,9.92,11.53,-34.0,152.0,-34.0,152.0
2025-08-29 07:00:00,11.15,13.11,-34.0,152.0,-34.0,152.0
2025-08-29 08:00:00,12.14,14.6,-34.0,152.0,-34.0,152.0
2025-08-29 09:00:00,12.58,15.21,-34.0,152.0,-34.0,152.0
2025-08-29 10:00:00,12.98,15.75,-34.0,152.0,-34.0,152.0
2025-08-29 11:00:00,12.74,15.63,-34.0,152.0,-34.0,152.0
2025-08-29 12:00:00,12.32,14.93,-34.0,152.0,-34.0,152.0
2025-08-29 13:00:00,11.79,14.08,-34.0,152.0,-34.0,152.0
2025-08-29 14:00:00,13.5,16.09,-34.0,152.0,-34.0,152.0
2025-08-29 15:00:00,14.41,17.22,-34.0,152.0,-34.0,152.0
2025-08-29 16:00:00,13.14,15.8,-34.0,152.0,-34.0,152.0
2025-08-29 17:00:00,14.05,16.84,-34.0,152.0,-34.0,152.0
2025-08-29 18:00:00,14.8,17.83,-34.0,152.0,-34.0,152.0
2025-08-29 19:00:00,15.82,19.13,-34.0,152.0,-34.0,152.0
2025-08-29 20:00:00,15.33,18.6,-34.0,152.0,-34.0,152.0
2025-08-29 21:00:00,15.13,18.24,-34.0,152.0,-34.0,152.0
2025-08-29 22:00:00,14.67,17.13,-34.0,152.0,-34.0,152.0
2025-08-29 23:00:00,14.74,17.26,-34.0,152.0,-34.0,152.0
2025-08-30 00:00:00,13.44,15.77,-34.0,152.0,-34.0,152.0
2025-08-30 01:00:00,13.87,16.25,-34.0,152.0,-34.0,152.0
2025-08-30 02:00:00,14.49,17.2,-34.0,152.0,-34.0,152.0
2025-08-30 03:00:00,15.03,18.0,-34.0,152.0,-34.0,152.0
2025-08-30 04:00:00,17.51,21.32,-34.0,152.0,-34.0,152.0
2025-08-30 05:00:00,16.17,20.04,-34.0,152.0,-34.0,152.0
2025-08-30 06:00:00,15.35,18.75,-34.0,152.0,-34.0,152.0
2025-08-30 07:00:00,15.3,18.35,-34.0,152.0,-34.0,152.0
2025-08-30 08:00:00,15.2,17.96,-34.0,152.0,-34.0,152.0
2025-08-30 09:00:00,14.04,16.3,-34.0,152.0,-34.0,152.0
2025-08-30 10:00:00,12.58,14.35,-34.0,152.0,-34.0,152.0
2025-08-30 11:00:00,11.83,13.38,-34.0,152.0,-34.0,152.0
2025-08-30 12:00:00,11.28,12.74,-34.0,152.0,-34.0,152.0
2025-08-30 13:00:00,10.54,11.76,-34.0,152.0,-34.0,152.0
2025-08-30 14:00:00,9.85,10.93,-34.0,152.0,-34.0,152.0
2025-08-30 15:00:00,9.18,10.11,-34.0,152.0,-34.0,152.0
2025-08-30 16:00:00,8.73,9.52,-34.0,152.0,-34.0,152.0
2025-08-30 17:00:00,8.28,9.03,-34.0,152.0,-34.0,152.0
2025-08-30 18:00:00,7.88,8.52,-34.0,152.0,-34.0,152.0
2025-08-30 19:00:00,7.06,7.55,-34.0,152.0,-34.0,152.0
2025-08-30 20:00:00,6.24,6.67,-34.0,152.0,-34.0,152.0
2025-08-30 21:00:00,5.75,6.11,-34.0,152.0,-34.0,152.0
2025-08-30 22:00:00,6.22,6.58,-34.0,152.0,-34.0,152.0
2025-08-30 23:00:00,6.64,6.97,-34.0,152.0,-34.0,152.0
2025-08-31 00:00:00,6.45,6.78,-34.0,152.0,-34.0,152.0
2025-08-31 01:00:00,6.01,6.34,-34.0,152.0,-34.0,152.0
2025-08-31 02:00:00,5.29,5.61,-34.0,152.0,-34.0,152.0
2025-08-31 03:00:00,4.38,4.59,-34.0,152.0,-34.0,152.0
2025-08-31 04:00:00,3.21,3.36,-34.0,152.0,-34.0,152.0
2025-08-31 05:00:00,2.47,2.54,-34.0,152.0,-34.0,152.0
2025-08-31 06:00:00,2.2,2.31,-34.0,152.0,-34.0,152.0
2025-08-31 07:00:00,2.55,2.77,-34.0,152.0,-34.0,152.0
2025-08-31 08:00:00,3.39,3.61,-34.0,152.0,-34.0,152.0
2025-08-31 09:00:00,4.08,4.34,-34.0,152.0,-34.0,152.0
2025-08-31 10:00:00,3.88,4.12,-34.0,152.0,-34.0,152.0
2025-08-31 11:00:00,3.72,3.95,-34.0,152.0,-34.0,152.0
2025-08-31 12:00:00,4.03,4.14,-34.0,152.0,-34.0,152.0
2025-08-31 13:00:00,5.03,5.21,-34.0,152.0,-34.0,152.0
2025-08-31 14:00:00,6.04,6.41,-34.0,152.0,-34.0,152.0
2025-08-31 15:00:00,6.63,7.1,-34.0,152.0,-34.0,152.0
2025-08-31 16:00:00,5.99,6.41,-34.0,152.0,-34.0,152.0
2025-08-31 17:00:00,4.88,5.17,-34.0,152.0,-34.0,152.0
2025-08-31 18:00:00,3.97,4.12,-34.0,152.0,-34.0,152.0
2025-08-31 19:00:00,3.6,3.75,-34.0,152.0,-34.0,152.0
2025-08-31 20:00:00,3.63,3.79,-34.0,152.0,-34.0,152.0
2025-08-31 21:00:00,3.75,3.91,-34.0,152.0,-34.0,152.0
2025-08-31 22:00:00,3.14,3.2,-34.0,152.0,-34.0,152.0
2025-08-31 23:00:00,3.32,3.39,-34.0,152.0,-34.0,152.0
2025-09-01 00:00:00,3.61,3.62,-34.0,152.0,-34.0,152.0
2025-09-01 01:00:00,4.05,4.16,-34.0,152.0,-34.0,152.0
2025-09-01 02:00:00,4.26,4.39,-34.0,152.0,-34.0,152.0
2025-09-01 03:00:00,4.08,4.25,-34.0,152.0,-34.0,152.0
2025-09-01 04:00:00,3.93,4.09,-34.0,152.0,-34.0,152.0
2025-09-01 05:00:00,3.62,3.8,-34.0,152.0,-34.0,152.0
2025-09-01 06:00:00,3.37,3.54,-34.0,152.0,-34.0,152.0
2025-09-01 07:00:00,3.53,3.76,-34.0,152.0,-34.0,152.0
2025-09-01 08:00:00,3.76,4.06,-34.0,152.0,-34.0,152.0
2025-09-01 09:00:00,3.86,4.13,-34.0,152.0,-34.0,152.0
2025-09-01 10:00:00,4.39,4.68,-34.0,152.0,-34.0,152.0
2025-09-01 11:00:00,4.4,4.65,-34.0,152.0,-34.0,152.0
2025-09-01 12:00:00,4.81,5.08,-34.0,152.0,-34.0,152.0
2025-09-01 13:00:00,5.27,5.61,-34.0,152.0,-34.0,152.0
2025-09-01 14:00:00,6.0,6.45,-34.0,152.0,-34.0,152.0
2025-09-01 15:00:00,6.61,7.16,-34.0,152.0,-34.0,152.0
2025-09-01 16:00:00,6.72,7.36,-34.0,152.0,-34.0,152.0
2025-09-01 17:00:00,6.05,6.63,-34.0,152.0,-34.0,152.0
2025-09-01 18:00:00,5.27,5.74,-34.0,152.0,-34.0,152.0
2025-09-01 19:00:00,4.74,5.12,-34.0,152.0,-34.0,152.0
2025-09-01 20:00:00,4.5,4.82,-34.0,152.0,-34.0,152.0
2025-09-01 21:00:00,4.48,4.78,-34.0,152.0,-34.0,152.0
2025-09-01 22:00:00,3.8,3.99,-34.0,152.0,-34.0,152.0
2025-09-01 23:00:00,3.92,4.06,-34.0,152.0,-34.0,152.0
2025-09-02 00:00:00,3.6,3.7,-34.0,152.0,-34.0,152.0
2025-09-02 01:00:00,2.88,2.94,-34.0,152.0,-34.0,152.0
2025-09-02 02:00:00,2.13,2.24,-34.0,152.0,-34.0,152.0
2025-09-02 03:00:00,2.11,2.22,-34.0,152.0,-34.0,152.0
2025-09-02 04:00:00,2.31,2.44,-34.0,152.0,-34.0,152.0
2025-09-02 05:00:00,3.25,3.47,-34.0,152.0,-34.0,152.0
2025-09-02 06:00:00,3.98,4.26,-34.0,152.0,-34.0,152.0
2025-09-02 07:00:00,4.85,5.21,-34.0,152.0,-34.0,152.0
2025-09-02 08:00:00,5.74,6.25,-34.0,152.0,-34.0,152.0
2025-09-02 09:00:00,6.76,7.46,-34.0,152.0,-34.0,152.0
2025-09-02 10:00:00,7.32,8.0,-34.0,152.0,-34.0,152.0
2025-09-02 11:00:00,8.14,9.1,-34.0,152.0,-34.0,152.0
2025-09-02 12:00:00,8.61,9.71,-34.0,152.0,-34.0,152.0
2025-09-02 13:00:00,9.06,10.33,-34.0,152.0,-34.0,152.0
2025-09-02 14:00:00,9.52,10.87,-34.0,152.0,-34.0,152.0
2025-09-02 15:00:00,9.74,11.15,-34.0,152.0,-34.0,152.0
2025-09-02 16:00:00,9.21,10.48,-34.0,152.0,-34.0,152.0
2025-09-02 17:00:00,8.12,9.08,-34.0,152.0,-34.0,152.0
2025-09-02 18:00:00,7.6,8.4,-34.0,152.0,-34.0,152.0
2025-09-02 19:00:00,7.82,8.63,-34.0,152.0,-34.0,152.0
2025-09-02 20:00:00,7.55,8.31,-34.0,152.0,-34.0,152.0
2025-09-02 21:00:00,7.35,8.1,-34.0,152.0,-34.0,152.0
2025-09-02 22:00:00,6.2,6.6,-34.0,152.0,-34.0,152.0
2025-09-02 23:00:00,6.3,6.7,-34.0,152.0,-34.0,152.0
2025-09-03 00:00:00,6.35,6.75,-34.0,152.0,-34.0,152.0
2025-09-03 01:00:00,6.71,7.16,-34.0,152.0,-34.0,152.0
2025-09-03 02:00:00,6.34,6.78,-34.0,152.0,-34.0,152.0
2025-09-03 03:00:00,5.2,5.53,-34.0,152.0,-34.0,152.0
2025-09-03 04:00:00,4.44,4.67,-34.0,152.0,-34.0,152.0
2025-09-03 05:00:00,4.4,4.7,-34.0,152.0,-34.0,152.0
2025-09-03 06:00:00,4.73,4.99,-34.0,152.0,-34.0,152.0
2025-09-03 07:00:00,4.98,5.3,-34.0,152.0,-34.0,152.0
2025-09-03 08:00:00,5.25,5.65,-34.0,152.0,-34.0,152.0
2025-09-03 09:00:00,5.89,6.38,-34.0,152.0,-34.0,152.0
2025-09-03 10:00:00,6.13,6.66,-34.0,152.0,-34.0,152.0
2025-09-03 11:00:00,7.35,8.15,-34.0,152.0,-34.0,152.0
2025-09-03 12:00:00,7.89,8.82,-34.0,152.0,-34.0,152.0
2025-09-03 13:00:00,7.74,8.73,-34.0,152.0,-34.0,152.0
2025-09-03 14:00:00,7.78,8.92,-34.0,152.0,-34.0,152.0
2025-09-03 15:00:00,8.21,9.44,-34.0,152.0,-34.0,152.0
2025-09-03 16:00:00,8.71,10.12,-34.0,152.0,-34.0,152.0
2025-09-03 17:00:00,8.96,10.37,-34.0,152.0,-34.0,152.0
2025-09-03 18:00:00,9.02,10.43,-34.0,152.0,-34.0,152.0
2025-09-03 19:00:00,8.95,10.33,-34.0,152.0,-34.0,152.0
2025-09-03 20:00:00,9.24,10.62,-34.0,152.0,-34.0,152.0
2025-09-03 21:00:00,9.68,11.2,-34.0,152.0,-34.0,152.0
2025-09-03 22:00:00,9.19,10.68,-34.0,152.0,-34.0,152.0
2025-09-03 23:00:00,9.04,10.48,-34.0,152.0,-34.0,152.0
2025-09-04 00:00:00,9.33,10.85,-34.0,152.0,-34.0,152.0
2025-09-04 01:00:00,9.65,11.23,-34.0,152.0,-34.0,152.0
2025-09-04 02:00:00,9.85,11.53,-34.0,152.0,-34.0,152.0
2025-09-04 03:00:00,9.74,11.39,-34.0,152.0,-34.0,152.0
2025-09-04 04:00:00,9.06,10.64,-34.0,152.0,-34.0,152.0
2025-09-04 05:00:00,8.12,9.62,-34.0,152.0,-34.0,152.0
2025-09-04 06:00:00,7.58,9.07,-34.0,152.0,-34.0,152.0
2025-09-04 07:00:00,7.47,9.3,-34.0,152.0,-34.0,152.0
2025-09-04 08:00:00,7.58,9.63,-34.0,152.0,-34.0,152.0
2025-09-04 09:00:00,7.68,9.73,-34.0,152.0,-34.0,152.0
2025-09-04 10:00:00,6.35,8.11,-34.0,152.0,-34.0,152.0
2025-09-04 11:00:00,5.0,6.01,-34.0,152.0,-34.0,152.0
2025-09-04 12:00:00,4.77,5.44,-34.0,152.0,-34.0,152.0
2025-09-04 13:00:00,4.96,5.56,-34.0,152.0,-34.0,152.0
2025-09-04 14:00:00,5.76,6.37,-34.0,152.0,-34.0,152.0
2025-09-04 15:00:00,6.6,7.3,-34.0,152.0,-34.0,152.0
2025-09-04 16:00:00,6.93,7.68,-34.0,152.0,-34.0,152.0
2025-09-04 17:00:00,7.61,8.42,-34.0,152.0,-34.0,152.0
2025-09-04 18:00:00,8.62,9.7,-34.0,152.0,-34.0,152.0
2025-09-04 19:00:00,8.22,9.17,-34.0,152.0,-34.0,152.0
2025-09-04 20:00:00,7.42,8.18,-34.0,152.0,-34.0,152.0
2025-09-04 21:00:00,7.15,7.78,-34.0,152.0,-34.0,152.0
2025-09-04 22:00:00,6.91,7.59,-34.0,152.0,-34.0,152.0
2025-09-04 23:00:00,7.72,8.43,-34.0,152.0,-34.0,152.0
2025-09-05 00:00:00,8.25,9.17,-34.0,152.0,-34.0,152.0
2025-09-05 01:00:00,7.8,8.68,-34.0,152.0,-34.0,152.0
2025-09-05 02:00:00,6.91,7.63,-34.0,152.0,-34.0,152.0
2025-09-05 03:00:00,6.8,7.4,-34.0,152.0,-34.0,152.0
2025-09-05 04:00:00,7.56,8.24,-34.0,152.0,-34.0,152.0
2025-09-05 05:00:00,8.04,8.8,-34.0,152.0,-34.0,152.0
2025-09-05 06:00:00,7.93,8.65,-34.0,152.0,-34.0,152.0
2025-09-05 07:00:00,7.8,8.56,-34.0,152.0,-34.0,152.0
2025-09-05 08:00:00,7.99,8.79,-34.0,152.0,-34.0,152.0
2025-09-05 09:00:00,8.57,9.42,-34.0,152.0,-34.0,152.0
2025-09-05 10:00:00,7.17,7.82,-34.0,152.0,-34.0,152.0
2025-09-05 11:00:00,7.12,7.77,-34.0,152.0,-34.0,152.0
2025-09-05 12:00:00,7.04,7.65,-34.0,152.0,-34.0,152.0
2025-09-05 13:00:00,6.84,7.38,-34.0,152.0,-34.0,152.0
2025-09-05 14:00:00,6.55,7.01,-34.0,152.0,-34.0,152.0
2025-09-05 15:00:00,6.0,6.42,-34.0,152.0,-34.0,152.0
2025-09-05 16:00:00,5.35,5.66,-34.0,152.0,-34.0,152.0
2025-09-05 17:00:00,4.78,5.09,-34.0,152.0,-34.0,152.0
2025-09-05 18:00:00,4.5,4.74,-34.0,152.0,-34.0,152.0
2025-09-05 19:00:00,4.35,4.6,-34.0,152.0,-34.0,152.0
2025-09-05 20:00:00,4.4,4.62,-34.0,152.0,-34.0,152.0
2025-09-05 21:00:00,4.47,4.76,-34.0,152.0,-34.0,152.0
2025-09-05 22:00:00,3.4,3.62,-34.0,152.0,-34.0,152.0
2025-09-05 23:00:00,4.45,4.69,-34.0,152.0,-34.0,152.0
2025-09-06 00:00:00,4.7,4.91,-34.0,152.0,-34.0,152.0
2025-09-06 01:00:00,4.95,5.24,-34.0,152.0,-34.0,152.0
2025-09-06 02:00:00,5.2,5.61,-34.0,152.0,-34.0,152.0
2025-09-06 03:00:00,5.65,6.11,-34.0,152.0,-34.0,152.0
2025-09-06 04:00:00,5.79,6.29,-34.0,152.0,-34.0,152.0
2025-09-06 05:00:00,5.77,6.33,-34.0,152.0,-34.0,152.0
2025-09-06 06:00:00,6.07,6.63,-34.0,152.0,-34.0,152.0
2025-09-06 07:00:00,6.79,7.51,-34.0,152.0,-34.0,152.0
2025-09-06 08:00:00,7.58,8.5,-34.0,152.0,-34.0,152.0
2025-09-06 09:00:00,8.31,9.4,-34.0,152.0,-34.0,152.0
2025-09-06 10:00:00,7.86,8.79,-34.0,152.0,-34.0,152.0
2025-09-06 11:00:00,8.51,9.63,-34.0,152.0,-34.0,152.0
2025-09-06 12:00:00,8.94,10.2,-34.0,152.0,-34.0,152.0
2025-09-06 13:00:00,9.2,10.46,-34.0,152.0,-34.0,152.0
2025-09-06 14:00:00,9.49,10.85,-34.0,152.0,-34.0,152.0
2025-09-06 15:00:00,9.6,11.01,-34.0,152.0,-34.0,152.0
2025-09-06 16:00:00,9.69,11.14,-34.0,152.0,-34.0,152.0
2025-09-06 17:00:00,9.73,11.18,-34.0,152.0,-34.0,152.0
2025-09-06 18:00:00,9.61,11.01,-34.0,152.0,-34.0,152.0
2025-09-06 19:00:00,9.46,10.81,-34.0,152.0,-34.0,152.0
2025-09-06 20:00:00,9.43,10.78,-34.0,152.0,-34.0,152.0
2025-09-06 21:00:00,9.6,10.96,-34.0,152.0,-34.0,152.0
2025-09-06 22:00:00,9.09,10.35,-34.0,152.0,-34.0,152.0
2025-09-06 23:00:00,9.02,10.22,-34.0,152.0,-34.0,152.0
2025-09-07 00:00:00,8.8,9.95,-34.0,152.0,-34.0,152.0
2025-09-07 01:00:00,8.92,10.08,-34.0,152.0,-34.0,152.0
2025-09-07 02:00:00,9.25,10.51,-34.0,152.0,-34.0,152.0
2025-09-07 03:00:00,9.47,10.84,-34.0,152.0,-34.0,152.0
2025-09-07 04:00:00,9.4,10.78,-34.0,152.0,-34.0,152.0
2025-09-07 05:00:00,9.71,11.13,-34.0,152.0,-34.0,152.0
2025-09-07 06:00:00,10.13,11.84,-34.0,152.0,-34.0,152.0
2025-09-07 07:00:00,10.43,12.34,-34.0,152.0,-34.0,152.0
2025-09-07 08:00:00,10.65,12.73,-34.0,152.0,-34.0,152.0
2025-09-07 09:00:00,10.9,13.16,-34.0,152.0,-34.0,152.0
2025-09-07 10:00:00,10.11,12.32,-34.0,152.0,-34.0,152.0
2025-09-07 11:00:00,10.63,12.95,-34.0,152.0,-34.0,152.0
2025-09-07 12:00:00,10.81,13.36,-34.0,152.0,-34.0,152.0
2025-09-07 13:00:00,10.36,12.9,-34.0,152.0,-34.0,152.0
2025-09-07 14:00:00,10.26,12.75,-34.0,152.0,-34.0,152.0
2025-09-07 15:00:00,9.95,12.37,-34.0,152.0,-34.0,152.0
2025-09-07 16:00:00,9.29,11.69,-34.0,152.0,-34.0,152.0
2025-09-07 17:00:00,9.1,11.32,-34.0,152.0,-34.0,152.0
2025-09-07 18:00:00,8.88,11.02,-34.0,152.0,-34.0,152.0
2025-09-07 19:00:00,8.92,11.01,-34.0,152.0,-34.0,152.0
2025-09-07 20:00:00,9.31,11.39,-34.0,152.0,-34.0,152.0
2025-09-07 21:00:00,9.37,11.28,-34.0,152.0,-34.0,152.0
2025-09-07 22:00:00,8.96,11.03,-34.0,152.0,-34.0,152.0
2025-09-07 23:00:00,8.06,9.64,-34.0,152.0,-34.0,152.0
2025-09-08 00:00:00,8.67,10.32,-34.0,152.0,-34.0,152.0
2025-09-08 01:00:00,8.51,10.06,-34.0,152.0,-34.0,152.0
2025-09-08 02:00:00,8.71,10.45,-34.0,152.0,-34.0,152.0
2025-09-08 03:00:00,9.21,11.55,-34.0,152.0,-34.0,152.0
2025-09-08 04:00:00,9.67,12.65,-34.0,152.0,-34.0,152.0
2025-09-08 05:00:00,10.25,13.73,-34.0,152.0,-34.0,152.0
2025-09-08 06:00:00,10.3,14.77,-34.0,152.0,-34.0,152.0
2025-09-08 07:00:00,10.13,14.14,-34.0,152.0,-34.0,152.0
2025-09-08 08:00:00,9.9,13.45,-34.0,152.0,-34.0,152.0
2025-09-08 09:00:00,9.75,13.27,-34.0,152.0,-34.0,152.0
2025-09-08 10:00:00,8.68,12.09,-34.0,152.0,-34.0,152.0
2025-09-08 11:00:00,7.14,10.14,-34.0,152.0,-34.0,152.0
2025-09-08 12:00:00,7.81,11.15,-34.0,152.0,-34.0,152.0
2025-09-08 13:00:00,8.51,11.99,-34.0,152.0,-34.0,152.0
2025-09-08 14:00:00,8.63,12.14,-34.0,152.0,-34.0,152.0
2025-09-08 15:00:00,8.79,12.21,-34.0,152.0,-34.0,152.0
2025-09-08 16:00:00,8.44,11.81,-34.0,152.0,-34.0,152.0
2025-09-08 17:00:00,8.15,11.06,-34.0,152.0,-34.0,152.0
2025-09-08 18:00:00,8.05,10.49,-34.0,152.0,-34.0,152.0
2025-09-08 19:00:00,8.03,9.9,-34.0,152.0,-34.0,152.0
2025-09-08 20:00:00,6.65,8.28,-34.0,152.0,-34.0,152.0
2025-09-08 21:00:00,6.01,7.25,-34.0,152.0,-34.0,152.0
2025-09-08 22:00:00,5.73,6.51,-34.0,152.0,-34.0,152.0
2025-09-08 23:00:00,4.67,5.39,-34.0,152.0,-34.0,152.0
2025-09-09 00:00:00,4.39,5.05,-34.0,152.0,-34.0,152.0
2025-09-09 01:00:00,4.5,5.05,-34.0,152.0,-34.0,152.0
2025-09-09 02:00:00,5.71,6.47,-34.0,152.0,-34.0,152.0
2025-09-09 03:00:00,6.76,7.97,-34.0,152.0,-34.0,152.0
2025-09-09 04:00:00,7.4,8.72,-34.0,152.0,-34.0,152.0
2025-09-09 05:00:00,6.78,7.91,-34.0,152.0,-34.0,152.0
2025-09-09 06:00:00,7.08,8.31,-34.0,152.0,-34.0,152.0
2025-09-09 07:00:00,7.61,9.13,-34.0,152.0,-34.0,152.0
2025-09-09 08:00:00,8.68,10.3,-34.0,152.0,-34.0,152.0
2025-09-09 09:00:00,9.63,11.42,-34.0,152.0,-34.0,152.0
2025-09-09 10:00:00,7.51,9.2,-34.0,152.0,-34.0,152.0
2025-09-09 11:00:00,7.12,8.78,-34.0,152.0,-34.0,152.0
2025-09-09 12:00:00,6.14,7.68,-34.0,152.0,-34.0,152.0
2025-09-09 13:00:00,5.37,6.74,-34.0,152.0,-34.0,152.0
2025-09-09 14:00:00,4.86,5.89,-34.0,152.0,-34.0,152.0
2025-09-09 15:00:00,4.68,5.34,-34.0,152.0,-34.0,152.0
2025-09-09 16:00:00,5.42,6.05,-34.0,152.0,-34.0,152.0
2025-09-09 17:00:00,6.12,6.86,-34.0,152.0,-34.0,152.0
2025-09-09 18:00:00,7.74,8.63,-34.0,152.0,-34.0,152.0
2025-09-09 19:00:00,8.6,9.7,-34.0,152.0,-34.0,152.0
2025-09-09 20:00:00,7.87,8.85,-34.0,152.0,-34.0,152.0
2025-09-09 21:00:00,7.92,8.83,-34.0,152.0,-34.0,152.0
2025-09-09 22:00:00,8.78,9.76,-34.0,152.0,-34.0,152.0
2025-09-09 23:00:00,9.58,10.72,-34.0,152.0,-34.0,152.0
2025-09-10 00:00:00,9.92,11.26,-34.0,152.0,-34.0,152.0
2025-09-10 01:00:00,9.81,11.28,-34.0,152.0,-34.0,152.0
2025-09-10 02:00:00,9.16,10.58,-34.0,152.0,-34.0,152.0
2025-09-10 03:00:00,7.92,9.06,-34.0,152.0,-34.0,152.0
2025-09-10 04:00:00,6.7,7.45,-34.0,152.0,-34.0,152.0
2025-09-10 05:00:00,6.33,7.03,-34.0,152.0,-34.0,152.0
2025-09-10 06:00:00,6.99,7.75,-34.0,152.0,-34.0,152.0
2025-09-10 07:00:00,8.34,9.22,-34.0,152.0,-34.0,152.0
2025-09-10 08:00:00,9.69,11.01,-34.0,152.0,-34.0,152.0
2025-09-10 09:00:00,10.34,11.8,-34.0,152.0,-34.0,152.0
2025-09-10 10:00:00,9.06,10.06,-34.0,152.0,-34.0,152.0
2025-09-10 11:00:00,9.0,9.85,-34.0,152.0,-34.0,152.0
2025-09-10 12:00:00,9.36,10.36,-34.0,152.0,-34.0,152.0
2025-09-10 13:00:00,7.35,8.26,-34.0,152.0,-34.0,152.0
2025-09-10 14:00:00,12.3,14.11,-34.0,152.0,-34.0,152.0
2025-09-10 15:00:00,14.69,17.34,-34.0,152.0,-34.0,152.0
2025-09-10 16:00:00,15.51,18.98,-34.0,152.0,-34.0,152.0
2025-09-10 17:00:00,16.61,20.47,-34.0,152.0,-34.0,152.0
2025-09-10 18:00:00,17.27,21.51,-34.0,152.0,-34.0,152.0
2025-09-10 19:00:00,14.78,17.93,-34.0,152.0,-34.0,152.0
2025-09-10 20:00:00,15.72,19.21,-34.0,152.0,-34.0,152.0
2025-09-10 21:00:00,23.16,28.57,-34.0,152.0,-34.0,152.0
2025-09-10 22:00:00,18.59,23.36,-34.0,152.0,-34.0,152.0
2025-09-10 23:00:00,15.33,18.77,-34.0,152.0,-34.0,152.0
2025-09-11 00:00:00,14.31,16.93,-34.0,152.0,-34.0,152.0
2025-09-11 01:00:00,12.89,14.8,-34.0,152.0,-34.0,152.0
2025-09-11 02:00:00,12.82,14.57,-34.0,152.0,-34.0,152.0
2025-09-11 03:00:00,13.17,15.04,-34.0,152.0,-34.0,152.0
2025-09-11 04:00:00,13.05,15.01,-34.0,152.0,-34.0,152.0
2025-09-11 05:00:00,13.17,15.16,-34.0,152.0,-34.0,152.0
2025-09-11 06:00:00,13.67,15.74,-34.0,152.0,-34.0,152.0
2025-09-11 07:00:00,13.78,15.95,-34.0,152.0,-34.0,152.0
2025-09-11 08:00:00,12.8,14.76,-34.0,152.0,-34.0,152.0
2025-09-11 09:00:00,11.99,13.67,-34.0,152.0,-34.0,152.0
2025-09-11 10:00:00,11.11,12.61,-34.0,152.0,-34.0,152.0
2025-09-11 11:00:00,10.07,11.31,-34.0,152.0,-34.0,152.0
2025-09-11 12:00:00,9.65,10.79,-34.0,152.0,-34.0,152.0
2025-09-11 13:00:00,9.87,11.07,-34.0,152.0,-34.0,152.0
2025-09-11 14:00:00,10.09,11.24,-34.0,152.0,-34.0,152.0
2025-09-11 15:00:00,9.96,11.12,-34.0,152.0,-34.0,152.0
2025-09-11 16:00:00,9.88,10.97,-34.0,152.0,-34.0,152.0
2025-09-11 17:00:00,9.8,10.85,-34.0,152.0,-34.0,152.0
2025-09-11 18:00:00,9.38,10.37,-34.0,152.0,-34.0,152.0
2025-09-11 19:00:00,8.98,9.88,-34.0,152.0,-34.0,152.0
2025-09-11 20:00:00,8.5,9.29,-34.0,152.0,-34.0,152.0
2025-09-11 21:00:00,7.96,8.67,-34.0,152.0,-34.0,152.0
2025-09-11 22:00:00,7.76,8.43,-34.0,152.0,-34.0,152.0
2025-09-11 23:00:00,7.6,8.21,-34.0,152.0,-34.0,152.0
2025-09-12 00:00:00,7.06,7.57,-34.0,152.0,-34.0,152.0
2025-09-12 01:00:00,6.32,6.75,-34.0,152.0,-34.0,152.0
2025-09-12 02:00:00,5.49,5.77,-34.0,152.0,-34.0,152.0
2025-09-12 03:00:00,4.78,4.99,-34.0,152.0,-34.0,152.0
2025-09-12 04:00:00,4.21,4.32,-34.0,152.0,-34.0,152.0
2025-09-12 05:00:00,3.7,3.81,-34.0,152.0,-34.0,152.0
2025-09-12 06:00:00,3.92,4.09,-34.0,152.0,-34.0,152.0
2025-09-12 07:00:00,4.37,4.56,-34.0,152.0,-34.0,152.0
2025-09-12 08:00:00,4.89,5.17,-34.0,152.0,-34.0,152.0
2025-09-12 09:00:00,5.17,5.49,-34.0,152.0,-34.0,152.0
2025-09-12 10:00:00,3.94,4.12,-34.0,152.0,-34.0,152.0
2025-09-12 11:00:00,3.26,3.42,-34.0,152.0,-34.0,152.0
2025-09-12 12:00:00,2.78,2.86,-34.0,152.0,-34.0,152.0
2025-09-12 13:00:00,2.75,2.84,-34.0,152.0,-34.0,152.0
2025-09-12 14:00:00,2.8,2.89,-34.0,152.0,-34.0,152.0
2025-09-12 15:00:00,2.69,2.78,-34.0,152.0,-34.0,152.0
2025-09-12 16:00:00,2.49,2.55,-34.0,152.0,-34.0,152.0
2025-09-12 17:00:00,1.68,1.68,-34.0,152.0,-34.0,152.0
2025-09-12 18:00:00,0.92,0.82,-34.0,152.0,-34.0,152.0
2025-09-12 19:00:00,0.34,0.21,-34.0,152.0,-34.0,152.0
2025-09-12 20:00:00,0.81,0.8,-34.0,152.0,-34.0,152.0
2025-09-12 21:00:00,1.52,1.6,-34.0,152.0,-34.0,152.0
2025-09-12 22:00:00,1.78,1.85,-34.0,152.0,-34.0,152.0
2025-09-12 23:00:00,1.78,1.76,-34.0,152.0,-34.0,152.0
2025-09-13 00:00:00,1.95,1.97,-34.0,152.0,-34.0,152.0
2025-09-13 01:00:00,2.21,2.22,-34.0,152.0,-34.0,152.0
2025-09-13 02:00:00,2.11,2.11,-34.0,152.0,-34.0,152.0
2025-09-13 03:00:00,1.41,1.35,-34.0,152.0,-34.0,152.0
2025-09-13 04:00:00,0.47,0.38,-34.0,152.0,-34.0,152.0
2025-09-13 05:00:00,0.35,0.47,-34.0,152.0,-34.0,152.0
2025-09-13 06:00:00,0.85,1.03,-34.0,152.0,-34.0,152.0
2025-09-13 07:00:00,1.5,1.68,-34.0,152.0,-34.0,152.0
2025-09-13 08:00:00,2.79,2.95,-34.0,152.0,-34.0,152.0
2025-09-13 09:00:00,3.97,4.21,-34.0,152.0,-34.0,152.0
2025-09-13 10:00:00,3.65,3.81,-34.0,152.0,-34.0,152.0
2025-09-13 11:00:00,3.66,3.86,-34.0,152.0,-34.0,152.0
2025-09-13 12:00:00,3.59,3.74,-34.0,152.0,-34.0,152.0
2025-09-13 13:00:00,3.76,3.96,-34.0,152.0,-34.0,152.0
2025-09-13 14:00:00,3.8,4.0,-34.0,152.0,-34.0,152.0
2025-09-13 15:00:00,4.11,4.31,-34.0,152.0,-34.0,152.0
2025-09-13 16:00:00,4.46,4.71,-34.0,152.0,-34.0,152.0
2025-09-13 17:00:00,5.07,5.42,-34.0,152.0,-34.0,152.0
2025-09-13 18:00:00,5.25,5.59,-34.0,152.0,-34.0,152.0
2025-09-13 19:00:00,5.05,5.45,-34.0,152.0,-34.0,152.0
2025-09-13 20:00:00,4.76,5.11,-34.0,152.0,-34.0,152.0
2025-09-13 21:00:00,4.68,5.04,-34.0,152.0,-34.0,152.0
2025-09-13 22:00:00,4.49,4.82,-34.0,152.0,-34.0,152.0
2025-09-13 23:00:00,4.21,4.48,-34.0,152.0,-34.0,152.0
2025-09-14 00:00:00,4.2,4.42,-34.0,152.0,-34.0,152.0
2025-09-14 01:00:00,4.28,4.55,-34.0,152.0,-34.0,152.0
2025-09-14 02:00:00,4.52,4.85,-34.0,152.0,-34.0,152.0
2025-09-14 03:00:00,4.84,5.21,-34.0,152.0,-34.0,152.0
2025-09-14 04:00:00,4.83,5.25,-34.0,152.0,-34.0,152.0
2025-09-14 05:00:00,4.8,5.2,-34.0,152.0,-34.0,152.0
2025-09-14 06:00:00,5.44,5.89,-34.0,152.0,-34.0,152.0
2025-09-14 07:00:00,6.2,6.87,-34.0,152.0,-34.0,152.0
2025-09-14 08:00:00,7.11,7.99,-34.0,152.0,-34.0,152.0
2025-09-14 09:00:00,8.17,9.35,-34.0,152.0,-34.0,152.0
2025-09-14 10:00:00,8.74,10.3,-34.0,152.0,-34.0,152.0
2025-09-14 11:00:00,9.23,11.22,-34.0,152.0,-34.0,152.0
2025-09-14 12:00:00,8.94,11.07,-34.0,152.0,-34.0,152.0
2025-09-14 13:00:00,8.13,9.92,-34.0,152.0,-34.0,152.0
2025-09-14 14:00:00,7.46,8.81,-34.0,152.0,-34.0,152.0
2025-09-14 15:00:00,7.01,7.98,-34.0,152.0,-34.0,152.0
2025-09-14 16:00:00,6.89,7.79,-34.0,152.0,-34.0,152.0
2025-09-14 17:00:00,7.06,7.96,-34.0,152.0,-34.0,152.0
2025-09-14 18:00:00,7.39,8.25,-34.0,152.0,-34.0,152.0
2025-09-14 19:00:00,7.64,8.57,-34.0,152.0,-34.0,152.0
2025-09-14 20:00:00,7.63,8.57,-34.0,152.0,-34.0,152.0
2025-09-14 21:00:00,7.22,8.05,-34.0,152.0,-34.0,152.0
2025-09-14 22:00:00,7.71,8.56,-34.0,152.0,-34.0,152.0
2025-09-14 23:00:00,6.51,7.13,-34.0,152.0,-34.0,152.0
2025-09-15 00:00:00,6.68,7.3,-34.0,152.0,-34.0,152.0
2025-09-15 01:00:00,7.38,8.23,-34.0,152.0,-34.0,152.0
2025-09-15 02:00:00,7.69,8.64,-34.0,152.0,-34.0,152.0
2025-09-15 03:00:00,7.81,8.93,-34.0,152.0,-34.0,152.0
2025-09-15 04:00:00,7.26,8.62,-34.0,152.0,-34.0,152.0
2025-09-15 05:00:00,6.79,8.76,-34.0,152.0,-34.0,152.0
2025-09-15 06:00:00,6.94,9.41,-34.0,152.0,-34.0,152.0
2025-09-15 07:00:00,7.64,10.22,-34.0,152.0,-34.0,152.0
2025-09-15 08:00:00,8.23,11.06,-34.0,152.0,-34.0,152.0
2025-09-15 09:00:00,8.9,11.88,-34.0,152.0,-34.0,152.0
2025-09-15 10:00:00,8.41,11.19,-34.0,152.0,-34.0,152.0
2025-09-15 11:00:00,8.12,10.87,-34.0,152.0,-34.0,152.0
2025-09-15 12:00:00,7.94,10.67,-34.0,152.0,-34.0,152.0
2025-09-15 13:00:00,8.21,11.33,-34.0,152.0,-34.0,152.0
2025-09-15 14:00:00,8.71,12.1,-34.0,152.0,-34.0,152.0
2025-09-15 15:00:00,9.24,12.59,-34.0,152.0,-34.0,152.0
2025-09-15 16:00:00,9.33,12.61,-34.0,152.0,-34.0,152.0
2025-09-15 17:00:00,9.7,12.93,-34.0,152.0,-34.0,152.0
2025-09-15 18:00:00,9.93,13.03,-34.0,152.0,-34.0,152.0
2025-09-15 19:00:00,9.73,13.12,-34.0,152.0,-34.0,152.0
2025-09-15 20:00:00,9.92,12.96,-34.0,152.0,-34.0,152.0
2025-09-15 21:00:00,10.01,12.62,-34.0,152.0,-34.0,152.0
2025-09-15 22:00:00,10.02,12.97,-34.0,152.0,-34.0,152.0
2025-09-15 23:00:00,9.35,12.06,-34.0,152.0,-34.0,152.0
2025-09-16 00:00:00,9.8,12.14,-34.0,152.0,-34.0,152.0
2025-09-16 01:00:00,9.86,12.52,-34.0,152.0,-34.0,152.0
2025-09-16 02:00:00,9.92,13.04,-34.0,152.0,-34.0,152.0
2025-09-16 03:00:00,9.94,13.35,-34.0,152.0,-34.0,152.0
2025-09-16 04:00:00,10.03,13.28,-34.0,152.0,-34.0,152.0
2025-09-16 05:00:00,9.68,12.94,-34.0,152.0,-34.0,152.0
2025-09-16 06:00:00,9.66,13.1,-34.0,152.0,-34.0,152.0
2025-09-16 07:00:00,9.71,13.18,-34.0,152.0,-34.0,152.0
2025-09-16 08:00:00,10.11,13.79,-34.0,152.0,-34.0,152.0
2025-09-16 09:00:00,10.54,14.36,-34.0,152.0,-34.0,152.0
2025-09-16 10:00:00,10.64,14.56,-34.0,152.0,-34.0,152.0
2025-09-16 11:00:00,9.88,13.74,-34.0,152.0,-34.0,152.0
2025-09-16 12:00:00,9.9,13.7,-34.0,152.0,-34.0,152.0
2025-09-16 13:00:00,9.85,13.62,-34.0,152.0,-34.0,152.0
2025-09-16 14:00:00,9.87,13.33,-34.0,152.0,-34.0,152.0
2025-09-16 15:00:00,9.1,11.97,-34.0,152.0,-34.0,152.0
2025-09-16 16:00:00,8.24,10.73,-34.0,152.0,-34.0,152.0
2025-09-16 17:00:00,7.69,9.94,-34.0,152.0,-34.0,152.0
2025-09-16 18:00:00,6.9,8.98,-34.0,152.0,-34.0,152.0
2025-09-16 19:00:00,7.25,9.08,-34.0,152.0,-34.0,152.0
2025-09-16 20:00:00,6.87,8.59,-34.0,152.0,-34.0,152.0
2025-09-16 21:00:00,7.91,9.36,-34.0,152.0,-34.0,152.0
2025-09-16 22:00:00,7.58,8.72,-34.0,152.0,-34.0,152.0
2025-09-16 23:00:00,6.56,7.39,-34.0,152.0,-34.0,152.0
2025-09-17 00:00:00,6.35,7.01,-34.0,152.0,-34.0,152.0
2025-09-17 01:00:00,5.26,5.64,-34.0,152.0,-34.0,152.0
2025-09-17 02:00:00,4.17,4.38,-34.0,152.0,-34.0,152.0
2025-09-17 03:00:00,3.87,3.99,-34.0,152.0,-34.0,152.0
2025-09-17 04:00:00,4.51,4.64,-34.0,152.0,-34.0,152.0
2025-09-17 05:00:00,5.05,5.17,-34.0,152.0,-34.0,152.0
2025-09-17 06:00:00,4.96,5.1,-34.0,152.0,-34.0,152.0
2025-09-17 07:00:00,4.56,4.66,-34.0,152.0,-34.0,152.0
2025-09-17 08:00:00,3.97,4.04,-34.0,152.0,-34.0,152.0
2025-09-17 09:00:00,3.4,3.42,-34.0,152.0,-34.0,152.0
2025-09-17 10:00:00,1.65,1.77,-34.0,152.0,-34.0,152.0
2025-09-17 11:00:00,3.11,3.35,-34.0,152.0,-34.0,152.0
2025-09-17 12:00:00,5.02,5.4,-34.0,152.0,-34.0,152.0
2025-09-17 13:00:00,5.91,6.37,-34.0,152.0,-34.0,152.0
2025-09-17 14:00:00,6.01,6.44,-34.0,152.0,-34.0,152.0
2025-09-17 15:00:00,5.83,6.26,-34.0,152.0,-34.0,152.0
2025-09-17 16:00:00,4.67,5.06,-34.0,152.0,-34.0,152.0
2025-09-17 17:00:00,3.18,3.45,-34.0,152.0,-34.0,152.0
2025-09-17 18:00:00,2.36,2.42,-34.0,152.0,-34.0,152.0
2025-09-17 19:00:00,2.92,2.98,-34.0,152.0,-34.0,152.0
2025-09-17 20:00:00,3.79,3.84,-34.0,152.0,-34.0,152.0
2025-09-17 21:00:00,4.29,4.41,-34.0,152.0,-34.0,152.0
2025-09-17 22:00:00,4.29,4.46,-34.0,152.0,-34.0,152.0
2025-09-17 23:00:00,4.52,4.79,-34.0,152.0,-34.0,152.0
2025-09-18 00:00:00,4.69,5.01,-34.0,152.0,-34.0,152.0
2025-09-18 01:00:00,4.32,4.61,-34.0,152.0,-34.0,152.0
2025-09-18 02:00:00,3.96,4.21,-34.0,152.0,-34.0,152.0
2025-09-18 03:00:00,3.33,3.56,-34.0,152.0,-34.0,152.0
2025-09-18 04:00:00,3.15,3.32,-34.0,152.0,-34.0,152.0
2025-09-18 05:00:00,3.31,3.53,-34.0,152.0,-34.0,152.0
2025-09-18 06:00:00,4.34,4.7,-34.0,152.0,-34.0,152.0
2025-09-18 07:00:00,5.43,5.9,-34.0,152.0,-34.0,152.0
2025-09-18 08:00:00,6.22,6.8,-34.0,152.0,-34.0,152.0
2025-09-18 09:00:00,6.94,7.68,-34.0,152.0,-34.0,152.0
2025-09-18 10:00:00,7.14,7.95,-34.0,152.0,-34.0,152.0
2025-09-18 11:00:00,8.19,9.26,-34.0,152.0,-34.0,152.0
2025-09-18 12:00:00,9.29,10.71,-34.0,152.0,-34.0,152.0
2025-09-18 13:00:00,9.81,11.42,-34.0,152.0,-34.0,152.0
2025-09-18 14:00:00,9.95,11.6,-34.0,152.0,-34.0,152.0
2025-09-18 15:00:00,9.85,11.5,-34.0,152.0,-34.0,152.0
2025-09-18 16:00:00,9.48,10.95,-34.0,152.0,-34.0,152.0
2025-09-18 17:00:00,8.59,9.69,-34.0,152.0,-34.0,152.0
2025-09-18 18:00:00,7.27,8.02,-34.0,152.0,-34.0,152.0
2025-09-18 19:00:00,6.04,6.55,-34.0,152.0,-34.0,152.0
2025-09-18 20:00:00,5.81,6.27,-34.0,152.0,-34.0,152.0
2025-09-18 21:00:00,5.6,6.06,-34.0,152.0,-34.0,152.0
2025-09-18 22:00:00,5.0,5.35,-34.0,152.0,-34.0,152.0
2025-09-18 23:00:00,4.07,4.29,-34.0,152.0,-34.0,152.0
2025-09-19 00:00:00,5.61,6.02,-34.0,152.0,-34.0,152.0
2025-09-19 01:00:00,5.3,5.69,-34.0,152.0,-34.0,152.0
2025-09-19 02:00:00,5.79,6.22,-34.0,152.0,-34.0,152.0
2025-09-19 03:00:00,5.48,5.91,-34.0,152.0,-34.0,152.0
2025-09-19 04:00:00,4.9,5.28,-34.0,152.0,-34.0,152.0
2025-09-19 05:00:00,4.42,4.71,-34.0,152.0,-34.0,152.0
2025-09-19 06:00:00,4.83,5.22,-34.0,152.0,-34.0,152.0
2025-09-19 07:00:00,6.25,6.93,-34.0,152.0,-34.0,152.0
2025-09-19 08:00:00,6.8,7.77,-34.0,152.0,-34.0,152.0
2025-09-19 09:00:00,8.1,9.67,-34.0,152.0,-34.0,152.0
2025-09-19 10:00:00,8.31,10.65,-34.0,152.0,-34.0,152.0
2025-09-19 11:00:00,8.43,11.11,-34.0,152.0,-34.0,152.0
2025-09-19 12:00:00,9.06,11.92,-34.0,152.0,-34.0,152.0
2025-09-19 13:00:00,10.63,12.65,-34.0,152.0,-34.0,152.0
2025-09-19 14:00:00,10.02,11.72,-34.0,152.0,-34.0,152.0
2025-09-19 15:00:00,9.76,11.4,-34.0,152.0,-34.0,152.0
2025-09-19 16:00:00,9.94,11.78,-34.0,152.0,-34.0,152.0
2025-09-19 17:00:00,8.54,10.05,-34.0,152.0,-34.0,152.0
2025-09-19 18:00:00,8.46,9.78,-34.0,152.0,-34.0,152.0
2025-09-19 19:00:00,10.06,11.66,-34.0,152.0,-34.0,152.0
2025-09-19 20:00:00,11.42,13.64,-34.0,152.0,-34.0,152.0
2025-09-19 21:00:00,12.09,14.78,-34.0,152.0,-34.0,152.0
2025-09-19 22:00:00,9.58,11.37,-34.0,152.0,-34.0,152.0
2025-09-19 23:00:00,8.96,10.31,-34.0,152.0,-34.0,152.0
2025-09-20 00:00:00,8.43,9.46,-34.0,152.0,-34.0,152.0
2025-09-20 01:00:00,8.45,9.35,-34.0,152.0,-34.0,152.0
2025-09-20 02:00:00,8.77,9.82,-34.0,152.0,-34.0,152.0
2025-09-20 03:00:00,8.7,9.87,-34.0,152.0,-34.0,152.0
2025-09-20 04:00:00,8.81,10.11,-34.0,152.0,-34.0,152.0
2025-09-20 05:00:00,9.24,10.6,-34.0,152.0,-34.0,152.0
2025-09-20 06:00:00,9.55,10.88,-34.0,152.0,-34.0,152.0
2025-09-20 07:00:00,9.42,10.69,-34.0,152.0,-34.0,152.0
2025-09-20 08:00:00,9.61,10.87,-34.0,152.0,-34.0,152.0
2025-09-20 09:00:00,10.17,11.47,-34.0,152.0,-34.0,152.0
2025-09-20 10:00:00,9.4,10.49,-34.0,152.0,-34.0,152.0
2025-09-20 11:00:00,9.93,11.12,-34.0,152.0,-34.0,152.0
2025-09-20 12:00:00,9.87,11.13,-34.0,152.0,-34.0,152.0
2025-09-20 13:00:00,8.78,9.86,-34.0,152.0,-34.0,152.0
2025-09-20 14:00:00,7.99,8.81,-34.0,152.0,-34.0,152.0
2025-09-20 15:00:00,7.7,8.4,-34.0,152.0,-34.0,152.0
2025-09-20 16:00:00,7.59,8.27,-34.0,152.0,-34.0,152.0
2025-09-20 17:00:00,8.01,8.77,-34.0,152.0,-34.0,152.0
2025-09-20 18:00:00,8.11,8.87,-34.0,152.0,-34.0,152.0
2025-09-20 19:00:00,8.01,8.76,-34.0,152.0,-34.0,152.0
2025-09-20 20:00:00,8.0,8.75,-34.0,152.0,-34.0,152.0
2025-09-20 21:00:00,7.63,8.33,-34.0,152.0,-34.0,152.0
2025-09-20 22:00:00,8.74,9.59,-34.0,152.0,-34.0,152.0
2025-09-20 23:00:00,7.79,8.54,-34.0,152.0,-34.0,152.0
2025-09-21 00:00:00,6.59,7.14,-34.0,152.0,-34.0,152.0
2025-09-21 01:00:00,6.03,6.48,-34.0,152.0,-34.0,152.0
2025-09-21 02:00:00,5.99,6.4,-34.0,152.0,-34.0,152.0
2025-09-21 03:00:00,5.69,6.07,-34.0,152.0,-34.0,152.0
2025-09-21 04:00:00,4.98,5.33,-34.0,152.0,-34.0,152.0
2025-09-21 05:00:00,4.38,4.7,-34.0,152.0,-34.0,152.0
2025-09-21 06:00:00,3.83,4.12,-34.0,152.0,-34.0,152.0
2025-09-21 07:00:00,3.95,4.16,-34.0,152.0,-34.0,152.0
2025-09-21 08:00:00,4.51,4.75,-34.0,152.0,-34.0,152.0
2025-09-21 09:00:00,4.91,5.26,-34.0,152.0,-34.0,152.0
2025-09-21 10:00:00,5.95,6.58,-34.0,152.0,-34.0,152.0
2025-09-21 11:00:00,7.26,8.05,-34.0,152.0,-34.0,152.0
2025-09-21 12:00:00,8.56,9.55,-34.0,152.0,-34.0,152.0
2025-09-21 13:00:00,7.68,8.6,-34.0,152.0,-34.0,152.0
2025-09-21 14:00:00,6.77,7.48,-34.0,152.0,-34.0,152.0
2025-09-21 15:00:00,6.99,7.7,-34.0,152.0,-34.0,152.0
2025-09-21 16:00:00,7.05,7.76,-34.0,152.0,-34.0,152.0
2025-09-21 17:00:00,6.6,7.22,-34.0,152.0,-34.0,152.0
2025-09-21 18:00:00,6.06,6.62,-34.0,152.0,-34.0,152.0
2025-09-21 19:00:00,5.74,6.25,-34.0,152.0,-34.0,152.0
2025-09-21 20:00:00,6.06,6.61,-34.0,152.0,-34.0,152.0
2025-09-21 21:00:00,6.72,7.37,-34.0,152.0,-34.0,152.0
2025-09-21 22:00:00,7.84,8.69,-34.0,152.0,-34.0,152.0
2025-09-21 23:00:00,7.68,8.48,-34.0,152.0,-34.0,152.0
2025-09-22 00:00:00,6.99,7.7,-34.0,152.0,-34.0,152.0
2025-09-22 01:00:00,6.41,6.97,-34.0,152.0,-34.0,152.0
2025-09-22 02:00:00,6.67,7.2,-34.0,152.0,-34.0,152.0
2025-09-22 03:00:00,7.05,7.56,-34.0,152.0,-34.0,152.0
2025-09-22 04:00:00,8.12,8.82,-34.0,152.0,-34.0,152.0
2025-09-22 05:00:00,9.01,10.07,-34.0,152.0,-34.0,152.0
2025-09-22 06:00:00,9.89,11.2,-34.0,152.0,-34.0,152.0
2025-09-22 07:00:00,12.16,14.06,-34.0,152.0,-34.0,152.0
2025-09-22 08:00:00,13.18,15.55,-34.0,152.0,-34.0,152.0
2025-09-22 09:00:00,12.28,14.37,-34.0,152.0,-34.0,152.0
2025-09-22 10:00:00,9.0,10.15,-34.0,152.0,-34.0,152.0
2025-09-22 11:00:00,9.08,10.15,-34.0,152.0,-34.0,152.0
2025-09-22 12:00:00,9.45,10.62,-34.0,152.0,-34.0,152.0
2025-09-22 13:00:00,11.15,12.62,-34.0,152.0,-34.0,152.0
2025-09-22 14:00:00,12.63,14.48,-34.0,152.0,-34.0,152.0
2025-09-22 15:00:00,11.96,13.62,-34.0,152.0,-34.0,152.0
2025-09-22 16:00:00,11.67,13.25,-34.0,152.0,-34.0,152.0
2025-09-22 17:00:00,11.95,13.56,-34.0,152.0,-34.0,152.0
2025-09-22 18:00:00,11.35,12.81,-34.0,152.0,-34.0,152.0
2025-09-22 19:00:00,10.58,11.85,-34.0,152.0,-34.0,152.0
2025-09-22 20:00:00,10.27,11.41,-34.0,152.0,-34.0,152.0
2025-09-22 21:00:00,9.71,10.74,-34.0,152.0,-34.0,152.0
2025-09-22 22:00:00,8.02,8.81,-34.0,152.0,-34.0,152.0
2025-09-22 23:00:00,8.39,9.2,-34.0,152.0,-34.0,152.0
2025-09-23 00:00:00,8.91,9.79,-34.0,152.0,-34.0,152.0
2025-09-23 01:00:00,9.4,10.38,-34.0,152.0,-34.0,152.0
2025-09-23 02:00:00,10.02,11.13,-34.0,152.0,-34.0,152.0
2025-09-23 03:00:00,10.54,11.73,-34.0,152.0,-34.0,152.0
2025-09-23 04:00:00,10.45,11.65,-34.0,152.0,-34.0,152.0
2025-09-23 05:00:00,10.17,11.31,-34.0,152.0,-34.0,152.0
2025-09-23 06:00:00,9.75,10.74,-34.0,152.0,-34.0,152.0
2025-09-23 07:00:00,8.96,9.79,-34.0,152.0,-34.0,152.0
2025-09-23 08:00:00,7.83,8.56,-34.0,152.0,-34.0,152.0
2025-09-23 09:00:00,6.27,6.84,-34.0,152.0,-34.0,152.0
2025-09-23 10:00:00,5.31,5.68,-34.0,152.0,-34.0,152.0
2025-09-23 11:00:00,4.46,4.75,-34.0,152.0,-34.0,152.0
2025-09-23 12:00:00,3.69,3.94,-34.0,152.0,-34.0,152.0
2025-09-23 13:00:00,3.72,3.99,-34.0,152.0,-34.0,152.0
2025-09-23 14:00:00,4.85,5.2,-34.0,152.0,-34.0,152.0
2025-09-23 15:00:00,6.29,6.76,-34.0,152.0,-34.0,152.0
2025-09-23 16:00:00,7.33,7.98,-34.0,152.0,-34.0,152.0
2025-09-23 17:00:00,7.5,8.2,-34.0,152.0,-34.0,152.0
2025-09-23 18:00:00,7.38,8.13,-34.0,152.0,-34.0,152.0
2025-09-23 19:00:00,7.39,8.15,-34.0,152.0,-34.0,152.0
2025-09-23 20:00:00,7.5,8.21,-34.0,152.0,-34.0,152.0
2025-09-23 21:00:00,7.76,8.52,-34.0,152.0,-34.0,152.0
2025-09-23 22:00:00,8.31,9.17,-34.0,152.0,-34.0,152.0
2025-09-23 23:00:00,7.85,8.64,-34.0,152.0,-34.0,152.0
2025-09-24 00:00:00,7.53,8.33,-34.0,152.0,-34.0,152.0
2025-09-24 01:00:00,7.06,7.75,-34.0,152.0,-34.0,152.0
2025-09-24 02:00:00,6.49,7.13,-34.0,152.0,-34.0,152.0
2025-09-24 03:00:00,5.29,5.87,-34.0,152.0,-34.0,152.0
2025-09-24 04:00:00,3.75,4.14,-34.0,152.0,-34.0,152.0
2025-09-24 05:00:00,3.5,3.82,-34.0,152.0,-34.0,152.0
2025-09-24 06:00:00,4.44,4.73,-34.0,152.0,-34.0,152.0
2025-09-24 07:00:00,5.71,6.13,-34.0,152.0,-34.0,152.0
2025-09-24 08:00:00,6.9,7.51,-34.0,152.0,-34.0,152.0
2025-09-24 09:00:00,7.42,8.05,-34.0,152.0,-34.0,152.0
2025-09-24 10:00:00,9.07,10.01,-34.0,152.0,-34.0,152.0
2025-09-24 11:00:00,8.17,9.08,-34.0,152.0,-34.0,152.0
2025-09-24 12:00:00,6.74,7.38,-34.0,152.0,-34.0,152.0
2025-09-24 13:00:00,5.91,6.34,-34.0,152.0,-34.0,152.0
2025-09-24 14:00:00,5.1,5.48,-34.0,152.0,-34.0,152.0
2025-09-24 15:00:00,3.83,4.06,-34.0,152.0,-34.0,152.0
2025-09-24 16:00:00,2.02,2.18,-34.0,152.0,-34.0,152.0
2025-09-24 17:00:00,1.94,2.1,-34.0,152.0,-34.0,152.0
2025-09-24 18:00:00,3.6,3.85,-34.0,152.0,-34.0,152.0
2025-09-24 19:00:00,5.4,5.8,-34.0,152.0,-34.0,152.0
2025-09-24 20:00:00,5.96,6.46,-34.0,152.0,-34.0,152.0
2025-09-24 21:00:00,6.47,7.07,-34.0,152.0,-34.0,152.0
2025-09-24 22:00:00,7.56,8.27,-34.0,152.0,-34.0,152.0
2025-09-24 23:00:00,7.44,8.2,-34.0,152.0,-34.0,152.0
2025-09-25 00:00:00,7.29,8.05,-34.0,152.0,-34.0,152.0
2025-09-25 01:00:00,7.13,7.85,-34.0,152.0,-34.0,152.0
2025-09-25 02:00:00,6.9,7.58,-34.0,152.0,-34.0,152.0
2025-09-25 03:00:00,6.92,7.61,-34.0,152.0,-34.0,152.0
2025-09-25 04:00:00,6.6,7.31,-34.0,152.0,-34.0,152.0
2025-09-25 05:00:00,6.33,7.15,-34.0,152.0,-34.0,152.0
2025-09-25 06:00:00,5.6,6.73,-34.0,152.0,-34.0,152.0
2025-09-25 07:00:00,5.07,6.67,-34.0,152.0,-34.0,152.0
2025-09-25 08:00:00,6.49,8.79,-34.0,152.0,-34.0,152.0
2025-09-25 09:00:00,8.16,10.65,-34.0,152.0,-34.0,152.0
2025-09-25 10:00:00,8.46,10.91,-34.0,152.0,-34.0,152.0
2025-09-25 11:00:00,8.1,10.38,-34.0,152.0,-34.0,152.0
2025-09-25 12:00:00,6.77,9.03,-34.0,152.0,-34.0,152.0
2025-09-25 13:00:00,6.03,8.22,-34.0,152.0,-34.0,152.0
2025-09-25 14:00:00,6.34,8.27,-34.0,152.0,-34.0,152.0
2025-09-25 15:00:00,7.38,9.2,-34.0,152.0,-34.0,152.0
2025-09-25 16:00:00,8.95,10.75,-34.0,152.0,-34.0,152.0
2025-09-25 17:00:00,9.93,11.87,-34.0,152.0,-34.0,152.0
2025-09-25 18:00:00,9.95,12.04,-34.0,152.0,-34.0,152.0
2025-09-25 19:00:00,9.53,11.47,-34.0,152.0,-34.0,152.0
2025-09-25 20:00:00,9.33,11.23,-34.0,152.0,-34.0,152.0
2025-09-25 21:00:00,9.57,11.45,-34.0,152.0,-34.0,152.0
2025-09-25 22:00:00,9.42,11.43,-34.0,152.0,-34.0,152.0
2025-09-25 23:00:00,9.23,11.19,-34.0,152.0,-34.0,152.0
2025-09-26 00:00:00,9.1,11.14,-34.0,152.0,-34.0,152.0
2025-09-26 01:00:00,8.65,10.76,-34.0,152.0,-34.0,152.0
2025-09-26 02:00:00,8.13,10.62,-34.0,152.0,-34.0,152.0
2025-09-26 03:00:00,7.54,10.28,-34.0,152.0,-34.0,152.0
2025-09-26 04:00:00,6.69,9.24,-34.0,152.0,-34.0,152.0
2025-09-26 05:00:00,6.76,9.34,-34.0,152.0,-34.0,152.0
2025-09-26 06:00:00,6.58,9.16,-34.0,152.0,-34.0,152.0
2025-09-26 07:00:00,6.74,9.64,-34.0,152.0,-34.0,152.0
2025-09-26 08:00:00,7.75,10.97,-34.0,152.0,-34.0,152.0
2025-09-26 09:00:00,9.05,12.51,-34.0,152.0,-34.0,152.0
2025-09-26 10:00:00,10.39,14.21,-34.0,152.0,-34.0,152.0
2025-09-26 11:00:00,9.62,13.44,-34.0,152.0,-34.0,152.0
2025-09-26 12:00:00,9.17,12.8,-34.0,152.0,-34.0,152.0
2025-09-26 13:00:00,9.61,13.34,-34.0,152.0,-34.0,152.0
2025-09-26 14:00:00,10.31,14.12,-34.0,152.0,-34.0,152.0
2025-09-26 15:00:00,10.63,14.53,-34.0,152.0,-34.0,152.0
2025-09-26 16:00:00,10.68,14.58,-34.0,152.0,-34.0,152.0
2025-09-26 17:00:00,10.31,14.45,-34.0,152.0,-34.0,152.0
2025-09-26 18:00:00,9.96,13.87,-34.0,152.0,-34.0,152.0
2025-09-26 19:00:00,9.55,12.69,-34.0,152.0,-34.0,152.0
2025-09-26 20:00:00,9.39,12.04,-34.0,152.0,-34.0,152.0
2025-09-26 21:00:00,9.21,11.7,-34.0,152.0,-34.0,152.0
2025-09-26 22:00:00,8.27,11.09,-34.0,152.0,-34.0,152.0
2025-09-26 23:00:00,7.93,10.63,-34.0,152.0,-34.0,152.0
2025-09-27 00:00:00,7.32,9.83,-34.0,152.0,-34.0,152.0
2025-09-27 01:00:00,6.41,8.89,-34.0,152.0,-34.0,152.0
2025-09-27 02:00:00,5.81,8.18,-34.0,152.0,-34.0,152.0
2025-09-27 03:00:00,6.39,8.94,-34.0,152.0,-34.0,152.0
2025-09-27 04:00:00,7.62,10.61,-34.0,152.0,-34.0,152.0
2025-09-27 05:00:00,8.79,12.2,-34.0,152.0,-34.0,152.0
2025-09-27 06:00:00,9.56,13.38,-34.0,152.0,-34.0,152.0
2025-09-27 07:00:00,9.81,13.81,-34.0,152.0,-34.0,152.0
2025-09-27 08:00:00,9.72,13.8,-34.0,152.0,-34.0,152.0
2025-09-27 09:00:00,9.77,13.87,-34.0,152.0,-34.0,152.0
2025-09-27 10:00:00,10.21,14.3,-34.0,152.0,-34.0,152.0
2025-09-27 11:00:00,10.44,14.49,-34.0,152.0,-34.0,152.0
2025-09-27 12:00:00,10.05,13.99,-34.0,152.0,-34.0,152.0
2025-09-27 13:00:00,9.69,13.51,-34.0,152.0,-34.0,152.0
2025-09-27 14:00:00,9.38,12.99,-34.0,152.0,-34.0,152.0
2025-09-27 15:00:00,9.24,12.65,-34.0,152.0,-34.0,152.0
2025-09-27 16:00:00,9.19,12.41,-34.0,152.0,-34.0,152.0
2025-09-27 17:00:00,8.75,12.14,-34.0,152.0,-34.0,152.0
2025-09-27 18:00:00,8.23,11.33,-34.0,152.0,-34.0,152.0
2025-09-27 19:00:00,7.6,10.46,-34.0,152.0,-34.0,152.0
2025-09-27 20:00:00,6.5,8.91,-34.0,152.0,-34.0,152.0
2025-09-27 21:00:00,5.26,6.71,-34.0,152.0,-34.0,152.0
2025-09-27 22:00:00,5.89,6.61,-34.0,152.0,-34.0,152.0
2025-09-27 23:00:00,4.48,5.06,-34.0,152.0,-34.0,152.0
2025-09-28 00:00:00,3.76,4.29,-34.0,152.0,-34.0,152.0
2025-09-28 01:00:00,3.68,4.18,-34.0,152.0,-34.0,152.0
2025-09-28 02:00:00,4.58,5.03,-34.0,152.0,-34.0,152.0
2025-09-28 03:00:00,4.96,5.48,-34.0,152.0,-34.0,152.0
2025-09-28 04:00:00,5.18,5.65,-34.0,152.0,-34.0,152.0
2025-09-28 05:00:00,7.27,8.05,-34.0,152.0,-34.0,152.0
2025-09-28 06:00:00,8.78,9.88,-34.0,152.0,-34.0,152.0
2025-09-28 07:00:00,8.34,9.59,-34.0,152.0,-34.0,152.0
2025-09-28 08:00:00,7.81,8.92,-34.0,152.0,-34.0,152.0
2025-09-28 09:00:00,8.44,9.56,-34.0,152.0,-34.0,152.0
2025-09-28 10:00:00,6.84,7.63,-34.0,152.0,-34.0,152.0
2025-09-28 11:00:00,6.78,7.47,-34.0,152.0,-34.0,152.0
2025-09-28 12:00:00,7.01,7.74,-34.0,152.0,-34.0,152.0
2025-09-28 13:00:00,8.21,9.13,-34.0,152.0,-34.0,152.0
2025-09-28 14:00:00,8.77,9.89,-34.0,152.0,-34.0,152.0
2025-09-28 15:00:00,8.2,9.12,-34.0,152.0,-34.0,152.0
2025-09-28 16:00:00,7.43,8.1,-34.0,152.0,-34.0,152.0
2025-09-28 17:00:00,6.72,7.24,-34.0,152.0,-34.0,152.0
2025-09-28 18:00:00,6.0,6.41,-34.0,152.0,-34.0,152.0
2025-09-28 19:00:00,5.32,5.63,-34.0,152.0,-34.0,152.0
2025-09-28 20:00:00,4.29,4.5,-34.0,152.0,-34.0,152.0
2025-09-28 21:00:00,3.09,3.35,-34.0,152.0,-34.0,152.0
2025-09-28 22:00:00,3.16,3.31,-34.0,152.0,-34.0,152.0
2025-09-28 23:00:00,1.84,1.91,-34.0,152.0,-34.0,152.0
2025-09-29 00:00:00,0.98,1.1,-34.0,152.0,-34.0,152.0
2025-09-29 01:00:00,1.59,1.7,-34.0,152.0,-34.0,152.0
2025-09-29 02:00:00,1.31,1.46,-34.0,152.0,-34.0,152.0
2025-09-29 03:00:00,0.54,0.63,-34.0,152.0,-34.0,152.0
2025-09-29 04:00:00,0.83,0.81,-34.0,152.0,-34.0,152.0
2025-09-29 05:00:00,1.71,1.79,-34.0,152.0,-34.0,152.0
2025-09-29 06:00:00,2.77,2.9,-34.0,152.0,-34.0,152.0
2025-09-29 07:00:00,3.91,4.18,-34.0,152.0,-34.0,152.0
2025-09-29 08:00:00,5.65,6.12,-34.0,152.0,-34.0,152.0
2025-09-29 09:00:00,7.18,7.92,-34.0,152.0,-34.0,152.0
2025-09-29 10:00:00,7.42,8.16,-34.0,152.0,-34.0,152.0
2025-09-29 11:00:00,6.67,7.32,-34.0,152.0,-34.0,152.0
2025-09-29 12:00:00,6.19,6.8,-34.0,152.0,-34.0,152.0
2025-09-29 13:00:00,5.98,6.52,-34.0,152.0,-34.0,152.0
2025-09-29 14:00:00,5.55,5.97,-34.0,152.0,-34.0,152.0
2025-09-29 15:00:00,5.87,6.36,-34.0,152.0,-34.0,152.0
2025-09-29 16:00:00,6.04,6.59,-34.0,152.0,-34.0,152.0
2025-09-29 17:00:00,6.08,6.69,-34.0,152.0,-34.0,152.0
2025-09-29 18:00:00,6.3,6.92,-34.0,152.0,-34.0,152.0
2025-09-29 19:00:00,6.4,7.04,-34.0,152.0,-34.0,152.0
2025-09-29 20:00:00,6.93,7.69,-34.0,152.0,-34.0,152.0
2025-09-29 21:00:00,7.64,8.63,-34.0,152.0,-34.0,152.0
2025-09-29 22:00:00,8.14,9.3,-34.0,152.0,-34.0,152.0
2025-09-29 23:00:00,8.29,9.55,-34.0,152.0,-34.0,152.0
2025-09-30 00:00:00,8.59,9.98,-34.0,152.0,-34.0,152.0
2025-09-30 01:00:00,9.51,11.12,-34.0,152.0,-34.0,152.0
2025-09-30 02:00:00,9.9,11.75,-34.0,152.0,-34.0,152.0
2025-09-30 03:00:00,9.73,11.56,-34.0,152.0,-34.0,152.0
2025-09-30 04:00:00,9.93,11.88,-34.0,152.0,-34.0,152.0
2025-09-30 05:00:00,9.87,12.19,-34.0,152.0,-34.0,152.0
2025-09-30 06:00:00,9.66,12.61,-34.0,152.0,-34.0,152.0
2025-09-30 07:00:00,9.97,13.4,-34.0,152.0,-34.0,152.0
2025-09-30 08:00:00,10.41,14.38,-34.0,152.0,-34.0,152.0
2025-09-30 09:00:00,11.12,15.41,-34.0,152.0,-34.0,152.0
2025-09-30 10:00:00,10.97,15.67,-34.0,152.0,-34.0,152.0
2025-09-30 11:00:00,10.83,15.02,-34.0,152.0,-34.0,152.0
2025-09-30 12:00:00,10.42,14.52,-34.0,152.0,-34.0,152.0
2025-09-30 13:00:00,10.22,14.27,-34.0,152.0,-34.0,152.0
2025-09-30 14:00:00,10.65,14.81,-34.0,152.0,-34.0,152.0
2025-09-30 15:00:00,11.16,15.49,-34.0,152.0,-34.0,152.0
2025-09-30 16:00:00,10.72,14.86,-34.0,152.0,-34.0,152.0
2025-09-30 17:00:00,9.18,12.34,-34.0,152.0,-34.0,152.0
2025-09-30 18:00:00,6.87,9.53,-34.0,152.0,-34.0,152.0
2025-09-30 19:00:00,5.6,7.56,-34.0,152.0,-34.0,152.0
2025-09-30 20:00:00,5.7,7.31,-34.0,152.0,-34.0,152.0
2025-09-30 21:00:00,6.4,7.42,-34.0,152.0,-34.0,152.0
2025-09-30 22:00:00,9.45,11.05,-34.0,152.0,-34.0,152.0
2025-09-30 23:00:00,7.78,8.92,-34.0,152.0,-34.0,152.0
2025-10-01 00:00:00,5.71,6.34,-34.0,152.0,-34.0,152.0
2025-10-01 01:00:00,4.07,4.43,-34.0,152.0,-34.0,152.0
2025-10-01 02:00:00,2.29,2.53,-34.0,152.0,-34.0,152.0
2025-10-01 03:00:00,0.81,1.02,-34.0,152.0,-34.0,152.0
2025-10-01 04:00:00,0.63,0.65,-34.0,152.0,-34.0,152.0
2025-10-01 05:00:00,1.64,1.63,-34.0,152.0,-34.0,152.0
2025-10-01 06:00:00,2.94,3.13,-34.0,152.0,-34.0,152.0
2025-10-01 07:00:00,3.8,4.09,-34.0,152.0,-34.0,152.0
2025-10-01 08:00:00,3.97,4.4,-34.0,152.0,-34.0,152.0
2025-10-01 09:00:00,4.01,4.54,-34.0,152.0,-34.0,152.0
2025-10-01 10:00:00,4.68,6.06,-34.0,152.0,-34.0,152.0
2025-10-01 11:00:00,6.95,8.21,-34.0,152.0,-34.0,152.0
2025-10-01 12:00:00,7.24,8.25,-34.0,152.0,-34.0,152.0
2025-10-01 13:00:00,6.91,7.76,-34.0,152.0,-34.0,152.0
2025-10-01 14:00:00,6.06,6.71,-34.0,152.0,-34.0,152.0
2025-10-01 15:00:00,5.62,6.14,-34.0,152.0,-34.0,152.0
2025-10-01 16:00:00,5.57,6.1,-34.0,152.0,-34.0,152.0
2025-10-01 17:00:00,5.91,6.56,-34.0,152.0,-34.0,152.0
2025-10-01 18:00:00,6.47,7.08,-34.0,152.0,-34.0,152.0
2025-10-01 19:00:00,7.15,7.93,-34.0,152.0,-34.0,152.0
2025-10-01 20:00:00,8.05,9.0,-34.0,152.0,-34.0,152.0
2025-10-01 21:00:00,8.83,10.07,-34.0,152.0,-34.0,152.0
2025-10-01 22:00:00,8.23,9.14,-34.0,152.0,-34.0,152.0
2025-10-01 23:00:00,8.45,9.41,-34.0,152.0,-34.0,152.0
2025-10-02 00:00:00,8.27,9.19,-34.0,152.0,-34.0,152.0
2025-10-02 01:00:00,7.77,8.61,-34.0,152.0,-34.0,152.0
2025-10-02 02:00:00,7.36,8.24,-34.0,152.0,-34.0,152.0
2025-10-02 03:00:00,5.86,6.66,-34.0,152.0,-34.0,152.0
2025-10-02 04:00:00,5.25,6.04,-34.0,152.0,-34.0,152.0
2025-10-02 05:00:00,8.03,9.29,-34.0,152.0,-34.0,152.0
2025-10-02 06:00:00,12.06,14.1,-34.0,152.0,-34.0,152.0
2025-10-02 07:00:00,11.9,14.38,-34.0,152.0,-34.0,152.0
2025-10-02 08:00:00,13.98,16.79,-34.0,152.0,-34.0,152.0
2025-10-02 09:00:00,14.47,17.42,-34.0,152.0,-34.0,152.0
2025-10-02 10:00:00,14.52,17.67,-34.0,152.0,-34.0,152.0
2025-10-02 11:00:00,14.27,17.33,-34.0,152.0,-34.0,152.0
2025-10-02 12:00:00,13.7,16.47,-34.0,152.0,-34.0,152.0
2025-10-02 13:00:00,13.43,16.02,-34.0,152.0,-34.0,152.0
2025-10-02 14:00:00,13.13,15.62,-34.0,152.0,-34.0,152.0
2025-10-02 15:00:00,12.45,14.61,-34.0,152.0,-34.0,152.0
2025-10-02 16:00:00,11.87,13.81,-34.0,152.0,-34.0,152.0
2025-10-02 17:00:00,11.31,13.02,-34.0,152.0,-34.0,152.0
2025-10-02 18:00:00,11.13,12.73,-34.0,152.0,-34.0,152.0
2025-10-02 19:00:00,10.89,12.38,-34.0,152.0,-34.0,152.0
2025-10-02 20:00:00,10.32,11.65,-34.0,152.0,-34.0,152.0
2025-10-02 21:00:00,9.88,11.03,-34.0,152.0,-34.0,152.0
2025-10-02 22:00:00,9.96,11.11,-34.0,152.0,-34.0,152.0
2025-10-02 23:00:00,9.53,10.68,-34.0,152.0,-34.0,152.0
2025-10-03 00:00:00,8.8,9.83,-34.0,152.0,-34.0,152.0
2025-10-03 01:00:00,7.7,8.51,-34.0,152.0,-34.0,152.0
2025-10-03 02:00:00,6.96,7.61,-34.0,152.0,-34.0,152.0
2025-10-03 03:00:00,6.05,6.59,-34.0,152.0,-34.0,152.0
2025-10-03 04:00:00,4.75,5.13,-34.0,152.0,-34.0,152.0
2025-10-03 05:00:00,3.59,3.82,-34.0,152.0,-34.0,152.0
2025-10-03 06:00:00,3.72,3.95,-34.0,152.0,-34.0,152.0
2025-10-03 07:00:00,3.46,3.65,-34.0,152.0,-34.0,152.0
2025-10-03 08:00:00,1.98,1.98,-34.0,152.0,-34.0,152.0
2025-10-03 09:00:00,0.38,0.56,-34.0,152.0,-34.0,152.0
2025-10-03 10:00:00,2.26,2.5,-34.0,152.0,-34.0,152.0
2025-10-03 11:00:00,4.81,5.39,-34.0,152.0,-34.0,152.0
2025-10-03 12:00:00,5.77,6.42,-34.0,152.0,-34.0,152.0
2025-10-03 13:00:00,5.66,6.23,-34.0,152.0,-34.0,152.0
2025-10-03 14:00:00,6.62,7.28,-34.0,152.0,-34.0,152.0
2025-10-03 15:00:00,8.29,9.17,-34.0,152.0,-34.0,152.0
2025-10-03 16:00:00,8.9,9.93,-34.0,152.0,-34.0,152.0
2025-10-03 17:00:00,9.0,10.05,-34.0,152.0,-34.0,152.0
2025-10-03 18:00:00,8.77,9.79,-34.0,152.0,-34.0,152.0
2025-10-03 19:00:00,8.1,8.98,-34.0,152.0,-34.0,152.0
2025-10-03 20:00:00,8.37,9.26,-34.0,152.0,-34.0,152.0
2025-10-03 21:00:00,9.07,10.03,-34.0,152.0,-34.0,152.0
2025-10-03 22:00:00,8.4,9.25,-34.0,152.0,-34.0,152.0
2025-10-03 23:00:00,8.55,9.46,-34.0,152.0,-34.0,152.0
2025-10-04 00:00:00,8.54,9.45,-34.0,152.0,-34.0,152.0
2025-10-04 01:00:00,8.28,9.16,-34.0,152.0,-34.0,152.0
2025-10-04 02:00:00,7.48,8.21,-34.0,152.0,-34.0,152.0
2025-10-04 03:00:00,6.99,7.6,-34.0,152.0,-34.0,152.0
2025-10-04 04:00:00,6.75,7.25,-34.0,152.0,-34.0,152.0
2025-10-04 05:00:00,6.05,6.45,-34.0,152.0,-34.0,152.0
2025-10-04 06:00:00,5.41,5.73,-34.0,152.0,-34.0,152.0
2025-10-04 07:00:00,5.15,5.51,-34.0,152.0,-34.0,152.0
2025-10-04 08:00:00,5.2,5.52,-34.0,152.0,-34.0,152.0
2025-10-04 09:00:00,5.1,5.44,-34.0,152.0,-34.0,152.0
2025-10-04 10:00:00,4.27,4.52,-34.0,152.0,-34.0,152.0
2025-10-04 11:00:00,3.33,3.44,-34.0,152.0,-34.0,152.0
2025-10-04 12:00:00,1.99,2.04,-34.0,152.0,-34.0,152.0
2025-10-04 13:00:00,1.31,1.35,-34.0,152.0,-34.0,152.0
2025-10-04 14:00:00,1.57,1.64,-34.0,152.0,-34.0,152.0
2025-10-04 15:00:00,2.17,2.28,-34.0,152.0,-34.0,152.0
2025-10-04 16:00:00,3.01,3.25,-34.0,152.0,-34.0,152.0
2025-10-04 17:00:00,4.21,4.53,-34.0,152.0,-34.0,152.0
2025-10-04 18:00:00,5.23,5.68,-34.0,152.0,-34.0,152.0
2025-10-04 19:00:00,5.98,6.53,-34.0,152.0,-34.0,152.0
2025-10-04 20:00:00,6.6,7.31,-34.0,152.0,-34.0,152.0
2025-10-04 21:00:00,7.02,7.78,-34.0,152.0,-34.0,152.0
2025-10-04 22:00:00,6.8,7.54,-34.0,152.0,-34.0,152.0
2025-10-04 23:00:00,6.6,7.31,-34.0,152.0,-34.0,152.0
2025-10-05 00:00:00,7.16,7.96,-34.0,152.0,-34.0,152.0
2025-10-05 01:00:00,7.43,8.34,-34.0,152.0,-34.0,152.0
2025-10-05 02:00:00,7.29,8.21,-34.0,152.0,-34.0,152.0
2025-10-05 03:00:00,7.01,8.09,-34.0,152.0,-34.0,152.0
2025-10-05 04:00:00,6.45,7.76,-34.0,152.0,-34.0,152.0
2025-10-05 05:00:00,6.05,7.79,-34.0,152.0,-34.0,152.0
2025-10-05 06:00:00,6.54,8.38,-34.0,152.0,-34.0,152.0
2025-10-05 07:00:00,7.2,9.71,-34.0,152.0,-34.0,152.0
2025-10-05 08:00:00,8.34,11.45,-34.0,152.0,-34.0,152.0
2025-10-05 09:00:00,8.59,11.99,-34.0,152.0,-34.0,152.0
2025-10-05 10:00:00,8.13,11.34,-34.0,152.0,-34.0,152.0
2025-10-05 11:00:00,7.36,10.39,-34.0,152.0,-34.0,152.0
2025-10-05 12:00:00,7.41,10.51,-34.0,152.0,-34.0,152.0
2025-10-05 13:00:00,7.41,10.6,-34.0,152.0,-34.0,152.0
2025-10-05 14:00:00,8.13,11.49,-34.0,152.0,-34.0,152.0
2025-10-05 15:00:00,8.75,12.27,-34.0,152.0,-34.0,152.0
2025-10-05 16:00:00,9.07,12.78,-34.0,152.0,-34.0,152.0
2025-10-05 17:00:00,9.65,13.42,-34.0,152.0,-34.0,152.0
2025-10-05 18:00:00,10.1,13.89,-34.0,152.0,-34.0,152.0
2025-10-05 19:00:00,10.03,13.83,-34.0,152.0,-34.0,152.0
2025-10-05 20:00:00,10.05,13.79,-34.0,152.0,-34.0,152.0
2025-10-05 21:00:00,10.57,14.38,-34.0,152.0,-34.0,152.0
2025-10-05 22:00:00,10.61,14.79,-34.0,152.0,-34.0,152.0
2025-10-05 23:00:00,10.47,14.56,-34.0,152.0,-34.0,152.0
2025-10-06 00:00:00,9.11,12.63,-34.0,152.0,-34.0,152.0
2025-10-06 01:00:00,6.75,9.54,-34.0,152.0,-34.0,152.0
2025-10-06 02:00:00,4.39,6.36,-34.0,152.0,-34.0,152.0
2025-10-06 03:00:00,6.38,7.84,-34.0,152.0,-34.0,152.0
2025-10-06 04:00:00,9.76,11.14,-34.0,152.0,-34.0,152.0
2025-10-06 05:00:00,10.33,11.99,-34.0,152.0,-34.0,152.0
2025-10-06 06:00:00,9.23,10.75,-34.0,152.0,-34.0,152.0
2025-10-06 07:00:00,8.99,10.31,-34.0,152.0,-34.0,152.0
2025-10-06 08:00:00,8.85,10.15,-34.0,152.0,-34.0,152.0
2025-10-06 09:00:00,8.36,9.39,-34.0,152.0,-34.0,152.0
2025-10-06 10:00:00,5.26,5.68,-34.0,152.0,-34.0,152.0
2025-10-06 11:00:00,4.46,4.7,-34.0,152.0,-34.0,152.0
2025-10-06 12:00:00,5.36,5.68,-34.0,152.0,-34.0,152.0
2025-10-06 13:00:00,6.06,6.49,-34.0,152.0,-34.0,152.0
2025-10-06 14:00:00,6.1,6.53,-34.0,152.0,-34.0,152.0
2025-10-06 15:00:00,6.17,6.57,-34.0,152.0,-34.0,152.0
2025-10-06 16:00:00,5.92,6.34,-34.0,152.0,-34.0,152.0
2025-10-06 17:00:00,5.81,6.22,-34.0,152.0,-34.0,152.0
2025-10-06 18:00:00,5.99,6.44,-34.0,152.0,-34.0,152.0
2025-10-06 19:00:00,6.18,6.63,-34.0,152.0,-34.0,152.0
2025-10-06 20:00:00,5.84,6.26,-34.0,152.0,-34.0,152.0
2025-10-06 21:00:00,6.02,6.51,-34.0,152.0,-34.0,152.0
2025-10-06 22:00:00,5.23,5.55,-34.0,152.0,-34.0,152.0
2025-10-06 23:00:00,5.88,6.26,-34.0,152.0,-34.0,152.0
2025-10-07 00:00:00,5.51,5.94,-34.0,152.0,-34.0,152.0
2025-10-07 01:00:00,6.04,6.54,-34.0,152.0,-34.0,152.0
2025-10-07 02:00:00,7.09,7.71,-34.0,152.0,-34.0,152.0
2025-10-07 03:00:00,7.93,8.75,-34.0,152.0,-34.0,152.0
2025-10-07 04:00:00,7.85,8.77,-34.0,152.0,-34.0,152.0
2025-10-07 05:00:00,7.92,8.99,-34.0,152.0,-34.0,152.0
2025-10-07 06:00:00,8.24,9.56,-34.0,152.0,-34.0,152.0
2025-10-07 07:00:00,8.49,10.09,-34.0,152.0,-34.0,152.0
2025-10-07 08:00:00,8.36,10.08,-34.0,152.0,-34.0,152.0
2025-10-07 09:00:00,8.72,10.94,-34.0,152.0,-34.0,152.0
2025-10-07 10:00:00,7.7,10.07,-34.0,152.0,-34.0,152.0
2025-10-07 11:00:00,7.72,10.26,-34.0,152.0,-34.0,152.0
2025-10-07 12:00:00,7.6,10.02,-34.0,152.0,-34.0,152.0
2025-10-07 13:00:00,6.99,9.23,-34.0,152.0,-34.0,152.0
2025-10-07 14:00:00,6.71,8.78,-34.0,152.0,-34.0,152.0
2025-10-07 15:00:00,6.76,8.81,-34.0,152.0,-34.0,152.0
2025-10-07 16:00:00,6.17,8.33,-34.0,152.0,-34.0,152.0
2025-10-07 17:00:00,5.48,7.31,-34.0,152.0,-34.0,152.0
2025-10-07 18:00:00,5.05,6.45,-34.0,152.0,-34.0,152.0
2025-10-07 19:00:00,3.86,4.71,-34.0,152.0,-34.0,152.0
2025-10-07 20:00:00,2.52,2.96,-34.0,152.0,-34.0,152.0
2025-10-07 21:00:00,1.67,2.0,-34.0,152.0,-34.0,152.0
2025-10-07 22:00:00,1.58,2.35,-34.0,152.0,-34.0,152.0
2025-10-07 23:00:00,1.51,2.16,-34.0,152.0,-34.0,152.0
2025-10-08 00:00:00,3.4,4.13,-34.0,152.0,-34.0,152.0
2025-10-08 01:00:00,3.91,4.93,-34.0,152.0,-34.0,152.0
2025-10-08 02:00:00,4.09,5.15,-34.0,152.0,-34.0,152.0
2025-10-08 03:00:00,4.98,6.33,-34.0,152.0,-34.0,152.0
2025-10-08 04:00:00,5.34,6.87,-34.0,152.0,-34.0,152.0
2025-10-08 05:00:00,6.01,7.79,-34.0,152.0,-34.0,152.0
2025-10-08 06:00:00,7.27,9.74,-34.0,152.0,-34.0,152.0
2025-10-08 07:00:00,8.3,12.02,-34.0,152.0,-34.0,152.0
2025-10-08 08:00:00,7.73,11.61,-34.0,152.0,-34.0,152.0
2025-10-08 09:00:00,9.3,14.07,-34.0,152.0,-34.0,152.0
2025-10-08 10:00:00,6.9,10.26,-34.0,152.0,-34.0,152.0
2025-10-08 11:00:00,6.32,9.18,-34.0,152.0,-34.0,152.0
2025-10-08 12:00:00,9.64,13.52,-34.0,152.0,-34.0,152.0
2025-10-08 13:00:00,10.94,15.4,-34.0,152.0,-34.0,152.0
2025-10-08 14:00:00,8.97,13.17,-34.0,152.0,-34.0,152.0
2025-10-08 15:00:00,8.31,12.34,-34.0,152.0,-34.0,152.0
2025-10-08 16:00:00,7.61,11.25,-34.0,152.0,-34.0,152.0
2025-10-08 17:00:00,7.15,10.36,-34.0,152.0,-34.0,152.0
2025-10-08 18:00:00,5.76,8.32,-34.0,152.0,-34.0,152.0
2025-10-08 19:00:00,4.35,6.09,-34.0,152.0,-34.0,152.0
2025-10-08 20:00:00,5.14,6.66,-34.0,152.0,-34.0,152.0
2025-10-08 21:00:00,5.55,7.5,-34.0,152.0,-34.0,152.0
2025-10-08 22:00:00,4.41,6.91,-34.0,152.0,-34.0,152.0
2025-10-08 23:00:00,5.56,7.93,-34.0,152.0,-34.0,152.0
2025-10-09 00:00:00,7.43,10.4,-34.0,152.0,-34.0,152.0
2025-10-09 01:00:00,8.28,11.66,-34.0,152.0,-34.0,152.0
2025-10-09 02:00:00,9.34,13.17,-34.0,152.0,-34.0,152.0
2025-10-09 03:00:00,9.47,13.22,-34.0,152.0,-34.0,152.0
2025-10-09 04:00:00,9.33,13.05,-34.0,152.0,-34.0,152.0
2025-10-09 05:00:00,9.45,13.19,-34.0,152.0,-34.0,152.0
2025-10-09 06:00:00,9.12,12.66,-34.0,152.0,-34.0,152.0
2025-10-09 07:00:00,9.39,12.94,-34.0,152.0,-34.0,152.0
2025-10-09 08:00:00,9.81,13.33,-34.0,152.0,-34.0,152.0
2025-10-09 09:00:00,9.72,13.25,-34.0,152.0,-34.0,152.0
2025-10-09 10:00:00,10.76,14.5,-34.0,152.0,-34.0,152.0
2025-10-09 11:00:00,9.37,12.77,-34.0,152.0,-34.0,152.0
2025-10-09 12:00:00,8.62,11.71,-34.0,152.0,-34.0,152.0
2025-10-09 13:00:00,7.79,10.57,-34.0,152.0,-34.0,152.0
2025-10-09 14:00:00,6.35,8.71,-34.0,152.0,-34.0,152.0
2025-10-09 15:00:00,4.6,6.22,-34.0,152.0,-34.0,152.0
2025-10-09 16:00:00,2.49,3.45,-34.0,152.0,-34.0,152.0
2025-10-09 17:00:00,1.0,1.35,-34.0,152.0,-34.0,152.0
2025-10-09 18:00:00,0.99,1.01,-34.0,152.0,-34.0,152.0
2025-10-09 19:00:00,1.86,2.03,-34.0,152.0,-34.0,152.0
2025-10-09 20:00:00,3.41,3.83,-34.0,152.0,-34.0,152.0
2025-10-09 21:00:00,5.11,6.01,-34.0,152.0,-34.0,152.0
2025-10-09 22:00:00,4.2,5.33,-34.0,152.0,-34.0,152.0
2025-10-09 23:00:00,4.99,6.44,-34.0,152.0,-34.0,152.0
2025-10-10 00:00:00,4.92,6.54,-34.0,152.0,-34.0,152.0
2025-10-10 01:00:00,4.44,6.01,-34.0,152.0,-34.0,152.0
2025-10-10 02:00:00,4.05,5.3,-34.0,152.0,-34.0,152.0
2025-10-10 03:00:00,3.64,4.35,-34.0,152.0,-34.0,152.0
2025-10-10 04:00:00,4.85,5.34,-34.0,152.0,-34.0,152.0
2025-10-10 05:00:00,5.71,6.83,-34.0,152.0,-34.0,152.0
2025-10-10 06:00:00,6.4,8.24,-34.0,152.0,-34.0,152.0
2025-10-10 07:00:00,7.04,9.63,-34.0,152.0,-34.0,152.0
2025-10-10 08:00:00,7.83,10.85,-34.0,152.0,-34.0,152.0
2025-10-10 09:00:00,7.75,10.74,-34.0,152.0,-34.0,152.0
2025-10-10 10:00:00,6.75,9.46,-34.0,152.0,-34.0,152.0
2025-10-10 11:00:00,6.48,9.41,-34.0,152.0,-34.0,152.0
2025-10-10 12:00:00,6.07,9.02,-34.0,152.0,-34.0,152.0
2025-10-10 13:00:00,6.01,8.86,-34.0,152.0,-34.0,152.0
2025-10-10 14:00:00,6.37,9.21,-34.0,152.0,-34.0,152.0
2025-10-10 15:00:00,6.63,9.48,-34.0,152.0,-34.0,152.0
2025-10-10 16:00:00,6.41,9.19,-34.0,152.0,-34.0,152.0
2025-10-10 17:00:00,5.99,8.66,-34.0,152.0,-34.0,152.0
2025-10-10 18:00:00,5.83,8.56,-34.0,152.0,-34.0,152.0
2025-10-10 19:00:00,5.99,8.76,-34.0,152.0,-34.0,152.0
2025-10-10 20:00:00,6.71,9.68,-34.0,152.0,-34.0,152.0
2025-10-10 21:00:00,7.3,10.35,-34.0,152.0,-34.0,152.0
2025-10-10 22:00:00,6.33,8.88,-34.0,152.0,-34.0,152.0
2025-10-10 23:00:00,5.35,7.34,-34.0,152.0,-34.0,152.0
2025-10-11 00:00:00,4.48,5.76,-34.0,152.0,-34.0,152.0
2025-10-11 01:00:00,3.79,4.61,-34.0,152.0,-34.0,152.0
2025-10-11 02:00:00,3.32,4.04,-34.0,152.0,-34.0,152.0
2025-10-11 03:00:00,3.5,4.03,-34.0,152.0,-34.0,152.0
2025-10-11 04:00:00,3.53,3.81,-34.0,152.0,-34.0,152.0
2025-10-11 05:00:00,4.16,4.85,-34.0,152.0,-34.0,152.0
2025-10-11 06:00:00,4.55,5.68,-34.0,152.0,-34.0,152.0
2025-10-11 07:00:00,4.68,6.06,-34.0,152.0,-34.0,152.0
2025-10-11 08:00:00,5.1,7.0,-34.0,152.0,-34.0,152.0
2025-10-11 09:00:00,5.9,8.5,-34.0,152.0,-34.0,152.0
2025-10-11 10:00:00,6.32,8.81,-34.0,152.0,-34.0,152.0
2025-10-11 11:00:00,5.77,8.73,-34.0,152.0,-34.0,152.0
2025-10-11 12:00:00,5.77,8.66,-34.0,152.0,-34.0,152.0
2025-10-11 13:00:00,4.46,6.95,-34.0,152.0,-34.0,152.0
2025-10-11 14:00:00,3.52,5.8,-34.0,152.0,-34.0,152.0
2025-10-11 15:00:00,3.96,6.16,-34.0,152.0,-34.0,152.0
2025-10-11 16:00:00,4.68,6.76,-34.0,152.0,-34.0,152.0
2025-10-11 17:00:00,5.32,7.42,-34.0,152.0,-34.0,152.0
2025-10-11 18:00:00,5.93,8.41,-34.0,152.0,-34.0,152.0
2025-10-11 19:00:00,6.67,9.53,-34.0,152.0,-34.0,152.0
2025-10-11 20:00:00,7.06,10.09,-34.0,152.0,-34.0,152.0
2025-10-11 21:00:00,7.31,10.41,-34.0,152.0,-34.0,152.0
2025-10-11 22:00:00,7.18,10.41,-34.0,152.0,-34.0,152.0
2025-10-11 23:00:00,5.98,8.68,-34.0,152.0,-34.0,152.0
2025-10-12 00:00:00,6.01,8.62,-34.0,152.0,-34.0,152.0
2025-10-12 01:00:00,6.37,9.04,-34.0,152.0,-34.0,152.0
2025-10-12 02:00:00,6.58,9.62,-34.0,152.0,-34.0,152.0
2025-10-12 03:00:00,6.1,9.24,-34.0,152.0,-34.0,152.0
2025-10-12 04:00:00,4.74,7.18,-34.0,152.0,-34.0,152.0
2025-10-12 05:00:00,5.74,8.87,-34.0,152.0,-34.0,152.0
2025-10-12 06:00:00,13.58,18.32,-34.0,152.0,-34.0,152.0
2025-10-12 07:00:00,11.44,15.15,-34.0,152.0,-34.0,152.0
2025-10-12 08:00:00,11.98,15.4,-34.0,152.0,-34.0,152.0
2025-10-12 09:00:00,10.35,13.06,-34.0,152.0,-34.0,152.0
2025-10-12 10:00:00,10.47,12.85,-34.0,152.0,-34.0,152.0
2025-10-12 11:00:00,9.42,11.39,-34.0,152.0,-34.0,152.0
2025-10-12 12:00:00,8.18,9.93,-34.0,152.0,-34.0,152.0
2025-10-12 13:00:00,7.98,9.42,-34.0,152.0,-34.0,152.0
2025-10-12 14:00:00,7.83,9.14,-34.0,152.0,-34.0,152.0
2025-10-12 15:00:00,7.97,9.22,-34.0,152.0,-34.0,152.0
2025-10-12 16:00:00,8.08,9.31,-34.0,152.0,-34.0,152.0
2025-10-12 17:00:00,7.72,8.76,-34.0,152.0,-34.0,152.0
2025-10-12 18:00:00,7.3,8.25,-34.0,152.0,-34.0,152.0
2025-10-12 19:00:00,7.01,7.91,-34.0,152.0,-34.0,152.0
2025-10-12 20:00:00,7.01,7.86,-34.0,152.0,-34.0,152.0
2025-10-12 21:00:00,7.11,7.91,-34.0,152.0,-34.0,152.0
2025-10-12 22:00:00,8.94,10.0,-34.0,152.0,-34.0,152.0
2025-10-12 23:00:00,8.83,9.97,-34.0,152.0,-34.0,152.0
2025-10-13 00:00:00,7.21,8.03,-34.0,152.0,-34.0,152.0
2025-10-13 01:00:00,7.37,8.02,-34.0,152.0,-34.0,152.0
2025-10-13 02:00:00,8.08,8.84,-34.0,152.0,-34.0,152.0
2025-10-13 03:00:00,8.5,9.42,-34.0,152.0,-34.0,152.0
2025-10-13 04:00:00,8.7,9.62,-34.0,152.0,-34.0,152.0
2025-10-13 05:00:00,9.09,10.1,-34.0,152.0,-34.0,152.0
2025-10-13 06:00:00,9.35,10.49,-34.0,152.0,-34.0,152.0
2025-10-13 07:00:00,9.13,10.29,-34.0,152.0,-34.0,152.0
2025-10-13 08:00:00,8.45,9.47,-34.0,152.0,-34.0,152.0
2025-10-13 09:00:00,7.75,8.54,-34.0,152.0,-34.0,152.0
2025-10-13 10:00:00,5.74,6.18,-34.0,152.0,-34.0,152.0
2025-10-13 11:00:00,4.36,4.63,-34.0,152.0,-34.0,152.0
2025-10-13 12:00:00,3.22,3.33,-34.0,152.0,-34.0,152.0
2025-10-13 13:00:00,2.61,2.67,-34.0,152.0,-34.0,152.0
2025-10-13 14:00:00,2.21,2.2,-34.0,152.0,-34.0,152.0
2025-10-13 15:00:00,2.41,2.49,-34.0,152.0,-34.0,152.0
2025-10-13 16:00:00,3.25,3.45,-34.0,152.0,-34.0,152.0
2025-10-13 17:00:00,3.75,4.07,-34.0,152.0,-34.0,152.0
2025-10-13 18:00:00,3.92,4.34,-34.0,152.0,-34.0,152.0
2025-10-13 19:00:00,4.4,4.83,-34.0,152.0,-34.0,152.0
2025-10-13 20:00:00,5.42,5.94,-34.0,152.0,-34.0,152.0
2025-10-13 21:00:00,6.32,6.95,-34.0,152.0,-34.0,152.0
2025-10-13 22:00:00,7.05,7.82,-34.0,152.0,-34.0,152.0
2025-10-13 23:00:00,6.97,7.8,-34.0,152.0,-34.0,152.0
2025-10-14 00:00:00,6.89,7.64,-34.0,152.0,-34.0,152.0
2025-10-14 01:00:00,6.33,7.0,-34.0,152.0,-34.0,152.0
2025-10-14 02:00:00,5.53,6.06,-34.0,152.0,-34.0,152.0
2025-10-14 03:00:00,4.65,5.08,-34.0,152.0,-34.0,152.0
2025-10-14 04:00:00,3.32,3.59,-34.0,152.0,-34.0,152.0
2025-10-14 05:00:00,3.26,3.35,-34.0,152.0,-34.0,152.0
2025-10-14 06:00:00,4.5,4.66,-34.0,152.0,-34.0,152.0
2025-10-14 07:00:00,4.72,5.12,-34.0,152.0,-34.0,152.0
2025-10-14 08:00:00,4.19,4.76,-34.0,152.0,-34.0,152.0
2025-10-14 09:00:00,3.69,4.46,-34.0,152.0,-34.0,152.0
2025-10-14 10:00:00,2.41,2.58,-34.0,152.0,-34.0,152.0
2025-10-14 11:00:00,3.08,3.32,-34.0,152.0,-34.0,152.0
2025-10-14 12:00:00,3.01,3.3,-34.0,152.0,-34.0,152.0
2025-10-14 13:00:00,2.22,2.5,-34.0,152.0,-34.0,152.0
2025-10-14 14:00:00,2.33,2.45,-34.0,152.0,-34.0,152.0
2025-10-14 15:00:00,3.58,3.71,-34.0,152.0,-34.0,152.0
2025-10-14 16:00:00,4.65,4.89,-34.0,152.0,-34.0,152.0
2025-10-14 17:00:00,5.03,5.37,-34.0,152.0,-34.0,152.0
2025-10-14 18:00:00,5.0,5.31,-34.0,152.0,-34.0,152.0
2025-10-14 19:00:00,4.79,5.06,-34.0,152.0,-34.0,152.0
2025-10-14 20:00:00,4.5,4.71,-34.0,152.0,-34.0,152.0
2025-10-14 21:00:00,3.89,4.11,-34.0,152.0,-34.0,152.0
2025-10-14 22:00:00,3.13,3.18,-34.0,152.0,-34.0,152.0
2025-10-14 23:00:00,2.49,2.56,-34.0,152.0,-34.0,152.0
2025-10-15 00:00:00,1.67,1.63,-34.0,152.0,-34.0,152.0
2025-10-15 01:00:00,1.11,1.0,-34.0,152.0,-34.0,152.0
2025-10-15 02:00:00,1.5,1.38,-34.0,152.0,-34.0,152.0
2025-10-15 03:00:00,2.61,2.6,-34.0,152.0,-34.0,152.0
2025-10-15 04:00:00,3.77,3.98,-34.0,152.0,-34.0,152.0
2025-10-15 05:00:00,4.71,5.21,-34.0,152.0,-34.0,152.0
2025-10-15 06:00:00,5.24,6.18,-34.0,152.0,-34.0,152.0
2025-10-15 07:00:00,5.64,7.29,-34.0,152.0,-34.0,152.0
2025-10-15 08:00:00,6.11,8.1,-34.0,152.0,-34.0,152.0
2025-10-15 09:00:00,6.63,8.87,-34.0,152.0,-34.0,152.0
2025-10-15 10:00:00,6.37,8.52,-34.0,152.0,-34.0,152.0
2025-10-15 11:00:00,7.16,9.55,-34.0,152.0,-34.0,152.0
2025-10-15 12:00:00,7.76,10.16,-34.0,152.0,-34.0,152.0
2025-10-15 13:00:00,7.82,10.4,-34.0,152.0,-34.0,152.0
2025-10-15 14:00:00,7.81,10.24,-34.0,152.0,-34.0,152.0
2025-10-15 15:00:00,7.93,10.01,-34.0,152.0,-34.0,152.0
2025-10-15 16:00:00,8.15,10.28,-34.0,152.0,-34.0,152.0
2025-10-15 17:00:00,8.27,10.32,-34.0,152.0,-34.0,152.0
2025-10-15 18:00:00,8.27,10.07,-34.0,152.0,-34.0,152.0
2025-10-15 19:00:00,8.37,10.06,-34.0,152.0,-34.0,152.0
2025-10-15 20:00:00,8.93,10.64,-34.0,152.0,-34.0,152.0
2025-10-15 21:00:00,9.51,11.27,-34.0,152.0,-34.0,152.0
2025-10-15 22:00:00,8.9,11.37,-34.0,152.0,-34.0,152.0
2025-10-15 23:00:00,8.54,10.67,-34.0,152.0,-34.0,152.0
2025-10-16 00:00:00,8.29,10.17,-34.0,152.0,-34.0,152.0
2025-10-16 01:00:00,8.41,10.14,-34.0,152.0,-34.0,152.0
2025-10-16 02:00:00,7.71,9.49,-34.0,152.0,-34.0,152.0
2025-10-16 03:00:00,7.34,9.04,-34.0,152.0,-34.0,152.0
2025-10-16 04:00:00,7.76,10.23,-34.0,152.0,-34.0,152.0
2025-10-16 05:00:00,8.82,11.97,-34.0,152.0,-34.0,152.0
2025-10-16 06:00:00,9.76,13.28,-34.0,152.0,-34.0,152.0
2025-10-16 07:00:00,10.75,14.61,-34.0,152.0,-34.0,152.0
2025-10-16 08:00:00,11.72,15.77,-34.0,152.0,-34.0,152.0
2025-10-16 09:00:00,12.15,16.42,-34.0,152.0,-34.0,152.0
2025-10-16 10:00:00,12.34,16.6,-34.0,152.0,-34.0,152.0
2025-10-16 11:00:00,12.53,16.89,-34.0,152.0,-34.0,152.0
2025-10-16 12:00:00,12.6,16.91,-34.0,152.0,-34.0,152.0
2025-10-16 13:00:00,12.36,16.48,-34.0,152.0,-34.0,152.0
2025-10-16 14:00:00,12.24,16.24,-34.0,152.0,-34.0,152.0
2025-10-16 15:00:00,11.67,16.35,-34.0,152.0,-34.0,152.0
2025-10-16 16:00:00,11.31,15.57,-34.0,152.0,-34.0,152.0
2025-10-16 17:00:00,10.42,13.9,-34.0,152.0,-34.0,152.0
2025-10-16 18:00:00,9.6,12.78,-34.0,152.0,-34.0,152.0
2025-10-16 19:00:00,9.17,12.18,-34.0,152.0,-34.0,152.0
2025-10-16 20:00:00,8.91,11.86,-34.0,152.0,-34.0,152.0
2025-10-16 21:00:00,9.01,12.12,-34.0,152.0,-34.0,152.0
2025-10-16 22:00:00,8.67,12.06,-34.0,152.0,-34.0,152.0
2025-10-16 23:00:00,8.42,11.65,-34.0,152.0,-34.0,152.0
2025-10-17 00:00:00,8.22,11.36,-34.0,152.0,-34.0,152.0
2025-10-17 01:00:00,9.02,12.23,-34.0,152.0,-34.0,152.0
2025-10-17 02:00:00,9.33,12.66,-34.0,152.0,-34.0,152.0
2025-10-17 03:00:00,9.02,12.54,-34.0,152.0,-34.0,152.0
2025-10-17 04:00:00,9.6,13.54,-34.0,152.0,-34.0,152.0
2025-10-17 05:00:00,9.87,14.11,-34.0,152.0,-34.0,152.0
2025-10-17 06:00:00,5.17,8.03,-34.0,152.0,-34.0,152.0
2025-10-17 07:00:00,5.62,7.42,-34.0,152.0,-34.0,152.0
2025-10-17 08:00:00,1.66,2.63,-34.0,152.0,-34.0,152.0
2025-10-17 09:00:00,8.99,10.64,-34.0,152.0,-34.0,152.0
2025-10-17 10:00:00,10.58,12.68,-34.0,152.0,-34.0,152.0
2025-10-17 11:00:00,8.55,9.74,-34.0,152.0,-34.0,152.0
2025-10-17 12:00:00,8.68,9.8,-34.0,152.0,-34.0,152.0
2025-10-17 13:00:00,9.11,10.36,-34.0,152.0,-34.0,152.0
2025-10-17 14:00:00,9.01,10.13,-34.0,152.0,-34.0,152.0
2025-10-17 15:00:00,8.09,9.06,-34.0,152.0,-34.0,152.0
2025-10-17 16:00:00,6.95,7.63,-34.0,152.0,-34.0,152.0
2025-10-17 17:00:00,5.63,6.04,-34.0,152.0,-34.0,152.0
2025-10-17 18:00:00,5.06,5.39,-34.0,152.0,-34.0,152.0
2025-10-17 19:00:00,4.81,5.14,-34.0,152.0,-34.0,152.0
2025-10-17 20:00:00,4.59,4.86,-34.0,152.0,-34.0,152.0
2025-10-17 21:00:00,4.59,4.79,-34.0,152.0,-34.0,152.0
2025-10-17 22:00:00,5.58,5.93,-34.0,152.0,-34.0,152.0
2025-10-17 23:00:00,5.71,6.12,-34.0,152.0,-34.0,152.0
2025-10-18 00:00:00,5.21,5.54,-34.0,152.0,-34.0,152.0
2025-10-18 01:00:00,4.8,5.04,-34.0,152.0,-34.0,152.0
2025-10-18 02:00:00,4.21,4.46,-34.0,152.0,-34.0,152.0
2025-10-18 03:00:00,4.0,4.22,-34.0,152.0,-34.0,152.0
2025-10-18 04:00:00,3.62,3.83,-34.0,152.0,-34.0,152.0
2025-10-18 05:00:00,4.21,4.46,-34.0,152.0,-34.0,152.0
2025-10-18 06:00:00,6.1,6.57,-34.0,152.0,-34.0,152.0
2025-10-18 07:00:00,8.19,8.99,-34.0,152.0,-34.0,152.0
2025-10-18 08:00:00,8.7,9.71,-34.0,152.0,-34.0,152.0
2025-10-18 09:00:00,8.45,9.59,-34.0,152.0,-34.0,152.0
2025-10-18 10:00:00,6.77,7.57,-34.0,152.0,-34.0,152.0
2025-10-18 11:00:00,6.2,6.84,-34.0,152.0,-34.0,152.0
2025-10-18 12:00:00,5.65,6.2,-34.0,152.0,-34.0,152.0
2025-10-18 13:00:00,4.87,5.34,-34.0,152.0,-34.0,152.0
2025-10-18 14:00:00,4.42,4.8,-34.0,152.0,-34.0,152.0
2025-10-18 15:00:00,4.75,5.14,-34.0,152.0,-34.0,152.0
2025-10-18 16:00:00,4.56,4.94,-34.0,152.0,-34.0,152.0
2025-10-18 17:00:00,4.88,5.27,-34.0,152.0,-34.0,152.0
2025-10-18 18:00:00,5.2,5.64,-34.0,152.0,-34.0,152.0
2025-10-18 19:00:00,5.64,6.11,-34.0,152.0,-34.0,152.0
2025-10-18 20:00:00,5.82,6.36,-34.0,152.0,-34.0,152.0
2025-10-18 21:00:00,6.25,6.85,-34.0,152.0,-34.0,152.0
2025-10-18 22:00:00,6.13,6.72,-34.0,152.0,-34.0,152.0
2025-10-18 23:00:00,6.3,6.9,-34.0,152.0,-34.0,152.0
2025-10-19 00:00:00,6.54,7.19,-34.0,152.0,-34.0,152.0
2025-10-19 01:00:00,7.2,8.01,-34.0,152.0,-34.0,152.0
2025-10-19 02:00:00,7.6,8.56,-34.0,152.0,-34.0,152.0
2025-10-19 03:00:00,7.64,8.65,-34.0,152.0,-34.0,152.0
2025-10-19 04:00:00,8.38,9.57,-34.0,152.0,-34.0,152.0
2025-10-19 05:00:00,7.72,8.9,-34.0,152.0,-34.0,152.0
2025-10-19 06:00:00,7.54,8.64,-34.0,152.0,-34.0,152.0
2025-10-19 07:00:00,8.61,10.07,-34.0,152.0,-34.0,152.0
2025-10-19 08:00:00,9.82,11.74,-34.0,152.0,-34.0,152.0
2025-10-19 09:00:00,10.57,12.95,-34.0,152.0,-34.0,152.0
2025-10-19 10:00:00,10.22,12.61,-34.0,152.0,-34.0,152.0
2025-10-19 11:00:00,10.82,13.44,-34.0,152.0,-34.0,152.0
2025-10-19 12:00:00,10.76,13.45,-34.0,152.0,-34.0,152.0
2025-10-19 13:00:00,11.04,13.75,-34.0,152.0,-34.0,152.0
2025-10-19 14:00:00,10.8,13.42,-34.0,152.0,-34.0,152.0
2025-10-19 15:00:00,10.26,12.52,-34.0,152.0,-34.0,152.0
2025-10-19 16:00:00,9.76,11.76,-34.0,152.0,-34.0,152.0
2025-10-19 17:00:00,9.46,11.21,-34.0,152.0,-34.0,152.0
2025-10-19 18:00:00,10.02,11.9,-34.0,152.0,-34.0,152.0
2025-10-19 19:00:00,10.56,12.81,-34.0,152.0,-34.0,152.0
2025-10-19 20:00:00,10.05,12.44,-34.0,152.0,-34.0,152.0
2025-10-19 21:00:00,9.07,11.22,-34.0,152.0,-34.0,152.0
2025-10-19 22:00:00,7.97,10.12,-34.0,152.0,-34.0,152.0
2025-10-19 23:00:00,7.08,8.98,-34.0,152.0,-34.0,152.0
2025-10-20 00:00:00,6.81,8.67,-34.0,152.0,-34.0,152.0
2025-10-20 01:00:00,6.49,8.85,-34.0,152.0,-34.0,152.0
2025-10-20 02:00:00,5.68,7.56,-34.0,152.0,-34.0,152.0
2025-10-20 03:00:00,6.19,7.82,-34.0,152.0,-34.0,152.0
2025-10-20 04:00:00,6.9,8.71,-34.0,152.0,-34.0,152.0
2025-10-20 05:00:00,7.56,10.0,-34.0,152.0,-34.0,152.0
2025-10-20 06:00:00,7.65,10.75,-34.0,152.0,-34.0,152.0
2025-10-20 07:00:00,7.8,11.18,-34.0,152.0,-34.0,152.0
2025-10-20 08:00:00,9.24,13.17,-34.0,152.0,-34.0,152.0
2025-10-20 09:00:00,9.62,13.79,-34.0,152.0,-34.0,152.0
2025-10-20 10:00:00,7.63,11.19,-34.0,152.0,-34.0,152.0
2025-10-20 11:00:00,7.0,10.16,-34.0,152.0,-34.0,152.0
2025-10-20 12:00:00,6.38,9.29,-34.0,152.0,-34.0,152.0
2025-10-20 13:00:00,2.25,3.24,-34.0,152.0,-34.0,152.0
2025-10-20 14:00:00,3.16,3.83,-34.0,152.0,-34.0,152.0
2025-10-20 15:00:00,5.65,6.72,-34.0,152.0,-34.0,152.0
2025-10-20 16:00:00,8.46,10.1,-34.0,152.0,-34.0,152.0
2025-10-20 17:00:00,9.96,12.04,-34.0,152.0,-34.0,152.0
2025-10-20 18:00:00,9.78,11.74,-34.0,152.0,-34.0,152.0
2025-10-20 19:00:00,9.36,11.03,-34.0,152.0,-34.0,152.0
2025-10-20 20:00:00,9.86,11.52,-34.0,152.0,-34.0,152.0
2025-10-20 21:00:00,9.78,11.54,-34.0,152.0,-34.0,152.0
2025-10-20 22:00:00,7.17,8.02,-34.0,152.0,-34.0,152.0
2025-10-20 23:00:00,6.39,6.95,-34.0,152.0,-34.0,152.0
2025-10-21 00:00:00,5.98,6.44,-34.0,152.0,-34.0,152.0
2025-10-21 01:00:00,6.75,7.33,-34.0,152.0,-34.0,152.0
2025-10-21 02:00:00,7.46,8.16,-34.0,152.0,-34.0,152.0
2025-10-21 03:00:00,7.02,7.64,-34.0,152.0,-34.0,152.0
2025-10-21 04:00:00,7.22,7.87,-34.0,152.0,-34.0,152.0
2025-10-21 05:00:00,6.01,6.56,-34.0,152.0,-34.0,152.0
2025-10-21 06:00:00,5.79,6.27,-34.0,152.0,-34.0,152.0
2025-10-21 07:00:00,5.48,5.96,-34.0,152.0,-34.0,152.0
2025-10-21 08:00:00,5.66,6.2,-34.0,152.0,-34.0,152.0
2025-10-21 09:00:00,6.46,7.2,-34.0,152.0,-34.0,152.0
2025-10-21 10:00:00,4.62,5.15,-34.0,152.0,-34.0,152.0
2025-10-21 11:00:00,4.67,5.21,-34.0,152.0,-34.0,152.0
2025-10-21 12:00:00,6.13,6.94,-34.0,152.0,-34.0,152.0
2025-10-21 13:00:00,6.73,7.63,-34.0,152.0,-34.0,152.0
2025-10-21 14:00:00,6.12,7.08,-34.0,152.0,-34.0,152.0
2025-10-21 15:00:00,6.03,7.13,-34.0,152.0,-34.0,152.0
2025-10-21 16:00:00,6.4,8.14,-34.0,152.0,-34.0,152.0
2025-10-21 17:00:00,5.88,7.59,-34.0,152.0,-34.0,152.0
2025-10-21 18:00:00,4.43,5.68,-34.0,152.0,-34.0,152.0
2025-10-21 19:00:00,4.64,5.84,-34.0,152.0,-34.0,152.0
2025-10-21 20:00:00,5.52,6.88,-34.0,152.0,-34.0,152.0
2025-10-21 21:00:00,7.35,9.13,-34.0,152.0,-34.0,152.0
2025-10-21 22:00:00,6.05,7.28,-34.0,152.0,-34.0,152.0
2025-10-21 23:00:00,7.1,8.79,-34.0,152.0,-34.0,152.0
2025-10-22 00:00:00,7.32,9.93,-34.0,152.0,-34.0,152.0
2025-10-22 01:00:00,8.85,11.79,-34.0,152.0,-34.0,152.0
2025-10-22 02:00:00,9.91,13.7,-34.0,152.0,-34.0,152.0
2025-10-22 03:00:00,10.32,14.72,-34.0,152.0,-34.0,152.0
2025-10-22 04:00:00,10.4,15.14,-34.0,152.0,-34.0,152.0
2025-10-22 05:00:00,10.07,14.9,-34.0,152.0,-34.0,152.0
2025-10-22 06:00:00,9.47,14.39,-34.0,152.0,-34.0,152.0
2025-10-22 07:00:00,11.04,16.27,-34.0,152.0,-34.0,152.0
2025-10-22 08:00:00,13.27,18.61,-34.0,152.0,-34.0,152.0
2025-10-22 09:00:00,9.66,13.95,-34.0,152.0,-34.0,152.0
2025-10-22 10:00:00,10.6,14.9,-34.0,152.0,-34.0,152.0
2025-10-22 11:00:00,9.19,12.79,-34.0,152.0,-34.0,152.0
2025-10-22 12:00:00,7.43,10.53,-34.0,152.0,-34.0,152.0
2025-10-22 13:00:00,6.02,8.71,-34.0,152.0,-34.0,152.0
2025-10-22 14:00:00,5.34,7.8,-34.0,152.0,-34.0,152.0
2025-10-22 15:00:00,5.38,7.73,-34.0,152.0,-34.0,152.0
2025-10-22 16:00:00,6.88,9.32,-34.0,152.0,-34.0,152.0
2025-10-22 17:00:00,9.89,12.58,-34.0,152.0,-34.0,152.0
2025-10-22 18:00:00,11.43,13.74,-34.0,152.0,-34.0,152.0
2025-10-22 19:00:00,10.11,11.93,-34.0,152.0,-34.0,152.0
2025-10-22 20:00:00,9.1,10.43,-34.0,152.0,-34.0,152.0
2025-10-22 21:00:00,8.61,9.7,-34.0,152.0,-34.0,152.0
2025-10-22 22:00:00,9.55,10.78,-34.0,152.0,-34.0,152.0
2025-10-22 23:00:00,9.77,11.06,-34.0,152.0,-34.0,152.0
2025-10-23 00:00:00,9.18,10.32,-34.0,152.0,-34.0,152.0
2025-10-23 01:00:00,8.64,9.57,-34.0,152.0,-34.0,152.0
2025-10-23 02:00:00,8.19,9.05,-34.0,152.0,-34.0,152.0
2025-10-23 03:00:00,7.54,8.21,-34.0,152.0,-34.0,152.0
2025-10-23 04:00:00,6.8,7.34,-34.0,152.0,-34.0,152.0
2025-10-23 05:00:00,5.98,6.44,-34.0,152.0,-34.0,152.0
2025-10-23 06:00:00,5.7,6.08,-34.0,152.0,-34.0,152.0
2025-10-23 07:00:00,5.66,6.05,-34.0,152.0,-34.0,152.0
2025-10-23 08:00:00,5.08,5.48,-34.0,152.0,-34.0,152.0
2025-10-23 09:00:00,5.1,5.52,-34.0,152.0,-34.0,152.0
2025-10-23 10:00:00,4.95,5.3,-34.0,152.0,-34.0,152.0
2025-10-23 11:00:00,5.01,5.4,-34.0,152.0,-34.0,152.0
2025-10-23 12:00:00,4.71,5.09,-34.0,152.0,-34.0,152.0
2025-10-23 13:00:00,4.49,4.88,-34.0,152.0,-34.0,152.0
2025-10-23 14:00:00,4.39,4.79,-34.0,152.0,-34.0,152.0
2025-10-23 15:00:00,3.89,4.2,-34.0,152.0,-34.0,152.0
2025-10-23 16:00:00,3.86,4.16,-34.0,152.0,-34.0,152.0
2025-10-23 17:00:00,3.84,4.14,-34.0,152.0,-34.0,152.0
2025-10-23 18:00:00,3.71,3.96,-34.0,152.0,-34.0,152.0
2025-10-23 19:00:00,3.67,3.94,-34.0,152.0,-34.0,152.0
2025-10-23 20:00:00,3.85,4.12,-34.0,152.0,-34.0,152.0
2025-10-23 21:00:00,3.89,4.14,-34.0,152.0,-34.0,152.0
2025-10-23 22:00:00,4.26,4.67,-34.0,152.0,-34.0,152.0
2025-10-23 23:00:00,3.87,4.09,-34.0,152.0,-34.0,152.0
2025-10-24 00:00:00,4.4,4.67,-34.0,152.0,-34.0,152.0
2025-10-24 01:00:00,5.45,5.85,-34.0,152.0,-34.0,152.0
2025-10-24 02:00:00,6.56,7.08,-34.0,152.0,-34.0,152.0
2025-10-24 03:00:00,7.92,8.73,-34.0,152.0,-34.0,152.0
2025-10-24 04:00:00,8.61,9.62,-34.0,152.0,-34.0,152.0
2025-10-24 05:00:00,9.67,10.88,-34.0,152.0,-34.0,152.0
2025-10-24 06:00:00,10.87,12.39,-34.0,152.0,-34.0,152.0
2025-10-24 07:00:00,10.31,11.88,-34.0,152.0,-34.0,152.0
2025-10-24 08:00:00,8.75,10.02,-34.0,152.0,-34.0,152.0
2025-10-24 09:00:00,7.5,8.34,-34.0,152.0,-34.0,152.0
2025-10-24 10:00:00,6.79,7.47,-34.0,152.0,-34.0,152.0
2025-10-24 11:00:00,6.42,6.97,-34.0,152.0,-34.0,152.0
2025-10-24 12:00:00,6.17,6.71,-34.0,152.0,-34.0,152.0
2025-10-24 13:00:00,5.37,5.75,-34.0,152.0,-34.0,152.0
2025-10-24 14:00:00,4.45,4.76,-34.0,152.0,-34.0,152.0
2025-10-24 15:00:00,3.56,3.69,-34.0,152.0,-34.0,152.0
2025-10-24 16:00:00,2.58,2.68,-34.0,152.0,-34.0,152.0
2025-10-24 17:00:00,2.05,2.1,-34.0,152.0,-34.0,152.0
2025-10-24 18:00:00,1.59,1.57,-34.0,152.0,-34.0,152.0
2025-10-24 19:00:00,1.55,1.54,-34.0,152.0,-34.0,152.0
2025-10-24 20:00:00,1.05,1.07,-34.0,152.0,-34.0,152.0
2025-10-24 21:00:00,1.71,1.88,-34.0,152.0,-34.0,152.0
2025-10-24 22:00:00,3.19,3.38,-34.0,152.0,-34.0,152.0
2025-10-24 23:00:00,3.98,4.29,-34.0,152.0,-34.0,152.0
2025-10-25 00:00:00,4.59,4.95,-34.0,152.0,-34.0,152.0
2025-10-25 01:00:00,4.63,4.92,-34.0,152.0,-34.0,152.0
2025-10-25 02:00:00,5.06,5.32,-34.0,152.0,-34.0,152.0
2025-10-25 03:00:00,5.21,5.55,-34.0,152.0,-34.0,152.0
2025-10-25 04:00:00,4.99,5.35,-34.0,152.0,-34.0,152.0
2025-10-25 05:00:00,5.77,6.22,-34.0,152.0,-34.0,152.0
2025-10-25 06:00:00,7.25,8.04,-34.0,152.0,-34.0,152.0
2025-10-25 07:00:00,7.39,8.33,-34.0,152.0,-34.0,152.0
2025-10-25 08:00:00,7.85,9.03,-34.0,152.0,-34.0,152.0
2025-10-25 09:00:00,8.39,9.79,-34.0,152.0,-34.0,152.0
2025-10-25 10:00:00,6.8,7.75,-34.0,152.0,-34.0,152.0
2025-10-25 11:00:00,7.46,8.59,-34.0,152.0,-34.0,152.0
2025-10-25 12:00:00,8.32,9.67,-34.0,152.0,-34.0,152.0
2025-10-25 13:00:00,8.77,10.46,-34.0,152.0,-34.0,152.0
2025-10-25 14:00:00,8.4,10.1,-34.0,152.0,-34.0,152.0
2025-10-25 15:00:00,8.0,9.64,-34.0,152.0,-34.0,152.0
2025-10-25 16:00:00,7.23,8.78,-34.0,152.0,-34.0,152.0
2025-10-25 17:00:00,6.84,8.26,-34.0,152.0,-34.0,152.0
2025-10-25 18:00:00,6.78,7.98,-34.0,152.0,-34.0,152.0
2025-10-25 19:00:00,6.74,7.82,-34.0,152.0,-34.0,152.0
2025-10-25 20:00:00,7.1,8.26,-34.0,152.0,-34.0,152.0
2025-10-25 21:00:00,7.23,8.57,-34.0,152.0,-34.0,152.0
2025-10-25 22:00:00,7.72,9.75,-34.0,152.0,-34.0,152.0
2025-10-25 23:00:00,6.31,8.27,-34.0,152.0,-34.0,152.0
2025-10-26 00:00:00,4.55,6.2,-34.0,152.0,-34.0,152.0
2025-10-26 01:00:00,5.01,6.56,-34.0,152.0,-34.0,152.0
2025-10-26 02:00:00,6.49,8.5,-34.0,152.0,-34.0,152.0
2025-10-26 03:00:00,7.0,9.45,-34.0,152.0,-34.0,152.0
2025-10-26 04:00:00,6.81,9.22,-34.0,152.0,-34.0,152.0
2025-10-26 05:00:00,5.47,7.45,-34.0,152.0,-34.0,152.0
2025-10-26 06:00:00,6.36,8.64,-34.0,152.0,-34.0,152.0
2025-10-26 07:00:00,7.92,10.61,-34.0,152.0,-34.0,152.0
2025-10-26 08:00:00,6.44,8.93,-34.0,152.0,-34.0,152.0
2025-10-26 09:00:00,6.27,9.13,-34.0,152.0,-34.0,152.0
2025-10-26 10:00:00,6.15,9.19,-34.0,152.0,-34.0,152.0
2025-10-26 11:00:00,7.2,10.06,-34.0,152.0,-34.0,152.0
2025-10-26 12:00:00,7.9,10.42,-34.0,152.0,-34.0,152.0
2025-10-26 13:00:00,7.47,9.73,-34.0,152.0,-34.0,152.0
2025-10-26 14:00:00,5.85,7.97,-34.0,152.0,-34.0,152.0
2025-10-26 15:00:00,5.09,6.89,-34.0,152.0,-34.0,152.0
2025-10-26 16:00:00,6.15,7.74,-34.0,152.0,-34.0,152.0
2025-10-26 17:00:00,6.87,8.33,-34.0,152.0,-34.0,152.0
2025-10-26 18:00:00,7.24,8.85,-34.0,152.0,-34.0,152.0
2025-10-26 19:00:00,7.74,9.5,-34.0,152.0,-34.0,152.0
2025-10-26 20:00:00,7.72,9.09,-34.0,152.0,-34.0,152.0
2025-10-26 21:00:00,7.06,8.15,-34.0,152.0,-34.0,152.0
2025-10-26 22:00:00,10.29,12.27,-34.0,152.0,-34.0,152.0
2025-10-26 23:00:00,9.84,11.59,-34.0,152.0,-34.0,152.0
2025-10-27 00:00:00,9.66,11.14,-34.0,152.0,-34.0,152.0
2025-10-27 01:00:00,8.65,9.75,-34.0,152.0,-34.0,152.0
2025-10-27 02:00:00,8.93,9.96,-34.0,152.0,-34.0,152.0
2025-10-27 03:00:00,10.29,11.6,-34.0,152.0,-34.0,152.0
2025-10-27 04:00:00,11.51,13.21,-34.0,152.0,-34.0,152.0
2025-10-27 05:00:00,12.49,14.5,-34.0,152.0,-34.0,152.0
2025-10-27 06:00:00,13.26,15.47,-34.0,152.0,-34.0,152.0
2025-10-27 07:00:00,13.89,16.36,-34.0,152.0,-34.0,152.0
2025-10-27 08:00:00,13.68,16.2,-34.0,152.0,-34.0,152.0
2025-10-27 09:00:00,13.59,15.92,-34.0,152.0,-34.0,152.0
2025-10-27 10:00:00,13.78,16.12,-34.0,152.0,-34.0,152.0
2025-10-27 11:00:00,12.92,14.96,-34.0,152.0,-34.0,152.0
2025-10-27 12:00:00,12.81,14.67,-34.0,152.0,-34.0,152.0
2025-10-27 13:00:00,12.72,14.49,-34.0,152.0,-34.0,152.0
2025-10-27 14:00:00,11.74,13.25,-34.0,152.0,-34.0,152.0
2025-10-27 15:00:00,11.05,12.31,-34.0,152.0,-34.0,152.0
2025-10-27 16:00:00,10.71,11.87,-34.0,152.0,-34.0,152.0
2025-10-27 17:00:00,9.53,10.52,-34.0,152.0,-34.0,152.0
2025-10-27 18:00:00,8.53,9.31,-34.0,152.0,-34.0,152.0
2025-10-27 19:00:00,7.87,8.57,-34.0,152.0,-34.0,152.0
2025-10-27 20:00:00,7.18,7.71,-34.0,152.0,-34.0,152.0
2025-10-27 21:00:00,6.73,7.18,-34.0,152.0,-34.0,152.0
2025-10-27 22:00:00,4.99,5.27,-34.0,152.0,-34.0,152.0
2025-10-27 23:00:00,4.64,4.92,-34.0,152.0,-34.0,152.0
2025-10-28 00:00:00,5.48,5.87,-34.0,152.0,-34.0,152.0
2025-10-28 01:00:00,5.78,6.14,-34.0,152.0,-34.0,152.0
2025-10-28 02:00:00,5.27,5.61,-34.0,152.0,-34.0,152.0
2025-10-28 03:00:00,4.84,5.19,-34.0,152.0,-34.0,152.0
2025-10-28 04:00:00,3.6,3.89,-34.0,152.0,-34.0,152.0
2025-10-28 05:00:00,2.78,3.03,-34.0,152.0,-34.0,152.0
2025-10-28 06:00:00,2.87,3.12,-34.0,152.0,-34.0,152.0
2025-10-28 07:00:00,3.47,3.81,-34.0,152.0,-34.0,152.0
2025-10-28 08:00:00,3.72,4.0,-34.0,152.0,-34.0,152.0
2025-10-28 09:00:00,3.96,4.18,-34.0,152.0,-34.0,152.0
2025-10-28 10:00:00,5.25,5.65,-34.0,152.0,-34.0,152.0
2025-10-28 11:00:00,5.06,5.42,-34.0,152.0,-34.0,152.0
2025-10-28 12:00:00,5.11,5.47,-34.0,152.0,-34.0,152.0
2025-10-28 13:00:00,5.51,5.93,-34.0,152.0,-34.0,152.0
2025-10-28 14:00:00,5.21,5.6,-34.0,152.0,-34.0,152.0
2025-10-28 15:00:00,4.98,5.34,-34.0,152.0,-34.0,152.0
2025-10-28 16:00:00,5.08,5.41,-34.0,152.0,-34.0,152.0
2025-10-28 17:00:00,5.12,5.46,-34.0,152.0,-34.0,152.0
2025-10-28 18:00:00,5.59,5.97,-34.0,152.0,-34.0,152.0
2025-10-28 19:00:00,5.95,6.37,-34.0,152.0,-34.0,152.0
2025-10-28 20:00:00,6.1,6.53,-34.0,152.0,-34.0,152.0
2025-10-28 21:00:00,6.18,6.63,-34.0,152.0,-34.0,152.0
2025-10-28 22:00:00,7.26,7.85,-34.0,152.0,-34.0,152.0
2025-10-28 23:00:00,6.22,6.71,-34.0,152.0,-34.0,152.0
2025-10-29 00:00:00,5.99,6.48,-34.0,152.0,-34.0,152.0
2025-10-29 01:00:00,5.69,6.22,-34.0,152.0,-34.0,152.0
2025-10-29 02:00:00,5.56,6.08,-34.0,152.0,-34.0,152.0
2025-10-29 03:00:00,5.46,5.99,-34.0,152.0,-34.0,152.0
2025-10-29 04:00:00,5.48,6.02,-34.0,152.0,-34.0,152.0
2025-10-29 05:00:00,5.57,6.15,-34.0,152.0,-34.0,152.0
2025-10-29 06:00:00,5.21,5.7,-34.0,152.0,-34.0,152.0
2025-10-29 07:00:00,4.98,5.37,-34.0,152.0,-34.0,152.0
2025-10-29 08:00:00,5.31,5.71,-34.0,152.0,-34.0,152.0
2025-10-29 09:00:00,5.79,6.29,-34.0,152.0,-34.0,152.0
2025-10-29 10:00:00,8.08,8.89,-34.0,152.0,-34.0,152.0
2025-10-29 11:00:00,9.19,10.31,-34.0,152.0,-34.0,152.0
2025-10-29 12:00:00,9.39,10.68,-34.0,152.0,-34.0,152.0
2025-10-29 13:00:00,9.57,10.91,-34.0,152.0,-34.0,152.0
2025-10-29 14:00:00,9.87,11.17,-34.0,152.0,-34.0,152.0
2025-10-29 15:00:00,9.38,10.46,-34.0,152.0,-34.0,152.0
2025-10-29 16:00:00,8.16,8.97,-34.0,152.0,-34.0,152.0
2025-10-29 17:00:00,6.21,6.75,-34.0,152.0,-34.0,152.0
2025-10-29 18:00:00,4.66,5.01,-34.0,152.0,-34.0,152.0
2025-10-29 19:00:00,3.63,3.9,-34.0,152.0,-34.0,152.0
2025-10-29 20:00:00,2.82,3.05,-34.0,152.0,-34.0,152.0
2025-10-29 21:00:00,2.72,2.86,-34.0,152.0,-34.0,152.0
2025-10-29 22:00:00,0.83,0.79,-34.0,152.0,-34.0,152.0
2025-10-29 23:00:00,2.46,2.47,-34.0,152.0,-34.0,152.0
2025-10-30 00:00:00,3.2,3.31,-34.0,152.0,-34.0,152.0
2025-10-30 01:00:00,3.22,3.38,-34.0,152.0,-34.0,152.0
2025-10-30 02:00:00,2.66,2.8,-34.0,152.0,-34.0,152.0
2025-10-30 03:00:00,2.34,2.44,-34.0,152.0,-34.0,152.0
2025-10-30 04:00:00,2.33,2.44,-34.0,152.0,-34.0,152.0
2025-10-30 05:00:00,2.11,2.18,-34.0,152.0,-34.0,152.0
2025-10-30 06:00:00,2.02,2.17,-34.0,152.0,-34.0,152.0
2025-10-30 07:00:00,2.65,2.8,-34.0,152.0,-34.0,152.0
2025-10-30 08:00:00,3.1,3.31,-34.0,152.0,-34.0,152.0
2025-10-30 09:00:00,3.56,3.81,-34.0,152.0,-34.0,152.0
2025-10-30 10:00:00,4.46,4.96,-34.0,152.0,-34.0,152.0
2025-10-30 11:00:00,5.04,5.57,-34.0,152.0,-34.0,152.0
2025-10-30 12:00:00,4.22,4.66,-34.0,152.0,-34.0,152.0
2025-10-30 13:00:00,3.59,3.94,-34.0,152.0,-34.0,152.0
2025-10-30 14:00:00,2.69,2.93,-34.0,152.0,-34.0,152.0
2025-10-30 15:00:00,2.01,2.15,-34.0,152.0,-34.0,152.0
2025-10-30 16:00:00,1.66,1.75,-34.0,152.0,-34.0,152.0
2025-10-30 17:00:00,1.88,1.96,-34.0,152.0,-34.0,152.0
2025-10-30 18:00:00,1.71,1.8,-34.0,152.0,-34.0,152.0
2025-10-30 19:00:00,1.52,1.54,-34.0,152.0,-34.0,152.0
2025-10-30 20:00:00,1.46,1.52,-34.0,152.0,-34.0,152.0
2025-10-30 21:00:00,1.95,2.05,-34.0,152.0,-34.0,152.0
2025-10-30 22:00:00,0.38,0.34,-34.0,152.0,-34.0,152.0
2025-10-30 23:00:00,1.27,1.35,-34.0,152.0,-34.0,152.0
2025-10-31 00:00:00,2.73,2.9,-34.0,152.0,-34.0,152.0
2025-10-31 01:00:00,3.93,4.25,-34.0,152.0,-34.0,152.0
2025-10-31 02:00:00,4.58,4.97,-34.0,152.0,-34.0,152.0
2025-10-31 03:00:00,5.39,5.99,-34.0,152.0,-34.0,152.0
2025-10-31 04:00:00,6.25,7.1,-34.0,152.0,-34.0,152.0
2025-10-31 05:00:00,6.13,7.26,-34.0,152.0,-34.0,152.0
2025-10-31 06:00:00,6.13,7.7,-34.0,152.0,-34.0,152.0
2025-10-31 07:00:00,7.38,9.51,-34.0,152.0,-34.0,152.0
2025-10-31 08:00:00,7.58,9.8,-34.0,152.0,-34.0,152.0
2025-10-31 09:00:00,7.12,9.34,-34.0,152.0,-34.0,152.0
2025-10-31 10:00:00,5.54,7.45,-34.0,152.0,-34.0,152.0
2025-10-31 11:00:00,4.51,6.25,-34.0,152.0,-34.0,152.0
2025-10-31 12:00:00,5.63,7.48,-34.0,152.0,-34.0,152.0
2025-10-31 13:00:00,7.27,9.36,-34.0,152.0,-34.0,152.0
2025-10-31 14:00:00,7.74,10.24,-34.0,152.0,-34.0,152.0
2025-10-31 15:00:00,6.8,9.61,-34.0,152.0,-34.0,152.0
2025-10-31 16:00:00,6.33,8.8,-34.0,152.0,-34.0,152.0
2025-10-31 17:00:00,5.38,7.33,-34.0,152.0,-34.0,152.0
2025-10-31 18:00:00,3.44,4.94,-34.0,152.0,-34.0,152.0
2025-10-31 19:00:00,2.73,3.58,-34.0,152.0,-34.0,152.0
2025-10-31 20:00:00,5.17,6.59,-34.0,152.0,-34.0,152.0
2025-10-31 21:00:00,6.59,8.53,-34.0,152.0,-34.0,152.0
2025-10-31 22:00:00,6.16,7.14,-34.0,152.0,-34.0,152.0
2025-10-31 23:00:00,5.04,5.77,-34.0,152.0,-34.0,152.0
2025-11-01 00:00:00,4.05,4.54,-34.0,152.0,-34.0,152.0
2025-11-01 01:00:00,3.23,3.65,-34.0,152.0,-34.0,152.0
2025-11-01 02:00:00,2.64,2.89,-34.0,152.0,-34.0,152.0
2025-11-01 03:00:00,2.58,2.71,-34.0,152.0,-34.0,152.0
2025-11-01 04:00:00,1.43,1.44,-34.0,152.0,-34.0,152.0
2025-11-01 05:00:00,0.88,0.89,-34.0,152.0,-34.0,152.0
2025-11-01 06:00:00,1.5,1.57,-34.0,152.0,-34.0,152.0
2025-11-01 07:00:00,1.84,2.06,-34.0,152.0,-34.0,152.0
2025-11-01 08:00:00,2.19,2.57,-34.0,152.0,-34.0,152.0
2025-11-01 09:00:00,1.66,2.08,-34.0,152.0,-34.0,152.0
2025-11-01 10:00:00,3.24,3.89,-34.0,152.0,-34.0,152.0
2025-11-01 11:00:00,2.7,3.29,-34.0,152.0,-34.0,152.0
2025-11-01 12:00:00,1.86,2.34,-34.0,152.0,-34.0,152.0
2025-11-01 13:00:00,0.9,1.1,-34.0,152.0,-34.0,152.0
2025-11-01 14:00:00,0.9,0.41,-34.0,152.0,-34.0,152.0
2025-11-01 15:00:00,1.96,1.5,-34.0,152.0,-34.0,152.0
2025-11-01 16:00:00,3.61,3.71,-34.0,152.0,-34.0,152.0
2025-11-01 17:00:00,4.92,5.37,-34.0,152.0,-34.0,152.0
2025-11-01 18:00:00,5.43,5.93,-34.0,152.0,-34.0,152.0
2025-11-01 19:00:00,5.31,5.78,-34.0,152.0,-34.0,152.0
2025-11-01 20:00:00,5.73,6.3,-34.0,152.0,-34.0,152.0
2025-11-01 21:00:00,5.91,6.6,-34.0,152.0,-34.0,152.0
2025-11-01 22:00:00,4.71,5.24,-34.0,152.0,-34.0,152.0
2025-11-01 23:00:00,4.18,4.62,-34.0,152.0,-34.0,152.0
2025-11-02 00:00:00,3.7,4.1,-34.0,152.0,-34.0,152.0
2025-11-02 01:00:00,3.22,3.61,-34.0,152.0,-34.0,152.0
2025-11-02 02:00:00,2.3,2.79,-34.0,152.0,-34.0,152.0
2025-11-02 03:00:00,1.39,1.96,-34.0,152.0,-34.0,152.0
2025-11-02 04:00:00,1.48,2.13,-34.0,152.0,-34.0,152.0
2025-11-02 05:00:00,2.6,3.4,-34.0,152.0,-34.0,152.0
2025-11-02 06:00:00,2.8,3.91,-34.0,152.0,-34.0,152.0
2025-11-02 07:00:00,2.28,3.51,-34.0,152.0,-34.0,152.0
2025-11-02 08:00:00,2.26,3.53,-34.0,152.0,-34.0,152.0
2025-11-02 09:00:00,2.53,3.9,-34.0,152.0,-34.0,152.0
2025-11-02 10:00:00,2.44,3.88,-34.0,152.0,-34.0,152.0
2025-11-02 11:00:00,3.96,5.88,-34.0,152.0,-34.0,152.0
2025-11-02 12:00:00,4.94,7.0,-34.0,152.0,-34.0,152.0
2025-11-02 13:00:00,5.36,7.4,-34.0,152.0,-34.0,152.0
2025-11-02 14:00:00,5.39,7.33,-34.0,152.0,-34.0,152.0
2025-11-02 15:00:00,4.96,6.8,-34.0,152.0,-34.0,152.0
2025-11-02 16:00:00,3.8,5.43,-34.0,152.0,-34.0,152.0
2025-11-02 17:00:00,3.58,5.25,-34.0,152.0,-34.0,152.0
2025-11-02 18:00:00,4.4,6.18,-34.0,152.0,-34.0,152.0
2025-11-02 19:00:00,5.5,7.43,-34.0,152.0,-34.0,152.0
2025-11-02 20:00:00,6.31,8.52,-34.0,152.0,-34.0,152.0
2025-11-02 21:00:00,6.93,9.35,-34.0,152.0,-34.0,152.0
2025-11-02 22:00:00,6.7,9.0,-34.0,152.0,-34.0,152.0
2025-11-02 23:00:00,6.5,8.68,-34.0,152.0,-34.0,152.0
2025-11-03 00:00:00,6.58,8.57,-34.0,152.0,-34.0,152.0
2025-11-03 01:00:00,7.4,9.44,-34.0,152.0,-34.0,152.0
2025-11-03 02:00:00,7.73,9.97,-34.0,152.0,-34.0,152.0
2025-11-03 03:00:00,7.56,10.2,-34.0,152.0,-34.0,152.0
2025-11-03 04:00:00,8.02,11.08,-34.0,152.0,-34.0,152.0
2025-11-03 05:00:00,8.45,11.79,-34.0,152.0,-34.0,152.0
2025-11-03 06:00:00,9.03,12.76,-34.0,152.0,-34.0,152.0
2025-11-03 07:00:00,9.52,13.69,-34.0,152.0,-34.0,152.0
2025-11-03 08:00:00,10.07,14.4,-34.0,152.0,-34.0,152.0
2025-11-03 09:00:00,10.26,14.67,-34.0,152.0,-34.0,152.0
2025-11-03 10:00:00,10.36,14.31,-34.0,152.0,-34.0,152.0
2025-11-03 11:00:00,9.98,13.68,-34.0,152.0,-34.0,152.0
2025-11-03 12:00:00,8.45,11.54,-34.0,152.0,-34.0,152.0
2025-11-03 13:00:00,6.82,9.24,-34.0,152.0,-34.0,152.0
2025-11-03 14:00:00,11.37,14.59,-34.0,152.0,-34.0,152.0
2025-11-03 15:00:00,9.51,11.52,-34.0,152.0,-34.0,152.0
2025-11-03 16:00:00,7.06,8.15,-34.0,152.0,-34.0,152.0
2025-11-03 17:00:00,6.14,6.99,-34.0,152.0,-34.0,152.0
2025-11-03 18:00:00,4.36,4.81,-34.0,152.0,-34.0,152.0
2025-11-03 19:00:00,3.6,3.91,-34.0,152.0,-34.0,152.0
2025-11-03 20:00:00,4.39,4.62,-34.0,152.0,-34.0,152.0
2025-11-03 21:00:00,5.37,5.71,-34.0,152.0,-34.0,152.0
2025-11-03 22:00:00,5.52,5.97,-34.0,152.0,-34.0,152.0
2025-11-03 23:00:00,4.71,5.15,-34.0,152.0,-34.0,152.0
2025-11-04 00:00:00,6.14,6.82,-34.0,152.0,-34.0,152.0
2025-11-04 01:00:00,6.36,7.09,-34.0,152.0,-34.0,152.0
2025-11-04 02:00:00,7.8,8.89,-34.0,152.0,-34.0,152.0
2025-11-04 03:00:00,10.76,12.51,-34.0,152.0,-34.0,152.0
2025-11-04 04:00:00,11.43,13.55,-34.0,152.0,-34.0,152.0
2025-11-04 05:00:00,11.81,14.16,-34.0,152.0,-34.0,152.0
2025-11-04 06:00:00,12.3,14.69,-34.0,152.0,-34.0,152.0
2025-11-04 07:00:00,10.71,12.6,-34.0,152.0,-34.0,152.0
2025-11-04 08:00:00,10.46,12.1,-34.0,152.0,-34.0,152.0
2025-11-04 09:00:00,10.11,11.77,-34.0,152.0,-34.0,152.0
2025-11-04 10:00:00,11.4,13.1,-34.0,152.0,-34.0,152.0
2025-11-04 11:00:00,10.92,12.44,-34.0,152.0,-34.0,152.0
2025-11-04 12:00:00,10.04,11.43,-34.0,152.0,-34.0,152.0
2025-11-04 13:00:00,9.6,10.9,-34.0,152.0,-34.0,152.0
2025-11-04 14:00:00,10.5,12.0,-34.0,152.0,-34.0,152.0
2025-11-04 15:00:00,11.05,12.67,-34.0,152.0,-34.0,152.0
2025-11-04 16:00:00,10.84,12.44,-34.0,152.0,-34.0,152.0
2025-11-04 17:00:00,10.51,12.11,-34.0,152.0,-34.0,152.0
2025-11-04 18:00:00,10.31,11.74,-34.0,152.0,-34.0,152.0
2025-11-04 19:00:00,9.78,11.0,-34.0,152.0,-34.0,152.0
2025-11-04 20:00:00,9.04,10.07,-34.0,152.0,-34.0,152.0
2025-11-04 21:00:00,8.55,9.37,-34.0,152.0,-34.0,152.0
2025-11-04 22:00:00,10.09,11.31,-34.0,152.0,-34.0,152.0
2025-11-04 23:00:00,9.85,11.05,-34.0,152.0,-34.0,152.0
2025-11-05 00:00:00,8.76,9.72,-34.0,152.0,-34.0,152.0
2025-11-05 01:00:00,7.45,8.2,-34.0,152.0,-34.0,152.0
2025-11-05 02:00:00,6.2,6.74,-34.0,152.0,-34.0,152.0
2025-11-05 03:00:00,4.53,4.91,-34.0,152.0,-34.0,152.0
2025-11-05 04:00:00,2.69,2.9,-34.0,152.0,-34.0,152.0
2025-11-05 05:00:00,2.59,2.6,-34.0,152.0,-34.0,152.0
2025-11-05 06:00:00,4.11,4.24,-34.0,152.0,-34.0,152.0
2025-11-05 07:00:00,5.4,5.65,-34.0,152.0,-34.0,152.0
2025-11-05 08:00:00,5.73,6.06,-34.0,152.0,-34.0,152.0
2025-11-05 09:00:00,5.36,5.72,-34.0,152.0,-34.0,152.0
2025-11-05 10:00:00,3.85,4.05,-34.0,152.0,-34.0,152.0
2025-11-05 11:00:00,3.84,3.98,-34.0,152.0,-34.0,152.0
2025-11-05 12:00:00,4.2,4.37,-34.0,152.0,-34.0,152.0
2025-11-05 13:00:00,3.48,3.61,-34.0,152.0,-34.0,152.0
2025-11-05 14:00:00,3.15,3.25,-34.0,152.0,-34.0,152.0
2025-11-05 15:00:00,3.1,3.2,-34.0,152.0,-34.0,152.0
2025-11-05 16:00:00,2.97,3.08,-34.0,152.0,-34.0,152.0
2025-11-05 17:00:00,3.43,3.57,-34.0,152.0,-34.0,152.0
2025-11-05 18:00:00,4.22,4.43,-34.0,152.0,-34.0,152.0
2025-11-05 19:00:00,4.51,4.78,-34.0,152.0,-34.0,152.0
2025-11-05 20:00:00,4.19,4.39,-34.0,152.0,-34.0,152.0
2025-11-05 21:00:00,3.97,4.08,-34.0,152.0,-34.0,152.0
2025-11-05 22:00:00,3.84,3.98,-34.0,152.0,-34.0,152.0
2025-11-05 23:00:00,3.83,3.93,-34.0,152.0,-34.0,152.0
2025-11-06 00:00:00,3.37,3.44,-34.0,152.0,-34.0,152.0
2025-11-06 01:00:00,1.88,1.86,-34.0,152.0,-34.0,152.0
2025-11-06 02:00:00,0.68,0.81,-34.0,152.0,-34.0,152.0
2025-11-06 03:00:00,1.42,1.61,-34.0,152.0,-34.0,152.0
2025-11-06 04:00:00,2.8,3.04,-34.0,152.0,-34.0,152.0
2025-11-06 05:00:00,4.53,4.95,-34.0,152.0,-34.0,152.0
2025-11-06 06:00:00,6.54,7.21,-34.0,152.0,-34.0,152.0
2025-11-06 07:00:00,8.52,9.55,-34.0,152.0,-34.0,152.0
2025-11-06 08:00:00,9.69,11.21,-34.0,152.0,-34.0,152.0
2025-11-06 09:00:00,10.12,11.97,-34.0,152.0,-34.0,152.0
2025-11-06 10:00:00,9.43,10.99,-34.0,152.0,-34.0,152.0
2025-11-06 11:00:00,9.42,10.9,-34.0,152.0,-34.0,152.0
2025-11-06 12:00:00,9.41,10.85,-34.0,152.0,-34.0,152.0
2025-11-06 13:00:00,9.53,10.98,-34.0,152.0,-34.0,152.0
2025-11-06 14:00:00,9.9,11.49,-34.0,152.0,-34.0,152.0
2025-11-06 15:00:00,9.9,11.55,-34.0,152.0,-34.0,152.0
2025-11-06 16:00:00,10.09,11.76,-34.0,152.0,-34.0,152.0
2025-11-06 17:00:00,10.34,12.05,-34.0,152.0,-34.0,152.0
2025-11-06 18:00:00,10.72,12.49,-34.0,152.0,-34.0,152.0
2025-11-06 19:00:00,10.58,12.44,-34.0,152.0,-34.0,152.0
2025-11-06 20:00:00,10.39,12.25,-34.0,152.0,-34.0,152.0
2025-11-06 21:00:00,9.85,11.42,-34.0,152.0,-34.0,152.0
2025-11-06 22:00:00,8.78,10.37,-34.0,152.0,-34.0,152.0
2025-11-06 23:00:00,8.87,10.28,-34.0,152.0,-34.0,152.0
2025-11-07 00:00:00,9.11,10.48,-34.0,152.0,-34.0,152.0
2025-11-07 01:00:00,8.45,9.62,-34.0,152.0,-34.0,152.0
2025-11-07 02:00:00,7.71,8.77,-34.0,152.0,-34.0,152.0
2025-11-07 03:00:00,7.89,9.07,-34.0,152.0,-34.0,152.0
2025-11-07 04:00:00,8.28,9.9,-34.0,152.0,-34.0,152.0
2025-11-07 05:00:00,8.74,10.81,-34.0,152.0,-34.0,152.0
2025-11-07 06:00:00,8.94,11.33,-34.0,152.0,-34.0,152.0
2025-11-07 07:00:00,9.49,12.34,-34.0,152.0,-34.0,152.0
2025-11-07 08:00:00,10.39,13.72,-34.0,152.0,-34.0,152.0
2025-11-07 09:00:00,10.82,14.45,-34.0,152.0,-34.0,152.0
2025-11-07 10:00:00,11.8,16.35,-34.0,152.0,-34.0,152.0
2025-11-07 11:00:00,11.43,16.12,-34.0,152.0,-34.0,152.0
2025-11-07 12:00:00,11.78,16.08,-34.0,152.0,-34.0,152.0
2025-11-07 13:00:00,11.85,15.9,-34.0,152.0,-34.0,152.0
2025-11-07 14:00:00,11.57,15.57,-34.0,152.0,-34.0,152.0
2025-11-07 15:00:00,11.65,14.88,-34.0,152.0,-34.0,152.0
2025-11-07 16:00:00,10.14,13.19,-34.0,152.0,-34.0,152.0
2025-11-07 17:00:00,8.74,11.72,-34.0,152.0,-34.0,152.0
2025-11-07 18:00:00,8.13,11.24,-34.0,152.0,-34.0,152.0
2025-11-07 19:00:00,8.26,11.31,-34.0,152.0,-34.0,152.0
2025-11-07 20:00:00,8.34,11.67,-34.0,152.0,-34.0,152.0
2025-11-07 21:00:00,8.56,11.76,-34.0,152.0,-34.0,152.0
2025-11-07 22:00:00,7.48,10.23,-34.0,152.0,-34.0,152.0
2025-11-07 23:00:00,6.82,8.81,-34.0,152.0,-34.0,152.0
2025-11-08 00:00:00,8.85,11.54,-34.0,152.0,-34.0,152.0
2025-11-08 01:00:00,9.49,12.76,-34.0,152.0,-34.0,152.0
2025-11-08 02:00:00,8.54,11.62,-34.0,152.0,-34.0,152.0
2025-11-08 03:00:00,9.09,12.49,-34.0,152.0,-34.0,152.0
2025-11-08 04:00:00,9.75,13.6,-34.0,152.0,-34.0,152.0
2025-11-08 05:00:00,7.93,11.77,-34.0,152.0,-34.0,152.0
2025-11-08 06:00:00,8.11,11.16,-34.0,152.0,-34.0,152.0
2025-11-08 07:00:00,7.52,9.01,-34.0,152.0,-34.0,152.0
2025-11-08 08:00:00,8.0,10.49,-34.0,152.0,-34.0,152.0
2025-11-08 09:00:00,8.61,11.76,-34.0,152.0,-34.0,152.0
2025-11-08 10:00:00,2.08,4.1,-34.0,152.0,-34.0,152.0
2025-11-08 11:00:00,4.25,5.29,-34.0,152.0,-34.0,152.0
2025-11-08 12:00:00,6.39,8.05,-34.0,152.0,-34.0,152.0
2025-11-08 13:00:00,7.64,10.25,-34.0,152.0,-34.0,152.0
2025-11-08 14:00:00,9.04,11.41,-34.0,152.0,-34.0,152.0
2025-11-08 15:00:00,9.14,10.71,-34.0,152.0,-34.0,152.0
2025-11-08 16:00:00,8.7,10.03,-34.0,152.0,-34.0,152.0
2025-11-08 17:00:00,9.35,10.85,-34.0,152.0,-34.0,152.0
2025-11-08 18:00:00,10.33,11.94,-34.0,152.0,-34.0,152.0
2025-11-08 19:00:00,10.89,12.62,-34.0,152.0,-34.0,152.0
2025-11-08 20:00:00,11.73,13.68,-34.0,152.0,-34.0,152.0
2025-11-08 21:00:00,12.04,14.2,-34.0,152.0,-34.0,152.0
2025-11-08 22:00:00,11.54,13.45,-34.0,152.0,-34.0,152.0
2025-11-08 23:00:00,13.85,16.17,-34.0,152.0,-34.0,152.0
2025-11-09 00:00:00,15.08,17.89,-34.0,152.0,-34.0,152.0
2025-11-09 01:00:00,13.98,16.6,-34.0,152.0,-34.0,152.0
2025-11-09 02:00:00,12.69,14.71,-34.0,152.0,-34.0,152.0
2025-11-09 03:00:00,12.28,14.06,-34.0,152.0,-34.0,152.0
2025-11-09 04:00:00,11.91,13.53,-34.0,152.0,-34.0,152.0
2025-11-09 05:00:00,11.45,12.92,-34.0,152.0,-34.0,152.0
2025-11-09 06:00:00,11.45,12.95,-34.0,152.0,-34.0,152.0
2025-11-09 07:00:00,11.51,13.01,-34.0,152.0,-34.0,152.0
2025-11-09 08:00:00,11.0,12.4,-34.0,152.0,-34.0,152.0
2025-11-09 09:00:00,9.98,11.19,-34.0,152.0,-34.0,152.0
2025-11-09 10:00:00,8.97,9.97,-34.0,152.0,-34.0,152.0
2025-11-09 11:00:00,7.8,8.56,-34.0,152.0,-34.0,152.0
2025-11-09 12:00:00,7.15,7.75,-34.0,152.0,-34.0,152.0
2025-11-09 13:00:00,6.7,7.25,-34.0,152.0,-34.0,152.0
2025-11-09 14:00:00,6.45,6.95,-34.0,152.0,-34.0,152.0
2025-11-09 15:00:00,6.17,6.62,-34.0,152.0,-34.0,152.0
2025-11-09 16:00:00,5.8,6.2,-34.0,152.0,-34.0,152.0
2025-11-09 17:00:00,5.15,5.44,-34.0,152.0,-34.0,152.0
2025-11-09 18:00:00,4.58,4.79,-34.0,152.0,-34.0,152.0
2025-11-09 19:00:00,4.07,4.18,-34.0,152.0,-34.0,152.0
2025-11-09 20:00:00,3.7,3.83,-34.0,152.0,-34.0,152.0
2025-11-09 21:00:00,3.23,3.29,-34.0,152.0,-34.0,152.0
2025-11-09 22:00:00,2.38,2.44,-34.0,152.0,-34.0,152.0
2025-11-09 23:00:00,1.74,1.69,-34.0,152.0,-34.0,152.0
2025-11-10 00:00:00,1.76,1.76,-34.0,152.0,-34.0,152.0
2025-11-10 01:00:00,1.56,1.51,-34.0,152.0,-34.0,152.0
2025-11-10 02:00:00,1.13,1.1,-34.0,152.0,-34.0,152.0
2025-11-10 03:00:00,1.8,1.87,-34.0,152.0,-34.0,152.0
2025-11-10 04:00:00,3.13,3.29,-34.0,152.0,-34.0,152.0
2025-11-10 05:00:00,4.43,4.7,-34.0,152.0,-34.0,152.0
2025-11-10 06:00:00,5.38,5.73,-34.0,152.0,-34.0,152.0
2025-11-10 07:00:00,6.42,6.88,-34.0,152.0,-34.0,152.0
2025-11-10 08:00:00,7.25,7.96,-34.0,152.0,-34.0,152.0
2025-11-10 09:00:00,7.78,8.66,-34.0,152.0,-34.0,152.0
2025-11-10 10:00:00,7.69,8.59,-34.0,152.0,-34.0,152.0
2025-11-10 11:00:00,8.2,9.2,-34.0,152.0,-34.0,152.0
2025-11-10 12:00:00,8.63,9.8,-34.0,152.0,-34.0,152.0
2025-11-10 13:00:00,8.86,9.99,-34.0,152.0,-34.0,152.0
2025-11-10 14:00:00,8.76,9.86,-34.0,152.0,-34.0,152.0
2025-11-10 15:00:00,8.17,9.16,-34.0,152.0,-34.0,152.0
2025-11-10 16:00:00,7.66,8.56,-34.0,152.0,-34.0,152.0
2025-11-10 17:00:00,6.85,7.5,-34.0,152.0,-34.0,152.0
2025-11-10 18:00:00,5.8,6.25,-34.0,152.0,-34.0,152.0
2025-11-10 19:00:00,4.65,4.96,-34.0,152.0,-34.0,152.0
2025-11-10 20:00:00,3.94,4.12,-34.0,152.0,-34.0,152.0
2025-11-10 21:00:00,3.75,3.96,-34.0,152.0,-34.0,152.0
2025-11-10 22:00:00,4.72,5.1,-34.0,152.0,-34.0,152.0
2025-11-10 23:00:00,5.35,5.78,-34.0,152.0,-34.0,152.0
2025-11-11 00:00:00,5.35,5.8,-34.0,152.0,-34.0,152.0
2025-11-11 01:00:00,4.83,5.26,-34.0,152.0,-34.0,152.0
2025-11-11 02:00:00,3.67,3.97,-34.0,152.0,-34.0,152.0
2025-11-11 03:00:00,2.23,2.42,-34.0,152.0,-34.0,152.0
2025-11-11 04:00:00,1.79,1.77,-34.0,152.0,-34.0,152.0
2025-11-11 05:00:00,3.08,3.16,-34.0,152.0,-34.0,152.0
2025-11-11 06:00:00,3.58,3.75,-34.0,152.0,-34.0,152.0
2025-11-11 07:00:00,3.59,3.8,-34.0,152.0,-34.0,152.0
2025-11-11 08:00:00,4.54,5.1,-34.0,152.0,-34.0,152.0
2025-11-11 09:00:00,13.59,15.82,-34.0,152.0,-34.0,152.0
2025-11-11 10:00:00,13.87,16.74,-34.0,152.0,-34.0,152.0
2025-11-11 11:00:00,11.84,13.97,-34.0,152.0,-34.0,152.0
2025-11-11 12:00:00,11.76,13.55,-34.0,152.0,-34.0,152.0
2025-11-11 13:00:00,11.56,13.13,-34.0,152.0,-34.0,152.0
2025-11-11 14:00:00,11.25,12.67,-34.0,152.0,-34.0,152.0
2025-11-11 15:00:00,10.82,12.1,-34.0,152.0,-34.0,152.0
2025-11-11 16:00:00,10.08,11.16,-34.0,152.0,-34.0,152.0
2025-11-11 17:00:00,9.01,9.84,-34.0,152.0,-34.0,152.0
2025-11-11 18:00:00,7.73,8.37,-34.0,152.0,-34.0,152.0
2025-11-11 19:00:00,6.66,7.14,-34.0,152.0,-34.0,152.0
2025-11-11 20:00:00,5.86,6.29,-34.0,152.0,-34.0,152.0
2025-11-11 21:00:00,5.4,5.71,-34.0,152.0,-34.0,152.0
2025-11-11 22:00:00,3.85,4.03,-34.0,152.0,-34.0,152.0
2025-11-11 23:00:00,3.75,3.85,-34.0,152.0,-34.0,152.0
2025-11-12 00:00:00,3.72,3.74,-34.0,152.0,-34.0,152.0
2025-11-12 01:00:00,3.56,3.56,-34.0,152.0,-34.0,152.0
2025-11-12 02:00:00,3.1,3.1,-34.0,152.0,-34.0,152.0
2025-11-12 03:00:00,2.1,2.06,-34.0,152.0,-34.0,152.0
2025-11-12 04:00:00,0.35,0.4,-34.0,152.0,-34.0,152.0
2025-11-12 05:00:00,2.53,2.7,-34.0,152.0,-34.0,152.0
2025-11-12 06:00:00,4.38,4.6,-34.0,152.0,-34.0,152.0
2025-11-12 07:00:00,5.45,5.76,-34.0,152.0,-34.0,152.0
2025-11-12 08:00:00,6.15,6.53,-34.0,152.0,-34.0,152.0
2025-11-12 09:00:00,6.44,6.98,-34.0,152.0,-34.0,152.0
2025-11-12 10:00:00,5.49,5.91,-34.0,152.0,-34.0,152.0
2025-11-12 11:00:00,5.34,5.81,-34.0,152.0,-34.0,152.0
2025-11-12 12:00:00,5.65,6.17,-34.0,152.0,-34.0,152.0
2025-11-12 13:00:00,6.38,6.99,-34.0,152.0,-34.0,152.0
2025-11-12 14:00:00,7.06,7.76,-34.0,152.0,-34.0,152.0
2025-11-12 15:00:00,7.5,8.35,-34.0,152.0,-34.0,152.0
2025-11-12 16:00:00,7.92,8.82,-34.0,152.0,-34.0,152.0
2025-11-12 17:00:00,8.17,9.17,-34.0,152.0,-34.0,152.0
2025-11-12 18:00:00,8.46,9.46,-34.0,152.0,-34.0,152.0
2025-11-12 19:00:00,8.3,9.31,-34.0,152.0,-34.0,152.0
2025-11-12 20:00:00,7.13,7.91,-34.0,152.0,-34.0,152.0
2025-11-12 21:00:00,6.33,6.95,-34.0,152.0,-34.0,152.0
2025-11-12 22:00:00,6.27,6.83,-34.0,152.0,-34.0,152.0
2025-11-12 23:00:00,5.83,6.37,-34.0,152.0,-34.0,152.0
2025-11-13 00:00:00,5.34,5.79,-34.0,152.0,-34.0,152.0
2025-11-13 01:00:00,5.09,5.42,-34.0,152.0,-34.0,152.0
2025-11-13 02:00:00,5.15,5.51,-34.0,152.0,-34.0,152.0
2025-11-13 03:00:00,5.3,5.73,-34.0,152.0,-34.0,152.0
2025-11-13 04:00:00,5.39,5.81,-34.0,152.0,-34.0,152.0
2025-11-13 05:00:00,6.45,7.13,-34.0,152.0,-34.0,152.0
2025-11-13 06:00:00,8.24,9.55,-34.0,152.0,-34.0,152.0
2025-11-13 07:00:00,8.91,10.65,-34.0,152.0,-34.0,152.0
2025-11-13 08:00:00,8.98,11.24,-34.0,152.0,-34.0,152.0
2025-11-13 09:00:00,8.41,11.96,-34.0,152.0,-34.0,152.0
2025-11-13 10:00:00,8.47,12.04,-34.0,152.0,-34.0,152.0
2025-11-13 11:00:00,8.59,11.9,-34.0,152.0,-34.0,152.0
2025-11-13 12:00:00,7.83,10.49,-34.0,152.0,-34.0,152.0
2025-11-13 13:00:00,6.9,9.01,-34.0,152.0,-34.0,152.0
2025-11-13 14:00:00,6.27,8.38,-34.0,152.0,-34.0,152.0
2025-11-13 15:00:00,5.41,7.49,-34.0,152.0,-34.0,152.0
2025-11-13 16:00:00,5.27,7.44,-34.0,152.0,-34.0,152.0
2025-11-13 17:00:00,5.57,7.93,-34.0,152.0,-34.0,152.0
2025-11-13 18:00:00,5.95,8.38,-34.0,152.0,-34.0,152.0
2025-11-13 19:00:00,6.44,8.63,-34.0,152.0,-34.0,152.0
2025-11-13 20:00:00,7.67,9.2,-34.0,152.0,-34.0,152.0
2025-11-13 21:00:00,8.21,9.26,-34.0,152.0,-34.0,152.0
2025-11-13 22:00:00,7.08,7.78,-34.0,152.0,-34.0,152.0
2025-11-13 23:00:00,7.19,7.91,-34.0,152.0,-34.0,152.0
2025-11-14 00:00:00,6.91,7.59,-34.0,152.0,-34.0,152.0
2025-11-14 01:00:00,6.01,6.5,-34.0,152.0,-34.0,152.0
2025-11-14 02:00:00,5.53,6.03,-34.0,152.0,-34.0,152.0
2025-11-14 03:00:00,5.87,6.38,-34.0,152.0,-34.0,152.0
2025-11-14 04:00:00,6.15,6.71,-34.0,152.0,-34.0,152.0
2025-11-14 05:00:00,6.42,7.11,-34.0,152.0,-34.0,152.0
2025-11-14 06:00:00,7.25,8.05,-34.0,152.0,-34.0,152.0
2025-11-14 07:00:00,7.99,8.91,-34.0,152.0,-34.0,152.0
2025-11-14 08:00:00,6.84,7.77,-34.0,152.0,-34.0,152.0
2025-11-14 09:00:00,5.54,6.23,-34.0,152.0,-34.0,152.0
2025-11-14 10:00:00,5.47,5.94,-34.0,152.0,-34.0,152.0
2025-11-14 11:00:00,5.61,6.02,-34.0,152.0,-34.0,152.0
2025-11-14 12:00:00,6.57,7.18,-34.0,152.0,-34.0,152.0
2025-11-14 13:00:00,6.26,6.92,-34.0,152.0,-34.0,152.0
2025-11-14 14:00:00,6.06,6.72,-34.0,152.0,-34.0,152.0
2025-11-14 15:00:00,7.13,8.02,-34.0,152.0,-34.0,152.0
2025-11-14 16:00:00,8.39,9.5,-34.0,152.0,-34.0,152.0
2025-11-14 17:00:00,8.08,9.75,-34.0,152.0,-34.0,152.0
2025-11-14 18:00:00,7.63,9.14,-34.0,152.0,-34.0,152.0
2025-11-14 19:00:00,8.91,10.8,-34.0,152.0,-34.0,152.0
2025-11-14 20:00:00,9.42,11.42,-34.0,152.0,-34.0,152.0
2025-11-14 21:00:00,8.86,10.69,-34.0,152.0,-34.0,152.0
2025-11-14 22:00:00,7.39,9.11,-34.0,152.0,-34.0,152.0
2025-11-14 23:00:00,6.4,7.8,-34.0,152.0,-34.0,152.0
2025-11-15 00:00:00,5.81,6.91,-34.0,152.0,-34.0,152.0
2025-11-15 01:00:00,5.97,6.89,-34.0,152.0,-34.0,152.0
2025-11-15 02:00:00,7.13,8.51,-34.0,152.0,-34.0,152.0
2025-11-15 03:00:00,8.57,11.09,-34.0,152.0,-34.0,152.0
2025-11-15 04:00:00,9.71,12.69,-34.0,152.0,-34.0,152.0
2025-11-15 05:00:00,10.19,13.64,-34.0,152.0,-34.0,152.0
2025-11-15 06:00:00,11.34,15.29,-34.0,152.0,-34.0,152.0
2025-11-15 07:00:00,11.71,15.84,-34.0,152.0,-34.0,152.0
2025-11-15 08:00:00,11.52,15.69,-34.0,152.0,-34.0,152.0
2025-11-15 09:00:00,12.49,16.75,-34.0,152.0,-34.0,152.0
2025-11-15 10:00:00,13.07,17.52,-34.0,152.0,-34.0,152.0
2025-11-15 11:00:00,12.77,16.95,-34.0,152.0,-34.0,152.0
2025-11-15 12:00:00,11.69,15.68,-34.0,152.0,-34.0,152.0
2025-11-15 13:00:00,10.57,14.18,-34.0,152.0,-34.0,152.0
2025-11-15 14:00:00,10.07,13.37,-34.0,152.0,-34.0,152.0
2025-11-15 15:00:00,10.09,13.27,-34.0,152.0,-34.0,152.0
2025-11-15 16:00:00,8.54,11.27,-34.0,152.0,-34.0,152.0
2025-11-15 17:00:00,7.17,9.59,-34.0,152.0,-34.0,152.0
2025-11-15 18:00:00,7.16,9.46,-34.0,152.0,-34.0,152.0
2025-11-15 19:00:00,6.23,8.38,-34.0,152.0,-34.0,152.0
2025-11-15 20:00:00,4.85,6.48,-34.0,152.0,-34.0,152.0
2025-11-15 21:00:00,5.11,6.98,-34.0,152.0,-34.0,152.0
2025-11-15 22:00:00,4.94,6.37,-34.0,152.0,-34.0,152.0
2025-11-15 23:00:00,5.35,6.76,-34.0,152.0,-34.0,152.0
2025-11-16 00:00:00,4.05,5.41,-34.0,152.0,-34.0,152.0
2025-11-16 01:00:00,1.96,2.85,-34.0,152.0,-34.0,152.0
2025-11-16 02:00:00,1.08,1.07,-34.0,152.0,-34.0,152.0
2025-11-16 03:00:00,2.31,1.64,-34.0,152.0,-34.0,152.0
2025-11-16 04:00:00,4.3,4.1,-34.0,152.0,-34.0,152.0
2025-11-16 05:00:00,5.52,6.25,-34.0,152.0,-34.0,152.0
2025-11-16 06:00:00,6.74,8.4,-34.0,152.0,-34.0,152.0
2025-11-16 07:00:00,7.82,10.44,-34.0,152.0,-34.0,152.0
2025-11-16 08:00:00,7.82,10.57,-34.0,152.0,-34.0,152.0
2025-11-16 09:00:00,6.88,9.44,-34.0,152.0,-34.0,152.0
2025-11-16 10:00:00,2.75,3.33,-34.0,152.0,-34.0,152.0
2025-11-16 11:00:00,1.63,4.02,-34.0,152.0,-34.0,152.0
2025-11-16 12:00:00,2.51,5.29,-34.0,152.0,-34.0,152.0
2025-11-16 13:00:00,2.38,5.05,-34.0,152.0,-34.0,152.0
2025-11-16 14:00:00,2.65,5.19,-34.0,152.0,-34.0,152.0
2025-11-16 15:00:00,4.23,6.28,-34.0,152.0,-34.0,152.0
2025-11-16 16:00:00,4.92,6.6,-34.0,152.0,-34.0,152.0
2025-11-16 17:00:00,4.28,5.06,-34.0,152.0,-34.0,152.0
2025-11-16 18:00:00,4.51,4.9,-34.0,152.0,-34.0,152.0
2025-11-16 19:00:00,9.0,10.06,-34.0,152.0,-34.0,152.0
2025-11-16 20:00:00,9.49,10.87,-34.0,152.0,-34.0,152.0
2025-11-16 21:00:00,9.04,10.29,-34.0,152.0,-34.0,152.0
2025-11-16 22:00:00,11.65,13.92,-34.0,152.0,-34.0,152.0
2025-11-16 23:00:00,11.42,13.67,-34.0,152.0,-34.0,152.0
2025-11-17 00:00:00,11.58,13.72,-34.0,152.0,-34.0,152.0
2025-11-17 01:00:00,10.7,12.47,-34.0,152.0,-34.0,152.0
2025-11-17 02:00:00,10.31,11.89,-34.0,152.0,-34.0,152.0
2025-11-17 03:00:00,9.84,11.25,-34.0,152.0,-34.0,152.0
2025-11-17 04:00:00,9.68,10.98,-34.0,152.0,-34.0,152.0
2025-11-17 05:00:00,9.24,10.56,-34.0,152.0,-34.0,152.0
2025-11-17 06:00:00,7.74,8.82,-34.0,152.0,-34.0,152.0
2025-11-17 07:00:00,6.28,7.12,-34.0,152.0,-34.0,152.0
2025-11-17 08:00:00,5.15,5.64,-34.0,152.0,-34.0,152.0
2025-11-17 09:00:00,5.49,5.85,-34.0,152.0,-34.0,152.0
2025-11-17 10:00:00,5.08,5.44,-34.0,152.0,-34.0,152.0
2025-11-17 11:00:00,3.37,3.66,-34.0,152.0,-34.0,152.0
2025-11-17 12:00:00,3.39,3.85,-34.0,152.0,-34.0,152.0
2025-11-17 13:00:00,5.91,6.64,-34.0,152.0,-34.0,152.0
2025-11-17 14:00:00,7.21,8.0,-34.0,152.0,-34.0,152.0
2025-11-17 15:00:00,7.91,8.78,-34.0,152.0,-34.0,152.0
2025-11-17 16:00:00,8.41,9.37,-34.0,152.0,-34.0,152.0
2025-11-17 17:00:00,8.16,9.04,-34.0,152.0,-34.0,152.0
2025-11-17 18:00:00,7.5,8.26,-34.0,152.0,-34.0,152.0
2025-11-17 19:00:00,6.87,7.52,-34.0,152.0,-34.0,152.0
2025-11-17 20:00:00,6.04,6.51,-34.0,152.0,-34.0,152.0
2025-11-17 21:00:00,5.12,5.46,-34.0,152.0,-34.0,152.0
2025-11-17 22:00:00,4.85,5.07,-34.0,152.0,-34.0,152.0
2025-11-17 23:00:00,4.15,4.3,-34.0,152.0,-34.0,152.0
2025-11-18 00:00:00,3.7,3.82,-34.0,152.0,-34.0,152.0
2025-11-18 01:00:00,3.82,4.02,-34.0,152.0,-34.0,152.0
2025-11-18 02:00:00,3.93,4.18,-34.0,152.0,-34.0,152.0
2025-11-18 03:00:00,4.17,4.49,-34.0,152.0,-34.0,152.0
2025-11-18 04:00:00,4.31,4.6,-34.0,152.0,-34.0,152.0
2025-11-18 05:00:00,4.54,4.83,-34.0,152.0,-34.0,152.0
2025-11-18 06:00:00,5.91,6.44,-34.0,152.0,-34.0,152.0
2025-11-18 07:00:00,7.51,8.43,-34.0,152.0,-34.0,152.0
2025-11-18 08:00:00,8.6,10.01,-34.0,152.0,-34.0,152.0
2025-11-18 09:00:00,9.16,10.93,-34.0,152.0,-34.0,152.0
2025-11-18 10:00:00,8.47,10.03,-34.0,152.0,-34.0,152.0
2025-11-18 11:00:00,9.0,10.71,-34.0,152.0,-34.0,152.0
2025-11-18 12:00:00,9.12,10.91,-34.0,152.0,-34.0,152.0
2025-11-18 13:00:00,8.54,10.27,-34.0,152.0,-34.0,152.0
2025-11-18 14:00:00,7.27,8.75,-34.0,152.0,-34.0,152.0
2025-11-18 15:00:00,6.2,7.3,-34.0,152.0,-34.0,152.0
2025-11-18 16:00:00,5.57,6.42,-34.0,152.0,-34.0,152.0
2025-11-18 17:00:00,5.3,6.05,-34.0,152.0,-34.0,152.0
2025-11-18 18:00:00,5.55,6.31,-34.0,152.0,-34.0,152.0
2025-11-18 19:00:00,5.91,6.67,-34.0,152.0,-34.0,152.0
2025-11-18 20:00:00,6.14,6.89,-34.0,152.0,-34.0,152.0
2025-11-18 21:00:00,6.29,7.04,-34.0,152.0,-34.0,152.0
2025-11-18 22:00:00,5.95,6.55,-34.0,152.0,-34.0,152.0
2025-11-18 23:00:00,5.29,5.74,-34.0,152.0,-34.0,152.0
2025-11-19 00:00:00,4.73,5.08,-34.0,152.0,-34.0,152.0
2025-11-19 01:00:00,4.28,4.58,-34.0,152.0,-34.0,152.0
2025-11-19 02:00:00,3.98,4.2,-34.0,152.0,-34.0,152.0
2025-11-19 03:00:00,4.42,4.67,-34.0,152.0,-34.0,152.0
2025-11-19 04:00:00,5.7,6.37,-34.0,152.0,-34.0,152.0
2025-11-19 05:00:00,7.2,8.86,-34.0,152.0,-34.0,152.0
2025-11-19 06:00:00,8.47,11.15,-34.0,152.0,-34.0,152.0
2025-11-19 07:00:00,9.62,12.75,-34.0,152.0,-34.0,152.0
2025-11-19 08:00:00,10.83,14.41,-34.0,152.0,-34.0,152.0
2025-11-19 09:00:00,11.58,15.37,-34.0,152.0,-34.0,152.0
2025-11-19 10:00:00,10.43,14.06,-34.0,152.0,-34.0,152.0
2025-11-19 11:00:00,11.17,14.6,-34.0,152.0,-34.0,152.0
2025-11-19 12:00:00,10.78,14.58,-34.0,152.0,-34.0,152.0
2025-11-19 13:00:00,11.04,14.45,-34.0,152.0,-34.0,152.0
2025-11-19 14:00:00,11.06,14.11,-34.0,152.0,-34.0,152.0
2025-11-19 15:00:00,10.74,13.4,-34.0,152.0,-34.0,152.0
2025-11-19 16:00:00,10.32,12.77,-34.0,152.0,-34.0,152.0
2025-11-19 17:00:00,9.96,12.24,-34.0,152.0,-34.0,152.0
2025-11-19 18:00:00,8.99,11.0,-34.0,152.0,-34.0,152.0
2025-11-19 19:00:00,7.0,8.4,-34.0,152.0,-34.0,152.0
2025-11-19 20:00:00,5.62,6.62,-34.0,152.0,-34.0,152.0
2025-11-19 21:00:00,4.79,5.59,-34.0,152.0,-34.0,152.0
2025-11-19 22:00:00,3.65,3.93,-34.0,152.0,-34.0,152.0
2025-11-19 23:00:00,2.84,2.94,-34.0,152.0,-34.0,152.0
2025-11-20 00:00:00,3.34,3.42,-34.0,152.0,-34.0,152.0
2025-11-20 01:00:00,4.47,4.65,-34.0,152.0,-34.0,152.0
2025-11-20 02:00:00,5.3,5.65,-34.0,152.0,-34.0,152.0
2025-11-20 03:00:00,5.95,6.45,-34.0,152.0,-34.0,152.0
2025-11-20 04:00:00,6.07,6.69,-34.0,152.0,-34.0,152.0
2025-11-20 05:00:00,6.59,7.41,-34.0,152.0,-34.0,152.0
2025-11-20 06:00:00,6.77,7.69,-34.0,152.0,-34.0,152.0
2025-11-20 07:00:00,6.09,6.86,-34.0,152.0,-34.0,152.0
2025-11-20 08:00:00,6.67,7.45,-34.0,152.0,-34.0,152.0
2025-11-20 09:00:00,6.92,7.85,-34.0,152.0,-34.0,152.0
2025-11-20 10:00:00,7.59,9.17,-34.0,152.0,-34.0,152.0
2025-11-20 11:00:00,9.21,10.6,-34.0,152.0,-34.0,152.0
2025-11-20 12:00:00,9.08,10.37,-34.0,152.0,-34.0,152.0
2025-11-20 13:00:00,9.31,10.65,-34.0,152.0,-34.0,152.0
2025-11-20 14:00:00,9.38,10.67,-34.0,152.0,-34.0,152.0
2025-11-20 15:00:00,9.32,10.56,-34.0,152.0,-34.0,152.0
2025-11-20 16:00:00,9.7,11.05,-34.0,152.0,-34.0,152.0
2025-11-20 17:00:00,9.86,11.34,-34.0,152.0,-34.0,152.0
2025-11-20 18:00:00,10.05,11.62,-34.0,152.0,-34.0,152.0
2025-11-20 19:00:00,10.3,11.91,-34.0,152.0,-34.0,152.0
2025-11-20 20:00:00,10.24,11.9,-34.0,152.0,-34.0,152.0
2025-11-20 21:00:00,9.94,11.48,-34.0,152.0,-34.0,152.0
2025-11-20 22:00:00,8.91,10.09,-34.0,152.0,-34.0,152.0
2025-11-20 23:00:00,9.36,10.55,-34.0,152.0,-34.0,152.0
2025-11-21 00:00:00,9.45,10.68,-34.0,152.0,-34.0,152.0
2025-11-21 01:00:00,9.03,10.15,-34.0,152.0,-34.0,152.0
2025-11-21 02:00:00,8.66,9.7,-34.0,152.0,-34.0,152.0
2025-11-21 03:00:00,8.56,9.6,-34.0,152.0,-34.0,152.0
2025-11-21 04:00:00,8.88,9.98,-34.0,152.0,-34.0,152.0
2025-11-21 05:00:00,8.96,10.09,-34.0,152.0,-34.0,152.0
2025-11-21 06:00:00,9.09,10.3,-34.0,152.0,-34.0,152.0
2025-11-21 07:00:00,9.05,10.22,-34.0,152.0,-34.0,152.0
2025-11-21 08:00:00,8.89,10.06,-34.0,152.0,-34.0,152.0
2025-11-21 09:00:00,8.59,9.69,-34.0,152.0,-34.0,152.0
2025-11-21 10:00:00,7.09,7.9,-34.0,152.0,-34.0,152.0
2025-11-21 11:00:00,7.33,8.23,-34.0,152.0,-34.0,152.0
2025-11-21 12:00:00,7.92,8.83,-34.0,152.0,-34.0,152.0
2025-11-21 13:00:00,7.74,8.61,-34.0,152.0,-34.0,152.0
2025-11-21 14:00:00,7.07,7.88,-34.0,152.0,-34.0,152.0
2025-11-21 15:00:00,6.51,7.2,-34.0,152.0,-34.0,152.0
2025-11-21 16:00:00,6.46,7.09,-34.0,152.0,-34.0,152.0
2025-11-21 17:00:00,6.22,6.87,-34.0,152.0,-34.0,152.0
2025-11-21 18:00:00,6.09,6.77,-34.0,152.0,-34.0,152.0
2025-11-21 19:00:00,6.31,7.01,-34.0,152.0,-34.0,152.0
2025-11-21 20:00:00,6.21,6.91,-34.0,152.0,-34.0,152.0
2025-11-21 21:00:00,6.23,6.87,-34.0,152.0,-34.0,152.0
2025-11-21 22:00:00,6.71,7.48,-34.0,152.0,-34.0,152.0
2025-11-21 23:00:00,6.69,7.43,-34.0,152.0,-34.0,152.0
2025-11-22 00:00:00,7.13,7.97,-34.0,152.0,-34.0,152.0
2025-11-22 01:00:00,7.04,7.84,-34.0,152.0,-34.0,152.0
2025-11-22 02:00:00,7.35,8.21,-34.0,152.0,-34.0,152.0
2025-11-22 03:00:00,7.84,8.75,-34.0,152.0,-34.0,152.0
2025-11-22 04:00:00,7.48,8.49,-34.0,152.0,-34.0,152.0
2025-11-22 05:00:00,7.26,8.26,-34.0,152.0,-34.0,152.0
2025-11-22 06:00:00,6.72,7.57,-34.0,152.0,-34.0,152.0
2025-11-22 07:00:00,6.25,7.0,-34.0,152.0,-34.0,152.0
2025-11-22 08:00:00,5.8,6.52,-34.0,152.0,-34.0,152.0
2025-11-22 09:00:00,5.19,5.87,-34.0,152.0,-34.0,152.0
2025-11-22 10:00:00,5.38,6.16,-34.0,152.0,-34.0,152.0
2025-11-22 11:00:00,6.84,7.94,-34.0,152.0,-34.0,152.0
2025-11-22 12:00:00,7.59,9.18,-34.0,152.0,-34.0,152.0
2025-11-22 13:00:00,8.35,9.95,-34.0,152.0,-34.0,152.0
2025-11-22 14:00:00,7.88,9.45,-34.0,152.0,-34.0,152.0
2025-11-22 15:00:00,7.76,9.17,-34.0,152.0,-34.0,152.0
2025-11-22 16:00:00,8.91,10.55,-34.0,152.0,-34.0,152.0
2025-11-22 17:00:00,8.35,10.15,-34.0,152.0,-34.0,152.0
2025-11-22 18:00:00,8.55,10.65,-34.0,152.0,-34.0,152.0
2025-11-22 19:00:00,9.1,11.25,-34.0,152.0,-34.0,152.0
2025-11-22 20:00:00,7.55,9.35,-34.0,152.0,-34.0,152.0
2025-11-22 21:00:00,6.62,7.63,-34.0,152.0,-34.0,152.0
2025-11-22 22:00:00,5.81,6.62,-34.0,152.0,-34.0,152.0
2025-11-22 23:00:00,5.32,5.82,-34.0,152.0,-34.0,152.0
2025-11-23 00:00:00,3.66,4.0,-34.0,152.0,-34.0,152.0
2025-11-23 01:00:00,4.3,4.55,-34.0,152.0,-34.0,152.0
2025-11-23 02:00:00,4.4,4.82,-34.0,152.0,-34.0,152.0
2025-11-23 03:00:00,2.96,3.41,-34.0,152.0,-34.0,152.0
2025-11-23 04:00:00,1.42,1.85,-34.0,152.0,-34.0,152.0
2025-11-23 05:00:00,2.86,3.4,-34.0,152.0,-34.0,152.0
2025-11-23 06:00:00,3.56,4.27,-34.0,152.0,-34.0,152.0
2025-11-23 07:00:00,3.52,4.26,-34.0,152.0,-34.0,152.0
2025-11-23 08:00:00,2.0,2.48,-34.0,152.0,-34.0,152.0
2025-11-23 09:00:00,1.88,1.93,-34.0,152.0,-34.0,152.0
2025-11-23 10:00:00,3.13,3.26,-34.0,152.0,-34.0,152.0
2025-11-23 11:00:00,4.56,5.01,-34.0,152.0,-34.0,152.0
2025-11-23 12:00:00,5.73,6.38,-34.0,152.0,-34.0,152.0
2025-11-23 13:00:00,6.62,7.41,-34.0,152.0,-34.0,152.0
2025-11-23 14:00:00,7.5,8.42,-34.0,152.0,-34.0,152.0
2025-11-23 15:00:00,8.8,10.06,-34.0,152.0,-34.0,152.0
2025-11-23 16:00:00,9.47,10.9,-34.0,152.0,-34.0,152.0
2025-11-23 17:00:00,9.44,11.04,-34.0,152.0,-34.0,152.0
2025-11-23 18:00:00,9.54,11.15,-34.0,152.0,-34.0,152.0
2025-11-23 19:00:00,9.29,10.83,-34.0,152.0,-34.0,152.0
2025-11-23 20:00:00,9.32,10.76,-34.0,152.0,-34.0,152.0
2025-11-23 21:00:00,9.84,11.36,-34.0,152.0,-34.0,152.0
2025-11-23 22:00:00,9.35,10.59,-34.0,152.0,-34.0,152.0
2025-11-23 23:00:00,9.06,10.27,-34.0,152.0,-34.0,152.0
2025-11-24 00:00:00,8.68,9.75,-34.0,152.0,-34.0,152.0
2025-11-24 01:00:00,8.79,9.85,-34.0,152.0,-34.0,152.0
2025-11-24 02:00:00,9.27,10.46,-34.0,152.0,-34.0,152.0
2025-11-24 03:00:00,9.06,10.26,-34.0,152.0,-34.0,152.0
2025-11-24 04:00:00,9.03,10.25,-34.0,152.0,-34.0,152.0
2025-11-24 05:00:00,9.37,10.57,-34.0,152.0,-34.0,152.0
2025-11-24 06:00:00,8.87,10.02,-34.0,152.0,-34.0,152.0
2025-11-24 07:00:00,7.8,8.7,-34.0,152.0,-34.0,152.0
2025-11-24 08:00:00,7.41,8.27,-34.0,152.0,-34.0,152.0
2025-11-24 09:00:00,7.0,7.75,-34.0,152.0,-34.0,152.0
2025-11-24 10:00:00,5.27,5.72,-34.0,152.0,-34.0,152.0
2025-11-24 11:00:00,4.84,5.19,-34.0,152.0,-34.0,152.0
2025-11-24 12:00:00,4.91,5.29,-34.0,152.0,-34.0,152.0
2025-11-24 13:00:00,4.7,5.05,-34.0,152.0,-34.0,152.0
2025-11-24 14:00:00,4.68,4.93,-34.0,152.0,-34.0,152.0
2025-11-24 15:00:00,4.14,4.28,-34.0,152.0,-34.0,152.0
2025-11-24 16:00:00,2.62,2.69,-34.0,152.0,-34.0,152.0
2025-11-24 17:00:00,1.22,1.24,-34.0,152.0,-34.0,152.0
2025-11-24 18:00:00,2.0,2.2,-34.0,152.0,-34.0,152.0
2025-11-24 19:00:00,3.97,4.3,-34.0,152.0,-34.0,152.0
2025-11-24 20:00:00,4.46,4.93,-34.0,152.0,-34.0,152.0
2025-11-24 21:00:00,6.25,6.9,-34.0,152.0,-34.0,152.0
2025-11-24 22:00:00,5.93,6.5,-34.0,152.0,-34.0,152.0
2025-11-24 23:00:00,6.05,6.6,-34.0,152.0,-34.0,152.0
2025-11-25 00:00:00,7.13,7.95,-34.0,152.0,-34.0,152.0
2025-11-25 01:00:00,7.59,8.52,-34.0,152.0,-34.0,152.0
2025-11-25 02:00:00,7.02,8.03,-34.0,152.0,-34.0,152.0
2025-11-25 03:00:00,6.15,7.16,-34.0,152.0,-34.0,152.0
2025-11-25 04:00:00,5.88,7.05,-34.0,152.0,-34.0,152.0
2025-11-25 05:00:00,5.57,6.61,-34.0,152.0,-34.0,152.0
2025-11-25 06:00:00,6.79,8.24,-34.0,152.0,-34.0,152.0
2025-11-25 07:00:00,7.22,9.82,-34.0,152.0,-34.0,152.0
2025-11-25 08:00:00,6.81,9.68,-34.0,152.0,-34.0,152.0
2025-11-25 09:00:00,7.24,10.55,-34.0,152.0,-34.0,152.0
2025-11-25 10:00:00,5.14,7.54,-34.0,152.0,-34.0,152.0
2025-11-25 11:00:00,4.99,7.67,-34.0,152.0,-34.0,152.0
2025-11-25 12:00:00,6.79,10.29,-34.0,152.0,-34.0,152.0
2025-11-25 13:00:00,7.02,10.5,-34.0,152.0,-34.0,152.0
2025-11-25 14:00:00,6.08,8.21,-34.0,152.0,-34.0,152.0
2025-11-25 15:00:00,5.68,6.94,-34.0,152.0,-34.0,152.0
2025-11-25 16:00:00,5.2,5.98,-34.0,152.0,-34.0,152.0
2025-11-25 17:00:00,5.41,6.39,-34.0,152.0,-34.0,152.0
2025-11-25 18:00:00,4.6,5.75,-34.0,152.0,-34.0,152.0
2025-11-25 19:00:00,3.41,5.23,-34.0,152.0,-34.0,152.0
2025-11-25 20:00:00,5.19,7.46,-34.0,152.0,-34.0,152.0
2025-11-25 21:00:00,7.14,10.0,-34.0,152.0,-34.0,152.0
2025-11-25 22:00:00,7.04,10.34,-34.0,152.0,-34.0,152.0
2025-11-25 23:00:00,7.27,10.88,-34.0,152.0,-34.0,152.0
2025-11-26 00:00:00,8.02,11.81,-34.0,152.0,-34.0,152.0
2025-11-26 01:00:00,7.3,10.93,-34.0,152.0,-34.0,152.0
2025-11-26 02:00:00,6.74,10.15,-34.0,152.0,-34.0,152.0
2025-11-26 03:00:00,5.93,8.84,-34.0,152.0,-34.0,152.0
2025-11-26 04:00:00,5.52,7.67,-34.0,152.0,-34.0,152.0
2025-11-26 05:00:00,6.76,9.12,-34.0,152.0,-34.0,152.0
2025-11-26 06:00:00,6.36,8.52,-34.0,152.0,-34.0,152.0
2025-11-26 07:00:00,4.94,7.04,-34.0,152.0,-34.0,152.0
2025-11-26 08:00:00,3.96,6.43,-34.0,152.0,-34.0,152.0
2025-11-26 09:00:00,5.2,8.35,-34.0,152.0,-34.0,152.0
2025-11-26 10:00:00,5.13,7.55,-34.0,152.0,-34.0,152.0
2025-11-26 11:00:00,3.07,4.88,-34.0,152.0,-34.0,152.0
2025-11-26 12:00:00,2.3,4.07,-34.0,152.0,-34.0,152.0
2025-11-26 13:00:00,2.89,4.51,-34.0,152.0,-34.0,152.0
2025-11-26 14:00:00,5.39,6.65,-34.0,152.0,-34.0,152.0
2025-11-26 15:00:00,7.0,8.03,-34.0,152.0,-34.0,152.0
2025-11-26 16:00:00,7.0,8.18,-34.0,152.0,-34.0,152.0
2025-11-26 17:00:00,6.52,7.61,-34.0,152.0,-34.0,152.0
2025-11-26 18:00:00,6.44,7.45,-34.0,152.0,-34.0,152.0
2025-11-26 19:00:00,6.23,7.11,-34.0,152.0,-34.0,152.0
2025-11-26 20:00:00,5.49,6.21,-34.0,152.0,-34.0,152.0
2025-11-26 21:00:00,4.05,4.45,-34.0,152.0,-34.0,152.0
2025-11-26 22:00:00,0.9,1.3,-34.0,152.0,-34.0,152.0
2025-11-26 23:00:00,2.04,2.43,-34.0,152.0,-34.0,152.0
2025-11-27 00:00:00,2.51,3.2,-34.0,152.0,-34.0,152.0
2025-11-27 01:00:00,1.93,2.62,-34.0,152.0,-34.0,152.0
2025-11-27 02:00:00,0.43,1.24,-34.0,152.0,-34.0,152.0
2025-11-27 03:00:00,1.36,0.54,-34.0,152.0,-34.0,152.0
2025-11-27 04:00:00,2.08,1.45,-34.0,152.0,-34.0,152.0
2025-11-27 05:00:00,1.94,1.4,-34.0,152.0,-34.0,152.0
2025-11-27 06:00:00,1.53,1.29,-34.0,152.0,-34.0,152.0
2025-11-27 07:00:00,1.46,1.57,-34.0,152.0,-34.0,152.0
2025-11-27 08:00:00,1.29,1.4,-34.0,152.0,-34.0,152.0
2025-11-27 09:00:00,1.4,0.9,-34.0,152.0,-34.0,152.0
2025-11-27 10:00:00,3.63,5.15,-34.0,152.0,-34.0,152.0
2025-11-27 11:00:00,6.94,8.2,-34.0,152.0,-34.0,152.0
2025-11-27 12:00:00,8.11,9.21,-34.0,152.0,-34.0,152.0
2025-11-27 13:00:00,7.44,8.26,-34.0,152.0,-34.0,152.0
2025-11-27 14:00:00,6.48,7.17,-34.0,152.0,-34.0,152.0
2025-11-27 15:00:00,5.75,6.28,-34.0,152.0,-34.0,152.0
2025-11-27 16:00:00,5.21,5.66,-34.0,152.0,-34.0,152.0
2025-11-27 17:00:00,4.71,5.11,-34.0,152.0,-34.0,152.0
2025-11-27 18:00:00,4.11,4.43,-34.0,152.0,-34.0,152.0
2025-11-27 19:00:00,3.58,3.83,-34.0,152.0,-34.0,152.0
2025-11-27 20:00:00,3.36,3.65,-34.0,152.0,-34.0,152.0
2025-11-27 21:00:00,3.76,4.03,-34.0,152.0,-34.0,152.0
2025-11-27 22:00:00,3.9,4.26,-34.0,152.0,-34.0,152.0
2025-11-27 23:00:00,4.25,4.58,-34.0,152.0,-34.0,152.0
2025-11-28 00:00:00,4.63,4.94,-34.0,152.0,-34.0,152.0
2025-11-28 01:00:00,3.25,3.43,-34.0,152.0,-34.0,152.0
2025-11-28 02:00:00,3.35,3.66,-34.0,152.0,-34.0,152.0
2025-11-28 03:00:00,4.63,4.98,-34.0,152.0,-34.0,152.0
2025-11-28 04:00:00,5.65,6.17,-34.0,152.0,-34.0,152.0
2025-11-28 05:00:00,6.69,7.53,-34.0,152.0,-34.0,152.0
2025-11-28 06:00:00,7.97,9.25,-34.0,152.0,-34.0,152.0
2025-11-28 07:00:00,8.67,10.4,-34.0,152.0,-34.0,152.0
2025-11-28 08:00:00,8.7,10.91,-34.0,152.0,-34.0,152.0
2025-11-28 09:00:00,8.71,11.44,-34.0,152.0,-34.0,152.0
2025-11-28 10:00:00,7.47,10.19,-34.0,152.0,-34.0,152.0
2025-11-28 11:00:00,7.76,10.78,-34.0,152.0,-34.0,152.0
2025-11-28 12:00:00,7.71,10.87,-34.0,152.0,-34.0,152.0
2025-11-28 13:00:00,8.08,11.25,-34.0,152.0,-34.0,152.0
2025-11-28 14:00:00,8.41,10.66,-34.0,152.0,-34.0,152.0
2025-11-28 15:00:00,9.31,11.33,-34.0,152.0,-34.0,152.0
2025-11-28 16:00:00,9.7,11.83,-34.0,152.0,-34.0,152.0
2025-11-28 17:00:00,9.6,11.68,-34.0,152.0,-34.0,152.0
2025-11-28 18:00:00,9.09,11.13,-34.0,152.0,-34.0,152.0
2025-11-28 19:00:00,8.6,10.67,-34.0,152.0,-34.0,152.0
2025-11-28 20:00:00,8.34,10.73,-34.0,152.0,-34.0,152.0
2025-11-28 21:00:00,8.59,12.0,-34.0,152.0,-34.0,152.0
2025-11-28 22:00:00,11.79,15.93,-34.0,152.0,-34.0,152.0
2025-11-28 23:00:00,11.86,16.21,-34.0,152.0,-34.0,152.0
2025-11-29 00:00:00,11.32,15.51,-34.0,152.0,-34.0,152.0
2025-11-29 01:00:00,11.19,15.17,-34.0,152.0,-34.0,152.0
2025-11-29 02:00:00,10.92,14.85,-34.0,152.0,-34.0,152.0
2025-11-29 03:00:00,9.82,13.43,-34.0,152.0,-34.0,152.0
2025-11-29 04:00:00,7.66,10.54,-34.0,152.0,-34.0,152.0
2025-11-29 05:00:00,7.37,10.18,-34.0,152.0,-34.0,152.0
2025-11-29 06:00:00,8.22,11.04,-34.0,152.0,-34.0,152.0
2025-11-29 07:00:00,9.69,12.72,-34.0,152.0,-34.0,152.0
2025-11-29 08:00:00,10.74,13.63,-34.0,152.0,-34.0,152.0
2025-11-29 09:00:00,12.72,15.65,-34.0,152.0,-34.0,152.0
2025-11-29 10:00:00,13.35,16.4,-34.0,152.0,-34.0,152.0
2025-11-29 11:00:00,11.67,14.15,-34.0,152.0,-34.0,152.0
2025-11-29 12:00:00,10.44,12.31,-34.0,152.0,-34.0,152.0
2025-11-29 13:00:00,9.51,10.91,-34.0,152.0,-34.0,152.0
2025-11-29 14:00:00,8.34,9.37,-34.0,152.0,-34.0,152.0
2025-11-29 15:00:00,7.13,7.86,-34.0,152.0,-34.0,152.0
2025-11-29 16:00:00,6.14,6.68,-34.0,152.0,-34.0,152.0
2025-11-29 17:00:00,5.48,5.91,-34.0,152.0,-34.0,152.0
2025-11-29 18:00:00,4.7,4.95,-34.0,152.0,-34.0,152.0
2025-11-29 19:00:00,3.57,3.75,-34.0,152.0,-34.0,152.0
2025-11-29 20:00:00,2.12,2.19,-34.0,152.0,-34.0,152.0
2025-11-29 21:00:00,0.97,1.1,-34.0,152.0,-34.0,152.0
2025-11-29 22:00:00,0.76,0.78,-34.0,152.0,-34.0,152.0
2025-11-29 23:00:00,1.76,1.89,-34.0,152.0,-34.0,152.0
2025-11-30 00:00:00,2.52,2.72,-34.0,152.0,-34.0,152.0
2025-11-30 01:00:00,3.91,4.16,-34.0,152.0,-34.0,152.0
2025-11-30 02:00:00,4.6,4.95,-34.0,152.0,-34.0,152.0
2025-11-30 03:00:00,5.5,5.87,-34.0,152.0,-34.0,152.0
2025-11-30 04:00:00,5.89,6.33,-34.0,152.0,-34.0,152.0
2025-11-30 05:00:00,5.02,5.39,-34.0,152.0,-34.0,152.0
2025-11-30 06:00:00,3.44,3.73,-34.0,152.0,-34.0,152.0
2025-11-30 07:00:00,2.29,2.57,-34.0,152.0,-34.0,152.0
2025-11-30 08:00:00,2.13,2.48,-34.0,152.0,-34.0,152.0
2025-11-30 09:00:00,7.15,8.13,-34.0,152.0,-34.0,152.0
2025-11-30 10:00:00,9.96,11.29,-34.0,152.0,-34.0,152.0
2025-11-30 11:00:00,8.94,10.13,-34.0,152.0,-34.0,152.0
2025-11-30 12:00:00,7.92,8.82,-34.0,152.0,-34.0,152.0
2025-11-30 13:00:00,6.64,7.25,-34.0,152.0,-34.0,152.0
2025-11-30 14:00:00,5.14,5.55,-34.0,152.0,-34.0,152.0
2025-11-30 15:00:00,4.43,4.85,-34.0,152.0,-34.0,152.0
2025-11-30 16:00:00,5.36,5.94,-34.0,152.0,-34.0,152.0
2025-11-30 17:00:00,6.43,7.07,-34.0,152.0,-34.0,152.0
2025-11-30 18:00:00,6.12,6.71,-34.0,152.0,-34.0,152.0
2025-11-30 19:00:00,6.16,6.66,-34.0,152.0,-34.0,152.0
2025-11-30 20:00:00,6.65,7.24,-34.0,152.0,-34.0,152.0
2025-11-30 21:00:00,7.57,8.25,-34.0,152.0,-34.0,152.0
2025-11-30 22:00:00,6.59,7.14,-34.0,152.0,-34.0,152.0
2025-11-30 23:00:00,6.24,6.78,-34.0,152.0,-34.0,152.0
2025-12-01 00:00:00,5.84,6.38,-34.0,152.0,-34.0,152.0
2025-12-01 01:00:00,5.46,5.96,-34.0,152.0,-34.0,152.0
2025-12-01 02:00:00,4.68,5.17,-34.0,152.0,-34.0,152.0
2025-12-01 03:00:00,2.98,3.34,-34.0,152.0,-34.0,152.0
2025-12-01 04:00:00,3.34,3.8,-34.0,152.0,-34.0,152.0
2025-12-01 05:00:00,5.28,6.13,-34.0,152.0,-34.0,152.0
2025-12-01 06:00:00,8.07,9.14,-34.0,152.0,-34.0,152.0
2025-12-01 07:00:00,7.76,8.82,-34.0,152.0,-34.0,152.0
2025-12-01 08:00:00,7.37,8.32,-34.0,152.0,-34.0,152.0
2025-12-01 09:00:00,9.08,10.21,-34.0,152.0,-34.0,152.0
2025-12-01 10:00:00,8.95,9.89,-34.0,152.0,-34.0,152.0
2025-12-01 11:00:00,8.46,9.44,-34.0,152.0,-34.0,152.0
2025-12-01 12:00:00,8.04,8.94,-34.0,152.0,-34.0,152.0
2025-12-01 13:00:00,9.76,10.9,-34.0,152.0,-34.0,152.0
2025-12-01 14:00:00,10.16,11.51,-34.0,152.0,-34.0,152.0
2025-12-01 15:00:00,10.32,11.7,-34.0,152.0,-34.0,152.0
2025-12-01 16:00:00,10.14,11.46,-34.0,152.0,-34.0,152.0
2025-12-01 17:00:00,10.49,11.85,-34.0,152.0,-34.0,152.0
2025-12-01 18:00:00,10.3,11.69,-34.0,152.0,-34.0,152.0
2025-12-01 19:00:00,10.18,11.55,-34.0,152.0,-34.0,152.0
2025-12-01 20:00:00,11.26,12.76,-34.0,152.0,-34.0,152.0
2025-12-01 21:00:00,11.99,13.7,-34.0,152.0,-34.0,152.0
2025-12-01 22:00:00,10.8,12.13,-34.0,152.0,-34.0,152.0
2025-12-01 23:00:00,10.98,12.31,-34.0,152.0,-34.0,152.0
2025-12-02 00:00:00,11.0,12.37,-34.0,152.0,-34.0,152.0
2025-12-02 01:00:00,11.12,12.49,-34.0,152.0,-34.0,152.0
2025-12-02 02:00:00,11.29,12.7,-34.0,152.0,-34.0,152.0
2025-12-02 03:00:00,11.06,12.51,-34.0,152.0,-34.0,152.0
2025-12-02 04:00:00,10.68,12.07,-34.0,152.0,-34.0,152.0
2025-12-02 05:00:00,10.46,11.8,-34.0,152.0,-34.0,152.0
2025-12-02 06:00:00,10.21,11.52,-34.0,152.0,-34.0,152.0
2025-12-02 07:00:00,9.79,11.0,-34.0,152.0,-34.0,152.0
2025-12-02 08:00:00,9.32,10.44,-34.0,152.0,-34.0,152.0
2025-12-02 09:00:00,9.11,10.17,-34.0,152.0,-34.0,152.0
2025-12-02 10:00:00,9.46,10.66,-34.0,152.0,-34.0,152.0
2025-12-02 11:00:00,9.11,10.21,-34.0,152.0,-34.0,152.0
2025-12-02 12:00:00,8.45,9.45,-34.0,152.0,-34.0,152.0
2025-12-02 13:00:00,7.58,8.33,-34.0,152.0,-34.0,152.0
2025-12-02 14:00:00,6.52,7.12,-34.0,152.0,-34.0,152.0
2025-12-02 15:00:00,6.04,6.53,-34.0,152.0,-34.0,152.0
2025-12-02 16:00:00,5.37,5.79,-34.0,152.0,-34.0,152.0
2025-12-02 17:00:00,4.75,5.02,-34.0,152.0,-34.0,152.0
2025-12-02 18:00:00,4.45,4.67,-34.0,152.0,-34.0,152.0
2025-12-02 19:00:00,4.23,4.44,-34.0,152.0,-34.0,152.0
2025-12-02 20:00:00,3.89,4.07,-34.0,152.0,-34.0,152.0
2025-12-02 21:00:00,3.17,3.28,-34.0,152.0,-34.0,152.0
2025-12-02 22:00:00,3.28,3.42,-34.0,152.0,-34.0,152.0
2025-12-02 23:00:00,3.4,3.5,-34.0,152.0,-34.0,152.0
2025-12-03 00:00:00,3.7,3.83,-34.0,152.0,-34.0,152.0
2025-12-03 01:00:00,4.11,4.31,-34.0,152.0,-34.0,152.0
2025-12-03 02:00:00,4.58,4.91,-34.0,152.0,-34.0,152.0
2025-12-03 03:00:00,4.83,5.21,-34.0,152.0,-34.0,152.0
2025-12-03 04:00:00,5.01,5.35,-34.0,152.0,-34.0,152.0
2025-12-03 05:00:00,5.41,5.81,-34.0,152.0,-34.0,152.0
2025-12-03 06:00:00,6.04,6.58,-34.0,152.0,-34.0,152.0
2025-12-03 07:00:00,6.94,7.71,-34.0,152.0,-34.0,152.0
2025-12-03 08:00:00,7.92,9.05,-34.0,152.0,-34.0,152.0
2025-12-03 09:00:00,8.5,9.95,-34.0,152.0,-34.0,152.0
2025-12-03 10:00:00,7.87,9.42,-34.0,152.0,-34.0,152.0
2025-12-03 11:00:00,8.14,9.68,-34.0,152.0,-34.0,152.0
2025-12-03 12:00:00,8.76,10.39,-34.0,152.0,-34.0,152.0
2025-12-03 13:00:00,9.21,10.94,-34.0,152.0,-34.0,152.0
2025-12-03 14:00:00,9.1,10.82,-34.0,152.0,-34.0,152.0
2025-12-03 15:00:00,8.69,10.3,-34.0,152.0,-34.0,152.0
2025-12-03 16:00:00,8.08,9.43,-34.0,152.0,-34.0,152.0
2025-12-03 17:00:00,7.42,8.57,-34.0,152.0,-34.0,152.0
2025-12-03 18:00:00,6.95,7.95,-34.0,152.0,-34.0,152.0
2025-12-03 19:00:00,6.71,7.61,-34.0,152.0,-34.0,152.0
2025-12-03 20:00:00,6.73,7.63,-34.0,152.0,-34.0,152.0
2025-12-03 21:00:00,7.0,7.9,-34.0,152.0,-34.0,152.0
2025-12-03 22:00:00,7.37,8.46,-34.0,152.0,-34.0,152.0
2025-12-03 23:00:00,7.55,8.7,-34.0,152.0,-34.0,152.0
2025-12-04 00:00:00,7.45,8.5,-34.0,152.0,-34.0,152.0
2025-12-04 01:00:00,7.22,8.33,-34.0,152.0,-34.0,152.0
2025-12-04 02:00:00,7.2,8.5,-34.0,152.0,-34.0,152.0
2025-12-04 03:00:00,7.21,9.03,-34.0,152.0,-34.0,152.0
2025-12-04 04:00:00,7.68,9.91,-34.0,152.0,-34.0,152.0
2025-12-04 05:00:00,8.18,10.86,-34.0,152.0,-34.0,152.0
2025-12-04 06:00:00,8.49,11.44,-34.0,152.0,-34.0,152.0
2025-12-04 07:00:00,8.99,12.36,-34.0,152.0,-34.0,152.0
2025-12-04 08:00:00,9.96,13.6,-34.0,152.0,-34.0,152.0
2025-12-04 09:00:00,10.57,14.39,-34.0,152.0,-34.0,152.0
2025-12-04 10:00:00,10.33,14.42,-34.0,152.0,-34.0,152.0
2025-12-04 11:00:00,10.99,15.09,-34.0,152.0,-34.0,152.0
2025-12-04 12:00:00,11.25,15.45,-34.0,152.0,-34.0,152.0
2025-12-04 13:00:00,11.21,15.37,-34.0,152.0,-34.0,152.0
2025-12-04 14:00:00,10.94,14.92,-34.0,152.0,-34.0,152.0
2025-12-04 15:00:00,10.56,14.41,-34.0,152.0,-34.0,152.0
2025-12-04 16:00:00,9.97,13.65,-34.0,152.0,-34.0,152.0
2025-12-04 17:00:00,9.4,12.65,-34.0,152.0,-34.0,152.0
2025-12-04 18:00:00,8.55,11.41,-34.0,152.0,-34.0,152.0
2025-12-04 19:00:00,7.87,10.36,-34.0,152.0,-34.0,152.0
2025-12-04 20:00:00,7.1,9.36,-34.0,152.0,-34.0,152.0
2025-12-04 21:00:00,6.57,8.63,-34.0,152.0,-34.0,152.0
2025-12-04 22:00:00,5.95,7.94,-34.0,152.0,-34.0,152.0
2025-12-04 23:00:00,5.46,7.33,-34.0,152.0,-34.0,152.0
2025-12-05 00:00:00,4.86,6.66,-34.0,152.0,-34.0,152.0
2025-12-05 01:00:00,4.56,6.04,-34.0,152.0,-34.0,152.0
2025-12-05 02:00:00,4.74,5.7,-34.0,152.0,-34.0,152.0
2025-12-05 03:00:00,5.56,6.51,-34.0,152.0,-34.0,152.0
2025-12-05 04:00:00,6.58,8.05,-34.0,152.0,-34.0,152.0
2025-12-05 05:00:00,7.37,9.63,-34.0,152.0,-34.0,152.0
2025-12-05 06:00:00,7.77,10.82,-34.0,152.0,-34.0,152.0
2025-12-05 07:00:00,8.35,12.06,-34.0,152.0,-34.0,152.0
2025-12-05 08:00:00,9.37,13.62,-34.0,152.0,-34.0,152.0
2025-12-05 09:00:00,10.29,14.82,-34.0,152.0,-34.0,152.0
2025-12-05 10:00:00,10.7,15.12,-34.0,152.0,-34.0,152.0
2025-12-05 11:00:00,10.72,14.99,-34.0,152.0,-34.0,152.0
2025-12-05 12:00:00,10.93,15.23,-34.0,152.0,-34.0,152.0
2025-12-05 13:00:00,11.06,15.42,-34.0,152.0,-34.0,152.0
2025-12-05 14:00:00,10.94,15.23,-34.0,152.0,-34.0,152.0
2025-12-05 15:00:00,10.73,14.91,-34.0,152.0,-34.0,152.0
2025-12-05 16:00:00,10.69,14.67,-34.0,152.0,-34.0,152.0
2025-12-05 17:00:00,10.39,14.3,-34.0,152.0,-34.0,152.0
2025-12-05 18:00:00,10.27,14.11,-34.0,152.0,-34.0,152.0
2025-12-05 19:00:00,10.22,14.02,-34.0,152.0,-34.0,152.0
2025-12-05 20:00:00,9.82,13.51,-34.0,152.0,-34.0,152.0
2025-12-05 21:00:00,9.41,12.95,-34.0,152.0,-34.0,152.0
2025-12-05 22:00:00,8.45,11.67,-34.0,152.0,-34.0,152.0
2025-12-05 23:00:00,7.58,10.49,-34.0,152.0,-34.0,152.0
2025-12-06 00:00:00,6.83,8.78,-34.0,152.0,-34.0,152.0
2025-12-06 01:00:00,7.5,9.45,-34.0,152.0,-34.0,152.0
2025-12-06 02:00:00,8.22,10.81,-34.0,152.0,-34.0,152.0
2025-12-06 03:00:00,9.31,12.61,-34.0,152.0,-34.0,152.0
2025-12-06 04:00:00,10.29,14.3,-34.0,152.0,-34.0,152.0
2025-12-06 05:00:00,11.44,16.11,-34.0,152.0,-34.0,152.0
2025-12-06 06:00:00,12.44,17.54,-34.0,152.0,-34.0,152.0
2025-12-06 07:00:00,13.34,18.72,-34.0,152.0,-34.0,152.0
2025-12-06 08:00:00,14.25,19.96,-34.0,152.0,-34.0,152.0
2025-12-06 09:00:00,14.6,20.69,-34.0,152.0,-34.0,152.0
2025-12-06 10:00:00,12.84,18.87,-34.0,152.0,-34.0,152.0
2025-12-06 11:00:00,10.73,15.98,-34.0,152.0,-34.0,152.0
2025-12-06 12:00:00,9.63,14.04,-34.0,152.0,-34.0,152.0
2025-12-06 13:00:00,9.76,13.72,-34.0,152.0,-34.0,152.0
2025-12-06 14:00:00,8.88,12.64,-34.0,152.0,-34.0,152.0
2025-12-06 15:00:00,8.48,12.0,-34.0,152.0,-34.0,152.0
2025-12-06 16:00:00,8.36,11.26,-34.0,152.0,-34.0,152.0
2025-12-06 17:00:00,9.7,12.87,-34.0,152.0,-34.0,152.0
2025-12-06 18:00:00,6.69,9.08,-34.0,152.0,-34.0,152.0
2025-12-06 19:00:00,4.67,6.7,-34.0,152.0,-34.0,152.0
2025-12-06 20:00:00,6.92,9.45,-34.0,152.0,-34.0,152.0
2025-12-06 21:00:00,10.94,13.58,-34.0,152.0,-34.0,152.0
2025-12-06 22:00:00,11.6,13.9,-34.0,152.0,-34.0,152.0
2025-12-06 23:00:00,10.49,12.25,-34.0,152.0,-34.0,152.0
2025-12-07 00:00:00,10.12,11.67,-34.0,152.0,-34.0,152.0
2025-12-07 01:00:00,9.44,10.75,-34.0,152.0,-34.0,152.0
2025-12-07 02:00:00,9.95,11.24,-34.0,152.0,-34.0,152.0
2025-12-07 03:00:00,10.63,11.99,-34.0,152.0,-34.0,152.0
2025-12-07 04:00:00,10.44,11.76,-34.0,152.0,-34.0,152.0
2025-12-07 05:00:00,9.97,11.25,-34.0,152.0,-34.0,152.0
2025-12-07 06:00:00,9.58,10.85,-34.0,152.0,-34.0,152.0
2025-12-07 07:00:00,8.93,10.0,-34.0,152.0,-34.0,152.0
2025-12-07 08:00:00,8.17,9.09,-34.0,152.0,-34.0,152.0
2025-12-07 09:00:00,7.54,8.3,-34.0,152.0,-34.0,152.0
2025-12-07 10:00:00,6.42,6.94,-34.0,152.0,-34.0,152.0
2025-12-07 11:00:00,5.99,6.45,-34.0,152.0,-34.0,152.0
2025-12-07 12:00:00,5.29,5.77,-34.0,152.0,-34.0,152.0
2025-12-07 13:00:00,5.48,5.89,-34.0,152.0,-34.0,152.0
2025-12-07 14:00:00,6.15,6.65,-34.0,152.0,-34.0,152.0
2025-12-07 15:00:00,7.09,7.77,-34.0,152.0,-34.0,152.0
2025-12-07 16:00:00,7.06,7.74,-34.0,152.0,-34.0,152.0
2025-12-07 17:00:00,6.6,7.24,-34.0,152.0,-34.0,152.0
2025-12-07 18:00:00,6.62,7.27,-34.0,152.0,-34.0,152.0
2025-12-07 19:00:00,6.22,6.81,-34.0,152.0,-34.0,152.0
2025-12-07 20:00:00,5.98,6.58,-34.0,152.0,-34.0,152.0
2025-12-07 21:00:00,6.31,7.02,-34.0,152.0,-34.0,152.0
2025-12-07 22:00:00,7.19,7.94,-34.0,152.0,-34.0,152.0
2025-12-07 23:00:00,7.71,8.61,-34.0,152.0,-34.0,152.0
2025-12-08 00:00:00,7.78,8.76,-34.0,152.0,-34.0,152.0
2025-12-08 01:00:00,8.01,9.07,-34.0,152.0,-34.0,152.0
2025-12-08 02:00:00,8.26,9.42,-34.0,152.0,-34.0,152.0
2025-12-08 03:00:00,7.99,9.12,-34.0,152.0,-34.0,152.0
2025-12-08 04:00:00,8.0,9.18,-34.0,152.0,-34.0,152.0
2025-12-08 05:00:00,8.6,9.97,-34.0,152.0,-34.0,152.0
2025-12-08 06:00:00,9.41,11.01,-34.0,152.0,-34.0,152.0
2025-12-08 07:00:00,10.25,12.27,-34.0,152.0,-34.0,152.0
2025-12-08 08:00:00,10.54,12.91,-34.0,152.0,-34.0,152.0
2025-12-08 09:00:00,10.46,12.94,-34.0,152.0,-34.0,152.0
2025-12-08 10:00:00,9.24,11.43,-34.0,152.0,-34.0,152.0
2025-12-08 11:00:00,8.44,10.29,-34.0,152.0,-34.0,152.0
2025-12-08 12:00:00,7.65,9.35,-34.0,152.0,-34.0,152.0
2025-12-08 13:00:00,7.52,9.09,-34.0,152.0,-34.0,152.0
2025-12-08 14:00:00,7.61,9.17,-34.0,152.0,-34.0,152.0
2025-12-08 15:00:00,7.77,9.32,-34.0,152.0,-34.0,152.0
2025-12-08 16:00:00,7.92,9.54,-34.0,152.0,-34.0,152.0
2025-12-08 17:00:00,8.02,9.73,-34.0,152.0,-34.0,152.0
2025-12-08 18:00:00,7.72,9.42,-34.0,152.0,-34.0,152.0
2025-12-08 19:00:00,7.19,8.86,-34.0,152.0,-34.0,152.0
2025-12-08 20:00:00,6.67,8.33,-34.0,152.0,-34.0,152.0
2025-12-08 21:00:00,6.5,7.85,-34.0,152.0,-34.0,152.0
2025-12-08 22:00:00,5.86,7.52,-34.0,152.0,-34.0,152.0
2025-12-08 23:00:00,4.96,5.97,-34.0,152.0,-34.0,152.0
2025-12-09 00:00:00,3.92,4.51,-34.0,152.0,-34.0,152.0
2025-12-09 01:00:00,3.26,3.61,-34.0,152.0,-34.0,152.0
2025-12-09 02:00:00,2.25,2.4,-34.0,152.0,-34.0,152.0
2025-12-09 03:00:00,2.3,2.23,-34.0,152.0,-34.0,152.0
2025-12-09 04:00:00,3.53,3.48,-34.0,152.0,-34.0,152.0
2025-12-09 05:00:00,4.82,5.12,-34.0,152.0,-34.0,152.0
2025-12-09 06:00:00,5.41,6.61,-34.0,152.0,-34.0,152.0
2025-12-09 07:00:00,5.3,7.12,-34.0,152.0,-34.0,152.0
2025-12-09 08:00:00,2.57,3.85,-34.0,152.0,-34.0,152.0
2025-12-09 09:00:00,3.16,3.44,-34.0,152.0,-34.0,152.0
2025-12-09 10:00:00,3.51,4.1,-34.0,152.0,-34.0,152.0
2025-12-09 11:00:00,3.58,4.0,-34.0,152.0,-34.0,152.0
2025-12-09 12:00:00,4.74,5.41,-34.0,152.0,-34.0,152.0
2025-12-09 13:00:00,6.13,7.07,-34.0,152.0,-34.0,152.0
2025-12-09 14:00:00,6.66,7.75,-34.0,152.0,-34.0,152.0
2025-12-09 15:00:00,6.49,7.47,-34.0,152.0,-34.0,152.0
2025-12-09 16:00:00,6.43,7.23,-34.0,152.0,-34.0,152.0
2025-12-09 17:00:00,6.07,6.84,-34.0,152.0,-34.0,152.0
2025-12-09 18:00:00,5.52,6.15,-34.0,152.0,-34.0,152.0
2025-12-09 19:00:00,4.66,5.19,-34.0,152.0,-34.0,152.0
2025-12-09 20:00:00,3.75,4.14,-34.0,152.0,-34.0,152.0
2025-12-09 21:00:00,2.87,3.14,-34.0,152.0,-34.0,152.0
2025-12-09 22:00:00,2.86,3.12,-34.0,152.0,-34.0,152.0
2025-12-09 23:00:00,2.74,3.09,-34.0,152.0,-34.0,152.0
2025-12-10 00:00:00,2.89,3.11,-34.0,152.0,-34.0,152.0
2025-12-10 01:00:00,2.43,2.53,-34.0,152.0,-34.0,152.0
2025-12-10 02:00:00,1.73,1.86,-34.0,152.0,-34.0,152.0
2025-12-10 03:00:00,1.21,1.19,-34.0,152.0,-34.0,152.0
2025-12-10 04:00:00,1.75,1.71,-34.0,152.0,-34.0,152.0
2025-12-10 05:00:00,1.82,1.8,-34.0,152.0,-34.0,152.0
2025-12-10 06:00:00,2.37,2.52,-34.0,152.0,-34.0,152.0
2025-12-10 07:00:00,4.56,4.96,-34.0,152.0,-34.0,152.0
2025-12-10 08:00:00,4.23,4.97,-34.0,152.0,-34.0,152.0
2025-12-10 09:00:00,2.79,3.6,-34.0,152.0,-34.0,152.0
2025-12-10 10:00:00,1.82,1.83,-34.0,152.0,-34.0,152.0
2025-12-10 11:00:00,2.04,2.45,-34.0,152.0,-34.0,152.0
2025-12-10 12:00:00,3.39,3.81,-34.0,152.0,-34.0,152.0
2025-12-10 13:00:00,5.79,6.49,-34.0,152.0,-34.0,152.0
2025-12-10 14:00:00,6.25,7.09,-34.0,152.0,-34.0,152.0
2025-12-10 15:00:00,6.44,7.32,-34.0,152.0,-34.0,152.0
2025-12-10 16:00:00,6.64,7.52,-34.0,152.0,-34.0,152.0
2025-12-10 17:00:00,7.47,8.4,-34.0,152.0,-34.0,152.0
2025-12-10 18:00:00,8.81,10.1,-34.0,152.0,-34.0,152.0
2025-12-10 19:00:00,9.04,10.59,-34.0,152.0,-34.0,152.0
2025-12-10 20:00:00,8.89,10.37,-34.0,152.0,-34.0,152.0
2025-12-10 21:00:00,9.43,10.94,-34.0,152.0,-34.0,152.0
2025-12-10 22:00:00,9.94,11.63,-34.0,152.0,-34.0,152.0
2025-12-10 23:00:00,9.83,11.46,-34.0,152.0,-34.0,152.0
2025-12-11 00:00:00,9.4,10.89,-34.0,152.0,-34.0,152.0
2025-12-11 01:00:00,8.5,9.71,-34.0,152.0,-34.0,152.0
2025-12-11 02:00:00,8.22,9.3,-34.0,152.0,-34.0,152.0
2025-12-11 03:00:00,8.4,9.46,-34.0,152.0,-34.0,152.0
2025-12-11 04:00:00,8.58,9.65,-34.0,152.0,-34.0,152.0
2025-12-11 05:00:00,8.49,9.53,-34.0,152.0,-34.0,152.0
2025-12-11 06:00:00,7.89,8.81,-34.0,152.0,-34.0,152.0
2025-12-11 07:00:00,7.87,8.78,-34.0,152.0,-34.0,152.0
2025-12-11 08:00:00,7.81,8.77,-34.0,152.0,-34.0,152.0
2025-12-11 09:00:00,6.69,7.47,-34.0,152.0,-34.0,152.0
2025-12-11 10:00:00,6.26,7.07,-34.0,152.0,-34.0,152.0
2025-12-11 11:00:00,6.28,7.07,-34.0,152.0,-34.0,152.0
2025-12-11 12:00:00,7.53,8.49,-34.0,152.0,-34.0,152.0
2025-12-11 13:00:00,7.36,8.39,-34.0,152.0,-34.0,152.0
2025-12-11 14:00:00,8.0,9.0,-34.0,152.0,-34.0,152.0
2025-12-11 15:00:00,8.38,9.45,-34.0,152.0,-34.0,152.0
2025-12-11 16:00:00,8.15,9.16,-34.0,152.0,-34.0,152.0
2025-12-11 17:00:00,7.75,8.75,-34.0,152.0,-34.0,152.0
2025-12-11 18:00:00,6.95,7.8,-34.0,152.0,-34.0,152.0
2025-12-11 19:00:00,6.58,7.3,-34.0,152.0,-34.0,152.0
2025-12-11 20:00:00,6.76,7.41,-34.0,152.0,-34.0,152.0
2025-12-11 21:00:00,6.8,7.46,-34.0,152.0,-34.0,152.0
2025-12-11 22:00:00,5.33,5.82,-34.0,152.0,-34.0,152.0
2025-12-11 23:00:00,4.23,4.56,-34.0,152.0,-34.0,152.0
2025-12-12 00:00:00,3.01,3.28,-34.0,152.0,-34.0,152.0
2025-12-12 01:00:00,2.25,2.41,-34.0,152.0,-34.0,152.0
2025-12-12 02:00:00,3.43,3.59,-34.0,152.0,-34.0,152.0
2025-12-12 03:00:00,4.61,4.87,-34.0,152.0,-34.0,152.0
2025-12-12 04:00:00,5.27,5.68,-34.0,152.0,-34.0,152.0
2025-12-12 05:00:00,5.69,6.19,-34.0,152.0,-34.0,152.0
2025-12-12 06:00:00,5.28,5.79,-34.0,152.0,-34.0,152.0
2025-12-12 07:00:00,4.72,5.12,-34.0,152.0,-34.0,152.0
2025-12-12 08:00:00,5.4,5.9,-34.0,152.0,-34.0,152.0
2025-12-12 09:00:00,6.1,6.75,-34.0,152.0,-34.0,152.0
2025-12-12 10:00:00,7.14,8.03,-34.0,152.0,-34.0,152.0
2025-12-12 11:00:00,6.49,7.34,-34.0,152.0,-34.0,152.0
2025-12-12 12:00:00,6.15,6.97,-34.0,152.0,-34.0,152.0
2025-12-12 13:00:00,6.76,7.57,-34.0,152.0,-34.0,152.0
2025-12-12 14:00:00,6.5,7.22,-34.0,152.0,-34.0,152.0
2025-12-12 15:00:00,5.14,5.7,-34.0,152.0,-34.0,152.0
2025-12-12 16:00:00,4.24,4.59,-34.0,152.0,-34.0,152.0
2025-12-12 17:00:00,3.2,3.35,-34.0,152.0,-34.0,152.0
2025-12-12 18:00:00,2.38,2.51,-34.0,152.0,-34.0,152.0
2025-12-12 19:00:00,1.49,1.57,-34.0,152.0,-34.0,152.0
2025-12-12 20:00:00,1.62,1.71,-34.0,152.0,-34.0,152.0
2025-12-12 21:00:00,2.32,2.41,-34.0,152.0,-34.0,152.0
2025-12-12 22:00:00,2.1,2.17,-34.0,152.0,-34.0,152.0
2025-12-12 23:00:00,2.48,2.55,-34.0,152.0,-34.0,152.0
2025-12-13 00:00:00,1.96,2.06,-34.0,152.0,-34.0,152.0
2025-12-13 01:00:00,2.45,2.55,-34.0,152.0,-34.0,152.0
2025-12-13 02:00:00,3.14,3.3,-34.0,152.0,-34.0,152.0
2025-12-13 03:00:00,4.16,4.43,-34.0,152.0,-34.0,152.0
2025-12-13 04:00:00,5.06,5.48,-34.0,152.0,-34.0,152.0
2025-12-13 05:00:00,5.21,5.73,-34.0,152.0,-34.0,152.0
2025-12-13 06:00:00,5.49,6.12,-34.0,152.0,-34.0,152.0
2025-12-13 07:00:00,5.31,6.04,-34.0,152.0,-34.0,152.0
2025-12-13 08:00:00,4.95,5.65,-34.0,152.0,-34.0,152.0
2025-12-13 09:00:00,4.76,5.5,-34.0,152.0,-34.0,152.0
2025-12-13 10:00:00,3.55,4.73,-34.0,152.0,-34.0,152.0
2025-12-13 11:00:00,3.3,3.96,-34.0,152.0,-34.0,152.0
2025-12-13 12:00:00,4.03,4.6,-34.0,152.0,-34.0,152.0
2025-12-13 13:00:00,5.08,5.83,-34.0,152.0,-34.0,152.0
2025-12-13 14:00:00,3.08,3.61,-34.0,152.0,-34.0,152.0
2025-12-13 15:00:00,2.01,2.0,-34.0,152.0,-34.0,152.0
2025-12-13 16:00:00,3.02,3.0,-34.0,152.0,-34.0,152.0
2025-12-13 17:00:00,2.86,2.79,-34.0,152.0,-34.0,152.0
2025-12-13 18:00:00,0.88,0.92,-34.0,152.0,-34.0,152.0
2025-12-13 19:00:00,2.26,2.53,-34.0,152.0,-34.0,152.0
2025-12-13 20:00:00,1.58,1.75,-34.0,152.0,-34.0,152.0
2025-12-13 21:00:00,2.32,2.55,-34.0,152.0,-34.0,152.0
2025-12-13 22:00:00,5.08,5.57,-34.0,152.0,-34.0,152.0
2025-12-13 23:00:00,6.4,7.18,-34.0,152.0,-34.0,152.0
2025-12-14 00:00:00,6.29,7.16,-34.0,152.0,-34.0,152.0
2025-12-14 01:00:00,5.8,6.82,-34.0,152.0,-34.0,152.0
2025-12-14 02:00:00,5.17,6.33,-34.0,152.0,-34.0,152.0
2025-12-14 03:00:00,4.81,6.1,-34.0,152.0,-34.0,152.0
2025-12-14 04:00:00,4.56,5.72,-34.0,152.0,-34.0,152.0
2025-12-14 05:00:00,4.56,5.31,-34.0,152.0,-34.0,152.0
2025-12-14 06:00:00,5.63,6.31,-34.0,152.0,-34.0,152.0
2025-12-14 07:00:00,6.41,8.16,-34.0,152.0,-34.0,152.0
2025-12-14 08:00:00,6.94,9.73,-34.0,152.0,-34.0,152.0
2025-12-14 09:00:00,6.71,9.7,-34.0,152.0,-34.0,152.0
2025-12-14 10:00:00,2.15,3.76,-34.0,152.0,-34.0,152.0
2025-12-14 11:00:00,2.13,1.74,-34.0,152.0,-34.0,152.0
2025-12-14 12:00:00,11.0,13.66,-34.0,152.0,-34.0,152.0
2025-12-14 13:00:00,14.62,18.01,-34.0,152.0,-34.0,152.0
2025-12-14 14:00:00,12.25,14.87,-34.0,152.0,-34.0,152.0
2025-12-14 15:00:00,10.6,12.43,-34.0,152.0,-34.0,152.0
2025-12-14 16:00:00,9.5,10.82,-34.0,152.0,-34.0,152.0
2025-12-14 17:00:00,9.3,10.45,-34.0,152.0,-34.0,152.0
2025-12-14 18:00:00,8.91,9.94,-34.0,152.0,-34.0,152.0
2025-12-14 19:00:00,8.03,8.89,-34.0,152.0,-34.0,152.0
2025-12-14 20:00:00,6.83,7.39,-34.0,152.0,-34.0,152.0
2025-12-14 21:00:00,5.95,6.44,-34.0,152.0,-34.0,152.0
2025-12-14 22:00:00,5.03,5.31,-34.0,152.0,-34.0,152.0
2025-12-14 23:00:00,5.27,5.59,-34.0,152.0,-34.0,152.0
2025-12-15 00:00:00,5.33,5.65,-34.0,152.0,-34.0,152.0
2025-12-15 01:00:00,5.29,5.62,-34.0,152.0,-34.0,152.0
2025-12-15 02:00:00,4.69,5.02,-34.0,152.0,-34.0,152.0
2025-12-15 03:00:00,5.02,5.28,-34.0,152.0,-34.0,152.0
2025-12-15 04:00:00,6.29,6.75,-34.0,152.0,-34.0,152.0
2025-12-15 05:00:00,7.73,8.45,-34.0,152.0,-34.0,152.0
2025-12-15 06:00:00,8.63,9.48,-34.0,152.0,-34.0,152.0
2025-12-15 07:00:00,9.48,10.55,-34.0,152.0,-34.0,152.0
2025-12-15 08:00:00,9.19,10.3,-34.0,152.0,-34.0,152.0
2025-12-15 09:00:00,7.88,8.78,-34.0,152.0,-34.0,152.0
2025-12-15 10:00:00,6.02,6.55,-34.0,152.0,-34.0,152.0
2025-12-15 11:00:00,5.32,5.74,-34.0,152.0,-34.0,152.0
2025-12-15 12:00:00,5.62,6.07,-34.0,152.0,-34.0,152.0
2025-12-15 13:00:00,6.56,7.09,-34.0,152.0,-34.0,152.0
2025-12-15 14:00:00,7.6,8.31,-34.0,152.0,-34.0,152.0
2025-12-15 15:00:00,8.06,8.83,-34.0,152.0,-34.0,152.0
2025-12-15 16:00:00,7.57,8.31,-34.0,152.0,-34.0,152.0
2025-12-15 17:00:00,7.14,7.75,-34.0,152.0,-34.0,152.0
2025-12-15 18:00:00,6.88,7.49,-34.0,152.0,-34.0,152.0
2025-12-15 19:00:00,6.41,6.91,-34.0,152.0,-34.0,152.0
2025-12-15 20:00:00,5.63,6.06,-34.0,152.0,-34.0,152.0
2025-12-15 21:00:00,4.88,5.21,-34.0,152.0,-34.0,152.0
2025-12-15 22:00:00,3.66,3.81,-34.0,152.0,-34.0,152.0
2025-12-15 23:00:00,3.15,3.3,-34.0,152.0,-34.0,152.0
2025-12-16 00:00:00,2.92,3.11,-34.0,152.0,-34.0,152.0
2025-12-16 01:00:00,3.05,3.3,-34.0,152.0,-34.0,152.0
2025-12-16 02:00:00,3.41,3.66,-34.0,152.0,-34.0,152.0
2025-12-16 03:00:00,3.59,3.9,-34.0,152.0,-34.0,152.0
2025-12-16 04:00:00,4.03,4.32,-34.0,152.0,-34.0,152.0
2025-12-16 05:00:00,4.1,4.43,-34.0,152.0,-34.0,152.0
2025-12-16 06:00:00,4.11,4.4,-34.0,152.0,-34.0,152.0
2025-12-16 07:00:00,4.14,4.47,-34.0,152.0,-34.0,152.0
2025-12-16 08:00:00,4.24,4.52,-34.0,152.0,-34.0,152.0
2025-12-16 09:00:00,4.58,4.92,-34.0,152.0,-34.0,152.0
2025-12-16 10:00:00,3.7,4.02,-34.0,152.0,-34.0,152.0
2025-12-16 11:00:00,4.06,4.44,-34.0,152.0,-34.0,152.0
2025-12-16 12:00:00,4.41,4.77,-34.0,152.0,-34.0,152.0
2025-12-16 13:00:00,4.64,5.07,-34.0,152.0,-34.0,152.0
2025-12-16 14:00:00,4.9,5.33,-34.0,152.0,-34.0,152.0
2025-12-16 15:00:00,4.74,5.13,-34.0,152.0,-34.0,152.0
2025-12-16 16:00:00,4.66,5.09,-34.0,152.0,-34.0,152.0
2025-12-16 17:00:00,4.76,5.19,-34.0,152.0,-34.0,152.0
2025-12-16 18:00:00,5.01,5.48,-34.0,152.0,-34.0,152.0
2025-12-16 19:00:00,5.3,5.81,-34.0,152.0,-34.0,152.0
2025-12-16 20:00:00,5.37,5.93,-34.0,152.0,-34.0,152.0
2025-12-16 21:00:00,5.68,6.24,-34.0,152.0,-34.0,152.0
2025-12-16 22:00:00,5.06,5.61,-34.0,152.0,-34.0,152.0
2025-12-16 23:00:00,5.57,6.18,-34.0,152.0,-34.0,152.0
2025-12-17 00:00:00,6.04,6.74,-34.0,152.0,-34.0,152.0
2025-12-17 01:00:00,6.63,7.44,-34.0,152.0,-34.0,152.0
2025-12-17 02:00:00,6.95,7.83,-34.0,152.0,-34.0,152.0
2025-12-17 03:00:00,7.03,7.95,-34.0,152.0,-34.0,152.0
2025-12-17 04:00:00,7.31,8.27,-34.0,152.0,-34.0,152.0
2025-12-17 05:00:00,7.89,9.08,-34.0,152.0,-34.0,152.0
2025-12-17 06:00:00,8.69,10.11,-34.0,152.0,-34.0,152.0
2025-12-17 07:00:00,9.17,10.83,-34.0,152.0,-34.0,152.0
2025-12-17 08:00:00,9.44,11.32,-34.0,152.0,-34.0,152.0
2025-12-17 09:00:00,9.77,11.81,-34.0,152.0,-34.0,152.0
2025-12-17 10:00:00,8.85,10.38,-34.0,152.0,-34.0,152.0
2025-12-17 11:00:00,9.11,10.72,-34.0,152.0,-34.0,152.0
2025-12-17 12:00:00,9.13,10.76,-34.0,152.0,-34.0,152.0
2025-12-17 13:00:00,9.19,10.83,-34.0,152.0,-34.0,152.0
2025-12-17 14:00:00,9.0,10.67,-34.0,152.0,-34.0,152.0
2025-12-17 15:00:00,8.72,10.32,-34.0,152.0,-34.0,152.0
2025-12-17 16:00:00,8.48,9.97,-34.0,152.0,-34.0,152.0
2025-12-17 17:00:00,8.28,9.72,-34.0,152.0,-34.0,152.0
2025-12-17 18:00:00,8.39,9.79,-34.0,152.0,-34.0,152.0
2025-12-17 19:00:00,8.51,9.97,-34.0,152.0,-34.0,152.0
2025-12-17 20:00:00,8.61,10.06,-34.0,152.0,-34.0,152.0
2025-12-17 21:00:00,8.51,9.96,-34.0,152.0,-34.0,152.0
2025-12-17 22:00:00,7.99,9.41,-34.0,152.0,-34.0,152.0
2025-12-17 23:00:00,8.18,9.59,-34.0,152.0,-34.0,152.0
2025-12-18 00:00:00,8.33,9.79,-34.0,152.0,-34.0,152.0
2025-12-18 01:00:00,8.33,9.84,-34.0,152.0,-34.0,152.0
2025-12-18 02:00:00,8.11,9.9,-34.0,152.0,-34.0,152.0
2025-12-18 03:00:00,7.83,10.22,-34.0,152.0,-34.0,152.0
2025-12-18 04:00:00,7.95,10.45,-34.0,152.0,-34.0,152.0
2025-12-18 05:00:00,8.45,11.42,-34.0,152.0,-34.0,152.0
2025-12-18 06:00:00,9.25,12.63,-34.0,152.0,-34.0,152.0
2025-12-18 07:00:00,9.81,13.69,-34.0,152.0,-34.0,152.0
2025-12-18 08:00:00,10.12,14.22,-34.0,152.0,-34.0,152.0
2025-12-18 09:00:00,10.31,14.56,-34.0,152.0,-34.0,152.0
2025-12-18 10:00:00,9.98,14.05,-34.0,152.0,-34.0,152.0
2025-12-18 11:00:00,10.56,14.71,-34.0,152.0,-34.0,152.0
2025-12-18 12:00:00,10.68,14.77,-34.0,152.0,-34.0,152.0
2025-12-18 13:00:00,10.55,14.67,-34.0,152.0,-34.0,152.0
2025-12-18 14:00:00,10.48,14.51,-34.0,152.0,-34.0,152.0
2025-12-18 15:00:00,10.34,14.34,-34.0,152.0,-34.0,152.0
2025-12-18 16:00:00,10.25,14.18,-34.0,152.0,-34.0,152.0
2025-12-18 17:00:00,10.08,13.93,-34.0,152.0,-34.0,152.0
2025-12-18 18:00:00,9.79,13.39,-34.0,152.0,-34.0,152.0
2025-12-18 19:00:00,8.96,12.21,-34.0,152.0,-34.0,152.0
2025-12-18 20:00:00,7.51,10.22,-34.0,152.0,-34.0,152.0
2025-12-18 21:00:00,6.12,8.25,-34.0,152.0,-34.0,152.0
2025-12-18 22:00:00,5.54,7.64,-34.0,152.0,-34.0,152.0
2025-12-18 23:00:00,4.42,5.86,-34.0,152.0,-34.0,152.0
2025-12-19 00:00:00,3.37,4.22,-34.0,152.0,-34.0,152.0
2025-12-19 01:00:00,3.1,2.41,-34.0,152.0,-34.0,152.0
2025-12-19 02:00:00,3.81,2.93,-34.0,152.0,-34.0,152.0
2025-12-19 03:00:00,3.89,3.67,-34.0,152.0,-34.0,152.0
2025-12-19 04:00:00,3.98,4.31,-34.0,152.0,-34.0,152.0
2025-12-19 05:00:00,4.36,5.08,-34.0,152.0,-34.0,152.0
2025-12-19 06:00:00,3.43,4.88,-34.0,152.0,-34.0,152.0
2025-12-19 07:00:00,3.02,2.12,-34.0,152.0,-34.0,152.0
2025-12-19 08:00:00,3.04,2.98,-34.0,152.0,-34.0,152.0
2025-12-19 09:00:00,3.77,3.97,-34.0,152.0,-34.0,152.0
2025-12-19 10:00:00,2.15,1.8,-34.0,152.0,-34.0,152.0
2025-12-19 11:00:00,2.5,1.05,-34.0,152.0,-34.0,152.0
2025-12-19 12:00:00,3.03,1.16,-34.0,152.0,-34.0,152.0
2025-12-19 13:00:00,3.51,3.46,-34.0,152.0,-34.0,152.0
2025-12-19 14:00:00,3.66,4.68,-34.0,152.0,-34.0,152.0
2025-12-19 15:00:00,2.13,2.84,-34.0,152.0,-34.0,152.0
2025-12-19 16:00:00,3.3,4.57,-34.0,152.0,-34.0,152.0
2025-12-19 17:00:00,4.1,5.8,-34.0,152.0,-34.0,152.0
2025-12-19 18:00:00,3.62,5.5,-34.0,152.0,-34.0,152.0
2025-12-19 19:00:00,1.92,3.5,-34.0,152.0,-34.0,152.0
2025-12-19 20:00:00,1.37,2.5,-34.0,152.0,-34.0,152.0
2025-12-19 21:00:00,2.1,1.63,-34.0,152.0,-34.0,152.0
2025-12-19 22:00:00,1.94,0.63,-34.0,152.0,-34.0,152.0
2025-12-19 23:00:00,3.17,3.15,-34.0,152.0,-34.0,152.0
2025-12-20 00:00:00,3.55,4.05,-34.0,152.0,-34.0,152.0
2025-12-20 01:00:00,3.73,4.6,-34.0,152.0,-34.0,152.0
2025-12-20 02:00:00,5.64,7.36,-34.0,152.0,-34.0,152.0
2025-12-20 03:00:00,6.93,9.4,-34.0,152.0,-34.0,152.0
2025-12-20 04:00:00,6.77,9.3,-34.0,152.0,-34.0,152.0
2025-12-20 05:00:00,7.01,9.81,-34.0,152.0,-34.0,152.0
2025-12-20 06:00:00,7.9,10.86,-34.0,152.0,-34.0,152.0
2025-12-20 07:00:00,8.75,12.18,-34.0,152.0,-34.0,152.0
2025-12-20 08:00:00,9.4,13.33,-34.0,152.0,-34.0,152.0
2025-12-20 09:00:00,8.86,12.74,-34.0,152.0,-34.0,152.0
2025-12-20 10:00:00,7.49,10.82,-34.0,152.0,-34.0,152.0
2025-12-20 11:00:00,7.85,11.05,-34.0,152.0,-34.0,152.0
2025-12-20 12:00:00,7.31,10.16,-34.0,152.0,-34.0,152.0
2025-12-20 13:00:00,7.85,10.91,-34.0,152.0,-34.0,152.0
2025-12-20 14:00:00,8.14,11.21,-34.0,152.0,-34.0,152.0
2025-12-20 15:00:00,7.37,10.25,-34.0,152.0,-34.0,152.0
2025-12-20 16:00:00,6.85,9.6,-34.0,152.0,-34.0,152.0
2025-12-20 17:00:00,6.06,8.57,-34.0,152.0,-34.0,152.0
2025-12-20 18:00:00,5.64,8.02,-34.0,152.0,-34.0,152.0
2025-12-20 19:00:00,5.23,7.48,-34.0,152.0,-34.0,152.0
2025-12-20 20:00:00,4.64,6.68,-34.0,152.0,-34.0,152.0
2025-12-20 21:00:00,4.31,6.01,-34.0,152.0,-34.0,152.0
2025-12-20 22:00:00,4.14,6.05,-34.0,152.0,-34.0,152.0
2025-12-20 23:00:00,2.53,4.05,-34.0,152.0,-34.0,152.0
2025-12-21 00:00:00,2.12,3.36,-34.0,152.0,-34.0,152.0
2025-12-21 01:00:00,2.33,3.73,-34.0,152.0,-34.0,152.0
2025-12-21 02:00:00,2.62,4.1,-34.0,152.0,-34.0,152.0
2025-12-21 03:00:00,4.07,5.5,-34.0,152.0,-34.0,152.0
2025-12-21 04:00:00,5.85,8.25,-34.0,152.0,-34.0,152.0
2025-12-21 05:00:00,7.31,10.75,-34.0,152.0,-34.0,152.0
2025-12-21 06:00:00,8.5,12.49,-34.0,152.0,-34.0,152.0
2025-12-21 07:00:00,9.12,13.3,-34.0,152.0,-34.0,152.0
2025-12-21 08:00:00,9.32,13.67,-34.0,152.0,-34.0,152.0
2025-12-21 09:00:00,9.56,14.14,-34.0,152.0,-34.0,152.0
2025-12-21 10:00:00,7.46,11.3,-34.0,152.0,-34.0,152.0
2025-12-21 11:00:00,7.6,10.73,-34.0,152.0,-34.0,152.0
2025-12-21 12:00:00,6.86,10.39,-34.0,152.0,-34.0,152.0
2025-12-21 13:00:00,4.61,8.61,-34.0,152.0,-34.0,152.0
2025-12-21 14:00:00,5.15,8.84,-34.0,152.0,-34.0,152.0
2025-12-21 15:00:00,7.09,10.75,-34.0,152.0,-34.0,152.0
2025-12-21 16:00:00,8.35,12.22,-34.0,152.0,-34.0,152.0
2025-12-21 17:00:00,8.52,12.29,-34.0,152.0,-34.0,152.0
2025-12-21 18:00:00,7.8,11.18,-34.0,152.0,-34.0,152.0
2025-12-21 19:00:00,5.7,8.44,-34.0,152.0,-34.0,152.0
2025-12-21 20:00:00,3.9,6.02,-34.0,152.0,-34.0,152.0
2025-12-21 21:00:00,3.55,5.3,-34.0,152.0,-34.0,152.0
2025-12-21 22:00:00,8.33,10.08,-34.0,152.0,-34.0,152.0
2025-12-21 23:00:00,6.66,7.77,-34.0,152.0,-34.0,152.0
2025-12-22 00:00:00,5.69,6.75,-34.0,152.0,-34.0,152.0
2025-12-22 01:00:00,5.04,5.88,-34.0,152.0,-34.0,152.0
2025-12-22 02:00:00,4.57,5.2,-34.0,152.0,-34.0,152.0
2025-12-22 03:00:00,3.85,4.12,-34.0,152.0,-34.0,152.0
2025-12-22 04:00:00,6.12,6.65,-34.0,152.0,-34.0,152.0
2025-12-22 05:00:00,7.95,8.88,-34.0,152.0,-34.0,152.0
2025-12-22 06:00:00,8.95,10.2,-34.0,152.0,-34.0,152.0
2025-12-22 07:00:00,9.39,10.87,-34.0,152.0,-34.0,152.0
2025-12-22 08:00:00,9.28,10.8,-34.0,152.0,-34.0,152.0
2025-12-22 09:00:00,8.8,10.27,-34.0,152.0,-34.0,152.0
2025-12-22 10:00:00,8.1,9.1,-34.0,152.0,-34.0,152.0
2025-12-22 11:00:00,6.35,7.0,-34.0,152.0,-34.0,152.0
2025-12-22 12:00:00,5.98,6.52,-34.0,152.0,-34.0,152.0
2025-12-22 13:00:00,6.03,6.58,-34.0,152.0,-34.0,152.0
2025-12-22 14:00:00,5.85,6.35,-34.0,152.0,-34.0,152.0
2025-12-22 15:00:00,5.48,5.98,-34.0,152.0,-34.0,152.0
2025-12-22 16:00:00,4.79,5.23,-34.0,152.0,-34.0,152.0
2025-12-22 17:00:00,4.67,4.96,-34.0,152.0,-34.0,152.0
2025-12-22 18:00:00,4.71,5.1,-34.0,152.0,-34.0,152.0
2025-12-22 19:00:00,4.18,4.52,-34.0,152.0,-34.0,152.0
2025-12-22 20:00:00,2.87,3.08,-34.0,152.0,-34.0,152.0
2025-12-22 21:00:00,2.06,2.17,-34.0,152.0,-34.0,152.0
2025-12-22 22:00:00,0.79,0.89,-34.0,152.0,-34.0,152.0
2025-12-22 23:00:00,1.86,2.03,-34.0,152.0,-34.0,152.0
2025-12-23 00:00:00,3.38,3.67,-34.0,152.0,-34.0,152.0
2025-12-23 01:00:00,4.2,4.6,-34.0,152.0,-34.0,152.0
2025-12-23 02:00:00,3.67,4.07,-34.0,152.0,-34.0,152.0
2025-12-23 03:00:00,3.32,3.67,-34.0,152.0,-34.0,152.0
2025-12-23 04:00:00,8.69,9.85,-34.0,152.0,-34.0,152.0
2025-12-23 05:00:00,12.17,14.21,-34.0,152.0,-34.0,152.0
2025-12-23 06:00:00,11.78,14.0,-34.0,152.0,-34.0,152.0
2025-12-23 07:00:00,11.66,13.95,-34.0,152.0,-34.0,152.0
2025-12-23 08:00:00,11.7,13.86,-34.0,152.0,-34.0,152.0
2025-12-23 09:00:00,11.32,13.4,-34.0,152.0,-34.0,152.0
2025-12-23 10:00:00,9.5,11.0,-34.0,152.0,-34.0,152.0
2025-12-23 11:00:00,7.58,8.5,-34.0,152.0,-34.0,152.0
2025-12-23 12:00:00,5.8,6.3,-34.0,152.0,-34.0,152.0
2025-12-23 13:00:00,4.67,5.01,-34.0,152.0,-34.0,152.0
2025-12-23 14:00:00,4.29,4.56,-34.0,152.0,-34.0,152.0
2025-12-23 15:00:00,4.77,5.12,-34.0,152.0,-34.0,152.0
2025-12-23 16:00:00,4.73,5.08,-34.0,152.0,-34.0,152.0
2025-12-23 17:00:00,4.02,4.26,-34.0,152.0,-34.0,152.0
2025-12-23 18:00:00,4.04,4.34,-34.0,152.0,-34.0,152.0
2025-12-23 19:00:00,4.31,4.66,-34.0,152.0,-34.0,152.0
2025-12-23 20:00:00,4.61,5.01,-34.0,152.0,-34.0,152.0
2025-12-23 21:00:00,5.01,5.46,-34.0,152.0,-34.0,152.0
2025-12-23 22:00:00,5.61,6.15,-34.0,152.0,-34.0,152.0
2025-12-23 23:00:00,5.76,6.33,-34.0,152.0,-34.0,152.0
2025-12-24 00:00:00,5.98,6.51,-34.0,152.0,-34.0,152.0
2025-12-24 01:00:00,5.86,6.46,-34.0,152.0,-34.0,152.0
2025-12-24 02:00:00,5.75,6.28,-34.0,152.0,-34.0,152.0
2025-12-24 03:00:00,5.58,6.11,-34.0,152.0,-34.0,152.0
2025-12-24 04:00:00,5.56,6.11,-34.0,152.0,-34.0,152.0
2025-12-24 05:00:00,6.26,6.95,-34.0,152.0,-34.0,152.0
2025-12-24 06:00:00,7.23,8.6,-34.0,152.0,-34.0,152.0
2025-12-24 07:00:00,7.82,10.0,-34.0,152.0,-34.0,152.0
2025-12-24 08:00:00,7.63,10.31,-34.0,152.0,-34.0,152.0
2025-12-24 09:00:00,5.45,7.73,-34.0,152.0,-34.0,152.0
2025-12-24 10:00:00,3.02,4.94,-34.0,152.0,-34.0,152.0
2025-12-24 11:00:00,2.56,2.57,-34.0,152.0,-34.0,152.0
2025-12-24 12:00:00,6.11,7.03,-34.0,152.0,-34.0,152.0
2025-12-24 13:00:00,8.5,9.85,-34.0,152.0,-34.0,152.0
2025-12-24 14:00:00,9.98,11.62,-34.0,152.0,-34.0,152.0
2025-12-24 15:00:00,10.42,12.12,-34.0,152.0,-34.0,152.0
2025-12-24 16:00:00,10.07,11.62,-34.0,152.0,-34.0,152.0
2025-12-24 17:00:00,9.86,11.23,-34.0,152.0,-34.0,152.0
2025-12-24 18:00:00,9.24,10.43,-34.0,152.0,-34.0,152.0
2025-12-24 19:00:00,8.76,9.8,-34.0,152.0,-34.0,152.0
2025-12-24 20:00:00,8.43,9.37,-34.0,152.0,-34.0,152.0
2025-12-24 21:00:00,8.35,9.2,-34.0,152.0,-34.0,152.0
2025-12-24 22:00:00,7.37,8.05,-34.0,152.0,-34.0,152.0
2025-12-24 23:00:00,8.54,9.36,-34.0,152.0,-34.0,152.0
2025-12-25 00:00:00,9.11,10.0,-34.0,152.0,-34.0,152.0
2025-12-25 01:00:00,8.4,9.2,-34.0,152.0,-34.0,152.0
2025-12-25 02:00:00,7.87,8.6,-34.0,152.0,-34.0,152.0
2025-12-25 03:00:00,8.27,9.01,-34.0,152.0,-34.0,152.0
2025-12-25 04:00:00,9.32,10.19,-34.0,152.0,-34.0,152.0
2025-12-25 05:00:00,10.37,11.56,-34.0,152.0,-34.0,152.0
2025-12-25 06:00:00,10.47,11.74,-34.0,152.0,-34.0,152.0
2025-12-25 07:00:00,10.2,11.39,-34.0,152.0,-34.0,152.0
2025-12-25 08:00:00,10.43,11.74,-34.0,152.0,-34.0,152.0
2025-12-25 09:00:00,10.57,11.82,-34.0,152.0,-34.0,152.0
2025-12-25 10:00:00,10.42,11.65,-34.0,152.0,-34.0,152.0
2025-12-25 11:00:00,9.56,10.59,-34.0,152.0,-34.0,152.0
2025-12-25 12:00:00,8.67,9.56,-34.0,152.0,-34.0,152.0
2025-12-25 13:00:00,8.38,9.19,-34.0,152.0,-34.0,152.0
2025-12-25 14:00:00,8.27,9.03,-34.0,152.0,-34.0,152.0
2025-12-25 15:00:00,8.71,9.52,-34.0,152.0,-34.0,152.0
2025-12-25 16:00:00,9.75,10.75,-34.0,152.0,-34.0,152.0
2025-12-25 17:00:00,10.35,11.5,-34.0,152.0,-34.0,152.0
2025-12-25 18:00:00,10.4,11.55,-34.0,152.0,-34.0,152.0
2025-12-25 19:00:00,10.81,12.06,-34.0,152.0,-34.0,152.0
2025-12-25 20:00:00,11.47,12.87,-34.0,152.0,-34.0,152.0
2025-12-25 21:00:00,11.78,13.28,-34.0,152.0,-34.0,152.0
2025-12-25 22:00:00,9.71,10.66,-34.0,152.0,-34.0,152.0
2025-12-25 23:00:00,9.97,11.02,-34.0,152.0,-34.0,152.0
2025-12-26 00:00:00,10.36,11.51,-34.0,152.0,-34.0,152.0
2025-12-26 01:00:00,10.01,11.11,-34.0,152.0,-34.0,152.0
2025-12-26 02:00:00,9.53,10.59,-34.0,152.0,-34.0,152.0
2025-12-26 03:00:00,9.46,10.46,-34.0,152.0,-34.0,152.0
2025-12-26 04:00:00,10.2,11.35,-34.0,152.0,-34.0,152.0
2025-12-26 05:00:00,10.8,12.1,-34.0,152.0,-34.0,152.0
2025-12-26 06:00:00,10.23,11.43,-34.0,152.0,-34.0,152.0
2025-12-26 07:00:00,8.17,9.03,-34.0,152.0,-34.0,152.0
2025-12-26 08:00:00,7.84,8.57,-34.0,152.0,-34.0,152.0
2025-12-26 09:00:00,8.75,9.62,-34.0,152.0,-34.0,152.0
2025-12-26 10:00:00,9.17,10.15,-34.0,152.0,-34.0,152.0
2025-12-26 11:00:00,8.06,8.79,-34.0,152.0,-34.0,152.0
2025-12-26 12:00:00,7.35,8.02,-34.0,152.0,-34.0,152.0
2025-12-26 13:00:00,6.62,7.17,-34.0,152.0,-34.0,152.0
2025-12-26 14:00:00,6.12,6.57,-34.0,152.0,-34.0,152.0
2025-12-26 15:00:00,5.75,6.05,-34.0,152.0,-34.0,152.0
2025-12-26 16:00:00,5.55,5.85,-34.0,152.0,-34.0,152.0
2025-12-26 17:00:00,5.27,5.57,-34.0,152.0,-34.0,152.0
2025-12-26 18:00:00,5.16,5.46,-34.0,152.0,-34.0,152.0
2025-12-26 19:00:00,5.47,5.79,-34.0,152.0,-34.0,152.0
2025-12-26 20:00:00,6.2,6.63,-34.0,152.0,-34.0,152.0
2025-12-26 21:00:00,7.01,7.58,-34.0,152.0,-34.0,152.0
2025-12-26 22:00:00,7.29,7.89,-34.0,152.0,-34.0,152.0
2025-12-26 23:00:00,7.71,8.37,-34.0,152.0,-34.0,152.0
2025-12-27 00:00:00,7.91,8.6,-34.0,152.0,-34.0,152.0
2025-12-27 01:00:00,7.87,8.52,-34.0,152.0,-34.0,152.0
2025-12-27 02:00:00,7.78,8.45,-34.0,152.0,-34.0,152.0
2025-12-27 03:00:00,7.63,8.25,-34.0,152.0,-34.0,152.0
2025-12-27 04:00:00,7.13,7.69,-34.0,152.0,-34.0,152.0
2025-12-27 05:00:00,6.81,7.34,-34.0,152.0,-34.0,152.0
2025-12-27 06:00:00,6.88,7.42,-34.0,152.0,-34.0,152.0
2025-12-27 07:00:00,7.4,8.1,-34.0,152.0,-34.0,152.0
2025-12-27 08:00:00,8.13,9.0,-34.0,152.0,-34.0,152.0
2025-12-27 09:00:00,8.16,9.04,-34.0,152.0,-34.0,152.0
2025-12-27 10:00:00,8.95,9.95,-34.0,152.0,-34.0,152.0
2025-12-27 11:00:00,9.31,10.35,-34.0,152.0,-34.0,152.0
2025-12-27 12:00:00,10.29,11.54,-34.0,152.0,-34.0,152.0
2025-12-27 13:00:00,11.21,12.67,-34.0,152.0,-34.0,152.0
2025-12-27 14:00:00,11.44,12.99,-34.0,152.0,-34.0,152.0
2025-12-27 15:00:00,11.3,12.79,-34.0,152.0,-34.0,152.0
2025-12-27 16:00:00,11.33,12.83,-34.0,152.0,-34.0,152.0
2025-12-27 17:00:00,11.15,12.6,-34.0,152.0,-34.0,152.0
2025-12-27 18:00:00,10.3,11.63,-34.0,152.0,-34.0,152.0
2025-12-27 19:00:00,9.74,10.92,-34.0,152.0,-34.0,152.0
2025-12-27 20:00:00,9.7,10.82,-34.0,152.0,-34.0,152.0
2025-12-27 21:00:00,9.72,10.88,-34.0,152.0,-34.0,152.0
2025-12-27 22:00:00,8.86,9.86,-34.0,152.0,-34.0,152.0
2025-12-27 23:00:00,9.06,10.11,-34.0,152.0,-34.0,152.0
2025-12-28 00:00:00,8.98,9.99,-34.0,152.0,-34.0,152.0
2025-12-28 01:00:00,8.66,9.67,-34.0,152.0,-34.0,152.0
2025-12-28 02:00:00,8.86,9.82,-34.0,152.0,-34.0,152.0
2025-12-28 03:00:00,8.97,9.99,-34.0,152.0,-34.0,152.0
2025-12-28 04:00:00,8.68,9.6,-34.0,152.0,-34.0,152.0
2025-12-28 05:00:00,8.22,9.09,-34.0,152.0,-34.0,152.0
2025-12-28 06:00:00,7.78,8.54,-34.0,152.0,-34.0,152.0
2025-12-28 07:00:00,7.52,8.28,-34.0,152.0,-34.0,152.0
2025-12-28 08:00:00,7.16,7.83,-34.0,152.0,-34.0,152.0
2025-12-28 09:00:00,6.82,7.45,-34.0,152.0,-34.0,152.0
2025-12-28 10:00:00,6.69,7.31,-34.0,152.0,-34.0,152.0
2025-12-28 11:00:00,6.59,7.15,-34.0,152.0,-34.0,152.0
2025-12-28 12:00:00,6.57,7.14,-34.0,152.0,-34.0,152.0
2025-12-28 13:00:00,6.15,6.61,-34.0,152.0,-34.0,152.0
2025-12-28 14:00:00,5.63,5.98,-34.0,152.0,-34.0,152.0
2025-12-28 15:00:00,5.37,5.68,-34.0,152.0,-34.0,152.0
2025-12-28 16:00:00,5.37,5.68,-34.0,152.0,-34.0,152.0
2025-12-28 17:00:00,5.39,5.69,-34.0,152.0,-34.0,152.0
2025-12-28 18:00:00,5.26,5.56,-34.0,152.0,-34.0,152.0
2025-12-28 19:00:00,5.2,5.5,-34.0,152.0,-34.0,152.0
2025-12-28 20:00:00,5.2,5.51,-34.0,152.0,-34.0,152.0
2025-12-28 21:00:00,5.19,5.44,-34.0,152.0,-34.0,152.0
2025-12-28 22:00:00,5.18,5.43,-34.0,152.0,-34.0,152.0
2025-12-28 23:00:00,5.51,5.81,-34.0,152.0,-34.0,152.0
2025-12-29 00:00:00,5.75,6.1,-34.0,152.0,-34.0,152.0
2025-12-29 01:00:00,5.65,6.06,-34.0,152.0,-34.0,152.0
2025-12-29 02:00:00,5.57,5.98,-34.0,152.0,-34.0,152.0
2025-12-29 03:00:00,5.48,5.86,-34.0,152.0,-34.0,152.0
2025-12-29 04:00:00,5.35,5.76,-34.0,152.0,-34.0,152.0
2025-12-29 05:00:00,5.25,5.64,-34.0,152.0,-34.0,152.0
2025-12-29 06:00:00,4.94,5.3,-34.0,152.0,-34.0,152.0
2025-12-29 07:00:00,4.81,5.17,-34.0,152.0,-34.0,152.0
2025-12-29 08:00:00,4.67,5.04,-34.0,152.0,-34.0,152.0
2025-12-29 09:00:00,4.82,5.15,-34.0,152.0,-34.0,152.0
2025-12-29 10:00:00,4.68,4.96,-34.0,152.0,-34.0,152.0
2025-12-29 11:00:00,4.68,4.92,-34.0,152.0,-34.0,152.0
2025-12-29 12:00:00,4.14,4.34,-34.0,152.0,-34.0,152.0
2025-12-29 13:00:00,3.57,3.72,-34.0,152.0,-34.0,152.0
2025-12-29 14:00:00,3.72,3.93,-34.0,152.0,-34.0,152.0
2025-12-29 15:00:00,3.9,4.05,-34.0,152.0,-34.0,152.0
2025-12-29 16:00:00,3.65,3.75,-34.0,152.0,-34.0,152.0
2025-12-29 17:00:00,3.52,3.57,-34.0,152.0,-34.0,152.0
2025-12-29 18:00:00,3.2,3.26,-34.0,152.0,-34.0,152.0
2025-12-29 19:00:00,2.98,3.04,-34.0,152.0,-34.0,152.0
2025-12-29 20:00:00,2.91,2.97,-34.0,152.0,-34.0,152.0
2025-12-29 21:00:00,2.65,2.7,-34.0,152.0,-34.0,152.0
2025-12-29 22:00:00,2.02,2.04,-34.0,152.0,-34.0,152.0
2025-12-29 23:00:00,2.51,2.57,-34.0,152.0,-34.0,152.0
2025-12-30 00:00:00,2.55,2.58,-34.0,152.0,-34.0,152.0
2025-12-30 01:00:00,1.63,1.61,-34.0,152.0,-34.0,152.0
2025-12-30 02:00:00,0.92,0.93,-34.0,152.0,-34.0,152.0
2025-12-30 03:00:00,0.87,0.96,-34.0,152.0,-34.0,152.0
2025-12-30 04:00:00,1.75,1.9,-34.0,152.0,-34.0,152.0
2025-12-30 05:00:00,2.5,2.7,-34.0,152.0,-34.0,152.0
2025-12-30 06:00:00,2.9,3.1,-34.0,152.0,-34.0,152.0
2025-12-30 07:00:00,3.31,3.57,-34.0,152.0,-34.0,152.0
2025-12-30 08:00:00,3.52,3.73,-34.0,152.0,-34.0,152.0
2025-12-30 09:00:00,3.81,4.08,-34.0,152.0,-34.0,152.0
2025-12-30 10:00:00,3.75,3.95,-34.0,152.0,-34.0,152.0
2025-12-30 11:00:00,2.55,2.75,-34.0,152.0,-34.0,152.0
2025-12-30 12:00:00,1.63,1.75,-34.0,152.0,-34.0,152.0
2025-12-30 13:00:00,1.57,1.63,-34.0,152.0,-34.0,152.0
2025-12-30 14:00:00,1.74,1.82,-34.0,152.0,-34.0,152.0
2025-12-30 15:00:00,2.4,2.56,-34.0,152.0,-34.0,152.0
2025-12-30 16:00:00,2.66,2.79,-34.0,152.0,-34.0,152.0
2025-12-30 17:00:00,2.39,2.55,-34.0,152.0,-34.0,152.0
2025-12-30 18:00:00,2.01,2.15,-34.0,152.0,-34.0,152.0
2025-12-30 19:00:00,1.5,1.54,-34.0,152.0,-34.0,152.0
2025-12-30 20:00:00,0.71,0.71,-34.0,152.0,-34.0,152.0
2025-12-30 21:00:00,0.72,0.72,-34.0,152.0,-34.0,152.0
2025-12-30 22:00:00,2.18,2.25,-34.0,152.0,-34.0,152.0
2025-12-30 23:00:00,2.94,3.05,-34.0,152.0,-34.0,152.0
2025-12-31 00:00:00,3.81,4.07,-34.0,152.0,-34.0,152.0
2025-12-31 01:00:00,4.06,4.31,-34.0,152.0,-34.0,152.0
2025-12-31 02:00:00,3.71,3.92,-34.0,152.0,-34.0,152.0
2025-12-31 03:00:00,2.73,2.82,-34.0,152.0,-34.0,152.0
2025-12-31 04:00:00,1.3,1.3,-34.0,152.0,-34.0,152.0
2025-12-31 05:00:00,0.25,0.25,-34.0,152.0,-34.0,152.0
2025-12-31 06:00:00,0.45,0.55,-34.0,152.0,-34.0,152.0
2025-12-31 07:00:00,1.97,2.0,-34.0,152.0,-34.0,152.0
2025-12-31 08:00:00,3.42,3.66,-34.0,152.0,-34.0,152.0
2025-12-31 09:00:00,4.06,4.37,-34.0,152.0,-34.0,152.0
2025-12-31 10:00:00,5.46,5.95,-34.0,152.0,-34.0,152.0
2025-12-31 11:00:00,4.8,5.26,-34.0,152.0,-34.0,152.0
2025-12-31 12:00:00,4.11,4.51,-34.0,152.0,-34.0,152.0
2025-12-31 13:00:00,3.5,3.85,-34.0,152.0,-34.0,152.0
2025-12-31 14:00:00,2.71,2.96,-34.0,152.0,-34.0,152.0
2025-12-31 15:00:00,2.07,2.15,-34.0,152.0,-34.0,152.0
2025-12-31 16:00:00,2.21,2.3,-34.0,152.0,-34.0,152.0
2025-12-31 17:00:00,3.4,3.54,-34.0,152.0,-34.0,152.0
2025-12-31 18:00:00,3.81,4.0,-34.0,152.0,-34.0,152.0
2025-12-31 19:00:00,3.4,3.55,-34.0,152.0,-34.0,152.0
2025-12-31 20:00:00,2.98,3.17,-34.0,152.0,-34.0,152.0
2025-12-31 21:00:00,2.73,2.96,-34.0,152.0,-34.0,152.0
2025-12-31 22:00:00,6.62,7.28,-34.0,152.0,-34.0,152.0
2025-12-31 23:00:00,8.72,9.8,-34.0,152.0,-34.0,152.0
