timestamp,wind_speed_10m,wind_speed_100m,requested_latitude,requested_longitude,resolved_latitude,resolved_longitude
2025-01-01 00:00:00,13.75,18.88,51.25,-3.75,51.25,-3.75
2025-01-01 01:00:00,14.32,19.59,51.25,-3.75,51.25,-3.75
2025-01-01 02:00:00,14.11,19.38,51.25,-3.75,51.25,-3.75
2025-01-01 03:00:00,13.77,18.96,51.25,-3.75,51.25,-3.75
2025-01-01 04:00:00,14.23,19.56,51.25,-3.75,51.25,-3.75
2025-01-01 05:00:00,15.11,20.69,51.25,-3.75,51.25,-3.75
2025-01-01 06:00:00,15.84,21.71,51.25,-3.75,51.25,-3.75
2025-01-01 07:00:00,15.89,21.92,51.25,-3.75,51.25,-3.75
2025-01-01 08:00:00,14.23,19.53,51.25,-3.75,51.25,-3.75
2025-01-01 09:00:00,10.45,13.99,51.25,-3.75,51.25,-3.75
2025-01-01 10:00:00,9.73,12.57,51.25,-3.75,51.25,-3.75
2025-01-01 11:00:00,9.33,11.7,51.25,-3.75,51.25,-3.75
2025-01-01 12:00:00,8.9,11.07,51.25,-3.75,51.25,-3.75
2025-01-01 13:00:00,9.66,11.9,51.25,-3.75,51.25,-3.75
2025-01-01 14:00:00,9.73,12.12,51.25,-3.75,51.25,-3.75
2025-01-01 15:00:00,9.38,11.98,51.25,-3.75,51.25,-3.75
2025-01-01 16:00:00,9.43,12.07,51.25,-3.75,51.25,-3.75
2025-01-01 17:00:00,9.25,11.8,51.25,-3.75,51.25,-3.75
2025-01-01 18:00:00,8.54,10.75,51.25,-3.75,51.25,-3.75
2025-01-01 19:00:00,7.59,9.47,51.25,-3.75,51.25,-3.75
2025-01-01 20:00:00,6.37,8.06,51.25,-3.75,51.25,-3.75
2025-01-01 21:00:00,5.66,7.24,51.25,-3.75,51.25,-3.75
2025-01-01 22:00:00,4.07,5.78,51.25,-3.75,51.25,-3.75
2025-01-01 23:00:00,3.18,4.61,51.25,-3.75,51.25,-3.75
2025-01-02 00:00:00,2.98,3.99,51.25,-3.75,51.25,-3.75
2025-01-02 01:00:00,3.39,4.32,51.25,-3.75,51.25,-3.75
2025-01-02 02:00:00,3.9,4.98,51.25,-3.75,51.25,-3.75
2025-01-02 03:00:00,3.82,5.03,51.25,-3.75,51.25,-3.75
2025-01-02 04:00:00,3.77,4.91,51.25,-3.75,51.25,-3.75
2025-01-02 05:00:00,4.17,5.27,51.25,-3.75,51.25,-3.75
2025-01-02 06:00:00,4.68,5.78,51.25,-3.75,51.25,-3.75
2025-01-02 07:00:00,4.78,5.84,51.25,-3.75,51.25,-3.75
2025-01-02 08:00:00,4.37,5.33,51.25,-3.75,51.25,-3.75
2025-01-02 09:00:00,4.01,4.83,51.25,-3.75,51.25,-3.75
2025-01-02 10:00:00,3.57,4.31,51.25,-3.75,51.25,-3.75
2025-01-02 11:00:00,3.7,4.26,51.25,-3.75,51.25,-3.75
2025-01-02 12:00:00,3.76,4.23,51.25,-3.75,51.25,-3.75
2025-01-02 13:00:00,3.55,3.97,51.25,-3.75,51.25,-3.75
2025-01-02 14:00:00,3.26,3.7,51.25,-3.75,51.25,-3.75
2025-01-02 15:00:00,2.92,3.37,51.25,-3.75,51.25,-3.75
2025-01-02 16:00:00,2.89,3.37,51.25,-3.75,51.25,-3.75
2025-01-02 17:00:00,3.08,3.46,51.25,-3.75,51.25,-3.75
2025-01-02 18:00:00,3.44,3.91,51.25,-3.75,51.25,-3.75
2025-01-02 19:00:00,3.89,4.49,51.25,-3.75,51.25,-3.75
2025-01-02 20:00:00,4.2,4.94,51.25,-3.75,51.25,-3.75
2025-01-02 21:00:00,4.11,4.85,51.25,-3.75,51.25,-3.75
2025-01-02 22:00:00,4.1,5.1,51.25,-3.75,51.25,-3.75
2025-01-02 23:00:00,3.62,4.31,51.25,-3.75,51.25,-3.75
2025-01-03 00:00:00,3.54,4.05,51.25,-3.75,51.25,-3.75
2025-01-03 01:00:00,3.63,4.08,51.25,-3.75,51.25,-3.75
2025-01-03 02:00:00,3.95,4.53,51.25,-3.75,51.25,-3.75
2025-01-03 03:00:00,4.21,4.84,51.25,-3.75,51.25,-3.75
2025-01-03 04:00:00,4.18,4.99,51.25,-3.75,51.25,-3.75
2025-01-03 05:00:00,3.82,4.63,51.25,-3.75,51.25,-3.75
2025-01-03 06:00:00,3.49,3.98,51.25,-3.75,51.25,-3.75
2025-01-03 07:00:00,3.62,4.06,51.25,-3.75,51.25,-3.75
2025-01-03 08:00:00,3.76,4.31,51.25,-3.75,51.25,-3.75
2025-01-03 09:00:00,3.71,4.32,51.25,-3.75,51.25,-3.75
2025-01-03 10:00:00,3.81,4.61,51.25,-3.75,51.25,-3.75
2025-01-03 11:00:00,4.14,4.91,51.25,-3.75,51.25,-3.75
2025-01-03 12:00:00,4.35,4.99,51.25,-3.75,51.25,-3.75
2025-01-03 13:00:00,4.42,4.95,51.25,-3.75,51.25,-3.75
2025-01-03 14:00:00,4.42,4.95,51.25,-3.75,51.25,-3.75
2025-01-03 15:00:00,4.14,4.85,51.25,-3.75,51.25,-3.75
2025-01-03 16:00:00,3.86,4.53,51.25,-3.75,51.25,-3.75
2025-01-03 17:00:00,3.52,4.0,51.25,-3.75,51.25,-3.75
2025-01-03 18:00:00,2.85,3.19,51.25,-3.75,51.25,-3.75
2025-01-03 19:00:00,2.11,2.49,51.25,-3.75,51.25,-3.75
2025-01-03 20:00:00,1.61,1.97,51.25,-3.75,51.25,-3.75
2025-01-03 21:00:00,1.32,1.7,51.25,-3.75,51.25,-3.75
2025-01-03 22:00:00,1.29,1.38,51.25,-3.75,51.25,-3.75
2025-01-03 23:00:00,1.66,1.81,51.25,-3.75,51.25,-3.75
2025-01-04 00:00:00,1.66,1.83,51.25,-3.75,51.25,-3.75
2025-01-04 01:00:00,2.38,2.56,51.25,-3.75,51.25,-3.75
2025-01-04 02:00:00,2.52,2.87,51.25,-3.75,51.25,-3.75
2025-01-04 03:00:00,2.67,3.09,51.25,-3.75,51.25,-3.75
2025-01-04 04:00:00,2.55,2.9,51.25,-3.75,51.25,-3.75
2025-01-04 05:00:00,2.67,3.23,51.25,-3.75,51.25,-3.75
2025-01-04 06:00:00,4.14,4.81,51.25,-3.75,51.25,-3.75
2025-01-04 07:00:00,4.49,5.4,51.25,-3.75,51.25,-3.75
2025-01-04 08:00:00,4.8,5.89,51.25,-3.75,51.25,-3.75
2025-01-04 09:00:00,5.2,6.44,51.25,-3.75,51.25,-3.75
2025-01-04 10:00:00,6.63,8.1,51.25,-3.75,51.25,-3.75
2025-01-04 11:00:00,6.7,8.19,51.25,-3.75,51.25,-3.75
2025-01-04 12:00:00,7.81,9.12,51.25,-3.75,51.25,-3.75
2025-01-04 13:00:00,8.24,9.87,51.25,-3.75,51.25,-3.75
2025-01-04 14:00:00,7.48,9.1,51.25,-3.75,51.25,-3.75
2025-01-04 15:00:00,8.74,10.49,51.25,-3.75,51.25,-3.75
2025-01-04 16:00:00,9.95,12.03,51.25,-3.75,51.25,-3.75
2025-01-04 17:00:00,10.31,12.75,51.25,-3.75,51.25,-3.75
2025-01-04 18:00:00,10.96,13.65,51.25,-3.75,51.25,-3.75
2025-01-04 19:00:00,11.97,14.85,51.25,-3.75,51.25,-3.75
2025-01-04 20:00:00,12.49,15.59,51.25,-3.75,51.25,-3.75
2025-01-04 21:00:00,12.46,15.58,51.25,-3.75,51.25,-3.75
2025-01-04 22:00:00,11.67,14.34,51.25,-3.75,51.25,-3.75
2025-01-04 23:00:00,12.27,15.37,51.25,-3.75,51.25,-3.75
2025-01-05 00:00:00,11.31,14.07,51.25,-3.75,51.25,-3.75
2025-01-05 01:00:00,9.89,12.34,51.25,-3.75,51.25,-3.75
2025-01-05 02:00:00,8.5,9.75,51.25,-3.75,51.25,-3.75
2025-01-05 03:00:00,6.65,6.92,51.25,-3.75,51.25,-3.75
2025-01-05 04:00:00,3.91,5.7,51.25,-3.75,51.25,-3.75
2025-01-05 05:00:00,4.56,8.49,51.25,-3.75,51.25,-3.75
2025-01-05 06:00:00,7.41,11.64,51.25,-3.75,51.25,-3.75
2025-01-05 07:00:00,8.68,12.62,51.25,-3.75,51.25,-3.75
2025-01-05 08:00:00,8.6,12.42,51.25,-3.75,51.25,-3.75
2025-01-05 09:00:00,8.25,11.99,51.25,-3.75,51.25,-3.75
2025-01-05 10:00:00,5.68,8.95,51.25,-3.75,51.25,-3.75
2025-01-05 11:00:00,6.16,9.25,51.25,-3.75,51.25,-3.75
2025-01-05 12:00:00,6.78,10.07,51.25,-3.75,51.25,-3.75
2025-01-05 13:00:00,7.5,11.03,51.25,-3.75,51.25,-3.75
2025-01-05 14:00:00,8.08,11.59,51.25,-3.75,51.25,-3.75
2025-01-05 15:00:00,8.48,12.17,51.25,-3.75,51.25,-3.75
2025-01-05 16:00:00,8.77,12.61,51.25,-3.75,51.25,-3.75
2025-01-05 17:00:00,9.09,13.31,51.25,-3.75,51.25,-3.75
2025-01-05 18:00:00,9.22,13.49,51.25,-3.75,51.25,-3.75
2025-01-05 19:00:00,9.57,13.75,51.25,-3.75,51.25,-3.75
2025-01-05 20:00:00,10.41,14.4,51.25,-3.75,51.25,-3.75
2025-01-05 21:00:00,10.42,14.45,51.25,-3.75,51.25,-3.75
2025-01-05 22:00:00,9.22,12.87,51.25,-3.75,51.25,-3.75
2025-01-05 23:00:00,8.46,12.01,51.25,-3.75,51.25,-3.75
2025-01-06 00:00:00,6.22,9.19,51.25,-3.75,51.25,-3.75
2025-01-06 01:00:00,3.64,5.19,51.25,-3.75,51.25,-3.75
2025-01-06 02:00:00,7.76,10.66,51.25,-3.75,51.25,-3.75
2025-01-06 03:00:00,11.24,14.43,51.25,-3.75,51.25,-3.75
2025-01-06 04:00:00,10.96,13.5,51.25,-3.75,51.25,-3.75
2025-01-06 05:00:00,11.46,14.17,51.25,-3.75,51.25,-3.75
2025-01-06 06:00:00,12.32,15.24,51.25,-3.75,51.25,-3.75
2025-01-06 07:00:00,12.66,15.71,51.25,-3.75,51.25,-3.75
2025-01-06 08:00:00,13.22,16.32,51.25,-3.75,51.25,-3.75
2025-01-06 09:00:00,13.21,16.32,51.25,-3.75,51.25,-3.75
2025-01-06 10:00:00,11.58,14.3,51.25,-3.75,51.25,-3.75
2025-01-06 11:00:00,10.76,12.86,51.25,-3.75,51.25,-3.75
2025-01-06 12:00:00,10.13,11.99,51.25,-3.75,51.25,-3.75
2025-01-06 13:00:00,9.82,11.59,51.25,-3.75,51.25,-3.75
2025-01-06 14:00:00,9.76,11.5,51.25,-3.75,51.25,-3.75
2025-01-06 15:00:00,9.25,11.02,51.25,-3.75,51.25,-3.75
2025-01-06 16:00:00,8.64,10.4,51.25,-3.75,51.25,-3.75
2025-01-06 17:00:00,8.61,10.32,51.25,-3.75,51.25,-3.75
2025-01-06 18:00:00,8.4,10.0,51.25,-3.75,51.25,-3.75
2025-01-06 19:00:00,7.97,9.5,51.25,-3.75,51.25,-3.75
2025-01-06 20:00:00,8.11,9.67,51.25,-3.75,51.25,-3.75
2025-01-06 21:00:00,8.12,9.97,51.25,-3.75,51.25,-3.75
2025-01-06 22:00:00,8.57,10.33,51.25,-3.75,51.25,-3.75
2025-01-06 23:00:00,9.42,11.48,51.25,-3.75,51.25,-3.75
2025-01-07 00:00:00,10.29,12.54,51.25,-3.75,51.25,-3.75
2025-01-07 01:00:00,9.68,11.61,51.25,-3.75,51.25,-3.75
2025-01-07 02:00:00,10.56,12.77,51.25,-3.75,51.25,-3.75
2025-01-07 03:00:00,10.96,13.42,51.25,-3.75,51.25,-3.75
2025-01-07 04:00:00,11.72,14.33,51.25,-3.75,51.25,-3.75
2025-01-07 05:00:00,11.33,13.71,51.25,-3.75,51.25,-3.75
2025-01-07 06:00:00,9.75,11.68,51.25,-3.75,51.25,-3.75
2025-01-07 07:00:00,8.95,10.6,51.25,-3.75,51.25,-3.75
2025-01-07 08:00:00,8.45,10.14,51.25,-3.75,51.25,-3.75
2025-01-07 09:00:00,8.63,10.34,51.25,-3.75,51.25,-3.75
2025-01-07 10:00:00,7.9,9.19,51.25,-3.75,51.25,-3.75
2025-01-07 11:00:00,7.73,9.05,51.25,-3.75,51.25,-3.75
2025-01-07 12:00:00,7.48,8.9,51.25,-3.75,51.25,-3.75
2025-01-07 13:00:00,7.57,8.84,51.25,-3.75,51.25,-3.75
2025-01-07 14:00:00,7.57,8.95,51.25,-3.75,51.25,-3.75
2025-01-07 15:00:00,7.83,9.46,51.25,-3.75,51.25,-3.75
2025-01-07 16:00:00,7.49,9.21,51.25,-3.75,51.25,-3.75
2025-01-07 17:00:00,6.65,8.43,51.25,-3.75,51.25,-3.75
2025-01-07 18:00:00,6.71,8.46,51.25,-3.75,51.25,-3.75
2025-01-07 19:00:00,6.65,8.3,51.25,-3.75,51.25,-3.75
2025-01-07 20:00:00,6.29,7.81,51.25,-3.75,51.25,-3.75
2025-01-07 21:00:00,6.04,7.45,51.25,-3.75,51.25,-3.75
2025-01-07 22:00:00,5.59,7.0,51.25,-3.75,51.25,-3.75
2025-01-07 23:00:00,5.13,6.3,51.25,-3.75,51.25,-3.75
2025-01-08 00:00:00,4.52,5.27,51.25,-3.75,51.25,-3.75
2025-01-08 01:00:00,4.03,4.64,51.25,-3.75,51.25,-3.75
2025-01-08 02:00:00,2.97,3.36,51.25,-3.75,51.25,-3.75
2025-01-08 03:00:00,2.37,2.55,51.25,-3.75,51.25,-3.75
2025-01-08 04:00:00,1.81,1.77,51.25,-3.75,51.25,-3.75
2025-01-08 05:00:00,2.11,2.17,51.25,-3.75,51.25,-3.75
2025-01-08 06:00:00,2.55,3.15,51.25,-3.75,51.25,-3.75
2025-01-08 07:00:00,3.59,4.35,51.25,-3.75,51.25,-3.75
2025-01-08 08:00:00,4.62,5.76,51.25,-3.75,51.25,-3.75
2025-01-08 09:00:00,5.66,6.99,51.25,-3.75,51.25,-3.75
2025-01-08 10:00:00,7.59,9.23,51.25,-3.75,51.25,-3.75
2025-01-08 11:00:00,9.06,10.88,51.25,-3.75,51.25,-3.75
2025-01-08 12:00:00,8.41,10.21,51.25,-3.75,51.25,-3.75
2025-01-08 13:00:00,7.97,9.46,51.25,-3.75,51.25,-3.75
2025-01-08 14:00:00,7.35,8.65,51.25,-3.75,51.25,-3.75
2025-01-08 15:00:00,7.06,8.51,51.25,-3.75,51.25,-3.75
2025-01-08 16:00:00,7.24,8.6,51.25,-3.75,51.25,-3.75
2025-01-08 17:00:00,7.74,9.15,51.25,-3.75,51.25,-3.75
2025-01-08 18:00:00,8.0,9.45,51.25,-3.75,51.25,-3.75
2025-01-08 19:00:00,8.33,9.9,51.25,-3.75,51.25,-3.75
2025-01-08 20:00:00,8.21,9.84,51.25,-3.75,51.25,-3.75
2025-01-08 21:00:00,7.88,9.42,51.25,-3.75,51.25,-3.75
2025-01-08 22:00:00,7.03,8.38,51.25,-3.75,51.25,-3.75
2025-01-08 23:00:00,7.26,8.56,51.25,-3.75,51.25,-3.75
2025-01-09 00:00:00,6.22,7.67,51.25,-3.75,51.25,-3.75
2025-01-09 01:00:00,5.3,6.59,51.25,-3.75,51.25,-3.75
2025-01-09 02:00:00,4.64,5.64,51.25,-3.75,51.25,-3.75
2025-01-09 03:00:00,4.01,4.85,51.25,-3.75,51.25,-3.75
2025-01-09 04:00:00,3.62,4.06,51.25,-3.75,51.25,-3.75
2025-01-09 05:00:00,3.55,4.08,51.25,-3.75,51.25,-3.75
2025-01-09 06:00:00,3.76,4.58,51.25,-3.75,51.25,-3.75
2025-01-09 07:00:00,4.3,5.46,51.25,-3.75,51.25,-3.75
2025-01-09 08:00:00,4.85,6.14,51.25,-3.75,51.25,-3.75
2025-01-09 09:00:00,5.34,6.66,51.25,-3.75,51.25,-3.75
2025-01-09 10:00:00,5.24,6.43,51.25,-3.75,51.25,-3.75
2025-01-09 11:00:00,6.38,7.59,51.25,-3.75,51.25,-3.75
2025-01-09 12:00:00,7.55,8.89,51.25,-3.75,51.25,-3.75
2025-01-09 13:00:00,7.65,8.94,51.25,-3.75,51.25,-3.75
2025-01-09 14:00:00,7.89,9.28,51.25,-3.75,51.25,-3.75
2025-01-09 15:00:00,7.45,8.9,51.25,-3.75,51.25,-3.75
2025-01-09 16:00:00,6.54,7.86,51.25,-3.75,51.25,-3.75
2025-01-09 17:00:00,5.72,7.13,51.25,-3.75,51.25,-3.75
2025-01-09 18:00:00,5.12,6.24,51.25,-3.75,51.25,-3.75
2025-01-09 19:00:00,4.27,5.18,51.25,-3.75,51.25,-3.75
2025-01-09 20:00:00,3.79,4.32,51.25,-3.75,51.25,-3.75
2025-01-09 21:00:00,2.97,3.49,51.25,-3.75,51.25,-3.75
2025-01-09 22:00:00,0.74,1.05,51.25,-3.75,51.25,-3.75
2025-01-09 23:00:00,1.31,1.57,51.25,-3.75,51.25,-3.75
2025-01-10 00:00:00,2.4,2.61,51.25,-3.75,51.25,-3.75
2025-01-10 01:00:00,2.74,3.2,51.25,-3.75,51.25,-3.75
2025-01-10 02:00:00,3.48,4.43,51.25,-3.75,51.25,-3.75
2025-01-10 03:00:00,5.2,6.43,51.25,-3.75,51.25,-3.75
2025-01-10 04:00:00,5.9,7.51,51.25,-3.75,51.25,-3.75
2025-01-10 05:00:00,5.87,7.61,51.25,-3.75,51.25,-3.75
2025-01-10 06:00:00,6.91,8.81,51.25,-3.75,51.25,-3.75
2025-01-10 07:00:00,6.9,8.68,51.25,-3.75,51.25,-3.75
2025-01-10 08:00:00,7.1,8.79,51.25,-3.75,51.25,-3.75
2025-01-10 09:00:00,7.44,9.07,51.25,-3.75,51.25,-3.75
2025-01-10 10:00:00,7.15,8.49,51.25,-3.75,51.25,-3.75
2025-01-10 11:00:00,7.6,9.06,51.25,-3.75,51.25,-3.75
2025-01-10 12:00:00,7.72,9.41,51.25,-3.75,51.25,-3.75
2025-01-10 13:00:00,7.38,8.99,51.25,-3.75,51.25,-3.75
2025-01-10 14:00:00,7.31,8.79,51.25,-3.75,51.25,-3.75
2025-01-10 15:00:00,7.72,9.25,51.25,-3.75,51.25,-3.75
2025-01-10 16:00:00,7.85,9.55,51.25,-3.75,51.25,-3.75
2025-01-10 17:00:00,7.86,9.58,51.25,-3.75,51.25,-3.75
2025-01-10 18:00:00,8.06,9.91,51.25,-3.75,51.25,-3.75
2025-01-10 19:00:00,8.02,9.88,51.25,-3.75,51.25,-3.75
2025-01-10 20:00:00,8.14,9.96,51.25,-3.75,51.25,-3.75
2025-01-10 21:00:00,8.1,9.91,51.25,-3.75,51.25,-3.75
2025-01-10 22:00:00,7.85,9.77,51.25,-3.75,51.25,-3.75
2025-01-10 23:00:00,7.19,9.06,51.25,-3.75,51.25,-3.75
2025-01-11 00:00:00,6.89,8.7,51.25,-3.75,51.25,-3.75
2025-01-11 01:00:00,6.75,8.44,51.25,-3.75,51.25,-3.75
2025-01-11 02:00:00,6.71,8.2,51.25,-3.75,51.25,-3.75
2025-01-11 03:00:00,6.68,8.21,51.25,-3.75,51.25,-3.75
2025-01-11 04:00:00,6.64,8.17,51.25,-3.75,51.25,-3.75
2025-01-11 05:00:00,6.45,7.92,51.25,-3.75,51.25,-3.75
2025-01-11 06:00:00,6.28,7.75,51.25,-3.75,51.25,-3.75
2025-01-11 07:00:00,6.25,7.68,51.25,-3.75,51.25,-3.75
2025-01-11 08:00:00,6.04,7.39,51.25,-3.75,51.25,-3.75
2025-01-11 09:00:00,5.71,6.95,51.25,-3.75,51.25,-3.75
2025-01-11 10:00:00,5.2,6.29,51.25,-3.75,51.25,-3.75
2025-01-11 11:00:00,5.25,6.31,51.25,-3.75,51.25,-3.75
2025-01-11 12:00:00,4.83,5.81,51.25,-3.75,51.25,-3.75
2025-01-11 13:00:00,5.14,6.15,51.25,-3.75,51.25,-3.75
2025-01-11 14:00:00,4.34,5.34,51.25,-3.75,51.25,-3.75
2025-01-11 15:00:00,3.72,4.58,51.25,-3.75,51.25,-3.75
2025-01-11 16:00:00,4.12,4.95,51.25,-3.75,51.25,-3.75
2025-01-11 17:00:00,4.47,5.41,51.25,-3.75,51.25,-3.75
2025-01-11 18:00:00,4.84,6.12,51.25,-3.75,51.25,-3.75
2025-01-11 19:00:00,3.78,5.35,51.25,-3.75,51.25,-3.75
2025-01-11 20:00:00,3.23,4.89,51.25,-3.75,51.25,-3.75
2025-01-11 21:00:00,3.51,5.22,51.25,-3.75,51.25,-3.75
2025-01-11 22:00:00,4.3,5.34,51.25,-3.75,51.25,-3.75
2025-01-11 23:00:00,4.65,6.01,51.25,-3.75,51.25,-3.75
2025-01-12 00:00:00,4.47,6.13,51.25,-3.75,51.25,-3.75
2025-01-12 01:00:00,4.38,6.25,51.25,-3.75,51.25,-3.75
2025-01-12 02:00:00,4.0,5.77,51.25,-3.75,51.25,-3.75
2025-01-12 03:00:00,3.91,5.54,51.25,-3.75,51.25,-3.75
2025-01-12 04:00:00,4.11,5.63,51.25,-3.75,51.25,-3.75
2025-01-12 05:00:00,3.73,5.41,51.25,-3.75,51.25,-3.75
2025-01-12 06:00:00,3.72,5.66,51.25,-3.75,51.25,-3.75
2025-01-12 07:00:00,4.14,6.29,51.25,-3.75,51.25,-3.75
2025-01-12 08:00:00,4.47,6.8,51.25,-3.75,51.25,-3.75
2025-01-12 09:00:00,4.68,7.21,51.25,-3.75,51.25,-3.75
2025-01-12 10:00:00,5.25,7.48,51.25,-3.75,51.25,-3.75
2025-01-12 11:00:00,5.26,6.96,51.25,-3.75,51.25,-3.75
2025-01-12 12:00:00,5.63,7.15,51.25,-3.75,51.25,-3.75
2025-01-12 13:00:00,5.06,6.45,51.25,-3.75,51.25,-3.75
2025-01-12 14:00:00,4.5,5.91,51.25,-3.75,51.25,-3.75
2025-01-12 15:00:00,4.4,6.1,51.25,-3.75,51.25,-3.75
2025-01-12 16:00:00,4.85,6.96,51.25,-3.75,51.25,-3.75
2025-01-12 17:00:00,5.32,7.78,51.25,-3.75,51.25,-3.75
2025-01-12 18:00:00,5.64,8.28,51.25,-3.75,51.25,-3.75
2025-01-12 19:00:00,5.31,7.8,51.25,-3.75,51.25,-3.75
2025-01-12 20:00:00,5.25,7.81,51.25,-3.75,51.25,-3.75
2025-01-12 21:00:00,5.92,8.6,51.25,-3.75,51.25,-3.75
2025-01-12 22:00:00,6.44,9.29,51.25,-3.75,51.25,-3.75
2025-01-12 23:00:00,6.12,8.85,51.25,-3.75,51.25,-3.75
2025-01-13 00:00:00,5.7,8.27,51.25,-3.75,51.25,-3.75
2025-01-13 01:00:00,5.75,8.25,51.25,-3.75,51.25,-3.75
2025-01-13 02:00:00,5.83,8.4,51.25,-3.75,51.25,-3.75
2025-01-13 03:00:00,5.66,7.85,51.25,-3.75,51.25,-3.75
2025-01-13 04:00:00,5.4,7.41,51.25,-3.75,51.25,-3.75
2025-01-13 05:00:00,5.6,7.52,51.25,-3.75,51.25,-3.75
2025-01-13 06:00:00,6.06,8.05,51.25,-3.75,51.25,-3.75
2025-01-13 07:00:00,6.22,8.35,51.25,-3.75,51.25,-3.75
2025-01-13 08:00:00,6.08,8.21,51.25,-3.75,51.25,-3.75
2025-01-13 09:00:00,6.17,8.31,51.25,-3.75,51.25,-3.75
2025-01-13 10:00:00,6.21,8.12,51.25,-3.75,51.25,-3.75
2025-01-13 11:00:00,6.83,8.72,51.25,-3.75,51.25,-3.75
2025-01-13 12:00:00,6.9,8.75,51.25,-3.75,51.25,-3.75
2025-01-13 13:00:00,6.47,7.97,51.25,-3.75,51.25,-3.75
2025-01-13 14:00:00,5.67,7.16,51.25,-3.75,51.25,-3.75
2025-01-13 15:00:00,5.33,6.93,51.25,-3.75,51.25,-3.75
2025-01-13 16:00:00,5.15,6.72,51.25,-3.75,51.25,-3.75
2025-01-13 17:00:00,4.95,6.61,51.25,-3.75,51.25,-3.75
2025-01-13 18:00:00,4.86,6.6,51.25,-3.75,51.25,-3.75
2025-01-13 19:00:00,5.08,6.9,51.25,-3.75,51.25,-3.75
2025-01-13 20:00:00,5.31,7.38,51.25,-3.75,51.25,-3.75
2025-01-13 21:00:00,5.54,7.72,51.25,-3.75,51.25,-3.75
2025-01-13 22:00:00,5.47,7.43,51.25,-3.75,51.25,-3.75
2025-01-13 23:00:00,5.45,7.42,51.25,-3.75,51.25,-3.75
2025-01-14 00:00:00,5.1,7.07,51.25,-3.75,51.25,-3.75
2025-01-14 01:00:00,4.94,7.33,51.25,-3.75,51.25,-3.75
2025-01-14 02:00:00,4.74,7.23,51.25,-3.75,51.25,-3.75
2025-01-14 03:00:00,4.53,7.03,51.25,-3.75,51.25,-3.75
2025-01-14 04:00:00,4.37,6.83,51.25,-3.75,51.25,-3.75
2025-01-14 05:00:00,4.89,7.41,51.25,-3.75,51.25,-3.75
2025-01-14 06:00:00,4.43,7.11,51.25,-3.75,51.25,-3.75
2025-01-14 07:00:00,4.21,6.94,51.25,-3.75,51.25,-3.75
2025-01-14 08:00:00,4.5,7.66,51.25,-3.75,51.25,-3.75
2025-01-14 09:00:00,4.87,7.64,51.25,-3.75,51.25,-3.75
2025-01-14 10:00:00,4.65,7.15,51.25,-3.75,51.25,-3.75
2025-01-14 11:00:00,5.08,7.69,51.25,-3.75,51.25,-3.75
2025-01-14 12:00:00,5.14,7.76,51.25,-3.75,51.25,-3.75
2025-01-14 13:00:00,5.06,7.68,51.25,-3.75,51.25,-3.75
2025-01-14 14:00:00,4.82,7.27,51.25,-3.75,51.25,-3.75
2025-01-14 15:00:00,4.33,6.62,51.25,-3.75,51.25,-3.75
2025-01-14 16:00:00,3.95,6.22,51.25,-3.75,51.25,-3.75
2025-01-14 17:00:00,3.83,6.06,51.25,-3.75,51.25,-3.75
2025-01-14 18:00:00,3.89,6.01,51.25,-3.75,51.25,-3.75
2025-01-14 19:00:00,4.27,6.48,51.25,-3.75,51.25,-3.75
2025-01-14 20:00:00,4.56,6.81,51.25,-3.75,51.25,-3.75
2025-01-14 21:00:00,4.55,6.78,51.25,-3.75,51.25,-3.75
2025-01-14 22:00:00,4.68,6.89,51.25,-3.75,51.25,-3.75
2025-01-14 23:00:00,4.03,6.18,51.25,-3.75,51.25,-3.75
2025-01-15 00:00:00,3.43,5.34,51.25,-3.75,51.25,-3.75
2025-01-15 01:00:00,3.42,5.17,51.25,-3.75,51.25,-3.75
2025-01-15 02:00:00,3.43,4.98,51.25,-3.75,51.25,-3.75
2025-01-15 03:00:00,3.61,4.92,51.25,-3.75,51.25,-3.75
2025-01-15 04:00:00,3.5,4.68,51.25,-3.75,51.25,-3.75
2025-01-15 05:00:00,2.91,3.79,51.25,-3.75,51.25,-3.75
2025-01-15 06:00:00,2.11,2.6,51.25,-3.75,51.25,-3.75
2025-01-15 07:00:00,1.59,1.66,51.25,-3.75,51.25,-3.75
2025-01-15 08:00:00,1.77,1.48,51.25,-3.75,51.25,-3.75
2025-01-15 09:00:00,1.99,1.68,51.25,-3.75,51.25,-3.75
2025-01-15 10:00:00,2.27,2.14,51.25,-3.75,51.25,-3.75
2025-01-15 11:00:00,2.47,2.74,51.25,-3.75,51.25,-3.75
2025-01-15 12:00:00,2.46,3.04,51.25,-3.75,51.25,-3.75
2025-01-15 13:00:00,2.5,3.32,51.25,-3.75,51.25,-3.75
2025-01-15 14:00:00,1.9,2.78,51.25,-3.75,51.25,-3.75
2025-01-15 15:00:00,1.25,2.07,51.25,-3.75,51.25,-3.75
2025-01-15 16:00:00,1.12,1.82,51.25,-3.75,51.25,-3.75
2025-01-15 17:00:00,1.35,2.16,51.25,-3.75,51.25,-3.75
2025-01-15 18:00:00,1.95,2.96,51.25,-3.75,51.25,-3.75
2025-01-15 19:00:00,1.66,2.77,51.25,-3.75,51.25,-3.75
2025-01-15 20:00:00,0.99,1.61,51.25,-3.75,51.25,-3.75
2025-01-15 21:00:00,1.81,1.11,51.25,-3.75,51.25,-3.75
2025-01-15 22:00:00,1.87,1.7,51.25,-3.75,51.25,-3.75
2025-01-15 23:00:00,2.07,2.15,51.25,-3.75,51.25,-3.75
2025-01-16 00:00:00,1.96,1.96,51.25,-3.75,51.25,-3.75
2025-01-16 01:00:00,1.45,1.3,51.25,-3.75,51.25,-3.75
2025-01-16 02:00:00,1.46,0.93,51.25,-3.75,51.25,-3.75
2025-01-16 03:00:00,2.04,1.24,51.25,-3.75,51.25,-3.75
2025-01-16 04:00:00,2.47,2.03,51.25,-3.75,51.25,-3.75
2025-01-16 05:00:00,2.78,2.56,51.25,-3.75,51.25,-3.75
2025-01-16 06:00:00,3.2,3.29,51.25,-3.75,51.25,-3.75
2025-01-16 07:00:00,3.48,4.01,51.25,-3.75,51.25,-3.75
2025-01-16 08:00:00,3.44,4.07,51.25,-3.75,51.25,-3.75
2025-01-16 09:00:00,3.02,3.46,51.25,-3.75,51.25,-3.75
2025-01-16 10:00:00,2.91,3.41,51.25,-3.75,51.25,-3.75
2025-01-16 11:00:00,3.62,4.14,51.25,-3.75,51.25,-3.75
2025-01-16 12:00:00,3.68,4.29,51.25,-3.75,51.25,-3.75
2025-01-16 13:00:00,3.46,3.95,51.25,-3.75,51.25,-3.75
2025-01-16 14:00:00,3.72,4.4,51.25,-3.75,51.25,-3.75
2025-01-16 15:00:00,3.96,5.0,51.25,-3.75,51.25,-3.75
2025-01-16 16:00:00,3.18,4.73,51.25,-3.75,51.25,-3.75
2025-01-16 17:00:00,3.4,5.13,51.25,-3.75,51.25,-3.75
2025-01-16 18:00:00,3.2,5.0,51.25,-3.75,51.25,-3.75
2025-01-16 19:00:00,3.03,4.89,51.25,-3.75,51.25,-3.75
2025-01-16 20:00:00,3.42,5.45,51.25,-3.75,51.25,-3.75
2025-01-16 21:00:00,4.16,6.52,51.25,-3.75,51.25,-3.75
2025-01-16 22:00:00,4.03,6.15,51.25,-3.75,51.25,-3.75
2025-01-16 23:00:00,4.06,6.26,51.25,-3.75,51.25,-3.75
2025-01-17 00:00:00,3.58,5.84,51.25,-3.75,51.25,-3.75
2025-01-17 01:00:00,2.97,5.11,51.25,-3.75,51.25,-3.75
2025-01-17 02:00:00,3.08,5.07,51.25,-3.75,51.25,-3.75
2025-01-17 03:00:00,3.47,5.38,51.25,-3.75,51.25,-3.75
2025-01-17 04:00:00,3.52,5.36,51.25,-3.75,51.25,-3.75
2025-01-17 05:00:00,3.66,5.45,51.25,-3.75,51.25,-3.75
2025-01-17 06:00:00,3.97,5.86,51.25,-3.75,51.25,-3.75
2025-01-17 07:00:00,4.27,6.23,51.25,-3.75,51.25,-3.75
2025-01-17 08:00:00,4.55,6.36,51.25,-3.75,51.25,-3.75
2025-01-17 09:00:00,4.41,5.95,51.25,-3.75,51.25,-3.75
2025-01-17 10:00:00,3.79,5.06,51.25,-3.75,51.25,-3.75
2025-01-17 11:00:00,3.59,4.36,51.25,-3.75,51.25,-3.75
2025-01-17 12:00:00,3.01,3.5,51.25,-3.75,51.25,-3.75
2025-01-17 13:00:00,2.42,2.8,51.25,-3.75,51.25,-3.75
2025-01-17 14:00:00,2.42,2.8,51.25,-3.75,51.25,-3.75
2025-01-17 15:00:00,2.69,3.35,51.25,-3.75,51.25,-3.75
2025-01-17 16:00:00,3.43,4.14,51.25,-3.75,51.25,-3.75
2025-01-17 17:00:00,4.29,5.41,51.25,-3.75,51.25,-3.75
2025-01-17 18:00:00,4.92,6.06,51.25,-3.75,51.25,-3.75
2025-01-17 19:00:00,4.81,6.02,51.25,-3.75,51.25,-3.75
2025-01-17 20:00:00,4.68,5.84,51.25,-3.75,51.25,-3.75
2025-01-17 21:00:00,4.72,5.92,51.25,-3.75,51.25,-3.75
2025-01-17 22:00:00,4.05,4.98,51.25,-3.75,51.25,-3.75
2025-01-17 23:00:00,4.14,5.1,51.25,-3.75,51.25,-3.75
2025-01-18 00:00:00,4.24,5.08,51.25,-3.75,51.25,-3.75
2025-01-18 01:00:00,4.0,4.87,51.25,-3.75,51.25,-3.75
2025-01-18 02:00:00,3.96,4.73,51.25,-3.75,51.25,-3.75
2025-01-18 03:00:00,3.89,4.63,51.25,-3.75,51.25,-3.75
2025-01-18 04:00:00,4.18,4.9,51.25,-3.75,51.25,-3.75
2025-01-18 05:00:00,4.24,5.04,51.25,-3.75,51.25,-3.75
2025-01-18 06:00:00,4.35,5.21,51.25,-3.75,51.25,-3.75
2025-01-18 07:00:00,4.56,5.43,51.25,-3.75,51.25,-3.75
2025-01-18 08:00:00,4.5,5.41,51.25,-3.75,51.25,-3.75
2025-01-18 09:00:00,4.41,5.17,51.25,-3.75,51.25,-3.75
2025-01-18 10:00:00,4.03,4.59,51.25,-3.75,51.25,-3.75
2025-01-18 11:00:00,3.15,3.58,51.25,-3.75,51.25,-3.75
2025-01-18 12:00:00,2.75,3.09,51.25,-3.75,51.25,-3.75
2025-01-18 13:00:00,2.72,2.97,51.25,-3.75,51.25,-3.75
2025-01-18 14:00:00,3.13,3.36,51.25,-3.75,51.25,-3.75
2025-01-18 15:00:00,3.57,3.94,51.25,-3.75,51.25,-3.75
2025-01-18 16:00:00,4.02,4.65,51.25,-3.75,51.25,-3.75
2025-01-18 17:00:00,4.0,4.92,51.25,-3.75,51.25,-3.75
2025-01-18 18:00:00,3.95,4.74,51.25,-3.75,51.25,-3.75
2025-01-18 19:00:00,4.22,5.0,51.25,-3.75,51.25,-3.75
2025-01-18 20:00:00,4.36,5.05,51.25,-3.75,51.25,-3.75
2025-01-18 21:00:00,3.97,4.63,51.25,-3.75,51.25,-3.75
2025-01-18 22:00:00,3.55,4.04,51.25,-3.75,51.25,-3.75
2025-01-18 23:00:00,3.62,4.09,51.25,-3.75,51.25,-3.75
2025-01-19 00:00:00,3.79,4.37,51.25,-3.75,51.25,-3.75
2025-01-19 01:00:00,4.16,4.63,51.25,-3.75,51.25,-3.75
2025-01-19 02:00:00,4.15,4.55,51.25,-3.75,51.25,-3.75
2025-01-19 03:00:00,3.95,4.44,51.25,-3.75,51.25,-3.75
2025-01-19 04:00:00,4.04,4.52,51.25,-3.75,51.25,-3.75
2025-01-19 05:00:00,4.01,4.6,51.25,-3.75,51.25,-3.75
2025-01-19 06:00:00,3.75,4.39,51.25,-3.75,51.25,-3.75
2025-01-19 07:00:00,3.3,4.0,51.25,-3.75,51.25,-3.75
2025-01-19 08:00:00,3.89,4.55,51.25,-3.75,51.25,-3.75
2025-01-19 09:00:00,4.81,5.47,51.25,-3.75,51.25,-3.75
2025-01-19 10:00:00,4.15,4.78,51.25,-3.75,51.25,-3.75
2025-01-19 11:00:00,3.8,4.32,51.25,-3.75,51.25,-3.75
2025-01-19 12:00:00,3.67,4.1,51.25,-3.75,51.25,-3.75
2025-01-19 13:00:00,2.86,3.2,51.25,-3.75,51.25,-3.75
2025-01-19 14:00:00,2.22,2.49,51.25,-3.75,51.25,-3.75
2025-01-19 15:00:00,2.08,2.28,51.25,-3.75,51.25,-3.75
2025-01-19 16:00:00,2.64,3.08,51.25,-3.75,51.25,-3.75
2025-01-19 17:00:00,3.72,4.53,51.25,-3.75,51.25,-3.75
2025-01-19 18:00:00,3.97,5.02,51.25,-3.75,51.25,-3.75
2025-01-19 19:00:00,4.14,5.4,51.25,-3.75,51.25,-3.75
2025-01-19 20:00:00,4.27,5.76,51.25,-3.75,51.25,-3.75
2025-01-19 21:00:00,3.77,5.24,51.25,-3.75,51.25,-3.75
2025-01-19 22:00:00,2.55,3.44,51.25,-3.75,51.25,-3.75
2025-01-19 23:00:00,2.55,3.21,51.25,-3.75,51.25,-3.75
2025-01-20 00:00:00,3.03,3.57,51.25,-3.75,51.25,-3.75
2025-01-20 01:00:00,3.35,3.99,51.25,-3.75,51.25,-3.75
2025-01-20 02:00:00,3.72,4.52,51.25,-3.75,51.25,-3.75
2025-01-20 03:00:00,3.64,4.5,51.25,-3.75,51.25,-3.75
2025-01-20 04:00:00,3.32,4.0,51.25,-3.75,51.25,-3.75
2025-01-20 05:00:00,3.17,3.62,51.25,-3.75,51.25,-3.75
2025-01-20 06:00:00,3.15,3.52,51.25,-3.75,51.25,-3.75
2025-01-20 07:00:00,3.3,3.58,51.25,-3.75,51.25,-3.75
2025-01-20 08:00:00,3.02,3.39,51.25,-3.75,51.25,-3.75
2025-01-20 09:00:00,2.66,2.87,51.25,-3.75,51.25,-3.75
2025-01-20 10:00:00,2.22,1.95,51.25,-3.75,51.25,-3.75
2025-01-20 11:00:00,2.12,2.06,51.25,-3.75,51.25,-3.75
2025-01-20 12:00:00,1.96,1.98,51.25,-3.75,51.25,-3.75
2025-01-20 13:00:00,1.69,1.77,51.25,-3.75,51.25,-3.75
2025-01-20 14:00:00,1.49,1.6,51.25,-3.75,51.25,-3.75
2025-01-20 15:00:00,1.61,1.8,51.25,-3.75,51.25,-3.75
2025-01-20 16:00:00,1.5,1.95,51.25,-3.75,51.25,-3.75
2025-01-20 17:00:00,1.5,2.25,51.25,-3.75,51.25,-3.75
2025-01-20 18:00:00,1.75,2.77,51.25,-3.75,51.25,-3.75
2025-01-20 19:00:00,2.22,3.34,51.25,-3.75,51.25,-3.75
2025-01-20 20:00:00,2.63,3.83,51.25,-3.75,51.25,-3.75
2025-01-20 21:00:00,2.88,4.14,51.25,-3.75,51.25,-3.75
2025-01-20 22:00:00,2.93,4.35,51.25,-3.75,51.25,-3.75
2025-01-20 23:00:00,2.85,4.26,51.25,-3.75,51.25,-3.75
2025-01-21 00:00:00,2.36,3.54,51.25,-3.75,51.25,-3.75
2025-01-21 01:00:00,2.5,3.6,51.25,-3.75,51.25,-3.75
2025-01-21 02:00:00,2.61,3.69,51.25,-3.75,51.25,-3.75
2025-01-21 03:00:00,2.69,3.7,51.25,-3.75,51.25,-3.75
2025-01-21 04:00:00,2.98,4.14,51.25,-3.75,51.25,-3.75
2025-01-21 05:00:00,3.09,4.21,51.25,-3.75,51.25,-3.75
2025-01-21 06:00:00,3.23,4.46,51.25,-3.75,51.25,-3.75
2025-01-21 07:00:00,3.58,4.89,51.25,-3.75,51.25,-3.75
2025-01-21 08:00:00,3.77,5.16,51.25,-3.75,51.25,-3.75
2025-01-21 09:00:00,3.83,5.1,51.25,-3.75,51.25,-3.75
2025-01-21 10:00:00,3.85,4.85,51.25,-3.75,51.25,-3.75
2025-01-21 11:00:00,3.93,4.59,51.25,-3.75,51.25,-3.75
2025-01-21 12:00:00,4.67,5.46,51.25,-3.75,51.25,-3.75
2025-01-21 13:00:00,5.04,5.84,51.25,-3.75,51.25,-3.75
2025-01-21 14:00:00,4.4,5.15,51.25,-3.75,51.25,-3.75
2025-01-21 15:00:00,3.74,4.31,51.25,-3.75,51.25,-3.75
2025-01-21 16:00:00,3.15,3.73,51.25,-3.75,51.25,-3.75
2025-01-21 17:00:00,2.97,3.61,51.25,-3.75,51.25,-3.75
2025-01-21 18:00:00,3.22,4.0,51.25,-3.75,51.25,-3.75
2025-01-21 19:00:00,3.04,3.71,51.25,-3.75,51.25,-3.75
2025-01-21 20:00:00,2.56,3.08,51.25,-3.75,51.25,-3.75
2025-01-21 21:00:00,2.55,2.96,51.25,-3.75,51.25,-3.75
2025-01-21 22:00:00,3.2,4.0,51.25,-3.75,51.25,-3.75
2025-01-21 23:00:00,3.52,4.34,51.25,-3.75,51.25,-3.75
2025-01-22 00:00:00,3.75,4.47,51.25,-3.75,51.25,-3.75
2025-01-22 01:00:00,3.7,4.37,51.25,-3.75,51.25,-3.75
2025-01-22 02:00:00,3.71,4.27,51.25,-3.75,51.25,-3.75
2025-01-22 03:00:00,3.5,4.05,51.25,-3.75,51.25,-3.75
2025-01-22 04:00:00,3.16,3.65,51.25,-3.75,51.25,-3.75
2025-01-22 05:00:00,2.86,3.24,51.25,-3.75,51.25,-3.75
2025-01-22 06:00:00,2.59,2.92,51.25,-3.75,51.25,-3.75
2025-01-22 07:00:00,2.2,2.56,51.25,-3.75,51.25,-3.75
2025-01-22 08:00:00,2.12,2.27,51.25,-3.75,51.25,-3.75
2025-01-22 09:00:00,1.72,1.91,51.25,-3.75,51.25,-3.75
2025-01-22 10:00:00,1.17,1.17,51.25,-3.75,51.25,-3.75
2025-01-22 11:00:00,0.67,0.9,51.25,-3.75,51.25,-3.75
2025-01-22 12:00:00,1.0,1.17,51.25,-3.75,51.25,-3.75
2025-01-22 13:00:00,1.5,1.66,51.25,-3.75,51.25,-3.75
2025-01-22 14:00:00,2.14,2.23,51.25,-3.75,51.25,-3.75
2025-01-22 15:00:00,2.53,2.74,51.25,-3.75,51.25,-3.75
2025-01-22 16:00:00,2.43,2.85,51.25,-3.75,51.25,-3.75
2025-01-22 17:00:00,2.9,3.47,51.25,-3.75,51.25,-3.75
2025-01-22 18:00:00,3.47,4.29,51.25,-3.75,51.25,-3.75
2025-01-22 19:00:00,4.07,5.11,51.25,-3.75,51.25,-3.75
2025-01-22 20:00:00,4.22,5.46,51.25,-3.75,51.25,-3.75
2025-01-22 21:00:00,4.41,5.7,51.25,-3.75,51.25,-3.75
2025-01-22 22:00:00,4.8,6.07,51.25,-3.75,51.25,-3.75
2025-01-22 23:00:00,4.87,6.26,51.25,-3.75,51.25,-3.75
2025-01-23 00:00:00,4.38,5.92,51.25,-3.75,51.25,-3.75
2025-01-23 01:00:00,4.66,6.41,51.25,-3.75,51.25,-3.75
2025-01-23 02:00:00,4.95,7.3,51.25,-3.75,51.25,-3.75
2025-01-23 03:00:00,5.96,8.7,51.25,-3.75,51.25,-3.75
2025-01-23 04:00:00,6.88,9.93,51.25,-3.75,51.25,-3.75
2025-01-23 05:00:00,7.04,10.36,51.25,-3.75,51.25,-3.75
2025-01-23 06:00:00,6.91,10.22,51.25,-3.75,51.25,-3.75
2025-01-23 07:00:00,7.43,10.98,51.25,-3.75,51.25,-3.75
2025-01-23 08:00:00,8.07,12.2,51.25,-3.75,51.25,-3.75
2025-01-23 09:00:00,9.09,12.77,51.25,-3.75,51.25,-3.75
2025-01-23 10:00:00,8.54,12.96,51.25,-3.75,51.25,-3.75
2025-01-23 11:00:00,11.78,16.19,51.25,-3.75,51.25,-3.75
2025-01-23 12:00:00,14.74,19.37,51.25,-3.75,51.25,-3.75
2025-01-23 13:00:00,14.08,18.42,51.25,-3.75,51.25,-3.75
2025-01-23 14:00:00,14.56,18.78,51.25,-3.75,51.25,-3.75
2025-01-23 15:00:00,11.86,15.45,51.25,-3.75,51.25,-3.75
2025-01-23 16:00:00,12.08,15.87,51.25,-3.75,51.25,-3.75
2025-01-23 17:00:00,9.91,13.1,51.25,-3.75,51.25,-3.75
2025-01-23 18:00:00,7.69,10.27,51.25,-3.75,51.25,-3.75
2025-01-23 19:00:00,7.91,10.53,51.25,-3.75,51.25,-3.75
2025-01-23 20:00:00,8.59,11.69,51.25,-3.75,51.25,-3.75
2025-01-23 21:00:00,7.94,11.04,51.25,-3.75,51.25,-3.75
2025-01-23 22:00:00,8.79,12.35,51.25,-3.75,51.25,-3.75
2025-01-23 23:00:00,10.05,14.06,51.25,-3.75,51.25,-3.75
2025-01-24 00:00:00,12.15,16.8,51.25,-3.75,51.25,-3.75
2025-01-24 01:00:00,14.93,20.61,51.25,-3.75,51.25,-3.75
2025-01-24 02:00:00,16.19,22.22,51.25,-3.75,51.25,-3.75
2025-01-24 03:00:00,16.13,22.25,51.25,-3.75,51.25,-3.75
2025-01-24 04:00:00,16.05,22.23,51.25,-3.75,51.25,-3.75
2025-01-24 05:00:00,15.84,21.73,51.25,-3.75,51.25,-3.75
2025-01-24 06:00:00,14.83,20.0,51.25,-3.75,51.25,-3.75
2025-01-24 07:00:00,14.72,19.75,51.25,-3.75,51.25,-3.75
2025-01-24 08:00:00,15.73,21.0,51.25,-3.75,51.25,-3.75
2025-01-24 09:00:00,16.03,21.41,51.25,-3.75,51.25,-3.75
2025-01-24 10:00:00,14.58,19.11,51.25,-3.75,51.25,-3.75
2025-01-24 11:00:00,14.52,18.92,51.25,-3.75,51.25,-3.75
2025-01-24 12:00:00,13.68,17.78,51.25,-3.75,51.25,-3.75
2025-01-24 13:00:00,11.69,15.2,51.25,-3.75,51.25,-3.75
2025-01-24 14:00:00,10.48,13.62,51.25,-3.75,51.25,-3.75
2025-01-24 15:00:00,9.03,11.99,51.25,-3.75,51.25,-3.75
2025-01-24 16:00:00,7.77,10.57,51.25,-3.75,51.25,-3.75
2025-01-24 17:00:00,7.07,9.9,51.25,-3.75,51.25,-3.75
2025-01-24 18:00:00,6.56,9.58,51.25,-3.75,51.25,-3.75
2025-01-24 19:00:00,6.11,9.27,51.25,-3.75,51.25,-3.75
2025-01-24 20:00:00,6.22,9.57,51.25,-3.75,51.25,-3.75
2025-01-24 21:00:00,6.23,9.88,51.25,-3.75,51.25,-3.75
2025-01-24 22:00:00,8.32,11.04,51.25,-3.75,51.25,-3.75
2025-01-24 23:00:00,8.36,10.63,51.25,-3.75,51.25,-3.75
2025-01-25 00:00:00,7.02,8.84,51.25,-3.75,51.25,-3.75
2025-01-25 01:00:00,7.13,9.42,51.25,-3.75,51.25,-3.75
2025-01-25 02:00:00,6.82,9.06,51.25,-3.75,51.25,-3.75
2025-01-25 03:00:00,6.06,8.13,51.25,-3.75,51.25,-3.75
2025-01-25 04:00:00,5.31,7.24,51.25,-3.75,51.25,-3.75
2025-01-25 05:00:00,5.2,6.91,51.25,-3.75,51.25,-3.75
2025-01-25 06:00:00,5.07,6.73,51.25,-3.75,51.25,-3.75
2025-01-25 07:00:00,4.94,6.74,51.25,-3.75,51.25,-3.75
2025-01-25 08:00:00,4.25,5.96,51.25,-3.75,51.25,-3.75
2025-01-25 09:00:00,3.91,5.47,51.25,-3.75,51.25,-3.75
2025-01-25 10:00:00,3.06,4.61,51.25,-3.75,51.25,-3.75
2025-01-25 11:00:00,2.76,3.53,51.25,-3.75,51.25,-3.75
2025-01-25 12:00:00,3.96,4.57,51.25,-3.75,51.25,-3.75
2025-01-25 13:00:00,4.2,4.98,51.25,-3.75,51.25,-3.75
2025-01-25 14:00:00,3.55,4.43,51.25,-3.75,51.25,-3.75
2025-01-25 15:00:00,4.17,5.27,51.25,-3.75,51.25,-3.75
2025-01-25 16:00:00,4.43,5.99,51.25,-3.75,51.25,-3.75
2025-01-25 17:00:00,3.88,6.21,51.25,-3.75,51.25,-3.75
2025-01-25 18:00:00,4.18,7.04,51.25,-3.75,51.25,-3.75
2025-01-25 19:00:00,4.89,8.16,51.25,-3.75,51.25,-3.75
2025-01-25 20:00:00,5.16,8.54,51.25,-3.75,51.25,-3.75
2025-01-25 21:00:00,5.06,8.46,51.25,-3.75,51.25,-3.75
2025-01-25 22:00:00,6.15,9.62,51.25,-3.75,51.25,-3.75
2025-01-25 23:00:00,6.29,9.53,51.25,-3.75,51.25,-3.75
2025-01-26 00:00:00,6.87,9.59,51.25,-3.75,51.25,-3.75
2025-01-26 01:00:00,6.48,8.64,51.25,-3.75,51.25,-3.75
2025-01-26 02:00:00,5.9,8.09,51.25,-3.75,51.25,-3.75
2025-01-26 03:00:00,5.25,7.65,51.25,-3.75,51.25,-3.75
2025-01-26 04:00:00,5.7,8.44,51.25,-3.75,51.25,-3.75
2025-01-26 05:00:00,6.27,9.15,51.25,-3.75,51.25,-3.75
2025-01-26 06:00:00,7.74,11.29,51.25,-3.75,51.25,-3.75
2025-01-26 07:00:00,9.27,13.67,51.25,-3.75,51.25,-3.75
2025-01-26 08:00:00,10.8,16.04,51.25,-3.75,51.25,-3.75
2025-01-26 09:00:00,12.52,18.25,51.25,-3.75,51.25,-3.75
2025-01-26 10:00:00,14.62,19.36,51.25,-3.75,51.25,-3.75
2025-01-26 11:00:00,16.98,22.66,51.25,-3.75,51.25,-3.75
2025-01-26 12:00:00,14.4,19.41,51.25,-3.75,51.25,-3.75
2025-01-26 13:00:00,10.24,13.85,51.25,-3.75,51.25,-3.75
2025-01-26 14:00:00,9.71,13.18,51.25,-3.75,51.25,-3.75
2025-01-26 15:00:00,9.74,13.06,51.25,-3.75,51.25,-3.75
2025-01-26 16:00:00,9.18,12.56,51.25,-3.75,51.25,-3.75
2025-01-26 17:00:00,7.71,10.85,51.25,-3.75,51.25,-3.75
2025-01-26 18:00:00,7.62,10.74,51.25,-3.75,51.25,-3.75
2025-01-26 19:00:00,7.6,10.66,51.25,-3.75,51.25,-3.75
2025-01-26 20:00:00,8.65,11.78,51.25,-3.75,51.25,-3.75
2025-01-26 21:00:00,9.05,12.2,51.25,-3.75,51.25,-3.75
2025-01-26 22:00:00,7.53,9.15,51.25,-3.75,51.25,-3.75
2025-01-26 23:00:00,5.65,6.85,51.25,-3.75,51.25,-3.75
2025-01-27 00:00:00,6.01,7.39,51.25,-3.75,51.25,-3.75
2025-01-27 01:00:00,7.45,10.43,51.25,-3.75,51.25,-3.75
2025-01-27 02:00:00,10.34,13.93,51.25,-3.75,51.25,-3.75
2025-01-27 03:00:00,11.6,15.77,51.25,-3.75,51.25,-3.75
2025-01-27 04:00:00,11.14,16.2,51.25,-3.75,51.25,-3.75
2025-01-27 05:00:00,10.4,15.43,51.25,-3.75,51.25,-3.75
2025-01-27 06:00:00,11.27,16.7,51.25,-3.75,51.25,-3.75
2025-01-27 07:00:00,11.52,16.12,51.25,-3.75,51.25,-3.75
2025-01-27 08:00:00,11.25,16.34,51.25,-3.75,51.25,-3.75
2025-01-27 09:00:00,11.83,15.93,51.25,-3.75,51.25,-3.75
2025-01-27 10:00:00,9.56,14.01,51.25,-3.75,51.25,-3.75
2025-01-27 11:00:00,10.31,14.14,51.25,-3.75,51.25,-3.75
2025-01-27 12:00:00,11.67,15.54,51.25,-3.75,51.25,-3.75
2025-01-27 13:00:00,12.96,17.63,51.25,-3.75,51.25,-3.75
2025-01-27 14:00:00,10.64,15.84,51.25,-3.75,51.25,-3.75
2025-01-27 15:00:00,12.17,16.36,51.25,-3.75,51.25,-3.75
2025-01-27 16:00:00,11.86,16.13,51.25,-3.75,51.25,-3.75
2025-01-27 17:00:00,11.57,15.99,51.25,-3.75,51.25,-3.75
2025-01-27 18:00:00,11.34,16.51,51.25,-3.75,51.25,-3.75
2025-01-27 19:00:00,10.89,16.5,51.25,-3.75,51.25,-3.75
2025-01-27 20:00:00,12.36,16.72,51.25,-3.75,51.25,-3.75
2025-01-27 21:00:00,11.72,15.81,51.25,-3.75,51.25,-3.75
2025-01-27 22:00:00,9.55,12.77,51.25,-3.75,51.25,-3.75
2025-01-27 23:00:00,9.95,13.41,51.25,-3.75,51.25,-3.75
2025-01-28 00:00:00,9.82,13.47,51.25,-3.75,51.25,-3.75
2025-01-28 01:00:00,10.59,14.36,51.25,-3.75,51.25,-3.75
2025-01-28 02:00:00,10.79,14.76,51.25,-3.75,51.25,-3.75
2025-01-28 03:00:00,10.98,14.91,51.25,-3.75,51.25,-3.75
2025-01-28 04:00:00,11.06,14.89,51.25,-3.75,51.25,-3.75
2025-01-28 05:00:00,11.21,14.94,51.25,-3.75,51.25,-3.75
2025-01-28 06:00:00,11.7,15.51,51.25,-3.75,51.25,-3.75
2025-01-28 07:00:00,12.75,16.8,51.25,-3.75,51.25,-3.75
2025-01-28 08:00:00,13.36,17.53,51.25,-3.75,51.25,-3.75
2025-01-28 09:00:00,13.36,17.54,51.25,-3.75,51.25,-3.75
2025-01-28 10:00:00,13.54,17.87,51.25,-3.75,51.25,-3.75
2025-01-28 11:00:00,12.3,16.16,51.25,-3.75,51.25,-3.75
2025-01-28 12:00:00,12.07,15.54,51.25,-3.75,51.25,-3.75
2025-01-28 13:00:00,11.34,14.84,51.25,-3.75,51.25,-3.75
2025-01-28 14:00:00,12.03,15.75,51.25,-3.75,51.25,-3.75
2025-01-28 15:00:00,12.84,16.87,51.25,-3.75,51.25,-3.75
2025-01-28 16:00:00,13.29,17.55,51.25,-3.75,51.25,-3.75
2025-01-28 17:00:00,12.19,16.81,51.25,-3.75,51.25,-3.75
2025-01-28 18:00:00,11.39,14.98,51.25,-3.75,51.25,-3.75
2025-01-28 19:00:00,10.68,14.29,51.25,-3.75,51.25,-3.75
2025-01-28 20:00:00,10.8,14.22,51.25,-3.75,51.25,-3.75
2025-01-28 21:00:00,10.52,13.8,51.25,-3.75,51.25,-3.75
2025-01-28 22:00:00,9.9,13.37,51.25,-3.75,51.25,-3.75
2025-01-28 23:00:00,9.82,13.07,51.25,-3.75,51.25,-3.75
2025-01-29 00:00:00,9.17,12.31,51.25,-3.75,51.25,-3.75
2025-01-29 01:00:00,7.66,10.45,51.25,-3.75,51.25,-3.75
2025-01-29 02:00:00,8.12,11.28,51.25,-3.75,51.25,-3.75
2025-01-29 03:00:00,6.57,9.16,51.25,-3.75,51.25,-3.75
2025-01-29 04:00:00,4.75,6.49,51.25,-3.75,51.25,-3.75
2025-01-29 05:00:00,4.1,5.61,51.25,-3.75,51.25,-3.75
2025-01-29 06:00:00,1.75,2.61,51.25,-3.75,51.25,-3.75
2025-01-29 07:00:00,0.79,1.0,51.25,-3.75,51.25,-3.75
2025-01-29 08:00:00,1.06,0.9,51.25,-3.75,51.25,-3.75
2025-01-29 09:00:00,1.82,2.1,51.25,-3.75,51.25,-3.75
2025-01-29 10:00:00,2.75,3.64,51.25,-3.75,51.25,-3.75
2025-01-29 11:00:00,4.05,5.46,51.25,-3.75,51.25,-3.75
2025-01-29 12:00:00,5.81,7.35,51.25,-3.75,51.25,-3.75
2025-01-29 13:00:00,7.17,9.33,51.25,-3.75,51.25,-3.75
2025-01-29 14:00:00,7.73,9.7,51.25,-3.75,51.25,-3.75
2025-01-29 15:00:00,6.74,8.72,51.25,-3.75,51.25,-3.75
2025-01-29 16:00:00,6.35,8.64,51.25,-3.75,51.25,-3.75
2025-01-29 17:00:00,6.24,8.83,51.25,-3.75,51.25,-3.75
2025-01-29 18:00:00,5.58,8.12,51.25,-3.75,51.25,-3.75
2025-01-29 19:00:00,6.18,8.75,51.25,-3.75,51.25,-3.75
2025-01-29 20:00:00,6.75,9.53,51.25,-3.75,51.25,-3.75
2025-01-29 21:00:00,7.15,9.86,51.25,-3.75,51.25,-3.75
2025-01-29 22:00:00,7.13,9.63,51.25,-3.75,51.25,-3.75
2025-01-29 23:00:00,7.19,9.58,51.25,-3.75,51.25,-3.75
2025-01-30 00:00:00,7.4,9.88,51.25,-3.75,51.25,-3.75
2025-01-30 01:00:00,6.83,9.23,51.25,-3.75,51.25,-3.75
2025-01-30 02:00:00,6.77,9.02,51.25,-3.75,51.25,-3.75
2025-01-30 03:00:00,6.74,8.8,51.25,-3.75,51.25,-3.75
2025-01-30 04:00:00,6.7,8.71,51.25,-3.75,51.25,-3.75
2025-01-30 05:00:00,6.58,8.57,51.25,-3.75,51.25,-3.75
2025-01-30 06:00:00,6.69,8.57,51.25,-3.75,51.25,-3.75
2025-01-30 07:00:00,6.49,8.45,51.25,-3.75,51.25,-3.75
2025-01-30 08:00:00,6.02,7.89,51.25,-3.75,51.25,-3.75
2025-01-30 09:00:00,6.05,7.63,51.25,-3.75,51.25,-3.75
2025-01-30 10:00:00,5.7,6.86,51.25,-3.75,51.25,-3.75
2025-01-30 11:00:00,5.63,6.65,51.25,-3.75,51.25,-3.75
2025-01-30 12:00:00,5.41,6.31,51.25,-3.75,51.25,-3.75
2025-01-30 13:00:00,5.9,6.8,51.25,-3.75,51.25,-3.75
2025-01-30 14:00:00,6.05,7.03,51.25,-3.75,51.25,-3.75
2025-01-30 15:00:00,6.08,7.18,51.25,-3.75,51.25,-3.75
2025-01-30 16:00:00,6.15,7.5,51.25,-3.75,51.25,-3.75
2025-01-30 17:00:00,6.26,7.86,51.25,-3.75,51.25,-3.75
2025-01-30 18:00:00,5.65,7.38,51.25,-3.75,51.25,-3.75
2025-01-30 19:00:00,3.86,5.69,51.25,-3.75,51.25,-3.75
2025-01-30 20:00:00,3.76,5.92,51.25,-3.75,51.25,-3.75
2025-01-30 21:00:00,4.53,7.03,51.25,-3.75,51.25,-3.75
2025-01-30 22:00:00,5.69,8.79,51.25,-3.75,51.25,-3.75
2025-01-30 23:00:00,6.14,9.37,51.25,-3.75,51.25,-3.75
2025-01-31 00:00:00,6.8,10.26,51.25,-3.75,51.25,-3.75
2025-01-31 01:00:00,7.05,10.64,51.25,-3.75,51.25,-3.75
2025-01-31 02:00:00,7.93,11.99,51.25,-3.75,51.25,-3.75
2025-01-31 03:00:00,8.17,12.15,51.25,-3.75,51.25,-3.75
2025-01-31 04:00:00,9.95,13.74,51.25,-3.75,51.25,-3.75
2025-01-31 05:00:00,9.14,12.47,51.25,-3.75,51.25,-3.75
2025-01-31 06:00:00,8.98,12.67,51.25,-3.75,51.25,-3.75
2025-01-31 07:00:00,7.63,10.86,51.25,-3.75,51.25,-3.75
2025-01-31 08:00:00,6.62,9.86,51.25,-3.75,51.25,-3.75
2025-01-31 09:00:00,6.51,9.54,51.25,-3.75,51.25,-3.75
2025-01-31 10:00:00,6.88,9.3,51.25,-3.75,51.25,-3.75
2025-01-31 11:00:00,6.34,8.53,51.25,-3.75,51.25,-3.75
2025-01-31 12:00:00,6.05,7.75,51.25,-3.75,51.25,-3.75
2025-01-31 13:00:00,5.29,6.78,51.25,-3.75,51.25,-3.75
2025-01-31 14:00:00,4.53,5.95,51.25,-3.75,51.25,-3.75
2025-01-31 15:00:00,3.87,5.09,51.25,-3.75,51.25,-3.75
2025-01-31 16:00:00,3.42,4.64,51.25,-3.75,51.25,-3.75
2025-01-31 17:00:00,3.18,4.58,51.25,-3.75,51.25,-3.75
2025-01-31 18:00:00,3.11,4.41,51.25,-3.75,51.25,-3.75
2025-01-31 19:00:00,3.16,4.49,51.25,-3.75,51.25,-3.75
2025-01-31 20:00:00,2.83,4.15,51.25,-3.75,51.25,-3.75
2025-01-31 21:00:00,2.19,3.35,51.25,-3.75,51.25,-3.75
2025-01-31 22:00:00,1.05,2.25,51.25,-3.75,51.25,-3.75
2025-01-31 23:00:00,1.35,2.52,51.25,-3.75,51.25,-3.75
2025-02-01 00:00:00,1.85,3.19,51.25,-3.75,51.25,-3.75
2025-02-01 01:00:00,2.2,3.83,51.25,-3.75,51.25,-3.75
2025-02-01 02:00:00,3.15,5.17,51.25,-3.75,51.25,-3.75
2025-02-01 03:00:00,3.58,5.85,51.25,-3.75,51.25,-3.75
2025-02-01 04:00:00,3.43,5.63,51.25,-3.75,51.25,-3.75
2025-02-01 05:00:00,3.75,5.94,51.25,-3.75,51.25,-3.75
2025-02-01 06:00:00,4.1,6.36,51.25,-3.75,51.25,-3.75
2025-02-01 07:00:00,4.14,6.49,51.25,-3.75,51.25,-3.75
2025-02-01 08:00:00,4.15,6.67,51.25,-3.75,51.25,-3.75
2025-02-01 09:00:00,4.06,6.44,51.25,-3.75,51.25,-3.75
2025-02-01 10:00:00,3.97,5.88,51.25,-3.75,51.25,-3.75
2025-02-01 11:00:00,4.5,5.98,51.25,-3.75,51.25,-3.75
2025-02-01 12:00:00,5.09,6.29,51.25,-3.75,51.25,-3.75
2025-02-01 13:00:00,5.08,6.3,51.25,-3.75,51.25,-3.75
2025-02-01 14:00:00,4.42,5.64,51.25,-3.75,51.25,-3.75
2025-02-01 15:00:00,4.5,5.95,51.25,-3.75,51.25,-3.75
2025-02-01 16:00:00,5.09,6.8,51.25,-3.75,51.25,-3.75
2025-02-01 17:00:00,5.53,7.38,51.25,-3.75,51.25,-3.75
2025-02-01 18:00:00,6.37,8.89,51.25,-3.75,51.25,-3.75
2025-02-01 19:00:00,6.35,9.43,51.25,-3.75,51.25,-3.75
2025-02-01 20:00:00,6.04,9.11,51.25,-3.75,51.25,-3.75
2025-02-01 21:00:00,6.41,9.33,51.25,-3.75,51.25,-3.75
2025-02-01 22:00:00,6.04,8.04,51.25,-3.75,51.25,-3.75
2025-02-01 23:00:00,6.96,8.88,51.25,-3.75,51.25,-3.75
2025-02-02 00:00:00,7.71,9.69,51.25,-3.75,51.25,-3.75
2025-02-02 01:00:00,8.44,10.65,51.25,-3.75,51.25,-3.75
2025-02-02 02:00:00,8.64,10.92,51.25,-3.75,51.25,-3.75
2025-02-02 03:00:00,8.47,10.71,51.25,-3.75,51.25,-3.75
2025-02-02 04:00:00,8.38,10.6,51.25,-3.75,51.25,-3.75
2025-02-02 05:00:00,7.67,9.83,51.25,-3.75,51.25,-3.75
2025-02-02 06:00:00,7.26,9.1,51.25,-3.75,51.25,-3.75
2025-02-02 07:00:00,6.88,8.68,51.25,-3.75,51.25,-3.75
2025-02-02 08:00:00,7.57,9.42,51.25,-3.75,51.25,-3.75
2025-02-02 09:00:00,8.18,10.1,51.25,-3.75,51.25,-3.75
2025-02-02 10:00:00,6.51,7.9,51.25,-3.75,51.25,-3.75
2025-02-02 11:00:00,7.13,8.47,51.25,-3.75,51.25,-3.75
2025-02-02 12:00:00,7.59,9.21,51.25,-3.75,51.25,-3.75
2025-02-02 13:00:00,7.26,9.05,51.25,-3.75,51.25,-3.75
2025-02-02 14:00:00,6.3,7.95,51.25,-3.75,51.25,-3.75
2025-02-02 15:00:00,5.09,6.57,51.25,-3.75,51.25,-3.75
2025-02-02 16:00:00,3.29,4.59,51.25,-3.75,51.25,-3.75
2025-02-02 17:00:00,2.46,3.69,51.25,-3.75,51.25,-3.75
2025-02-02 18:00:00,3.29,4.39,51.25,-3.75,51.25,-3.75
2025-02-02 19:00:00,4.78,6.38,51.25,-3.75,51.25,-3.75
2025-02-02 20:00:00,5.42,7.77,51.25,-3.75,51.25,-3.75
2025-02-02 21:00:00,5.32,7.75,51.25,-3.75,51.25,-3.75
2025-02-02 22:00:00,5.04,7.17,51.25,-3.75,51.25,-3.75
2025-02-02 23:00:00,4.81,7.2,51.25,-3.75,51.25,-3.75
2025-02-03 00:00:00,4.3,6.5,51.25,-3.75,51.25,-3.75
2025-02-03 01:00:00,4.1,6.52,51.25,-3.75,51.25,-3.75
2025-02-03 02:00:00,4.54,7.1,51.25,-3.75,51.25,-3.75
2025-02-03 03:00:00,4.31,6.58,51.25,-3.75,51.25,-3.75
2025-02-03 04:00:00,3.71,5.76,51.25,-3.75,51.25,-3.75
2025-02-03 05:00:00,3.5,5.39,51.25,-3.75,51.25,-3.75
2025-02-03 06:00:00,3.5,5.4,51.25,-3.75,51.25,-3.75
2025-02-03 07:00:00,3.58,5.46,51.25,-3.75,51.25,-3.75
2025-02-03 08:00:00,3.79,5.77,51.25,-3.75,51.25,-3.75
2025-02-03 09:00:00,4.02,6.01,51.25,-3.75,51.25,-3.75
2025-02-03 10:00:00,4.4,6.17,51.25,-3.75,51.25,-3.75
2025-02-03 11:00:00,5.24,7.0,51.25,-3.75,51.25,-3.75
2025-02-03 12:00:00,5.67,7.56,51.25,-3.75,51.25,-3.75
2025-02-03 13:00:00,5.36,7.3,51.25,-3.75,51.25,-3.75
2025-02-03 14:00:00,5.34,7.35,51.25,-3.75,51.25,-3.75
2025-02-03 15:00:00,5.06,7.21,51.25,-3.75,51.25,-3.75
2025-02-03 16:00:00,5.36,7.63,51.25,-3.75,51.25,-3.75
2025-02-03 17:00:00,5.4,8.13,51.25,-3.75,51.25,-3.75
2025-02-03 18:00:00,5.92,8.82,51.25,-3.75,51.25,-3.75
2025-02-03 19:00:00,6.56,9.68,51.25,-3.75,51.25,-3.75
2025-02-03 20:00:00,6.9,10.12,51.25,-3.75,51.25,-3.75
2025-02-03 21:00:00,7.14,10.47,51.25,-3.75,51.25,-3.75
2025-02-03 22:00:00,7.6,10.93,51.25,-3.75,51.25,-3.75
2025-02-03 23:00:00,7.63,11.02,51.25,-3.75,51.25,-3.75
2025-02-04 00:00:00,7.5,10.81,51.25,-3.75,51.25,-3.75
2025-02-04 01:00:00,7.64,10.97,51.25,-3.75,51.25,-3.75
2025-02-04 02:00:00,7.9,11.27,51.25,-3.75,51.25,-3.75
2025-02-04 03:00:00,7.86,11.15,51.25,-3.75,51.25,-3.75
2025-02-04 04:00:00,7.83,11.07,51.25,-3.75,51.25,-3.75
2025-02-04 05:00:00,7.91,11.26,51.25,-3.75,51.25,-3.75
2025-02-04 06:00:00,8.26,11.65,51.25,-3.75,51.25,-3.75
2025-02-04 07:00:00,8.71,12.24,51.25,-3.75,51.25,-3.75
2025-02-04 08:00:00,9.17,12.95,51.25,-3.75,51.25,-3.75
2025-02-04 09:00:00,9.73,13.68,51.25,-3.75,51.25,-3.75
2025-02-04 10:00:00,9.28,12.85,51.25,-3.75,51.25,-3.75
2025-02-04 11:00:00,10.03,13.83,51.25,-3.75,51.25,-3.75
2025-02-04 12:00:00,10.45,14.47,51.25,-3.75,51.25,-3.75
2025-02-04 13:00:00,9.98,13.82,51.25,-3.75,51.25,-3.75
2025-02-04 14:00:00,9.1,12.39,51.25,-3.75,51.25,-3.75
2025-02-04 15:00:00,9.42,12.7,51.25,-3.75,51.25,-3.75
2025-02-04 16:00:00,9.97,13.43,51.25,-3.75,51.25,-3.75
2025-02-04 17:00:00,9.54,12.99,51.25,-3.75,51.25,-3.75
2025-02-04 18:00:00,9.17,12.47,51.25,-3.75,51.25,-3.75
2025-02-04 19:00:00,8.87,12.08,51.25,-3.75,51.25,-3.75
2025-02-04 20:00:00,8.44,11.68,51.25,-3.75,51.25,-3.75
2025-02-04 21:00:00,8.17,11.3,51.25,-3.75,51.25,-3.75
2025-02-04 22:00:00,8.2,11.32,51.25,-3.75,51.25,-3.75
2025-02-04 23:00:00,7.7,10.68,51.25,-3.75,51.25,-3.75
2025-02-05 00:00:00,7.23,10.01,51.25,-3.75,51.25,-3.75
2025-02-05 01:00:00,7.08,9.91,51.25,-3.75,51.25,-3.75
2025-02-05 02:00:00,7.03,9.66,51.25,-3.75,51.25,-3.75
2025-02-05 03:00:00,7.23,9.76,51.25,-3.75,51.25,-3.75
2025-02-05 04:00:00,7.51,9.95,51.25,-3.75,51.25,-3.75
2025-02-05 05:00:00,6.67,8.96,51.25,-3.75,51.25,-3.75
2025-02-05 06:00:00,5.72,7.95,51.25,-3.75,51.25,-3.75
2025-02-05 07:00:00,5.15,7.29,51.25,-3.75,51.25,-3.75
2025-02-05 08:00:00,4.7,6.7,51.25,-3.75,51.25,-3.75
2025-02-05 09:00:00,4.6,6.51,51.25,-3.75,51.25,-3.75
2025-02-05 10:00:00,4.76,6.11,51.25,-3.75,51.25,-3.75
2025-02-05 11:00:00,4.61,5.8,51.25,-3.75,51.25,-3.75
2025-02-05 12:00:00,4.36,5.67,51.25,-3.75,51.25,-3.75
2025-02-05 13:00:00,4.0,5.15,51.25,-3.75,51.25,-3.75
2025-02-05 14:00:00,3.89,4.99,51.25,-3.75,51.25,-3.75
2025-02-05 15:00:00,3.83,4.98,51.25,-3.75,51.25,-3.75
2025-02-05 16:00:00,3.37,4.54,51.25,-3.75,51.25,-3.75
2025-02-05 17:00:00,2.87,4.18,51.25,-3.75,51.25,-3.75
2025-02-05 18:00:00,2.69,4.02,51.25,-3.75,51.25,-3.75
2025-02-05 19:00:00,2.38,3.75,51.25,-3.75,51.25,-3.75
2025-02-05 20:00:00,2.12,3.34,51.25,-3.75,51.25,-3.75
2025-02-05 21:00:00,2.48,3.86,51.25,-3.75,51.25,-3.75
2025-02-05 22:00:00,3.16,4.74,51.25,-3.75,51.25,-3.75
2025-02-05 23:00:00,3.44,5.36,51.25,-3.75,51.25,-3.75
2025-02-06 00:00:00,3.91,6.17,51.25,-3.75,51.25,-3.75
2025-02-06 01:00:00,4.37,6.67,51.25,-3.75,51.25,-3.75
2025-02-06 02:00:00,4.69,6.81,51.25,-3.75,51.25,-3.75
2025-02-06 03:00:00,5.11,7.27,51.25,-3.75,51.25,-3.75
2025-02-06 04:00:00,5.39,7.4,51.25,-3.75,51.25,-3.75
2025-02-06 05:00:00,5.51,7.42,51.25,-3.75,51.25,-3.75
2025-02-06 06:00:00,5.81,7.76,51.25,-3.75,51.25,-3.75
2025-02-06 07:00:00,6.36,8.35,51.25,-3.75,51.25,-3.75
2025-02-06 08:00:00,6.76,8.71,51.25,-3.75,51.25,-3.75
2025-02-06 09:00:00,6.97,8.77,51.25,-3.75,51.25,-3.75
2025-02-06 10:00:00,7.26,8.91,51.25,-3.75,51.25,-3.75
2025-02-06 11:00:00,7.0,8.35,51.25,-3.75,51.25,-3.75
2025-02-06 12:00:00,6.96,8.26,51.25,-3.75,51.25,-3.75
2025-02-06 13:00:00,7.0,8.24,51.25,-3.75,51.25,-3.75
2025-02-06 14:00:00,7.25,8.54,51.25,-3.75,51.25,-3.75
2025-02-06 15:00:00,7.82,9.35,51.25,-3.75,51.25,-3.75
2025-02-06 16:00:00,8.54,10.5,51.25,-3.75,51.25,-3.75
2025-02-06 17:00:00,8.43,10.89,51.25,-3.75,51.25,-3.75
2025-02-06 18:00:00,8.15,10.79,51.25,-3.75,51.25,-3.75
2025-02-06 19:00:00,8.48,11.16,51.25,-3.75,51.25,-3.75
2025-02-06 20:00:00,9.01,11.67,51.25,-3.75,51.25,-3.75
2025-02-06 21:00:00,9.36,11.94,51.25,-3.75,51.25,-3.75
2025-02-06 22:00:00,9.44,12.05,51.25,-3.75,51.25,-3.75
2025-02-06 23:00:00,9.38,11.76,51.25,-3.75,51.25,-3.75
2025-02-07 00:00:00,9.36,11.77,51.25,-3.75,51.25,-3.75
2025-02-07 01:00:00,9.55,11.97,51.25,-3.75,51.25,-3.75
2025-02-07 02:00:00,10.0,12.46,51.25,-3.75,51.25,-3.75
2025-02-07 03:00:00,11.25,13.8,51.25,-3.75,51.25,-3.75
2025-02-07 04:00:00,11.76,14.45,51.25,-3.75,51.25,-3.75
2025-02-07 05:00:00,11.9,14.62,51.25,-3.75,51.25,-3.75
2025-02-07 06:00:00,11.88,14.6,51.25,-3.75,51.25,-3.75
2025-02-07 07:00:00,12.16,14.95,51.25,-3.75,51.25,-3.75
2025-02-07 08:00:00,12.74,15.61,51.25,-3.75,51.25,-3.75
2025-02-07 09:00:00,12.32,15.03,51.25,-3.75,51.25,-3.75
2025-02-07 10:00:00,12.34,15.12,51.25,-3.75,51.25,-3.75
2025-02-07 11:00:00,12.8,15.64,51.25,-3.75,51.25,-3.75
2025-02-07 12:00:00,12.08,14.72,51.25,-3.75,51.25,-3.75
2025-02-07 13:00:00,11.72,14.27,51.25,-3.75,51.25,-3.75
2025-02-07 14:00:00,11.21,13.71,51.25,-3.75,51.25,-3.75
2025-02-07 15:00:00,11.44,14.02,51.25,-3.75,51.25,-3.75
2025-02-07 16:00:00,10.57,12.98,51.25,-3.75,51.25,-3.75
2025-02-07 17:00:00,10.4,12.73,51.25,-3.75,51.25,-3.75
2025-02-07 18:00:00,10.29,12.58,51.25,-3.75,51.25,-3.75
2025-02-07 19:00:00,10.11,12.29,51.25,-3.75,51.25,-3.75
2025-02-07 20:00:00,10.17,12.24,51.25,-3.75,51.25,-3.75
2025-02-07 21:00:00,10.01,12.05,51.25,-3.75,51.25,-3.75
2025-02-07 22:00:00,9.71,11.74,51.25,-3.75,51.25,-3.75
2025-02-07 23:00:00,9.7,11.73,51.25,-3.75,51.25,-3.75
2025-02-08 00:00:00,9.25,11.31,51.25,-3.75,51.25,-3.75
2025-02-08 01:00:00,9.12,11.15,51.25,-3.75,51.25,-3.75
2025-02-08 02:00:00,8.91,10.81,51.25,-3.75,51.25,-3.75
2025-02-08 03:00:00,8.67,10.55,51.25,-3.75,51.25,-3.75
2025-02-08 04:00:00,8.25,10.0,51.25,-3.75,51.25,-3.75
2025-02-08 05:00:00,6.99,8.56,51.25,-3.75,51.25,-3.75
2025-02-08 06:00:00,6.32,7.57,51.25,-3.75,51.25,-3.75
2025-02-08 07:00:00,5.96,7.12,51.25,-3.75,51.25,-3.75
2025-02-08 08:00:00,5.61,6.82,51.25,-3.75,51.25,-3.75
2025-02-08 09:00:00,5.4,6.44,51.25,-3.75,51.25,-3.75
2025-02-08 10:00:00,5.42,6.13,51.25,-3.75,51.25,-3.75
2025-02-08 11:00:00,5.1,5.68,51.25,-3.75,51.25,-3.75
2025-02-08 12:00:00,5.17,5.81,51.25,-3.75,51.25,-3.75
2025-02-08 13:00:00,5.63,6.38,51.25,-3.75,51.25,-3.75
2025-02-08 14:00:00,5.48,6.19,51.25,-3.75,51.25,-3.75
2025-02-08 15:00:00,5.13,5.76,51.25,-3.75,51.25,-3.75
2025-02-08 16:00:00,5.02,5.8,51.25,-3.75,51.25,-3.75
2025-02-08 17:00:00,4.93,5.79,51.25,-3.75,51.25,-3.75
2025-02-08 18:00:00,5.1,6.07,51.25,-3.75,51.25,-3.75
2025-02-08 19:00:00,4.84,5.73,51.25,-3.75,51.25,-3.75
2025-02-08 20:00:00,4.56,5.45,51.25,-3.75,51.25,-3.75
2025-02-08 21:00:00,5.42,6.46,51.25,-3.75,51.25,-3.75
2025-02-08 22:00:00,5.85,7.09,51.25,-3.75,51.25,-3.75
2025-02-08 23:00:00,5.95,7.13,51.25,-3.75,51.25,-3.75
2025-02-09 00:00:00,5.64,6.69,51.25,-3.75,51.25,-3.75
2025-02-09 01:00:00,5.49,6.45,51.25,-3.75,51.25,-3.75
2025-02-09 02:00:00,5.13,6.02,51.25,-3.75,51.25,-3.75
2025-02-09 03:00:00,5.0,5.89,51.25,-3.75,51.25,-3.75
2025-02-09 04:00:00,5.06,6.02,51.25,-3.75,51.25,-3.75
2025-02-09 05:00:00,5.25,6.33,51.25,-3.75,51.25,-3.75
2025-02-09 06:00:00,5.19,6.31,51.25,-3.75,51.25,-3.75
2025-02-09 07:00:00,5.28,6.52,51.25,-3.75,51.25,-3.75
2025-02-09 08:00:00,5.14,6.53,51.25,-3.75,51.25,-3.75
2025-02-09 09:00:00,5.21,6.47,51.25,-3.75,51.25,-3.75
2025-02-09 10:00:00,6.15,7.23,51.25,-3.75,51.25,-3.75
2025-02-09 11:00:00,6.39,7.45,51.25,-3.75,51.25,-3.75
2025-02-09 12:00:00,6.56,7.67,51.25,-3.75,51.25,-3.75
2025-02-09 13:00:00,6.51,7.65,51.25,-3.75,51.25,-3.75
2025-02-09 14:00:00,6.84,8.18,51.25,-3.75,51.25,-3.75
2025-02-09 15:00:00,7.43,10.06,51.25,-3.75,51.25,-3.75
2025-02-09 16:00:00,6.81,9.45,51.25,-3.75,51.25,-3.75
2025-02-09 17:00:00,8.29,11.09,51.25,-3.75,51.25,-3.75
2025-02-09 18:00:00,8.26,11.34,51.25,-3.75,51.25,-3.75
2025-02-09 19:00:00,8.01,10.79,51.25,-3.75,51.25,-3.75
2025-02-09 20:00:00,8.16,10.87,51.25,-3.75,51.25,-3.75
2025-02-09 21:00:00,8.38,10.78,51.25,-3.75,51.25,-3.75
2025-02-09 22:00:00,8.34,10.86,51.25,-3.75,51.25,-3.75
2025-02-09 23:00:00,8.89,11.28,51.25,-3.75,51.25,-3.75
2025-02-10 00:00:00,8.67,11.17,51.25,-3.75,51.25,-3.75
2025-02-10 01:00:00,9.18,11.79,51.25,-3.75,51.25,-3.75
2025-02-10 02:00:00,9.29,11.91,51.25,-3.75,51.25,-3.75
2025-02-10 03:00:00,9.54,12.15,51.25,-3.75,51.25,-3.75
2025-02-10 04:00:00,9.24,11.7,51.25,-3.75,51.25,-3.75
2025-02-10 05:00:00,9.09,11.37,51.25,-3.75,51.25,-3.75
2025-02-10 06:00:00,8.95,11.16,51.25,-3.75,51.25,-3.75
2025-02-10 07:00:00,9.51,11.75,51.25,-3.75,51.25,-3.75
2025-02-10 08:00:00,10.42,12.61,51.25,-3.75,51.25,-3.75
2025-02-10 09:00:00,10.29,12.34,51.25,-3.75,51.25,-3.75
2025-02-10 10:00:00,9.79,11.9,51.25,-3.75,51.25,-3.75
2025-02-10 11:00:00,10.18,12.4,51.25,-3.75,51.25,-3.75
2025-02-10 12:00:00,10.21,12.36,51.25,-3.75,51.25,-3.75
2025-02-10 13:00:00,10.2,12.19,51.25,-3.75,51.25,-3.75
2025-02-10 14:00:00,9.93,11.9,51.25,-3.75,51.25,-3.75
2025-02-10 15:00:00,9.78,11.71,51.25,-3.75,51.25,-3.75
2025-02-10 16:00:00,8.82,10.53,51.25,-3.75,51.25,-3.75
2025-02-10 17:00:00,8.11,9.73,51.25,-3.75,51.25,-3.75
2025-02-10 18:00:00,7.0,8.56,51.25,-3.75,51.25,-3.75
2025-02-10 19:00:00,6.73,8.25,51.25,-3.75,51.25,-3.75
2025-02-10 20:00:00,7.01,8.53,51.25,-3.75,51.25,-3.75
2025-02-10 21:00:00,7.25,8.74,51.25,-3.75,51.25,-3.75
2025-02-10 22:00:00,5.35,6.71,51.25,-3.75,51.25,-3.75
2025-02-10 23:00:00,4.78,5.98,51.25,-3.75,51.25,-3.75
2025-02-11 00:00:00,5.29,6.59,51.25,-3.75,51.25,-3.75
2025-02-11 01:00:00,6.29,7.57,51.25,-3.75,51.25,-3.75
2025-02-11 02:00:00,5.9,7.07,51.25,-3.75,51.25,-3.75
2025-02-11 03:00:00,5.37,6.4,51.25,-3.75,51.25,-3.75
2025-02-11 04:00:00,4.68,5.62,51.25,-3.75,51.25,-3.75
2025-02-11 05:00:00,4.53,5.51,51.25,-3.75,51.25,-3.75
2025-02-11 06:00:00,4.83,5.66,51.25,-3.75,51.25,-3.75
2025-02-11 07:00:00,4.83,5.68,51.25,-3.75,51.25,-3.75
2025-02-11 08:00:00,4.34,5.17,51.25,-3.75,51.25,-3.75
2025-02-11 09:00:00,3.94,4.55,51.25,-3.75,51.25,-3.75
2025-02-11 10:00:00,4.76,5.58,51.25,-3.75,51.25,-3.75
2025-02-11 11:00:00,4.82,5.52,51.25,-3.75,51.25,-3.75
2025-02-11 12:00:00,4.4,4.95,51.25,-3.75,51.25,-3.75
2025-02-11 13:00:00,4.3,4.85,51.25,-3.75,51.25,-3.75
2025-02-11 14:00:00,4.36,4.92,51.25,-3.75,51.25,-3.75
2025-02-11 15:00:00,4.71,5.36,51.25,-3.75,51.25,-3.75
2025-02-11 16:00:00,4.75,5.4,51.25,-3.75,51.25,-3.75
2025-02-11 17:00:00,4.8,5.6,51.25,-3.75,51.25,-3.75
2025-02-11 18:00:00,5.25,6.25,51.25,-3.75,51.25,-3.75
2025-02-11 19:00:00,5.4,6.55,51.25,-3.75,51.25,-3.75
2025-02-11 20:00:00,5.45,6.7,51.25,-3.75,51.25,-3.75
2025-02-11 21:00:00,5.8,7.15,51.25,-3.75,51.25,-3.75
2025-02-11 22:00:00,6.33,7.72,51.25,-3.75,51.25,-3.75
2025-02-11 23:00:00,6.43,7.81,51.25,-3.75,51.25,-3.75
2025-02-12 00:00:00,6.77,8.3,51.25,-3.75,51.25,-3.75
2025-02-12 01:00:00,6.94,8.55,51.25,-3.75,51.25,-3.75
2025-02-12 02:00:00,6.81,8.47,51.25,-3.75,51.25,-3.75
2025-02-12 03:00:00,6.63,8.31,51.25,-3.75,51.25,-3.75
2025-02-12 04:00:00,6.22,7.74,51.25,-3.75,51.25,-3.75
2025-02-12 05:00:00,6.3,7.72,51.25,-3.75,51.25,-3.75
2025-02-12 06:00:00,6.9,8.3,51.25,-3.75,51.25,-3.75
2025-02-12 07:00:00,6.95,8.4,51.25,-3.75,51.25,-3.75
2025-02-12 08:00:00,6.65,8.0,51.25,-3.75,51.25,-3.75
2025-02-12 09:00:00,6.55,7.95,51.25,-3.75,51.25,-3.75
2025-02-12 10:00:00,6.92,8.04,51.25,-3.75,51.25,-3.75
2025-02-12 11:00:00,6.7,7.66,51.25,-3.75,51.25,-3.75
2025-02-12 12:00:00,6.45,7.4,51.25,-3.75,51.25,-3.75
2025-02-12 13:00:00,6.25,7.2,51.25,-3.75,51.25,-3.75
2025-02-12 14:00:00,5.96,6.85,51.25,-3.75,51.25,-3.75
2025-02-12 15:00:00,5.73,6.52,51.25,-3.75,51.25,-3.75
2025-02-12 16:00:00,5.79,6.53,51.25,-3.75,51.25,-3.75
2025-02-12 17:00:00,5.78,6.78,51.25,-3.75,51.25,-3.75
2025-02-12 18:00:00,5.58,6.68,51.25,-3.75,51.25,-3.75
2025-02-12 19:00:00,5.07,6.27,51.25,-3.75,51.25,-3.75
2025-02-12 20:00:00,5.03,6.29,51.25,-3.75,51.25,-3.75
2025-02-12 21:00:00,5.05,6.45,51.25,-3.75,51.25,-3.75
2025-02-12 22:00:00,4.9,6.15,51.25,-3.75,51.25,-3.75
2025-02-12 23:00:00,4.5,5.69,51.25,-3.75,51.25,-3.75
2025-02-13 00:00:00,5.06,6.4,51.25,-3.75,51.25,-3.75
2025-02-13 01:00:00,5.66,7.16,51.25,-3.75,51.25,-3.75
2025-02-13 02:00:00,5.86,7.4,51.25,-3.75,51.25,-3.75
2025-02-13 03:00:00,5.76,7.21,51.25,-3.75,51.25,-3.75
2025-02-13 04:00:00,6.27,7.77,51.25,-3.75,51.25,-3.75
2025-02-13 05:00:00,6.83,8.43,51.25,-3.75,51.25,-3.75
2025-02-13 06:00:00,7.05,8.7,51.25,-3.75,51.25,-3.75
2025-02-13 07:00:00,7.77,9.56,51.25,-3.75,51.25,-3.75
2025-02-13 08:00:00,8.35,10.3,51.25,-3.75,51.25,-3.75
2025-02-13 09:00:00,8.66,10.52,51.25,-3.75,51.25,-3.75
2025-02-13 10:00:00,9.07,10.81,51.25,-3.75,51.25,-3.75
2025-02-13 11:00:00,9.24,10.95,51.25,-3.75,51.25,-3.75
2025-02-13 12:00:00,9.24,10.87,51.25,-3.75,51.25,-3.75
2025-02-13 13:00:00,9.28,11.0,51.25,-3.75,51.25,-3.75
2025-02-13 14:00:00,8.53,10.13,51.25,-3.75,51.25,-3.75
2025-02-13 15:00:00,8.43,10.0,51.25,-3.75,51.25,-3.75
2025-02-13 16:00:00,8.81,10.48,51.25,-3.75,51.25,-3.75
2025-02-13 17:00:00,8.63,10.34,51.25,-3.75,51.25,-3.75
2025-02-13 18:00:00,8.85,10.76,51.25,-3.75,51.25,-3.75
2025-02-13 19:00:00,9.71,11.86,51.25,-3.75,51.25,-3.75
2025-02-13 20:00:00,10.39,12.82,51.25,-3.75,51.25,-3.75
2025-02-13 21:00:00,11.04,13.61,51.25,-3.75,51.25,-3.75
2025-02-13 22:00:00,10.79,13.39,51.25,-3.75,51.25,-3.75
2025-02-13 23:00:00,11.7,14.51,51.25,-3.75,51.25,-3.75
2025-02-14 00:00:00,11.83,14.68,51.25,-3.75,51.25,-3.75
2025-02-14 01:00:00,12.35,15.33,51.25,-3.75,51.25,-3.75
2025-02-14 02:00:00,11.54,14.47,51.25,-3.75,51.25,-3.75
2025-02-14 03:00:00,11.64,14.61,51.25,-3.75,51.25,-3.75
2025-02-14 04:00:00,11.62,14.55,51.25,-3.75,51.25,-3.75
2025-02-14 05:00:00,11.31,14.14,51.25,-3.75,51.25,-3.75
2025-02-14 06:00:00,11.45,14.28,51.25,-3.75,51.25,-3.75
2025-02-14 07:00:00,11.51,14.44,51.25,-3.75,51.25,-3.75
2025-02-14 08:00:00,11.62,14.58,51.25,-3.75,51.25,-3.75
2025-02-14 09:00:00,12.49,15.5,51.25,-3.75,51.25,-3.75
2025-02-14 10:00:00,11.21,13.8,51.25,-3.75,51.25,-3.75
2025-02-14 11:00:00,11.86,14.61,51.25,-3.75,51.25,-3.75
2025-02-14 12:00:00,11.84,14.73,51.25,-3.75,51.25,-3.75
2025-02-14 13:00:00,11.45,14.33,51.25,-3.75,51.25,-3.75
2025-02-14 14:00:00,11.05,13.82,51.25,-3.75,51.25,-3.75
2025-02-14 15:00:00,10.66,13.08,51.25,-3.75,51.25,-3.75
2025-02-14 16:00:00,9.6,11.78,51.25,-3.75,51.25,-3.75
2025-02-14 17:00:00,8.79,10.97,51.25,-3.75,51.25,-3.75
2025-02-14 18:00:00,8.26,10.29,51.25,-3.75,51.25,-3.75
2025-02-14 19:00:00,8.06,10.08,51.25,-3.75,51.25,-3.75
2025-02-14 20:00:00,7.76,9.89,51.25,-3.75,51.25,-3.75
2025-02-14 21:00:00,7.42,9.53,51.25,-3.75,51.25,-3.75
2025-02-14 22:00:00,7.57,9.28,51.25,-3.75,51.25,-3.75
2025-02-14 23:00:00,7.2,9.13,51.25,-3.75,51.25,-3.75
2025-02-15 00:00:00,6.91,8.82,51.25,-3.75,51.25,-3.75
2025-02-15 01:00:00,6.93,8.98,51.25,-3.75,51.25,-3.75
2025-02-15 02:00:00,6.59,8.71,51.25,-3.75,51.25,-3.75
2025-02-15 03:00:00,6.31,8.63,51.25,-3.75,51.25,-3.75
2025-02-15 04:00:00,5.97,8.24,51.25,-3.75,51.25,-3.75
2025-02-15 05:00:00,5.59,7.86,51.25,-3.75,51.25,-3.75
2025-02-15 06:00:00,5.6,7.74,51.25,-3.75,51.25,-3.75
2025-02-15 07:00:00,5.55,7.82,51.25,-3.75,51.25,-3.75
2025-02-15 08:00:00,5.71,8.06,51.25,-3.75,51.25,-3.75
2025-02-15 09:00:00,5.32,7.64,51.25,-3.75,51.25,-3.75
2025-02-15 10:00:00,4.64,6.51,51.25,-3.75,51.25,-3.75
2025-02-15 11:00:00,4.62,6.44,51.25,-3.75,51.25,-3.75
2025-02-15 12:00:00,4.76,6.74,51.25,-3.75,51.25,-3.75
2025-02-15 13:00:00,5.07,7.06,51.25,-3.75,51.25,-3.75
2025-02-15 14:00:00,5.09,6.8,51.25,-3.75,51.25,-3.75
2025-02-15 15:00:00,4.8,6.36,51.25,-3.75,51.25,-3.75
2025-02-15 16:00:00,4.72,6.31,51.25,-3.75,51.25,-3.75
2025-02-15 17:00:00,4.61,6.25,51.25,-3.75,51.25,-3.75
2025-02-15 18:00:00,4.61,6.54,51.25,-3.75,51.25,-3.75
2025-02-15 19:00:00,4.94,7.04,51.25,-3.75,51.25,-3.75
2025-02-15 20:00:00,5.27,7.4,51.25,-3.75,51.25,-3.75
2025-02-15 21:00:00,5.57,7.69,51.25,-3.75,51.25,-3.75
2025-02-15 22:00:00,5.63,7.74,51.25,-3.75,51.25,-3.75
2025-02-15 23:00:00,5.92,8.03,51.25,-3.75,51.25,-3.75
2025-02-16 00:00:00,6.57,8.72,51.25,-3.75,51.25,-3.75
2025-02-16 01:00:00,6.85,9.02,51.25,-3.75,51.25,-3.75
2025-02-16 02:00:00,7.18,9.38,51.25,-3.75,51.25,-3.75
2025-02-16 03:00:00,7.61,9.87,51.25,-3.75,51.25,-3.75
2025-02-16 04:00:00,7.8,9.99,51.25,-3.75,51.25,-3.75
2025-02-16 05:00:00,7.93,9.97,51.25,-3.75,51.25,-3.75
2025-02-16 06:00:00,7.97,9.94,51.25,-3.75,51.25,-3.75
2025-02-16 07:00:00,8.19,10.12,51.25,-3.75,51.25,-3.75
2025-02-16 08:00:00,8.68,10.76,51.25,-3.75,51.25,-3.75
2025-02-16 09:00:00,9.23,11.33,51.25,-3.75,51.25,-3.75
2025-02-16 10:00:00,9.23,11.05,51.25,-3.75,51.25,-3.75
2025-02-16 11:00:00,9.06,10.76,51.25,-3.75,51.25,-3.75
2025-02-16 12:00:00,8.89,10.56,51.25,-3.75,51.25,-3.75
2025-02-16 13:00:00,8.76,10.34,51.25,-3.75,51.25,-3.75
2025-02-16 14:00:00,8.7,10.3,51.25,-3.75,51.25,-3.75
2025-02-16 15:00:00,8.68,10.22,51.25,-3.75,51.25,-3.75
2025-02-16 16:00:00,8.63,10.25,51.25,-3.75,51.25,-3.75
2025-02-16 17:00:00,8.8,10.55,51.25,-3.75,51.25,-3.75
2025-02-16 18:00:00,9.45,11.52,51.25,-3.75,51.25,-3.75
2025-02-16 19:00:00,9.84,12.01,51.25,-3.75,51.25,-3.75
2025-02-16 20:00:00,9.7,11.91,51.25,-3.75,51.25,-3.75
2025-02-16 21:00:00,9.63,11.77,51.25,-3.75,51.25,-3.75
2025-02-16 22:00:00,9.25,11.21,51.25,-3.75,51.25,-3.75
2025-02-16 23:00:00,9.32,11.16,51.25,-3.75,51.25,-3.75
2025-02-17 00:00:00,8.96,10.85,51.25,-3.75,51.25,-3.75
2025-02-17 01:00:00,8.61,10.4,51.25,-3.75,51.25,-3.75
2025-02-17 02:00:00,8.71,10.58,51.25,-3.75,51.25,-3.75
2025-02-17 03:00:00,8.76,10.59,51.25,-3.75,51.25,-3.75
2025-02-17 04:00:00,8.72,10.48,51.25,-3.75,51.25,-3.75
2025-02-17 05:00:00,8.69,10.5,51.25,-3.75,51.25,-3.75
2025-02-17 06:00:00,8.71,10.6,51.25,-3.75,51.25,-3.75
2025-02-17 07:00:00,9.04,11.01,51.25,-3.75,51.25,-3.75
2025-02-17 08:00:00,9.13,11.01,51.25,-3.75,51.25,-3.75
2025-02-17 09:00:00,8.9,10.61,51.25,-3.75,51.25,-3.75
2025-02-17 10:00:00,8.77,10.49,51.25,-3.75,51.25,-3.75
2025-02-17 11:00:00,8.87,10.61,51.25,-3.75,51.25,-3.75
2025-02-17 12:00:00,9.26,11.11,51.25,-3.75,51.25,-3.75
2025-02-17 13:00:00,8.93,10.87,51.25,-3.75,51.25,-3.75
2025-02-17 14:00:00,8.5,10.37,51.25,-3.75,51.25,-3.75
2025-02-17 15:00:00,8.61,10.67,51.25,-3.75,51.25,-3.75
2025-02-17 16:00:00,8.68,10.8,51.25,-3.75,51.25,-3.75
2025-02-17 17:00:00,8.14,10.28,51.25,-3.75,51.25,-3.75
2025-02-17 18:00:00,8.54,10.95,51.25,-3.75,51.25,-3.75
2025-02-17 19:00:00,8.81,11.16,51.25,-3.75,51.25,-3.75
2025-02-17 20:00:00,8.97,11.25,51.25,-3.75,51.25,-3.75
2025-02-17 21:00:00,8.86,11.07,51.25,-3.75,51.25,-3.75
2025-02-17 22:00:00,8.98,11.07,51.25,-3.75,51.25,-3.75
2025-02-17 23:00:00,9.25,11.43,51.25,-3.75,51.25,-3.75
2025-02-18 00:00:00,9.2,11.5,51.25,-3.75,51.25,-3.75
2025-02-18 01:00:00,8.86,11.07,51.25,-3.75,51.25,-3.75
2025-02-18 02:00:00,8.73,10.74,51.25,-3.75,51.25,-3.75
2025-02-18 03:00:00,8.67,10.71,51.25,-3.75,51.25,-3.75
2025-02-18 04:00:00,8.76,10.9,51.25,-3.75,51.25,-3.75
2025-02-18 05:00:00,8.92,11.2,51.25,-3.75,51.25,-3.75
2025-02-18 06:00:00,8.89,11.06,51.25,-3.75,51.25,-3.75
2025-02-18 07:00:00,8.97,11.2,51.25,-3.75,51.25,-3.75
2025-02-18 08:00:00,9.05,11.31,51.25,-3.75,51.25,-3.75
2025-02-18 09:00:00,9.25,11.45,51.25,-3.75,51.25,-3.75
2025-02-18 10:00:00,9.23,11.29,51.25,-3.75,51.25,-3.75
2025-02-18 11:00:00,9.59,11.67,51.25,-3.75,51.25,-3.75
2025-02-18 12:00:00,9.5,11.67,51.25,-3.75,51.25,-3.75
2025-02-18 13:00:00,9.44,11.8,51.25,-3.75,51.25,-3.75
2025-02-18 14:00:00,9.34,12.1,51.25,-3.75,51.25,-3.75
2025-02-18 15:00:00,9.24,12.24,51.25,-3.75,51.25,-3.75
2025-02-18 16:00:00,9.18,12.33,51.25,-3.75,51.25,-3.75
2025-02-18 17:00:00,9.6,12.96,51.25,-3.75,51.25,-3.75
2025-02-18 18:00:00,9.44,13.43,51.25,-3.75,51.25,-3.75
2025-02-18 19:00:00,9.71,13.69,51.25,-3.75,51.25,-3.75
2025-02-18 20:00:00,9.8,13.49,51.25,-3.75,51.25,-3.75
2025-02-18 21:00:00,9.74,13.46,51.25,-3.75,51.25,-3.75
2025-02-18 22:00:00,9.67,13.64,51.25,-3.75,51.25,-3.75
2025-02-18 23:00:00,9.4,13.46,51.25,-3.75,51.25,-3.75
2025-02-19 00:00:00,9.07,12.98,51.25,-3.75,51.25,-3.75
2025-02-19 01:00:00,8.83,12.74,51.25,-3.75,51.25,-3.75
2025-02-19 02:00:00,8.47,12.43,51.25,-3.75,51.25,-3.75
2025-02-19 03:00:00,8.24,11.87,51.25,-3.75,51.25,-3.75
2025-02-19 04:00:00,8.37,11.96,51.25,-3.75,51.25,-3.75
2025-02-19 05:00:00,7.99,11.7,51.25,-3.75,51.25,-3.75
2025-02-19 06:00:00,8.03,11.74,51.25,-3.75,51.25,-3.75
2025-02-19 07:00:00,8.2,11.6,51.25,-3.75,51.25,-3.75
2025-02-19 08:00:00,7.5,10.81,51.25,-3.75,51.25,-3.75
2025-02-19 09:00:00,6.83,10.01,51.25,-3.75,51.25,-3.75
2025-02-19 10:00:00,6.12,8.62,51.25,-3.75,51.25,-3.75
2025-02-19 11:00:00,5.28,7.26,51.25,-3.75,51.25,-3.75
2025-02-19 12:00:00,4.58,6.1,51.25,-3.75,51.25,-3.75
2025-02-19 13:00:00,5.0,6.82,51.25,-3.75,51.25,-3.75
2025-02-19 14:00:00,5.02,7.09,51.25,-3.75,51.25,-3.75
2025-02-19 15:00:00,5.11,7.34,51.25,-3.75,51.25,-3.75
2025-02-19 16:00:00,5.66,8.13,51.25,-3.75,51.25,-3.75
2025-02-19 17:00:00,6.15,8.91,51.25,-3.75,51.25,-3.75
2025-02-19 18:00:00,6.89,9.97,51.25,-3.75,51.25,-3.75
2025-02-19 19:00:00,7.55,10.78,51.25,-3.75,51.25,-3.75
2025-02-19 20:00:00,8.47,12.08,51.25,-3.75,51.25,-3.75
2025-02-19 21:00:00,9.53,13.6,51.25,-3.75,51.25,-3.75
2025-02-19 22:00:00,9.04,13.2,51.25,-3.75,51.25,-3.75
2025-02-19 23:00:00,9.21,13.39,51.25,-3.75,51.25,-3.75
2025-02-20 00:00:00,9.6,14.04,51.25,-3.75,51.25,-3.75
2025-02-20 01:00:00,9.65,14.09,51.25,-3.75,51.25,-3.75
2025-02-20 02:00:00,9.42,13.73,51.25,-3.75,51.25,-3.75
2025-02-20 03:00:00,9.23,13.4,51.25,-3.75,51.25,-3.75
2025-02-20 04:00:00,9.12,13.16,51.25,-3.75,51.25,-3.75
2025-02-20 05:00:00,9.32,13.44,51.25,-3.75,51.25,-3.75
2025-02-20 06:00:00,9.7,13.93,51.25,-3.75,51.25,-3.75
2025-02-20 07:00:00,10.54,15.08,51.25,-3.75,51.25,-3.75
2025-02-20 08:00:00,10.84,15.54,51.25,-3.75,51.25,-3.75
2025-02-20 09:00:00,10.88,15.5,51.25,-3.75,51.25,-3.75
2025-02-20 10:00:00,9.63,13.86,51.25,-3.75,51.25,-3.75
2025-02-20 11:00:00,9.67,13.88,51.25,-3.75,51.25,-3.75
2025-02-20 12:00:00,9.71,14.18,51.25,-3.75,51.25,-3.75
2025-02-20 13:00:00,10.31,15.34,51.25,-3.75,51.25,-3.75
2025-02-20 14:00:00,11.01,15.92,51.25,-3.75,51.25,-3.75
2025-02-20 15:00:00,10.93,15.71,51.25,-3.75,51.25,-3.75
2025-02-20 16:00:00,9.56,14.01,51.25,-3.75,51.25,-3.75
2025-02-20 17:00:00,8.46,12.39,51.25,-3.75,51.25,-3.75
2025-02-20 18:00:00,7.57,11.23,51.25,-3.75,51.25,-3.75
2025-02-20 19:00:00,6.83,10.16,51.25,-3.75,51.25,-3.75
2025-02-20 20:00:00,6.74,10.09,51.25,-3.75,51.25,-3.75
2025-02-20 21:00:00,7.2,10.7,51.25,-3.75,51.25,-3.75
2025-02-20 22:00:00,7.45,10.92,51.25,-3.75,51.25,-3.75
2025-02-20 23:00:00,8.05,11.87,51.25,-3.75,51.25,-3.75
2025-02-21 00:00:00,8.53,12.62,51.25,-3.75,51.25,-3.75
2025-02-21 01:00:00,9.64,14.08,51.25,-3.75,51.25,-3.75
2025-02-21 02:00:00,9.93,14.4,51.25,-3.75,51.25,-3.75
2025-02-21 03:00:00,10.28,14.85,51.25,-3.75,51.25,-3.75
2025-02-21 04:00:00,10.95,15.77,51.25,-3.75,51.25,-3.75
2025-02-21 05:00:00,11.25,16.17,51.25,-3.75,51.25,-3.75
2025-02-21 06:00:00,12.03,17.25,51.25,-3.75,51.25,-3.75
2025-02-21 07:00:00,12.93,18.52,51.25,-3.75,51.25,-3.75
2025-02-21 08:00:00,13.38,19.0,51.25,-3.75,51.25,-3.75
2025-02-21 09:00:00,13.36,18.92,51.25,-3.75,51.25,-3.75
2025-02-21 10:00:00,13.21,18.64,51.25,-3.75,51.25,-3.75
2025-02-21 11:00:00,13.96,19.85,51.25,-3.75,51.25,-3.75
2025-02-21 12:00:00,13.39,19.04,51.25,-3.75,51.25,-3.75
2025-02-21 13:00:00,12.37,17.64,51.25,-3.75,51.25,-3.75
2025-02-21 14:00:00,11.81,16.56,51.25,-3.75,51.25,-3.75
2025-02-21 15:00:00,9.84,14.11,51.25,-3.75,51.25,-3.75
2025-02-21 16:00:00,9.15,13.17,51.25,-3.75,51.25,-3.75
2025-02-21 17:00:00,8.48,12.22,51.25,-3.75,51.25,-3.75
2025-02-21 18:00:00,7.42,10.72,51.25,-3.75,51.25,-3.75
2025-02-21 19:00:00,6.89,9.88,51.25,-3.75,51.25,-3.75
2025-02-21 20:00:00,6.07,9.02,51.25,-3.75,51.25,-3.75
2025-02-21 21:00:00,5.63,8.53,51.25,-3.75,51.25,-3.75
2025-02-21 22:00:00,4.11,6.84,51.25,-3.75,51.25,-3.75
2025-02-21 23:00:00,3.94,6.51,51.25,-3.75,51.25,-3.75
2025-02-22 00:00:00,4.54,7.26,51.25,-3.75,51.25,-3.75
2025-02-22 01:00:00,4.38,7.2,51.25,-3.75,51.25,-3.75
2025-02-22 02:00:00,4.83,7.82,51.25,-3.75,51.25,-3.75
2025-02-22 03:00:00,5.34,8.39,51.25,-3.75,51.25,-3.75
2025-02-22 04:00:00,5.44,8.41,51.25,-3.75,51.25,-3.75
2025-02-22 05:00:00,5.15,8.15,51.25,-3.75,51.25,-3.75
2025-02-22 06:00:00,5.33,8.47,51.25,-3.75,51.25,-3.75
2025-02-22 07:00:00,5.9,9.08,51.25,-3.75,51.25,-3.75
2025-02-22 08:00:00,6.44,9.62,51.25,-3.75,51.25,-3.75
2025-02-22 09:00:00,6.55,9.67,51.25,-3.75,51.25,-3.75
2025-02-22 10:00:00,6.74,9.62,51.25,-3.75,51.25,-3.75
2025-02-22 11:00:00,6.6,9.28,51.25,-3.75,51.25,-3.75
2025-02-22 12:00:00,6.39,8.85,51.25,-3.75,51.25,-3.75
2025-02-22 13:00:00,6.43,8.89,51.25,-3.75,51.25,-3.75
2025-02-22 14:00:00,6.39,8.88,51.25,-3.75,51.25,-3.75
2025-02-22 15:00:00,6.2,8.65,51.25,-3.75,51.25,-3.75
2025-02-22 16:00:00,5.88,8.43,51.25,-3.75,51.25,-3.75
2025-02-22 17:00:00,5.67,8.35,51.25,-3.75,51.25,-3.75
2025-02-22 18:00:00,5.4,8.23,51.25,-3.75,51.25,-3.75
2025-02-22 19:00:00,5.02,7.87,51.25,-3.75,51.25,-3.75
2025-02-22 20:00:00,5.06,8.07,51.25,-3.75,51.25,-3.75
2025-02-22 21:00:00,5.14,8.23,51.25,-3.75,51.25,-3.75
2025-02-22 22:00:00,5.65,8.9,51.25,-3.75,51.25,-3.75
2025-02-22 23:00:00,6.03,9.32,51.25,-3.75,51.25,-3.75
2025-02-23 00:00:00,6.56,9.95,51.25,-3.75,51.25,-3.75
2025-02-23 01:00:00,7.25,10.74,51.25,-3.75,51.25,-3.75
2025-02-23 02:00:00,7.84,11.46,51.25,-3.75,51.25,-3.75
2025-02-23 03:00:00,8.2,11.93,51.25,-3.75,51.25,-3.75
2025-02-23 04:00:00,8.53,12.34,51.25,-3.75,51.25,-3.75
2025-02-23 05:00:00,8.91,12.8,51.25,-3.75,51.25,-3.75
2025-02-23 06:00:00,9.52,13.61,51.25,-3.75,51.25,-3.75
2025-02-23 07:00:00,10.31,14.64,51.25,-3.75,51.25,-3.75
2025-02-23 08:00:00,11.05,15.6,51.25,-3.75,51.25,-3.75
2025-02-23 09:00:00,11.76,16.48,51.25,-3.75,51.25,-3.75
2025-02-23 10:00:00,12.1,16.94,51.25,-3.75,51.25,-3.75
2025-02-23 11:00:00,13.24,18.59,51.25,-3.75,51.25,-3.75
2025-02-23 12:00:00,13.87,19.35,51.25,-3.75,51.25,-3.75
2025-02-23 13:00:00,13.88,19.39,51.25,-3.75,51.25,-3.75
2025-02-23 14:00:00,13.59,18.93,51.25,-3.75,51.25,-3.75
2025-02-23 15:00:00,13.31,18.63,51.25,-3.75,51.25,-3.75
2025-02-23 16:00:00,13.51,18.88,51.25,-3.75,51.25,-3.75
2025-02-23 17:00:00,13.06,18.28,51.25,-3.75,51.25,-3.75
2025-02-23 18:00:00,12.1,16.97,51.25,-3.75,51.25,-3.75
2025-02-23 19:00:00,10.86,15.23,51.25,-3.75,51.25,-3.75
2025-02-23 20:00:00,9.21,13.08,51.25,-3.75,51.25,-3.75
2025-02-23 21:00:00,8.26,11.96,51.25,-3.75,51.25,-3.75
2025-02-23 22:00:00,7.3,10.94,51.25,-3.75,51.25,-3.75
2025-02-23 23:00:00,6.62,10.12,51.25,-3.75,51.25,-3.75
2025-02-24 00:00:00,6.42,9.84,51.25,-3.75,51.25,-3.75
2025-02-24 01:00:00,6.34,9.75,51.25,-3.75,51.25,-3.75
2025-02-24 02:00:00,6.65,10.03,51.25,-3.75,51.25,-3.75
2025-02-24 03:00:00,7.14,10.56,51.25,-3.75,51.25,-3.75
2025-02-24 04:00:00,7.38,10.75,51.25,-3.75,51.25,-3.75
2025-02-24 05:00:00,7.88,11.44,51.25,-3.75,51.25,-3.75
2025-02-24 06:00:00,8.05,11.55,51.25,-3.75,51.25,-3.75
2025-02-24 07:00:00,8.17,11.59,51.25,-3.75,51.25,-3.75
2025-02-24 08:00:00,7.99,11.49,51.25,-3.75,51.25,-3.75
2025-02-24 09:00:00,8.22,11.63,51.25,-3.75,51.25,-3.75
2025-02-24 10:00:00,8.9,12.35,51.25,-3.75,51.25,-3.75
2025-02-24 11:00:00,8.35,11.39,51.25,-3.75,51.25,-3.75
2025-02-24 12:00:00,7.73,10.52,51.25,-3.75,51.25,-3.75
2025-02-24 13:00:00,7.57,10.33,51.25,-3.75,51.25,-3.75
2025-02-24 14:00:00,7.45,10.16,51.25,-3.75,51.25,-3.75
2025-02-24 15:00:00,7.38,10.3,51.25,-3.75,51.25,-3.75
2025-02-24 16:00:00,7.88,11.04,51.25,-3.75,51.25,-3.75
2025-02-24 17:00:00,7.54,10.71,51.25,-3.75,51.25,-3.75
2025-02-24 18:00:00,6.69,9.73,51.25,-3.75,51.25,-3.75
2025-02-24 19:00:00,6.82,9.81,51.25,-3.75,51.25,-3.75
2025-02-24 20:00:00,6.6,9.4,51.25,-3.75,51.25,-3.75
2025-02-24 21:00:00,5.86,8.38,51.25,-3.75,51.25,-3.75
2025-02-24 22:00:00,5.67,8.54,51.25,-3.75,51.25,-3.75
2025-02-24 23:00:00,5.34,8.08,51.25,-3.75,51.25,-3.75
2025-02-25 00:00:00,5.66,8.41,51.25,-3.75,51.25,-3.75
2025-02-25 01:00:00,5.66,8.22,51.25,-3.75,51.25,-3.75
2025-02-25 02:00:00,5.17,7.56,51.25,-3.75,51.25,-3.75
2025-02-25 03:00:00,5.74,8.29,51.25,-3.75,51.25,-3.75
2025-02-25 04:00:00,6.83,9.53,51.25,-3.75,51.25,-3.75
2025-02-25 05:00:00,6.82,9.46,51.25,-3.75,51.25,-3.75
2025-02-25 06:00:00,5.99,8.49,51.25,-3.75,51.25,-3.75
2025-02-25 07:00:00,5.48,7.8,51.25,-3.75,51.25,-3.75
2025-02-25 08:00:00,5.82,8.1,51.25,-3.75,51.25,-3.75
2025-02-25 09:00:00,6.75,8.93,51.25,-3.75,51.25,-3.75
2025-02-25 10:00:00,7.07,9.12,51.25,-3.75,51.25,-3.75
2025-02-25 11:00:00,7.58,9.52,51.25,-3.75,51.25,-3.75
2025-02-25 12:00:00,7.89,9.88,51.25,-3.75,51.25,-3.75
2025-02-25 13:00:00,8.08,10.21,51.25,-3.75,51.25,-3.75
2025-02-25 14:00:00,7.77,9.93,51.25,-3.75,51.25,-3.75
2025-02-25 15:00:00,7.76,10.0,51.25,-3.75,51.25,-3.75
2025-02-25 16:00:00,7.91,10.16,51.25,-3.75,51.25,-3.75
2025-02-25 17:00:00,7.7,10.1,51.25,-3.75,51.25,-3.75
2025-02-25 18:00:00,7.26,9.73,51.25,-3.75,51.25,-3.75
2025-02-25 19:00:00,7.5,10.01,51.25,-3.75,51.25,-3.75
2025-02-25 20:00:00,7.5,10.1,51.25,-3.75,51.25,-3.75
2025-02-25 21:00:00,7.41,10.0,51.25,-3.75,51.25,-3.75
2025-02-25 22:00:00,6.7,9.21,51.25,-3.75,51.25,-3.75
2025-02-25 23:00:00,7.54,10.09,51.25,-3.75,51.25,-3.75
2025-02-26 00:00:00,7.51,10.25,51.25,-3.75,51.25,-3.75
2025-02-26 01:00:00,6.65,9.37,51.25,-3.75,51.25,-3.75
2025-02-26 02:00:00,7.2,9.94,51.25,-3.75,51.25,-3.75
2025-02-26 03:00:00,8.07,11.17,51.25,-3.75,51.25,-3.75
2025-02-26 04:00:00,8.81,12.09,51.25,-3.75,51.25,-3.75
2025-02-26 05:00:00,8.94,12.26,51.25,-3.75,51.25,-3.75
2025-02-26 06:00:00,8.7,11.97,51.25,-3.75,51.25,-3.75
2025-02-26 07:00:00,8.15,11.46,51.25,-3.75,51.25,-3.75
2025-02-26 08:00:00,7.34,9.87,51.25,-3.75,51.25,-3.75
2025-02-26 09:00:00,7.89,10.04,51.25,-3.75,51.25,-3.75
2025-02-26 10:00:00,5.85,7.36,51.25,-3.75,51.25,-3.75
2025-02-26 11:00:00,7.42,9.42,51.25,-3.75,51.25,-3.75
2025-02-26 12:00:00,7.95,9.85,51.25,-3.75,51.25,-3.75
2025-02-26 13:00:00,8.33,10.44,51.25,-3.75,51.25,-3.75
2025-02-26 14:00:00,10.3,12.61,51.25,-3.75,51.25,-3.75
2025-02-26 15:00:00,8.84,10.72,51.25,-3.75,51.25,-3.75
2025-02-26 16:00:00,8.84,10.81,51.25,-3.75,51.25,-3.75
2025-02-26 17:00:00,9.28,11.68,51.25,-3.75,51.25,-3.75
2025-02-26 18:00:00,9.73,12.85,51.25,-3.75,51.25,-3.75
2025-02-26 19:00:00,10.39,13.51,51.25,-3.75,51.25,-3.75
2025-02-26 20:00:00,9.88,12.93,51.25,-3.75,51.25,-3.75
2025-02-26 21:00:00,10.57,13.72,51.25,-3.75,51.25,-3.75
2025-02-26 22:00:00,11.97,15.41,51.25,-3.75,51.25,-3.75
2025-02-26 23:00:00,10.74,13.95,51.25,-3.75,51.25,-3.75
2025-02-27 00:00:00,10.15,13.15,51.25,-3.75,51.25,-3.75
2025-02-27 01:00:00,9.42,12.27,51.25,-3.75,51.25,-3.75
2025-02-27 02:00:00,8.68,11.03,51.25,-3.75,51.25,-3.75
2025-02-27 03:00:00,7.96,10.08,51.25,-3.75,51.25,-3.75
2025-02-27 04:00:00,7.22,9.15,51.25,-3.75,51.25,-3.75
2025-02-27 05:00:00,6.54,8.36,51.25,-3.75,51.25,-3.75
2025-02-27 06:00:00,6.15,7.86,51.25,-3.75,51.25,-3.75
2025-02-27 07:00:00,6.16,7.85,51.25,-3.75,51.25,-3.75
2025-02-27 08:00:00,6.33,7.94,51.25,-3.75,51.25,-3.75
2025-02-27 09:00:00,6.41,7.7,51.25,-3.75,51.25,-3.75
2025-02-27 10:00:00,6.38,7.55,51.25,-3.75,51.25,-3.75
2025-02-27 11:00:00,5.81,6.88,51.25,-3.75,51.25,-3.75
2025-02-27 12:00:00,5.59,6.6,51.25,-3.75,51.25,-3.75
2025-02-27 13:00:00,5.52,6.61,51.25,-3.75,51.25,-3.75
2025-02-27 14:00:00,5.62,6.79,51.25,-3.75,51.25,-3.75
2025-02-27 15:00:00,5.55,6.86,51.25,-3.75,51.25,-3.75
2025-02-27 16:00:00,5.41,6.86,51.25,-3.75,51.25,-3.75
2025-02-27 17:00:00,5.31,7.11,51.25,-3.75,51.25,-3.75
2025-02-27 18:00:00,5.2,7.65,51.25,-3.75,51.25,-3.75
2025-02-27 19:00:00,5.15,7.47,51.25,-3.75,51.25,-3.75
2025-02-27 20:00:00,4.81,7.03,51.25,-3.75,51.25,-3.75
2025-02-27 21:00:00,4.45,6.38,51.25,-3.75,51.25,-3.75
2025-02-27 22:00:00,3.72,5.23,51.25,-3.75,51.25,-3.75
2025-02-27 23:00:00,3.34,4.5,51.25,-3.75,51.25,-3.75
2025-02-28 00:00:00,2.97,3.84,51.25,-3.75,51.25,-3.75
2025-02-28 01:00:00,2.2,2.75,51.25,-3.75,51.25,-3.75
2025-02-28 02:00:00,1.57,1.91,51.25,-3.75,51.25,-3.75
2025-02-28 03:00:00,1.35,1.53,51.25,-3.75,51.25,-3.75
2025-02-28 04:00:00,0.9,1.3,51.25,-3.75,51.25,-3.75
2025-02-28 05:00:00,1.35,1.74,51.25,-3.75,51.25,-3.75
2025-02-28 06:00:00,1.08,1.57,51.25,-3.75,51.25,-3.75
2025-02-28 07:00:00,0.81,1.57,51.25,-3.75,51.25,-3.75
2025-02-28 08:00:00,1.19,1.7,51.25,-3.75,51.25,-3.75
2025-02-28 09:00:00,1.74,2.15,51.25,-3.75,51.25,-3.75
2025-02-28 10:00:00,1.49,1.9,51.25,-3.75,51.25,-3.75
2025-02-28 11:00:00,1.54,1.83,51.25,-3.75,51.25,-3.75
2025-02-28 12:00:00,1.54,1.83,51.25,-3.75,51.25,-3.75
2025-02-28 13:00:00,1.6,1.79,51.25,-3.75,51.25,-3.75
2025-02-28 14:00:00,1.49,1.77,51.25,-3.75,51.25,-3.75
2025-02-28 15:00:00,1.23,1.46,51.25,-3.75,51.25,-3.75
2025-02-28 16:00:00,1.47,1.7,51.25,-3.75,51.25,-3.75
2025-02-28 17:00:00,1.6,2.06,51.25,-3.75,51.25,-3.75
2025-02-28 18:00:00,1.87,2.44,51.25,-3.75,51.25,-3.75
2025-02-28 19:00:00,2.25,2.99,51.25,-3.75,51.25,-3.75
2025-02-28 20:00:00,2.5,3.39,51.25,-3.75,51.25,-3.75
2025-02-28 21:00:00,2.59,3.6,51.25,-3.75,51.25,-3.75
2025-02-28 22:00:00,2.43,3.6,51.25,-3.75,51.25,-3.75
2025-02-28 23:00:00,2.29,3.37,51.25,-3.75,51.25,-3.75
2025-03-01 00:00:00,2.42,3.4,51.25,-3.75,51.25,-3.75
2025-03-01 01:00:00,2.26,3.15,51.25,-3.75,51.25,-3.75
2025-03-01 02:00:00,1.81,2.51,51.25,-3.75,51.25,-3.75
2025-03-01 03:00:00,1.28,1.79,51.25,-3.75,51.25,-3.75
2025-03-01 04:00:00,0.91,1.17,51.25,-3.75,51.25,-3.75
2025-03-01 05:00:00,1.0,1.06,51.25,-3.75,51.25,-3.75
2025-03-01 06:00:00,1.3,1.26,51.25,-3.75,51.25,-3.75
2025-03-01 07:00:00,1.75,1.73,51.25,-3.75,51.25,-3.75
2025-03-01 08:00:00,1.8,1.78,51.25,-3.75,51.25,-3.75
2025-03-01 09:00:00,1.5,1.77,51.25,-3.75,51.25,-3.75
2025-03-01 10:00:00,1.51,1.68,51.25,-3.75,51.25,-3.75
2025-03-01 11:00:00,1.35,1.41,51.25,-3.75,51.25,-3.75
2025-03-01 12:00:00,1.13,1.31,51.25,-3.75,51.25,-3.75
2025-03-01 13:00:00,1.09,1.26,51.25,-3.75,51.25,-3.75
2025-03-01 14:00:00,1.1,1.25,51.25,-3.75,51.25,-3.75
2025-03-01 15:00:00,1.0,1.06,51.25,-3.75,51.25,-3.75
2025-03-01 16:00:00,1.08,1.08,51.25,-3.75,51.25,-3.75
2025-03-01 17:00:00,1.51,1.66,51.25,-3.75,51.25,-3.75
2025-03-01 18:00:00,2.78,3.38,51.25,-3.75,51.25,-3.75
2025-03-01 19:00:00,3.19,4.67,51.25,-3.75,51.25,-3.75
2025-03-01 20:00:00,3.22,5.04,51.25,-3.75,51.25,-3.75
2025-03-01 21:00:00,2.8,4.38,51.25,-3.75,51.25,-3.75
2025-03-01 22:00:00,1.9,3.24,51.25,-3.75,51.25,-3.75
2025-03-01 23:00:00,1.38,2.59,51.25,-3.75,51.25,-3.75
2025-03-02 00:00:00,1.0,2.11,51.25,-3.75,51.25,-3.75
2025-03-02 01:00:00,0.99,2.08,51.25,-3.75,51.25,-3.75
2025-03-02 02:00:00,1.27,1.79,51.25,-3.75,51.25,-3.75
2025-03-02 03:00:00,1.35,1.75,51.25,-3.75,51.25,-3.75
2025-03-02 04:00:00,1.23,1.66,51.25,-3.75,51.25,-3.75
2025-03-02 05:00:00,1.66,2.04,51.25,-3.75,51.25,-3.75
2025-03-02 06:00:00,2.21,2.63,51.25,-3.75,51.25,-3.75
2025-03-02 07:00:00,2.47,3.0,51.25,-3.75,51.25,-3.75
2025-03-02 08:00:00,2.45,3.23,51.25,-3.75,51.25,-3.75
2025-03-02 09:00:00,2.52,3.54,51.25,-3.75,51.25,-3.75
2025-03-02 10:00:00,2.31,2.69,51.25,-3.75,51.25,-3.75
2025-03-02 11:00:00,2.56,2.85,51.25,-3.75,51.25,-3.75
2025-03-02 12:00:00,2.36,2.65,51.25,-3.75,51.25,-3.75
2025-03-02 13:00:00,1.71,1.95,51.25,-3.75,51.25,-3.75
2025-03-02 14:00:00,1.3,1.46,51.25,-3.75,51.25,-3.75
2025-03-02 15:00:00,1.27,1.4,51.25,-3.75,51.25,-3.75
2025-03-02 16:00:00,1.07,1.09,51.25,-3.75,51.25,-3.75
2025-03-02 17:00:00,1.29,1.24,51.25,-3.75,51.25,-3.75
2025-03-02 18:00:00,1.76,1.71,51.25,-3.75,51.25,-3.75
2025-03-02 19:00:00,2.31,2.5,51.25,-3.75,51.25,-3.75
2025-03-02 20:00:00,2.93,3.59,51.25,-3.75,51.25,-3.75
2025-03-02 21:00:00,2.7,3.62,51.25,-3.75,51.25,-3.75
2025-03-02 22:00:00,1.76,2.6,51.25,-3.75,51.25,-3.75
2025-03-02 23:00:00,1.12,1.59,51.25,-3.75,51.25,-3.75
2025-03-03 00:00:00,1.15,1.41,51.25,-3.75,51.25,-3.75
2025-03-03 01:00:00,0.78,1.07,51.25,-3.75,51.25,-3.75
2025-03-03 02:00:00,0.34,0.0,51.25,-3.75,51.25,-3.75
2025-03-03 03:00:00,1.28,1.26,51.25,-3.75,51.25,-3.75
2025-03-03 04:00:00,0.47,0.79,51.25,-3.75,51.25,-3.75
2025-03-03 05:00:00,0.07,0.22,51.25,-3.75,51.25,-3.75
2025-03-03 06:00:00,1.13,1.27,51.25,-3.75,51.25,-3.75
2025-03-03 07:00:00,1.96,2.02,51.25,-3.75,51.25,-3.75
2025-03-03 08:00:00,1.8,2.05,51.25,-3.75,51.25,-3.75
2025-03-03 09:00:00,1.36,1.93,51.25,-3.75,51.25,-3.75
2025-03-03 10:00:00,1.2,1.39,51.25,-3.75,51.25,-3.75
2025-03-03 11:00:00,0.81,1.0,51.25,-3.75,51.25,-3.75
2025-03-03 12:00:00,0.73,0.9,51.25,-3.75,51.25,-3.75
2025-03-03 13:00:00,0.65,0.83,51.25,-3.75,51.25,-3.75
2025-03-03 14:00:00,0.93,0.9,51.25,-3.75,51.25,-3.75
2025-03-03 15:00:00,1.39,1.38,51.25,-3.75,51.25,-3.75
2025-03-03 16:00:00,1.54,1.55,51.25,-3.75,51.25,-3.75
2025-03-03 17:00:00,1.73,1.95,51.25,-3.75,51.25,-3.75
2025-03-03 18:00:00,1.89,1.91,51.25,-3.75,51.25,-3.75
2025-03-03 19:00:00,1.7,1.59,51.25,-3.75,51.25,-3.75
2025-03-03 20:00:00,1.7,1.7,51.25,-3.75,51.25,-3.75
2025-03-03 21:00:00,2.07,2.23,51.25,-3.75,51.25,-3.75
2025-03-03 22:00:00,2.51,2.87,51.25,-3.75,51.25,-3.75
2025-03-03 23:00:00,1.9,2.47,51.25,-3.75,51.25,-3.75
2025-03-04 00:00:00,0.96,1.65,51.25,-3.75,51.25,-3.75
2025-03-04 01:00:00,0.16,0.81,51.25,-3.75,51.25,-3.75
2025-03-04 02:00:00,0.56,0.63,51.25,-3.75,51.25,-3.75
2025-03-04 03:00:00,0.8,0.7,51.25,-3.75,51.25,-3.75
2025-03-04 04:00:00,1.25,0.92,51.25,-3.75,51.25,-3.75
2025-03-04 05:00:00,1.77,1.79,51.25,-3.75,51.25,-3.75
2025-03-04 06:00:00,2.11,2.65,51.25,-3.75,51.25,-3.75
2025-03-04 07:00:00,2.19,2.75,51.25,-3.75,51.25,-3.75
2025-03-04 08:00:00,2.44,2.73,51.25,-3.75,51.25,-3.75
2025-03-04 09:00:00,2.66,3.01,51.25,-3.75,51.25,-3.75
2025-03-04 10:00:00,0.82,1.11,51.25,-3.75,51.25,-3.75
2025-03-04 11:00:00,2.7,2.94,51.25,-3.75,51.25,-3.75
2025-03-04 12:00:00,4.19,4.88,51.25,-3.75,51.25,-3.75
2025-03-04 13:00:00,2.34,2.86,51.25,-3.75,51.25,-3.75
2025-03-04 14:00:00,1.71,1.9,51.25,-3.75,51.25,-3.75
2025-03-04 15:00:00,2.73,3.13,51.25,-3.75,51.25,-3.75
2025-03-04 16:00:00,4.18,5.04,51.25,-3.75,51.25,-3.75
2025-03-04 17:00:00,3.92,4.84,51.25,-3.75,51.25,-3.75
2025-03-04 18:00:00,2.59,3.01,51.25,-3.75,51.25,-3.75
2025-03-04 19:00:00,2.24,2.91,51.25,-3.75,51.25,-3.75
2025-03-04 20:00:00,2.41,3.44,51.25,-3.75,51.25,-3.75
2025-03-04 21:00:00,2.3,3.49,51.25,-3.75,51.25,-3.75
2025-03-04 22:00:00,2.62,3.78,51.25,-3.75,51.25,-3.75
2025-03-04 23:00:00,2.42,3.4,51.25,-3.75,51.25,-3.75
2025-03-05 00:00:00,2.37,3.58,51.25,-3.75,51.25,-3.75
2025-03-05 01:00:00,2.85,4.1,51.25,-3.75,51.25,-3.75
2025-03-05 02:00:00,3.04,4.31,51.25,-3.75,51.25,-3.75
2025-03-05 03:00:00,2.77,3.85,51.25,-3.75,51.25,-3.75
2025-03-05 04:00:00,2.79,3.67,51.25,-3.75,51.25,-3.75
2025-03-05 05:00:00,2.93,4.15,51.25,-3.75,51.25,-3.75
2025-03-05 06:00:00,2.88,4.17,51.25,-3.75,51.25,-3.75
2025-03-05 07:00:00,3.16,4.29,51.25,-3.75,51.25,-3.75
2025-03-05 08:00:00,2.93,3.94,51.25,-3.75,51.25,-3.75
2025-03-05 09:00:00,2.45,3.32,51.25,-3.75,51.25,-3.75
2025-03-05 10:00:00,3.26,3.65,51.25,-3.75,51.25,-3.75
2025-03-05 11:00:00,3.7,4.4,51.25,-3.75,51.25,-3.75
2025-03-05 12:00:00,3.51,4.44,51.25,-3.75,51.25,-3.75
2025-03-05 13:00:00,3.38,4.54,51.25,-3.75,51.25,-3.75
2025-03-05 14:00:00,3.18,4.41,51.25,-3.75,51.25,-3.75
2025-03-05 15:00:00,3.0,4.27,51.25,-3.75,51.25,-3.75
2025-03-05 16:00:00,2.99,4.26,51.25,-3.75,51.25,-3.75
2025-03-05 17:00:00,3.32,5.01,51.25,-3.75,51.25,-3.75
2025-03-05 18:00:00,4.05,6.15,51.25,-3.75,51.25,-3.75
2025-03-05 19:00:00,4.19,6.5,51.25,-3.75,51.25,-3.75
2025-03-05 20:00:00,4.11,6.55,51.25,-3.75,51.25,-3.75
2025-03-05 21:00:00,3.98,6.6,51.25,-3.75,51.25,-3.75
2025-03-05 22:00:00,3.54,6.02,51.25,-3.75,51.25,-3.75
2025-03-05 23:00:00,3.37,5.8,51.25,-3.75,51.25,-3.75
2025-03-06 00:00:00,3.36,5.71,51.25,-3.75,51.25,-3.75
2025-03-06 01:00:00,3.62,6.15,51.25,-3.75,51.25,-3.75
2025-03-06 02:00:00,3.93,6.69,51.25,-3.75,51.25,-3.75
2025-03-06 03:00:00,4.35,7.18,51.25,-3.75,51.25,-3.75
2025-03-06 04:00:00,4.91,8.11,51.25,-3.75,51.25,-3.75
2025-03-06 05:00:00,5.02,8.3,51.25,-3.75,51.25,-3.75
2025-03-06 06:00:00,5.17,8.26,51.25,-3.75,51.25,-3.75
2025-03-06 07:00:00,5.17,8.24,51.25,-3.75,51.25,-3.75
2025-03-06 08:00:00,5.56,8.53,51.25,-3.75,51.25,-3.75
2025-03-06 09:00:00,6.02,8.88,51.25,-3.75,51.25,-3.75
2025-03-06 10:00:00,6.36,9.16,51.25,-3.75,51.25,-3.75
2025-03-06 11:00:00,6.49,9.17,51.25,-3.75,51.25,-3.75
2025-03-06 12:00:00,6.23,8.82,51.25,-3.75,51.25,-3.75
2025-03-06 13:00:00,6.42,8.86,51.25,-3.75,51.25,-3.75
2025-03-06 14:00:00,6.9,9.6,51.25,-3.75,51.25,-3.75
2025-03-06 15:00:00,6.5,9.12,51.25,-3.75,51.25,-3.75
2025-03-06 16:00:00,5.83,8.96,51.25,-3.75,51.25,-3.75
2025-03-06 17:00:00,6.04,8.82,51.25,-3.75,51.25,-3.75
2025-03-06 18:00:00,6.04,8.91,51.25,-3.75,51.25,-3.75
2025-03-06 19:00:00,5.95,8.91,51.25,-3.75,51.25,-3.75
2025-03-06 20:00:00,5.97,8.87,51.25,-3.75,51.25,-3.75
2025-03-06 21:00:00,5.93,8.81,51.25,-3.75,51.25,-3.75
2025-03-06 22:00:00,5.33,8.26,51.25,-3.75,51.25,-3.75
2025-03-06 23:00:00,5.44,8.51,51.25,-3.75,51.25,-3.75
2025-03-07 00:00:00,5.52,8.67,51.25,-3.75,51.25,-3.75
2025-03-07 01:00:00,5.12,8.07,51.25,-3.75,51.25,-3.75
2025-03-07 02:00:00,4.65,7.46,51.25,-3.75,51.25,-3.75
2025-03-07 03:00:00,4.64,7.32,51.25,-3.75,51.25,-3.75
2025-03-07 04:00:00,4.71,7.31,51.25,-3.75,51.25,-3.75
2025-03-07 05:00:00,4.72,7.22,51.25,-3.75,51.25,-3.75
2025-03-07 06:00:00,4.9,7.34,51.25,-3.75,51.25,-3.75
2025-03-07 07:00:00,5.05,7.49,51.25,-3.75,51.25,-3.75
2025-03-07 08:00:00,5.08,7.54,51.25,-3.75,51.25,-3.75
2025-03-07 09:00:00,5.3,7.74,51.25,-3.75,51.25,-3.75
2025-03-07 10:00:00,5.79,8.39,51.25,-3.75,51.25,-3.75
2025-03-07 11:00:00,6.39,9.07,51.25,-3.75,51.25,-3.75
2025-03-07 12:00:00,6.6,9.55,51.25,-3.75,51.25,-3.75
2025-03-07 13:00:00,6.87,9.75,51.25,-3.75,51.25,-3.75
2025-03-07 14:00:00,6.69,9.33,51.25,-3.75,51.25,-3.75
2025-03-07 15:00:00,6.12,8.61,51.25,-3.75,51.25,-3.75
2025-03-07 16:00:00,6.08,8.84,51.25,-3.75,51.25,-3.75
2025-03-07 17:00:00,6.19,8.85,51.25,-3.75,51.25,-3.75
2025-03-07 18:00:00,6.02,8.66,51.25,-3.75,51.25,-3.75
2025-03-07 19:00:00,5.81,8.54,51.25,-3.75,51.25,-3.75
2025-03-07 20:00:00,5.55,8.28,51.25,-3.75,51.25,-3.75
2025-03-07 21:00:00,5.66,8.49,51.25,-3.75,51.25,-3.75
2025-03-07 22:00:00,6.59,9.85,51.25,-3.75,51.25,-3.75
2025-03-07 23:00:00,6.7,10.1,51.25,-3.75,51.25,-3.75
2025-03-08 00:00:00,6.73,10.19,51.25,-3.75,51.25,-3.75
2025-03-08 01:00:00,6.89,10.43,51.25,-3.75,51.25,-3.75
2025-03-08 02:00:00,7.15,10.85,51.25,-3.75,51.25,-3.75
2025-03-08 03:00:00,7.54,11.36,51.25,-3.75,51.25,-3.75
2025-03-08 04:00:00,7.64,11.52,51.25,-3.75,51.25,-3.75
2025-03-08 05:00:00,7.63,11.38,51.25,-3.75,51.25,-3.75
2025-03-08 06:00:00,7.78,11.56,51.25,-3.75,51.25,-3.75
2025-03-08 07:00:00,8.12,11.93,51.25,-3.75,51.25,-3.75
2025-03-08 08:00:00,8.27,11.92,51.25,-3.75,51.25,-3.75
2025-03-08 09:00:00,8.22,11.69,51.25,-3.75,51.25,-3.75
2025-03-08 10:00:00,8.13,11.41,51.25,-3.75,51.25,-3.75
2025-03-08 11:00:00,8.19,11.38,51.25,-3.75,51.25,-3.75
2025-03-08 12:00:00,7.74,10.74,51.25,-3.75,51.25,-3.75
2025-03-08 13:00:00,7.27,10.1,51.25,-3.75,51.25,-3.75
2025-03-08 14:00:00,7.15,9.91,51.25,-3.75,51.25,-3.75
2025-03-08 15:00:00,7.24,10.23,51.25,-3.75,51.25,-3.75
2025-03-08 16:00:00,7.14,10.58,51.25,-3.75,51.25,-3.75
2025-03-08 17:00:00,7.11,10.46,51.25,-3.75,51.25,-3.75
2025-03-08 18:00:00,6.87,10.15,51.25,-3.75,51.25,-3.75
2025-03-08 19:00:00,7.27,10.71,51.25,-3.75,51.25,-3.75
2025-03-08 20:00:00,7.24,10.71,51.25,-3.75,51.25,-3.75
2025-03-08 21:00:00,6.92,10.3,51.25,-3.75,51.25,-3.75
2025-03-08 22:00:00,6.85,10.33,51.25,-3.75,51.25,-3.75
2025-03-08 23:00:00,6.92,10.67,51.25,-3.75,51.25,-3.75
2025-03-09 00:00:00,6.87,10.64,51.25,-3.75,51.25,-3.75
2025-03-09 01:00:00,7.29,11.11,51.25,-3.75,51.25,-3.75
2025-03-09 02:00:00,7.37,11.24,51.25,-3.75,51.25,-3.75
2025-03-09 03:00:00,7.26,11.18,51.25,-3.75,51.25,-3.75
2025-03-09 04:00:00,7.4,11.31,51.25,-3.75,51.25,-3.75
2025-03-09 05:00:00,7.59,11.48,51.25,-3.75,51.25,-3.75
2025-03-09 06:00:00,7.69,11.4,51.25,-3.75,51.25,-3.75
2025-03-09 07:00:00,7.85,11.41,51.25,-3.75,51.25,-3.75
2025-03-09 08:00:00,8.06,11.49,51.25,-3.75,51.25,-3.75
2025-03-09 09:00:00,7.88,10.92,51.25,-3.75,51.25,-3.75
2025-03-09 10:00:00,7.89,11.05,51.25,-3.75,51.25,-3.75
2025-03-09 11:00:00,7.6,10.55,51.25,-3.75,51.25,-3.75
2025-03-09 12:00:00,7.04,9.91,51.25,-3.75,51.25,-3.75
2025-03-09 13:00:00,6.76,9.63,51.25,-3.75,51.25,-3.75
2025-03-09 14:00:00,6.54,9.29,51.25,-3.75,51.25,-3.75
2025-03-09 15:00:00,6.24,8.97,51.25,-3.75,51.25,-3.75
2025-03-09 16:00:00,5.81,8.94,51.25,-3.75,51.25,-3.75
2025-03-09 17:00:00,6.13,9.08,51.25,-3.75,51.25,-3.75
2025-03-09 18:00:00,5.69,8.68,51.25,-3.75,51.25,-3.75
2025-03-09 19:00:00,5.11,7.95,51.25,-3.75,51.25,-3.75
2025-03-09 20:00:00,4.81,7.68,51.25,-3.75,51.25,-3.75
2025-03-09 21:00:00,4.64,7.51,51.25,-3.75,51.25,-3.75
2025-03-09 22:00:00,4.98,8.1,51.25,-3.75,51.25,-3.75
2025-03-09 23:00:00,4.44,7.36,51.25,-3.75,51.25,-3.75
2025-03-10 00:00:00,3.5,5.88,51.25,-3.75,51.25,-3.75
2025-03-10 01:00:00,3.21,5.07,51.25,-3.75,51.25,-3.75
2025-03-10 02:00:00,3.84,5.9,51.25,-3.75,51.25,-3.75
2025-03-10 03:00:00,4.3,7.02,51.25,-3.75,51.25,-3.75
2025-03-10 04:00:00,4.39,7.37,51.25,-3.75,51.25,-3.75
2025-03-10 05:00:00,4.56,7.61,51.25,-3.75,51.25,-3.75
2025-03-10 06:00:00,5.1,8.2,51.25,-3.75,51.25,-3.75
2025-03-10 07:00:00,5.31,8.45,51.25,-3.75,51.25,-3.75
2025-03-10 08:00:00,5.39,8.24,51.25,-3.75,51.25,-3.75
2025-03-10 09:00:00,5.65,8.39,51.25,-3.75,51.25,-3.75
2025-03-10 10:00:00,6.24,9.2,51.25,-3.75,51.25,-3.75
2025-03-10 11:00:00,6.31,8.85,51.25,-3.75,51.25,-3.75
2025-03-10 12:00:00,5.57,7.81,51.25,-3.75,51.25,-3.75
2025-03-10 13:00:00,4.89,6.89,51.25,-3.75,51.25,-3.75
2025-03-10 14:00:00,4.79,6.69,51.25,-3.75,51.25,-3.75
2025-03-10 15:00:00,4.74,6.81,51.25,-3.75,51.25,-3.75
2025-03-10 16:00:00,5.09,7.41,51.25,-3.75,51.25,-3.75
2025-03-10 17:00:00,5.55,8.25,51.25,-3.75,51.25,-3.75
2025-03-10 18:00:00,6.41,9.36,51.25,-3.75,51.25,-3.75
2025-03-10 19:00:00,7.39,10.59,51.25,-3.75,51.25,-3.75
2025-03-10 20:00:00,7.93,11.26,51.25,-3.75,51.25,-3.75
2025-03-10 21:00:00,7.87,11.23,51.25,-3.75,51.25,-3.75
2025-03-10 22:00:00,6.89,9.89,51.25,-3.75,51.25,-3.75
2025-03-10 23:00:00,7.52,10.54,51.25,-3.75,51.25,-3.75
2025-03-11 00:00:00,7.66,11.0,51.25,-3.75,51.25,-3.75
2025-03-11 01:00:00,8.48,11.07,51.25,-3.75,51.25,-3.75
2025-03-11 02:00:00,8.5,10.72,51.25,-3.75,51.25,-3.75
2025-03-11 03:00:00,8.25,10.26,51.25,-3.75,51.25,-3.75
2025-03-11 04:00:00,8.36,10.48,51.25,-3.75,51.25,-3.75
2025-03-11 05:00:00,8.56,10.73,51.25,-3.75,51.25,-3.75
2025-03-11 06:00:00,8.73,10.76,51.25,-3.75,51.25,-3.75
2025-03-11 07:00:00,8.74,10.71,51.25,-3.75,51.25,-3.75
2025-03-11 08:00:00,8.52,10.38,51.25,-3.75,51.25,-3.75
2025-03-11 09:00:00,8.03,9.59,51.25,-3.75,51.25,-3.75
2025-03-11 10:00:00,7.13,8.3,51.25,-3.75,51.25,-3.75
2025-03-11 11:00:00,6.69,7.67,51.25,-3.75,51.25,-3.75
2025-03-11 12:00:00,6.1,7.03,51.25,-3.75,51.25,-3.75
2025-03-11 13:00:00,5.36,6.21,51.25,-3.75,51.25,-3.75
2025-03-11 14:00:00,4.89,5.59,51.25,-3.75,51.25,-3.75
2025-03-11 15:00:00,4.71,5.46,51.25,-3.75,51.25,-3.75
2025-03-11 16:00:00,4.55,5.29,51.25,-3.75,51.25,-3.75
2025-03-11 17:00:00,4.43,5.22,51.25,-3.75,51.25,-3.75
2025-03-11 18:00:00,3.82,4.63,51.25,-3.75,51.25,-3.75
2025-03-11 19:00:00,3.06,4.01,51.25,-3.75,51.25,-3.75
2025-03-11 20:00:00,3.19,4.14,51.25,-3.75,51.25,-3.75
2025-03-11 21:00:00,3.4,4.5,51.25,-3.75,51.25,-3.75
2025-03-11 22:00:00,3.47,4.57,51.25,-3.75,51.25,-3.75
2025-03-11 23:00:00,3.8,4.9,51.25,-3.75,51.25,-3.75
2025-03-12 00:00:00,3.68,4.73,51.25,-3.75,51.25,-3.75
2025-03-12 01:00:00,3.08,3.83,51.25,-3.75,51.25,-3.75
2025-03-12 02:00:00,2.95,3.52,51.25,-3.75,51.25,-3.75
2025-03-12 03:00:00,3.18,3.76,51.25,-3.75,51.25,-3.75
2025-03-12 04:00:00,3.41,4.03,51.25,-3.75,51.25,-3.75
2025-03-12 05:00:00,3.82,4.74,51.25,-3.75,51.25,-3.75
2025-03-12 06:00:00,4.49,5.66,51.25,-3.75,51.25,-3.75
2025-03-12 07:00:00,4.29,5.36,51.25,-3.75,51.25,-3.75
2025-03-12 08:00:00,3.95,4.78,51.25,-3.75,51.25,-3.75
2025-03-12 09:00:00,4.37,4.97,51.25,-3.75,51.25,-3.75
2025-03-12 10:00:00,4.03,4.49,51.25,-3.75,51.25,-3.75
2025-03-12 11:00:00,3.54,3.89,51.25,-3.75,51.25,-3.75
2025-03-12 12:00:00,4.31,4.76,51.25,-3.75,51.25,-3.75
2025-03-12 13:00:00,4.97,5.65,51.25,-3.75,51.25,-3.75
2025-03-12 14:00:00,4.75,5.47,51.25,-3.75,51.25,-3.75
2025-03-12 15:00:00,4.79,5.61,51.25,-3.75,51.25,-3.75
2025-03-12 16:00:00,5.13,6.06,51.25,-3.75,51.25,-3.75
2025-03-12 17:00:00,5.49,6.65,51.25,-3.75,51.25,-3.75
2025-03-12 18:00:00,5.03,6.44,51.25,-3.75,51.25,-3.75
2025-03-12 19:00:00,4.44,6.21,51.25,-3.75,51.25,-3.75
2025-03-12 20:00:00,4.46,6.2,51.25,-3.75,51.25,-3.75
2025-03-12 21:00:00,4.6,6.27,51.25,-3.75,51.25,-3.75
2025-03-12 22:00:00,5.02,6.52,51.25,-3.75,51.25,-3.75
2025-03-12 23:00:00,5.07,6.52,51.25,-3.75,51.25,-3.75
2025-03-13 00:00:00,5.14,6.55,51.25,-3.75,51.25,-3.75
2025-03-13 01:00:00,5.0,6.26,51.25,-3.75,51.25,-3.75
2025-03-13 02:00:00,4.52,5.68,51.25,-3.75,51.25,-3.75
2025-03-13 03:00:00,4.23,5.4,51.25,-3.75,51.25,-3.75
2025-03-13 04:00:00,4.24,5.44,51.25,-3.75,51.25,-3.75
2025-03-13 05:00:00,4.37,5.6,51.25,-3.75,51.25,-3.75
2025-03-13 06:00:00,4.67,5.94,51.25,-3.75,51.25,-3.75
2025-03-13 07:00:00,4.91,6.18,51.25,-3.75,51.25,-3.75
2025-03-13 08:00:00,5.28,6.39,51.25,-3.75,51.25,-3.75
2025-03-13 09:00:00,5.44,6.31,51.25,-3.75,51.25,-3.75
2025-03-13 10:00:00,4.95,5.63,51.25,-3.75,51.25,-3.75
2025-03-13 11:00:00,5.19,5.82,51.25,-3.75,51.25,-3.75
2025-03-13 12:00:00,5.06,5.71,51.25,-3.75,51.25,-3.75
2025-03-13 13:00:00,4.9,5.58,51.25,-3.75,51.25,-3.75
2025-03-13 14:00:00,4.82,5.54,51.25,-3.75,51.25,-3.75
2025-03-13 15:00:00,5.02,5.94,51.25,-3.75,51.25,-3.75
2025-03-13 16:00:00,5.02,5.93,51.25,-3.75,51.25,-3.75
2025-03-13 17:00:00,4.76,5.78,51.25,-3.75,51.25,-3.75
2025-03-13 18:00:00,4.16,5.38,51.25,-3.75,51.25,-3.75
2025-03-13 19:00:00,3.55,4.96,51.25,-3.75,51.25,-3.75
2025-03-13 20:00:00,3.44,4.57,51.25,-3.75,51.25,-3.75
2025-03-13 21:00:00,3.36,4.14,51.25,-3.75,51.25,-3.75
2025-03-13 22:00:00,2.76,3.24,51.25,-3.75,51.25,-3.75
2025-03-13 23:00:00,2.64,3.11,51.25,-3.75,51.25,-3.75
2025-03-14 00:00:00,2.57,2.89,51.25,-3.75,51.25,-3.75
2025-03-14 01:00:00,2.58,2.73,51.25,-3.75,51.25,-3.75
2025-03-14 02:00:00,2.4,2.48,51.25,-3.75,51.25,-3.75
2025-03-14 03:00:00,2.3,2.33,51.25,-3.75,51.25,-3.75
2025-03-14 04:00:00,2.56,2.61,51.25,-3.75,51.25,-3.75
2025-03-14 05:00:00,3.05,3.1,51.25,-3.75,51.25,-3.75
2025-03-14 06:00:00,3.49,3.8,51.25,-3.75,51.25,-3.75
2025-03-14 07:00:00,3.57,4.19,51.25,-3.75,51.25,-3.75
2025-03-14 08:00:00,3.59,4.27,51.25,-3.75,51.25,-3.75
2025-03-14 09:00:00,3.81,4.27,51.25,-3.75,51.25,-3.75
2025-03-14 10:00:00,4.0,4.49,51.25,-3.75,51.25,-3.75
2025-03-14 11:00:00,4.35,4.91,51.25,-3.75,51.25,-3.75
2025-03-14 12:00:00,4.28,4.81,51.25,-3.75,51.25,-3.75
2025-03-14 13:00:00,4.2,4.62,51.25,-3.75,51.25,-3.75
2025-03-14 14:00:00,4.25,4.74,51.25,-3.75,51.25,-3.75
2025-03-14 15:00:00,4.55,5.1,51.25,-3.75,51.25,-3.75
2025-03-14 16:00:00,5.19,5.97,51.25,-3.75,51.25,-3.75
2025-03-14 17:00:00,5.08,6.08,51.25,-3.75,51.25,-3.75
2025-03-14 18:00:00,4.05,5.33,51.25,-3.75,51.25,-3.75
2025-03-14 19:00:00,3.65,5.27,51.25,-3.75,51.25,-3.75
2025-03-14 20:00:00,3.98,5.83,51.25,-3.75,51.25,-3.75
2025-03-14 21:00:00,4.3,6.27,51.25,-3.75,51.25,-3.75
2025-03-14 22:00:00,4.11,6.08,51.25,-3.75,51.25,-3.75
2025-03-14 23:00:00,4.31,6.29,51.25,-3.75,51.25,-3.75
2025-03-15 00:00:00,4.62,6.42,51.25,-3.75,51.25,-3.75
2025-03-15 01:00:00,4.96,6.74,51.25,-3.75,51.25,-3.75
2025-03-15 02:00:00,5.23,6.89,51.25,-3.75,51.25,-3.75
2025-03-15 03:00:00,5.6,7.18,51.25,-3.75,51.25,-3.75
2025-03-15 04:00:00,5.76,7.34,51.25,-3.75,51.25,-3.75
2025-03-15 05:00:00,6.06,7.53,51.25,-3.75,51.25,-3.75
2025-03-15 06:00:00,6.43,7.84,51.25,-3.75,51.25,-3.75
2025-03-15 07:00:00,6.49,7.9,51.25,-3.75,51.25,-3.75
2025-03-15 08:00:00,6.67,7.89,51.25,-3.75,51.25,-3.75
2025-03-15 09:00:00,6.5,7.41,51.25,-3.75,51.25,-3.75
2025-03-15 10:00:00,5.91,6.67,51.25,-3.75,51.25,-3.75
2025-03-15 11:00:00,6.19,6.95,51.25,-3.75,51.25,-3.75
2025-03-15 12:00:00,5.72,6.51,51.25,-3.75,51.25,-3.75
2025-03-15 13:00:00,5.45,6.2,51.25,-3.75,51.25,-3.75
2025-03-15 14:00:00,5.59,6.4,51.25,-3.75,51.25,-3.75
2025-03-15 15:00:00,5.68,6.53,51.25,-3.75,51.25,-3.75
2025-03-15 16:00:00,5.64,6.6,51.25,-3.75,51.25,-3.75
2025-03-15 17:00:00,5.55,6.52,51.25,-3.75,51.25,-3.75
2025-03-15 18:00:00,5.2,6.56,51.25,-3.75,51.25,-3.75
2025-03-15 19:00:00,4.79,6.39,51.25,-3.75,51.25,-3.75
2025-03-15 20:00:00,4.69,6.53,51.25,-3.75,51.25,-3.75
2025-03-15 21:00:00,4.76,6.63,51.25,-3.75,51.25,-3.75
2025-03-15 22:00:00,5.59,7.52,51.25,-3.75,51.25,-3.75
2025-03-15 23:00:00,5.2,6.9,51.25,-3.75,51.25,-3.75
2025-03-16 00:00:00,4.83,6.25,51.25,-3.75,51.25,-3.75
2025-03-16 01:00:00,4.68,5.88,51.25,-3.75,51.25,-3.75
2025-03-16 02:00:00,4.72,5.85,51.25,-3.75,51.25,-3.75
2025-03-16 03:00:00,4.7,5.82,51.25,-3.75,51.25,-3.75
2025-03-16 04:00:00,4.63,5.71,51.25,-3.75,51.25,-3.75
2025-03-16 05:00:00,4.64,5.72,51.25,-3.75,51.25,-3.75
2025-03-16 06:00:00,4.71,5.85,51.25,-3.75,51.25,-3.75
2025-03-16 07:00:00,4.77,5.92,51.25,-3.75,51.25,-3.75
2025-03-16 08:00:00,5.08,6.11,51.25,-3.75,51.25,-3.75
2025-03-16 09:00:00,5.7,6.62,51.25,-3.75,51.25,-3.75
2025-03-16 10:00:00,5.06,5.74,51.25,-3.75,51.25,-3.75
2025-03-16 11:00:00,6.12,6.99,51.25,-3.75,51.25,-3.75
2025-03-16 12:00:00,6.16,7.05,51.25,-3.75,51.25,-3.75
2025-03-16 13:00:00,6.13,7.05,51.25,-3.75,51.25,-3.75
2025-03-16 14:00:00,6.23,7.17,51.25,-3.75,51.25,-3.75
2025-03-16 15:00:00,6.48,7.49,51.25,-3.75,51.25,-3.75
2025-03-16 16:00:00,6.73,7.92,51.25,-3.75,51.25,-3.75
2025-03-16 17:00:00,6.93,8.29,51.25,-3.75,51.25,-3.75
2025-03-16 18:00:00,6.35,7.87,51.25,-3.75,51.25,-3.75
2025-03-16 19:00:00,5.34,7.0,51.25,-3.75,51.25,-3.75
2025-03-16 20:00:00,5.21,7.11,51.25,-3.75,51.25,-3.75
2025-03-16 21:00:00,5.44,7.2,51.25,-3.75,51.25,-3.75
2025-03-16 22:00:00,5.23,6.94,51.25,-3.75,51.25,-3.75
2025-03-16 23:00:00,5.16,6.75,51.25,-3.75,51.25,-3.75
2025-03-17 00:00:00,5.2,6.74,51.25,-3.75,51.25,-3.75
2025-03-17 01:00:00,5.36,6.92,51.25,-3.75,51.25,-3.75
2025-03-17 02:00:00,5.81,7.48,51.25,-3.75,51.25,-3.75
2025-03-17 03:00:00,6.63,8.34,51.25,-3.75,51.25,-3.75
2025-03-17 04:00:00,7.32,8.96,51.25,-3.75,51.25,-3.75
2025-03-17 05:00:00,7.84,9.5,51.25,-3.75,51.25,-3.75
2025-03-17 06:00:00,7.85,9.51,51.25,-3.75,51.25,-3.75
2025-03-17 07:00:00,8.05,9.82,51.25,-3.75,51.25,-3.75
2025-03-17 08:00:00,8.22,9.92,51.25,-3.75,51.25,-3.75
2025-03-17 09:00:00,8.76,10.41,51.25,-3.75,51.25,-3.75
2025-03-17 10:00:00,8.41,9.96,51.25,-3.75,51.25,-3.75
2025-03-17 11:00:00,8.44,9.94,51.25,-3.75,51.25,-3.75
2025-03-17 12:00:00,8.41,9.94,51.25,-3.75,51.25,-3.75
2025-03-17 13:00:00,8.3,9.84,51.25,-3.75,51.25,-3.75
2025-03-17 14:00:00,8.18,9.72,51.25,-3.75,51.25,-3.75
2025-03-17 15:00:00,7.98,9.58,51.25,-3.75,51.25,-3.75
2025-03-17 16:00:00,8.31,9.9,51.25,-3.75,51.25,-3.75
2025-03-17 17:00:00,8.67,10.31,51.25,-3.75,51.25,-3.75
2025-03-17 18:00:00,8.78,10.64,51.25,-3.75,51.25,-3.75
2025-03-17 19:00:00,8.66,10.83,51.25,-3.75,51.25,-3.75
2025-03-17 20:00:00,8.61,10.85,51.25,-3.75,51.25,-3.75
2025-03-17 21:00:00,8.81,11.15,51.25,-3.75,51.25,-3.75
2025-03-17 22:00:00,8.95,11.19,51.25,-3.75,51.25,-3.75
2025-03-17 23:00:00,9.09,11.28,51.25,-3.75,51.25,-3.75
2025-03-18 00:00:00,9.4,11.65,51.25,-3.75,51.25,-3.75
2025-03-18 01:00:00,9.45,11.7,51.25,-3.75,51.25,-3.75
2025-03-18 02:00:00,9.46,11.75,51.25,-3.75,51.25,-3.75
2025-03-18 03:00:00,9.32,11.71,51.25,-3.75,51.25,-3.75
2025-03-18 04:00:00,9.26,11.7,51.25,-3.75,51.25,-3.75
2025-03-18 05:00:00,9.25,11.75,51.25,-3.75,51.25,-3.75
2025-03-18 06:00:00,9.2,11.62,51.25,-3.75,51.25,-3.75
2025-03-18 07:00:00,9.11,11.44,51.25,-3.75,51.25,-3.75
2025-03-18 08:00:00,9.3,11.52,51.25,-3.75,51.25,-3.75
2025-03-18 09:00:00,10.0,12.06,51.25,-3.75,51.25,-3.75
2025-03-18 10:00:00,10.37,12.55,51.25,-3.75,51.25,-3.75
2025-03-18 11:00:00,10.63,12.79,51.25,-3.75,51.25,-3.75
2025-03-18 12:00:00,10.54,12.84,51.25,-3.75,51.25,-3.75
2025-03-18 13:00:00,9.99,12.43,51.25,-3.75,51.25,-3.75
2025-03-18 14:00:00,9.19,11.77,51.25,-3.75,51.25,-3.75
2025-03-18 15:00:00,8.67,11.39,51.25,-3.75,51.25,-3.75
2025-03-18 16:00:00,8.47,11.26,51.25,-3.75,51.25,-3.75
2025-03-18 17:00:00,7.88,10.8,51.25,-3.75,51.25,-3.75
2025-03-18 18:00:00,7.58,10.57,51.25,-3.75,51.25,-3.75
2025-03-18 19:00:00,7.46,10.51,51.25,-3.75,51.25,-3.75
2025-03-18 20:00:00,6.95,10.35,51.25,-3.75,51.25,-3.75
2025-03-18 21:00:00,6.99,9.89,51.25,-3.75,51.25,-3.75
2025-03-18 22:00:00,6.8,9.19,51.25,-3.75,51.25,-3.75
2025-03-18 23:00:00,6.8,9.15,51.25,-3.75,51.25,-3.75
2025-03-19 00:00:00,6.47,8.76,51.25,-3.75,51.25,-3.75
2025-03-19 01:00:00,6.15,8.26,51.25,-3.75,51.25,-3.75
2025-03-19 02:00:00,6.42,8.5,51.25,-3.75,51.25,-3.75
2025-03-19 03:00:00,6.52,8.54,51.25,-3.75,51.25,-3.75
2025-03-19 04:00:00,6.46,8.47,51.25,-3.75,51.25,-3.75
2025-03-19 05:00:00,6.41,8.3,51.25,-3.75,51.25,-3.75
2025-03-19 06:00:00,6.37,8.32,51.25,-3.75,51.25,-3.75
2025-03-19 07:00:00,6.44,8.39,51.25,-3.75,51.25,-3.75
2025-03-19 08:00:00,6.34,8.09,51.25,-3.75,51.25,-3.75
2025-03-19 09:00:00,6.34,7.69,51.25,-3.75,51.25,-3.75
2025-03-19 10:00:00,6.58,7.93,51.25,-3.75,51.25,-3.75
2025-03-19 11:00:00,6.04,7.28,51.25,-3.75,51.25,-3.75
2025-03-19 12:00:00,5.78,7.28,51.25,-3.75,51.25,-3.75
2025-03-19 13:00:00,5.83,7.8,51.25,-3.75,51.25,-3.75
2025-03-19 14:00:00,5.15,7.05,51.25,-3.75,51.25,-3.75
2025-03-19 15:00:00,4.49,6.2,51.25,-3.75,51.25,-3.75
2025-03-19 16:00:00,4.11,5.66,51.25,-3.75,51.25,-3.75
2025-03-19 17:00:00,3.55,5.35,51.25,-3.75,51.25,-3.75
2025-03-19 18:00:00,4.07,6.12,51.25,-3.75,51.25,-3.75
2025-03-19 19:00:00,4.51,6.89,51.25,-3.75,51.25,-3.75
2025-03-19 20:00:00,4.27,6.86,51.25,-3.75,51.25,-3.75
2025-03-19 21:00:00,4.13,6.82,51.25,-3.75,51.25,-3.75
2025-03-19 22:00:00,3.97,6.49,51.25,-3.75,51.25,-3.75
2025-03-19 23:00:00,3.83,6.29,51.25,-3.75,51.25,-3.75
2025-03-20 00:00:00,3.44,5.66,51.25,-3.75,51.25,-3.75
2025-03-20 01:00:00,3.51,5.49,51.25,-3.75,51.25,-3.75
2025-03-20 02:00:00,3.87,5.75,51.25,-3.75,51.25,-3.75
2025-03-20 03:00:00,4.51,6.7,51.25,-3.75,51.25,-3.75
2025-03-20 04:00:00,4.66,7.47,51.25,-3.75,51.25,-3.75
2025-03-20 05:00:00,4.85,7.83,51.25,-3.75,51.25,-3.75
2025-03-20 06:00:00,5.08,8.14,51.25,-3.75,51.25,-3.75
2025-03-20 07:00:00,5.23,8.37,51.25,-3.75,51.25,-3.75
2025-03-20 08:00:00,5.4,8.26,51.25,-3.75,51.25,-3.75
2025-03-20 09:00:00,5.68,8.29,51.25,-3.75,51.25,-3.75
2025-03-20 10:00:00,6.37,9.16,51.25,-3.75,51.25,-3.75
2025-03-20 11:00:00,6.6,9.37,51.25,-3.75,51.25,-3.75
2025-03-20 12:00:00,6.72,9.49,51.25,-3.75,51.25,-3.75
2025-03-20 13:00:00,7.02,9.91,51.25,-3.75,51.25,-3.75
2025-03-20 14:00:00,7.47,10.55,51.25,-3.75,51.25,-3.75
2025-03-20 15:00:00,7.67,10.84,51.25,-3.75,51.25,-3.75
2025-03-20 16:00:00,7.63,11.08,51.25,-3.75,51.25,-3.75
2025-03-20 17:00:00,8.03,11.68,51.25,-3.75,51.25,-3.75
2025-03-20 18:00:00,8.12,11.96,51.25,-3.75,51.25,-3.75
2025-03-20 19:00:00,8.27,12.35,51.25,-3.75,51.25,-3.75
2025-03-20 20:00:00,8.49,12.6,51.25,-3.75,51.25,-3.75
2025-03-20 21:00:00,8.18,12.22,51.25,-3.75,51.25,-3.75
2025-03-20 22:00:00,7.6,11.59,51.25,-3.75,51.25,-3.75
2025-03-20 23:00:00,7.19,11.11,51.25,-3.75,51.25,-3.75
2025-03-21 00:00:00,7.12,10.89,51.25,-3.75,51.25,-3.75
2025-03-21 01:00:00,7.12,10.94,51.25,-3.75,51.25,-3.75
2025-03-21 02:00:00,6.85,10.58,51.25,-3.75,51.25,-3.75
2025-03-21 03:00:00,6.11,9.58,51.25,-3.75,51.25,-3.75
2025-03-21 04:00:00,6.01,9.25,51.25,-3.75,51.25,-3.75
2025-03-21 05:00:00,6.48,9.82,51.25,-3.75,51.25,-3.75
2025-03-21 06:00:00,7.06,10.5,51.25,-3.75,51.25,-3.75
2025-03-21 07:00:00,7.39,10.9,51.25,-3.75,51.25,-3.75
2025-03-21 08:00:00,7.74,11.21,51.25,-3.75,51.25,-3.75
2025-03-21 09:00:00,8.19,11.32,51.25,-3.75,51.25,-3.75
2025-03-21 10:00:00,8.55,11.94,51.25,-3.75,51.25,-3.75
2025-03-21 11:00:00,8.52,11.77,51.25,-3.75,51.25,-3.75
2025-03-21 12:00:00,9.88,13.63,51.25,-3.75,51.25,-3.75
2025-03-21 13:00:00,9.26,12.86,51.25,-3.75,51.25,-3.75
2025-03-21 14:00:00,8.33,11.56,51.25,-3.75,51.25,-3.75
2025-03-21 15:00:00,7.69,10.71,51.25,-3.75,51.25,-3.75
2025-03-21 16:00:00,7.69,10.9,51.25,-3.75,51.25,-3.75
2025-03-21 17:00:00,8.46,11.88,51.25,-3.75,51.25,-3.75
2025-03-21 18:00:00,9.09,12.85,51.25,-3.75,51.25,-3.75
2025-03-21 19:00:00,9.04,12.81,51.25,-3.75,51.25,-3.75
2025-03-21 20:00:00,8.33,11.87,51.25,-3.75,51.25,-3.75
2025-03-21 21:00:00,6.98,9.96,51.25,-3.75,51.25,-3.75
2025-03-21 22:00:00,6.48,9.32,51.25,-3.75,51.25,-3.75
2025-03-21 23:00:00,5.99,8.57,51.25,-3.75,51.25,-3.75
2025-03-22 00:00:00,6.02,8.77,51.25,-3.75,51.25,-3.75
2025-03-22 01:00:00,6.2,9.24,51.25,-3.75,51.25,-3.75
2025-03-22 02:00:00,6.02,9.06,51.25,-3.75,51.25,-3.75
2025-03-22 03:00:00,6.31,9.4,51.25,-3.75,51.25,-3.75
2025-03-22 04:00:00,7.0,10.2,51.25,-3.75,51.25,-3.75
2025-03-22 05:00:00,7.08,10.13,51.25,-3.75,51.25,-3.75
2025-03-22 06:00:00,6.8,9.64,51.25,-3.75,51.25,-3.75
2025-03-22 07:00:00,6.92,9.6,51.25,-3.75,51.25,-3.75
2025-03-22 08:00:00,7.29,9.79,51.25,-3.75,51.25,-3.75
2025-03-22 09:00:00,7.15,9.72,51.25,-3.75,51.25,-3.75
2025-03-22 10:00:00,7.32,10.23,51.25,-3.75,51.25,-3.75
2025-03-22 11:00:00,7.43,10.34,51.25,-3.75,51.25,-3.75
2025-03-22 12:00:00,7.16,9.93,51.25,-3.75,51.25,-3.75
2025-03-22 13:00:00,6.59,9.09,51.25,-3.75,51.25,-3.75
2025-03-22 14:00:00,5.93,8.22,51.25,-3.75,51.25,-3.75
2025-03-22 15:00:00,5.32,7.45,51.25,-3.75,51.25,-3.75
2025-03-22 16:00:00,4.98,6.71,51.25,-3.75,51.25,-3.75
2025-03-22 17:00:00,4.51,6.36,51.25,-3.75,51.25,-3.75
2025-03-22 18:00:00,4.17,6.05,51.25,-3.75,51.25,-3.75
2025-03-22 19:00:00,3.75,5.76,51.25,-3.75,51.25,-3.75
2025-03-22 20:00:00,3.28,5.24,51.25,-3.75,51.25,-3.75
2025-03-22 21:00:00,2.87,4.66,51.25,-3.75,51.25,-3.75
2025-03-22 22:00:00,2.16,3.75,51.25,-3.75,51.25,-3.75
2025-03-22 23:00:00,1.69,3.24,51.25,-3.75,51.25,-3.75
2025-03-23 00:00:00,2.3,3.62,51.25,-3.75,51.25,-3.75
2025-03-23 01:00:00,2.57,4.16,51.25,-3.75,51.25,-3.75
2025-03-23 02:00:00,2.87,5.15,51.25,-3.75,51.25,-3.75
2025-03-23 03:00:00,3.43,6.01,51.25,-3.75,51.25,-3.75
2025-03-23 04:00:00,3.94,6.66,51.25,-3.75,51.25,-3.75
2025-03-23 05:00:00,4.56,7.1,51.25,-3.75,51.25,-3.75
2025-03-23 06:00:00,5.03,7.62,51.25,-3.75,51.25,-3.75
2025-03-23 07:00:00,5.65,7.79,51.25,-3.75,51.25,-3.75
2025-03-23 08:00:00,6.09,8.15,51.25,-3.75,51.25,-3.75
2025-03-23 09:00:00,6.49,8.61,51.25,-3.75,51.25,-3.75
2025-03-23 10:00:00,6.56,8.81,51.25,-3.75,51.25,-3.75
2025-03-23 11:00:00,7.05,9.44,51.25,-3.75,51.25,-3.75
2025-03-23 12:00:00,7.16,9.69,51.25,-3.75,51.25,-3.75
2025-03-23 13:00:00,6.51,8.89,51.25,-3.75,51.25,-3.75
2025-03-23 14:00:00,5.44,7.51,51.25,-3.75,51.25,-3.75
2025-03-23 15:00:00,4.68,6.45,51.25,-3.75,51.25,-3.75
2025-03-23 16:00:00,4.05,5.79,51.25,-3.75,51.25,-3.75
2025-03-23 17:00:00,4.22,6.36,51.25,-3.75,51.25,-3.75
2025-03-23 18:00:00,4.16,6.25,51.25,-3.75,51.25,-3.75
2025-03-23 19:00:00,3.95,6.13,51.25,-3.75,51.25,-3.75
2025-03-23 20:00:00,3.73,5.96,51.25,-3.75,51.25,-3.75
2025-03-23 21:00:00,3.68,5.76,51.25,-3.75,51.25,-3.75
2025-03-23 22:00:00,3.15,5.11,51.25,-3.75,51.25,-3.75
2025-03-23 23:00:00,3.83,5.87,51.25,-3.75,51.25,-3.75
2025-03-24 00:00:00,4.05,6.25,51.25,-3.75,51.25,-3.75
2025-03-24 01:00:00,3.74,5.87,51.25,-3.75,51.25,-3.75
2025-03-24 02:00:00,3.53,5.62,51.25,-3.75,51.25,-3.75
2025-03-24 03:00:00,3.16,5.17,51.25,-3.75,51.25,-3.75
2025-03-24 04:00:00,3.08,4.9,51.25,-3.75,51.25,-3.75
2025-03-24 05:00:00,3.01,4.82,51.25,-3.75,51.25,-3.75
2025-03-24 06:00:00,2.97,4.53,51.25,-3.75,51.25,-3.75
2025-03-24 07:00:00,3.26,4.52,51.25,-3.75,51.25,-3.75
2025-03-24 08:00:00,3.56,4.19,51.25,-3.75,51.25,-3.75
2025-03-24 09:00:00,3.11,3.52,51.25,-3.75,51.25,-3.75
2025-03-24 10:00:00,1.28,1.36,51.25,-3.75,51.25,-3.75
2025-03-24 11:00:00,1.49,1.68,51.25,-3.75,51.25,-3.75
2025-03-24 12:00:00,1.35,1.49,51.25,-3.75,51.25,-3.75
2025-03-24 13:00:00,0.81,0.96,51.25,-3.75,51.25,-3.75
2025-03-24 14:00:00,0.92,0.87,51.25,-3.75,51.25,-3.75
2025-03-24 15:00:00,2.35,2.5,51.25,-3.75,51.25,-3.75
2025-03-24 16:00:00,3.42,3.9,51.25,-3.75,51.25,-3.75
2025-03-24 17:00:00,3.6,4.31,51.25,-3.75,51.25,-3.75
2025-03-24 18:00:00,3.79,5.06,51.25,-3.75,51.25,-3.75
2025-03-24 19:00:00,4.6,6.54,51.25,-3.75,51.25,-3.75
2025-03-24 20:00:00,5.03,7.34,51.25,-3.75,51.25,-3.75
2025-03-24 21:00:00,5.04,7.12,51.25,-3.75,51.25,-3.75
2025-03-24 22:00:00,4.68,6.4,51.25,-3.75,51.25,-3.75
2025-03-24 23:00:00,4.9,6.44,51.25,-3.75,51.25,-3.75
2025-03-25 00:00:00,5.46,6.88,51.25,-3.75,51.25,-3.75
2025-03-25 01:00:00,5.78,7.35,51.25,-3.75,51.25,-3.75
2025-03-25 02:00:00,5.44,6.88,51.25,-3.75,51.25,-3.75
2025-03-25 03:00:00,5.26,6.54,51.25,-3.75,51.25,-3.75
2025-03-25 04:00:00,5.54,6.82,51.25,-3.75,51.25,-3.75
2025-03-25 05:00:00,5.48,6.78,51.25,-3.75,51.25,-3.75
2025-03-25 06:00:00,4.99,6.75,51.25,-3.75,51.25,-3.75
2025-03-25 07:00:00,4.8,6.45,51.25,-3.75,51.25,-3.75
2025-03-25 08:00:00,5.11,6.66,51.25,-3.75,51.25,-3.75
2025-03-25 09:00:00,5.09,6.72,51.25,-3.75,51.25,-3.75
2025-03-25 10:00:00,5.52,7.44,51.25,-3.75,51.25,-3.75
2025-03-25 11:00:00,5.34,7.09,51.25,-3.75,51.25,-3.75
2025-03-25 12:00:00,5.21,6.87,51.25,-3.75,51.25,-3.75
2025-03-25 13:00:00,5.03,6.63,51.25,-3.75,51.25,-3.75
2025-03-25 14:00:00,4.83,6.33,51.25,-3.75,51.25,-3.75
2025-03-25 15:00:00,4.95,6.3,51.25,-3.75,51.25,-3.75
2025-03-25 16:00:00,5.1,6.63,51.25,-3.75,51.25,-3.75
2025-03-25 17:00:00,5.23,6.85,51.25,-3.75,51.25,-3.75
2025-03-25 18:00:00,5.01,6.87,51.25,-3.75,51.25,-3.75
2025-03-25 19:00:00,5.01,7.12,51.25,-3.75,51.25,-3.75
2025-03-25 20:00:00,4.66,6.86,51.25,-3.75,51.25,-3.75
2025-03-25 21:00:00,4.0,5.94,51.25,-3.75,51.25,-3.75
2025-03-25 22:00:00,3.67,5.04,51.25,-3.75,51.25,-3.75
2025-03-25 23:00:00,3.32,4.55,51.25,-3.75,51.25,-3.75
2025-03-26 00:00:00,2.65,3.55,51.25,-3.75,51.25,-3.75
2025-03-26 01:00:00,1.74,2.3,51.25,-3.75,51.25,-3.75
2025-03-26 02:00:00,0.51,1.1,51.25,-3.75,51.25,-3.75
2025-03-26 03:00:00,0.15,1.3,51.25,-3.75,51.25,-3.75
2025-03-26 04:00:00,0.47,1.56,51.25,-3.75,51.25,-3.75
2025-03-26 05:00:00,0.71,1.6,51.25,-3.75,51.25,-3.75
2025-03-26 06:00:00,0.85,1.52,51.25,-3.75,51.25,-3.75
2025-03-26 07:00:00,1.0,1.6,51.25,-3.75,51.25,-3.75
2025-03-26 08:00:00,1.1,1.44,51.25,-3.75,51.25,-3.75
2025-03-26 09:00:00,1.14,1.41,51.25,-3.75,51.25,-3.75
2025-03-26 10:00:00,0.16,0.5,51.25,-3.75,51.25,-3.75
2025-03-26 11:00:00,0.27,0.6,51.25,-3.75,51.25,-3.75
2025-03-26 12:00:00,0.21,0.5,51.25,-3.75,51.25,-3.75
2025-03-26 13:00:00,0.76,1.01,51.25,-3.75,51.25,-3.75
2025-03-26 14:00:00,1.61,1.69,51.25,-3.75,51.25,-3.75
2025-03-26 15:00:00,2.78,2.96,51.25,-3.75,51.25,-3.75
2025-03-26 16:00:00,3.62,4.31,51.25,-3.75,51.25,-3.75
2025-03-26 17:00:00,3.8,4.89,51.25,-3.75,51.25,-3.75
2025-03-26 18:00:00,3.31,4.89,51.25,-3.75,51.25,-3.75
2025-03-26 19:00:00,3.01,4.66,51.25,-3.75,51.25,-3.75
2025-03-26 20:00:00,2.9,4.27,51.25,-3.75,51.25,-3.75
2025-03-26 21:00:00,2.95,4.2,51.25,-3.75,51.25,-3.75
2025-03-26 22:00:00,3.21,4.68,51.25,-3.75,51.25,-3.75
2025-03-26 23:00:00,3.18,4.73,51.25,-3.75,51.25,-3.75
2025-03-27 00:00:00,3.39,5.05,51.25,-3.75,51.25,-3.75
2025-03-27 01:00:00,3.66,5.15,51.25,-3.75,51.25,-3.75
2025-03-27 02:00:00,3.63,5.05,51.25,-3.75,51.25,-3.75
2025-03-27 03:00:00,3.77,5.1,51.25,-3.75,51.25,-3.75
2025-03-27 04:00:00,3.73,5.1,51.25,-3.75,51.25,-3.75
2025-03-27 05:00:00,3.53,4.82,51.25,-3.75,51.25,-3.75
2025-03-27 06:00:00,3.51,4.79,51.25,-3.75,51.25,-3.75
2025-03-27 07:00:00,3.85,5.17,51.25,-3.75,51.25,-3.75
2025-03-27 08:00:00,4.07,5.37,51.25,-3.75,51.25,-3.75
2025-03-27 09:00:00,3.97,5.28,51.25,-3.75,51.25,-3.75
2025-03-27 10:00:00,4.05,5.45,51.25,-3.75,51.25,-3.75
2025-03-27 11:00:00,3.76,5.19,51.25,-3.75,51.25,-3.75
2025-03-27 12:00:00,3.57,4.93,51.25,-3.75,51.25,-3.75
2025-03-27 13:00:00,3.56,4.97,51.25,-3.75,51.25,-3.75
2025-03-27 14:00:00,3.89,5.5,51.25,-3.75,51.25,-3.75
2025-03-27 15:00:00,4.47,6.31,51.25,-3.75,51.25,-3.75
2025-03-27 16:00:00,4.79,6.79,51.25,-3.75,51.25,-3.75
2025-03-27 17:00:00,5.1,7.31,51.25,-3.75,51.25,-3.75
2025-03-27 18:00:00,5.39,8.03,51.25,-3.75,51.25,-3.75
2025-03-27 19:00:00,6.31,8.97,51.25,-3.75,51.25,-3.75
2025-03-27 20:00:00,6.95,9.81,51.25,-3.75,51.25,-3.75
2025-03-27 21:00:00,7.61,10.58,51.25,-3.75,51.25,-3.75
2025-03-27 22:00:00,7.92,11.0,51.25,-3.75,51.25,-3.75
2025-03-27 23:00:00,8.21,11.46,51.25,-3.75,51.25,-3.75
2025-03-28 00:00:00,8.59,11.95,51.25,-3.75,51.25,-3.75
2025-03-28 01:00:00,8.75,12.12,51.25,-3.75,51.25,-3.75
2025-03-28 02:00:00,8.82,12.16,51.25,-3.75,51.25,-3.75
2025-03-28 03:00:00,8.76,12.02,51.25,-3.75,51.25,-3.75
2025-03-28 04:00:00,8.96,12.21,51.25,-3.75,51.25,-3.75
2025-03-28 05:00:00,9.27,12.51,51.25,-3.75,51.25,-3.75
2025-03-28 06:00:00,8.11,10.75,51.25,-3.75,51.25,-3.75
2025-03-28 07:00:00,7.94,10.38,51.25,-3.75,51.25,-3.75
2025-03-28 08:00:00,8.37,10.75,51.25,-3.75,51.25,-3.75
2025-03-28 09:00:00,8.85,11.19,51.25,-3.75,51.25,-3.75
2025-03-28 10:00:00,8.72,10.83,51.25,-3.75,51.25,-3.75
2025-03-28 11:00:00,8.88,10.85,51.25,-3.75,51.25,-3.75
2025-03-28 12:00:00,9.15,11.02,51.25,-3.75,51.25,-3.75
2025-03-28 13:00:00,9.3,11.15,51.25,-3.75,51.25,-3.75
2025-03-28 14:00:00,9.66,11.65,51.25,-3.75,51.25,-3.75
2025-03-28 15:00:00,10.2,12.44,51.25,-3.75,51.25,-3.75
2025-03-28 16:00:00,10.19,12.49,51.25,-3.75,51.25,-3.75
2025-03-28 17:00:00,9.73,12.04,51.25,-3.75,51.25,-3.75
2025-03-28 18:00:00,9.36,11.88,51.25,-3.75,51.25,-3.75
2025-03-28 19:00:00,8.63,11.32,51.25,-3.75,51.25,-3.75
2025-03-28 20:00:00,7.45,9.96,51.25,-3.75,51.25,-3.75
2025-03-28 21:00:00,6.73,8.92,51.25,-3.75,51.25,-3.75
2025-03-28 22:00:00,5.91,7.67,51.25,-3.75,51.25,-3.75
2025-03-28 23:00:00,5.49,7.32,51.25,-3.75,51.25,-3.75
2025-03-29 00:00:00,5.42,7.23,51.25,-3.75,51.25,-3.75
2025-03-29 01:00:00,5.64,7.39,51.25,-3.75,51.25,-3.75
2025-03-29 02:00:00,5.33,7.05,51.25,-3.75,51.25,-3.75
2025-03-29 03:00:00,4.5,6.05,51.25,-3.75,51.25,-3.75
2025-03-29 04:00:00,4.02,5.26,51.25,-3.75,51.25,-3.75
2025-03-29 05:00:00,4.0,5.19,51.25,-3.75,51.25,-3.75
2025-03-29 06:00:00,4.34,5.53,51.25,-3.75,51.25,-3.75
2025-03-29 07:00:00,4.15,5.2,51.25,-3.75,51.25,-3.75
2025-03-29 08:00:00,4.35,5.11,51.25,-3.75,51.25,-3.75
2025-03-29 09:00:00,5.03,5.91,51.25,-3.75,51.25,-3.75
2025-03-29 10:00:00,5.01,6.01,51.25,-3.75,51.25,-3.75
2025-03-29 11:00:00,5.71,6.88,51.25,-3.75,51.25,-3.75
2025-03-29 12:00:00,5.48,7.09,51.25,-3.75,51.25,-3.75
2025-03-29 13:00:00,5.57,7.56,51.25,-3.75,51.25,-3.75
2025-03-29 14:00:00,6.41,8.69,51.25,-3.75,51.25,-3.75
2025-03-29 15:00:00,7.3,9.96,51.25,-3.75,51.25,-3.75
2025-03-29 16:00:00,7.92,10.98,51.25,-3.75,51.25,-3.75
2025-03-29 17:00:00,8.52,11.82,51.25,-3.75,51.25,-3.75
2025-03-29 18:00:00,9.23,12.52,51.25,-3.75,51.25,-3.75
2025-03-29 19:00:00,9.37,12.88,51.25,-3.75,51.25,-3.75
2025-03-29 20:00:00,9.65,13.23,51.25,-3.75,51.25,-3.75
2025-03-29 21:00:00,9.45,12.96,51.25,-3.75,51.25,-3.75
2025-03-29 22:00:00,8.98,12.51,51.25,-3.75,51.25,-3.75
2025-03-29 23:00:00,9.27,12.9,51.25,-3.75,51.25,-3.75
2025-03-30 00:00:00,9.7,13.45,51.25,-3.75,51.25,-3.75
2025-03-30 01:00:00,9.59,13.2,51.25,-3.75,51.25,-3.75
2025-03-30 02:00:00,9.61,13.08,51.25,-3.75,51.25,-3.75
2025-03-30 03:00:00,9.33,12.52,51.25,-3.75,51.25,-3.75
2025-03-30 04:00:00,8.65,11.64,51.25,-3.75,51.25,-3.75
2025-03-30 05:00:00,8.12,10.85,51.25,-3.75,51.25,-3.75
2025-03-30 06:00:00,7.74,10.3,51.25,-3.75,51.25,-3.75
2025-03-30 07:00:00,7.34,9.62,51.25,-3.75,51.25,-3.75
2025-03-30 08:00:00,7.38,9.38,51.25,-3.75,51.25,-3.75
2025-03-30 09:00:00,7.36,9.2,51.25,-3.75,51.25,-3.75
2025-03-30 10:00:00,7.32,8.71,51.25,-3.75,51.25,-3.75
2025-03-30 11:00:00,7.13,8.47,51.25,-3.75,51.25,-3.75
2025-03-30 12:00:00,6.94,8.25,51.25,-3.75,51.25,-3.75
2025-03-30 13:00:00,6.8,8.45,51.25,-3.75,51.25,-3.75
2025-03-30 14:00:00,6.73,8.65,51.25,-3.75,51.25,-3.75
2025-03-30 15:00:00,6.38,8.24,51.25,-3.75,51.25,-3.75
2025-03-30 16:00:00,6.22,8.07,51.25,-3.75,51.25,-3.75
2025-03-30 17:00:00,6.38,8.29,51.25,-3.75,51.25,-3.75
2025-03-30 18:00:00,6.33,8.55,51.25,-3.75,51.25,-3.75
2025-03-30 19:00:00,5.95,8.36,51.25,-3.75,51.25,-3.75
2025-03-30 20:00:00,5.29,7.54,51.25,-3.75,51.25,-3.75
2025-03-30 21:00:00,4.35,6.38,51.25,-3.75,51.25,-3.75
2025-03-30 22:00:00,3.62,5.15,51.25,-3.75,51.25,-3.75
2025-03-30 23:00:00,2.9,4.18,51.25,-3.75,51.25,-3.75
2025-03-31 00:00:00,2.31,3.26,51.25,-3.75,51.25,-3.75
2025-03-31 01:00:00,1.65,2.75,51.25,-3.75,51.25,-3.75
2025-03-31 02:00:00,1.19,2.48,51.25,-3.75,51.25,-3.75
2025-03-31 03:00:00,1.24,2.62,51.25,-3.75,51.25,-3.75
2025-03-31 04:00:00,1.35,2.66,51.25,-3.75,51.25,-3.75
2025-03-31 05:00:00,1.63,2.81,51.25,-3.75,51.25,-3.75
2025-03-31 06:00:00,2.08,3.17,51.25,-3.75,51.25,-3.75
2025-03-31 07:00:00,2.35,3.71,51.25,-3.75,51.25,-3.75
2025-03-31 08:00:00,3.21,4.6,51.25,-3.75,51.25,-3.75
2025-03-31 09:00:00,4.05,4.95,51.25,-3.75,51.25,-3.75
2025-03-31 10:00:00,4.11,4.78,51.25,-3.75,51.25,-3.75
2025-03-31 11:00:00,3.95,5.03,51.25,-3.75,51.25,-3.75
2025-03-31 12:00:00,4.02,5.29,51.25,-3.75,51.25,-3.75
2025-03-31 13:00:00,4.16,5.63,51.25,-3.75,51.25,-3.75
2025-03-31 14:00:00,4.09,5.53,51.25,-3.75,51.25,-3.75
2025-03-31 15:00:00,3.73,5.06,51.25,-3.75,51.25,-3.75
2025-03-31 16:00:00,3.78,5.01,51.25,-3.75,51.25,-3.75
2025-03-31 17:00:00,4.05,5.4,51.25,-3.75,51.25,-3.75
2025-03-31 18:00:00,4.11,6.06,51.25,-3.75,51.25,-3.75
2025-03-31 19:00:00,4.14,6.48,51.25,-3.75,51.25,-3.75
2025-03-31 20:00:00,4.21,6.79,51.25,-3.75,51.25,-3.75
2025-03-31 21:00:00,4.42,7.21,51.25,-3.75,51.25,-3.75
2025-03-31 22:00:00,5.14,8.21,51.25,-3.75,51.25,-3.75
2025-03-31 23:00:00,5.83,8.94,51.25,-3.75,51.25,-3.75
2025-04-01 00:00:00,6.49,9.91,51.25,-3.75,51.25,-3.75
2025-04-01 01:00:00,7.15,10.63,51.25,-3.75,51.25,-3.75
2025-04-01 02:00:00,7.71,11.01,51.25,-3.75,51.25,-3.75
2025-04-01 03:00:00,8.22,11.04,51.25,-3.75,51.25,-3.75
2025-04-01 04:00:00,8.5,11.12,51.25,-3.75,51.25,-3.75
2025-04-01 05:00:00,8.72,11.25,51.25,-3.75,51.25,-3.75
2025-04-01 06:00:00,9.12,11.62,51.25,-3.75,51.25,-3.75
2025-04-01 07:00:00,9.61,12.06,51.25,-3.75,51.25,-3.75
2025-04-01 08:00:00,9.81,11.99,51.25,-3.75,51.25,-3.75
2025-04-01 09:00:00,10.03,12.27,51.25,-3.75,51.25,-3.75
2025-04-01 10:00:00,9.79,12.02,51.25,-3.75,51.25,-3.75
2025-04-01 11:00:00,9.84,12.37,51.25,-3.75,51.25,-3.75
2025-04-01 12:00:00,9.69,12.63,51.25,-3.75,51.25,-3.75
2025-04-01 13:00:00,9.6,12.69,51.25,-3.75,51.25,-3.75
2025-04-01 14:00:00,9.43,12.61,51.25,-3.75,51.25,-3.75
2025-04-01 15:00:00,9.06,12.27,51.25,-3.75,51.25,-3.75
2025-04-01 16:00:00,8.89,12.14,51.25,-3.75,51.25,-3.75
2025-04-01 17:00:00,8.51,11.88,51.25,-3.75,51.25,-3.75
2025-04-01 18:00:00,9.05,12.65,51.25,-3.75,51.25,-3.75
2025-04-01 19:00:00,9.75,13.65,51.25,-3.75,51.25,-3.75
2025-04-01 20:00:00,10.8,14.92,51.25,-3.75,51.25,-3.75
2025-04-01 21:00:00,11.18,15.08,51.25,-3.75,51.25,-3.75
2025-04-01 22:00:00,10.22,13.93,51.25,-3.75,51.25,-3.75
2025-04-01 23:00:00,9.25,13.46,51.25,-3.75,51.25,-3.75
2025-04-02 00:00:00,9.2,13.15,51.25,-3.75,51.25,-3.75
2025-04-02 01:00:00,8.86,12.35,51.25,-3.75,51.25,-3.75
2025-04-02 02:00:00,8.73,11.81,51.25,-3.75,51.25,-3.75
2025-04-02 03:00:00,8.71,11.68,51.25,-3.75,51.25,-3.75
2025-04-02 04:00:00,8.89,11.71,51.25,-3.75,51.25,-3.75
2025-04-02 05:00:00,8.95,11.74,51.25,-3.75,51.25,-3.75
2025-04-02 06:00:00,8.74,11.51,51.25,-3.75,51.25,-3.75
2025-04-02 07:00:00,9.28,12.01,51.25,-3.75,51.25,-3.75
2025-04-02 08:00:00,9.84,12.47,51.25,-3.75,51.25,-3.75
2025-04-02 09:00:00,10.3,12.87,51.25,-3.75,51.25,-3.75
2025-04-02 10:00:00,10.08,12.93,51.25,-3.75,51.25,-3.75
2025-04-02 11:00:00,9.84,12.8,51.25,-3.75,51.25,-3.75
2025-04-02 12:00:00,9.74,12.86,51.25,-3.75,51.25,-3.75
2025-04-02 13:00:00,9.54,12.83,51.25,-3.75,51.25,-3.75
2025-04-02 14:00:00,9.37,12.73,51.25,-3.75,51.25,-3.75
2025-04-02 15:00:00,9.36,12.81,51.25,-3.75,51.25,-3.75
2025-04-02 16:00:00,9.52,13.03,51.25,-3.75,51.25,-3.75
2025-04-02 17:00:00,9.49,13.25,51.25,-3.75,51.25,-3.75
2025-04-02 18:00:00,10.03,13.97,51.25,-3.75,51.25,-3.75
2025-04-02 19:00:00,10.03,13.98,51.25,-3.75,51.25,-3.75
2025-04-02 20:00:00,9.92,13.79,51.25,-3.75,51.25,-3.75
2025-04-02 21:00:00,9.72,13.56,51.25,-3.75,51.25,-3.75
2025-04-02 22:00:00,9.61,13.5,51.25,-3.75,51.25,-3.75
2025-04-02 23:00:00,9.52,13.27,51.25,-3.75,51.25,-3.75
2025-04-03 00:00:00,9.37,13.09,51.25,-3.75,51.25,-3.75
2025-04-03 01:00:00,9.42,13.12,51.25,-3.75,51.25,-3.75
2025-04-03 02:00:00,9.3,12.92,51.25,-3.75,51.25,-3.75
2025-04-03 03:00:00,8.5,12.82,51.25,-3.75,51.25,-3.75
2025-04-03 04:00:00,8.63,12.78,51.25,-3.75,51.25,-3.75
2025-04-03 05:00:00,8.6,12.92,51.25,-3.75,51.25,-3.75
2025-04-03 06:00:00,8.51,12.87,51.25,-3.75,51.25,-3.75
2025-04-03 07:00:00,8.65,12.59,51.25,-3.75,51.25,-3.75
2025-04-03 08:00:00,8.82,12.45,51.25,-3.75,51.25,-3.75
2025-04-03 09:00:00,9.6,12.49,51.25,-3.75,51.25,-3.75
2025-04-03 10:00:00,9.36,12.58,51.25,-3.75,51.25,-3.75
2025-04-03 11:00:00,8.82,11.96,51.25,-3.75,51.25,-3.75
2025-04-03 12:00:00,8.67,11.86,51.25,-3.75,51.25,-3.75
2025-04-03 13:00:00,9.09,12.47,51.25,-3.75,51.25,-3.75
2025-04-03 14:00:00,9.41,13.0,51.25,-3.75,51.25,-3.75
2025-04-03 15:00:00,9.24,12.94,51.25,-3.75,51.25,-3.75
2025-04-03 16:00:00,9.12,12.77,51.25,-3.75,51.25,-3.75
2025-04-03 17:00:00,8.77,12.43,51.25,-3.75,51.25,-3.75
2025-04-03 18:00:00,8.63,12.16,51.25,-3.75,51.25,-3.75
2025-04-03 19:00:00,8.61,12.1,51.25,-3.75,51.25,-3.75
2025-04-03 20:00:00,8.5,11.93,51.25,-3.75,51.25,-3.75
2025-04-03 21:00:00,8.21,11.45,51.25,-3.75,51.25,-3.75
2025-04-03 22:00:00,6.24,9.04,51.25,-3.75,51.25,-3.75
2025-04-03 23:00:00,5.77,8.35,51.25,-3.75,51.25,-3.75
2025-04-04 00:00:00,5.4,8.01,51.25,-3.75,51.25,-3.75
2025-04-04 01:00:00,5.22,7.85,51.25,-3.75,51.25,-3.75
2025-04-04 02:00:00,4.95,7.52,51.25,-3.75,51.25,-3.75
2025-04-04 03:00:00,4.85,7.34,51.25,-3.75,51.25,-3.75
2025-04-04 04:00:00,5.07,7.66,51.25,-3.75,51.25,-3.75
2025-04-04 05:00:00,5.87,9.06,51.25,-3.75,51.25,-3.75
2025-04-04 06:00:00,5.62,8.81,51.25,-3.75,51.25,-3.75
2025-04-04 07:00:00,5.49,8.57,51.25,-3.75,51.25,-3.75
2025-04-04 08:00:00,5.78,8.83,51.25,-3.75,51.25,-3.75
2025-04-04 09:00:00,6.35,9.24,51.25,-3.75,51.25,-3.75
2025-04-04 10:00:00,7.25,10.24,51.25,-3.75,51.25,-3.75
2025-04-04 11:00:00,7.51,10.44,51.25,-3.75,51.25,-3.75
2025-04-04 12:00:00,7.62,10.61,51.25,-3.75,51.25,-3.75
2025-04-04 13:00:00,7.78,10.92,51.25,-3.75,51.25,-3.75
2025-04-04 14:00:00,8.0,11.31,51.25,-3.75,51.25,-3.75
2025-04-04 15:00:00,8.31,11.85,51.25,-3.75,51.25,-3.75
2025-04-04 16:00:00,8.07,12.07,51.25,-3.75,51.25,-3.75
2025-04-04 17:00:00,8.33,12.25,51.25,-3.75,51.25,-3.75
2025-04-04 18:00:00,8.65,12.85,51.25,-3.75,51.25,-3.75
2025-04-04 19:00:00,9.1,13.46,51.25,-3.75,51.25,-3.75
2025-04-04 20:00:00,9.69,14.18,51.25,-3.75,51.25,-3.75
2025-04-04 21:00:00,10.31,14.86,51.25,-3.75,51.25,-3.75
2025-04-04 22:00:00,10.3,14.86,51.25,-3.75,51.25,-3.75
2025-04-04 23:00:00,10.54,15.0,51.25,-3.75,51.25,-3.75
2025-04-05 00:00:00,10.85,15.34,51.25,-3.75,51.25,-3.75
2025-04-05 01:00:00,11.28,15.59,51.25,-3.75,51.25,-3.75
2025-04-05 02:00:00,10.67,15.59,51.25,-3.75,51.25,-3.75
2025-04-05 03:00:00,10.51,15.18,51.25,-3.75,51.25,-3.75
2025-04-05 04:00:00,10.34,14.16,51.25,-3.75,51.25,-3.75
2025-04-05 05:00:00,10.47,13.77,51.25,-3.75,51.25,-3.75
2025-04-05 06:00:00,10.89,14.21,51.25,-3.75,51.25,-3.75
2025-04-05 07:00:00,11.44,14.96,51.25,-3.75,51.25,-3.75
2025-04-05 08:00:00,11.39,14.42,51.25,-3.75,51.25,-3.75
2025-04-05 09:00:00,11.1,13.96,51.25,-3.75,51.25,-3.75
2025-04-05 10:00:00,10.79,13.53,51.25,-3.75,51.25,-3.75
2025-04-05 11:00:00,10.19,13.5,51.25,-3.75,51.25,-3.75
2025-04-05 12:00:00,9.96,13.42,51.25,-3.75,51.25,-3.75
2025-04-05 13:00:00,9.68,13.18,51.25,-3.75,51.25,-3.75
2025-04-05 14:00:00,9.51,13.09,51.25,-3.75,51.25,-3.75
2025-04-05 15:00:00,9.34,12.88,51.25,-3.75,51.25,-3.75
2025-04-05 16:00:00,9.14,12.73,51.25,-3.75,51.25,-3.75
2025-04-05 17:00:00,8.86,12.67,51.25,-3.75,51.25,-3.75
2025-04-05 18:00:00,9.22,13.18,51.25,-3.75,51.25,-3.75
2025-04-05 19:00:00,9.4,13.46,51.25,-3.75,51.25,-3.75
2025-04-05 20:00:00,9.77,13.89,51.25,-3.75,51.25,-3.75
2025-04-05 21:00:00,10.32,14.42,51.25,-3.75,51.25,-3.75
2025-04-05 22:00:00,9.83,13.7,51.25,-3.75,51.25,-3.75
2025-04-05 23:00:00,10.05,13.89,51.25,-3.75,51.25,-3.75
2025-04-06 00:00:00,9.96,13.74,51.25,-3.75,51.25,-3.75
2025-04-06 01:00:00,10.18,13.29,51.25,-3.75,51.25,-3.75
2025-04-06 02:00:00,9.97,12.73,51.25,-3.75,51.25,-3.75
2025-04-06 03:00:00,9.68,12.34,51.25,-3.75,51.25,-3.75
2025-04-06 04:00:00,9.52,12.18,51.25,-3.75,51.25,-3.75
2025-04-06 05:00:00,9.51,12.06,51.25,-3.75,51.25,-3.75
2025-04-06 06:00:00,9.45,11.85,51.25,-3.75,51.25,-3.75
2025-04-06 07:00:00,9.39,11.89,51.25,-3.75,51.25,-3.75
2025-04-06 08:00:00,9.26,11.21,51.25,-3.75,51.25,-3.75
2025-04-06 09:00:00,8.68,10.43,51.25,-3.75,51.25,-3.75
2025-04-06 10:00:00,8.24,9.89,51.25,-3.75,51.25,-3.75
2025-04-06 11:00:00,8.13,9.82,51.25,-3.75,51.25,-3.75
2025-04-06 12:00:00,7.33,9.43,51.25,-3.75,51.25,-3.75
2025-04-06 13:00:00,6.93,9.23,51.25,-3.75,51.25,-3.75
2025-04-06 14:00:00,6.44,8.73,51.25,-3.75,51.25,-3.75
2025-04-06 15:00:00,5.89,8.03,51.25,-3.75,51.25,-3.75
2025-04-06 16:00:00,5.39,7.43,51.25,-3.75,51.25,-3.75
2025-04-06 17:00:00,4.81,6.9,51.25,-3.75,51.25,-3.75
2025-04-06 18:00:00,4.27,6.55,51.25,-3.75,51.25,-3.75
2025-04-06 19:00:00,4.49,7.04,51.25,-3.75,51.25,-3.75
2025-04-06 20:00:00,4.81,7.77,51.25,-3.75,51.25,-3.75
2025-04-06 21:00:00,4.95,7.92,51.25,-3.75,51.25,-3.75
2025-04-06 22:00:00,5.38,8.35,51.25,-3.75,51.25,-3.75
2025-04-06 23:00:00,5.7,8.66,51.25,-3.75,51.25,-3.75
2025-04-07 00:00:00,5.91,8.6,51.25,-3.75,51.25,-3.75
2025-04-07 01:00:00,5.75,8.17,51.25,-3.75,51.25,-3.75
2025-04-07 02:00:00,5.62,7.56,51.25,-3.75,51.25,-3.75
2025-04-07 03:00:00,5.65,7.29,51.25,-3.75,51.25,-3.75
2025-04-07 04:00:00,5.92,7.47,51.25,-3.75,51.25,-3.75
2025-04-07 05:00:00,6.11,7.67,51.25,-3.75,51.25,-3.75
2025-04-07 06:00:00,6.51,8.06,51.25,-3.75,51.25,-3.75
2025-04-07 07:00:00,6.73,8.23,51.25,-3.75,51.25,-3.75
2025-04-07 08:00:00,6.72,7.81,51.25,-3.75,51.25,-3.75
2025-04-07 09:00:00,6.35,7.35,51.25,-3.75,51.25,-3.75
2025-04-07 10:00:00,5.8,6.65,51.25,-3.75,51.25,-3.75
2025-04-07 11:00:00,5.45,6.3,51.25,-3.75,51.25,-3.75
2025-04-07 12:00:00,5.15,6.15,51.25,-3.75,51.25,-3.75
2025-04-07 13:00:00,4.46,5.7,51.25,-3.75,51.25,-3.75
2025-04-07 14:00:00,4.17,5.45,51.25,-3.75,51.25,-3.75
2025-04-07 15:00:00,4.02,5.25,51.25,-3.75,51.25,-3.75
2025-04-07 16:00:00,3.77,5.0,51.25,-3.75,51.25,-3.75
2025-04-07 17:00:00,3.54,4.8,51.25,-3.75,51.25,-3.75
2025-04-07 18:00:00,3.13,4.55,51.25,-3.75,51.25,-3.75
2025-04-07 19:00:00,3.34,4.58,51.25,-3.75,51.25,-3.75
2025-04-07 20:00:00,3.08,4.42,51.25,-3.75,51.25,-3.75
2025-04-07 21:00:00,2.72,4.05,51.25,-3.75,51.25,-3.75
2025-04-07 22:00:00,2.63,4.0,51.25,-3.75,51.25,-3.75
2025-04-07 23:00:00,2.33,3.42,51.25,-3.75,51.25,-3.75
2025-04-08 00:00:00,2.59,3.6,51.25,-3.75,51.25,-3.75
2025-04-08 01:00:00,3.06,4.45,51.25,-3.75,51.25,-3.75
2025-04-08 02:00:00,3.42,5.13,51.25,-3.75,51.25,-3.75
2025-04-08 03:00:00,3.11,4.91,51.25,-3.75,51.25,-3.75
2025-04-08 04:00:00,3.11,4.45,51.25,-3.75,51.25,-3.75
2025-04-08 05:00:00,3.32,4.46,51.25,-3.75,51.25,-3.75
2025-04-08 06:00:00,3.44,4.32,51.25,-3.75,51.25,-3.75
2025-04-08 07:00:00,3.76,4.53,51.25,-3.75,51.25,-3.75
2025-04-08 08:00:00,4.38,5.2,51.25,-3.75,51.25,-3.75
2025-04-08 09:00:00,4.12,4.78,51.25,-3.75,51.25,-3.75
2025-04-08 10:00:00,4.15,4.76,51.25,-3.75,51.25,-3.75
2025-04-08 11:00:00,3.8,4.5,51.25,-3.75,51.25,-3.75
2025-04-08 12:00:00,3.13,4.02,51.25,-3.75,51.25,-3.75
2025-04-08 13:00:00,2.52,3.4,51.25,-3.75,51.25,-3.75
2025-04-08 14:00:00,2.26,2.96,51.25,-3.75,51.25,-3.75
2025-04-08 15:00:00,1.92,2.64,51.25,-3.75,51.25,-3.75
2025-04-08 16:00:00,1.5,2.24,51.25,-3.75,51.25,-3.75
2025-04-08 17:00:00,0.83,1.47,51.25,-3.75,51.25,-3.75
2025-04-08 18:00:00,0.59,1.1,51.25,-3.75,51.25,-3.75
2025-04-08 19:00:00,1.19,1.42,51.25,-3.75,51.25,-3.75
2025-04-08 20:00:00,1.43,1.8,51.25,-3.75,51.25,-3.75
2025-04-08 21:00:00,1.56,2.14,51.25,-3.75,51.25,-3.75
2025-04-08 22:00:00,1.93,2.62,51.25,-3.75,51.25,-3.75
2025-04-08 23:00:00,2.04,3.16,51.25,-3.75,51.25,-3.75
2025-04-09 00:00:00,2.45,3.91,51.25,-3.75,51.25,-3.75
2025-04-09 01:00:00,2.9,4.67,51.25,-3.75,51.25,-3.75
2025-04-09 02:00:00,3.02,4.86,51.25,-3.75,51.25,-3.75
2025-04-09 03:00:00,3.26,5.08,51.25,-3.75,51.25,-3.75
2025-04-09 04:00:00,3.57,5.4,51.25,-3.75,51.25,-3.75
2025-04-09 05:00:00,3.69,5.63,51.25,-3.75,51.25,-3.75
2025-04-09 06:00:00,3.65,5.75,51.25,-3.75,51.25,-3.75
2025-04-09 07:00:00,4.11,6.07,51.25,-3.75,51.25,-3.75
2025-04-09 08:00:00,4.78,5.91,51.25,-3.75,51.25,-3.75
2025-04-09 09:00:00,5.1,5.99,51.25,-3.75,51.25,-3.75
2025-04-09 10:00:00,4.81,5.72,51.25,-3.75,51.25,-3.75
2025-04-09 11:00:00,4.58,5.44,51.25,-3.75,51.25,-3.75
2025-04-09 12:00:00,4.2,5.26,51.25,-3.75,51.25,-3.75
2025-04-09 13:00:00,4.03,5.23,51.25,-3.75,51.25,-3.75
2025-04-09 14:00:00,3.99,5.27,51.25,-3.75,51.25,-3.75
2025-04-09 15:00:00,3.85,5.17,51.25,-3.75,51.25,-3.75
2025-04-09 16:00:00,3.82,5.28,51.25,-3.75,51.25,-3.75
2025-04-09 17:00:00,3.67,5.21,51.25,-3.75,51.25,-3.75
2025-04-09 18:00:00,3.33,5.21,51.25,-3.75,51.25,-3.75
2025-04-09 19:00:00,3.27,5.57,51.25,-3.75,51.25,-3.75
2025-04-09 20:00:00,3.63,6.28,51.25,-3.75,51.25,-3.75
2025-04-09 21:00:00,4.36,7.28,51.25,-3.75,51.25,-3.75
2025-04-09 22:00:00,4.74,7.59,51.25,-3.75,51.25,-3.75
2025-04-09 23:00:00,5.19,8.17,51.25,-3.75,51.25,-3.75
2025-04-10 00:00:00,5.28,8.08,51.25,-3.75,51.25,-3.75
2025-04-10 01:00:00,5.51,8.1,51.25,-3.75,51.25,-3.75
2025-04-10 02:00:00,5.6,7.66,51.25,-3.75,51.25,-3.75
2025-04-10 03:00:00,5.3,6.87,51.25,-3.75,51.25,-3.75
2025-04-10 04:00:00,5.31,6.58,51.25,-3.75,51.25,-3.75
2025-04-10 05:00:00,5.5,6.72,51.25,-3.75,51.25,-3.75
2025-04-10 06:00:00,5.3,6.51,51.25,-3.75,51.25,-3.75
2025-04-10 07:00:00,4.86,5.77,51.25,-3.75,51.25,-3.75
2025-04-10 08:00:00,4.52,5.12,51.25,-3.75,51.25,-3.75
2025-04-10 09:00:00,4.46,4.96,51.25,-3.75,51.25,-3.75
2025-04-10 10:00:00,3.66,4.01,51.25,-3.75,51.25,-3.75
2025-04-10 11:00:00,3.06,3.4,51.25,-3.75,51.25,-3.75
2025-04-10 12:00:00,2.4,2.75,51.25,-3.75,51.25,-3.75
2025-04-10 13:00:00,1.55,1.86,51.25,-3.75,51.25,-3.75
2025-04-10 14:00:00,0.72,1.2,51.25,-3.75,51.25,-3.75
2025-04-10 15:00:00,0.4,0.32,51.25,-3.75,51.25,-3.75
2025-04-10 16:00:00,1.35,0.66,51.25,-3.75,51.25,-3.75
2025-04-10 17:00:00,2.13,1.45,51.25,-3.75,51.25,-3.75
2025-04-10 18:00:00,2.37,1.97,51.25,-3.75,51.25,-3.75
2025-04-10 19:00:00,2.58,2.38,51.25,-3.75,51.25,-3.75
2025-04-10 20:00:00,2.53,2.71,51.25,-3.75,51.25,-3.75
2025-04-10 21:00:00,2.19,2.62,51.25,-3.75,51.25,-3.75
2025-04-10 22:00:00,1.66,1.82,51.25,-3.75,51.25,-3.75
2025-04-10 23:00:00,1.5,1.7,51.25,-3.75,51.25,-3.75
2025-04-11 00:00:00,0.96,1.4,51.25,-3.75,51.25,-3.75
2025-04-11 01:00:00,0.4,0.97,51.25,-3.75,51.25,-3.75
2025-04-11 02:00:00,0.43,0.67,51.25,-3.75,51.25,-3.75
2025-04-11 03:00:00,0.45,0.6,51.25,-3.75,51.25,-3.75
2025-04-11 04:00:00,0.52,0.68,51.25,-3.75,51.25,-3.75
2025-04-11 05:00:00,0.95,0.86,51.25,-3.75,51.25,-3.75
2025-04-11 06:00:00,1.36,1.36,51.25,-3.75,51.25,-3.75
2025-04-11 07:00:00,1.51,1.84,51.25,-3.75,51.25,-3.75
2025-04-11 08:00:00,1.36,2.09,51.25,-3.75,51.25,-3.75
2025-04-11 09:00:00,1.14,1.89,51.25,-3.75,51.25,-3.75
2025-04-11 10:00:00,1.1,1.74,51.25,-3.75,51.25,-3.75
2025-04-11 11:00:00,1.25,1.96,51.25,-3.75,51.25,-3.75
2025-04-11 12:00:00,1.43,2.25,51.25,-3.75,51.25,-3.75
2025-04-11 13:00:00,1.23,2.1,51.25,-3.75,51.25,-3.75
2025-04-11 14:00:00,1.16,1.96,51.25,-3.75,51.25,-3.75
2025-04-11 15:00:00,1.17,2.06,51.25,-3.75,51.25,-3.75
2025-04-11 16:00:00,1.35,2.31,51.25,-3.75,51.25,-3.75
2025-04-11 17:00:00,1.69,2.68,51.25,-3.75,51.25,-3.75
2025-04-11 18:00:00,2.02,3.34,51.25,-3.75,51.25,-3.75
2025-04-11 19:00:00,2.61,4.15,51.25,-3.75,51.25,-3.75
2025-04-11 20:00:00,2.86,4.56,51.25,-3.75,51.25,-3.75
2025-04-11 21:00:00,3.16,4.75,51.25,-3.75,51.25,-3.75
2025-04-11 22:00:00,3.34,5.17,51.25,-3.75,51.25,-3.75
2025-04-11 23:00:00,3.52,5.68,51.25,-3.75,51.25,-3.75
2025-04-12 00:00:00,3.44,5.9,51.25,-3.75,51.25,-3.75
2025-04-12 01:00:00,3.48,6.15,51.25,-3.75,51.25,-3.75
2025-04-12 02:00:00,3.82,6.62,51.25,-3.75,51.25,-3.75
2025-04-12 03:00:00,4.1,6.91,51.25,-3.75,51.25,-3.75
2025-04-12 04:00:00,4.5,7.14,51.25,-3.75,51.25,-3.75
2025-04-12 05:00:00,4.84,7.63,51.25,-3.75,51.25,-3.75
2025-04-12 06:00:00,5.12,7.97,51.25,-3.75,51.25,-3.75
2025-04-12 07:00:00,5.33,7.94,51.25,-3.75,51.25,-3.75
2025-04-12 08:00:00,5.32,7.58,51.25,-3.75,51.25,-3.75
2025-04-12 09:00:00,5.28,7.07,51.25,-3.75,51.25,-3.75
2025-04-12 10:00:00,4.05,5.53,51.25,-3.75,51.25,-3.75
2025-04-12 11:00:00,2.75,3.98,51.25,-3.75,51.25,-3.75
2025-04-12 12:00:00,1.65,2.45,51.25,-3.75,51.25,-3.75
2025-04-12 13:00:00,1.37,1.43,51.25,-3.75,51.25,-3.75
2025-04-12 14:00:00,3.23,3.52,51.25,-3.75,51.25,-3.75
2025-04-12 15:00:00,4.06,5.02,51.25,-3.75,51.25,-3.75
2025-04-12 16:00:00,4.04,5.06,51.25,-3.75,51.25,-3.75
2025-04-12 17:00:00,4.21,5.52,51.25,-3.75,51.25,-3.75
2025-04-12 18:00:00,3.61,4.94,51.25,-3.75,51.25,-3.75
2025-04-12 19:00:00,3.37,4.91,51.25,-3.75,51.25,-3.75
2025-04-12 20:00:00,4.58,6.56,51.25,-3.75,51.25,-3.75
2025-04-12 21:00:00,5.47,7.76,51.25,-3.75,51.25,-3.75
2025-04-12 22:00:00,5.55,7.79,51.25,-3.75,51.25,-3.75
2025-04-12 23:00:00,5.46,7.5,51.25,-3.75,51.25,-3.75
2025-04-13 00:00:00,5.79,8.12,51.25,-3.75,51.25,-3.75
2025-04-13 01:00:00,6.16,8.59,51.25,-3.75,51.25,-3.75
2025-04-13 02:00:00,6.15,8.56,51.25,-3.75,51.25,-3.75
2025-04-13 03:00:00,5.88,8.24,51.25,-3.75,51.25,-3.75
2025-04-13 04:00:00,5.42,7.37,51.25,-3.75,51.25,-3.75
2025-04-13 05:00:00,5.15,6.79,51.25,-3.75,51.25,-3.75
2025-04-13 06:00:00,5.17,6.61,51.25,-3.75,51.25,-3.75
2025-04-13 07:00:00,5.1,6.29,51.25,-3.75,51.25,-3.75
2025-04-13 08:00:00,4.99,6.11,51.25,-3.75,51.25,-3.75
2025-04-13 09:00:00,5.01,5.85,51.25,-3.75,51.25,-3.75
2025-04-13 10:00:00,5.16,5.91,51.25,-3.75,51.25,-3.75
2025-04-13 11:00:00,5.46,6.21,51.25,-3.75,51.25,-3.75
2025-04-13 12:00:00,5.95,6.81,51.25,-3.75,51.25,-3.75
2025-04-13 13:00:00,6.0,6.92,51.25,-3.75,51.25,-3.75
2025-04-13 14:00:00,5.56,6.47,51.25,-3.75,51.25,-3.75
2025-04-13 15:00:00,5.35,6.22,51.25,-3.75,51.25,-3.75
2025-04-13 16:00:00,5.89,6.93,51.25,-3.75,51.25,-3.75
2025-04-13 17:00:00,6.67,8.07,51.25,-3.75,51.25,-3.75
2025-04-13 18:00:00,6.88,8.38,51.25,-3.75,51.25,-3.75
2025-04-13 19:00:00,6.71,8.42,51.25,-3.75,51.25,-3.75
2025-04-13 20:00:00,6.42,8.16,51.25,-3.75,51.25,-3.75
2025-04-13 21:00:00,5.7,7.42,51.25,-3.75,51.25,-3.75
2025-04-13 22:00:00,5.66,7.7,51.25,-3.75,51.25,-3.75
2025-04-13 23:00:00,5.8,8.04,51.25,-3.75,51.25,-3.75
2025-04-14 00:00:00,5.26,7.54,51.25,-3.75,51.25,-3.75
2025-04-14 01:00:00,4.95,7.18,51.25,-3.75,51.25,-3.75
2025-04-14 02:00:00,5.34,7.62,51.25,-3.75,51.25,-3.75
2025-04-14 03:00:00,5.63,7.86,51.25,-3.75,51.25,-3.75
2025-04-14 04:00:00,5.55,7.99,51.25,-3.75,51.25,-3.75
2025-04-14 05:00:00,5.65,8.11,51.25,-3.75,51.25,-3.75
2025-04-14 06:00:00,5.91,8.47,51.25,-3.75,51.25,-3.75
2025-04-14 07:00:00,6.24,8.68,51.25,-3.75,51.25,-3.75
2025-04-14 08:00:00,6.93,9.19,51.25,-3.75,51.25,-3.75
2025-04-14 09:00:00,8.24,10.52,51.25,-3.75,51.25,-3.75
2025-04-14 10:00:00,8.0,10.47,51.25,-3.75,51.25,-3.75
2025-04-14 11:00:00,7.87,10.37,51.25,-3.75,51.25,-3.75
2025-04-14 12:00:00,7.82,10.35,51.25,-3.75,51.25,-3.75
2025-04-14 13:00:00,8.03,10.63,51.25,-3.75,51.25,-3.75
2025-04-14 14:00:00,7.21,9.7,51.25,-3.75,51.25,-3.75
2025-04-14 15:00:00,6.69,8.86,51.25,-3.75,51.25,-3.75
2025-04-14 16:00:00,6.05,7.95,51.25,-3.75,51.25,-3.75
2025-04-14 17:00:00,5.42,7.42,51.25,-3.75,51.25,-3.75
2025-04-14 18:00:00,5.42,7.56,51.25,-3.75,51.25,-3.75
2025-04-14 19:00:00,5.04,7.1,51.25,-3.75,51.25,-3.75
2025-04-14 20:00:00,4.94,6.95,51.25,-3.75,51.25,-3.75
2025-04-14 21:00:00,5.2,7.25,51.25,-3.75,51.25,-3.75
2025-04-14 22:00:00,4.1,5.92,51.25,-3.75,51.25,-3.75
2025-04-14 23:00:00,3.68,5.46,51.25,-3.75,51.25,-3.75
2025-04-15 00:00:00,3.08,4.57,51.25,-3.75,51.25,-3.75
2025-04-15 01:00:00,2.52,3.87,51.25,-3.75,51.25,-3.75
2025-04-15 02:00:00,1.92,2.94,51.25,-3.75,51.25,-3.75
2025-04-15 03:00:00,1.71,2.17,51.25,-3.75,51.25,-3.75
2025-04-15 04:00:00,1.82,2.1,51.25,-3.75,51.25,-3.75
2025-04-15 05:00:00,2.44,2.82,51.25,-3.75,51.25,-3.75
2025-04-15 06:00:00,3.3,4.09,51.25,-3.75,51.25,-3.75
2025-04-15 07:00:00,3.82,4.8,51.25,-3.75,51.25,-3.75
2025-04-15 08:00:00,4.67,5.76,51.25,-3.75,51.25,-3.75
2025-04-15 09:00:00,4.67,5.83,51.25,-3.75,51.25,-3.75
2025-04-15 10:00:00,3.98,4.9,51.25,-3.75,51.25,-3.75
2025-04-15 11:00:00,4.03,5.26,51.25,-3.75,51.25,-3.75
2025-04-15 12:00:00,3.84,5.66,51.25,-3.75,51.25,-3.75
2025-04-15 13:00:00,3.83,5.55,51.25,-3.75,51.25,-3.75
2025-04-15 14:00:00,3.7,5.28,51.25,-3.75,51.25,-3.75
2025-04-15 15:00:00,3.97,5.71,51.25,-3.75,51.25,-3.75
2025-04-15 16:00:00,4.99,6.9,51.25,-3.75,51.25,-3.75
2025-04-15 17:00:00,5.14,7.2,51.25,-3.75,51.25,-3.75
2025-04-15 18:00:00,4.01,5.88,51.25,-3.75,51.25,-3.75
2025-04-15 19:00:00,2.55,3.85,51.25,-3.75,51.25,-3.75
2025-04-15 20:00:00,3.01,4.23,51.25,-3.75,51.25,-3.75
2025-04-15 21:00:00,3.61,4.96,51.25,-3.75,51.25,-3.75
2025-04-15 22:00:00,4.15,5.69,51.25,-3.75,51.25,-3.75
2025-04-15 23:00:00,3.17,4.35,51.25,-3.75,51.25,-3.75
2025-04-16 00:00:00,3.2,4.03,51.25,-3.75,51.25,-3.75
2025-04-16 01:00:00,3.45,4.34,51.25,-3.75,51.25,-3.75
2025-04-16 02:00:00,8.84,11.34,51.25,-3.75,51.25,-3.75
2025-04-16 03:00:00,15.95,20.47,51.25,-3.75,51.25,-3.75
2025-04-16 04:00:00,16.63,21.44,51.25,-3.75,51.25,-3.75
2025-04-16 05:00:00,14.52,18.4,51.25,-3.75,51.25,-3.75
2025-04-16 06:00:00,14.3,17.65,51.25,-3.75,51.25,-3.75
2025-04-16 07:00:00,12.88,15.86,51.25,-3.75,51.25,-3.75
2025-04-16 08:00:00,12.53,15.54,51.25,-3.75,51.25,-3.75
2025-04-16 09:00:00,11.86,14.75,51.25,-3.75,51.25,-3.75
2025-04-16 10:00:00,10.07,12.25,51.25,-3.75,51.25,-3.75
2025-04-16 11:00:00,10.25,12.35,51.25,-3.75,51.25,-3.75
2025-04-16 12:00:00,9.82,11.95,51.25,-3.75,51.25,-3.75
2025-04-16 13:00:00,9.28,11.27,51.25,-3.75,51.25,-3.75
2025-04-16 14:00:00,8.6,10.4,51.25,-3.75,51.25,-3.75
2025-04-16 15:00:00,7.99,9.65,51.25,-3.75,51.25,-3.75
2025-04-16 16:00:00,7.44,8.92,51.25,-3.75,51.25,-3.75
2025-04-16 17:00:00,6.81,8.11,51.25,-3.75,51.25,-3.75
2025-04-16 18:00:00,6.2,7.45,51.25,-3.75,51.25,-3.75
2025-04-16 19:00:00,5.4,6.66,51.25,-3.75,51.25,-3.75
2025-04-16 20:00:00,4.45,5.65,51.25,-3.75,51.25,-3.75
2025-04-16 21:00:00,3.9,4.66,51.25,-3.75,51.25,-3.75
2025-04-16 22:00:00,4.04,4.6,51.25,-3.75,51.25,-3.75
2025-04-16 23:00:00,3.31,3.76,51.25,-3.75,51.25,-3.75
2025-04-17 00:00:00,3.0,3.36,51.25,-3.75,51.25,-3.75
2025-04-17 01:00:00,1.93,2.21,51.25,-3.75,51.25,-3.75
2025-04-17 02:00:00,1.39,1.34,51.25,-3.75,51.25,-3.75
2025-04-17 03:00:00,1.98,1.82,51.25,-3.75,51.25,-3.75
2025-04-17 04:00:00,2.21,2.12,51.25,-3.75,51.25,-3.75
2025-04-17 05:00:00,2.5,2.59,51.25,-3.75,51.25,-3.75
2025-04-17 06:00:00,2.92,3.23,51.25,-3.75,51.25,-3.75
2025-04-17 07:00:00,2.41,2.93,51.25,-3.75,51.25,-3.75
2025-04-17 08:00:00,2.62,3.25,51.25,-3.75,51.25,-3.75
2025-04-17 09:00:00,3.24,3.91,51.25,-3.75,51.25,-3.75
2025-04-17 10:00:00,3.87,4.52,51.25,-3.75,51.25,-3.75
2025-04-17 11:00:00,3.58,4.15,51.25,-3.75,51.25,-3.75
2025-04-17 12:00:00,2.76,3.2,51.25,-3.75,51.25,-3.75
2025-04-17 13:00:00,2.18,2.61,51.25,-3.75,51.25,-3.75
2025-04-17 14:00:00,2.1,2.59,51.25,-3.75,51.25,-3.75
2025-04-17 15:00:00,2.38,3.23,51.25,-3.75,51.25,-3.75
2025-04-17 16:00:00,2.75,3.97,51.25,-3.75,51.25,-3.75
2025-04-17 17:00:00,3.75,5.17,51.25,-3.75,51.25,-3.75
2025-04-17 18:00:00,4.45,6.32,51.25,-3.75,51.25,-3.75
2025-04-17 19:00:00,4.91,6.88,51.25,-3.75,51.25,-3.75
2025-04-17 20:00:00,4.99,7.07,51.25,-3.75,51.25,-3.75
2025-04-17 21:00:00,5.05,7.18,51.25,-3.75,51.25,-3.75
2025-04-17 22:00:00,5.4,7.7,51.25,-3.75,51.25,-3.75
2025-04-17 23:00:00,5.55,7.54,51.25,-3.75,51.25,-3.75
2025-04-18 00:00:00,6.01,7.96,51.25,-3.75,51.25,-3.75
2025-04-18 01:00:00,6.88,8.99,51.25,-3.75,51.25,-3.75
2025-04-18 02:00:00,7.5,9.89,51.25,-3.75,51.25,-3.75
2025-04-18 03:00:00,7.57,10.35,51.25,-3.75,51.25,-3.75
2025-04-18 04:00:00,7.85,10.96,51.25,-3.75,51.25,-3.75
2025-04-18 05:00:00,8.17,11.55,51.25,-3.75,51.25,-3.75
2025-04-18 06:00:00,8.45,12.21,51.25,-3.75,51.25,-3.75
2025-04-18 07:00:00,8.82,12.68,51.25,-3.75,51.25,-3.75
2025-04-18 08:00:00,9.51,12.84,51.25,-3.75,51.25,-3.75
2025-04-18 09:00:00,10.09,13.65,51.25,-3.75,51.25,-3.75
2025-04-18 10:00:00,10.66,14.1,51.25,-3.75,51.25,-3.75
2025-04-18 11:00:00,10.98,14.62,51.25,-3.75,51.25,-3.75
2025-04-18 12:00:00,10.15,13.72,51.25,-3.75,51.25,-3.75
2025-04-18 13:00:00,10.31,13.77,51.25,-3.75,51.25,-3.75
2025-04-18 14:00:00,10.04,13.28,51.25,-3.75,51.25,-3.75
2025-04-18 15:00:00,9.67,13.3,51.25,-3.75,51.25,-3.75
2025-04-18 16:00:00,9.81,13.62,51.25,-3.75,51.25,-3.75
2025-04-18 17:00:00,9.97,13.36,51.25,-3.75,51.25,-3.75
2025-04-18 18:00:00,9.49,12.53,51.25,-3.75,51.25,-3.75
2025-04-18 19:00:00,9.1,12.18,51.25,-3.75,51.25,-3.75
2025-04-18 20:00:00,8.89,12.04,51.25,-3.75,51.25,-3.75
2025-04-18 21:00:00,8.54,11.67,51.25,-3.75,51.25,-3.75
2025-04-18 22:00:00,8.08,11.07,51.25,-3.75,51.25,-3.75
2025-04-18 23:00:00,9.33,12.7,51.25,-3.75,51.25,-3.75
2025-04-19 00:00:00,10.01,13.58,51.25,-3.75,51.25,-3.75
2025-04-19 01:00:00,10.18,13.72,51.25,-3.75,51.25,-3.75
2025-04-19 02:00:00,9.9,13.41,51.25,-3.75,51.25,-3.75
2025-04-19 03:00:00,9.77,13.3,51.25,-3.75,51.25,-3.75
2025-04-19 04:00:00,9.57,12.9,51.25,-3.75,51.25,-3.75
2025-04-19 05:00:00,9.24,12.38,51.25,-3.75,51.25,-3.75
2025-04-19 06:00:00,8.85,11.89,51.25,-3.75,51.25,-3.75
2025-04-19 07:00:00,8.76,11.75,51.25,-3.75,51.25,-3.75
2025-04-19 08:00:00,8.86,11.83,51.25,-3.75,51.25,-3.75
2025-04-19 09:00:00,8.3,12.04,51.25,-3.75,51.25,-3.75
2025-04-19 10:00:00,9.45,12.45,51.25,-3.75,51.25,-3.75
2025-04-19 11:00:00,8.98,11.99,51.25,-3.75,51.25,-3.75
2025-04-19 12:00:00,8.12,10.85,51.25,-3.75,51.25,-3.75
2025-04-19 13:00:00,7.47,10.08,51.25,-3.75,51.25,-3.75
2025-04-19 14:00:00,6.56,8.91,51.25,-3.75,51.25,-3.75
2025-04-19 15:00:00,5.35,7.51,51.25,-3.75,51.25,-3.75
2025-04-19 16:00:00,4.32,6.35,51.25,-3.75,51.25,-3.75
2025-04-19 17:00:00,3.36,5.33,51.25,-3.75,51.25,-3.75
2025-04-19 18:00:00,3.52,5.31,51.25,-3.75,51.25,-3.75
2025-04-19 19:00:00,4.34,6.49,51.25,-3.75,51.25,-3.75
2025-04-19 20:00:00,5.21,7.96,51.25,-3.75,51.25,-3.75
2025-04-19 21:00:00,5.91,8.92,51.25,-3.75,51.25,-3.75
2025-04-19 22:00:00,6.46,9.5,51.25,-3.75,51.25,-3.75
2025-04-19 23:00:00,6.46,9.47,51.25,-3.75,51.25,-3.75
2025-04-20 00:00:00,6.61,9.57,51.25,-3.75,51.25,-3.75
2025-04-20 01:00:00,6.89,9.82,51.25,-3.75,51.25,-3.75
2025-04-20 02:00:00,7.1,9.35,51.25,-3.75,51.25,-3.75
2025-04-20 03:00:00,7.1,9.08,51.25,-3.75,51.25,-3.75
2025-04-20 04:00:00,7.3,9.2,51.25,-3.75,51.25,-3.75
2025-04-20 05:00:00,7.36,9.12,51.25,-3.75,51.25,-3.75
2025-04-20 06:00:00,7.53,9.08,51.25,-3.75,51.25,-3.75
2025-04-20 07:00:00,7.76,9.12,51.25,-3.75,51.25,-3.75
2025-04-20 08:00:00,7.36,8.56,51.25,-3.75,51.25,-3.75
2025-04-20 09:00:00,6.31,7.26,51.25,-3.75,51.25,-3.75
2025-04-20 10:00:00,5.06,5.69,51.25,-3.75,51.25,-3.75
2025-04-20 11:00:00,4.99,5.64,51.25,-3.75,51.25,-3.75
2025-04-20 12:00:00,4.75,5.45,51.25,-3.75,51.25,-3.75
2025-04-20 13:00:00,3.8,4.8,51.25,-3.75,51.25,-3.75
2025-04-20 14:00:00,3.45,4.46,51.25,-3.75,51.25,-3.75
2025-04-20 15:00:00,3.11,4.05,51.25,-3.75,51.25,-3.75
2025-04-20 16:00:00,2.83,3.67,51.25,-3.75,51.25,-3.75
2025-04-20 17:00:00,3.06,4.01,51.25,-3.75,51.25,-3.75
2025-04-20 18:00:00,3.42,4.6,51.25,-3.75,51.25,-3.75
2025-04-20 19:00:00,3.58,5.16,51.25,-3.75,51.25,-3.75
2025-04-20 20:00:00,4.04,5.92,51.25,-3.75,51.25,-3.75
2025-04-20 21:00:00,4.47,6.51,51.25,-3.75,51.25,-3.75
2025-04-20 22:00:00,3.68,5.39,51.25,-3.75,51.25,-3.75
2025-04-20 23:00:00,3.12,4.69,51.25,-3.75,51.25,-3.75
2025-04-21 00:00:00,2.85,4.53,51.25,-3.75,51.25,-3.75
2025-04-21 01:00:00,2.69,4.33,51.25,-3.75,51.25,-3.75
2025-04-21 02:00:00,2.65,4.2,51.25,-3.75,51.25,-3.75
2025-04-21 03:00:00,3.07,4.77,51.25,-3.75,51.25,-3.75
2025-04-21 04:00:00,3.61,5.3,51.25,-3.75,51.25,-3.75
2025-04-21 05:00:00,3.97,5.65,51.25,-3.75,51.25,-3.75
2025-04-21 06:00:00,3.81,5.36,51.25,-3.75,51.25,-3.75
2025-04-21 07:00:00,3.67,5.05,51.25,-3.75,51.25,-3.75
2025-04-21 08:00:00,3.58,4.68,51.25,-3.75,51.25,-3.75
2025-04-21 09:00:00,4.0,5.31,51.25,-3.75,51.25,-3.75
2025-04-21 10:00:00,4.35,5.4,51.25,-3.75,51.25,-3.75
2025-04-21 11:00:00,5.04,6.25,51.25,-3.75,51.25,-3.75
2025-04-21 12:00:00,6.1,7.8,51.25,-3.75,51.25,-3.75
2025-04-21 13:00:00,7.11,8.77,51.25,-3.75,51.25,-3.75
2025-04-21 14:00:00,7.38,9.09,51.25,-3.75,51.25,-3.75
2025-04-21 15:00:00,7.62,9.33,51.25,-3.75,51.25,-3.75
2025-04-21 16:00:00,7.63,9.43,51.25,-3.75,51.25,-3.75
2025-04-21 17:00:00,7.31,9.21,51.25,-3.75,51.25,-3.75
2025-04-21 18:00:00,7.05,9.1,51.25,-3.75,51.25,-3.75
2025-04-21 19:00:00,6.96,9.25,51.25,-3.75,51.25,-3.75
2025-04-21 20:00:00,6.7,9.1,51.25,-3.75,51.25,-3.75
2025-04-21 21:00:00,6.25,8.61,51.25,-3.75,51.25,-3.75
2025-04-21 22:00:00,6.4,9.05,51.25,-3.75,51.25,-3.75
2025-04-21 23:00:00,6.46,8.57,51.25,-3.75,51.25,-3.75
2025-04-22 00:00:00,5.91,7.83,51.25,-3.75,51.25,-3.75
2025-04-22 01:00:00,5.25,7.16,51.25,-3.75,51.25,-3.75
2025-04-22 02:00:00,5.0,6.75,51.25,-3.75,51.25,-3.75
2025-04-22 03:00:00,4.31,6.1,51.25,-3.75,51.25,-3.75
2025-04-22 04:00:00,3.95,5.52,51.25,-3.75,51.25,-3.75
2025-04-22 05:00:00,3.57,5.21,51.25,-3.75,51.25,-3.75
2025-04-22 06:00:00,3.59,5.17,51.25,-3.75,51.25,-3.75
2025-04-22 07:00:00,3.91,5.41,51.25,-3.75,51.25,-3.75
2025-04-22 08:00:00,4.64,5.77,51.25,-3.75,51.25,-3.75
2025-04-22 09:00:00,4.67,5.69,51.25,-3.75,51.25,-3.75
2025-04-22 10:00:00,3.55,4.61,51.25,-3.75,51.25,-3.75
2025-04-22 11:00:00,3.54,4.6,51.25,-3.75,51.25,-3.75
2025-04-22 12:00:00,3.23,4.3,51.25,-3.75,51.25,-3.75
2025-04-22 13:00:00,3.43,4.65,51.25,-3.75,51.25,-3.75
2025-04-22 14:00:00,3.69,5.15,51.25,-3.75,51.25,-3.75
2025-04-22 15:00:00,5.06,6.87,51.25,-3.75,51.25,-3.75
2025-04-22 16:00:00,5.65,7.86,51.25,-3.75,51.25,-3.75
2025-04-22 17:00:00,6.19,8.63,51.25,-3.75,51.25,-3.75
2025-04-22 18:00:00,6.9,9.8,51.25,-3.75,51.25,-3.75
2025-04-22 19:00:00,7.2,10.16,51.25,-3.75,51.25,-3.75
2025-04-22 20:00:00,8.17,11.39,51.25,-3.75,51.25,-3.75
2025-04-22 21:00:00,9.63,13.26,51.25,-3.75,51.25,-3.75
2025-04-22 22:00:00,9.93,13.6,51.25,-3.75,51.25,-3.75
2025-04-22 23:00:00,9.7,12.9,51.25,-3.75,51.25,-3.75
2025-04-23 00:00:00,7.81,10.55,51.25,-3.75,51.25,-3.75
2025-04-23 01:00:00,9.81,13.08,51.25,-3.75,51.25,-3.75
2025-04-23 02:00:00,8.73,11.85,51.25,-3.75,51.25,-3.75
2025-04-23 03:00:00,7.47,10.38,51.25,-3.75,51.25,-3.75
2025-04-23 04:00:00,6.78,8.95,51.25,-3.75,51.25,-3.75
2025-04-23 05:00:00,5.63,7.5,51.25,-3.75,51.25,-3.75
2025-04-23 06:00:00,5.33,6.75,51.25,-3.75,51.25,-3.75
2025-04-23 07:00:00,6.56,7.82,51.25,-3.75,51.25,-3.75
2025-04-23 08:00:00,6.34,7.6,51.25,-3.75,51.25,-3.75
2025-04-23 09:00:00,4.68,5.62,51.25,-3.75,51.25,-3.75
2025-04-23 10:00:00,2.76,3.2,51.25,-3.75,51.25,-3.75
2025-04-23 11:00:00,2.0,2.17,51.25,-3.75,51.25,-3.75
2025-04-23 12:00:00,2.66,2.8,51.25,-3.75,51.25,-3.75
2025-04-23 13:00:00,3.47,4.02,51.25,-3.75,51.25,-3.75
2025-04-23 14:00:00,3.32,4.17,51.25,-3.75,51.25,-3.75
2025-04-23 15:00:00,2.75,3.43,51.25,-3.75,51.25,-3.75
2025-04-23 16:00:00,2.39,2.88,51.25,-3.75,51.25,-3.75
2025-04-23 17:00:00,2.01,2.48,51.25,-3.75,51.25,-3.75
2025-04-23 18:00:00,1.7,1.96,51.25,-3.75,51.25,-3.75
2025-04-23 19:00:00,1.72,1.54,51.25,-3.75,51.25,-3.75
2025-04-23 20:00:00,2.36,2.02,51.25,-3.75,51.25,-3.75
2025-04-23 21:00:00,2.72,2.87,51.25,-3.75,51.25,-3.75
2025-04-23 22:00:00,2.32,2.25,51.25,-3.75,51.25,-3.75
2025-04-23 23:00:00,2.18,2.46,51.25,-3.75,51.25,-3.75
2025-04-24 00:00:00,2.09,2.65,51.25,-3.75,51.25,-3.75
2025-04-24 01:00:00,1.93,2.75,51.25,-3.75,51.25,-3.75
2025-04-24 02:00:00,1.61,2.5,51.25,-3.75,51.25,-3.75
2025-04-24 03:00:00,1.07,1.94,51.25,-3.75,51.25,-3.75
2025-04-24 04:00:00,0.76,1.38,51.25,-3.75,51.25,-3.75
2025-04-24 05:00:00,0.56,1.54,51.25,-3.75,51.25,-3.75
2025-04-24 06:00:00,1.22,2.45,51.25,-3.75,51.25,-3.75
2025-04-24 07:00:00,2.31,3.56,51.25,-3.75,51.25,-3.75
2025-04-24 08:00:00,3.7,4.3,51.25,-3.75,51.25,-3.75
2025-04-24 09:00:00,4.37,5.04,51.25,-3.75,51.25,-3.75
2025-04-24 10:00:00,4.38,5.34,51.25,-3.75,51.25,-3.75
2025-04-24 11:00:00,3.99,5.08,51.25,-3.75,51.25,-3.75
2025-04-24 12:00:00,4.09,5.31,51.25,-3.75,51.25,-3.75
2025-04-24 13:00:00,4.2,5.49,51.25,-3.75,51.25,-3.75
2025-04-24 14:00:00,4.06,5.39,51.25,-3.75,51.25,-3.75
2025-04-24 15:00:00,3.9,5.17,51.25,-3.75,51.25,-3.75
2025-04-24 16:00:00,3.76,4.91,51.25,-3.75,51.25,-3.75
2025-04-24 17:00:00,3.74,4.94,51.25,-3.75,51.25,-3.75
2025-04-24 18:00:00,3.68,5.13,51.25,-3.75,51.25,-3.75
2025-04-24 19:00:00,3.62,5.36,51.25,-3.75,51.25,-3.75
2025-04-24 20:00:00,3.71,5.44,51.25,-3.75,51.25,-3.75
2025-04-24 21:00:00,3.5,5.3,51.25,-3.75,51.25,-3.75
2025-04-24 22:00:00,3.83,6.14,51.25,-3.75,51.25,-3.75
2025-04-24 23:00:00,3.48,5.46,51.25,-3.75,51.25,-3.75
2025-04-25 00:00:00,3.43,5.45,51.25,-3.75,51.25,-3.75
2025-04-25 01:00:00,3.58,5.7,51.25,-3.75,51.25,-3.75
2025-04-25 02:00:00,4.13,6.2,51.25,-3.75,51.25,-3.75
2025-04-25 03:00:00,4.72,6.87,51.25,-3.75,51.25,-3.75
2025-04-25 04:00:00,5.14,7.25,51.25,-3.75,51.25,-3.75
2025-04-25 05:00:00,5.34,7.43,51.25,-3.75,51.25,-3.75
2025-04-25 06:00:00,5.44,7.32,51.25,-3.75,51.25,-3.75
2025-04-25 07:00:00,6.05,7.52,51.25,-3.75,51.25,-3.75
2025-04-25 08:00:00,6.79,8.31,51.25,-3.75,51.25,-3.75
2025-04-25 09:00:00,6.68,8.49,51.25,-3.75,51.25,-3.75
2025-04-25 10:00:00,6.48,8.45,51.25,-3.75,51.25,-3.75
2025-04-25 11:00:00,6.79,8.88,51.25,-3.75,51.25,-3.75
2025-04-25 12:00:00,6.68,8.72,51.25,-3.75,51.25,-3.75
2025-04-25 13:00:00,6.19,8.23,51.25,-3.75,51.25,-3.75
2025-04-25 14:00:00,5.78,7.73,51.25,-3.75,51.25,-3.75
2025-04-25 15:00:00,5.59,7.63,51.25,-3.75,51.25,-3.75
2025-04-25 16:00:00,5.14,7.15,51.25,-3.75,51.25,-3.75
2025-04-25 17:00:00,4.85,6.79,51.25,-3.75,51.25,-3.75
2025-04-25 18:00:00,4.61,6.78,51.25,-3.75,51.25,-3.75
2025-04-25 19:00:00,4.35,6.49,51.25,-3.75,51.25,-3.75
2025-04-25 20:00:00,4.16,6.26,51.25,-3.75,51.25,-3.75
2025-04-25 21:00:00,4.05,6.17,51.25,-3.75,51.25,-3.75
2025-04-25 22:00:00,3.62,5.61,51.25,-3.75,51.25,-3.75
2025-04-25 23:00:00,3.66,5.84,51.25,-3.75,51.25,-3.75
2025-04-26 00:00:00,3.59,5.9,51.25,-3.75,51.25,-3.75
2025-04-26 01:00:00,3.72,5.93,51.25,-3.75,51.25,-3.75
2025-04-26 02:00:00,3.92,5.97,51.25,-3.75,51.25,-3.75
2025-04-26 03:00:00,3.95,5.98,51.25,-3.75,51.25,-3.75
2025-04-26 04:00:00,3.54,5.23,51.25,-3.75,51.25,-3.75
2025-04-26 05:00:00,2.83,4.17,51.25,-3.75,51.25,-3.75
2025-04-26 06:00:00,2.56,3.54,51.25,-3.75,51.25,-3.75
2025-04-26 07:00:00,2.63,3.23,51.25,-3.75,51.25,-3.75
2025-04-26 08:00:00,2.56,2.93,51.25,-3.75,51.25,-3.75
2025-04-26 09:00:00,2.41,2.8,51.25,-3.75,51.25,-3.75
2025-04-26 10:00:00,1.88,2.26,51.25,-3.75,51.25,-3.75
2025-04-26 11:00:00,1.42,1.77,51.25,-3.75,51.25,-3.75
2025-04-26 12:00:00,0.78,1.12,51.25,-3.75,51.25,-3.75
2025-04-26 13:00:00,1.54,1.61,51.25,-3.75,51.25,-3.75
2025-04-26 14:00:00,2.44,2.87,51.25,-3.75,51.25,-3.75
2025-04-26 15:00:00,2.58,3.15,51.25,-3.75,51.25,-3.75
2025-04-26 16:00:00,2.51,3.0,51.25,-3.75,51.25,-3.75
2025-04-26 17:00:00,2.48,2.84,51.25,-3.75,51.25,-3.75
2025-04-26 18:00:00,2.62,3.07,51.25,-3.75,51.25,-3.75
2025-04-26 19:00:00,2.5,3.3,51.25,-3.75,51.25,-3.75
2025-04-26 20:00:00,2.84,3.99,51.25,-3.75,51.25,-3.75
2025-04-26 21:00:00,3.3,4.92,51.25,-3.75,51.25,-3.75
2025-04-26 22:00:00,2.66,4.0,51.25,-3.75,51.25,-3.75
2025-04-26 23:00:00,2.72,3.47,51.25,-3.75,51.25,-3.75
2025-04-27 00:00:00,2.52,3.36,51.25,-3.75,51.25,-3.75
2025-04-27 01:00:00,1.85,2.55,51.25,-3.75,51.25,-3.75
2025-04-27 02:00:00,1.6,2.21,51.25,-3.75,51.25,-3.75
2025-04-27 03:00:00,1.93,2.39,51.25,-3.75,51.25,-3.75
2025-04-27 04:00:00,1.99,2.32,51.25,-3.75,51.25,-3.75
2025-04-27 05:00:00,1.7,1.84,51.25,-3.75,51.25,-3.75
2025-04-27 06:00:00,1.97,1.9,51.25,-3.75,51.25,-3.75
2025-04-27 07:00:00,2.35,2.31,51.25,-3.75,51.25,-3.75
2025-04-27 08:00:00,2.26,2.41,51.25,-3.75,51.25,-3.75
2025-04-27 09:00:00,2.07,2.28,51.25,-3.75,51.25,-3.75
2025-04-27 10:00:00,1.34,1.59,51.25,-3.75,51.25,-3.75
2025-04-27 11:00:00,1.41,1.74,51.25,-3.75,51.25,-3.75
2025-04-27 12:00:00,1.8,2.16,51.25,-3.75,51.25,-3.75
2025-04-27 13:00:00,2.33,2.74,51.25,-3.75,51.25,-3.75
2025-04-27 14:00:00,2.55,2.93,51.25,-3.75,51.25,-3.75
2025-04-27 15:00:00,2.76,3.02,51.25,-3.75,51.25,-3.75
2025-04-27 16:00:00,3.23,3.54,51.25,-3.75,51.25,-3.75
2025-04-27 17:00:00,3.74,4.42,51.25,-3.75,51.25,-3.75
2025-04-27 18:00:00,3.58,4.53,51.25,-3.75,51.25,-3.75
2025-04-27 19:00:00,2.69,4.05,51.25,-3.75,51.25,-3.75
2025-04-27 20:00:00,2.05,3.19,51.25,-3.75,51.25,-3.75
2025-04-27 21:00:00,0.92,1.79,51.25,-3.75,51.25,-3.75
2025-04-27 22:00:00,0.76,0.63,51.25,-3.75,51.25,-3.75
2025-04-27 23:00:00,0.99,0.5,51.25,-3.75,51.25,-3.75
2025-04-28 00:00:00,1.17,0.57,51.25,-3.75,51.25,-3.75
2025-04-28 01:00:00,1.77,1.35,51.25,-3.75,51.25,-3.75
2025-04-28 02:00:00,1.85,2.16,51.25,-3.75,51.25,-3.75
2025-04-28 03:00:00,1.95,2.66,51.25,-3.75,51.25,-3.75
2025-04-28 04:00:00,2.43,3.15,51.25,-3.75,51.25,-3.75
2025-04-28 05:00:00,2.45,3.34,51.25,-3.75,51.25,-3.75
2025-04-28 06:00:00,2.18,2.69,51.25,-3.75,51.25,-3.75
2025-04-28 07:00:00,2.69,3.09,51.25,-3.75,51.25,-3.75
2025-04-28 08:00:00,3.28,3.89,51.25,-3.75,51.25,-3.75
2025-04-28 09:00:00,3.3,4.08,51.25,-3.75,51.25,-3.75
2025-04-28 10:00:00,2.88,3.77,51.25,-3.75,51.25,-3.75
2025-04-28 11:00:00,2.94,3.88,51.25,-3.75,51.25,-3.75
2025-04-28 12:00:00,2.73,3.48,51.25,-3.75,51.25,-3.75
2025-04-28 13:00:00,2.66,3.31,51.25,-3.75,51.25,-3.75
2025-04-28 14:00:00,2.85,3.51,51.25,-3.75,51.25,-3.75
2025-04-28 15:00:00,2.85,3.64,51.25,-3.75,51.25,-3.75
2025-04-28 16:00:00,2.71,3.49,51.25,-3.75,51.25,-3.75
2025-04-28 17:00:00,2.65,3.4,51.25,-3.75,51.25,-3.75
2025-04-28 18:00:00,2.45,3.56,51.25,-3.75,51.25,-3.75
2025-04-28 19:00:00,2.66,3.96,51.25,-3.75,51.25,-3.75
2025-04-28 20:00:00,3.02,4.41,51.25,-3.75,51.25,-3.75
2025-04-28 21:00:00,3.16,4.81,51.25,-3.75,51.25,-3.75
2025-04-28 22:00:00,3.41,5.72,51.25,-3.75,51.25,-3.75
2025-04-28 23:00:00,3.29,5.63,51.25,-3.75,51.25,-3.75
2025-04-29 00:00:00,3.43,5.89,51.25,-3.75,51.25,-3.75
2025-04-29 01:00:00,3.74,6.38,51.25,-3.75,51.25,-3.75
2025-04-29 02:00:00,4.03,6.83,51.25,-3.75,51.25,-3.75
2025-04-29 03:00:00,4.11,6.98,51.25,-3.75,51.25,-3.75
2025-04-29 04:00:00,4.21,7.01,51.25,-3.75,51.25,-3.75
2025-04-29 05:00:00,4.59,7.43,51.25,-3.75,51.25,-3.75
2025-04-29 06:00:00,5.01,7.97,51.25,-3.75,51.25,-3.75
2025-04-29 07:00:00,5.25,8.07,51.25,-3.75,51.25,-3.75
2025-04-29 08:00:00,5.43,8.01,51.25,-3.75,51.25,-3.75
2025-04-29 09:00:00,5.56,7.81,51.25,-3.75,51.25,-3.75
2025-04-29 10:00:00,5.41,7.59,51.25,-3.75,51.25,-3.75
2025-04-29 11:00:00,5.2,7.24,51.25,-3.75,51.25,-3.75
2025-04-29 12:00:00,5.15,7.1,51.25,-3.75,51.25,-3.75
2025-04-29 13:00:00,4.95,6.84,51.25,-3.75,51.25,-3.75
2025-04-29 14:00:00,4.88,6.64,51.25,-3.75,51.25,-3.75
2025-04-29 15:00:00,4.68,6.32,51.25,-3.75,51.25,-3.75
2025-04-29 16:00:00,4.46,6.09,51.25,-3.75,51.25,-3.75
2025-04-29 17:00:00,3.99,5.87,51.25,-3.75,51.25,-3.75
2025-04-29 18:00:00,3.72,5.84,51.25,-3.75,51.25,-3.75
2025-04-29 19:00:00,3.78,5.94,51.25,-3.75,51.25,-3.75
2025-04-29 20:00:00,3.86,6.09,51.25,-3.75,51.25,-3.75
2025-04-29 21:00:00,3.83,6.17,51.25,-3.75,51.25,-3.75
2025-04-29 22:00:00,3.62,6.11,51.25,-3.75,51.25,-3.75
2025-04-29 23:00:00,3.49,5.99,51.25,-3.75,51.25,-3.75
2025-04-30 00:00:00,3.6,6.17,51.25,-3.75,51.25,-3.75
2025-04-30 01:00:00,3.99,6.65,51.25,-3.75,51.25,-3.75
2025-04-30 02:00:00,4.29,7.09,51.25,-3.75,51.25,-3.75
2025-04-30 03:00:00,4.46,7.25,51.25,-3.75,51.25,-3.75
2025-04-30 04:00:00,4.38,7.16,51.25,-3.75,51.25,-3.75
2025-04-30 05:00:00,4.41,7.14,51.25,-3.75,51.25,-3.75
2025-04-30 06:00:00,4.53,7.14,51.25,-3.75,51.25,-3.75
2025-04-30 07:00:00,4.55,7.05,51.25,-3.75,51.25,-3.75
2025-04-30 08:00:00,4.38,6.54,51.25,-3.75,51.25,-3.75
2025-04-30 09:00:00,4.37,6.2,51.25,-3.75,51.25,-3.75
2025-04-30 10:00:00,4.48,6.2,51.25,-3.75,51.25,-3.75
2025-04-30 11:00:00,4.65,6.38,51.25,-3.75,51.25,-3.75
2025-04-30 12:00:00,4.61,6.3,51.25,-3.75,51.25,-3.75
2025-04-30 13:00:00,4.43,5.98,51.25,-3.75,51.25,-3.75
2025-04-30 14:00:00,4.08,5.4,51.25,-3.75,51.25,-3.75
2025-04-30 15:00:00,3.75,4.84,51.25,-3.75,51.25,-3.75
2025-04-30 16:00:00,3.46,4.41,51.25,-3.75,51.25,-3.75
2025-04-30 17:00:00,3.01,4.14,51.25,-3.75,51.25,-3.75
2025-04-30 18:00:00,2.36,3.76,51.25,-3.75,51.25,-3.75
2025-04-30 19:00:00,2.41,3.48,51.25,-3.75,51.25,-3.75
2025-04-30 20:00:00,2.61,3.35,51.25,-3.75,51.25,-3.75
2025-04-30 21:00:00,2.75,3.41,51.25,-3.75,51.25,-3.75
2025-04-30 22:00:00,2.3,2.95,51.25,-3.75,51.25,-3.75
2025-04-30 23:00:00,2.06,2.96,51.25,-3.75,51.25,-3.75
2025-05-01 00:00:00,2.46,3.45,51.25,-3.75,51.25,-3.75
2025-05-01 01:00:00,2.9,4.05,51.25,-3.75,51.25,-3.75
2025-05-01 02:00:00,3.23,4.86,51.25,-3.75,51.25,-3.75
2025-05-01 03:00:00,3.58,5.65,51.25,-3.75,51.25,-3.75
2025-05-01 04:00:00,3.77,6.08,51.25,-3.75,51.25,-3.75
2025-05-01 05:00:00,3.69,6.11,51.25,-3.75,51.25,-3.75
2025-05-01 06:00:00,3.75,6.28,51.25,-3.75,51.25,-3.75
2025-05-01 07:00:00,3.97,6.47,51.25,-3.75,51.25,-3.75
2025-05-01 08:00:00,4.06,6.41,51.25,-3.75,51.25,-3.75
2025-05-01 09:00:00,3.97,5.87,51.25,-3.75,51.25,-3.75
2025-05-01 10:00:00,3.66,5.26,51.25,-3.75,51.25,-3.75
2025-05-01 11:00:00,3.9,5.5,51.25,-3.75,51.25,-3.75
2025-05-01 12:00:00,3.96,5.51,51.25,-3.75,51.25,-3.75
2025-05-01 13:00:00,3.66,5.1,51.25,-3.75,51.25,-3.75
2025-05-01 14:00:00,3.21,4.47,51.25,-3.75,51.25,-3.75
2025-05-01 15:00:00,3.04,4.23,51.25,-3.75,51.25,-3.75
2025-05-01 16:00:00,3.33,4.48,51.25,-3.75,51.25,-3.75
2025-05-01 17:00:00,3.58,5.05,51.25,-3.75,51.25,-3.75
2025-05-01 18:00:00,3.85,5.28,51.25,-3.75,51.25,-3.75
2025-05-01 19:00:00,4.06,5.5,51.25,-3.75,51.25,-3.75
2025-05-01 20:00:00,4.46,6.21,51.25,-3.75,51.25,-3.75
2025-05-01 21:00:00,4.6,6.87,51.25,-3.75,51.25,-3.75
2025-05-01 22:00:00,4.9,7.82,51.25,-3.75,51.25,-3.75
2025-05-01 23:00:00,5.61,8.72,51.25,-3.75,51.25,-3.75
2025-05-02 00:00:00,5.52,8.39,51.25,-3.75,51.25,-3.75
2025-05-02 01:00:00,5.36,7.76,51.25,-3.75,51.25,-3.75
2025-05-02 02:00:00,4.33,6.3,51.25,-3.75,51.25,-3.75
2025-05-02 03:00:00,3.29,5.34,51.25,-3.75,51.25,-3.75
2025-05-02 04:00:00,2.82,4.83,51.25,-3.75,51.25,-3.75
2025-05-02 05:00:00,2.29,3.76,51.25,-3.75,51.25,-3.75
2025-05-02 06:00:00,1.35,1.94,51.25,-3.75,51.25,-3.75
2025-05-02 07:00:00,1.52,1.63,51.25,-3.75,51.25,-3.75
2025-05-02 08:00:00,2.48,3.13,51.25,-3.75,51.25,-3.75
2025-05-02 09:00:00,3.06,3.83,51.25,-3.75,51.25,-3.75
2025-05-02 10:00:00,2.21,2.7,51.25,-3.75,51.25,-3.75
2025-05-02 11:00:00,1.59,1.77,51.25,-3.75,51.25,-3.75
2025-05-02 12:00:00,2.31,2.46,51.25,-3.75,51.25,-3.75
2025-05-02 13:00:00,2.24,2.6,51.25,-3.75,51.25,-3.75
2025-05-02 14:00:00,1.19,1.42,51.25,-3.75,51.25,-3.75
2025-05-02 15:00:00,1.96,1.28,51.25,-3.75,51.25,-3.75
2025-05-02 16:00:00,3.5,3.31,51.25,-3.75,51.25,-3.75
2025-05-02 17:00:00,4.34,4.95,51.25,-3.75,51.25,-3.75
2025-05-02 18:00:00,4.17,5.53,51.25,-3.75,51.25,-3.75
2025-05-02 19:00:00,3.45,5.09,51.25,-3.75,51.25,-3.75
2025-05-02 20:00:00,3.06,4.88,51.25,-3.75,51.25,-3.75
2025-05-02 21:00:00,3.03,5.56,51.25,-3.75,51.25,-3.75
2025-05-02 22:00:00,3.71,6.4,51.25,-3.75,51.25,-3.75
2025-05-02 23:00:00,4.94,7.9,51.25,-3.75,51.25,-3.75
2025-05-03 00:00:00,5.48,8.56,51.25,-3.75,51.25,-3.75
2025-05-03 01:00:00,5.33,8.45,51.25,-3.75,51.25,-3.75
2025-05-03 02:00:00,5.18,8.25,51.25,-3.75,51.25,-3.75
2025-05-03 03:00:00,4.83,7.58,51.25,-3.75,51.25,-3.75
2025-05-03 04:00:00,4.49,6.82,51.25,-3.75,51.25,-3.75
2025-05-03 05:00:00,4.12,6.31,51.25,-3.75,51.25,-3.75
2025-05-03 06:00:00,3.67,5.5,51.25,-3.75,51.25,-3.75
2025-05-03 07:00:00,3.36,4.54,51.25,-3.75,51.25,-3.75
2025-05-03 08:00:00,3.16,4.07,51.25,-3.75,51.25,-3.75
2025-05-03 09:00:00,2.37,3.25,51.25,-3.75,51.25,-3.75
2025-05-03 10:00:00,1.7,2.14,51.25,-3.75,51.25,-3.75
2025-05-03 11:00:00,2.17,2.65,51.25,-3.75,51.25,-3.75
2025-05-03 12:00:00,2.51,3.15,51.25,-3.75,51.25,-3.75
2025-05-03 13:00:00,2.58,3.35,51.25,-3.75,51.25,-3.75
2025-05-03 14:00:00,2.77,3.6,51.25,-3.75,51.25,-3.75
2025-05-03 15:00:00,3.3,4.5,51.25,-3.75,51.25,-3.75
2025-05-03 16:00:00,3.94,5.5,51.25,-3.75,51.25,-3.75
2025-05-03 17:00:00,4.72,6.53,51.25,-3.75,51.25,-3.75
2025-05-03 18:00:00,5.13,7.42,51.25,-3.75,51.25,-3.75
2025-05-03 19:00:00,5.38,7.74,51.25,-3.75,51.25,-3.75
2025-05-03 20:00:00,5.08,7.41,51.25,-3.75,51.25,-3.75
2025-05-03 21:00:00,4.83,7.1,51.25,-3.75,51.25,-3.75
2025-05-03 22:00:00,4.27,6.57,51.25,-3.75,51.25,-3.75
2025-05-03 23:00:00,3.86,6.14,51.25,-3.75,51.25,-3.75
2025-05-04 00:00:00,3.7,5.98,51.25,-3.75,51.25,-3.75
2025-05-04 01:00:00,3.8,5.98,51.25,-3.75,51.25,-3.75
2025-05-04 02:00:00,4.03,6.22,51.25,-3.75,51.25,-3.75
2025-05-04 03:00:00,4.47,6.65,51.25,-3.75,51.25,-3.75
2025-05-04 04:00:00,4.95,6.96,51.25,-3.75,51.25,-3.75
2025-05-04 05:00:00,5.56,7.17,51.25,-3.75,51.25,-3.75
2025-05-04 06:00:00,5.99,7.39,51.25,-3.75,51.25,-3.75
2025-05-04 07:00:00,6.05,7.1,51.25,-3.75,51.25,-3.75
2025-05-04 08:00:00,5.47,6.33,51.25,-3.75,51.25,-3.75
2025-05-04 09:00:00,5.18,5.88,51.25,-3.75,51.25,-3.75
2025-05-04 10:00:00,4.68,5.21,51.25,-3.75,51.25,-3.75
2025-05-04 11:00:00,4.72,5.23,51.25,-3.75,51.25,-3.75
2025-05-04 12:00:00,4.89,5.42,51.25,-3.75,51.25,-3.75
2025-05-04 13:00:00,4.45,4.9,51.25,-3.75,51.25,-3.75
2025-05-04 14:00:00,4.0,4.47,51.25,-3.75,51.25,-3.75
2025-05-04 15:00:00,3.81,4.22,51.25,-3.75,51.25,-3.75
2025-05-04 16:00:00,3.61,4.26,51.25,-3.75,51.25,-3.75
2025-05-04 17:00:00,3.89,4.72,51.25,-3.75,51.25,-3.75
2025-05-04 18:00:00,4.17,5.44,51.25,-3.75,51.25,-3.75
2025-05-04 19:00:00,4.44,5.97,51.25,-3.75,51.25,-3.75
2025-05-04 20:00:00,4.99,6.78,51.25,-3.75,51.25,-3.75
2025-05-04 21:00:00,5.37,7.33,51.25,-3.75,51.25,-3.75
2025-05-04 22:00:00,6.15,7.97,51.25,-3.75,51.25,-3.75
2025-05-04 23:00:00,6.37,8.11,51.25,-3.75,51.25,-3.75
2025-05-05 00:00:00,6.96,8.73,51.25,-3.75,51.25,-3.75
2025-05-05 01:00:00,7.58,9.19,51.25,-3.75,51.25,-3.75
2025-05-05 02:00:00,7.53,9.07,51.25,-3.75,51.25,-3.75
2025-05-05 03:00:00,7.52,8.96,51.25,-3.75,51.25,-3.75
2025-05-05 04:00:00,7.22,8.61,51.25,-3.75,51.25,-3.75
2025-05-05 05:00:00,6.82,8.13,51.25,-3.75,51.25,-3.75
2025-05-05 06:00:00,6.81,7.97,51.25,-3.75,51.25,-3.75
2025-05-05 07:00:00,6.63,7.7,51.25,-3.75,51.25,-3.75
2025-05-05 08:00:00,6.42,7.37,51.25,-3.75,51.25,-3.75
2025-05-05 09:00:00,6.76,7.78,51.25,-3.75,51.25,-3.75
2025-05-05 10:00:00,5.63,6.52,51.25,-3.75,51.25,-3.75
2025-05-05 11:00:00,5.68,6.61,51.25,-3.75,51.25,-3.75
2025-05-05 12:00:00,6.13,7.06,51.25,-3.75,51.25,-3.75
2025-05-05 13:00:00,6.19,7.28,51.25,-3.75,51.25,-3.75
2025-05-05 14:00:00,6.29,7.42,51.25,-3.75,51.25,-3.75
2025-05-05 15:00:00,6.18,7.46,51.25,-3.75,51.25,-3.75
2025-05-05 16:00:00,6.2,7.68,51.25,-3.75,51.25,-3.75
2025-05-05 17:00:00,6.3,7.91,51.25,-3.75,51.25,-3.75
2025-05-05 18:00:00,5.6,7.24,51.25,-3.75,51.25,-3.75
2025-05-05 19:00:00,5.59,7.26,51.25,-3.75,51.25,-3.75
2025-05-05 20:00:00,5.37,7.57,51.25,-3.75,51.25,-3.75
2025-05-05 21:00:00,5.45,7.69,51.25,-3.75,51.25,-3.75
2025-05-05 22:00:00,5.91,7.65,51.25,-3.75,51.25,-3.75
2025-05-05 23:00:00,5.84,7.47,51.25,-3.75,51.25,-3.75
2025-05-06 00:00:00,5.77,7.34,51.25,-3.75,51.25,-3.75
2025-05-06 01:00:00,5.61,7.0,51.25,-3.75,51.25,-3.75
2025-05-06 02:00:00,5.17,6.49,51.25,-3.75,51.25,-3.75
2025-05-06 03:00:00,4.57,5.73,51.25,-3.75,51.25,-3.75
2025-05-06 04:00:00,4.31,5.3,51.25,-3.75,51.25,-3.75
2025-05-06 05:00:00,4.14,4.98,51.25,-3.75,51.25,-3.75
2025-05-06 06:00:00,4.12,4.87,51.25,-3.75,51.25,-3.75
2025-05-06 07:00:00,4.3,4.83,51.25,-3.75,51.25,-3.75
2025-05-06 08:00:00,4.61,5.2,51.25,-3.75,51.25,-3.75
2025-05-06 09:00:00,5.2,5.84,51.25,-3.75,51.25,-3.75
2025-05-06 10:00:00,4.59,5.16,51.25,-3.75,51.25,-3.75
2025-05-06 11:00:00,4.29,4.81,51.25,-3.75,51.25,-3.75
2025-05-06 12:00:00,4.12,4.65,51.25,-3.75,51.25,-3.75
2025-05-06 13:00:00,3.64,4.17,51.25,-3.75,51.25,-3.75
2025-05-06 14:00:00,2.97,3.5,51.25,-3.75,51.25,-3.75
2025-05-06 15:00:00,2.21,2.75,51.25,-3.75,51.25,-3.75
2025-05-06 16:00:00,1.5,1.94,51.25,-3.75,51.25,-3.75
2025-05-06 17:00:00,1.63,1.45,51.25,-3.75,51.25,-3.75
2025-05-06 18:00:00,2.55,2.77,51.25,-3.75,51.25,-3.75
2025-05-06 19:00:00,2.65,3.39,51.25,-3.75,51.25,-3.75
2025-05-06 20:00:00,2.3,3.26,51.25,-3.75,51.25,-3.75
2025-05-06 21:00:00,1.35,2.06,51.25,-3.75,51.25,-3.75
2025-05-06 22:00:00,1.29,2.5,51.25,-3.75,51.25,-3.75
2025-05-06 23:00:00,2.44,3.75,51.25,-3.75,51.25,-3.75
2025-05-07 00:00:00,3.2,4.49,51.25,-3.75,51.25,-3.75
2025-05-07 01:00:00,3.53,4.62,51.25,-3.75,51.25,-3.75
2025-05-07 02:00:00,3.59,4.6,51.25,-3.75,51.25,-3.75
2025-05-07 03:00:00,3.61,4.54,51.25,-3.75,51.25,-3.75
2025-05-07 04:00:00,3.37,4.27,51.25,-3.75,51.25,-3.75
2025-05-07 05:00:00,3.2,3.99,51.25,-3.75,51.25,-3.75
2025-05-07 06:00:00,2.75,3.53,51.25,-3.75,51.25,-3.75
2025-05-07 07:00:00,2.17,2.62,51.25,-3.75,51.25,-3.75
2025-05-07 08:00:00,1.64,1.94,51.25,-3.75,51.25,-3.75
2025-05-07 09:00:00,1.45,1.67,51.25,-3.75,51.25,-3.75
2025-05-07 10:00:00,0.96,1.05,51.25,-3.75,51.25,-3.75
2025-05-07 11:00:00,1.84,2.03,51.25,-3.75,51.25,-3.75
2025-05-07 12:00:00,2.12,2.25,51.25,-3.75,51.25,-3.75
2025-05-07 13:00:00,3.34,3.6,51.25,-3.75,51.25,-3.75
2025-05-07 14:00:00,4.41,5.13,51.25,-3.75,51.25,-3.75
2025-05-07 15:00:00,4.64,5.76,51.25,-3.75,51.25,-3.75
2025-05-07 16:00:00,4.27,5.46,51.25,-3.75,51.25,-3.75
2025-05-07 17:00:00,3.87,5.0,51.25,-3.75,51.25,-3.75
2025-05-07 18:00:00,3.6,4.93,51.25,-3.75,51.25,-3.75
2025-05-07 19:00:00,3.47,5.13,51.25,-3.75,51.25,-3.75
2025-05-07 20:00:00,3.05,4.72,51.25,-3.75,51.25,-3.75
2025-05-07 21:00:00,2.53,3.99,51.25,-3.75,51.25,-3.75
2025-05-07 22:00:00,2.26,3.89,51.25,-3.75,51.25,-3.75
2025-05-07 23:00:00,4.85,7.17,51.25,-3.75,51.25,-3.75
2025-05-08 00:00:00,7.01,9.4,51.25,-3.75,51.25,-3.75
2025-05-08 01:00:00,7.71,9.9,51.25,-3.75,51.25,-3.75
2025-05-08 02:00:00,7.46,9.35,51.25,-3.75,51.25,-3.75
2025-05-08 03:00:00,7.26,9.05,51.25,-3.75,51.25,-3.75
2025-05-08 04:00:00,7.17,8.66,51.25,-3.75,51.25,-3.75
2025-05-08 05:00:00,7.06,8.5,51.25,-3.75,51.25,-3.75
2025-05-08 06:00:00,7.07,8.38,51.25,-3.75,51.25,-3.75
2025-05-08 07:00:00,6.87,7.93,51.25,-3.75,51.25,-3.75
2025-05-08 08:00:00,6.88,7.89,51.25,-3.75,51.25,-3.75
2025-05-08 09:00:00,6.8,7.81,51.25,-3.75,51.25,-3.75
2025-05-08 10:00:00,6.22,7.08,51.25,-3.75,51.25,-3.75
2025-05-08 11:00:00,5.9,6.7,51.25,-3.75,51.25,-3.75
2025-05-08 12:00:00,5.57,6.36,51.25,-3.75,51.25,-3.75
2025-05-08 13:00:00,5.35,6.1,51.25,-3.75,51.25,-3.75
2025-05-08 14:00:00,5.06,5.87,51.25,-3.75,51.25,-3.75
2025-05-08 15:00:00,4.68,5.52,51.25,-3.75,51.25,-3.75
2025-05-08 16:00:00,4.34,5.37,51.25,-3.75,51.25,-3.75
2025-05-08 17:00:00,4.12,5.3,51.25,-3.75,51.25,-3.75
2025-05-08 18:00:00,3.91,5.38,51.25,-3.75,51.25,-3.75
2025-05-08 19:00:00,3.7,5.43,51.25,-3.75,51.25,-3.75
2025-05-08 20:00:00,3.67,5.84,51.25,-3.75,51.25,-3.75
2025-05-08 21:00:00,3.72,5.93,51.25,-3.75,51.25,-3.75
2025-05-08 22:00:00,4.54,5.93,51.25,-3.75,51.25,-3.75
2025-05-08 23:00:00,4.74,6.11,51.25,-3.75,51.25,-3.75
2025-05-09 00:00:00,4.49,5.93,51.25,-3.75,51.25,-3.75
2025-05-09 01:00:00,4.36,5.69,51.25,-3.75,51.25,-3.75
2025-05-09 02:00:00,4.48,5.76,51.25,-3.75,51.25,-3.75
2025-05-09 03:00:00,4.66,5.88,51.25,-3.75,51.25,-3.75
2025-05-09 04:00:00,4.81,6.01,51.25,-3.75,51.25,-3.75
2025-05-09 05:00:00,5.19,6.3,51.25,-3.75,51.25,-3.75
2025-05-09 06:00:00,5.6,6.78,51.25,-3.75,51.25,-3.75
2025-05-09 07:00:00,5.8,6.66,51.25,-3.75,51.25,-3.75
2025-05-09 08:00:00,5.44,6.15,51.25,-3.75,51.25,-3.75
2025-05-09 09:00:00,5.11,5.81,51.25,-3.75,51.25,-3.75
2025-05-09 10:00:00,4.22,4.73,51.25,-3.75,51.25,-3.75
2025-05-09 11:00:00,4.07,4.67,51.25,-3.75,51.25,-3.75
2025-05-09 12:00:00,3.87,4.62,51.25,-3.75,51.25,-3.75
2025-05-09 13:00:00,3.41,4.5,51.25,-3.75,51.25,-3.75
2025-05-09 14:00:00,2.77,3.9,51.25,-3.75,51.25,-3.75
2025-05-09 15:00:00,1.95,3.18,51.25,-3.75,51.25,-3.75
2025-05-09 16:00:00,1.89,2.8,51.25,-3.75,51.25,-3.75
2025-05-09 17:00:00,2.02,2.88,51.25,-3.75,51.25,-3.75
2025-05-09 18:00:00,1.91,2.69,51.25,-3.75,51.25,-3.75
2025-05-09 19:00:00,1.74,2.37,51.25,-3.75,51.25,-3.75
2025-05-09 20:00:00,1.49,2.05,51.25,-3.75,51.25,-3.75
2025-05-09 21:00:00,0.99,1.75,51.25,-3.75,51.25,-3.75
2025-05-09 22:00:00,1.22,2.11,51.25,-3.75,51.25,-3.75
2025-05-09 23:00:00,2.01,3.15,51.25,-3.75,51.25,-3.75
2025-05-10 00:00:00,2.85,4.13,51.25,-3.75,51.25,-3.75
2025-05-10 01:00:00,3.81,5.43,51.25,-3.75,51.25,-3.75
2025-05-10 02:00:00,4.45,6.7,51.25,-3.75,51.25,-3.75
2025-05-10 03:00:00,4.75,6.92,51.25,-3.75,51.25,-3.75
2025-05-10 04:00:00,4.74,6.72,51.25,-3.75,51.25,-3.75
2025-05-10 05:00:00,5.01,6.88,51.25,-3.75,51.25,-3.75
2025-05-10 06:00:00,5.34,6.94,51.25,-3.75,51.25,-3.75
2025-05-10 07:00:00,5.57,6.78,51.25,-3.75,51.25,-3.75
2025-05-10 08:00:00,5.86,6.88,51.25,-3.75,51.25,-3.75
2025-05-10 09:00:00,5.84,6.86,51.25,-3.75,51.25,-3.75
2025-05-10 10:00:00,5.33,6.34,51.25,-3.75,51.25,-3.75
2025-05-10 11:00:00,4.87,6.41,51.25,-3.75,51.25,-3.75
2025-05-10 12:00:00,5.1,6.95,51.25,-3.75,51.25,-3.75
2025-05-10 13:00:00,4.79,6.68,51.25,-3.75,51.25,-3.75
2025-05-10 14:00:00,4.25,6.18,51.25,-3.75,51.25,-3.75
2025-05-10 15:00:00,3.58,5.28,51.25,-3.75,51.25,-3.75
2025-05-10 16:00:00,2.44,3.87,51.25,-3.75,51.25,-3.75
2025-05-10 17:00:00,1.8,3.25,51.25,-3.75,51.25,-3.75
2025-05-10 18:00:00,1.35,3.01,51.25,-3.75,51.25,-3.75
2025-05-10 19:00:00,0.99,2.74,51.25,-3.75,51.25,-3.75
2025-05-10 20:00:00,1.65,3.0,51.25,-3.75,51.25,-3.75
2025-05-10 21:00:00,2.82,4.25,51.25,-3.75,51.25,-3.75
2025-05-10 22:00:00,3.69,6.18,51.25,-3.75,51.25,-3.75
2025-05-10 23:00:00,3.73,6.5,51.25,-3.75,51.25,-3.75
2025-05-11 00:00:00,4.12,7.11,51.25,-3.75,51.25,-3.75
2025-05-11 01:00:00,4.53,7.63,51.25,-3.75,51.25,-3.75
2025-05-11 02:00:00,4.77,7.62,51.25,-3.75,51.25,-3.75
2025-05-11 03:00:00,4.97,7.81,51.25,-3.75,51.25,-3.75
2025-05-11 04:00:00,5.21,8.02,51.25,-3.75,51.25,-3.75
2025-05-11 05:00:00,5.4,8.24,51.25,-3.75,51.25,-3.75
2025-05-11 06:00:00,5.76,8.61,51.25,-3.75,51.25,-3.75
2025-05-11 07:00:00,5.94,8.81,51.25,-3.75,51.25,-3.75
2025-05-11 08:00:00,6.52,8.49,51.25,-3.75,51.25,-3.75
2025-05-11 09:00:00,6.55,8.7,51.25,-3.75,51.25,-3.75
2025-05-11 10:00:00,4.98,6.82,51.25,-3.75,51.25,-3.75
2025-05-11 11:00:00,4.43,6.29,51.25,-3.75,51.25,-3.75
2025-05-11 12:00:00,3.8,5.6,51.25,-3.75,51.25,-3.75
2025-05-11 13:00:00,2.75,4.35,51.25,-3.75,51.25,-3.75
2025-05-11 14:00:00,2.35,3.75,51.25,-3.75,51.25,-3.75
2025-05-11 15:00:00,2.39,3.58,51.25,-3.75,51.25,-3.75
2025-05-11 16:00:00,1.77,2.75,51.25,-3.75,51.25,-3.75
2025-05-11 17:00:00,0.49,0.46,51.25,-3.75,51.25,-3.75
2025-05-11 18:00:00,0.86,0.62,51.25,-3.75,51.25,-3.75
2025-05-11 19:00:00,0.81,1.45,51.25,-3.75,51.25,-3.75
2025-05-11 20:00:00,1.57,1.7,51.25,-3.75,51.25,-3.75
2025-05-11 21:00:00,2.38,1.93,51.25,-3.75,51.25,-3.75
2025-05-11 22:00:00,1.92,2.75,51.25,-3.75,51.25,-3.75
2025-05-11 23:00:00,2.29,3.09,51.25,-3.75,51.25,-3.75
2025-05-12 00:00:00,2.23,2.94,51.25,-3.75,51.25,-3.75
2025-05-12 01:00:00,2.19,3.04,51.25,-3.75,51.25,-3.75
2025-05-12 02:00:00,1.94,2.77,51.25,-3.75,51.25,-3.75
2025-05-12 03:00:00,2.3,3.26,51.25,-3.75,51.25,-3.75
2025-05-12 04:00:00,2.4,3.63,51.25,-3.75,51.25,-3.75
2025-05-12 05:00:00,2.57,3.96,51.25,-3.75,51.25,-3.75
2025-05-12 06:00:00,2.42,3.94,51.25,-3.75,51.25,-3.75
2025-05-12 07:00:00,3.31,4.57,51.25,-3.75,51.25,-3.75
2025-05-12 08:00:00,4.27,5.95,51.25,-3.75,51.25,-3.75
2025-05-12 09:00:00,4.75,6.6,51.25,-3.75,51.25,-3.75
2025-05-12 10:00:00,4.61,6.35,51.25,-3.75,51.25,-3.75
2025-05-12 11:00:00,4.41,6.22,51.25,-3.75,51.25,-3.75
2025-05-12 12:00:00,4.25,5.66,51.25,-3.75,51.25,-3.75
2025-05-12 13:00:00,3.9,5.14,51.25,-3.75,51.25,-3.75
2025-05-12 14:00:00,4.32,5.58,51.25,-3.75,51.25,-3.75
2025-05-12 15:00:00,4.73,6.13,51.25,-3.75,51.25,-3.75
2025-05-12 16:00:00,4.23,5.59,51.25,-3.75,51.25,-3.75
2025-05-12 17:00:00,4.12,5.61,51.25,-3.75,51.25,-3.75
2025-05-12 18:00:00,3.47,4.87,51.25,-3.75,51.25,-3.75
2025-05-12 19:00:00,2.88,4.39,51.25,-3.75,51.25,-3.75
2025-05-12 20:00:00,3.05,4.63,51.25,-3.75,51.25,-3.75
2025-05-12 21:00:00,3.17,4.94,51.25,-3.75,51.25,-3.75
2025-05-12 22:00:00,3.65,5.88,51.25,-3.75,51.25,-3.75
2025-05-12 23:00:00,3.75,6.28,51.25,-3.75,51.25,-3.75
2025-05-13 00:00:00,3.81,6.48,51.25,-3.75,51.25,-3.75
2025-05-13 01:00:00,4.16,6.97,51.25,-3.75,51.25,-3.75
2025-05-13 02:00:00,4.51,7.46,51.25,-3.75,51.25,-3.75
2025-05-13 03:00:00,4.75,7.66,51.25,-3.75,51.25,-3.75
2025-05-13 04:00:00,4.8,7.6,51.25,-3.75,51.25,-3.75
2025-05-13 05:00:00,4.91,7.65,51.25,-3.75,51.25,-3.75
2025-05-13 06:00:00,5.05,7.66,51.25,-3.75,51.25,-3.75
2025-05-13 07:00:00,5.2,7.36,51.25,-3.75,51.25,-3.75
2025-05-13 08:00:00,5.41,7.36,51.25,-3.75,51.25,-3.75
2025-05-13 09:00:00,5.71,7.65,51.25,-3.75,51.25,-3.75
2025-05-13 10:00:00,5.02,6.75,51.25,-3.75,51.25,-3.75
2025-05-13 11:00:00,4.95,6.73,51.25,-3.75,51.25,-3.75
2025-05-13 12:00:00,5.2,7.05,51.25,-3.75,51.25,-3.75
2025-05-13 13:00:00,5.0,6.95,51.25,-3.75,51.25,-3.75
2025-05-13 14:00:00,4.51,6.38,51.25,-3.75,51.25,-3.75
2025-05-13 15:00:00,4.12,5.74,51.25,-3.75,51.25,-3.75
2025-05-13 16:00:00,3.9,5.13,51.25,-3.75,51.25,-3.75
2025-05-13 17:00:00,3.43,4.42,51.25,-3.75,51.25,-3.75
2025-05-13 18:00:00,1.7,2.74,51.25,-3.75,51.25,-3.75
2025-05-13 19:00:00,1.35,0.81,51.25,-3.75,51.25,-3.75
2025-05-13 20:00:00,1.87,1.15,51.25,-3.75,51.25,-3.75
2025-05-13 21:00:00,1.55,1.35,51.25,-3.75,51.25,-3.75
2025-05-13 22:00:00,2.09,2.37,51.25,-3.75,51.25,-3.75
2025-05-13 23:00:00,2.33,3.19,51.25,-3.75,51.25,-3.75
2025-05-14 00:00:00,2.62,4.25,51.25,-3.75,51.25,-3.75
2025-05-14 01:00:00,4.06,6.59,51.25,-3.75,51.25,-3.75
2025-05-14 02:00:00,5.38,8.32,51.25,-3.75,51.25,-3.75
2025-05-14 03:00:00,5.91,8.79,51.25,-3.75,51.25,-3.75
2025-05-14 04:00:00,5.74,8.38,51.25,-3.75,51.25,-3.75
2025-05-14 05:00:00,5.45,8.01,51.25,-3.75,51.25,-3.75
2025-05-14 06:00:00,5.89,7.95,51.25,-3.75,51.25,-3.75
2025-05-14 07:00:00,6.6,8.09,51.25,-3.75,51.25,-3.75
2025-05-14 08:00:00,6.87,8.2,51.25,-3.75,51.25,-3.75
2025-05-14 09:00:00,6.59,7.89,51.25,-3.75,51.25,-3.75
2025-05-14 10:00:00,5.87,7.24,51.25,-3.75,51.25,-3.75
2025-05-14 11:00:00,5.39,7.01,51.25,-3.75,51.25,-3.75
2025-05-14 12:00:00,4.9,6.57,51.25,-3.75,51.25,-3.75
2025-05-14 13:00:00,4.31,5.88,51.25,-3.75,51.25,-3.75
2025-05-14 14:00:00,3.93,5.35,51.25,-3.75,51.25,-3.75
2025-05-14 15:00:00,3.66,4.82,51.25,-3.75,51.25,-3.75
2025-05-14 16:00:00,3.68,4.81,51.25,-3.75,51.25,-3.75
2025-05-14 17:00:00,3.79,5.09,51.25,-3.75,51.25,-3.75
2025-05-14 18:00:00,3.7,5.45,51.25,-3.75,51.25,-3.75
2025-05-14 19:00:00,3.71,5.98,51.25,-3.75,51.25,-3.75
2025-05-14 20:00:00,4.35,7.12,51.25,-3.75,51.25,-3.75
2025-05-14 21:00:00,4.99,8.31,51.25,-3.75,51.25,-3.75
2025-05-14 22:00:00,5.68,9.02,51.25,-3.75,51.25,-3.75
2025-05-14 23:00:00,6.61,9.88,51.25,-3.75,51.25,-3.75
2025-05-15 00:00:00,6.23,9.25,51.25,-3.75,51.25,-3.75
2025-05-15 01:00:00,5.89,8.54,51.25,-3.75,51.25,-3.75
2025-05-15 02:00:00,5.62,8.12,51.25,-3.75,51.25,-3.75
2025-05-15 03:00:00,5.51,7.5,51.25,-3.75,51.25,-3.75
2025-05-15 04:00:00,5.01,6.65,51.25,-3.75,51.25,-3.75
2025-05-15 05:00:00,4.46,5.72,51.25,-3.75,51.25,-3.75
2025-05-15 06:00:00,4.54,5.52,51.25,-3.75,51.25,-3.75
2025-05-15 07:00:00,5.03,5.72,51.25,-3.75,51.25,-3.75
2025-05-15 08:00:00,4.59,5.16,51.25,-3.75,51.25,-3.75
2025-05-15 09:00:00,3.78,4.32,51.25,-3.75,51.25,-3.75
2025-05-15 10:00:00,3.15,3.54,51.25,-3.75,51.25,-3.75
2025-05-15 11:00:00,2.91,3.37,51.25,-3.75,51.25,-3.75
2025-05-15 12:00:00,2.48,3.08,51.25,-3.75,51.25,-3.75
2025-05-15 13:00:00,2.14,2.8,51.25,-3.75,51.25,-3.75
2025-05-15 14:00:00,1.49,2.37,51.25,-3.75,51.25,-3.75
2025-05-15 15:00:00,0.89,1.91,51.25,-3.75,51.25,-3.75
2025-05-15 16:00:00,0.58,1.21,51.25,-3.75,51.25,-3.75
2025-05-15 17:00:00,0.89,1.38,51.25,-3.75,51.25,-3.75
2025-05-15 18:00:00,0.92,1.77,51.25,-3.75,51.25,-3.75
2025-05-15 19:00:00,1.78,3.1,51.25,-3.75,51.25,-3.75
2025-05-15 20:00:00,3.5,5.56,51.25,-3.75,51.25,-3.75
2025-05-15 21:00:00,5.13,7.52,51.25,-3.75,51.25,-3.75
2025-05-15 22:00:00,5.11,7.37,51.25,-3.75,51.25,-3.75
2025-05-15 23:00:00,4.48,6.59,51.25,-3.75,51.25,-3.75
2025-05-16 00:00:00,4.35,6.16,51.25,-3.75,51.25,-3.75
2025-05-16 01:00:00,4.3,5.85,51.25,-3.75,51.25,-3.75
2025-05-16 02:00:00,4.21,5.54,51.25,-3.75,51.25,-3.75
2025-05-16 03:00:00,4.13,5.36,51.25,-3.75,51.25,-3.75
2025-05-16 04:00:00,4.41,5.54,51.25,-3.75,51.25,-3.75
2025-05-16 05:00:00,4.99,6.11,51.25,-3.75,51.25,-3.75
2025-05-16 06:00:00,5.41,6.45,51.25,-3.75,51.25,-3.75
2025-05-16 07:00:00,5.22,5.92,51.25,-3.75,51.25,-3.75
2025-05-16 08:00:00,4.35,4.91,51.25,-3.75,51.25,-3.75
2025-05-16 09:00:00,3.91,4.38,51.25,-3.75,51.25,-3.75
2025-05-16 10:00:00,3.43,3.89,51.25,-3.75,51.25,-3.75
2025-05-16 11:00:00,2.82,3.33,51.25,-3.75,51.25,-3.75
2025-05-16 12:00:00,2.1,2.66,51.25,-3.75,51.25,-3.75
2025-05-16 13:00:00,1.41,1.8,51.25,-3.75,51.25,-3.75
2025-05-16 14:00:00,2.09,1.9,51.25,-3.75,51.25,-3.75
2025-05-16 15:00:00,3.51,3.47,51.25,-3.75,51.25,-3.75
2025-05-16 16:00:00,4.89,5.48,51.25,-3.75,51.25,-3.75
2025-05-16 17:00:00,5.47,6.82,51.25,-3.75,51.25,-3.75
2025-05-16 18:00:00,5.52,7.47,51.25,-3.75,51.25,-3.75
2025-05-16 19:00:00,4.93,7.1,51.25,-3.75,51.25,-3.75
2025-05-16 20:00:00,4.23,6.12,51.25,-3.75,51.25,-3.75
2025-05-16 21:00:00,3.46,4.91,51.25,-3.75,51.25,-3.75
2025-05-16 22:00:00,2.48,3.77,51.25,-3.75,51.25,-3.75
2025-05-16 23:00:00,2.62,4.61,51.25,-3.75,51.25,-3.75
2025-05-17 00:00:00,3.68,6.12,51.25,-3.75,51.25,-3.75
2025-05-17 01:00:00,4.54,7.23,51.25,-3.75,51.25,-3.75
2025-05-17 02:00:00,5.08,7.49,51.25,-3.75,51.25,-3.75
2025-05-17 03:00:00,5.42,7.36,51.25,-3.75,51.25,-3.75
2025-05-17 04:00:00,5.78,7.4,51.25,-3.75,51.25,-3.75
2025-05-17 05:00:00,5.86,7.28,51.25,-3.75,51.25,-3.75
2025-05-17 06:00:00,5.73,6.8,51.25,-3.75,51.25,-3.75
2025-05-17 07:00:00,5.61,6.37,51.25,-3.75,51.25,-3.75
2025-05-17 08:00:00,5.32,5.98,51.25,-3.75,51.25,-3.75
2025-05-17 09:00:00,5.09,5.64,51.25,-3.75,51.25,-3.75
2025-05-17 10:00:00,4.0,4.4,51.25,-3.75,51.25,-3.75
2025-05-17 11:00:00,4.03,4.42,51.25,-3.75,51.25,-3.75
2025-05-17 12:00:00,4.0,4.46,51.25,-3.75,51.25,-3.75
2025-05-17 13:00:00,3.68,4.24,51.25,-3.75,51.25,-3.75
2025-05-17 14:00:00,3.47,4.24,51.25,-3.75,51.25,-3.75
2025-05-17 15:00:00,3.4,4.41,51.25,-3.75,51.25,-3.75
2025-05-17 16:00:00,3.46,4.6,51.25,-3.75,51.25,-3.75
2025-05-17 17:00:00,3.58,4.84,51.25,-3.75,51.25,-3.75
2025-05-17 18:00:00,3.99,5.33,51.25,-3.75,51.25,-3.75
2025-05-17 19:00:00,4.23,6.03,51.25,-3.75,51.25,-3.75
2025-05-17 20:00:00,4.48,6.7,51.25,-3.75,51.25,-3.75
2025-05-17 21:00:00,4.41,6.76,51.25,-3.75,51.25,-3.75
2025-05-17 22:00:00,3.96,6.28,51.25,-3.75,51.25,-3.75
2025-05-17 23:00:00,3.38,5.32,51.25,-3.75,51.25,-3.75
2025-05-18 00:00:00,2.93,4.65,51.25,-3.75,51.25,-3.75
2025-05-18 01:00:00,2.44,3.78,51.25,-3.75,51.25,-3.75
2025-05-18 02:00:00,2.06,3.04,51.25,-3.75,51.25,-3.75
2025-05-18 03:00:00,1.86,2.62,51.25,-3.75,51.25,-3.75
2025-05-18 04:00:00,1.81,2.48,51.25,-3.75,51.25,-3.75
2025-05-18 05:00:00,1.63,2.34,51.25,-3.75,51.25,-3.75
2025-05-18 06:00:00,1.43,2.3,51.25,-3.75,51.25,-3.75
2025-05-18 07:00:00,1.58,2.48,51.25,-3.75,51.25,-3.75
2025-05-18 08:00:00,2.0,2.53,51.25,-3.75,51.25,-3.75
2025-05-18 09:00:00,2.05,2.5,51.25,-3.75,51.25,-3.75
2025-05-18 10:00:00,1.82,2.22,51.25,-3.75,51.25,-3.75
2025-05-18 11:00:00,1.46,1.92,51.25,-3.75,51.25,-3.75
2025-05-18 12:00:00,0.86,1.28,51.25,-3.75,51.25,-3.75
2025-05-18 13:00:00,0.94,0.91,51.25,-3.75,51.25,-3.75
2025-05-18 14:00:00,1.55,1.22,51.25,-3.75,51.25,-3.75
2025-05-18 15:00:00,2.03,1.88,51.25,-3.75,51.25,-3.75
2025-05-18 16:00:00,2.45,2.65,51.25,-3.75,51.25,-3.75
2025-05-18 17:00:00,2.44,2.68,51.25,-3.75,51.25,-3.75
2025-05-18 18:00:00,2.07,2.26,51.25,-3.75,51.25,-3.75
2025-05-18 19:00:00,1.8,2.64,51.25,-3.75,51.25,-3.75
2025-05-18 20:00:00,2.66,4.02,51.25,-3.75,51.25,-3.75
2025-05-18 21:00:00,3.83,6.14,51.25,-3.75,51.25,-3.75
2025-05-18 22:00:00,6.55,9.45,51.25,-3.75,51.25,-3.75
2025-05-18 23:00:00,7.03,9.8,51.25,-3.75,51.25,-3.75
2025-05-19 00:00:00,6.07,8.14,51.25,-3.75,51.25,-3.75
2025-05-19 01:00:00,4.97,6.66,51.25,-3.75,51.25,-3.75
2025-05-19 02:00:00,4.32,5.57,51.25,-3.75,51.25,-3.75
2025-05-19 03:00:00,4.3,5.42,51.25,-3.75,51.25,-3.75
2025-05-19 04:00:00,5.25,6.49,51.25,-3.75,51.25,-3.75
2025-05-19 05:00:00,6.35,7.76,51.25,-3.75,51.25,-3.75
2025-05-19 06:00:00,6.69,8.03,51.25,-3.75,51.25,-3.75
2025-05-19 07:00:00,6.81,7.85,51.25,-3.75,51.25,-3.75
2025-05-19 08:00:00,6.47,7.34,51.25,-3.75,51.25,-3.75
2025-05-19 09:00:00,5.91,6.76,51.25,-3.75,51.25,-3.75
2025-05-19 10:00:00,5.0,5.61,51.25,-3.75,51.25,-3.75
2025-05-19 11:00:00,4.72,5.36,51.25,-3.75,51.25,-3.75
2025-05-19 12:00:00,4.59,5.31,51.25,-3.75,51.25,-3.75
2025-05-19 13:00:00,4.35,5.22,51.25,-3.75,51.25,-3.75
2025-05-19 14:00:00,3.91,5.03,51.25,-3.75,51.25,-3.75
2025-05-19 15:00:00,3.5,4.62,51.25,-3.75,51.25,-3.75
2025-05-19 16:00:00,3.11,4.31,51.25,-3.75,51.25,-3.75
2025-05-19 17:00:00,2.48,3.71,51.25,-3.75,51.25,-3.75
2025-05-19 18:00:00,2.09,3.04,51.25,-3.75,51.25,-3.75
2025-05-19 19:00:00,2.2,2.98,51.25,-3.75,51.25,-3.75
2025-05-19 20:00:00,2.76,3.76,51.25,-3.75,51.25,-3.75
2025-05-19 21:00:00,3.19,4.52,51.25,-3.75,51.25,-3.75
2025-05-19 22:00:00,3.26,4.76,51.25,-3.75,51.25,-3.75
2025-05-19 23:00:00,2.97,4.37,51.25,-3.75,51.25,-3.75
2025-05-20 00:00:00,2.81,4.16,51.25,-3.75,51.25,-3.75
2025-05-20 01:00:00,2.87,4.29,51.25,-3.75,51.25,-3.75
2025-05-20 02:00:00,2.89,4.42,51.25,-3.75,51.25,-3.75
2025-05-20 03:00:00,2.93,4.37,51.25,-3.75,51.25,-3.75
2025-05-20 04:00:00,2.91,4.03,51.25,-3.75,51.25,-3.75
2025-05-20 05:00:00,2.99,4.06,51.25,-3.75,51.25,-3.75
2025-05-20 06:00:00,3.27,4.24,51.25,-3.75,51.25,-3.75
2025-05-20 07:00:00,3.64,4.1,51.25,-3.75,51.25,-3.75
2025-05-20 08:00:00,3.57,3.98,51.25,-3.75,51.25,-3.75
2025-05-20 09:00:00,2.95,3.35,51.25,-3.75,51.25,-3.75
2025-05-20 10:00:00,1.55,1.8,51.25,-3.75,51.25,-3.75
2025-05-20 11:00:00,0.68,0.89,51.25,-3.75,51.25,-3.75
2025-05-20 12:00:00,1.23,0.98,51.25,-3.75,51.25,-3.75
2025-05-20 13:00:00,2.09,1.84,51.25,-3.75,51.25,-3.75
2025-05-20 14:00:00,2.68,2.72,51.25,-3.75,51.25,-3.75
2025-05-20 15:00:00,3.23,3.44,51.25,-3.75,51.25,-3.75
2025-05-20 16:00:00,3.66,4.34,51.25,-3.75,51.25,-3.75
2025-05-20 17:00:00,4.21,5.47,51.25,-3.75,51.25,-3.75
2025-05-20 18:00:00,3.82,5.32,51.25,-3.75,51.25,-3.75
2025-05-20 19:00:00,3.5,5.27,51.25,-3.75,51.25,-3.75
2025-05-20 20:00:00,3.2,4.79,51.25,-3.75,51.25,-3.75
2025-05-20 21:00:00,2.77,4.05,51.25,-3.75,51.25,-3.75
2025-05-20 22:00:00,2.02,2.75,51.25,-3.75,51.25,-3.75
2025-05-20 23:00:00,2.1,2.17,51.25,-3.75,51.25,-3.75
2025-05-21 00:00:00,2.15,2.16,51.25,-3.75,51.25,-3.75
2025-05-21 01:00:00,2.5,2.76,51.25,-3.75,51.25,-3.75
2025-05-21 02:00:00,3.29,3.97,51.25,-3.75,51.25,-3.75
2025-05-21 03:00:00,4.04,4.92,51.25,-3.75,51.25,-3.75
2025-05-21 04:00:00,4.57,5.58,51.25,-3.75,51.25,-3.75
2025-05-21 05:00:00,4.37,5.35,51.25,-3.75,51.25,-3.75
2025-05-21 06:00:00,4.33,5.27,51.25,-3.75,51.25,-3.75
2025-05-21 07:00:00,4.92,5.97,51.25,-3.75,51.25,-3.75
2025-05-21 08:00:00,5.37,6.34,51.25,-3.75,51.25,-3.75
2025-05-21 09:00:00,5.36,6.38,51.25,-3.75,51.25,-3.75
2025-05-21 10:00:00,4.74,5.55,51.25,-3.75,51.25,-3.75
2025-05-21 11:00:00,4.65,5.41,51.25,-3.75,51.25,-3.75
2025-05-21 12:00:00,4.49,5.32,51.25,-3.75,51.25,-3.75
2025-05-21 13:00:00,4.86,6.02,51.25,-3.75,51.25,-3.75
2025-05-21 14:00:00,5.98,7.65,51.25,-3.75,51.25,-3.75
2025-05-21 15:00:00,6.62,8.84,51.25,-3.75,51.25,-3.75
2025-05-21 16:00:00,6.43,8.6,51.25,-3.75,51.25,-3.75
2025-05-21 17:00:00,6.35,8.56,51.25,-3.75,51.25,-3.75
2025-05-21 18:00:00,6.13,8.37,51.25,-3.75,51.25,-3.75
2025-05-21 19:00:00,5.93,8.28,51.25,-3.75,51.25,-3.75
2025-05-21 20:00:00,5.82,8.41,51.25,-3.75,51.25,-3.75
2025-05-21 21:00:00,5.59,8.09,51.25,-3.75,51.25,-3.75
2025-05-21 22:00:00,4.83,6.94,51.25,-3.75,51.25,-3.75
2025-05-21 23:00:00,5.0,7.0,51.25,-3.75,51.25,-3.75
2025-05-22 00:00:00,5.57,8.02,51.25,-3.75,51.25,-3.75
2025-05-22 01:00:00,5.46,8.01,51.25,-3.75,51.25,-3.75
2025-05-22 02:00:00,4.65,6.98,51.25,-3.75,51.25,-3.75
2025-05-22 03:00:00,3.84,5.77,51.25,-3.75,51.25,-3.75
2025-05-22 04:00:00,3.71,5.25,51.25,-3.75,51.25,-3.75
2025-05-22 05:00:00,4.06,5.58,51.25,-3.75,51.25,-3.75
2025-05-22 06:00:00,4.56,5.89,51.25,-3.75,51.25,-3.75
2025-05-22 07:00:00,4.9,5.87,51.25,-3.75,51.25,-3.75
2025-05-22 08:00:00,5.08,6.06,51.25,-3.75,51.25,-3.75
2025-05-22 09:00:00,5.57,6.67,51.25,-3.75,51.25,-3.75
2025-05-22 10:00:00,5.34,6.09,51.25,-3.75,51.25,-3.75
2025-05-22 11:00:00,5.79,6.75,51.25,-3.75,51.25,-3.75
2025-05-22 12:00:00,6.6,7.96,51.25,-3.75,51.25,-3.75
2025-05-22 13:00:00,7.1,8.76,51.25,-3.75,51.25,-3.75
2025-05-22 14:00:00,7.34,9.16,51.25,-3.75,51.25,-3.75
2025-05-22 15:00:00,7.77,9.9,51.25,-3.75,51.25,-3.75
2025-05-22 16:00:00,8.17,10.55,51.25,-3.75,51.25,-3.75
2025-05-22 17:00:00,7.99,10.43,51.25,-3.75,51.25,-3.75
2025-05-22 18:00:00,7.21,9.62,51.25,-3.75,51.25,-3.75
2025-05-22 19:00:00,5.86,8.18,51.25,-3.75,51.25,-3.75
2025-05-22 20:00:00,4.55,6.65,51.25,-3.75,51.25,-3.75
2025-05-22 21:00:00,3.43,5.06,51.25,-3.75,51.25,-3.75
2025-05-22 22:00:00,2.15,3.23,51.25,-3.75,51.25,-3.75
2025-05-22 23:00:00,1.41,2.45,51.25,-3.75,51.25,-3.75
2025-05-23 00:00:00,0.89,1.63,51.25,-3.75,51.25,-3.75
2025-05-23 01:00:00,0.34,0.67,51.25,-3.75,51.25,-3.75
2025-05-23 02:00:00,0.83,0.64,51.25,-3.75,51.25,-3.75
2025-05-23 03:00:00,1.54,1.87,51.25,-3.75,51.25,-3.75
2025-05-23 04:00:00,1.56,2.2,51.25,-3.75,51.25,-3.75
2025-05-23 05:00:00,1.3,1.73,51.25,-3.75,51.25,-3.75
2025-05-23 06:00:00,1.45,1.49,51.25,-3.75,51.25,-3.75
2025-05-23 07:00:00,1.82,1.84,51.25,-3.75,51.25,-3.75
2025-05-23 08:00:00,2.45,2.55,51.25,-3.75,51.25,-3.75
2025-05-23 09:00:00,3.15,3.45,51.25,-3.75,51.25,-3.75
2025-05-23 10:00:00,3.25,3.55,51.25,-3.75,51.25,-3.75
2025-05-23 11:00:00,4.2,4.7,51.25,-3.75,51.25,-3.75
2025-05-23 12:00:00,5.13,5.88,51.25,-3.75,51.25,-3.75
2025-05-23 13:00:00,5.32,6.22,51.25,-3.75,51.25,-3.75
2025-05-23 14:00:00,5.26,6.41,51.25,-3.75,51.25,-3.75
2025-05-23 15:00:00,4.97,6.37,51.25,-3.75,51.25,-3.75
2025-05-23 16:00:00,5.06,6.66,51.25,-3.75,51.25,-3.75
2025-05-23 17:00:00,5.8,7.6,51.25,-3.75,51.25,-3.75
2025-05-23 18:00:00,6.9,8.95,51.25,-3.75,51.25,-3.75
2025-05-23 19:00:00,6.95,9.46,51.25,-3.75,51.25,-3.75
2025-05-23 20:00:00,6.36,8.7,51.25,-3.75,51.25,-3.75
2025-05-23 21:00:00,5.6,7.7,51.25,-3.75,51.25,-3.75
2025-05-23 22:00:00,5.32,7.59,51.25,-3.75,51.25,-3.75
2025-05-23 23:00:00,6.49,9.17,51.25,-3.75,51.25,-3.75
2025-05-24 00:00:00,7.6,10.55,51.25,-3.75,51.25,-3.75
2025-05-24 01:00:00,7.99,11.14,51.25,-3.75,51.25,-3.75
2025-05-24 02:00:00,8.41,11.76,51.25,-3.75,51.25,-3.75
2025-05-24 03:00:00,8.52,11.96,51.25,-3.75,51.25,-3.75
2025-05-24 04:00:00,8.23,11.5,51.25,-3.75,51.25,-3.75
2025-05-24 05:00:00,8.31,11.33,51.25,-3.75,51.25,-3.75
2025-05-24 06:00:00,8.66,11.83,51.25,-3.75,51.25,-3.75
2025-05-24 07:00:00,8.82,11.76,51.25,-3.75,51.25,-3.75
2025-05-24 08:00:00,9.14,12.19,51.25,-3.75,51.25,-3.75
2025-05-24 09:00:00,9.5,12.5,51.25,-3.75,51.25,-3.75
2025-05-24 10:00:00,8.2,11.0,51.25,-3.75,51.25,-3.75
2025-05-24 11:00:00,8.55,11.48,51.25,-3.75,51.25,-3.75
2025-05-24 12:00:00,8.32,11.2,51.25,-3.75,51.25,-3.75
2025-05-24 13:00:00,8.0,10.93,51.25,-3.75,51.25,-3.75
2025-05-24 14:00:00,8.81,11.9,51.25,-3.75,51.25,-3.75
2025-05-24 15:00:00,8.86,11.87,51.25,-3.75,51.25,-3.75
2025-05-24 16:00:00,8.67,11.69,51.25,-3.75,51.25,-3.75
2025-05-24 17:00:00,8.75,11.88,51.25,-3.75,51.25,-3.75
2025-05-24 18:00:00,8.84,12.01,51.25,-3.75,51.25,-3.75
2025-05-24 19:00:00,8.41,11.8,51.25,-3.75,51.25,-3.75
2025-05-24 20:00:00,9.04,12.3,51.25,-3.75,51.25,-3.75
2025-05-24 21:00:00,9.58,13.22,51.25,-3.75,51.25,-3.75
2025-05-24 22:00:00,9.84,13.47,51.25,-3.75,51.25,-3.75
2025-05-24 23:00:00,11.4,15.24,51.25,-3.75,51.25,-3.75
2025-05-25 00:00:00,10.62,14.2,51.25,-3.75,51.25,-3.75
2025-05-25 01:00:00,10.17,13.54,51.25,-3.75,51.25,-3.75
2025-05-25 02:00:00,10.41,14.12,51.25,-3.75,51.25,-3.75
2025-05-25 03:00:00,11.45,15.34,51.25,-3.75,51.25,-3.75
2025-05-25 04:00:00,11.41,15.15,51.25,-3.75,51.25,-3.75
2025-05-25 05:00:00,10.78,14.2,51.25,-3.75,51.25,-3.75
2025-05-25 06:00:00,11.26,14.44,51.25,-3.75,51.25,-3.75
2025-05-25 07:00:00,11.04,13.93,51.25,-3.75,51.25,-3.75
2025-05-25 08:00:00,11.08,13.66,51.25,-3.75,51.25,-3.75
2025-05-25 09:00:00,10.95,13.44,51.25,-3.75,51.25,-3.75
2025-05-25 10:00:00,10.64,12.84,51.25,-3.75,51.25,-3.75
2025-05-25 11:00:00,10.77,12.9,51.25,-3.75,51.25,-3.75
2025-05-25 12:00:00,10.63,12.78,51.25,-3.75,51.25,-3.75
2025-05-25 13:00:00,10.95,13.15,51.25,-3.75,51.25,-3.75
2025-05-25 14:00:00,11.25,13.65,51.25,-3.75,51.25,-3.75
2025-05-25 15:00:00,11.6,14.25,51.25,-3.75,51.25,-3.75
2025-05-25 16:00:00,11.7,14.5,51.25,-3.75,51.25,-3.75
2025-05-25 17:00:00,11.91,14.86,51.25,-3.75,51.25,-3.75
2025-05-25 18:00:00,11.88,14.79,51.25,-3.75,51.25,-3.75
2025-05-25 19:00:00,11.83,14.83,51.25,-3.75,51.25,-3.75
2025-05-25 20:00:00,11.82,14.87,51.25,-3.75,51.25,-3.75
2025-05-25 21:00:00,11.7,14.7,51.25,-3.75,51.25,-3.75
2025-05-25 22:00:00,12.17,15.32,51.25,-3.75,51.25,-3.75
2025-05-25 23:00:00,12.03,15.03,51.25,-3.75,51.25,-3.75
2025-05-26 00:00:00,12.0,14.9,51.25,-3.75,51.25,-3.75
2025-05-26 01:00:00,11.4,14.21,51.25,-3.75,51.25,-3.75
2025-05-26 02:00:00,11.05,13.66,51.25,-3.75,51.25,-3.75
2025-05-26 03:00:00,10.75,13.2,51.25,-3.75,51.25,-3.75
2025-05-26 04:00:00,10.03,12.23,51.25,-3.75,51.25,-3.75
2025-05-26 05:00:00,9.81,11.97,51.25,-3.75,51.25,-3.75
2025-05-26 06:00:00,9.7,11.77,51.25,-3.75,51.25,-3.75
2025-05-26 07:00:00,9.37,11.41,51.25,-3.75,51.25,-3.75
2025-05-26 08:00:00,9.16,10.88,51.25,-3.75,51.25,-3.75
2025-05-26 09:00:00,9.06,10.84,51.25,-3.75,51.25,-3.75
2025-05-26 10:00:00,8.02,9.72,51.25,-3.75,51.25,-3.75
2025-05-26 11:00:00,8.26,10.16,51.25,-3.75,51.25,-3.75
2025-05-26 12:00:00,8.41,10.71,51.25,-3.75,51.25,-3.75
2025-05-26 13:00:00,9.53,12.23,51.25,-3.75,51.25,-3.75
2025-05-26 14:00:00,10.08,13.19,51.25,-3.75,51.25,-3.75
2025-05-26 15:00:00,10.21,13.44,51.25,-3.75,51.25,-3.75
2025-05-26 16:00:00,10.48,13.5,51.25,-3.75,51.25,-3.75
2025-05-26 17:00:00,11.72,15.03,51.25,-3.75,51.25,-3.75
2025-05-26 18:00:00,10.98,15.25,51.25,-3.75,51.25,-3.75
2025-05-26 19:00:00,11.39,15.04,51.25,-3.75,51.25,-3.75
2025-05-26 20:00:00,11.6,15.54,51.25,-3.75,51.25,-3.75
2025-05-26 21:00:00,12.87,17.3,51.25,-3.75,51.25,-3.75
2025-05-26 22:00:00,12.24,16.65,51.25,-3.75,51.25,-3.75
2025-05-26 23:00:00,13.01,17.24,51.25,-3.75,51.25,-3.75
2025-05-27 00:00:00,11.85,16.02,51.25,-3.75,51.25,-3.75
2025-05-27 01:00:00,11.8,15.67,51.25,-3.75,51.25,-3.75
2025-05-27 02:00:00,11.39,15.92,51.25,-3.75,51.25,-3.75
2025-05-27 03:00:00,11.53,15.85,51.25,-3.75,51.25,-3.75
2025-05-27 04:00:00,11.08,15.29,51.25,-3.75,51.25,-3.75
2025-05-27 05:00:00,10.32,14.12,51.25,-3.75,51.25,-3.75
2025-05-27 06:00:00,9.09,11.71,51.25,-3.75,51.25,-3.75
2025-05-27 07:00:00,8.29,10.42,51.25,-3.75,51.25,-3.75
2025-05-27 08:00:00,6.82,8.42,51.25,-3.75,51.25,-3.75
2025-05-27 09:00:00,6.55,9.01,51.25,-3.75,51.25,-3.75
2025-05-27 10:00:00,7.64,10.26,51.25,-3.75,51.25,-3.75
2025-05-27 11:00:00,12.43,16.85,51.25,-3.75,51.25,-3.75
2025-05-27 12:00:00,11.82,15.44,51.25,-3.75,51.25,-3.75
2025-05-27 13:00:00,12.33,16.37,51.25,-3.75,51.25,-3.75
2025-05-27 14:00:00,13.24,18.36,51.25,-3.75,51.25,-3.75
2025-05-27 15:00:00,12.93,17.2,51.25,-3.75,51.25,-3.75
2025-05-27 16:00:00,12.26,17.16,51.25,-3.75,51.25,-3.75
2025-05-27 17:00:00,12.1,16.75,51.25,-3.75,51.25,-3.75
2025-05-27 18:00:00,11.9,16.15,51.25,-3.75,51.25,-3.75
2025-05-27 19:00:00,11.59,15.58,51.25,-3.75,51.25,-3.75
2025-05-27 20:00:00,11.21,14.83,51.25,-3.75,51.25,-3.75
2025-05-27 21:00:00,10.94,14.57,51.25,-3.75,51.25,-3.75
2025-05-27 22:00:00,11.16,14.92,51.25,-3.75,51.25,-3.75
2025-05-27 23:00:00,11.03,14.91,51.25,-3.75,51.25,-3.75
2025-05-28 00:00:00,11.03,14.86,51.25,-3.75,51.25,-3.75
2025-05-28 01:00:00,11.44,15.53,51.25,-3.75,51.25,-3.75
2025-05-28 02:00:00,11.68,15.71,51.25,-3.75,51.25,-3.75
2025-05-28 03:00:00,12.13,16.14,51.25,-3.75,51.25,-3.75
2025-05-28 04:00:00,12.33,16.13,51.25,-3.75,51.25,-3.75
2025-05-28 05:00:00,11.62,15.57,51.25,-3.75,51.25,-3.75
2025-05-28 06:00:00,11.75,15.05,51.25,-3.75,51.25,-3.75
2025-05-28 07:00:00,11.61,14.78,51.25,-3.75,51.25,-3.75
2025-05-28 08:00:00,11.22,14.04,51.25,-3.75,51.25,-3.75
2025-05-28 09:00:00,10.28,12.95,51.25,-3.75,51.25,-3.75
2025-05-28 10:00:00,9.1,11.1,51.25,-3.75,51.25,-3.75
2025-05-28 11:00:00,8.75,10.57,51.25,-3.75,51.25,-3.75
2025-05-28 12:00:00,8.7,10.45,51.25,-3.75,51.25,-3.75
2025-05-28 13:00:00,8.35,9.82,51.25,-3.75,51.25,-3.75
2025-05-28 14:00:00,8.39,9.96,51.25,-3.75,51.25,-3.75
2025-05-28 15:00:00,8.16,9.76,51.25,-3.75,51.25,-3.75
2025-05-28 16:00:00,7.1,8.6,51.25,-3.75,51.25,-3.75
2025-05-28 17:00:00,7.25,8.95,51.25,-3.75,51.25,-3.75
2025-05-28 18:00:00,5.68,7.35,51.25,-3.75,51.25,-3.75
2025-05-28 19:00:00,5.79,7.58,51.25,-3.75,51.25,-3.75
2025-05-28 20:00:00,4.65,6.46,51.25,-3.75,51.25,-3.75
2025-05-28 21:00:00,4.92,6.89,51.25,-3.75,51.25,-3.75
2025-05-28 22:00:00,4.24,6.53,51.25,-3.75,51.25,-3.75
2025-05-28 23:00:00,4.93,7.27,51.25,-3.75,51.25,-3.75
2025-05-29 00:00:00,6.05,8.67,51.25,-3.75,51.25,-3.75
2025-05-29 01:00:00,7.56,10.73,51.25,-3.75,51.25,-3.75
2025-05-29 02:00:00,8.7,12.29,51.25,-3.75,51.25,-3.75
2025-05-29 03:00:00,9.39,12.96,51.25,-3.75,51.25,-3.75
2025-05-29 04:00:00,9.51,12.9,51.25,-3.75,51.25,-3.75
2025-05-29 05:00:00,9.48,12.73,51.25,-3.75,51.25,-3.75
2025-05-29 06:00:00,9.0,12.32,51.25,-3.75,51.25,-3.75
2025-05-29 07:00:00,9.81,13.27,51.25,-3.75,51.25,-3.75
2025-05-29 08:00:00,9.66,12.95,51.25,-3.75,51.25,-3.75
2025-05-29 09:00:00,9.64,12.92,51.25,-3.75,51.25,-3.75
2025-05-29 10:00:00,8.88,12.02,51.25,-3.75,51.25,-3.75
2025-05-29 11:00:00,9.01,12.25,51.25,-3.75,51.25,-3.75
2025-05-29 12:00:00,8.9,12.02,51.25,-3.75,51.25,-3.75
2025-05-29 13:00:00,8.96,12.09,51.25,-3.75,51.25,-3.75
2025-05-29 14:00:00,8.97,12.14,51.25,-3.75,51.25,-3.75
2025-05-29 15:00:00,8.72,11.85,51.25,-3.75,51.25,-3.75
2025-05-29 16:00:00,8.37,11.54,51.25,-3.75,51.25,-3.75
2025-05-29 17:00:00,8.31,11.41,51.25,-3.75,51.25,-3.75
2025-05-29 18:00:00,8.27,11.28,51.25,-3.75,51.25,-3.75
2025-05-29 19:00:00,8.5,11.58,51.25,-3.75,51.25,-3.75
2025-05-29 20:00:00,7.91,11.02,51.25,-3.75,51.25,-3.75
2025-05-29 21:00:00,7.42,10.4,51.25,-3.75,51.25,-3.75
2025-05-29 22:00:00,7.19,10.21,51.25,-3.75,51.25,-3.75
2025-05-29 23:00:00,6.91,9.68,51.25,-3.75,51.25,-3.75
2025-05-30 00:00:00,6.67,9.46,51.25,-3.75,51.25,-3.75
2025-05-30 01:00:00,6.53,9.17,51.25,-3.75,51.25,-3.75
2025-05-30 02:00:00,6.36,9.03,51.25,-3.75,51.25,-3.75
2025-05-30 03:00:00,6.35,9.0,51.25,-3.75,51.25,-3.75
2025-05-30 04:00:00,6.31,8.88,51.25,-3.75,51.25,-3.75
2025-05-30 05:00:00,6.35,8.89,51.25,-3.75,51.25,-3.75
2025-05-30 06:00:00,6.5,8.93,51.25,-3.75,51.25,-3.75
2025-05-30 07:00:00,6.06,8.23,51.25,-3.75,51.25,-3.75
2025-05-30 08:00:00,5.7,7.71,51.25,-3.75,51.25,-3.75
2025-05-30 09:00:00,5.76,7.87,51.25,-3.75,51.25,-3.75
2025-05-30 10:00:00,5.05,7.24,51.25,-3.75,51.25,-3.75
2025-05-30 11:00:00,5.09,7.31,51.25,-3.75,51.25,-3.75
2025-05-30 12:00:00,5.26,7.51,51.25,-3.75,51.25,-3.75
2025-05-30 13:00:00,5.4,7.73,51.25,-3.75,51.25,-3.75
2025-05-30 14:00:00,5.8,8.2,51.25,-3.75,51.25,-3.75
2025-05-30 15:00:00,5.92,8.36,51.25,-3.75,51.25,-3.75
2025-05-30 16:00:00,5.63,7.87,51.25,-3.75,51.25,-3.75
2025-05-30 17:00:00,5.32,7.56,51.25,-3.75,51.25,-3.75
2025-05-30 18:00:00,5.11,7.15,51.25,-3.75,51.25,-3.75
2025-05-30 19:00:00,4.21,6.25,51.25,-3.75,51.25,-3.75
2025-05-30 20:00:00,3.45,5.56,51.25,-3.75,51.25,-3.75
2025-05-30 21:00:00,3.24,5.16,51.25,-3.75,51.25,-3.75
2025-05-30 22:00:00,3.07,5.21,51.25,-3.75,51.25,-3.75
2025-05-30 23:00:00,3.46,5.01,51.25,-3.75,51.25,-3.75
2025-05-31 00:00:00,3.59,5.27,51.25,-3.75,51.25,-3.75
2025-05-31 01:00:00,3.53,5.69,51.25,-3.75,51.25,-3.75
2025-05-31 02:00:00,3.81,5.94,51.25,-3.75,51.25,-3.75
2025-05-31 03:00:00,3.79,6.0,51.25,-3.75,51.25,-3.75
2025-05-31 04:00:00,3.8,5.91,51.25,-3.75,51.25,-3.75
2025-05-31 05:00:00,3.94,5.86,51.25,-3.75,51.25,-3.75
2025-05-31 06:00:00,4.53,6.3,51.25,-3.75,51.25,-3.75
2025-05-31 07:00:00,5.06,6.86,51.25,-3.75,51.25,-3.75
2025-05-31 08:00:00,5.03,7.01,51.25,-3.75,51.25,-3.75
2025-05-31 09:00:00,5.15,7.36,51.25,-3.75,51.25,-3.75
2025-05-31 10:00:00,4.64,6.76,51.25,-3.75,51.25,-3.75
2025-05-31 11:00:00,4.39,6.37,51.25,-3.75,51.25,-3.75
2025-05-31 12:00:00,4.75,6.78,51.25,-3.75,51.25,-3.75
2025-05-31 13:00:00,5.7,7.8,51.25,-3.75,51.25,-3.75
2025-05-31 14:00:00,6.25,8.25,51.25,-3.75,51.25,-3.75
2025-05-31 15:00:00,6.3,8.1,51.25,-3.75,51.25,-3.75
2025-05-31 16:00:00,6.3,8.18,51.25,-3.75,51.25,-3.75
2025-05-31 17:00:00,7.37,9.2,51.25,-3.75,51.25,-3.75
2025-05-31 18:00:00,7.7,9.83,51.25,-3.75,51.25,-3.75
2025-05-31 19:00:00,7.49,9.87,51.25,-3.75,51.25,-3.75
2025-05-31 20:00:00,7.59,10.06,51.25,-3.75,51.25,-3.75
2025-05-31 21:00:00,7.31,9.63,51.25,-3.75,51.25,-3.75
2025-05-31 22:00:00,7.05,9.63,51.25,-3.75,51.25,-3.75
2025-05-31 23:00:00,7.38,9.98,51.25,-3.75,51.25,-3.75
2025-06-01 00:00:00,7.93,10.07,51.25,-3.75,51.25,-3.75
2025-06-01 01:00:00,7.8,9.68,51.25,-3.75,51.25,-3.75
2025-06-01 02:00:00,7.91,9.73,51.25,-3.75,51.25,-3.75
2025-06-01 03:00:00,7.99,9.86,51.25,-3.75,51.25,-3.75
2025-06-01 04:00:00,8.1,10.02,51.25,-3.75,51.25,-3.75
2025-06-01 05:00:00,7.89,9.77,51.25,-3.75,51.25,-3.75
2025-06-01 06:00:00,8.34,10.26,51.25,-3.75,51.25,-3.75
2025-06-01 07:00:00,9.15,11.19,51.25,-3.75,51.25,-3.75
2025-06-01 08:00:00,9.68,11.84,51.25,-3.75,51.25,-3.75
2025-06-01 09:00:00,9.67,11.88,51.25,-3.75,51.25,-3.75
2025-06-01 10:00:00,9.51,11.66,51.25,-3.75,51.25,-3.75
2025-06-01 11:00:00,9.28,11.43,51.25,-3.75,51.25,-3.75
2025-06-01 12:00:00,9.3,11.49,51.25,-3.75,51.25,-3.75
2025-06-01 13:00:00,9.36,11.65,51.25,-3.75,51.25,-3.75
2025-06-01 14:00:00,9.33,11.68,51.25,-3.75,51.25,-3.75
2025-06-01 15:00:00,9.36,11.55,51.25,-3.75,51.25,-3.75
2025-06-01 16:00:00,9.15,11.16,51.25,-3.75,51.25,-3.75
2025-06-01 17:00:00,8.65,10.35,51.25,-3.75,51.25,-3.75
2025-06-01 18:00:00,7.95,9.45,51.25,-3.75,51.25,-3.75
2025-06-01 19:00:00,7.52,9.31,51.25,-3.75,51.25,-3.75
2025-06-01 20:00:00,7.36,9.3,51.25,-3.75,51.25,-3.75
2025-06-01 21:00:00,6.52,8.79,51.25,-3.75,51.25,-3.75
2025-06-01 22:00:00,4.91,6.98,51.25,-3.75,51.25,-3.75
2025-06-01 23:00:00,5.23,7.29,51.25,-3.75,51.25,-3.75
2025-06-02 00:00:00,5.79,7.88,51.25,-3.75,51.25,-3.75
2025-06-02 01:00:00,5.93,7.65,51.25,-3.75,51.25,-3.75
2025-06-02 02:00:00,5.24,6.51,51.25,-3.75,51.25,-3.75
2025-06-02 03:00:00,4.45,5.5,51.25,-3.75,51.25,-3.75
2025-06-02 04:00:00,4.44,5.4,51.25,-3.75,51.25,-3.75
2025-06-02 05:00:00,4.67,5.53,51.25,-3.75,51.25,-3.75
2025-06-02 06:00:00,4.71,5.42,51.25,-3.75,51.25,-3.75
2025-06-02 07:00:00,4.31,4.81,51.25,-3.75,51.25,-3.75
2025-06-02 08:00:00,3.8,4.18,51.25,-3.75,51.25,-3.75
2025-06-02 09:00:00,3.85,4.21,51.25,-3.75,51.25,-3.75
2025-06-02 10:00:00,4.19,4.55,51.25,-3.75,51.25,-3.75
2025-06-02 11:00:00,4.71,5.15,51.25,-3.75,51.25,-3.75
2025-06-02 12:00:00,4.7,5.1,51.25,-3.75,51.25,-3.75
2025-06-02 13:00:00,4.5,4.91,51.25,-3.75,51.25,-3.75
2025-06-02 14:00:00,4.56,5.0,51.25,-3.75,51.25,-3.75
2025-06-02 15:00:00,5.23,5.77,51.25,-3.75,51.25,-3.75
2025-06-02 16:00:00,5.55,6.2,51.25,-3.75,51.25,-3.75
2025-06-02 17:00:00,4.95,5.66,51.25,-3.75,51.25,-3.75
2025-06-02 18:00:00,5.07,5.91,51.25,-3.75,51.25,-3.75
2025-06-02 19:00:00,5.3,6.4,51.25,-3.75,51.25,-3.75
2025-06-02 20:00:00,5.05,6.46,51.25,-3.75,51.25,-3.75
2025-06-02 21:00:00,6.12,7.89,51.25,-3.75,51.25,-3.75
2025-06-02 22:00:00,7.85,9.97,51.25,-3.75,51.25,-3.75
2025-06-02 23:00:00,8.71,11.0,51.25,-3.75,51.25,-3.75
2025-06-03 00:00:00,9.17,11.81,51.25,-3.75,51.25,-3.75
2025-06-03 01:00:00,9.86,12.99,51.25,-3.75,51.25,-3.75
2025-06-03 02:00:00,10.34,14.1,51.25,-3.75,51.25,-3.75
2025-06-03 03:00:00,10.56,14.7,51.25,-3.75,51.25,-3.75
2025-06-03 04:00:00,11.21,15.24,51.25,-3.75,51.25,-3.75
2025-06-03 05:00:00,10.93,15.23,51.25,-3.75,51.25,-3.75
2025-06-03 06:00:00,10.68,14.86,51.25,-3.75,51.25,-3.75
2025-06-03 07:00:00,10.92,14.31,51.25,-3.75,51.25,-3.75
2025-06-03 08:00:00,9.54,12.12,51.25,-3.75,51.25,-3.75
2025-06-03 09:00:00,8.84,11.01,51.25,-3.75,51.25,-3.75
2025-06-03 10:00:00,8.75,10.56,51.25,-3.75,51.25,-3.75
2025-06-03 11:00:00,9.3,11.0,51.25,-3.75,51.25,-3.75
2025-06-03 12:00:00,9.85,11.7,51.25,-3.75,51.25,-3.75
2025-06-03 13:00:00,9.77,11.63,51.25,-3.75,51.25,-3.75
2025-06-03 14:00:00,9.92,11.94,51.25,-3.75,51.25,-3.75
2025-06-03 15:00:00,10.08,12.21,51.25,-3.75,51.25,-3.75
2025-06-03 16:00:00,9.97,12.12,51.25,-3.75,51.25,-3.75
2025-06-03 17:00:00,9.72,11.81,51.25,-3.75,51.25,-3.75
2025-06-03 18:00:00,9.55,11.58,51.25,-3.75,51.25,-3.75
2025-06-03 19:00:00,9.43,11.51,51.25,-3.75,51.25,-3.75
2025-06-03 20:00:00,9.17,11.24,51.25,-3.75,51.25,-3.75
2025-06-03 21:00:00,8.79,10.81,51.25,-3.75,51.25,-3.75
2025-06-03 22:00:00,8.69,10.64,51.25,-3.75,51.25,-3.75
2025-06-03 23:00:00,8.85,10.75,51.25,-3.75,51.25,-3.75
2025-06-04 00:00:00,8.4,10.2,51.25,-3.75,51.25,-3.75
2025-06-04 01:00:00,7.61,9.16,51.25,-3.75,51.25,-3.75
2025-06-04 02:00:00,7.15,8.5,51.25,-3.75,51.25,-3.75
2025-06-04 03:00:00,6.5,7.65,51.25,-3.75,51.25,-3.75
2025-06-04 04:00:00,5.96,7.0,51.25,-3.75,51.25,-3.75
2025-06-04 05:00:00,5.87,6.97,51.25,-3.75,51.25,-3.75
2025-06-04 06:00:00,6.04,7.15,51.25,-3.75,51.25,-3.75
2025-06-04 07:00:00,6.36,7.32,51.25,-3.75,51.25,-3.75
2025-06-04 08:00:00,6.33,7.26,51.25,-3.75,51.25,-3.75
2025-06-04 09:00:00,6.66,7.65,51.25,-3.75,51.25,-3.75
2025-06-04 10:00:00,6.13,7.13,51.25,-3.75,51.25,-3.75
2025-06-04 11:00:00,6.4,7.39,51.25,-3.75,51.25,-3.75
2025-06-04 12:00:00,6.55,7.52,51.25,-3.75,51.25,-3.75
2025-06-04 13:00:00,7.19,8.34,51.25,-3.75,51.25,-3.75
2025-06-04 14:00:00,7.45,8.75,51.25,-3.75,51.25,-3.75
2025-06-04 15:00:00,7.55,8.8,51.25,-3.75,51.25,-3.75
2025-06-04 16:00:00,8.1,9.55,51.25,-3.75,51.25,-3.75
2025-06-04 17:00:00,7.58,8.94,51.25,-3.75,51.25,-3.75
2025-06-04 18:00:00,8.1,9.67,51.25,-3.75,51.25,-3.75
2025-06-04 19:00:00,7.92,9.64,51.25,-3.75,51.25,-3.75
2025-06-04 20:00:00,7.57,9.4,51.25,-3.75,51.25,-3.75
2025-06-04 21:00:00,7.94,10.02,51.25,-3.75,51.25,-3.75
2025-06-04 22:00:00,7.47,9.56,51.25,-3.75,51.25,-3.75
2025-06-04 23:00:00,7.71,9.67,51.25,-3.75,51.25,-3.75
2025-06-05 00:00:00,8.72,10.95,51.25,-3.75,51.25,-3.75
2025-06-05 01:00:00,9.03,11.33,51.25,-3.75,51.25,-3.75
2025-06-05 02:00:00,8.92,11.18,51.25,-3.75,51.25,-3.75
2025-06-05 03:00:00,9.66,11.92,51.25,-3.75,51.25,-3.75
2025-06-05 04:00:00,9.8,12.03,51.25,-3.75,51.25,-3.75
2025-06-05 05:00:00,8.92,10.86,51.25,-3.75,51.25,-3.75
2025-06-05 06:00:00,8.3,10.17,51.25,-3.75,51.25,-3.75
2025-06-05 07:00:00,7.64,9.44,51.25,-3.75,51.25,-3.75
2025-06-05 08:00:00,7.28,8.95,51.25,-3.75,51.25,-3.75
2025-06-05 09:00:00,7.31,8.87,51.25,-3.75,51.25,-3.75
2025-06-05 10:00:00,5.91,7.23,51.25,-3.75,51.25,-3.75
2025-06-05 11:00:00,5.75,7.07,51.25,-3.75,51.25,-3.75
2025-06-05 12:00:00,6.03,7.19,51.25,-3.75,51.25,-3.75
2025-06-05 13:00:00,7.52,8.94,51.25,-3.75,51.25,-3.75
2025-06-05 14:00:00,8.62,10.43,51.25,-3.75,51.25,-3.75
2025-06-05 15:00:00,9.31,11.21,51.25,-3.75,51.25,-3.75
2025-06-05 16:00:00,9.86,11.86,51.25,-3.75,51.25,-3.75
2025-06-05 17:00:00,9.36,11.31,51.25,-3.75,51.25,-3.75
2025-06-05 18:00:00,8.81,10.66,51.25,-3.75,51.25,-3.75
2025-06-05 19:00:00,8.98,10.83,51.25,-3.75,51.25,-3.75
2025-06-05 20:00:00,9.32,11.42,51.25,-3.75,51.25,-3.75
2025-06-05 21:00:00,9.35,11.67,51.25,-3.75,51.25,-3.75
2025-06-05 22:00:00,9.89,12.46,51.25,-3.75,51.25,-3.75
2025-06-05 23:00:00,9.69,12.07,51.25,-3.75,51.25,-3.75
2025-06-06 00:00:00,9.4,11.7,51.25,-3.75,51.25,-3.75
2025-06-06 01:00:00,9.35,11.65,51.25,-3.75,51.25,-3.75
2025-06-06 02:00:00,9.3,11.48,51.25,-3.75,51.25,-3.75
2025-06-06 03:00:00,9.16,11.24,51.25,-3.75,51.25,-3.75
2025-06-06 04:00:00,9.37,11.35,51.25,-3.75,51.25,-3.75
2025-06-06 05:00:00,9.2,11.15,51.25,-3.75,51.25,-3.75
2025-06-06 06:00:00,7.96,9.48,51.25,-3.75,51.25,-3.75
2025-06-06 07:00:00,7.85,9.18,51.25,-3.75,51.25,-3.75
2025-06-06 08:00:00,8.18,9.51,51.25,-3.75,51.25,-3.75
2025-06-06 09:00:00,8.35,9.63,51.25,-3.75,51.25,-3.75
2025-06-06 10:00:00,8.06,9.26,51.25,-3.75,51.25,-3.75
2025-06-06 11:00:00,8.33,9.54,51.25,-3.75,51.25,-3.75
2025-06-06 12:00:00,8.5,9.8,51.25,-3.75,51.25,-3.75
2025-06-06 13:00:00,8.46,9.77,51.25,-3.75,51.25,-3.75
2025-06-06 14:00:00,8.44,9.81,51.25,-3.75,51.25,-3.75
2025-06-06 15:00:00,8.34,9.73,51.25,-3.75,51.25,-3.75
2025-06-06 16:00:00,8.01,9.35,51.25,-3.75,51.25,-3.75
2025-06-06 17:00:00,7.22,8.39,51.25,-3.75,51.25,-3.75
2025-06-06 18:00:00,6.44,7.46,51.25,-3.75,51.25,-3.75
2025-06-06 19:00:00,6.03,7.03,51.25,-3.75,51.25,-3.75
2025-06-06 20:00:00,5.38,6.3,51.25,-3.75,51.25,-3.75
2025-06-06 21:00:00,4.83,5.72,51.25,-3.75,51.25,-3.75
2025-06-06 22:00:00,4.56,5.4,51.25,-3.75,51.25,-3.75
2025-06-06 23:00:00,5.15,6.02,51.25,-3.75,51.25,-3.75
2025-06-07 00:00:00,5.4,6.32,51.25,-3.75,51.25,-3.75
2025-06-07 01:00:00,5.82,6.79,51.25,-3.75,51.25,-3.75
2025-06-07 02:00:00,6.48,7.58,51.25,-3.75,51.25,-3.75
2025-06-07 03:00:00,7.24,8.44,51.25,-3.75,51.25,-3.75
2025-06-07 04:00:00,7.18,8.44,51.25,-3.75,51.25,-3.75
2025-06-07 05:00:00,7.54,8.76,51.25,-3.75,51.25,-3.75
2025-06-07 06:00:00,7.39,8.52,51.25,-3.75,51.25,-3.75
2025-06-07 07:00:00,6.39,7.6,51.25,-3.75,51.25,-3.75
2025-06-07 08:00:00,6.14,7.08,51.25,-3.75,51.25,-3.75
2025-06-07 09:00:00,5.97,6.88,51.25,-3.75,51.25,-3.75
2025-06-07 10:00:00,5.01,6.08,51.25,-3.75,51.25,-3.75
2025-06-07 11:00:00,5.86,7.11,51.25,-3.75,51.25,-3.75
2025-06-07 12:00:00,6.14,7.17,51.25,-3.75,51.25,-3.75
2025-06-07 13:00:00,6.16,7.21,51.25,-3.75,51.25,-3.75
2025-06-07 14:00:00,6.12,7.25,51.25,-3.75,51.25,-3.75
2025-06-07 15:00:00,6.62,7.7,51.25,-3.75,51.25,-3.75
2025-06-07 16:00:00,7.7,9.06,51.25,-3.75,51.25,-3.75
2025-06-07 17:00:00,9.06,10.85,51.25,-3.75,51.25,-3.75
2025-06-07 18:00:00,8.88,10.68,51.25,-3.75,51.25,-3.75
2025-06-07 19:00:00,8.66,10.46,51.25,-3.75,51.25,-3.75
2025-06-07 20:00:00,8.88,10.83,51.25,-3.75,51.25,-3.75
2025-06-07 21:00:00,8.11,9.86,51.25,-3.75,51.25,-3.75
2025-06-07 22:00:00,7.18,8.62,51.25,-3.75,51.25,-3.75
2025-06-07 23:00:00,7.53,9.11,51.25,-3.75,51.25,-3.75
2025-06-08 00:00:00,8.02,9.66,51.25,-3.75,51.25,-3.75
2025-06-08 01:00:00,7.86,9.44,51.25,-3.75,51.25,-3.75
2025-06-08 02:00:00,7.64,9.16,51.25,-3.75,51.25,-3.75
2025-06-08 03:00:00,7.42,8.95,51.25,-3.75,51.25,-3.75
2025-06-08 04:00:00,7.25,8.68,51.25,-3.75,51.25,-3.75
2025-06-08 05:00:00,6.98,8.27,51.25,-3.75,51.25,-3.75
2025-06-08 06:00:00,6.73,7.85,51.25,-3.75,51.25,-3.75
2025-06-08 07:00:00,6.75,7.77,51.25,-3.75,51.25,-3.75
2025-06-08 08:00:00,7.28,8.4,51.25,-3.75,51.25,-3.75
2025-06-08 09:00:00,7.76,8.92,51.25,-3.75,51.25,-3.75
2025-06-08 10:00:00,7.26,8.41,51.25,-3.75,51.25,-3.75
2025-06-08 11:00:00,7.25,8.5,51.25,-3.75,51.25,-3.75
2025-06-08 12:00:00,7.67,8.92,51.25,-3.75,51.25,-3.75
2025-06-08 13:00:00,8.45,9.96,51.25,-3.75,51.25,-3.75
2025-06-08 14:00:00,8.9,10.55,51.25,-3.75,51.25,-3.75
2025-06-08 15:00:00,8.72,10.48,51.25,-3.75,51.25,-3.75
2025-06-08 16:00:00,8.51,10.22,51.25,-3.75,51.25,-3.75
2025-06-08 17:00:00,8.67,10.48,51.25,-3.75,51.25,-3.75
2025-06-08 18:00:00,8.77,10.57,51.25,-3.75,51.25,-3.75
2025-06-08 19:00:00,8.68,10.53,51.25,-3.75,51.25,-3.75
2025-06-08 20:00:00,8.4,10.31,51.25,-3.75,51.25,-3.75
2025-06-08 21:00:00,8.36,10.27,51.25,-3.75,51.25,-3.75
2025-06-08 22:00:00,7.71,9.8,51.25,-3.75,51.25,-3.75
2025-06-08 23:00:00,7.86,9.84,51.25,-3.75,51.25,-3.75
2025-06-09 00:00:00,7.88,9.79,51.25,-3.75,51.25,-3.75
2025-06-09 01:00:00,7.6,9.4,51.25,-3.75,51.25,-3.75
2025-06-09 02:00:00,7.52,9.22,51.25,-3.75,51.25,-3.75
2025-06-09 03:00:00,7.45,9.1,51.25,-3.75,51.25,-3.75
2025-06-09 04:00:00,6.52,8.24,51.25,-3.75,51.25,-3.75
2025-06-09 05:00:00,5.86,7.12,51.25,-3.75,51.25,-3.75
2025-06-09 06:00:00,5.9,6.81,51.25,-3.75,51.25,-3.75
2025-06-09 07:00:00,5.55,6.35,51.25,-3.75,51.25,-3.75
2025-06-09 08:00:00,5.98,6.88,51.25,-3.75,51.25,-3.75
2025-06-09 09:00:00,6.1,7.06,51.25,-3.75,51.25,-3.75
2025-06-09 10:00:00,5.05,5.82,51.25,-3.75,51.25,-3.75
2025-06-09 11:00:00,5.28,6.11,51.25,-3.75,51.25,-3.75
2025-06-09 12:00:00,5.6,6.56,51.25,-3.75,51.25,-3.75
2025-06-09 13:00:00,5.95,6.95,51.25,-3.75,51.25,-3.75
2025-06-09 14:00:00,5.8,6.91,51.25,-3.75,51.25,-3.75
2025-06-09 15:00:00,5.91,7.19,51.25,-3.75,51.25,-3.75
2025-06-09 16:00:00,6.22,7.64,51.25,-3.75,51.25,-3.75
2025-06-09 17:00:00,6.68,8.32,51.25,-3.75,51.25,-3.75
2025-06-09 18:00:00,6.85,8.6,51.25,-3.75,51.25,-3.75
2025-06-09 19:00:00,7.24,9.04,51.25,-3.75,51.25,-3.75
2025-06-09 20:00:00,7.54,9.55,51.25,-3.75,51.25,-3.75
2025-06-09 21:00:00,7.95,10.24,51.25,-3.75,51.25,-3.75
2025-06-09 22:00:00,7.95,10.46,51.25,-3.75,51.25,-3.75
2025-06-09 23:00:00,9.64,12.29,51.25,-3.75,51.25,-3.75
2025-06-10 00:00:00,9.86,13.28,51.25,-3.75,51.25,-3.75
2025-06-10 01:00:00,10.35,13.83,51.25,-3.75,51.25,-3.75
2025-06-10 02:00:00,10.83,14.25,51.25,-3.75,51.25,-3.75
2025-06-10 03:00:00,10.65,14.07,51.25,-3.75,51.25,-3.75
2025-06-10 04:00:00,9.74,13.13,51.25,-3.75,51.25,-3.75
2025-06-10 05:00:00,9.66,12.85,51.25,-3.75,51.25,-3.75
2025-06-10 06:00:00,9.74,12.66,51.25,-3.75,51.25,-3.75
2025-06-10 07:00:00,8.9,12.21,51.25,-3.75,51.25,-3.75
2025-06-10 08:00:00,8.68,11.27,51.25,-3.75,51.25,-3.75
2025-06-10 09:00:00,8.57,10.77,51.25,-3.75,51.25,-3.75
2025-06-10 10:00:00,7.86,9.32,51.25,-3.75,51.25,-3.75
2025-06-10 11:00:00,7.29,8.5,51.25,-3.75,51.25,-3.75
2025-06-10 12:00:00,6.48,7.59,51.25,-3.75,51.25,-3.75
2025-06-10 13:00:00,5.7,6.65,51.25,-3.75,51.25,-3.75
2025-06-10 14:00:00,5.03,5.88,51.25,-3.75,51.25,-3.75
2025-06-10 15:00:00,4.83,5.65,51.25,-3.75,51.25,-3.75
2025-06-10 16:00:00,4.89,5.94,51.25,-3.75,51.25,-3.75
2025-06-10 17:00:00,5.22,6.5,51.25,-3.75,51.25,-3.75
2025-06-10 18:00:00,5.13,6.51,51.25,-3.75,51.25,-3.75
2025-06-10 19:00:00,4.94,6.28,51.25,-3.75,51.25,-3.75
2025-06-10 20:00:00,4.36,5.81,51.25,-3.75,51.25,-3.75
2025-06-10 21:00:00,3.65,5.01,51.25,-3.75,51.25,-3.75
2025-06-10 22:00:00,3.3,4.07,51.25,-3.75,51.25,-3.75
2025-06-10 23:00:00,3.01,3.48,51.25,-3.75,51.25,-3.75
2025-06-11 00:00:00,3.15,3.61,51.25,-3.75,51.25,-3.75
2025-06-11 01:00:00,2.59,3.05,51.25,-3.75,51.25,-3.75
2025-06-11 02:00:00,1.42,1.94,51.25,-3.75,51.25,-3.75
2025-06-11 03:00:00,1.07,0.73,51.25,-3.75,51.25,-3.75
2025-06-11 04:00:00,1.18,0.62,51.25,-3.75,51.25,-3.75
2025-06-11 05:00:00,1.12,1.46,51.25,-3.75,51.25,-3.75
2025-06-11 06:00:00,1.86,2.7,51.25,-3.75,51.25,-3.75
2025-06-11 07:00:00,2.48,3.39,51.25,-3.75,51.25,-3.75
2025-06-11 08:00:00,3.06,3.8,51.25,-3.75,51.25,-3.75
2025-06-11 09:00:00,3.79,4.64,51.25,-3.75,51.25,-3.75
2025-06-11 10:00:00,4.45,5.77,51.25,-3.75,51.25,-3.75
2025-06-11 11:00:00,4.48,6.23,51.25,-3.75,51.25,-3.75
2025-06-11 12:00:00,4.65,6.37,51.25,-3.75,51.25,-3.75
2025-06-11 13:00:00,5.59,7.53,51.25,-3.75,51.25,-3.75
2025-06-11 14:00:00,6.52,8.81,51.25,-3.75,51.25,-3.75
2025-06-11 15:00:00,6.83,9.28,51.25,-3.75,51.25,-3.75
2025-06-11 16:00:00,6.8,9.28,51.25,-3.75,51.25,-3.75
2025-06-11 17:00:00,6.6,9.12,51.25,-3.75,51.25,-3.75
2025-06-11 18:00:00,6.42,8.96,51.25,-3.75,51.25,-3.75
2025-06-11 19:00:00,6.19,9.03,51.25,-3.75,51.25,-3.75
2025-06-11 20:00:00,6.17,9.25,51.25,-3.75,51.25,-3.75
2025-06-11 21:00:00,6.06,9.39,51.25,-3.75,51.25,-3.75
2025-06-11 22:00:00,5.52,8.36,51.25,-3.75,51.25,-3.75
2025-06-11 23:00:00,6.03,9.28,51.25,-3.75,51.25,-3.75
2025-06-12 00:00:00,6.81,10.18,51.25,-3.75,51.25,-3.75
2025-06-12 01:00:00,6.88,9.95,51.25,-3.75,51.25,-3.75
2025-06-12 02:00:00,7.54,10.59,51.25,-3.75,51.25,-3.75
2025-06-12 03:00:00,7.77,10.87,51.25,-3.75,51.25,-3.75
2025-06-12 04:00:00,8.14,11.54,51.25,-3.75,51.25,-3.75
2025-06-12 05:00:00,8.65,12.28,51.25,-3.75,51.25,-3.75
2025-06-12 06:00:00,9.19,12.98,51.25,-3.75,51.25,-3.75
2025-06-12 07:00:00,8.63,12.05,51.25,-3.75,51.25,-3.75
2025-06-12 08:00:00,7.37,10.54,51.25,-3.75,51.25,-3.75
2025-06-12 09:00:00,5.95,8.57,51.25,-3.75,51.25,-3.75
2025-06-12 10:00:00,6.36,8.48,51.25,-3.75,51.25,-3.75
2025-06-12 11:00:00,7.0,9.28,51.25,-3.75,51.25,-3.75
2025-06-12 12:00:00,6.39,8.64,51.25,-3.75,51.25,-3.75
2025-06-12 13:00:00,6.53,8.86,51.25,-3.75,51.25,-3.75
2025-06-12 14:00:00,6.94,9.54,51.25,-3.75,51.25,-3.75
2025-06-12 15:00:00,6.63,9.66,51.25,-3.75,51.25,-3.75
2025-06-12 16:00:00,5.51,7.94,51.25,-3.75,51.25,-3.75
2025-06-12 17:00:00,5.62,7.86,51.25,-3.75,51.25,-3.75
2025-06-12 18:00:00,5.3,7.6,51.25,-3.75,51.25,-3.75
2025-06-12 19:00:00,6.15,8.95,51.25,-3.75,51.25,-3.75
2025-06-12 20:00:00,6.29,9.15,51.25,-3.75,51.25,-3.75
2025-06-12 21:00:00,6.43,9.3,51.25,-3.75,51.25,-3.75
2025-06-12 22:00:00,6.22,8.78,51.25,-3.75,51.25,-3.75
2025-06-12 23:00:00,6.36,8.92,51.25,-3.75,51.25,-3.75
2025-06-13 00:00:00,6.67,9.25,51.25,-3.75,51.25,-3.75
2025-06-13 01:00:00,7.46,10.25,51.25,-3.75,51.25,-3.75
2025-06-13 02:00:00,7.96,10.97,51.25,-3.75,51.25,-3.75
2025-06-13 03:00:00,7.8,10.7,51.25,-3.75,51.25,-3.75
2025-06-13 04:00:00,7.14,9.8,51.25,-3.75,51.25,-3.75
2025-06-13 05:00:00,6.58,9.04,51.25,-3.75,51.25,-3.75
2025-06-13 06:00:00,6.2,8.27,51.25,-3.75,51.25,-3.75
2025-06-13 07:00:00,6.29,7.98,51.25,-3.75,51.25,-3.75
2025-06-13 08:00:00,5.18,6.53,51.25,-3.75,51.25,-3.75
2025-06-13 09:00:00,3.65,4.92,51.25,-3.75,51.25,-3.75
2025-06-13 10:00:00,2.08,2.97,51.25,-3.75,51.25,-3.75
2025-06-13 11:00:00,1.49,2.44,51.25,-3.75,51.25,-3.75
2025-06-13 12:00:00,0.87,1.66,51.25,-3.75,51.25,-3.75
2025-06-13 13:00:00,0.56,0.28,51.25,-3.75,51.25,-3.75
2025-06-13 14:00:00,0.97,0.96,51.25,-3.75,51.25,-3.75
2025-06-13 15:00:00,1.05,1.05,51.25,-3.75,51.25,-3.75
2025-06-13 16:00:00,2.59,2.45,51.25,-3.75,51.25,-3.75
2025-06-13 17:00:00,3.01,3.3,51.25,-3.75,51.25,-3.75
2025-06-13 18:00:00,2.7,3.49,51.25,-3.75,51.25,-3.75
2025-06-13 19:00:00,2.66,3.83,51.25,-3.75,51.25,-3.75
2025-06-13 20:00:00,3.02,4.63,51.25,-3.75,51.25,-3.75
2025-06-13 21:00:00,3.09,5.1,51.25,-3.75,51.25,-3.75
2025-06-13 22:00:00,2.91,3.75,51.25,-3.75,51.25,-3.75
2025-06-13 23:00:00,1.96,2.91,51.25,-3.75,51.25,-3.75
2025-06-14 00:00:00,1.75,3.06,51.25,-3.75,51.25,-3.75
2025-06-14 01:00:00,2.5,4.21,51.25,-3.75,51.25,-3.75
2025-06-14 02:00:00,1.66,3.45,51.25,-3.75,51.25,-3.75
2025-06-14 03:00:00,2.75,3.95,51.25,-3.75,51.25,-3.75
2025-06-14 04:00:00,5.33,7.27,51.25,-3.75,51.25,-3.75
2025-06-14 05:00:00,6.93,8.77,51.25,-3.75,51.25,-3.75
2025-06-14 06:00:00,6.9,8.95,51.25,-3.75,51.25,-3.75
2025-06-14 07:00:00,6.8,8.56,51.25,-3.75,51.25,-3.75
2025-06-14 08:00:00,6.69,8.22,51.25,-3.75,51.25,-3.75
2025-06-14 09:00:00,6.7,8.08,51.25,-3.75,51.25,-3.75
2025-06-14 10:00:00,7.02,8.64,51.25,-3.75,51.25,-3.75
2025-06-14 11:00:00,6.74,8.19,51.25,-3.75,51.25,-3.75
2025-06-14 12:00:00,6.34,7.78,51.25,-3.75,51.25,-3.75
2025-06-14 13:00:00,6.8,8.47,51.25,-3.75,51.25,-3.75
2025-06-14 14:00:00,7.07,8.73,51.25,-3.75,51.25,-3.75
2025-06-14 15:00:00,7.0,8.8,51.25,-3.75,51.25,-3.75
2025-06-14 16:00:00,7.1,8.9,51.25,-3.75,51.25,-3.75
2025-06-14 17:00:00,7.19,9.08,51.25,-3.75,51.25,-3.75
2025-06-14 18:00:00,7.25,9.18,51.25,-3.75,51.25,-3.75
2025-06-14 19:00:00,7.04,9.03,51.25,-3.75,51.25,-3.75
2025-06-14 20:00:00,6.96,8.94,51.25,-3.75,51.25,-3.75
2025-06-14 21:00:00,6.42,8.45,51.25,-3.75,51.25,-3.75
2025-06-14 22:00:00,7.13,9.6,51.25,-3.75,51.25,-3.75
2025-06-14 23:00:00,8.02,10.17,51.25,-3.75,51.25,-3.75
2025-06-15 00:00:00,7.97,10.09,51.25,-3.75,51.25,-3.75
2025-06-15 01:00:00,7.67,9.56,51.25,-3.75,51.25,-3.75
2025-06-15 02:00:00,7.42,9.21,51.25,-3.75,51.25,-3.75
2025-06-15 03:00:00,6.91,8.65,51.25,-3.75,51.25,-3.75
2025-06-15 04:00:00,6.9,8.71,51.25,-3.75,51.25,-3.75
2025-06-15 05:00:00,6.65,8.48,51.25,-3.75,51.25,-3.75
2025-06-15 06:00:00,6.7,8.18,51.25,-3.75,51.25,-3.75
2025-06-15 07:00:00,6.25,7.4,51.25,-3.75,51.25,-3.75
2025-06-15 08:00:00,5.96,6.95,51.25,-3.75,51.25,-3.75
2025-06-15 09:00:00,6.27,7.28,51.25,-3.75,51.25,-3.75
2025-06-15 10:00:00,6.8,7.85,51.25,-3.75,51.25,-3.75
2025-06-15 11:00:00,7.25,8.5,51.25,-3.75,51.25,-3.75
2025-06-15 12:00:00,7.8,9.1,51.25,-3.75,51.25,-3.75
2025-06-15 13:00:00,8.0,9.4,51.25,-3.75,51.25,-3.75
2025-06-15 14:00:00,8.5,10.1,51.25,-3.75,51.25,-3.75
2025-06-15 15:00:00,8.45,10.05,51.25,-3.75,51.25,-3.75
2025-06-15 16:00:00,7.5,9.1,51.25,-3.75,51.25,-3.75
2025-06-15 17:00:00,7.2,8.7,51.25,-3.75,51.25,-3.75
2025-06-15 18:00:00,6.65,8.26,51.25,-3.75,51.25,-3.75
2025-06-15 19:00:00,6.25,7.86,51.25,-3.75,51.25,-3.75
2025-06-15 20:00:00,5.65,7.05,51.25,-3.75,51.25,-3.75
2025-06-15 21:00:00,5.37,6.85,51.25,-3.75,51.25,-3.75
2025-06-15 22:00:00,5.5,6.91,51.25,-3.75,51.25,-3.75
2025-06-15 23:00:00,5.45,6.67,51.25,-3.75,51.25,-3.75
2025-06-16 00:00:00,5.25,6.25,51.25,-3.75,51.25,-3.75
2025-06-16 01:00:00,4.89,5.84,51.25,-3.75,51.25,-3.75
2025-06-16 02:00:00,5.1,6.21,51.25,-3.75,51.25,-3.75
2025-06-16 03:00:00,5.39,6.79,51.25,-3.75,51.25,-3.75
2025-06-16 04:00:00,5.2,6.65,51.25,-3.75,51.25,-3.75
2025-06-16 05:00:00,5.02,6.41,51.25,-3.75,51.25,-3.75
2025-06-16 06:00:00,4.77,5.96,51.25,-3.75,51.25,-3.75
2025-06-16 07:00:00,4.82,5.63,51.25,-3.75,51.25,-3.75
2025-06-16 08:00:00,4.78,5.49,51.25,-3.75,51.25,-3.75
2025-06-16 09:00:00,5.01,5.71,51.25,-3.75,51.25,-3.75
2025-06-16 10:00:00,5.5,6.25,51.25,-3.75,51.25,-3.75
2025-06-16 11:00:00,4.83,5.42,51.25,-3.75,51.25,-3.75
2025-06-16 12:00:00,4.12,4.55,51.25,-3.75,51.25,-3.75
2025-06-16 13:00:00,4.0,4.37,51.25,-3.75,51.25,-3.75
2025-06-16 14:00:00,4.06,4.56,51.25,-3.75,51.25,-3.75
2025-06-16 15:00:00,4.36,5.01,51.25,-3.75,51.25,-3.75
2025-06-16 16:00:00,4.84,5.61,51.25,-3.75,51.25,-3.75
2025-06-16 17:00:00,4.97,5.9,51.25,-3.75,51.25,-3.75
2025-06-16 18:00:00,4.25,5.01,51.25,-3.75,51.25,-3.75
2025-06-16 19:00:00,4.25,5.01,51.25,-3.75,51.25,-3.75
2025-06-16 20:00:00,4.57,5.59,51.25,-3.75,51.25,-3.75
2025-06-16 21:00:00,3.78,4.89,51.25,-3.75,51.25,-3.75
2025-06-16 22:00:00,3.35,4.33,51.25,-3.75,51.25,-3.75
2025-06-16 23:00:00,3.51,4.45,51.25,-3.75,51.25,-3.75
2025-06-17 00:00:00,3.35,4.07,51.25,-3.75,51.25,-3.75
2025-06-17 01:00:00,3.04,3.76,51.25,-3.75,51.25,-3.75
2025-06-17 02:00:00,3.26,4.61,51.25,-3.75,51.25,-3.75
2025-06-17 03:00:00,3.53,5.01,51.25,-3.75,51.25,-3.75
2025-06-17 04:00:00,3.44,4.55,51.25,-3.75,51.25,-3.75
2025-06-17 05:00:00,3.47,4.43,51.25,-3.75,51.25,-3.75
2025-06-17 06:00:00,3.73,4.63,51.25,-3.75,51.25,-3.75
2025-06-17 07:00:00,3.98,4.79,51.25,-3.75,51.25,-3.75
2025-06-17 08:00:00,4.12,4.72,51.25,-3.75,51.25,-3.75
2025-06-17 09:00:00,4.86,5.52,51.25,-3.75,51.25,-3.75
2025-06-17 10:00:00,4.24,4.8,51.25,-3.75,51.25,-3.75
2025-06-17 11:00:00,4.44,4.98,51.25,-3.75,51.25,-3.75
2025-06-17 12:00:00,5.0,5.66,51.25,-3.75,51.25,-3.75
2025-06-17 13:00:00,5.61,6.44,51.25,-3.75,51.25,-3.75
2025-06-17 14:00:00,6.01,6.94,51.25,-3.75,51.25,-3.75
2025-06-17 15:00:00,6.21,7.19,51.25,-3.75,51.25,-3.75
2025-06-17 16:00:00,6.0,6.99,51.25,-3.75,51.25,-3.75
2025-06-17 17:00:00,5.82,6.87,51.25,-3.75,51.25,-3.75
2025-06-17 18:00:00,6.1,7.2,51.25,-3.75,51.25,-3.75
2025-06-17 19:00:00,6.35,7.6,51.25,-3.75,51.25,-3.75
2025-06-17 20:00:00,5.65,7.1,51.25,-3.75,51.25,-3.75
2025-06-17 21:00:00,5.25,6.5,51.25,-3.75,51.25,-3.75
2025-06-17 22:00:00,4.7,6.2,51.25,-3.75,51.25,-3.75
2025-06-17 23:00:00,4.75,6.11,51.25,-3.75,51.25,-3.75
2025-06-18 00:00:00,4.87,5.99,51.25,-3.75,51.25,-3.75
2025-06-18 01:00:00,4.83,5.84,51.25,-3.75,51.25,-3.75
2025-06-18 02:00:00,4.67,5.59,51.25,-3.75,51.25,-3.75
2025-06-18 03:00:00,3.82,4.5,51.25,-3.75,51.25,-3.75
2025-06-18 04:00:00,3.05,3.52,51.25,-3.75,51.25,-3.75
2025-06-18 05:00:00,2.91,3.05,51.25,-3.75,51.25,-3.75
2025-06-18 06:00:00,2.85,2.93,51.25,-3.75,51.25,-3.75
2025-06-18 07:00:00,2.75,2.85,51.25,-3.75,51.25,-3.75
2025-06-18 08:00:00,2.38,2.5,51.25,-3.75,51.25,-3.75
2025-06-18 09:00:00,2.15,2.21,51.25,-3.75,51.25,-3.75
2025-06-18 10:00:00,2.32,2.4,51.25,-3.75,51.25,-3.75
2025-06-18 11:00:00,2.67,2.76,51.25,-3.75,51.25,-3.75
2025-06-18 12:00:00,2.84,2.94,51.25,-3.75,51.25,-3.75
2025-06-18 13:00:00,3.18,3.3,51.25,-3.75,51.25,-3.75
2025-06-18 14:00:00,3.81,4.21,51.25,-3.75,51.25,-3.75
2025-06-18 15:00:00,3.61,4.09,51.25,-3.75,51.25,-3.75
2025-06-18 16:00:00,3.04,3.45,51.25,-3.75,51.25,-3.75
2025-06-18 17:00:00,2.73,3.16,51.25,-3.75,51.25,-3.75
2025-06-18 18:00:00,2.53,3.02,51.25,-3.75,51.25,-3.75
2025-06-18 19:00:00,2.31,2.95,51.25,-3.75,51.25,-3.75
2025-06-18 20:00:00,2.0,2.57,51.25,-3.75,51.25,-3.75
2025-06-18 21:00:00,1.75,2.2,51.25,-3.75,51.25,-3.75
2025-06-18 22:00:00,1.39,1.4,51.25,-3.75,51.25,-3.75
2025-06-18 23:00:00,0.59,1.32,51.25,-3.75,51.25,-3.75
2025-06-19 00:00:00,0.46,1.66,51.25,-3.75,51.25,-3.75
2025-06-19 01:00:00,1.3,2.13,51.25,-3.75,51.25,-3.75
2025-06-19 02:00:00,1.97,2.8,51.25,-3.75,51.25,-3.75
2025-06-19 03:00:00,2.51,3.62,51.25,-3.75,51.25,-3.75
2025-06-19 04:00:00,2.91,4.63,51.25,-3.75,51.25,-3.75
2025-06-19 05:00:00,3.63,5.89,51.25,-3.75,51.25,-3.75
2025-06-19 06:00:00,4.54,6.99,51.25,-3.75,51.25,-3.75
2025-06-19 07:00:00,5.08,7.43,51.25,-3.75,51.25,-3.75
2025-06-19 08:00:00,5.38,7.48,51.25,-3.75,51.25,-3.75
2025-06-19 09:00:00,5.34,7.35,51.25,-3.75,51.25,-3.75
2025-06-19 10:00:00,4.9,6.77,51.25,-3.75,51.25,-3.75
2025-06-19 11:00:00,4.63,6.35,51.25,-3.75,51.25,-3.75
2025-06-19 12:00:00,4.69,6.35,51.25,-3.75,51.25,-3.75
2025-06-19 13:00:00,5.0,6.75,51.25,-3.75,51.25,-3.75
2025-06-19 14:00:00,5.28,7.25,51.25,-3.75,51.25,-3.75
2025-06-19 15:00:00,5.44,7.54,51.25,-3.75,51.25,-3.75
2025-06-19 16:00:00,5.52,7.76,51.25,-3.75,51.25,-3.75
2025-06-19 17:00:00,5.13,7.71,51.25,-3.75,51.25,-3.75
2025-06-19 18:00:00,5.1,7.82,51.25,-3.75,51.25,-3.75
2025-06-19 19:00:00,5.3,8.2,51.25,-3.75,51.25,-3.75
2025-06-19 20:00:00,5.3,8.45,51.25,-3.75,51.25,-3.75
2025-06-19 21:00:00,5.3,8.7,51.25,-3.75,51.25,-3.75
2025-06-19 22:00:00,6.02,9.82,51.25,-3.75,51.25,-3.75
2025-06-19 23:00:00,6.11,9.94,51.25,-3.75,51.25,-3.75
2025-06-20 00:00:00,5.51,9.16,51.25,-3.75,51.25,-3.75
2025-06-20 01:00:00,4.9,8.5,51.25,-3.75,51.25,-3.75
2025-06-20 02:00:00,4.79,8.07,51.25,-3.75,51.25,-3.75
2025-06-20 03:00:00,4.95,8.02,51.25,-3.75,51.25,-3.75
2025-06-20 04:00:00,5.15,8.24,51.25,-3.75,51.25,-3.75
2025-06-20 05:00:00,5.78,8.94,51.25,-3.75,51.25,-3.75
2025-06-20 06:00:00,7.14,10.64,51.25,-3.75,51.25,-3.75
2025-06-20 07:00:00,8.11,11.92,51.25,-3.75,51.25,-3.75
2025-06-20 08:00:00,7.82,11.61,51.25,-3.75,51.25,-3.75
2025-06-20 09:00:00,7.17,10.26,51.25,-3.75,51.25,-3.75
2025-06-20 10:00:00,6.12,8.62,51.25,-3.75,51.25,-3.75
2025-06-20 11:00:00,6.51,8.88,51.25,-3.75,51.25,-3.75
2025-06-20 12:00:00,6.82,9.41,51.25,-3.75,51.25,-3.75
2025-06-20 13:00:00,6.59,9.14,51.25,-3.75,51.25,-3.75
2025-06-20 14:00:00,6.36,8.86,51.25,-3.75,51.25,-3.75
2025-06-20 15:00:00,6.18,8.76,51.25,-3.75,51.25,-3.75
2025-06-20 16:00:00,6.38,9.17,51.25,-3.75,51.25,-3.75
2025-06-20 17:00:00,6.53,9.61,51.25,-3.75,51.25,-3.75
2025-06-20 18:00:00,6.57,10.1,51.25,-3.75,51.25,-3.75
2025-06-20 19:00:00,7.24,10.95,51.25,-3.75,51.25,-3.75
2025-06-20 20:00:00,7.35,11.19,51.25,-3.75,51.25,-3.75
2025-06-20 21:00:00,7.29,11.2,51.25,-3.75,51.25,-3.75
2025-06-20 22:00:00,6.89,10.7,51.25,-3.75,51.25,-3.75
2025-06-20 23:00:00,7.09,11.03,51.25,-3.75,51.25,-3.75
2025-06-21 00:00:00,7.2,11.22,51.25,-3.75,51.25,-3.75
2025-06-21 01:00:00,6.83,10.69,51.25,-3.75,51.25,-3.75
2025-06-21 02:00:00,6.44,10.18,51.25,-3.75,51.25,-3.75
2025-06-21 03:00:00,5.87,9.37,51.25,-3.75,51.25,-3.75
2025-06-21 04:00:00,6.02,9.21,51.25,-3.75,51.25,-3.75
2025-06-21 05:00:00,5.94,8.99,51.25,-3.75,51.25,-3.75
2025-06-21 06:00:00,5.79,8.66,51.25,-3.75,51.25,-3.75
2025-06-21 07:00:00,5.51,8.13,51.25,-3.75,51.25,-3.75
2025-06-21 08:00:00,5.42,7.86,51.25,-3.75,51.25,-3.75
2025-06-21 09:00:00,5.01,7.34,51.25,-3.75,51.25,-3.75
2025-06-21 10:00:00,2.4,4.21,51.25,-3.75,51.25,-3.75
2025-06-21 11:00:00,0.63,1.1,51.25,-3.75,51.25,-3.75
2025-06-21 12:00:00,1.57,1.88,51.25,-3.75,51.25,-3.75
2025-06-21 13:00:00,0.47,1.52,51.25,-3.75,51.25,-3.75
2025-06-21 14:00:00,0.72,2.03,51.25,-3.75,51.25,-3.75
2025-06-21 15:00:00,1.68,2.65,51.25,-3.75,51.25,-3.75
2025-06-21 16:00:00,2.66,3.78,51.25,-3.75,51.25,-3.75
2025-06-21 17:00:00,4.05,4.99,51.25,-3.75,51.25,-3.75
2025-06-21 18:00:00,7.36,9.95,51.25,-3.75,51.25,-3.75
2025-06-21 19:00:00,8.2,10.93,51.25,-3.75,51.25,-3.75
2025-06-21 20:00:00,6.96,8.79,51.25,-3.75,51.25,-3.75
2025-06-21 21:00:00,6.52,8.31,51.25,-3.75,51.25,-3.75
2025-06-21 22:00:00,6.78,8.69,51.25,-3.75,51.25,-3.75
2025-06-21 23:00:00,6.36,8.61,51.25,-3.75,51.25,-3.75
2025-06-22 00:00:00,5.86,8.08,51.25,-3.75,51.25,-3.75
2025-06-22 01:00:00,6.22,8.32,51.25,-3.75,51.25,-3.75
2025-06-22 02:00:00,6.4,8.68,51.25,-3.75,51.25,-3.75
2025-06-22 03:00:00,6.48,8.98,51.25,-3.75,51.25,-3.75
2025-06-22 04:00:00,6.82,9.3,51.25,-3.75,51.25,-3.75
2025-06-22 05:00:00,6.9,9.29,51.25,-3.75,51.25,-3.75
2025-06-22 06:00:00,7.39,9.7,51.25,-3.75,51.25,-3.75
2025-06-22 07:00:00,7.91,10.33,51.25,-3.75,51.25,-3.75
2025-06-22 08:00:00,8.13,10.64,51.25,-3.75,51.25,-3.75
2025-06-22 09:00:00,8.26,10.79,51.25,-3.75,51.25,-3.75
2025-06-22 10:00:00,7.72,10.32,51.25,-3.75,51.25,-3.75
2025-06-22 11:00:00,7.6,9.85,51.25,-3.75,51.25,-3.75
2025-06-22 12:00:00,7.4,9.63,51.25,-3.75,51.25,-3.75
2025-06-22 13:00:00,7.56,10.03,51.25,-3.75,51.25,-3.75
2025-06-22 14:00:00,8.14,10.72,51.25,-3.75,51.25,-3.75
2025-06-22 15:00:00,9.09,11.96,51.25,-3.75,51.25,-3.75
2025-06-22 16:00:00,9.78,12.82,51.25,-3.75,51.25,-3.75
2025-06-22 17:00:00,10.05,13.21,51.25,-3.75,51.25,-3.75
2025-06-22 18:00:00,10.07,13.4,51.25,-3.75,51.25,-3.75
2025-06-22 19:00:00,10.29,13.49,51.25,-3.75,51.25,-3.75
2025-06-22 20:00:00,10.84,14.09,51.25,-3.75,51.25,-3.75
2025-06-22 21:00:00,10.49,14.05,51.25,-3.75,51.25,-3.75
2025-06-22 22:00:00,11.29,14.93,51.25,-3.75,51.25,-3.75
2025-06-22 23:00:00,11.71,15.29,51.25,-3.75,51.25,-3.75
2025-06-23 00:00:00,10.43,14.46,51.25,-3.75,51.25,-3.75
2025-06-23 01:00:00,9.9,13.17,51.25,-3.75,51.25,-3.75
2025-06-23 02:00:00,9.86,12.33,51.25,-3.75,51.25,-3.75
2025-06-23 03:00:00,9.76,12.08,51.25,-3.75,51.25,-3.75
2025-06-23 04:00:00,10.34,12.71,51.25,-3.75,51.25,-3.75
2025-06-23 05:00:00,10.58,13.02,51.25,-3.75,51.25,-3.75
2025-06-23 06:00:00,10.88,13.25,51.25,-3.75,51.25,-3.75
2025-06-23 07:00:00,10.59,12.76,51.25,-3.75,51.25,-3.75
2025-06-23 08:00:00,10.28,12.32,51.25,-3.75,51.25,-3.75
2025-06-23 09:00:00,9.85,11.76,51.25,-3.75,51.25,-3.75
2025-06-23 10:00:00,8.42,9.71,51.25,-3.75,51.25,-3.75
2025-06-23 11:00:00,8.33,9.64,51.25,-3.75,51.25,-3.75
2025-06-23 12:00:00,8.59,9.9,51.25,-3.75,51.25,-3.75
2025-06-23 13:00:00,8.82,10.27,51.25,-3.75,51.25,-3.75
2025-06-23 14:00:00,8.97,10.47,51.25,-3.75,51.25,-3.75
2025-06-23 15:00:00,9.02,10.62,51.25,-3.75,51.25,-3.75
2025-06-23 16:00:00,9.1,10.75,51.25,-3.75,51.25,-3.75
2025-06-23 17:00:00,9.3,11.05,51.25,-3.75,51.25,-3.75
2025-06-23 18:00:00,9.4,11.2,51.25,-3.75,51.25,-3.75
2025-06-23 19:00:00,8.8,10.6,51.25,-3.75,51.25,-3.75
2025-06-23 20:00:00,8.55,10.4,51.25,-3.75,51.25,-3.75
2025-06-23 21:00:00,8.37,10.23,51.25,-3.75,51.25,-3.75
2025-06-23 22:00:00,9.8,11.79,51.25,-3.75,51.25,-3.75
2025-06-23 23:00:00,9.96,12.35,51.25,-3.75,51.25,-3.75
2025-06-24 00:00:00,9.59,12.07,51.25,-3.75,51.25,-3.75
2025-06-24 01:00:00,9.82,12.48,51.25,-3.75,51.25,-3.75
2025-06-24 02:00:00,9.17,12.3,51.25,-3.75,51.25,-3.75
2025-06-24 03:00:00,9.48,12.74,51.25,-3.75,51.25,-3.75
2025-06-24 04:00:00,10.73,14.09,51.25,-3.75,51.25,-3.75
2025-06-24 05:00:00,10.62,14.09,51.25,-3.75,51.25,-3.75
2025-06-24 06:00:00,10.25,13.24,51.25,-3.75,51.25,-3.75
2025-06-24 07:00:00,9.78,12.56,51.25,-3.75,51.25,-3.75
2025-06-24 08:00:00,9.53,12.17,51.25,-3.75,51.25,-3.75
2025-06-24 09:00:00,9.37,12.08,51.25,-3.75,51.25,-3.75
2025-06-24 10:00:00,8.55,11.5,51.25,-3.75,51.25,-3.75
2025-06-24 11:00:00,8.56,11.29,51.25,-3.75,51.25,-3.75
2025-06-24 12:00:00,8.25,10.76,51.25,-3.75,51.25,-3.75
2025-06-24 13:00:00,8.25,10.56,51.25,-3.75,51.25,-3.75
2025-06-24 14:00:00,8.1,10.62,51.25,-3.75,51.25,-3.75
2025-06-24 15:00:00,8.27,10.73,51.25,-3.75,51.25,-3.75
2025-06-24 16:00:00,8.09,10.5,51.25,-3.75,51.25,-3.75
2025-06-24 17:00:00,7.77,10.23,51.25,-3.75,51.25,-3.75
2025-06-24 18:00:00,7.29,9.76,51.25,-3.75,51.25,-3.75
2025-06-24 19:00:00,7.33,9.86,51.25,-3.75,51.25,-3.75
2025-06-24 20:00:00,7.42,9.98,51.25,-3.75,51.25,-3.75
2025-06-24 21:00:00,7.23,9.68,51.25,-3.75,51.25,-3.75
2025-06-24 22:00:00,6.09,8.72,51.25,-3.75,51.25,-3.75
2025-06-24 23:00:00,6.37,8.88,51.25,-3.75,51.25,-3.75
2025-06-25 00:00:00,6.65,9.08,51.25,-3.75,51.25,-3.75
2025-06-25 01:00:00,6.77,9.0,51.25,-3.75,51.25,-3.75
2025-06-25 02:00:00,6.43,8.62,51.25,-3.75,51.25,-3.75
2025-06-25 03:00:00,5.91,8.15,51.25,-3.75,51.25,-3.75
2025-06-25 04:00:00,5.51,7.62,51.25,-3.75,51.25,-3.75
2025-06-25 05:00:00,5.19,6.88,51.25,-3.75,51.25,-3.75
2025-06-25 06:00:00,4.67,6.47,51.25,-3.75,51.25,-3.75
2025-06-25 07:00:00,4.28,5.8,51.25,-3.75,51.25,-3.75
2025-06-25 08:00:00,3.65,5.06,51.25,-3.75,51.25,-3.75
2025-06-25 09:00:00,2.99,4.19,51.25,-3.75,51.25,-3.75
2025-06-25 10:00:00,2.73,3.7,51.25,-3.75,51.25,-3.75
2025-06-25 11:00:00,2.15,3.06,51.25,-3.75,51.25,-3.75
2025-06-25 12:00:00,1.96,2.75,51.25,-3.75,51.25,-3.75
2025-06-25 13:00:00,1.47,2.18,51.25,-3.75,51.25,-3.75
2025-06-25 14:00:00,1.55,2.16,51.25,-3.75,51.25,-3.75
2025-06-25 15:00:00,1.97,2.65,51.25,-3.75,51.25,-3.75
2025-06-25 16:00:00,2.33,3.1,51.25,-3.75,51.25,-3.75
2025-06-25 17:00:00,2.55,3.6,51.25,-3.75,51.25,-3.75
2025-06-25 18:00:00,2.38,3.64,51.25,-3.75,51.25,-3.75
2025-06-25 19:00:00,2.29,3.81,51.25,-3.75,51.25,-3.75
2025-06-25 20:00:00,2.1,3.61,51.25,-3.75,51.25,-3.75
2025-06-25 21:00:00,2.35,3.89,51.25,-3.75,51.25,-3.75
2025-06-25 22:00:00,3.32,5.25,51.25,-3.75,51.25,-3.75
2025-06-25 23:00:00,3.61,5.38,51.25,-3.75,51.25,-3.75
2025-06-26 00:00:00,4.88,7.07,51.25,-3.75,51.25,-3.75
2025-06-26 01:00:00,5.59,7.92,51.25,-3.75,51.25,-3.75
2025-06-26 02:00:00,6.17,8.43,51.25,-3.75,51.25,-3.75
2025-06-26 03:00:00,6.65,8.89,51.25,-3.75,51.25,-3.75
2025-06-26 04:00:00,6.93,9.43,51.25,-3.75,51.25,-3.75
2025-06-26 05:00:00,7.64,10.23,51.25,-3.75,51.25,-3.75
2025-06-26 06:00:00,8.52,11.51,51.25,-3.75,51.25,-3.75
2025-06-26 07:00:00,9.66,12.98,51.25,-3.75,51.25,-3.75
2025-06-26 08:00:00,10.46,13.25,51.25,-3.75,51.25,-3.75
2025-06-26 09:00:00,11.08,13.72,51.25,-3.75,51.25,-3.75
2025-06-26 10:00:00,8.96,11.36,51.25,-3.75,51.25,-3.75
2025-06-26 11:00:00,9.43,11.62,51.25,-3.75,51.25,-3.75
2025-06-26 12:00:00,9.55,11.55,51.25,-3.75,51.25,-3.75
2025-06-26 13:00:00,8.95,10.7,51.25,-3.75,51.25,-3.75
2025-06-26 14:00:00,8.87,10.47,51.25,-3.75,51.25,-3.75
2025-06-26 15:00:00,8.96,10.61,51.25,-3.75,51.25,-3.75
2025-06-26 16:00:00,8.46,10.06,51.25,-3.75,51.25,-3.75
2025-06-26 17:00:00,8.41,10.02,51.25,-3.75,51.25,-3.75
2025-06-26 18:00:00,7.92,9.43,51.25,-3.75,51.25,-3.75
2025-06-26 19:00:00,7.18,8.59,51.25,-3.75,51.25,-3.75
2025-06-26 20:00:00,6.47,7.84,51.25,-3.75,51.25,-3.75
2025-06-26 21:00:00,5.66,6.92,51.25,-3.75,51.25,-3.75
2025-06-26 22:00:00,4.82,6.05,51.25,-3.75,51.25,-3.75
2025-06-26 23:00:00,3.87,5.02,51.25,-3.75,51.25,-3.75
2025-06-27 00:00:00,2.75,3.97,51.25,-3.75,51.25,-3.75
2025-06-27 01:00:00,3.76,5.48,51.25,-3.75,51.25,-3.75
2025-06-27 02:00:00,4.52,6.59,51.25,-3.75,51.25,-3.75
2025-06-27 03:00:00,4.72,7.02,51.25,-3.75,51.25,-3.75
2025-06-27 04:00:00,4.45,6.68,51.25,-3.75,51.25,-3.75
2025-06-27 05:00:00,5.15,7.14,51.25,-3.75,51.25,-3.75
2025-06-27 06:00:00,5.51,7.5,51.25,-3.75,51.25,-3.75
2025-06-27 07:00:00,5.76,7.65,51.25,-3.75,51.25,-3.75
2025-06-27 08:00:00,5.88,8.11,51.25,-3.75,51.25,-3.75
2025-06-27 09:00:00,5.8,8.17,51.25,-3.75,51.25,-3.75
2025-06-27 10:00:00,4.87,6.98,51.25,-3.75,51.25,-3.75
2025-06-27 11:00:00,5.67,7.99,51.25,-3.75,51.25,-3.75
2025-06-27 12:00:00,5.88,8.18,51.25,-3.75,51.25,-3.75
2025-06-27 13:00:00,6.15,8.54,51.25,-3.75,51.25,-3.75
2025-06-27 14:00:00,6.84,9.49,51.25,-3.75,51.25,-3.75
2025-06-27 15:00:00,7.33,10.17,51.25,-3.75,51.25,-3.75
2025-06-27 16:00:00,7.64,10.62,51.25,-3.75,51.25,-3.75
2025-06-27 17:00:00,7.7,10.87,51.25,-3.75,51.25,-3.75
2025-06-27 18:00:00,7.74,10.97,51.25,-3.75,51.25,-3.75
2025-06-27 19:00:00,7.63,10.97,51.25,-3.75,51.25,-3.75
2025-06-27 20:00:00,7.34,10.88,51.25,-3.75,51.25,-3.75
2025-06-27 21:00:00,7.57,10.86,51.25,-3.75,51.25,-3.75
2025-06-27 22:00:00,7.96,11.22,51.25,-3.75,51.25,-3.75
2025-06-27 23:00:00,8.0,11.31,51.25,-3.75,51.25,-3.75
2025-06-28 00:00:00,7.68,11.03,51.25,-3.75,51.25,-3.75
2025-06-28 01:00:00,7.64,10.88,51.25,-3.75,51.25,-3.75
2025-06-28 02:00:00,7.64,10.89,51.25,-3.75,51.25,-3.75
2025-06-28 03:00:00,7.48,10.72,51.25,-3.75,51.25,-3.75
2025-06-28 04:00:00,7.35,10.56,51.25,-3.75,51.25,-3.75
2025-06-28 05:00:00,7.5,10.39,51.25,-3.75,51.25,-3.75
2025-06-28 06:00:00,7.39,10.28,51.25,-3.75,51.25,-3.75
2025-06-28 07:00:00,7.12,9.94,51.25,-3.75,51.25,-3.75
2025-06-28 08:00:00,7.08,9.64,51.25,-3.75,51.25,-3.75
2025-06-28 09:00:00,6.91,9.71,51.25,-3.75,51.25,-3.75
2025-06-28 10:00:00,6.63,9.14,51.25,-3.75,51.25,-3.75
2025-06-28 11:00:00,6.5,8.95,51.25,-3.75,51.25,-3.75
2025-06-28 12:00:00,6.38,8.8,51.25,-3.75,51.25,-3.75
2025-06-28 13:00:00,6.24,8.57,51.25,-3.75,51.25,-3.75
2025-06-28 14:00:00,6.3,8.56,51.25,-3.75,51.25,-3.75
2025-06-28 15:00:00,6.93,9.41,51.25,-3.75,51.25,-3.75
2025-06-28 16:00:00,7.09,9.55,51.25,-3.75,51.25,-3.75
2025-06-28 17:00:00,7.03,9.51,51.25,-3.75,51.25,-3.75
2025-06-28 18:00:00,7.0,9.45,51.25,-3.75,51.25,-3.75
2025-06-28 19:00:00,6.56,9.02,51.25,-3.75,51.25,-3.75
2025-06-28 20:00:00,6.24,8.65,51.25,-3.75,51.25,-3.75
2025-06-28 21:00:00,5.85,8.15,51.25,-3.75,51.25,-3.75
2025-06-28 22:00:00,5.55,7.72,51.25,-3.75,51.25,-3.75
2025-06-28 23:00:00,5.36,7.48,51.25,-3.75,51.25,-3.75
2025-06-29 00:00:00,5.11,7.22,51.25,-3.75,51.25,-3.75
2025-06-29 01:00:00,4.95,6.9,51.25,-3.75,51.25,-3.75
2025-06-29 02:00:00,4.92,6.82,51.25,-3.75,51.25,-3.75
2025-06-29 03:00:00,4.71,6.69,51.25,-3.75,51.25,-3.75
2025-06-29 04:00:00,4.48,6.39,51.25,-3.75,51.25,-3.75
2025-06-29 05:00:00,4.34,6.11,51.25,-3.75,51.25,-3.75
2025-06-29 06:00:00,4.27,5.85,51.25,-3.75,51.25,-3.75
2025-06-29 07:00:00,3.87,5.23,51.25,-3.75,51.25,-3.75
2025-06-29 08:00:00,3.09,4.31,51.25,-3.75,51.25,-3.75
2025-06-29 09:00:00,2.57,3.65,51.25,-3.75,51.25,-3.75
2025-06-29 10:00:00,2.14,2.94,51.25,-3.75,51.25,-3.75
2025-06-29 11:00:00,1.66,2.41,51.25,-3.75,51.25,-3.75
2025-06-29 12:00:00,1.59,2.1,51.25,-3.75,51.25,-3.75
2025-06-29 13:00:00,1.74,2.04,51.25,-3.75,51.25,-3.75
2025-06-29 14:00:00,1.95,2.12,51.25,-3.75,51.25,-3.75
2025-06-29 15:00:00,2.4,2.45,51.25,-3.75,51.25,-3.75
2025-06-29 16:00:00,2.92,3.04,51.25,-3.75,51.25,-3.75
2025-06-29 17:00:00,3.01,3.29,51.25,-3.75,51.25,-3.75
2025-06-29 18:00:00,2.85,3.26,51.25,-3.75,51.25,-3.75
2025-06-29 19:00:00,2.56,2.93,51.25,-3.75,51.25,-3.75
2025-06-29 20:00:00,2.2,2.72,51.25,-3.75,51.25,-3.75
2025-06-29 21:00:00,1.7,2.12,51.25,-3.75,51.25,-3.75
2025-06-29 22:00:00,1.17,0.7,51.25,-3.75,51.25,-3.75
2025-06-29 23:00:00,2.17,1.63,51.25,-3.75,51.25,-3.75
2025-06-30 00:00:00,2.24,2.5,51.25,-3.75,51.25,-3.75
2025-06-30 01:00:00,1.53,2.03,51.25,-3.75,51.25,-3.75
2025-06-30 02:00:00,0.78,1.35,51.25,-3.75,51.25,-3.75
2025-06-30 03:00:00,0.43,0.82,51.25,-3.75,51.25,-3.75
2025-06-30 04:00:00,0.3,0.92,51.25,-3.75,51.25,-3.75
2025-06-30 05:00:00,1.03,1.82,51.25,-3.75,51.25,-3.75
2025-06-30 06:00:00,1.63,2.21,51.25,-3.75,51.25,-3.75
2025-06-30 07:00:00,2.09,2.62,51.25,-3.75,51.25,-3.75
2025-06-30 08:00:00,3.44,4.31,51.25,-3.75,51.25,-3.75
2025-06-30 09:00:00,4.21,5.87,51.25,-3.75,51.25,-3.75
2025-06-30 10:00:00,3.34,4.74,51.25,-3.75,51.25,-3.75
2025-06-30 11:00:00,2.3,3.58,51.25,-3.75,51.25,-3.75
2025-06-30 12:00:00,1.17,2.45,51.25,-3.75,51.25,-3.75
2025-06-30 13:00:00,0.32,1.5,51.25,-3.75,51.25,-3.75
2025-06-30 14:00:00,0.46,0.85,51.25,-3.75,51.25,-3.75
2025-06-30 15:00:00,1.4,1.36,51.25,-3.75,51.25,-3.75
2025-06-30 16:00:00,2.46,2.41,51.25,-3.75,51.25,-3.75
2025-06-30 17:00:00,3.31,3.65,51.25,-3.75,51.25,-3.75
2025-06-30 18:00:00,4.07,4.98,51.25,-3.75,51.25,-3.75
2025-06-30 19:00:00,3.91,5.19,51.25,-3.75,51.25,-3.75
2025-06-30 20:00:00,3.82,5.38,51.25,-3.75,51.25,-3.75
2025-06-30 21:00:00,3.93,5.57,51.25,-3.75,51.25,-3.75
2025-06-30 22:00:00,4.36,5.83,51.25,-3.75,51.25,-3.75
2025-06-30 23:00:00,4.52,6.2,51.25,-3.75,51.25,-3.75
2025-07-01 00:00:00,5.06,6.73,51.25,-3.75,51.25,-3.75
2025-07-01 01:00:00,5.07,6.91,51.25,-3.75,51.25,-3.75
2025-07-01 02:00:00,4.08,5.26,51.25,-3.75,51.25,-3.75
2025-07-01 03:00:00,3.81,4.74,51.25,-3.75,51.25,-3.75
2025-07-01 04:00:00,4.25,5.3,51.25,-3.75,51.25,-3.75
2025-07-01 05:00:00,4.43,5.52,51.25,-3.75,51.25,-3.75
2025-07-01 06:00:00,4.23,5.07,51.25,-3.75,51.25,-3.75
2025-07-01 07:00:00,3.92,4.57,51.25,-3.75,51.25,-3.75
2025-07-01 08:00:00,3.21,3.66,51.25,-3.75,51.25,-3.75
2025-07-01 09:00:00,3.53,3.98,51.25,-3.75,51.25,-3.75
2025-07-01 10:00:00,3.76,4.1,51.25,-3.75,51.25,-3.75
2025-07-01 11:00:00,3.97,4.35,51.25,-3.75,51.25,-3.75
2025-07-01 12:00:00,4.76,5.49,51.25,-3.75,51.25,-3.75
2025-07-01 13:00:00,5.64,6.96,51.25,-3.75,51.25,-3.75
2025-07-01 14:00:00,6.23,7.97,51.25,-3.75,51.25,-3.75
2025-07-01 15:00:00,6.25,8.11,51.25,-3.75,51.25,-3.75
2025-07-01 16:00:00,6.14,7.87,51.25,-3.75,51.25,-3.75
2025-07-01 17:00:00,5.58,7.21,51.25,-3.75,51.25,-3.75
2025-07-01 18:00:00,5.39,7.05,51.25,-3.75,51.25,-3.75
2025-07-01 19:00:00,5.51,7.26,51.25,-3.75,51.25,-3.75
2025-07-01 20:00:00,5.6,7.59,51.25,-3.75,51.25,-3.75
2025-07-01 21:00:00,5.31,7.14,51.25,-3.75,51.25,-3.75
2025-07-01 22:00:00,4.94,6.4,51.25,-3.75,51.25,-3.75
2025-07-01 23:00:00,5.27,6.53,51.25,-3.75,51.25,-3.75
2025-07-02 00:00:00,5.37,6.78,51.25,-3.75,51.25,-3.75
2025-07-02 01:00:00,5.7,7.18,51.25,-3.75,51.25,-3.75
2025-07-02 02:00:00,5.95,7.35,51.25,-3.75,51.25,-3.75
2025-07-02 03:00:00,6.51,7.66,51.25,-3.75,51.25,-3.75
2025-07-02 04:00:00,7.13,8.52,51.25,-3.75,51.25,-3.75
2025-07-02 05:00:00,7.3,8.66,51.25,-3.75,51.25,-3.75
2025-07-02 06:00:00,7.18,8.44,51.25,-3.75,51.25,-3.75
2025-07-02 07:00:00,7.23,8.48,51.25,-3.75,51.25,-3.75
2025-07-02 08:00:00,7.28,8.42,51.25,-3.75,51.25,-3.75
2025-07-02 09:00:00,7.4,8.6,51.25,-3.75,51.25,-3.75
2025-07-02 10:00:00,7.09,8.1,51.25,-3.75,51.25,-3.75
2025-07-02 11:00:00,8.34,9.48,51.25,-3.75,51.25,-3.75
2025-07-02 12:00:00,8.47,9.78,51.25,-3.75,51.25,-3.75
2025-07-02 13:00:00,7.72,9.0,51.25,-3.75,51.25,-3.75
2025-07-02 14:00:00,7.7,8.97,51.25,-3.75,51.25,-3.75
2025-07-02 15:00:00,8.44,9.9,51.25,-3.75,51.25,-3.75
2025-07-02 16:00:00,8.87,10.43,51.25,-3.75,51.25,-3.75
2025-07-02 17:00:00,8.81,10.35,51.25,-3.75,51.25,-3.75
2025-07-02 18:00:00,8.37,9.77,51.25,-3.75,51.25,-3.75
2025-07-02 19:00:00,7.98,9.31,51.25,-3.75,51.25,-3.75
2025-07-02 20:00:00,7.55,9.07,51.25,-3.75,51.25,-3.75
2025-07-02 21:00:00,6.84,8.36,51.25,-3.75,51.25,-3.75
2025-07-02 22:00:00,5.79,6.85,51.25,-3.75,51.25,-3.75
2025-07-02 23:00:00,4.8,5.61,51.25,-3.75,51.25,-3.75
2025-07-03 00:00:00,3.74,4.44,51.25,-3.75,51.25,-3.75
2025-07-03 01:00:00,3.13,3.75,51.25,-3.75,51.25,-3.75
2025-07-03 02:00:00,3.17,3.75,51.25,-3.75,51.25,-3.75
2025-07-03 03:00:00,3.47,4.07,51.25,-3.75,51.25,-3.75
2025-07-03 04:00:00,3.49,4.11,51.25,-3.75,51.25,-3.75
2025-07-03 05:00:00,3.18,3.75,51.25,-3.75,51.25,-3.75
2025-07-03 06:00:00,2.75,3.19,51.25,-3.75,51.25,-3.75
2025-07-03 07:00:00,2.6,2.86,51.25,-3.75,51.25,-3.75
2025-07-03 08:00:00,2.66,2.91,51.25,-3.75,51.25,-3.75
2025-07-03 09:00:00,3.04,3.29,51.25,-3.75,51.25,-3.75
2025-07-03 10:00:00,3.72,4.03,51.25,-3.75,51.25,-3.75
2025-07-03 11:00:00,4.34,4.74,51.25,-3.75,51.25,-3.75
2025-07-03 12:00:00,5.37,5.9,51.25,-3.75,51.25,-3.75
2025-07-03 13:00:00,6.23,6.99,51.25,-3.75,51.25,-3.75
2025-07-03 14:00:00,6.62,7.44,51.25,-3.75,51.25,-3.75
2025-07-03 15:00:00,6.51,7.24,51.25,-3.75,51.25,-3.75
2025-07-03 16:00:00,6.42,7.17,51.25,-3.75,51.25,-3.75
2025-07-03 17:00:00,6.55,7.38,51.25,-3.75,51.25,-3.75
2025-07-03 18:00:00,6.68,7.57,51.25,-3.75,51.25,-3.75
2025-07-03 19:00:00,6.79,7.83,51.25,-3.75,51.25,-3.75
2025-07-03 20:00:00,6.54,7.7,51.25,-3.75,51.25,-3.75
2025-07-03 21:00:00,6.24,7.46,51.25,-3.75,51.25,-3.75
2025-07-03 22:00:00,5.92,7.11,51.25,-3.75,51.25,-3.75
2025-07-03 23:00:00,5.43,6.56,51.25,-3.75,51.25,-3.75
2025-07-04 00:00:00,5.16,6.22,51.25,-3.75,51.25,-3.75
2025-07-04 01:00:00,5.1,6.2,51.25,-3.75,51.25,-3.75
2025-07-04 02:00:00,5.21,6.35,51.25,-3.75,51.25,-3.75
2025-07-04 03:00:00,5.45,6.65,51.25,-3.75,51.25,-3.75
2025-07-04 04:00:00,5.55,6.7,51.25,-3.75,51.25,-3.75
2025-07-04 05:00:00,5.71,6.81,51.25,-3.75,51.25,-3.75
2025-07-04 06:00:00,6.18,7.09,51.25,-3.75,51.25,-3.75
2025-07-04 07:00:00,5.97,6.88,51.25,-3.75,51.25,-3.75
2025-07-04 08:00:00,6.08,6.99,51.25,-3.75,51.25,-3.75
2025-07-04 09:00:00,6.26,7.24,51.25,-3.75,51.25,-3.75
2025-07-04 10:00:00,6.35,7.34,51.25,-3.75,51.25,-3.75
2025-07-04 11:00:00,6.37,7.39,51.25,-3.75,51.25,-3.75
2025-07-04 12:00:00,6.79,7.94,51.25,-3.75,51.25,-3.75
2025-07-04 13:00:00,7.78,9.19,51.25,-3.75,51.25,-3.75
2025-07-04 14:00:00,8.21,9.84,51.25,-3.75,51.25,-3.75
2025-07-04 15:00:00,8.43,10.15,51.25,-3.75,51.25,-3.75
2025-07-04 16:00:00,8.57,10.42,51.25,-3.75,51.25,-3.75
2025-07-04 17:00:00,8.88,10.89,51.25,-3.75,51.25,-3.75
2025-07-04 18:00:00,9.23,11.38,51.25,-3.75,51.25,-3.75
2025-07-04 19:00:00,9.4,11.65,51.25,-3.75,51.25,-3.75
2025-07-04 20:00:00,9.35,11.73,51.25,-3.75,51.25,-3.75
2025-07-04 21:00:00,9.24,11.77,51.25,-3.75,51.25,-3.75
2025-07-04 22:00:00,8.93,11.83,51.25,-3.75,51.25,-3.75
2025-07-04 23:00:00,9.93,12.69,51.25,-3.75,51.25,-3.75
2025-07-05 00:00:00,11.23,13.99,51.25,-3.75,51.25,-3.75
2025-07-05 01:00:00,10.82,13.84,51.25,-3.75,51.25,-3.75
2025-07-05 02:00:00,10.95,13.95,51.25,-3.75,51.25,-3.75
2025-07-05 03:00:00,10.43,13.55,51.25,-3.75,51.25,-3.75
2025-07-05 04:00:00,10.28,13.63,51.25,-3.75,51.25,-3.75
2025-07-05 05:00:00,10.47,13.9,51.25,-3.75,51.25,-3.75
2025-07-05 06:00:00,9.92,12.8,51.25,-3.75,51.25,-3.75
2025-07-05 07:00:00,9.49,12.43,51.25,-3.75,51.25,-3.75
2025-07-05 08:00:00,10.34,13.65,51.25,-3.75,51.25,-3.75
2025-07-05 09:00:00,10.61,13.95,51.25,-3.75,51.25,-3.75
2025-07-05 10:00:00,10.63,14.49,51.25,-3.75,51.25,-3.75
2025-07-05 11:00:00,10.38,14.71,51.25,-3.75,51.25,-3.75
2025-07-05 12:00:00,10.19,13.82,51.25,-3.75,51.25,-3.75
2025-07-05 13:00:00,9.94,13.31,51.25,-3.75,51.25,-3.75
2025-07-05 14:00:00,9.64,12.8,51.25,-3.75,51.25,-3.75
2025-07-05 15:00:00,9.42,12.03,51.25,-3.75,51.25,-3.75
2025-07-05 16:00:00,9.33,11.75,51.25,-3.75,51.25,-3.75
2025-07-05 17:00:00,9.23,11.69,51.25,-3.75,51.25,-3.75
2025-07-05 18:00:00,9.19,11.6,51.25,-3.75,51.25,-3.75
2025-07-05 19:00:00,8.3,10.51,51.25,-3.75,51.25,-3.75
2025-07-05 20:00:00,7.51,9.54,51.25,-3.75,51.25,-3.75
2025-07-05 21:00:00,7.08,9.02,51.25,-3.75,51.25,-3.75
2025-07-05 22:00:00,5.55,7.92,51.25,-3.75,51.25,-3.75
2025-07-05 23:00:00,6.01,8.52,51.25,-3.75,51.25,-3.75
2025-07-06 00:00:00,5.99,8.91,51.25,-3.75,51.25,-3.75
2025-07-06 01:00:00,6.11,9.2,51.25,-3.75,51.25,-3.75
2025-07-06 02:00:00,6.5,9.47,51.25,-3.75,51.25,-3.75
2025-07-06 03:00:00,6.9,9.93,51.25,-3.75,51.25,-3.75
2025-07-06 04:00:00,6.96,9.78,51.25,-3.75,51.25,-3.75
2025-07-06 05:00:00,7.01,9.52,51.25,-3.75,51.25,-3.75
2025-07-06 06:00:00,7.7,9.82,51.25,-3.75,51.25,-3.75
2025-07-06 07:00:00,8.15,10.21,51.25,-3.75,51.25,-3.75
2025-07-06 08:00:00,8.14,9.92,51.25,-3.75,51.25,-3.75
2025-07-06 09:00:00,8.28,10.01,51.25,-3.75,51.25,-3.75
2025-07-06 10:00:00,8.23,9.88,51.25,-3.75,51.25,-3.75
2025-07-06 11:00:00,8.74,10.35,51.25,-3.75,51.25,-3.75
2025-07-06 12:00:00,9.34,11.02,51.25,-3.75,51.25,-3.75
2025-07-06 13:00:00,9.73,11.52,51.25,-3.75,51.25,-3.75
2025-07-06 14:00:00,10.08,12.04,51.25,-3.75,51.25,-3.75
2025-07-06 15:00:00,10.25,12.18,51.25,-3.75,51.25,-3.75
2025-07-06 16:00:00,9.64,11.4,51.25,-3.75,51.25,-3.75
2025-07-06 17:00:00,9.72,11.6,51.25,-3.75,51.25,-3.75
2025-07-06 18:00:00,9.55,11.42,51.25,-3.75,51.25,-3.75
2025-07-06 19:00:00,8.14,9.69,51.25,-3.75,51.25,-3.75
2025-07-06 20:00:00,7.38,8.82,51.25,-3.75,51.25,-3.75
2025-07-06 21:00:00,7.34,8.84,51.25,-3.75,51.25,-3.75
2025-07-06 22:00:00,7.07,8.49,51.25,-3.75,51.25,-3.75
2025-07-06 23:00:00,6.58,7.92,51.25,-3.75,51.25,-3.75
2025-07-07 00:00:00,8.06,9.72,51.25,-3.75,51.25,-3.75
2025-07-07 01:00:00,8.68,10.54,51.25,-3.75,51.25,-3.75
2025-07-07 02:00:00,8.64,10.63,51.25,-3.75,51.25,-3.75
2025-07-07 03:00:00,9.5,11.7,51.25,-3.75,51.25,-3.75
2025-07-07 04:00:00,10.05,12.43,51.25,-3.75,51.25,-3.75
2025-07-07 05:00:00,10.43,12.86,51.25,-3.75,51.25,-3.75
2025-07-07 06:00:00,9.86,12.14,51.25,-3.75,51.25,-3.75
2025-07-07 07:00:00,9.09,11.05,51.25,-3.75,51.25,-3.75
2025-07-07 08:00:00,8.17,9.8,51.25,-3.75,51.25,-3.75
2025-07-07 09:00:00,7.61,9.06,51.25,-3.75,51.25,-3.75
2025-07-07 10:00:00,6.63,7.67,51.25,-3.75,51.25,-3.75
2025-07-07 11:00:00,6.78,7.85,51.25,-3.75,51.25,-3.75
2025-07-07 12:00:00,6.83,7.81,51.25,-3.75,51.25,-3.75
2025-07-07 13:00:00,7.78,8.91,51.25,-3.75,51.25,-3.75
2025-07-07 14:00:00,9.34,10.92,51.25,-3.75,51.25,-3.75
2025-07-07 15:00:00,9.45,11.07,51.25,-3.75,51.25,-3.75
2025-07-07 16:00:00,9.09,10.68,51.25,-3.75,51.25,-3.75
2025-07-07 17:00:00,9.02,10.71,51.25,-3.75,51.25,-3.75
2025-07-07 18:00:00,8.6,10.17,51.25,-3.75,51.25,-3.75
2025-07-07 19:00:00,8.35,9.8,51.25,-3.75,51.25,-3.75
2025-07-07 20:00:00,8.3,10.04,51.25,-3.75,51.25,-3.75
2025-07-07 21:00:00,8.0,9.79,51.25,-3.75,51.25,-3.75
2025-07-07 22:00:00,7.23,9.05,51.25,-3.75,51.25,-3.75
2025-07-07 23:00:00,7.42,9.22,51.25,-3.75,51.25,-3.75
2025-07-08 00:00:00,7.7,9.51,51.25,-3.75,51.25,-3.75
2025-07-08 01:00:00,7.63,9.28,51.25,-3.75,51.25,-3.75
2025-07-08 02:00:00,6.96,8.44,51.25,-3.75,51.25,-3.75
2025-07-08 03:00:00,6.65,8.0,51.25,-3.75,51.25,-3.75
2025-07-08 04:00:00,6.52,7.67,51.25,-3.75,51.25,-3.75
2025-07-08 05:00:00,5.98,6.97,51.25,-3.75,51.25,-3.75
2025-07-08 06:00:00,5.5,6.27,51.25,-3.75,51.25,-3.75
2025-07-08 07:00:00,4.88,5.44,51.25,-3.75,51.25,-3.75
2025-07-08 08:00:00,4.37,4.79,51.25,-3.75,51.25,-3.75
2025-07-08 09:00:00,4.36,4.79,51.25,-3.75,51.25,-3.75
2025-07-08 10:00:00,4.55,5.03,51.25,-3.75,51.25,-3.75
2025-07-08 11:00:00,4.83,5.3,51.25,-3.75,51.25,-3.75
2025-07-08 12:00:00,5.08,5.59,51.25,-3.75,51.25,-3.75
2025-07-08 13:00:00,5.48,6.09,51.25,-3.75,51.25,-3.75
2025-07-08 14:00:00,5.83,6.51,51.25,-3.75,51.25,-3.75
2025-07-08 15:00:00,6.22,6.95,51.25,-3.75,51.25,-3.75
2025-07-08 16:00:00,6.43,7.22,51.25,-3.75,51.25,-3.75
2025-07-08 17:00:00,6.72,7.65,51.25,-3.75,51.25,-3.75
2025-07-08 18:00:00,6.9,7.97,51.25,-3.75,51.25,-3.75
2025-07-08 19:00:00,6.9,8.05,51.25,-3.75,51.25,-3.75
2025-07-08 20:00:00,6.54,7.71,51.25,-3.75,51.25,-3.75
2025-07-08 21:00:00,5.93,7.02,51.25,-3.75,51.25,-3.75
2025-07-08 22:00:00,5.33,6.18,51.25,-3.75,51.25,-3.75
2025-07-08 23:00:00,4.65,5.42,51.25,-3.75,51.25,-3.75
2025-07-09 00:00:00,4.36,5.14,51.25,-3.75,51.25,-3.75
2025-07-09 01:00:00,4.15,4.96,51.25,-3.75,51.25,-3.75
2025-07-09 02:00:00,3.65,4.39,51.25,-3.75,51.25,-3.75
2025-07-09 03:00:00,3.36,4.14,51.25,-3.75,51.25,-3.75
2025-07-09 04:00:00,3.18,4.0,51.25,-3.75,51.25,-3.75
2025-07-09 05:00:00,3.01,3.76,51.25,-3.75,51.25,-3.75
2025-07-09 06:00:00,3.01,3.43,51.25,-3.75,51.25,-3.75
2025-07-09 07:00:00,2.94,3.3,51.25,-3.75,51.25,-3.75
2025-07-09 08:00:00,2.83,3.11,51.25,-3.75,51.25,-3.75
2025-07-09 09:00:00,2.58,3.07,51.25,-3.75,51.25,-3.75
2025-07-09 10:00:00,2.8,3.06,51.25,-3.75,51.25,-3.75
2025-07-09 11:00:00,3.11,3.36,51.25,-3.75,51.25,-3.75
2025-07-09 12:00:00,3.57,3.92,51.25,-3.75,51.25,-3.75
2025-07-09 13:00:00,4.42,4.94,51.25,-3.75,51.25,-3.75
2025-07-09 14:00:00,5.0,5.74,51.25,-3.75,51.25,-3.75
2025-07-09 15:00:00,5.08,5.91,51.25,-3.75,51.25,-3.75
2025-07-09 16:00:00,4.79,5.65,51.25,-3.75,51.25,-3.75
2025-07-09 17:00:00,4.45,5.41,51.25,-3.75,51.25,-3.75
2025-07-09 18:00:00,4.18,5.31,51.25,-3.75,51.25,-3.75
2025-07-09 19:00:00,3.78,5.13,51.25,-3.75,51.25,-3.75
2025-07-09 20:00:00,3.5,5.13,51.25,-3.75,51.25,-3.75
2025-07-09 21:00:00,3.23,4.81,51.25,-3.75,51.25,-3.75
2025-07-09 22:00:00,3.08,4.0,51.25,-3.75,51.25,-3.75
2025-07-09 23:00:00,2.95,3.47,51.25,-3.75,51.25,-3.75
2025-07-10 00:00:00,2.81,3.3,51.25,-3.75,51.25,-3.75
2025-07-10 01:00:00,2.7,3.34,51.25,-3.75,51.25,-3.75
2025-07-10 02:00:00,2.56,3.27,51.25,-3.75,51.25,-3.75
2025-07-10 03:00:00,2.26,2.97,51.25,-3.75,51.25,-3.75
2025-07-10 04:00:00,2.06,2.41,51.25,-3.75,51.25,-3.75
2025-07-10 05:00:00,1.57,1.52,51.25,-3.75,51.25,-3.75
2025-07-10 06:00:00,0.76,0.57,51.25,-3.75,51.25,-3.75
2025-07-10 07:00:00,0.47,0.18,51.25,-3.75,51.25,-3.75
2025-07-10 08:00:00,0.57,0.68,51.25,-3.75,51.25,-3.75
2025-07-10 09:00:00,0.45,0.82,51.25,-3.75,51.25,-3.75
2025-07-10 10:00:00,0.43,0.59,51.25,-3.75,51.25,-3.75
2025-07-10 11:00:00,0.54,0.35,51.25,-3.75,51.25,-3.75
2025-07-10 12:00:00,1.36,0.8,51.25,-3.75,51.25,-3.75
2025-07-10 13:00:00,2.05,1.82,51.25,-3.75,51.25,-3.75
2025-07-10 14:00:00,2.8,2.89,51.25,-3.75,51.25,-3.75
2025-07-10 15:00:00,3.41,3.88,51.25,-3.75,51.25,-3.75
2025-07-10 16:00:00,3.57,4.38,51.25,-3.75,51.25,-3.75
2025-07-10 17:00:00,3.64,4.75,51.25,-3.75,51.25,-3.75
2025-07-10 18:00:00,3.39,4.67,51.25,-3.75,51.25,-3.75
2025-07-10 19:00:00,3.02,4.56,51.25,-3.75,51.25,-3.75
2025-07-10 20:00:00,2.84,4.65,51.25,-3.75,51.25,-3.75
2025-07-10 21:00:00,2.64,4.51,51.25,-3.75,51.25,-3.75
2025-07-10 22:00:00,2.33,3.71,51.25,-3.75,51.25,-3.75
2025-07-10 23:00:00,2.23,3.2,51.25,-3.75,51.25,-3.75
2025-07-11 00:00:00,2.2,2.85,51.25,-3.75,51.25,-3.75
2025-07-11 01:00:00,1.93,2.56,51.25,-3.75,51.25,-3.75
2025-07-11 02:00:00,1.69,2.39,51.25,-3.75,51.25,-3.75
2025-07-11 03:00:00,1.41,2.1,51.25,-3.75,51.25,-3.75
2025-07-11 04:00:00,0.89,1.64,51.25,-3.75,51.25,-3.75
2025-07-11 05:00:00,0.36,1.32,51.25,-3.75,51.25,-3.75
2025-07-11 06:00:00,0.49,0.93,51.25,-3.75,51.25,-3.75
2025-07-11 07:00:00,0.56,0.78,51.25,-3.75,51.25,-3.75
2025-07-11 08:00:00,0.68,0.96,51.25,-3.75,51.25,-3.75
2025-07-11 09:00:00,0.85,1.26,51.25,-3.75,51.25,-3.75
2025-07-11 10:00:00,1.18,0.89,51.25,-3.75,51.25,-3.75
2025-07-11 11:00:00,0.71,0.4,51.25,-3.75,51.25,-3.75
2025-07-11 12:00:00,1.15,0.72,51.25,-3.75,51.25,-3.75
2025-07-11 13:00:00,2.02,1.91,51.25,-3.75,51.25,-3.75
2025-07-11 14:00:00,2.87,3.02,51.25,-3.75,51.25,-3.75
2025-07-11 15:00:00,3.47,3.89,51.25,-3.75,51.25,-3.75
2025-07-11 16:00:00,3.68,4.31,51.25,-3.75,51.25,-3.75
2025-07-11 17:00:00,3.61,4.38,51.25,-3.75,51.25,-3.75
2025-07-11 18:00:00,3.26,4.19,51.25,-3.75,51.25,-3.75
2025-07-11 19:00:00,2.61,3.99,51.25,-3.75,51.25,-3.75
2025-07-11 20:00:00,2.1,3.56,51.25,-3.75,51.25,-3.75
2025-07-11 21:00:00,1.86,2.87,51.25,-3.75,51.25,-3.75
2025-07-11 22:00:00,2.09,1.5,51.25,-3.75,51.25,-3.75
2025-07-11 23:00:00,2.76,1.82,51.25,-3.75,51.25,-3.75
2025-07-12 00:00:00,3.19,2.66,51.25,-3.75,51.25,-3.75
2025-07-12 01:00:00,3.43,3.57,51.25,-3.75,51.25,-3.75
2025-07-12 02:00:00,3.25,3.81,51.25,-3.75,51.25,-3.75
2025-07-12 03:00:00,2.83,3.37,51.25,-3.75,51.25,-3.75
2025-07-12 04:00:00,2.4,2.65,51.25,-3.75,51.25,-3.75
2025-07-12 05:00:00,2.22,2.15,51.25,-3.75,51.25,-3.75
2025-07-12 06:00:00,2.44,2.98,51.25,-3.75,51.25,-3.75
2025-07-12 07:00:00,2.82,3.87,51.25,-3.75,51.25,-3.75
2025-07-12 08:00:00,3.24,4.25,51.25,-3.75,51.25,-3.75
2025-07-12 09:00:00,3.34,4.35,51.25,-3.75,51.25,-3.75
2025-07-12 10:00:00,2.76,3.58,51.25,-3.75,51.25,-3.75
2025-07-12 11:00:00,2.31,2.9,51.25,-3.75,51.25,-3.75
2025-07-12 12:00:00,1.53,1.77,51.25,-3.75,51.25,-3.75
2025-07-12 13:00:00,0.87,1.1,51.25,-3.75,51.25,-3.75
2025-07-12 14:00:00,0.18,0.56,51.25,-3.75,51.25,-3.75
2025-07-12 15:00:00,1.17,1.03,51.25,-3.75,51.25,-3.75
2025-07-12 16:00:00,2.25,2.09,51.25,-3.75,51.25,-3.75
2025-07-12 17:00:00,3.02,3.34,51.25,-3.75,51.25,-3.75
2025-07-12 18:00:00,3.81,4.59,51.25,-3.75,51.25,-3.75
2025-07-12 19:00:00,3.97,5.63,51.25,-3.75,51.25,-3.75
2025-07-12 20:00:00,3.98,6.1,51.25,-3.75,51.25,-3.75
2025-07-12 21:00:00,3.48,5.4,51.25,-3.75,51.25,-3.75
2025-07-12 22:00:00,1.38,1.79,51.25,-3.75,51.25,-3.75
2025-07-12 23:00:00,2.66,2.72,51.25,-3.75,51.25,-3.75
2025-07-13 00:00:00,4.19,5.55,51.25,-3.75,51.25,-3.75
2025-07-13 01:00:00,4.23,6.26,51.25,-3.75,51.25,-3.75
2025-07-13 02:00:00,3.75,5.69,51.25,-3.75,51.25,-3.75
2025-07-13 03:00:00,3.59,5.63,51.25,-3.75,51.25,-3.75
2025-07-13 04:00:00,3.7,5.74,51.25,-3.75,51.25,-3.75
2025-07-13 05:00:00,3.88,5.98,51.25,-3.75,51.25,-3.75
2025-07-13 06:00:00,4.4,6.53,51.25,-3.75,51.25,-3.75
2025-07-13 07:00:00,5.11,6.98,51.25,-3.75,51.25,-3.75
2025-07-13 08:00:00,5.53,7.25,51.25,-3.75,51.25,-3.75
2025-07-13 09:00:00,5.38,7.14,51.25,-3.75,51.25,-3.75
2025-07-13 10:00:00,5.1,6.88,51.25,-3.75,51.25,-3.75
2025-07-13 11:00:00,4.9,6.61,51.25,-3.75,51.25,-3.75
2025-07-13 12:00:00,4.92,6.66,51.25,-3.75,51.25,-3.75
2025-07-13 13:00:00,4.76,6.61,51.25,-3.75,51.25,-3.75
2025-07-13 14:00:00,4.24,5.93,51.25,-3.75,51.25,-3.75
2025-07-13 15:00:00,4.05,5.66,51.25,-3.75,51.25,-3.75
2025-07-13 16:00:00,4.23,5.88,51.25,-3.75,51.25,-3.75
2025-07-13 17:00:00,4.94,6.85,51.25,-3.75,51.25,-3.75
2025-07-13 18:00:00,5.1,7.15,51.25,-3.75,51.25,-3.75
2025-07-13 19:00:00,4.83,7.11,51.25,-3.75,51.25,-3.75
2025-07-13 20:00:00,4.27,6.65,51.25,-3.75,51.25,-3.75
2025-07-13 21:00:00,3.07,4.95,51.25,-3.75,51.25,-3.75
2025-07-13 22:00:00,2.26,3.87,51.25,-3.75,51.25,-3.75
2025-07-13 23:00:00,3.32,5.38,51.25,-3.75,51.25,-3.75
2025-07-14 00:00:00,3.96,6.11,51.25,-3.75,51.25,-3.75
2025-07-14 01:00:00,5.41,7.57,51.25,-3.75,51.25,-3.75
2025-07-14 02:00:00,6.4,8.96,51.25,-3.75,51.25,-3.75
2025-07-14 03:00:00,6.91,8.69,51.25,-3.75,51.25,-3.75
2025-07-14 04:00:00,6.66,8.22,51.25,-3.75,51.25,-3.75
2025-07-14 05:00:00,6.38,8.08,51.25,-3.75,51.25,-3.75
2025-07-14 06:00:00,5.91,7.69,51.25,-3.75,51.25,-3.75
2025-07-14 07:00:00,6.95,8.61,51.25,-3.75,51.25,-3.75
2025-07-14 08:00:00,8.17,9.97,51.25,-3.75,51.25,-3.75
2025-07-14 09:00:00,8.58,10.55,51.25,-3.75,51.25,-3.75
2025-07-14 10:00:00,7.29,8.94,51.25,-3.75,51.25,-3.75
2025-07-14 11:00:00,8.29,9.96,51.25,-3.75,51.25,-3.75
2025-07-14 12:00:00,10.0,12.04,51.25,-3.75,51.25,-3.75
2025-07-14 13:00:00,10.03,12.01,51.25,-3.75,51.25,-3.75
2025-07-14 14:00:00,9.5,11.28,51.25,-3.75,51.25,-3.75
2025-07-14 15:00:00,9.36,11.06,51.25,-3.75,51.25,-3.75
2025-07-14 16:00:00,8.86,10.52,51.25,-3.75,51.25,-3.75
2025-07-14 17:00:00,9.11,10.87,51.25,-3.75,51.25,-3.75
2025-07-14 18:00:00,9.33,11.25,51.25,-3.75,51.25,-3.75
2025-07-14 19:00:00,9.1,11.11,51.25,-3.75,51.25,-3.75
2025-07-14 20:00:00,8.9,10.94,51.25,-3.75,51.25,-3.75
2025-07-14 21:00:00,9.07,11.13,51.25,-3.75,51.25,-3.75
2025-07-14 22:00:00,8.79,10.75,51.25,-3.75,51.25,-3.75
2025-07-14 23:00:00,8.84,10.79,51.25,-3.75,51.25,-3.75
2025-07-15 00:00:00,9.21,11.2,51.25,-3.75,51.25,-3.75
2025-07-15 01:00:00,9.75,11.83,51.25,-3.75,51.25,-3.75
2025-07-15 02:00:00,10.25,12.58,51.25,-3.75,51.25,-3.75
2025-07-15 03:00:00,10.5,12.94,51.25,-3.75,51.25,-3.75
2025-07-15 04:00:00,10.55,13.02,51.25,-3.75,51.25,-3.75
2025-07-15 05:00:00,10.49,12.88,51.25,-3.75,51.25,-3.75
2025-07-15 06:00:00,11.05,13.48,51.25,-3.75,51.25,-3.75
2025-07-15 07:00:00,11.43,13.94,51.25,-3.75,51.25,-3.75
2025-07-15 08:00:00,11.51,14.1,51.25,-3.75,51.25,-3.75
2025-07-15 09:00:00,12.31,15.14,51.25,-3.75,51.25,-3.75
2025-07-15 10:00:00,11.84,14.38,51.25,-3.75,51.25,-3.75
2025-07-15 11:00:00,12.17,14.72,51.25,-3.75,51.25,-3.75
2025-07-15 12:00:00,12.76,15.55,51.25,-3.75,51.25,-3.75
2025-07-15 13:00:00,13.25,16.13,51.25,-3.75,51.25,-3.75
2025-07-15 14:00:00,13.36,16.32,51.25,-3.75,51.25,-3.75
2025-07-15 15:00:00,13.43,16.45,51.25,-3.75,51.25,-3.75
2025-07-15 16:00:00,13.7,16.87,51.25,-3.75,51.25,-3.75
2025-07-15 17:00:00,13.63,16.8,51.25,-3.75,51.25,-3.75
2025-07-15 18:00:00,13.26,16.4,51.25,-3.75,51.25,-3.75
2025-07-15 19:00:00,13.92,17.28,51.25,-3.75,51.25,-3.75
2025-07-15 20:00:00,13.41,16.76,51.25,-3.75,51.25,-3.75
2025-07-15 21:00:00,12.97,16.22,51.25,-3.75,51.25,-3.75
2025-07-15 22:00:00,11.55,14.2,51.25,-3.75,51.25,-3.75
2025-07-15 23:00:00,10.6,13.2,51.25,-3.75,51.25,-3.75
2025-07-16 00:00:00,10.16,12.53,51.25,-3.75,51.25,-3.75
2025-07-16 01:00:00,9.62,11.84,51.25,-3.75,51.25,-3.75
2025-07-16 02:00:00,8.87,10.79,51.25,-3.75,51.25,-3.75
2025-07-16 03:00:00,8.0,9.66,51.25,-3.75,51.25,-3.75
2025-07-16 04:00:00,7.14,8.63,51.25,-3.75,51.25,-3.75
2025-07-16 05:00:00,6.15,7.34,51.25,-3.75,51.25,-3.75
2025-07-16 06:00:00,5.59,6.34,51.25,-3.75,51.25,-3.75
2025-07-16 07:00:00,4.79,5.3,51.25,-3.75,51.25,-3.75
2025-07-16 08:00:00,3.83,4.16,51.25,-3.75,51.25,-3.75
2025-07-16 09:00:00,3.52,3.83,51.25,-3.75,51.25,-3.75
2025-07-16 10:00:00,2.45,2.55,51.25,-3.75,51.25,-3.75
2025-07-16 11:00:00,2.83,2.98,51.25,-3.75,51.25,-3.75
2025-07-16 12:00:00,2.78,2.93,51.25,-3.75,51.25,-3.75
2025-07-16 13:00:00,4.24,4.65,51.25,-3.75,51.25,-3.75
2025-07-16 14:00:00,3.78,4.17,51.25,-3.75,51.25,-3.75
2025-07-16 15:00:00,1.86,1.87,51.25,-3.75,51.25,-3.75
2025-07-16 16:00:00,2.03,2.18,51.25,-3.75,51.25,-3.75
2025-07-16 17:00:00,1.84,1.87,51.25,-3.75,51.25,-3.75
2025-07-16 18:00:00,1.12,1.13,51.25,-3.75,51.25,-3.75
2025-07-16 19:00:00,0.45,0.94,51.25,-3.75,51.25,-3.75
2025-07-16 20:00:00,0.55,1.34,51.25,-3.75,51.25,-3.75
2025-07-16 21:00:00,1.25,1.87,51.25,-3.75,51.25,-3.75
2025-07-16 22:00:00,3.47,4.74,51.25,-3.75,51.25,-3.75
2025-07-16 23:00:00,3.98,5.9,51.25,-3.75,51.25,-3.75
2025-07-17 00:00:00,4.96,6.99,51.25,-3.75,51.25,-3.75
2025-07-17 01:00:00,5.7,7.79,51.25,-3.75,51.25,-3.75
2025-07-17 02:00:00,6.69,9.16,51.25,-3.75,51.25,-3.75
2025-07-17 03:00:00,6.99,9.55,51.25,-3.75,51.25,-3.75
2025-07-17 04:00:00,6.21,9.43,51.25,-3.75,51.25,-3.75
2025-07-17 05:00:00,5.8,8.75,51.25,-3.75,51.25,-3.75
2025-07-17 06:00:00,5.95,8.7,51.25,-3.75,51.25,-3.75
2025-07-17 07:00:00,6.06,8.47,51.25,-3.75,51.25,-3.75
2025-07-17 08:00:00,5.78,7.8,51.25,-3.75,51.25,-3.75
2025-07-17 09:00:00,5.65,7.54,51.25,-3.75,51.25,-3.75
2025-07-17 10:00:00,5.6,7.68,51.25,-3.75,51.25,-3.75
2025-07-17 11:00:00,5.78,7.6,51.25,-3.75,51.25,-3.75
2025-07-17 12:00:00,5.31,6.91,51.25,-3.75,51.25,-3.75
2025-07-17 13:00:00,5.16,6.36,51.25,-3.75,51.25,-3.75
2025-07-17 14:00:00,4.91,5.95,51.25,-3.75,51.25,-3.75
2025-07-17 15:00:00,4.46,5.41,51.25,-3.75,51.25,-3.75
2025-07-17 16:00:00,4.03,5.03,51.25,-3.75,51.25,-3.75
2025-07-17 17:00:00,3.73,4.86,51.25,-3.75,51.25,-3.75
2025-07-17 18:00:00,3.18,4.26,51.25,-3.75,51.25,-3.75
2025-07-17 19:00:00,2.56,3.53,51.25,-3.75,51.25,-3.75
2025-07-17 20:00:00,2.22,3.25,51.25,-3.75,51.25,-3.75
2025-07-17 21:00:00,2.08,3.26,51.25,-3.75,51.25,-3.75
2025-07-17 22:00:00,1.15,2.34,51.25,-3.75,51.25,-3.75
2025-07-17 23:00:00,0.89,2.04,51.25,-3.75,51.25,-3.75
2025-07-18 00:00:00,1.11,2.09,51.25,-3.75,51.25,-3.75
2025-07-18 01:00:00,1.83,2.65,51.25,-3.75,51.25,-3.75
2025-07-18 02:00:00,2.4,3.61,51.25,-3.75,51.25,-3.75
2025-07-18 03:00:00,2.7,4.18,51.25,-3.75,51.25,-3.75
2025-07-18 04:00:00,3.25,4.68,51.25,-3.75,51.25,-3.75
2025-07-18 05:00:00,3.81,5.32,51.25,-3.75,51.25,-3.75
2025-07-18 06:00:00,3.74,5.0,51.25,-3.75,51.25,-3.75
2025-07-18 07:00:00,4.38,5.49,51.25,-3.75,51.25,-3.75
2025-07-18 08:00:00,4.81,5.71,51.25,-3.75,51.25,-3.75
2025-07-18 09:00:00,4.69,5.4,51.25,-3.75,51.25,-3.75
2025-07-18 10:00:00,4.86,5.55,51.25,-3.75,51.25,-3.75
2025-07-18 11:00:00,4.73,5.29,51.25,-3.75,51.25,-3.75
2025-07-18 12:00:00,4.25,4.77,51.25,-3.75,51.25,-3.75
2025-07-18 13:00:00,4.06,4.46,51.25,-3.75,51.25,-3.75
2025-07-18 14:00:00,4.18,4.64,51.25,-3.75,51.25,-3.75
2025-07-18 15:00:00,4.26,4.73,51.25,-3.75,51.25,-3.75
2025-07-18 16:00:00,4.05,4.5,51.25,-3.75,51.25,-3.75
2025-07-18 17:00:00,3.85,4.29,51.25,-3.75,51.25,-3.75
2025-07-18 18:00:00,3.69,4.07,51.25,-3.75,51.25,-3.75
2025-07-18 19:00:00,3.41,3.69,51.25,-3.75,51.25,-3.75
2025-07-18 20:00:00,3.2,3.5,51.25,-3.75,51.25,-3.75
2025-07-18 21:00:00,2.93,3.36,51.25,-3.75,51.25,-3.75
2025-07-18 22:00:00,2.91,3.11,51.25,-3.75,51.25,-3.75
2025-07-18 23:00:00,2.88,3.04,51.25,-3.75,51.25,-3.75
2025-07-19 00:00:00,2.65,2.8,51.25,-3.75,51.25,-3.75
2025-07-19 01:00:00,3.0,3.41,51.25,-3.75,51.25,-3.75
2025-07-19 02:00:00,2.92,3.5,51.25,-3.75,51.25,-3.75
2025-07-19 03:00:00,2.26,2.71,51.25,-3.75,51.25,-3.75
2025-07-19 04:00:00,1.8,2.08,51.25,-3.75,51.25,-3.75
2025-07-19 05:00:00,1.65,1.68,51.25,-3.75,51.25,-3.75
2025-07-19 06:00:00,2.13,2.08,51.25,-3.75,51.25,-3.75
2025-07-19 07:00:00,1.4,1.26,51.25,-3.75,51.25,-3.75
2025-07-19 08:00:00,0.64,0.65,51.25,-3.75,51.25,-3.75
2025-07-19 09:00:00,1.26,1.39,51.25,-3.75,51.25,-3.75
2025-07-19 10:00:00,2.48,2.82,51.25,-3.75,51.25,-3.75
2025-07-19 11:00:00,1.88,2.33,51.25,-3.75,51.25,-3.75
2025-07-19 12:00:00,1.1,1.45,51.25,-3.75,51.25,-3.75
2025-07-19 13:00:00,1.03,1.42,51.25,-3.75,51.25,-3.75
2025-07-19 14:00:00,2.11,2.66,51.25,-3.75,51.25,-3.75
2025-07-19 15:00:00,3.38,4.14,51.25,-3.75,51.25,-3.75
2025-07-19 16:00:00,3.4,4.36,51.25,-3.75,51.25,-3.75
2025-07-19 17:00:00,3.95,5.35,51.25,-3.75,51.25,-3.75
2025-07-19 18:00:00,5.16,6.66,51.25,-3.75,51.25,-3.75
2025-07-19 19:00:00,5.72,7.47,51.25,-3.75,51.25,-3.75
2025-07-19 20:00:00,6.32,8.27,51.25,-3.75,51.25,-3.75
2025-07-19 21:00:00,7.37,9.62,51.25,-3.75,51.25,-3.75
2025-07-19 22:00:00,7.69,9.82,51.25,-3.75,51.25,-3.75
2025-07-19 23:00:00,9.33,11.93,51.25,-3.75,51.25,-3.75
2025-07-20 00:00:00,10.71,13.44,51.25,-3.75,51.25,-3.75
2025-07-20 01:00:00,10.99,13.99,51.25,-3.75,51.25,-3.75
2025-07-20 02:00:00,9.86,12.82,51.25,-3.75,51.25,-3.75
2025-07-20 03:00:00,8.72,11.39,51.25,-3.75,51.25,-3.75
2025-07-20 04:00:00,8.45,11.03,51.25,-3.75,51.25,-3.75
2025-07-20 05:00:00,8.4,10.6,51.25,-3.75,51.25,-3.75
2025-07-20 06:00:00,8.54,10.7,51.25,-3.75,51.25,-3.75
2025-07-20 07:00:00,7.59,9.35,51.25,-3.75,51.25,-3.75
2025-07-20 08:00:00,7.37,8.66,51.25,-3.75,51.25,-3.75
2025-07-20 09:00:00,7.17,8.39,51.25,-3.75,51.25,-3.75
2025-07-20 10:00:00,4.76,5.42,51.25,-3.75,51.25,-3.75
2025-07-20 11:00:00,4.26,4.98,51.25,-3.75,51.25,-3.75
2025-07-20 12:00:00,4.63,5.37,51.25,-3.75,51.25,-3.75
2025-07-20 13:00:00,4.32,4.89,51.25,-3.75,51.25,-3.75
2025-07-20 14:00:00,4.83,5.55,51.25,-3.75,51.25,-3.75
2025-07-20 15:00:00,2.2,2.5,51.25,-3.75,51.25,-3.75
2025-07-20 16:00:00,2.1,2.21,51.25,-3.75,51.25,-3.75
2025-07-20 17:00:00,3.83,4.23,51.25,-3.75,51.25,-3.75
2025-07-20 18:00:00,3.47,3.83,51.25,-3.75,51.25,-3.75
2025-07-20 19:00:00,2.94,3.34,51.25,-3.75,51.25,-3.75
2025-07-20 20:00:00,2.28,2.66,51.25,-3.75,51.25,-3.75
2025-07-20 21:00:00,1.6,2.06,51.25,-3.75,51.25,-3.75
2025-07-20 22:00:00,0.51,0.78,51.25,-3.75,51.25,-3.75
2025-07-20 23:00:00,1.76,2.11,51.25,-3.75,51.25,-3.75
2025-07-21 00:00:00,1.97,2.12,51.25,-3.75,51.25,-3.75
2025-07-21 01:00:00,1.7,1.6,51.25,-3.75,51.25,-3.75
2025-07-21 02:00:00,0.47,0.55,51.25,-3.75,51.25,-3.75
2025-07-21 03:00:00,1.5,1.7,51.25,-3.75,51.25,-3.75
2025-07-21 04:00:00,2.16,2.24,51.25,-3.75,51.25,-3.75
2025-07-21 05:00:00,2.52,2.73,51.25,-3.75,51.25,-3.75
2025-07-21 06:00:00,2.94,3.16,51.25,-3.75,51.25,-3.75
2025-07-21 07:00:00,3.62,3.94,51.25,-3.75,51.25,-3.75
2025-07-21 08:00:00,4.65,5.21,51.25,-3.75,51.25,-3.75
2025-07-21 09:00:00,5.85,6.61,51.25,-3.75,51.25,-3.75
2025-07-21 10:00:00,4.99,5.51,51.25,-3.75,51.25,-3.75
2025-07-21 11:00:00,5.55,6.2,51.25,-3.75,51.25,-3.75
2025-07-21 12:00:00,5.94,6.64,51.25,-3.75,51.25,-3.75
2025-07-21 13:00:00,6.9,7.86,51.25,-3.75,51.25,-3.75
2025-07-21 14:00:00,7.61,8.86,51.25,-3.75,51.25,-3.75
2025-07-21 15:00:00,8.43,10.0,51.25,-3.75,51.25,-3.75
2025-07-21 16:00:00,9.72,11.67,51.25,-3.75,51.25,-3.75
2025-07-21 17:00:00,10.87,13.28,51.25,-3.75,51.25,-3.75
2025-07-21 18:00:00,11.02,13.39,51.25,-3.75,51.25,-3.75
2025-07-21 19:00:00,10.57,12.89,51.25,-3.75,51.25,-3.75
2025-07-21 20:00:00,9.96,12.24,51.25,-3.75,51.25,-3.75
2025-07-21 21:00:00,9.21,11.36,51.25,-3.75,51.25,-3.75
2025-07-21 22:00:00,8.7,10.88,51.25,-3.75,51.25,-3.75
2025-07-21 23:00:00,8.65,10.64,51.25,-3.75,51.25,-3.75
2025-07-22 00:00:00,8.48,10.44,51.25,-3.75,51.25,-3.75
2025-07-22 01:00:00,8.36,10.23,51.25,-3.75,51.25,-3.75
2025-07-22 02:00:00,7.94,9.62,51.25,-3.75,51.25,-3.75
2025-07-22 03:00:00,7.6,9.17,51.25,-3.75,51.25,-3.75
2025-07-22 04:00:00,7.25,8.6,51.25,-3.75,51.25,-3.75
2025-07-22 05:00:00,6.62,7.84,51.25,-3.75,51.25,-3.75
2025-07-22 06:00:00,6.08,7.14,51.25,-3.75,51.25,-3.75
2025-07-22 07:00:00,6.02,6.82,51.25,-3.75,51.25,-3.75
2025-07-22 08:00:00,6.51,7.42,51.25,-3.75,51.25,-3.75
2025-07-22 09:00:00,7.06,8.0,51.25,-3.75,51.25,-3.75
2025-07-22 10:00:00,6.93,7.84,51.25,-3.75,51.25,-3.75
2025-07-22 11:00:00,7.1,8.06,51.25,-3.75,51.25,-3.75
2025-07-22 12:00:00,6.59,7.46,51.25,-3.75,51.25,-3.75
2025-07-22 13:00:00,6.53,7.4,51.25,-3.75,51.25,-3.75
2025-07-22 14:00:00,6.85,7.81,51.25,-3.75,51.25,-3.75
2025-07-22 15:00:00,6.82,7.74,51.25,-3.75,51.25,-3.75
2025-07-22 16:00:00,6.82,7.78,51.25,-3.75,51.25,-3.75
2025-07-22 17:00:00,6.91,7.93,51.25,-3.75,51.25,-3.75
2025-07-22 18:00:00,6.8,7.79,51.25,-3.75,51.25,-3.75
2025-07-22 19:00:00,6.54,7.51,51.25,-3.75,51.25,-3.75
2025-07-22 20:00:00,5.88,6.88,51.25,-3.75,51.25,-3.75
2025-07-22 21:00:00,5.33,6.22,51.25,-3.75,51.25,-3.75
2025-07-22 22:00:00,4.43,5.34,51.25,-3.75,51.25,-3.75
2025-07-22 23:00:00,4.1,4.86,51.25,-3.75,51.25,-3.75
2025-07-23 00:00:00,3.78,4.49,51.25,-3.75,51.25,-3.75
2025-07-23 01:00:00,3.78,4.45,51.25,-3.75,51.25,-3.75
2025-07-23 02:00:00,3.58,4.29,51.25,-3.75,51.25,-3.75
2025-07-23 03:00:00,3.08,3.83,51.25,-3.75,51.25,-3.75
2025-07-23 04:00:00,2.62,3.31,51.25,-3.75,51.25,-3.75
2025-07-23 05:00:00,2.36,2.9,51.25,-3.75,51.25,-3.75
2025-07-23 06:00:00,2.45,2.93,51.25,-3.75,51.25,-3.75
2025-07-23 07:00:00,2.83,3.17,51.25,-3.75,51.25,-3.75
2025-07-23 08:00:00,2.68,2.93,51.25,-3.75,51.25,-3.75
2025-07-23 09:00:00,2.26,2.44,51.25,-3.75,51.25,-3.75
2025-07-23 10:00:00,2.1,2.29,51.25,-3.75,51.25,-3.75
2025-07-23 11:00:00,3.0,3.27,51.25,-3.75,51.25,-3.75
2025-07-23 12:00:00,4.43,4.94,51.25,-3.75,51.25,-3.75
2025-07-23 13:00:00,5.43,6.16,51.25,-3.75,51.25,-3.75
2025-07-23 14:00:00,6.66,7.75,51.25,-3.75,51.25,-3.75
2025-07-23 15:00:00,7.28,8.57,51.25,-3.75,51.25,-3.75
2025-07-23 16:00:00,7.54,8.91,51.25,-3.75,51.25,-3.75
2025-07-23 17:00:00,7.6,9.05,51.25,-3.75,51.25,-3.75
2025-07-23 18:00:00,7.61,9.09,51.25,-3.75,51.25,-3.75
2025-07-23 19:00:00,7.48,9.0,51.25,-3.75,51.25,-3.75
2025-07-23 20:00:00,7.32,8.99,51.25,-3.75,51.25,-3.75
2025-07-23 21:00:00,6.87,8.45,51.25,-3.75,51.25,-3.75
2025-07-23 22:00:00,6.53,7.98,51.25,-3.75,51.25,-3.75
2025-07-23 23:00:00,6.19,7.47,51.25,-3.75,51.25,-3.75
2025-07-24 00:00:00,5.81,7.03,51.25,-3.75,51.25,-3.75
2025-07-24 01:00:00,5.48,6.62,51.25,-3.75,51.25,-3.75
2025-07-24 02:00:00,5.51,6.52,51.25,-3.75,51.25,-3.75
2025-07-24 03:00:00,5.2,6.14,51.25,-3.75,51.25,-3.75
2025-07-24 04:00:00,4.66,5.49,51.25,-3.75,51.25,-3.75
2025-07-24 05:00:00,4.78,5.68,51.25,-3.75,51.25,-3.75
2025-07-24 06:00:00,4.79,5.58,51.25,-3.75,51.25,-3.75
2025-07-24 07:00:00,4.07,4.61,51.25,-3.75,51.25,-3.75
2025-07-24 08:00:00,3.26,3.59,51.25,-3.75,51.25,-3.75
2025-07-24 09:00:00,3.24,3.51,51.25,-3.75,51.25,-3.75
2025-07-24 10:00:00,3.12,3.38,51.25,-3.75,51.25,-3.75
2025-07-24 11:00:00,3.22,3.47,51.25,-3.75,51.25,-3.75
2025-07-24 12:00:00,3.22,3.44,51.25,-3.75,51.25,-3.75
2025-07-24 13:00:00,3.97,4.27,51.25,-3.75,51.25,-3.75
2025-07-24 14:00:00,5.53,6.11,51.25,-3.75,51.25,-3.75
2025-07-24 15:00:00,6.46,7.42,51.25,-3.75,51.25,-3.75
2025-07-24 16:00:00,6.64,7.66,51.25,-3.75,51.25,-3.75
2025-07-24 17:00:00,6.36,7.36,51.25,-3.75,51.25,-3.75
2025-07-24 18:00:00,6.15,7.22,51.25,-3.75,51.25,-3.75
2025-07-24 19:00:00,5.48,6.53,51.25,-3.75,51.25,-3.75
2025-07-24 20:00:00,4.94,6.15,51.25,-3.75,51.25,-3.75
2025-07-24 21:00:00,5.64,7.06,51.25,-3.75,51.25,-3.75
2025-07-24 22:00:00,5.62,6.95,51.25,-3.75,51.25,-3.75
2025-07-24 23:00:00,4.82,5.92,51.25,-3.75,51.25,-3.75
2025-07-25 00:00:00,3.92,4.65,51.25,-3.75,51.25,-3.75
2025-07-25 01:00:00,3.56,4.14,51.25,-3.75,51.25,-3.75
2025-07-25 02:00:00,4.0,4.62,51.25,-3.75,51.25,-3.75
2025-07-25 03:00:00,4.3,4.94,51.25,-3.75,51.25,-3.75
2025-07-25 04:00:00,4.41,5.08,51.25,-3.75,51.25,-3.75
2025-07-25 05:00:00,4.74,5.58,51.25,-3.75,51.25,-3.75
2025-07-25 06:00:00,4.92,5.84,51.25,-3.75,51.25,-3.75
2025-07-25 07:00:00,4.46,5.04,51.25,-3.75,51.25,-3.75
2025-07-25 08:00:00,3.65,3.99,51.25,-3.75,51.25,-3.75
2025-07-25 09:00:00,3.98,4.29,51.25,-3.75,51.25,-3.75
2025-07-25 10:00:00,4.08,4.48,51.25,-3.75,51.25,-3.75
2025-07-25 11:00:00,4.56,5.06,51.25,-3.75,51.25,-3.75
2025-07-25 12:00:00,4.75,5.24,51.25,-3.75,51.25,-3.75
2025-07-25 13:00:00,5.15,5.69,51.25,-3.75,51.25,-3.75
2025-07-25 14:00:00,5.75,6.42,51.25,-3.75,51.25,-3.75
2025-07-25 15:00:00,5.97,6.8,51.25,-3.75,51.25,-3.75
2025-07-25 16:00:00,5.93,6.76,51.25,-3.75,51.25,-3.75
2025-07-25 17:00:00,6.35,7.23,51.25,-3.75,51.25,-3.75
2025-07-25 18:00:00,6.19,7.14,51.25,-3.75,51.25,-3.75
2025-07-25 19:00:00,5.62,6.62,51.25,-3.75,51.25,-3.75
2025-07-25 20:00:00,5.3,6.31,51.25,-3.75,51.25,-3.75
2025-07-25 21:00:00,5.3,6.3,51.25,-3.75,51.25,-3.75
2025-07-25 22:00:00,5.3,6.35,51.25,-3.75,51.25,-3.75
2025-07-25 23:00:00,5.3,6.21,51.25,-3.75,51.25,-3.75
2025-07-26 00:00:00,5.11,6.07,51.25,-3.75,51.25,-3.75
2025-07-26 01:00:00,5.48,6.44,51.25,-3.75,51.25,-3.75
2025-07-26 02:00:00,6.15,7.1,51.25,-3.75,51.25,-3.75
2025-07-26 03:00:00,5.92,7.07,51.25,-3.75,51.25,-3.75
2025-07-26 04:00:00,5.41,6.7,51.25,-3.75,51.25,-3.75
2025-07-26 05:00:00,5.6,6.66,51.25,-3.75,51.25,-3.75
2025-07-26 06:00:00,5.54,6.57,51.25,-3.75,51.25,-3.75
2025-07-26 07:00:00,5.39,6.42,51.25,-3.75,51.25,-3.75
2025-07-26 08:00:00,4.92,5.69,51.25,-3.75,51.25,-3.75
2025-07-26 09:00:00,4.99,5.69,51.25,-3.75,51.25,-3.75
2025-07-26 10:00:00,4.99,5.71,51.25,-3.75,51.25,-3.75
2025-07-26 11:00:00,5.7,6.46,51.25,-3.75,51.25,-3.75
2025-07-26 12:00:00,5.84,6.55,51.25,-3.75,51.25,-3.75
2025-07-26 13:00:00,6.69,7.54,51.25,-3.75,51.25,-3.75
2025-07-26 14:00:00,7.51,8.54,51.25,-3.75,51.25,-3.75
2025-07-26 15:00:00,7.75,8.88,51.25,-3.75,51.25,-3.75
2025-07-26 16:00:00,8.07,9.32,51.25,-3.75,51.25,-3.75
2025-07-26 17:00:00,8.04,9.37,51.25,-3.75,51.25,-3.75
2025-07-26 18:00:00,8.05,9.43,51.25,-3.75,51.25,-3.75
2025-07-26 19:00:00,8.11,9.62,51.25,-3.75,51.25,-3.75
2025-07-26 20:00:00,8.02,9.64,51.25,-3.75,51.25,-3.75
2025-07-26 21:00:00,7.66,9.25,51.25,-3.75,51.25,-3.75
2025-07-26 22:00:00,5.9,6.97,51.25,-3.75,51.25,-3.75
2025-07-26 23:00:00,5.04,5.96,51.25,-3.75,51.25,-3.75
2025-07-27 00:00:00,4.54,5.42,51.25,-3.75,51.25,-3.75
2025-07-27 01:00:00,3.82,4.58,51.25,-3.75,51.25,-3.75
2025-07-27 02:00:00,3.33,4.0,51.25,-3.75,51.25,-3.75
2025-07-27 03:00:00,2.98,3.66,51.25,-3.75,51.25,-3.75
2025-07-27 04:00:00,3.04,3.64,51.25,-3.75,51.25,-3.75
2025-07-27 05:00:00,3.26,3.86,51.25,-3.75,51.25,-3.75
2025-07-27 06:00:00,2.95,3.4,51.25,-3.75,51.25,-3.75
2025-07-27 07:00:00,2.47,2.77,51.25,-3.75,51.25,-3.75
2025-07-27 08:00:00,1.72,1.87,51.25,-3.75,51.25,-3.75
2025-07-27 09:00:00,0.86,0.86,51.25,-3.75,51.25,-3.75
2025-07-27 10:00:00,0.96,1.05,51.25,-3.75,51.25,-3.75
2025-07-27 11:00:00,2.1,2.25,51.25,-3.75,51.25,-3.75
2025-07-27 12:00:00,2.93,3.15,51.25,-3.75,51.25,-3.75
2025-07-27 13:00:00,3.08,3.38,51.25,-3.75,51.25,-3.75
2025-07-27 14:00:00,3.09,3.38,51.25,-3.75,51.25,-3.75
2025-07-27 15:00:00,3.8,4.16,51.25,-3.75,51.25,-3.75
2025-07-27 16:00:00,4.86,5.42,51.25,-3.75,51.25,-3.75
2025-07-27 17:00:00,5.4,6.13,51.25,-3.75,51.25,-3.75
2025-07-27 18:00:00,5.81,6.68,51.25,-3.75,51.25,-3.75
2025-07-27 19:00:00,6.08,7.13,51.25,-3.75,51.25,-3.75
2025-07-27 20:00:00,5.98,7.11,51.25,-3.75,51.25,-3.75
2025-07-27 21:00:00,5.66,6.72,51.25,-3.75,51.25,-3.75
2025-07-27 22:00:00,5.61,6.67,51.25,-3.75,51.25,-3.75
2025-07-27 23:00:00,5.26,6.36,51.25,-3.75,51.25,-3.75
2025-07-28 00:00:00,4.71,5.79,51.25,-3.75,51.25,-3.75
2025-07-28 01:00:00,4.1,4.97,51.25,-3.75,51.25,-3.75
2025-07-28 02:00:00,4.0,4.83,51.25,-3.75,51.25,-3.75
2025-07-28 03:00:00,4.02,4.92,51.25,-3.75,51.25,-3.75
2025-07-28 04:00:00,3.52,4.31,51.25,-3.75,51.25,-3.75
2025-07-28 05:00:00,3.27,4.0,51.25,-3.75,51.25,-3.75
2025-07-28 06:00:00,3.62,4.32,51.25,-3.75,51.25,-3.75
2025-07-28 07:00:00,3.95,4.57,51.25,-3.75,51.25,-3.75
2025-07-28 08:00:00,4.03,4.52,51.25,-3.75,51.25,-3.75
2025-07-28 09:00:00,4.04,4.48,51.25,-3.75,51.25,-3.75
2025-07-28 10:00:00,4.16,4.6,51.25,-3.75,51.25,-3.75
2025-07-28 11:00:00,4.64,5.17,51.25,-3.75,51.25,-3.75
2025-07-28 12:00:00,5.61,6.28,51.25,-3.75,51.25,-3.75
2025-07-28 13:00:00,6.38,7.24,51.25,-3.75,51.25,-3.75
2025-07-28 14:00:00,6.63,7.55,51.25,-3.75,51.25,-3.75
2025-07-28 15:00:00,7.17,8.26,51.25,-3.75,51.25,-3.75
2025-07-28 16:00:00,7.59,8.8,51.25,-3.75,51.25,-3.75
2025-07-28 17:00:00,7.68,8.9,51.25,-3.75,51.25,-3.75
2025-07-28 18:00:00,7.64,8.94,51.25,-3.75,51.25,-3.75
2025-07-28 19:00:00,7.3,8.61,51.25,-3.75,51.25,-3.75
2025-07-28 20:00:00,6.82,8.25,51.25,-3.75,51.25,-3.75
2025-07-28 21:00:00,6.09,7.42,51.25,-3.75,51.25,-3.75
2025-07-28 22:00:00,6.04,7.21,51.25,-3.75,51.25,-3.75
2025-07-28 23:00:00,5.3,6.36,51.25,-3.75,51.25,-3.75
2025-07-29 00:00:00,4.88,5.78,51.25,-3.75,51.25,-3.75
2025-07-29 01:00:00,4.86,5.82,51.25,-3.75,51.25,-3.75
2025-07-29 02:00:00,4.79,5.94,51.25,-3.75,51.25,-3.75
2025-07-29 03:00:00,4.9,6.05,51.25,-3.75,51.25,-3.75
2025-07-29 04:00:00,5.3,6.47,51.25,-3.75,51.25,-3.75
2025-07-29 05:00:00,5.0,6.37,51.25,-3.75,51.25,-3.75
2025-07-29 06:00:00,5.47,6.64,51.25,-3.75,51.25,-3.75
2025-07-29 07:00:00,6.0,7.35,51.25,-3.75,51.25,-3.75
2025-07-29 08:00:00,7.3,9.24,51.25,-3.75,51.25,-3.75
2025-07-29 09:00:00,8.22,10.46,51.25,-3.75,51.25,-3.75
2025-07-29 10:00:00,8.84,10.85,51.25,-3.75,51.25,-3.75
2025-07-29 11:00:00,8.49,9.97,51.25,-3.75,51.25,-3.75
2025-07-29 12:00:00,8.27,9.78,51.25,-3.75,51.25,-3.75
2025-07-29 13:00:00,7.51,8.85,51.25,-3.75,51.25,-3.75
2025-07-29 14:00:00,7.35,8.61,51.25,-3.75,51.25,-3.75
2025-07-29 15:00:00,7.49,8.85,51.25,-3.75,51.25,-3.75
2025-07-29 16:00:00,7.91,9.44,51.25,-3.75,51.25,-3.75
2025-07-29 17:00:00,7.98,9.65,51.25,-3.75,51.25,-3.75
2025-07-29 18:00:00,7.56,9.19,51.25,-3.75,51.25,-3.75
2025-07-29 19:00:00,7.14,8.59,51.25,-3.75,51.25,-3.75
2025-07-29 20:00:00,6.99,8.64,51.25,-3.75,51.25,-3.75
2025-07-29 21:00:00,6.95,8.54,51.25,-3.75,51.25,-3.75
2025-07-29 22:00:00,6.45,7.96,51.25,-3.75,51.25,-3.75
2025-07-29 23:00:00,6.01,7.43,51.25,-3.75,51.25,-3.75
2025-07-30 00:00:00,5.15,6.45,51.25,-3.75,51.25,-3.75
2025-07-30 01:00:00,4.67,5.87,51.25,-3.75,51.25,-3.75
2025-07-30 02:00:00,4.42,5.52,51.25,-3.75,51.25,-3.75
2025-07-30 03:00:00,3.92,4.89,51.25,-3.75,51.25,-3.75
2025-07-30 04:00:00,3.61,4.53,51.25,-3.75,51.25,-3.75
2025-07-30 05:00:00,3.38,4.39,51.25,-3.75,51.25,-3.75
2025-07-30 06:00:00,3.43,4.3,51.25,-3.75,51.25,-3.75
2025-07-30 07:00:00,3.39,3.91,51.25,-3.75,51.25,-3.75
2025-07-30 08:00:00,3.43,3.87,51.25,-3.75,51.25,-3.75
2025-07-30 09:00:00,3.72,4.16,51.25,-3.75,51.25,-3.75
2025-07-30 10:00:00,4.15,4.58,51.25,-3.75,51.25,-3.75
2025-07-30 11:00:00,5.05,5.69,51.25,-3.75,51.25,-3.75
2025-07-30 12:00:00,5.59,6.27,51.25,-3.75,51.25,-3.75
2025-07-30 13:00:00,5.98,6.69,51.25,-3.75,51.25,-3.75
2025-07-30 14:00:00,7.16,8.19,51.25,-3.75,51.25,-3.75
2025-07-30 15:00:00,7.6,8.69,51.25,-3.75,51.25,-3.75
2025-07-30 16:00:00,7.52,8.61,51.25,-3.75,51.25,-3.75
2025-07-30 17:00:00,7.86,9.05,51.25,-3.75,51.25,-3.75
2025-07-30 18:00:00,8.05,9.4,51.25,-3.75,51.25,-3.75
2025-07-30 19:00:00,7.64,9.04,51.25,-3.75,51.25,-3.75
2025-07-30 20:00:00,7.39,8.86,51.25,-3.75,51.25,-3.75
2025-07-30 21:00:00,6.83,8.21,51.25,-3.75,51.25,-3.75
2025-07-30 22:00:00,6.42,7.95,51.25,-3.75,51.25,-3.75
2025-07-30 23:00:00,6.76,8.41,51.25,-3.75,51.25,-3.75
2025-07-31 00:00:00,7.09,9.19,51.25,-3.75,51.25,-3.75
2025-07-31 01:00:00,7.46,9.42,51.25,-3.75,51.25,-3.75
2025-07-31 02:00:00,7.72,9.82,51.25,-3.75,51.25,-3.75
2025-07-31 03:00:00,7.33,9.75,51.25,-3.75,51.25,-3.75
2025-07-31 04:00:00,6.74,9.35,51.25,-3.75,51.25,-3.75
2025-07-31 05:00:00,6.62,8.48,51.25,-3.75,51.25,-3.75
2025-07-31 06:00:00,6.17,7.67,51.25,-3.75,51.25,-3.75
2025-07-31 07:00:00,5.63,7.23,51.25,-3.75,51.25,-3.75
2025-07-31 08:00:00,5.33,6.46,51.25,-3.75,51.25,-3.75
2025-07-31 09:00:00,5.17,6.24,51.25,-3.75,51.25,-3.75
2025-07-31 10:00:00,5.06,6.15,51.25,-3.75,51.25,-3.75
2025-07-31 11:00:00,5.91,6.85,51.25,-3.75,51.25,-3.75
2025-07-31 12:00:00,6.1,7.01,51.25,-3.75,51.25,-3.75
2025-07-31 13:00:00,5.84,6.66,51.25,-3.75,51.25,-3.75
2025-07-31 14:00:00,5.82,6.68,51.25,-3.75,51.25,-3.75
2025-07-31 15:00:00,6.18,7.18,51.25,-3.75,51.25,-3.75
2025-07-31 16:00:00,6.78,8.09,51.25,-3.75,51.25,-3.75
2025-07-31 17:00:00,6.75,8.17,51.25,-3.75,51.25,-3.75
2025-07-31 18:00:00,6.8,8.5,51.25,-3.75,51.25,-3.75
2025-07-31 19:00:00,6.49,8.49,51.25,-3.75,51.25,-3.75
2025-07-31 20:00:00,6.55,8.86,51.25,-3.75,51.25,-3.75
2025-07-31 21:00:00,6.7,8.74,51.25,-3.75,51.25,-3.75
2025-07-31 22:00:00,6.35,8.19,51.25,-3.75,51.25,-3.75
2025-07-31 23:00:00,5.93,7.59,51.25,-3.75,51.25,-3.75
2025-08-01 00:00:00,5.99,7.45,51.25,-3.75,51.25,-3.75
2025-08-01 01:00:00,6.04,7.41,51.25,-3.75,51.25,-3.75
2025-08-01 02:00:00,6.07,7.42,51.25,-3.75,51.25,-3.75
2025-08-01 03:00:00,6.45,7.84,51.25,-3.75,51.25,-3.75
2025-08-01 04:00:00,6.76,8.16,51.25,-3.75,51.25,-3.75
2025-08-01 05:00:00,6.96,8.43,51.25,-3.75,51.25,-3.75
2025-08-01 06:00:00,7.45,8.96,51.25,-3.75,51.25,-3.75
2025-08-01 07:00:00,8.08,9.51,51.25,-3.75,51.25,-3.75
2025-08-01 08:00:00,8.23,9.55,51.25,-3.75,51.25,-3.75
2025-08-01 09:00:00,8.08,9.39,51.25,-3.75,51.25,-3.75
2025-08-01 10:00:00,7.72,8.89,51.25,-3.75,51.25,-3.75
2025-08-01 11:00:00,6.98,8.05,51.25,-3.75,51.25,-3.75
2025-08-01 12:00:00,6.64,7.63,51.25,-3.75,51.25,-3.75
2025-08-01 13:00:00,6.62,7.63,51.25,-3.75,51.25,-3.75
2025-08-01 14:00:00,7.35,8.49,51.25,-3.75,51.25,-3.75
2025-08-01 15:00:00,7.61,8.84,51.25,-3.75,51.25,-3.75
2025-08-01 16:00:00,7.82,9.14,51.25,-3.75,51.25,-3.75
2025-08-01 17:00:00,8.06,9.36,51.25,-3.75,51.25,-3.75
2025-08-01 18:00:00,8.15,9.51,51.25,-3.75,51.25,-3.75
2025-08-01 19:00:00,7.9,9.39,51.25,-3.75,51.25,-3.75
2025-08-01 20:00:00,7.69,9.31,51.25,-3.75,51.25,-3.75
2025-08-01 21:00:00,7.16,8.7,51.25,-3.75,51.25,-3.75
2025-08-01 22:00:00,6.6,8.06,51.25,-3.75,51.25,-3.75
2025-08-01 23:00:00,6.29,7.62,51.25,-3.75,51.25,-3.75
2025-08-02 00:00:00,6.16,7.45,51.25,-3.75,51.25,-3.75
2025-08-02 01:00:00,5.84,7.07,51.25,-3.75,51.25,-3.75
2025-08-02 02:00:00,5.31,6.48,51.25,-3.75,51.25,-3.75
2025-08-02 03:00:00,5.15,6.34,51.25,-3.75,51.25,-3.75
2025-08-02 04:00:00,4.88,5.96,51.25,-3.75,51.25,-3.75
2025-08-02 05:00:00,4.92,6.02,51.25,-3.75,51.25,-3.75
2025-08-02 06:00:00,4.65,5.61,51.25,-3.75,51.25,-3.75
2025-08-02 07:00:00,4.45,5.01,51.25,-3.75,51.25,-3.75
2025-08-02 08:00:00,4.0,4.47,51.25,-3.75,51.25,-3.75
2025-08-02 09:00:00,3.58,3.89,51.25,-3.75,51.25,-3.75
2025-08-02 10:00:00,3.15,3.43,51.25,-3.75,51.25,-3.75
2025-08-02 11:00:00,3.78,4.09,51.25,-3.75,51.25,-3.75
2025-08-02 12:00:00,5.04,5.52,51.25,-3.75,51.25,-3.75
2025-08-02 13:00:00,5.71,6.33,51.25,-3.75,51.25,-3.75
2025-08-02 14:00:00,6.04,6.76,51.25,-3.75,51.25,-3.75
2025-08-02 15:00:00,6.49,7.25,51.25,-3.75,51.25,-3.75
2025-08-02 16:00:00,6.43,7.21,51.25,-3.75,51.25,-3.75
2025-08-02 17:00:00,6.42,7.25,51.25,-3.75,51.25,-3.75
2025-08-02 18:00:00,6.94,7.91,51.25,-3.75,51.25,-3.75
2025-08-02 19:00:00,7.06,8.12,51.25,-3.75,51.25,-3.75
2025-08-02 20:00:00,6.92,8.15,51.25,-3.75,51.25,-3.75
2025-08-02 21:00:00,6.53,7.65,51.25,-3.75,51.25,-3.75
2025-08-02 22:00:00,6.8,8.01,51.25,-3.75,51.25,-3.75
2025-08-02 23:00:00,6.73,7.94,51.25,-3.75,51.25,-3.75
2025-08-03 00:00:00,6.37,7.58,51.25,-3.75,51.25,-3.75
2025-08-03 01:00:00,6.01,7.32,51.25,-3.75,51.25,-3.75
2025-08-03 02:00:00,6.05,7.4,51.25,-3.75,51.25,-3.75
2025-08-03 03:00:00,6.89,8.35,51.25,-3.75,51.25,-3.75
2025-08-03 04:00:00,7.35,9.11,51.25,-3.75,51.25,-3.75
2025-08-03 05:00:00,8.33,10.53,51.25,-3.75,51.25,-3.75
2025-08-03 06:00:00,8.94,11.07,51.25,-3.75,51.25,-3.75
2025-08-03 07:00:00,9.47,11.55,51.25,-3.75,51.25,-3.75
2025-08-03 08:00:00,9.68,12.46,51.25,-3.75,51.25,-3.75
2025-08-03 09:00:00,9.9,13.08,51.25,-3.75,51.25,-3.75
2025-08-03 10:00:00,10.0,12.55,51.25,-3.75,51.25,-3.75
2025-08-03 11:00:00,9.68,12.61,51.25,-3.75,51.25,-3.75
2025-08-03 12:00:00,8.47,10.83,51.25,-3.75,51.25,-3.75
2025-08-03 13:00:00,7.46,9.29,51.25,-3.75,51.25,-3.75
2025-08-03 14:00:00,7.25,8.66,51.25,-3.75,51.25,-3.75
2025-08-03 15:00:00,7.95,9.45,51.25,-3.75,51.25,-3.75
2025-08-03 16:00:00,8.15,9.75,51.25,-3.75,51.25,-3.75
2025-08-03 17:00:00,8.2,9.8,51.25,-3.75,51.25,-3.75
2025-08-03 18:00:00,7.95,9.46,51.25,-3.75,51.25,-3.75
2025-08-03 19:00:00,7.41,8.91,51.25,-3.75,51.25,-3.75
2025-08-03 20:00:00,7.05,8.5,51.25,-3.75,51.25,-3.75
2025-08-03 21:00:00,6.68,8.13,51.25,-3.75,51.25,-3.75
2025-08-03 22:00:00,5.99,7.34,51.25,-3.75,51.25,-3.75
2025-08-03 23:00:00,6.4,7.98,51.25,-3.75,51.25,-3.75
2025-08-04 00:00:00,7.72,9.42,51.25,-3.75,51.25,-3.75
2025-08-04 01:00:00,8.43,10.23,51.25,-3.75,51.25,-3.75
2025-08-04 02:00:00,7.83,9.57,51.25,-3.75,51.25,-3.75
2025-08-04 03:00:00,7.81,9.61,51.25,-3.75,51.25,-3.75
2025-08-04 04:00:00,8.7,10.74,51.25,-3.75,51.25,-3.75
2025-08-04 05:00:00,8.61,12.23,51.25,-3.75,51.25,-3.75
2025-08-04 06:00:00,8.62,12.13,51.25,-3.75,51.25,-3.75
2025-08-04 07:00:00,8.77,12.73,51.25,-3.75,51.25,-3.75
2025-08-04 08:00:00,11.28,15.82,51.25,-3.75,51.25,-3.75
2025-08-04 09:00:00,12.12,17.53,51.25,-3.75,51.25,-3.75
2025-08-04 10:00:00,12.09,15.94,51.25,-3.75,51.25,-3.75
2025-08-04 11:00:00,13.03,16.88,51.25,-3.75,51.25,-3.75
2025-08-04 12:00:00,13.38,17.33,51.25,-3.75,51.25,-3.75
2025-08-04 13:00:00,12.16,17.08,51.25,-3.75,51.25,-3.75
2025-08-04 14:00:00,11.1,14.07,51.25,-3.75,51.25,-3.75
2025-08-04 15:00:00,10.91,13.31,51.25,-3.75,51.25,-3.75
2025-08-04 16:00:00,10.58,12.7,51.25,-3.75,51.25,-3.75
2025-08-04 17:00:00,9.96,11.96,51.25,-3.75,51.25,-3.75
2025-08-04 18:00:00,9.77,11.75,51.25,-3.75,51.25,-3.75
2025-08-04 19:00:00,9.8,11.91,51.25,-3.75,51.25,-3.75
2025-08-04 20:00:00,9.8,12.14,51.25,-3.75,51.25,-3.75
2025-08-04 21:00:00,9.88,12.19,51.25,-3.75,51.25,-3.75
2025-08-04 22:00:00,9.13,11.16,51.25,-3.75,51.25,-3.75
2025-08-04 23:00:00,9.48,11.61,51.25,-3.75,51.25,-3.75
2025-08-05 00:00:00,10.15,12.5,51.25,-3.75,51.25,-3.75
2025-08-05 01:00:00,10.72,13.11,51.25,-3.75,51.25,-3.75
2025-08-05 02:00:00,10.93,13.41,51.25,-3.75,51.25,-3.75
2025-08-05 03:00:00,11.15,13.61,51.25,-3.75,51.25,-3.75
2025-08-05 04:00:00,11.52,14.02,51.25,-3.75,51.25,-3.75
2025-08-05 05:00:00,11.44,13.92,51.25,-3.75,51.25,-3.75
2025-08-05 06:00:00,11.31,13.77,51.25,-3.75,51.25,-3.75
2025-08-05 07:00:00,11.67,14.1,51.25,-3.75,51.25,-3.75
2025-08-05 08:00:00,11.91,14.31,51.25,-3.75,51.25,-3.75
2025-08-05 09:00:00,11.46,13.68,51.25,-3.75,51.25,-3.75
2025-08-05 10:00:00,10.05,11.75,51.25,-3.75,51.25,-3.75
2025-08-05 11:00:00,9.62,11.23,51.25,-3.75,51.25,-3.75
2025-08-05 12:00:00,9.55,11.19,51.25,-3.75,51.25,-3.75
2025-08-05 13:00:00,9.3,10.89,51.25,-3.75,51.25,-3.75
2025-08-05 14:00:00,8.99,10.53,51.25,-3.75,51.25,-3.75
2025-08-05 15:00:00,8.69,10.11,51.25,-3.75,51.25,-3.75
2025-08-05 16:00:00,8.11,9.46,51.25,-3.75,51.25,-3.75
2025-08-05 17:00:00,7.83,9.09,51.25,-3.75,51.25,-3.75
2025-08-05 18:00:00,7.56,8.78,51.25,-3.75,51.25,-3.75
2025-08-05 19:00:00,7.29,8.67,51.25,-3.75,51.25,-3.75
2025-08-05 20:00:00,6.98,8.4,51.25,-3.75,51.25,-3.75
2025-08-05 21:00:00,6.67,8.09,51.25,-3.75,51.25,-3.75
2025-08-05 22:00:00,6.42,7.7,51.25,-3.75,51.25,-3.75
2025-08-05 23:00:00,6.09,7.29,51.25,-3.75,51.25,-3.75
2025-08-06 00:00:00,4.9,6.06,51.25,-3.75,51.25,-3.75
2025-08-06 01:00:00,3.61,4.49,51.25,-3.75,51.25,-3.75
2025-08-06 02:00:00,2.76,3.26,51.25,-3.75,51.25,-3.75
2025-08-06 03:00:00,2.45,2.69,51.25,-3.75,51.25,-3.75
2025-08-06 04:00:00,2.16,2.39,51.25,-3.75,51.25,-3.75
2025-08-06 05:00:00,1.88,2.1,51.25,-3.75,51.25,-3.75
2025-08-06 06:00:00,0.96,1.25,51.25,-3.75,51.25,-3.75
2025-08-06 07:00:00,0.86,1.1,51.25,-3.75,51.25,-3.75
2025-08-06 08:00:00,1.82,1.98,51.25,-3.75,51.25,-3.75
2025-08-06 09:00:00,1.59,1.77,51.25,-3.75,51.25,-3.75
2025-08-06 10:00:00,1.82,1.93,51.25,-3.75,51.25,-3.75
2025-08-06 11:00:00,2.45,2.6,51.25,-3.75,51.25,-3.75
2025-08-06 12:00:00,2.67,2.8,51.25,-3.75,51.25,-3.75
2025-08-06 13:00:00,3.21,3.4,51.25,-3.75,51.25,-3.75
2025-08-06 14:00:00,3.78,4.05,51.25,-3.75,51.25,-3.75
2025-08-06 15:00:00,4.15,4.48,51.25,-3.75,51.25,-3.75
2025-08-06 16:00:00,4.6,5.02,51.25,-3.75,51.25,-3.75
2025-08-06 17:00:00,4.12,4.51,51.25,-3.75,51.25,-3.75
2025-08-06 18:00:00,3.01,3.32,51.25,-3.75,51.25,-3.75
2025-08-06 19:00:00,1.68,1.82,51.25,-3.75,51.25,-3.75
2025-08-06 20:00:00,1.44,1.58,51.25,-3.75,51.25,-3.75
2025-08-06 21:00:00,2.09,2.55,51.25,-3.75,51.25,-3.75
2025-08-06 22:00:00,2.71,3.36,51.25,-3.75,51.25,-3.75
2025-08-06 23:00:00,3.46,4.43,51.25,-3.75,51.25,-3.75
2025-08-07 00:00:00,5.36,6.54,51.25,-3.75,51.25,-3.75
2025-08-07 01:00:00,5.88,7.11,51.25,-3.75,51.25,-3.75
2025-08-07 02:00:00,6.4,7.82,51.25,-3.75,51.25,-3.75
2025-08-07 03:00:00,6.98,8.64,51.25,-3.75,51.25,-3.75
2025-08-07 04:00:00,7.57,9.47,51.25,-3.75,51.25,-3.75
2025-08-07 05:00:00,8.32,10.29,51.25,-3.75,51.25,-3.75
2025-08-07 06:00:00,8.56,10.57,51.25,-3.75,51.25,-3.75
2025-08-07 07:00:00,9.51,11.7,51.25,-3.75,51.25,-3.75
2025-08-07 08:00:00,9.95,12.14,51.25,-3.75,51.25,-3.75
2025-08-07 09:00:00,10.02,12.28,51.25,-3.75,51.25,-3.75
2025-08-07 10:00:00,7.96,10.29,51.25,-3.75,51.25,-3.75
2025-08-07 11:00:00,8.97,11.44,51.25,-3.75,51.25,-3.75
2025-08-07 12:00:00,8.53,11.15,51.25,-3.75,51.25,-3.75
2025-08-07 13:00:00,8.11,10.58,51.25,-3.75,51.25,-3.75
2025-08-07 14:00:00,7.96,10.42,51.25,-3.75,51.25,-3.75
2025-08-07 15:00:00,7.74,9.86,51.25,-3.75,51.25,-3.75
2025-08-07 16:00:00,7.46,9.21,51.25,-3.75,51.25,-3.75
2025-08-07 17:00:00,7.45,8.86,51.25,-3.75,51.25,-3.75
2025-08-07 18:00:00,8.0,9.5,51.25,-3.75,51.25,-3.75
2025-08-07 19:00:00,8.52,10.17,51.25,-3.75,51.25,-3.75
2025-08-07 20:00:00,8.62,10.36,51.25,-3.75,51.25,-3.75
2025-08-07 21:00:00,8.46,10.2,51.25,-3.75,51.25,-3.75
2025-08-07 22:00:00,8.4,10.25,51.25,-3.75,51.25,-3.75
2025-08-07 23:00:00,8.1,9.95,51.25,-3.75,51.25,-3.75
2025-08-08 00:00:00,8.15,9.91,51.25,-3.75,51.25,-3.75
2025-08-08 01:00:00,8.11,9.86,51.25,-3.75,51.25,-3.75
2025-08-08 02:00:00,7.89,9.53,51.25,-3.75,51.25,-3.75
2025-08-08 03:00:00,7.11,8.53,51.25,-3.75,51.25,-3.75
2025-08-08 04:00:00,6.07,7.34,51.25,-3.75,51.25,-3.75
2025-08-08 05:00:00,5.46,6.6,51.25,-3.75,51.25,-3.75
2025-08-08 06:00:00,5.14,6.06,51.25,-3.75,51.25,-3.75
2025-08-08 07:00:00,4.82,5.43,51.25,-3.75,51.25,-3.75
2025-08-08 08:00:00,4.92,5.55,51.25,-3.75,51.25,-3.75
2025-08-08 09:00:00,5.23,5.9,51.25,-3.75,51.25,-3.75
2025-08-08 10:00:00,4.95,5.5,51.25,-3.75,51.25,-3.75
2025-08-08 11:00:00,5.45,6.05,51.25,-3.75,51.25,-3.75
2025-08-08 12:00:00,5.61,6.2,51.25,-3.75,51.25,-3.75
2025-08-08 13:00:00,5.76,6.41,51.25,-3.75,51.25,-3.75
2025-08-08 14:00:00,5.9,6.55,51.25,-3.75,51.25,-3.75
2025-08-08 15:00:00,5.9,6.6,51.25,-3.75,51.25,-3.75
2025-08-08 16:00:00,6.07,6.91,51.25,-3.75,51.25,-3.75
2025-08-08 17:00:00,6.22,7.07,51.25,-3.75,51.25,-3.75
2025-08-08 18:00:00,6.01,6.86,51.25,-3.75,51.25,-3.75
2025-08-08 19:00:00,5.7,6.6,51.25,-3.75,51.25,-3.75
2025-08-08 20:00:00,5.65,6.7,51.25,-3.75,51.25,-3.75
2025-08-08 21:00:00,5.63,6.79,51.25,-3.75,51.25,-3.75
2025-08-08 22:00:00,5.79,7.13,51.25,-3.75,51.25,-3.75
2025-08-08 23:00:00,5.82,7.23,51.25,-3.75,51.25,-3.75
2025-08-09 00:00:00,6.16,7.58,51.25,-3.75,51.25,-3.75
2025-08-09 01:00:00,6.35,7.82,51.25,-3.75,51.25,-3.75
2025-08-09 02:00:00,6.53,8.04,51.25,-3.75,51.25,-3.75
2025-08-09 03:00:00,7.18,8.78,51.25,-3.75,51.25,-3.75
2025-08-09 04:00:00,7.79,9.46,51.25,-3.75,51.25,-3.75
2025-08-09 05:00:00,8.05,9.85,51.25,-3.75,51.25,-3.75
2025-08-09 06:00:00,8.15,9.83,51.25,-3.75,51.25,-3.75
2025-08-09 07:00:00,8.31,9.88,51.25,-3.75,51.25,-3.75
2025-08-09 08:00:00,8.63,10.2,51.25,-3.75,51.25,-3.75
2025-08-09 09:00:00,8.66,10.23,51.25,-3.75,51.25,-3.75
2025-08-09 10:00:00,7.8,9.11,51.25,-3.75,51.25,-3.75
2025-08-09 11:00:00,8.06,9.48,51.25,-3.75,51.25,-3.75
2025-08-09 12:00:00,8.52,9.98,51.25,-3.75,51.25,-3.75
2025-08-09 13:00:00,8.4,9.9,51.25,-3.75,51.25,-3.75
2025-08-09 14:00:00,8.5,9.95,51.25,-3.75,51.25,-3.75
2025-08-09 15:00:00,8.9,10.5,51.25,-3.75,51.25,-3.75
2025-08-09 16:00:00,9.05,10.7,51.25,-3.75,51.25,-3.75
2025-08-09 17:00:00,8.95,10.65,51.25,-3.75,51.25,-3.75
2025-08-09 18:00:00,8.61,10.21,51.25,-3.75,51.25,-3.75
2025-08-09 19:00:00,8.13,9.74,51.25,-3.75,51.25,-3.75
2025-08-09 20:00:00,7.38,8.95,51.25,-3.75,51.25,-3.75
2025-08-09 21:00:00,6.9,8.43,51.25,-3.75,51.25,-3.75
2025-08-09 22:00:00,5.8,7.26,51.25,-3.75,51.25,-3.75
2025-08-09 23:00:00,5.55,6.8,51.25,-3.75,51.25,-3.75
2025-08-10 00:00:00,5.35,6.35,51.25,-3.75,51.25,-3.75
2025-08-10 01:00:00,5.3,6.25,51.25,-3.75,51.25,-3.75
2025-08-10 02:00:00,5.1,5.95,51.25,-3.75,51.25,-3.75
2025-08-10 03:00:00,4.6,5.51,51.25,-3.75,51.25,-3.75
2025-08-10 04:00:00,4.16,4.97,51.25,-3.75,51.25,-3.75
2025-08-10 05:00:00,3.76,4.41,51.25,-3.75,51.25,-3.75
2025-08-10 06:00:00,3.15,3.7,51.25,-3.75,51.25,-3.75
2025-08-10 07:00:00,2.66,2.97,51.25,-3.75,51.25,-3.75
2025-08-10 08:00:00,2.32,2.47,51.25,-3.75,51.25,-3.75
2025-08-10 09:00:00,2.2,2.37,51.25,-3.75,51.25,-3.75
2025-08-10 10:00:00,2.35,2.56,51.25,-3.75,51.25,-3.75
2025-08-10 11:00:00,2.18,2.3,51.25,-3.75,51.25,-3.75
2025-08-10 12:00:00,2.16,2.21,51.25,-3.75,51.25,-3.75
2025-08-10 13:00:00,2.33,2.27,51.25,-3.75,51.25,-3.75
2025-08-10 14:00:00,2.8,2.74,51.25,-3.75,51.25,-3.75
2025-08-10 15:00:00,3.76,4.07,51.25,-3.75,51.25,-3.75
2025-08-10 16:00:00,4.14,4.75,51.25,-3.75,51.25,-3.75
2025-08-10 17:00:00,3.81,4.55,51.25,-3.75,51.25,-3.75
2025-08-10 18:00:00,3.02,3.71,51.25,-3.75,51.25,-3.75
2025-08-10 19:00:00,2.36,3.1,51.25,-3.75,51.25,-3.75
2025-08-10 20:00:00,2.19,2.6,51.25,-3.75,51.25,-3.75
2025-08-10 21:00:00,1.97,2.26,51.25,-3.75,51.25,-3.75
2025-08-10 22:00:00,1.37,1.73,51.25,-3.75,51.25,-3.75
2025-08-10 23:00:00,1.19,1.42,51.25,-3.75,51.25,-3.75
2025-08-11 00:00:00,1.3,1.86,51.25,-3.75,51.25,-3.75
2025-08-11 01:00:00,1.49,2.36,51.25,-3.75,51.25,-3.75
2025-08-11 02:00:00,1.95,3.06,51.25,-3.75,51.25,-3.75
2025-08-11 03:00:00,2.4,3.85,51.25,-3.75,51.25,-3.75
2025-08-11 04:00:00,3.03,4.84,51.25,-3.75,51.25,-3.75
2025-08-11 05:00:00,3.22,5.13,51.25,-3.75,51.25,-3.75
2025-08-11 06:00:00,4.05,6.22,51.25,-3.75,51.25,-3.75
2025-08-11 07:00:00,4.58,6.66,51.25,-3.75,51.25,-3.75
2025-08-11 08:00:00,4.65,6.11,51.25,-3.75,51.25,-3.75
2025-08-11 09:00:00,4.94,6.32,51.25,-3.75,51.25,-3.75
2025-08-11 10:00:00,4.18,5.41,51.25,-3.75,51.25,-3.75
2025-08-11 11:00:00,5.2,6.86,51.25,-3.75,51.25,-3.75
2025-08-11 12:00:00,5.02,6.95,51.25,-3.75,51.25,-3.75
2025-08-11 13:00:00,3.98,5.74,51.25,-3.75,51.25,-3.75
2025-08-11 14:00:00,3.3,4.7,51.25,-3.75,51.25,-3.75
2025-08-11 15:00:00,2.91,4.37,51.25,-3.75,51.25,-3.75
2025-08-11 16:00:00,3.11,4.56,51.25,-3.75,51.25,-3.75
2025-08-11 17:00:00,2.6,4.11,51.25,-3.75,51.25,-3.75
2025-08-11 18:00:00,4.47,6.12,51.25,-3.75,51.25,-3.75
2025-08-11 19:00:00,5.61,7.98,51.25,-3.75,51.25,-3.75
2025-08-11 20:00:00,5.54,8.47,51.25,-3.75,51.25,-3.75
2025-08-11 21:00:00,5.17,8.26,51.25,-3.75,51.25,-3.75
2025-08-11 22:00:00,3.26,5.78,51.25,-3.75,51.25,-3.75
2025-08-11 23:00:00,3.63,5.95,51.25,-3.75,51.25,-3.75
2025-08-12 00:00:00,4.49,7.29,51.25,-3.75,51.25,-3.75
2025-08-12 01:00:00,6.02,9.53,51.25,-3.75,51.25,-3.75
2025-08-12 02:00:00,7.0,10.91,51.25,-3.75,51.25,-3.75
2025-08-12 03:00:00,6.88,10.7,51.25,-3.75,51.25,-3.75
2025-08-12 04:00:00,6.67,10.38,51.25,-3.75,51.25,-3.75
2025-08-12 05:00:00,6.05,9.44,51.25,-3.75,51.25,-3.75
2025-08-12 06:00:00,5.56,8.48,51.25,-3.75,51.25,-3.75
2025-08-12 07:00:00,5.2,7.67,51.25,-3.75,51.25,-3.75
2025-08-12 08:00:00,5.35,7.41,51.25,-3.75,51.25,-3.75
2025-08-12 09:00:00,5.4,7.42,51.25,-3.75,51.25,-3.75
2025-08-12 10:00:00,4.87,6.81,51.25,-3.75,51.25,-3.75
2025-08-12 11:00:00,5.02,6.96,51.25,-3.75,51.25,-3.75
2025-08-12 12:00:00,5.05,7.1,51.25,-3.75,51.25,-3.75
2025-08-12 13:00:00,4.59,6.46,51.25,-3.75,51.25,-3.75
2025-08-12 14:00:00,3.65,5.17,51.25,-3.75,51.25,-3.75
2025-08-12 15:00:00,3.06,4.47,51.25,-3.75,51.25,-3.75
2025-08-12 16:00:00,3.11,4.14,51.25,-3.75,51.25,-3.75
2025-08-12 17:00:00,2.96,3.48,51.25,-3.75,51.25,-3.75
2025-08-12 18:00:00,3.25,3.8,51.25,-3.75,51.25,-3.75
2025-08-12 19:00:00,3.77,5.06,51.25,-3.75,51.25,-3.75
2025-08-12 20:00:00,4.24,6.15,51.25,-3.75,51.25,-3.75
2025-08-12 21:00:00,4.5,6.49,51.25,-3.75,51.25,-3.75
2025-08-12 22:00:00,4.16,5.49,51.25,-3.75,51.25,-3.75
2025-08-12 23:00:00,3.8,4.86,51.25,-3.75,51.25,-3.75
2025-08-13 00:00:00,3.7,4.53,51.25,-3.75,51.25,-3.75
2025-08-13 01:00:00,3.22,3.93,51.25,-3.75,51.25,-3.75
2025-08-13 02:00:00,2.97,3.58,51.25,-3.75,51.25,-3.75
2025-08-13 03:00:00,4.16,5.31,51.25,-3.75,51.25,-3.75
2025-08-13 04:00:00,4.38,5.98,51.25,-3.75,51.25,-3.75
2025-08-13 05:00:00,4.15,5.41,51.25,-3.75,51.25,-3.75
2025-08-13 06:00:00,4.02,4.81,51.25,-3.75,51.25,-3.75
2025-08-13 07:00:00,3.56,4.04,51.25,-3.75,51.25,-3.75
2025-08-13 08:00:00,3.6,3.95,51.25,-3.75,51.25,-3.75
2025-08-13 09:00:00,3.41,3.67,51.25,-3.75,51.25,-3.75
2025-08-13 10:00:00,2.91,3.21,51.25,-3.75,51.25,-3.75
2025-08-13 11:00:00,2.15,2.3,51.25,-3.75,51.25,-3.75
2025-08-13 12:00:00,2.23,2.3,51.25,-3.75,51.25,-3.75
2025-08-13 13:00:00,2.9,3.2,51.25,-3.75,51.25,-3.75
2025-08-13 14:00:00,3.32,3.73,51.25,-3.75,51.25,-3.75
2025-08-13 15:00:00,3.44,3.92,51.25,-3.75,51.25,-3.75
2025-08-13 16:00:00,4.09,4.65,51.25,-3.75,51.25,-3.75
2025-08-13 17:00:00,4.58,5.56,51.25,-3.75,51.25,-3.75
2025-08-13 18:00:00,4.17,5.43,51.25,-3.75,51.25,-3.75
2025-08-13 19:00:00,3.15,4.24,51.25,-3.75,51.25,-3.75
2025-08-13 20:00:00,2.1,2.93,51.25,-3.75,51.25,-3.75
2025-08-13 21:00:00,1.25,1.87,51.25,-3.75,51.25,-3.75
2025-08-13 22:00:00,1.49,2.23,51.25,-3.75,51.25,-3.75
2025-08-13 23:00:00,1.6,2.65,51.25,-3.75,51.25,-3.75
2025-08-14 00:00:00,2.31,3.71,51.25,-3.75,51.25,-3.75
2025-08-14 01:00:00,3.77,5.47,51.25,-3.75,51.25,-3.75
2025-08-14 02:00:00,4.55,6.49,51.25,-3.75,51.25,-3.75
2025-08-14 03:00:00,5.34,6.93,51.25,-3.75,51.25,-3.75
2025-08-14 04:00:00,5.4,7.07,51.25,-3.75,51.25,-3.75
2025-08-14 05:00:00,5.35,7.15,51.25,-3.75,51.25,-3.75
2025-08-14 06:00:00,5.99,7.65,51.25,-3.75,51.25,-3.75
2025-08-14 07:00:00,6.69,8.28,51.25,-3.75,51.25,-3.75
2025-08-14 08:00:00,6.42,8.0,51.25,-3.75,51.25,-3.75
2025-08-14 09:00:00,6.47,8.08,51.25,-3.75,51.25,-3.75
2025-08-14 10:00:00,6.2,8.13,51.25,-3.75,51.25,-3.75
2025-08-14 11:00:00,6.72,8.63,51.25,-3.75,51.25,-3.75
2025-08-14 12:00:00,7.02,8.97,51.25,-3.75,51.25,-3.75
2025-08-14 13:00:00,7.41,9.35,51.25,-3.75,51.25,-3.75
2025-08-14 14:00:00,7.45,9.05,51.25,-3.75,51.25,-3.75
2025-08-14 15:00:00,7.3,8.76,51.25,-3.75,51.25,-3.75
2025-08-14 16:00:00,7.1,8.45,51.25,-3.75,51.25,-3.75
2025-08-14 17:00:00,6.75,8.01,51.25,-3.75,51.25,-3.75
2025-08-14 18:00:00,6.67,7.94,51.25,-3.75,51.25,-3.75
2025-08-14 19:00:00,6.35,7.74,51.25,-3.75,51.25,-3.75
2025-08-14 20:00:00,5.9,7.28,51.25,-3.75,51.25,-3.75
2025-08-14 21:00:00,5.29,6.56,51.25,-3.75,51.25,-3.75
2025-08-14 22:00:00,4.81,5.97,51.25,-3.75,51.25,-3.75
2025-08-14 23:00:00,4.12,5.05,51.25,-3.75,51.25,-3.75
2025-08-15 00:00:00,3.47,4.17,51.25,-3.75,51.25,-3.75
2025-08-15 01:00:00,3.02,3.57,51.25,-3.75,51.25,-3.75
2025-08-15 02:00:00,2.88,3.36,51.25,-3.75,51.25,-3.75
2025-08-15 03:00:00,2.79,3.35,51.25,-3.75,51.25,-3.75
2025-08-15 04:00:00,2.65,3.34,51.25,-3.75,51.25,-3.75
2025-08-15 05:00:00,2.16,2.74,51.25,-3.75,51.25,-3.75
2025-08-15 06:00:00,1.62,2.06,51.25,-3.75,51.25,-3.75
2025-08-15 07:00:00,1.0,1.57,51.25,-3.75,51.25,-3.75
2025-08-15 08:00:00,1.57,1.95,51.25,-3.75,51.25,-3.75
2025-08-15 09:00:00,2.21,2.62,51.25,-3.75,51.25,-3.75
2025-08-15 10:00:00,1.5,2.04,51.25,-3.75,51.25,-3.75
2025-08-15 11:00:00,1.35,2.07,51.25,-3.75,51.25,-3.75
2025-08-15 12:00:00,1.52,2.04,51.25,-3.75,51.25,-3.75
2025-08-15 13:00:00,1.82,2.27,51.25,-3.75,51.25,-3.75
2025-08-15 14:00:00,1.68,1.82,51.25,-3.75,51.25,-3.75
2025-08-15 15:00:00,2.16,2.0,51.25,-3.75,51.25,-3.75
2025-08-15 16:00:00,2.69,2.69,51.25,-3.75,51.25,-3.75
2025-08-15 17:00:00,2.94,3.19,51.25,-3.75,51.25,-3.75
2025-08-15 18:00:00,2.59,3.22,51.25,-3.75,51.25,-3.75
2025-08-15 19:00:00,2.19,3.1,51.25,-3.75,51.25,-3.75
2025-08-15 20:00:00,2.06,3.17,51.25,-3.75,51.25,-3.75
2025-08-15 21:00:00,2.61,4.37,51.25,-3.75,51.25,-3.75
2025-08-15 22:00:00,3.59,5.97,51.25,-3.75,51.25,-3.75
2025-08-15 23:00:00,5.82,9.09,51.25,-3.75,51.25,-3.75
2025-08-16 00:00:00,7.01,10.35,51.25,-3.75,51.25,-3.75
2025-08-16 01:00:00,6.85,10.24,51.25,-3.75,51.25,-3.75
2025-08-16 02:00:00,6.92,10.17,51.25,-3.75,51.25,-3.75
2025-08-16 03:00:00,7.38,10.56,51.25,-3.75,51.25,-3.75
2025-08-16 04:00:00,7.23,10.4,51.25,-3.75,51.25,-3.75
2025-08-16 05:00:00,6.73,9.95,51.25,-3.75,51.25,-3.75
2025-08-16 06:00:00,6.97,9.75,51.25,-3.75,51.25,-3.75
2025-08-16 07:00:00,7.65,9.6,51.25,-3.75,51.25,-3.75
2025-08-16 08:00:00,8.1,9.85,51.25,-3.75,51.25,-3.75
2025-08-16 09:00:00,8.06,9.9,51.25,-3.75,51.25,-3.75
2025-08-16 10:00:00,8.45,10.31,51.25,-3.75,51.25,-3.75
2025-08-16 11:00:00,8.6,10.75,51.25,-3.75,51.25,-3.75
2025-08-16 12:00:00,8.1,10.55,51.25,-3.75,51.25,-3.75
2025-08-16 13:00:00,7.72,10.3,51.25,-3.75,51.25,-3.75
2025-08-16 14:00:00,7.29,9.92,51.25,-3.75,51.25,-3.75
2025-08-16 15:00:00,7.57,10.35,51.25,-3.75,51.25,-3.75
2025-08-16 16:00:00,7.6,10.39,51.25,-3.75,51.25,-3.75
2025-08-16 17:00:00,7.49,10.29,51.25,-3.75,51.25,-3.75
2025-08-16 18:00:00,7.24,10.14,51.25,-3.75,51.25,-3.75
2025-08-16 19:00:00,6.9,9.94,51.25,-3.75,51.25,-3.75
2025-08-16 20:00:00,7.15,10.39,51.25,-3.75,51.25,-3.75
2025-08-16 21:00:00,7.7,10.89,51.25,-3.75,51.25,-3.75
2025-08-16 22:00:00,8.25,11.11,51.25,-3.75,51.25,-3.75
2025-08-16 23:00:00,8.41,10.95,51.25,-3.75,51.25,-3.75
2025-08-17 00:00:00,8.84,11.23,51.25,-3.75,51.25,-3.75
2025-08-17 01:00:00,9.02,11.21,51.25,-3.75,51.25,-3.75
2025-08-17 02:00:00,9.05,11.15,51.25,-3.75,51.25,-3.75
2025-08-17 03:00:00,9.01,10.98,51.25,-3.75,51.25,-3.75
2025-08-17 04:00:00,9.06,10.98,51.25,-3.75,51.25,-3.75
2025-08-17 05:00:00,9.25,11.17,51.25,-3.75,51.25,-3.75
2025-08-17 06:00:00,9.4,11.37,51.25,-3.75,51.25,-3.75
2025-08-17 07:00:00,9.68,11.5,51.25,-3.75,51.25,-3.75
2025-08-17 08:00:00,9.66,11.31,51.25,-3.75,51.25,-3.75
2025-08-17 09:00:00,9.21,10.77,51.25,-3.75,51.25,-3.75
2025-08-17 10:00:00,9.13,10.77,51.25,-3.75,51.25,-3.75
2025-08-17 11:00:00,8.9,10.65,51.25,-3.75,51.25,-3.75
2025-08-17 12:00:00,8.06,9.89,51.25,-3.75,51.25,-3.75
2025-08-17 13:00:00,7.03,8.98,51.25,-3.75,51.25,-3.75
2025-08-17 14:00:00,6.46,8.53,51.25,-3.75,51.25,-3.75
2025-08-17 15:00:00,6.12,8.31,51.25,-3.75,51.25,-3.75
2025-08-17 16:00:00,5.91,8.12,51.25,-3.75,51.25,-3.75
2025-08-17 17:00:00,5.84,8.13,51.25,-3.75,51.25,-3.75
2025-08-17 18:00:00,5.45,8.03,51.25,-3.75,51.25,-3.75
2025-08-17 19:00:00,5.25,7.97,51.25,-3.75,51.25,-3.75
2025-08-17 20:00:00,4.97,7.8,51.25,-3.75,51.25,-3.75
2025-08-17 21:00:00,4.87,7.78,51.25,-3.75,51.25,-3.75
2025-08-17 22:00:00,5.06,7.96,51.25,-3.75,51.25,-3.75
2025-08-17 23:00:00,5.53,8.32,51.25,-3.75,51.25,-3.75
2025-08-18 00:00:00,6.31,9.05,51.25,-3.75,51.25,-3.75
2025-08-18 01:00:00,7.18,9.93,51.25,-3.75,51.25,-3.75
2025-08-18 02:00:00,7.96,10.64,51.25,-3.75,51.25,-3.75
2025-08-18 03:00:00,8.78,11.16,51.25,-3.75,51.25,-3.75
2025-08-18 04:00:00,8.93,11.3,51.25,-3.75,51.25,-3.75
2025-08-18 05:00:00,8.71,10.97,51.25,-3.75,51.25,-3.75
2025-08-18 06:00:00,8.27,10.4,51.25,-3.75,51.25,-3.75
2025-08-18 07:00:00,9.09,11.0,51.25,-3.75,51.25,-3.75
2025-08-18 08:00:00,8.79,10.59,51.25,-3.75,51.25,-3.75
2025-08-18 09:00:00,8.06,9.73,51.25,-3.75,51.25,-3.75
2025-08-18 10:00:00,7.32,8.66,51.25,-3.75,51.25,-3.75
2025-08-18 11:00:00,7.67,9.16,51.25,-3.75,51.25,-3.75
2025-08-18 12:00:00,8.54,10.29,51.25,-3.75,51.25,-3.75
2025-08-18 13:00:00,7.43,9.19,51.25,-3.75,51.25,-3.75
2025-08-18 14:00:00,6.37,8.13,51.25,-3.75,51.25,-3.75
2025-08-18 15:00:00,5.81,7.82,51.25,-3.75,51.25,-3.75
2025-08-18 16:00:00,5.33,7.44,51.25,-3.75,51.25,-3.75
2025-08-18 17:00:00,5.31,7.56,51.25,-3.75,51.25,-3.75
2025-08-18 18:00:00,5.58,8.2,51.25,-3.75,51.25,-3.75
2025-08-18 19:00:00,5.8,8.66,51.25,-3.75,51.25,-3.75
2025-08-18 20:00:00,6.01,8.84,51.25,-3.75,51.25,-3.75
2025-08-18 21:00:00,6.09,8.76,51.25,-3.75,51.25,-3.75
2025-08-18 22:00:00,6.14,8.54,51.25,-3.75,51.25,-3.75
2025-08-18 23:00:00,5.77,8.12,51.25,-3.75,51.25,-3.75
2025-08-19 00:00:00,5.34,7.61,51.25,-3.75,51.25,-3.75
2025-08-19 01:00:00,5.13,7.61,51.25,-3.75,51.25,-3.75
2025-08-19 02:00:00,5.47,7.87,51.25,-3.75,51.25,-3.75
2025-08-19 03:00:00,5.53,7.67,51.25,-3.75,51.25,-3.75
2025-08-19 04:00:00,5.93,7.79,51.25,-3.75,51.25,-3.75
2025-08-19 05:00:00,7.01,8.84,51.25,-3.75,51.25,-3.75
2025-08-19 06:00:00,7.66,9.51,51.25,-3.75,51.25,-3.75
2025-08-19 07:00:00,7.72,9.4,51.25,-3.75,51.25,-3.75
2025-08-19 08:00:00,7.64,8.98,51.25,-3.75,51.25,-3.75
2025-08-19 09:00:00,7.48,8.74,51.25,-3.75,51.25,-3.75
2025-08-19 10:00:00,6.88,8.02,51.25,-3.75,51.25,-3.75
2025-08-19 11:00:00,6.3,7.4,51.25,-3.75,51.25,-3.75
2025-08-19 12:00:00,5.25,6.27,51.25,-3.75,51.25,-3.75
2025-08-19 13:00:00,4.14,5.28,51.25,-3.75,51.25,-3.75
2025-08-19 14:00:00,4.22,5.45,51.25,-3.75,51.25,-3.75
2025-08-19 15:00:00,4.38,5.91,51.25,-3.75,51.25,-3.75
2025-08-19 16:00:00,4.15,5.74,51.25,-3.75,51.25,-3.75
2025-08-19 17:00:00,4.49,6.15,51.25,-3.75,51.25,-3.75
2025-08-19 18:00:00,4.72,6.61,51.25,-3.75,51.25,-3.75
2025-08-19 19:00:00,5.19,7.11,51.25,-3.75,51.25,-3.75
2025-08-19 20:00:00,5.83,8.01,51.25,-3.75,51.25,-3.75
2025-08-19 21:00:00,6.8,8.91,51.25,-3.75,51.25,-3.75
2025-08-19 22:00:00,6.11,7.96,51.25,-3.75,51.25,-3.75
2025-08-19 23:00:00,7.19,9.04,51.25,-3.75,51.25,-3.75
2025-08-20 00:00:00,8.32,10.2,51.25,-3.75,51.25,-3.75
2025-08-20 01:00:00,8.4,10.2,51.25,-3.75,51.25,-3.75
2025-08-20 02:00:00,8.38,10.05,51.25,-3.75,51.25,-3.75
2025-08-20 03:00:00,8.29,9.83,51.25,-3.75,51.25,-3.75
2025-08-20 04:00:00,8.11,9.59,51.25,-3.75,51.25,-3.75
2025-08-20 05:00:00,7.85,9.38,51.25,-3.75,51.25,-3.75
2025-08-20 06:00:00,7.43,8.88,51.25,-3.75,51.25,-3.75
2025-08-20 07:00:00,7.24,8.43,51.25,-3.75,51.25,-3.75
2025-08-20 08:00:00,7.47,8.65,51.25,-3.75,51.25,-3.75
2025-08-20 09:00:00,7.2,8.3,51.25,-3.75,51.25,-3.75
2025-08-20 10:00:00,7.01,7.98,51.25,-3.75,51.25,-3.75
2025-08-20 11:00:00,6.74,7.74,51.25,-3.75,51.25,-3.75
2025-08-20 12:00:00,6.58,7.46,51.25,-3.75,51.25,-3.75
2025-08-20 13:00:00,6.12,6.91,51.25,-3.75,51.25,-3.75
2025-08-20 14:00:00,5.86,6.59,51.25,-3.75,51.25,-3.75
2025-08-20 15:00:00,5.64,6.33,51.25,-3.75,51.25,-3.75
2025-08-20 16:00:00,5.27,5.85,51.25,-3.75,51.25,-3.75
2025-08-20 17:00:00,5.14,5.71,51.25,-3.75,51.25,-3.75
2025-08-20 18:00:00,5.07,5.66,51.25,-3.75,51.25,-3.75
2025-08-20 19:00:00,4.74,5.45,51.25,-3.75,51.25,-3.75
2025-08-20 20:00:00,4.32,5.17,51.25,-3.75,51.25,-3.75
2025-08-20 21:00:00,4.17,4.99,51.25,-3.75,51.25,-3.75
2025-08-20 22:00:00,3.11,3.86,51.25,-3.75,51.25,-3.75
2025-08-20 23:00:00,3.08,3.88,51.25,-3.75,51.25,-3.75
2025-08-21 00:00:00,3.27,4.11,51.25,-3.75,51.25,-3.75
2025-08-21 01:00:00,3.52,4.34,51.25,-3.75,51.25,-3.75
2025-08-21 02:00:00,4.04,4.88,51.25,-3.75,51.25,-3.75
2025-08-21 03:00:00,4.5,5.38,51.25,-3.75,51.25,-3.75
2025-08-21 04:00:00,4.9,5.76,51.25,-3.75,51.25,-3.75
2025-08-21 05:00:00,5.06,5.91,51.25,-3.75,51.25,-3.75
2025-08-21 06:00:00,5.13,6.02,51.25,-3.75,51.25,-3.75
2025-08-21 07:00:00,5.02,5.7,51.25,-3.75,51.25,-3.75
2025-08-21 08:00:00,4.81,5.38,51.25,-3.75,51.25,-3.75
2025-08-21 09:00:00,4.53,4.95,51.25,-3.75,51.25,-3.75
2025-08-21 10:00:00,3.47,3.79,51.25,-3.75,51.25,-3.75
2025-08-21 11:00:00,2.92,3.17,51.25,-3.75,51.25,-3.75
2025-08-21 12:00:00,2.66,2.91,51.25,-3.75,51.25,-3.75
2025-08-21 13:00:00,2.61,2.9,51.25,-3.75,51.25,-3.75
2025-08-21 14:00:00,2.12,2.38,51.25,-3.75,51.25,-3.75
2025-08-21 15:00:00,1.83,2.07,51.25,-3.75,51.25,-3.75
2025-08-21 16:00:00,1.87,2.06,51.25,-3.75,51.25,-3.75
2025-08-21 17:00:00,1.93,2.09,51.25,-3.75,51.25,-3.75
2025-08-21 18:00:00,2.03,2.14,51.25,-3.75,51.25,-3.75
2025-08-21 19:00:00,2.65,3.12,51.25,-3.75,51.25,-3.75
2025-08-21 20:00:00,3.16,3.82,51.25,-3.75,51.25,-3.75
2025-08-21 21:00:00,3.28,4.08,51.25,-3.75,51.25,-3.75
2025-08-21 22:00:00,2.4,3.04,51.25,-3.75,51.25,-3.75
2025-08-21 23:00:00,1.76,1.98,51.25,-3.75,51.25,-3.75
2025-08-22 00:00:00,1.75,1.92,51.25,-3.75,51.25,-3.75
2025-08-22 01:00:00,2.65,2.95,51.25,-3.75,51.25,-3.75
2025-08-22 02:00:00,3.23,3.55,51.25,-3.75,51.25,-3.75
2025-08-22 03:00:00,3.53,3.87,51.25,-3.75,51.25,-3.75
2025-08-22 04:00:00,3.56,3.97,51.25,-3.75,51.25,-3.75
2025-08-22 05:00:00,3.26,3.72,51.25,-3.75,51.25,-3.75
2025-08-22 06:00:00,2.72,3.15,51.25,-3.75,51.25,-3.75
2025-08-22 07:00:00,2.31,2.6,51.25,-3.75,51.25,-3.75
2025-08-22 08:00:00,1.84,2.06,51.25,-3.75,51.25,-3.75
2025-08-22 09:00:00,1.35,1.47,51.25,-3.75,51.25,-3.75
2025-08-22 10:00:00,1.02,1.15,51.25,-3.75,51.25,-3.75
2025-08-22 11:00:00,1.1,1.21,51.25,-3.75,51.25,-3.75
2025-08-22 12:00:00,1.63,1.72,51.25,-3.75,51.25,-3.75
2025-08-22 13:00:00,2.44,2.57,51.25,-3.75,51.25,-3.75
2025-08-22 14:00:00,3.2,3.38,51.25,-3.75,51.25,-3.75
2025-08-22 15:00:00,3.74,4.04,51.25,-3.75,51.25,-3.75
2025-08-22 16:00:00,4.45,4.94,51.25,-3.75,51.25,-3.75
2025-08-22 17:00:00,5.22,5.93,51.25,-3.75,51.25,-3.75
2025-08-22 18:00:00,5.4,6.17,51.25,-3.75,51.25,-3.75
2025-08-22 19:00:00,5.4,6.34,51.25,-3.75,51.25,-3.75
2025-08-22 20:00:00,5.23,6.43,51.25,-3.75,51.25,-3.75
2025-08-22 21:00:00,5.17,6.44,51.25,-3.75,51.25,-3.75
2025-08-22 22:00:00,4.21,5.2,51.25,-3.75,51.25,-3.75
2025-08-22 23:00:00,3.75,4.5,51.25,-3.75,51.25,-3.75
2025-08-23 00:00:00,3.38,4.06,51.25,-3.75,51.25,-3.75
2025-08-23 01:00:00,3.04,3.69,51.25,-3.75,51.25,-3.75
2025-08-23 02:00:00,2.84,3.47,51.25,-3.75,51.25,-3.75
2025-08-23 03:00:00,2.66,3.22,51.25,-3.75,51.25,-3.75
2025-08-23 04:00:00,2.44,2.87,51.25,-3.75,51.25,-3.75
2025-08-23 05:00:00,2.08,2.52,51.25,-3.75,51.25,-3.75
2025-08-23 06:00:00,1.68,2.07,51.25,-3.75,51.25,-3.75
2025-08-23 07:00:00,0.89,1.35,51.25,-3.75,51.25,-3.75
2025-08-23 08:00:00,0.74,0.83,51.25,-3.75,51.25,-3.75
2025-08-23 09:00:00,1.0,1.15,51.25,-3.75,51.25,-3.75
2025-08-23 10:00:00,0.73,0.81,51.25,-3.75,51.25,-3.75
2025-08-23 11:00:00,0.49,0.51,51.25,-3.75,51.25,-3.75
2025-08-23 12:00:00,0.76,0.68,51.25,-3.75,51.25,-3.75
2025-08-23 13:00:00,1.46,1.35,51.25,-3.75,51.25,-3.75
2025-08-23 14:00:00,2.2,2.08,51.25,-3.75,51.25,-3.75
2025-08-23 15:00:00,2.59,2.57,51.25,-3.75,51.25,-3.75
2025-08-23 16:00:00,3.18,3.2,51.25,-3.75,51.25,-3.75
2025-08-23 17:00:00,3.45,3.83,51.25,-3.75,51.25,-3.75
2025-08-23 18:00:00,3.59,4.49,51.25,-3.75,51.25,-3.75
2025-08-23 19:00:00,3.29,4.49,51.25,-3.75,51.25,-3.75
2025-08-23 20:00:00,2.98,4.43,51.25,-3.75,51.25,-3.75
2025-08-23 21:00:00,2.85,4.36,51.25,-3.75,51.25,-3.75
2025-08-23 22:00:00,2.42,3.6,51.25,-3.75,51.25,-3.75
2025-08-23 23:00:00,2.26,3.05,51.25,-3.75,51.25,-3.75
2025-08-24 00:00:00,2.38,2.98,51.25,-3.75,51.25,-3.75
2025-08-24 01:00:00,2.73,3.29,51.25,-3.75,51.25,-3.75
2025-08-24 02:00:00,3.0,3.86,51.25,-3.75,51.25,-3.75
2025-08-24 03:00:00,3.24,4.43,51.25,-3.75,51.25,-3.75
2025-08-24 04:00:00,3.29,4.73,51.25,-3.75,51.25,-3.75
2025-08-24 05:00:00,3.15,4.72,51.25,-3.75,51.25,-3.75
2025-08-24 06:00:00,3.21,4.47,51.25,-3.75,51.25,-3.75
2025-08-24 07:00:00,3.41,4.54,51.25,-3.75,51.25,-3.75
2025-08-24 08:00:00,3.72,4.4,51.25,-3.75,51.25,-3.75
2025-08-24 09:00:00,4.0,4.58,51.25,-3.75,51.25,-3.75
2025-08-24 10:00:00,3.96,4.56,51.25,-3.75,51.25,-3.75
2025-08-24 11:00:00,3.5,4.19,51.25,-3.75,51.25,-3.75
2025-08-24 12:00:00,2.65,3.53,51.25,-3.75,51.25,-3.75
2025-08-24 13:00:00,1.88,2.96,51.25,-3.75,51.25,-3.75
2025-08-24 14:00:00,1.86,2.91,51.25,-3.75,51.25,-3.75
2025-08-24 15:00:00,2.39,3.64,51.25,-3.75,51.25,-3.75
2025-08-24 16:00:00,3.51,4.98,51.25,-3.75,51.25,-3.75
2025-08-24 17:00:00,4.94,6.66,51.25,-3.75,51.25,-3.75
2025-08-24 18:00:00,5.54,7.56,51.25,-3.75,51.25,-3.75
2025-08-24 19:00:00,5.53,7.76,51.25,-3.75,51.25,-3.75
2025-08-24 20:00:00,5.26,7.56,51.25,-3.75,51.25,-3.75
2025-08-24 21:00:00,5.01,7.49,51.25,-3.75,51.25,-3.75
2025-08-24 22:00:00,5.02,7.34,51.25,-3.75,51.25,-3.75
2025-08-24 23:00:00,4.85,7.18,51.25,-3.75,51.25,-3.75
2025-08-25 00:00:00,5.03,7.26,51.25,-3.75,51.25,-3.75
2025-08-25 01:00:00,5.18,7.38,51.25,-3.75,51.25,-3.75
2025-08-25 02:00:00,5.44,7.66,51.25,-3.75,51.25,-3.75
2025-08-25 03:00:00,5.63,7.92,51.25,-3.75,51.25,-3.75
2025-08-25 04:00:00,5.59,8.01,51.25,-3.75,51.25,-3.75
2025-08-25 05:00:00,5.7,8.23,51.25,-3.75,51.25,-3.75
2025-08-25 06:00:00,5.88,8.47,51.25,-3.75,51.25,-3.75
2025-08-25 07:00:00,6.2,8.72,51.25,-3.75,51.25,-3.75
2025-08-25 08:00:00,6.44,8.5,51.25,-3.75,51.25,-3.75
2025-08-25 09:00:00,6.33,8.21,51.25,-3.75,51.25,-3.75
2025-08-25 10:00:00,6.06,8.03,51.25,-3.75,51.25,-3.75
2025-08-25 11:00:00,6.17,8.28,51.25,-3.75,51.25,-3.75
2025-08-25 12:00:00,6.4,8.63,51.25,-3.75,51.25,-3.75
2025-08-25 13:00:00,6.57,8.94,51.25,-3.75,51.25,-3.75
2025-08-25 14:00:00,6.59,8.93,51.25,-3.75,51.25,-3.75
2025-08-25 15:00:00,6.13,8.28,51.25,-3.75,51.25,-3.75
2025-08-25 16:00:00,5.55,7.57,51.25,-3.75,51.25,-3.75
2025-08-25 17:00:00,5.05,7.0,51.25,-3.75,51.25,-3.75
2025-08-25 18:00:00,4.16,6.15,51.25,-3.75,51.25,-3.75
2025-08-25 19:00:00,3.7,5.68,51.25,-3.75,51.25,-3.75
2025-08-25 20:00:00,3.46,5.46,51.25,-3.75,51.25,-3.75
2025-08-25 21:00:00,3.76,5.82,51.25,-3.75,51.25,-3.75
2025-08-25 22:00:00,3.76,5.86,51.25,-3.75,51.25,-3.75
2025-08-25 23:00:00,4.25,6.43,51.25,-3.75,51.25,-3.75
2025-08-26 00:00:00,4.45,6.68,51.25,-3.75,51.25,-3.75
2025-08-26 01:00:00,5.27,7.56,51.25,-3.75,51.25,-3.75
2025-08-26 02:00:00,5.45,7.49,51.25,-3.75,51.25,-3.75
2025-08-26 03:00:00,6.23,8.17,51.25,-3.75,51.25,-3.75
2025-08-26 04:00:00,7.67,9.86,51.25,-3.75,51.25,-3.75
2025-08-26 05:00:00,7.67,9.48,51.25,-3.75,51.25,-3.75
2025-08-26 06:00:00,7.18,8.71,51.25,-3.75,51.25,-3.75
2025-08-26 07:00:00,7.2,8.77,51.25,-3.75,51.25,-3.75
2025-08-26 08:00:00,7.72,9.26,51.25,-3.75,51.25,-3.75
2025-08-26 09:00:00,7.89,9.37,51.25,-3.75,51.25,-3.75
2025-08-26 10:00:00,8.01,9.6,51.25,-3.75,51.25,-3.75
2025-08-26 11:00:00,8.13,9.69,51.25,-3.75,51.25,-3.75
2025-08-26 12:00:00,7.93,9.39,51.25,-3.75,51.25,-3.75
2025-08-26 13:00:00,7.8,9.27,51.25,-3.75,51.25,-3.75
2025-08-26 14:00:00,7.97,9.49,51.25,-3.75,51.25,-3.75
2025-08-26 15:00:00,8.13,9.65,51.25,-3.75,51.25,-3.75
2025-08-26 16:00:00,7.87,9.29,51.25,-3.75,51.25,-3.75
2025-08-26 17:00:00,7.62,9.05,51.25,-3.75,51.25,-3.75
2025-08-26 18:00:00,7.21,8.59,51.25,-3.75,51.25,-3.75
2025-08-26 19:00:00,6.79,8.17,51.25,-3.75,51.25,-3.75
2025-08-26 20:00:00,6.36,7.71,51.25,-3.75,51.25,-3.75
2025-08-26 21:00:00,6.21,7.66,51.25,-3.75,51.25,-3.75
2025-08-26 22:00:00,6.33,8.1,51.25,-3.75,51.25,-3.75
2025-08-26 23:00:00,6.49,8.22,51.25,-3.75,51.25,-3.75
2025-08-27 00:00:00,6.47,8.15,51.25,-3.75,51.25,-3.75
2025-08-27 01:00:00,7.09,8.84,51.25,-3.75,51.25,-3.75
2025-08-27 02:00:00,7.32,9.1,51.25,-3.75,51.25,-3.75
2025-08-27 03:00:00,7.28,9.05,51.25,-3.75,51.25,-3.75
2025-08-27 04:00:00,7.45,9.31,51.25,-3.75,51.25,-3.75
2025-08-27 05:00:00,7.57,9.45,51.25,-3.75,51.25,-3.75
2025-08-27 06:00:00,7.71,9.53,51.25,-3.75,51.25,-3.75
2025-08-27 07:00:00,8.08,10.05,51.25,-3.75,51.25,-3.75
2025-08-27 08:00:00,7.92,9.92,51.25,-3.75,51.25,-3.75
2025-08-27 09:00:00,9.01,11.08,51.25,-3.75,51.25,-3.75
2025-08-27 10:00:00,7.96,9.84,51.25,-3.75,51.25,-3.75
2025-08-27 11:00:00,8.6,10.65,51.25,-3.75,51.25,-3.75
2025-08-27 12:00:00,7.59,8.89,51.25,-3.75,51.25,-3.75
2025-08-27 13:00:00,7.4,8.46,51.25,-3.75,51.25,-3.75
2025-08-27 14:00:00,7.51,8.61,51.25,-3.75,51.25,-3.75
2025-08-27 15:00:00,7.16,8.22,51.25,-3.75,51.25,-3.75
2025-08-27 16:00:00,7.06,8.12,51.25,-3.75,51.25,-3.75
2025-08-27 17:00:00,7.11,8.19,51.25,-3.75,51.25,-3.75
2025-08-27 18:00:00,7.03,8.13,51.25,-3.75,51.25,-3.75
2025-08-27 19:00:00,6.74,8.1,51.25,-3.75,51.25,-3.75
2025-08-27 20:00:00,6.53,7.96,51.25,-3.75,51.25,-3.75
2025-08-27 21:00:00,6.42,7.86,51.25,-3.75,51.25,-3.75
2025-08-27 22:00:00,7.43,9.11,51.25,-3.75,51.25,-3.75
2025-08-27 23:00:00,7.28,8.96,51.25,-3.75,51.25,-3.75
2025-08-28 00:00:00,7.54,9.15,51.25,-3.75,51.25,-3.75
2025-08-28 01:00:00,6.99,8.45,51.25,-3.75,51.25,-3.75
2025-08-28 02:00:00,6.6,8.03,51.25,-3.75,51.25,-3.75
2025-08-28 03:00:00,6.47,7.93,51.25,-3.75,51.25,-3.75
2025-08-28 04:00:00,6.26,7.71,51.25,-3.75,51.25,-3.75
2025-08-28 05:00:00,6.51,8.03,51.25,-3.75,51.25,-3.75
2025-08-28 06:00:00,6.75,8.31,51.25,-3.75,51.25,-3.75
2025-08-28 07:00:00,6.82,8.28,51.25,-3.75,51.25,-3.75
2025-08-28 08:00:00,6.79,8.14,51.25,-3.75,51.25,-3.75
2025-08-28 09:00:00,6.72,8.03,51.25,-3.75,51.25,-3.75
2025-08-28 10:00:00,7.7,9.14,51.25,-3.75,51.25,-3.75
2025-08-28 11:00:00,7.15,8.36,51.25,-3.75,51.25,-3.75
2025-08-28 12:00:00,7.64,8.89,51.25,-3.75,51.25,-3.75
2025-08-28 13:00:00,8.54,10.11,51.25,-3.75,51.25,-3.75
2025-08-28 14:00:00,8.72,10.22,51.25,-3.75,51.25,-3.75
2025-08-28 15:00:00,8.59,10.04,51.25,-3.75,51.25,-3.75
2025-08-28 16:00:00,8.47,10.02,51.25,-3.75,51.25,-3.75
2025-08-28 17:00:00,8.65,10.31,51.25,-3.75,51.25,-3.75
2025-08-28 18:00:00,8.64,10.32,51.25,-3.75,51.25,-3.75
2025-08-28 19:00:00,7.92,9.65,51.25,-3.75,51.25,-3.75
2025-08-28 20:00:00,7.33,9.09,51.25,-3.75,51.25,-3.75
2025-08-28 21:00:00,7.4,9.08,51.25,-3.75,51.25,-3.75
2025-08-28 22:00:00,7.39,9.17,51.25,-3.75,51.25,-3.75
2025-08-28 23:00:00,7.39,9.34,51.25,-3.75,51.25,-3.75
2025-08-29 00:00:00,7.55,9.57,51.25,-3.75,51.25,-3.75
2025-08-29 01:00:00,7.61,9.45,51.25,-3.75,51.25,-3.75
2025-08-29 02:00:00,6.61,7.91,51.25,-3.75,51.25,-3.75
2025-08-29 03:00:00,3.53,4.5,51.25,-3.75,51.25,-3.75
2025-08-29 04:00:00,6.84,8.56,51.25,-3.75,51.25,-3.75
2025-08-29 05:00:00,8.79,10.73,51.25,-3.75,51.25,-3.75
2025-08-29 06:00:00,8.37,9.92,51.25,-3.75,51.25,-3.75
2025-08-29 07:00:00,7.27,8.61,51.25,-3.75,51.25,-3.75
2025-08-29 08:00:00,6.41,7.59,51.25,-3.75,51.25,-3.75
2025-08-29 09:00:00,6.25,7.14,51.25,-3.75,51.25,-3.75
2025-08-29 10:00:00,6.88,7.84,51.25,-3.75,51.25,-3.75
2025-08-29 11:00:00,7.36,8.42,51.25,-3.75,51.25,-3.75
2025-08-29 12:00:00,7.69,8.8,51.25,-3.75,51.25,-3.75
2025-08-29 13:00:00,8.23,9.5,51.25,-3.75,51.25,-3.75
2025-08-29 14:00:00,8.42,9.79,51.25,-3.75,51.25,-3.75
2025-08-29 15:00:00,9.23,10.79,51.25,-3.75,51.25,-3.75
2025-08-29 16:00:00,9.61,11.32,51.25,-3.75,51.25,-3.75
2025-08-29 17:00:00,9.78,11.6,51.25,-3.75,51.25,-3.75
2025-08-29 18:00:00,9.56,11.49,51.25,-3.75,51.25,-3.75
2025-08-29 19:00:00,8.8,10.62,51.25,-3.75,51.25,-3.75
2025-08-29 20:00:00,8.48,10.25,51.25,-3.75,51.25,-3.75
2025-08-29 21:00:00,8.02,9.69,51.25,-3.75,51.25,-3.75
2025-08-29 22:00:00,7.7,9.15,51.25,-3.75,51.25,-3.75
2025-08-29 23:00:00,7.4,8.85,51.25,-3.75,51.25,-3.75
2025-08-30 00:00:00,6.75,8.05,51.25,-3.75,51.25,-3.75
2025-08-30 01:00:00,6.75,8.05,51.25,-3.75,51.25,-3.75
2025-08-30 02:00:00,6.37,7.62,51.25,-3.75,51.25,-3.75
2025-08-30 03:00:00,6.05,7.23,51.25,-3.75,51.25,-3.75
2025-08-30 04:00:00,6.09,7.26,51.25,-3.75,51.25,-3.75
2025-08-30 05:00:00,6.41,7.79,51.25,-3.75,51.25,-3.75
2025-08-30 06:00:00,6.48,7.99,51.25,-3.75,51.25,-3.75
2025-08-30 07:00:00,6.82,8.31,51.25,-3.75,51.25,-3.75
2025-08-30 08:00:00,7.1,8.95,51.25,-3.75,51.25,-3.75
2025-08-30 09:00:00,8.0,9.66,51.25,-3.75,51.25,-3.75
2025-08-30 10:00:00,7.32,8.9,51.25,-3.75,51.25,-3.75
2025-08-30 11:00:00,8.36,10.49,51.25,-3.75,51.25,-3.75
2025-08-30 12:00:00,8.91,11.9,51.25,-3.75,51.25,-3.75
2025-08-30 13:00:00,10.4,13.51,51.25,-3.75,51.25,-3.75
2025-08-30 14:00:00,10.13,14.77,51.25,-3.75,51.25,-3.75
2025-08-30 15:00:00,11.48,15.23,51.25,-3.75,51.25,-3.75
2025-08-30 16:00:00,9.91,14.18,51.25,-3.75,51.25,-3.75
2025-08-30 17:00:00,9.16,13.0,51.25,-3.75,51.25,-3.75
2025-08-30 18:00:00,10.2,13.7,51.25,-3.75,51.25,-3.75
2025-08-30 19:00:00,10.8,13.88,51.25,-3.75,51.25,-3.75
2025-08-30 20:00:00,10.88,13.66,51.25,-3.75,51.25,-3.75
2025-08-30 21:00:00,11.0,13.73,51.25,-3.75,51.25,-3.75
2025-08-30 22:00:00,10.27,12.92,51.25,-3.75,51.25,-3.75
2025-08-30 23:00:00,10.08,12.58,51.25,-3.75,51.25,-3.75
2025-08-31 00:00:00,9.98,12.45,51.25,-3.75,51.25,-3.75
2025-08-31 01:00:00,9.56,11.85,51.25,-3.75,51.25,-3.75
2025-08-31 02:00:00,9.33,11.48,51.25,-3.75,51.25,-3.75
2025-08-31 03:00:00,8.93,11.02,51.25,-3.75,51.25,-3.75
2025-08-31 04:00:00,8.96,11.0,51.25,-3.75,51.25,-3.75
2025-08-31 05:00:00,8.78,10.86,51.25,-3.75,51.25,-3.75
2025-08-31 06:00:00,8.53,10.53,51.25,-3.75,51.25,-3.75
2025-08-31 07:00:00,8.21,10.24,51.25,-3.75,51.25,-3.75
2025-08-31 08:00:00,8.25,9.93,51.25,-3.75,51.25,-3.75
2025-08-31 09:00:00,8.52,10.24,51.25,-3.75,51.25,-3.75
2025-08-31 10:00:00,7.19,8.68,51.25,-3.75,51.25,-3.75
2025-08-31 11:00:00,7.34,8.75,51.25,-3.75,51.25,-3.75
2025-08-31 12:00:00,8.27,9.84,51.25,-3.75,51.25,-3.75
2025-08-31 13:00:00,7.99,9.53,51.25,-3.75,51.25,-3.75
2025-08-31 14:00:00,7.92,9.51,51.25,-3.75,51.25,-3.75
2025-08-31 15:00:00,7.04,8.52,51.25,-3.75,51.25,-3.75
2025-08-31 16:00:00,8.27,9.93,51.25,-3.75,51.25,-3.75
2025-08-31 17:00:00,8.18,10.13,51.25,-3.75,51.25,-3.75
2025-08-31 18:00:00,9.15,11.45,51.25,-3.75,51.25,-3.75
2025-08-31 19:00:00,9.3,11.69,51.25,-3.75,51.25,-3.75
2025-08-31 20:00:00,9.2,11.55,51.25,-3.75,51.25,-3.75
2025-08-31 21:00:00,9.24,11.58,51.25,-3.75,51.25,-3.75
2025-08-31 22:00:00,8.97,11.53,51.25,-3.75,51.25,-3.75
2025-08-31 23:00:00,9.14,11.53,51.25,-3.75,51.25,-3.75
2025-09-01 00:00:00,8.9,11.13,51.25,-3.75,51.25,-3.75
2025-09-01 01:00:00,9.22,11.42,51.25,-3.75,51.25,-3.75
2025-09-01 02:00:00,9.81,12.04,51.25,-3.75,51.25,-3.75
2025-09-01 03:00:00,9.52,11.7,51.25,-3.75,51.25,-3.75
2025-09-01 04:00:00,9.53,11.53,51.25,-3.75,51.25,-3.75
2025-09-01 05:00:00,9.43,11.5,51.25,-3.75,51.25,-3.75
2025-09-01 06:00:00,9.8,11.86,51.25,-3.75,51.25,-3.75
2025-09-01 07:00:00,9.5,11.54,51.25,-3.75,51.25,-3.75
2025-09-01 08:00:00,9.24,11.19,51.25,-3.75,51.25,-3.75
2025-09-01 09:00:00,9.53,11.49,51.25,-3.75,51.25,-3.75
2025-09-01 10:00:00,9.55,11.39,51.25,-3.75,51.25,-3.75
2025-09-01 11:00:00,9.14,10.68,51.25,-3.75,51.25,-3.75
2025-09-01 12:00:00,9.05,10.6,51.25,-3.75,51.25,-3.75
2025-09-01 13:00:00,9.08,10.56,51.25,-3.75,51.25,-3.75
2025-09-01 14:00:00,9.2,10.92,51.25,-3.75,51.25,-3.75
2025-09-01 15:00:00,9.65,11.45,51.25,-3.75,51.25,-3.75
2025-09-01 16:00:00,9.93,11.95,51.25,-3.75,51.25,-3.75
2025-09-01 17:00:00,9.53,11.49,51.25,-3.75,51.25,-3.75
2025-09-01 18:00:00,9.34,11.19,51.25,-3.75,51.25,-3.75
2025-09-01 19:00:00,8.97,10.94,51.25,-3.75,51.25,-3.75
2025-09-01 20:00:00,8.38,10.28,51.25,-3.75,51.25,-3.75
2025-09-01 21:00:00,8.05,9.91,51.25,-3.75,51.25,-3.75
2025-09-01 22:00:00,6.98,8.67,51.25,-3.75,51.25,-3.75
2025-09-01 23:00:00,7.75,9.61,51.25,-3.75,51.25,-3.75
2025-09-02 00:00:00,7.33,9.14,51.25,-3.75,51.25,-3.75
2025-09-02 01:00:00,6.05,7.61,51.25,-3.75,51.25,-3.75
2025-09-02 02:00:00,4.85,6.11,51.25,-3.75,51.25,-3.75
2025-09-02 03:00:00,5.15,6.36,51.25,-3.75,51.25,-3.75
2025-09-02 04:00:00,5.88,6.99,51.25,-3.75,51.25,-3.75
2025-09-02 05:00:00,6.28,7.45,51.25,-3.75,51.25,-3.75
2025-09-02 06:00:00,6.52,7.74,51.25,-3.75,51.25,-3.75
2025-09-02 07:00:00,5.97,7.14,51.25,-3.75,51.25,-3.75
2025-09-02 08:00:00,6.12,7.32,51.25,-3.75,51.25,-3.75
2025-09-02 09:00:00,7.23,8.66,51.25,-3.75,51.25,-3.75
2025-09-02 10:00:00,8.52,10.02,51.25,-3.75,51.25,-3.75
2025-09-02 11:00:00,8.03,9.44,51.25,-3.75,51.25,-3.75
2025-09-02 12:00:00,6.25,7.24,51.25,-3.75,51.25,-3.75
2025-09-02 13:00:00,4.58,5.34,51.25,-3.75,51.25,-3.75
2025-09-02 14:00:00,3.64,4.22,51.25,-3.75,51.25,-3.75
2025-09-02 15:00:00,2.23,2.87,51.25,-3.75,51.25,-3.75
2025-09-02 16:00:00,1.53,2.17,51.25,-3.75,51.25,-3.75
2025-09-02 17:00:00,3.67,4.6,51.25,-3.75,51.25,-3.75
2025-09-02 18:00:00,6.57,8.17,51.25,-3.75,51.25,-3.75
2025-09-02 19:00:00,7.7,9.2,51.25,-3.75,51.25,-3.75
2025-09-02 20:00:00,7.26,8.64,51.25,-3.75,51.25,-3.75
2025-09-02 21:00:00,6.57,8.0,51.25,-3.75,51.25,-3.75
2025-09-02 22:00:00,5.47,6.88,51.25,-3.75,51.25,-3.75
2025-09-02 23:00:00,4.9,6.27,51.25,-3.75,51.25,-3.75
2025-09-03 00:00:00,5.36,6.62,51.25,-3.75,51.25,-3.75
2025-09-03 01:00:00,7.93,9.43,51.25,-3.75,51.25,-3.75
2025-09-03 02:00:00,7.41,8.93,51.25,-3.75,51.25,-3.75
2025-09-03 03:00:00,5.21,6.69,51.25,-3.75,51.25,-3.75
2025-09-03 04:00:00,7.36,9.55,51.25,-3.75,51.25,-3.75
2025-09-03 05:00:00,10.02,12.91,51.25,-3.75,51.25,-3.75
2025-09-03 06:00:00,9.68,12.08,51.25,-3.75,51.25,-3.75
2025-09-03 07:00:00,9.08,11.11,51.25,-3.75,51.25,-3.75
2025-09-03 08:00:00,6.73,8.41,51.25,-3.75,51.25,-3.75
2025-09-03 09:00:00,6.17,7.61,51.25,-3.75,51.25,-3.75
2025-09-03 10:00:00,6.05,7.53,51.25,-3.75,51.25,-3.75
2025-09-03 11:00:00,7.12,8.45,51.25,-3.75,51.25,-3.75
2025-09-03 12:00:00,8.65,10.47,51.25,-3.75,51.25,-3.75
2025-09-03 13:00:00,10.22,12.33,51.25,-3.75,51.25,-3.75
2025-09-03 14:00:00,10.69,13.02,51.25,-3.75,51.25,-3.75
2025-09-03 15:00:00,11.24,13.66,51.25,-3.75,51.25,-3.75
2025-09-03 16:00:00,11.25,13.6,51.25,-3.75,51.25,-3.75
2025-09-03 17:00:00,10.59,12.98,51.25,-3.75,51.25,-3.75
2025-09-03 18:00:00,10.83,13.18,51.25,-3.75,51.25,-3.75
2025-09-03 19:00:00,10.64,13.05,51.25,-3.75,51.25,-3.75
2025-09-03 20:00:00,10.04,12.24,51.25,-3.75,51.25,-3.75
2025-09-03 21:00:00,9.43,11.55,51.25,-3.75,51.25,-3.75
2025-09-03 22:00:00,10.25,12.67,51.25,-3.75,51.25,-3.75
2025-09-03 23:00:00,9.41,11.59,51.25,-3.75,51.25,-3.75
2025-09-04 00:00:00,7.86,9.65,51.25,-3.75,51.25,-3.75
2025-09-04 01:00:00,5.99,7.47,51.25,-3.75,51.25,-3.75
2025-09-04 02:00:00,4.35,5.39,51.25,-3.75,51.25,-3.75
2025-09-04 03:00:00,3.47,4.03,51.25,-3.75,51.25,-3.75
2025-09-04 04:00:00,4.68,5.2,51.25,-3.75,51.25,-3.75
2025-09-04 05:00:00,4.16,4.61,51.25,-3.75,51.25,-3.75
2025-09-04 06:00:00,4.14,4.87,51.25,-3.75,51.25,-3.75
2025-09-04 07:00:00,4.71,5.54,51.25,-3.75,51.25,-3.75
2025-09-04 08:00:00,8.1,9.72,51.25,-3.75,51.25,-3.75
2025-09-04 09:00:00,8.87,10.56,51.25,-3.75,51.25,-3.75
2025-09-04 10:00:00,8.6,9.97,51.25,-3.75,51.25,-3.75
2025-09-04 11:00:00,8.58,9.94,51.25,-3.75,51.25,-3.75
2025-09-04 12:00:00,8.55,9.9,51.25,-3.75,51.25,-3.75
2025-09-04 13:00:00,8.98,10.48,51.25,-3.75,51.25,-3.75
2025-09-04 14:00:00,8.75,10.2,51.25,-3.75,51.25,-3.75
2025-09-04 15:00:00,8.43,10.12,51.25,-3.75,51.25,-3.75
2025-09-04 16:00:00,8.21,9.8,51.25,-3.75,51.25,-3.75
2025-09-04 17:00:00,8.17,9.77,51.25,-3.75,51.25,-3.75
2025-09-04 18:00:00,8.6,10.15,51.25,-3.75,51.25,-3.75
2025-09-04 19:00:00,8.46,10.12,51.25,-3.75,51.25,-3.75
2025-09-04 20:00:00,8.15,9.87,51.25,-3.75,51.25,-3.75
2025-09-04 21:00:00,7.66,9.36,51.25,-3.75,51.25,-3.75
2025-09-04 22:00:00,7.56,9.29,51.25,-3.75,51.25,-3.75
2025-09-04 23:00:00,7.31,8.94,51.25,-3.75,51.25,-3.75
2025-09-05 00:00:00,7.39,8.95,51.25,-3.75,51.25,-3.75
2025-09-05 01:00:00,6.93,8.41,51.25,-3.75,51.25,-3.75
2025-09-05 02:00:00,6.61,7.93,51.25,-3.75,51.25,-3.75
2025-09-05 03:00:00,6.47,7.71,51.25,-3.75,51.25,-3.75
2025-09-05 04:00:00,6.17,7.43,51.25,-3.75,51.25,-3.75
2025-09-05 05:00:00,5.52,6.74,51.25,-3.75,51.25,-3.75
2025-09-05 06:00:00,4.73,5.72,51.25,-3.75,51.25,-3.75
2025-09-05 07:00:00,4.37,5.12,51.25,-3.75,51.25,-3.75
2025-09-05 08:00:00,4.7,5.25,51.25,-3.75,51.25,-3.75
2025-09-05 09:00:00,4.85,5.4,51.25,-3.75,51.25,-3.75
2025-09-05 10:00:00,4.31,4.76,51.25,-3.75,51.25,-3.75
2025-09-05 11:00:00,3.65,4.05,51.25,-3.75,51.25,-3.75
2025-09-05 12:00:00,3.48,3.83,51.25,-3.75,51.25,-3.75
2025-09-05 13:00:00,3.4,3.79,51.25,-3.75,51.25,-3.75
2025-09-05 14:00:00,3.3,3.73,51.25,-3.75,51.25,-3.75
2025-09-05 15:00:00,3.07,3.52,51.25,-3.75,51.25,-3.75
2025-09-05 16:00:00,3.35,3.86,51.25,-3.75,51.25,-3.75
2025-09-05 17:00:00,3.29,3.86,51.25,-3.75,51.25,-3.75
2025-09-05 18:00:00,2.17,2.64,51.25,-3.75,51.25,-3.75
2025-09-05 19:00:00,1.84,2.21,51.25,-3.75,51.25,-3.75
2025-09-05 20:00:00,1.59,1.97,51.25,-3.75,51.25,-3.75
2025-09-05 21:00:00,1.94,2.36,51.25,-3.75,51.25,-3.75
2025-09-05 22:00:00,2.46,3.12,51.25,-3.75,51.25,-3.75
2025-09-05 23:00:00,3.53,4.46,51.25,-3.75,51.25,-3.75
2025-09-06 00:00:00,4.18,5.36,51.25,-3.75,51.25,-3.75
2025-09-06 01:00:00,4.51,5.83,51.25,-3.75,51.25,-3.75
2025-09-06 02:00:00,4.99,6.38,51.25,-3.75,51.25,-3.75
2025-09-06 03:00:00,5.85,7.35,51.25,-3.75,51.25,-3.75
2025-09-06 04:00:00,6.54,8.14,51.25,-3.75,51.25,-3.75
2025-09-06 05:00:00,7.47,9.13,51.25,-3.75,51.25,-3.75
2025-09-06 06:00:00,8.76,10.67,51.25,-3.75,51.25,-3.75
2025-09-06 07:00:00,8.93,11.11,51.25,-3.75,51.25,-3.75
2025-09-06 08:00:00,7.95,10.04,51.25,-3.75,51.25,-3.75
2025-09-06 09:00:00,8.31,10.42,51.25,-3.75,51.25,-3.75
2025-09-06 10:00:00,8.39,10.68,51.25,-3.75,51.25,-3.75
2025-09-06 11:00:00,9.53,12.15,51.25,-3.75,51.25,-3.75
2025-09-06 12:00:00,10.02,12.89,51.25,-3.75,51.25,-3.75
2025-09-06 13:00:00,9.48,12.3,51.25,-3.75,51.25,-3.75
2025-09-06 14:00:00,9.49,12.34,51.25,-3.75,51.25,-3.75
2025-09-06 15:00:00,9.82,12.74,51.25,-3.75,51.25,-3.75
2025-09-06 16:00:00,9.91,12.93,51.25,-3.75,51.25,-3.75
2025-09-06 17:00:00,10.1,13.45,51.25,-3.75,51.25,-3.75
2025-09-06 18:00:00,10.49,14.15,51.25,-3.75,51.25,-3.75
2025-09-06 19:00:00,10.55,14.39,51.25,-3.75,51.25,-3.75
2025-09-06 20:00:00,10.92,14.99,51.25,-3.75,51.25,-3.75
2025-09-06 21:00:00,11.0,15.32,51.25,-3.75,51.25,-3.75
2025-09-06 22:00:00,11.19,15.56,51.25,-3.75,51.25,-3.75
2025-09-06 23:00:00,11.19,15.63,51.25,-3.75,51.25,-3.75
2025-09-07 00:00:00,10.9,15.31,51.25,-3.75,51.25,-3.75
2025-09-07 01:00:00,10.34,14.67,51.25,-3.75,51.25,-3.75
2025-09-07 02:00:00,10.22,14.23,51.25,-3.75,51.25,-3.75
2025-09-07 03:00:00,9.48,13.18,51.25,-3.75,51.25,-3.75
2025-09-07 04:00:00,7.8,11.05,51.25,-3.75,51.25,-3.75
2025-09-07 05:00:00,7.56,10.59,51.25,-3.75,51.25,-3.75
2025-09-07 06:00:00,7.6,10.71,51.25,-3.75,51.25,-3.75
2025-09-07 07:00:00,7.7,10.92,51.25,-3.75,51.25,-3.75
2025-09-07 08:00:00,7.52,10.58,51.25,-3.75,51.25,-3.75
2025-09-07 09:00:00,8.11,11.08,51.25,-3.75,51.25,-3.75
2025-09-07 10:00:00,6.81,9.23,51.25,-3.75,51.25,-3.75
2025-09-07 11:00:00,6.89,9.35,51.25,-3.75,51.25,-3.75
2025-09-07 12:00:00,7.94,10.74,51.25,-3.75,51.25,-3.75
2025-09-07 13:00:00,8.41,11.3,51.25,-3.75,51.25,-3.75
2025-09-07 14:00:00,7.51,10.08,51.25,-3.75,51.25,-3.75
2025-09-07 15:00:00,8.06,9.79,51.25,-3.75,51.25,-3.75
2025-09-07 16:00:00,7.88,9.41,51.25,-3.75,51.25,-3.75
2025-09-07 17:00:00,7.3,8.79,51.25,-3.75,51.25,-3.75
2025-09-07 18:00:00,6.86,8.4,51.25,-3.75,51.25,-3.75
2025-09-07 19:00:00,7.29,9.01,51.25,-3.75,51.25,-3.75
2025-09-07 20:00:00,7.01,8.58,51.25,-3.75,51.25,-3.75
2025-09-07 21:00:00,7.71,9.35,51.25,-3.75,51.25,-3.75
2025-09-07 22:00:00,7.89,9.61,51.25,-3.75,51.25,-3.75
2025-09-07 23:00:00,7.73,9.42,51.25,-3.75,51.25,-3.75
2025-09-08 00:00:00,6.95,8.55,51.25,-3.75,51.25,-3.75
2025-09-08 01:00:00,7.33,9.01,51.25,-3.75,51.25,-3.75
2025-09-08 02:00:00,8.09,9.77,51.25,-3.75,51.25,-3.75
2025-09-08 03:00:00,7.87,9.5,51.25,-3.75,51.25,-3.75
2025-09-08 04:00:00,7.4,8.9,51.25,-3.75,51.25,-3.75
2025-09-08 05:00:00,7.11,8.63,51.25,-3.75,51.25,-3.75
2025-09-08 06:00:00,6.91,8.39,51.25,-3.75,51.25,-3.75
2025-09-08 07:00:00,6.44,7.73,51.25,-3.75,51.25,-3.75
2025-09-08 08:00:00,6.16,7.17,51.25,-3.75,51.25,-3.75
2025-09-08 09:00:00,5.77,6.59,51.25,-3.75,51.25,-3.75
2025-09-08 10:00:00,5.46,6.21,51.25,-3.75,51.25,-3.75
2025-09-08 11:00:00,5.28,6.03,51.25,-3.75,51.25,-3.75
2025-09-08 12:00:00,4.59,5.19,51.25,-3.75,51.25,-3.75
2025-09-08 13:00:00,6.03,6.78,51.25,-3.75,51.25,-3.75
2025-09-08 14:00:00,6.9,7.97,51.25,-3.75,51.25,-3.75
2025-09-08 15:00:00,5.23,5.98,51.25,-3.75,51.25,-3.75
2025-09-08 16:00:00,5.34,6.29,51.25,-3.75,51.25,-3.75
2025-09-08 17:00:00,5.63,6.58,51.25,-3.75,51.25,-3.75
2025-09-08 18:00:00,6.54,7.81,51.25,-3.75,51.25,-3.75
2025-09-08 19:00:00,5.72,6.97,51.25,-3.75,51.25,-3.75
2025-09-08 20:00:00,5.16,6.4,51.25,-3.75,51.25,-3.75
2025-09-08 21:00:00,4.77,6.01,51.25,-3.75,51.25,-3.75
2025-09-08 22:00:00,6.12,7.77,51.25,-3.75,51.25,-3.75
2025-09-08 23:00:00,5.35,6.93,51.25,-3.75,51.25,-3.75
2025-09-09 00:00:00,5.48,7.08,51.25,-3.75,51.25,-3.75
2025-09-09 01:00:00,5.93,7.53,51.25,-3.75,51.25,-3.75
2025-09-09 02:00:00,6.3,8.02,51.25,-3.75,51.25,-3.75
2025-09-09 03:00:00,6.52,8.21,51.25,-3.75,51.25,-3.75
2025-09-09 04:00:00,6.41,8.13,51.25,-3.75,51.25,-3.75
2025-09-09 05:00:00,6.27,7.91,51.25,-3.75,51.25,-3.75
2025-09-09 06:00:00,6.59,8.25,51.25,-3.75,51.25,-3.75
2025-09-09 07:00:00,7.12,8.77,51.25,-3.75,51.25,-3.75
2025-09-09 08:00:00,7.64,9.27,51.25,-3.75,51.25,-3.75
2025-09-09 09:00:00,8.27,9.88,51.25,-3.75,51.25,-3.75
2025-09-09 10:00:00,8.4,10.25,51.25,-3.75,51.25,-3.75
2025-09-09 11:00:00,8.49,10.26,51.25,-3.75,51.25,-3.75
2025-09-09 12:00:00,7.68,9.25,51.25,-3.75,51.25,-3.75
2025-09-09 13:00:00,7.52,9.15,51.25,-3.75,51.25,-3.75
2025-09-09 14:00:00,7.96,9.81,51.25,-3.75,51.25,-3.75
2025-09-09 15:00:00,8.76,10.67,51.25,-3.75,51.25,-3.75
2025-09-09 16:00:00,9.44,11.36,51.25,-3.75,51.25,-3.75
2025-09-09 17:00:00,8.99,11.11,51.25,-3.75,51.25,-3.75
2025-09-09 18:00:00,9.17,11.34,51.25,-3.75,51.25,-3.75
2025-09-09 19:00:00,9.19,11.45,51.25,-3.75,51.25,-3.75
2025-09-09 20:00:00,9.52,11.87,51.25,-3.75,51.25,-3.75
2025-09-09 21:00:00,9.65,11.98,51.25,-3.75,51.25,-3.75
2025-09-09 22:00:00,9.75,12.34,51.25,-3.75,51.25,-3.75
2025-09-09 23:00:00,9.8,12.14,51.25,-3.75,51.25,-3.75
2025-09-10 00:00:00,9.44,11.52,51.25,-3.75,51.25,-3.75
2025-09-10 01:00:00,7.48,8.9,51.25,-3.75,51.25,-3.75
2025-09-10 02:00:00,6.51,7.51,51.25,-3.75,51.25,-3.75
2025-09-10 03:00:00,5.7,6.69,51.25,-3.75,51.25,-3.75
2025-09-10 04:00:00,5.51,6.41,51.25,-3.75,51.25,-3.75
2025-09-10 05:00:00,6.17,7.22,51.25,-3.75,51.25,-3.75
2025-09-10 06:00:00,6.5,7.58,51.25,-3.75,51.25,-3.75
2025-09-10 07:00:00,6.56,7.75,51.25,-3.75,51.25,-3.75
2025-09-10 08:00:00,6.62,7.85,51.25,-3.75,51.25,-3.75
2025-09-10 09:00:00,6.58,7.8,51.25,-3.75,51.25,-3.75
2025-09-10 10:00:00,7.0,8.54,51.25,-3.75,51.25,-3.75
2025-09-10 11:00:00,6.53,8.29,51.25,-3.75,51.25,-3.75
2025-09-10 12:00:00,6.85,8.45,51.25,-3.75,51.25,-3.75
2025-09-10 13:00:00,7.36,8.83,51.25,-3.75,51.25,-3.75
2025-09-10 14:00:00,8.18,10.04,51.25,-3.75,51.25,-3.75
2025-09-10 15:00:00,8.97,10.75,51.25,-3.75,51.25,-3.75
2025-09-10 16:00:00,11.41,13.71,51.25,-3.75,51.25,-3.75
2025-09-10 17:00:00,12.31,15.1,51.25,-3.75,51.25,-3.75
2025-09-10 18:00:00,12.06,14.81,51.25,-3.75,51.25,-3.75
2025-09-10 19:00:00,11.96,14.82,51.25,-3.75,51.25,-3.75
2025-09-10 20:00:00,11.96,14.82,51.25,-3.75,51.25,-3.75
2025-09-10 21:00:00,12.1,14.96,51.25,-3.75,51.25,-3.75
2025-09-10 22:00:00,10.85,13.6,51.25,-3.75,51.25,-3.75
2025-09-10 23:00:00,11.35,14.11,51.25,-3.75,51.25,-3.75
2025-09-11 00:00:00,11.48,14.11,51.25,-3.75,51.25,-3.75
2025-09-11 01:00:00,11.35,13.98,51.25,-3.75,51.25,-3.75
2025-09-11 02:00:00,10.98,13.56,51.25,-3.75,51.25,-3.75
2025-09-11 03:00:00,10.8,13.21,51.25,-3.75,51.25,-3.75
2025-09-11 04:00:00,10.34,12.57,51.25,-3.75,51.25,-3.75
2025-09-11 05:00:00,10.42,12.56,51.25,-3.75,51.25,-3.75
2025-09-11 06:00:00,9.81,11.72,51.25,-3.75,51.25,-3.75
2025-09-11 07:00:00,9.71,11.73,51.25,-3.75,51.25,-3.75
2025-09-11 08:00:00,9.49,11.39,51.25,-3.75,51.25,-3.75
2025-09-11 09:00:00,9.84,11.77,51.25,-3.75,51.25,-3.75
2025-09-11 10:00:00,10.79,13.21,51.25,-3.75,51.25,-3.75
2025-09-11 11:00:00,11.59,14.04,51.25,-3.75,51.25,-3.75
2025-09-11 12:00:00,11.55,13.79,51.25,-3.75,51.25,-3.75
2025-09-11 13:00:00,11.23,13.48,51.25,-3.75,51.25,-3.75
2025-09-11 14:00:00,11.88,14.34,51.25,-3.75,51.25,-3.75
2025-09-11 15:00:00,12.6,15.27,51.25,-3.75,51.25,-3.75
2025-09-11 16:00:00,12.2,14.9,51.25,-3.75,51.25,-3.75
2025-09-11 17:00:00,12.26,14.82,51.25,-3.75,51.25,-3.75
2025-09-11 18:00:00,12.1,14.85,51.25,-3.75,51.25,-3.75
2025-09-11 19:00:00,12.35,15.09,51.25,-3.75,51.25,-3.75
2025-09-11 20:00:00,12.38,15.29,51.25,-3.75,51.25,-3.75
2025-09-11 21:00:00,12.27,15.06,51.25,-3.75,51.25,-3.75
2025-09-11 22:00:00,13.18,16.4,51.25,-3.75,51.25,-3.75
2025-09-11 23:00:00,12.5,15.45,51.25,-3.75,51.25,-3.75
2025-09-12 00:00:00,11.81,14.51,51.25,-3.75,51.25,-3.75
2025-09-12 01:00:00,10.82,13.23,51.25,-3.75,51.25,-3.75
2025-09-12 02:00:00,10.94,13.26,51.25,-3.75,51.25,-3.75
2025-09-12 03:00:00,10.3,12.38,51.25,-3.75,51.25,-3.75
2025-09-12 04:00:00,10.0,12.05,51.25,-3.75,51.25,-3.75
2025-09-12 05:00:00,10.03,12.23,51.25,-3.75,51.25,-3.75
2025-09-12 06:00:00,9.91,12.06,51.25,-3.75,51.25,-3.75
2025-09-12 07:00:00,10.02,12.07,51.25,-3.75,51.25,-3.75
2025-09-12 08:00:00,9.97,11.94,51.25,-3.75,51.25,-3.75
2025-09-12 09:00:00,9.82,11.72,51.25,-3.75,51.25,-3.75
2025-09-12 10:00:00,10.31,12.32,51.25,-3.75,51.25,-3.75
2025-09-12 11:00:00,9.78,11.46,51.25,-3.75,51.25,-3.75
2025-09-12 12:00:00,9.27,10.79,51.25,-3.75,51.25,-3.75
2025-09-12 13:00:00,8.99,10.47,51.25,-3.75,51.25,-3.75
2025-09-12 14:00:00,9.23,10.89,51.25,-3.75,51.25,-3.75
2025-09-12 15:00:00,8.65,10.15,51.25,-3.75,51.25,-3.75
2025-09-12 16:00:00,8.52,10.04,51.25,-3.75,51.25,-3.75
2025-09-12 17:00:00,8.7,10.31,51.25,-3.75,51.25,-3.75
2025-09-12 18:00:00,9.14,10.99,51.25,-3.75,51.25,-3.75
2025-09-12 19:00:00,8.2,10.01,51.25,-3.75,51.25,-3.75
2025-09-12 20:00:00,7.81,9.65,51.25,-3.75,51.25,-3.75
2025-09-12 21:00:00,8.91,10.82,51.25,-3.75,51.25,-3.75
2025-09-12 22:00:00,9.09,11.19,51.25,-3.75,51.25,-3.75
2025-09-12 23:00:00,9.5,11.7,51.25,-3.75,51.25,-3.75
2025-09-13 00:00:00,9.69,11.89,51.25,-3.75,51.25,-3.75
2025-09-13 01:00:00,9.87,12.01,51.25,-3.75,51.25,-3.75
2025-09-13 02:00:00,10.61,12.62,51.25,-3.75,51.25,-3.75
2025-09-13 03:00:00,10.43,12.45,51.25,-3.75,51.25,-3.75
2025-09-13 04:00:00,9.28,10.94,51.25,-3.75,51.25,-3.75
2025-09-13 05:00:00,8.74,10.35,51.25,-3.75,51.25,-3.75
2025-09-13 06:00:00,8.74,10.35,51.25,-3.75,51.25,-3.75
2025-09-13 07:00:00,8.52,10.11,51.25,-3.75,51.25,-3.75
2025-09-13 08:00:00,8.53,10.08,51.25,-3.75,51.25,-3.75
2025-09-13 09:00:00,8.1,9.47,51.25,-3.75,51.25,-3.75
2025-09-13 10:00:00,8.03,9.55,51.25,-3.75,51.25,-3.75
2025-09-13 11:00:00,9.11,10.69,51.25,-3.75,51.25,-3.75
2025-09-13 12:00:00,9.44,11.06,51.25,-3.75,51.25,-3.75
2025-09-13 13:00:00,8.84,10.37,51.25,-3.75,51.25,-3.75
2025-09-13 14:00:00,8.62,10.06,51.25,-3.75,51.25,-3.75
2025-09-13 15:00:00,9.25,10.9,51.25,-3.75,51.25,-3.75
2025-09-13 16:00:00,9.89,11.84,51.25,-3.75,51.25,-3.75
2025-09-13 17:00:00,9.1,10.86,51.25,-3.75,51.25,-3.75
2025-09-13 18:00:00,8.66,10.47,51.25,-3.75,51.25,-3.75
2025-09-13 19:00:00,8.61,10.36,51.25,-3.75,51.25,-3.75
2025-09-13 20:00:00,8.59,10.39,51.25,-3.75,51.25,-3.75
2025-09-13 21:00:00,8.27,9.92,51.25,-3.75,51.25,-3.75
2025-09-13 22:00:00,7.52,8.89,51.25,-3.75,51.25,-3.75
2025-09-13 23:00:00,7.52,9.01,51.25,-3.75,51.25,-3.75
2025-09-14 00:00:00,6.49,7.84,51.25,-3.75,51.25,-3.75
2025-09-14 01:00:00,5.77,6.91,51.25,-3.75,51.25,-3.75
2025-09-14 02:00:00,4.45,5.45,51.25,-3.75,51.25,-3.75
2025-09-14 03:00:00,4.0,4.86,51.25,-3.75,51.25,-3.75
2025-09-14 04:00:00,4.56,5.55,51.25,-3.75,51.25,-3.75
2025-09-14 05:00:00,4.55,5.69,51.25,-3.75,51.25,-3.75
2025-09-14 06:00:00,4.35,5.48,51.25,-3.75,51.25,-3.75
2025-09-14 07:00:00,5.85,7.1,51.25,-3.75,51.25,-3.75
2025-09-14 08:00:00,6.41,7.64,51.25,-3.75,51.25,-3.75
2025-09-14 09:00:00,7.04,8.52,51.25,-3.75,51.25,-3.75
2025-09-14 10:00:00,10.49,12.59,51.25,-3.75,51.25,-3.75
2025-09-14 11:00:00,11.34,14.2,51.25,-3.75,51.25,-3.75
2025-09-14 12:00:00,10.26,13.09,51.25,-3.75,51.25,-3.75
2025-09-14 13:00:00,10.04,13.11,51.25,-3.75,51.25,-3.75
2025-09-14 14:00:00,10.72,13.58,51.25,-3.75,51.25,-3.75
2025-09-14 15:00:00,11.6,15.69,51.25,-3.75,51.25,-3.75
2025-09-14 16:00:00,12.92,16.92,51.25,-3.75,51.25,-3.75
2025-09-14 17:00:00,13.79,18.16,51.25,-3.75,51.25,-3.75
2025-09-14 18:00:00,12.93,17.24,51.25,-3.75,51.25,-3.75
2025-09-14 19:00:00,11.62,15.62,51.25,-3.75,51.25,-3.75
2025-09-14 20:00:00,12.72,16.86,51.25,-3.75,51.25,-3.75
2025-09-14 21:00:00,14.1,18.42,51.25,-3.75,51.25,-3.75
2025-09-14 22:00:00,13.86,18.3,51.25,-3.75,51.25,-3.75
2025-09-14 23:00:00,14.83,19.06,51.25,-3.75,51.25,-3.75
2025-09-15 00:00:00,15.63,19.92,51.25,-3.75,51.25,-3.75
2025-09-15 01:00:00,15.6,19.77,51.25,-3.75,51.25,-3.75
2025-09-15 02:00:00,15.77,20.03,51.25,-3.75,51.25,-3.75
2025-09-15 03:00:00,16.32,20.65,51.25,-3.75,51.25,-3.75
2025-09-15 04:00:00,15.74,19.96,51.25,-3.75,51.25,-3.75
2025-09-15 05:00:00,15.73,19.89,51.25,-3.75,51.25,-3.75
2025-09-15 06:00:00,15.61,19.68,51.25,-3.75,51.25,-3.75
2025-09-15 07:00:00,15.51,19.47,51.25,-3.75,51.25,-3.75
2025-09-15 08:00:00,15.98,19.95,51.25,-3.75,51.25,-3.75
2025-09-15 09:00:00,15.64,19.51,51.25,-3.75,51.25,-3.75
2025-09-15 10:00:00,15.37,19.14,51.25,-3.75,51.25,-3.75
2025-09-15 11:00:00,15.63,19.42,51.25,-3.75,51.25,-3.75
2025-09-15 12:00:00,15.54,19.12,51.25,-3.75,51.25,-3.75
2025-09-15 13:00:00,15.89,19.67,51.25,-3.75,51.25,-3.75
2025-09-15 14:00:00,16.17,20.08,51.25,-3.75,51.25,-3.75
2025-09-15 15:00:00,15.67,19.51,51.25,-3.75,51.25,-3.75
2025-09-15 16:00:00,15.22,18.97,51.25,-3.75,51.25,-3.75
2025-09-15 17:00:00,15.36,19.26,51.25,-3.75,51.25,-3.75
2025-09-15 18:00:00,15.91,20.0,51.25,-3.75,51.25,-3.75
2025-09-15 19:00:00,15.85,19.85,51.25,-3.75,51.25,-3.75
2025-09-15 20:00:00,15.46,19.32,51.25,-3.75,51.25,-3.75
2025-09-15 21:00:00,15.61,19.51,51.25,-3.75,51.25,-3.75
2025-09-15 22:00:00,15.66,19.56,51.25,-3.75,51.25,-3.75
2025-09-15 23:00:00,14.62,18.29,51.25,-3.75,51.25,-3.75
2025-09-16 00:00:00,13.72,17.0,51.25,-3.75,51.25,-3.75
2025-09-16 01:00:00,13.23,16.27,51.25,-3.75,51.25,-3.75
2025-09-16 02:00:00,13.09,16.1,51.25,-3.75,51.25,-3.75
2025-09-16 03:00:00,12.99,15.96,51.25,-3.75,51.25,-3.75
2025-09-16 04:00:00,12.83,15.75,51.25,-3.75,51.25,-3.75
2025-09-16 05:00:00,12.58,15.41,51.25,-3.75,51.25,-3.75
2025-09-16 06:00:00,11.9,14.59,51.25,-3.75,51.25,-3.75
2025-09-16 07:00:00,11.28,13.72,51.25,-3.75,51.25,-3.75
2025-09-16 08:00:00,10.71,12.83,51.25,-3.75,51.25,-3.75
2025-09-16 09:00:00,10.01,11.86,51.25,-3.75,51.25,-3.75
2025-09-16 10:00:00,9.23,10.77,51.25,-3.75,51.25,-3.75
2025-09-16 11:00:00,8.96,10.52,51.25,-3.75,51.25,-3.75
2025-09-16 12:00:00,8.42,9.77,51.25,-3.75,51.25,-3.75
2025-09-16 13:00:00,8.46,9.81,51.25,-3.75,51.25,-3.75
2025-09-16 14:00:00,8.86,10.32,51.25,-3.75,51.25,-3.75
2025-09-16 15:00:00,9.07,10.63,51.25,-3.75,51.25,-3.75
2025-09-16 16:00:00,8.61,10.17,51.25,-3.75,51.25,-3.75
2025-09-16 17:00:00,7.76,9.06,51.25,-3.75,51.25,-3.75
2025-09-16 18:00:00,7.32,8.71,51.25,-3.75,51.25,-3.75
2025-09-16 19:00:00,7.25,8.66,51.25,-3.75,51.25,-3.75
2025-09-16 20:00:00,6.57,7.9,51.25,-3.75,51.25,-3.75
2025-09-16 21:00:00,6.33,7.68,51.25,-3.75,51.25,-3.75
2025-09-16 22:00:00,6.71,8.28,51.25,-3.75,51.25,-3.75
2025-09-16 23:00:00,7.02,8.72,51.25,-3.75,51.25,-3.75
2025-09-17 00:00:00,7.35,9.34,51.25,-3.75,51.25,-3.75
2025-09-17 01:00:00,7.64,9.63,51.25,-3.75,51.25,-3.75
2025-09-17 02:00:00,8.07,10.13,51.25,-3.75,51.25,-3.75
2025-09-17 03:00:00,9.25,11.57,51.25,-3.75,51.25,-3.75
2025-09-17 04:00:00,10.68,13.55,51.25,-3.75,51.25,-3.75
2025-09-17 05:00:00,12.42,15.68,51.25,-3.75,51.25,-3.75
2025-09-17 06:00:00,10.38,14.36,51.25,-3.75,51.25,-3.75
2025-09-17 07:00:00,9.89,15.1,51.25,-3.75,51.25,-3.75
2025-09-17 08:00:00,11.54,15.52,51.25,-3.75,51.25,-3.75
2025-09-17 09:00:00,11.67,15.56,51.25,-3.75,51.25,-3.75
2025-09-17 10:00:00,10.61,14.06,51.25,-3.75,51.25,-3.75
2025-09-17 11:00:00,10.75,14.39,51.25,-3.75,51.25,-3.75
2025-09-17 12:00:00,10.89,14.64,51.25,-3.75,51.25,-3.75
2025-09-17 13:00:00,11.03,14.53,51.25,-3.75,51.25,-3.75
2025-09-17 14:00:00,10.54,14.18,51.25,-3.75,51.25,-3.75
2025-09-17 15:00:00,9.9,13.66,51.25,-3.75,51.25,-3.75
2025-09-17 16:00:00,10.09,13.73,51.25,-3.75,51.25,-3.75
2025-09-17 17:00:00,9.65,13.19,51.25,-3.75,51.25,-3.75
2025-09-17 18:00:00,9.37,12.81,51.25,-3.75,51.25,-3.75
2025-09-17 19:00:00,8.95,12.39,51.25,-3.75,51.25,-3.75
2025-09-17 20:00:00,8.65,11.75,51.25,-3.75,51.25,-3.75
2025-09-17 21:00:00,8.24,11.13,51.25,-3.75,51.25,-3.75
2025-09-17 22:00:00,7.03,9.89,51.25,-3.75,51.25,-3.75
2025-09-17 23:00:00,6.98,9.74,51.25,-3.75,51.25,-3.75
2025-09-18 00:00:00,6.86,9.54,51.25,-3.75,51.25,-3.75
2025-09-18 01:00:00,6.51,9.24,51.25,-3.75,51.25,-3.75
2025-09-18 02:00:00,6.68,9.53,51.25,-3.75,51.25,-3.75
2025-09-18 03:00:00,7.61,10.71,51.25,-3.75,51.25,-3.75
2025-09-18 04:00:00,8.91,12.27,51.25,-3.75,51.25,-3.75
2025-09-18 05:00:00,9.37,12.7,51.25,-3.75,51.25,-3.75
2025-09-18 06:00:00,9.16,12.38,51.25,-3.75,51.25,-3.75
2025-09-18 07:00:00,9.02,12.32,51.25,-3.75,51.25,-3.75
2025-09-18 08:00:00,8.88,12.26,51.25,-3.75,51.25,-3.75
2025-09-18 09:00:00,9.27,12.68,51.25,-3.75,51.25,-3.75
2025-09-18 10:00:00,8.8,12.01,51.25,-3.75,51.25,-3.75
2025-09-18 11:00:00,8.37,11.54,51.25,-3.75,51.25,-3.75
2025-09-18 12:00:00,8.42,11.49,51.25,-3.75,51.25,-3.75
2025-09-18 13:00:00,8.46,11.43,51.25,-3.75,51.25,-3.75
2025-09-18 14:00:00,7.86,10.96,51.25,-3.75,51.25,-3.75
2025-09-18 15:00:00,7.72,10.73,51.25,-3.75,51.25,-3.75
2025-09-18 16:00:00,7.78,10.68,51.25,-3.75,51.25,-3.75
2025-09-18 17:00:00,7.21,10.11,51.25,-3.75,51.25,-3.75
2025-09-18 18:00:00,6.94,9.8,51.25,-3.75,51.25,-3.75
2025-09-18 19:00:00,6.86,9.47,51.25,-3.75,51.25,-3.75
2025-09-18 20:00:00,6.59,9.11,51.25,-3.75,51.25,-3.75
2025-09-18 21:00:00,6.31,8.77,51.25,-3.75,51.25,-3.75
2025-09-18 22:00:00,5.81,8.27,51.25,-3.75,51.25,-3.75
2025-09-18 23:00:00,6.4,8.81,51.25,-3.75,51.25,-3.75
2025-09-19 00:00:00,6.36,8.72,51.25,-3.75,51.25,-3.75
2025-09-19 01:00:00,6.11,8.37,51.25,-3.75,51.25,-3.75
2025-09-19 02:00:00,5.78,7.73,51.25,-3.75,51.25,-3.75
2025-09-19 03:00:00,5.36,7.16,51.25,-3.75,51.25,-3.75
2025-09-19 04:00:00,5.11,7.15,51.25,-3.75,51.25,-3.75
2025-09-19 05:00:00,5.65,7.61,51.25,-3.75,51.25,-3.75
2025-09-19 06:00:00,6.08,7.95,51.25,-3.75,51.25,-3.75
2025-09-19 07:00:00,6.05,7.63,51.25,-3.75,51.25,-3.75
2025-09-19 08:00:00,5.96,7.21,51.25,-3.75,51.25,-3.75
2025-09-19 09:00:00,5.27,6.43,51.25,-3.75,51.25,-3.75
2025-09-19 10:00:00,2.83,3.48,51.25,-3.75,51.25,-3.75
2025-09-19 11:00:00,3.07,3.85,51.25,-3.75,51.25,-3.75
2025-09-19 12:00:00,3.2,4.29,51.25,-3.75,51.25,-3.75
2025-09-19 13:00:00,2.47,3.7,51.25,-3.75,51.25,-3.75
2025-09-19 14:00:00,3.18,4.52,51.25,-3.75,51.25,-3.75
2025-09-19 15:00:00,3.04,4.41,51.25,-3.75,51.25,-3.75
2025-09-19 16:00:00,3.26,4.75,51.25,-3.75,51.25,-3.75
2025-09-19 17:00:00,3.16,4.54,51.25,-3.75,51.25,-3.75
2025-09-19 18:00:00,2.08,3.51,51.25,-3.75,51.25,-3.75
2025-09-19 19:00:00,2.37,3.87,51.25,-3.75,51.25,-3.75
2025-09-19 20:00:00,3.42,5.27,51.25,-3.75,51.25,-3.75
2025-09-19 21:00:00,4.17,6.18,51.25,-3.75,51.25,-3.75
2025-09-19 22:00:00,3.76,5.51,51.25,-3.75,51.25,-3.75
2025-09-19 23:00:00,5.15,6.75,51.25,-3.75,51.25,-3.75
2025-09-20 00:00:00,5.64,7.23,51.25,-3.75,51.25,-3.75
2025-09-20 01:00:00,5.0,6.43,51.25,-3.75,51.25,-3.75
2025-09-20 02:00:00,5.43,6.88,51.25,-3.75,51.25,-3.75
2025-09-20 03:00:00,6.5,7.85,51.25,-3.75,51.25,-3.75
2025-09-20 04:00:00,7.0,8.82,51.25,-3.75,51.25,-3.75
2025-09-20 05:00:00,6.23,8.1,51.25,-3.75,51.25,-3.75
2025-09-20 06:00:00,5.26,7.16,51.25,-3.75,51.25,-3.75
2025-09-20 07:00:00,5.58,7.26,51.25,-3.75,51.25,-3.75
2025-09-20 08:00:00,6.32,8.29,51.25,-3.75,51.25,-3.75
2025-09-20 09:00:00,6.67,9.14,51.25,-3.75,51.25,-3.75
2025-09-20 10:00:00,6.85,10.31,51.25,-3.75,51.25,-3.75
2025-09-20 11:00:00,7.68,10.38,51.25,-3.75,51.25,-3.75
2025-09-20 12:00:00,7.72,10.48,51.25,-3.75,51.25,-3.75
2025-09-20 13:00:00,7.58,10.22,51.25,-3.75,51.25,-3.75
2025-09-20 14:00:00,7.67,10.58,51.25,-3.75,51.25,-3.75
2025-09-20 15:00:00,8.73,12.22,51.25,-3.75,51.25,-3.75
2025-09-20 16:00:00,12.48,16.1,51.25,-3.75,51.25,-3.75
2025-09-20 17:00:00,16.38,20.79,51.25,-3.75,51.25,-3.75
2025-09-20 18:00:00,15.68,20.06,51.25,-3.75,51.25,-3.75
2025-09-20 19:00:00,12.85,16.08,51.25,-3.75,51.25,-3.75
2025-09-20 20:00:00,10.85,13.33,51.25,-3.75,51.25,-3.75
2025-09-20 21:00:00,9.6,11.77,51.25,-3.75,51.25,-3.75
2025-09-20 22:00:00,9.64,11.61,51.25,-3.75,51.25,-3.75
2025-09-20 23:00:00,8.62,10.17,51.25,-3.75,51.25,-3.75
2025-09-21 00:00:00,7.42,8.64,51.25,-3.75,51.25,-3.75
2025-09-21 01:00:00,6.64,7.41,51.25,-3.75,51.25,-3.75
2025-09-21 02:00:00,6.12,6.99,51.25,-3.75,51.25,-3.75
2025-09-21 03:00:00,5.08,5.88,51.25,-3.75,51.25,-3.75
2025-09-21 04:00:00,4.15,4.72,51.25,-3.75,51.25,-3.75
2025-09-21 05:00:00,5.06,5.63,51.25,-3.75,51.25,-3.75
2025-09-21 06:00:00,6.33,7.08,51.25,-3.75,51.25,-3.75
2025-09-21 07:00:00,6.83,7.82,51.25,-3.75,51.25,-3.75
2025-09-21 08:00:00,6.71,7.69,51.25,-3.75,51.25,-3.75
2025-09-21 09:00:00,6.29,7.14,51.25,-3.75,51.25,-3.75
2025-09-21 10:00:00,5.56,6.03,51.25,-3.75,51.25,-3.75
2025-09-21 11:00:00,5.24,5.77,51.25,-3.75,51.25,-3.75
2025-09-21 12:00:00,4.92,5.51,51.25,-3.75,51.25,-3.75
2025-09-21 13:00:00,4.66,5.27,51.25,-3.75,51.25,-3.75
2025-09-21 14:00:00,4.45,5.12,51.25,-3.75,51.25,-3.75
2025-09-21 15:00:00,4.87,5.52,51.25,-3.75,51.25,-3.75
2025-09-21 16:00:00,5.5,6.35,51.25,-3.75,51.25,-3.75
2025-09-21 17:00:00,5.37,6.47,51.25,-3.75,51.25,-3.75
2025-09-21 18:00:00,5.64,6.78,51.25,-3.75,51.25,-3.75
2025-09-21 19:00:00,5.81,7.18,51.25,-3.75,51.25,-3.75
2025-09-21 20:00:00,6.62,8.05,51.25,-3.75,51.25,-3.75
2025-09-21 21:00:00,6.83,8.36,51.25,-3.75,51.25,-3.75
2025-09-21 22:00:00,6.63,8.21,51.25,-3.75,51.25,-3.75
2025-09-21 23:00:00,6.42,7.93,51.25,-3.75,51.25,-3.75
2025-09-22 00:00:00,5.82,7.16,51.25,-3.75,51.25,-3.75
2025-09-22 01:00:00,5.8,7.02,51.25,-3.75,51.25,-3.75
2025-09-22 02:00:00,5.66,6.88,51.25,-3.75,51.25,-3.75
2025-09-22 03:00:00,5.48,6.72,51.25,-3.75,51.25,-3.75
2025-09-22 04:00:00,5.14,6.36,51.25,-3.75,51.25,-3.75
2025-09-22 05:00:00,4.77,5.94,51.25,-3.75,51.25,-3.75
2025-09-22 06:00:00,4.42,5.49,51.25,-3.75,51.25,-3.75
2025-09-22 07:00:00,4.2,5.06,51.25,-3.75,51.25,-3.75
2025-09-22 08:00:00,4.19,4.81,51.25,-3.75,51.25,-3.75
2025-09-22 09:00:00,4.31,4.81,51.25,-3.75,51.25,-3.75
2025-09-22 10:00:00,3.87,4.25,51.25,-3.75,51.25,-3.75
2025-09-22 11:00:00,3.69,4.08,51.25,-3.75,51.25,-3.75
2025-09-22 12:00:00,3.42,3.85,51.25,-3.75,51.25,-3.75
2025-09-22 13:00:00,3.65,4.07,51.25,-3.75,51.25,-3.75
2025-09-22 14:00:00,4.01,4.47,51.25,-3.75,51.25,-3.75
2025-09-22 15:00:00,4.06,4.64,51.25,-3.75,51.25,-3.75
2025-09-22 16:00:00,3.92,4.55,51.25,-3.75,51.25,-3.75
2025-09-22 17:00:00,3.51,4.3,51.25,-3.75,51.25,-3.75
2025-09-22 18:00:00,3.22,3.94,51.25,-3.75,51.25,-3.75
2025-09-22 19:00:00,3.15,3.72,51.25,-3.75,51.25,-3.75
2025-09-22 20:00:00,3.19,3.75,51.25,-3.75,51.25,-3.75
2025-09-22 21:00:00,3.5,4.01,51.25,-3.75,51.25,-3.75
2025-09-22 22:00:00,4.07,4.72,51.25,-3.75,51.25,-3.75
2025-09-22 23:00:00,4.51,5.42,51.25,-3.75,51.25,-3.75
2025-09-23 00:00:00,4.56,5.53,51.25,-3.75,51.25,-3.75
2025-09-23 01:00:00,4.06,5.02,51.25,-3.75,51.25,-3.75
2025-09-23 02:00:00,3.56,4.23,51.25,-3.75,51.25,-3.75
2025-09-23 03:00:00,3.22,3.69,51.25,-3.75,51.25,-3.75
2025-09-23 04:00:00,3.2,3.62,51.25,-3.75,51.25,-3.75
2025-09-23 05:00:00,3.48,3.85,51.25,-3.75,51.25,-3.75
2025-09-23 06:00:00,3.64,4.05,51.25,-3.75,51.25,-3.75
2025-09-23 07:00:00,3.4,3.99,51.25,-3.75,51.25,-3.75
2025-09-23 08:00:00,3.15,3.59,51.25,-3.75,51.25,-3.75
2025-09-23 09:00:00,2.85,3.21,51.25,-3.75,51.25,-3.75
2025-09-23 10:00:00,2.9,3.16,51.25,-3.75,51.25,-3.75
2025-09-23 11:00:00,2.89,3.11,51.25,-3.75,51.25,-3.75
2025-09-23 12:00:00,3.15,3.55,51.25,-3.75,51.25,-3.75
2025-09-23 13:00:00,3.44,3.88,51.25,-3.75,51.25,-3.75
2025-09-23 14:00:00,3.42,3.85,51.25,-3.75,51.25,-3.75
2025-09-23 15:00:00,3.21,3.63,51.25,-3.75,51.25,-3.75
2025-09-23 16:00:00,3.2,3.62,51.25,-3.75,51.25,-3.75
2025-09-23 17:00:00,2.82,3.31,51.25,-3.75,51.25,-3.75
2025-09-23 18:00:00,2.62,3.15,51.25,-3.75,51.25,-3.75
2025-09-23 19:00:00,2.7,3.3,51.25,-3.75,51.25,-3.75
2025-09-23 20:00:00,3.12,3.83,51.25,-3.75,51.25,-3.75
2025-09-23 21:00:00,3.43,4.36,51.25,-3.75,51.25,-3.75
2025-09-23 22:00:00,3.83,4.83,51.25,-3.75,51.25,-3.75
2025-09-23 23:00:00,4.34,5.48,51.25,-3.75,51.25,-3.75
2025-09-24 00:00:00,4.36,5.55,51.25,-3.75,51.25,-3.75
2025-09-24 01:00:00,4.27,5.35,51.25,-3.75,51.25,-3.75
2025-09-24 02:00:00,4.2,5.19,51.25,-3.75,51.25,-3.75
2025-09-24 03:00:00,4.36,5.37,51.25,-3.75,51.25,-3.75
2025-09-24 04:00:00,4.53,5.62,51.25,-3.75,51.25,-3.75
2025-09-24 05:00:00,4.7,5.94,51.25,-3.75,51.25,-3.75
2025-09-24 06:00:00,4.99,6.35,51.25,-3.75,51.25,-3.75
2025-09-24 07:00:00,5.59,6.89,51.25,-3.75,51.25,-3.75
2025-09-24 08:00:00,6.21,7.22,51.25,-3.75,51.25,-3.75
2025-09-24 09:00:00,6.07,6.94,51.25,-3.75,51.25,-3.75
2025-09-24 10:00:00,5.19,5.85,51.25,-3.75,51.25,-3.75
2025-09-24 11:00:00,5.43,6.05,51.25,-3.75,51.25,-3.75
2025-09-24 12:00:00,5.57,6.3,51.25,-3.75,51.25,-3.75
2025-09-24 13:00:00,5.03,5.71,51.25,-3.75,51.25,-3.75
2025-09-24 14:00:00,4.69,5.29,51.25,-3.75,51.25,-3.75
2025-09-24 15:00:00,4.27,4.88,51.25,-3.75,51.25,-3.75
2025-09-24 16:00:00,3.76,4.34,51.25,-3.75,51.25,-3.75
2025-09-24 17:00:00,3.3,3.96,51.25,-3.75,51.25,-3.75
2025-09-24 18:00:00,2.97,3.75,51.25,-3.75,51.25,-3.75
2025-09-24 19:00:00,3.12,4.0,51.25,-3.75,51.25,-3.75
2025-09-24 20:00:00,3.34,4.01,51.25,-3.75,51.25,-3.75
2025-09-24 21:00:00,3.61,4.58,51.25,-3.75,51.25,-3.75
2025-09-24 22:00:00,4.35,5.61,51.25,-3.75,51.25,-3.75
2025-09-24 23:00:00,5.09,6.43,51.25,-3.75,51.25,-3.75
2025-09-25 00:00:00,5.39,6.81,51.25,-3.75,51.25,-3.75
2025-09-25 01:00:00,5.2,6.53,51.25,-3.75,51.25,-3.75
2025-09-25 02:00:00,4.86,5.94,51.25,-3.75,51.25,-3.75
2025-09-25 03:00:00,4.57,5.59,51.25,-3.75,51.25,-3.75
2025-09-25 04:00:00,4.74,5.88,51.25,-3.75,51.25,-3.75
2025-09-25 05:00:00,5.04,6.29,51.25,-3.75,51.25,-3.75
2025-09-25 06:00:00,5.34,6.73,51.25,-3.75,51.25,-3.75
2025-09-25 07:00:00,5.3,6.66,51.25,-3.75,51.25,-3.75
2025-09-25 08:00:00,5.06,6.15,51.25,-3.75,51.25,-3.75
2025-09-25 09:00:00,5.09,5.93,51.25,-3.75,51.25,-3.75
2025-09-25 10:00:00,4.1,4.67,51.25,-3.75,51.25,-3.75
2025-09-25 11:00:00,4.05,4.6,51.25,-3.75,51.25,-3.75
2025-09-25 12:00:00,4.9,5.64,51.25,-3.75,51.25,-3.75
2025-09-25 13:00:00,4.87,5.59,51.25,-3.75,51.25,-3.75
2025-09-25 14:00:00,4.36,5.04,51.25,-3.75,51.25,-3.75
2025-09-25 15:00:00,4.09,4.76,51.25,-3.75,51.25,-3.75
2025-09-25 16:00:00,3.91,4.65,51.25,-3.75,51.25,-3.75
2025-09-25 17:00:00,3.39,4.36,51.25,-3.75,51.25,-3.75
2025-09-25 18:00:00,2.97,4.12,51.25,-3.75,51.25,-3.75
2025-09-25 19:00:00,3.57,5.06,51.25,-3.75,51.25,-3.75
2025-09-25 20:00:00,4.3,6.34,51.25,-3.75,51.25,-3.75
2025-09-25 21:00:00,4.85,6.93,51.25,-3.75,51.25,-3.75
2025-09-25 22:00:00,6.3,8.5,51.25,-3.75,51.25,-3.75
2025-09-25 23:00:00,6.38,8.25,51.25,-3.75,51.25,-3.75
2025-09-26 00:00:00,5.81,7.45,51.25,-3.75,51.25,-3.75
2025-09-26 01:00:00,5.47,6.86,51.25,-3.75,51.25,-3.75
2025-09-26 02:00:00,5.06,6.3,51.25,-3.75,51.25,-3.75
2025-09-26 03:00:00,4.79,5.94,51.25,-3.75,51.25,-3.75
2025-09-26 04:00:00,4.64,5.69,51.25,-3.75,51.25,-3.75
2025-09-26 05:00:00,4.6,5.76,51.25,-3.75,51.25,-3.75
2025-09-26 06:00:00,4.83,6.07,51.25,-3.75,51.25,-3.75
2025-09-26 07:00:00,5.16,6.36,51.25,-3.75,51.25,-3.75
2025-09-26 08:00:00,5.38,6.37,51.25,-3.75,51.25,-3.75
2025-09-26 09:00:00,5.21,5.86,51.25,-3.75,51.25,-3.75
2025-09-26 10:00:00,4.65,5.26,51.25,-3.75,51.25,-3.75
2025-09-26 11:00:00,4.61,5.12,51.25,-3.75,51.25,-3.75
2025-09-26 12:00:00,4.48,4.96,51.25,-3.75,51.25,-3.75
2025-09-26 13:00:00,4.07,4.46,51.25,-3.75,51.25,-3.75
2025-09-26 14:00:00,3.87,4.27,51.25,-3.75,51.25,-3.75
2025-09-26 15:00:00,3.46,3.82,51.25,-3.75,51.25,-3.75
2025-09-26 16:00:00,3.91,4.41,51.25,-3.75,51.25,-3.75
2025-09-26 17:00:00,5.03,5.86,51.25,-3.75,51.25,-3.75
2025-09-26 18:00:00,5.52,6.62,51.25,-3.75,51.25,-3.75
2025-09-26 19:00:00,5.37,6.72,51.25,-3.75,51.25,-3.75
2025-09-26 20:00:00,5.09,6.44,51.25,-3.75,51.25,-3.75
2025-09-26 21:00:00,5.01,6.39,51.25,-3.75,51.25,-3.75
2025-09-26 22:00:00,5.66,7.09,51.25,-3.75,51.25,-3.75
2025-09-26 23:00:00,5.26,6.64,51.25,-3.75,51.25,-3.75
2025-09-27 00:00:00,5.15,6.59,51.25,-3.75,51.25,-3.75
2025-09-27 01:00:00,5.28,6.75,51.25,-3.75,51.25,-3.75
2025-09-27 02:00:00,5.46,6.83,51.25,-3.75,51.25,-3.75
2025-09-27 03:00:00,5.56,7.04,51.25,-3.75,51.25,-3.75
2025-09-27 04:00:00,5.62,7.05,51.25,-3.75,51.25,-3.75
2025-09-27 05:00:00,5.53,6.92,51.25,-3.75,51.25,-3.75
2025-09-27 06:00:00,5.66,7.06,51.25,-3.75,51.25,-3.75
2025-09-27 07:00:00,5.69,7.16,51.25,-3.75,51.25,-3.75
2025-09-27 08:00:00,5.63,7.02,51.25,-3.75,51.25,-3.75
2025-09-27 09:00:00,5.33,6.54,51.25,-3.75,51.25,-3.75
2025-09-27 10:00:00,5.88,6.96,51.25,-3.75,51.25,-3.75
2025-09-27 11:00:00,6.58,7.8,51.25,-3.75,51.25,-3.75
2025-09-27 12:00:00,7.13,8.66,51.25,-3.75,51.25,-3.75
2025-09-27 13:00:00,7.23,9.07,51.25,-3.75,51.25,-3.75
2025-09-27 14:00:00,7.07,8.91,51.25,-3.75,51.25,-3.75
2025-09-27 15:00:00,5.96,7.76,51.25,-3.75,51.25,-3.75
2025-09-27 16:00:00,6.91,8.86,51.25,-3.75,51.25,-3.75
2025-09-27 17:00:00,7.13,9.33,51.25,-3.75,51.25,-3.75
2025-09-27 18:00:00,7.75,10.18,51.25,-3.75,51.25,-3.75
2025-09-27 19:00:00,7.97,10.45,51.25,-3.75,51.25,-3.75
2025-09-27 20:00:00,8.38,11.09,51.25,-3.75,51.25,-3.75
2025-09-27 21:00:00,8.08,10.61,51.25,-3.75,51.25,-3.75
2025-09-27 22:00:00,7.21,8.88,51.25,-3.75,51.25,-3.75
2025-09-27 23:00:00,5.31,6.29,51.25,-3.75,51.25,-3.75
2025-09-28 00:00:00,4.46,5.15,51.25,-3.75,51.25,-3.75
2025-09-28 01:00:00,4.66,5.71,51.25,-3.75,51.25,-3.75
2025-09-28 02:00:00,4.56,5.91,51.25,-3.75,51.25,-3.75
2025-09-28 03:00:00,4.6,6.18,51.25,-3.75,51.25,-3.75
2025-09-28 04:00:00,4.81,6.51,51.25,-3.75,51.25,-3.75
2025-09-28 05:00:00,4.95,6.57,51.25,-3.75,51.25,-3.75
2025-09-28 06:00:00,4.77,6.2,51.25,-3.75,51.25,-3.75
2025-09-28 07:00:00,4.28,5.5,51.25,-3.75,51.25,-3.75
2025-09-28 08:00:00,4.0,4.96,51.25,-3.75,51.25,-3.75
2025-09-28 09:00:00,4.14,4.82,51.25,-3.75,51.25,-3.75
2025-09-28 10:00:00,4.21,4.68,51.25,-3.75,51.25,-3.75
2025-09-28 11:00:00,4.74,5.28,51.25,-3.75,51.25,-3.75
2025-09-28 12:00:00,4.94,5.55,51.25,-3.75,51.25,-3.75
2025-09-28 13:00:00,4.87,5.48,51.25,-3.75,51.25,-3.75
2025-09-28 14:00:00,4.94,5.55,51.25,-3.75,51.25,-3.75
2025-09-28 15:00:00,5.17,5.86,51.25,-3.75,51.25,-3.75
2025-09-28 16:00:00,5.36,6.14,51.25,-3.75,51.25,-3.75
2025-09-28 17:00:00,5.07,5.98,51.25,-3.75,51.25,-3.75
2025-09-28 18:00:00,4.71,5.77,51.25,-3.75,51.25,-3.75
2025-09-28 19:00:00,4.49,5.7,51.25,-3.75,51.25,-3.75
2025-09-28 20:00:00,4.38,5.6,51.25,-3.75,51.25,-3.75
2025-09-28 21:00:00,4.1,5.27,51.25,-3.75,51.25,-3.75
2025-09-28 22:00:00,3.54,4.52,51.25,-3.75,51.25,-3.75
2025-09-28 23:00:00,2.95,3.69,51.25,-3.75,51.25,-3.75
2025-09-29 00:00:00,2.34,2.74,51.25,-3.75,51.25,-3.75
2025-09-29 01:00:00,1.68,1.95,51.25,-3.75,51.25,-3.75
2025-09-29 02:00:00,1.25,1.53,51.25,-3.75,51.25,-3.75
2025-09-29 03:00:00,0.97,1.25,51.25,-3.75,51.25,-3.75
2025-09-29 04:00:00,0.45,0.8,51.25,-3.75,51.25,-3.75
2025-09-29 05:00:00,0.22,0.27,51.25,-3.75,51.25,-3.75
2025-09-29 06:00:00,0.43,0.16,51.25,-3.75,51.25,-3.75
2025-09-29 07:00:00,0.51,0.54,51.25,-3.75,51.25,-3.75
2025-09-29 08:00:00,1.12,0.96,51.25,-3.75,51.25,-3.75
2025-09-29 09:00:00,1.18,1.06,51.25,-3.75,51.25,-3.75
2025-09-29 10:00:00,0.79,0.85,51.25,-3.75,51.25,-3.75
2025-09-29 11:00:00,0.45,0.56,51.25,-3.75,51.25,-3.75
2025-09-29 12:00:00,0.76,0.81,51.25,-3.75,51.25,-3.75
2025-09-29 13:00:00,1.32,1.41,51.25,-3.75,51.25,-3.75
2025-09-29 14:00:00,1.38,1.4,51.25,-3.75,51.25,-3.75
2025-09-29 15:00:00,1.1,1.13,51.25,-3.75,51.25,-3.75
2025-09-29 16:00:00,1.42,1.47,51.25,-3.75,51.25,-3.75
2025-09-29 17:00:00,1.91,2.16,51.25,-3.75,51.25,-3.75
2025-09-29 18:00:00,2.33,2.44,51.25,-3.75,51.25,-3.75
2025-09-29 19:00:00,1.95,2.04,51.25,-3.75,51.25,-3.75
2025-09-29 20:00:00,1.61,1.7,51.25,-3.75,51.25,-3.75
2025-09-29 21:00:00,1.28,1.32,51.25,-3.75,51.25,-3.75
2025-09-29 22:00:00,0.67,0.74,51.25,-3.75,51.25,-3.75
2025-09-29 23:00:00,1.23,1.39,51.25,-3.75,51.25,-3.75
2025-09-30 00:00:00,1.54,1.79,51.25,-3.75,51.25,-3.75
2025-09-30 01:00:00,2.18,2.53,51.25,-3.75,51.25,-3.75
2025-09-30 02:00:00,2.19,2.65,51.25,-3.75,51.25,-3.75
2025-09-30 03:00:00,1.87,2.45,51.25,-3.75,51.25,-3.75
2025-09-30 04:00:00,1.86,2.33,51.25,-3.75,51.25,-3.75
2025-09-30 05:00:00,2.07,2.21,51.25,-3.75,51.25,-3.75
2025-09-30 06:00:00,2.12,2.12,51.25,-3.75,51.25,-3.75
2025-09-30 07:00:00,2.27,2.15,51.25,-3.75,51.25,-3.75
2025-09-30 08:00:00,2.4,2.34,51.25,-3.75,51.25,-3.75
2025-09-30 09:00:00,2.38,2.44,51.25,-3.75,51.25,-3.75
2025-09-30 10:00:00,2.06,2.43,51.25,-3.75,51.25,-3.75
2025-09-30 11:00:00,1.99,2.33,51.25,-3.75,51.25,-3.75
2025-09-30 12:00:00,1.75,2.01,51.25,-3.75,51.25,-3.75
2025-09-30 13:00:00,1.68,1.9,51.25,-3.75,51.25,-3.75
2025-09-30 14:00:00,2.02,2.34,51.25,-3.75,51.25,-3.75
2025-09-30 15:00:00,2.58,2.97,51.25,-3.75,51.25,-3.75
2025-09-30 16:00:00,2.34,2.72,51.25,-3.75,51.25,-3.75
2025-09-30 17:00:00,2.3,2.91,51.25,-3.75,51.25,-3.75
2025-09-30 18:00:00,1.97,2.53,51.25,-3.75,51.25,-3.75
2025-09-30 19:00:00,0.54,0.9,51.25,-3.75,51.25,-3.75
2025-09-30 20:00:00,0.71,0.78,51.25,-3.75,51.25,-3.75
2025-09-30 21:00:00,1.35,1.45,51.25,-3.75,51.25,-3.75
2025-09-30 22:00:00,2.5,3.26,51.25,-3.75,51.25,-3.75
2025-09-30 23:00:00,2.87,3.94,51.25,-3.75,51.25,-3.75
2025-10-01 00:00:00,3.0,3.86,51.25,-3.75,51.25,-3.75
2025-10-01 01:00:00,3.02,4.29,51.25,-3.75,51.25,-3.75
2025-10-01 02:00:00,3.38,4.88,51.25,-3.75,51.25,-3.75
2025-10-01 03:00:00,3.54,4.83,51.25,-3.75,51.25,-3.75
2025-10-01 04:00:00,3.52,4.5,51.25,-3.75,51.25,-3.75
2025-10-01 05:00:00,3.48,4.41,51.25,-3.75,51.25,-3.75
2025-10-01 06:00:00,3.55,4.41,51.25,-3.75,51.25,-3.75
2025-10-01 07:00:00,3.59,4.5,51.25,-3.75,51.25,-3.75
2025-10-01 08:00:00,3.86,4.62,51.25,-3.75,51.25,-3.75
2025-10-01 09:00:00,4.03,4.61,51.25,-3.75,51.25,-3.75
2025-10-01 10:00:00,4.61,5.17,51.25,-3.75,51.25,-3.75
2025-10-01 11:00:00,4.37,4.99,51.25,-3.75,51.25,-3.75
2025-10-01 12:00:00,3.94,4.69,51.25,-3.75,51.25,-3.75
2025-10-01 13:00:00,3.3,4.1,51.25,-3.75,51.25,-3.75
2025-10-01 14:00:00,2.79,3.74,51.25,-3.75,51.25,-3.75
2025-10-01 15:00:00,2.5,3.47,51.25,-3.75,51.25,-3.75
2025-10-01 16:00:00,2.33,3.19,51.25,-3.75,51.25,-3.75
2025-10-01 17:00:00,2.15,3.12,51.25,-3.75,51.25,-3.75
2025-10-01 18:00:00,1.88,2.85,51.25,-3.75,51.25,-3.75
2025-10-01 19:00:00,1.86,2.73,51.25,-3.75,51.25,-3.75
2025-10-01 20:00:00,2.03,2.93,51.25,-3.75,51.25,-3.75
2025-10-01 21:00:00,2.23,3.18,51.25,-3.75,51.25,-3.75
2025-10-01 22:00:00,2.96,4.46,51.25,-3.75,51.25,-3.75
2025-10-01 23:00:00,3.24,4.78,51.25,-3.75,51.25,-3.75
2025-10-02 00:00:00,3.32,4.88,51.25,-3.75,51.25,-3.75
2025-10-02 01:00:00,3.44,5.0,51.25,-3.75,51.25,-3.75
2025-10-02 02:00:00,3.4,5.02,51.25,-3.75,51.25,-3.75
2025-10-02 03:00:00,3.66,5.36,51.25,-3.75,51.25,-3.75
2025-10-02 04:00:00,3.95,5.93,51.25,-3.75,51.25,-3.75
2025-10-02 05:00:00,3.94,5.96,51.25,-3.75,51.25,-3.75
2025-10-02 06:00:00,4.2,6.22,51.25,-3.75,51.25,-3.75
2025-10-02 07:00:00,4.72,7.16,51.25,-3.75,51.25,-3.75
2025-10-02 08:00:00,4.87,7.1,51.25,-3.75,51.25,-3.75
2025-10-02 09:00:00,5.38,7.6,51.25,-3.75,51.25,-3.75
2025-10-02 10:00:00,5.42,7.74,51.25,-3.75,51.25,-3.75
2025-10-02 11:00:00,5.45,7.72,51.25,-3.75,51.25,-3.75
2025-10-02 12:00:00,6.64,8.71,51.25,-3.75,51.25,-3.75
2025-10-02 13:00:00,6.66,8.84,51.25,-3.75,51.25,-3.75
2025-10-02 14:00:00,6.78,9.01,51.25,-3.75,51.25,-3.75
2025-10-02 15:00:00,6.77,9.2,51.25,-3.75,51.25,-3.75
2025-10-02 16:00:00,7.1,9.73,51.25,-3.75,51.25,-3.75
2025-10-02 17:00:00,8.14,11.1,51.25,-3.75,51.25,-3.75
2025-10-02 18:00:00,8.28,11.4,51.25,-3.75,51.25,-3.75
2025-10-02 19:00:00,8.46,11.78,51.25,-3.75,51.25,-3.75
2025-10-02 20:00:00,7.96,11.69,51.25,-3.75,51.25,-3.75
2025-10-02 21:00:00,8.17,11.85,51.25,-3.75,51.25,-3.75
2025-10-02 22:00:00,8.16,12.75,51.25,-3.75,51.25,-3.75
2025-10-02 23:00:00,9.16,12.68,51.25,-3.75,51.25,-3.75
2025-10-03 00:00:00,9.0,12.47,51.25,-3.75,51.25,-3.75
2025-10-03 01:00:00,9.25,12.55,51.25,-3.75,51.25,-3.75
2025-10-03 02:00:00,9.1,12.33,51.25,-3.75,51.25,-3.75
2025-10-03 03:00:00,8.59,11.73,51.25,-3.75,51.25,-3.75
2025-10-03 04:00:00,7.78,10.82,51.25,-3.75,51.25,-3.75
2025-10-03 05:00:00,7.37,10.13,51.25,-3.75,51.25,-3.75
2025-10-03 06:00:00,6.85,9.43,51.25,-3.75,51.25,-3.75
2025-10-03 07:00:00,6.17,8.77,51.25,-3.75,51.25,-3.75
2025-10-03 08:00:00,6.34,8.92,51.25,-3.75,51.25,-3.75
2025-10-03 09:00:00,6.83,9.21,51.25,-3.75,51.25,-3.75
2025-10-03 10:00:00,6.65,9.45,51.25,-3.75,51.25,-3.75
2025-10-03 11:00:00,8.4,11.29,51.25,-3.75,51.25,-3.75
2025-10-03 12:00:00,10.07,13.48,51.25,-3.75,51.25,-3.75
2025-10-03 13:00:00,11.5,16.01,51.25,-3.75,51.25,-3.75
2025-10-03 14:00:00,12.54,17.12,51.25,-3.75,51.25,-3.75
2025-10-03 15:00:00,12.8,17.52,51.25,-3.75,51.25,-3.75
2025-10-03 16:00:00,13.97,19.02,51.25,-3.75,51.25,-3.75
2025-10-03 17:00:00,14.71,19.99,51.25,-3.75,51.25,-3.75
2025-10-03 18:00:00,14.71,19.88,51.25,-3.75,51.25,-3.75
2025-10-03 19:00:00,14.71,19.81,51.25,-3.75,51.25,-3.75
2025-10-03 20:00:00,14.77,19.55,51.25,-3.75,51.25,-3.75
2025-10-03 21:00:00,14.08,18.45,51.25,-3.75,51.25,-3.75
2025-10-03 22:00:00,11.73,15.38,51.25,-3.75,51.25,-3.75
2025-10-03 23:00:00,12.7,16.56,51.25,-3.75,51.25,-3.75
2025-10-04 00:00:00,14.19,18.27,51.25,-3.75,51.25,-3.75
2025-10-04 01:00:00,16.53,21.04,51.25,-3.75,51.25,-3.75
2025-10-04 02:00:00,16.49,21.03,51.25,-3.75,51.25,-3.75
2025-10-04 03:00:00,17.14,21.72,51.25,-3.75,51.25,-3.75
2025-10-04 04:00:00,16.57,20.96,51.25,-3.75,51.25,-3.75
2025-10-04 05:00:00,17.0,21.34,51.25,-3.75,51.25,-3.75
2025-10-04 06:00:00,16.66,20.96,51.25,-3.75,51.25,-3.75
2025-10-04 07:00:00,16.43,20.65,51.25,-3.75,51.25,-3.75
2025-10-04 08:00:00,16.68,20.8,51.25,-3.75,51.25,-3.75
2025-10-04 09:00:00,16.56,20.63,51.25,-3.75,51.25,-3.75
2025-10-04 10:00:00,15.8,19.93,51.25,-3.75,51.25,-3.75
2025-10-04 11:00:00,16.31,20.06,51.25,-3.75,51.25,-3.75
2025-10-04 12:00:00,17.2,21.17,51.25,-3.75,51.25,-3.75
2025-10-04 13:00:00,17.15,21.16,51.25,-3.75,51.25,-3.75
2025-10-04 14:00:00,17.34,21.49,51.25,-3.75,51.25,-3.75
2025-10-04 15:00:00,16.28,20.15,51.25,-3.75,51.25,-3.75
2025-10-04 16:00:00,15.21,19.01,51.25,-3.75,51.25,-3.75
2025-10-04 17:00:00,14.85,18.6,51.25,-3.75,51.25,-3.75
2025-10-04 18:00:00,14.6,18.28,51.25,-3.75,51.25,-3.75
2025-10-04 19:00:00,14.43,18.1,51.25,-3.75,51.25,-3.75
2025-10-04 20:00:00,14.53,18.12,51.25,-3.75,51.25,-3.75
2025-10-04 21:00:00,14.8,18.47,51.25,-3.75,51.25,-3.75
2025-10-04 22:00:00,15.32,19.19,51.25,-3.75,51.25,-3.75
2025-10-04 23:00:00,14.83,18.56,51.25,-3.75,51.25,-3.75
2025-10-05 00:00:00,14.5,18.15,51.25,-3.75,51.25,-3.75
2025-10-05 01:00:00,14.25,17.86,51.25,-3.75,51.25,-3.75
2025-10-05 02:00:00,13.91,17.4,51.25,-3.75,51.25,-3.75
2025-10-05 03:00:00,13.2,16.44,51.25,-3.75,51.25,-3.75
2025-10-05 04:00:00,13.33,16.51,51.25,-3.75,51.25,-3.75
2025-10-05 05:00:00,13.21,16.34,51.25,-3.75,51.25,-3.75
2025-10-05 06:00:00,13.04,16.02,51.25,-3.75,51.25,-3.75
2025-10-05 07:00:00,12.73,15.59,51.25,-3.75,51.25,-3.75
2025-10-05 08:00:00,12.46,15.15,51.25,-3.75,51.25,-3.75
2025-10-05 09:00:00,12.37,14.95,51.25,-3.75,51.25,-3.75
2025-10-05 10:00:00,10.48,12.75,51.25,-3.75,51.25,-3.75
2025-10-05 11:00:00,10.46,12.52,51.25,-3.75,51.25,-3.75
2025-10-05 12:00:00,10.45,12.49,51.25,-3.75,51.25,-3.75
2025-10-05 13:00:00,10.06,11.97,51.25,-3.75,51.25,-3.75
2025-10-05 14:00:00,9.79,11.53,51.25,-3.75,51.25,-3.75
2025-10-05 15:00:00,10.4,12.33,51.25,-3.75,51.25,-3.75
2025-10-05 16:00:00,10.21,12.25,51.25,-3.75,51.25,-3.75
2025-10-05 17:00:00,9.66,11.74,51.25,-3.75,51.25,-3.75
2025-10-05 18:00:00,8.85,10.82,51.25,-3.75,51.25,-3.75
2025-10-05 19:00:00,8.46,10.33,51.25,-3.75,51.25,-3.75
2025-10-05 20:00:00,8.39,10.25,51.25,-3.75,51.25,-3.75
2025-10-05 21:00:00,7.69,9.43,51.25,-3.75,51.25,-3.75
2025-10-05 22:00:00,7.58,9.24,51.25,-3.75,51.25,-3.75
2025-10-05 23:00:00,7.43,9.03,51.25,-3.75,51.25,-3.75
2025-10-06 00:00:00,8.37,10.05,51.25,-3.75,51.25,-3.75
2025-10-06 01:00:00,9.24,11.26,51.25,-3.75,51.25,-3.75
2025-10-06 02:00:00,8.92,10.85,51.25,-3.75,51.25,-3.75
2025-10-06 03:00:00,8.75,10.63,51.25,-3.75,51.25,-3.75
2025-10-06 04:00:00,8.61,10.43,51.25,-3.75,51.25,-3.75
2025-10-06 05:00:00,8.32,10.18,51.25,-3.75,51.25,-3.75
2025-10-06 06:00:00,7.64,9.4,51.25,-3.75,51.25,-3.75
2025-10-06 07:00:00,7.15,8.91,51.25,-3.75,51.25,-3.75
2025-10-06 08:00:00,7.05,8.6,51.25,-3.75,51.25,-3.75
2025-10-06 09:00:00,7.35,8.8,51.25,-3.75,51.25,-3.75
2025-10-06 10:00:00,7.25,8.56,51.25,-3.75,51.25,-3.75
2025-10-06 11:00:00,7.08,8.33,51.25,-3.75,51.25,-3.75
2025-10-06 12:00:00,6.85,8.0,51.25,-3.75,51.25,-3.75
2025-10-06 13:00:00,6.6,7.76,51.25,-3.75,51.25,-3.75
2025-10-06 14:00:00,6.49,7.55,51.25,-3.75,51.25,-3.75
2025-10-06 15:00:00,5.95,7.08,51.25,-3.75,51.25,-3.75
2025-10-06 16:00:00,5.58,6.72,51.25,-3.75,51.25,-3.75
2025-10-06 17:00:00,5.57,6.84,51.25,-3.75,51.25,-3.75
2025-10-06 18:00:00,5.93,7.25,51.25,-3.75,51.25,-3.75
2025-10-06 19:00:00,6.12,7.46,51.25,-3.75,51.25,-3.75
2025-10-06 20:00:00,6.06,7.47,51.25,-3.75,51.25,-3.75
2025-10-06 21:00:00,5.82,7.2,51.25,-3.75,51.25,-3.75
2025-10-06 22:00:00,5.1,6.55,51.25,-3.75,51.25,-3.75
2025-10-06 23:00:00,5.48,6.91,51.25,-3.75,51.25,-3.75
2025-10-07 00:00:00,5.55,7.11,51.25,-3.75,51.25,-3.75
2025-10-07 01:00:00,5.86,7.4,51.25,-3.75,51.25,-3.75
2025-10-07 02:00:00,5.84,7.31,51.25,-3.75,51.25,-3.75
2025-10-07 03:00:00,5.8,7.2,51.25,-3.75,51.25,-3.75
2025-10-07 04:00:00,5.77,7.24,51.25,-3.75,51.25,-3.75
2025-10-07 05:00:00,5.67,7.17,51.25,-3.75,51.25,-3.75
2025-10-07 06:00:00,5.42,6.93,51.25,-3.75,51.25,-3.75
2025-10-07 07:00:00,5.33,6.79,51.25,-3.75,51.25,-3.75
2025-10-07 08:00:00,5.35,6.53,51.25,-3.75,51.25,-3.75
2025-10-07 09:00:00,5.49,6.49,51.25,-3.75,51.25,-3.75
2025-10-07 10:00:00,5.6,6.53,51.25,-3.75,51.25,-3.75
2025-10-07 11:00:00,5.42,6.35,51.25,-3.75,51.25,-3.75
2025-10-07 12:00:00,5.25,6.17,51.25,-3.75,51.25,-3.75
2025-10-07 13:00:00,5.2,6.16,51.25,-3.75,51.25,-3.75
2025-10-07 14:00:00,5.32,6.34,51.25,-3.75,51.25,-3.75
2025-10-07 15:00:00,5.35,6.44,51.25,-3.75,51.25,-3.75
2025-10-07 16:00:00,5.51,6.67,51.25,-3.75,51.25,-3.75
2025-10-07 17:00:00,5.05,6.25,51.25,-3.75,51.25,-3.75
2025-10-07 18:00:00,4.62,5.98,51.25,-3.75,51.25,-3.75
2025-10-07 19:00:00,4.41,5.68,51.25,-3.75,51.25,-3.75
2025-10-07 20:00:00,4.35,5.6,51.25,-3.75,51.25,-3.75
2025-10-07 21:00:00,4.43,5.62,51.25,-3.75,51.25,-3.75
2025-10-07 22:00:00,4.72,5.9,51.25,-3.75,51.25,-3.75
2025-10-07 23:00:00,4.95,6.13,51.25,-3.75,51.25,-3.75
2025-10-08 00:00:00,5.01,6.24,51.25,-3.75,51.25,-3.75
2025-10-08 01:00:00,5.17,6.5,51.25,-3.75,51.25,-3.75
2025-10-08 02:00:00,5.54,6.94,51.25,-3.75,51.25,-3.75
2025-10-08 03:00:00,5.88,7.47,51.25,-3.75,51.25,-3.75
2025-10-08 04:00:00,6.01,7.8,51.25,-3.75,51.25,-3.75
2025-10-08 05:00:00,5.59,7.36,51.25,-3.75,51.25,-3.75
2025-10-08 06:00:00,4.15,5.71,51.25,-3.75,51.25,-3.75
2025-10-08 07:00:00,3.65,4.44,51.25,-3.75,51.25,-3.75
2025-10-08 08:00:00,3.26,3.7,51.25,-3.75,51.25,-3.75
2025-10-08 09:00:00,3.36,3.83,51.25,-3.75,51.25,-3.75
2025-10-08 10:00:00,3.48,3.88,51.25,-3.75,51.25,-3.75
2025-10-08 11:00:00,4.41,4.97,51.25,-3.75,51.25,-3.75
2025-10-08 12:00:00,4.49,5.11,51.25,-3.75,51.25,-3.75
2025-10-08 13:00:00,5.06,5.77,51.25,-3.75,51.25,-3.75
2025-10-08 14:00:00,5.73,6.51,51.25,-3.75,51.25,-3.75
2025-10-08 15:00:00,5.63,6.44,51.25,-3.75,51.25,-3.75
2025-10-08 16:00:00,5.17,5.9,51.25,-3.75,51.25,-3.75
2025-10-08 17:00:00,4.8,5.58,51.25,-3.75,51.25,-3.75
2025-10-08 18:00:00,5.33,6.26,51.25,-3.75,51.25,-3.75
2025-10-08 19:00:00,5.47,6.57,51.25,-3.75,51.25,-3.75
2025-10-08 20:00:00,5.22,6.32,51.25,-3.75,51.25,-3.75
2025-10-08 21:00:00,4.96,6.02,51.25,-3.75,51.25,-3.75
2025-10-08 22:00:00,4.41,5.37,51.25,-3.75,51.25,-3.75
2025-10-08 23:00:00,4.02,4.96,51.25,-3.75,51.25,-3.75
2025-10-09 00:00:00,3.95,4.84,51.25,-3.75,51.25,-3.75
2025-10-09 01:00:00,3.71,4.61,51.25,-3.75,51.25,-3.75
2025-10-09 02:00:00,3.61,4.6,51.25,-3.75,51.25,-3.75
2025-10-09 03:00:00,3.95,4.93,51.25,-3.75,51.25,-3.75
2025-10-09 04:00:00,4.65,5.6,51.25,-3.75,51.25,-3.75
2025-10-09 05:00:00,5.16,6.19,51.25,-3.75,51.25,-3.75
2025-10-09 06:00:00,4.74,5.66,51.25,-3.75,51.25,-3.75
2025-10-09 07:00:00,4.99,5.88,51.25,-3.75,51.25,-3.75
2025-10-09 08:00:00,5.38,6.12,51.25,-3.75,51.25,-3.75
2025-10-09 09:00:00,5.38,6.15,51.25,-3.75,51.25,-3.75
2025-10-09 10:00:00,5.38,6.11,51.25,-3.75,51.25,-3.75
2025-10-09 11:00:00,5.22,5.92,51.25,-3.75,51.25,-3.75
2025-10-09 12:00:00,5.27,5.96,51.25,-3.75,51.25,-3.75
2025-10-09 13:00:00,5.49,6.26,51.25,-3.75,51.25,-3.75
2025-10-09 14:00:00,5.46,6.23,51.25,-3.75,51.25,-3.75
2025-10-09 15:00:00,5.5,6.33,51.25,-3.75,51.25,-3.75
2025-10-09 16:00:00,5.4,6.34,51.25,-3.75,51.25,-3.75
2025-10-09 17:00:00,5.31,6.4,51.25,-3.75,51.25,-3.75
2025-10-09 18:00:00,5.25,6.38,51.25,-3.75,51.25,-3.75
2025-10-09 19:00:00,5.09,6.24,51.25,-3.75,51.25,-3.75
2025-10-09 20:00:00,4.66,5.65,51.25,-3.75,51.25,-3.75
2025-10-09 21:00:00,3.86,4.87,51.25,-3.75,51.25,-3.75
2025-10-09 22:00:00,3.62,4.38,51.25,-3.75,51.25,-3.75
2025-10-09 23:00:00,2.86,3.51,51.25,-3.75,51.25,-3.75
2025-10-10 00:00:00,2.64,3.22,51.25,-3.75,51.25,-3.75
2025-10-10 01:00:00,2.72,3.24,51.25,-3.75,51.25,-3.75
2025-10-10 02:00:00,2.8,3.34,51.25,-3.75,51.25,-3.75
2025-10-10 03:00:00,2.83,3.45,51.25,-3.75,51.25,-3.75
2025-10-10 04:00:00,2.82,3.35,51.25,-3.75,51.25,-3.75
2025-10-10 05:00:00,2.64,3.13,51.25,-3.75,51.25,-3.75
2025-10-10 06:00:00,2.42,2.9,51.25,-3.75,51.25,-3.75
2025-10-10 07:00:00,2.37,3.0,51.25,-3.75,51.25,-3.75
2025-10-10 08:00:00,2.57,3.22,51.25,-3.75,51.25,-3.75
2025-10-10 09:00:00,2.96,3.37,51.25,-3.75,51.25,-3.75
2025-10-10 10:00:00,3.11,3.43,51.25,-3.75,51.25,-3.75
2025-10-10 11:00:00,2.52,2.79,51.25,-3.75,51.25,-3.75
2025-10-10 12:00:00,1.79,1.97,51.25,-3.75,51.25,-3.75
2025-10-10 13:00:00,1.67,1.79,51.25,-3.75,51.25,-3.75
2025-10-10 14:00:00,1.95,2.05,51.25,-3.75,51.25,-3.75
2025-10-10 15:00:00,2.12,2.23,51.25,-3.75,51.25,-3.75
2025-10-10 16:00:00,2.12,2.3,51.25,-3.75,51.25,-3.75
2025-10-10 17:00:00,2.14,2.44,51.25,-3.75,51.25,-3.75
2025-10-10 18:00:00,2.77,3.25,51.25,-3.75,51.25,-3.75
2025-10-10 19:00:00,3.07,3.74,51.25,-3.75,51.25,-3.75
2025-10-10 20:00:00,3.07,3.79,51.25,-3.75,51.25,-3.75
2025-10-10 21:00:00,3.08,3.83,51.25,-3.75,51.25,-3.75
2025-10-10 22:00:00,3.59,4.54,51.25,-3.75,51.25,-3.75
2025-10-10 23:00:00,3.04,3.76,51.25,-3.75,51.25,-3.75
2025-10-11 00:00:00,2.41,2.82,51.25,-3.75,51.25,-3.75
2025-10-11 01:00:00,2.13,2.39,51.25,-3.75,51.25,-3.75
2025-10-11 02:00:00,1.58,1.64,51.25,-3.75,51.25,-3.75
2025-10-11 03:00:00,1.61,1.66,51.25,-3.75,51.25,-3.75
2025-10-11 04:00:00,1.52,1.52,51.25,-3.75,51.25,-3.75
2025-10-11 05:00:00,1.03,0.92,51.25,-3.75,51.25,-3.75
2025-10-11 06:00:00,0.85,0.78,51.25,-3.75,51.25,-3.75
2025-10-11 07:00:00,0.59,0.51,51.25,-3.75,51.25,-3.75
2025-10-11 08:00:00,0.65,0.61,51.25,-3.75,51.25,-3.75
2025-10-11 09:00:00,0.97,0.96,51.25,-3.75,51.25,-3.75
2025-10-11 10:00:00,0.36,0.29,51.25,-3.75,51.25,-3.75
2025-10-11 11:00:00,0.57,0.57,51.25,-3.75,51.25,-3.75
2025-10-11 12:00:00,1.17,1.25,51.25,-3.75,51.25,-3.75
2025-10-11 13:00:00,2.15,2.33,51.25,-3.75,51.25,-3.75
2025-10-11 14:00:00,2.4,2.65,51.25,-3.75,51.25,-3.75
2025-10-11 15:00:00,2.55,2.81,51.25,-3.75,51.25,-3.75
2025-10-11 16:00:00,2.95,3.25,51.25,-3.75,51.25,-3.75
2025-10-11 17:00:00,3.26,3.85,51.25,-3.75,51.25,-3.75
2025-10-11 18:00:00,3.5,4.15,51.25,-3.75,51.25,-3.75
2025-10-11 19:00:00,3.7,4.5,51.25,-3.75,51.25,-3.75
2025-10-11 20:00:00,4.05,4.95,51.25,-3.75,51.25,-3.75
2025-10-11 21:00:00,4.52,5.52,51.25,-3.75,51.25,-3.75
2025-10-11 22:00:00,4.65,5.76,51.25,-3.75,51.25,-3.75
2025-10-11 23:00:00,4.75,5.8,51.25,-3.75,51.25,-3.75
2025-10-12 00:00:00,4.85,6.0,51.25,-3.75,51.25,-3.75
2025-10-12 01:00:00,5.01,6.15,51.25,-3.75,51.25,-3.75
2025-10-12 02:00:00,4.91,6.15,51.25,-3.75,51.25,-3.75
2025-10-12 03:00:00,4.6,5.8,51.25,-3.75,51.25,-3.75
2025-10-12 04:00:00,4.56,5.65,51.25,-3.75,51.25,-3.75
2025-10-12 05:00:00,4.92,5.96,51.25,-3.75,51.25,-3.75
2025-10-12 06:00:00,5.28,6.32,51.25,-3.75,51.25,-3.75
2025-10-12 07:00:00,5.27,6.24,51.25,-3.75,51.25,-3.75
2025-10-12 08:00:00,5.22,6.1,51.25,-3.75,51.25,-3.75
2025-10-12 09:00:00,5.29,6.08,51.25,-3.75,51.25,-3.75
2025-10-12 10:00:00,5.63,6.32,51.25,-3.75,51.25,-3.75
2025-10-12 11:00:00,5.38,6.01,51.25,-3.75,51.25,-3.75
2025-10-12 12:00:00,5.56,6.18,51.25,-3.75,51.25,-3.75
2025-10-12 13:00:00,5.51,6.12,51.25,-3.75,51.25,-3.75
2025-10-12 14:00:00,5.21,5.93,51.25,-3.75,51.25,-3.75
2025-10-12 15:00:00,5.15,5.86,51.25,-3.75,51.25,-3.75
2025-10-12 16:00:00,5.15,5.95,51.25,-3.75,51.25,-3.75
2025-10-12 17:00:00,5.36,6.4,51.25,-3.75,51.25,-3.75
2025-10-12 18:00:00,5.89,7.22,51.25,-3.75,51.25,-3.75
2025-10-12 19:00:00,6.42,8.07,51.25,-3.75,51.25,-3.75
2025-10-12 20:00:00,6.92,8.71,51.25,-3.75,51.25,-3.75
2025-10-12 21:00:00,7.29,9.18,51.25,-3.75,51.25,-3.75
2025-10-12 22:00:00,7.51,9.3,51.25,-3.75,51.25,-3.75
2025-10-12 23:00:00,7.97,9.86,51.25,-3.75,51.25,-3.75
2025-10-13 00:00:00,8.46,10.45,51.25,-3.75,51.25,-3.75
2025-10-13 01:00:00,8.3,10.26,51.25,-3.75,51.25,-3.75
2025-10-13 02:00:00,7.77,9.75,51.25,-3.75,51.25,-3.75
2025-10-13 03:00:00,7.37,9.11,51.25,-3.75,51.25,-3.75
2025-10-13 04:00:00,7.2,8.81,51.25,-3.75,51.25,-3.75
2025-10-13 05:00:00,7.06,8.65,51.25,-3.75,51.25,-3.75
2025-10-13 06:00:00,6.86,8.4,51.25,-3.75,51.25,-3.75
2025-10-13 07:00:00,7.1,8.5,51.25,-3.75,51.25,-3.75
2025-10-13 08:00:00,7.01,8.45,51.25,-3.75,51.25,-3.75
2025-10-13 09:00:00,7.12,8.41,51.25,-3.75,51.25,-3.75
2025-10-13 10:00:00,7.0,8.21,51.25,-3.75,51.25,-3.75
2025-10-13 11:00:00,7.26,8.45,51.25,-3.75,51.25,-3.75
2025-10-13 12:00:00,7.28,8.62,51.25,-3.75,51.25,-3.75
2025-10-13 13:00:00,7.37,8.81,51.25,-3.75,51.25,-3.75
2025-10-13 14:00:00,7.24,8.63,51.25,-3.75,51.25,-3.75
2025-10-13 15:00:00,6.81,8.19,51.25,-3.75,51.25,-3.75
2025-10-13 16:00:00,6.4,8.03,51.25,-3.75,51.25,-3.75
2025-10-13 17:00:00,6.43,8.07,51.25,-3.75,51.25,-3.75
2025-10-13 18:00:00,6.26,7.92,51.25,-3.75,51.25,-3.75
2025-10-13 19:00:00,6.28,7.99,51.25,-3.75,51.25,-3.75
2025-10-13 20:00:00,6.23,7.94,51.25,-3.75,51.25,-3.75
2025-10-13 21:00:00,6.2,7.89,51.25,-3.75,51.25,-3.75
2025-10-13 22:00:00,6.19,7.75,51.25,-3.75,51.25,-3.75
2025-10-13 23:00:00,6.12,7.68,51.25,-3.75,51.25,-3.75
2025-10-14 00:00:00,6.2,7.75,51.25,-3.75,51.25,-3.75
2025-10-14 01:00:00,6.18,7.68,51.25,-3.75,51.25,-3.75
2025-10-14 02:00:00,6.22,7.76,51.25,-3.75,51.25,-3.75
2025-10-14 03:00:00,6.3,7.83,51.25,-3.75,51.25,-3.75
2025-10-14 04:00:00,6.21,7.7,51.25,-3.75,51.25,-3.75
2025-10-14 05:00:00,6.4,7.84,51.25,-3.75,51.25,-3.75
2025-10-14 06:00:00,6.57,8.01,51.25,-3.75,51.25,-3.75
2025-10-14 07:00:00,6.74,8.24,51.25,-3.75,51.25,-3.75
2025-10-14 08:00:00,6.54,7.92,51.25,-3.75,51.25,-3.75
2025-10-14 09:00:00,6.41,7.34,51.25,-3.75,51.25,-3.75
2025-10-14 10:00:00,6.25,7.05,51.25,-3.75,51.25,-3.75
2025-10-14 11:00:00,5.67,6.36,51.25,-3.75,51.25,-3.75
2025-10-14 12:00:00,5.31,5.95,51.25,-3.75,51.25,-3.75
2025-10-14 13:00:00,4.92,5.48,51.25,-3.75,51.25,-3.75
2025-10-14 14:00:00,4.46,5.03,51.25,-3.75,51.25,-3.75
2025-10-14 15:00:00,4.37,4.97,51.25,-3.75,51.25,-3.75
2025-10-14 16:00:00,4.41,5.08,51.25,-3.75,51.25,-3.75
2025-10-14 17:00:00,4.7,5.64,51.25,-3.75,51.25,-3.75
2025-10-14 18:00:00,5.05,6.16,51.25,-3.75,51.25,-3.75
2025-10-14 19:00:00,5.48,6.74,51.25,-3.75,51.25,-3.75
2025-10-14 20:00:00,5.85,7.13,51.25,-3.75,51.25,-3.75
2025-10-14 21:00:00,6.18,7.45,51.25,-3.75,51.25,-3.75
2025-10-14 22:00:00,5.86,7.11,51.25,-3.75,51.25,-3.75
2025-10-14 23:00:00,6.06,7.26,51.25,-3.75,51.25,-3.75
2025-10-15 00:00:00,5.87,6.91,51.25,-3.75,51.25,-3.75
2025-10-15 01:00:00,5.72,6.72,51.25,-3.75,51.25,-3.75
2025-10-15 02:00:00,5.81,6.76,51.25,-3.75,51.25,-3.75
2025-10-15 03:00:00,5.81,6.65,51.25,-3.75,51.25,-3.75
2025-10-15 04:00:00,5.72,6.61,51.25,-3.75,51.25,-3.75
2025-10-15 05:00:00,5.85,6.75,51.25,-3.75,51.25,-3.75
2025-10-15 06:00:00,5.93,6.82,51.25,-3.75,51.25,-3.75
2025-10-15 07:00:00,5.96,6.9,51.25,-3.75,51.25,-3.75
2025-10-15 08:00:00,5.93,6.73,51.25,-3.75,51.25,-3.75
2025-10-15 09:00:00,5.62,6.32,51.25,-3.75,51.25,-3.75
2025-10-15 10:00:00,4.88,5.37,51.25,-3.75,51.25,-3.75
2025-10-15 11:00:00,4.59,5.08,51.25,-3.75,51.25,-3.75
2025-10-15 12:00:00,4.69,5.18,51.25,-3.75,51.25,-3.75
2025-10-15 13:00:00,4.75,5.29,51.25,-3.75,51.25,-3.75
2025-10-15 14:00:00,4.98,5.52,51.25,-3.75,51.25,-3.75
2025-10-15 15:00:00,5.34,5.93,51.25,-3.75,51.25,-3.75
2025-10-15 16:00:00,5.45,6.2,51.25,-3.75,51.25,-3.75
2025-10-15 17:00:00,5.72,6.61,51.25,-3.75,51.25,-3.75
2025-10-15 18:00:00,5.86,6.85,51.25,-3.75,51.25,-3.75
2025-10-15 19:00:00,6.02,7.05,51.25,-3.75,51.25,-3.75
2025-10-15 20:00:00,6.03,7.01,51.25,-3.75,51.25,-3.75
2025-10-15 21:00:00,6.06,7.05,51.25,-3.75,51.25,-3.75
2025-10-15 22:00:00,5.65,6.55,51.25,-3.75,51.25,-3.75
2025-10-15 23:00:00,5.21,6.03,51.25,-3.75,51.25,-3.75
2025-10-16 00:00:00,4.65,5.31,51.25,-3.75,51.25,-3.75
2025-10-16 01:00:00,4.22,4.8,51.25,-3.75,51.25,-3.75
2025-10-16 02:00:00,4.14,4.72,51.25,-3.75,51.25,-3.75
2025-10-16 03:00:00,4.09,4.73,51.25,-3.75,51.25,-3.75
2025-10-16 04:00:00,4.24,4.93,51.25,-3.75,51.25,-3.75
2025-10-16 05:00:00,4.39,5.03,51.25,-3.75,51.25,-3.75
2025-10-16 06:00:00,4.65,5.45,51.25,-3.75,51.25,-3.75
2025-10-16 07:00:00,5.0,5.89,51.25,-3.75,51.25,-3.75
2025-10-16 08:00:00,5.33,6.22,51.25,-3.75,51.25,-3.75
2025-10-16 09:00:00,5.56,6.3,51.25,-3.75,51.25,-3.75
2025-10-16 10:00:00,5.46,6.17,51.25,-3.75,51.25,-3.75
2025-10-16 11:00:00,4.97,5.53,51.25,-3.75,51.25,-3.75
2025-10-16 12:00:00,4.7,5.26,51.25,-3.75,51.25,-3.75
2025-10-16 13:00:00,4.5,4.95,51.25,-3.75,51.25,-3.75
2025-10-16 14:00:00,4.1,4.55,51.25,-3.75,51.25,-3.75
2025-10-16 15:00:00,3.8,4.25,51.25,-3.75,51.25,-3.75
2025-10-16 16:00:00,3.88,4.41,51.25,-3.75,51.25,-3.75
2025-10-16 17:00:00,3.85,4.52,51.25,-3.75,51.25,-3.75
2025-10-16 18:00:00,3.97,4.82,51.25,-3.75,51.25,-3.75
2025-10-16 19:00:00,4.35,5.33,51.25,-3.75,51.25,-3.75
2025-10-16 20:00:00,4.64,5.85,51.25,-3.75,51.25,-3.75
2025-10-16 21:00:00,4.89,6.35,51.25,-3.75,51.25,-3.75
2025-10-16 22:00:00,4.95,6.37,51.25,-3.75,51.25,-3.75
2025-10-16 23:00:00,5.14,6.66,51.25,-3.75,51.25,-3.75
2025-10-17 00:00:00,5.44,7.01,51.25,-3.75,51.25,-3.75
2025-10-17 01:00:00,5.52,7.1,51.25,-3.75,51.25,-3.75
2025-10-17 02:00:00,5.26,6.9,51.25,-3.75,51.25,-3.75
2025-10-17 03:00:00,5.0,6.5,51.25,-3.75,51.25,-3.75
2025-10-17 04:00:00,5.0,6.46,51.25,-3.75,51.25,-3.75
2025-10-17 05:00:00,5.17,6.59,51.25,-3.75,51.25,-3.75
2025-10-17 06:00:00,5.23,6.68,51.25,-3.75,51.25,-3.75
2025-10-17 07:00:00,5.3,6.71,51.25,-3.75,51.25,-3.75
2025-10-17 08:00:00,5.31,6.52,51.25,-3.75,51.25,-3.75
2025-10-17 09:00:00,4.96,5.92,51.25,-3.75,51.25,-3.75
2025-10-17 10:00:00,5.04,5.89,51.25,-3.75,51.25,-3.75
2025-10-17 11:00:00,5.43,6.28,51.25,-3.75,51.25,-3.75
2025-10-17 12:00:00,5.69,6.67,51.25,-3.75,51.25,-3.75
2025-10-17 13:00:00,5.64,6.66,51.25,-3.75,51.25,-3.75
2025-10-17 14:00:00,5.41,6.49,51.25,-3.75,51.25,-3.75
2025-10-17 15:00:00,5.22,6.64,51.25,-3.75,51.25,-3.75
2025-10-17 16:00:00,4.93,6.33,51.25,-3.75,51.25,-3.75
2025-10-17 17:00:00,4.72,6.54,51.25,-3.75,51.25,-3.75
2025-10-17 18:00:00,4.83,7.08,51.25,-3.75,51.25,-3.75
2025-10-17 19:00:00,5.98,8.57,51.25,-3.75,51.25,-3.75
2025-10-17 20:00:00,5.81,8.3,51.25,-3.75,51.25,-3.75
2025-10-17 21:00:00,5.28,7.41,51.25,-3.75,51.25,-3.75
2025-10-17 22:00:00,5.97,8.12,51.25,-3.75,51.25,-3.75
2025-10-17 23:00:00,6.75,8.69,51.25,-3.75,51.25,-3.75
2025-10-18 00:00:00,6.89,8.73,51.25,-3.75,51.25,-3.75
2025-10-18 01:00:00,7.07,8.99,51.25,-3.75,51.25,-3.75
2025-10-18 02:00:00,6.74,8.74,51.25,-3.75,51.25,-3.75
2025-10-18 03:00:00,7.04,9.08,51.25,-3.75,51.25,-3.75
2025-10-18 04:00:00,7.81,9.89,51.25,-3.75,51.25,-3.75
2025-10-18 05:00:00,8.12,10.31,51.25,-3.75,51.25,-3.75
2025-10-18 06:00:00,7.98,10.16,51.25,-3.75,51.25,-3.75
2025-10-18 07:00:00,8.03,10.32,51.25,-3.75,51.25,-3.75
2025-10-18 08:00:00,7.86,10.01,51.25,-3.75,51.25,-3.75
2025-10-18 09:00:00,7.94,10.03,51.25,-3.75,51.25,-3.75
2025-10-18 10:00:00,7.64,9.73,51.25,-3.75,51.25,-3.75
2025-10-18 11:00:00,7.57,9.5,51.25,-3.75,51.25,-3.75
2025-10-18 12:00:00,8.1,10.12,51.25,-3.75,51.25,-3.75
2025-10-18 13:00:00,8.41,10.47,51.25,-3.75,51.25,-3.75
2025-10-18 14:00:00,8.42,10.36,51.25,-3.75,51.25,-3.75
2025-10-18 15:00:00,8.94,11.11,51.25,-3.75,51.25,-3.75
2025-10-18 16:00:00,9.01,11.53,51.25,-3.75,51.25,-3.75
2025-10-18 17:00:00,8.77,11.33,51.25,-3.75,51.25,-3.75
2025-10-18 18:00:00,9.38,12.27,51.25,-3.75,51.25,-3.75
2025-10-18 19:00:00,10.33,13.63,51.25,-3.75,51.25,-3.75
2025-10-18 20:00:00,10.11,13.52,51.25,-3.75,51.25,-3.75
2025-10-18 21:00:00,9.12,12.31,51.25,-3.75,51.25,-3.75
2025-10-18 22:00:00,8.8,11.71,51.25,-3.75,51.25,-3.75
2025-10-18 23:00:00,8.45,11.51,51.25,-3.75,51.25,-3.75
2025-10-19 00:00:00,8.57,11.71,51.25,-3.75,51.25,-3.75
2025-10-19 01:00:00,8.7,11.78,51.25,-3.75,51.25,-3.75
2025-10-19 02:00:00,8.95,11.98,51.25,-3.75,51.25,-3.75
2025-10-19 03:00:00,8.91,12.03,51.25,-3.75,51.25,-3.75
2025-10-19 04:00:00,8.87,12.19,51.25,-3.75,51.25,-3.75
2025-10-19 05:00:00,8.51,12.07,51.25,-3.75,51.25,-3.75
2025-10-19 06:00:00,8.44,12.42,51.25,-3.75,51.25,-3.75
2025-10-19 07:00:00,9.19,13.39,51.25,-3.75,51.25,-3.75
2025-10-19 08:00:00,10.89,14.71,51.25,-3.75,51.25,-3.75
2025-10-19 09:00:00,11.21,15.06,51.25,-3.75,51.25,-3.75
2025-10-19 10:00:00,8.77,12.12,51.25,-3.75,51.25,-3.75
2025-10-19 11:00:00,9.86,13.25,51.25,-3.75,51.25,-3.75
2025-10-19 12:00:00,9.7,13.28,51.25,-3.75,51.25,-3.75
2025-10-19 13:00:00,8.37,12.08,51.25,-3.75,51.25,-3.75
2025-10-19 14:00:00,7.22,10.44,51.25,-3.75,51.25,-3.75
2025-10-19 15:00:00,5.76,8.2,51.25,-3.75,51.25,-3.75
2025-10-19 16:00:00,5.75,7.75,51.25,-3.75,51.25,-3.75
2025-10-19 17:00:00,6.21,8.1,51.25,-3.75,51.25,-3.75
2025-10-19 18:00:00,5.88,7.18,51.25,-3.75,51.25,-3.75
2025-10-19 19:00:00,5.22,6.47,51.25,-3.75,51.25,-3.75
2025-10-19 20:00:00,5.21,6.87,51.25,-3.75,51.25,-3.75
2025-10-19 21:00:00,5.76,7.99,51.25,-3.75,51.25,-3.75
2025-10-19 22:00:00,6.09,8.63,51.25,-3.75,51.25,-3.75
2025-10-19 23:00:00,6.82,8.96,51.25,-3.75,51.25,-3.75
2025-10-20 00:00:00,6.63,8.64,51.25,-3.75,51.25,-3.75
2025-10-20 01:00:00,7.04,9.51,51.25,-3.75,51.25,-3.75
2025-10-20 02:00:00,6.56,9.01,51.25,-3.75,51.25,-3.75
2025-10-20 03:00:00,6.67,8.95,51.25,-3.75,51.25,-3.75
2025-10-20 04:00:00,7.08,9.4,51.25,-3.75,51.25,-3.75
2025-10-20 05:00:00,7.12,9.51,51.25,-3.75,51.25,-3.75
2025-10-20 06:00:00,7.13,9.54,51.25,-3.75,51.25,-3.75
2025-10-20 07:00:00,7.43,9.86,51.25,-3.75,51.25,-3.75
2025-10-20 08:00:00,7.54,9.76,51.25,-3.75,51.25,-3.75
2025-10-20 09:00:00,7.49,9.62,51.25,-3.75,51.25,-3.75
2025-10-20 10:00:00,6.5,9.1,51.25,-3.75,51.25,-3.75
2025-10-20 11:00:00,5.39,7.15,51.25,-3.75,51.25,-3.75
2025-10-20 12:00:00,4.12,5.12,51.25,-3.75,51.25,-3.75
2025-10-20 13:00:00,3.5,4.44,51.25,-3.75,51.25,-3.75
2025-10-20 14:00:00,5.26,6.44,51.25,-3.75,51.25,-3.75
2025-10-20 15:00:00,7.13,8.72,51.25,-3.75,51.25,-3.75
2025-10-20 16:00:00,8.47,10.66,51.25,-3.75,51.25,-3.75
2025-10-20 17:00:00,9.32,12.18,51.25,-3.75,51.25,-3.75
2025-10-20 18:00:00,8.59,11.18,51.25,-3.75,51.25,-3.75
2025-10-20 19:00:00,8.04,10.62,51.25,-3.75,51.25,-3.75
2025-10-20 20:00:00,8.98,11.4,51.25,-3.75,51.25,-3.75
2025-10-20 21:00:00,9.32,11.64,51.25,-3.75,51.25,-3.75
2025-10-20 22:00:00,8.38,10.83,51.25,-3.75,51.25,-3.75
2025-10-20 23:00:00,8.29,10.38,51.25,-3.75,51.25,-3.75
2025-10-21 00:00:00,8.53,10.57,51.25,-3.75,51.25,-3.75
2025-10-21 01:00:00,8.57,10.63,51.25,-3.75,51.25,-3.75
2025-10-21 02:00:00,8.75,10.85,51.25,-3.75,51.25,-3.75
2025-10-21 03:00:00,8.49,10.64,51.25,-3.75,51.25,-3.75
2025-10-21 04:00:00,8.14,10.27,51.25,-3.75,51.25,-3.75
2025-10-21 05:00:00,8.1,10.26,51.25,-3.75,51.25,-3.75
2025-10-21 06:00:00,8.24,10.44,51.25,-3.75,51.25,-3.75
2025-10-21 07:00:00,8.43,10.55,51.25,-3.75,51.25,-3.75
2025-10-21 08:00:00,8.59,10.59,51.25,-3.75,51.25,-3.75
2025-10-21 09:00:00,9.11,11.19,51.25,-3.75,51.25,-3.75
2025-10-21 10:00:00,8.14,10.03,51.25,-3.75,51.25,-3.75
2025-10-21 11:00:00,7.81,9.56,51.25,-3.75,51.25,-3.75
2025-10-21 12:00:00,8.08,9.82,51.25,-3.75,51.25,-3.75
2025-10-21 13:00:00,8.85,10.65,51.25,-3.75,51.25,-3.75
2025-10-21 14:00:00,8.96,10.82,51.25,-3.75,51.25,-3.75
2025-10-21 15:00:00,8.66,10.42,51.25,-3.75,51.25,-3.75
2025-10-21 16:00:00,8.5,10.26,51.25,-3.75,51.25,-3.75
2025-10-21 17:00:00,8.4,10.38,51.25,-3.75,51.25,-3.75
2025-10-21 18:00:00,7.83,9.86,51.25,-3.75,51.25,-3.75
2025-10-21 19:00:00,7.24,9.2,51.25,-3.75,51.25,-3.75
2025-10-21 20:00:00,6.96,8.78,51.25,-3.75,51.25,-3.75
2025-10-21 21:00:00,6.53,8.19,51.25,-3.75,51.25,-3.75
2025-10-21 22:00:00,5.48,7.08,51.25,-3.75,51.25,-3.75
2025-10-21 23:00:00,5.42,6.86,51.25,-3.75,51.25,-3.75
2025-10-22 00:00:00,5.3,6.6,51.25,-3.75,51.25,-3.75
2025-10-22 01:00:00,5.08,6.3,51.25,-3.75,51.25,-3.75
2025-10-22 02:00:00,4.97,6.13,51.25,-3.75,51.25,-3.75
2025-10-22 03:00:00,4.79,5.96,51.25,-3.75,51.25,-3.75
2025-10-22 04:00:00,5.06,6.32,51.25,-3.75,51.25,-3.75
2025-10-22 05:00:00,4.75,6.01,51.25,-3.75,51.25,-3.75
2025-10-22 06:00:00,4.16,5.27,51.25,-3.75,51.25,-3.75
2025-10-22 07:00:00,3.43,4.33,51.25,-3.75,51.25,-3.75
2025-10-22 08:00:00,2.96,3.6,51.25,-3.75,51.25,-3.75
2025-10-22 09:00:00,2.71,3.21,51.25,-3.75,51.25,-3.75
2025-10-22 10:00:00,1.88,2.28,51.25,-3.75,51.25,-3.75
2025-10-22 11:00:00,2.05,2.51,51.25,-3.75,51.25,-3.75
2025-10-22 12:00:00,2.21,2.51,51.25,-3.75,51.25,-3.75
2025-10-22 13:00:00,2.6,2.85,51.25,-3.75,51.25,-3.75
2025-10-22 14:00:00,2.81,3.25,51.25,-3.75,51.25,-3.75
2025-10-22 15:00:00,3.09,3.8,51.25,-3.75,51.25,-3.75
2025-10-22 16:00:00,2.92,3.47,51.25,-3.75,51.25,-3.75
2025-10-22 17:00:00,4.3,5.02,51.25,-3.75,51.25,-3.75
2025-10-22 18:00:00,5.53,6.5,51.25,-3.75,51.25,-3.75
2025-10-22 19:00:00,6.15,7.4,51.25,-3.75,51.25,-3.75
2025-10-22 20:00:00,6.74,8.26,51.25,-3.75,51.25,-3.75
2025-10-22 21:00:00,6.86,8.51,51.25,-3.75,51.25,-3.75
2025-10-22 22:00:00,7.02,7.27,51.25,-3.75,51.25,-3.75
2025-10-22 23:00:00,6.52,7.25,51.25,-3.75,51.25,-3.75
2025-10-23 00:00:00,5.48,6.47,51.25,-3.75,51.25,-3.75
2025-10-23 01:00:00,4.84,5.88,51.25,-3.75,51.25,-3.75
2025-10-23 02:00:00,5.9,7.11,51.25,-3.75,51.25,-3.75
2025-10-23 03:00:00,7.85,9.57,51.25,-3.75,51.25,-3.75
2025-10-23 04:00:00,8.66,10.82,51.25,-3.75,51.25,-3.75
2025-10-23 05:00:00,8.59,10.76,51.25,-3.75,51.25,-3.75
2025-10-23 06:00:00,8.53,10.56,51.25,-3.75,51.25,-3.75
2025-10-23 07:00:00,8.99,11.02,51.25,-3.75,51.25,-3.75
2025-10-23 08:00:00,9.62,11.7,51.25,-3.75,51.25,-3.75
2025-10-23 09:00:00,9.95,12.03,51.25,-3.75,51.25,-3.75
2025-10-23 10:00:00,11.08,13.16,51.25,-3.75,51.25,-3.75
2025-10-23 11:00:00,11.83,14.84,51.25,-3.75,51.25,-3.75
2025-10-23 12:00:00,13.35,16.1,51.25,-3.75,51.25,-3.75
2025-10-23 13:00:00,12.52,15.24,51.25,-3.75,51.25,-3.75
2025-10-23 14:00:00,11.93,14.36,51.25,-3.75,51.25,-3.75
2025-10-23 15:00:00,12.38,14.83,51.25,-3.75,51.25,-3.75
2025-10-23 16:00:00,13.13,15.79,51.25,-3.75,51.25,-3.75
2025-10-23 17:00:00,12.32,14.86,51.25,-3.75,51.25,-3.75
2025-10-23 18:00:00,11.44,13.83,51.25,-3.75,51.25,-3.75
2025-10-23 19:00:00,11.21,13.51,51.25,-3.75,51.25,-3.75
2025-10-23 20:00:00,11.56,13.91,51.25,-3.75,51.25,-3.75
2025-10-23 21:00:00,11.28,13.7,51.25,-3.75,51.25,-3.75
2025-10-23 22:00:00,11.23,13.58,51.25,-3.75,51.25,-3.75
2025-10-23 23:00:00,11.57,14.03,51.25,-3.75,51.25,-3.75
2025-10-24 00:00:00,11.52,13.95,51.25,-3.75,51.25,-3.75
2025-10-24 01:00:00,11.37,13.66,51.25,-3.75,51.25,-3.75
2025-10-24 02:00:00,11.24,13.45,51.25,-3.75,51.25,-3.75
2025-10-24 03:00:00,11.27,13.48,51.25,-3.75,51.25,-3.75
2025-10-24 04:00:00,11.18,13.39,51.25,-3.75,51.25,-3.75
2025-10-24 05:00:00,10.71,12.91,51.25,-3.75,51.25,-3.75
2025-10-24 06:00:00,10.5,12.7,51.25,-3.75,51.25,-3.75
2025-10-24 07:00:00,10.33,12.48,51.25,-3.75,51.25,-3.75
2025-10-24 08:00:00,10.93,13.07,51.25,-3.75,51.25,-3.75
2025-10-24 09:00:00,11.16,13.38,51.25,-3.75,51.25,-3.75
2025-10-24 10:00:00,9.71,11.62,51.25,-3.75,51.25,-3.75
2025-10-24 11:00:00,10.44,12.49,51.25,-3.75,51.25,-3.75
2025-10-24 12:00:00,10.73,12.89,51.25,-3.75,51.25,-3.75
2025-10-24 13:00:00,10.46,12.6,51.25,-3.75,51.25,-3.75
2025-10-24 14:00:00,11.02,13.42,51.25,-3.75,51.25,-3.75
2025-10-24 15:00:00,11.99,14.58,51.25,-3.75,51.25,-3.75
2025-10-24 16:00:00,13.06,16.21,51.25,-3.75,51.25,-3.75
2025-10-24 17:00:00,12.58,15.68,51.25,-3.75,51.25,-3.75
2025-10-24 18:00:00,11.36,14.01,51.25,-3.75,51.25,-3.75
2025-10-24 19:00:00,9.09,10.98,51.25,-3.75,51.25,-3.75
2025-10-24 20:00:00,8.15,9.71,51.25,-3.75,51.25,-3.75
2025-10-24 21:00:00,8.35,10.0,51.25,-3.75,51.25,-3.75
2025-10-24 22:00:00,8.06,9.81,51.25,-3.75,51.25,-3.75
2025-10-24 23:00:00,8.12,9.91,51.25,-3.75,51.25,-3.75
2025-10-25 00:00:00,8.0,9.9,51.25,-3.75,51.25,-3.75
2025-10-25 01:00:00,8.38,10.3,51.25,-3.75,51.25,-3.75
2025-10-25 02:00:00,9.65,11.81,51.25,-3.75,51.25,-3.75
2025-10-25 03:00:00,10.05,12.46,51.25,-3.75,51.25,-3.75
2025-10-25 04:00:00,10.17,12.68,51.25,-3.75,51.25,-3.75
2025-10-25 05:00:00,10.45,12.93,51.25,-3.75,51.25,-3.75
2025-10-25 06:00:00,10.32,12.77,51.25,-3.75,51.25,-3.75
2025-10-25 07:00:00,10.3,12.73,51.25,-3.75,51.25,-3.75
2025-10-25 08:00:00,9.81,12.03,51.25,-3.75,51.25,-3.75
2025-10-25 09:00:00,10.14,12.25,51.25,-3.75,51.25,-3.75
2025-10-25 10:00:00,10.32,12.6,51.25,-3.75,51.25,-3.75
2025-10-25 11:00:00,11.06,13.32,51.25,-3.75,51.25,-3.75
2025-10-25 12:00:00,11.81,14.24,51.25,-3.75,51.25,-3.75
2025-10-25 13:00:00,11.72,14.13,51.25,-3.75,51.25,-3.75
2025-10-25 14:00:00,11.19,13.53,51.25,-3.75,51.25,-3.75
2025-10-25 15:00:00,11.0,13.27,51.25,-3.75,51.25,-3.75
2025-10-25 16:00:00,11.12,13.36,51.25,-3.75,51.25,-3.75
2025-10-25 17:00:00,10.37,12.6,51.25,-3.75,51.25,-3.75
2025-10-25 18:00:00,10.17,12.33,51.25,-3.75,51.25,-3.75
2025-10-25 19:00:00,10.71,13.03,51.25,-3.75,51.25,-3.75
2025-10-25 20:00:00,11.31,13.87,51.25,-3.75,51.25,-3.75
2025-10-25 21:00:00,12.28,15.03,51.25,-3.75,51.25,-3.75
2025-10-25 22:00:00,11.66,14.19,51.25,-3.75,51.25,-3.75
2025-10-25 23:00:00,11.03,13.43,51.25,-3.75,51.25,-3.75
2025-10-26 00:00:00,10.02,12.06,51.25,-3.75,51.25,-3.75
2025-10-26 01:00:00,9.25,11.21,51.25,-3.75,51.25,-3.75
2025-10-26 02:00:00,8.79,10.68,51.25,-3.75,51.25,-3.75
2025-10-26 03:00:00,8.99,10.95,51.25,-3.75,51.25,-3.75
2025-10-26 04:00:00,9.57,11.5,51.25,-3.75,51.25,-3.75
2025-10-26 05:00:00,9.18,11.04,51.25,-3.75,51.25,-3.75
2025-10-26 06:00:00,8.94,10.82,51.25,-3.75,51.25,-3.75
2025-10-26 07:00:00,8.83,10.59,51.25,-3.75,51.25,-3.75
2025-10-26 08:00:00,9.4,11.17,51.25,-3.75,51.25,-3.75
2025-10-26 09:00:00,9.56,11.24,51.25,-3.75,51.25,-3.75
2025-10-26 10:00:00,9.47,11.23,51.25,-3.75,51.25,-3.75
2025-10-26 11:00:00,9.17,10.83,51.25,-3.75,51.25,-3.75
2025-10-26 12:00:00,9.34,11.06,51.25,-3.75,51.25,-3.75
2025-10-26 13:00:00,8.76,10.36,51.25,-3.75,51.25,-3.75
2025-10-26 14:00:00,9.12,10.9,51.25,-3.75,51.25,-3.75
2025-10-26 15:00:00,10.78,13.11,51.25,-3.75,51.25,-3.75
2025-10-26 16:00:00,12.35,15.46,51.25,-3.75,51.25,-3.75
2025-10-26 17:00:00,13.65,17.15,51.25,-3.75,51.25,-3.75
2025-10-26 18:00:00,13.7,17.45,51.25,-3.75,51.25,-3.75
2025-10-26 19:00:00,14.22,18.3,51.25,-3.75,51.25,-3.75
2025-10-26 20:00:00,14.67,18.76,51.25,-3.75,51.25,-3.75
2025-10-26 21:00:00,14.25,18.47,51.25,-3.75,51.25,-3.75
2025-10-26 22:00:00,13.04,16.98,51.25,-3.75,51.25,-3.75
2025-10-26 23:00:00,13.52,17.21,51.25,-3.75,51.25,-3.75
2025-10-27 00:00:00,13.02,16.45,51.25,-3.75,51.25,-3.75
2025-10-27 01:00:00,13.27,16.75,51.25,-3.75,51.25,-3.75
2025-10-27 02:00:00,14.14,17.73,51.25,-3.75,51.25,-3.75
2025-10-27 03:00:00,14.67,18.45,51.25,-3.75,51.25,-3.75
2025-10-27 04:00:00,14.48,18.25,51.25,-3.75,51.25,-3.75
2025-10-27 05:00:00,14.0,17.6,51.25,-3.75,51.25,-3.75
2025-10-27 06:00:00,13.53,16.93,51.25,-3.75,51.25,-3.75
2025-10-27 07:00:00,13.16,16.52,51.25,-3.75,51.25,-3.75
2025-10-27 08:00:00,13.0,16.3,51.25,-3.75,51.25,-3.75
2025-10-27 09:00:00,13.09,16.25,51.25,-3.75,51.25,-3.75
2025-10-27 10:00:00,12.5,15.61,51.25,-3.75,51.25,-3.75
2025-10-27 11:00:00,12.27,15.06,51.25,-3.75,51.25,-3.75
2025-10-27 12:00:00,10.93,13.36,51.25,-3.75,51.25,-3.75
2025-10-27 13:00:00,9.97,12.08,51.25,-3.75,51.25,-3.75
2025-10-27 14:00:00,9.18,11.08,51.25,-3.75,51.25,-3.75
2025-10-27 15:00:00,6.97,8.6,51.25,-3.75,51.25,-3.75
2025-10-27 16:00:00,5.79,7.1,51.25,-3.75,51.25,-3.75
2025-10-27 17:00:00,7.4,9.32,51.25,-3.75,51.25,-3.75
2025-10-27 18:00:00,8.5,11.95,51.25,-3.75,51.25,-3.75
2025-10-27 19:00:00,11.33,14.88,51.25,-3.75,51.25,-3.75
2025-10-27 20:00:00,11.16,14.56,51.25,-3.75,51.25,-3.75
2025-10-27 21:00:00,11.66,15.0,51.25,-3.75,51.25,-3.75
2025-10-27 22:00:00,11.06,14.37,51.25,-3.75,51.25,-3.75
2025-10-27 23:00:00,11.5,14.81,51.25,-3.75,51.25,-3.75
2025-10-28 00:00:00,11.9,15.51,51.25,-3.75,51.25,-3.75
2025-10-28 01:00:00,11.69,15.4,51.25,-3.75,51.25,-3.75
2025-10-28 02:00:00,13.48,17.53,51.25,-3.75,51.25,-3.75
2025-10-28 03:00:00,13.7,17.75,51.25,-3.75,51.25,-3.75
2025-10-28 04:00:00,12.63,16.17,51.25,-3.75,51.25,-3.75
2025-10-28 05:00:00,11.5,14.7,51.25,-3.75,51.25,-3.75
2025-10-28 06:00:00,10.85,13.93,51.25,-3.75,51.25,-3.75
2025-10-28 07:00:00,10.6,13.52,51.25,-3.75,51.25,-3.75
2025-10-28 08:00:00,10.63,13.25,51.25,-3.75,51.25,-3.75
2025-10-28 09:00:00,10.86,13.27,51.25,-3.75,51.25,-3.75
2025-10-28 10:00:00,9.8,12.06,51.25,-3.75,51.25,-3.75
2025-10-28 11:00:00,10.51,12.95,51.25,-3.75,51.25,-3.75
2025-10-28 12:00:00,9.77,12.17,51.25,-3.75,51.25,-3.75
2025-10-28 13:00:00,9.18,11.49,51.25,-3.75,51.25,-3.75
2025-10-28 14:00:00,9.53,11.84,51.25,-3.75,51.25,-3.75
2025-10-28 15:00:00,9.59,11.91,51.25,-3.75,51.25,-3.75
2025-10-28 16:00:00,9.5,11.86,51.25,-3.75,51.25,-3.75
2025-10-28 17:00:00,9.3,11.99,51.25,-3.75,51.25,-3.75
2025-10-28 18:00:00,8.38,11.06,51.25,-3.75,51.25,-3.75
2025-10-28 19:00:00,8.07,10.64,51.25,-3.75,51.25,-3.75
2025-10-28 20:00:00,7.49,10.24,51.25,-3.75,51.25,-3.75
2025-10-28 21:00:00,8.35,11.27,51.25,-3.75,51.25,-3.75
2025-10-28 22:00:00,9.07,11.76,51.25,-3.75,51.25,-3.75
2025-10-28 23:00:00,9.25,12.2,51.25,-3.75,51.25,-3.75
2025-10-29 00:00:00,9.81,12.79,51.25,-3.75,51.25,-3.75
2025-10-29 01:00:00,9.49,12.14,51.25,-3.75,51.25,-3.75
2025-10-29 02:00:00,8.62,10.74,51.25,-3.75,51.25,-3.75
2025-10-29 03:00:00,7.95,9.65,51.25,-3.75,51.25,-3.75
2025-10-29 04:00:00,6.74,8.21,51.25,-3.75,51.25,-3.75
2025-10-29 05:00:00,5.4,6.61,51.25,-3.75,51.25,-3.75
2025-10-29 06:00:00,4.57,5.61,51.25,-3.75,51.25,-3.75
2025-10-29 07:00:00,4.38,5.4,51.25,-3.75,51.25,-3.75
2025-10-29 08:00:00,4.8,5.96,51.25,-3.75,51.25,-3.75
2025-10-29 09:00:00,5.63,6.93,51.25,-3.75,51.25,-3.75
2025-10-29 10:00:00,5.43,6.42,51.25,-3.75,51.25,-3.75
2025-10-29 11:00:00,5.78,6.74,51.25,-3.75,51.25,-3.75
2025-10-29 12:00:00,6.34,7.27,51.25,-3.75,51.25,-3.75
2025-10-29 13:00:00,6.28,7.18,51.25,-3.75,51.25,-3.75
2025-10-29 14:00:00,6.45,7.61,51.25,-3.75,51.25,-3.75
2025-10-29 15:00:00,6.99,8.39,51.25,-3.75,51.25,-3.75
2025-10-29 16:00:00,7.74,9.51,51.25,-3.75,51.25,-3.75
2025-10-29 17:00:00,8.39,10.43,51.25,-3.75,51.25,-3.75
2025-10-29 18:00:00,9.18,11.41,51.25,-3.75,51.25,-3.75
2025-10-29 19:00:00,10.08,12.46,51.25,-3.75,51.25,-3.75
2025-10-29 20:00:00,10.35,12.89,51.25,-3.75,51.25,-3.75
2025-10-29 21:00:00,10.25,12.81,51.25,-3.75,51.25,-3.75
2025-10-29 22:00:00,9.69,12.11,51.25,-3.75,51.25,-3.75
2025-10-29 23:00:00,9.31,11.58,51.25,-3.75,51.25,-3.75
2025-10-30 00:00:00,9.07,11.13,51.25,-3.75,51.25,-3.75
2025-10-30 01:00:00,7.74,9.61,51.25,-3.75,51.25,-3.75
2025-10-30 02:00:00,7.11,8.81,51.25,-3.75,51.25,-3.75
2025-10-30 03:00:00,6.56,8.12,51.25,-3.75,51.25,-3.75
2025-10-30 04:00:00,5.76,7.45,51.25,-3.75,51.25,-3.75
2025-10-30 05:00:00,5.14,6.72,51.25,-3.75,51.25,-3.75
2025-10-30 06:00:00,5.1,6.79,51.25,-3.75,51.25,-3.75
2025-10-30 07:00:00,4.68,6.3,51.25,-3.75,51.25,-3.75
2025-10-30 08:00:00,5.26,6.8,51.25,-3.75,51.25,-3.75
2025-10-30 09:00:00,6.0,7.52,51.25,-3.75,51.25,-3.75
2025-10-30 10:00:00,6.51,8.25,51.25,-3.75,51.25,-3.75
2025-10-30 11:00:00,7.09,9.08,51.25,-3.75,51.25,-3.75
2025-10-30 12:00:00,7.96,10.78,51.25,-3.75,51.25,-3.75
2025-10-30 13:00:00,8.77,11.99,51.25,-3.75,51.25,-3.75
2025-10-30 14:00:00,9.28,12.6,51.25,-3.75,51.25,-3.75
2025-10-30 15:00:00,9.75,13.69,51.25,-3.75,51.25,-3.75
2025-10-30 16:00:00,10.26,14.85,51.25,-3.75,51.25,-3.75
2025-10-30 17:00:00,12.05,16.14,51.25,-3.75,51.25,-3.75
2025-10-30 18:00:00,12.24,16.64,51.25,-3.75,51.25,-3.75
2025-10-30 19:00:00,12.46,16.69,51.25,-3.75,51.25,-3.75
2025-10-30 20:00:00,12.55,17.03,51.25,-3.75,51.25,-3.75
2025-10-30 21:00:00,13.07,17.79,51.25,-3.75,51.25,-3.75
2025-10-30 22:00:00,11.62,15.88,51.25,-3.75,51.25,-3.75
2025-10-30 23:00:00,9.18,12.76,51.25,-3.75,51.25,-3.75
2025-10-31 00:00:00,7.49,10.74,51.25,-3.75,51.25,-3.75
2025-10-31 01:00:00,7.57,10.85,51.25,-3.75,51.25,-3.75
2025-10-31 02:00:00,7.99,11.18,51.25,-3.75,51.25,-3.75
2025-10-31 03:00:00,7.19,10.26,51.25,-3.75,51.25,-3.75
2025-10-31 04:00:00,6.61,9.76,51.25,-3.75,51.25,-3.75
2025-10-31 05:00:00,6.73,9.71,51.25,-3.75,51.25,-3.75
2025-10-31 06:00:00,7.09,10.21,51.25,-3.75,51.25,-3.75
2025-10-31 07:00:00,7.97,11.26,51.25,-3.75,51.25,-3.75
2025-10-31 08:00:00,8.6,12.08,51.25,-3.75,51.25,-3.75
2025-10-31 09:00:00,9.97,13.54,51.25,-3.75,51.25,-3.75
2025-10-31 10:00:00,9.57,13.15,51.25,-3.75,51.25,-3.75
2025-10-31 11:00:00,9.61,13.1,51.25,-3.75,51.25,-3.75
2025-10-31 12:00:00,9.75,13.36,51.25,-3.75,51.25,-3.75
2025-10-31 13:00:00,10.35,14.23,51.25,-3.75,51.25,-3.75
2025-10-31 14:00:00,9.98,13.97,51.25,-3.75,51.25,-3.75
2025-10-31 15:00:00,9.48,13.24,51.25,-3.75,51.25,-3.75
2025-10-31 16:00:00,8.91,12.44,51.25,-3.75,51.25,-3.75
2025-10-31 17:00:00,8.16,11.37,51.25,-3.75,51.25,-3.75
2025-10-31 18:00:00,8.04,11.18,51.25,-3.75,51.25,-3.75
2025-10-31 19:00:00,8.58,11.78,51.25,-3.75,51.25,-3.75
2025-10-31 20:00:00,9.43,12.91,51.25,-3.75,51.25,-3.75
2025-10-31 21:00:00,11.05,15.31,51.25,-3.75,51.25,-3.75
2025-10-31 22:00:00,11.2,15.34,51.25,-3.75,51.25,-3.75
2025-10-31 23:00:00,9.86,13.38,51.25,-3.75,51.25,-3.75
2025-11-01 00:00:00,9.64,13.6,51.25,-3.75,51.25,-3.75
2025-11-01 01:00:00,9.53,14.38,51.25,-3.75,51.25,-3.75
2025-11-01 02:00:00,11.14,15.05,51.25,-3.75,51.25,-3.75
2025-11-01 03:00:00,11.99,15.46,51.25,-3.75,51.25,-3.75
2025-11-01 04:00:00,11.12,14.27,51.25,-3.75,51.25,-3.75
2025-11-01 05:00:00,10.33,13.13,51.25,-3.75,51.25,-3.75
2025-11-01 06:00:00,11.18,14.16,51.25,-3.75,51.25,-3.75
2025-11-01 07:00:00,11.68,14.75,51.25,-3.75,51.25,-3.75
2025-11-01 08:00:00,11.39,14.31,51.25,-3.75,51.25,-3.75
2025-11-01 09:00:00,10.73,13.26,51.25,-3.75,51.25,-3.75
2025-11-01 10:00:00,9.53,11.32,51.25,-3.75,51.25,-3.75
2025-11-01 11:00:00,8.3,9.76,51.25,-3.75,51.25,-3.75
2025-11-01 12:00:00,8.18,9.44,51.25,-3.75,51.25,-3.75
2025-11-01 13:00:00,8.23,9.8,51.25,-3.75,51.25,-3.75
2025-11-01 14:00:00,8.09,9.72,51.25,-3.75,51.25,-3.75
2025-11-01 15:00:00,7.76,9.42,51.25,-3.75,51.25,-3.75
2025-11-01 16:00:00,8.71,10.69,51.25,-3.75,51.25,-3.75
2025-11-01 17:00:00,8.52,10.68,51.25,-3.75,51.25,-3.75
2025-11-01 18:00:00,8.41,10.42,51.25,-3.75,51.25,-3.75
2025-11-01 19:00:00,8.12,10.13,51.25,-3.75,51.25,-3.75
2025-11-01 20:00:00,7.97,9.98,51.25,-3.75,51.25,-3.75
2025-11-01 21:00:00,7.74,9.72,51.25,-3.75,51.25,-3.75
2025-11-01 22:00:00,8.03,10.31,51.25,-3.75,51.25,-3.75
2025-11-01 23:00:00,8.65,11.0,51.25,-3.75,51.25,-3.75
2025-11-02 00:00:00,8.84,11.27,51.25,-3.75,51.25,-3.75
2025-11-02 01:00:00,8.48,10.81,51.25,-3.75,51.25,-3.75
2025-11-02 02:00:00,9.53,12.06,51.25,-3.75,51.25,-3.75
2025-11-02 03:00:00,10.3,12.74,51.25,-3.75,51.25,-3.75
2025-11-02 04:00:00,9.54,11.74,51.25,-3.75,51.25,-3.75
2025-11-02 05:00:00,9.09,11.1,51.25,-3.75,51.25,-3.75
2025-11-02 06:00:00,7.83,9.61,51.25,-3.75,51.25,-3.75
2025-11-02 07:00:00,7.6,9.36,51.25,-3.75,51.25,-3.75
2025-11-02 08:00:00,8.42,10.29,51.25,-3.75,51.25,-3.75
2025-11-02 09:00:00,8.7,10.47,51.25,-3.75,51.25,-3.75
2025-11-02 10:00:00,7.79,9.24,51.25,-3.75,51.25,-3.75
2025-11-02 11:00:00,7.25,8.6,51.25,-3.75,51.25,-3.75
2025-11-02 12:00:00,7.94,9.34,51.25,-3.75,51.25,-3.75
2025-11-02 13:00:00,8.24,9.75,51.25,-3.75,51.25,-3.75
2025-11-02 14:00:00,8.65,10.5,51.25,-3.75,51.25,-3.75
2025-11-02 15:00:00,8.26,10.05,51.25,-3.75,51.25,-3.75
2025-11-02 16:00:00,8.71,10.76,51.25,-3.75,51.25,-3.75
2025-11-02 17:00:00,8.51,10.81,51.25,-3.75,51.25,-3.75
2025-11-02 18:00:00,7.45,9.96,51.25,-3.75,51.25,-3.75
2025-11-02 19:00:00,7.69,10.2,51.25,-3.75,51.25,-3.75
2025-11-02 20:00:00,7.8,10.49,51.25,-3.75,51.25,-3.75
2025-11-02 21:00:00,7.41,10.72,51.25,-3.75,51.25,-3.75
2025-11-02 22:00:00,8.17,11.6,51.25,-3.75,51.25,-3.75
2025-11-02 23:00:00,8.53,12.18,51.25,-3.75,51.25,-3.75
2025-11-03 00:00:00,8.62,12.8,51.25,-3.75,51.25,-3.75
2025-11-03 01:00:00,9.45,12.98,51.25,-3.75,51.25,-3.75
2025-11-03 02:00:00,10.15,13.68,51.25,-3.75,51.25,-3.75
2025-11-03 03:00:00,11.01,14.87,51.25,-3.75,51.25,-3.75
2025-11-03 04:00:00,11.43,15.42,51.25,-3.75,51.25,-3.75
2025-11-03 05:00:00,10.8,14.65,51.25,-3.75,51.25,-3.75
2025-11-03 06:00:00,10.64,14.48,51.25,-3.75,51.25,-3.75
2025-11-03 07:00:00,10.79,14.6,51.25,-3.75,51.25,-3.75
2025-11-03 08:00:00,10.58,14.36,51.25,-3.75,51.25,-3.75
2025-11-03 09:00:00,10.58,14.43,51.25,-3.75,51.25,-3.75
2025-11-03 10:00:00,9.44,13.02,51.25,-3.75,51.25,-3.75
2025-11-03 11:00:00,9.94,13.55,51.25,-3.75,51.25,-3.75
2025-11-03 12:00:00,10.76,14.49,51.25,-3.75,51.25,-3.75
2025-11-03 13:00:00,10.8,14.57,51.25,-3.75,51.25,-3.75
2025-11-03 14:00:00,10.85,14.69,51.25,-3.75,51.25,-3.75
2025-11-03 15:00:00,10.94,14.81,51.25,-3.75,51.25,-3.75
2025-11-03 16:00:00,10.68,14.6,51.25,-3.75,51.25,-3.75
2025-11-03 17:00:00,10.5,14.3,51.25,-3.75,51.25,-3.75
2025-11-03 18:00:00,10.71,14.55,51.25,-3.75,51.25,-3.75
2025-11-03 19:00:00,10.82,14.73,51.25,-3.75,51.25,-3.75
2025-11-03 20:00:00,10.98,14.96,51.25,-3.75,51.25,-3.75
2025-11-03 21:00:00,11.32,15.43,51.25,-3.75,51.25,-3.75
2025-11-03 22:00:00,10.68,14.7,51.25,-3.75,51.25,-3.75
2025-11-03 23:00:00,10.76,14.79,51.25,-3.75,51.25,-3.75
2025-11-04 00:00:00,10.59,14.47,51.25,-3.75,51.25,-3.75
2025-11-04 01:00:00,10.26,14.0,51.25,-3.75,51.25,-3.75
2025-11-04 02:00:00,9.82,13.42,51.25,-3.75,51.25,-3.75
2025-11-04 03:00:00,9.59,13.19,51.25,-3.75,51.25,-3.75
2025-11-04 04:00:00,9.71,13.29,51.25,-3.75,51.25,-3.75
2025-11-04 05:00:00,10.0,13.61,51.25,-3.75,51.25,-3.75
2025-11-04 06:00:00,10.14,13.79,51.25,-3.75,51.25,-3.75
2025-11-04 07:00:00,10.12,13.81,51.25,-3.75,51.25,-3.75
2025-11-04 08:00:00,9.97,13.57,51.25,-3.75,51.25,-3.75
2025-11-04 09:00:00,9.82,13.35,51.25,-3.75,51.25,-3.75
2025-11-04 10:00:00,8.44,11.68,51.25,-3.75,51.25,-3.75
2025-11-04 11:00:00,9.18,12.83,51.25,-3.75,51.25,-3.75
2025-11-04 12:00:00,8.94,12.46,51.25,-3.75,51.25,-3.75
2025-11-04 13:00:00,8.67,12.03,51.25,-3.75,51.25,-3.75
2025-11-04 14:00:00,8.63,12.03,51.25,-3.75,51.25,-3.75
2025-11-04 15:00:00,9.08,12.55,51.25,-3.75,51.25,-3.75
2025-11-04 16:00:00,9.17,12.61,51.25,-3.75,51.25,-3.75
2025-11-04 17:00:00,9.25,13.0,51.25,-3.75,51.25,-3.75
2025-11-04 18:00:00,10.08,14.27,51.25,-3.75,51.25,-3.75
2025-11-04 19:00:00,10.92,15.42,51.25,-3.75,51.25,-3.75
2025-11-04 20:00:00,10.56,14.95,51.25,-3.75,51.25,-3.75
2025-11-04 21:00:00,9.51,13.55,51.25,-3.75,51.25,-3.75
2025-11-04 22:00:00,7.32,10.23,51.25,-3.75,51.25,-3.75
2025-11-04 23:00:00,7.5,10.67,51.25,-3.75,51.25,-3.75
2025-11-05 00:00:00,7.4,10.57,51.25,-3.75,51.25,-3.75
2025-11-05 01:00:00,7.93,11.56,51.25,-3.75,51.25,-3.75
2025-11-05 02:00:00,8.25,11.88,51.25,-3.75,51.25,-3.75
2025-11-05 03:00:00,8.45,12.01,51.25,-3.75,51.25,-3.75
2025-11-05 04:00:00,9.06,12.72,51.25,-3.75,51.25,-3.75
2025-11-05 05:00:00,9.12,12.87,51.25,-3.75,51.25,-3.75
2025-11-05 06:00:00,8.9,12.64,51.25,-3.75,51.25,-3.75
2025-11-05 07:00:00,8.86,12.55,51.25,-3.75,51.25,-3.75
2025-11-05 08:00:00,9.04,12.86,51.25,-3.75,51.25,-3.75
2025-11-05 09:00:00,9.08,12.91,51.25,-3.75,51.25,-3.75
2025-11-05 10:00:00,7.2,10.59,51.25,-3.75,51.25,-3.75
2025-11-05 11:00:00,7.77,11.14,51.25,-3.75,51.25,-3.75
2025-11-05 12:00:00,8.16,11.52,51.25,-3.75,51.25,-3.75
2025-11-05 13:00:00,7.5,10.83,51.25,-3.75,51.25,-3.75
2025-11-05 14:00:00,7.43,10.58,51.25,-3.75,51.25,-3.75
2025-11-05 15:00:00,7.81,10.96,51.25,-3.75,51.25,-3.75
2025-11-05 16:00:00,7.47,10.66,51.25,-3.75,51.25,-3.75
2025-11-05 17:00:00,6.57,9.6,51.25,-3.75,51.25,-3.75
2025-11-05 18:00:00,6.4,9.37,51.25,-3.75,51.25,-3.75
2025-11-05 19:00:00,6.65,9.68,51.25,-3.75,51.25,-3.75
2025-11-05 20:00:00,6.86,9.79,51.25,-3.75,51.25,-3.75
2025-11-05 21:00:00,6.56,9.28,51.25,-3.75,51.25,-3.75
2025-11-05 22:00:00,6.71,9.36,51.25,-3.75,51.25,-3.75
2025-11-05 23:00:00,7.05,9.89,51.25,-3.75,51.25,-3.75
2025-11-06 00:00:00,6.53,9.4,51.25,-3.75,51.25,-3.75
2025-11-06 01:00:00,5.48,8.37,51.25,-3.75,51.25,-3.75
2025-11-06 02:00:00,4.76,7.44,51.25,-3.75,51.25,-3.75
2025-11-06 03:00:00,4.29,6.59,51.25,-3.75,51.25,-3.75
2025-11-06 04:00:00,3.94,5.86,51.25,-3.75,51.25,-3.75
2025-11-06 05:00:00,3.29,4.75,51.25,-3.75,51.25,-3.75
2025-11-06 06:00:00,3.63,4.83,51.25,-3.75,51.25,-3.75
2025-11-06 07:00:00,4.16,5.87,51.25,-3.75,51.25,-3.75
2025-11-06 08:00:00,4.05,5.8,51.25,-3.75,51.25,-3.75
2025-11-06 09:00:00,3.61,5.28,51.25,-3.75,51.25,-3.75
2025-11-06 10:00:00,2.91,3.78,51.25,-3.75,51.25,-3.75
2025-11-06 11:00:00,2.44,3.44,51.25,-3.75,51.25,-3.75
2025-11-06 12:00:00,2.77,3.69,51.25,-3.75,51.25,-3.75
2025-11-06 13:00:00,2.14,2.65,51.25,-3.75,51.25,-3.75
2025-11-06 14:00:00,1.89,2.37,51.25,-3.75,51.25,-3.75
2025-11-06 15:00:00,1.38,1.98,51.25,-3.75,51.25,-3.75
2025-11-06 16:00:00,1.25,2.0,51.25,-3.75,51.25,-3.75
2025-11-06 17:00:00,2.74,3.61,51.25,-3.75,51.25,-3.75
2025-11-06 18:00:00,2.53,3.75,51.25,-3.75,51.25,-3.75
2025-11-06 19:00:00,2.42,3.6,51.25,-3.75,51.25,-3.75
2025-11-06 20:00:00,2.57,3.73,51.25,-3.75,51.25,-3.75
2025-11-06 21:00:00,3.03,4.57,51.25,-3.75,51.25,-3.75
2025-11-06 22:00:00,2.96,4.7,51.25,-3.75,51.25,-3.75
2025-11-06 23:00:00,3.22,4.96,51.25,-3.75,51.25,-3.75
2025-11-07 00:00:00,3.91,5.84,51.25,-3.75,51.25,-3.75
2025-11-07 01:00:00,4.44,6.63,51.25,-3.75,51.25,-3.75
2025-11-07 02:00:00,5.04,7.01,51.25,-3.75,51.25,-3.75
2025-11-07 03:00:00,4.88,7.09,51.25,-3.75,51.25,-3.75
2025-11-07 04:00:00,5.06,7.48,51.25,-3.75,51.25,-3.75
2025-11-07 05:00:00,5.46,7.98,51.25,-3.75,51.25,-3.75
2025-11-07 06:00:00,5.49,8.23,51.25,-3.75,51.25,-3.75
2025-11-07 07:00:00,5.55,8.32,51.25,-3.75,51.25,-3.75
2025-11-07 08:00:00,5.75,8.55,51.25,-3.75,51.25,-3.75
2025-11-07 09:00:00,6.03,8.8,51.25,-3.75,51.25,-3.75
2025-11-07 10:00:00,6.13,8.7,51.25,-3.75,51.25,-3.75
2025-11-07 11:00:00,6.72,9.17,51.25,-3.75,51.25,-3.75
2025-11-07 12:00:00,6.97,9.55,51.25,-3.75,51.25,-3.75
2025-11-07 13:00:00,6.31,8.62,51.25,-3.75,51.25,-3.75
2025-11-07 14:00:00,6.32,8.63,51.25,-3.75,51.25,-3.75
2025-11-07 15:00:00,7.39,9.98,51.25,-3.75,51.25,-3.75
2025-11-07 16:00:00,7.86,10.51,51.25,-3.75,51.25,-3.75
2025-11-07 17:00:00,6.3,8.14,51.25,-3.75,51.25,-3.75
2025-11-07 18:00:00,4.79,6.32,51.25,-3.75,51.25,-3.75
2025-11-07 19:00:00,5.68,7.47,51.25,-3.75,51.25,-3.75
2025-11-07 20:00:00,6.15,8.02,51.25,-3.75,51.25,-3.75
2025-11-07 21:00:00,6.09,8.19,51.25,-3.75,51.25,-3.75
2025-11-07 22:00:00,5.38,8.12,51.25,-3.75,51.25,-3.75
2025-11-07 23:00:00,5.72,8.22,51.25,-3.75,51.25,-3.75
2025-11-08 00:00:00,5.64,8.25,51.25,-3.75,51.25,-3.75
2025-11-08 01:00:00,5.65,8.09,51.25,-3.75,51.25,-3.75
2025-11-08 02:00:00,5.44,7.69,51.25,-3.75,51.25,-3.75
2025-11-08 03:00:00,5.33,7.35,51.25,-3.75,51.25,-3.75
2025-11-08 04:00:00,5.65,7.42,51.25,-3.75,51.25,-3.75
2025-11-08 05:00:00,6.21,7.94,51.25,-3.75,51.25,-3.75
2025-11-08 06:00:00,6.11,7.91,51.25,-3.75,51.25,-3.75
2025-11-08 07:00:00,5.64,7.42,51.25,-3.75,51.25,-3.75
2025-11-08 08:00:00,4.73,6.25,51.25,-3.75,51.25,-3.75
2025-11-08 09:00:00,4.5,5.74,51.25,-3.75,51.25,-3.75
2025-11-08 10:00:00,4.58,5.63,51.25,-3.75,51.25,-3.75
2025-11-08 11:00:00,5.05,6.2,51.25,-3.75,51.25,-3.75
2025-11-08 12:00:00,5.17,6.47,51.25,-3.75,51.25,-3.75
2025-11-08 13:00:00,5.85,7.37,51.25,-3.75,51.25,-3.75
2025-11-08 14:00:00,5.77,7.45,51.25,-3.75,51.25,-3.75
2025-11-08 15:00:00,5.24,7.17,51.25,-3.75,51.25,-3.75
2025-11-08 16:00:00,5.34,7.47,51.25,-3.75,51.25,-3.75
2025-11-08 17:00:00,4.66,6.7,51.25,-3.75,51.25,-3.75
2025-11-08 18:00:00,4.49,6.52,51.25,-3.75,51.25,-3.75
2025-11-08 19:00:00,4.6,6.68,51.25,-3.75,51.25,-3.75
2025-11-08 20:00:00,4.09,6.08,51.25,-3.75,51.25,-3.75
2025-11-08 21:00:00,4.14,6.2,51.25,-3.75,51.25,-3.75
2025-11-08 22:00:00,5.33,7.78,51.25,-3.75,51.25,-3.75
2025-11-08 23:00:00,5.3,7.95,51.25,-3.75,51.25,-3.75
2025-11-09 00:00:00,5.36,8.13,51.25,-3.75,51.25,-3.75
2025-11-09 01:00:00,5.51,8.37,51.25,-3.75,51.25,-3.75
2025-11-09 02:00:00,5.66,8.46,51.25,-3.75,51.25,-3.75
2025-11-09 03:00:00,5.67,8.52,51.25,-3.75,51.25,-3.75
2025-11-09 04:00:00,5.78,8.59,51.25,-3.75,51.25,-3.75
2025-11-09 05:00:00,5.9,8.68,51.25,-3.75,51.25,-3.75
2025-11-09 06:00:00,5.82,8.75,51.25,-3.75,51.25,-3.75
2025-11-09 07:00:00,5.94,9.0,51.25,-3.75,51.25,-3.75
2025-11-09 08:00:00,6.28,9.26,51.25,-3.75,51.25,-3.75
2025-11-09 09:00:00,6.63,9.8,51.25,-3.75,51.25,-3.75
2025-11-09 10:00:00,5.55,8.32,51.25,-3.75,51.25,-3.75
2025-11-09 11:00:00,6.61,9.04,51.25,-3.75,51.25,-3.75
2025-11-09 12:00:00,6.66,9.3,51.25,-3.75,51.25,-3.75
2025-11-09 13:00:00,6.52,9.25,51.25,-3.75,51.25,-3.75
2025-11-09 14:00:00,7.86,10.64,51.25,-3.75,51.25,-3.75
2025-11-09 15:00:00,8.62,11.91,51.25,-3.75,51.25,-3.75
2025-11-09 16:00:00,8.69,11.88,51.25,-3.75,51.25,-3.75
2025-11-09 17:00:00,8.32,11.6,51.25,-3.75,51.25,-3.75
2025-11-09 18:00:00,7.38,10.71,51.25,-3.75,51.25,-3.75
2025-11-09 19:00:00,6.66,9.72,51.25,-3.75,51.25,-3.75
2025-11-09 20:00:00,5.91,9.0,51.25,-3.75,51.25,-3.75
2025-11-09 21:00:00,6.07,8.43,51.25,-3.75,51.25,-3.75
2025-11-09 22:00:00,5.1,6.87,51.25,-3.75,51.25,-3.75
2025-11-09 23:00:00,3.75,5.65,51.25,-3.75,51.25,-3.75
2025-11-10 00:00:00,3.86,6.32,51.25,-3.75,51.25,-3.75
2025-11-10 01:00:00,4.3,7.03,51.25,-3.75,51.25,-3.75
2025-11-10 02:00:00,4.98,7.7,51.25,-3.75,51.25,-3.75
2025-11-10 03:00:00,5.68,8.22,51.25,-3.75,51.25,-3.75
2025-11-10 04:00:00,5.18,7.61,51.25,-3.75,51.25,-3.75
2025-11-10 05:00:00,4.55,6.73,51.25,-3.75,51.25,-3.75
2025-11-10 06:00:00,3.86,5.61,51.25,-3.75,51.25,-3.75
2025-11-10 07:00:00,3.23,4.62,51.25,-3.75,51.25,-3.75
2025-11-10 08:00:00,3.77,5.46,51.25,-3.75,51.25,-3.75
2025-11-10 09:00:00,2.87,3.8,51.25,-3.75,51.25,-3.75
2025-11-10 10:00:00,2.33,2.95,51.25,-3.75,51.25,-3.75
2025-11-10 11:00:00,4.29,5.06,51.25,-3.75,51.25,-3.75
2025-11-10 12:00:00,4.5,5.95,51.25,-3.75,51.25,-3.75
2025-11-10 13:00:00,7.09,9.35,51.25,-3.75,51.25,-3.75
2025-11-10 14:00:00,8.37,10.55,51.25,-3.75,51.25,-3.75
2025-11-10 15:00:00,8.85,10.81,51.25,-3.75,51.25,-3.75
2025-11-10 16:00:00,8.61,10.72,51.25,-3.75,51.25,-3.75
2025-11-10 17:00:00,8.21,10.18,51.25,-3.75,51.25,-3.75
2025-11-10 18:00:00,7.67,9.47,51.25,-3.75,51.25,-3.75
2025-11-10 19:00:00,7.45,9.18,51.25,-3.75,51.25,-3.75
2025-11-10 20:00:00,7.54,9.35,51.25,-3.75,51.25,-3.75
2025-11-10 21:00:00,7.36,9.19,51.25,-3.75,51.25,-3.75
2025-11-10 22:00:00,6.07,8.06,51.25,-3.75,51.25,-3.75
2025-11-10 23:00:00,5.51,7.32,51.25,-3.75,51.25,-3.75
2025-11-11 00:00:00,5.62,7.83,51.25,-3.75,51.25,-3.75
2025-11-11 01:00:00,5.81,8.31,51.25,-3.75,51.25,-3.75
2025-11-11 02:00:00,5.75,8.25,51.25,-3.75,51.25,-3.75
2025-11-11 03:00:00,6.19,8.86,51.25,-3.75,51.25,-3.75
2025-11-11 04:00:00,7.31,10.62,51.25,-3.75,51.25,-3.75
2025-11-11 05:00:00,7.97,11.92,51.25,-3.75,51.25,-3.75
2025-11-11 06:00:00,8.45,12.7,51.25,-3.75,51.25,-3.75
2025-11-11 07:00:00,8.71,13.15,51.25,-3.75,51.25,-3.75
2025-11-11 08:00:00,8.74,13.35,51.25,-3.75,51.25,-3.75
2025-11-11 09:00:00,9.85,13.72,51.25,-3.75,51.25,-3.75
2025-11-11 10:00:00,9.99,13.42,51.25,-3.75,51.25,-3.75
2025-11-11 11:00:00,10.31,14.14,51.25,-3.75,51.25,-3.75
2025-11-11 12:00:00,10.35,13.96,51.25,-3.75,51.25,-3.75
2025-11-11 13:00:00,10.74,14.76,51.25,-3.75,51.25,-3.75
2025-11-11 14:00:00,11.33,15.56,51.25,-3.75,51.25,-3.75
2025-11-11 15:00:00,11.57,16.05,51.25,-3.75,51.25,-3.75
2025-11-11 16:00:00,11.96,16.55,51.25,-3.75,51.25,-3.75
2025-11-11 17:00:00,11.77,16.5,51.25,-3.75,51.25,-3.75
2025-11-11 18:00:00,11.8,16.17,51.25,-3.75,51.25,-3.75
2025-11-11 19:00:00,12.65,17.02,51.25,-3.75,51.25,-3.75
2025-11-11 20:00:00,11.41,15.19,51.25,-3.75,51.25,-3.75
2025-11-11 21:00:00,9.76,12.92,51.25,-3.75,51.25,-3.75
2025-11-11 22:00:00,7.96,11.09,51.25,-3.75,51.25,-3.75
2025-11-11 23:00:00,7.42,10.46,51.25,-3.75,51.25,-3.75
2025-11-12 00:00:00,7.79,10.61,51.25,-3.75,51.25,-3.75
2025-11-12 01:00:00,7.72,10.63,51.25,-3.75,51.25,-3.75
2025-11-12 02:00:00,6.49,9.17,51.25,-3.75,51.25,-3.75
2025-11-12 03:00:00,5.04,7.43,51.25,-3.75,51.25,-3.75
2025-11-12 04:00:00,5.11,7.47,51.25,-3.75,51.25,-3.75
2025-11-12 05:00:00,5.22,7.5,51.25,-3.75,51.25,-3.75
2025-11-12 06:00:00,4.96,7.26,51.25,-3.75,51.25,-3.75
2025-11-12 07:00:00,5.7,8.32,51.25,-3.75,51.25,-3.75
2025-11-12 08:00:00,7.5,10.72,51.25,-3.75,51.25,-3.75
2025-11-12 09:00:00,8.76,12.27,51.25,-3.75,51.25,-3.75
2025-11-12 10:00:00,6.75,9.71,51.25,-3.75,51.25,-3.75
2025-11-12 11:00:00,6.06,8.73,51.25,-3.75,51.25,-3.75
2025-11-12 12:00:00,6.58,9.45,51.25,-3.75,51.25,-3.75
2025-11-12 13:00:00,6.65,9.36,51.25,-3.75,51.25,-3.75
2025-11-12 14:00:00,5.27,7.75,51.25,-3.75,51.25,-3.75
2025-11-12 15:00:00,6.0,8.5,51.25,-3.75,51.25,-3.75
2025-11-12 16:00:00,6.82,9.57,51.25,-3.75,51.25,-3.75
2025-11-12 17:00:00,7.29,10.11,51.25,-3.75,51.25,-3.75
2025-11-12 18:00:00,7.67,10.74,51.25,-3.75,51.25,-3.75
2025-11-12 19:00:00,7.59,10.69,51.25,-3.75,51.25,-3.75
2025-11-12 20:00:00,8.17,11.52,51.25,-3.75,51.25,-3.75
2025-11-12 21:00:00,8.33,11.68,51.25,-3.75,51.25,-3.75
2025-11-12 22:00:00,7.09,10.36,51.25,-3.75,51.25,-3.75
2025-11-12 23:00:00,7.97,11.36,51.25,-3.75,51.25,-3.75
2025-11-13 00:00:00,8.36,11.93,51.25,-3.75,51.25,-3.75
2025-11-13 01:00:00,8.3,11.68,51.25,-3.75,51.25,-3.75
2025-11-13 02:00:00,7.42,10.66,51.25,-3.75,51.25,-3.75
2025-11-13 03:00:00,6.85,9.87,51.25,-3.75,51.25,-3.75
2025-11-13 04:00:00,6.41,9.24,51.25,-3.75,51.25,-3.75
2025-11-13 05:00:00,5.9,8.6,51.25,-3.75,51.25,-3.75
2025-11-13 06:00:00,5.51,8.3,51.25,-3.75,51.25,-3.75
2025-11-13 07:00:00,5.08,7.78,51.25,-3.75,51.25,-3.75
2025-11-13 08:00:00,4.35,6.98,51.25,-3.75,51.25,-3.75
2025-11-13 09:00:00,4.25,6.68,51.25,-3.75,51.25,-3.75
2025-11-13 10:00:00,4.11,5.62,51.25,-3.75,51.25,-3.75
2025-11-13 11:00:00,4.48,6.1,51.25,-3.75,51.25,-3.75
2025-11-13 12:00:00,3.7,5.22,51.25,-3.75,51.25,-3.75
2025-11-13 13:00:00,2.97,3.98,51.25,-3.75,51.25,-3.75
2025-11-13 14:00:00,3.96,5.36,51.25,-3.75,51.25,-3.75
2025-11-13 15:00:00,3.44,4.92,51.25,-3.75,51.25,-3.75
2025-11-13 16:00:00,3.97,5.33,51.25,-3.75,51.25,-3.75
2025-11-13 17:00:00,5.05,7.16,51.25,-3.75,51.25,-3.75
2025-11-13 18:00:00,5.47,8.0,51.25,-3.75,51.25,-3.75
2025-11-13 19:00:00,6.22,8.93,51.25,-3.75,51.25,-3.75
2025-11-13 20:00:00,6.45,9.2,51.25,-3.75,51.25,-3.75
2025-11-13 21:00:00,6.95,9.86,51.25,-3.75,51.25,-3.75
2025-11-13 22:00:00,8.56,11.87,51.25,-3.75,51.25,-3.75
2025-11-13 23:00:00,8.83,12.41,51.25,-3.75,51.25,-3.75
2025-11-14 00:00:00,8.81,12.52,51.25,-3.75,51.25,-3.75
2025-11-14 01:00:00,8.44,11.99,51.25,-3.75,51.25,-3.75
2025-11-14 02:00:00,8.65,12.11,51.25,-3.75,51.25,-3.75
2025-11-14 03:00:00,8.54,12.11,51.25,-3.75,51.25,-3.75
2025-11-14 04:00:00,8.44,11.99,51.25,-3.75,51.25,-3.75
2025-11-14 05:00:00,8.31,11.64,51.25,-3.75,51.25,-3.75
2025-11-14 06:00:00,8.06,11.36,51.25,-3.75,51.25,-3.75
2025-11-14 07:00:00,7.92,11.23,51.25,-3.75,51.25,-3.75
2025-11-14 08:00:00,8.76,12.59,51.25,-3.75,51.25,-3.75
2025-11-14 09:00:00,9.33,13.65,51.25,-3.75,51.25,-3.75
2025-11-14 10:00:00,10.08,13.8,51.25,-3.75,51.25,-3.75
2025-11-14 11:00:00,10.24,14.29,51.25,-3.75,51.25,-3.75
2025-11-14 12:00:00,10.32,14.51,51.25,-3.75,51.25,-3.75
2025-11-14 13:00:00,10.03,14.09,51.25,-3.75,51.25,-3.75
2025-11-14 14:00:00,9.53,14.11,51.25,-3.75,51.25,-3.75
2025-11-14 15:00:00,9.12,13.33,51.25,-3.75,51.25,-3.75
2025-11-14 16:00:00,8.64,12.37,51.25,-3.75,51.25,-3.75
2025-11-14 17:00:00,7.89,11.18,51.25,-3.75,51.25,-3.75
2025-11-14 18:00:00,6.87,9.43,51.25,-3.75,51.25,-3.75
2025-11-14 19:00:00,5.5,7.03,51.25,-3.75,51.25,-3.75
2025-11-14 20:00:00,4.13,4.88,51.25,-3.75,51.25,-3.75
2025-11-14 21:00:00,3.43,4.84,51.25,-3.75,51.25,-3.75
2025-11-14 22:00:00,3.22,4.54,51.25,-3.75,51.25,-3.75
2025-11-14 23:00:00,3.24,4.91,51.25,-3.75,51.25,-3.75
2025-11-15 00:00:00,3.31,5.12,51.25,-3.75,51.25,-3.75
2025-11-15 01:00:00,3.25,5.21,51.25,-3.75,51.25,-3.75
2025-11-15 02:00:00,2.49,4.35,51.25,-3.75,51.25,-3.75
2025-11-15 03:00:00,2.24,3.37,51.25,-3.75,51.25,-3.75
2025-11-15 04:00:00,3.03,3.89,51.25,-3.75,51.25,-3.75
2025-11-15 05:00:00,3.01,4.06,51.25,-3.75,51.25,-3.75
2025-11-15 06:00:00,3.51,4.67,51.25,-3.75,51.25,-3.75
2025-11-15 07:00:00,4.05,5.54,51.25,-3.75,51.25,-3.75
2025-11-15 08:00:00,4.62,6.6,51.25,-3.75,51.25,-3.75
2025-11-15 09:00:00,5.34,7.52,51.25,-3.75,51.25,-3.75
2025-11-15 10:00:00,6.45,8.65,51.25,-3.75,51.25,-3.75
2025-11-15 11:00:00,7.04,9.28,51.25,-3.75,51.25,-3.75
2025-11-15 12:00:00,7.24,9.17,51.25,-3.75,51.25,-3.75
2025-11-15 13:00:00,6.73,8.73,51.25,-3.75,51.25,-3.75
2025-11-15 14:00:00,6.48,8.6,51.25,-3.75,51.25,-3.75
2025-11-15 15:00:00,6.43,8.81,51.25,-3.75,51.25,-3.75
2025-11-15 16:00:00,6.55,9.11,51.25,-3.75,51.25,-3.75
2025-11-15 17:00:00,7.27,9.62,51.25,-3.75,51.25,-3.75
2025-11-15 18:00:00,7.8,10.25,51.25,-3.75,51.25,-3.75
2025-11-15 19:00:00,7.88,10.18,51.25,-3.75,51.25,-3.75
2025-11-15 20:00:00,7.52,9.89,51.25,-3.75,51.25,-3.75
2025-11-15 21:00:00,6.92,9.55,51.25,-3.75,51.25,-3.75
2025-11-15 22:00:00,6.29,8.72,51.25,-3.75,51.25,-3.75
2025-11-15 23:00:00,6.56,8.87,51.25,-3.75,51.25,-3.75
2025-11-16 00:00:00,6.83,9.36,51.25,-3.75,51.25,-3.75
2025-11-16 01:00:00,7.27,9.4,51.25,-3.75,51.25,-3.75
2025-11-16 02:00:00,7.8,10.0,51.25,-3.75,51.25,-3.75
2025-11-16 03:00:00,7.72,9.9,51.25,-3.75,51.25,-3.75
2025-11-16 04:00:00,7.77,9.96,51.25,-3.75,51.25,-3.75
2025-11-16 05:00:00,7.66,9.86,51.25,-3.75,51.25,-3.75
2025-11-16 06:00:00,7.75,9.89,51.25,-3.75,51.25,-3.75
2025-11-16 07:00:00,7.86,9.93,51.25,-3.75,51.25,-3.75
2025-11-16 08:00:00,7.79,9.69,51.25,-3.75,51.25,-3.75
2025-11-16 09:00:00,7.27,9.14,51.25,-3.75,51.25,-3.75
2025-11-16 10:00:00,7.39,8.88,51.25,-3.75,51.25,-3.75
2025-11-16 11:00:00,7.31,8.69,51.25,-3.75,51.25,-3.75
2025-11-16 12:00:00,7.02,8.29,51.25,-3.75,51.25,-3.75
2025-11-16 13:00:00,6.95,8.21,51.25,-3.75,51.25,-3.75
2025-11-16 14:00:00,6.77,7.87,51.25,-3.75,51.25,-3.75
2025-11-16 15:00:00,6.47,7.46,51.25,-3.75,51.25,-3.75
2025-11-16 16:00:00,6.33,7.35,51.25,-3.75,51.25,-3.75
2025-11-16 17:00:00,6.34,7.4,51.25,-3.75,51.25,-3.75
2025-11-16 18:00:00,6.26,7.39,51.25,-3.75,51.25,-3.75
2025-11-16 19:00:00,6.14,7.23,51.25,-3.75,51.25,-3.75
2025-11-16 20:00:00,6.12,7.18,51.25,-3.75,51.25,-3.75
2025-11-16 21:00:00,6.32,7.34,51.25,-3.75,51.25,-3.75
2025-11-16 22:00:00,6.04,7.13,51.25,-3.75,51.25,-3.75
2025-11-16 23:00:00,5.45,6.47,51.25,-3.75,51.25,-3.75
2025-11-17 00:00:00,5.1,6.11,51.25,-3.75,51.25,-3.75
2025-11-17 01:00:00,5.21,6.13,51.25,-3.75,51.25,-3.75
2025-11-17 02:00:00,5.32,6.26,51.25,-3.75,51.25,-3.75
2025-11-17 03:00:00,5.52,6.5,51.25,-3.75,51.25,-3.75
2025-11-17 04:00:00,6.12,7.17,51.25,-3.75,51.25,-3.75
2025-11-17 05:00:00,6.28,7.5,51.25,-3.75,51.25,-3.75
2025-11-17 06:00:00,6.02,7.34,51.25,-3.75,51.25,-3.75
2025-11-17 07:00:00,6.04,7.28,51.25,-3.75,51.25,-3.75
2025-11-17 08:00:00,6.41,7.68,51.25,-3.75,51.25,-3.75
2025-11-17 09:00:00,6.54,7.64,51.25,-3.75,51.25,-3.75
2025-11-17 10:00:00,5.82,6.77,51.25,-3.75,51.25,-3.75
2025-11-17 11:00:00,5.32,6.08,51.25,-3.75,51.25,-3.75
2025-11-17 12:00:00,4.51,5.11,51.25,-3.75,51.25,-3.75
2025-11-17 13:00:00,3.67,4.16,51.25,-3.75,51.25,-3.75
2025-11-17 14:00:00,3.49,3.87,51.25,-3.75,51.25,-3.75
2025-11-17 15:00:00,3.18,3.53,51.25,-3.75,51.25,-3.75
2025-11-17 16:00:00,2.5,3.01,51.25,-3.75,51.25,-3.75
2025-11-17 17:00:00,2.34,2.63,51.25,-3.75,51.25,-3.75
2025-11-17 18:00:00,2.1,2.26,51.25,-3.75,51.25,-3.75
2025-11-17 19:00:00,2.31,2.2,51.25,-3.75,51.25,-3.75
2025-11-17 20:00:00,2.3,2.2,51.25,-3.75,51.25,-3.75
2025-11-17 21:00:00,1.86,1.82,51.25,-3.75,51.25,-3.75
2025-11-17 22:00:00,1.43,1.58,51.25,-3.75,51.25,-3.75
2025-11-17 23:00:00,1.5,1.81,51.25,-3.75,51.25,-3.75
2025-11-18 00:00:00,2.62,2.97,51.25,-3.75,51.25,-3.75
2025-11-18 01:00:00,3.7,4.31,51.25,-3.75,51.25,-3.75
2025-11-18 02:00:00,4.05,4.8,51.25,-3.75,51.25,-3.75
2025-11-18 03:00:00,4.4,5.25,51.25,-3.75,51.25,-3.75
2025-11-18 04:00:00,5.12,6.03,51.25,-3.75,51.25,-3.75
2025-11-18 05:00:00,5.58,6.59,51.25,-3.75,51.25,-3.75
2025-11-18 06:00:00,6.45,7.61,51.25,-3.75,51.25,-3.75
2025-11-18 07:00:00,6.55,7.7,51.25,-3.75,51.25,-3.75
2025-11-18 08:00:00,6.36,7.47,51.25,-3.75,51.25,-3.75
2025-11-18 09:00:00,6.48,7.6,51.25,-3.75,51.25,-3.75
2025-11-18 10:00:00,5.9,6.82,51.25,-3.75,51.25,-3.75
2025-11-18 11:00:00,6.63,7.69,51.25,-3.75,51.25,-3.75
2025-11-18 12:00:00,7.35,8.55,51.25,-3.75,51.25,-3.75
2025-11-18 13:00:00,8.4,9.96,51.25,-3.75,51.25,-3.75
2025-11-18 14:00:00,9.27,11.06,51.25,-3.75,51.25,-3.75
2025-11-18 15:00:00,9.17,11.03,51.25,-3.75,51.25,-3.75
2025-11-18 16:00:00,8.77,10.51,51.25,-3.75,51.25,-3.75
2025-11-18 17:00:00,8.76,10.54,51.25,-3.75,51.25,-3.75
2025-11-18 18:00:00,8.78,10.53,51.25,-3.75,51.25,-3.75
2025-11-18 19:00:00,9.44,11.25,51.25,-3.75,51.25,-3.75
2025-11-18 20:00:00,9.99,11.87,51.25,-3.75,51.25,-3.75
2025-11-18 21:00:00,10.2,12.21,51.25,-3.75,51.25,-3.75
2025-11-18 22:00:00,10.47,12.79,51.25,-3.75,51.25,-3.75
2025-11-18 23:00:00,10.8,13.22,51.25,-3.75,51.25,-3.75
2025-11-19 00:00:00,10.96,13.53,51.25,-3.75,51.25,-3.75
2025-11-19 01:00:00,11.0,13.55,51.25,-3.75,51.25,-3.75
2025-11-19 02:00:00,11.67,14.43,51.25,-3.75,51.25,-3.75
2025-11-19 03:00:00,11.79,14.54,51.25,-3.75,51.25,-3.75
2025-11-19 04:00:00,11.77,14.41,51.25,-3.75,51.25,-3.75
2025-11-19 05:00:00,11.9,14.5,51.25,-3.75,51.25,-3.75
2025-11-19 06:00:00,11.7,14.2,51.25,-3.75,51.25,-3.75
2025-11-19 07:00:00,11.32,13.8,51.25,-3.75,51.25,-3.75
2025-11-19 08:00:00,11.03,13.45,51.25,-3.75,51.25,-3.75
2025-11-19 09:00:00,10.22,12.44,51.25,-3.75,51.25,-3.75
2025-11-19 10:00:00,8.43,9.86,51.25,-3.75,51.25,-3.75
2025-11-19 11:00:00,8.82,10.25,51.25,-3.75,51.25,-3.75
2025-11-19 12:00:00,9.0,10.43,51.25,-3.75,51.25,-3.75
2025-11-19 13:00:00,9.33,10.86,51.25,-3.75,51.25,-3.75
2025-11-19 14:00:00,9.86,11.56,51.25,-3.75,51.25,-3.75
2025-11-19 15:00:00,9.73,11.59,51.25,-3.75,51.25,-3.75
2025-11-19 16:00:00,9.22,11.07,51.25,-3.75,51.25,-3.75
2025-11-19 17:00:00,8.97,10.7,51.25,-3.75,51.25,-3.75
2025-11-19 18:00:00,8.86,10.51,51.25,-3.75,51.25,-3.75
2025-11-19 19:00:00,8.9,10.56,51.25,-3.75,51.25,-3.75
2025-11-19 20:00:00,8.63,10.25,51.25,-3.75,51.25,-3.75
2025-11-19 21:00:00,8.19,9.76,51.25,-3.75,51.25,-3.75
2025-11-19 22:00:00,7.19,8.52,51.25,-3.75,51.25,-3.75
2025-11-19 23:00:00,7.5,8.79,51.25,-3.75,51.25,-3.75
2025-11-20 00:00:00,7.33,8.6,51.25,-3.75,51.25,-3.75
2025-11-20 01:00:00,7.09,8.34,51.25,-3.75,51.25,-3.75
2025-11-20 02:00:00,6.87,8.13,51.25,-3.75,51.25,-3.75
2025-11-20 03:00:00,7.09,8.32,51.25,-3.75,51.25,-3.75
2025-11-20 04:00:00,7.65,8.99,51.25,-3.75,51.25,-3.75
2025-11-20 05:00:00,8.07,9.48,51.25,-3.75,51.25,-3.75
2025-11-20 06:00:00,7.64,8.92,51.25,-3.75,51.25,-3.75
2025-11-20 07:00:00,6.85,8.1,51.25,-3.75,51.25,-3.75
2025-11-20 08:00:00,6.39,7.65,51.25,-3.75,51.25,-3.75
2025-11-20 09:00:00,6.31,7.31,51.25,-3.75,51.25,-3.75
2025-11-20 10:00:00,5.47,5.98,51.25,-3.75,51.25,-3.75
2025-11-20 11:00:00,5.74,6.35,51.25,-3.75,51.25,-3.75
2025-11-20 12:00:00,6.86,7.6,51.25,-3.75,51.25,-3.75
2025-11-20 13:00:00,7.3,8.18,51.25,-3.75,51.25,-3.75
2025-11-20 14:00:00,7.39,8.39,51.25,-3.75,51.25,-3.75
2025-11-20 15:00:00,7.36,8.57,51.25,-3.75,51.25,-3.75
2025-11-20 16:00:00,7.17,8.67,51.25,-3.75,51.25,-3.75
2025-11-20 17:00:00,7.17,8.83,51.25,-3.75,51.25,-3.75
2025-11-20 18:00:00,7.05,8.72,51.25,-3.75,51.25,-3.75
2025-11-20 19:00:00,6.7,8.3,51.25,-3.75,51.25,-3.75
2025-11-20 20:00:00,6.5,7.99,51.25,-3.75,51.25,-3.75
2025-11-20 21:00:00,6.44,7.87,51.25,-3.75,51.25,-3.75
2025-11-20 22:00:00,5.67,6.91,51.25,-3.75,51.25,-3.75
2025-11-20 23:00:00,5.51,6.77,51.25,-3.75,51.25,-3.75
2025-11-21 00:00:00,5.14,6.38,51.25,-3.75,51.25,-3.75
2025-11-21 01:00:00,4.83,5.95,51.25,-3.75,51.25,-3.75
2025-11-21 02:00:00,4.57,5.64,51.25,-3.75,51.25,-3.75
2025-11-21 03:00:00,4.3,5.25,51.25,-3.75,51.25,-3.75
2025-11-21 04:00:00,4.02,4.92,51.25,-3.75,51.25,-3.75
2025-11-21 05:00:00,3.88,4.68,51.25,-3.75,51.25,-3.75
2025-11-21 06:00:00,3.72,4.42,51.25,-3.75,51.25,-3.75
2025-11-21 07:00:00,3.46,3.91,51.25,-3.75,51.25,-3.75
2025-11-21 08:00:00,3.16,3.51,51.25,-3.75,51.25,-3.75
2025-11-21 09:00:00,2.49,2.83,51.25,-3.75,51.25,-3.75
2025-11-21 10:00:00,1.17,1.45,51.25,-3.75,51.25,-3.75
2025-11-21 11:00:00,0.46,0.53,51.25,-3.75,51.25,-3.75
2025-11-21 12:00:00,0.38,0.38,51.25,-3.75,51.25,-3.75
2025-11-21 13:00:00,1.23,1.3,51.25,-3.75,51.25,-3.75
2025-11-21 14:00:00,2.16,2.37,51.25,-3.75,51.25,-3.75
2025-11-21 15:00:00,3.08,3.61,51.25,-3.75,51.25,-3.75
2025-11-21 16:00:00,3.85,4.63,51.25,-3.75,51.25,-3.75
2025-11-21 17:00:00,4.64,5.77,51.25,-3.75,51.25,-3.75
2025-11-21 18:00:00,5.41,6.79,51.25,-3.75,51.25,-3.75
2025-11-21 19:00:00,5.95,7.47,51.25,-3.75,51.25,-3.75
2025-11-21 20:00:00,6.51,8.12,51.25,-3.75,51.25,-3.75
2025-11-21 21:00:00,7.09,8.85,51.25,-3.75,51.25,-3.75
2025-11-21 22:00:00,7.84,9.94,51.25,-3.75,51.25,-3.75
2025-11-21 23:00:00,7.96,10.08,51.25,-3.75,51.25,-3.75
2025-11-22 00:00:00,7.93,10.13,51.25,-3.75,51.25,-3.75
2025-11-22 01:00:00,8.17,10.36,51.25,-3.75,51.25,-3.75
2025-11-22 02:00:00,8.48,10.71,51.25,-3.75,51.25,-3.75
2025-11-22 03:00:00,9.08,11.43,51.25,-3.75,51.25,-3.75
2025-11-22 04:00:00,9.35,11.86,51.25,-3.75,51.25,-3.75
2025-11-22 05:00:00,8.97,11.45,51.25,-3.75,51.25,-3.75
2025-11-22 06:00:00,9.35,12.13,51.25,-3.75,51.25,-3.75
2025-11-22 07:00:00,9.79,12.71,51.25,-3.75,51.25,-3.75
2025-11-22 08:00:00,9.94,13.06,51.25,-3.75,51.25,-3.75
2025-11-22 09:00:00,10.56,13.95,51.25,-3.75,51.25,-3.75
2025-11-22 10:00:00,8.95,11.49,51.25,-3.75,51.25,-3.75
2025-11-22 11:00:00,8.98,11.5,51.25,-3.75,51.25,-3.75
2025-11-22 12:00:00,9.17,11.67,51.25,-3.75,51.25,-3.75
2025-11-22 13:00:00,7.68,9.69,51.25,-3.75,51.25,-3.75
2025-11-22 14:00:00,4.75,5.91,51.25,-3.75,51.25,-3.75
2025-11-22 15:00:00,6.34,7.7,51.25,-3.75,51.25,-3.75
2025-11-22 16:00:00,7.57,9.06,51.25,-3.75,51.25,-3.75
2025-11-22 17:00:00,6.72,8.13,51.25,-3.75,51.25,-3.75
2025-11-22 18:00:00,6.06,7.43,51.25,-3.75,51.25,-3.75
2025-11-22 19:00:00,5.52,6.69,51.25,-3.75,51.25,-3.75
2025-11-22 20:00:00,5.28,6.51,51.25,-3.75,51.25,-3.75
2025-11-22 21:00:00,4.83,6.05,51.25,-3.75,51.25,-3.75
2025-11-22 22:00:00,5.22,7.13,51.25,-3.75,51.25,-3.75
2025-11-22 23:00:00,5.69,7.86,51.25,-3.75,51.25,-3.75
2025-11-23 00:00:00,6.36,8.64,51.25,-3.75,51.25,-3.75
2025-11-23 01:00:00,7.22,9.62,51.25,-3.75,51.25,-3.75
2025-11-23 02:00:00,8.13,10.89,51.25,-3.75,51.25,-3.75
2025-11-23 03:00:00,9.77,13.08,51.25,-3.75,51.25,-3.75
2025-11-23 04:00:00,10.62,14.05,51.25,-3.75,51.25,-3.75
2025-11-23 05:00:00,11.57,16.57,51.25,-3.75,51.25,-3.75
2025-11-23 06:00:00,12.66,16.46,51.25,-3.75,51.25,-3.75
2025-11-23 07:00:00,12.0,15.14,51.25,-3.75,51.25,-3.75
2025-11-23 08:00:00,12.01,14.96,51.25,-3.75,51.25,-3.75
2025-11-23 09:00:00,11.68,14.34,51.25,-3.75,51.25,-3.75
2025-11-23 10:00:00,10.28,12.6,51.25,-3.75,51.25,-3.75
2025-11-23 11:00:00,10.43,12.69,51.25,-3.75,51.25,-3.75
2025-11-23 12:00:00,10.54,12.85,51.25,-3.75,51.25,-3.75
2025-11-23 13:00:00,10.9,13.22,51.25,-3.75,51.25,-3.75
2025-11-23 14:00:00,11.11,13.52,51.25,-3.75,51.25,-3.75
2025-11-23 15:00:00,11.7,14.31,51.25,-3.75,51.25,-3.75
2025-11-23 16:00:00,11.5,14.11,51.25,-3.75,51.25,-3.75
2025-11-23 17:00:00,11.3,13.95,51.25,-3.75,51.25,-3.75
2025-11-23 18:00:00,10.9,13.5,51.25,-3.75,51.25,-3.75
2025-11-23 19:00:00,11.26,13.97,51.25,-3.75,51.25,-3.75
2025-11-23 20:00:00,11.32,14.08,51.25,-3.75,51.25,-3.75
2025-11-23 21:00:00,11.53,14.38,51.25,-3.75,51.25,-3.75
2025-11-23 22:00:00,10.81,13.47,51.25,-3.75,51.25,-3.75
2025-11-23 23:00:00,10.93,13.69,51.25,-3.75,51.25,-3.75
2025-11-24 00:00:00,11.67,14.63,51.25,-3.75,51.25,-3.75
2025-11-24 01:00:00,12.2,15.34,51.25,-3.75,51.25,-3.75
2025-11-24 02:00:00,14.16,17.73,51.25,-3.75,51.25,-3.75
2025-11-24 03:00:00,14.63,18.17,51.25,-3.75,51.25,-3.75
2025-11-24 04:00:00,13.7,16.86,51.25,-3.75,51.25,-3.75
2025-11-24 05:00:00,12.52,15.3,51.25,-3.75,51.25,-3.75
2025-11-24 06:00:00,10.75,13.0,51.25,-3.75,51.25,-3.75
2025-11-24 07:00:00,9.75,11.7,51.25,-3.75,51.25,-3.75
2025-11-24 08:00:00,9.57,11.43,51.25,-3.75,51.25,-3.75
2025-11-24 09:00:00,9.2,11.13,51.25,-3.75,51.25,-3.75
2025-11-24 10:00:00,9.06,11.05,51.25,-3.75,51.25,-3.75
2025-11-24 11:00:00,9.16,11.21,51.25,-3.75,51.25,-3.75
2025-11-24 12:00:00,9.09,11.13,51.25,-3.75,51.25,-3.75
2025-11-24 13:00:00,8.84,10.77,51.25,-3.75,51.25,-3.75
2025-11-24 14:00:00,8.58,10.59,51.25,-3.75,51.25,-3.75
2025-11-24 15:00:00,8.85,11.05,51.25,-3.75,51.25,-3.75
2025-11-24 16:00:00,8.92,11.33,51.25,-3.75,51.25,-3.75
2025-11-24 17:00:00,8.59,10.99,51.25,-3.75,51.25,-3.75
2025-11-24 18:00:00,8.03,10.3,51.25,-3.75,51.25,-3.75
2025-11-24 19:00:00,7.36,9.46,51.25,-3.75,51.25,-3.75
2025-11-24 20:00:00,7.16,9.14,51.25,-3.75,51.25,-3.75
2025-11-24 21:00:00,7.31,9.14,51.25,-3.75,51.25,-3.75
2025-11-24 22:00:00,7.42,9.29,51.25,-3.75,51.25,-3.75
2025-11-24 23:00:00,7.55,9.44,51.25,-3.75,51.25,-3.75
2025-11-25 00:00:00,7.8,9.77,51.25,-3.75,51.25,-3.75
2025-11-25 01:00:00,7.75,9.7,51.25,-3.75,51.25,-3.75
2025-11-25 02:00:00,7.49,9.29,51.25,-3.75,51.25,-3.75
2025-11-25 03:00:00,7.27,9.02,51.25,-3.75,51.25,-3.75
2025-11-25 04:00:00,7.25,8.89,51.25,-3.75,51.25,-3.75
2025-11-25 05:00:00,7.27,8.9,51.25,-3.75,51.25,-3.75
2025-11-25 06:00:00,7.23,8.78,51.25,-3.75,51.25,-3.75
2025-11-25 07:00:00,7.18,8.74,51.25,-3.75,51.25,-3.75
2025-11-25 08:00:00,7.07,8.53,51.25,-3.75,51.25,-3.75
2025-11-25 09:00:00,6.97,8.34,51.25,-3.75,51.25,-3.75
2025-11-25 10:00:00,6.1,7.25,51.25,-3.75,51.25,-3.75
2025-11-25 11:00:00,6.13,7.17,51.25,-3.75,51.25,-3.75
2025-11-25 12:00:00,6.09,7.08,51.25,-3.75,51.25,-3.75
2025-11-25 13:00:00,5.9,6.81,51.25,-3.75,51.25,-3.75
2025-11-25 14:00:00,5.77,6.68,51.25,-3.75,51.25,-3.75
2025-11-25 15:00:00,5.49,6.51,51.25,-3.75,51.25,-3.75
2025-11-25 16:00:00,5.19,6.31,51.25,-3.75,51.25,-3.75
2025-11-25 17:00:00,5.4,6.75,51.25,-3.75,51.25,-3.75
2025-11-25 18:00:00,5.46,6.86,51.25,-3.75,51.25,-3.75
2025-11-25 19:00:00,4.79,6.14,51.25,-3.75,51.25,-3.75
2025-11-25 20:00:00,3.88,4.86,51.25,-3.75,51.25,-3.75
2025-11-25 21:00:00,2.91,3.47,51.25,-3.75,51.25,-3.75
2025-11-25 22:00:00,1.6,1.87,51.25,-3.75,51.25,-3.75
2025-11-25 23:00:00,1.03,1.14,51.25,-3.75,51.25,-3.75
2025-11-26 00:00:00,0.64,0.67,51.25,-3.75,51.25,-3.75
2025-11-26 01:00:00,1.18,1.14,51.25,-3.75,51.25,-3.75
2025-11-26 02:00:00,1.09,1.09,51.25,-3.75,51.25,-3.75
2025-11-26 03:00:00,1.36,1.49,51.25,-3.75,51.25,-3.75
2025-11-26 04:00:00,2.17,2.37,51.25,-3.75,51.25,-3.75
2025-11-26 05:00:00,2.63,3.06,51.25,-3.75,51.25,-3.75
2025-11-26 06:00:00,3.38,3.93,51.25,-3.75,51.25,-3.75
2025-11-26 07:00:00,4.13,4.86,51.25,-3.75,51.25,-3.75
2025-11-26 08:00:00,4.46,5.69,51.25,-3.75,51.25,-3.75
2025-11-26 09:00:00,4.96,6.49,51.25,-3.75,51.25,-3.75
2025-11-26 10:00:00,5.55,7.39,51.25,-3.75,51.25,-3.75
2025-11-26 11:00:00,5.57,7.35,51.25,-3.75,51.25,-3.75
2025-11-26 12:00:00,5.88,7.64,51.25,-3.75,51.25,-3.75
2025-11-26 13:00:00,6.4,8.34,51.25,-3.75,51.25,-3.75
2025-11-26 14:00:00,7.0,9.26,51.25,-3.75,51.25,-3.75
2025-11-26 15:00:00,7.73,10.36,51.25,-3.75,51.25,-3.75
2025-11-26 16:00:00,8.06,11.47,51.25,-3.75,51.25,-3.75
2025-11-26 17:00:00,8.08,12.27,51.25,-3.75,51.25,-3.75
2025-11-26 18:00:00,8.31,12.84,51.25,-3.75,51.25,-3.75
2025-11-26 19:00:00,9.48,12.92,51.25,-3.75,51.25,-3.75
2025-11-26 20:00:00,9.26,12.57,51.25,-3.75,51.25,-3.75
2025-11-26 21:00:00,8.92,12.27,51.25,-3.75,51.25,-3.75
2025-11-26 22:00:00,8.18,11.36,51.25,-3.75,51.25,-3.75
2025-11-26 23:00:00,8.47,11.61,51.25,-3.75,51.25,-3.75
2025-11-27 00:00:00,8.41,11.59,51.25,-3.75,51.25,-3.75
2025-11-27 01:00:00,8.52,11.82,51.25,-3.75,51.25,-3.75
2025-11-27 02:00:00,8.52,11.83,51.25,-3.75,51.25,-3.75
2025-11-27 03:00:00,8.6,11.9,51.25,-3.75,51.25,-3.75
2025-11-27 04:00:00,8.98,12.38,51.25,-3.75,51.25,-3.75
2025-11-27 05:00:00,9.05,12.49,51.25,-3.75,51.25,-3.75
2025-11-27 06:00:00,8.8,12.31,51.25,-3.75,51.25,-3.75
2025-11-27 07:00:00,8.85,12.34,51.25,-3.75,51.25,-3.75
2025-11-27 08:00:00,8.85,12.34,51.25,-3.75,51.25,-3.75
2025-11-27 09:00:00,8.85,12.34,51.25,-3.75,51.25,-3.75
2025-11-27 10:00:00,8.14,11.32,51.25,-3.75,51.25,-3.75
2025-11-27 11:00:00,8.51,11.94,51.25,-3.75,51.25,-3.75
2025-11-27 12:00:00,8.94,12.51,51.25,-3.75,51.25,-3.75
2025-11-27 13:00:00,9.22,12.98,51.25,-3.75,51.25,-3.75
2025-11-27 14:00:00,9.3,13.16,51.25,-3.75,51.25,-3.75
2025-11-27 15:00:00,9.68,13.6,51.25,-3.75,51.25,-3.75
2025-11-27 16:00:00,10.04,13.95,51.25,-3.75,51.25,-3.75
2025-11-27 17:00:00,10.11,13.97,51.25,-3.75,51.25,-3.75
2025-11-27 18:00:00,9.86,13.54,51.25,-3.75,51.25,-3.75
2025-11-27 19:00:00,9.7,13.29,51.25,-3.75,51.25,-3.75
2025-11-27 20:00:00,9.51,12.91,51.25,-3.75,51.25,-3.75
2025-11-27 21:00:00,9.29,12.44,51.25,-3.75,51.25,-3.75
2025-11-27 22:00:00,8.51,11.92,51.25,-3.75,51.25,-3.75
2025-11-27 23:00:00,8.69,12.13,51.25,-3.75,51.25,-3.75
2025-11-28 00:00:00,8.93,12.36,51.25,-3.75,51.25,-3.75
2025-11-28 01:00:00,9.06,12.43,51.25,-3.75,51.25,-3.75
2025-11-28 02:00:00,9.01,12.3,51.25,-3.75,51.25,-3.75
2025-11-28 03:00:00,8.68,11.72,51.25,-3.75,51.25,-3.75
2025-11-28 04:00:00,8.52,11.43,51.25,-3.75,51.25,-3.75
2025-11-28 05:00:00,8.32,11.17,51.25,-3.75,51.25,-3.75
2025-11-28 06:00:00,8.52,11.43,51.25,-3.75,51.25,-3.75
2025-11-28 07:00:00,7.89,11.92,51.25,-3.75,51.25,-3.75
2025-11-28 08:00:00,8.38,12.34,51.25,-3.75,51.25,-3.75
2025-11-28 09:00:00,8.7,12.8,51.25,-3.75,51.25,-3.75
2025-11-28 10:00:00,8.56,12.72,51.25,-3.75,51.25,-3.75
2025-11-28 11:00:00,8.7,13.27,51.25,-3.75,51.25,-3.75
2025-11-28 12:00:00,11.01,14.54,51.25,-3.75,51.25,-3.75
2025-11-28 13:00:00,12.23,16.11,51.25,-3.75,51.25,-3.75
2025-11-28 14:00:00,12.65,16.77,51.25,-3.75,51.25,-3.75
2025-11-28 15:00:00,10.76,14.12,51.25,-3.75,51.25,-3.75
2025-11-28 16:00:00,9.33,12.41,51.25,-3.75,51.25,-3.75
2025-11-28 17:00:00,8.82,11.85,51.25,-3.75,51.25,-3.75
2025-11-28 18:00:00,8.18,10.66,51.25,-3.75,51.25,-3.75
2025-11-28 19:00:00,7.44,9.84,51.25,-3.75,51.25,-3.75
2025-11-28 20:00:00,6.79,9.42,51.25,-3.75,51.25,-3.75
2025-11-28 21:00:00,7.46,10.65,51.25,-3.75,51.25,-3.75
2025-11-28 22:00:00,9.12,13.31,51.25,-3.75,51.25,-3.75
2025-11-28 23:00:00,10.63,14.29,51.25,-3.75,51.25,-3.75
2025-11-29 00:00:00,10.47,14.26,51.25,-3.75,51.25,-3.75
2025-11-29 01:00:00,9.41,14.25,51.25,-3.75,51.25,-3.75
2025-11-29 02:00:00,9.75,14.69,51.25,-3.75,51.25,-3.75
2025-11-29 03:00:00,9.68,14.72,51.25,-3.75,51.25,-3.75
2025-11-29 04:00:00,10.7,14.38,51.25,-3.75,51.25,-3.75
2025-11-29 05:00:00,7.72,10.34,51.25,-3.75,51.25,-3.75
2025-11-29 06:00:00,5.48,6.92,51.25,-3.75,51.25,-3.75
2025-11-29 07:00:00,6.03,7.33,51.25,-3.75,51.25,-3.75
2025-11-29 08:00:00,6.8,8.06,51.25,-3.75,51.25,-3.75
2025-11-29 09:00:00,7.53,9.08,51.25,-3.75,51.25,-3.75
2025-11-29 10:00:00,7.96,9.34,51.25,-3.75,51.25,-3.75
2025-11-29 11:00:00,8.16,9.65,51.25,-3.75,51.25,-3.75
2025-11-29 12:00:00,7.9,9.21,51.25,-3.75,51.25,-3.75
2025-11-29 13:00:00,7.48,8.69,51.25,-3.75,51.25,-3.75
2025-11-29 14:00:00,8.01,9.37,51.25,-3.75,51.25,-3.75
2025-11-29 15:00:00,8.21,9.67,51.25,-3.75,51.25,-3.75
2025-11-29 16:00:00,8.36,9.96,51.25,-3.75,51.25,-3.75
2025-11-29 17:00:00,8.79,10.54,51.25,-3.75,51.25,-3.75
2025-11-29 18:00:00,9.71,11.92,51.25,-3.75,51.25,-3.75
2025-11-29 19:00:00,10.42,12.92,51.25,-3.75,51.25,-3.75
2025-11-29 20:00:00,10.64,13.16,51.25,-3.75,51.25,-3.75
2025-11-29 21:00:00,11.0,13.51,51.25,-3.75,51.25,-3.75
2025-11-29 22:00:00,10.64,13.06,51.25,-3.75,51.25,-3.75
2025-11-29 23:00:00,10.25,12.54,51.25,-3.75,51.25,-3.75
2025-11-30 00:00:00,8.96,11.02,51.25,-3.75,51.25,-3.75
2025-11-30 01:00:00,8.82,10.74,51.25,-3.75,51.25,-3.75
2025-11-30 02:00:00,8.47,10.37,51.25,-3.75,51.25,-3.75
2025-11-30 03:00:00,7.82,9.56,51.25,-3.75,51.25,-3.75
2025-11-30 04:00:00,7.62,9.24,51.25,-3.75,51.25,-3.75
2025-11-30 05:00:00,7.8,9.44,51.25,-3.75,51.25,-3.75
2025-11-30 06:00:00,7.99,9.75,51.25,-3.75,51.25,-3.75
2025-11-30 07:00:00,7.74,9.5,51.25,-3.75,51.25,-3.75
2025-11-30 08:00:00,7.24,8.92,51.25,-3.75,51.25,-3.75
2025-11-30 09:00:00,7.22,8.83,51.25,-3.75,51.25,-3.75
2025-11-30 10:00:00,6.7,7.9,51.25,-3.75,51.25,-3.75
2025-11-30 11:00:00,6.16,7.26,51.25,-3.75,51.25,-3.75
2025-11-30 12:00:00,6.87,8.04,51.25,-3.75,51.25,-3.75
2025-11-30 13:00:00,7.18,8.59,51.25,-3.75,51.25,-3.75
2025-11-30 14:00:00,7.91,9.61,51.25,-3.75,51.25,-3.75
2025-11-30 15:00:00,7.48,9.37,51.25,-3.75,51.25,-3.75
2025-11-30 16:00:00,7.04,8.98,51.25,-3.75,51.25,-3.75
2025-11-30 17:00:00,7.27,9.23,51.25,-3.75,51.25,-3.75
2025-11-30 18:00:00,7.1,9.2,51.25,-3.75,51.25,-3.75
2025-11-30 19:00:00,7.02,9.31,51.25,-3.75,51.25,-3.75
2025-11-30 20:00:00,7.53,9.99,51.25,-3.75,51.25,-3.75
2025-11-30 21:00:00,8.08,10.78,51.25,-3.75,51.25,-3.75
2025-11-30 22:00:00,8.08,11.24,51.25,-3.75,51.25,-3.75
2025-11-30 23:00:00,8.55,12.04,51.25,-3.75,51.25,-3.75
2025-12-01 00:00:00,9.64,13.69,51.25,-3.75,51.25,-3.75
2025-12-01 01:00:00,10.35,15.07,51.25,-3.75,51.25,-3.75
2025-12-01 02:00:00,11.56,17.06,51.25,-3.75,51.25,-3.75
2025-12-01 03:00:00,12.25,18.4,51.25,-3.75,51.25,-3.75
2025-12-01 04:00:00,13.19,18.12,51.25,-3.75,51.25,-3.75
2025-12-01 05:00:00,11.83,16.36,51.25,-3.75,51.25,-3.75
2025-12-01 06:00:00,11.19,15.23,51.25,-3.75,51.25,-3.75
2025-12-01 07:00:00,11.34,15.52,51.25,-3.75,51.25,-3.75
2025-12-01 08:00:00,11.19,15.26,51.25,-3.75,51.25,-3.75
2025-12-01 09:00:00,11.17,15.3,51.25,-3.75,51.25,-3.75
2025-12-01 10:00:00,9.32,13.04,51.25,-3.75,51.25,-3.75
2025-12-01 11:00:00,10.31,14.17,51.25,-3.75,51.25,-3.75
2025-12-01 12:00:00,10.21,14.17,51.25,-3.75,51.25,-3.75
2025-12-01 13:00:00,11.17,15.54,51.25,-3.75,51.25,-3.75
2025-12-01 14:00:00,12.69,17.46,51.25,-3.75,51.25,-3.75
2025-12-01 15:00:00,11.76,16.19,51.25,-3.75,51.25,-3.75
2025-12-01 16:00:00,11.98,16.28,51.25,-3.75,51.25,-3.75
2025-12-01 17:00:00,10.99,14.69,51.25,-3.75,51.25,-3.75
2025-12-01 18:00:00,9.9,13.12,51.25,-3.75,51.25,-3.75
2025-12-01 19:00:00,10.11,13.96,51.25,-3.75,51.25,-3.75
2025-12-01 20:00:00,11.17,14.87,51.25,-3.75,51.25,-3.75
2025-12-01 21:00:00,10.84,14.22,51.25,-3.75,51.25,-3.75
2025-12-01 22:00:00,9.42,12.47,51.25,-3.75,51.25,-3.75
2025-12-01 23:00:00,8.1,10.82,51.25,-3.75,51.25,-3.75
2025-12-02 00:00:00,7.59,10.03,51.25,-3.75,51.25,-3.75
2025-12-02 01:00:00,7.92,10.46,51.25,-3.75,51.25,-3.75
2025-12-02 02:00:00,7.99,10.48,51.25,-3.75,51.25,-3.75
2025-12-02 03:00:00,7.84,10.24,51.25,-3.75,51.25,-3.75
2025-12-02 04:00:00,7.28,9.62,51.25,-3.75,51.25,-3.75
2025-12-02 05:00:00,7.64,9.92,51.25,-3.75,51.25,-3.75
2025-12-02 06:00:00,7.73,9.9,51.25,-3.75,51.25,-3.75
2025-12-02 07:00:00,6.7,8.59,51.25,-3.75,51.25,-3.75
2025-12-02 08:00:00,6.2,8.04,51.25,-3.75,51.25,-3.75
2025-12-02 09:00:00,6.05,7.81,51.25,-3.75,51.25,-3.75
2025-12-02 10:00:00,4.12,5.52,51.25,-3.75,51.25,-3.75
2025-12-02 11:00:00,4.27,5.43,51.25,-3.75,51.25,-3.75
2025-12-02 12:00:00,4.62,5.63,51.25,-3.75,51.25,-3.75
2025-12-02 13:00:00,5.5,6.64,51.25,-3.75,51.25,-3.75
2025-12-02 14:00:00,5.5,6.64,51.25,-3.75,51.25,-3.75
2025-12-02 15:00:00,5.21,6.46,51.25,-3.75,51.25,-3.75
2025-12-02 16:00:00,5.61,7.08,51.25,-3.75,51.25,-3.75
2025-12-02 17:00:00,5.31,6.78,51.25,-3.75,51.25,-3.75
2025-12-02 18:00:00,5.13,6.51,51.25,-3.75,51.25,-3.75
2025-12-02 19:00:00,5.2,6.58,51.25,-3.75,51.25,-3.75
2025-12-02 20:00:00,5.34,6.85,51.25,-3.75,51.25,-3.75
2025-12-02 21:00:00,4.74,6.08,51.25,-3.75,51.25,-3.75
2025-12-02 22:00:00,4.12,5.52,51.25,-3.75,51.25,-3.75
2025-12-02 23:00:00,4.43,6.0,51.25,-3.75,51.25,-3.75
2025-12-03 00:00:00,4.32,5.75,51.25,-3.75,51.25,-3.75
2025-12-03 01:00:00,3.72,4.84,51.25,-3.75,51.25,-3.75
2025-12-03 02:00:00,4.07,5.33,51.25,-3.75,51.25,-3.75
2025-12-03 03:00:00,4.16,5.53,51.25,-3.75,51.25,-3.75
2025-12-03 04:00:00,3.98,5.3,51.25,-3.75,51.25,-3.75
2025-12-03 05:00:00,3.85,5.09,51.25,-3.75,51.25,-3.75
2025-12-03 06:00:00,3.89,5.02,51.25,-3.75,51.25,-3.75
2025-12-03 07:00:00,3.83,5.04,51.25,-3.75,51.25,-3.75
2025-12-03 08:00:00,4.06,5.41,51.25,-3.75,51.25,-3.75
2025-12-03 09:00:00,4.35,5.99,51.25,-3.75,51.25,-3.75
2025-12-03 10:00:00,4.52,6.23,51.25,-3.75,51.25,-3.75
2025-12-03 11:00:00,4.54,6.17,51.25,-3.75,51.25,-3.75
2025-12-03 12:00:00,4.75,6.25,51.25,-3.75,51.25,-3.75
2025-12-03 13:00:00,5.33,6.69,51.25,-3.75,51.25,-3.75
2025-12-03 14:00:00,5.51,6.87,51.25,-3.75,51.25,-3.75
2025-12-03 15:00:00,4.72,6.22,51.25,-3.75,51.25,-3.75
2025-12-03 16:00:00,4.48,6.29,51.25,-3.75,51.25,-3.75
2025-12-03 17:00:00,4.38,6.4,51.25,-3.75,51.25,-3.75
2025-12-03 18:00:00,4.62,6.68,51.25,-3.75,51.25,-3.75
2025-12-03 19:00:00,5.03,7.08,51.25,-3.75,51.25,-3.75
2025-12-03 20:00:00,5.46,7.7,51.25,-3.75,51.25,-3.75
2025-12-03 21:00:00,5.93,8.26,51.25,-3.75,51.25,-3.75
2025-12-03 22:00:00,6.71,8.93,51.25,-3.75,51.25,-3.75
2025-12-03 23:00:00,7.13,9.58,51.25,-3.75,51.25,-3.75
2025-12-04 00:00:00,7.3,9.96,51.25,-3.75,51.25,-3.75
2025-12-04 01:00:00,7.59,10.58,51.25,-3.75,51.25,-3.75
2025-12-04 02:00:00,8.43,11.59,51.25,-3.75,51.25,-3.75
2025-12-04 03:00:00,8.09,11.33,51.25,-3.75,51.25,-3.75
2025-12-04 04:00:00,8.68,11.67,51.25,-3.75,51.25,-3.75
2025-12-04 05:00:00,6.88,9.44,51.25,-3.75,51.25,-3.75
2025-12-04 06:00:00,10.29,13.47,51.25,-3.75,51.25,-3.75
2025-12-04 07:00:00,10.58,13.16,51.25,-3.75,51.25,-3.75
2025-12-04 08:00:00,9.62,11.89,51.25,-3.75,51.25,-3.75
2025-12-04 09:00:00,8.75,10.51,51.25,-3.75,51.25,-3.75
2025-12-04 10:00:00,6.12,7.35,51.25,-3.75,51.25,-3.75
2025-12-04 11:00:00,6.75,7.91,51.25,-3.75,51.25,-3.75
2025-12-04 12:00:00,7.17,8.29,51.25,-3.75,51.25,-3.75
2025-12-04 13:00:00,6.75,7.84,51.25,-3.75,51.25,-3.75
2025-12-04 14:00:00,6.41,7.45,51.25,-3.75,51.25,-3.75
2025-12-04 15:00:00,6.78,8.08,51.25,-3.75,51.25,-3.75
2025-12-04 16:00:00,7.03,8.47,51.25,-3.75,51.25,-3.75
2025-12-04 17:00:00,6.93,8.41,51.25,-3.75,51.25,-3.75
2025-12-04 18:00:00,6.55,8.07,51.25,-3.75,51.25,-3.75
2025-12-04 19:00:00,6.28,7.83,51.25,-3.75,51.25,-3.75
2025-12-04 20:00:00,5.63,7.22,51.25,-3.75,51.25,-3.75
2025-12-04 21:00:00,5.02,6.62,51.25,-3.75,51.25,-3.75
2025-12-04 22:00:00,6.46,8.47,51.25,-3.75,51.25,-3.75
2025-12-04 23:00:00,6.09,8.09,51.25,-3.75,51.25,-3.75
2025-12-05 00:00:00,5.5,7.45,51.25,-3.75,51.25,-3.75
2025-12-05 01:00:00,5.56,7.57,51.25,-3.75,51.25,-3.75
2025-12-05 02:00:00,5.48,7.38,51.25,-3.75,51.25,-3.75
2025-12-05 03:00:00,5.3,7.18,51.25,-3.75,51.25,-3.75
2025-12-05 04:00:00,5.64,7.71,51.25,-3.75,51.25,-3.75
2025-12-05 05:00:00,5.86,8.03,51.25,-3.75,51.25,-3.75
2025-12-05 06:00:00,5.43,7.67,51.25,-3.75,51.25,-3.75
2025-12-05 07:00:00,5.65,7.95,51.25,-3.75,51.25,-3.75
2025-12-05 08:00:00,6.25,8.79,51.25,-3.75,51.25,-3.75
2025-12-05 09:00:00,7.05,9.79,51.25,-3.75,51.25,-3.75
2025-12-05 10:00:00,7.7,10.87,51.25,-3.75,51.25,-3.75
2025-12-05 11:00:00,8.83,12.71,51.25,-3.75,51.25,-3.75
2025-12-05 12:00:00,10.76,14.71,51.25,-3.75,51.25,-3.75
2025-12-05 13:00:00,12.07,16.52,51.25,-3.75,51.25,-3.75
2025-12-05 14:00:00,13.21,18.27,51.25,-3.75,51.25,-3.75
2025-12-05 15:00:00,13.82,18.98,51.25,-3.75,51.25,-3.75
2025-12-05 16:00:00,13.13,18.34,51.25,-3.75,51.25,-3.75
2025-12-05 17:00:00,11.48,16.67,51.25,-3.75,51.25,-3.75
2025-12-05 18:00:00,11.35,15.32,51.25,-3.75,51.25,-3.75
2025-12-05 19:00:00,12.1,16.19,51.25,-3.75,51.25,-3.75
2025-12-05 20:00:00,11.5,15.51,51.25,-3.75,51.25,-3.75
2025-12-05 21:00:00,11.68,15.34,51.25,-3.75,51.25,-3.75
2025-12-05 22:00:00,10.85,14.84,51.25,-3.75,51.25,-3.75
2025-12-05 23:00:00,10.71,14.6,51.25,-3.75,51.25,-3.75
2025-12-06 00:00:00,11.17,15.21,51.25,-3.75,51.25,-3.75
2025-12-06 01:00:00,10.93,15.13,51.25,-3.75,51.25,-3.75
2025-12-06 02:00:00,12.24,16.71,51.25,-3.75,51.25,-3.75
2025-12-06 03:00:00,13.44,17.99,51.25,-3.75,51.25,-3.75
2025-12-06 04:00:00,13.03,17.6,51.25,-3.75,51.25,-3.75
2025-12-06 05:00:00,14.13,18.79,51.25,-3.75,51.25,-3.75
2025-12-06 06:00:00,14.32,19.01,51.25,-3.75,51.25,-3.75
2025-12-06 07:00:00,15.08,19.9,51.25,-3.75,51.25,-3.75
2025-12-06 08:00:00,14.78,19.59,51.25,-3.75,51.25,-3.75
2025-12-06 09:00:00,14.86,19.84,51.25,-3.75,51.25,-3.75
2025-12-06 10:00:00,13.02,17.43,51.25,-3.75,51.25,-3.75
2025-12-06 11:00:00,14.32,18.63,51.25,-3.75,51.25,-3.75
2025-12-06 12:00:00,14.52,18.89,51.25,-3.75,51.25,-3.75
2025-12-06 13:00:00,13.84,18.07,51.25,-3.75,51.25,-3.75
2025-12-06 14:00:00,13.97,18.3,51.25,-3.75,51.25,-3.75
2025-12-06 15:00:00,13.74,18.13,51.25,-3.75,51.25,-3.75
2025-12-06 16:00:00,13.01,17.2,51.25,-3.75,51.25,-3.75
2025-12-06 17:00:00,11.78,15.66,51.25,-3.75,51.25,-3.75
2025-12-06 18:00:00,10.88,14.52,51.25,-3.75,51.25,-3.75
2025-12-06 19:00:00,10.8,14.39,51.25,-3.75,51.25,-3.75
2025-12-06 20:00:00,10.23,13.73,51.25,-3.75,51.25,-3.75
2025-12-06 21:00:00,9.44,12.73,51.25,-3.75,51.25,-3.75
2025-12-06 22:00:00,8.56,11.89,51.25,-3.75,51.25,-3.75
2025-12-06 23:00:00,7.18,10.14,51.25,-3.75,51.25,-3.75
2025-12-07 00:00:00,5.84,8.36,51.25,-3.75,51.25,-3.75
2025-12-07 01:00:00,4.7,7.03,51.25,-3.75,51.25,-3.75
2025-12-07 02:00:00,4.33,6.42,51.25,-3.75,51.25,-3.75
2025-12-07 03:00:00,5.17,7.48,51.25,-3.75,51.25,-3.75
2025-12-07 04:00:00,6.42,8.91,51.25,-3.75,51.25,-3.75
2025-12-07 05:00:00,7.36,10.25,51.25,-3.75,51.25,-3.75
2025-12-07 06:00:00,7.84,10.9,51.25,-3.75,51.25,-3.75
2025-12-07 07:00:00,7.54,10.5,51.25,-3.75,51.25,-3.75
2025-12-07 08:00:00,6.93,10.06,51.25,-3.75,51.25,-3.75
2025-12-07 09:00:00,7.83,11.35,51.25,-3.75,51.25,-3.75
2025-12-07 10:00:00,7.75,11.3,51.25,-3.75,51.25,-3.75
2025-12-07 11:00:00,8.46,12.0,51.25,-3.75,51.25,-3.75
2025-12-07 12:00:00,9.58,13.44,51.25,-3.75,51.25,-3.75
2025-12-07 13:00:00,11.42,15.71,51.25,-3.75,51.25,-3.75
2025-12-07 14:00:00,14.06,18.95,51.25,-3.75,51.25,-3.75
2025-12-07 15:00:00,15.0,19.85,51.25,-3.75,51.25,-3.75
2025-12-07 16:00:00,14.41,18.81,51.25,-3.75,51.25,-3.75
2025-12-07 17:00:00,12.89,16.78,51.25,-3.75,51.25,-3.75
2025-12-07 18:00:00,11.15,14.8,51.25,-3.75,51.25,-3.75
2025-12-07 19:00:00,9.93,13.33,51.25,-3.75,51.25,-3.75
2025-12-07 20:00:00,8.57,11.82,51.25,-3.75,51.25,-3.75
2025-12-07 21:00:00,7.84,10.97,51.25,-3.75,51.25,-3.75
2025-12-07 22:00:00,8.28,11.35,51.25,-3.75,51.25,-3.75
2025-12-07 23:00:00,7.77,10.65,51.25,-3.75,51.25,-3.75
2025-12-08 00:00:00,7.67,10.5,51.25,-3.75,51.25,-3.75
2025-12-08 01:00:00,7.24,10.25,51.25,-3.75,51.25,-3.75
2025-12-08 02:00:00,8.05,11.33,51.25,-3.75,51.25,-3.75
2025-12-08 03:00:00,8.76,12.36,51.25,-3.75,51.25,-3.75
2025-12-08 04:00:00,9.72,13.42,51.25,-3.75,51.25,-3.75
2025-12-08 05:00:00,9.87,13.68,51.25,-3.75,51.25,-3.75
2025-12-08 06:00:00,9.33,12.98,51.25,-3.75,51.25,-3.75
2025-12-08 07:00:00,8.52,12.16,51.25,-3.75,51.25,-3.75
2025-12-08 08:00:00,7.99,11.49,51.25,-3.75,51.25,-3.75
2025-12-08 09:00:00,7.85,11.25,51.25,-3.75,51.25,-3.75
2025-12-08 10:00:00,7.1,10.15,51.25,-3.75,51.25,-3.75
2025-12-08 11:00:00,7.41,10.39,51.25,-3.75,51.25,-3.75
2025-12-08 12:00:00,7.53,10.67,51.25,-3.75,51.25,-3.75
2025-12-08 13:00:00,7.65,10.66,51.25,-3.75,51.25,-3.75
2025-12-08 14:00:00,7.37,10.49,51.25,-3.75,51.25,-3.75
2025-12-08 15:00:00,7.25,10.51,51.25,-3.75,51.25,-3.75
2025-12-08 16:00:00,6.62,9.75,51.25,-3.75,51.25,-3.75
2025-12-08 17:00:00,6.8,9.91,51.25,-3.75,51.25,-3.75
2025-12-08 18:00:00,6.47,9.54,51.25,-3.75,51.25,-3.75
2025-12-08 19:00:00,6.71,9.66,51.25,-3.75,51.25,-3.75
2025-12-08 20:00:00,7.1,10.03,51.25,-3.75,51.25,-3.75
2025-12-08 21:00:00,7.31,10.34,51.25,-3.75,51.25,-3.75
2025-12-08 22:00:00,6.91,9.56,51.25,-3.75,51.25,-3.75
2025-12-08 23:00:00,7.51,10.45,51.25,-3.75,51.25,-3.75
2025-12-09 00:00:00,9.66,13.41,51.25,-3.75,51.25,-3.75
2025-12-09 01:00:00,11.55,16.01,51.25,-3.75,51.25,-3.75
2025-12-09 02:00:00,12.59,17.51,51.25,-3.75,51.25,-3.75
2025-12-09 03:00:00,13.17,18.3,51.25,-3.75,51.25,-3.75
2025-12-09 04:00:00,12.81,17.9,51.25,-3.75,51.25,-3.75
2025-12-09 05:00:00,12.45,17.36,51.25,-3.75,51.25,-3.75
2025-12-09 06:00:00,12.64,17.84,51.25,-3.75,51.25,-3.75
2025-12-09 07:00:00,12.64,17.89,51.25,-3.75,51.25,-3.75
2025-12-09 08:00:00,12.77,18.05,51.25,-3.75,51.25,-3.75
2025-12-09 09:00:00,12.79,18.15,51.25,-3.75,51.25,-3.75
2025-12-09 10:00:00,12.67,17.92,51.25,-3.75,51.25,-3.75
2025-12-09 11:00:00,14.23,19.82,51.25,-3.75,51.25,-3.75
2025-12-09 12:00:00,14.74,20.54,51.25,-3.75,51.25,-3.75
2025-12-09 13:00:00,14.46,20.13,51.25,-3.75,51.25,-3.75
2025-12-09 14:00:00,14.41,19.84,51.25,-3.75,51.25,-3.75
2025-12-09 15:00:00,13.51,18.48,51.25,-3.75,51.25,-3.75
2025-12-09 16:00:00,13.22,17.9,51.25,-3.75,51.25,-3.75
2025-12-09 17:00:00,12.74,17.09,51.25,-3.75,51.25,-3.75
2025-12-09 18:00:00,11.81,15.9,51.25,-3.75,51.25,-3.75
2025-12-09 19:00:00,11.2,15.1,51.25,-3.75,51.25,-3.75
2025-12-09 20:00:00,11.01,14.83,51.25,-3.75,51.25,-3.75
2025-12-09 21:00:00,10.62,14.35,51.25,-3.75,51.25,-3.75
2025-12-09 22:00:00,10.01,13.83,51.25,-3.75,51.25,-3.75
2025-12-09 23:00:00,10.23,14.0,51.25,-3.75,51.25,-3.75
2025-12-10 00:00:00,9.83,13.53,51.25,-3.75,51.25,-3.75
2025-12-10 01:00:00,9.82,13.57,51.25,-3.75,51.25,-3.75
2025-12-10 02:00:00,9.5,13.19,51.25,-3.75,51.25,-3.75
2025-12-10 03:00:00,9.16,12.8,51.25,-3.75,51.25,-3.75
2025-12-10 04:00:00,9.3,12.81,51.25,-3.75,51.25,-3.75
2025-12-10 05:00:00,9.79,13.25,51.25,-3.75,51.25,-3.75
2025-12-10 06:00:00,9.83,13.25,51.25,-3.75,51.25,-3.75
2025-12-10 07:00:00,10.09,13.51,51.25,-3.75,51.25,-3.75
2025-12-10 08:00:00,10.65,14.38,51.25,-3.75,51.25,-3.75
2025-12-10 09:00:00,10.58,14.03,51.25,-3.75,51.25,-3.75
2025-12-10 10:00:00,9.22,12.14,51.25,-3.75,51.25,-3.75
2025-12-10 11:00:00,8.88,11.51,51.25,-3.75,51.25,-3.75
2025-12-10 12:00:00,9.17,12.03,51.25,-3.75,51.25,-3.75
2025-12-10 13:00:00,10.62,13.86,51.25,-3.75,51.25,-3.75
2025-12-10 14:00:00,9.61,12.59,51.25,-3.75,51.25,-3.75
2025-12-10 15:00:00,9.39,12.47,51.25,-3.75,51.25,-3.75
2025-12-10 16:00:00,8.54,11.44,51.25,-3.75,51.25,-3.75
2025-12-10 17:00:00,8.21,11.01,51.25,-3.75,51.25,-3.75
2025-12-10 18:00:00,7.54,10.12,51.25,-3.75,51.25,-3.75
2025-12-10 19:00:00,6.76,9.36,51.25,-3.75,51.25,-3.75
2025-12-10 20:00:00,6.42,9.19,51.25,-3.75,51.25,-3.75
2025-12-10 21:00:00,6.43,9.65,51.25,-3.75,51.25,-3.75
2025-12-10 22:00:00,6.85,10.06,51.25,-3.75,51.25,-3.75
2025-12-10 23:00:00,6.48,9.95,51.25,-3.75,51.25,-3.75
2025-12-11 00:00:00,5.96,9.28,51.25,-3.75,51.25,-3.75
2025-12-11 01:00:00,5.81,9.12,51.25,-3.75,51.25,-3.75
2025-12-11 02:00:00,6.13,9.52,51.25,-3.75,51.25,-3.75
2025-12-11 03:00:00,6.03,9.47,51.25,-3.75,51.25,-3.75
2025-12-11 04:00:00,5.97,9.4,51.25,-3.75,51.25,-3.75
2025-12-11 05:00:00,6.39,9.75,51.25,-3.75,51.25,-3.75
2025-12-11 06:00:00,7.15,10.49,51.25,-3.75,51.25,-3.75
2025-12-11 07:00:00,7.41,11.01,51.25,-3.75,51.25,-3.75
2025-12-11 08:00:00,7.01,10.71,51.25,-3.75,51.25,-3.75
2025-12-11 09:00:00,6.86,10.3,51.25,-3.75,51.25,-3.75
2025-12-11 10:00:00,7.3,10.34,51.25,-3.75,51.25,-3.75
2025-12-11 11:00:00,6.88,9.85,51.25,-3.75,51.25,-3.75
2025-12-11 12:00:00,7.31,10.36,51.25,-3.75,51.25,-3.75
2025-12-11 13:00:00,8.26,11.55,51.25,-3.75,51.25,-3.75
2025-12-11 14:00:00,8.37,11.67,51.25,-3.75,51.25,-3.75
2025-12-11 15:00:00,8.59,11.91,51.25,-3.75,51.25,-3.75
2025-12-11 16:00:00,8.73,12.07,51.25,-3.75,51.25,-3.75
2025-12-11 17:00:00,8.5,11.89,51.25,-3.75,51.25,-3.75
2025-12-11 18:00:00,8.44,11.68,51.25,-3.75,51.25,-3.75
2025-12-11 19:00:00,8.39,11.55,51.25,-3.75,51.25,-3.75
2025-12-11 20:00:00,8.56,11.66,51.25,-3.75,51.25,-3.75
2025-12-11 21:00:00,8.23,11.48,51.25,-3.75,51.25,-3.75
2025-12-11 22:00:00,7.51,10.4,51.25,-3.75,51.25,-3.75
2025-12-11 23:00:00,7.4,10.45,51.25,-3.75,51.25,-3.75
2025-12-12 00:00:00,7.04,10.09,51.25,-3.75,51.25,-3.75
2025-12-12 01:00:00,8.02,11.31,51.25,-3.75,51.25,-3.75
2025-12-12 02:00:00,8.36,11.77,51.25,-3.75,51.25,-3.75
2025-12-12 03:00:00,5.7,8.31,51.25,-3.75,51.25,-3.75
2025-12-12 04:00:00,2.77,3.85,51.25,-3.75,51.25,-3.75
2025-12-12 05:00:00,5.45,6.99,51.25,-3.75,51.25,-3.75
2025-12-12 06:00:00,6.41,8.31,51.25,-3.75,51.25,-3.75
2025-12-12 07:00:00,5.59,7.04,51.25,-3.75,51.25,-3.75
2025-12-12 08:00:00,4.51,5.73,51.25,-3.75,51.25,-3.75
2025-12-12 09:00:00,4.79,6.2,51.25,-3.75,51.25,-3.75
2025-12-12 10:00:00,4.55,5.58,51.25,-3.75,51.25,-3.75
2025-12-12 11:00:00,4.27,5.06,51.25,-3.75,51.25,-3.75
2025-12-12 12:00:00,4.87,5.77,51.25,-3.75,51.25,-3.75
2025-12-12 13:00:00,4.89,5.89,51.25,-3.75,51.25,-3.75
2025-12-12 14:00:00,5.05,6.25,51.25,-3.75,51.25,-3.75
2025-12-12 15:00:00,4.21,6.01,51.25,-3.75,51.25,-3.75
2025-12-12 16:00:00,4.29,6.34,51.25,-3.75,51.25,-3.75
2025-12-12 17:00:00,4.12,6.35,51.25,-3.75,51.25,-3.75
2025-12-12 18:00:00,4.0,6.39,51.25,-3.75,51.25,-3.75
2025-12-12 19:00:00,4.14,6.45,51.25,-3.75,51.25,-3.75
2025-12-12 20:00:00,4.09,6.41,51.25,-3.75,51.25,-3.75
2025-12-12 21:00:00,4.27,6.6,51.25,-3.75,51.25,-3.75
2025-12-12 22:00:00,4.27,6.46,51.25,-3.75,51.25,-3.75
2025-12-12 23:00:00,4.18,6.29,51.25,-3.75,51.25,-3.75
2025-12-13 00:00:00,4.14,6.11,51.25,-3.75,51.25,-3.75
2025-12-13 01:00:00,4.31,6.39,51.25,-3.75,51.25,-3.75
2025-12-13 02:00:00,4.17,6.41,51.25,-3.75,51.25,-3.75
2025-12-13 03:00:00,3.93,6.02,51.25,-3.75,51.25,-3.75
2025-12-13 04:00:00,3.85,5.92,51.25,-3.75,51.25,-3.75
2025-12-13 05:00:00,4.13,6.47,51.25,-3.75,51.25,-3.75
2025-12-13 06:00:00,4.39,6.8,51.25,-3.75,51.25,-3.75
2025-12-13 07:00:00,4.71,7.13,51.25,-3.75,51.25,-3.75
2025-12-13 08:00:00,4.99,7.67,51.25,-3.75,51.25,-3.75
2025-12-13 09:00:00,5.24,8.02,51.25,-3.75,51.25,-3.75
2025-12-13 10:00:00,4.99,7.64,51.25,-3.75,51.25,-3.75
2025-12-13 11:00:00,4.94,7.67,51.25,-3.75,51.25,-3.75
2025-12-13 12:00:00,5.09,7.92,51.25,-3.75,51.25,-3.75
2025-12-13 13:00:00,5.34,8.36,51.25,-3.75,51.25,-3.75
2025-12-13 14:00:00,6.25,8.83,51.25,-3.75,51.25,-3.75
2025-12-13 15:00:00,6.51,9.13,51.25,-3.75,51.25,-3.75
2025-12-13 16:00:00,6.5,9.24,51.25,-3.75,51.25,-3.75
2025-12-13 17:00:00,6.06,9.4,51.25,-3.75,51.25,-3.75
2025-12-13 18:00:00,6.37,9.71,51.25,-3.75,51.25,-3.75
2025-12-13 19:00:00,6.8,10.05,51.25,-3.75,51.25,-3.75
2025-12-13 20:00:00,7.05,10.35,51.25,-3.75,51.25,-3.75
2025-12-13 21:00:00,7.18,10.71,51.25,-3.75,51.25,-3.75
2025-12-13 22:00:00,7.56,11.33,51.25,-3.75,51.25,-3.75
2025-12-13 23:00:00,7.32,11.23,51.25,-3.75,51.25,-3.75
2025-12-14 00:00:00,7.1,10.98,51.25,-3.75,51.25,-3.75
2025-12-14 01:00:00,7.25,11.16,51.25,-3.75,51.25,-3.75
2025-12-14 02:00:00,7.38,11.23,51.25,-3.75,51.25,-3.75
2025-12-14 03:00:00,7.41,11.14,51.25,-3.75,51.25,-3.75
2025-12-14 04:00:00,7.47,11.12,51.25,-3.75,51.25,-3.75
2025-12-14 05:00:00,7.29,10.97,51.25,-3.75,51.25,-3.75
2025-12-14 06:00:00,6.94,10.6,51.25,-3.75,51.25,-3.75
2025-12-14 07:00:00,6.93,10.74,51.25,-3.75,51.25,-3.75
2025-12-14 08:00:00,7.58,11.09,51.25,-3.75,51.25,-3.75
2025-12-14 09:00:00,8.28,11.63,51.25,-3.75,51.25,-3.75
2025-12-14 10:00:00,7.75,11.0,51.25,-3.75,51.25,-3.75
2025-12-14 11:00:00,9.04,12.44,51.25,-3.75,51.25,-3.75
2025-12-14 12:00:00,9.05,12.39,51.25,-3.75,51.25,-3.75
2025-12-14 13:00:00,9.35,12.73,51.25,-3.75,51.25,-3.75
2025-12-14 14:00:00,9.52,13.32,51.25,-3.75,51.25,-3.75
2025-12-14 15:00:00,9.5,13.39,51.25,-3.75,51.25,-3.75
2025-12-14 16:00:00,9.94,13.95,51.25,-3.75,51.25,-3.75
2025-12-14 17:00:00,10.12,14.17,51.25,-3.75,51.25,-3.75
2025-12-14 18:00:00,10.03,14.03,51.25,-3.75,51.25,-3.75
2025-12-14 19:00:00,10.04,14.04,51.25,-3.75,51.25,-3.75
2025-12-14 20:00:00,10.02,13.96,51.25,-3.75,51.25,-3.75
2025-12-14 21:00:00,10.0,14.02,51.25,-3.75,51.25,-3.75
2025-12-14 22:00:00,8.66,12.16,51.25,-3.75,51.25,-3.75
2025-12-14 23:00:00,9.76,13.39,51.25,-3.75,51.25,-3.75
2025-12-15 00:00:00,9.89,13.79,51.25,-3.75,51.25,-3.75
2025-12-15 01:00:00,9.8,13.75,51.25,-3.75,51.25,-3.75
2025-12-15 02:00:00,9.77,13.66,51.25,-3.75,51.25,-3.75
2025-12-15 03:00:00,9.51,13.33,51.25,-3.75,51.25,-3.75
2025-12-15 04:00:00,9.23,12.95,51.25,-3.75,51.25,-3.75
2025-12-15 05:00:00,8.68,12.26,51.25,-3.75,51.25,-3.75
2025-12-15 06:00:00,8.16,11.59,51.25,-3.75,51.25,-3.75
2025-12-15 07:00:00,8.03,11.38,51.25,-3.75,51.25,-3.75
2025-12-15 08:00:00,8.06,11.36,51.25,-3.75,51.25,-3.75
2025-12-15 09:00:00,8.46,11.71,51.25,-3.75,51.25,-3.75
2025-12-15 10:00:00,7.05,9.7,51.25,-3.75,51.25,-3.75
2025-12-15 11:00:00,7.27,10.25,51.25,-3.75,51.25,-3.75
2025-12-15 12:00:00,7.26,10.55,51.25,-3.75,51.25,-3.75
2025-12-15 13:00:00,7.06,10.16,51.25,-3.75,51.25,-3.75
2025-12-15 14:00:00,6.81,9.5,51.25,-3.75,51.25,-3.75
2025-12-15 15:00:00,5.87,8.13,51.25,-3.75,51.25,-3.75
2025-12-15 16:00:00,5.1,6.75,51.25,-3.75,51.25,-3.75
2025-12-15 17:00:00,3.99,5.37,51.25,-3.75,51.25,-3.75
2025-12-15 18:00:00,2.8,3.73,51.25,-3.75,51.25,-3.75
2025-12-15 19:00:00,2.08,2.75,51.25,-3.75,51.25,-3.75
2025-12-15 20:00:00,2.07,2.45,51.25,-3.75,51.25,-3.75
2025-12-15 21:00:00,3.01,3.23,51.25,-3.75,51.25,-3.75
2025-12-15 22:00:00,2.45,3.93,51.25,-3.75,51.25,-3.75
2025-12-15 23:00:00,3.06,4.73,51.25,-3.75,51.25,-3.75
2025-12-16 00:00:00,3.89,5.35,51.25,-3.75,51.25,-3.75
2025-12-16 01:00:00,4.87,6.31,51.25,-3.75,51.25,-3.75
2025-12-16 02:00:00,5.35,7.32,51.25,-3.75,51.25,-3.75
2025-12-16 03:00:00,5.12,7.43,51.25,-3.75,51.25,-3.75
2025-12-16 04:00:00,4.36,6.16,51.25,-3.75,51.25,-3.75
2025-12-16 05:00:00,4.97,6.61,51.25,-3.75,51.25,-3.75
2025-12-16 06:00:00,5.0,6.86,51.25,-3.75,51.25,-3.75
2025-12-16 07:00:00,4.7,6.68,51.25,-3.75,51.25,-3.75
2025-12-16 08:00:00,4.37,6.35,51.25,-3.75,51.25,-3.75
2025-12-16 09:00:00,4.28,6.14,51.25,-3.75,51.25,-3.75
2025-12-16 10:00:00,4.03,5.4,51.25,-3.75,51.25,-3.75
2025-12-16 11:00:00,4.08,4.99,51.25,-3.75,51.25,-3.75
2025-12-16 12:00:00,4.47,5.31,51.25,-3.75,51.25,-3.75
2025-12-16 13:00:00,4.19,5.0,51.25,-3.75,51.25,-3.75
2025-12-16 14:00:00,4.53,5.41,51.25,-3.75,51.25,-3.75
2025-12-16 15:00:00,5.19,6.52,51.25,-3.75,51.25,-3.75
2025-12-16 16:00:00,4.59,6.05,51.25,-3.75,51.25,-3.75
2025-12-16 17:00:00,4.44,5.97,51.25,-3.75,51.25,-3.75
2025-12-16 18:00:00,4.35,5.58,51.25,-3.75,51.25,-3.75
2025-12-16 19:00:00,3.75,4.73,51.25,-3.75,51.25,-3.75
2025-12-16 20:00:00,3.13,3.8,51.25,-3.75,51.25,-3.75
2025-12-16 21:00:00,1.84,2.34,51.25,-3.75,51.25,-3.75
2025-12-16 22:00:00,2.3,2.73,51.25,-3.75,51.25,-3.75
2025-12-16 23:00:00,2.62,3.25,51.25,-3.75,51.25,-3.75
2025-12-17 00:00:00,3.0,4.2,51.25,-3.75,51.25,-3.75
2025-12-17 01:00:00,3.93,5.84,51.25,-3.75,51.25,-3.75
2025-12-17 02:00:00,4.75,7.27,51.25,-3.75,51.25,-3.75
2025-12-17 03:00:00,5.4,7.98,51.25,-3.75,51.25,-3.75
2025-12-17 04:00:00,5.83,8.48,51.25,-3.75,51.25,-3.75
2025-12-17 05:00:00,6.4,8.93,51.25,-3.75,51.25,-3.75
2025-12-17 06:00:00,6.9,9.55,51.25,-3.75,51.25,-3.75
2025-12-17 07:00:00,7.26,10.28,51.25,-3.75,51.25,-3.75
2025-12-17 08:00:00,7.5,11.06,51.25,-3.75,51.25,-3.75
2025-12-17 09:00:00,7.41,11.11,51.25,-3.75,51.25,-3.75
2025-12-17 10:00:00,7.56,11.2,51.25,-3.75,51.25,-3.75
2025-12-17 11:00:00,8.5,12.93,51.25,-3.75,51.25,-3.75
2025-12-17 12:00:00,10.25,14.19,51.25,-3.75,51.25,-3.75
2025-12-17 13:00:00,11.2,15.64,51.25,-3.75,51.25,-3.75
2025-12-17 14:00:00,11.65,15.99,51.25,-3.75,51.25,-3.75
2025-12-17 15:00:00,11.36,15.73,51.25,-3.75,51.25,-3.75
2025-12-17 16:00:00,11.58,16.04,51.25,-3.75,51.25,-3.75
2025-12-17 17:00:00,11.87,16.41,51.25,-3.75,51.25,-3.75
2025-12-17 18:00:00,12.36,17.03,51.25,-3.75,51.25,-3.75
2025-12-17 19:00:00,12.65,17.46,51.25,-3.75,51.25,-3.75
2025-12-17 20:00:00,13.12,18.07,51.25,-3.75,51.25,-3.75
2025-12-17 21:00:00,13.3,18.33,51.25,-3.75,51.25,-3.75
2025-12-17 22:00:00,11.41,15.77,51.25,-3.75,51.25,-3.75
2025-12-17 23:00:00,9.48,13.06,51.25,-3.75,51.25,-3.75
2025-12-18 00:00:00,7.53,10.61,51.25,-3.75,51.25,-3.75
2025-12-18 01:00:00,5.79,8.42,51.25,-3.75,51.25,-3.75
2025-12-18 02:00:00,6.58,9.37,51.25,-3.75,51.25,-3.75
2025-12-18 03:00:00,4.9,7.27,51.25,-3.75,51.25,-3.75
2025-12-18 04:00:00,4.56,6.86,51.25,-3.75,51.25,-3.75
2025-12-18 05:00:00,4.33,6.59,51.25,-3.75,51.25,-3.75
2025-12-18 06:00:00,3.85,5.87,51.25,-3.75,51.25,-3.75
2025-12-18 07:00:00,4.12,6.31,51.25,-3.75,51.25,-3.75
2025-12-18 08:00:00,4.1,6.2,51.25,-3.75,51.25,-3.75
2025-12-18 09:00:00,4.06,6.3,51.25,-3.75,51.25,-3.75
2025-12-18 10:00:00,4.0,6.1,51.25,-3.75,51.25,-3.75
2025-12-18 11:00:00,4.66,5.91,51.25,-3.75,51.25,-3.75
2025-12-18 12:00:00,4.46,5.98,51.25,-3.75,51.25,-3.75
2025-12-18 13:00:00,3.41,5.38,51.25,-3.75,51.25,-3.75
2025-12-18 14:00:00,1.05,2.03,51.25,-3.75,51.25,-3.75
2025-12-18 15:00:00,0.41,1.55,51.25,-3.75,51.25,-3.75
2025-12-18 16:00:00,3.6,5.73,51.25,-3.75,51.25,-3.75
2025-12-18 17:00:00,6.54,9.88,51.25,-3.75,51.25,-3.75
2025-12-18 18:00:00,10.79,14.72,51.25,-3.75,51.25,-3.75
2025-12-18 19:00:00,11.45,14.77,51.25,-3.75,51.25,-3.75
2025-12-18 20:00:00,9.89,13.13,51.25,-3.75,51.25,-3.75
2025-12-18 21:00:00,9.95,13.0,51.25,-3.75,51.25,-3.75
2025-12-18 22:00:00,7.86,11.3,51.25,-3.75,51.25,-3.75
2025-12-18 23:00:00,8.02,10.94,51.25,-3.75,51.25,-3.75
2025-12-19 00:00:00,7.92,10.94,51.25,-3.75,51.25,-3.75
2025-12-19 01:00:00,8.56,12.19,51.25,-3.75,51.25,-3.75
2025-12-19 02:00:00,8.92,12.75,51.25,-3.75,51.25,-3.75
2025-12-19 03:00:00,8.82,12.67,51.25,-3.75,51.25,-3.75
2025-12-19 04:00:00,8.54,12.66,51.25,-3.75,51.25,-3.75
2025-12-19 05:00:00,8.55,12.55,51.25,-3.75,51.25,-3.75
2025-12-19 06:00:00,8.25,12.63,51.25,-3.75,51.25,-3.75
2025-12-19 07:00:00,8.07,12.34,51.25,-3.75,51.25,-3.75
2025-12-19 08:00:00,7.79,11.83,51.25,-3.75,51.25,-3.75
2025-12-19 09:00:00,7.7,11.41,51.25,-3.75,51.25,-3.75
2025-12-19 10:00:00,6.8,10.0,51.25,-3.75,51.25,-3.75
2025-12-19 11:00:00,7.03,9.53,51.25,-3.75,51.25,-3.75
2025-12-19 12:00:00,7.2,9.14,51.25,-3.75,51.25,-3.75
2025-12-19 13:00:00,8.16,10.41,51.25,-3.75,51.25,-3.75
2025-12-19 14:00:00,8.51,10.89,51.25,-3.75,51.25,-3.75
2025-12-19 15:00:00,7.74,10.56,51.25,-3.75,51.25,-3.75
2025-12-19 16:00:00,7.18,10.02,51.25,-3.75,51.25,-3.75
2025-12-19 17:00:00,6.81,9.6,51.25,-3.75,51.25,-3.75
2025-12-19 18:00:00,5.87,8.52,51.25,-3.75,51.25,-3.75
2025-12-19 19:00:00,5.37,7.87,51.25,-3.75,51.25,-3.75
2025-12-19 20:00:00,5.1,7.61,51.25,-3.75,51.25,-3.75
2025-12-19 21:00:00,5.11,7.59,51.25,-3.75,51.25,-3.75
2025-12-19 22:00:00,5.39,8.1,51.25,-3.75,51.25,-3.75
2025-12-19 23:00:00,5.19,7.75,51.25,-3.75,51.25,-3.75
2025-12-20 00:00:00,5.05,7.48,51.25,-3.75,51.25,-3.75
2025-12-20 01:00:00,5.16,7.65,51.25,-3.75,51.25,-3.75
2025-12-20 02:00:00,5.36,7.93,51.25,-3.75,51.25,-3.75
2025-12-20 03:00:00,5.57,8.05,51.25,-3.75,51.25,-3.75
2025-12-20 04:00:00,5.85,8.26,51.25,-3.75,51.25,-3.75
2025-12-20 05:00:00,6.26,8.86,51.25,-3.75,51.25,-3.75
2025-12-20 06:00:00,6.66,9.32,51.25,-3.75,51.25,-3.75
2025-12-20 07:00:00,6.94,9.77,51.25,-3.75,51.25,-3.75
2025-12-20 08:00:00,7.2,10.11,51.25,-3.75,51.25,-3.75
2025-12-20 09:00:00,7.39,10.4,51.25,-3.75,51.25,-3.75
2025-12-20 10:00:00,7.52,10.22,51.25,-3.75,51.25,-3.75
2025-12-20 11:00:00,8.0,10.81,51.25,-3.75,51.25,-3.75
2025-12-20 12:00:00,8.86,11.65,51.25,-3.75,51.25,-3.75
2025-12-20 13:00:00,9.33,11.94,51.25,-3.75,51.25,-3.75
2025-12-20 14:00:00,9.9,12.68,51.25,-3.75,51.25,-3.75
2025-12-20 15:00:00,9.85,12.9,51.25,-3.75,51.25,-3.75
2025-12-20 16:00:00,10.1,13.33,51.25,-3.75,51.25,-3.75
2025-12-20 17:00:00,10.45,13.83,51.25,-3.75,51.25,-3.75
2025-12-20 18:00:00,10.6,14.07,51.25,-3.75,51.25,-3.75
2025-12-20 19:00:00,10.35,13.73,51.25,-3.75,51.25,-3.75
2025-12-20 20:00:00,9.73,13.2,51.25,-3.75,51.25,-3.75
2025-12-20 21:00:00,9.42,12.75,51.25,-3.75,51.25,-3.75
2025-12-20 22:00:00,8.31,11.66,51.25,-3.75,51.25,-3.75
2025-12-20 23:00:00,6.85,9.55,51.25,-3.75,51.25,-3.75
2025-12-21 00:00:00,5.94,8.09,51.25,-3.75,51.25,-3.75
2025-12-21 01:00:00,5.23,7.12,51.25,-3.75,51.25,-3.75
2025-12-21 02:00:00,4.37,6.13,51.25,-3.75,51.25,-3.75
2025-12-21 03:00:00,3.87,5.39,51.25,-3.75,51.25,-3.75
2025-12-21 04:00:00,3.98,5.31,51.25,-3.75,51.25,-3.75
2025-12-21 05:00:00,4.68,6.15,51.25,-3.75,51.25,-3.75
2025-12-21 06:00:00,5.58,7.38,51.25,-3.75,51.25,-3.75
2025-12-21 07:00:00,5.3,7.17,51.25,-3.75,51.25,-3.75
2025-12-21 08:00:00,4.89,6.66,51.25,-3.75,51.25,-3.75
2025-12-21 09:00:00,5.37,7.12,51.25,-3.75,51.25,-3.75
2025-12-21 10:00:00,6.62,8.95,51.25,-3.75,51.25,-3.75
2025-12-21 11:00:00,7.35,9.27,51.25,-3.75,51.25,-3.75
2025-12-21 12:00:00,7.71,9.92,51.25,-3.75,51.25,-3.75
2025-12-21 13:00:00,7.73,10.16,51.25,-3.75,51.25,-3.75
2025-12-21 14:00:00,7.82,10.36,51.25,-3.75,51.25,-3.75
2025-12-21 15:00:00,8.3,11.05,51.25,-3.75,51.25,-3.75
2025-12-21 16:00:00,8.6,11.75,51.25,-3.75,51.25,-3.75
2025-12-21 17:00:00,7.76,10.89,51.25,-3.75,51.25,-3.75
2025-12-21 18:00:00,8.18,11.41,51.25,-3.75,51.25,-3.75
2025-12-21 19:00:00,8.91,11.56,51.25,-3.75,51.25,-3.75
2025-12-21 20:00:00,8.56,11.51,51.25,-3.75,51.25,-3.75
2025-12-21 21:00:00,9.01,11.58,51.25,-3.75,51.25,-3.75
2025-12-21 22:00:00,8.17,10.78,51.25,-3.75,51.25,-3.75
2025-12-21 23:00:00,8.14,10.38,51.25,-3.75,51.25,-3.75
2025-12-22 00:00:00,8.33,10.75,51.25,-3.75,51.25,-3.75
2025-12-22 01:00:00,7.99,11.18,51.25,-3.75,51.25,-3.75
2025-12-22 02:00:00,7.96,11.88,51.25,-3.75,51.25,-3.75
2025-12-22 03:00:00,8.89,12.39,51.25,-3.75,51.25,-3.75
2025-12-22 04:00:00,9.07,12.47,51.25,-3.75,51.25,-3.75
2025-12-22 05:00:00,9.2,12.47,51.25,-3.75,51.25,-3.75
2025-12-22 06:00:00,8.5,11.43,51.25,-3.75,51.25,-3.75
2025-12-22 07:00:00,7.68,10.34,51.25,-3.75,51.25,-3.75
2025-12-22 08:00:00,6.32,9.26,51.25,-3.75,51.25,-3.75
2025-12-22 09:00:00,6.11,8.56,51.25,-3.75,51.25,-3.75
2025-12-22 10:00:00,6.68,9.12,51.25,-3.75,51.25,-3.75
2025-12-22 11:00:00,6.71,9.31,51.25,-3.75,51.25,-3.75
2025-12-22 12:00:00,6.73,9.06,51.25,-3.75,51.25,-3.75
2025-12-22 13:00:00,6.77,9.42,51.25,-3.75,51.25,-3.75
2025-12-22 14:00:00,6.54,8.95,51.25,-3.75,51.25,-3.75
2025-12-22 15:00:00,6.21,8.89,51.25,-3.75,51.25,-3.75
2025-12-22 16:00:00,6.37,9.23,51.25,-3.75,51.25,-3.75
2025-12-22 17:00:00,6.52,9.22,51.25,-3.75,51.25,-3.75
2025-12-22 18:00:00,6.45,8.92,51.25,-3.75,51.25,-3.75
2025-12-22 19:00:00,6.7,9.12,51.25,-3.75,51.25,-3.75
2025-12-22 20:00:00,7.2,9.64,51.25,-3.75,51.25,-3.75
2025-12-22 21:00:00,7.21,9.65,51.25,-3.75,51.25,-3.75
2025-12-22 22:00:00,6.96,9.5,51.25,-3.75,51.25,-3.75
2025-12-22 23:00:00,6.97,9.7,51.25,-3.75,51.25,-3.75
2025-12-23 00:00:00,7.11,9.95,51.25,-3.75,51.25,-3.75
2025-12-23 01:00:00,7.26,10.12,51.25,-3.75,51.25,-3.75
2025-12-23 02:00:00,7.56,10.41,51.25,-3.75,51.25,-3.75
2025-12-23 03:00:00,7.74,10.6,51.25,-3.75,51.25,-3.75
2025-12-23 04:00:00,7.94,10.72,51.25,-3.75,51.25,-3.75
2025-12-23 05:00:00,7.88,10.72,51.25,-3.75,51.25,-3.75
2025-12-23 06:00:00,7.54,10.25,51.25,-3.75,51.25,-3.75
2025-12-23 07:00:00,7.41,9.68,51.25,-3.75,51.25,-3.75
2025-12-23 08:00:00,7.61,9.67,51.25,-3.75,51.25,-3.75
2025-12-23 09:00:00,7.78,9.8,51.25,-3.75,51.25,-3.75
2025-12-23 10:00:00,7.59,10.34,51.25,-3.75,51.25,-3.75
2025-12-23 11:00:00,7.65,10.49,51.25,-3.75,51.25,-3.75
2025-12-23 12:00:00,7.72,9.71,51.25,-3.75,51.25,-3.75
2025-12-23 13:00:00,8.08,10.21,51.25,-3.75,51.25,-3.75
2025-12-23 14:00:00,8.64,10.47,51.25,-3.75,51.25,-3.75
2025-12-23 15:00:00,8.65,10.48,51.25,-3.75,51.25,-3.75
2025-12-23 16:00:00,8.28,10.22,51.25,-3.75,51.25,-3.75
2025-12-23 17:00:00,8.47,10.35,51.25,-3.75,51.25,-3.75
2025-12-23 18:00:00,8.7,10.67,51.25,-3.75,51.25,-3.75
2025-12-23 19:00:00,9.17,11.21,51.25,-3.75,51.25,-3.75
2025-12-23 20:00:00,9.77,11.88,51.25,-3.75,51.25,-3.75
2025-12-23 21:00:00,10.32,12.49,51.25,-3.75,51.25,-3.75
2025-12-23 22:00:00,9.71,11.77,51.25,-3.75,51.25,-3.75
2025-12-23 23:00:00,10.2,12.4,51.25,-3.75,51.25,-3.75
2025-12-24 00:00:00,10.69,13.03,51.25,-3.75,51.25,-3.75
2025-12-24 01:00:00,10.88,13.3,51.25,-3.75,51.25,-3.75
2025-12-24 02:00:00,11.13,13.58,51.25,-3.75,51.25,-3.75
2025-12-24 03:00:00,11.39,13.87,51.25,-3.75,51.25,-3.75
2025-12-24 04:00:00,11.63,14.21,51.25,-3.75,51.25,-3.75
2025-12-24 05:00:00,11.68,14.2,51.25,-3.75,51.25,-3.75
2025-12-24 06:00:00,11.47,14.0,51.25,-3.75,51.25,-3.75
2025-12-24 07:00:00,11.46,13.98,51.25,-3.75,51.25,-3.75
2025-12-24 08:00:00,11.95,14.68,51.25,-3.75,51.25,-3.75
2025-12-24 09:00:00,12.05,14.8,51.25,-3.75,51.25,-3.75
2025-12-24 10:00:00,11.73,14.23,51.25,-3.75,51.25,-3.75
2025-12-24 11:00:00,12.16,14.8,51.25,-3.75,51.25,-3.75
2025-12-24 12:00:00,12.6,15.29,51.25,-3.75,51.25,-3.75
2025-12-24 13:00:00,12.34,15.03,51.25,-3.75,51.25,-3.75
2025-12-24 14:00:00,12.18,14.84,51.25,-3.75,51.25,-3.75
2025-12-24 15:00:00,12.03,14.78,51.25,-3.75,51.25,-3.75
2025-12-24 16:00:00,12.32,15.23,51.25,-3.75,51.25,-3.75
2025-12-24 17:00:00,12.45,15.43,51.25,-3.75,51.25,-3.75
2025-12-24 18:00:00,12.37,15.39,51.25,-3.75,51.25,-3.75
2025-12-24 19:00:00,12.3,15.29,51.25,-3.75,51.25,-3.75
2025-12-24 20:00:00,12.63,15.66,51.25,-3.75,51.25,-3.75
2025-12-24 21:00:00,12.72,15.86,51.25,-3.75,51.25,-3.75
2025-12-24 22:00:00,11.74,14.37,51.25,-3.75,51.25,-3.75
2025-12-24 23:00:00,12.79,15.72,51.25,-3.75,51.25,-3.75
2025-12-25 00:00:00,12.03,14.96,51.25,-3.75,51.25,-3.75
2025-12-25 01:00:00,12.01,14.96,51.25,-3.75,51.25,-3.75
2025-12-25 02:00:00,12.48,15.56,51.25,-3.75,51.25,-3.75
2025-12-25 03:00:00,12.85,15.98,51.25,-3.75,51.25,-3.75
2025-12-25 04:00:00,13.33,16.63,51.25,-3.75,51.25,-3.75
2025-12-25 05:00:00,12.99,16.29,51.25,-3.75,51.25,-3.75
2025-12-25 06:00:00,13.2,16.59,51.25,-3.75,51.25,-3.75
2025-12-25 07:00:00,13.62,17.11,51.25,-3.75,51.25,-3.75
2025-12-25 08:00:00,13.58,17.14,51.25,-3.75,51.25,-3.75
2025-12-25 09:00:00,13.55,17.02,51.25,-3.75,51.25,-3.75
2025-12-25 10:00:00,13.63,17.06,51.25,-3.75,51.25,-3.75
2025-12-25 11:00:00,13.71,17.12,51.25,-3.75,51.25,-3.75
2025-12-25 12:00:00,13.91,17.48,51.25,-3.75,51.25,-3.75
2025-12-25 13:00:00,13.92,17.48,51.25,-3.75,51.25,-3.75
2025-12-25 14:00:00,13.85,17.27,51.25,-3.75,51.25,-3.75
2025-12-25 15:00:00,13.78,17.25,51.25,-3.75,51.25,-3.75
2025-12-25 16:00:00,13.22,16.57,51.25,-3.75,51.25,-3.75
2025-12-25 17:00:00,12.78,15.9,51.25,-3.75,51.25,-3.75
2025-12-25 18:00:00,12.33,15.19,51.25,-3.75,51.25,-3.75
2025-12-25 19:00:00,11.78,14.47,51.25,-3.75,51.25,-3.75
2025-12-25 20:00:00,11.53,14.11,51.25,-3.75,51.25,-3.75
2025-12-25 21:00:00,11.8,14.38,51.25,-3.75,51.25,-3.75
2025-12-25 22:00:00,11.49,13.96,51.25,-3.75,51.25,-3.75
2025-12-25 23:00:00,11.46,13.91,51.25,-3.75,51.25,-3.75
2025-12-26 00:00:00,10.99,13.34,51.25,-3.75,51.25,-3.75
2025-12-26 01:00:00,10.55,12.75,51.25,-3.75,51.25,-3.75
2025-12-26 02:00:00,10.02,12.03,51.25,-3.75,51.25,-3.75
2025-12-26 03:00:00,9.8,11.65,51.25,-3.75,51.25,-3.75
2025-12-26 04:00:00,9.61,11.4,51.25,-3.75,51.25,-3.75
2025-12-26 05:00:00,9.26,11.05,51.25,-3.75,51.25,-3.75
2025-12-26 06:00:00,9.23,11.02,51.25,-3.75,51.25,-3.75
2025-12-26 07:00:00,9.3,11.05,51.25,-3.75,51.25,-3.75
2025-12-26 08:00:00,9.56,11.43,51.25,-3.75,51.25,-3.75
2025-12-26 09:00:00,9.73,11.72,51.25,-3.75,51.25,-3.75
2025-12-26 10:00:00,9.46,11.12,51.25,-3.75,51.25,-3.75
2025-12-26 11:00:00,9.44,11.11,51.25,-3.75,51.25,-3.75
2025-12-26 12:00:00,9.58,11.33,51.25,-3.75,51.25,-3.75
2025-12-26 13:00:00,9.24,10.94,51.25,-3.75,51.25,-3.75
2025-12-26 14:00:00,9.09,10.76,51.25,-3.75,51.25,-3.75
2025-12-26 15:00:00,9.15,10.92,51.25,-3.75,51.25,-3.75
2025-12-26 16:00:00,9.35,11.31,51.25,-3.75,51.25,-3.75
2025-12-26 17:00:00,9.42,11.61,51.25,-3.75,51.25,-3.75
2025-12-26 18:00:00,9.06,11.31,51.25,-3.75,51.25,-3.75
2025-12-26 19:00:00,9.27,11.52,51.25,-3.75,51.25,-3.75
2025-12-26 20:00:00,9.53,11.72,51.25,-3.75,51.25,-3.75
2025-12-26 21:00:00,9.41,11.61,51.25,-3.75,51.25,-3.75
2025-12-26 22:00:00,9.91,12.08,51.25,-3.75,51.25,-3.75
2025-12-26 23:00:00,9.28,11.55,51.25,-3.75,51.25,-3.75
2025-12-27 00:00:00,9.32,11.59,51.25,-3.75,51.25,-3.75
2025-12-27 01:00:00,9.49,11.81,51.25,-3.75,51.25,-3.75
2025-12-27 02:00:00,9.44,11.73,51.25,-3.75,51.25,-3.75
2025-12-27 03:00:00,9.35,11.77,51.25,-3.75,51.25,-3.75
2025-12-27 04:00:00,9.82,12.35,51.25,-3.75,51.25,-3.75
2025-12-27 05:00:00,10.17,12.68,51.25,-3.75,51.25,-3.75
2025-12-27 06:00:00,10.16,12.65,51.25,-3.75,51.25,-3.75
2025-12-27 07:00:00,10.14,12.64,51.25,-3.75,51.25,-3.75
2025-12-27 08:00:00,10.36,13.14,51.25,-3.75,51.25,-3.75
2025-12-27 09:00:00,11.0,13.97,51.25,-3.75,51.25,-3.75
2025-12-27 10:00:00,11.22,13.98,51.25,-3.75,51.25,-3.75
2025-12-27 11:00:00,11.31,14.33,51.25,-3.75,51.25,-3.75
2025-12-27 12:00:00,11.47,14.5,51.25,-3.75,51.25,-3.75
2025-12-27 13:00:00,11.29,14.32,51.25,-3.75,51.25,-3.75
2025-12-27 14:00:00,10.82,13.73,51.25,-3.75,51.25,-3.75
2025-12-27 15:00:00,10.38,13.16,51.25,-3.75,51.25,-3.75
2025-12-27 16:00:00,11.23,14.22,51.25,-3.75,51.25,-3.75
2025-12-27 17:00:00,12.61,15.82,51.25,-3.75,51.25,-3.75
2025-12-27 18:00:00,12.63,16.02,51.25,-3.75,51.25,-3.75
2025-12-27 19:00:00,12.55,15.95,51.25,-3.75,51.25,-3.75
2025-12-27 20:00:00,12.44,15.8,51.25,-3.75,51.25,-3.75
2025-12-27 21:00:00,12.4,15.7,51.25,-3.75,51.25,-3.75
2025-12-27 22:00:00,11.5,14.43,51.25,-3.75,51.25,-3.75
2025-12-27 23:00:00,11.15,13.97,51.25,-3.75,51.25,-3.75
2025-12-28 00:00:00,10.82,13.52,51.25,-3.75,51.25,-3.75
2025-12-28 01:00:00,10.87,13.49,51.25,-3.75,51.25,-3.75
2025-12-28 02:00:00,10.71,13.36,51.25,-3.75,51.25,-3.75
2025-12-28 03:00:00,10.56,13.14,51.25,-3.75,51.25,-3.75
2025-12-28 04:00:00,10.71,13.34,51.25,-3.75,51.25,-3.75
2025-12-28 05:00:00,10.14,12.59,51.25,-3.75,51.25,-3.75
2025-12-28 06:00:00,9.99,12.34,51.25,-3.75,51.25,-3.75
2025-12-28 07:00:00,9.94,12.28,51.25,-3.75,51.25,-3.75
2025-12-28 08:00:00,9.92,12.16,51.25,-3.75,51.25,-3.75
2025-12-28 09:00:00,9.78,11.82,51.25,-3.75,51.25,-3.75
2025-12-28 10:00:00,8.86,10.49,51.25,-3.75,51.25,-3.75
2025-12-28 11:00:00,8.43,9.93,51.25,-3.75,51.25,-3.75
2025-12-28 12:00:00,8.03,9.33,51.25,-3.75,51.25,-3.75
2025-12-28 13:00:00,7.49,8.64,51.25,-3.75,51.25,-3.75
2025-12-28 14:00:00,7.1,8.16,51.25,-3.75,51.25,-3.75
2025-12-28 15:00:00,7.28,8.44,51.25,-3.75,51.25,-3.75
2025-12-28 16:00:00,7.29,8.7,51.25,-3.75,51.25,-3.75
2025-12-28 17:00:00,7.6,9.11,51.25,-3.75,51.25,-3.75
2025-12-28 18:00:00,8.02,9.67,51.25,-3.75,51.25,-3.75
2025-12-28 19:00:00,8.18,9.72,51.25,-3.75,51.25,-3.75
2025-12-28 20:00:00,7.91,9.4,51.25,-3.75,51.25,-3.75
2025-12-28 21:00:00,7.55,8.94,51.25,-3.75,51.25,-3.75
2025-12-28 22:00:00,6.77,8.07,51.25,-3.75,51.25,-3.75
2025-12-28 23:00:00,6.42,7.65,51.25,-3.75,51.25,-3.75
2025-12-29 00:00:00,6.39,7.52,51.25,-3.75,51.25,-3.75
2025-12-29 01:00:00,6.41,7.66,51.25,-3.75,51.25,-3.75
2025-12-29 02:00:00,6.96,8.37,51.25,-3.75,51.25,-3.75
2025-12-29 03:00:00,7.63,9.16,51.25,-3.75,51.25,-3.75
2025-12-29 04:00:00,7.96,9.6,51.25,-3.75,51.25,-3.75
2025-12-29 05:00:00,8.15,9.9,51.25,-3.75,51.25,-3.75
2025-12-29 06:00:00,7.81,9.57,51.25,-3.75,51.25,-3.75
2025-12-29 07:00:00,8.09,9.75,51.25,-3.75,51.25,-3.75
2025-12-29 08:00:00,8.58,10.23,51.25,-3.75,51.25,-3.75
2025-12-29 09:00:00,8.77,10.42,51.25,-3.75,51.25,-3.75
2025-12-29 10:00:00,8.23,9.77,51.25,-3.75,51.25,-3.75
2025-12-29 11:00:00,8.12,9.61,51.25,-3.75,51.25,-3.75
2025-12-29 12:00:00,7.71,9.01,51.25,-3.75,51.25,-3.75
2025-12-29 13:00:00,7.16,8.3,51.25,-3.75,51.25,-3.75
2025-12-29 14:00:00,6.83,7.93,51.25,-3.75,51.25,-3.75
2025-12-29 15:00:00,6.7,7.82,51.25,-3.75,51.25,-3.75
2025-12-29 16:00:00,6.97,8.27,51.25,-3.75,51.25,-3.75
2025-12-29 17:00:00,7.28,8.77,51.25,-3.75,51.25,-3.75
2025-12-29 18:00:00,7.59,9.22,51.25,-3.75,51.25,-3.75
2025-12-29 19:00:00,8.06,9.84,51.25,-3.75,51.25,-3.75
2025-12-29 20:00:00,8.47,10.28,51.25,-3.75,51.25,-3.75
2025-12-29 21:00:00,8.77,10.74,51.25,-3.75,51.25,-3.75
2025-12-29 22:00:00,8.26,10.16,51.25,-3.75,51.25,-3.75
2025-12-29 23:00:00,7.88,9.59,51.25,-3.75,51.25,-3.75
2025-12-30 00:00:00,7.59,9.25,51.25,-3.75,51.25,-3.75
2025-12-30 01:00:00,7.44,9.06,51.25,-3.75,51.25,-3.75
2025-12-30 02:00:00,7.95,9.62,51.25,-3.75,51.25,-3.75
2025-12-30 03:00:00,8.52,10.28,51.25,-3.75,51.25,-3.75
2025-12-30 04:00:00,8.9,10.91,51.25,-3.75,51.25,-3.75
2025-12-30 05:00:00,8.94,10.96,51.25,-3.75,51.25,-3.75
2025-12-30 06:00:00,9.4,11.45,51.25,-3.75,51.25,-3.75
2025-12-30 07:00:00,8.97,11.07,51.25,-3.75,51.25,-3.75
2025-12-30 08:00:00,8.97,11.02,51.25,-3.75,51.25,-3.75
2025-12-30 09:00:00,8.33,10.28,51.25,-3.75,51.25,-3.75
2025-12-30 10:00:00,7.97,9.58,51.25,-3.75,51.25,-3.75
2025-12-30 11:00:00,7.68,9.19,51.25,-3.75,51.25,-3.75
2025-12-30 12:00:00,7.65,9.11,51.25,-3.75,51.25,-3.75
2025-12-30 13:00:00,7.69,9.14,51.25,-3.75,51.25,-3.75
2025-12-30 14:00:00,7.99,9.49,51.25,-3.75,51.25,-3.75
2025-12-30 15:00:00,7.89,9.42,51.25,-3.75,51.25,-3.75
2025-12-30 16:00:00,7.49,9.16,51.25,-3.75,51.25,-3.75
2025-12-30 17:00:00,7.02,8.76,51.25,-3.75,51.25,-3.75
2025-12-30 18:00:00,6.59,8.29,51.25,-3.75,51.25,-3.75
2025-12-30 19:00:00,6.51,8.11,51.25,-3.75,51.25,-3.75
2025-12-30 20:00:00,6.32,7.94,51.25,-3.75,51.25,-3.75
2025-12-30 21:00:00,5.99,7.56,51.25,-3.75,51.25,-3.75
2025-12-30 22:00:00,6.48,8.0,51.25,-3.75,51.25,-3.75
2025-12-30 23:00:00,5.91,7.38,51.25,-3.75,51.25,-3.75
2025-12-31 00:00:00,5.4,6.71,51.25,-3.75,51.25,-3.75
2025-12-31 01:00:00,4.89,6.09,51.25,-3.75,51.25,-3.75
2025-12-31 02:00:00,4.55,5.63,51.25,-3.75,51.25,-3.75
2025-12-31 03:00:00,4.11,4.98,51.25,-3.75,51.25,-3.75
2025-12-31 04:00:00,3.91,4.57,51.25,-3.75,51.25,-3.75
2025-12-31 05:00:00,3.75,4.34,51.25,-3.75,51.25,-3.75
2025-12-31 06:00:00,3.37,3.99,51.25,-3.75,51.25,-3.75
2025-12-31 07:00:00,3.01,3.32,51.25,-3.75,51.25,-3.75
2025-12-31 08:00:00,2.12,2.38,51.25,-3.75,51.25,-3.75
2025-12-31 09:00:00,1.32,1.69,51.25,-3.75,51.25,-3.75
2025-12-31 10:00:00,1.32,1.54,51.25,-3.75,51.25,-3.75
2025-12-31 11:00:00,0.49,0.47,51.25,-3.75,51.25,-3.75
2025-12-31 12:00:00,0.74,0.6,51.25,-3.75,51.25,-3.75
2025-12-31 13:00:00,1.23,1.25,51.25,-3.75,51.25,-3.75
2025-12-31 14:00:00,1.91,2.07,51.25,-3.75,51.25,-3.75
2025-12-31 15:00:00,2.53,2.79,51.25,-3.75,51.25,-3.75
2025-12-31 16:00:00,2.93,3.22,51.25,-3.75,51.25,-3.75
2025-12-31 17:00:00,3.25,3.67,51.25,-3.75,51.25,-3.75
2025-12-31 18:00:00,3.48,4.22,51.25,-3.75,51.25,-3.75
2025-12-31 19:00:00,3.99,4.9,51.25,-3.75,51.25,-3.75
2025-12-31 20:00:00,4.43,5.44,51.25,-3.75,51.25,-3.75
2025-12-31 21:00:00,5.13,6.17,51.25,-3.75,51.25,-3.75
2025-12-31 22:00:00,5.97,7.16,51.25,-3.75,51.25,-3.75
2025-12-31 23:00:00,7.21,8.66,51.25,-3.75,51.25,-3.75
