timestamp,hour,fixed_load_mw,flexible_arrival_mw,sst_c,wind_mw,carbon_kg_per_mwh,price_usd_per_mwh
2025-01-01 00:00:00,0,3.320132389,1.422913881,11.6,12.292540573148003,416.0,130.8493536808262
2025-01-01 01:00:00,1,3.7900010797652386,1.624286177042245,11.6,8.294809534161228,288.0,130.8493536808262
2025-01-01 02:00:00,2,3.6190419630609316,1.5510179841689709,11.7,6.090600353851189,244.0,130.8493536808262
2025-01-01 03:00:00,3,3.6575187171370116,1.5675080216301478,11.7,4.286738597638157,227.0,130.8493536808262
2025-01-01 04:00:00,4,3.5291020739933585,1.512472317425725,11.7,3.099471720219263,253.0,130.8493536808262
2025-01-01 05:00:00,5,3.4939466818798133,1.4974057208056342,11.8,2.019353759944072,324.0,130.8493536808262
2025-01-01 06:00:00,6,3.309948517796167,1.4185493647697858,11.8,1.045844363433284,423.0,130.8493536808262
2025-01-01 07:00:00,7,3.5865759219921642,1.5371039665680704,11.8,0.6511083760572106,489.0,130.8493536808262
2025-01-01 08:00:00,8,4.010788451717506,1.7189093364503594,11.8,0.4668585612922101,498.0,130.8493536808262
2025-01-01 09:00:00,9,4.09767712997184,1.7561473414165032,11.8,0.383025373064008,499.0,130.8493536808262
2025-01-01 10:00:00,10,4.158172177754778,1.7820737904663333,11.7,0.2809044005815627,499.0,130.8493536808262
2025-01-01 11:00:00,11,4.260288202565879,1.825837801099662,11.7,0.0,500.0,130.8493536808262
2025-01-01 12:00:00,12,4.081555924404652,1.7492382533162796,11.7,0.0,499.0,130.8493536808262
2025-01-01 13:00:00,13,4.810985511770571,2.061850933615959,11.7,0.0,498.0,130.8493536808262
2025-01-01 14:00:00,14,5.063022217163054,2.1698666644984517,11.7,0.0,498.0,130.8493536808262
2025-01-01 15:00:00,15,4.521929068331474,1.937969600713489,11.6,0.0,497.0,130.8493536808262
2025-01-01 16:00:00,16,4.478274872775162,1.9192606597607835,11.6,0.0,497.0,130.8493536808262
2025-01-01 17:00:00,17,4.7200393989934,2.0228740281400284,11.6,0.0,497.0,130.8493536808262
2025-01-01 18:00:00,18,5.357869476985421,2.2962297758508945,11.6,0.0,496.0,130.8493536808262
2025-01-01 19:00:00,19,5.521982175250417,2.3665637893930356,11.6,0.0034953623793860422,497.0,130.8493536808262
2025-01-01 20:00:00,20,5.365573727537532,2.299531597516085,11.6,0.2670809963710677,496.0,130.8493536808262
2025-01-01 21:00:00,21,5.02899024009586,2.155281531469654,11.6,0.6662510483443164,495.0,130.8493536808262
2025-01-01 22:00:00,22,5.221713144674453,2.237877062003337,11.6,1.9054296763739567,482.0,130.8493536808262
2025-01-01 23:00:00,23,4.872964913522315,2.088413534366706,11.6,1.5885924641263807,419.0,130.8493536808262
2025-01-02 00:00:00,24,5.205925613138405,2.2311109770593163,11.6,1.0164085382553105,357.0,130.8493536808262
2025-01-02 01:00:00,25,5.417206473771633,2.3216599173306998,11.6,0.25486939081566595,301.0,130.8493536808262
2025-01-02 02:00:00,26,4.900561766170865,2.1002407569303707,11.6,0.0,255.0,130.8493536808262
2025-01-02 03:00:00,27,4.708574495584919,2.0179604981078225,11.6,0.0,247.0,130.8493536808262
2025-01-02 04:00:00,28,4.267959384762572,1.8291254506125307,11.7,0.0,286.0,130.8493536808262
2025-01-02 05:00:00,29,4.986277957952545,2.1369762676939477,11.7,0.0,352.0,130.8493536808262
2025-01-02 06:00:00,30,4.701958600153519,2.0151251143515077,11.7,0.0,434.0,130.8493536808262
2025-01-02 07:00:00,31,4.755831443614129,2.038213475834627,11.7,0.0,491.0,130.8493536808262
2025-01-02 08:00:00,32,3.942078859582964,1.6894623683926988,11.6,0.1484732740699559,499.0,130.8493536808262
2025-01-02 09:00:00,33,4.251536066808562,1.822086885775098,11.6,0.5287961472293731,498.0,130.8493536808262
2025-01-02 10:00:00,34,4.25293690903942,1.82268724673118,11.6,0.11774608970704506,497.0,130.8493536808262
2025-01-02 11:00:00,35,4.034025380023985,1.7288680200102793,11.6,0.0,499.0,130.8493536808262
2025-01-02 12:00:00,36,4.294798489010661,1.8406279238617116,11.6,0.0,498.0,130.8493536808262
2025-01-02 13:00:00,37,4.818139838247802,2.0649170735347724,11.6,0.0,497.0,130.8493536808262
2025-01-02 14:00:00,38,4.644686594983718,1.9905799692787365,11.6,0.0,495.0,130.8493536808262
2025-01-02 15:00:00,39,4.880857243716674,2.0917959615928603,11.6,0.0,492.0,130.8493536808262
2025-01-02 16:00:00,40,4.6201010484448854,1.9800433064763792,11.6,0.0,492.0,130.8493536808262
2025-01-02 17:00:00,41,4.641558917166524,1.98923953592851,11.6,0.525488864018201,493.0,130.8493536808262
2025-01-02 18:00:00,42,4.829106185629712,2.069616936698448,11.6,2.841658734927524,494.0,130.8493536808262
2025-01-02 19:00:00,43,5.00950080058253,2.14692891453537,11.6,6.1321500727244365,495.0,130.8493536808262
2025-01-02 20:00:00,44,4.55734426452301,1.9531475419384328,11.6,9.280260210656277,495.0,130.8493536808262
2025-01-02 21:00:00,45,4.377041076699134,1.875874747156772,11.5,11.195813350829354,496.0,130.8493536808262
2025-01-02 22:00:00,46,4.530107811108847,1.9414747761895055,11.5,2.449092691332143,489.0,130.8493536808262
2025-01-02 23:00:00,47,4.813735798750036,2.0630296280357294,11.5,1.5943469351631765,449.0,130.8493536808262
2025-01-03 00:00:00,48,4.9100668853705525,2.104314379444522,11.5,1.9353874149489676,408.0,130.8493536808262
2025-01-03 01:00:00,49,5.140884401718193,2.203236172164939,11.5,3.028013430823396,378.0,130.8493536808262
2025-01-03 02:00:00,50,4.615937916790713,1.97825910719602,11.5,2.768537736446329,367.0,130.8493536808262
2025-01-03 03:00:00,51,4.615124612085821,1.9779105480367802,11.6,2.7009933510359274,370.0,130.8493536808262
2025-01-03 04:00:00,52,4.113177120351179,1.7627901944362196,11.6,1.9620404622847707,377.0,130.8493536808262
2025-01-03 05:00:00,53,3.9886163505844006,1.7094070073933145,11.6,1.4627080979877571,412.0,130.8493536808262
2025-01-03 06:00:00,54,3.7934896402830556,1.6257812744070237,11.6,1.065569816566284,461.0,130.8493536808262
2025-01-03 07:00:00,55,4.085310717194666,1.7508474502262856,11.6,0.8252218491394208,495.0,130.8493536808262
2025-01-03 08:00:00,56,4.252744526566708,1.8226047971000179,11.6,1.2913085122577257,499.0,130.8493536808262
2025-01-03 09:00:00,57,4.511230404396613,1.93338445902712,11.6,2.4145982818244454,499.0,130.8493536808262
2025-01-03 10:00:00,58,4.689555404931765,2.0098094592564704,11.5,1.53765024942369,499.0,130.8493536808262
2025-01-03 11:00:00,59,4.8313755916695005,2.0705895392869285,11.5,1.410935345353578,498.0,130.8493536808262
2025-01-03 12:00:00,60,4.75933087435711,2.0397132318673323,11.5,0.9781673608634491,498.0,130.8493536808262
2025-01-03 13:00:00,61,4.718358363241839,2.0221535842465026,11.5,1.2358916717038486,497.0,130.8493536808262
2025-01-03 14:00:00,62,4.7440407645708875,2.0331603276732375,11.4,2.1205524758245375,498.0,130.8493536808262
2025-01-03 15:00:00,63,4.956178202841406,2.124076372646317,11.4,6.986156774707855,496.0,130.8493536808262
2025-01-03 16:00:00,64,5.009085842050502,2.1467510751645005,11.4,12.375519343016087,495.0,130.8493536808262
2025-01-03 17:00:00,65,5.032526140195236,2.1567969172265293,11.4,10.159033604904893,496.0,130.8493536808262
2025-01-03 18:00:00,66,4.67940953627262,2.0054612298311225,11.4,8.053706924239403,496.0,130.8493536808262
2025-01-03 19:00:00,67,4.93233323152962,2.1138570992269803,11.4,8.619675789656513,496.0,130.8493536808262
2025-01-03 20:00:00,68,4.545472768463162,1.9480597579127834,11.4,12.234728139740284,496.0,130.8493536808262
2025-01-03 21:00:00,69,4.677642702570116,2.0047040153871927,11.4,15.0,495.0,130.8493536808262
2025-01-03 22:00:00,70,4.744192511097314,2.0332253618988485,11.4,12.993672211858764,484.0,130.8493536808262
2025-01-03 23:00:00,71,4.5727006387915345,1.9597288451963717,11.4,9.224687376384628,428.0,130.8493536808262
2025-01-04 00:00:00,72,4.434930367649517,1.9006844432783643,11.4,7.7132564880594945,369.0,130.8493536808262
2025-01-04 01:00:00,73,4.48510516041795,1.922187925893407,11.4,6.7395010752126705,318.0,130.8493536808262
2025-01-04 02:00:00,74,4.248010579843476,1.820575962790061,11.4,4.928523330876819,291.0,130.8493536808262
2025-01-04 03:00:00,75,4.653272371922695,1.994259587966869,11.4,2.9697415141341716,287.0,130.8493536808262
2025-01-04 04:00:00,76,4.533013317402156,1.9427199931723524,11.4,1.9544641918734857,307.0,130.8493536808262
2025-01-04 05:00:00,77,4.526585659528363,1.9399652826550127,11.4,1.0661509858917,362.0,130.8493536808262
2025-01-04 06:00:00,78,4.058108939297777,1.739189545413333,11.4,0.543673092816956,435.0,130.8493536808262
2025-01-04 07:00:00,79,3.9916619649568075,1.7107122706957745,11.4,0.4090372813212486,490.0,130.8493536808262
2025-01-04 08:00:00,80,4.330002565001823,1.8557153850007808,11.4,0.44129765647193236,500.0,130.8493536808262
2025-01-04 09:00:00,81,3.926460350929142,1.682768721826775,11.4,0.2618532523480778,500.0,130.8493536808262
2025-01-04 10:00:00,82,4.146114224985038,1.7769060964221588,11.4,0.0,500.0,130.8493536808262
2025-01-04 11:00:00,83,4.557278033665739,1.9531191572853164,11.4,0.0,499.0,130.8493536808262
2025-01-04 12:00:00,84,4.261430707717425,1.8263274461646104,11.4,0.0,498.0,130.8493536808262
2025-01-04 13:00:00,85,5.151671344886232,2.207859147808385,11.4,0.0,496.0,130.8493536808262
2025-01-04 14:00:00,86,4.653778617168247,1.994476550214963,11.4,0.2561488065474532,496.0,130.8493536808262
2025-01-04 15:00:00,87,5.012698915309516,2.1482995351326495,11.4,0.8079059787371267,496.0,130.8493536808262
2025-01-04 16:00:00,88,4.81203644205603,2.0623013323097275,11.3,0.7706625550810324,495.0,130.8493536808262
2025-01-04 17:00:00,89,5.509062290653743,2.361026695994461,11.3,0.5879777985827248,496.0,130.8493536808262
2025-01-04 18:00:00,90,5.263831833598557,2.2559279286850953,11.3,0.40608498364325685,496.0,130.8493536808262
2025-01-04 19:00:00,91,5.4989554261363285,2.356695182629855,11.3,0.0,496.0,130.8493536808262
2025-01-04 20:00:00,92,5.831107496262872,2.4990460698269445,11.3,0.0,496.0,130.8493536808262
2025-01-04 21:00:00,93,5.877073619723949,2.5187458370245492,11.2,0.008288730614448259,497.0,130.8493536808262
2025-01-04 22:00:00,94,5.781404018765279,2.477744579470834,11.2,0.0,485.0,130.8493536808262
2025-01-04 23:00:00,95,5.756027952882538,2.4668691226639448,11.2,0.0,428.0,130.8493536808262
2025-01-05 00:00:00,96,5.532246967571348,2.3709629861020063,11.2,0.0,366.0,130.8493536808262
2025-01-05 01:00:00,97,5.079248525827291,2.1768207967831246,11.2,0.0,314.0,130.8493536808262
2025-01-05 02:00:00,98,4.415030712645901,1.892156019705386,11.2,0.0,289.0,130.8493536808262
2025-01-05 03:00:00,99,4.296857810272666,1.8415104901168569,11.3,0.0,297.0,130.8493536808262
2025-01-05 04:00:00,100,4.183799229203028,1.793056812515583,11.3,0.13247016035978695,343.0,130.8493536808262
2025-01-05 05:00:00,101,4.214983747682378,1.8064216061495908,11.3,1.1319401552510155,393.0,130.8493536808262
2025-01-05 06:00:00,102,3.8345973167060734,1.6433988500168886,11.3,2.6440552009998095,450.0,130.8493536808262
2025-01-05 07:00:00,103,3.5762680435194096,1.5326863043654613,11.3,3.4676055549357674,492.0,130.8493536808262
2025-01-05 08:00:00,104,3.6984439326176473,1.5850473996932772,11.3,4.418419007932856,499.0,130.8493536808262
2025-01-05 09:00:00,105,4.229460320745997,1.8126258517482843,11.3,5.350100887999648,499.0,130.8493536808262
2025-01-05 10:00:00,106,3.703440675149621,1.587188860778409,11.2,2.705092976700926,498.0,130.8493536808262
2025-01-05 11:00:00,107,4.352285024573638,1.8652650105315594,11.2,4.367691314118305,498.0,130.8493536808262
2025-01-05 12:00:00,108,3.9848825257631235,1.707806796755624,11.2,4.578105291131594,499.0,130.8493536808262
2025-01-05 13:00:00,109,4.649659084463098,1.9927110361984703,11.2,4.0253536783132695,496.0,130.8493536808262
2025-01-05 14:00:00,110,4.602498291668545,1.9724992678579476,11.2,3.5178175328928964,496.0,130.8493536808262
2025-01-05 15:00:00,111,4.710975700624395,2.0189895859818834,11.2,3.64836494209568,496.0,130.8493536808262
2025-01-05 16:00:00,112,4.216662311325539,1.807140990568088,11.2,3.041639847954637,496.0,130.8493536808262
2025-01-05 17:00:00,113,4.332456861516816,1.8567672263643493,11.2,1.606496366963812,496.0,130.8493536808262
2025-01-05 18:00:00,114,4.400686357943021,1.8860084391184375,11.2,0.6074261336453017,496.0,130.8493536808262
2025-01-05 19:00:00,115,4.035016303098902,1.7292927013281008,11.2,0.22081274529690761,496.0,130.8493536808262
2025-01-05 20:00:00,116,3.865449855729163,1.6566213667410699,11.2,0.21469155701218529,497.0,130.8493536808262
2025-01-05 21:00:00,117,3.7734261923284613,1.6171826538550549,11.1,0.07234593953793912,501.0,130.8493536808262
2025-01-05 22:00:00,118,3.651686930891405,1.565008684667745,11.1,0.1705763664156787,496.0,130.8493536808262
2025-01-05 23:00:00,119,3.7736439321625608,1.6172759709268116,11.1,0.059565361413203316,475.0,130.8493536808262
2025-01-06 00:00:00,120,4.0169532978864435,1.7215514133799044,11.1,1.0694443910488847,464.0,130.8493536808262
2025-01-06 01:00:00,121,4.745432585307528,2.0337568222746545,11.1,1.3302771512146676,461.0,130.8493536808262
2025-01-06 02:00:00,122,3.751083414420239,1.607607177608674,11.1,2.368177359022417,453.0,130.8493536808262
2025-01-06 03:00:00,123,3.9779415197189545,1.7048320798795518,11.1,2.6720035313374795,447.0,130.8493536808262
2025-01-06 04:00:00,124,3.9382235674480106,1.6878101003348616,11.2,3.8314130502478996,470.0,130.8493536808262
2025-01-06 05:00:00,125,3.8679161651016933,1.6576783564721544,11.2,6.8539885271732945,479.0,130.8493536808262
2025-01-06 06:00:00,126,3.852052503924243,1.650879644538961,11.2,13.977622859104654,491.0,130.8493536808262
2025-01-06 07:00:00,127,3.882883935659857,1.6640931152827958,11.2,15.0,502.0,130.8493536808262
2025-01-06 08:00:00,128,4.244791111052683,1.8191961904511493,11.2,15.0,502.0,130.8493536808262
2025-01-06 09:00:00,129,3.8870480163468217,1.665877721291495,11.2,15.0,502.0,130.8493536808262
2025-01-06 10:00:00,130,4.213847620036334,1.8059346943012857,11.1,15.0,501.0,130.8493536808262
2025-01-06 11:00:00,131,4.125433369115227,1.7680428724779544,11.1,15.0,501.0,130.8493536808262
2025-01-06 12:00:00,132,3.968624846827467,1.7008392200689144,11.1,7.820088140868447,501.0,130.8493536808262
2025-01-06 13:00:00,133,4.634971813666971,1.986416491571559,11.1,1.3906381188991546,500.0,130.8493536808262
2025-01-06 14:00:00,134,4.275772722627613,1.8324740239832624,11.1,2.438306041932984,499.0,130.8493536808262
2025-01-06 15:00:00,135,4.374389996203217,1.8747385698013788,11.1,7.727039204759232,498.0,130.8493536808262
2025-01-06 16:00:00,136,4.197250825887564,1.7988217825232418,11.1,5.90800351774571,498.0,130.8493536808262
2025-01-06 17:00:00,137,4.291865419674388,1.8393708941461664,11.1,3.6350346895578043,497.0,130.8493536808262
2025-01-06 18:00:00,138,4.194917649807378,1.7978218499174479,11.1,4.013798766110235,497.0,130.8493536808262
2025-01-06 19:00:00,139,3.9949275755301734,1.7121118180843602,11.1,2.6945288913883383,497.0,130.8493536808262
2025-01-06 20:00:00,140,4.2141978483363705,1.806084792144159,11.1,1.1284848821197744,497.0,130.8493536808262
2025-01-06 21:00:00,141,3.9886469212195212,1.7094201090940804,11.1,0.0,499.0,130.8493536808262
2025-01-06 22:00:00,142,3.945571787923126,1.6909593376813394,11.1,0.7970008182397225,492.0,130.8493536808262
2025-01-06 23:00:00,143,3.890516601190643,1.6673642576531327,11.1,2.6205281049711657,463.0,130.8493536808262
2025-01-07 00:00:00,144,4.360802901015484,1.8689155290066357,11.1,1.7678150760679603,431.0,130.8493536808262
2025-01-07 01:00:00,145,4.1648128981410135,1.7849198134890059,11.1,0.47183172237220916,397.0,130.8493536808262
2025-01-07 02:00:00,146,3.802890195060552,1.6298100835973792,11.1,0.2783497376105485,368.0,130.8493536808262
2025-01-07 03:00:00,147,3.3825467627673715,1.4496628983288735,11.2,0.3635642194264278,357.0,130.8493536808262
2025-01-07 04:00:00,148,3.3474759685046993,1.4346325579305854,11.2,0.5928981369396171,374.0,130.8493536808262
2025-01-07 05:00:00,149,3.358226327515717,1.4392398546495928,11.2,4.252646379967858,405.0,130.8493536808262
2025-01-07 06:00:00,150,3.461585766293558,1.4835367569829534,11.2,11.966813229116587,452.0,130.8493536808262
2025-01-07 07:00:00,151,3.7867574445813132,1.6228960476777057,11.2,15.0,494.0,130.8493536808262
2025-01-07 08:00:00,152,3.7859521186220237,1.6225509079808673,11.2,15.0,499.0,130.8493536808262
2025-01-07 09:00:00,153,3.6534128164086868,1.565748349889437,11.2,15.0,499.0,130.8493536808262
2025-01-07 10:00:00,154,3.7355897959342523,1.6009670554003939,11.1,15.0,499.0,130.8493536808262
2025-01-07 11:00:00,155,3.5964076954416275,1.5413175837606974,11.1,15.0,498.0,130.8493536808262
2025-01-07 12:00:00,156,3.7324059551736686,1.5996025522172865,11.1,12.029343262092423,498.0,130.8493536808262
2025-01-07 13:00:00,157,4.013884249123189,1.720236106767081,11.1,10.573345804796903,497.0,130.8493536808262
2025-01-07 14:00:00,158,3.7738022155329567,1.6173438066569814,11.1,13.743775666550318,497.0,130.8493536808262
2025-01-07 15:00:00,159,4.022760221395689,1.7240400948838668,11.1,15.0,495.0,130.8493536808262
2025-01-07 16:00:00,160,3.707064928454063,1.5887421121945984,11.1,15.0,494.0,130.8493536808262
2025-01-07 17:00:00,161,3.738966973200707,1.6024144170860175,11.1,15.0,495.0,130.8493536808262
2025-01-07 18:00:00,162,4.041167719878202,1.7319290228049438,11.1,14.953089080890035,495.0,130.8493536808262
2025-01-07 19:00:00,163,3.7622686274790866,1.61240084034818,11.1,15.0,496.0,130.8493536808262
2025-01-07 20:00:00,164,3.4622759697458507,1.4838325584625072,11.0,15.0,497.0,130.8493536808262
2025-01-07 21:00:00,165,3.8526577609209376,1.6511390403946875,11.0,15.0,499.0,130.8493536808262
2025-01-07 22:00:00,166,3.5616975989967465,1.5264418281414627,10.9,15.0,488.0,130.8493536808262
2025-01-07 23:00:00,167,3.6673782744656314,1.5717335461995563,10.9,15.0,444.0,130.8493536808262
2025-01-08 00:00:00,168,3.975916188569895,1.7039640808156693,10.9,11.220901678403386,396.0,130.8493536808262
2025-01-08 01:00:00,169,3.892207022051803,1.668088723736487,10.9,8.694241246479535,354.0,130.8493536808262
2025-01-08 02:00:00,170,4.106645112403566,1.7599907624586708,11.0,6.853973320932479,334.0,130.8493536808262
2025-01-08 03:00:00,171,4.579261758117353,1.9625407534788655,11.0,7.526977144129476,332.0,130.8493536808262
2025-01-08 04:00:00,172,4.066747034685289,1.742891586293695,11.0,9.429632630336243,362.0,130.8493536808262
2025-01-08 05:00:00,173,3.9905711898494483,1.7102447956497635,11.1,10.917856571946812,405.0,130.8493536808262
2025-01-08 06:00:00,174,4.203328120351862,1.8014263372936548,11.1,12.609467711402337,453.0,130.8493536808262
2025-01-08 07:00:00,175,3.900342398684516,1.6715753137219354,11.1,15.0,493.0,130.8493536808262
2025-01-08 08:00:00,176,3.9622883665893482,1.698123585681149,11.1,15.0,499.0,130.8493536808262
2025-01-08 09:00:00,177,3.69500775680825,1.5835747529178217,11.0,15.0,499.0,130.8493536808262
2025-01-08 10:00:00,178,3.591092693833071,1.539039725928459,11.0,15.0,499.0,130.8493536808262
2025-01-08 11:00:00,179,4.121122071405611,1.7661951734595476,10.9,15.0,499.0,130.8493536808262
2025-01-08 12:00:00,180,4.011447573017624,1.7191918170075533,10.9,12.525416212866407,498.0,130.8493536808262
2025-01-08 13:00:00,181,4.316638502910821,1.849987929818923,10.9,11.697738717883293,498.0,130.8493536808262
2025-01-08 14:00:00,182,4.168683853576864,1.7865787943900844,10.9,13.779380219795527,497.0,130.8493536808262
2025-01-08 15:00:00,183,4.473852017757368,1.9173651504674432,10.9,15.0,495.0,130.8493536808262
2025-01-08 16:00:00,184,4.497188673943908,1.927366574547389,10.9,13.950783333072321,494.0,130.8493536808262
2025-01-08 17:00:00,185,4.562944117378008,1.9555474788762885,10.9,13.674114814792677,494.0,130.8493536808262
2025-01-08 18:00:00,186,4.441806102301145,1.903631186700491,10.9,13.191689432486013,494.0,130.8493536808262
2025-01-08 19:00:00,187,4.723527587954758,2.0243689662663242,10.9,12.872673147803674,495.0,130.8493536808262
2025-01-08 20:00:00,188,4.794927911830228,2.0549691050700973,10.9,11.698577538125903,496.0,130.8493536808262
2025-01-08 21:00:00,189,4.420626934168901,1.8945544003581003,10.8,11.014679247273104,499.0,130.8493536808262
2025-01-08 22:00:00,190,4.351897358962073,1.8650988681266023,10.8,15.0,490.0,130.8493536808262
2025-01-08 23:00:00,191,4.930212801200991,2.112948343371853,10.8,14.321630013925366,450.0,130.8493536808262
2025-01-09 00:00:00,192,4.858727406376861,2.0823117455900833,10.8,10.185960673372868,407.0,130.8493536808262
2025-01-09 01:00:00,193,5.095806265730841,2.1839169710275033,10.8,6.321846559088673,369.0,130.8493536808262
2025-01-09 02:00:00,194,4.061513420254043,1.7406486086803041,10.8,7.415715028349084,344.0,130.8493536808262
2025-01-09 03:00:00,195,4.752850382687534,2.0369358782946576,10.9,15.0,328.0,130.8493536808262
2025-01-09 04:00:00,196,5.291229554022333,2.267669808866714,10.9,15.0,356.0,130.8493536808262
2025-01-09 05:00:00,197,5.250007137999418,2.2500030591426072,10.9,15.0,397.0,130.8493536808262
2025-01-09 06:00:00,198,4.803611304609714,2.058690559118449,10.9,15.0,451.0,130.8493536808262
2025-01-09 07:00:00,199,5.093722761844104,2.1830240407903303,10.9,15.0,492.0,130.8493536808262
2025-01-09 08:00:00,200,5.3208116981934275,2.280347870654326,10.9,15.0,500.0,130.8493536808262
2025-01-09 09:00:00,201,5.266422409398476,2.2570381754564894,10.9,15.0,499.0,130.8493536808262
2025-01-09 10:00:00,202,5.583390463449993,2.3928816271928537,10.8,15.0,499.0,130.8493536808262
2025-01-09 11:00:00,203,5.050325308838678,2.1644251323594337,10.8,15.0,498.0,130.8493536808262
2025-01-09 12:00:00,204,5.542403983555186,2.3753159929522227,10.8,9.047194407646696,498.0,130.8493536808262
2025-01-09 13:00:00,205,5.686648690840124,2.437135153217196,10.8,9.3146082710504,498.0,130.8493536808262
2025-01-09 14:00:00,206,5.508125653684055,2.360625280150309,10.8,8.939039211082097,498.0,130.8493536808262
2025-01-09 15:00:00,207,5.019238968327494,2.1511024149974975,10.8,8.574765217746382,496.0,130.8493536808262
2025-01-09 16:00:00,208,4.895923676010913,2.0982530040046767,10.8,8.62731979921695,496.0,130.8493536808262
2025-01-09 17:00:00,209,4.592628795224735,1.9682694836677435,10.7,9.370061916813981,496.0,130.8493536808262
2025-01-09 18:00:00,210,4.660054052459341,1.9971660224825745,10.7,11.714954702415652,496.0,130.8493536808262
2025-01-09 19:00:00,211,4.681322539705063,2.0062810884450264,10.7,15.0,496.0,130.8493536808262
2025-01-09 20:00:00,212,5.064163746952184,2.1703558915509364,10.7,14.234257185356752,498.0,130.8493536808262
2025-01-09 21:00:00,213,5.330260201690954,2.2843972292961228,10.6,10.798851131419626,500.0,130.8493536808262
2025-01-09 22:00:00,214,4.962500933661563,2.1267861144263835,10.6,8.058238076218275,492.0,130.8493536808262
2025-01-09 23:00:00,215,4.730878132604161,2.027519199687497,10.6,4.844058246291048,453.0,130.8493536808262
2025-01-10 00:00:00,216,4.366507553508853,1.8713603800752225,10.6,3.5103402863573003,414.0,130.8493536808262
2025-01-10 01:00:00,217,4.8388614956156975,2.0737977838352992,10.6,3.1301773466565863,378.0,130.8493536808262
2025-01-10 02:00:00,218,4.685376517414708,2.0080185074634467,10.6,3.545492651624132,353.0,130.8493536808262
2025-01-10 03:00:00,219,4.166370382895852,1.785587306955365,10.7,7.811962379706065,344.0,130.8493536808262
2025-01-10 04:00:00,220,3.8470100440490467,1.6487185903067343,10.7,11.944119018931584,363.0,130.8493536808262
2025-01-10 05:00:00,221,4.0927112263641705,1.754019097013216,10.7,8.086179752986158,400.0,130.8493536808262
2025-01-10 06:00:00,222,4.196057365081053,1.7983102993204512,10.7,7.434152968255206,452.0,130.8493536808262
2025-01-10 07:00:00,223,4.016208913439477,1.7212323914740615,10.7,6.684381547428795,494.0,130.8493536808262
2025-01-10 08:00:00,224,5.11901883142918,2.1938652134696484,10.7,6.9582043679584435,501.0,130.8493536808262
2025-01-10 09:00:00,225,4.776800375789858,2.047200161052796,10.6,7.3173479662651895,501.0,130.8493536808262
2025-01-10 10:00:00,226,5.3819782840111525,2.306562121719065,10.6,3.800924971076198,500.0,130.8493536808262
2025-01-10 11:00:00,227,4.814843235332669,2.0635042437140005,10.6,4.4078544186321515,500.0,130.8493536808262
2025-01-10 12:00:00,228,5.16422941074396,2.2132411760331254,10.6,4.193399603181159,500.0,130.8493536808262
2025-01-10 13:00:00,229,5.033484869984537,2.157207801421944,10.6,3.823453339696734,499.0,130.8493536808262
2025-01-10 14:00:00,230,5.380562108543862,2.3059551893759407,10.6,3.474712830111962,500.0,130.8493536808262
2025-01-10 15:00:00,231,5.234058837911354,2.24316807339058,10.6,3.18489796713183,498.0,130.8493536808262
2025-01-10 16:00:00,232,4.951841101576386,2.122217614961308,10.6,3.0853215827665452,498.0,130.8493536808262
2025-01-10 17:00:00,233,4.983311066028284,2.1357047425835503,10.5,2.9307287420859107,499.0,130.8493536808262
2025-01-10 18:00:00,234,4.729701658506329,2.027014996502712,10.5,3.3801137872879012,499.0,130.8493536808262
2025-01-10 19:00:00,235,4.493449285999759,1.9257639797141821,10.5,3.6770794391384847,499.0,130.8493536808262
2025-01-10 20:00:00,236,5.11208475799776,2.1908934677133254,10.5,3.6319830292169937,500.0,130.8493536808262
2025-01-10 21:00:00,237,4.917348285489478,2.1074349794954905,10.4,3.168341199843348,501.0,130.8493536808262
2025-01-10 22:00:00,238,4.846543842714011,2.077090218306005,10.4,2.867371879228845,491.0,130.8493536808262
2025-01-10 23:00:00,239,5.004657377160412,2.1448531616401763,10.4,4.485270267403394,442.0,130.8493536808262
2025-01-11 00:00:00,240,5.070895501567689,2.173240929243295,10.4,4.2053125424145685,379.0,130.8493536808262
2025-01-11 01:00:00,241,5.118783162174802,2.19376421236063,10.4,3.8320713755869136,327.0,130.8493536808262
2025-01-11 02:00:00,242,5.8601127497206695,2.51147689273743,10.4,3.4349170718189286,294.0,130.8493536808262
2025-01-11 03:00:00,243,5.014693804444159,2.1491544876189255,10.4,2.9590007585946783,286.0,130.8493536808262
2025-01-11 04:00:00,244,4.861097922334096,2.0833276810003265,10.5,2.070552136256554,315.0,130.8493536808262
2025-01-11 05:00:00,245,4.62968249887926,1.9841496423768255,10.5,1.2926679318455807,366.0,130.8493536808262
2025-01-11 06:00:00,246,4.119516347318384,1.765507005993593,10.5,0.7959781135790547,436.0,130.8493536808262
2025-01-11 07:00:00,247,4.393413832140157,1.882891642345781,10.5,0.593694855158175,491.0,130.8493536808262
2025-01-11 08:00:00,248,4.555595460333219,1.9523980544285222,10.5,0.33657490487226327,504.0,130.8493536808262
2025-01-11 09:00:00,249,4.398385238886167,1.8850222452369287,10.5,0.09164145912031381,503.0,130.8493536808262
2025-01-11 10:00:00,250,4.167092312287555,1.7858967052660948,10.4,0.0,503.0,130.8493536808262
2025-01-11 11:00:00,251,4.352547174525885,1.8653773605110935,10.4,0.0,502.0,130.8493536808262
2025-01-11 12:00:00,252,4.370056630839618,1.872881413216979,10.4,0.0,501.0,130.8493536808262
2025-01-11 13:00:00,253,4.92077689571717,2.108904383878787,10.4,0.0,500.0,130.8493536808262
2025-01-11 14:00:00,254,4.892509493646909,2.096789782991532,10.4,0.0,499.0,130.8493536808262
2025-01-11 15:00:00,255,4.983366811617155,2.135728633550209,10.4,0.0,500.0,130.8493536808262
2025-01-11 16:00:00,256,5.005881039366189,2.145377588299795,10.4,0.0,500.0,130.8493536808262
2025-01-11 17:00:00,257,5.340941383132243,2.2889748784852473,10.4,0.03614250514431939,501.0,130.8493536808262
2025-01-11 18:00:00,258,5.101599908653503,2.1863999608515012,10.4,0.1557044397455568,501.0,130.8493536808262
2025-01-11 19:00:00,259,4.850475583668111,2.078775250143476,10.4,0.05959132568353661,502.0,130.8493536808262
2025-01-11 20:00:00,260,4.9745336459141605,2.1319429911060683,10.4,0.0,502.0,130.8493536808262
2025-01-11 21:00:00,261,4.712869438629701,2.0198011879841578,10.4,0.03319532045242206,502.0,130.8493536808262
2025-01-11 22:00:00,262,4.688946227052741,2.009548383022603,10.3,0.0,497.0,130.8493536808262
2025-01-11 23:00:00,263,4.691383124671235,2.010592767716244,10.3,0.0,482.0,130.8493536808262
2025-01-12 00:00:00,264,4.9558741722230994,2.1239460738099,10.3,0.0,462.0,130.8493536808262
2025-01-12 01:00:00,265,5.333732472946203,2.285885345548372,10.3,0.0,435.0,130.8493536808262
2025-01-12 02:00:00,266,4.9328457410783635,2.114076746176441,10.3,0.0,408.0,130.8493536808262
2025-01-12 03:00:00,267,4.2988980228573626,1.8423848669388694,10.3,0.0,405.0,130.8493536808262
2025-01-12 04:00:00,268,4.15795461802093,1.7819805505803983,10.4,0.018696956603525095,395.0,130.8493536808262
2025-01-12 05:00:00,269,4.545229787806752,1.9479556233457507,10.4,0.0,417.0,130.8493536808262
2025-01-12 06:00:00,270,4.086214516952468,1.7512347929796295,10.4,0.0,472.0,130.8493536808262
2025-01-12 07:00:00,271,3.8767596174456753,1.6614684074767179,10.4,0.0,499.0,130.8493536808262
2025-01-12 08:00:00,272,4.144768100273922,1.7763291858316808,10.4,0.0,503.0,130.8493536808262
2025-01-12 09:00:00,273,4.288537535424714,1.837944658039163,10.4,0.0,504.0,130.8493536808262
2025-01-12 10:00:00,274,3.9256476678855092,1.6824204290937896,10.3,0.2812131698295797,504.0,130.8493536808262
2025-01-12 11:00:00,275,4.29622736139372,1.8412402977401654,10.3,0.2963660396780531,503.0,130.8493536808262
2025-01-12 12:00:00,276,4.467589195936715,1.9146810839728776,10.3,0.6530678644110164,502.0,130.8493536808262
2025-01-12 13:00:00,277,4.619300556001817,1.979700238286493,10.3,1.117127614314731,500.0,130.8493536808262
2025-01-12 14:00:00,278,4.806021408826302,2.0597234609255577,10.3,1.7362791303159495,500.0,130.8493536808262
2025-01-12 15:00:00,279,4.881584987147404,2.092107851634602,10.3,2.6143027586563514,499.0,130.8493536808262
2025-01-12 16:00:00,280,4.672439732702308,2.002474171158132,10.2,3.995625999616746,498.0,130.8493536808262
2025-01-12 17:00:00,281,4.854102536478154,2.0803296584906374,10.2,5.737496016068062,499.0,130.8493536808262
2025-01-12 18:00:00,282,4.781939964962039,2.049402842126588,10.2,6.362080363867505,499.0,130.8493536808262
2025-01-12 19:00:00,283,4.7589789346410125,2.0395624005604343,10.2,6.224469738476215,499.0,130.8493536808262
2025-01-12 20:00:00,284,4.86953529600208,2.086943698286605,10.2,6.336101133351386,499.0,130.8493536808262
2025-01-12 21:00:00,285,4.6639235032822,1.998824358549514,10.2,6.0642004464295605,499.0,130.8493536808262
2025-01-12 22:00:00,286,4.462035387468287,1.9123008803435513,10.2,5.9959266833533045,486.0,130.8493536808262
2025-01-12 23:00:00,287,4.395925271297209,1.8839679734130892,10.2,3.456301051612955,435.0,130.8493536808262
2025-01-13 00:00:00,288,4.75077159025579,2.036044967252481,10.2,1.0499373457307373,379.0,130.8493536808262
2025-01-13 01:00:00,289,4.249286916830808,1.8211229643560602,10.2,0.7963355585270021,331.0,130.8493536808262
2025-01-13 02:00:00,290,3.9889850302589958,1.709565012968141,10.2,1.5561297903918252,294.0,130.8493536808262
2025-01-13 03:00:00,291,3.935400137277041,1.6866000588330177,10.2,2.034672970254322,285.0,130.8493536808262
2025-01-13 04:00:00,292,3.713890041621584,1.5916671606949646,10.2,4.282367559244907,309.0,130.8493536808262
2025-01-13 05:00:00,293,3.567859793279223,1.5290827685482384,10.3,9.506458387780835,357.0,130.8493536808262
2025-01-13 06:00:00,294,3.527575922236509,1.5118182523870753,10.3,10.088649671631147,426.0,130.8493536808262
2025-01-13 07:00:00,295,3.7355346144799495,1.6009434062056926,10.3,10.372488220896825,486.0,130.8493536808262
2025-01-13 08:00:00,296,3.604847401746004,1.5449346007482874,10.3,10.476113586762501,499.0,130.8493536808262
2025-01-13 09:00:00,297,3.816111307771088,1.6354762747590377,10.3,10.342693772854782,500.0,130.8493536808262
2025-01-13 10:00:00,298,3.4540834917915717,1.4803214964821019,10.2,5.604460388316465,500.0,130.8493536808262
2025-01-13 11:00:00,299,3.6640903440437804,1.5703244331616202,10.2,4.323562578846462,499.0,130.8493536808262
2025-01-13 12:00:00,300,3.8444453910139926,1.647619453291711,10.2,3.719038925355801,499.0,130.8493536808262
2025-01-13 13:00:00,301,4.056471817688446,1.7384879218664768,10.2,3.2972971901495938,497.0,130.8493536808262
2025-01-13 14:00:00,302,3.6342710865533263,1.5575447513799971,10.2,2.3020182275865255,498.0,130.8493536808262
2025-01-13 15:00:00,303,3.6770358270947794,1.575872497326334,10.2,1.2910970457014161,497.0,130.8493536808262
2025-01-13 16:00:00,304,3.6482554965489045,1.5635380699495305,10.2,0.44830504055732473,497.0,130.8493536808262
2025-01-13 17:00:00,305,3.8517713091517534,1.6507591324936086,10.2,0.06881126142834819,498.0,130.8493536808262
2025-01-13 18:00:00,306,3.9373301571393364,1.6874272102025725,10.2,0.0,498.0,130.8493536808262
2025-01-13 19:00:00,307,3.9985163144976137,1.7136498490704057,10.2,0.0,499.0,130.8493536808262
2025-01-13 20:00:00,308,3.688957522462506,1.5809817953410739,10.2,0.0,500.0,130.8493536808262
2025-01-13 21:00:00,309,3.615282408519885,1.5494067465085222,10.1,0.1604611890925235,501.0,130.8493536808262
2025-01-13 22:00:00,310,3.6233336056555787,1.5528572595666763,10.1,0.10975686150185732,491.0,130.8493536808262
2025-01-13 23:00:00,311,3.606717762105367,1.545736183759443,10.1,1.0765908104544555,446.0,130.8493536808262
2025-01-14 00:00:00,312,4.207562286854991,1.80324098008071,10.1,2.005485797497576,398.0,130.8493536808262
2025-01-14 01:00:00,313,3.84267809339014,1.6468620400243457,10.1,5.442586554199312,357.0,130.8493536808262
2025-01-14 02:00:00,314,3.314775016196461,1.4206178640841978,10.2,7.436229667022446,332.0,130.8493536808262
2025-01-14 03:00:00,315,3.207450953009556,1.3746218370040952,10.2,5.718505558924068,315.0,130.8493536808262
2025-01-14 04:00:00,316,3.2499826345649825,1.3928497005278495,10.2,4.451997806267263,341.0,130.8493536808262
2025-01-14 05:00:00,317,3.09380870434825,1.3259180161492499,10.3,4.040629136100525,386.0,130.8493536808262
2025-01-14 06:00:00,318,3.2260809970948263,1.3826061416120683,10.3,3.3483756334127555,447.0,130.8493536808262
2025-01-14 07:00:00,319,3.2053589292901314,1.3737252554100563,10.3,2.1179706577984874,493.0,130.8493536808262
2025-01-14 08:00:00,320,3.620052228419542,1.5514509550369466,10.2,1.2066562507460175,502.0,130.8493536808262
2025-01-14 09:00:00,321,3.2072284964683897,1.3745264984864527,10.2,0.4759239173383253,502.0,130.8493536808262
2025-01-14 10:00:00,322,3.545933654671958,1.5196858520022678,10.2,0.6956187188008589,501.0,130.8493536808262
2025-01-14 11:00:00,323,3.61723201776549,1.5502422933280668,10.1,1.094763256339073,501.0,130.8493536808262
2025-01-14 12:00:00,324,3.6284300347341785,1.555041443457505,10.1,2.4513944901836675,500.0,130.8493536808262
2025-01-14 13:00:00,325,3.8268077788131776,1.6400604766342188,10.1,3.077605732121324,499.0,130.8493536808262
2025-01-14 14:00:00,326,3.81001236198759,1.6328624408518242,10.1,4.524695608660615,497.0,130.8493536808262
2025-01-14 15:00:00,327,3.806193436742478,1.6312257586039192,10.1,5.905268570992384,495.0,130.8493536808262
2025-01-14 16:00:00,328,3.9132408913128547,1.6771032391340805,10.2,6.069015632546373,494.0,130.8493536808262
2025-01-14 17:00:00,329,3.967930482683692,1.700541635435868,10.2,6.027394793618278,495.0,130.8493536808262
2025-01-14 18:00:00,330,3.9313056218399143,1.6848452665028204,10.2,7.279560369614764,495.0,130.8493536808262
2025-01-14 19:00:00,331,4.055241747266403,1.7379607488284583,10.2,9.398408417492854,495.0,130.8493536808262
2025-01-14 20:00:00,332,3.9451696944479924,1.6907870119062824,10.2,13.515260723609543,497.0,130.8493536808262
2025-01-14 21:00:00,333,4.194898567369471,1.7978136717297732,10.1,15.0,500.0,130.8493536808262
2025-01-14 22:00:00,334,4.133515599015587,1.7715066852923946,10.1,15.0,492.0,130.8493536808262
2025-01-14 23:00:00,335,4.264262656121039,1.8275411383375881,10.1,15.0,451.0,130.8493536808262
2025-01-15 00:00:00,336,4.096509276670484,1.7556468328587789,10.1,15.0,406.0,130.8493536808262
2025-01-15 01:00:00,337,4.747429494148529,2.034612640349369,10.1,15.0,365.0,130.8493536808262
2025-01-15 02:00:00,338,4.311179515539742,1.847648363802746,10.2,15.0,347.0,130.8493536808262
2025-01-15 03:00:00,339,4.21062693207864,1.804554399462274,10.2,15.0,345.0,130.8493536808262
2025-01-15 04:00:00,340,4.0588304669997,1.7394987715713,10.2,15.0,374.0,130.8493536808262
2025-01-15 05:00:00,341,4.004328650287355,1.7161408501231519,10.2,15.0,408.0,130.8493536808262
2025-01-15 06:00:00,342,3.6566200856759865,1.5671228938611368,10.2,15.0,448.0,130.8493536808262
2025-01-15 07:00:00,343,3.9450172201499356,1.690721665778544,10.2,15.0,490.0,130.8493536808262
2025-01-15 08:00:00,344,4.162833002693499,1.7840712868686424,10.2,15.0,499.0,130.8493536808262
2025-01-15 09:00:00,345,3.943995790290928,1.6902839101246834,10.2,9.976958631197999,498.0,130.8493536808262
2025-01-15 10:00:00,346,4.500914287426426,1.9289632660398965,10.2,11.673953798943707,497.0,130.8493536808262
2025-01-15 11:00:00,347,4.038182113834154,1.730649477357494,10.2,10.180541756688282,497.0,130.8493536808262
2025-01-15 12:00:00,348,4.162757137748229,1.7840387733206695,10.2,9.579514181899754,497.0,130.8493536808262
2025-01-15 13:00:00,349,5.146074447902722,2.205460477672595,10.2,9.800850118380215,496.0,130.8493536808262
2025-01-15 14:00:00,350,4.455971596781657,1.9097021129064244,10.1,7.310046759480838,496.0,130.8493536808262
2025-01-15 15:00:00,351,4.518232562119018,1.9363853837652936,10.1,5.902885183678115,495.0,130.8493536808262
2025-01-15 16:00:00,352,4.573131200148739,1.959913371492317,10.1,5.401114036138602,495.0,130.8493536808262
2025-01-15 17:00:00,353,5.002410615604715,2.143890263830592,10.1,4.998055569901635,496.0,130.8493536808262
2025-01-15 18:00:00,354,4.865650106970789,2.085278617273195,10.1,4.004811341706188,497.0,130.8493536808262
2025-01-15 19:00:00,355,4.980713168230764,2.1345913578131843,10.1,2.9100418446360306,497.0,130.8493536808262
2025-01-15 20:00:00,356,4.605710289118395,1.9738758381935981,10.1,2.4087975027810393,497.0,130.8493536808262
2025-01-15 21:00:00,357,4.880080802117398,2.0914632009074565,10.1,2.054419141062711,500.0,130.8493536808262
2025-01-15 22:00:00,358,5.003461456461439,2.1443406241977594,10.1,0.4295671686548642,492.0,130.8493536808262
2025-01-15 23:00:00,359,5.121337149384139,2.194858778307488,10.1,0.5295273146264311,459.0,130.8493536808262
2025-01-16 00:00:00,360,5.494337580619076,2.354716105979604,10.1,0.6995261539969057,424.0,130.8493536808262
2025-01-16 01:00:00,361,4.846475926149784,2.0770611112070507,10.1,0.3856509828113424,391.0,130.8493536808262
2025-01-16 02:00:00,362,4.636276539959752,1.9869756599827506,10.1,0.1974195089438956,376.0,130.8493536808262
2025-01-16 03:00:00,363,4.35443737003242,1.8661874442996085,10.1,0.07316034188672398,375.0,130.8493536808262
2025-01-16 04:00:00,364,4.289020449351189,1.8381516211505096,10.1,0.0,392.0,130.8493536808262
2025-01-16 05:00:00,365,4.331861826899414,1.85651221152832,10.1,0.0,423.0,130.8493536808262
2025-01-16 06:00:00,366,4.2786832956604,1.8337214124258856,10.1,0.0,462.0,130.8493536808262
2025-01-16 07:00:00,367,4.2222727606174155,1.809545468836035,10.1,0.0,497.0,130.8493536808262
2025-01-16 08:00:00,368,4.172085004503678,1.7880364305015761,10.1,0.0,504.0,130.8493536808262
2025-01-16 09:00:00,369,3.8934269130523633,1.6686115341652987,10.1,0.06664252488134066,503.0,130.8493536808262
2025-01-16 10:00:00,370,4.077389659746602,1.7474527113199723,10.1,0.0,502.0,130.8493536808262
2025-01-16 11:00:00,371,4.167246206569477,1.7859626599583471,10.1,0.1756667580070623,501.0,130.8493536808262
2025-01-16 12:00:00,372,4.323304705004032,1.8528448735731566,10.1,0.9693241563937147,500.0,130.8493536808262
2025-01-16 13:00:00,373,4.848076763033262,2.077747184157112,10.1,2.1230683206273575,498.0,130.8493536808262
2025-01-16 14:00:00,374,5.144851022390117,2.2049361524529076,10.1,2.8961468429624224,497.0,130.8493536808262
2025-01-16 15:00:00,375,4.687909578807508,2.009104105203218,10.1,4.007449879973206,496.0,130.8493536808262
2025-01-16 16:00:00,376,5.324809598268294,2.2820612564006972,10.1,4.366657963375376,495.0,130.8493536808262
2025-01-16 17:00:00,377,4.764590995005291,2.0419675692879817,10.0,4.165122674494343,495.0,130.8493536808262
2025-01-16 18:00:00,378,4.457437630001275,1.910330412857689,10.0,3.696219104511652,494.0,130.8493536808262
2025-01-16 19:00:00,379,4.576247646488971,1.961248991352416,10.0,3.0712777252954155,495.0,130.8493536808262
2025-01-16 20:00:00,380,4.654939780201065,1.994974191514742,10.0,4.314505183885541,495.0,130.8493536808262
2025-01-16 21:00:00,381,4.649231761620195,1.9925278978372263,9.9,10.10063045243446,498.0,130.8493536808262
2025-01-16 22:00:00,382,4.944732079728956,2.1191708913124097,9.9,5.851537762643358,489.0,130.8493536808262
2025-01-16 23:00:00,383,5.277809273759898,2.261918260182813,9.9,9.90963930807658,447.0,130.8493536808262
2025-01-17 00:00:00,384,5.170164554195525,2.215784808940939,9.9,9.776304369948596,404.0,130.8493536808262
2025-01-17 01:00:00,385,4.714344537768296,2.0204333733292694,9.9,11.560802537308117,359.0,130.8493536808262
2025-01-17 02:00:00,386,4.69754130496063,2.01323198784027,9.9,8.663513165878165,336.0,130.8493536808262
2025-01-17 03:00:00,387,4.998965923504899,2.142413967216385,10.0,6.241413583489281,324.0,130.8493536808262
2025-01-17 04:00:00,388,4.754213638883426,2.0375201309500395,10.0,5.144190606608129,348.0,130.8493536808262
2025-01-17 05:00:00,389,4.625549076828497,1.9823781757836412,10.0,3.9804788737530625,387.0,130.8493536808262
2025-01-17 06:00:00,390,4.512961984322347,1.9341265647095771,10.0,2.649598148695145,443.0,130.8493536808262
2025-01-17 07:00:00,391,4.228718549347171,1.8123079497202164,10.0,2.3852925986808677,491.0,130.8493536808262
2025-01-17 08:00:00,392,4.373207919635118,1.8742319655579076,9.9,3.355407966779251,500.0,130.8493536808262
2025-01-17 09:00:00,393,4.3342114041682915,1.8575191732149818,9.9,4.498621230868582,500.0,130.8493536808262
2025-01-17 10:00:00,394,3.5261911864287505,1.5112247941837502,9.9,7.621529088463096,499.0,130.8493536808262
2025-01-17 11:00:00,395,3.8075855141485118,1.6318223632065052,9.9,5.172495367362295,499.0,130.8493536808262
2025-01-17 12:00:00,396,3.9210366738095446,1.680444288775519,9.9,7.099939526935105,499.0,130.8493536808262
2025-01-17 13:00:00,397,3.987953774893777,1.709123046383047,9.9,4.971910660276675,498.0,130.8493536808262
2025-01-17 14:00:00,398,4.161761760383088,1.7836121830213236,9.9,4.273179959385117,498.0,130.8493536808262
2025-01-17 15:00:00,399,4.280175824009319,1.8343610674325652,9.8,5.121934962082943,499.0,130.8493536808262
2025-01-17 16:00:00,400,4.512187881504259,1.9337948063589683,9.8,4.5677275196526015,498.0,130.8493536808262
2025-01-17 17:00:00,401,4.45537486459966,1.9094463705427114,9.8,3.8674270984402783,499.0,130.8493536808262
2025-01-17 18:00:00,402,4.855522695277223,2.0809382979759525,9.8,3.9550436034374696,498.0,130.8493536808262
2025-01-17 19:00:00,403,4.50808629051861,1.9320369816508327,9.8,4.38817241762834,498.0,130.8493536808262
2025-01-17 20:00:00,404,5.430128750805434,2.3271980360594715,9.8,4.774233435467273,499.0,130.8493536808262
2025-01-17 21:00:00,405,5.115072395869269,2.192173883943972,9.8,5.182682957807392,500.0,130.8493536808262
2025-01-17 22:00:00,406,4.972311043691638,2.130990447296416,9.7,3.342476474537932,490.0,130.8493536808262
2025-01-17 23:00:00,407,4.588545516004025,1.9665195068588677,9.7,3.1962072550528853,443.0,130.8493536808262
2025-01-18 00:00:00,408,5.276462655037869,2.261341137873372,9.7,3.175048321082187,388.0,130.8493536808262
2025-01-18 01:00:00,409,5.1288348832745605,2.198072092831954,9.7,2.8242351486364194,342.0,130.8493536808262
2025-01-18 02:00:00,410,4.40258845069545,1.886823621726621,9.8,2.5980685355098605,314.0,130.8493536808262
2025-01-18 03:00:00,411,4.005217721281842,1.716521880549361,9.8,2.122678993768991,300.0,130.8493536808262
2025-01-18 04:00:00,412,3.9774798835149965,1.7046342357921414,9.8,1.7240297406964433,315.0,130.8493536808262
2025-01-18 05:00:00,413,4.392699898876131,1.8825856709469133,9.9,1.4715334078644091,356.0,130.8493536808262
2025-01-18 06:00:00,414,4.377271411346417,1.8759734620056072,9.9,1.3107672346287595,427.0,130.8493536808262
2025-01-18 07:00:00,415,4.1827892329069805,1.7926239569601343,9.9,1.0884654510862386,489.0,130.8493536808262
2025-01-18 08:00:00,416,4.083139215288903,1.7499168065523871,9.9,1.1133303745585452,503.0,130.8493536808262
2025-01-18 09:00:00,417,4.407297166473229,1.888841642774241,9.8,0.9095634000105252,502.0,130.8493536808262
2025-01-18 10:00:00,418,3.9163626614409486,1.6784411406175492,9.8,0.4364525965226145,502.0,130.8493536808262
2025-01-18 11:00:00,419,5.419256974423015,2.322538703324149,9.8,0.5290487780585187,503.0,130.8493536808262
2025-01-18 12:00:00,420,5.248012881150331,2.2491483776358554,9.8,0.33504140244448566,503.0,130.8493536808262
2025-01-18 13:00:00,421,5.672445402853761,2.4310480297944683,9.8,0.19897791621241953,502.0,130.8493536808262
2025-01-18 14:00:00,422,5.673944035764121,2.431690301041766,9.8,0.2689024619224752,501.0,130.8493536808262
2025-01-18 15:00:00,423,5.6602257398621845,2.4258110313695074,9.7,0.1557044397455568,499.0,130.8493536808262
2025-01-18 16:00:00,424,5.202549370128681,2.2296640157694347,9.7,0.031574139488567514,499.0,130.8493536808262
2025-01-18 17:00:00,425,4.980696417044298,2.13458417873327,9.7,0.01568569985838162,499.0,130.8493536808262
2025-01-18 18:00:00,426,4.574738838839672,1.9606023595027164,9.7,0.16656240403590108,499.0,130.8493536808262
2025-01-18 19:00:00,427,4.739663775745402,2.0312844753194583,9.7,0.2102152542759903,499.0,130.8493536808262
2025-01-18 20:00:00,428,4.647759165992041,1.9918967854251604,9.7,0.048734209056237224,500.0,130.8493536808262
2025-01-18 21:00:00,429,4.513169560810097,1.93421552606147,9.7,0.0,500.0,130.8493536808262
2025-01-18 22:00:00,430,4.409530362930031,1.8897987269700134,9.7,0.8283415498985596,489.0,130.8493536808262
2025-01-18 23:00:00,431,4.836043093332268,2.0725898971424006,9.7,0.520434958330558,446.0,130.8493536808262
2025-01-19 00:00:00,432,5.273187220747181,2.25993738032022,9.7,0.2777564781822173,393.0,130.8493536808262
2025-01-19 01:00:00,433,5.184355901655102,2.2218668149950433,9.7,0.014406273335324205,348.0,130.8493536808262
2025-01-19 02:00:00,434,4.6252324000363165,1.9822424571584214,9.7,0.0,327.0,130.8493536808262
2025-01-19 03:00:00,435,4.681430614121073,2.0063274060518883,9.7,0.0,340.0,130.8493536808262
2025-01-19 04:00:00,436,4.6805605178895675,2.005954507666957,9.7,0.0,365.0,130.8493536808262
2025-01-19 05:00:00,437,4.699525444821955,2.0140823334951237,9.7,0.0,404.0,130.8493536808262
2025-01-19 06:00:00,438,4.1105124136483475,1.7616481772778634,9.7,0.0,453.0,130.8493536808262
2025-01-19 07:00:00,439,4.213735199348814,1.8058865140066345,9.7,0.0,491.0,130.8493536808262
2025-01-19 08:00:00,440,5.173600357153376,2.217257295922875,9.6,0.545764440945645,499.0,130.8493536808262
2025-01-19 09:00:00,441,5.436566485042011,2.329957065018005,9.6,1.5117682521964049,500.0,130.8493536808262
2025-01-19 10:00:00,442,6.028165543244658,2.5834995185334244,9.6,1.643777081710432,500.0,130.8493536808262
2025-01-19 11:00:00,443,5.767159998741205,2.4716399994605163,9.6,4.6768368033239724,500.0,130.8493536808262
2025-01-19 12:00:00,444,5.7019248365115,2.4436820727906423,9.6,7.669974853930996,498.0,130.8493536808262
2025-01-19 13:00:00,445,4.580204623785345,1.9629448387651478,9.6,6.782180054096632,497.0,130.8493536808262
2025-01-19 14:00:00,446,4.8115954795425,2.0621123483753574,9.6,4.285897625829308,496.0,130.8493536808262
2025-01-19 15:00:00,447,4.561361199762683,1.9548690856125783,9.6,2.546612442838914,494.0,130.8493536808262
2025-01-19 16:00:00,448,4.23856685692556,1.8165286529680973,9.6,2.5129456071229,494.0,130.8493536808262
2025-01-19 17:00:00,449,4.545367870010763,1.9480148014331837,9.6,3.6770794391384847,496.0,130.8493536808262
2025-01-19 18:00:00,450,4.77587283599787,2.046802643999087,9.6,4.19812101779285,498.0,130.8493536808262
2025-01-19 19:00:00,451,4.769395424866424,2.044026610657039,9.6,3.4367187728009494,498.0,130.8493536808262
2025-01-19 20:00:00,452,4.838415958595919,2.073606839398251,9.5,2.1259947313587007,500.0,130.8493536808262
2025-01-19 21:00:00,453,4.511514699915809,1.9335062999639177,9.5,1.1659420747829468,503.0,130.8493536808262
2025-01-19 22:00:00,454,5.170573653805498,2.215960137345213,9.5,0.6446338765739725,498.0,130.8493536808262
2025-01-19 23:00:00,455,4.71316583449435,2.0199282147832927,9.5,0.16594450536217006,478.0,130.8493536808262
2025-01-20 00:00:00,456,5.040450881711687,2.1601932350192943,9.5,0.0,437.0,130.8493536808262
2025-01-20 01:00:00,457,4.612327967436784,1.9767119860443358,9.5,0.0,372.0,130.8493536808262
2025-01-20 02:00:00,458,4.132909908398871,1.7712471035995163,9.6,0.0,339.0,130.8493536808262
2025-01-20 03:00:00,459,3.72036691407714,1.5944429631759172,9.6,0.0,324.0,130.8493536808262
2025-01-20 04:00:00,460,3.5411412814507335,1.5176319777646,9.6,0.0,350.0,130.8493536808262
2025-01-20 05:00:00,461,3.4322089009987504,1.4709466718566073,9.7,0.0,395.0,130.8493536808262
2025-01-20 06:00:00,462,3.81028018220025,1.6329772209429645,9.7,0.0,450.0,130.8493536808262
2025-01-20 07:00:00,463,3.279418621534244,1.4054651235146758,9.7,0.0,495.0,130.8493536808262
2025-01-20 08:00:00,464,3.5540559099797013,1.5231668185627292,9.6,0.0,504.0,130.8493536808262
2025-01-20 09:00:00,465,3.9584559322655473,1.6964811138280915,9.6,0.2615526897512396,504.0,130.8493536808262
2025-01-20 10:00:00,466,4.432593765370663,1.8996830423017126,9.6,0.061165614562988656,503.0,130.8493536808262
2025-01-20 11:00:00,467,4.699356471773888,2.0140099164745235,9.6,0.0,504.0,130.8493536808262
2025-01-20 12:00:00,468,4.464062310954015,1.913169561837435,9.6,0.0,503.0,130.8493536808262
2025-01-20 13:00:00,469,4.410119328139794,1.8900511406313403,9.6,0.0,502.0,130.8493536808262
2025-01-20 14:00:00,470,4.623843595809933,1.9816472553471138,9.6,0.47780895883091373,502.0,130.8493536808262
2025-01-20 15:00:00,471,4.968701785193092,2.1294436222256112,9.6,0.9830363290320572,499.0,130.8493536808262
2025-01-20 16:00:00,472,4.993601586767893,2.1401149657576686,9.6,1.1292336871699604,499.0,130.8493536808262
2025-01-20 17:00:00,473,4.721966351512911,2.0236998649341045,9.6,1.1779841612499495,501.0,130.8493536808262
2025-01-20 18:00:00,474,4.956227270156677,2.1240974014957184,9.6,1.3569960209143437,501.0,130.8493536808262
2025-01-20 19:00:00,475,4.743488540427678,2.0329236601832905,9.6,1.7926272374909025,501.0,130.8493536808262
2025-01-20 20:00:00,476,4.64883329805436,1.9923571277375824,9.6,2.9445366484079436,502.0,130.8493536808262
2025-01-20 21:00:00,477,4.941616844265123,2.1178357903993383,9.6,4.382609102702163,503.0,130.8493536808262
2025-01-20 22:00:00,478,5.194224241288325,2.2260961034092817,9.6,3.4415930743379843,497.0,130.8493536808262
2025-01-20 23:00:00,479,5.1386547666022775,2.2022806142581186,9.6,4.502481582511323,468.0,130.8493536808262
2025-01-21 00:00:00,480,5.650747359685253,2.4217488684365365,9.6,5.144155585653225,429.0,130.8493536808262
2025-01-21 01:00:00,481,5.0716334122654745,2.173557176685203,9.6,4.859999682273562,384.0,130.8493536808262
2025-01-21 02:00:00,482,5.015061489071126,2.1493120667447685,9.6,4.264487722069954,354.0,130.8493536808262
2025-01-21 03:00:00,483,4.60541892208035,1.9737509666058641,9.6,2.864738133708402,344.0,130.8493536808262
2025-01-21 04:00:00,484,4.481394835771235,1.9205977867591009,9.6,3.041622984343957,371.0,130.8493536808262
2025-01-21 05:00:00,485,4.439186709871839,1.9025085899450738,9.7,3.3666233753972348,401.0,130.8493536808262
2025-01-21 06:00:00,486,4.661267564110169,1.9976860989043579,9.7,4.140317120504501,449.0,130.8493536808262
2025-01-21 07:00:00,487,4.442604610214187,1.9039734043775087,9.7,5.880024317017842,494.0,130.8493536808262
2025-01-21 08:00:00,488,3.6436394956618168,1.5615597838550643,9.7,8.124135190864077,504.0,130.8493536808262
2025-01-21 09:00:00,489,3.4946658496809357,1.4977139355775437,9.6,10.671386870055926,504.0,130.8493536808262
2025-01-21 10:00:00,490,3.7469529539993767,1.6058369802854473,9.6,12.61806654999117,504.0,130.8493536808262
2025-01-21 11:00:00,491,3.466205982094932,1.4855168494692566,9.6,12.551357839366448,504.0,130.8493536808262
2025-01-21 12:00:00,492,3.448334761945349,1.4778577551194352,9.6,11.49974123697038,503.0,130.8493536808262
2025-01-21 13:00:00,493,3.4324055015283292,1.471030929226427,9.6,11.899639242406877,502.0,130.8493536808262
2025-01-21 14:00:00,494,3.6949138503215373,1.5835345072806588,9.6,13.277075431165668,501.0,130.8493536808262
2025-01-21 15:00:00,495,3.5807897108025846,1.5346241617725362,9.6,15.0,499.0,130.8493536808262
2025-01-21 16:00:00,496,3.716180211199049,1.5926486619424496,9.6,15.0,500.0,130.8493536808262
2025-01-21 17:00:00,497,3.6472264232384584,1.5630970385307679,9.6,15.0,500.0,130.8493536808262
2025-01-21 18:00:00,498,3.8182573368982995,1.6363960015278425,9.6,14.075740382633585,500.0,130.8493536808262
2025-01-21 19:00:00,499,4.687020630656017,2.0087231274240067,9.6,12.880567547440863,501.0,130.8493536808262
2025-01-21 20:00:00,500,4.816902848239008,2.0643869349595745,9.6,12.367135418238137,501.0,130.8493536808262
2025-01-21 21:00:00,501,4.446379597624629,1.9055912561248411,9.6,12.20159233208023,503.0,130.8493536808262
2025-01-21 22:00:00,502,4.479120406040197,1.9196230311600844,9.6,10.921948861820052,490.0,130.8493536808262
2025-01-21 23:00:00,503,4.430833360462978,1.898928583055562,9.6,8.837868777194151,443.0,130.8493536808262
2025-01-22 00:00:00,504,4.835451794370199,2.0723364833015134,9.6,6.0584057745528686,386.0,130.8493536808262
2025-01-22 01:00:00,505,4.804337303239043,2.0590017013881616,9.6,4.1991359767777,337.0,130.8493536808262
2025-01-22 02:00:00,506,4.726774674546652,2.0257605748057075,9.6,3.0386293824017017,314.0,130.8493536808262
2025-01-22 03:00:00,507,4.393125542270117,1.882768089544336,9.7,2.220048291132491,303.0,130.8493536808262
2025-01-22 04:00:00,508,4.462598055636498,1.9125420238442132,9.7,1.6698702469746254,328.0,130.8493536808262
2025-01-22 05:00:00,509,4.566777337372798,1.957190287445485,9.8,1.1205577523384018,371.0,130.8493536808262
2025-01-22 06:00:00,510,4.477930912205988,1.9191132480882804,9.8,0.8444881020583279,432.0,130.8493536808262
2025-01-22 07:00:00,511,4.22262893211299,1.8096981137627097,9.8,0.7435496955305415,491.0,130.8493536808262
2025-01-22 08:00:00,512,4.651460736320683,1.993483172708864,9.7,0.6280834175391545,505.0,130.8493536808262
2025-01-22 09:00:00,513,5.191932584805905,2.2251139649168166,9.7,0.48604589380618785,505.0,130.8493536808262
2025-01-22 10:00:00,514,4.983122132045449,2.135623770876621,9.6,0.6761320694332603,504.0,130.8493536808262
2025-01-22 11:00:00,515,4.551887309266064,1.9508088468283131,9.6,0.6004926823283261,504.0,130.8493536808262
2025-01-22 12:00:00,516,4.69944469869446,2.0140477280119113,9.6,0.3769387454196342,504.0,130.8493536808262
2025-01-22 13:00:00,517,4.909077430057299,2.103890327167414,9.6,0.5319911006955682,502.0,130.8493536808262
2025-01-22 14:00:00,518,4.832846037331201,2.0712197302848003,9.6,0.6080587433432837,502.0,130.8493536808262
2025-01-22 15:00:00,519,4.929580201242745,2.1126772291040337,9.6,0.4890135865707174,501.0,130.8493536808262
2025-01-22 16:00:00,520,4.788736879768465,2.0523158056150566,9.6,0.3747016104471073,501.0,130.8493536808262
2025-01-22 17:00:00,521,4.814508452384851,2.0633607653077934,9.6,0.10529592638331553,501.0,130.8493536808262
2025-01-22 18:00:00,522,5.066313750568353,2.1712773216721515,9.6,0.11260076747788604,501.0,130.8493536808262
2025-01-22 19:00:00,523,5.018262045295376,2.1506837336980182,9.6,0.2126786293143956,501.0,130.8493536808262
2025-01-22 20:00:00,524,5.347846534042279,2.2919342288752627,9.6,0.6619507515493369,502.0,130.8493536808262
2025-01-22 21:00:00,525,5.379815608285384,2.305635260693736,9.6,1.0483587907066048,505.0,130.8493536808262
2025-01-22 22:00:00,526,5.302386799250966,2.272451485393271,9.6,1.1800232866321954,494.0,130.8493536808262
2025-01-22 23:00:00,527,5.157947490415256,2.210548924463681,9.6,1.026260000158416,453.0,130.8493536808262
2025-01-23 00:00:00,528,5.593943701254444,2.397404443394762,9.6,0.8094811310419893,400.0,130.8493536808262
2025-01-23 01:00:00,529,5.236817219494679,2.2443502369262904,9.6,0.6278601834216818,355.0,130.8493536808262
2025-01-23 02:00:00,530,5.481393459612061,2.349168625548026,9.6,1.0410485647325076,333.0,130.8493536808262
2025-01-23 03:00:00,531,5.454087753332653,2.337466179999708,9.7,1.6267869768438457,322.0,130.8493536808262
2025-01-23 04:00:00,532,6.1608377151324705,2.6403590207710588,9.8,2.556595272519629,345.0,130.8493536808262
2025-01-23 05:00:00,533,6.10459548148749,2.616255206351781,9.8,3.1053398294141887,382.0,130.8493536808262
2025-01-23 06:00:00,534,6.026058823123641,2.58259663848156,9.8,2.844353803335725,437.0,130.8493536808262
2025-01-23 07:00:00,535,5.756974114266813,2.4672746204000626,9.8,2.6134268177391102,490.0,130.8493536808262
2025-01-23 08:00:00,536,6.144463930142852,2.633341684346936,9.8,2.5640215489887743,504.0,130.8493536808262
2025-01-23 09:00:00,537,6.112697647727559,2.619727563311811,9.8,2.447984163154517,504.0,130.8493536808262
2025-01-23 10:00:00,538,5.921691134996694,2.5378676292842974,9.7,1.5555334968852055,503.0,130.8493536808262
2025-01-23 11:00:00,539,4.795532674925976,2.0552282892539897,9.6,2.372265018194367,502.0,130.8493536808262
2025-01-23 12:00:00,540,5.466535972241076,2.3428011309604613,9.6,3.150121096303554,501.0,130.8493536808262
2025-01-23 13:00:00,541,5.367415069667626,2.3003207441432685,9.6,3.2239605971162755,499.0,130.8493536808262
2025-01-23 14:00:00,542,5.896734765931216,2.5271720425419493,9.6,2.8120573638240693,498.0,130.8493536808262
2025-01-23 15:00:00,543,5.166025616257387,2.214010978396023,9.6,1.8525340686704896,496.0,130.8493536808262
2025-01-23 16:00:00,544,4.810188011871643,2.06150914794499,9.6,0.7393596303046717,496.0,130.8493536808262
2025-01-23 17:00:00,545,6.036309526749445,2.5869897971783335,9.6,0.1645656905424473,496.0,130.8493536808262
2025-01-23 18:00:00,546,5.680818875866208,2.4346366610855177,9.6,0.039563222081926315,496.0,130.8493536808262
2025-01-23 19:00:00,547,4.683664295697307,2.0072846981559884,9.6,0.18542406179803117,496.0,130.8493536808262
2025-01-23 20:00:00,548,5.789793281718072,2.481339977879174,9.6,0.6581353295852528,497.0,130.8493536808262
2025-01-23 21:00:00,549,5.744481026653792,2.461920439994482,9.6,1.0634430251014413,498.0,130.8493536808262
2025-01-23 22:00:00,550,6.10070700747971,2.614588717491304,9.6,0.6881808335855546,485.0,130.8493536808262
2025-01-23 23:00:00,551,5.642910347921031,2.418390149109013,9.6,0.8031711506305947,435.0,130.8493536808262
2025-01-24 00:00:00,552,6.243871308702914,2.675944846586963,9.6,0.48363486285027807,382.0,130.8493536808262
2025-01-24 01:00:00,553,5.987456319050478,2.56605270816449,9.7,0.1362387229606132,334.0,130.8493536808262
2025-01-24 02:00:00,554,5.584549026188794,2.393378154080912,9.7,0.26591513528033633,305.0,130.8493536808262
2025-01-24 03:00:00,555,5.138038364842895,2.2020164420755264,9.8,0.426358565255104,299.0,130.8493536808262
2025-01-24 04:00:00,556,4.221224648987771,1.8090962781376163,9.8,0.3573013938925718,320.0,130.8493536808262
2025-01-24 05:00:00,557,5.697887652348367,2.441951851006443,9.9,0.30223258338616676,360.0,130.8493536808262
2025-01-24 06:00:00,558,5.611005158899589,2.404716496671252,9.9,0.4370619877513582,424.0,130.8493536808262
2025-01-24 07:00:00,559,5.471127671616294,2.3447690021212693,9.9,0.32416322057665425,485.0,130.8493536808262
2025-01-24 08:00:00,560,5.736565987473302,2.458528280345701,9.8,0.48148682749387334,501.0,130.8493536808262
2025-01-24 09:00:00,561,5.743699027695392,2.461585297583739,9.8,1.1196285966844608,500.0,130.8493536808262
2025-01-24 10:00:00,562,5.758590462507289,2.467967341074553,9.8,1.0921543196147152,500.0,130.8493536808262
2025-01-24 11:00:00,563,5.765047277633692,2.4707345475572966,9.7,1.0943107541556136,499.0,130.8493536808262
2025-01-24 12:00:00,564,5.760343291549244,2.468718553521104,9.7,1.2223472595851559,500.0,130.8493536808262
2025-01-24 13:00:00,565,5.824588184228549,2.496252078955093,9.7,1.2896201945972758,498.0,130.8493536808262
2025-01-24 14:00:00,566,5.365250537146174,2.2993930873483603,9.7,1.8564380707673864,498.0,130.8493536808262
2025-01-24 15:00:00,567,5.388624740776635,2.309410603189986,9.7,2.3418989190228587,496.0,130.8493536808262
2025-01-24 16:00:00,568,5.492509121094411,2.3539324804690334,9.8,2.428587670744042,495.0,130.8493536808262
2025-01-24 17:00:00,569,5.552284372073938,2.379550445174545,9.8,2.428587670744042,496.0,130.8493536808262
2025-01-24 18:00:00,570,5.378182684689607,2.3049354362955454,9.8,3.8064567728197094,497.0,130.8493536808262
2025-01-24 19:00:00,571,4.999960647665768,2.142840277571043,9.8,6.927444875779171,497.0,130.8493536808262
2025-01-24 20:00:00,572,5.509193745976727,2.361083033990026,9.8,10.868722359504037,498.0,130.8493536808262
2025-01-24 21:00:00,573,5.278749369346752,2.262321158291465,9.8,14.388412414626723,499.0,130.8493536808262
2025-01-24 22:00:00,574,5.438828787500063,2.330926623214313,9.8,8.415039427023986,491.0,130.8493536808262
2025-01-24 23:00:00,575,5.671514944660842,2.4306492619975035,9.8,13.150666731521522,453.0,130.8493536808262
2025-01-25 00:00:00,576,5.670955099553225,2.4304093283799535,9.8,11.335039712164225,410.0,130.8493536808262
2025-01-25 01:00:00,577,4.924897275901307,2.11067026110056,9.8,11.536945871054666,378.0,130.8493536808262
2025-01-25 02:00:00,578,5.066887919679141,2.171523394148203,9.8,8.443503267972837,352.0,130.8493536808262
2025-01-25 03:00:00,579,3.948646979110737,1.6922772767617444,9.8,7.3168500640111205,334.0,130.8493536808262
2025-01-25 04:00:00,580,3.390124075170063,1.4529103179300271,9.8,7.050201550784784,338.0,130.8493536808262
2025-01-25 05:00:00,581,4.702897110081046,2.0155273328918764,9.8,6.615593991451401,365.0,130.8493536808262
2025-01-25 06:00:00,582,5.274872396817566,2.2606595986360998,9.8,6.564152797652385,419.0,130.8493536808262
2025-01-25 07:00:00,583,5.167685988853467,2.2147225666514863,9.8,5.596290527131542,480.0,130.8493536808262
2025-01-25 08:00:00,584,5.343182297662546,2.289935270426805,9.8,4.90252266839726,499.0,130.8493536808262
2025-01-25 09:00:00,585,5.3977925789685575,2.31333967670081,9.8,4.856278021651526,500.0,130.8493536808262
2025-01-25 10:00:00,586,5.8403206999952175,2.5029945857122358,9.8,5.837385270548579,499.0,130.8493536808262
2025-01-25 11:00:00,587,5.106172067966195,2.188359457699798,9.8,7.0144884941075025,499.0,130.8493536808262
2025-01-25 12:00:00,588,5.755463320605122,2.466627137402195,9.8,8.004314974979911,498.0,130.8493536808262
2025-01-25 13:00:00,589,5.165328743885585,2.2137123188081076,9.8,9.669963562641847,497.0,130.8493536808262
2025-01-25 14:00:00,590,5.480431801031127,2.3487564861561974,9.8,10.395494989975973,497.0,130.8493536808262
2025-01-25 15:00:00,591,5.569131353765253,2.3867705801851082,9.8,11.548077668263481,495.0,130.8493536808262
2025-01-25 16:00:00,592,5.69340966106142,2.440032711883465,9.7,13.296115628247508,495.0,130.8493536808262
2025-01-25 17:00:00,593,5.516893764643048,2.3643830419898775,9.7,13.603147871188858,496.0,130.8493536808262
2025-01-25 18:00:00,594,5.501169922483513,2.3576442524929337,9.7,13.851808889477418,496.0,130.8493536808262
2025-01-25 19:00:00,595,5.021733899306145,2.1521716711312053,9.7,14.185749401169812,496.0,130.8493536808262
2025-01-25 20:00:00,596,5.540836814084242,2.3746443488932463,9.7,13.852604430092843,496.0,130.8493536808262
2025-01-25 21:00:00,597,5.582536799041048,2.3925157710175915,9.7,14.240065692461586,496.0,130.8493536808262
2025-01-25 22:00:00,598,5.57094481589977,2.3875477782427583,9.7,15.0,478.0,130.8493536808262
2025-01-25 23:00:00,599,5.302179132383575,2.2723624853072466,9.7,14.634859413125353,413.0,130.8493536808262
2025-01-26 00:00:00,600,5.354109453465586,2.294618337199537,9.7,9.19929756393237,350.0,130.8493536808262
2025-01-26 01:00:00,601,5.414120701868885,2.3203374436580932,9.7,6.0389438449811115,301.0,130.8493536808262
2025-01-26 02:00:00,602,5.266409709566506,2.2570327326713593,9.8,5.512703695060843,270.0,130.8493536808262
2025-01-26 03:00:00,603,5.428986348281448,2.3267084349777636,9.8,7.058791988673269,266.0,130.8493536808262
2025-01-26 04:00:00,604,5.431584263736667,2.3278218273157143,9.8,9.60717568944615,285.0,130.8493536808262
2025-01-26 05:00:00,605,5.363124361405074,2.298481869173603,9.9,12.49680397429668,337.0,130.8493536808262
2025-01-26 06:00:00,606,5.383326815509539,2.3071400637898023,9.9,13.731487857124922,407.0,130.8493536808262
2025-01-26 07:00:00,607,5.286597574772891,2.2656846749026673,9.9,13.510358991280995,478.0,130.8493536808262
2025-01-26 08:00:00,608,4.800280928917916,2.0572632552505348,9.9,15.0,500.0,130.8493536808262
2025-01-26 09:00:00,609,4.576406163167358,1.961316927071725,9.9,15.0,500.0,130.8493536808262
2025-01-26 10:00:00,610,4.831925626743921,2.0708252686045374,9.8,12.6899445987679,499.0,130.8493536808262
2025-01-26 11:00:00,611,4.8611581091202645,2.083353475337256,9.8,14.503559863366961,500.0,130.8493536808262
2025-01-26 12:00:00,612,4.279748100269006,1.8341777572581455,9.8,14.567061006330158,499.0,130.8493536808262
2025-01-26 13:00:00,613,4.817049129912723,2.064449627105452,9.8,13.875031843151781,497.0,130.8493536808262
2025-01-26 14:00:00,614,4.34087264127395,1.8603739891174067,9.8,13.5996368018158,497.0,130.8493536808262
2025-01-26 15:00:00,615,4.793170805575178,2.054216059532219,9.8,12.346118914164846,496.0,130.8493536808262
2025-01-26 16:00:00,616,4.857575674788862,2.0818181463380836,9.8,10.918400305538086,496.0,130.8493536808262
2025-01-26 17:00:00,617,4.827016500887407,2.068721357523174,9.8,9.922695620886774,497.0,130.8493536808262
2025-01-26 18:00:00,618,4.92111124534318,2.1090476765756483,9.8,8.900700285167785,498.0,130.8493536808262
2025-01-26 19:00:00,619,5.423819206128509,2.3244939454836464,9.8,7.124620214142528,498.0,130.8493536808262
2025-01-26 20:00:00,620,5.767698928215674,2.471870969235289,9.8,6.347294359400916,500.0,130.8493536808262
2025-01-26 21:00:00,621,4.9696815398269205,2.12986351706868,9.8,5.6204639522252435,502.0,130.8493536808262
2025-01-26 22:00:00,622,4.716717794184445,2.021450483221905,9.8,2.362426532556506,490.0,130.8493536808262
2025-01-26 23:00:00,623,5.3955234262604055,2.312367182683031,9.8,2.541228647539524,461.0,130.8493536808262
2025-01-27 00:00:00,624,5.477826493276921,2.3476399256901086,9.8,1.7609246225863673,407.0,130.8493536808262
2025-01-27 01:00:00,625,5.329994270956062,2.2842832589811692,9.8,0.695595433920701,377.0,130.8493536808262
2025-01-27 02:00:00,626,4.953919309019863,2.1231082752942267,9.9,0.2703621884521547,382.0,130.8493536808262
2025-01-27 03:00:00,627,4.6511202741903155,1.9933372603672779,9.9,0.20119889042423927,365.0,130.8493536808262
2025-01-27 04:00:00,628,4.362037531689366,1.8694446564382998,9.9,0.1643395977425879,369.0,130.8493536808262
2025-01-27 05:00:00,629,4.569243069988926,1.9582470299952537,9.9,0.0,402.0,130.8493536808262
2025-01-27 06:00:00,630,4.2207009618108575,1.8088718407760815,9.9,0.0,455.0,130.8493536808262
2025-01-27 07:00:00,631,4.145210883376986,1.7765189500187084,9.9,0.0,494.0,130.8493536808262
2025-01-27 08:00:00,632,3.559078083659095,1.5253191787110405,9.9,0.0,504.0,130.8493536808262
2025-01-27 09:00:00,633,3.937523783878922,1.6875101930909664,9.9,0.039731802854254525,503.0,130.8493536808262
2025-01-27 10:00:00,634,3.9338485792581697,1.6859351053963583,9.9,0.0,503.0,130.8493536808262
2025-01-27 11:00:00,635,4.108979997768494,1.7609914276150687,9.9,0.0,503.0,130.8493536808262
2025-01-27 12:00:00,636,4.768635990381509,2.0437011387349324,9.9,0.0,501.0,130.8493536808262
2025-01-27 13:00:00,637,4.843581253568791,2.0758205372437675,9.9,0.0,500.0,130.8493536808262
2025-01-27 14:00:00,638,4.736787155051873,2.030051637879374,9.9,0.0,500.0,130.8493536808262
2025-01-27 15:00:00,639,4.879526536802246,2.0912256586295332,9.8,0.11363949427778627,499.0,130.8493536808262
2025-01-27 16:00:00,640,4.854090120791357,2.08032433748201,9.8,0.0,499.0,130.8493536808262
2025-01-27 17:00:00,641,4.988869393490617,2.13808688292455,9.8,0.0,499.0,130.8493536808262
2025-01-27 18:00:00,642,4.973021647871391,2.131294991944882,9.8,0.4989549394816129,499.0,130.8493536808262
2025-01-27 19:00:00,643,4.903172475905004,2.101359632530716,9.8,0.5199316386898344,499.0,130.8493536808262
2025-01-27 20:00:00,644,4.69797776331274,2.0134190414197457,9.8,0.4295627093446477,501.0,130.8493536808262
2025-01-27 21:00:00,645,4.841495922315842,2.0749268238496463,9.8,0.276469091476493,502.0,130.8493536808262
2025-01-27 22:00:00,646,4.735726269885507,2.0295969728080743,9.8,0.6018182009037779,492.0,130.8493536808262
2025-01-27 23:00:00,647,4.953076741742898,2.12274717503267,9.8,0.3201880820942647,443.0,130.8493536808262
2025-01-28 00:00:00,648,5.30473805110913,2.273459164761056,9.8,0.1437814477076007,393.0,130.8493536808262
2025-01-28 01:00:00,649,4.84702443395528,2.0772961859808343,9.9,0.0,345.0,130.8493536808262
2025-01-28 02:00:00,650,4.681199126752384,2.006228197179593,9.9,0.11170666525107861,321.0,130.8493536808262
2025-01-28 03:00:00,651,4.252846388221435,1.8226484520949007,9.9,2.294421034884135,311.0,130.8493536808262
2025-01-28 04:00:00,652,3.7463752053333836,1.6055893737143074,9.9,9.988687933939444,344.0,130.8493536808262
2025-01-28 05:00:00,653,3.9783496358091415,1.7050069867753463,10.0,15.0,387.0,130.8493536808262
2025-01-28 06:00:00,654,3.922238079119579,1.6809591767655339,10.0,15.0,435.0,130.8493536808262
2025-01-28 07:00:00,655,4.075447529235523,1.7466203696723668,10.0,15.0,484.0,130.8493536808262
2025-01-28 08:00:00,656,4.380623486127759,1.8774100654833255,9.9,15.0,499.0,130.8493536808262
2025-01-28 09:00:00,657,4.089067270017035,1.7524574014358725,9.9,15.0,499.0,130.8493536808262
2025-01-28 10:00:00,658,3.7477313376240535,1.6061705732674514,9.9,15.0,498.0,130.8493536808262
2025-01-28 11:00:00,659,4.60856854491948,1.9751008049654912,9.9,15.0,498.0,130.8493536808262
2025-01-28 12:00:00,660,3.822205140873931,1.638087917517399,9.9,15.0,497.0,130.8493536808262
2025-01-28 13:00:00,661,4.495546608957992,1.9266628324105677,9.9,14.203172315023735,496.0,130.8493536808262
2025-01-28 14:00:00,662,4.481888467892199,1.920809343382371,9.9,6.546611609494762,496.0,130.8493536808262
2025-01-28 15:00:00,663,5.134719870397051,2.2005942301701644,9.9,4.731449863246293,494.0,130.8493536808262
2025-01-28 16:00:00,664,4.6592409809430055,1.996817563261288,9.9,6.922855686671021,493.0,130.8493536808262
2025-01-28 17:00:00,665,4.581036423000476,1.963301324143061,9.9,15.0,494.0,130.8493536808262
2025-01-28 18:00:00,666,4.302049784789839,1.8437356220527878,9.9,15.0,495.0,130.8493536808262
2025-01-28 19:00:00,667,4.3752904462814275,1.8751244769777542,9.9,15.0,495.0,130.8493536808262
2025-01-28 20:00:00,668,4.237476485445532,1.8160613509052275,9.9,15.0,496.0,130.8493536808262
2025-01-28 21:00:00,669,4.772513811502405,2.045363062072459,9.8,15.0,498.0,130.8493536808262
2025-01-28 22:00:00,670,4.5410189666722545,1.9461509857166805,9.8,15.0,483.0,130.8493536808262
2025-01-28 23:00:00,671,4.475459171925253,1.9180539308251086,9.8,15.0,431.0,130.8493536808262
2025-01-29 00:00:00,672,3.340070030231525,1.4314585843849392,9.8,15.0,380.0,130.8493536808262
2025-01-29 01:00:00,673,3.80999690081116,1.632855814633354,9.8,15.0,334.0,130.8493536808262
2025-01-29 02:00:00,674,3.6390959536342002,1.5596125515575145,9.8,15.0,311.0,130.8493536808262
2025-01-29 03:00:00,675,3.677630866920653,1.5761275143945657,9.8,15.0,303.0,130.8493536808262
2025-01-29 04:00:00,676,3.5492723726404813,1.5211167311316347,9.8,15.0,330.0,130.8493536808262
2025-01-29 05:00:00,677,3.5141751190136064,1.5060750510058312,9.8,15.0,370.0,130.8493536808262
2025-01-29 06:00:00,678,3.330235083009912,1.4272436070042478,9.797125,15.0,426.0,130.8493536808262
2025-01-29 07:00:00,679,3.606920604849236,1.5458231163639582,9.794249,15.0,481.0,130.8493536808262
2025-01-29 08:00:00,680,4.031191241751382,1.727653389322021,9.791374,15.0,498.0,130.8493536808262
2025-01-29 09:00:00,681,4.118138016686106,1.7649162928654738,9.788498,15.0,498.0,130.8493536808262
2025-01-29 10:00:00,682,4.178691150623126,1.7908676359813398,9.785623,12.466865007471057,498.0,130.8493536808262
2025-01-29 11:00:00,683,4.280865251032122,1.8346565361566234,9.782748,11.20023716500441,498.0,130.8493536808262
2025-01-29 12:00:00,684,4.102191037882726,1.758081873378311,9.779872,8.85101502671711,498.0,130.8493536808262
2025-01-29 13:00:00,685,4.8316786796445355,2.0707194341333723,9.776997,6.546611609494762,497.0,130.8493536808262
2025-01-29 14:00:00,686,5.0837734287871035,2.1787600409087586,9.774121,5.495488273299888,497.0,130.8493536808262
2025-01-29 15:00:00,687,4.542738313029945,1.946887848441405,9.771246,4.541565971196921,494.0,130.8493536808262
2025-01-29 16:00:00,688,4.499142139842532,1.928203774218228,9.768371,3.9102439002853964,493.0,130.8493536808262
2025-01-29 17:00:00,689,4.740964677694299,2.0318420047261276,9.765495,4.726913851656725,494.0,130.8493536808262
2025-01-29 18:00:00,690,5.378852756554632,2.3052226099519846,9.76262,5.785343899438692,495.0,130.8493536808262
2025-01-29 19:00:00,691,5.543023444892885,2.375581476382665,9.759744,5.887432321991522,495.0,130.8493536808262
2025-01-29 20:00:00,692,5.3866729764283665,2.3085741327550138,9.756869,6.491790447619685,496.0,130.8493536808262
2025-01-29 21:00:00,693,5.050147457380344,2.1643489103058617,9.753994,6.513683862830181,499.0,130.8493536808262
2025-01-29 22:00:00,694,5.242928319468049,2.246969279772021,9.751118,0.9952097271002448,485.0,130.8493536808262
2025-01-29 23:00:00,695,4.894238034910667,2.0975305863902856,9.748243,0.8913358839653277,439.0,130.8493536808262
2025-01-30 00:00:00,696,5.227256670177345,2.2402528586474335,9.745367,0.4958499118382121,392.0,130.8493536808262
2025-01-30 01:00:00,697,5.438595455487189,2.3308266237802235,9.742492,0.7641765356861399,348.0,130.8493536808262
2025-01-30 02:00:00,698,4.922008661559262,2.109432283525398,9.739617,1.5439080948240862,327.0,130.8493536808262
2025-01-30 03:00:00,699,4.730079293612592,2.0271768401196826,9.736741,1.8325011245141127,318.0,130.8493536808262
2025-01-30 04:00:00,700,4.289522074366164,1.8383666032997843,9.733866,1.9922498696839395,338.0,130.8493536808262
2025-01-30 05:00:00,701,5.007898528038918,2.1462422263023933,9.73099,1.5019719215521368,370.0,130.8493536808262
2025-01-30 06:00:00,702,4.723637039599757,2.0244158741141813,9.728115,1.576324747411219,423.0,130.8493536808262
2025-01-30 07:00:00,703,4.777567741267546,2.047529031971805,9.72524,1.1103491617847687,480.0,130.8493536808262
2025-01-30 08:00:00,704,3.9638730042611057,1.6988027161119021,9.722364,0.7735889979053452,499.0,130.8493536808262
2025-01-30 09:00:00,705,4.273388047299216,1.8314520202710924,9.719489,0.8246431761700463,499.0,130.8493536808262
2025-01-30 10:00:00,706,4.27484671410062,1.8320771631859796,9.716613,0.43764061616427596,498.0,130.8493536808262
2025-01-30 11:00:00,707,4.055992998384015,1.7382827135931491,9.713738,1.8804640167708984,498.0,130.8493536808262
2025-01-30 12:00:00,708,4.316823909368061,1.850067389729169,9.710863,7.103049768448732,497.0,130.8493536808262
2025-01-30 13:00:00,709,4.840223049271379,2.074381306830591,9.707987,10.742072391240118,497.0,130.8493536808262
2025-01-30 14:00:00,710,4.6668275853125465,2.000068965133948,9.705112,11.49974123697038,496.0,130.8493536808262
2025-01-30 15:00:00,711,4.903056001960101,2.101309715125758,9.702236,8.718185323381244,494.0,130.8493536808262
2025-01-30 16:00:00,712,4.642357563182542,1.989581812792518,9.699361,6.163678849990764,493.0,130.8493536808262
2025-01-30 17:00:00,713,4.663873176948326,1.9988027901207108,9.696486,5.3638126181228,493.0,130.8493536808262
2025-01-30 18:00:00,714,4.851478178975869,2.0792049338468006,9.69361,6.110937815386713,494.0,130.8493536808262
2025-01-30 19:00:00,715,5.031930515983548,2.156541649707235,9.690735,9.271816025005895,494.0,130.8493536808262
2025-01-30 20:00:00,716,4.5798316904397005,1.9627850101884428,9.687859,11.859733994180814,495.0,130.8493536808262
2025-01-30 21:00:00,717,4.39958620156262,1.8855369435268372,9.684984,11.786249591730705,498.0,130.8493536808262
2025-01-30 22:00:00,718,4.552710623320565,1.9511616957088134,9.682109,10.807436437743604,484.0,130.8493536808262
2025-01-30 23:00:00,719,4.8363962866817465,2.0727412657207482,9.679233,10.362847638085373,435.0,130.8493536808262
2025-01-31 00:00:00,720,4.932785037364344,2.114050730299004,9.676358,5.701374546647053,384.0,130.8493536808262
2025-01-31 01:00:00,721,5.163660206086488,2.212997231179923,9.673482,2.6930829434254115,338.0,130.8493536808262
2025-01-31 02:00:00,722,4.638771361816275,1.9880448693498318,9.670607,1.1660987162502474,315.0,130.8493536808262
2025-01-31 03:00:00,723,4.638015686021756,1.9877210082950385,9.667732,0.3534414366072006,300.0,130.8493536808262
2025-01-31 04:00:00,724,4.136125811420952,1.7726253477518361,9.664856,0.43640990066386937,322.0,130.8493536808262
2025-01-31 05:00:00,725,4.011622646981826,1.719266848706497,9.661981,0.43922670411724696,364.0,130.8493536808262
2025-01-31 06:00:00,726,3.816553530172321,1.6356657986452803,9.659105,0.16567596930272593,422.0,130.8493536808262
2025-01-31 07:00:00,727,4.108432188710324,1.7607566523044247,9.65623,0.0,481.0,130.8493536808262
2025-01-31 08:00:00,728,4.275923567813691,1.832538671920153,9.653355,0.0,499.0,130.8493536808262
2025-01-31 09:00:00,729,4.534467003450233,1.9433430014786712,9.650479,0.3000326156870796,499.0,130.8493536808262
2025-01-31 10:00:00,730,4.712849549837722,2.0197926642161668,9.647604,1.4275575435987542,498.0,130.8493536808262
2025-01-31 11:00:00,731,4.854727270443895,2.080597401618812,9.644728,1.6570362215894652,498.0,130.8493536808262
2025-01-31 12:00:00,732,4.782740074986439,2.0497457464227593,9.641853,1.0764539792232617,498.0,130.8493536808262
2025-01-31 13:00:00,733,4.7418250736830085,2.0322107458641465,9.638978,1.464355227253196,498.0,130.8493536808262
2025-01-31 14:00:00,734,4.767564972751217,2.0432421311790923,9.636102,3.0071772275423596,498.0,130.8493536808262
2025-01-31 15:00:00,735,4.979759896658634,2.1341828128537,9.633227,3.8824078506737307,496.0,130.8493536808262
2025-01-31 16:00:00,736,5.032725009372793,2.156882146874054,9.630351,4.563311636897524,496.0,130.8493536808262
2025-01-31 17:00:00,737,5.056222768861186,2.1669526152262226,9.627476,4.528530050829223,496.0,130.8493536808262
2025-01-31 18:00:00,738,4.703163614091265,2.0156415488962565,9.624601,4.222468211609105,497.0,130.8493536808262
2025-01-31 19:00:00,739,4.956144746280444,2.12406203412019,9.621725,4.0016954170955215,497.0,130.8493536808262
2025-01-31 20:00:00,740,4.56934170789609,1.9582893033840385,9.61885,3.5636721599536396,497.0,130.8493536808262
2025-01-31 21:00:00,741,4.701569054405541,2.0149581661738027,9.615974,3.163691526664861,498.0,130.8493536808262
2025-01-31 22:00:00,742,4.768176263026085,2.043504112725465,9.613099,1.9173163200879946,482.0,130.8493536808262
2025-01-31 23:00:00,743,4.596741778474976,1.9700321907749894,9.610224,1.6156943810697826,435.0,130.8493536808262
2025-02-01 00:00:00,744,4.4590288827194255,1.9110123783083253,9.607348,0.9397427749438901,376.0,130.8493536808262
2025-02-01 01:00:00,745,4.509261038476608,1.9325404450614032,9.604473,0.6712743282044592,326.0,130.8493536808262
2025-02-01 02:00:00,746,4.272223808463654,1.830953060770137,9.601597,0.5409188996442147,292.0,130.8493536808262
2025-02-01 03:00:00,747,4.677542938647656,2.004661259420424,9.598722,0.18863097567054432,278.0,130.8493536808262
2025-02-01 04:00:00,748,4.55734120974567,1.953146232748144,9.595847,0.17893160675265535,305.0,130.8493536808262
2025-02-01 05:00:00,749,4.550970864974704,1.9504160849891585,9.592971,0.005902149152912651,380.0,130.8493536808262
2025-02-01 06:00:00,750,4.0825514453017355,1.749664905129315,9.590096,0.030059749019948644,446.0,130.8493536808262
2025-02-01 07:00:00,751,4.016161758943696,1.7212121824044408,9.58722,0.6592681465152186,488.0,130.8493536808262
2025-02-01 08:00:00,752,4.354559634367478,1.8662398433003475,9.584345,1.252896877122158,500.0,130.8493536808262
2025-02-01 09:00:00,753,3.9510746830399386,1.693317721302831,9.58147,1.5624732935945544,501.0,130.8493536808262
2025-02-01 10:00:00,754,4.17078580717789,1.787479631647667,9.578594,0.5110473894518096,501.0,130.8493536808262
2025-02-01 11:00:00,755,4.5820068532481075,1.9637172228206172,9.575719,1.1378633399401352,501.0,130.8493536808262
2025-02-01 12:00:00,756,4.286216751967324,1.8369500365574245,9.572843,1.2372945255842136,500.0,130.8493536808262
2025-02-01 13:00:00,757,5.1765146010522365,2.2185062575938157,9.569968,1.2636662321165724,500.0,130.8493536808262
2025-02-01 14:00:00,758,4.6786790724695,2.0051481739155,9.567093,0.9109973001934635,500.0,130.8493536808262
2025-02-01 15:00:00,759,5.03765655693573,2.15899566725817,9.564217,1.223099151306896,498.0,130.8493536808262
2025-02-01 16:00:00,760,4.837051257167502,2.0730219673575006,9.561342,1.6642172668026236,499.0,130.8493536808262
2025-02-01 17:00:00,761,5.534134266381354,2.3717718284491514,9.558466,1.95072578454768,500.0,130.8493536808262
2025-02-01 18:00:00,762,5.2889609570437806,2.2666975530187625,9.555591,3.1775926513706914,501.0,130.8493536808262
2025-02-01 19:00:00,763,5.524141684371241,2.36748929330196,9.552716,4.611526924502478,501.0,130.8493536808262
2025-02-01 20:00:00,764,5.856350876330151,2.5098646612843503,9.54984,6.707338061316721,501.0,130.8493536808262
2025-02-01 21:00:00,765,5.90237410863689,2.5295889037015242,9.546965,8.488559794221935,500.0,130.8493536808262
2025-02-01 22:00:00,766,5.8067616035077965,2.488612115789056,9.544089,2.0776043952212055,493.0,130.8493536808262
2025-02-01 23:00:00,767,5.781442620409171,2.477761123032502,9.541214,4.882262956664975,480.0,130.8493536808262
2025-02-02 00:00:00,768,5.557718704807272,2.3818794449174017,9.538339,7.101748981766877,465.0,130.8493536808262
2025-02-02 01:00:00,769,5.104777319668317,2.1877617084292784,9.535463,7.7749881212099945,448.0,130.8493536808262
2025-02-02 02:00:00,770,4.44061654995849,1.9031213785536385,9.532588,9.906640491319063,434.0,130.8493536808262
2025-02-02 03:00:00,771,4.322500677893931,1.8525002905259704,9.529712,10.30028761999301,426.0,130.8493536808262
2025-02-02 04:00:00,772,4.209499113940742,1.8040710488317464,9.526837,13.424810536707053,431.0,130.8493536808262
2025-02-02 05:00:00,773,4.240740636314984,1.8174602727064217,9.523962,15.0,442.0,130.8493536808262
2025-02-02 06:00:00,774,3.8604111959826826,1.6544619411354355,9.521086,15.0,468.0,130.8493536808262
2025-02-02 07:00:00,775,3.6021389001598196,1.5437738143542081,9.518211,15.0,493.0,130.8493536808262
2025-02-02 08:00:00,776,3.724371753312339,1.5961593228481452,9.515335,15.0,501.0,130.8493536808262
2025-02-02 09:00:00,777,4.2554450921561475,1.8237621823526347,9.51246,15.0,502.0,130.8493536808262
2025-02-02 10:00:00,778,3.7294823839071074,1.598349593103046,9.509585,12.029269932935494,502.0,130.8493536808262
2025-02-02 11:00:00,779,4.378383657281048,1.8764501388347348,9.506709,9.890597090673195,501.0,130.8493536808262
2025-02-02 12:00:00,780,4.011038068993755,1.7190163152830378,9.503834,5.1259906882837525,501.0,130.8493536808262
2025-02-02 13:00:00,781,4.675871524760977,2.0039449391832753,9.500958,4.912218956723838,499.0,130.8493536808262
2025-02-02 14:00:00,782,4.628767615548419,1.983757549520751,9.498083,6.690566139982525,499.0,130.8493536808262
2025-02-02 15:00:00,783,4.737301894571754,2.0302722405307514,9.495208,10.365196916187278,497.0,130.8493536808262
2025-02-02 16:00:00,784,4.243045361796611,1.8184480121985473,9.492332,9.747802954204918,498.0,130.8493536808262
2025-02-02 17:00:00,785,4.358896754938581,1.8680986092593914,9.489457,8.20563687603065,498.0,130.8493536808262
2025-02-02 18:00:00,786,4.427183080713214,1.8973641774485204,9.486581,7.476967137524236,499.0,130.8493536808262
2025-02-02 19:00:00,787,4.061569841586024,1.7406727892511533,9.483706,5.0180697805281795,499.0,130.8493536808262
2025-02-02 20:00:00,788,3.8920601962724835,1.6680257984024929,9.480831,4.074435227488323,500.0,130.8493536808262
2025-02-02 21:00:00,789,3.8000933212380263,1.6286114233877256,9.477955,3.9337479754908986,501.0,130.8493536808262
2025-02-02 22:00:00,790,3.678410834448048,1.5764617861920207,9.47508,4.243443843769095,496.0,130.8493536808262
2025-02-02 23:00:00,791,3.800424596617905,1.6287533985505307,9.472204,3.4635958205322854,478.0,130.8493536808262
2025-02-03 00:00:00,792,4.043790709462913,1.733053161198391,9.469329,1.8644202557369274,453.0,130.8493536808262
2025-02-03 01:00:00,793,4.772326730198349,2.0452828843707214,9.466454,0.817113394704718,430.0,130.8493536808262
2025-02-03 02:00:00,794,3.7780342787894563,1.6191575480526241,9.463578,0.08605079343640132,426.0,130.8493536808262
2025-02-03 03:00:00,795,4.004949089701428,1.7164067527291837,9.460703,0.0,422.0,130.8493536808262
2025-02-03 04:00:00,796,3.965287829149431,1.6994090696354702,9.457827,0.13047853127313652,435.0,130.8493536808262
2025-02-03 05:00:00,797,3.895037104598582,1.669301616256535,9.454952,0.057105519605835604,446.0,130.8493536808262
2025-02-03 06:00:00,798,3.8792301072639654,1.6625271888274138,9.452077,0.0,465.0,130.8493536808262
2025-02-03 07:00:00,799,3.9101181888606265,1.6757649380831257,9.449201,0.0,491.0,130.8493536808262
2025-02-03 08:00:00,800,4.27208200010357,1.8308922857586727,9.446326,0.0,501.0,130.8493536808262
2025-02-03 09:00:00,801,3.9143955272077595,1.6775980830890398,9.44345,0.039209591849810085,501.0,130.8493536808262
2025-02-03 10:00:00,802,4.241251738638124,1.8176793165591958,9.440575,0.6163902270331408,501.0,130.8493536808262
2025-02-03 11:00:00,803,4.152894081359551,1.7798117491540932,9.4377,1.873065276597571,499.0,130.8493536808262
2025-02-03 12:00:00,804,3.9961421385868894,1.712632345108667,9.434824,4.568691261696682,497.0,130.8493536808262
2025-02-03 13:00:00,805,4.662545670784951,1.998233858907836,9.431949,10.628221071702635,496.0,130.8493536808262
2025-02-03 14:00:00,806,4.303403130918506,1.8443156275365022,9.429073,15.0,495.0,130.8493536808262
2025-02-03 15:00:00,807,4.402076941452288,1.8866044034795517,9.426198,15.0,493.0,130.8493536808262
2025-02-03 16:00:00,808,4.22499429385099,1.8107118402218527,9.423323,15.0,492.0,130.8493536808262
2025-02-03 17:00:00,809,4.319665396079268,1.8512851697482575,9.420447,11.113132736440555,492.0,130.8493536808262
2025-02-03 18:00:00,810,4.222774120351739,1.8097603372936022,9.417572,5.131004664739409,493.0,130.8493536808262
2025-02-03 19:00:00,811,4.022840525882979,1.7240745110927056,9.414696,2.9532743810864255,493.0,130.8493536808262
2025-02-03 20:00:00,812,4.24216726413753,1.81807168463037,9.411821,0.5687332239058047,494.0,130.8493536808262
2025-02-03 21:00:00,813,4.016672788079891,1.7214311948913816,9.408946,0.0,497.0,130.8493536808262
2025-02-03 22:00:00,814,3.9736540914245206,1.7029946106105087,9.40607,1.7906850619546455,480.0,130.8493536808262
2025-02-03 23:00:00,815,3.9186553268858466,1.6794237115225057,9.403195,3.5919313945652975,428.0,130.8493536808262
2025-02-04 00:00:00,816,4.3889980344282495,1.880999157612107,9.400319,1.862783524321989,376.0,130.8493536808262
2025-02-04 01:00:00,817,4.193064424766078,1.7970276106140335,9.397444,1.1905027809229691,336.0,130.8493536808262
2025-02-04 02:00:00,818,3.831198100363638,1.6419420430129879,9.394569,2.552005721744507,322.0,130.8493536808262
2025-02-04 03:00:00,819,3.410911032185199,1.4618190137936564,9.391693,2.0719867039028563,328.0,130.8493536808262
2025-02-04 04:00:00,820,3.375896587444987,1.4468128231907087,9.388818,0.7523480966281472,359.0,130.8493536808262
2025-02-04 05:00:00,821,3.386703281357198,1.451444263438799,9.385942,0.2815639637149978,395.0,130.8493536808262
2025-02-04 06:00:00,822,3.4901190403859834,1.4957653030225642,9.383067,0.27546344728990924,442.0,130.8493536808262
2025-02-04 07:00:00,823,3.8153470242454572,1.6351487246766245,9.380192,0.25319365846800806,484.0,130.8493536808262
2025-02-04 08:00:00,824,3.8145979891496964,1.6348277096355839,9.377316,0.04722135104820673,498.0,130.8493536808262
2025-02-04 09:00:00,825,3.682114963062735,1.5780492698840292,9.374441,0.08658182967899021,499.0,130.8493536808262
2025-02-04 10:00:00,826,3.7643482039485745,1.613292087406532,9.371565,2.3253275939684173,497.0,130.8493536808262
2025-02-04 11:00:00,827,3.6252223500211778,1.5536667214376476,9.36869,4.009807458944818,497.0,130.8493536808262
2025-02-04 12:00:00,828,3.761276841494462,1.6119757892119122,9.365815,4.598428376689288,496.0,130.8493536808262
2025-02-04 13:00:00,829,4.042811352332313,1.7326334367138483,9.362939,2.1342165849283123,497.0,130.8493536808262
2025-02-04 14:00:00,830,3.8027855207485777,1.6297652231779616,9.360064,0.9741307944287912,496.0,130.8493536808262
2025-02-04 15:00:00,831,4.05179971370706,1.7364855915887398,9.357188,1.8773402480418087,494.0,130.8493536808262
2025-02-04 16:00:00,832,3.73616059292153,1.6012116826806557,9.354313,2.8828198257161786,494.0,130.8493536808262
2025-02-04 17:00:00,833,3.7681187948557193,1.6149080549381651,9.351438,3.005827969852829,494.0,130.8493536808262
2025-02-04 18:00:00,834,4.070375683723316,1.7444467215957067,9.348562,2.034364287955824,495.0,130.8493536808262
2025-02-04 19:00:00,835,3.791532718487976,1.624942593637704,9.345687,1.516752666377938,495.0,130.8493536808262
2025-02-04 20:00:00,836,3.491596172863316,1.4963983597985642,9.342812,0.9171272829351964,496.0,130.8493536808262
2025-02-04 21:00:00,837,3.882034061062911,1.6637288833126762,9.339936,0.7311419552892375,498.0,130.8493536808262
2025-02-04 22:00:00,838,3.591129981050301,1.5390557061644146,9.337061,0.6229279892537158,482.0,130.8493536808262
2025-02-04 23:00:00,839,3.696866723288987,1.584371452838137,9.334185,0.8604205846625202,436.0,130.8493536808262
2025-02-05 00:00:00,840,4.005460688992428,1.7166260095681833,9.33131,0.8501340221269935,389.0,130.8493536808262
2025-02-05 01:00:00,841,3.921807558874052,1.6807746680888795,9.328435,0.7909918884176527,352.0,130.8493536808262
2025-02-05 02:00:00,842,4.136301670397243,1.772700715884533,9.325559,1.2069147316711348,336.0,130.8493536808262
2025-02-05 03:00:00,843,4.608974322025352,1.9752747094394363,9.322684,1.981727612736595,330.0,130.8493536808262
2025-02-05 04:00:00,844,4.096515589221685,1.755649538237865,9.319808,5.280262983846349,363.0,130.8493536808262
2025-02-05 05:00:00,845,4.020395719699516,1.7230267370140782,9.316933,10.32286189321801,394.0,130.8493536808262
2025-02-05 06:00:00,846,4.233208610172078,1.8142322615023185,9.314058,15.0,434.0,130.8493536808262
2025-02-05 07:00:00,847,3.930278833102566,1.684405214186814,9.311182,15.0,480.0,130.8493536808262
2025-02-05 08:00:00,848,3.992280730204138,1.7109774558017736,9.308307,15.0,498.0,130.8493536808262
2025-02-05 09:00:00,849,3.725056034189913,1.5964525860813912,9.305431,15.0,498.0,130.8493536808262
2025-02-05 10:00:00,850,3.6211968695229744,1.5519415155098462,9.302556,15.0,497.0,130.8493536808262
2025-02-05 11:00:00,851,4.151282129916364,1.7791209128212986,9.299681,15.0,497.0,130.8493536808262
2025-02-05 12:00:00,852,4.041663498833086,1.732141499499894,9.296805,15.0,496.0,130.8493536808262
2025-02-05 13:00:00,853,4.34691028048611,1.8629615487797615,9.29393,15.0,496.0,130.8493536808262
2025-02-05 14:00:00,854,4.199011467338367,1.799576343145014,9.291054,15.0,496.0,130.8493536808262
2025-02-05 15:00:00,855,4.504235452102744,1.9303866223297472,9.288179,15.0,494.0,130.8493536808262
2025-02-05 16:00:00,856,4.5276279132421,1.9404119628180425,9.285304,15.0,493.0,130.8493536808262
2025-02-05 17:00:00,857,4.5934391459692465,1.9686167768439626,9.282428,15.0,492.0,130.8493536808262
2025-02-05 18:00:00,858,4.472356904496964,1.916724387641556,9.279553,15.0,493.0,130.8493536808262
2025-02-05 19:00:00,859,4.754134148037994,2.037486063444854,9.276677,14.042465419069515,494.0,130.8493536808262
2025-02-05 20:00:00,860,4.825590214055036,2.0681100917378723,9.273802,11.432196136771378,496.0,130.8493536808262
2025-02-05 21:00:00,861,4.451344962760755,1.9077192697546093,9.270927,9.393246278064495,498.0,130.8493536808262
2025-02-05 22:00:00,862,4.382671098117781,1.8782876134790487,9.268051,10.806082923197305,483.0,130.8493536808262
2025-02-05 23:00:00,863,4.961042235088698,2.126160957895156,9.265176,6.906567588403399,437.0,130.8493536808262
2025-02-06 00:00:00,864,4.889612519136062,2.0955482224868835,9.2623,7.099926669991798,392.0,130.8493536808262
2025-02-06 01:00:00,865,5.126747041472385,2.1971773034881648,9.259425,8.30806366605601,353.0,130.8493536808262
2025-02-06 02:00:00,866,4.0925098430601405,1.7539327898829176,9.25655,7.472474057453767,333.0,130.8493536808262
2025-02-06 03:00:00,867,4.78390243661177,2.050243901405044,9.253674,7.413686274174752,322.0,130.8493536808262
2025-02-06 04:00:00,868,5.322337223089672,2.2810016670384305,9.250799,7.398071985725013,346.0,130.8493536808262
2025-02-06 05:00:00,869,5.281170406206211,2.2633587455169475,9.247923,6.0199425092946,378.0,130.8493536808262
2025-02-06 06:00:00,870,4.8348301559237115,2.072070066824448,9.245048,5.254835368292512,425.0,130.8493536808262
2025-02-06 07:00:00,871,5.124997180204462,2.196427362944769,9.242173,4.131354187677697,477.0,130.8493536808262
2025-02-06 08:00:00,872,5.352141667510709,2.2937750003617325,9.239297,4.7629554079186205,498.0,130.8493536808262
2025-02-06 09:00:00,873,5.297807913554671,2.2704891058091445,9.236422,5.56476914533151,499.0,130.8493536808262
2025-02-06 10:00:00,874,5.6148314862985185,2.406356351270793,9.233546,4.3441380195259764,499.0,130.8493536808262
2025-02-06 11:00:00,875,5.081821834204389,2.1779236432304523,9.230671,2.1342008998190316,498.0,130.8493536808262
2025-02-06 12:00:00,876,5.5739559952343845,2.3888382836718787,9.227796,1.37701161935234,497.0,130.8493536808262
2025-02-06 13:00:00,877,5.718256172600565,2.4506812168288135,9.22492,1.021029723202574,498.0,130.8493536808262
2025-02-06 14:00:00,878,5.539788589264959,2.3741951096849823,9.222045,0.8941582231475914,497.0,130.8493536808262
2025-02-06 15:00:00,879,5.050957341439551,2.164696003474093,9.219169,0.9468245583638822,495.0,130.8493536808262
2025-02-06 16:00:00,880,4.927697470336293,2.1118703444298395,9.216294,1.5291596597913106,494.0,130.8493536808262
2025-02-06 17:00:00,881,4.624457994417095,1.9819105690358976,9.213419,2.9998487486336756,494.0,130.8493536808262
2025-02-06 18:00:00,882,4.691938640143835,2.010830845775929,9.210543,3.9939499453651193,494.0,130.8493536808262
2025-02-06 19:00:00,883,4.71326249947835,2.019969642633578,9.207668,3.7887189838730113,494.0,130.8493536808262
2025-02-06 20:00:00,884,5.096159062382439,2.1840681695924737,9.204792,3.4676055549357674,496.0,130.8493536808262
2025-02-06 21:00:00,885,5.362310856317867,2.298133224136229,9.201917,2.907023279923009,498.0,130.8493536808262
2025-02-06 22:00:00,886,4.99460691099636,2.14054581899844,9.199042,1.2501666588743512,482.0,130.8493536808262
2025-02-06 23:00:00,887,4.763039416129606,2.041302606912688,9.196166,0.6260848600380883,436.0,130.8493536808262
2025-02-07 00:00:00,888,4.398724126679257,1.8851674828625384,9.193291,0.24552149772227672,391.0,130.8493536808262
2025-02-07 01:00:00,889,4.871133341856925,2.087628575081539,9.190415,0.2293563248863163,360.0,130.8493536808262
2025-02-07 02:00:00,890,4.717703620124189,2.021872980053224,9.18754,1.0604853301092323,346.0,130.8493536808262
2025-02-07 03:00:00,891,4.198752725442588,1.799465453761109,9.184665,2.565732270705706,346.0,130.8493536808262
2025-02-07 04:00:00,892,3.879447609773624,1.6626204041886958,9.181789,4.65634200118289,364.0,130.8493536808262
2025-02-07 05:00:00,893,4.125203998578762,1.7679445708194694,9.178914,4.729946092098413,387.0,130.8493536808262
2025-02-07 06:00:00,894,4.228605327069433,1.8122594258868996,9.176038,3.7659902063743385,433.0,130.8493536808262
2025-02-07 07:00:00,895,4.048812048457023,1.7352051636244383,9.173163,2.5079632594938444,480.0,130.8493536808262
2025-02-07 08:00:00,896,5.151677122702889,2.2078616240155235,9.170288,3.157258919793938,501.0,130.8493536808262
2025-02-07 09:00:00,897,4.809513806518348,2.0612202027935775,9.167412,8.601975791553814,501.0,130.8493536808262
2025-02-07 10:00:00,898,5.414746837364677,2.3206057874420045,9.164537,15.0,501.0,130.8493536808262
2025-02-07 11:00:00,899,4.847666894453122,2.0775715261941947,9.161661,15.0,500.0,130.8493536808262
2025-02-07 12:00:00,900,5.197108158744886,2.2273320680335225,9.158786,15.0,499.0,130.8493536808262
2025-02-07 13:00:00,901,5.0664186899511385,2.171322295693345,9.155911,15.0,499.0,130.8493536808262
2025-02-07 14:00:00,902,5.413550983533012,2.3200932786570054,9.153035,15.0,498.0,130.8493536808262
2025-02-07 15:00:00,903,5.267102750951599,2.2573297504078282,9.15016,15.0,497.0,130.8493536808262
2025-02-07 16:00:00,904,4.98494003566796,2.1364028724291257,9.147284,15.0,496.0,130.8493536808262
2025-02-07 17:00:00,905,5.016465004143113,2.149913573204191,9.144409,15.0,495.0,130.8493536808262
2025-02-07 18:00:00,906,4.762910583588042,2.0412473929663038,9.141534,15.0,495.0,130.8493536808262
2025-02-07 19:00:00,907,4.526713180963695,1.9400199346987264,9.138658,15.0,495.0,130.8493536808262
2025-02-07 20:00:00,908,5.1454036057309835,2.205172973884707,9.135783,15.0,496.0,130.8493536808262
2025-02-07 21:00:00,909,4.950722068850776,2.1217380295074753,9.132907,15.0,498.0,130.8493536808262
2025-02-07 22:00:00,910,4.879972544533912,2.0914168048002475,9.130032,15.0,479.0,130.8493536808262
2025-02-07 23:00:00,911,5.03814098024119,2.1592032772462244,9.127157,15.0,432.0,130.8493536808262
2025-02-08 00:00:00,912,5.104433988683374,2.187614566578589,9.124281,9.067606599783682,382.0,130.8493536808262
2025-02-08 01:00:00,913,5.15237651607119,2.2081613640305098,9.121406,4.589598880225917,333.0,130.8493536808262
2025-02-08 02:00:00,914,5.893760953115325,2.525897551335139,9.11853,4.247438946396747,306.0,130.8493536808262
2025-02-08 03:00:00,915,5.048396840026433,2.163598645725614,9.115655,8.332142257229373,295.0,130.8493536808262
2025-02-08 04:00:00,916,4.894855772765128,2.0977953311850546,9.11278,13.836052184119533,307.0,130.8493536808262
2025-02-08 05:00:00,917,4.66349514679199,1.9986407771965673,9.109904,12.260270537389676,346.0,130.8493536808262
2025-02-08 06:00:00,918,4.153383775317564,1.7800216179932418,9.107029,9.723047125198534,404.0,130.8493536808262
2025-02-08 07:00:00,919,4.427336022802352,1.897429724058151,9.104153,9.704339535957308,470.0,130.8493536808262
2025-02-08 08:00:00,920,4.589572396206824,1.9669595983743533,9.101278,10.703720739586998,498.0,130.8493536808262
2025-02-08 09:00:00,921,4.432416902491414,1.8996072439248914,9.098403,11.185474567090646,498.0,130.8493536808262
2025-02-08 10:00:00,922,4.201178686116515,1.8005051511927923,9.095527,15.0,498.0,130.8493536808262
2025-02-08 11:00:00,923,4.3866882410424894,1.880009246161067,9.092652,15.0,497.0,130.8493536808262
2025-02-08 12:00:00,924,4.404252372479657,1.8875367310627102,9.089776,15.0,497.0,130.8493536808262
2025-02-08 13:00:00,925,4.955027294888307,2.123583126380703,9.086901,15.0,496.0,130.8493536808262
2025-02-08 14:00:00,926,4.926814532728687,2.1114919425980085,9.084026,15.0,496.0,130.8493536808262
2025-02-08 15:00:00,927,5.0177264729610105,2.1504542026975755,9.08115,15.0,494.0,130.8493536808262
2025-02-08 16:00:00,928,5.040295305295453,2.160126559412337,9.078275,15.0,493.0,130.8493536808262
2025-02-08 17:00:00,929,5.375410235942157,2.30374724397521,9.075399,15.0,493.0,130.8493536808262
2025-02-08 18:00:00,930,5.136123330611225,2.2011957131190965,9.072524,15.0,494.0,130.8493536808262
2025-02-08 19:00:00,931,4.885053557012725,2.093594381576882,9.069649,15.0,493.0,130.8493536808262
2025-02-08 20:00:00,932,5.009166152856688,2.146785494081437,9.066773,15.0,493.0,130.8493536808262
2025-02-08 21:00:00,933,4.747556461353108,2.034667054865617,9.063898,12.458913349543165,493.0,130.8493536808262
2025-02-08 22:00:00,934,4.723687747711944,2.024437606162261,9.061022,7.696491151766348,472.0,130.8493536808262
2025-02-08 23:00:00,935,4.726179125393118,2.025505339454193,9.058147,6.186221769805776,413.0,130.8493536808262
2025-02-09 00:00:00,936,4.990724635106514,2.13888198647422,9.055272,4.849049392765843,358.0,130.8493536808262
2025-02-09 01:00:00,937,5.368637380061984,2.300844591455136,9.052396,4.928289102866932,313.0,130.8493536808262
2025-02-09 02:00:00,938,4.9678050744693385,2.129059317629716,9.049521,4.398182059798758,285.0,130.8493536808262
2025-02-09 03:00:00,939,4.333911764538357,1.8573907562307244,9.046645,4.4498353203048095,277.0,130.8493536808262
2025-02-09 04:00:00,940,4.1930227499787796,1.7970097499909052,9.04377,3.2913864276903473,290.0,130.8493536808262
2025-02-09 05:00:00,941,4.580352292000308,1.9630081251429892,9.040895,3.0009079017555345,332.0,130.8493536808262
2025-02-09 06:00:00,942,4.121391375312615,1.7663105894196922,9.038019,1.5256109250783427,396.0,130.8493536808262
2025-02-09 07:00:00,943,3.911990811875328,1.676567490803712,9.035144,0.6499336817877197,463.0,130.8493536808262
2025-02-09 08:00:00,944,4.180053612648046,1.791451548277734,9.032268,0.4748171890849838,496.0,130.8493536808262
2025-02-09 09:00:00,945,4.323877347590328,1.8530902918244263,9.029393,1.2551622637476418,498.0,130.8493536808262
2025-02-09 10:00:00,946,3.9610417616616975,1.6975893264264417,9.026518,1.4690557980294257,498.0,130.8493536808262
2025-02-09 11:00:00,947,4.331675718571644,1.8564324508164187,9.023642,2.275982993014202,497.0,130.8493536808262
2025-02-09 12:00:00,948,4.503091798279616,1.9298964849769782,9.020767,4.185175212494794,497.0,130.8493536808262
2025-02-09 13:00:00,949,4.65485738524503,1.9949388793907272,9.017891,7.002197512332005,496.0,130.8493536808262
2025-02-09 14:00:00,950,4.841632446677266,2.074985334290257,9.015016,8.864636270345521,496.0,130.8493536808262
2025-02-09 15:00:00,951,4.91725021528567,2.107392949408144,9.012141,8.104208026372612,494.0,130.8493536808262
2025-02-09 16:00:00,952,4.708159132779546,2.017782485476948,9.009265,7.447095643813261,493.0,130.8493536808262
2025-02-09 17:00:00,953,4.889876090118166,2.095661181479214,9.00639,6.674144721126353,494.0,130.8493536808262
2025-02-09 18:00:00,954,4.817767653760768,2.0647575658974717,9.003514,5.9498217949212,494.0,130.8493536808262
2025-02-09 19:00:00,955,4.79486074016655,2.0549403172142355,9.000639,5.167993697743774,495.0,130.8493536808262
2025-02-09 20:00:00,956,4.905471199794675,2.1023447999120037,8.997764,4.201740164306854,497.0,130.8493536808262
2025-02-09 21:00:00,957,4.699913486854275,2.01424863722326,8.994888,3.3798356069283555,499.0,130.8493536808262
2025-02-09 22:00:00,958,4.498079432304436,1.9277483281304728,8.992013,0.5263977899207429,481.0,130.8493536808262
2025-02-09 23:00:00,959,4.43202335885422,1.8994385823660944,8.989137,0.30035006261368863,434.0,130.8493536808262
2025-02-10 00:00:00,960,4.786923701962646,2.051538729412562,8.986262,0.0,388.0,130.8493536808262
2025-02-10 01:00:00,961,4.285493034088697,1.8366398717522987,8.983387,0.0,346.0,130.8493536808262
2025-02-10 02:00:00,962,4.025245134441324,1.7251050576177103,8.980511,0.0,327.0,130.8493536808262
2025-02-10 03:00:00,963,3.971714209729439,1.7021632327411882,8.977636,0.0,319.0,130.8493536808262
2025-02-10 04:00:00,964,3.7502580636619207,1.6072534558551086,8.97476,0.0,336.0,130.8493536808262
2025-02-10 05:00:00,965,3.6042817461976075,1.5446921769418318,8.971885,0.01089582021851536,365.0,130.8493536808262
2025-02-10 06:00:00,966,3.5640517872953104,1.5274507659837044,8.96901,0.08314372182556254,415.0,130.8493536808262
2025-02-10 07:00:00,967,3.772064372913798,1.616599016963056,8.966134,0.033171545378615566,474.0,130.8493536808262
2025-02-10 08:00:00,968,3.6414310347618035,1.5606133006122014,8.963259,0.0,499.0,130.8493536808262
2025-02-10 09:00:00,969,3.8527487965480285,1.6511780556634408,8.960383,0.0,500.0,130.8493536808262
2025-02-10 10:00:00,970,3.4907748174811353,1.496046350349058,8.957508,0.0,500.0,130.8493536808262
2025-02-10 11:00:00,971,3.7008354877697527,1.5860723519013225,8.954633,0.0,499.0,130.8493536808262
2025-02-10 12:00:00,972,3.881244333872472,1.6633904288024879,8.951757,0.0,499.0,130.8493536808262
2025-02-10 13:00:00,973,4.093324540747852,1.7542819460347936,8.948882,0.0,499.0,130.8493536808262
2025-02-10 14:00:00,974,3.6711775708544128,1.5733618160804623,8.946006,1.6853344428122083,498.0,130.8493536808262
2025-02-10 15:00:00,975,3.71399605365064,1.5917125944217028,8.943131,6.2010391589757665,496.0,130.8493536808262
2025-02-10 16:00:00,976,3.6852694463449858,1.5794011912907082,8.940256,6.729694393778887,497.0,130.8493536808262
2025-02-10 17:00:00,977,3.888838963145864,1.6666452699196561,8.93738,4.7851990538246065,497.0,130.8493536808262
2025-02-10 18:00:00,978,3.974451496261655,1.7033363555407093,8.934505,3.742220994683151,496.0,130.8493536808262
2025-02-10 19:00:00,979,4.035691319650702,1.7295819941360153,8.931629,3.091386388042158,496.0,130.8493536808262
2025-02-10 20:00:00,980,3.7261861745213154,1.5969369319377065,8.928754,2.9133223840035494,497.0,130.8493536808262
2025-02-10 21:00:00,981,3.652564688331768,1.5653848664279004,8.925879,2.650625959399288,498.0,130.8493536808262
2025-02-10 22:00:00,982,3.6606694940402975,1.568858354588699,8.923003,6.238181065203982,474.0,130.8493536808262
2025-02-10 23:00:00,983,3.6441072398551064,1.5617602456521886,8.920128,5.356717804581857,418.0,130.8493536808262
2025-02-11 00:00:00,984,4.245005334734365,1.8192880006004417,8.917252,2.1594680205663472,365.0,130.8493536808262
2025-02-11 01:00:00,985,3.8801746921362015,1.6629320109155148,8.914377,6.181705201541908,324.0,130.8493536808262
2025-02-11 02:00:00,986,3.3523251465187163,1.4367107770794498,8.911502,11.632874361026659,299.0,130.8493536808262
2025-02-11 03:00:00,987,3.245054595589968,1.3907376838242722,8.908626,8.85223781398526,290.0,130.8493536808262
2025-02-11 04:00:00,988,3.287639770057987,1.4089884728819944,8.905751,6.934924319881884,301.0,130.8493536808262
2025-02-11 05:00:00,989,3.131519313380763,1.3420797057346128,8.902875,5.180224393393419,342.0,130.8493536808262
2025-02-11 06:00:00,990,3.2638450602662514,1.3987907401141078,8.9,3.953636752522084,400.0,130.8493536808262
2025-02-11 07:00:00,991,3.243176427172374,1.389932754502446,8.9,2.820279006696358,464.0,130.8493536808262
2025-02-11 08:00:00,992,3.6579231415570166,1.5676813463815784,8.9,4.241669370729936,497.0,130.8493536808262
2025-02-11 09:00:00,993,3.2451528053780305,1.3907797737334415,8.9,5.7111947587772045,498.0,130.8493536808262
2025-02-11 10:00:00,994,3.5839113398432314,1.5359620027899563,8.9,4.47227491043049,498.0,130.8493536808262
2025-02-11 11:00:00,995,3.6552630596603994,1.5665413112830282,8.8,5.3590131965322225,498.0,130.8493536808262
2025-02-11 12:00:00,996,3.6665144137872803,1.5713633201945487,8.8,5.325279183801261,497.0,130.8493536808262
2025-02-11 13:00:00,997,3.864945475431586,1.656405203756394,8.8,5.277200027515921,497.0,130.8493536808262
2025-02-11 14:00:00,998,3.848203356550992,1.649230009950425,8.8,5.604298739180212,498.0,130.8493536808262
2025-02-11 15:00:00,999,3.8444377096031372,1.6476161612584874,8.8,4.09484271708171,496.0,130.8493536808262
2025-02-11 16:00:00,1000,3.951538422795628,1.6935164669124119,8.7,1.9897807790506876,496.0,130.8493536808262
2025-02-11 17:00:00,1001,4.006281253086038,1.716977679894016,8.7,1.0715697607907402,497.0,130.8493536808262
2025-02-11 18:00:00,1002,3.969709611431899,1.7013041191850995,8.7,0.569098729332943,497.0,130.8493536808262
2025-02-11 19:00:00,1003,4.093698936290714,1.754442401267449,8.7,0.09042128745605628,497.0,130.8493536808262
2025-02-11 20:00:00,1004,3.9836800631199507,1.707291455622836,8.7,0.0,498.0,130.8493536808262
2025-02-11 21:00:00,1005,4.233462095877037,1.8143408982330158,8.7,0.0,499.0,130.8493536808262
2025-02-11 22:00:00,1006,4.172132267519373,1.7880566860797311,8.7,0.0,479.0,130.8493536808262
2025-02-11 23:00:00,1007,4.302932444754318,1.8441139048947077,8.7,0.06345311233056665,437.0,130.8493536808262
2025-02-12 00:00:00,1008,4.1352321655392,1.7722423566596575,8.8,0.0,415.0,130.8493536808262
2025-02-12 01:00:00,1009,4.786205463331312,2.0512309128562762,8.8,0.0,381.0,130.8493536808262
2025-02-12 02:00:00,1010,4.350008545087911,1.8642893764662472,8.9,0.0,357.0,130.8493536808262
2025-02-12 03:00:00,1011,4.249509002016216,1.8212181437212356,8.9,0.0,376.0,130.8493536808262
2025-02-12 04:00:00,1012,4.097765557323421,1.756185238852895,9.1,0.17488863722269946,406.0,130.8493536808262
2025-02-12 05:00:00,1013,4.043316740966677,1.7328500318428617,9.1,3.8593122755827967,407.0,130.8493536808262
2025-02-12 06:00:00,1014,3.6956611566531032,1.5838547814227584,9.1,13.49715567477497,440.0,130.8493536808262
2025-02-12 07:00:00,1015,3.9841112513397814,1.707476250574192,9.1,15.0,477.0,130.8493536808262
2025-02-12 08:00:00,1016,4.201979973983765,1.8008485602787563,9.1,15.0,499.0,130.8493536808262
2025-02-12 09:00:00,1017,3.9831956815420657,1.7070838635180283,9.1,15.0,499.0,130.8493536808262
2025-02-12 10:00:00,1018,4.540167078471665,1.9457858907735708,9.1,15.0,498.0,130.8493536808262
2025-02-12 11:00:00,1019,4.07748778447951,1.747494764776933,9.1,15.0,497.0,130.8493536808262
2025-02-12 12:00:00,1020,4.202115667772512,1.8009067147596478,9.1,15.0,497.0,130.8493536808262
2025-02-12 13:00:00,1021,5.185485817057547,2.222351064453234,9.1,15.0,496.0,130.8493536808262
2025-02-12 14:00:00,1022,4.495435784791456,1.9266153363391956,9.1,15.0,496.0,130.8493536808262
2025-02-12 15:00:00,1023,4.55774954868105,1.9533212351490212,9.1,15.0,495.0,130.8493536808262
2025-02-12 16:00:00,1024,4.612700964933101,1.9768718421141858,9.1,15.0,494.0,130.8493536808262
2025-02-12 17:00:00,1025,5.042033138254347,2.1608713449661487,9.1,15.0,494.0,130.8493536808262
2025-02-12 18:00:00,1026,4.905325367101496,2.1022823001863555,9.1,15.0,492.0,130.8493536808262
2025-02-12 19:00:00,1027,5.020441145431217,2.1516176337562354,9.1,15.0,492.0,130.8493536808262
2025-02-12 20:00:00,1028,4.645490962950143,1.9909246984072042,9.1,15.0,493.0,130.8493536808262
2025-02-12 21:00:00,1029,4.919914152114881,2.108534636620663,9.1,15.0,495.0,130.8493536808262
2025-02-12 22:00:00,1030,5.0433474621319965,2.1614346266279982,9.1,13.70642245327932,474.0,130.8493536808262
2025-02-12 23:00:00,1031,5.1612757902080215,2.2119753386605803,9.1,13.353267122871511,424.0,130.8493536808262
2025-02-13 00:00:00,1032,5.534328836049456,2.371855215449767,9.1,8.154726867878535,376.0,130.8493536808262
2025-02-13 01:00:00,1033,4.886519775612767,2.0942227609769,9.1,14.830160782297147,329.0,130.8493536808262
2025-02-13 02:00:00,1034,4.67637296285438,2.0041598412233057,9.1,15.0,300.0,130.8493536808262
2025-02-13 03:00:00,1035,4.394586345730696,1.8833941481702978,9.2,15.0,286.0,130.8493536808262
2025-02-13 04:00:00,1036,4.329221957198074,1.8553808387991748,9.2,15.0,307.0,130.8493536808262
2025-02-13 05:00:00,1037,4.372115846212845,1.8737639340912193,9.2,15.0,345.0,130.8493536808262
2025-02-13 06:00:00,1038,4.318989805731302,1.850995631027701,9.2,15.0,403.0,130.8493536808262
2025-02-13 07:00:00,1039,4.262631740709706,1.8268421745898737,9.2,15.0,467.0,130.8493536808262
2025-02-13 08:00:00,1040,4.21249643385428,1.805355614508977,9.2,15.0,497.0,130.8493536808262
2025-02-13 09:00:00,1041,3.9338907708712183,1.6859531875162361,9.2,15.0,498.0,130.8493536808262
2025-02-13 10:00:00,1042,4.117905925216678,1.764816825092862,9.1,15.0,497.0,130.8493536808262
2025-02-13 11:00:00,1043,4.207814858846783,1.8033492252200496,9.1,15.0,497.0,130.8493536808262
2025-02-13 12:00:00,1044,4.363925723217624,1.8702538813789813,9.1,15.0,497.0,130.8493536808262
2025-02-13 13:00:00,1045,4.888750126285255,2.0951786255508233,9.1,12.787263223031465,498.0,130.8493536808262
2025-02-13 14:00:00,1046,5.1855767097557,2.2223900184667285,9.1,8.87872211377407,497.0,130.8493536808262
2025-02-13 15:00:00,1047,4.728687569334946,2.0265803868578343,9.1,6.70234045074689,495.0,130.8493536808262
2025-02-13 16:00:00,1048,5.3656398709789475,2.299559944705263,9.1,5.490894552265582,494.0,130.8493536808262
2025-02-13 17:00:00,1049,4.805473528893625,2.059488655240125,9.1,4.593972247448775,495.0,130.8493536808262
2025-02-13 18:00:00,1050,4.498372404034865,1.9278738874435133,9.1,3.5868712670135294,495.0,130.8493536808262
2025-02-13 19:00:00,1051,4.61723463960852,1.9788148455465082,9.1,2.058700332912661,495.0,130.8493536808262
2025-02-13 20:00:00,1052,4.695978971320409,2.012562416280175,9.1,1.0617016605366878,496.0,130.8493536808262
2025-02-13 21:00:00,1053,4.690323129626316,2.010138484125564,9.1,0.3594552928672309,498.0,130.8493536808262
2025-02-13 22:00:00,1054,4.985875603481995,2.136803830063712,9.0,4.839683859700896,477.0,130.8493536808262
2025-02-13 23:00:00,1055,5.319004932093161,2.279573542325641,9.1,6.254869047308746,425.0,130.8493536808262
2025-02-14 00:00:00,1056,5.211412325915501,2.233462425392357,9.1,7.669565535359352,368.0,130.8493536808262
2025-02-14 01:00:00,1057,4.755644401654662,2.038133314994855,9.1,5.075342349743341,323.0,130.8493536808262
2025-02-14 02:00:00,1058,4.738893239766263,2.030954245614113,9.1,2.5105674312893345,291.0,130.8493536808262
2025-02-14 03:00:00,1059,5.040369907955887,2.1601585319810943,9.2,0.8007494904057206,275.0,130.8493536808262
2025-02-14 04:00:00,1060,4.795669651679081,2.055286993576749,9.3,0.154304519149476,306.0,130.8493536808262
2025-02-14 05:00:00,1061,4.667057096641363,2.0001673271320124,9.4,0.06800144193430707,335.0,130.8493536808262
2025-02-14 06:00:00,1062,4.554521989798215,1.9519379956278062,9.4,0.0,393.0,130.8493536808262
2025-02-14 07:00:00,1063,4.2703305191050855,1.8301416510450363,9.4,0.0,462.0,130.8493536808262
2025-02-14 08:00:00,1064,4.414871832267389,1.8920879281145955,9.3,0.0,497.0,130.8493536808262
2025-02-14 09:00:00,1065,4.37592723824051,1.875397387817361,9.2,0.0,497.0,130.8493536808262
2025-02-14 10:00:00,1066,3.5679589204797915,1.5291252516341962,9.2,1.4564843209195637,497.0,130.8493536808262
2025-02-14 11:00:00,1067,3.8494051266905536,1.6497450542959515,9.2,1.583777731872781,497.0,130.8493536808262
2025-02-14 12:00:00,1068,3.9629081433280744,1.6983892042834603,9.1,1.2940732507539991,496.0,130.8493536808262
2025-02-14 13:00:00,1069,4.029877079847603,1.7270901770775442,9.1,2.8475937917507266,496.0,130.8493536808262
2025-02-14 14:00:00,1070,4.203736879204355,1.801601519659009,9.1,5.556931007521706,496.0,130.8493536808262
2025-02-14 15:00:00,1071,4.3222027351035095,1.8523726007586467,9.1,6.586241896981982,495.0,130.8493536808262
2025-02-14 16:00:00,1072,4.554266563250215,1.9518285271072346,9.1,5.4078275241692735,494.0,130.8493536808262
2025-02-14 17:00:00,1073,4.497505295349589,1.9275022694355377,9.1,4.429455604205013,494.0,130.8493536808262
2025-02-14 18:00:00,1074,4.897704853356707,2.099016365724303,9.1,3.5454798611134466,495.0,130.8493536808262
2025-02-14 19:00:00,1075,4.550320154226621,1.9501372089542661,9.1,2.5769363830931393,495.0,130.8493536808262
2025-02-14 20:00:00,1076,5.472414298414346,2.345320413606148,9.1,2.242536462621322,496.0,130.8493536808262
2025-02-14 21:00:00,1077,5.1574096056248635,2.2103184024106555,9.1,2.0650439800408,498.0,130.8493536808262
2025-02-14 22:00:00,1078,5.01469989381312,2.1491570973484797,9.1,1.0943107541556136,467.0,130.8493536808262
2025-02-14 23:00:00,1079,4.630985984684032,1.9847082791502995,9.1,0.45915518098114216,394.0,130.8493536808262
2025-02-15 00:00:00,1080,5.318954720442482,2.279552023046778,9.1,0.48907557965876747,319.0,130.8493536808262
2025-02-15 01:00:00,1081,5.171378523543318,2.216305081518565,9.1,0.2277709598577737,263.0,130.8493536808262
2025-02-15 02:00:00,1082,4.4451836439413555,1.9050787045462951,9.2,0.0,230.0,130.8493536808262
2025-02-15 03:00:00,1083,4.047864445591379,1.7347990481105908,9.2,0.0,220.0,130.8493536808262
2025-02-15 04:00:00,1084,4.020178116948136,1.7229334786920585,9.3,0.0,237.0,130.8493536808262
2025-02-15 05:00:00,1085,4.435449619466345,1.9009069797712908,9.4,0.0,291.0,130.8493536808262
2025-02-15 06:00:00,1086,4.42007259710069,1.894316827328867,9.4,0.11324829610561686,374.0,130.8493536808262
2025-02-15 07:00:00,1087,4.22564186180582,1.8109893693453512,9.4,0.4643714412416634,455.0,130.8493536808262
2025-02-15 08:00:00,1088,4.126043265286351,1.7683042565512934,9.4,0.8756040268100718,496.0,130.8493536808262
2025-02-15 09:00:00,1089,4.450252615496872,1.907251120927231,9.4,1.1875304963520905,499.0,130.8493536808262
2025-02-15 10:00:00,1090,3.9593694873919336,1.696872637453686,9.3,1.6384020041280485,499.0,130.8493536808262
2025-02-15 11:00:00,1091,5.462315155176055,2.340992209361166,9.2,3.0360302893009887,498.0,130.8493536808262
2025-02-15 12:00:00,1092,5.291122394553719,2.267623883380165,9.2,4.6656709411423165,497.0,130.8493536808262
2025-02-15 13:00:00,1093,5.715606226729383,2.4495455257411636,9.2,3.5347603179926326,497.0,130.8493536808262
2025-02-15 14:00:00,1094,5.717156147907467,2.4502097776746283,9.2,3.0911589544806817,498.0,130.8493536808262
2025-02-15 15:00:00,1095,5.703489118042355,2.444352479161009,9.2,3.0495242258672377,498.0,130.8493536808262
2025-02-15 16:00:00,1096,5.245863992088404,2.2482274251807444,9.2,3.667496774115448,497.0,130.8493536808262
2025-02-15 17:00:00,1097,5.024062260499937,2.1531695402142588,9.2,7.054989041073374,498.0,130.8493536808262
2025-02-15 18:00:00,1098,4.618155881481243,1.9792096634919614,9.2,11.164493147243746,498.0,130.8493536808262
2025-02-15 19:00:00,1099,4.78313199523658,2.049913712244248,9.2,13.847101032805837,499.0,130.8493536808262
2025-02-15 20:00:00,1100,4.6912785399701695,2.010547945701501,9.2,15.0,498.0,130.8493536808262
2025-02-15 21:00:00,1101,4.556740066886203,1.9528886000940866,9.2,9.030966675490266,498.0,130.8493536808262
2025-02-15 22:00:00,1102,4.45315197868884,1.9084937051523598,9.2,1.6545129374927408,482.0,130.8493536808262
2025-02-15 23:00:00,1103,4.879715796332208,2.09130676985666,9.2,0.4279543543618701,422.0,130.8493536808262
2025-02-16 00:00:00,1104,5.316910988520397,2.278676137937313,9.2,0.0,330.0,130.8493536808262
2025-02-16 01:00:00,1105,5.228130711707472,2.240627447874631,9.2,0.0,275.0,130.8493536808262
2025-02-16 02:00:00,1106,4.669058229847458,2.001024955648911,9.3,0.0,247.0,130.8493536808262
2025-02-16 03:00:00,1107,4.725307441144354,2.0251317604904373,9.4,0.0,239.0,130.8493536808262
2025-02-16 04:00:00,1108,4.724488319552121,2.0247807083794807,9.4,0.0,269.0,130.8493536808262
2025-02-16 05:00:00,1109,4.7435041985246915,2.032930370796296,9.5,0.0,333.0,130.8493536808262
2025-02-16 06:00:00,1110,4.154542096765962,1.7805180414711266,9.6,0.0,417.0,130.8493536808262
2025-02-16 07:00:00,1111,4.2578157892298005,1.8247781953842002,9.6,0.0,480.0,130.8493536808262
2025-02-16 08:00:00,1112,5.217731831120039,2.236170784765731,9.5,0.0,501.0,130.8493536808262
2025-02-16 09:00:00,1113,5.480748820390481,2.34889235159592,9.5,0.0,503.0,130.8493536808262
2025-02-16 10:00:00,1114,6.072398717244894,2.602456593104954,9.4,0.0,503.0,130.8493536808262
2025-02-16 11:00:00,1115,5.811443988637015,2.490618852273006,9.4,0.0,502.0,130.8493536808262
2025-02-16 12:00:00,1116,5.746259619520549,2.4626826940802347,9.4,0.0,501.0,130.8493536808262
2025-02-16 13:00:00,1117,4.624590177099164,1.9819672187567845,9.4,0.002007245908838714,498.0,130.8493536808262
2025-02-16 14:00:00,1118,4.856031780326505,2.081156477282788,9.3,0.34857442233214697,498.0,130.8493536808262
2025-02-16 15:00:00,1119,4.60584822515618,1.9739349536383624,9.3,0.6019505390431841,496.0,130.8493536808262
2025-02-16 16:00:00,1120,4.283104584041759,1.8356162503036106,9.3,0.41113166082650565,495.0,130.8493536808262
2025-02-16 17:00:00,1121,4.589956275936788,1.9671241182586234,9.3,0.874323235430111,497.0,130.8493536808262
2025-02-16 18:00:00,1122,4.820511897794779,2.0659336704834765,9.3,1.5585580420649414,499.0,130.8493536808262
2025-02-16 19:00:00,1123,4.81408511956921,2.0631793369582323,9.3,2.4106153809153343,499.0,130.8493536808262
2025-02-16 20:00:00,1124,4.883156263213528,2.09278125566294,9.2,3.4175668388098446,499.0,130.8493536808262
2025-02-16 21:00:00,1125,4.556305591431148,1.9527023963276344,9.2,3.3522808755220375,500.0,130.8493536808262
2025-02-16 22:00:00,1126,5.21541510917545,2.2351779039323354,9.2,1.6443695013165296,472.0,130.8493536808262
2025-02-16 23:00:00,1127,4.758057830649788,2.0391676417070523,9.2,1.8501097871870582,416.0,130.8493536808262
2025-02-17 00:00:00,1128,5.08539339555748,2.179454312381777,9.2,1.3784579069065348,360.0,130.8493536808262
2025-02-17 01:00:00,1129,4.657320975851812,1.9959947039364905,9.3,0.3513820280779949,314.0,130.8493536808262
2025-02-17 02:00:00,1130,4.177953388236037,1.7905514521011587,9.4,0.0,309.0,130.8493536808262
2025-02-17 03:00:00,1131,3.765460842163379,1.613768932355734,9.4,0.0,314.0,130.8493536808262
2025-02-17 04:00:00,1132,3.5862856345870298,1.5369795576801555,9.5,0.007298871981174837,345.0,130.8493536808262
2025-02-17 05:00:00,1133,3.4774036559601473,1.4903158525543487,9.6,0.8521414739888369,374.0,130.8493536808262
2025-02-17 06:00:00,1134,3.855525315735858,1.6523679924582249,9.6,2.6883631491504714,414.0,130.8493536808262
2025-02-17 07:00:00,1135,3.3247141103672577,1.4248774758716818,9.6,5.158573921432611,469.0,130.8493536808262
2025-02-17 08:00:00,1136,3.59940173080741,1.5426007417746042,9.6,6.791480666311185,496.0,130.8493536808262
2025-02-17 09:00:00,1137,4.003852061759345,1.7159365978968621,9.6,15.0,496.0,130.8493536808262
2025-02-17 10:00:00,1138,4.478040180176064,1.9191600772183133,9.5,15.0,496.0,130.8493536808262
2025-02-17 11:00:00,1139,4.7448531485105345,2.0335084922188007,9.4,15.0,495.0,130.8493536808262
2025-02-17 12:00:00,1140,4.509609226215693,1.932689668378154,9.4,15.0,496.0,130.8493536808262
2025-02-17 13:00:00,1141,4.455716458494443,1.90959276792619,9.4,13.106491940951198,495.0,130.8493536808262
2025-02-17 14:00:00,1142,4.669490917799659,2.001210393342711,9.4,10.405656780387272,494.0,130.8493536808262
2025-02-17 15:00:00,1143,5.014399275334181,2.149028260857506,9.4,10.469606843966444,492.0,130.8493536808262
2025-02-17 16:00:00,1144,5.039349221550818,2.1597210949503505,9.4,15.0,492.0,130.8493536808262
2025-02-17 17:00:00,1145,4.76776410740235,2.043327474601007,9.3,15.0,493.0,130.8493536808262
2025-02-17 18:00:00,1146,5.002075123591522,2.1437464815392233,9.3,15.0,493.0,130.8493536808262
2025-02-17 19:00:00,1147,4.78938646782105,2.052594200494736,9.3,15.0,493.0,130.8493536808262
2025-02-17 20:00:00,1148,4.694781275793615,2.0120491181972637,9.2,15.0,495.0,130.8493536808262
2025-02-17 21:00:00,1149,4.987614848711871,2.1375492208765166,9.2,15.0,497.0,130.8493536808262
2025-02-17 22:00:00,1150,5.240272248778439,2.245830963762188,9.2,15.0,474.0,130.8493536808262
2025-02-17 23:00:00,1151,5.184752753445906,2.2220368943339595,9.2,15.0,426.0,130.8493536808262
2025-02-18 00:00:00,1152,5.69689530216683,2.4415265580714984,9.2,15.0,382.0,130.8493536808262
2025-02-18 01:00:00,1153,5.117831286643737,2.1933562657044585,9.2,15.0,348.0,130.8493536808262
2025-02-18 02:00:00,1154,5.0613092715791215,2.1691325449624803,9.2,12.255391130148556,329.0,130.8493536808262
2025-02-18 03:00:00,1155,4.651716588925448,1.9935928238251919,9.2,6.702139183494131,312.0,130.8493536808262
2025-02-18 04:00:00,1156,4.527742363135147,1.9404610127722055,9.2,3.418545278759391,338.0,130.8493536808262
2025-02-18 05:00:00,1157,4.485584073910618,1.922393174533122,9.3,1.3107672346287595,371.0,130.8493536808262
2025-02-18 06:00:00,1158,4.707714740954234,2.017592031837529,9.3,0.32593049007426783,420.0,130.8493536808262
2025-02-18 07:00:00,1159,4.4891015759683315,1.9239006754149992,9.3,0.0,474.0,130.8493536808262
2025-02-18 08:00:00,1160,3.690186226405216,1.5815083827450926,9.3,0.0,500.0,130.8493536808262
2025-02-18 09:00:00,1161,3.5412623214671655,1.5176838520573563,9.3,0.0,501.0,130.8493536808262
2025-02-18 10:00:00,1162,3.7935991428564213,1.6258282040813234,9.3,0.0,501.0,130.8493536808262
2025-02-18 11:00:00,1163,3.5129018640251997,1.505529370296514,9.2,0.6638312447955921,500.0,130.8493536808262
2025-02-18 12:00:00,1164,3.4950803129256824,1.4978915626824352,9.2,1.553544265454005,500.0,130.8493536808262
2025-02-18 13:00:00,1165,3.4792006975100174,1.491086013218579,9.2,1.8468005691625187,498.0,130.8493536808262
2025-02-18 14:00:00,1166,3.7417586672303296,1.603610857384427,9.2,1.6998066895172108,499.0,130.8493536808262
2025-02-18 15:00:00,1167,3.627684124538704,1.5547217676594445,9.2,3.72293730439314,496.0,130.8493536808262
2025-02-18 16:00:00,1168,3.7631241976372003,1.6127675132730859,9.2,6.504188063783564,497.0,130.8493536808262
2025-02-18 17:00:00,1169,3.694219958227844,1.5832371249547903,9.1,9.69363654094288,496.0,130.8493536808262
2025-02-18 18:00:00,1170,3.865300396262632,1.656557312683985,9.1,12.985308612534196,497.0,130.8493536808262
2025-02-18 19:00:00,1171,4.734113190193528,2.0289056529400833,9.1,15.0,497.0,130.8493536808262
2025-02-18 20:00:00,1172,4.8640448837224675,2.084590664452486,9.1,15.0,499.0,130.8493536808262
2025-02-18 21:00:00,1173,4.493571084801354,1.92581617920058,9.1,15.0,500.0,130.8493536808262
2025-02-18 22:00:00,1174,4.5263613206320565,1.9398691374137382,9.1,15.0,473.0,130.8493536808262
2025-02-18 23:00:00,1175,4.478123678166418,1.919195862071322,9.1,15.0,423.0,130.8493536808262
2025-02-19 00:00:00,1176,4.882791490856249,2.0926249246526782,9.1,14.418828780766596,373.0,130.8493536808262
2025-02-19 01:00:00,1177,4.85172635415333,2.0793112946371415,9.1,15.0,334.0,130.8493536808262
2025-02-19 02:00:00,1178,4.77421305550941,2.0460913095040323,9.1,15.0,309.0,130.8493536808262
2025-02-19 03:00:00,1179,4.440613228876203,1.9031199552326585,9.2,15.0,293.0,130.8493536808262
2025-02-19 04:00:00,1180,4.510135023455402,1.932915010052315,9.3,15.0,313.0,130.8493536808262
2025-02-19 05:00:00,1181,4.614363561948658,1.977584383692282,9.4,15.0,355.0,130.8493536808262
2025-02-19 06:00:00,1182,4.525566369057601,1.939528443881829,9.4,14.03030596117744,408.0,130.8493536808262
2025-02-19 07:00:00,1183,4.270313596733825,1.8301343986002103,9.4,11.252286674845672,468.0,130.8493536808262
2025-02-19 08:00:00,1184,4.699194584178894,2.0139405360766687,9.4,9.128071900746098,499.0,130.8493536808262
2025-02-19 09:00:00,1185,5.239715591344342,2.245592396290432,9.3,10.120394047532868,501.0,130.8493536808262
2025-02-19 10:00:00,1186,5.030954272681672,2.1561232597207165,9.3,15.0,500.0,130.8493536808262
2025-02-19 11:00:00,1187,4.599768559392357,1.9713293825967246,9.2,15.0,499.0,130.8493536808262
2025-02-19 12:00:00,1188,4.747375033677841,2.0345893001476463,9.2,15.0,499.0,130.8493536808262
2025-02-19 13:00:00,1189,4.957056825239535,2.124452925102658,9.2,15.0,498.0,130.8493536808262
2025-02-19 14:00:00,1190,4.880874468028817,2.0918033434409216,9.2,15.0,499.0,130.8493536808262
2025-02-19 15:00:00,1191,4.977657642747041,2.133281846891589,9.2,15.0,497.0,130.8493536808262
2025-02-19 16:00:00,1192,4.836863307345527,2.072941417433797,9.2,14.50689943905563,498.0,130.8493536808262
2025-02-19 17:00:00,1193,4.8626838412755635,2.08400736054667,9.2,13.94292134802977,498.0,130.8493536808262
2025-02-19 18:00:00,1194,5.11453807598841,2.1919448897093186,9.2,13.908079597382256,499.0,130.8493536808262
2025-02-19 19:00:00,1195,5.066535282435297,2.1713722639008415,9.2,13.472400031185742,499.0,130.8493536808262
2025-02-19 20:00:00,1196,5.396168658067424,2.3126437106003244,9.2,11.531750265291583,500.0,130.8493536808262
2025-02-19 21:00:00,1197,5.428186594335955,2.326365683286838,9.2,9.488408878335125,501.0,130.8493536808262
2025-02-19 22:00:00,1198,5.3508066224420325,2.2932028381894427,9.2,8.599572952576473,472.0,130.8493536808262
2025-02-19 23:00:00,1199,5.206416125836764,2.231321196787184,9.2,4.50493155597268,419.0,130.8493536808262
2025-02-20 00:00:00,1200,5.642461123971225,2.4181976245590966,9.2,3.20001530345729,366.0,130.8493536808262
2025-02-20 01:00:00,1201,5.285383404546465,2.265164316234199,9.2,3.680113365596566,327.0,130.8493536808262
2025-02-20 02:00:00,1202,5.530008382013499,2.3700035922914995,9.2,2.3667539178359527,309.0,130.8493536808262
2025-02-20 03:00:00,1203,5.502751388073316,2.3583220234599924,9.3,2.3626039994211787,304.0,130.8493536808262
2025-02-20 04:00:00,1204,6.209550037176872,2.6612357302186593,9.3,1.433214780481157,329.0,130.8493536808262
2025-02-20 05:00:00,1205,6.153356465775094,2.6371527710464684,9.4,0.9795847423684516,363.0,130.8493536808262
2025-02-20 06:00:00,1206,6.074868444568878,2.603515047672376,9.4,0.43007732978811114,415.0,130.8493536808262
2025-02-20 07:00:00,1207,5.805832347759092,2.488213863325325,9.4,0.10546443453306378,471.0,130.8493536808262
2025-02-20 08:00:00,1208,6.193370750546572,2.654301750234245,9.4,0.00796253186969669,500.0,130.8493536808262
2025-02-20 09:00:00,1209,6.161653029882125,2.640708441378053,9.3,0.011679903431170972,502.0,130.8493536808262
2025-02-20 10:00:00,1210,5.970695053716524,2.558869308735653,9.3,0.12086008867020206,501.0,130.8493536808262
2025-02-20 11:00:00,1211,4.844585105000521,2.076250759285937,9.2,0.5028217893016976,500.0,130.8493536808262
2025-02-20 12:00:00,1212,5.515636888434829,2.3638443807577834,9.2,1.4131734226808421,500.0,130.8493536808262
2025-02-20 13:00:00,1213,5.416564446720136,2.321384762880058,9.2,3.4672509038683557,499.0,130.8493536808262
2025-02-20 14:00:00,1214,5.9459325785571,2.548256819381614,9.2,5.140247763977421,500.0,130.8493536808262
2025-02-20 15:00:00,1215,5.215271839146345,2.2351165024912905,9.2,6.384583740576995,499.0,130.8493536808262
2025-02-20 16:00:00,1216,4.859482619688471,2.082635408437916,9.2,6.097273929036297,499.0,130.8493536808262
2025-02-20 17:00:00,1217,6.0856524941340435,2.608136783200304,9.2,6.625997643328114,499.0,130.8493536808262
2025-02-20 18:00:00,1218,5.730210177433602,2.4558043617572576,9.2,6.917952734153856,499.0,130.8493536808262
2025-02-20 19:00:00,1219,4.733103906037652,2.0284731025875646,9.2,7.010635338421101,500.0,130.8493536808262
2025-02-20 20:00:00,1220,5.839281175396673,2.5025490751700024,9.2,7.371255648543722,501.0,130.8493536808262
2025-02-20 21:00:00,1221,5.794017178211112,2.4831502192333335,9.2,6.940811838788416,501.0,130.8493536808262
2025-02-20 22:00:00,1222,6.15029139143139,2.6358391677563096,9.2,15.0,471.0,130.8493536808262
2025-02-20 23:00:00,1223,5.692542938757894,2.4396612594676683,9.2,10.937998139933356,418.0,130.8493536808262
2025-02-21 00:00:00,1224,6.293552080890983,2.6972366060961352,9.2,6.695886832098771,368.0,130.8493536808262
2025-02-21 01:00:00,1225,6.037185247030987,2.5873651058704232,9.2,5.1148406183147905,328.0,130.8493536808262
2025-02-21 02:00:00,1226,5.634326084378209,2.4147111790192324,9.2,3.1041885628712516,308.0,130.8493536808262
2025-02-21 03:00:00,1227,5.187863527632916,2.2233700832712495,9.3,1.8764626723370312,299.0,130.8493536808262
2025-02-21 04:00:00,1228,4.2710978907453505,1.8304705246051503,9.4,1.0884172000845933,326.0,130.8493536808262
2025-02-21 05:00:00,1229,5.747808947415724,2.463346691749596,9.4,0.52502608028231,356.0,130.8493536808262
2025-02-21 06:00:00,1230,5.66097448159422,2.4261319206832366,9.4,0.05144911233609273,413.0,130.8493536808262
2025-02-21 07:00:00,1231,5.521144996230987,2.3662049983847084,9.4,0.0,474.0,130.8493536808262
2025-02-21 08:00:00,1232,5.786631288276151,2.4799848378326366,9.4,0.0,501.0,130.8493536808262
2025-02-21 09:00:00,1233,5.793812278929806,2.4830624052556316,9.4,0.0,502.0,130.8493536808262
2025-02-21 10:00:00,1234,5.8087516383920175,2.489464987882293,9.3,0.0,502.0,130.8493536808262
2025-02-21 11:00:00,1235,5.815256352362818,2.4922527224412074,9.2,0.0,501.0,130.8493536808262
2025-02-21 12:00:00,1236,5.8106002392922145,2.490257245410949,9.2,0.0947063281256804,501.0,130.8493536808262
2025-02-21 13:00:00,1237,5.874892979130182,2.5178112767700775,9.2,0.2773093061351429,500.0,130.8493536808262
2025-02-21 14:00:00,1238,5.4156031533266695,2.320972779997144,9.2,0.5727592025215236,500.0,130.8493536808262
2025-02-21 15:00:00,1239,5.439025152331594,2.3310107795706827,9.2,1.4267889305362533,498.0,130.8493536808262
2025-02-21 16:00:00,1240,5.542957302094845,2.375553129469219,9.2,2.946409323521623,499.0,130.8493536808262
2025-02-21 17:00:00,1241,5.602780296566278,2.401191555671262,9.2,3.4124588103399383,499.0,130.8493536808262
2025-02-21 18:00:00,1242,5.428726326695729,2.326596997155313,9.2,3.0540639015231665,500.0,130.8493536808262
2025-02-21 19:00:00,1243,5.050551981182997,2.1645222776498554,9.2,2.552273459136573,500.0,130.8493536808262
2025-02-21 20:00:00,1244,5.559832744977852,2.382785462133365,9.2,2.1784769913881306,500.0,130.8493536808262
2025-02-21 21:00:00,1245,5.329436007780039,2.284044003334303,9.2,1.8246742507620513,500.0,130.8493536808262
2025-02-21 22:00:00,1246,5.489563039289271,2.352669873981116,9.2,0.6213614245322098,465.0,130.8493536808262
2025-02-21 23:00:00,1247,5.722296783705232,2.4524129073022425,9.2,0.2923429062145106,398.0,130.8493536808262
2025-02-22 00:00:00,1248,5.721784499727582,2.4521933570261067,9.2,0.11894008143539911,339.0,130.8493536808262
2025-02-22 01:00:00,1249,4.975774211055944,2.1324746618811186,9.2,0.0,303.0,130.8493536808262
2025-02-22 02:00:00,1250,5.117812363639915,2.1933481558456775,9.2,0.0,292.0,130.8493536808262
2025-02-22 03:00:00,1251,3.999618905679065,1.7141223881481709,9.3,0.07990314323791337,314.0,130.8493536808262
2025-02-22 04:00:00,1252,3.4411434581229354,1.4747757677669722,9.4,0.2084783859780308,335.0,130.8493536808262
2025-02-22 05:00:00,1253,4.753963923171035,2.0374131099304433,9.4,0.4028415162344487,358.0,130.8493536808262
2025-02-22 06:00:00,1254,5.325986613772848,2.282565691616935,9.4,1.2200465431380172,397.0,130.8493536808262
2025-02-22 07:00:00,1255,5.218847583377828,2.236648964304783,9.4,2.8102827134652224,459.0,130.8493536808262
2025-02-22 08:00:00,1256,5.394391243435397,2.3118819614723125,9.4,4.724616345776228,496.0,130.8493536808262
2025-02-22 09:00:00,1257,5.449048849644953,2.3353066498478365,9.4,7.96039595222934,499.0,130.8493536808262
2025-02-22 10:00:00,1258,5.8916242692058605,2.5249818296596542,9.4,13.311895045415525,500.0,130.8493536808262
2025-02-22 11:00:00,1259,5.157522909317461,2.2103669611360544,9.3,15.0,499.0,130.8493536808262
2025-02-22 12:00:00,1260,5.806861407679061,2.4886548890053115,9.3,15.0,499.0,130.8493536808262
2025-02-22 13:00:00,1261,5.216774050239945,2.2357603072456906,9.3,15.0,498.0,130.8493536808262
2025-02-22 14:00:00,1262,5.531924300199362,2.370824700085441,9.3,15.0,498.0,130.8493536808262
2025-02-22 15:00:00,1263,5.6206710192565374,2.408859008252802,9.2,11.802529748871923,498.0,130.8493536808262
2025-02-22 16:00:00,1264,5.744996466360666,2.4621413427259995,9.2,9.334263923686093,498.0,130.8493536808262
2025-02-22 17:00:00,1265,5.568527683210913,2.386511864233248,9.2,7.812625660644429,498.0,130.8493536808262
2025-02-22 18:00:00,1266,5.552850927756419,2.3797932547527503,9.2,7.235145185683704,499.0,130.8493536808262
2025-02-22 19:00:00,1267,5.073461964696287,2.1743408420126946,9.2,7.066990178215471,499.0,130.8493536808262
2025-02-22 20:00:00,1268,5.592611912979606,2.39683367699126,9.2,7.300126376063395,500.0,130.8493536808262
2025-02-22 21:00:00,1269,5.634358904805426,2.414725244916611,9.2,6.951190887053367,499.0,130.8493536808262
2025-02-22 22:00:00,1270,5.622813901872766,2.4097773865169,9.2,12.27578980911274,459.0,130.8493536808262
2025-02-22 23:00:00,1271,5.354095171880626,2.294612216520268,9.2,11.516274262120657,389.0,130.8493536808262
2025-02-23 00:00:00,1272,5.406072419777973,2.3168881799048453,9.2,9.639797024636453,324.0,130.8493536808262
2025-02-23 01:00:00,1273,5.466130568263745,2.342627386398748,9.2,6.7420798740291925,280.0,130.8493536808262
2025-02-23 02:00:00,1274,5.318466449286853,2.27934276398008,9.2,3.4338843154759124,258.0,130.8493536808262
2025-02-23 03:00:00,1275,5.481089934546178,2.3490385433769334,9.3,1.2324018111922732,250.0,130.8493536808262
2025-02-23 04:00:00,1276,5.483734669740572,2.350172001317388,9.4,0.4683890849617494,263.0,130.8493536808262
2025-02-23 05:00:00,1277,5.415321560318866,2.320852097279514,9.4,0.15384072966764947,304.0,130.8493536808262
2025-02-23 06:00:00,1278,5.435570780479853,2.3295303344913654,9.4,0.0,380.0,130.8493536808262
2025-02-23 07:00:00,1279,5.338888278922305,2.2880949766809873,9.4,0.0,459.0,130.8493536808262
2025-02-23 08:00:00,1280,4.852618345344958,2.0796935765764104,9.4,0.0,497.0,130.8493536808262
2025-02-23 09:00:00,1281,4.62879026494653,1.9837672564056554,9.4,0.0,501.0,130.8493536808262
2025-02-23 10:00:00,1282,4.8843563869257025,2.093295594396729,9.3,0.0,501.0,130.8493536808262
2025-02-23 11:00:00,1283,4.913635500731134,2.105843786027629,9.2,0.0,501.0,130.8493536808262
2025-02-23 12:00:00,1284,4.332272096311452,1.8566880412763362,9.2,0.0,500.0,130.8493536808262
2025-02-23 13:00:00,1285,4.869619703365257,2.086979872870824,9.2,0.0,500.0,130.8493536808262
2025-02-23 14:00:00,1286,4.39348976509112,1.8829241850390515,9.2,0.0,500.0,130.8493536808262
2025-02-23 15:00:00,1287,4.845834452687589,2.076786194008966,9.2,0.22983164957931868,501.0,130.8493536808262
2025-02-23 16:00:00,1288,4.910285818103176,2.1044082077585036,9.2,1.2235316543880335,501.0,130.8493536808262
2025-02-23 17:00:00,1289,4.879773113286372,2.0913313342655884,9.2,2.5827078534490413,501.0,130.8493536808262
2025-02-23 18:00:00,1290,4.973914299685639,2.1316775570081306,9.2,3.496721719718906,502.0,130.8493536808262
2025-02-23 19:00:00,1291,5.476668675249407,2.347143717964031,9.2,4.315040580585343,502.0,130.8493536808262
2025-02-23 20:00:00,1292,5.8205947849260795,2.494540622111177,9.2,4.872738739557902,502.0,130.8493536808262
2025-02-23 21:00:00,1293,5.022623756914038,2.152553038677445,9.2,5.716860616603158,500.0,130.8493536808262
2025-02-23 22:00:00,1294,4.769706344411629,2.044159861890698,9.2,5.107710336006898,462.0,130.8493536808262
2025-02-23 23:00:00,1295,5.448558282367173,2.335096406728788,9.2,3.8880615698729324,398.0,130.8493536808262
2025-02-24 00:00:00,1296,5.530907627978966,2.370388983419556,9.2,3.487775332630175,341.0,130.8493536808262
2025-02-24 01:00:00,1297,5.383121656945271,2.30705213869083,9.2,3.3381479071604,299.0,130.8493536808262
2025-02-24 02:00:00,1298,5.007092918964327,2.145896965270426,9.2,3.582143184285247,283.0,130.8493536808262
2025-02-24 03:00:00,1299,4.7043400807343465,2.0161457488861485,9.3,3.2969451101551703,284.0,130.8493536808262
2025-02-24 04:00:00,1300,4.41530350745351,1.89227293176579,9.3,3.374756630548186,299.0,130.8493536808262
2025-02-24 05:00:00,1301,4.622555187569974,1.981095080387132,9.4,3.40055339354677,338.0,130.8493536808262
2025-02-24 06:00:00,1302,4.274059193781866,1.8317396544779427,9.4,3.017428755630428,393.0,130.8493536808262
2025-02-24 07:00:00,1303,4.198615202287287,1.7994065152659797,9.4,3.235209516699427,459.0,130.8493536808262
2025-02-24 08:00:00,1304,3.6125284620343066,1.5482264837289885,9.4,3.1505224583679743,498.0,130.8493536808262
2025-02-24 09:00:00,1305,3.99102019422097,1.7104372260947014,9.4,4.169357840436038,501.0,130.8493536808262
2025-02-24 10:00:00,1306,3.987390994045298,1.7088818545908422,9.3,6.1111949413020215,501.0,130.8493536808262
2025-02-24 11:00:00,1307,4.162568389455279,1.7839578811951196,9.3,10.136830415401867,500.0,130.8493536808262
2025-02-24 12:00:00,1308,4.822270331398874,2.0666872848852313,9.3,12.753033878347242,499.0,130.8493536808262
2025-02-24 13:00:00,1309,4.8972615163240185,2.098826364138865,9.3,15.0,498.0,130.8493536808262
2025-02-24 14:00:00,1310,4.790513311928623,2.0530771336836953,9.3,14.06664145786431,498.0,130.8493536808262
2025-02-24 15:00:00,1311,4.933298560160566,2.1142708114973847,9.2,10.72408895889177,497.0,130.8493536808262
2025-02-24 16:00:00,1312,4.907907982967698,2.103389135557585,9.2,8.250768297664012,496.0,130.8493536808262
2025-02-24 17:00:00,1313,5.042733066797851,2.1611713143419355,9.2,6.362285509915603,497.0,130.8493536808262
2025-02-24 18:00:00,1314,5.026931104598816,2.154399044828064,9.2,4.709247133263106,498.0,130.8493536808262
2025-02-24 19:00:00,1315,4.957127688318371,2.124483294993588,9.2,3.1225097227898027,498.0,130.8493536808262
2025-02-24 20:00:00,1316,4.751978703654256,2.0365623015661094,9.2,2.042890843241563,499.0,130.8493536808262
2025-02-24 21:00:00,1317,4.895542562804189,2.0980896697732234,9.2,1.3452719072031059,499.0,130.8493536808262
2025-02-24 22:00:00,1318,4.789818582715859,2.0527793925925106,9.2,1.3261296036718484,464.0,130.8493536808262
2025-02-24 23:00:00,1319,5.00721469908693,2.1459491567515414,9.2,1.9466259080469397,405.0,130.8493536808262
2025-02-25 00:00:00,1320,5.358921625115036,2.296680696477872,9.2,2.2991662463142855,352.0,130.8493536808262
2025-02-25 01:00:00,1321,4.901253596747785,2.1005372557490505,9.3,0.9032848536756652,308.0,130.8493536808262
2025-02-25 02:00:00,1322,4.73547385043276,2.029488793042611,9.4,0.004144421987685261,286.0,130.8493536808262
2025-02-25 03:00:00,1323,4.307166644867513,1.8459285620860766,9.4,0.0,273.0,130.8493536808262
2025-02-25 04:00:00,1324,3.800740966999573,1.6288889858569597,9.4,0.0,287.0,130.8493536808262
2025-02-25 05:00:00,1325,4.0327608745264385,1.7283260890827592,9.5,0.0006407792315326305,321.0,130.8493536808262
2025-02-25 06:00:00,1326,3.976694766895585,1.704297757240965,9.5,0.3359880433944572,382.0,130.8493536808262
2025-02-25 07:00:00,1327,4.129949638054456,1.7699784163090528,9.5,0.9047412778221078,456.0,130.8493536808262
2025-02-25 08:00:00,1328,4.435170987950475,1.9007875662644893,9.5,1.6955432273711128,496.0,130.8493536808262
2025-02-25 09:00:00,1329,4.14366013678103,1.7758543443347272,9.4,3.656346398633339,500.0,130.8493536808262
2025-02-25 10:00:00,1330,3.8023695412434892,1.6295869462472097,9.4,6.206287158822139,498.0,130.8493536808262
2025-02-25 11:00:00,1331,4.663252057285191,1.9985365959793675,9.4,8.60995632913876,497.0,130.8493536808262
2025-02-25 12:00:00,1332,3.8769339338534468,1.66154311450862,9.4,14.043593520757673,497.0,130.8493536808262
2025-02-25 13:00:00,1333,4.550320654395544,1.950137423312376,9.4,15.0,496.0,130.8493536808262
2025-02-25 14:00:00,1334,4.53670773760874,1.9443033161180312,9.4,15.0,495.0,130.8493536808262
2025-02-25 15:00:00,1335,5.189584336190265,2.2241075726529704,9.4,15.0,493.0,130.8493536808262
2025-02-25 16:00:00,1336,4.714150614587327,2.0203502633945685,9.4,15.0,493.0,130.8493536808262
2025-02-25 17:00:00,1337,4.635991196247103,1.9868533698201865,9.3,15.0,494.0,130.8493536808262
2025-02-25 18:00:00,1338,4.357049669366743,1.8673070011571755,9.3,15.0,495.0,130.8493536808262
2025-02-25 19:00:00,1339,4.430335413893376,1.8987151773828754,9.3,15.0,495.0,130.8493536808262
2025-02-25 20:00:00,1340,4.292566507774098,1.8396713604746135,9.2,15.0,496.0,130.8493536808262
2025-02-25 21:00:00,1341,4.827648860205985,2.0689923686597074,9.2,15.0,496.0,130.8493536808262
2025-02-25 22:00:00,1342,4.5961990133860775,1.9697995771654615,9.2,15.0,460.0,130.8493536808262
2025-02-25 23:00:00,1343,4.530684188261398,1.9417217949691703,9.2,15.0,399.0,130.8493536808262
2025-02-26 00:00:00,1344,3.3953399877789368,1.455145709048116,9.2,15.0,343.0,130.8493536808262
2025-02-26 01:00:00,1345,3.865311771135664,1.65656218762957,9.3,13.483515495857946,305.0,130.8493536808262
2025-02-26 02:00:00,1346,3.694455708278515,1.5833381606907921,9.4,9.409257218535672,281.0,130.8493536808262
2025-02-26 03:00:00,1347,3.7330354774044063,1.5998723474590313,9.5,7.0893451750287975,270.0,130.8493536808262
2025-02-26 04:00:00,1348,3.6047218104602248,1.5448807759115246,9.6,6.155527317059166,291.0,130.8493536808262
2025-02-26 05:00:00,1349,3.5696693556428283,1.529858295275498,9.7,5.2545164427522995,327.0,130.8493536808262
2025-02-26 06:00:00,1350,3.385774089899055,1.4510460385281663,9.8,3.492587058817516,384.0,130.8493536808262
2025-02-26 07:00:00,1351,3.6625043534257102,1.569644722896733,9.8,1.704786997678533,453.0,130.8493536808262
2025-02-26 08:00:00,1352,4.086819703419579,1.7514941586083907,9.7,2.2715871532458385,496.0,130.8493536808262
2025-02-26 09:00:00,1353,4.173811162827414,1.7887762126403202,9.6,2.581004436433326,498.0,130.8493536808262
2025-02-26 10:00:00,1354,4.234408952595946,1.814746693969691,9.6,4.400022487802973,498.0,130.8493536808262
2025-02-26 11:00:00,1355,4.33662768017188,1.8585547200736623,9.6,2.9495617137841212,498.0,130.8493536808262
2025-02-26 12:00:00,1356,4.157998065501889,1.781999170929381,9.5,3.0252511564878657,497.0,130.8493536808262
2025-02-26 13:00:00,1357,4.887530277032629,2.0946558330139835,9.4,3.730379680739225,496.0,130.8493536808262
2025-02-26 14:00:00,1358,5.139669567210721,2.2027155288045948,9.4,3.180022068731162,496.0,130.8493536808262
2025-02-26 15:00:00,1359,4.598678963732767,1.9708624130283285,9.4,2.0936487412520606,493.0,130.8493536808262
2025-02-26 16:00:00,1360,4.555127274045338,1.9521974031622875,9.4,1.253935529555597,494.0,130.8493536808262
2025-02-26 17:00:00,1361,4.796994266594982,2.0558546856835638,9.4,0.40219226672992653,495.0,130.8493536808262
2025-02-26 18:00:00,1362,5.43492677132822,2.329254330569237,9.4,0.14162341152279928,496.0,130.8493536808262
2025-02-26 19:00:00,1363,5.599141856691546,2.399632224296376,9.4,0.00865541601352181,496.0,130.8493536808262
2025-02-26 20:00:00,1364,5.442835756381429,2.332643895592041,9.4,0.014628998669986395,497.0,130.8493536808262
2025-02-26 21:00:00,1365,5.106354576594313,2.1884376756832773,9.4,0.08411095594192201,497.0,130.8493536808262
2025-02-26 22:00:00,1366,5.299179749026617,2.2710770352971212,9.4,2.268973940836374,457.0,130.8493536808262
2025-02-26 23:00:00,1367,4.950533745874729,2.121657319660598,9.4,3.7416246465937606,392.0,130.8493536808262
2025-02-27 00:00:00,1368,5.283596633585017,2.2643985572507215,9.4,4.236879701899674,336.0,130.8493536808262
2025-02-27 01:00:00,1369,5.494979642353821,2.3549912752944944,9.4,2.5443835209862935,293.0,130.8493536808262
2025-02-27 02:00:00,1370,4.978437042877454,2.133615875518909,9.6,0.6420094479996641,268.0,130.8493536808262
2025-02-27 03:00:00,1371,4.786551840352205,2.051379360150945,9.6,0.0,245.0,130.8493536808262
2025-02-27 04:00:00,1372,4.3460387574743375,1.8625880389175733,9.7,0.0,271.0,130.8493536808262
2025-02-27 05:00:00,1373,5.064459318440088,2.1704825650457518,9.8,0.0,310.0,130.8493536808262
2025-02-27 06:00:00,1374,4.780241908195666,2.048675103512428,9.8,0.0,373.0,130.8493536808262
2025-02-27 07:00:00,1375,4.834216658937261,2.07180713954454,9.8,0.0,452.0,130.8493536808262
2025-02-27 08:00:00,1376,4.020565941861031,1.7230996893690131,9.8,0.1989130343870215,498.0,130.8493536808262
2025-02-27 09:00:00,1377,4.330124975663111,1.8557678467127616,9.7,0.8201604566516618,501.0,130.8493536808262
2025-02-27 10:00:00,1378,4.3316276040396104,1.8564118303026897,9.6,2.2871783441728604,501.0,130.8493536808262
2025-02-27 11:00:00,1379,4.112817820686613,1.7626362088656908,9.6,2.398047694176056,500.0,130.8493536808262
2025-02-27 12:00:00,1380,4.373692634800174,1.8744397006286462,9.6,2.2072563151819242,500.0,130.8493536808262
2025-02-27 13:00:00,1381,4.897135648576331,2.0987724208184275,9.5,1.3795019285487384,500.0,130.8493536808262
2025-02-27 14:00:00,1382,4.723784029211089,2.024478869661895,9.5,1.0437292796273696,500.0,130.8493536808262
2025-02-27 15:00:00,1383,4.960056261150429,2.125738397635898,9.5,1.0182230417408324,497.0,130.8493536808262
2025-02-27 16:00:00,1384,4.699401608340309,2.014029260717275,9.4,1.2779308113437169,498.0,130.8493536808262
2025-02-27 17:00:00,1385,4.7209609787266595,2.023268990882854,9.4,1.3682393826312556,498.0,130.8493536808262
2025-02-27 18:00:00,1386,4.908609708005386,2.103689874859451,9.4,2.0274982839643667,498.0,130.8493536808262
2025-02-27 19:00:00,1387,5.08910574287237,2.1810453183738727,9.4,2.21198691549784,499.0,130.8493536808262
2025-02-27 20:00:00,1388,4.637050585773467,1.9873073939029144,9.4,2.3276357886042693,499.0,130.8493536808262
2025-02-27 21:00:00,1389,4.456848735904506,1.9100780296733595,9.4,2.2633621148038343,498.0,130.8493536808262
2025-02-27 22:00:00,1390,4.6100167672112935,1.9757214716619826,9.4,1.037345880120357,469.0,130.8493536808262
2025-02-27 23:00:00,1391,4.893746010639607,2.097319718845546,9.4,0.7639605346458331,420.0,130.8493536808262
2025-02-28 00:00:00,1392,4.990178311885204,2.1386478479508013,9.5,0.9744489532102414,374.0,130.8493536808262
2025-02-28 01:00:00,1393,5.221097001643811,2.2376130007044903,9.6,1.7186726471407765,325.0,130.8493536808262
2025-02-28 02:00:00,1394,4.696251648861134,2.012679278083343,9.6,2.265428781148852,295.0,130.8493536808262
2025-02-28 03:00:00,1395,4.695539434982852,2.0123740435640793,9.7,2.9406370239699875,284.0,130.8493536808262
2025-02-28 04:00:00,1396,4.193692992704622,1.7972969968734092,9.8,4.155576205245401,296.0,130.8493536808262
2025-02-28 05:00:00,1397,4.069233230972067,1.7439570989880289,9.8,6.0653508350418175,326.0,130.8493536808262
2025-02-28 06:00:00,1398,3.874207487230798,1.6603746373846278,9.9,6.83182132956801,382.0,130.8493536808262
2025-02-28 07:00:00,1399,4.166129489176391,1.7854840667898817,9.9,7.009065758233419,454.0,130.8493536808262
2025-02-28 08:00:00,1400,4.333664182004401,1.8572846494304571,9.8,6.802096353338399,497.0,130.8493536808262
2025-02-28 09:00:00,1401,4.592250901660357,1.9681075292830101,9.8,8.119077629534958,500.0,130.8493536808262
2025-02-28 10:00:00,1402,4.770676702339764,2.044575729574184,9.8,3.484029574176657,499.0,130.8493536808262
2025-02-28 11:00:00,1403,4.912597647488104,2.105398991780616,9.7,1.5542075103791562,499.0,130.8493536808262
2025-02-28 12:00:00,1404,4.840653646800829,2.0745658486289265,9.6,0.07603671727033919,499.0,130.8493536808262
2025-02-28 13:00:00,1405,4.799781810473371,2.0570493473457305,9.6,0.0,498.0,130.8493536808262
2025-02-28 14:00:00,1406,4.825564844701136,2.0680992191576295,9.6,0.0,498.0,130.8493536808262
2025-02-28 15:00:00,1407,5.037802873929502,2.1590583745412153,9.6,0.5341510828389762,498.0,130.8493536808262
2025-02-28 16:00:00,1408,5.090811062103828,2.181776169473069,9.6,1.131432259041869,499.0,130.8493536808262
2025-02-28 17:00:00,1409,5.114351867169447,2.191865085929763,9.6,1.683838075300456,499.0,130.8493536808262
2025-02-28 18:00:00,1410,4.761335728071662,2.040572454887855,9.6,1.458656068851793,500.0,130.8493536808262
2025-02-28 19:00:00,1411,5.014359846005757,2.1490113625738956,9.6,1.104149645575001,501.0,130.8493536808262
2025-02-28 20:00:00,1412,4.627599763416988,1.9832570414644235,9.5,0.6194569848464966,501.0,130.8493536808262
2025-02-28 21:00:00,1413,4.759870035750591,2.0399443010359675,9.5,0.6842599438508388,498.0,130.8493536808262
2025-02-28 22:00:00,1414,4.826520140201774,2.0685086315150456,9.5,0.8344470333721284,443.0,130.8493536808262
2025-02-28 23:00:00,1415,4.655128521465718,1.9950550806281646,9.5,0.5766594670235422,355.0,130.8493536808262
2025-03-01 00:00:00,1416,4.517458461487585,1.936053626351822,9.6,0.2265144515654343,281.0,130.8493536808262
2025-03-01 01:00:00,1417,4.56773342296251,1.9576000384125043,9.6,0.0,231.0,130.8493536808262
2025-03-01 02:00:00,1418,4.330738968585605,1.8560309865366875,9.7,0.0,204.0,130.8493536808262
2025-03-01 03:00:00,1419,4.736100844301953,2.0297575047008367,9.9,0.0,193.0,130.8493536808262
2025-03-01 04:00:00,1420,4.61594183080662,1.9782607846314084,9.9,0.0,214.0,130.8493536808262
2025-03-01 05:00:00,1421,4.60961417129464,1.9755489305548457,10.1,0.017617816764229865,262.0,130.8493536808262
2025-03-01 06:00:00,1422,4.14123740671103,1.7748160314475838,10.1,0.1210828456155851,347.0,130.8493536808262
2025-03-01 07:00:00,1423,4.074890345250775,1.7463815765360464,10.1,0.29390392561113754,447.0,130.8493536808262
2025-03-01 08:00:00,1424,4.413330815358842,1.8914274922966468,10.1,0.619424108334866,497.0,130.8493536808262
2025-03-01 09:00:00,1425,4.009888428480173,1.7185236122057885,10.1,1.4248848861386618,501.0,130.8493536808262
2025-03-01 10:00:00,1426,4.229642086809684,1.8127037514898643,10.0,2.476211112105501,501.0,130.8493536808262
2025-03-01 11:00:00,1427,4.640905636792264,1.988959558625256,9.9,2.8358277066713984,501.0,130.8493536808262
2025-03-01 12:00:00,1428,4.345158009122784,1.862210575338336,9.9,4.850257825516537,500.0,130.8493536808262
2025-03-01 13:00:00,1429,5.235498301496089,2.2437849863554664,9.9,7.017029158048811,500.0,130.8493536808262
2025-03-01 14:00:00,1430,4.737705185856997,2.0304450796529987,9.9,7.056953042728405,500.0,130.8493536808262
2025-03-01 15:00:00,1431,5.096725052900306,2.184310736957274,9.9,6.674610168766753,498.0,130.8493536808262
2025-03-01 16:00:00,1432,4.896162105320785,2.098355187994622,9.8,4.498538109532493,498.0,130.8493536808262
2025-03-01 17:00:00,1433,5.593287436313184,2.3971231869913643,9.8,3.4887067950472854,500.0,130.8493536808262
2025-03-01 18:00:00,1434,5.348156418322226,2.292067036423811,9.8,3.1641935268534302,501.0,130.8493536808262
2025-03-01 19:00:00,1435,5.583379406542612,2.392876888518262,9.8,2.831415961237714,501.0,130.8493536808262
2025-03-01 20:00:00,1436,5.915630828919017,2.5352703552510074,9.8,2.369565838984835,500.0,130.8493536808262
2025-03-01 21:00:00,1437,5.961696261146095,2.5550126833483264,9.8,2.0715519419922717,493.0,130.8493536808262
2025-03-01 22:00:00,1438,5.866125925418473,2.5140539680364884,9.8,0.6964528411835513,438.0,130.8493536808262
2025-03-01 23:00:00,1439,5.840849081180757,2.503221034791753,9.8,0.0,383.0,130.8493536808262
2025-03-02 00:00:00,1440,5.617167273877526,2.4073574030903684,9.9,0.0646299118210886,341.0,130.8493536808262
2025-03-02 01:00:00,1441,5.164267966453338,2.2132576999085734,9.9,0.0,276.0,130.8493536808262
2025-03-02 02:00:00,1442,4.500149243852727,1.9286353902225972,10.0,0.0,265.0,130.8493536808262
2025-03-02 03:00:00,1443,4.3820753882702,1.8780323092586575,10.1,0.0,251.0,130.8493536808262
2025-03-02 04:00:00,1444,4.269115810150248,1.8296210614929633,10.2,0.0,245.0,130.8493536808262
2025-03-02 05:00:00,1445,4.300399287687328,1.8430282661517117,10.2,0.5243768001529567,282.0,130.8493536808262
2025-03-02 06:00:00,1446,3.9201117718258818,1.6800479022110923,10.3,0.844701829585858,366.0,130.8493536808262
2025-03-02 07:00:00,1447,3.661881369760323,1.5693777298972813,10.3,0.77827566078404,453.0,130.8493536808262
2025-03-02 08:00:00,1448,3.784156085935045,1.6217811796864476,10.3,0.5570487033990299,493.0,130.8493536808262
2025-03-02 09:00:00,1449,4.315271257044414,1.8494019673047488,10.2,0.19329143370149496,496.0,130.8493536808262
2025-03-02 10:00:00,1450,3.789350350282774,1.6240072929783318,10.2,0.0,497.0,130.8493536808262
2025-03-02 11:00:00,1451,4.438293394344449,1.9021257404333352,10.1,0.0,497.0,130.8493536808262
2025-03-02 12:00:00,1452,4.070989545923734,1.744709805395886,10.1,0.0,495.0,130.8493536808262
2025-03-02 13:00:00,1453,4.735864710714903,2.0296563045921014,10.1,0.0,494.0,130.8493536808262
2025-03-02 14:00:00,1454,4.688802479662209,2.0094867769980898,10.1,0.028415923104922993,494.0,130.8493536808262
2025-03-02 15:00:00,1455,4.797378405959877,2.0560193168399477,10.1,1.920950806399804,492.0,130.8493536808262
2025-03-02 16:00:00,1456,4.303163489552116,1.8442129240937635,10.1,4.781331266386909,492.0,130.8493536808262
2025-03-02 17:00:00,1457,4.4190564681331,1.8938813434856139,10.0,8.020357996858275,495.0,130.8493536808262
2025-03-02 18:00:00,1458,4.48738434839699,1.923164720741567,10.0,13.125716999300067,496.0,130.8493536808262
2025-03-02 19:00:00,1459,4.12181263278792,1.7664911283376799,10.0,15.0,496.0,130.8493536808262
2025-03-02 20:00:00,1460,3.9523444800000007,1.69386192,10.0,15.0,498.0,130.8493536808262
2025-03-02 21:00:00,1461,3.860419066477321,1.6544653142045658,9.9,15.0,498.0,130.8493536808262
2025-03-02 22:00:00,1462,3.7387780101639434,1.6023334329274042,9.9,10.968277496012611,495.0,130.8493536808262
2025-03-02 23:00:00,1463,3.860833171753913,1.6546427878945338,9.9,15.0,492.0,130.8493536808262
2025-03-03 00:00:00,1464,4.104240652941244,1.7589602798319615,9.9,15.0,489.0,130.8493536808262
2025-03-03 01:00:00,1465,4.832818010919935,2.071207718965686,9.9,15.0,485.0,130.8493536808262
2025-03-03 02:00:00,1466,3.8385668656339575,1.645100085271696,9.9,15.0,481.0,130.8493536808262
2025-03-03 03:00:00,1467,4.06552295152726,1.7423669792259688,9.9,15.0,481.0,130.8493536808262
2025-03-03 04:00:00,1468,4.025902934793771,1.725386972054473,9.9,15.0,484.0,130.8493536808262
2025-03-03 05:00:00,1469,3.955693422877393,1.6952971812331683,9.9,15.0,482.0,130.8493536808262
2025-03-03 06:00:00,1470,3.9399276069720033,1.6885404029880016,9.9,15.0,485.0,130.8493536808262
2025-03-03 07:00:00,1471,3.9708568387714642,1.7017957880449133,9.9,15.0,493.0,130.8493536808262
2025-03-03 08:00:00,1472,4.332861768969609,1.856940758129832,9.9,15.0,501.0,130.8493536808262
2025-03-03 09:00:00,1473,3.975216383760247,1.7036641644686774,9.9,15.0,502.0,130.8493536808262
2025-03-03 10:00:00,1474,4.302113651587172,1.8437629935373594,9.9,15.0,502.0,130.8493536808262
2025-03-03 11:00:00,1475,4.213797019394146,1.805913008311777,9.9,14.288439368733371,502.0,130.8493536808262
2025-03-03 12:00:00,1476,4.057086070374915,1.7387511730178205,9.9,13.081442796589462,502.0,130.8493536808262
2025-03-03 13:00:00,1477,4.723530564973197,2.0243702421313703,9.9,15.0,501.0,130.8493536808262
2025-03-03 14:00:00,1478,4.364428956132694,1.8704695526282975,9.9,12.656093686639592,501.0,130.8493536808262
2025-03-03 15:00:00,1479,4.463143666297079,1.9127758569844626,9.9,10.700394224106653,501.0,130.8493536808262
2025-03-03 16:00:00,1480,4.286101886910005,1.8369008086757166,9.8,9.202313532334735,500.0,130.8493536808262
2025-03-03 17:00:00,1481,4.380813825915103,1.8774916396779011,9.8,9.564311131715321,501.0,130.8493536808262
2025-03-03 18:00:00,1482,4.28396335550598,1.8359842952168484,9.8,9.649153672092822,502.0,130.8493536808262
2025-03-03 19:00:00,1483,4.08407053487622,1.75031594351838,9.8,11.075735318286943,503.0,130.8493536808262
2025-03-03 20:00:00,1484,4.303438015469387,1.8443305780583086,9.8,12.286421996448881,503.0,130.8493536808262
2025-03-03 21:00:00,1485,4.077984250229021,1.7477075358124379,9.8,10.51587036996881,501.0,130.8493536808262
2025-03-03 22:00:00,1486,4.03500623284864,1.7292883855065597,9.8,5.057656219836471,486.0,130.8493536808262
2025-03-03 23:00:00,1487,3.9800481160217367,1.7057349068664585,9.8,5.9990210587242805,468.0,130.8493536808262
2025-03-04 00:00:00,1488,4.450431439691788,1.9073277598679088,9.8,6.812364856398633,444.0,130.8493536808262
2025-03-04 01:00:00,1489,4.254538414552239,1.8233736062366737,9.8,7.580085590226844,440.0,130.8493536808262
2025-03-04 02:00:00,1490,3.8927126430465218,1.6683054184485093,9.8,9.107257506494728,432.0,130.8493536808262
2025-03-04 03:00:00,1491,3.4724660961180405,1.4881997554791602,9.8,6.662366266149072,444.0,130.8493536808262
2025-03-04 04:00:00,1492,3.4374921409601793,1.4732109175543624,9.8,4.736316223946212,455.0,130.8493536808262
2025-03-04 05:00:00,1493,3.4483392927662972,1.4778596968998416,9.8,6.17353045815927,465.0,130.8493536808262
2025-03-04 06:00:00,1494,3.551795477979737,1.5221980619913158,9.8,6.632260792895028,486.0,130.8493536808262
2025-03-04 07:00:00,1495,3.877063856293812,1.6615987955544909,9.8,7.075647837959744,498.0,130.8493536808262
2025-03-04 08:00:00,1496,3.8763551839018184,1.6612950788150649,9.8,9.78790815147494,502.0,130.8493536808262
2025-03-04 09:00:00,1497,3.743912488747027,1.604533923748726,9.8,6.0533095584189365,502.0,130.8493536808262
2025-03-04 10:00:00,1498,3.82618602877269,1.6397940123311525,9.7,2.558797998212757,501.0,130.8493536808262
2025-03-04 11:00:00,1499,3.6871004421720346,1.5801859037880148,9.7,1.3138748197544998,500.0,130.8493536808262
2025-03-04 12:00:00,1500,3.823195169138266,1.6385122153449714,9.7,1.3240676944371244,499.0,130.8493536808262
2025-03-04 13:00:00,1501,4.10476988361457,1.7591870929776727,9.7,1.080128763689683,499.0,130.8493536808262
2025-03-04 14:00:00,1502,3.864784223794108,1.6563360959117606,9.7,0.8401458702761551,499.0,130.8493536808262
2025-03-04 15:00:00,1503,4.113838556620021,1.763073667122866,9.6,1.6387259486055454,497.0,130.8493536808262
2025-03-04 16:00:00,1504,3.798239543785425,1.6278169473366106,9.6,5.061978611697171,496.0,130.8493536808262
2025-03-04 17:00:00,1505,3.8302378217334176,1.6415304950286076,9.6,2.5418365002630003,497.0,130.8493536808262
2025-03-04 18:00:00,1506,4.132534754657073,1.77108632342446,9.6,2.1905582680417566,499.0,130.8493536808262
2025-03-04 19:00:00,1507,3.8537318014994453,1.6515993434997622,9.6,3.739980934479065,499.0,130.8493536808262
2025-03-04 20:00:00,1508,3.5538352359535637,1.5230722439800986,9.6,4.207618101162707,499.0,130.8493536808262
2025-03-04 21:00:00,1509,3.944313072212436,1.690419888091044,9.6,8.244048093905889,500.0,130.8493536808262
2025-03-04 22:00:00,1510,3.653448908219052,1.565763817808165,9.6,6.43186298501405,498.0,130.8493536808262
2025-03-04 23:00:00,1511,3.7592255344163754,1.611096657607018,9.6,2.2101620174007603,493.0,130.8493536808262
2025-03-05 00:00:00,1512,4.067859351997349,1.7433682937131496,9.6,3.530091966456529,488.0,130.8493536808262
2025-03-05 01:00:00,1513,3.9842460416548975,1.7075340178520988,9.7,5.349722780997642,477.0,130.8493536808262
2025-03-05 02:00:00,1514,4.19877994083192,1.7994771174993944,9.8,7.472134004773919,469.0,130.8493536808262
2025-03-05 03:00:00,1515,4.671492347971295,2.002068149130555,9.8,3.1570444916837066,463.0,130.8493536808262
2025-03-05 04:00:00,1516,4.1590733385158805,1.7824600022210915,9.9,1.3350129328181504,465.0,130.8493536808262
2025-03-05 05:00:00,1517,4.0829931601585105,1.7498542114965046,9.9,3.825502597216885,473.0,130.8493536808262
2025-03-05 06:00:00,1518,4.295845709592001,1.8410767326822859,9.9,6.308438268340518,487.0,130.8493536808262
2025-03-05 07:00:00,1519,3.9929555592591437,1.7112666682539186,9.9,10.008589807529074,498.0,130.8493536808262
2025-03-05 08:00:00,1520,4.05499705085271,1.7378558789368757,10.0,11.12189449798268,502.0,130.8493536808262
2025-03-05 09:00:00,1521,3.7878119170654485,1.6233479644566207,10.0,10.01269203285187,503.0,130.8493536808262
2025-03-05 10:00:00,1522,3.68399228234009,1.5788538352886101,10.0,6.069662507881832,501.0,130.8493536808262
2025-03-05 11:00:00,1523,4.214117040369339,1.8060501601582881,10.0,7.072139728878276,502.0,130.8493536808262
2025-03-05 12:00:00,1524,4.104537874595882,1.7590876605410921,10.0,6.619688407142361,502.0,130.8493536808262
2025-03-05 13:00:00,1525,4.409824089212383,1.8899246096624498,10.0,6.054122291073307,501.0,130.8493536808262
2025-03-05 14:00:00,1526,4.261964676661486,1.8265562899977796,10.0,4.799449121746522,500.0,130.8493536808262
2025-03-05 15:00:00,1527,4.567228029635809,1.9573834412724898,10.0,3.486295975286908,498.0,130.8493536808262
2025-03-05 16:00:00,1528,4.590659826577959,1.967425639961982,10.0,1.9281349165557358,498.0,130.8493536808262
2025-03-05 17:00:00,1529,4.6565103626805096,1.9956472982916467,10.0,1.1824550117164772,499.0,130.8493536808262
2025-03-05 18:00:00,1530,4.535467392136019,1.9437717394868654,10.0,0.6593404057762825,501.0,130.8493536808262
2025-03-05 19:00:00,1531,4.817283874137029,2.0645502317730124,10.0,0.5589192486433308,501.0,130.8493536808262
2025-03-05 20:00:00,1532,4.8887791461260495,2.0951910626254495,10.0,0.9396128725749937,502.0,130.8493536808262
2025-03-05 21:00:00,1533,4.514573068295579,1.9348170292695337,10.0,1.0311407443911937,499.0,130.8493536808262
2025-03-05 22:00:00,1534,4.4459383445880905,1.9054021476806102,10.1,1.4564843209195637,482.0,130.8493536808262
2025-03-05 23:00:00,1535,5.024348589946035,2.1532922528340146,10.1,1.6350943574826298,457.0,130.8493536808262
2025-03-06 00:00:00,1536,4.952957949811847,2.1226962642050773,10.1,1.8060868350307517,427.0,130.8493536808262
2025-03-06 01:00:00,1537,5.190131515377935,2.2243420780191148,10.1,2.128864644165825,391.0,130.8493536808262
2025-03-06 02:00:00,1538,4.1559333275866885,1.781114283251438,10.1,1.6787143874664887,364.0,130.8493536808262
2025-03-06 03:00:00,1539,4.847364899130477,2.0774420996273473,10.1,0.9211385561877204,362.0,130.8493536808262
2025-03-06 04:00:00,1540,5.385838630951648,2.308216556122135,10.1,0.6778281951089761,389.0,130.8493536808262
2025-03-06 05:00:00,1541,5.34471072674253,2.2905903114610844,10.1,0.24184795137971685,424.0,130.8493536808262
2025-03-06 06:00:00,1542,4.898409356445429,2.099318295619469,10.1,0.2362412452479679,459.0,130.8493536808262
2025-03-06 07:00:00,1543,5.188615228002628,2.2236922405725545,10.1,0.11413467488023472,491.0,130.8493536808262
2025-03-06 08:00:00,1544,5.415798529856394,2.321056512795597,10.1,0.056898329604417305,502.0,130.8493536808262
2025-03-06 09:00:00,1545,5.3615035576989705,2.2977872390138443,10.1,0.34751941808044534,502.0,130.8493536808262
2025-03-06 10:00:00,1546,5.678565879472581,2.4336710912025343,10.1,0.690930704391465,502.0,130.8493536808262
2025-03-06 11:00:00,1547,5.145594943619429,2.205254975836898,10.1,3.627790638178282,501.0,130.8493536808262
2025-03-06 12:00:00,1548,5.637767788081694,2.416186194892154,10.1,7.201139840211183,500.0,130.8493536808262
2025-03-06 13:00:00,1549,5.7821066160515375,2.478045692593516,10.1,7.013305123058496,499.0,130.8493536808262
2025-03-06 14:00:00,1550,5.603677650471102,2.4015761359161867,10.1,9.114449232546509,499.0,130.8493536808262
2025-03-06 15:00:00,1551,5.114884987532508,2.1920935660853607,10.1,11.778685644897903,498.0,130.8493536808262
2025-03-06 16:00:00,1552,4.991663668427854,2.139284429326223,10.1,11.452087072435924,498.0,130.8493536808262
2025-03-06 17:00:00,1553,4.68846271159922,2.009341162113951,10.1,10.36580752589809,498.0,130.8493536808262
2025-03-06 18:00:00,1554,4.755981843488663,2.0382779329237124,10.1,9.743716812730616,499.0,130.8493536808262
2025-03-06 19:00:00,1555,4.777344156038224,2.0474332097306673,10.1,9.152546095266114,499.0,130.8493536808262
2025-03-06 20:00:00,1556,5.160279139189919,2.2115482025099653,10.1,9.159080072815213,499.0,130.8493536808262
2025-03-06 21:00:00,1557,5.4264693203857455,2.3256297087367477,10.1,8.76165553536788,496.0,130.8493536808262
2025-03-06 22:00:00,1558,5.058803729317683,2.1680587411361496,10.1,5.803908887955019,450.0,130.8493536808262
2025-03-06 23:00:00,1559,4.827274555677684,2.068831952433293,10.1,4.173408628185333,386.0,130.8493536808262
2025-03-07 00:00:00,1560,4.462997554407689,1.9127132376032954,10.1,5.042115870171075,335.0,130.8493536808262
2025-03-07 01:00:00,1561,4.935445024699613,2.1151907248712623,10.1,6.4472431400944545,300.0,130.8493536808262
2025-03-07 02:00:00,1562,4.7820535249953515,2.0494515107122937,10.2,4.4984595874318085,283.0,130.8493536808262
2025-03-07 03:00:00,1563,4.2631408192367815,1.8270603511014778,10.2,3.9416164470425823,277.0,130.8493536808262
2025-03-07 04:00:00,1564,3.943873859365759,1.6902316540138969,10.2,3.7730355164464204,299.0,130.8493536808262
2025-03-07 05:00:00,1565,4.189668370824117,1.7955721589246214,10.3,3.607685216782404,334.0,130.8493536808262
2025-03-07 06:00:00,1566,4.293107788803676,1.839903338058718,10.3,3.5659038643257075,387.0,130.8493536808262
2025-03-07 07:00:00,1567,4.113352566496225,1.7628653856412393,10.3,3.0926113634525776,455.0,130.8493536808262
2025-03-07 08:00:00,1568,5.216255663843544,2.235538141647233,10.3,3.2808765986512216,496.0,130.8493536808262
2025-03-07 09:00:00,1569,4.8741303375373874,2.0889130018017372,10.3,4.7629554079186205,501.0,130.8493536808262
2025-03-07 10:00:00,1570,5.47940132501949,2.3483148535797813,10.3,4.264132204481104,501.0,130.8493536808262
2025-03-07 11:00:00,1571,4.9123593054815675,2.105296845206386,10.2,5.5844201710864985,501.0,130.8493536808262
2025-03-07 12:00:00,1572,5.261838459865315,2.2550736256565638,10.2,6.574953247661113,501.0,130.8493536808262
2025-03-07 13:00:00,1573,5.131186847862409,2.1990800776553185,10.2,6.538426569411242,501.0,130.8493536808262
2025-03-07 14:00:00,1574,5.478356964914505,2.347867270677645,10.2,7.060723219925216,501.0,130.8493536808262
2025-03-07 15:00:00,1575,5.331946522463239,2.2851199381985308,10.2,7.674458782280577,502.0,130.8493536808262
2025-03-07 16:00:00,1576,5.049821563950227,2.1642092416929546,10.2,6.950632274720508,503.0,130.8493536808262
2025-03-07 17:00:00,1577,5.081384255817063,2.1777361096358843,10.1,6.2804838675736825,504.0,130.8493536808262
2025-03-07 18:00:00,1578,4.8278675252553285,2.069086082252283,10.1,5.706062978231817,505.0,130.8493536808262
2025-03-07 19:00:00,1579,4.591707779206576,1.9678747625171042,10.1,5.4080134945162985,505.0,130.8493536808262
2025-03-07 20:00:00,1580,5.210435827112345,2.2330439259052905,10.1,5.159195966608015,504.0,130.8493536808262
2025-03-07 21:00:00,1581,5.015791879914152,2.1496250913917794,10.1,4.424138916213989,501.0,130.8493536808262
2025-03-07 22:00:00,1582,4.9450799118034965,2.1193199622014984,10.1,1.8494936406906224,479.0,130.8493536808262
2025-03-07 23:00:00,1583,5.103285870221853,2.1871225158093655,10.1,1.318267419767698,445.0,130.8493536808262
2025-03-08 00:00:00,1584,5.169616367860684,2.215549871940293,10.1,1.668674366645178,400.0,130.8493536808262
2025-03-08 01:00:00,1585,5.217596350911428,2.236112721819183,10.1,2.087172914373397,373.0,130.8493536808262
2025-03-08 02:00:00,1586,5.959018210065504,2.55386494717093,10.1,2.005134732949771,372.0,130.8493536808262
2025-03-08 03:00:00,1587,5.113691485514313,2.1915820652204197,10.1,1.6728586099537028,384.0,130.8493536808262
2025-03-08 04:00:00,1588,4.960187773199234,2.125794759942529,10.1,1.3054273262166864,425.0,130.8493536808262
2025-03-08 05:00:00,1589,4.728864468561632,2.0266562008121274,10.1,1.0637329177778472,451.0,130.8493536808262
2025-03-08 06:00:00,1590,4.218790384792845,1.8080530220540763,10.1,1.3706424625097178,465.0,130.8493536808262
2025-03-08 07:00:00,1591,4.492779886334198,1.9254770941432273,10.1,2.4821344249889497,490.0,130.8493536808262
2025-03-08 08:00:00,1592,4.655053480126993,1.9950229200544254,10.1,1.6693182146496106,503.0,130.8493536808262
2025-03-08 09:00:00,1593,4.497935173112515,1.927686502762506,10.1,0.7936756217048152,505.0,130.8493536808262
2025-03-08 10:00:00,1594,4.2667341097320275,1.8286003327422975,10.1,0.08317548533508132,503.0,130.8493536808262
2025-03-08 11:00:00,1595,4.452280783926778,1.908120335968619,10.1,2.4780043693003115,503.0,130.8493536808262
2025-03-08 12:00:00,1596,4.469882000887992,1.915663714666282,10.1,7.193632436145557,503.0,130.8493536808262
2025-03-08 13:00:00,1597,5.020693975056876,2.1517259893100893,10.1,9.21942338199383,502.0,130.8493536808262
2025-03-08 14:00:00,1598,4.992518230874619,2.1396506703748366,10.1,6.45287263445645,503.0,130.8493536808262
2025-03-08 15:00:00,1599,5.0834671552823885,2.1786287808353095,10.1,6.253022044713361,504.0,130.8493536808262
2025-03-08 16:00:00,1600,5.106072937971335,2.1883169734162866,10.1,7.788125861405754,504.0,130.8493536808262
2025-03-08 17:00:00,1601,5.441224785132592,2.331953479342539,10.1,8.612825997943206,505.0,130.8493536808262
2025-03-08 18:00:00,1602,5.201974762457267,2.229417755338828,10.1,8.757833120914992,505.0,130.8493536808262
2025-03-08 19:00:00,1603,4.950941837636455,2.1218322161299086,10.1,7.861414503582396,505.0,130.8493536808262
2025-03-08 20:00:00,1604,5.075091248361227,2.175039106440526,10.1,7.929334421508784,504.0,130.8493536808262
2025-03-08 21:00:00,1605,4.813518337822643,2.062936430495418,10.0,8.354098143953856,500.0,130.8493536808262
2025-03-08 22:00:00,1606,4.789686371211735,2.0527227305193145,10.0,9.143752483304969,461.0,130.8493536808262
2025-03-08 23:00:00,1607,4.792214461969522,2.0538061979869373,10.0,8.643185367833787,383.0,130.8493536808262
2025-03-09 00:00:00,1608,5.056796650787001,2.167198564623,10.0,7.274898477059281,310.0,130.8493536808262
2025-03-09 01:00:00,1609,5.434746040855152,2.329176874652208,10.0,7.2524914788972445,259.0,130.8493536808262
2025-03-09 02:00:00,1610,5.033950346364936,2.157407291299258,10.1,7.92528670858183,227.0,130.8493536808262
2025-03-09 03:00:00,1611,4.400093613507293,1.8857544057888398,10.1,9.674697081633038,220.0,130.8493536808262
2025-03-09 04:00:00,1612,4.259241141973149,1.8253890608456353,10.1,7.577220478570098,233.0,130.8493536808262
2025-03-09 05:00:00,1613,4.646607192953407,1.9914030826943176,10.1,5.424779540943139,273.0,130.8493536808262
2025-03-09 06:00:00,1614,4.187682751138954,1.7947211790595519,10.1,3.7953760468623585,343.0,130.8493536808262
2025-03-09 07:00:00,1615,3.9783186284706566,1.7049936979159959,10.1,3.079565930333321,438.0,130.8493536808262
2025-03-09 08:00:00,1616,4.246417835889363,1.8198933582382983,10.1,2.646228327602297,495.0,130.8493536808262
2025-03-09 09:00:00,1617,4.390277943335903,1.8815476900011014,10.1,3.616717380854585,503.0,130.8493536808262
2025-03-09 10:00:00,1618,4.02747869575109,1.7260622981790386,10.1,3.4055036945143913,502.0,130.8493536808262
2025-03-09 11:00:00,1619,4.3981489568257155,1.884920981496735,10.0,3.143394091806238,502.0,130.8493536808262
2025-03-09 12:00:00,1620,4.569601306500553,1.9584005599288083,10.0,4.953475312963183,502.0,130.8493536808262
2025-03-09 13:00:00,1621,4.721403129216361,2.023458483949869,10.0,6.275396551265066,502.0,130.8493536808262
2025-03-09 14:00:00,1622,4.908214392163876,2.1035204537845176,9.9,7.14630341324665,502.0,130.8493536808262
2025-03-09 15:00:00,1623,4.983868328033817,2.13594356915735,9.9,7.6641618120963635,500.0,130.8493536808262
2025-03-09 16:00:00,1624,4.774813378516885,2.046348590792951,9.9,7.245604115760045,501.0,130.8493536808262
2025-03-09 17:00:00,1625,4.956566434553764,2.124242757665899,9.9,6.211403131695499,502.0,130.8493536808262
2025-03-09 18:00:00,1626,4.884494062585118,2.0933545982507646,9.9,4.699982858376524,504.0,130.8493536808262
2025-03-09 19:00:00,1627,4.861623179051593,2.083552791022111,9.9,4.03797657592788,504.0,130.8493536808262
2025-03-09 20:00:00,1628,4.972269634393815,2.130972700454492,9.9,3.6844458928210457,504.0,130.8493536808262
2025-03-09 21:00:00,1629,4.766747882802397,2.042891949772456,9.9,3.419733588469747,498.0,130.8493536808262
2025-03-09 22:00:00,1630,4.564949755217927,1.95640703795054,9.9,3.2937176886236075,447.0,130.8493536808262
2025-03-09 23:00:00,1631,4.4989295743309805,1.928112674713277,9.9,1.053711047231113,375.0,130.8493536808262
2025-03-10 00:00:00,1632,4.853865775582111,2.0802281895351906,10.0,0.558420602129019,319.0,130.8493536808262
2025-03-10 01:00:00,1633,4.352470931411858,1.8653446848907964,10.1,0.24245313875952904,278.0,130.8493536808262
2025-03-10 02:00:00,1634,4.092258821010741,1.7538252090046036,10.1,0.0,251.0,130.8493536808262
2025-03-10 03:00:00,1635,4.03876365106926,1.7308987076011113,10.2,0.0,232.0,130.8493536808262
2025-03-10 04:00:00,1636,3.8173432252778965,1.6360042394048127,10.2,0.0,253.0,130.8493536808262
2025-03-10 05:00:00,1637,3.671402593577116,1.5734582543901927,10.3,0.0,294.0,130.8493536808262
2025-03-10 06:00:00,1638,3.631208285907369,1.5562321225317295,10.4,0.0,362.0,130.8493536808262
2025-03-10 07:00:00,1639,3.839256488209081,1.6453956378038919,10.4,0.0010297778453279623,448.0,130.8493536808262
2025-03-10 08:00:00,1640,3.7086587321726663,1.5894251709311427,10.3,0.3333031595793227,498.0,130.8493536808262
2025-03-10 09:00:00,1641,3.920012041488517,1.6800051606379358,10.2,0.9156887948628599,504.0,130.8493536808262
2025-03-10 10:00:00,1642,3.55807357534701,1.5248886751487185,10.2,1.0765908104544555,504.0,130.8493536808262
2025-03-10 11:00:00,1643,3.7681697239385024,1.6149298816879296,10.1,1.3374629955796518,504.0,130.8493536808262
2025-03-10 12:00:00,1644,3.9486140137033354,1.6922631487300006,10.1,0.9498984336719697,504.0,130.8493536808262
2025-03-10 13:00:00,1645,4.16072962958183,1.7831698412493557,10.1,0.8364482595115446,503.0,130.8493536808262
2025-03-10 14:00:00,1646,3.7386180340142925,1.602264871720411,10.1,0.6049166845014755,502.0,130.8493536808262
2025-03-10 15:00:00,1647,3.7814718564410112,1.6206307956175763,10.1,0.20469587530758385,499.0,130.8493536808262
2025-03-10 16:00:00,1648,3.752780554052255,1.608334523165252,10.1,0.2652885530516787,498.0,130.8493536808262
2025-03-10 17:00:00,1649,3.9563853410382746,1.695593717587832,10.1,0.44308943666146894,499.0,130.8493536808262
2025-03-10 18:00:00,1650,4.0420331095893065,1.7322999041097025,10.1,0.514372588727944,502.0,130.8493536808262
2025-03-10 19:00:00,1651,4.103308133645567,1.7585606287052429,10.1,0.77827566078404,502.0,130.8493536808262
2025-03-10 20:00:00,1652,3.7938381543972546,1.6259306375988234,10.1,0.8894891276674082,503.0,130.8493536808262
2025-03-10 21:00:00,1653,3.7202517992845534,1.5943936282648086,10.1,1.077175575205287,498.0,130.8493536808262
2025-03-10 22:00:00,1654,3.7283917012476264,1.5978821576775541,10.1,1.0403153478362615,461.0,130.8493536808262
2025-03-10 23:00:00,1655,3.71186450847662,1.5907990750614085,10.1,1.5218990550844302,414.0,130.8493536808262
2025-03-11 00:00:00,1656,4.3127976299116675,1.8483418413907147,10.1,1.9936845184535568,391.0,130.8493536808262
2025-03-11 01:00:00,1657,3.948001978992879,1.6920008481398052,10.1,2.328570610056298,381.0,130.8493536808262
2025-03-11 02:00:00,1658,3.4201873901603506,1.4657945957830074,10.1,2.386844323094221,374.0,130.8493536808262
2025-03-11 03:00:00,1659,3.3129517611041592,1.4198364690446397,10.2,2.2258747004522066,368.0,130.8493536808262
2025-03-11 04:00:00,1660,3.3555718225143663,1.4381022096490141,10.2,1.9994295387929553,400.0,130.8493536808262
2025-03-11 05:00:00,1661,3.1994862178310157,1.371208379070435,10.2,2.096342781380206,433.0,130.8493536808262
2025-03-11 06:00:00,1662,3.331846781744132,1.4279343350331997,10.2,1.5994256606971766,460.0,130.8493536808262
2025-03-11 07:00:00,1663,3.311212930693727,1.419091256011597,10.2,1.1379812588197766,486.0,130.8493536808262
2025-03-11 08:00:00,1664,3.72599439211979,1.59685473947991,10.2,1.1395948657471715,500.0,130.8493536808262
2025-03-11 09:00:00,1665,3.3132587679622967,1.419968043412413,10.2,1.9532360961795647,503.0,130.8493536808262
2025-03-11 10:00:00,1666,3.6520519794112074,1.5651651340333743,10.2,2.877028525457683,503.0,130.8493536808262
2025-03-11 11:00:00,1667,3.7234383411564593,1.595759289067054,10.1,4.163565183477676,502.0,130.8493536808262
2025-03-11 12:00:00,1668,3.7347243021379777,1.6005961294877047,10.1,3.1413255551530805,501.0,130.8493536808262
2025-03-11 13:00:00,1669,3.9331899355456708,1.6856528295195732,10.1,3.0296853693732793,501.0,130.8493536808262
2025-03-11 14:00:00,1670,3.9164823533194264,1.678492437136897,10.1,3.406246568980283,500.0,130.8493536808262
2025-03-11 15:00:00,1671,3.912751207899119,1.676893374813908,10.1,4.192781657012022,500.0,130.8493536808262
2025-03-11 16:00:00,1672,4.019886387474603,1.7228084517748299,10.1,3.6497034922714873,500.0,130.8493536808262
2025-03-11 17:00:00,1673,4.0746636489857195,1.7462844209938795,10.1,3.2779123931990783,501.0,130.8493536808262
2025-03-11 18:00:00,1674,4.03812640337229,1.7306256014452674,10.1,2.8250613775865907,502.0,130.8493536808262
2025-03-11 19:00:00,1675,4.162150089074121,1.783778609603195,10.1,1.4134016701611016,503.0,130.8493536808262
2025-03-11 20:00:00,1676,4.052165541531003,1.736642374941858,10.1,0.7774959158315841,504.0,130.8493536808262
2025-03-11 21:00:00,1677,4.301981864682703,1.8437065134354438,10.1,1.273122921893572,497.0,130.8493536808262
2025-03-11 22:00:00,1678,4.24068629146898,1.8174369820581342,10.1,0.3017213851512123,457.0,130.8493536808262
2025-03-11 23:00:00,1679,4.371520688579572,1.8735088665341024,10.1,0.5469213063080538,406.0,130.8493536808262
2025-03-12 00:00:00,1680,4.203854593954204,1.8016519688375157,10.1,1.5466065962956466,372.0,130.8493536808262
2025-03-12 01:00:00,1681,4.854862041032577,2.0806551604425327,10.1,3.9738660133435837,349.0,130.8493536808262
2025-03-12 02:00:00,1682,4.418699236754383,1.893728244323307,10.2,4.014113590619886,349.0,130.8493536808262
2025-03-12 03:00:00,1683,4.318233772309294,1.8506716167039832,10.3,3.8002761123779636,365.0,130.8493536808262
2025-03-12 04:00:00,1684,4.1665243708869655,1.7856533018086995,10.4,5.521202316959502,406.0,130.8493536808262
2025-03-12 05:00:00,1685,4.1121095624270385,1.762332669611588,10.4,6.926582091827133,440.0,130.8493536808262
2025-03-12 06:00:00,1686,3.7644879506191353,1.6133519788367723,10.5,8.803521238743452,465.0,130.8493536808262
2025-03-12 07:00:00,1687,4.052971982402862,1.736987992458369,10.5,12.021867717186199,491.0,130.8493536808262
2025-03-12 08:00:00,1688,4.2708746067178085,1.830374831450489,10.5,13.045802032560246,503.0,130.8493536808262
2025-03-12 09:00:00,1689,4.05212418050355,1.7366246487872357,10.5,15.0,503.0,130.8493536808262
2025-03-12 10:00:00,1690,4.609129408199642,1.975341174942704,10.4,12.356480890461759,503.0,130.8493536808262
2025-03-12 11:00:00,1691,4.14648390949563,1.7770645326409842,10.4,7.8820868982376835,501.0,130.8493536808262
2025-03-12 12:00:00,1692,4.271145552581035,1.8304909511061576,10.4,6.684905382650843,501.0,130.8493536808262
2025-03-12 13:00:00,1693,5.254549426145369,2.251949754062301,10.4,6.775367187141663,499.0,130.8493536808262
2025-03-12 14:00:00,1694,4.56453308262812,1.9562284639834802,10.5,8.823319335534492,498.0,130.8493536808262
2025-03-12 15:00:00,1695,4.626880499718771,1.9829487855937589,10.5,7.752738736024215,500.0,130.8493536808262
2025-03-12 16:00:00,1696,4.681865533606777,2.00651380011719,10.5,7.283331086364471,500.0,130.8493536808262
2025-03-12 17:00:00,1697,5.111231288981584,2.190527695277822,10.6,6.450679705359504,500.0,130.8493536808262
2025-03-12 18:00:00,1698,4.974557064282621,2.1319530275496947,10.6,4.293246754072695,500.0,130.8493536808262
2025-03-12 19:00:00,1699,5.0897063534493014,2.181302722906843,10.6,2.2939290252079316,502.0,130.8493536808262
2025-03-12 20:00:00,1700,4.714789646171017,2.0206241340732927,10.6,1.4993651465448896,501.0,130.8493536808262
2025-03-12 21:00:00,1701,4.989246274887151,2.1382484035230647,10.6,0.7800669766570157,492.0,130.8493536808262
2025-03-12 22:00:00,1702,5.112712988787068,2.1911627094801718,10.5,3.34297549149298,438.0,130.8493536808262
2025-03-12 23:00:00,1703,5.230674685060116,2.241717722168621,10.5,3.6628119468249447,361.0,130.8493536808262
2025-03-13 00:00:00,1704,5.603761063395625,2.401611884312411,10.6,2.023979549710248,306.0,130.8493536808262
2025-03-13 01:00:00,1705,4.955985299732916,2.1239936998855353,10.6,0.46809192661944354,267.0,130.8493536808262
2025-03-13 02:00:00,1706,4.745871748011284,2.0339450348619788,10.7,0.0,276.0,130.8493536808262
2025-03-13 03:00:00,1707,4.46411835617002,1.9131935812157226,10.8,0.0,275.0,130.8493536808262
2025-03-13 04:00:00,1708,4.398787157148389,1.885194495920738,10.9,0.11118081409631089,287.0,130.8493536808262
2025-03-13 05:00:00,1709,4.441714199885647,1.9035917999509913,11.0,0.39234575871729277,327.0,130.8493536808262
2025-03-13 06:00:00,1710,4.38862127732103,1.8808376902804413,11.1,0.8714266744796214,394.0,130.8493536808262
2025-03-13 07:00:00,1711,4.332296294393762,1.8566984118830407,11.1,1.3357928489910866,460.0,130.8493536808262
2025-03-13 08:00:00,1712,4.282194033793047,1.8352260144827341,11.0,2.2840376923562147,495.0,130.8493536808262
2025-03-13 09:00:00,1713,4.003621381208077,1.715837734803462,10.9,2.7977120950302607,498.0,130.8493536808262
2025-03-13 10:00:00,1714,4.187669510078029,1.7947155043191554,10.9,2.102007000240177,497.0,130.8493536808262
2025-03-13 11:00:00,1715,4.2776113823420605,1.83326202100374,10.9,1.2905184243693555,497.0,130.8493536808262
2025-03-13 12:00:00,1716,4.4337551494393175,1.9001807783311357,10.8,0.49152800317758355,494.0,130.8493536808262
2025-03-13 13:00:00,1717,4.958612419308927,2.125119608275254,10.8,0.48229869268462666,494.0,130.8493536808262
2025-03-13 14:00:00,1718,5.255471833640004,2.2523450715600015,10.8,1.7052529141592434,493.0,130.8493536808262
2025-03-13 15:00:00,1719,4.798615488121646,2.0565494949092766,10.7,2.86793565110262,492.0,130.8493536808262
2025-03-13 16:00:00,1720,5.435600548692934,2.3295430922969715,10.6,4.865709261694305,492.0,130.8493536808262
2025-03-13 17:00:00,1721,4.875466929542938,2.0894858269469734,10.6,6.4387536112695996,494.0,130.8493536808262
2025-03-13 18:00:00,1722,4.568398491610708,1.95788506783316,10.6,5.422722944800207,495.0,130.8493536808262
2025-03-13 19:00:00,1723,4.687293378085279,2.0088400191794054,10.6,4.8531732490929045,496.0,130.8493536808262
2025-03-13 20:00:00,1724,4.7660703246556775,2.0426015677095757,10.6,3.6882687306365733,496.0,130.8493536808262
2025-03-13 21:00:00,1725,4.760447061760905,2.0401915978975302,10.5,3.2055242590343953,487.0,130.8493536808262
2025-03-13 22:00:00,1726,5.056032078339953,2.166870890717123,10.5,1.374474866337842,436.0,130.8493536808262
2025-03-13 23:00:00,1727,5.389193913581799,2.3096545343921995,10.5,0.6158131701592621,365.0,130.8493536808262
2025-03-14 00:00:00,1728,5.2816337779254035,2.2635573333966015,10.5,0.6929964420843248,309.0,130.8493536808262
2025-03-14 01:00:00,1729,4.82589828805971,2.0682421234541617,10.6,0.33176880308704804,258.0,130.8493536808262
2025-03-14 02:00:00,1730,4.8091795244236515,2.0610769390387076,10.6,0.16528142882406635,232.0,130.8493536808262
2025-03-14 03:00:00,1731,5.110688554706142,2.1902950948740605,10.8,0.0,222.0,130.8493536808262
2025-03-14 04:00:00,1732,4.866020624346081,2.0854374104340345,10.9,0.0,244.0,130.8493536808262
2025-03-14 05:00:00,1733,4.737440359032355,2.030331582442438,10.9,0.0,277.0,130.8493536808262
2025-03-14 06:00:00,1734,4.624937505703835,1.9821160738730723,10.9,0.04311256837945763,340.0,130.8493536808262
2025-03-14 07:00:00,1735,4.340778252299377,1.8603335366997331,10.9,0.6861018407793382,429.0,130.8493536808262
2025-03-14 08:00:00,1736,4.4853517465078205,1.922293605646209,10.9,1.0968268308018345,490.0,130.8493536808262
2025-03-14 09:00:00,1737,4.446439297267991,1.9056168416862822,10.9,1.47627753267383,498.0,130.8493536808262
2025-03-14 10:00:00,1738,3.6385030880187013,1.559358466293729,10.9,2.58065794029965,498.0,130.8493536808262
2025-03-14 11:00:00,1739,3.919981366448746,1.6799920141923197,10.8,2.8800093041793593,497.0,130.8493536808262
2025-03-14 12:00:00,1740,4.033516418996907,1.728649893855817,10.8,1.7115693818177402,496.0,130.8493536808262
2025-03-14 13:00:00,1741,4.1005173551019505,1.7573645807579787,10.7,1.3116285338547218,495.0,130.8493536808262
2025-03-14 14:00:00,1742,4.27440911770263,1.831889621872556,10.7,3.373097449193934,495.0,130.8493536808262
2025-03-14 15:00:00,1743,4.392906900487683,1.8826743859232924,10.6,5.032867519589885,495.0,130.8493536808262
2025-03-14 16:00:00,1744,4.62500261914583,1.9821439796339269,10.6,5.316120457577105,495.0,130.8493536808262
2025-03-14 17:00:00,1745,4.568273205365783,1.9578313737281923,10.6,6.3994203064932185,496.0,130.8493536808262
2025-03-14 18:00:00,1746,4.968504581086231,2.129359106179813,10.6,7.897577421719948,497.0,130.8493536808262
2025-03-14 19:00:00,1747,4.621151663245856,1.9804935699625095,10.6,7.89137348760275,497.0,130.8493536808262
2025-03-14 20:00:00,1748,5.543277552283321,2.375690379549995,10.6,8.50814827106453,498.0,130.8493536808262
2025-03-14 21:00:00,1749,5.22830456788728,2.240701957665977,10.6,9.211033240360223,490.0,130.8493536808262
2025-03-14 22:00:00,1750,5.085626527996364,2.179554226284156,10.6,3.3838941632432205,452.0,130.8493536808262
2025-03-14 23:00:00,1751,4.701944254299196,2.015118966128227,10.6,2.841575574408901,385.0,130.8493536808262
2025-03-15 00:00:00,1752,5.389944588984385,2.3099762524218788,10.6,3.7072647363183258,351.0,130.8493536808262
2025-03-15 01:00:00,1753,5.24239995449052,2.246742837638794,10.6,3.6715083511022386,393.0,130.8493536808262
2025-03-15 02:00:00,1754,4.51623660075618,1.9355299717526486,10.6,3.4822573860774804,405.0,130.8493536808262
2025-03-15 03:00:00,1755,4.118948891719931,1.7652638107371132,10.6,5.03746007710257,411.0,130.8493536808262
2025-03-15 04:00:00,1756,4.091294015820322,1.7534117210658524,10.6,5.719573188565523,451.0,130.8493536808262
2025-03-15 05:00:00,1757,4.506596934495888,1.9313986862125232,10.6,5.026075964708213,475.0,130.8493536808262
2025-03-15 06:00:00,1758,4.49125129168515,1.9248219821507784,10.6,4.878276361779515,480.0,130.8493536808262
2025-03-15 07:00:00,1759,4.296851899326615,1.8415079568542634,10.6,5.681352472821512,489.0,130.8493536808262
2025-03-15 08:00:00,1760,4.197284609108776,1.7988362610466182,10.6,4.6349225121162005,498.0,130.8493536808262
2025-03-15 09:00:00,1761,4.521525228970114,1.9377965267014776,10.6,3.777849042087247,500.0,130.8493536808262
2025-03-15 10:00:00,1762,4.030673333849092,1.7274314287924677,10.6,1.7384703062330835,500.0,130.8493536808262
2025-03-15 11:00:00,1763,5.533650197934161,2.371564370543212,10.6,3.2658092586346603,499.0,130.8493536808262
2025-03-15 12:00:00,1764,5.362488596913758,2.2982093986773244,10.6,4.898433426347541,499.0,130.8493536808262
2025-03-15 13:00:00,1765,5.787003551976306,2.480144379418417,10.6,7.293708966947082,497.0,130.8493536808262
2025-03-15 14:00:00,1766,5.788584559310215,2.480821953990092,10.7,9.175830137495847,496.0,130.8493536808262
2025-03-15 15:00:00,1767,5.774948578853877,2.4749779623659474,10.7,9.74076702322225,495.0,130.8493536808262
2025-03-15 16:00:00,1768,5.317354465545677,2.2788661995195754,10.7,8.99249747910242,495.0,130.8493536808262
2025-03-15 17:00:00,1769,5.0955837098239805,2.183821589924563,10.8,8.256661955549482,496.0,130.8493536808262
2025-03-15 18:00:00,1770,4.689708269877139,2.009874972804488,10.8,8.931925415387543,496.0,130.8493536808262
2025-03-15 19:00:00,1771,4.854715285893496,2.0805922653829265,10.8,9.53591568529849,496.0,130.8493536808262
2025-03-15 20:00:00,1772,4.762892696061375,2.0412397268834463,10.8,10.551008049082421,495.0,130.8493536808262
2025-03-15 21:00:00,1773,4.62838505156909,1.98359359352961,10.8,10.535847492104853,491.0,130.8493536808262
2025-03-15 22:00:00,1774,4.524827755104939,1.9392118950449735,10.8,7.829525532304396,486.0,130.8493536808262
2025-03-15 23:00:00,1775,4.951422327607206,2.1220381404030886,10.8,5.004115685824397,480.0,130.8493536808262
2025-03-16 00:00:00,1776,5.388648237764164,2.3094206733274985,10.8,7.743473233405539,473.0,130.8493536808262
2025-03-16 01:00:00,1777,5.299898642014069,2.2713851322917438,10.8,9.67047856206409,467.0,130.8493536808262
2025-03-16 02:00:00,1778,4.740856804295168,2.0317957732693572,10.8,12.283974786971504,458.0,130.8493536808262
2025-03-16 03:00:00,1779,4.797136622795689,2.0559156954838667,10.8,14.736768678119033,440.0,130.8493536808262
2025-03-16 04:00:00,1780,4.796348071453849,2.0555777449087924,10.8,15.0,445.0,130.8493536808262
2025-03-16 05:00:00,1781,4.815394483707855,2.0637404930176517,10.8,14.34107933826682,459.0,130.8493536808262
2025-03-16 06:00:00,1782,4.2264628782458935,1.811341233533954,10.8,15.0,473.0,130.8493536808262
2025-03-16 07:00:00,1783,4.329767030006145,1.8556144414312046,10.8,15.0,489.0,130.8493536808262
2025-03-16 08:00:00,1784,5.28971349417677,2.267020068932901,10.8,14.244167643797034,495.0,130.8493536808262
2025-03-16 09:00:00,1785,5.55276086869592,2.3797546580125366,10.8,9.580390013039176,497.0,130.8493536808262
2025-03-16 10:00:00,1786,6.144441113751732,2.633331905893599,10.8,4.746348592136116,496.0,130.8493536808262
2025-03-16 11:00:00,1787,5.88351669628233,2.52150715554957,10.8,4.120148302433446,495.0,130.8493536808262
2025-03-16 12:00:00,1788,5.818362601225825,2.493583971953925,10.8,5.27288107829644,496.0,130.8493536808262
2025-03-16 13:00:00,1789,4.696723395770312,2.0128814553301337,10.8,6.2118298979190385,495.0,130.8493536808262
2025-03-16 14:00:00,1790,4.928195198853877,2.112083656651661,10.8,4.8350570505338535,495.0,130.8493536808262
2025-03-16 15:00:00,1791,4.678041806414592,2.0048750598919676,10.7,2.8837657886393946,493.0,130.8493536808262
2025-03-16 16:00:00,1792,4.355328290890513,1.8665692675245051,10.7,3.442184421006316,493.0,130.8493536808262
2025-03-16 17:00:00,1793,4.662210071219683,1.9980900305227212,10.7,3.981837978785541,493.0,130.8493536808262
2025-03-16 18:00:00,1794,4.8927957443401375,2.0969124618600588,10.7,4.47429412840923,493.0,130.8493536808262
2025-03-16 19:00:00,1795,4.8863989801898935,2.094170991509954,10.7,15.0,493.0,130.8493536808262
2025-03-16 20:00:00,1796,4.955500100706956,2.123785757445838,10.7,15.0,494.0,130.8493536808262
2025-03-16 21:00:00,1797,4.628679368579318,1.9837197293911364,10.7,15.0,486.0,130.8493536808262
2025-03-16 22:00:00,1798,5.287818788744962,2.266208052319269,10.7,15.0,432.0,130.8493536808262
2025-03-16 23:00:00,1799,4.830491375391852,2.0702105894536507,10.7,15.0,358.0,130.8493536808262
2025-03-17 00:00:00,1800,5.157856768207942,2.2105100435176896,10.8,12.463646487954367,304.0,130.8493536808262
2025-03-17 01:00:00,1801,4.729814139131177,2.02706320248479,10.8,9.776478578623273,271.0,130.8493536808262
2025-03-17 02:00:00,1802,4.250476304849481,1.8216327020783487,10.9,11.732329626032982,260.0,130.8493536808262
2025-03-17 03:00:00,1803,3.8380134748007717,1.6448629177717593,11.0,9.269227183545532,253.0,130.8493536808262
2025-03-17 04:00:00,1804,3.658867945922953,1.5680862625384082,11.1,4.6013090506424605,275.0,130.8493536808262
2025-03-17 05:00:00,1805,3.550015608653913,1.5214352608516768,11.1,3.1626021452174116,306.0,130.8493536808262
2025-03-17 06:00:00,1806,3.9281668724315315,1.6835000881849422,11.2,3.9060831614023273,359.0,130.8493536808262
2025-03-17 07:00:00,1807,3.3973852336936727,1.456022243011574,11.2,5.312531484771521,437.0,130.8493536808262
2025-03-17 08:00:00,1808,3.6721023833781903,1.5737581643049385,11.1,7.8604072024703715,491.0,130.8493536808262
2025-03-17 09:00:00,1809,4.076582206172921,1.7471066597883946,11.1,11.231793442067444,499.0,130.8493536808262
2025-03-17 10:00:00,1810,4.550799779015696,1.950342762435298,11.0,14.992954106583227,498.0,130.8493536808262
2025-03-17 11:00:00,1811,4.817642164344328,2.0647037847189975,10.9,15.0,497.0,130.8493536808262
2025-03-17 12:00:00,1812,4.5824276215966195,1.9638975521128368,10.9,15.0,497.0,130.8493536808262
2025-03-17 13:00:00,1813,4.52856419596036,1.9408132268401546,10.9,13.348213660441298,496.0,130.8493536808262
2025-03-17 14:00:00,1814,4.742367959873331,2.032443411374284,10.9,10.513838238236184,497.0,130.8493536808262
2025-03-17 15:00:00,1815,5.087305584523292,2.1802738219385533,10.9,6.646143102707128,496.0,130.8493536808262
2025-03-17 16:00:00,1816,5.112284760347999,2.190979183006285,10.8,4.559345164334455,497.0,130.8493536808262
2025-03-17 17:00:00,1817,4.840728838285192,2.0745980735507965,10.8,3.6433307279655947,499.0,130.8493536808262
2025-03-17 18:00:00,1818,5.075069009022599,2.175029575295399,10.8,2.5112188441944996,500.0,130.8493536808262
2025-03-17 19:00:00,1819,4.862409470247936,2.0838897729634014,10.8,1.8180789976691318,501.0,130.8493536808262
2025-03-17 20:00:00,1820,4.767833357648907,2.043357153278103,10.8,1.6495939891335327,501.0,130.8493536808262
2025-03-17 21:00:00,1821,5.060695972413205,2.168869702462802,10.8,1.963085116004828,493.0,130.8493536808262
2025-03-17 22:00:00,1822,5.313382376728508,2.277163875740789,10.8,0.6867818119364972,443.0,130.8493536808262
2025-03-17 23:00:00,1823,5.257891848032482,2.2533822205853498,10.8,0.5605756602874952,382.0,130.8493536808262
2025-03-18 00:00:00,1824,5.770063325762784,2.472884282469765,10.8,1.3950828879121397,341.0,130.8493536808262
2025-03-18 01:00:00,1825,5.191028201607059,2.2247263721173107,10.9,0.9710648182778381,306.0,130.8493536808262
2025-03-18 02:00:00,1826,5.134535040252935,2.200515017251258,10.9,0.41469522588845165,284.0,130.8493536808262
2025-03-18 03:00:00,1827,4.724971173638033,2.0249876458448712,11.0,0.27906360219216425,272.0,130.8493536808262
2025-03-18 04:00:00,1828,4.60102572619996,1.971868168371411,11.1,0.5143644277190514,293.0,130.8493536808262
2025-03-18 05:00:00,1829,4.558896177626309,1.9538126475541326,11.1,0.8084217495591065,329.0,130.8493536808262
2025-03-18 06:00:00,1830,4.781055547604668,2.0490238061162858,11.1,0.364022943308092,380.0,130.8493536808262
2025-03-18 07:00:00,1831,4.562471047822605,1.9553447347811161,11.1,0.3305365187500078,453.0,130.8493536808262
2025-03-18 08:00:00,1832,3.76358432571768,1.6129647110218628,11.1,0.5513097182352666,498.0,130.8493536808262
2025-03-18 09:00:00,1833,3.614689010477443,1.5491524330617612,11.1,0.9466839758613477,504.0,130.8493536808262
2025-03-18 10:00:00,1834,3.86705438378943,1.6573090216240411,11.1,1.6749759467756267,504.0,130.8493536808262
2025-03-18 11:00:00,1835,3.586385619091163,1.537022408181927,11.0,0.46656310768904513,504.0,130.8493536808262
2025-03-18 12:00:00,1836,3.5685925443201567,1.5293968047086386,10.9,0.3029906715540796,503.0,130.8493536808262
2025-03-18 13:00:00,1837,3.5527413674139114,1.5226034431773905,10.9,0.07115661629142486,501.0,130.8493536808262
2025-03-18 14:00:00,1838,3.8153277378099184,1.6351404590613936,10.9,0.0,501.0,130.8493536808262
2025-03-18 15:00:00,1839,3.701281557945653,1.5862635248338515,10.9,0.30171746063984173,499.0,130.8493536808262
2025-03-18 16:00:00,1840,3.836749956008584,1.6443214097179646,10.9,0.9535510991593121,500.0,130.8493536808262
2025-03-18 17:00:00,1841,3.7678740036861633,1.6148031444369273,10.9,0.6491084153911173,500.0,130.8493536808262
2025-03-18 18:00:00,1842,3.9389826909158367,1.68813543896393,10.9,0.155616058708908,500.0,130.8493536808262
2025-03-18 19:00:00,1843,4.807823696135035,2.0604958697721574,10.9,0.9668786981742584,500.0,130.8493536808262
2025-03-18 20:00:00,1844,4.937783563031179,2.1161929555847903,10.9,6.996211091417646,501.0,130.8493536808262
2025-03-18 21:00:00,1845,4.567337899541675,1.9574305283750033,10.9,15.0,497.0,130.8493536808262
2025-03-18 22:00:00,1846,4.600156232853925,1.9714955283659674,10.9,15.0,484.0,130.8493536808262
2025-03-18 23:00:00,1847,4.551946649905312,1.9508342785308477,10.9,15.0,474.0,130.8493536808262
2025-03-19 00:00:00,1848,4.956642484133211,2.1242753503428045,10.9,15.0,470.0,130.8493536808262
2025-03-19 01:00:00,1849,4.925605330974987,2.1109737132749946,10.9,15.0,467.0,130.8493536808262
2025-03-19 02:00:00,1850,4.848119977867993,2.077765704800569,10.9,8.567200871067541,465.0,130.8493536808262
2025-03-19 03:00:00,1851,4.514548058749568,1.934806310892672,10.8,15.0,452.0,130.8493536808262
2025-03-19 04:00:00,1852,4.584097722807044,1.9646133097744476,10.8,15.0,432.0,130.8493536808262
2025-03-19 05:00:00,1853,4.688354092727737,2.00929461116903,10.8,15.0,413.0,130.8493536808262
2025-03-19 06:00:00,1854,4.599584693198958,1.9712505827995535,10.8,15.0,419.0,130.8493536808262
2025-03-19 07:00:00,1855,4.344359676158002,1.8618684326391437,10.8,15.0,456.0,130.8493536808262
2025-03-19 08:00:00,1856,4.773268380792155,2.045686448910923,10.8,12.503865727469687,493.0,130.8493536808262
2025-03-19 09:00:00,1857,5.313817067038691,2.2773501715880102,10.8,10.379478969872785,499.0,130.8493536808262
2025-03-19 10:00:00,1858,5.105083389334874,2.1878928811435174,10.8,1.3819926454239702,499.0,130.8493536808262
2025-03-19 11:00:00,1859,4.673925278867955,2.003110833800552,10.8,2.158644968783035,499.0,130.8493536808262
2025-03-19 12:00:00,1860,4.821559317825178,2.0663825647822196,10.8,6.10676317239525,498.0,130.8493536808262
2025-03-19 13:00:00,1861,5.031268635893774,2.156257986811617,10.8,10.45482072601899,497.0,130.8493536808262
2025-03-19 14:00:00,1862,4.95511376701096,2.12362018586184,10.8,8.283998814543665,498.0,130.8493536808262
2025-03-19 15:00:00,1863,5.051924391863947,2.1651104536559775,10.8,5.726002394596868,498.0,130.8493536808262
2025-03-19 16:00:00,1864,4.911157468389934,2.1047817721671143,10.8,3.7091620524229634,500.0,130.8493536808262
2025-03-19 17:00:00,1865,4.937005376026107,2.1158594468683316,10.7,2.423821927825667,500.0,130.8493536808262
2025-03-19 18:00:00,1866,5.188886946209643,2.223808691232704,10.7,1.5716871312947254,500.0,130.8493536808262
2025-03-19 19:00:00,1867,5.140911449877709,2.203247764233304,10.7,0.9380696808485105,500.0,130.8493536808262
2025-03-19 20:00:00,1868,5.4705720844674595,2.344530893343197,10.7,0.5888000781831128,501.0,130.8493536808262
2025-03-19 21:00:00,1869,5.50261724141604,2.3582645320354456,10.6,0.8516359240221046,490.0,130.8493536808262
2025-03-19 22:00:00,1870,5.425264451910584,2.3251133365331076,10.6,0.0,446.0,130.8493536808262
2025-03-19 23:00:00,1871,5.280901099388218,2.263243328309236,10.7,0.11459584755917983,382.0,130.8493536808262
2025-03-20 00:00:00,1872,5.716973203286049,2.450131372836878,10.7,0.2597715457794497,326.0,130.8493536808262
2025-03-20 01:00:00,1873,5.359922551291184,2.297109664839079,10.8,0.155242217827944,280.0,130.8493536808262
2025-03-20 02:00:00,1874,5.604574557840717,2.4019605247888784,10.8,0.0,263.0,130.8493536808262
2025-03-20 03:00:00,1875,5.577344554621725,2.3902905234093104,10.9,0.0,254.0,130.8493536808262
2025-03-20 04:00:00,1876,6.284170156071282,2.693215781173406,10.9,0.0,270.0,130.8493536808262
2025-03-20 05:00:00,1877,6.228003498626446,2.6691443565541912,11.0,0.0,308.0,130.8493536808262
2025-03-20 06:00:00,1878,6.1495423529742705,2.6355181512746877,11.0,0.0,363.0,130.8493536808262
2025-03-20 07:00:00,1879,5.880533093301796,2.5202284685579124,11.0,0.0,440.0,130.8493536808262
2025-03-20 08:00:00,1880,6.268098294796051,2.6863278406268787,10.9,0.0,490.0,130.8493536808262
2025-03-20 09:00:00,1881,6.236407334394055,2.672746000454595,10.9,0.0,501.0,130.8493536808262
2025-03-20 10:00:00,1882,6.045476080032818,2.5909183200140644,10.9,0.0,501.0,130.8493536808262
2025-03-20 11:00:00,1883,4.919392814649338,2.108311206278288,10.8,0.0,500.0,130.8493536808262
2025-03-20 12:00:00,1884,5.590471242930607,2.39591624697026,10.8,0.0,499.0,130.8493536808262
2025-03-20 13:00:00,1885,5.491425407563602,2.3534680318129717,10.7,0.0,499.0,130.8493536808262
2025-03-20 14:00:00,1886,6.020820107235292,2.5803514745294107,10.7,0.012649194378408408,499.0,130.8493536808262
2025-03-20 15:00:00,1887,5.290185897132638,2.267222527342559,10.7,0.0,496.0,130.8493536808262
2025-03-20 16:00:00,1888,4.934423168442585,2.114752786475394,10.6,0.0,496.0,130.8493536808262
2025-03-20 17:00:00,1889,6.1606194951020745,2.640265497900889,10.6,0.0,497.0,130.8493536808262
2025-03-20 18:00:00,1890,5.805203592048036,2.4879443965920154,10.6,0.0,498.0,130.8493536808262
2025-03-20 19:00:00,1891,4.808123695717386,2.0606244410217367,10.6,0.0,500.0,130.8493536808262
2025-03-20 20:00:00,1892,5.914327301547036,2.5347117006630153,10.6,0.0,500.0,130.8493536808262
2025-03-20 21:00:00,1893,5.869089602223885,2.5153241152388075,10.6,0.0,485.0,130.8493536808262
2025-03-20 22:00:00,1894,6.225390074684823,2.668024317722067,10.6,0.0,424.0,130.8493536808262
2025-03-20 23:00:00,1895,5.767667842616726,2.471857646835739,10.6,0.0,354.0,130.8493536808262
2025-03-21 00:00:00,1896,6.3687031667064655,2.7294442143027706,10.7,0.0,302.0,130.8493536808262
2025-03-21 01:00:00,1897,6.112362476140905,2.6195839183461023,10.8,0.08376708663217697,261.0,130.8493536808262
2025-03-21 02:00:00,1898,5.709529418106891,2.4469411791886677,10.8,0.5139584788037189,240.0,130.8493536808262
2025-03-21 03:00:00,1899,5.263092927291268,2.2556112545534006,10.9,1.5855190094026324,223.0,130.8493536808262
2025-03-21 04:00:00,1900,4.346353317630864,1.8627228504132272,10.9,4.3841971404437245,248.0,130.8493536808262
2025-03-21 05:00:00,1901,5.823090362812501,2.4956101554910717,11.0,11.374311636836655,284.0,130.8493536808262
2025-03-21 06:00:00,1902,5.736281846772991,2.458406505759853,11.1,13.268364499423292,345.0,130.8493536808262
2025-03-21 07:00:00,1903,5.596478272449138,2.398490688192488,11.1,12.652872734488245,428.0,130.8493536808262
2025-03-21 08:00:00,1904,5.8619904367777345,2.512281615761886,11.1,13.099385907703997,487.0,130.8493536808262
2025-03-21 09:00:00,1905,5.869197260945564,2.5153702546909558,11.1,15.0,498.0,130.8493536808262
2025-03-21 10:00:00,1906,5.884162415139398,2.521783892202599,11.1,11.971845303225642,498.0,130.8493536808262
2025-03-21 11:00:00,1907,5.890692885046006,2.5245826650197167,11.1,11.971845303225642,497.0,130.8493536808262
2025-03-21 12:00:00,1908,5.886062489102139,2.5225982096152024,11.1,13.840161784496004,496.0,130.8493536808262
2025-03-21 13:00:00,1909,5.950380907244545,2.5501632459619477,11.1,15.0,494.0,130.8493536808262
2025-03-21 14:00:00,1910,5.49111672090996,2.3533357375328396,11.1,15.0,494.0,130.8493536808262
2025-03-21 15:00:00,1911,5.514564320535112,2.363384708800762,11.0,15.0,493.0,130.8493536808262
2025-03-21 16:00:00,1912,5.61852203205672,2.4079380137385944,11.0,15.0,494.0,130.8493536808262
2025-03-21 17:00:00,1913,5.67837054941149,2.43358737831921,11.0,15.0,493.0,130.8493536808262
2025-03-21 18:00:00,1914,5.504342063536125,2.359003741515482,11.0,15.0,494.0,130.8493536808262
2025-03-21 19:00:00,1915,5.126193163117314,2.1969399270502774,11.0,15.0,496.0,130.8493536808262
2025-03-21 20:00:00,1916,5.6354993330917384,2.415213999896459,11.0,15.0,495.0,130.8493536808262
2025-03-21 21:00:00,1917,5.40512796314607,2.3164834127768867,11.0,15.0,475.0,130.8493536808262
2025-03-21 22:00:00,1918,5.565280322966974,2.385120138414417,11.0,15.0,400.0,130.8493536808262
2025-03-21 23:00:00,1919,5.7980393567411035,2.4848740100319016,11.1,15.0,311.0,130.8493536808262
2025-03-22 00:00:00,1920,5.797552323155106,2.484665281352188,11.1,15.0,244.0,130.8493536808262
2025-03-22 01:00:00,1921,5.051567245895615,2.164957391098121,11.1,15.0,198.0,130.8493536808262
2025-03-22 02:00:00,1922,5.193630570899259,2.2258416732425395,11.1,15.0,169.0,130.8493536808262
2025-03-22 03:00:00,1923,4.075462246352657,1.7466266770082817,11.2,15.0,164.0,130.8493536808262
2025-03-22 04:00:00,1924,3.5170118931924206,1.5072908113681802,11.2,15.0,185.0,130.8493536808262
2025-03-22 05:00:00,1925,4.829857413605148,2.069938891545063,11.2,15.0,237.0,130.8493536808262
2025-03-22 06:00:00,1926,5.401905120527432,2.3151021945117565,11.3,15.0,320.0,130.8493536808262
2025-03-22 07:00:00,1927,5.294791067395858,2.2691961717410822,11.3,15.0,418.0,130.8493536808262
2025-03-22 08:00:00,1928,5.470359665646998,2.344439856705856,11.4,15.0,485.0,130.8493536808262
2025-03-22 09:00:00,1929,5.525042170967421,2.3678752161288945,11.4,15.0,498.0,130.8493536808262
2025-03-22 10:00:00,1930,5.967642450543681,2.557561050233006,11.4,15.0,497.0,130.8493536808262
2025-03-22 11:00:00,1931,5.23356591156233,2.2429568192409985,11.4,10.265260656988143,498.0,130.8493536808262
2025-03-22 12:00:00,1932,5.882929191709906,2.5212553678756735,11.4,6.029805231657709,495.0,130.8493536808262
2025-03-22 13:00:00,1933,5.2928665769229415,2.268371390109832,11.4,4.007678977370069,495.0,130.8493536808262
2025-03-22 14:00:00,1934,5.608041530387961,2.4034463701662685,11.4,4.15278374922614,494.0,130.8493536808262
2025-03-22 15:00:00,1935,5.696812913791478,2.441491248767776,11.4,8.870629957003477,492.0,130.8493536808262
2025-03-22 16:00:00,1936,5.821162986069995,2.4947841368871404,11.4,15.0,493.0,130.8493536808262
2025-03-22 17:00:00,1937,5.644718788910016,2.4191651952471496,11.4,15.0,494.0,130.8493536808262
2025-03-22 18:00:00,1938,5.629066580248027,2.412457105820583,11.4,15.0,496.0,130.8493536808262
2025-03-22 19:00:00,1939,5.149702124770508,2.2070151963302176,11.4,15.0,498.0,130.8493536808262
2025-03-22 20:00:00,1940,5.668876541413936,2.4295185177488294,11.4,15.0,498.0,130.8493536808262
2025-03-22 21:00:00,1941,5.710647962364773,2.4474205552991877,11.4,15.0,473.0,130.8493536808262
2025-03-22 22:00:00,1942,5.699127349309472,2.442483149704059,11.4,8.799817301041003,390.0,130.8493536808262
2025-03-22 23:00:00,1943,5.430432969934484,2.3273284156862073,11.4,6.805449761002026,293.0,130.8493536808262
2025-03-23 00:00:00,1944,5.48243452917625,2.3496147982183926,11.4,3.8529875841435723,219.0,130.8493536808262
2025-03-23 01:00:00,1945,5.5425169497211995,2.375364407023371,11.6,2.6138145402976973,176.0,130.8493536808262
2025-03-23 02:00:00,1946,5.394877063505756,2.3120901700738954,11.6,1.6651584389941538,162.0,130.8493536808262
2025-03-23 03:00:00,1947,5.557524742216336,2.3817963180927153,11.8,0.6468168940427343,159.0,130.8493536808262
2025-03-23 04:00:00,1948,5.560193631539344,2.382940127802576,11.9,0.005534809383241714,172.0,130.8493536808262
2025-03-23 05:00:00,1949,5.4918046369111835,2.353630558676221,12.1,0.0,214.0,130.8493536808262
2025-03-23 06:00:00,1950,5.512077932518242,2.362319113936389,12.1,0.19727552594928438,301.0,130.8493536808262
2025-03-23 07:00:00,1951,5.415419467046904,2.320894057305816,12.1,2.809020459192947,409.0,130.8493536808262
2025-03-23 08:00:00,1952,4.929173530183545,2.112502941507233,12.1,5.367958302492353,485.0,130.8493536808262
2025-03-23 09:00:00,1953,4.705369407114533,2.016586888763371,12.0,6.2916046111881725,500.0,130.8493536808262
2025-03-23 10:00:00,1954,4.960959447026225,2.1261254772969536,11.9,8.213229083003696,500.0,130.8493536808262
2025-03-23 11:00:00,1955,4.990262439354977,2.1386839025807043,11.8,7.865193906868456,500.0,130.8493536808262
2025-03-23 12:00:00,1956,4.408922874037129,1.889538374587341,11.8,8.091487568287445,499.0,130.8493536808262
2025-03-23 13:00:00,1957,4.94629428075902,2.11984040603958,11.7,9.050420523727773,498.0,130.8493536808262
2025-03-23 14:00:00,1958,4.4701881027069765,1.9157949011601325,11.7,9.197502542977745,498.0,130.8493536808262
2025-03-23 15:00:00,1959,4.922556511067318,2.1096670761717076,11.6,7.374766575051582,496.0,130.8493536808262
2025-03-23 16:00:00,1960,4.98703155777636,2.1372992390470116,11.6,5.148544012814946,494.0,130.8493536808262
2025-03-23 17:00:00,1961,4.956542494770408,2.124232497758747,11.6,3.785532768742647,496.0,130.8493536808262
2025-03-23 18:00:00,1962,5.05070728348576,2.1645888357796115,11.6,2.565854440265293,497.0,130.8493536808262
2025-03-23 19:00:00,1963,5.553485221858704,2.3800650950823017,11.6,1.9784085158709217,498.0,130.8493536808262
2025-03-23 20:00:00,1964,5.897434854825523,2.52747208063951,11.6,1.5784563487562648,500.0,130.8493536808262
2025-03-23 21:00:00,1965,5.099487310572494,2.185494561673926,11.6,0.8472364202605492,476.0,130.8493536808262
2025-03-23 22:00:00,1966,4.846593342285884,2.077111432408236,11.6,0.6619359503671766,409.0,130.8493536808262
2025-03-23 23:00:00,1967,5.525468684901952,2.368058007815122,11.6,0.3862178439690958,384.0,130.8493536808262
2025-03-24 00:00:00,1968,5.60784139560695,2.4033605981172648,11.6,0.38138676907335173,369.0,130.8493536808262
2025-03-24 01:00:00,1969,5.4600787500871295,2.340033750037341,11.6,0.393734406145378,334.0,130.8493536808262
2025-03-24 02:00:00,1970,5.08407329802872,2.178888556298023,11.8,0.6293865129599143,326.0,130.8493536808262
2025-03-24 03:00:00,1971,4.78134370611796,2.0491473026219826,11.8,0.9394649475302428,310.0,130.8493536808262
2025-03-24 04:00:00,1972,4.492330339541067,1.925284431231886,11.9,1.0983959318574588,350.0,130.8493536808262
2025-03-24 05:00:00,1973,4.699605186734262,2.0141165086003974,11.9,0.8774967096361309,375.0,130.8493536808262
2025-03-24 06:00:00,1974,4.351132320383751,1.8647709944501787,12.0,0.5809392675062485,412.0,130.8493536808262
2025-03-24 07:00:00,1975,4.275711416675737,1.832447750003887,12.0,0.6643814014979166,459.0,130.8493536808262
2025-03-24 08:00:00,1976,3.689647724546414,1.5812775962341774,11.9,0.8882981226847717,495.0,130.8493536808262
2025-03-24 09:00:00,1977,4.06816246518197,1.7434981993637018,11.9,1.1037335527896002,502.0,130.8493536808262
2025-03-24 10:00:00,1978,4.064556233768586,1.7419526716151086,11.9,3.7195828862267133,501.0,130.8493536808262
2025-03-24 11:00:00,1979,4.239756558242437,1.8170385249610441,11.9,5.525056208143679,499.0,130.8493536808262
2025-03-24 12:00:00,1980,4.899481389539686,2.099777738374151,11.8,3.979537036646463,496.0,130.8493536808262
2025-03-24 13:00:00,1981,4.974495424096494,2.131926610327069,11.8,4.699270830438883,494.0,130.8493536808262
2025-03-24 14:00:00,1982,4.867770029599013,2.0861871555424343,11.8,9.215939348507305,494.0,130.8493536808262
2025-03-24 15:00:00,1983,5.010578047983392,2.147390591992882,11.8,11.347530996913113,494.0,130.8493536808262
2025-03-24 16:00:00,1984,4.985210201185765,2.136518657651042,11.7,10.957724519538932,494.0,130.8493536808262
2025-03-24 17:00:00,1985,5.120057975642267,2.194310560989543,11.7,10.512389164345318,496.0,130.8493536808262
2025-03-24 18:00:00,1986,5.104278664289022,2.1875479989810094,11.7,7.433638337600134,499.0,130.8493536808262
2025-03-24 19:00:00,1987,5.034497859062148,2.1576419395980633,11.7,5.786965129337729,499.0,130.8493536808262
2025-03-24 20:00:00,1988,4.829371445647757,2.069730619563324,11.7,4.820450653542607,500.0,130.8493536808262
2025-03-24 21:00:00,1989,4.972957836231954,2.1312676440994083,11.7,4.208653841344114,478.0,130.8493536808262
2025-03-24 22:00:00,1990,4.8672563477508355,2.0859670061789295,11.7,5.437465400222134,410.0,130.8493536808262
2025-03-24 23:00:00,1991,5.084674915890496,2.179146392524498,11.8,6.50927616941581,335.0,130.8493536808262
2025-03-25 00:00:00,1992,5.4364042538370185,2.329887537358722,11.8,3.325896000787055,283.0,130.8493536808262
2025-03-25 01:00:00,1993,4.978758597526479,2.1337536846542053,11.8,3.0070179425414225,243.0,130.8493536808262
2025-03-25 02:00:00,1994,4.813001183394954,2.0627147928835514,11.9,3.8955005243911875,222.0,130.8493536808262
2025-03-25 03:00:00,1995,4.384716270128505,1.8791641157693593,11.9,6.244416397766144,217.0,130.8493536808262
2025-03-25 04:00:00,1996,3.8783128446631934,1.6621340762842256,11.9,11.099465660357385,249.0,130.8493536808262
2025-03-25 05:00:00,1997,4.110354964685069,1.7615806991507434,12.0,12.155076983144772,293.0,130.8493536808262
2025-03-25 06:00:00,1998,4.054311029630179,1.7375618698415052,12.1,11.525842042664456,359.0,130.8493536808262
2025-03-25 07:00:00,1999,4.207588033434562,1.8032520143290978,12.1,13.134156285377506,435.0,130.8493536808262
2025-03-25 08:00:00,2000,4.512831476034252,1.9340706325861077,12.1,14.473066746197103,489.0,130.8493536808262
2025-03-25 09:00:00,2001,4.221342677615274,1.8091468618351176,12.1,15.0,501.0,130.8493536808262
2025-03-25 10:00:00,2002,3.8800740948636507,1.6628888977987073,12.0,12.344636927078811,500.0,130.8493536808262
2025-03-25 11:00:00,2003,4.740978583715396,2.031847964449455,12.0,15.0,498.0,130.8493536808262
2025-03-25 12:00:00,2004,3.9546823931065154,1.6948638827599352,12.0,15.0,496.0,130.8493536808262
2025-03-25 13:00:00,2005,4.628091006473014,1.9834675742027201,12.0,15.0,495.0,130.8493536808262
2025-03-25 14:00:00,2006,4.614499942500885,1.9776428325003792,12.0,15.0,494.0,130.8493536808262
2025-03-25 15:00:00,2007,5.267398353876118,2.257456437375479,12.0,15.0,493.0,130.8493536808262
2025-03-25 16:00:00,2008,4.791986405034698,2.0537084593005845,12.1,15.0,493.0,130.8493536808262
2025-03-25 17:00:00,2009,4.713848719412601,2.020220879748257,12.1,15.0,493.0,130.8493536808262
2025-03-25 18:00:00,2010,4.434928885195798,1.9006838079410562,12.1,15.0,492.0,130.8493536808262
2025-03-25 19:00:00,2011,4.508236282320257,1.9321012638515385,12.1,15.0,492.0,130.8493536808262
2025-03-25 20:00:00,2012,4.370488988721933,1.8730667094522566,12.1,15.0,491.0,130.8493536808262
2025-03-25 21:00:00,2013,4.905592913586783,2.1023969629657637,12.1,15.0,467.0,130.8493536808262
2025-03-25 22:00:00,2014,4.674164599100751,2.0032133996146078,12.1,15.0,397.0,130.8493536808262
2025-03-25 23:00:00,2015,4.608671266199783,1.9751448283713355,12.1,15.0,324.0,130.8493536808262
2025-03-26 00:00:00,2016,3.4733485178198116,1.4885779362084905,12.1,15.0,271.0,130.8493536808262
2025-03-26 01:00:00,2017,3.9433417131467685,1.690003591348615,12.2,15.0,235.0,130.8493536808262
2025-03-26 02:00:00,2018,3.772507022116576,1.616788723764247,12.4,15.0,210.0,130.8493536808262
2025-03-26 03:00:00,2019,3.811108122915156,1.6333320526779238,12.6,12.630342873783707,202.0,130.8493536808262
2025-03-26 04:00:00,2020,3.6828157474784176,1.5783496060621791,12.8,8.187204794296989,231.0,130.8493536808262
2025-03-26 05:00:00,2021,3.6477845439922696,1.563336233139544,12.9,4.890052070043972,276.0,130.8493536808262
2025-03-26 06:00:00,2022,3.463910489392614,1.4845330668825485,12.9,2.211243750170156,345.0,130.8493536808262
2025-03-26 07:00:00,2023,3.7406619238653445,1.603140824513719,12.9,0.37319050268862525,427.0,130.8493536808262
2025-03-26 08:00:00,2024,4.164998404596354,1.7849993162555806,12.9,0.0,484.0,130.8493536808262
2025-03-26 09:00:00,2025,4.252010954521527,1.8222904090806544,12.9,2.573828372764206,499.0,130.8493536808262
2025-03-26 10:00:00,2026,4.312629794576742,1.8482699119614605,12.9,5.201201211517143,498.0,130.8493536808262
2025-03-26 11:00:00,2027,4.414869532197873,1.8920869423705167,12.8,10.981344671883683,498.0,130.8493536808262
2025-03-26 12:00:00,2028,4.236260887320787,1.8155403802803374,12.8,13.466078175311715,498.0,130.8493536808262
2025-03-26 13:00:00,2029,4.9658140283813506,2.1282060121634356,12.7,13.06007984930039,497.0,130.8493536808262
2025-03-26 14:00:00,2030,5.217974207815418,2.2362746604923216,12.7,12.221848884236932,497.0,130.8493536808262
2025-03-26 15:00:00,2031,4.677004453308842,2.0044304799895034,12.6,10.79986205160032,496.0,130.8493536808262
2025-03-26 16:00:00,2032,4.633473572297471,1.9857743881274876,12.6,9.552691303650475,496.0,130.8493536808262
2025-03-26 17:00:00,2033,4.875361333217146,2.089440571378777,12.6,8.025336990054013,497.0,130.8493536808262
2025-03-26 18:00:00,2034,5.513314566003704,2.3628490997158726,12.6,6.140707843201103,498.0,130.8493536808262
2025-03-26 19:00:00,2035,5.677550339092976,2.433235859611275,12.6,4.8943578620854185,499.0,130.8493536808262
2025-03-26 20:00:00,2036,5.521264886170787,2.36625637978748,12.6,3.928713121715954,498.0,130.8493536808262
2025-03-26 21:00:00,2037,5.184804313422958,2.222058991466982,12.6,4.219137302007269,483.0,130.8493536808262
2025-03-26 22:00:00,2038,5.377650052535307,2.304707165372274,12.6,2.574333662979857,442.0,130.8493536808262
2025-03-26 23:00:00,2039,5.029024575693642,2.1552962467258463,12.6,0.4943432432220628,385.0,130.8493536808262
2025-03-27 00:00:00,2040,5.362107949333772,2.2980462640001877,12.6,0.25996356521422126,323.0,130.8493536808262
2025-03-27 01:00:00,2041,5.573511403641495,2.3886477444177836,12.7,0.09701841361656162,282.0,130.8493536808262
2025-03-27 02:00:00,2042,5.056989209302607,2.167281089701117,12.8,0.2814544080554747,263.0,130.8493536808262
2025-03-27 03:00:00,2043,4.8651243715029,2.085053302072671,12.9,1.4275575435987542,238.0,130.8493536808262
2025-03-27 04:00:00,2044,4.424631612928161,1.896270691254926,12.9,3.146857703828884,262.0,130.8493536808262
2025-03-27 05:00:00,2045,5.143072457764168,2.2041739104703577,12.9,6.6483870733499,305.0,130.8493536808262
2025-03-27 06:00:00,2046,4.858875290946699,2.0823751246914424,13.0,11.65206189261179,378.0,130.8493536808262
2025-03-27 07:00:00,2047,4.912870244661525,2.105515819140653,13.0,15.0,447.0,130.8493536808262
2025-03-27 08:00:00,2048,4.099239690094413,1.7568170100404625,12.9,15.0,491.0,130.8493536808262
2025-03-27 09:00:00,2049,4.408818845931124,1.8894937911133387,12.9,15.0,499.0,130.8493536808262
2025-03-27 10:00:00,2050,4.410341555857417,1.8901463810817498,12.9,15.0,498.0,130.8493536808262
2025-03-27 11:00:00,2051,4.191551813559041,1.7963793486681605,12.8,15.0,497.0,130.8493536808262
2025-03-27 12:00:00,2052,4.452446628221748,1.9081914120950347,12.8,15.0,495.0,130.8493536808262
2025-03-27 13:00:00,2053,4.975909602031278,2.1325326865848333,12.8,15.0,493.0,130.8493536808262
2025-03-27 14:00:00,2054,4.802577902173372,2.0582476723600163,12.9,15.0,494.0,130.8493536808262
2025-03-27 15:00:00,2055,5.038870013083761,2.1595157198930406,12.9,15.0,494.0,130.8493536808262
2025-03-27 16:00:00,2056,4.77823519869818,2.0478150851563623,12.9,15.0,496.0,130.8493536808262
2025-03-27 17:00:00,2057,4.799814366952349,2.057063300122435,12.9,15.0,497.0,130.8493536808262
2025-03-27 18:00:00,2058,4.98748285353199,2.1374926515137096,12.9,15.0,498.0,130.8493536808262
2025-03-27 19:00:00,2059,5.16799860512282,2.214856545052637,12.9,15.0,498.0,130.8493536808262
2025-03-27 20:00:00,2060,4.715963124160551,2.0211270532116647,12.9,15.0,498.0,130.8493536808262
2025-03-27 21:00:00,2061,4.5357809098308906,1.9439061042132386,12.9,15.0,493.0,130.8493536808262
2025-03-27 22:00:00,2062,4.688968536069541,2.009557944029803,12.9,15.0,483.0,130.8493536808262
2025-03-27 23:00:00,2063,4.972717333812202,2.1311645716338004,13.0,5.1011149218971825,459.0,130.8493536808262
2025-03-28 00:00:00,2064,5.069169148744569,2.172501063747672,13.1,6.6220949090672105,409.0,130.8493536808262
2025-03-28 01:00:00,2065,5.300107311552329,2.2714745620938555,13.1,2.7642367941316746,344.0,130.8493536808262
2025-03-28 02:00:00,2066,4.775281391171173,2.046549167644788,13.2,0.04190974712365065,322.0,130.8493536808262
2025-03-28 03:00:00,2067,4.77458856903678,2.0462522438729054,13.4,3.2679450058237896,327.0,130.8493536808262
2025-03-28 04:00:00,2068,4.27276147783483,1.8311834905006414,13.6,7.157533940977677,363.0,130.8493536808262
2025-03-28 05:00:00,2069,4.148321026500995,1.7778518685004265,13.7,11.339478710889777,392.0,130.8493536808262
2025-03-28 06:00:00,2070,3.953314552470947,1.6942776653446916,13.8,13.880863751800687,423.0,130.8493536808262
2025-03-28 07:00:00,2071,4.24525578343035,1.8193953357558645,13.8,14.145114951028178,466.0,130.8493536808262
2025-03-28 08:00:00,2072,4.412809664564868,1.8912041419563717,13.8,15.0,492.0,130.8493536808262
2025-03-28 09:00:00,2073,4.6714155318101565,2.0020352279186384,13.7,15.0,495.0,130.8493536808262
2025-03-28 10:00:00,2074,4.849860439351872,2.0785116168650877,13.6,15.0,493.0,130.8493536808262
2025-03-28 11:00:00,2075,4.991800450625663,2.1393430502681414,13.6,15.0,492.0,130.8493536808262
2025-03-28 12:00:00,2076,4.919875475317176,2.1085180608502183,13.6,12.284894767847167,491.0,130.8493536808262
2025-03-28 13:00:00,2077,4.8790226236120535,2.0910096958337374,13.5,0.5106797083133467,492.0,130.8493536808262
2025-03-28 14:00:00,2078,4.904824601695935,2.102067686441115,13.5,3.4046480835507773,491.0,130.8493536808262
2025-03-28 15:00:00,2079,5.117081534004456,2.1930349431447667,13.4,15.0,489.0,130.8493536808262
2025-03-28 16:00:00,2080,5.170108584473247,2.2157608219171054,13.4,15.0,488.0,130.8493536808262
2025-03-28 17:00:00,2081,5.193668211037934,2.2258578047305435,13.4,15.0,489.0,130.8493536808262
2025-03-28 18:00:00,2082,4.840670852634144,2.07457322255749,13.4,15.0,491.0,130.8493536808262
2025-03-28 19:00:00,2083,5.093713710447496,2.183020161620355,13.4,15.0,493.0,130.8493536808262
2025-03-28 20:00:00,2084,4.706972326913604,2.017273854391544,13.4,15.0,492.0,130.8493536808262
2025-03-28 21:00:00,2085,4.8392612574680856,2.073969110343465,13.3,15.0,486.0,130.8493536808262
2025-03-28 22:00:00,2086,4.905929979296547,2.10254141969852,13.3,5.707574824398442,479.0,130.8493536808262
2025-03-28 23:00:00,2087,4.734556937084596,2.0290958301791124,13.2,7.730121418812366,470.0,130.8493536808262
2025-03-29 00:00:00,2088,4.596905412767836,1.9701023197576442,13.2,8.415039427023986,464.0,130.8493536808262
2025-03-29 01:00:00,2089,4.6471988690318655,1.9916566581565138,13.2,11.830250454836564,464.0,130.8493536808262
2025-03-29 02:00:00,2090,4.41022286856228,1.89009551509812,13.2,11.359185322670788,459.0,130.8493536808262
2025-03-29 03:00:00,2091,4.815603157294673,2.0638299245548595,13.2,15.0,444.0,130.8493536808262
2025-03-29 04:00:00,2092,4.695462515914633,2.0123410782491287,13.1,15.0,442.0,130.8493536808262
2025-03-29 05:00:00,2093,4.6891531876077455,2.0096370804033192,13.1,15.0,444.0,130.8493536808262
2025-03-29 06:00:00,2094,4.220794713309594,1.808912019989826,13.1,15.0,461.0,130.8493536808262
2025-03-29 07:00:00,2095,4.154465901205759,1.7804853862310392,13.1,15.0,485.0,130.8493536808262
2025-03-29 08:00:00,2096,4.492924579731813,1.9255391055993485,13.1,14.90107716922643,498.0,130.8493536808262
2025-03-29 09:00:00,2097,4.089500360323335,1.7526430115671432,13.0,13.706592436714232,502.0,130.8493536808262
2025-03-29 10:00:00,2098,4.30927214516589,1.84683091935681,13.0,8.227340443000259,500.0,130.8493536808262
2025-03-29 11:00:00,2099,4.720553780695047,2.0230944774407345,12.9,5.220347304717353,500.0,130.8493536808262
2025-03-29 12:00:00,2100,4.42482419759637,1.896353227541301,12.9,4.0181394759167155,499.0,130.8493536808262
2025-03-29 13:00:00,2101,5.315182493555419,2.277935354380894,12.9,4.032623646905112,498.0,130.8493536808262
2025-03-29 14:00:00,2102,4.817407340507753,2.0646031459318936,12.9,4.406639431588817,498.0,130.8493536808262
2025-03-29 15:00:00,2103,5.176445129138926,2.218476483916682,12.9,3.9710137328560147,498.0,130.8493536808262
2025-03-29 16:00:00,2104,4.975900062134491,2.1325285980576383,12.9,2.896829732034096,498.0,130.8493536808262
2025-03-29 17:00:00,2105,5.673043232679995,2.4313042425771405,12.9,2.355025901643215,498.0,130.8493536808262
2025-03-29 18:00:00,2106,5.427930013210986,2.3262557199475657,12.9,2.5112188441944996,497.0,130.8493536808262
2025-03-29 19:00:00,2107,5.663170758913008,2.427073182391289,12.9,3.614978765636503,497.0,130.8493536808262
2025-03-29 20:00:00,2108,5.9954398977215995,2.5694742418806853,12.9,4.148953436278997,495.0,130.8493536808262
2025-03-29 21:00:00,2109,6.041523005322301,2.589224145138129,12.8,3.255885475351657,477.0,130.8493536808262
2025-03-29 22:00:00,2110,5.945970303900646,2.548272987385991,12.8,1.19020630035697,421.0,130.8493536808262
2025-03-29 23:00:00,2111,5.920711052892168,2.5374475940966437,12.9,0.2783497376105485,324.0,130.8493536808262
2025-03-30 00:00:00,2112,5.697046797732394,2.4415914847424545,12.9,0.08941865146561095,258.0,130.8493536808262
2025-03-30 01:00:00,2113,5.244165001356855,2.2474992862957945,12.9,0.0,237.0,130.8493536808262
2025-03-30 02:00:00,2114,4.580063748701074,1.9628844637290315,12.9,0.0,213.0,130.8493536808262
2025-03-30 03:00:00,2115,4.462007321950573,1.9122888522645307,13.1,0.0580138552662458,204.0,130.8493536808262
2025-03-30 04:00:00,2116,4.349065131540871,1.8638850563746587,13.1,0.3816755706091991,216.0,130.8493536808262
2025-03-30 05:00:00,2117,4.380365955657485,1.877299695281779,13.1,0.42551327311299514,267.0,130.8493536808262
2025-03-30 06:00:00,2118,4.000095745235931,1.714326747958256,13.2,0.0,340.0,130.8493536808262
2025-03-30 07:00:00,2119,3.7418826074617195,1.6036639746264514,13.2,0.0,432.0,130.8493536808262
2025-03-30 08:00:00,2120,3.864174546770361,1.6560748057587262,13.1,0.0,486.0,130.8493536808262
2025-03-30 09:00:00,2121,4.395306899847366,1.8837029570774422,13.1,0.0,497.0,130.8493536808262
2025-03-30 10:00:00,2122,3.869403133878233,1.6583156288049568,13.1,0.4492694108106408,496.0,130.8493536808262
2025-03-30 11:00:00,2123,4.518363277548469,1.9364414046636296,13.0,1.4669276249504806,496.0,130.8493536808262
2025-03-30 12:00:00,2124,4.151076487543575,1.7790327803758177,12.9,1.4470972479590176,495.0,130.8493536808262
2025-03-30 13:00:00,2125,4.815968669549047,2.0639865726638775,12.9,3.21020229450579,493.0,130.8493536808262
2025-03-30 14:00:00,2126,4.768923414500383,2.043824320500164,12.9,10.243165894446046,493.0,130.8493536808262
2025-03-30 15:00:00,2127,4.877516275583076,2.0903641181070323,12.9,15.0,491.0,130.8493536808262
2025-03-30 16:00:00,2128,4.383318252732619,1.8785649654568364,12.9,15.0,490.0,130.8493536808262
2025-03-30 17:00:00,2129,4.499228083634499,1.928240607271928,12.9,15.0,492.0,130.8493536808262
2025-03-30 18:00:00,2130,4.567572774974207,1.95753118927466,12.9,15.0,494.0,130.8493536808262
2025-03-30 19:00:00,2131,4.202017829187227,1.800864783937383,12.9,15.0,495.0,130.8493536808262
2025-03-30 20:00:00,2132,4.032566404959042,1.728242744982447,12.8,15.0,497.0,130.8493536808262
2025-03-30 21:00:00,2133,3.9406576787251364,1.6888532908822012,12.8,15.0,484.0,130.8493536808262
2025-03-30 22:00:00,2134,3.819033268420987,1.6367285436089942,12.8,11.966550152730035,445.0,130.8493536808262
2025-03-30 23:00:00,2135,3.9411050347320735,1.6890450148851743,12.8,13.671373615935963,400.0,130.8493536808262
2025-03-31 00:00:00,2136,4.184529079343869,1.7933696054330868,12.8,15.0,382.0,130.8493536808262
2025-03-31 01:00:00,2137,4.913122959441852,2.105624125475079,12.8,15.0,371.0,130.8493536808262
2025-03-31 02:00:00,2138,3.9188882949614925,1.6795235549834968,12.8,15.0,371.0,130.8493536808262
2025-03-31 03:00:00,2139,4.145860820338262,1.7767974944306835,12.8,13.250965466148607,378.0,130.8493536808262
2025-03-31 04:00:00,2140,4.106257201757628,1.7598245150389833,12.8,11.537626665850752,400.0,130.8493536808262
2025-03-31 05:00:00,2141,4.036064046655059,1.7297417342807397,12.8,10.056620570740012,425.0,130.8493536808262
2025-03-31 06:00:00,2142,4.020314546216019,1.7229919483782938,12.8,8.298549051388331,451.0,130.8493536808262
2025-03-31 07:00:00,2143,4.051260052125975,1.7362543080539892,12.8,8.794873204694532,477.0,130.8493536808262
2025-03-31 08:00:00,2144,4.413281215070386,1.8914062350301655,12.7,8.347861057899848,498.0,130.8493536808262
2025-03-31 09:00:00,2145,4.055652021234716,1.7381365805291635,12.7,7.895339809528513,503.0,130.8493536808262
2025-03-31 10:00:00,2146,4.382565439054421,1.8782423310233232,12.7,5.42145619141784,503.0,130.8493536808262
2025-03-31 11:00:00,2147,4.294264915464961,1.8403992494849832,12.6,6.599749281994605,502.0,130.8493536808262
2025-03-31 12:00:00,2148,4.137570033651792,1.7732443001364822,12.6,6.957706114309113,501.0,130.8493536808262
2025-03-31 13:00:00,2149,4.8040305540503665,2.058870237450157,12.6,7.213228503968429,501.0,130.8493536808262
2025-03-31 14:00:00,2150,4.444944929596142,1.9049763983983463,12.6,10.499926576951449,500.0,130.8493536808262
2025-03-31 15:00:00,2151,4.543675582724568,1.9472895354533861,12.6,12.56777620215993,500.0,130.8493536808262
2025-03-31 16:00:00,2152,4.3666497048710955,1.871421302087612,12.6,8.9095062522692,499.0,130.8493536808262
2025-03-31 17:00:00,2153,4.461377503971173,1.91201893027336,12.6,7.321224462024953,498.0,130.8493536808262
2025-03-31 18:00:00,2154,4.364542852210252,1.870518365232965,12.6,8.70219733397953,498.0,130.8493536808262
2025-03-31 19:00:00,2155,4.164665808773777,1.7848567751887616,12.6,8.595538801706027,498.0,130.8493536808262
2025-03-31 20:00:00,2156,4.384049025097194,1.8788781536130827,12.6,6.993116128418457,499.0,130.8493536808262
2025-03-31 21:00:00,2157,4.158610954115948,1.7822618374782633,12.6,6.046749097644249,496.0,130.8493536808262
2025-03-31 22:00:00,2158,4.115648589515483,1.7638493955066352,12.6,0.29482579085175054,488.0,130.8493536808262
2025-03-31 23:00:00,2159,4.0607060839812394,1.7403026074205312,12.6,0.0,478.0,130.8493536808262
2025-04-01 00:00:00,2160,4.531104977448662,1.9419021331922832,12.6,0.4928566828496193,474.0,130.8493536808262
2025-04-01 01:00:00,2161,4.335227480603187,1.8579546345442228,12.6,0.9750476706311413,467.0,130.8493536808262
2025-04-01 02:00:00,2162,3.9734171958802573,1.7028930839486816,12.6,0.5174172831088873,466.0,130.8493536808262
2025-04-01 03:00:00,2163,3.5531860942153095,1.5227940403779898,12.6,0.6951463543294042,464.0,130.8493536808262
2025-04-01 04:00:00,2164,3.518227542793782,1.5078118040544777,12.5,2.7726947518964233,469.0,130.8493536808262
2025-04-01 05:00:00,2165,3.5290900568011088,1.512467167200475,12.5,6.392371960799958,476.0,130.8493536808262
2025-04-01 06:00:00,2166,3.6325615626727283,1.556812098288312,12.5,11.94453641550174,484.0,130.8493536808262
2025-04-01 07:00:00,2167,3.9578452200940752,1.6962193800403178,12.5,15.0,494.0,130.8493536808262
2025-04-01 08:00:00,2168,3.9571517852505833,1.6959221936788211,12.5,15.0,501.0,130.8493536808262
2025-04-01 09:00:00,2169,3.8247242860776836,1.63916755117615,12.4,15.0,502.0,130.8493536808262
2025-04-01 10:00:00,2170,3.907012980510811,1.6744341345046332,12.4,15.0,501.0,130.8493536808262
2025-04-01 11:00:00,2171,3.767942506735398,1.614832502886599,12.4,12.810790836981663,499.0,130.8493536808262
2025-04-01 12:00:00,2172,3.904052304936873,1.673165273544374,12.4,15.0,498.0,130.8493536808262
2025-04-01 13:00:00,2173,4.185642049050669,1.7938465924502867,12.4,15.0,498.0,130.8493536808262
2025-04-01 14:00:00,2174,3.945671377262215,1.6910020188266637,12.4,15.0,497.0,130.8493536808262
2025-04-01 15:00:00,2175,4.194740656506941,1.7977459956458317,12.4,15.0,495.0,130.8493536808262
2025-04-01 16:00:00,2176,3.879156548470274,1.6624956636301174,12.4,15.0,495.0,130.8493536808262
2025-04-01 17:00:00,2177,3.9111696895876453,1.676215581251848,12.4,15.0,494.0,130.8493536808262
2025-04-01 18:00:00,2178,4.213481444044479,1.805777761733348,12.4,15.0,495.0,130.8493536808262
2025-04-01 19:00:00,2179,3.9346932707762066,1.6862971160469455,12.4,15.0,494.0,130.8493536808262
2025-04-01 20:00:00,2180,3.6348114434682532,1.5577763329149656,12.4,15.0,495.0,130.8493536808262
2025-04-01 21:00:00,2181,4.025303976306045,1.7251302755597335,12.4,15.0,493.0,130.8493536808262
2025-04-01 22:00:00,2182,3.7344544672250084,1.600480485953575,12.4,12.695232152894723,485.0,130.8493536808262
2025-04-01 23:00:00,2183,3.8402457066605713,1.6458195885688163,12.4,6.486310455066746,471.0,130.8493536808262
2025-04-02 00:00:00,2184,4.148894095798157,1.7780974696277814,12.4,5.485934507695799,458.0,130.8493536808262
2025-04-02 01:00:00,2185,4.065295315323193,1.7422694208527971,12.4,8.987483752264623,428.0,130.8493536808262
2025-04-02 02:00:00,2186,4.279843702671105,1.8342187297161874,12.5,12.865667730688893,409.0,130.8493536808262
2025-04-02 03:00:00,2187,4.752570556277315,2.0368159526902776,12.6,11.725707027431685,406.0,130.8493536808262
2025-04-02 04:00:00,2188,4.240165951577252,1.8172139792473936,12.6,11.161291947353016,423.0,130.8493536808262
2025-04-02 05:00:00,2189,4.164100136256338,1.7846143441098592,12.6,12.527199037957496,440.0,130.8493536808262
2025-04-02 06:00:00,2190,4.376967006999999,1.8758430029999997,12.6,15.0,464.0,130.8493536808262
2025-04-02 07:00:00,2191,4.074091136243662,1.7460390583901406,12.6,12.476514384020176,482.0,130.8493536808262
2025-04-02 08:00:00,2192,4.136146865672748,1.7726343710026062,12.6,11.357408656111593,498.0,130.8493536808262
2025-04-02 09:00:00,2193,3.8689759279726847,1.658132540559722,12.6,9.558197635008725,502.0,130.8493536808262
2025-04-02 10:00:00,2194,3.765170447578896,1.6136444775338126,12.6,10.322638558515813,501.0,130.8493536808262
2025-04-02 11:00:00,2195,4.295309318176807,1.8408468506472029,12.6,10.463114379697346,500.0,130.8493536808262
2025-04-02 12:00:00,2196,4.1857442232018425,1.7938903813722182,12.6,8.023275077502168,500.0,130.8493536808262
2025-04-02 13:00:00,2197,4.49104446683943,1.924733342931184,12.6,8.752413171243946,498.0,130.8493536808262
2025-04-02 14:00:00,2198,4.343199041524993,1.861371017796425,12.6,11.555819584464084,497.0,130.8493536808262
2025-04-02 15:00:00,2199,4.648476339943955,1.9922041456902664,12.6,10.255530145375515,496.0,130.8493536808262
2025-04-02 16:00:00,2200,4.671922040531747,2.0022523030850343,12.6,6.776387244192026,497.0,130.8493536808262
2025-04-02 17:00:00,2201,4.737786438473793,2.030479902203054,12.6,4.995734878879594,498.0,130.8493536808262
2025-04-02 18:00:00,2202,4.6167572879555205,1.9786102662666516,12.6,4.099493876598504,500.0,130.8493536808262
2025-04-02 19:00:00,2203,4.8985875481623555,2.099394663498152,12.6,4.281824597051527,500.0,130.8493536808262
2025-04-02 20:00:00,2204,4.970096556529725,2.130041381369882,12.6,3.9904201761209177,500.0,130.8493536808262
2025-04-02 21:00:00,2205,4.595904173243059,1.969673217104168,12.6,4.014842154663362,493.0,130.8493536808262
2025-04-02 22:00:00,2206,4.527283102237784,1.940264186673336,12.6,4.469248953269267,484.0,130.8493536808262
2025-04-02 23:00:00,2207,5.10570695844933,2.188160125049713,12.6,5.610184987599927,478.0,130.8493536808262
2025-04-03 00:00:00,2208,5.0343298873131275,2.1575699517056255,12.6,7.034830339062557,473.0,130.8493536808262
2025-04-03 01:00:00,2209,5.271516980014603,2.259221562863401,12.6,9.161122668733624,464.0,130.8493536808262
2025-04-03 02:00:00,2210,4.237332277489189,1.8159995474953665,12.6,8.980951583308089,460.0,130.8493536808262
2025-04-03 03:00:00,2211,4.928777292422316,2.11233312532385,12.6,6.62376209516929,463.0,130.8493536808262
2025-04-03 04:00:00,2212,5.467264425749418,2.343113325321179,12.6,5.8439462323896185,465.0,130.8493536808262
2025-04-03 05:00:00,2213,5.426149881155926,2.3254928062096822,12.6,7.182674072513617,469.0,130.8493536808262
2025-04-03 06:00:00,2214,4.979861828577272,2.134226497961688,12.6,6.189941848869832,475.0,130.8493536808262
2025-04-03 07:00:00,2215,5.270080975948891,2.2586061325495246,12.6,6.429221367554128,486.0,130.8493536808262
2025-04-03 08:00:00,2216,5.497277511706219,2.3559760764455224,12.6,6.714878451303658,499.0,130.8493536808262
2025-04-03 09:00:00,2217,5.44299573153469,2.33271245637201,12.6,7.239204649816511,504.0,130.8493536808262
2025-04-03 10:00:00,2218,5.760071203369742,2.468601944301318,12.6,4.388946395762468,504.0,130.8493536808262
2025-04-03 11:00:00,2219,5.227113375646814,2.240191446705777,12.5,3.3745528101633235,503.0,130.8493536808262
2025-04-03 12:00:00,2220,5.719299286301339,2.451128265557717,12.5,2.653632420957466,502.0,130.8493536808262
2025-04-03 13:00:00,2221,5.86365113851876,2.5129933450794684,12.5,1.8457345403852303,502.0,130.8493536808262
2025-04-03 14:00:00,2222,5.685235155234517,2.436529352243365,12.4,1.6891241287616137,501.0,130.8493536808262
2025-04-03 15:00:00,2223,5.196455432634052,2.2270523282717365,12.4,2.474639190059853,500.0,130.8493536808262
2025-04-03 16:00:00,2224,5.073247011902806,2.174248719386917,12.4,3.0417855925489548,499.0,130.8493536808262
2025-04-03 17:00:00,2225,4.770058911476223,2.044310962061238,12.4,3.05608461415514,499.0,130.8493536808262
2025-04-03 18:00:00,2226,4.837590857789748,2.0732532247670346,12.4,2.5495650372016736,499.0,130.8493536808262
2025-04-03 19:00:00,2227,4.858965942778827,2.0824139754766398,12.4,1.544956157031993,499.0,130.8493536808262
2025-04-03 20:00:00,2228,5.241913656378905,2.246534424162388,12.4,1.0280831459480213,498.0,130.8493536808262
2025-04-03 21:00:00,2229,5.508116526025432,2.360621368296614,12.4,0.9836840950376553,475.0,130.8493536808262
2025-04-03 22:00:00,2230,5.140463581403859,2.2030558206016537,12.4,0.11093550171190483,419.0,130.8493536808262
2025-04-03 23:00:00,2231,4.908947012199633,2.1038344337998427,12.4,0.0,345.0,130.8493536808262
2025-04-04 00:00:00,2232,4.54468257334821,1.9477211028635182,12.4,0.14915885011579466,297.0,130.8493536808262
2025-04-04 01:00:00,2233,5.017142564035039,2.1502039560150163,12.4,0.5063691345436371,266.0,130.8493536808262
2025-04-04 02:00:00,2234,4.86376354269558,2.084470089726677,12.6,0.6936258973455035,257.0,130.8493536808262
2025-04-04 03:00:00,2235,4.344863273265285,1.8620842599708363,12.6,0.54358863080436,247.0,130.8493536808262
2025-04-04 04:00:00,2236,4.025608707679614,1.7252608747198346,12.8,0.2958245008885736,278.0,130.8493536808262
2025-04-04 05:00:00,2237,4.271415571374026,1.8306066734460107,12.9,0.04730598397729443,316.0,130.8493536808262
2025-04-04 06:00:00,2238,4.37486729953398,1.8749431283717057,12.9,0.0,368.0,130.8493536808262
2025-04-04 07:00:00,2239,4.195124345344942,1.7979104337192606,12.9,0.0,439.0,130.8493536808262
2025-04-04 08:00:00,2240,5.298039668742373,2.2705884294610166,12.9,0.0,489.0,130.8493536808262
2025-04-04 09:00:00,2241,4.955926526411739,2.1239685113193163,12.8,0.0,502.0,130.8493536808262
2025-04-04 10:00:00,2242,5.561209655788508,2.383375566766503,12.8,0.0,503.0,130.8493536808262
2025-04-04 11:00:00,2243,4.994179736058148,2.1403627440249204,12.7,0.0,503.0,130.8493536808262
2025-04-04 12:00:00,2244,5.343670948156131,2.290144692066913,12.6,0.0,502.0,130.8493536808262
2025-04-04 13:00:00,2245,5.213031351767928,2.234156293614826,12.6,0.37362664818899655,500.0,130.8493536808262
2025-04-04 14:00:00,2246,5.5602134423290135,2.382948618141006,12.6,0.7798907916256606,499.0,130.8493536808262
2025-04-04 15:00:00,2247,5.413814931274864,2.3202063991177986,12.6,1.6418581490381836,500.0,130.8493536808262
2025-04-04 16:00:00,2248,5.131701862040957,2.199300798017553,12.6,3.7064719345892576,501.0,130.8493536808262
2025-04-04 17:00:00,2249,5.163276401062774,2.212832743312617,12.6,4.993670219782235,502.0,130.8493536808262
2025-04-04 18:00:00,2250,4.909771475525792,2.1041877752253395,12.6,4.2386794893775415,503.0,130.8493536808262
2025-04-04 19:00:00,2251,4.6736234923655005,2.0029814967280717,12.6,3.850126191430117,503.0,130.8493536808262
2025-04-04 20:00:00,2252,5.292363261017382,2.268155683293164,12.5,3.2265715099540864,501.0,130.8493536808262
2025-04-04 21:00:00,2253,5.097730992416924,2.1847418538929673,12.5,2.5340730564659513,467.0,130.8493536808262
2025-04-04 22:00:00,2254,5.027030660749617,2.154441711749836,12.5,2.8092895194036895,382.0,130.8493536808262
2025-04-04 23:00:00,2255,5.1852482134509525,2.222249234336122,12.5,2.864738133708402,294.0,130.8493536808262
2025-04-05 00:00:00,2256,5.251590263206426,2.250681541374182,12.6,2.2288877589222187,234.0,130.8493536808262
2025-04-05 01:00:00,2257,5.299581756201531,2.2712493240863703,12.6,1.522352200905835,203.0,130.8493536808262
2025-04-05 02:00:00,2258,6.041015083121769,2.589006464195043,12.7,0.7219488794421094,190.0,130.8493536808262
2025-04-05 03:00:00,2259,5.195699784152636,2.226728478922558,12.8,0.5761866802033849,186.0,130.8493536808262
2025-04-05 04:00:00,2260,5.042207455229638,2.1609460522412736,12.9,0.4763483251417693,210.0,130.8493536808262
2025-04-05 05:00:00,2261,4.81089549178828,2.0618123536235484,13.0,0.6130156423244557,252.0,130.8493536808262
2025-04-05 06:00:00,2262,4.30083270701407,1.8432140172917442,13.1,0.6929964420843248,331.0,130.8493536808262
2025-04-05 07:00:00,2263,4.574833465342515,1.9606429137182206,13.1,0.8511107846193313,424.0,130.8493536808262
2025-04-05 08:00:00,2264,4.737118273709131,2.0301935458753415,13.0,1.5652916307657858,488.0,130.8493536808262
2025-04-05 09:00:00,2265,4.580011139049428,1.962861916735469,12.9,2.069219042373718,503.0,130.8493536808262
2025-04-05 10:00:00,2266,4.348821205798926,1.8637805167709685,12.9,2.0382045375593947,503.0,130.8493536808262
2025-04-05 11:00:00,2267,4.534378967893145,1.943305271954205,12.8,1.929938034111365,503.0,130.8493536808262
2025-04-05 12:00:00,2268,4.551991230517605,1.950853384507545,12.8,2.144966706799235,502.0,130.8493536808262
2025-04-05 13:00:00,2269,5.102814208107832,2.1869203749033566,12.8,2.9494175654109855,500.0,130.8493536808262
2025-04-05 14:00:00,2270,5.074649425099354,2.174849753614009,12.7,4.1345479071306945,500.0,130.8493536808262
2025-04-05 15:00:00,2271,5.1656092684276995,2.2138325436118707,12.7,5.695825775261654,497.0,130.8493536808262
2025-04-05 16:00:00,2272,5.1882259277784,2.223525397619314,12.8,6.79114390692389,498.0,130.8493536808262
2025-04-05 17:00:00,2273,5.523388609336992,2.367166546858711,12.8,7.621655640473251,498.0,130.8493536808262
2025-04-05 18:00:00,2274,5.284149378789014,2.2646354480524344,12.8,8.86130002084244,498.0,130.8493536808262
2025-04-05 19:00:00,2275,5.033127203820006,2.1570545159228596,12.8,8.123731033303656,499.0,130.8493536808262
2025-04-05 20:00:00,2276,5.1572873221155096,2.2102659951923616,12.8,7.370526884049108,498.0,130.8493536808262
2025-04-05 21:00:00,2277,4.8957250768610745,2.0981678900833174,12.8,8.916385773523247,463.0,130.8493536808262
2025-04-05 22:00:00,2278,4.871903733242247,2.0879587428181057,12.8,5.280310644400356,387.0,130.8493536808262
2025-04-05 23:00:00,2279,4.874442404694582,2.089046744869106,12.9,5.189006886747071,312.0,130.8493536808262
2025-04-06 00:00:00,2280,5.139035131903631,2.2024436279586985,12.9,6.933466115829711,273.0,130.8493536808262
2025-04-06 01:00:00,2281,5.516995018054953,2.3644264363092655,12.9,11.403751205759123,281.0,130.8493536808262
2025-04-06 02:00:00,2282,5.1162097773341095,2.19266133314319,12.9,11.372488714610133,306.0,130.8493536808262
2025-04-06 03:00:00,2283,4.482363455926666,1.9210129096828565,12.9,12.062002256102865,357.0,130.8493536808262
2025-04-06 04:00:00,2284,4.341521353518187,1.8606520086506513,12.9,9.129854660278335,371.0,130.8493536808262
2025-04-06 05:00:00,2285,4.728897731294242,2.0266704562689606,12.9,9.340696998813717,361.0,130.8493536808262
2025-04-06 06:00:00,2286,4.269983573940406,1.829992960260174,12.9,2.7971993555375945,367.0,130.8493536808262
2025-04-06 07:00:00,2287,4.060629693392254,1.7402698685966804,12.9,1.2356240533328644,425.0,130.8493536808262
2025-04-06 08:00:00,2288,4.328739100585366,1.8551739002508714,12.9,3.139783189297617,484.0,130.8493536808262
2025-04-06 09:00:00,2289,4.472609365455327,1.9168325851951402,12.9,6.015060321856835,501.0,130.8493536808262
2025-04-06 10:00:00,2290,4.10982023293772,1.76135152840188,12.9,6.040575111725735,501.0,130.8493536808262
2025-04-06 11:00:00,2291,4.480500566718135,1.9202145285934862,12.9,4.18571686854308,501.0,130.8493536808262
2025-04-06 12:00:00,2292,4.651962946732164,1.993698405742356,12.9,4.216381558689417,499.0,130.8493536808262
2025-04-06 13:00:00,2293,4.803774757415404,2.058760610320887,12.9,4.916394165701273,499.0,130.8493536808262
2025-04-06 14:00:00,2294,4.990595965953453,2.1388268425514796,12.9,4.293473199195973,499.0,130.8493536808262
2025-04-06 15:00:00,2295,5.066259805031915,2.171254202156535,12.9,2.683490119561155,496.0,130.8493536808262
2025-04-06 16:00:00,2296,4.857214716336396,2.081663449858455,12.9,1.3566112916177195,496.0,130.8493536808262
2025-04-06 17:00:00,2297,5.038977590802505,2.159561824629645,12.9,0.45506346586575985,496.0,130.8493536808262
2025-04-06 18:00:00,2298,4.966914994865856,2.12867785494251,12.9,0.6158363382366944,497.0,130.8493536808262
2025-04-06 19:00:00,2299,4.944053844962065,2.1188802192694562,12.9,1.122777877870979,499.0,130.8493536808262
2025-04-06 20:00:00,2300,5.054709991526753,2.166304282082894,12.9,1.8221004949748254,498.0,130.8493536808262
2025-04-06 21:00:00,2301,4.849197888745543,2.078227666605233,12.9,2.939771756353504,471.0,130.8493536808262
2025-04-06 22:00:00,2302,4.647409367554064,1.9917468718088847,12.9,1.5604855216627636,421.0,130.8493536808262
2025-04-06 23:00:00,2303,4.581398750637946,1.9634566074162623,12.9,1.3648780206544453,362.0,130.8493536808262
2025-04-07 00:00:00,2304,4.936344473432824,2.1155762028997818,12.9,1.9566016890433269,309.0,130.8493536808262
2025-04-07 01:00:00,2305,4.434959108374337,1.9006967607318588,12.9,3.3396474732157335,261.0,130.8493536808262
2025-04-07 02:00:00,2306,4.174756434648128,1.789181329134912,13.0,3.6512165664169443,248.0,130.8493536808262
2025-04-07 03:00:00,2307,4.121270658939843,1.7662588538313615,13.1,2.9515855174973264,253.0,130.8493536808262
2025-04-07 04:00:00,2308,3.8998595849351334,1.6713683935436283,13.1,2.7480449158818057,296.0,130.8493536808262
2025-04-07 05:00:00,2309,3.7539282625696497,1.6088263982441353,13.2,2.466025908288071,338.0,130.8493536808262
2025-04-07 06:00:00,2310,3.713743221779053,1.5916042379053084,13.2,1.307772272108175,379.0,130.8493536808262
2025-04-07 07:00:00,2311,3.921800648499005,1.6807717064995735,13.2,0.3192499791468481,431.0,130.8493536808262
2025-04-07 08:00:00,2312,3.7912120744151707,1.6248051747493586,13.2,0.0,484.0,130.8493536808262
2025-04-07 09:00:00,2313,4.0025745232132195,1.7153890813770942,13.2,1.0150589302138817,499.0,130.8493536808262
2025-04-07 10:00:00,2314,3.640645154078827,1.5602764946052117,13.1,0.808603221677469,500.0,130.8493536808262
2025-04-07 11:00:00,2315,3.850750357197671,1.6503215816561447,13.1,0.25849278245138635,499.0,130.8493536808262
2025-04-07 12:00:00,2316,4.031203659005432,1.727658711002328,13.1,0.02218204422062442,499.0,130.8493536808262
2025-04-07 13:00:00,2317,4.243328244437798,1.818569247616199,13.0,0.07104485153482093,498.0,130.8493536808262
2025-04-07 14:00:00,2318,3.82122557593046,1.6376681039701968,13.0,0.4930997195053129,498.0,130.8493536808262
2025-04-07 15:00:00,2319,3.864088282919109,1.656037835536761,12.9,0.8144403272271548,496.0,130.8493536808262
2025-04-07 16:00:00,2320,3.8354058225894487,1.6437453525383352,12.9,0.9300929439370682,496.0,130.8493536808262
2025-04-07 17:00:00,2321,4.03901940912718,1.7310083181973628,12.9,0.4377112518148969,496.0,130.8493536808262
2025-04-07 18:00:00,2322,4.1246759347180095,1.76771825773629,12.9,0.26446385606726663,498.0,130.8493536808262
2025-04-07 19:00:00,2323,4.185959673297651,1.7939827171275649,12.9,0.1706805533682753,499.0,130.8493536808262
2025-04-07 20:00:00,2324,3.8764983660518206,1.6613564425936376,12.9,0.05843160041019595,499.0,130.8493536808262
2025-04-07 21:00:00,2325,3.8029206404162386,1.6298231316069594,12.9,0.05740733482673006,465.0,130.8493536808262
2025-04-07 22:00:00,2326,3.8110691293266292,1.6333153411399837,12.9,0.2946614197045512,388.0,130.8493536808262
2025-04-07 23:00:00,2327,3.7945504809687214,1.6262359204151662,12.9,1.2436339745275002,317.0,130.8493536808262
2025-04-08 00:00:00,2328,4.395492104278253,1.8837823304049652,13.0,3.0713134734193064,272.0,130.8493536808262
2025-04-08 01:00:00,2329,4.030704912690958,1.7274449625818393,13.1,4.083665086294109,238.0,130.8493536808262
2025-04-08 02:00:00,2330,3.5028987406425847,1.5012423174182505,13.1,3.6318472239390154,223.0,130.8493536808262
2025-04-08 03:00:00,2331,3.395671485818876,1.455287779636661,13.2,4.451036534839021,217.0,130.8493536808262
2025-04-08 04:00:00,2332,3.438299878905588,1.4735570909595375,13.3,7.519057187578239,259.0,130.8493536808262
2025-04-08 05:00:00,2333,3.2822225633384754,1.4066668128593465,13.4,12.250984139876403,318.0,130.8493536808262
2025-04-08 06:00:00,2334,3.414591373803301,1.4633963030585575,13.4,15.0,389.0,130.8493536808262
2025-04-08 07:00:00,2335,3.393965726735832,1.4545567400296422,13.4,15.0,454.0,130.8493536808262
2025-04-08 08:00:00,2336,3.8087553495718396,1.632323721245074,13.4,15.0,493.0,130.8493536808262
2025-04-08 09:00:00,2337,3.396027844247099,1.455440504677328,13.4,15.0,502.0,130.8493536808262
2025-04-08 10:00:00,2338,3.734829131947393,1.6006410565488827,13.3,15.0,502.0,130.8493536808262
2025-04-08 11:00:00,2339,3.8062235273585054,1.6312386545822166,13.3,15.0,500.0,130.8493536808262
2025-04-08 12:00:00,2340,3.817517479416228,1.636078919749812,13.2,15.0,499.0,130.8493536808262
2025-04-08 13:00:00,2341,4.015991061306357,1.721139026274153,13.2,15.0,497.0,130.8493536808262
2025-04-08 14:00:00,2342,3.9992913849646934,1.7139820221277258,13.2,15.0,497.0,130.8493536808262
2025-04-08 15:00:00,2343,3.9955681028270424,1.7123863297830182,13.2,15.0,497.0,130.8493536808262
2025-04-08 16:00:00,2344,4.102711103079214,1.7583047584625202,13.2,15.0,496.0,130.8493536808262
2025-04-08 17:00:00,2345,4.157496142657025,1.781784061138725,13.2,10.365599647228356,497.0,130.8493536808262
2025-04-08 18:00:00,2346,4.120966632496296,1.7661285567841272,13.2,3.2678527792798486,498.0,130.8493536808262
2025-04-08 19:00:00,2347,4.2449980110328545,1.8192848618712232,13.2,0.5769766659579524,499.0,130.8493536808262
2025-04-08 20:00:00,2348,4.135021113702529,1.7721519058725124,13.2,0.10953769430144686,497.0,130.8493536808262
2025-04-08 21:00:00,2349,4.384845044441159,1.8792193047604964,13.2,0.18851163505833285,458.0,130.8493536808262
2025-04-08 22:00:00,2350,4.323557036184583,1.8529530155076783,13.2,1.1134881350538623,380.0,130.8493536808262
2025-04-08 23:00:00,2351,4.454398955618649,1.909028123836564,13.2,2.325104911516328,312.0,130.8493536808262
2025-04-09 00:00:00,2352,4.286740340679213,1.8371744317196623,13.2,3.4428735025119908,265.0,130.8493536808262
2025-04-09 01:00:00,2353,4.937755224802128,2.116180810629483,13.3,2.558284325832891,229.0,130.8493536808262
2025-04-09 02:00:00,2354,4.501599814923258,1.9292570635385393,13.4,2.503864781030307,216.0,130.8493536808262
2025-04-09 03:00:00,2355,4.401141702228473,1.8862035866693452,13.5,1.821043043096669,209.0,130.8493536808262
2025-04-09 04:00:00,2356,4.249439609903645,1.821188404244419,13.6,1.281722253837984,231.0,130.8493536808262
2025-04-09 05:00:00,2357,4.1950320678846555,1.7978708862362807,13.7,2.2475172036838322,272.0,130.8493536808262
2025-04-09 06:00:00,2358,3.8474176798573874,1.6488932913674514,13.8,3.895087649255609,333.0,130.8493536808262
2025-04-09 07:00:00,2359,4.1359088927577305,1.772532382610456,13.8,6.38880737293796,414.0,130.8493536808262
2025-04-09 08:00:00,2360,4.353818655521583,1.865922280937821,13.7,5.456826408695885,483.0,130.8493536808262
2025-04-09 09:00:00,2361,4.135075325084845,1.7721751393220764,13.6,4.400046609251408,500.0,130.8493536808262
2025-04-09 10:00:00,2362,4.692087605883424,2.010894688235753,13.6,3.53498119383134,500.0,130.8493536808262
2025-04-09 11:00:00,2363,4.229449117603231,1.8126210504013849,13.5,2.0808173924580484,500.0,130.8493536808262
2025-04-09 12:00:00,2364,4.354117728430189,1.8660504550415091,13.4,1.2743243979925576,500.0,130.8493536808262
2025-04-09 13:00:00,2365,5.3375285270502175,2.2875122258786647,13.4,0.9851235309656714,499.0,130.8493536808262
2025-04-09 14:00:00,2366,4.647519065899249,1.991793885385392,13.4,1.0557708318749002,498.0,130.8493536808262
2025-04-09 15:00:00,2367,4.709873322663219,2.018517138284236,13.4,1.9301810061869054,498.0,130.8493536808262
2025-04-09 16:00:00,2368,4.764865153528067,2.042085065797743,13.4,2.6994428886080795,496.0,130.8493536808262
2025-04-09 17:00:00,2369,5.194237663179743,2.2261018556484617,13.4,3.276358804299355,498.0,130.8493536808262
2025-04-09 18:00:00,2370,5.057570150054202,2.1675300643089437,13.4,4.24763025204763,499.0,130.8493536808262
2025-04-09 19:00:00,2371,5.172726108087399,2.2168826177517427,13.4,4.711023130835365,500.0,130.8493536808262
2025-04-09 20:00:00,2372,4.797816026965302,2.0562068686994155,13.4,5.56498854125802,498.0,130.8493536808262
2025-04-09 21:00:00,2373,5.072279239123882,2.1738339596245204,13.4,7.07662560015971,476.0,130.8493536808262
2025-04-09 22:00:00,2374,5.195752493749115,2.226751068749621,13.4,5.983834289900404,434.0,130.8493536808262
2025-04-09 23:00:00,2375,5.3137206880269865,2.2773088662972794,13.4,6.279756680067909,378.0,130.8493536808262
2025-04-10 00:00:00,2376,5.686813521643484,2.4372057949900645,13.4,8.879276859019296,348.0,130.8493536808262
2025-04-10 01:00:00,2377,5.039044170534605,2.1595903588005445,13.5,9.19762023162483,326.0,130.8493536808262
2025-04-10 02:00:00,2378,4.828936988636349,2.0695444237012923,13.5,7.277260009088549,307.0,130.8493536808262
2025-04-10 03:00:00,2379,4.5471899238847255,1.9487956816648824,13.6,7.874474348127568,293.0,130.8493536808262
2025-04-10 04:00:00,2380,4.481865009215749,1.9207992896638921,13.6,9.384079038078454,335.0,130.8493536808262
2025-04-10 05:00:00,2381,4.524798293565438,1.9391992686709019,13.6,10.319478790964824,404.0,130.8493536808262
2025-04-10 06:00:00,2382,4.4717115698698215,1.9164478156584948,13.6,9.29822227163779,449.0,130.8493536808262
2025-04-10 07:00:00,2383,4.415392743064931,1.8923111755992559,13.6,10.855385929039564,473.0,130.8493536808262
2025-04-10 08:00:00,2384,4.365296595836806,1.870841398215774,13.6,10.938217636795896,495.0,130.8493536808262
2025-04-10 09:00:00,2385,4.086730013871494,1.7514557202306404,13.6,11.651666114486348,502.0,130.8493536808262
2025-04-10 10:00:00,2386,4.270784170605047,1.8303360731164484,13.6,9.043845088496523,501.0,130.8493536808262
2025-04-10 11:00:00,2387,4.360732027973519,1.868885154845794,13.6,7.743530027628458,501.0,130.8493536808262
2025-04-10 12:00:00,2388,4.516881737412982,1.935806458891278,13.6,8.747799139031063,500.0,130.8493536808262
2025-04-10 13:00:00,2389,5.041744906859504,2.1607478172255017,13.6,8.657305268191207,499.0,130.8493536808262
2025-04-10 14:00:00,2390,5.338610177999164,2.2879757905710703,13.6,8.562826261009276,499.0,130.8493536808262
2025-04-10 15:00:00,2391,4.881759646518047,2.0921827056505915,13.6,10.356884701196977,498.0,130.8493536808262
2025-04-10 16:00:00,2392,5.518750478352243,2.365178776436675,13.6,13.036220196862441,499.0,130.8493536808262
2025-04-10 17:00:00,2393,4.958622587687852,2.125123966151937,13.6,11.32366535996976,500.0,130.8493536808262
2025-04-10 18:00:00,2394,4.6515598354609775,1.9935256437689906,13.6,9.465080286730533,502.0,130.8493536808262
2025-04-10 19:00:00,2395,4.770460364857733,2.044483013510457,13.6,10.599726838531064,502.0,130.8493536808262
2025-04-10 20:00:00,2396,4.849242911564234,2.0782469620989574,13.6,10.27010597975092,500.0,130.8493536808262
2025-04-10 21:00:00,2397,4.843625206016608,2.0758393740071175,13.6,9.753197172228742,478.0,130.8493536808262
2025-04-10 22:00:00,2398,5.139215737150986,2.2025210302075653,13.6,6.647701090203298,440.0,130.8493536808262
2025-04-10 23:00:00,2399,5.472383044153506,2.3453070189229313,13.6,4.996022579231289,406.0,130.8493536808262
2025-04-11 00:00:00,2400,5.364828337460314,2.299212144625849,13.7,3.793055962726803,371.0,130.8493536808262
2025-04-11 01:00:00,2401,4.909098233757563,2.103899243038956,13.8,4.538563601322412,339.0,130.8493536808262
2025-04-11 02:00:00,2402,4.892384813481414,2.096736348634891,13.9,4.880046801245777,327.0,130.8493536808262
2025-04-11 03:00:00,2403,5.19389914431803,2.2259567761362984,13.9,4.36742922282174,330.0,130.8493536808262
2025-04-11 04:00:00,2404,4.949236471703586,2.1211013450158225,14.0,4.11307483261103,366.0,130.8493536808262
2025-04-11 05:00:00,2405,4.820661421324264,2.065997751996113,14.1,2.26796419912062,395.0,130.8493536808262
2025-04-11 06:00:00,2406,4.708163740116248,2.0177844600498207,14.1,1.3491113470600828,435.0,130.8493536808262
2025-04-11 07:00:00,2407,4.424009616015739,1.8960041211496022,14.1,0.565555624457282,473.0,130.8493536808262
2025-04-11 08:00:00,2408,4.568588196708933,1.9579663700181138,14.1,0.4559015773451893,497.0,130.8493536808262
2025-04-11 09:00:00,2409,4.529680791132041,1.9412917676280173,14.1,0.0,503.0,130.8493536808262
2025-04-11 10:00:00,2410,3.721749582721279,1.595035535451977,14.0,0.0,504.0,130.8493536808262
2025-04-11 11:00:00,2411,4.003232819162872,1.7156712082126593,14.0,0.0058964725130537425,503.0,130.8493536808262
2025-04-11 12:00:00,2412,4.116772786893049,1.7643311943827351,13.9,0.0,501.0,130.8493536808262
2025-04-11 13:00:00,2413,4.1837785953480475,1.7930479694348775,13.9,0.5258607464177443,500.0,130.8493536808262
2025-04-11 14:00:00,2414,4.3576751874641175,1.8675750803417643,13.9,2.0355103278605626,500.0,130.8493536808262
2025-04-11 15:00:00,2415,4.476177756927506,1.918361895826074,13.9,3.375190146810441,499.0,130.8493536808262
2025-04-11 16:00:00,2416,4.708278219424477,2.01783352261049,13.9,5.623783925660795,498.0,130.8493536808262
2025-04-11 17:00:00,2417,4.651553506641298,1.9935229314176985,13.8,8.086878742498437,499.0,130.8493536808262
2025-04-11 18:00:00,2418,5.051789540514241,2.1650526602203883,13.8,10.500782428633315,500.0,130.8493536808262
2025-04-11 19:00:00,2419,4.704441237979591,2.016189101991253,13.8,13.4824999198098,500.0,130.8493536808262
2025-04-11 20:00:00,2420,5.626571699473638,2.411387871202988,13.8,15.0,497.0,130.8493536808262
2025-04-11 21:00:00,2421,5.311603244682682,2.2764013905782923,13.8,15.0,454.0,130.8493536808262
2025-04-11 22:00:00,2422,5.168929691543024,2.2152555820898674,13.8,9.768938189584105,364.0,130.8493536808262
2025-04-11 23:00:00,2423,4.78525186174098,2.05082222646042,13.8,15.0,287.0,130.8493536808262
2025-04-12 00:00:00,2424,5.473256597462871,2.345681398912659,13.8,15.0,242.0,130.8493536808262
2025-04-12 01:00:00,2425,5.325716321145023,2.2824498519192957,13.9,12.532328371124757,210.0,130.8493536808262
2025-04-12 02:00:00,2426,4.599557282723775,1.9712388354530461,13.9,10.48589461885139,192.0,130.8493536808262
2025-04-12 03:00:00,2427,4.202273846135467,1.800974505486629,13.9,10.773992057622843,170.0,130.8493536808262
2025-04-12 04:00:00,2428,4.174623199816455,1.7891242284927664,14.1,11.948905250976612,186.0,130.8493536808262
2025-04-12 05:00:00,2429,4.5899303052030955,1.967112987944184,14.1,12.94108489784239,230.0,130.8493536808262
2025-04-12 06:00:00,2430,4.574588806231759,1.9605380598136108,14.1,9.412656656926782,310.0,130.8493536808262
2025-04-12 07:00:00,2431,4.380193514838817,1.8772257920737787,14.1,5.679802705688263,408.0,130.8493536808262
2025-04-12 08:00:00,2432,4.280630282710655,1.8345558354474234,14.1,4.85017308370929,481.0,130.8493536808262
2025-04-12 09:00:00,2433,4.604874917783665,1.9735178219072846,14.0,5.433018315783449,501.0,130.8493536808262
2025-04-12 10:00:00,2434,4.114026994994243,1.7631544264261043,13.9,4.161205715463876,501.0,130.8493536808262
2025-04-12 11:00:00,2435,5.617007788528802,2.4072890522266293,13.9,2.844582028302848,499.0,130.8493536808262
2025-04-12 12:00:00,2436,5.44585007407375,2.333935746031607,13.9,2.1891057787832136,499.0,130.8493536808262
2025-04-12 13:00:00,2437,5.870368872815515,2.515872374063792,13.9,2.1096207772631295,498.0,130.8493536808262
2025-04-12 14:00:00,2438,5.871953680940528,2.516551577545941,13.9,1.8365039869262625,498.0,130.8493536808262
2025-04-12 15:00:00,2439,5.8583214583852286,2.510709196450812,13.9,1.7189305386591578,495.0,130.8493536808262
2025-04-12 16:00:00,2440,5.4007310600860645,2.31459902575117,13.9,1.3552817446273704,494.0,130.8493536808262
2025-04-12 17:00:00,2441,5.178963976479491,2.219555989919782,13.9,0.6504838658702703,494.0,130.8493536808262
2025-04-12 18:00:00,2442,4.773092165751973,2.045610928179417,13.9,0.4098389452070293,495.0,130.8493536808262
2025-04-12 19:00:00,2443,4.938102768089984,2.11632975775285,13.9,0.2924810023486408,496.0,130.8493536808262
2025-04-12 20:00:00,2444,4.846283721680004,2.076978737862859,13.9,0.41557225324891517,493.0,130.8493536808262
2025-04-12 21:00:00,2445,4.711779577708524,2.0193341047322244,13.8,0.39038870434092954,486.0,130.8493536808262
2025-04-12 22:00:00,2446,4.608225738862039,1.9749538880837307,13.8,0.2511073678484589,478.0,130.8493536808262
2025-04-12 23:00:00,2447,5.034823726077058,2.1577815968901675,13.8,0.4369695060040849,466.0,130.8493536808262
2025-04-13 00:00:00,2448,5.472053008040094,2.345165574874326,13.8,1.299044059014035,458.0,130.8493536808262
2025-04-13 01:00:00,2449,5.3833067411876705,2.3071314605090016,13.8,1.480279052866072,448.0,130.8493536808262
2025-04-13 02:00:00,2450,4.824268189456319,2.0675435097669936,13.9,2.585943523676831,443.0,130.8493536808262
2025-04-13 03:00:00,2451,4.88055125103258,2.0916648218711056,13.9,3.504159871944678,455.0,130.8493536808262
2025-04-13 04:00:00,2452,4.879765899853003,2.0913282427941438,13.9,3.4498801717209573,461.0,130.8493536808262
2025-04-13 05:00:00,2453,4.898815469354142,2.0994923440089184,13.9,4.334612734063515,470.0,130.8493536808262
2025-04-13 06:00:00,2454,4.309886978222567,1.847094419238243,13.9,5.609230805929456,477.0,130.8493536808262
2025-04-13 07:00:00,2455,4.4131942013948535,1.8913689434549368,13.9,5.217870403532186,482.0,130.8493536808262
2025-04-13 08:00:00,2456,5.37314369405758,2.30277586888182,13.9,7.996847188112801,490.0,130.8493536808262
2025-04-13 09:00:00,2457,5.636194054147344,2.4155117374917183,13.9,9.546058711890513,494.0,130.8493536808262
2025-04-13 10:00:00,2458,6.2278772418507415,2.6690902465074604,13.9,5.329530746507197,494.0,130.8493536808262
2025-04-13 11:00:00,2459,5.966955724104386,2.557266738901879,13.9,5.851845206126189,493.0,130.8493536808262
2025-04-13 12:00:00,2460,5.901804485844895,2.5293447796478126,13.9,6.233140297112123,493.0,130.8493536808262
2025-04-13 13:00:00,2461,4.7801680942588956,2.048643468968098,13.9,6.932488452153935,494.0,130.8493536808262
2025-04-13 14:00:00,2462,5.011642668283026,2.1478468578355825,13.9,11.147119917212738,494.0,130.8493536808262
2025-04-13 15:00:00,2463,4.761492003853931,2.0406394302231132,13.9,15.0,493.0,130.8493536808262
2025-04-13 16:00:00,2464,4.4387811734082625,1.902334788603541,13.9,15.0,493.0,130.8493536808262
2025-04-13 17:00:00,2465,4.745665595882688,2.033856683949723,13.9,15.0,493.0,130.8493536808262
2025-04-13 18:00:00,2466,4.976253868213876,2.132680229234518,13.9,15.0,495.0,130.8493536808262
2025-04-13 19:00:00,2467,4.96985966033851,2.1299398544307895,13.9,15.0,495.0,130.8493536808262
2025-04-13 20:00:00,2468,5.03896329419328,2.1595556975114056,14.0,9.48236072285182,494.0,130.8493536808262
2025-04-13 21:00:00,2469,4.712145032464887,2.0194907281992376,14.0,6.846314214405816,477.0,130.8493536808262
2025-04-13 22:00:00,2470,5.3712868800900395,2.30198009146716,14.1,9.084830696073585,434.0,130.8493536808262
2025-04-13 23:00:00,2471,4.913961851255456,2.1059836505380525,14.1,11.224347533209915,386.0,130.8493536808262
2025-04-14 00:00:00,2472,5.241329585647861,2.2462841081347973,14.1,14.15821914065017,348.0,130.8493536808262
2025-04-14 01:00:00,2473,4.813289255203994,2.0628382522302835,14.1,15.0,300.0,130.8493536808262
2025-04-14 02:00:00,2474,4.3339536766106015,1.8574087185474006,14.1,15.0,271.0,130.8493536808262
2025-04-14 03:00:00,2475,3.921493059304437,1.680639882559044,14.2,15.0,250.0,130.8493536808262
2025-04-14 04:00:00,2476,3.742349700222265,1.6038641572381136,14.2,15.0,266.0,130.8493536808262
2025-04-14 05:00:00,2477,3.6334994898008617,1.5572140670575119,14.2,15.0,300.0,130.8493536808262
2025-04-14 06:00:00,2478,4.011652837477008,1.7192797874901464,14.2,15.0,362.0,130.8493536808262
2025-04-14 07:00:00,2479,3.4808732396874995,1.4918028170089284,14.2,15.0,432.0,130.8493536808262
2025-04-14 08:00:00,2480,3.755592387369137,1.6095395945867728,14.2,15.0,485.0,130.8493536808262
2025-04-14 09:00:00,2481,4.160074165208732,1.7828889279465994,14.2,15.0,502.0,130.8493536808262
2025-04-14 10:00:00,2482,4.634293650143108,1.986125850061332,14.2,15.0,502.0,130.8493536808262
2025-04-14 11:00:00,2483,4.901137904609095,2.1004876734038973,14.2,15.0,501.0,130.8493536808262
2025-04-14 12:00:00,2484,4.665925188043534,1.9996822234472287,14.2,15.0,499.0,130.8493536808262
2025-04-14 13:00:00,2485,4.6120635456332755,1.9765986624142606,14.2,15.0,499.0,130.8493536808262
2025-04-14 14:00:00,2486,4.825869049815179,2.0682295927779335,14.2,15.0,498.0,130.8493536808262
2025-04-14 15:00:00,2487,5.170808371776115,2.2160607307611917,14.2,15.0,496.0,130.8493536808262
2025-04-14 16:00:00,2488,5.195789201952963,2.226766800836984,14.2,13.578664715033769,496.0,130.8493536808262
2025-04-14 17:00:00,2489,4.924234891282613,2.1103863819782624,14.2,14.31092506159442,497.0,130.8493536808262
2025-04-14 18:00:00,2490,5.1585766304519645,2.2108185559079847,14.2,15.0,497.0,130.8493536808262
2025-04-14 19:00:00,2491,4.9459186171479255,2.1196794073491105,14.2,15.0,497.0,130.8493536808262
2025-04-14 20:00:00,2492,4.851343987057415,2.0791474230246063,14.2,15.0,495.0,130.8493536808262
2025-04-14 21:00:00,2493,5.144208041367364,2.204660589157441,14.2,15.0,470.0,130.8493536808262
2025-04-14 22:00:00,2494,5.396895842264708,2.312955360970589,14.2,8.40257278224309,421.0,130.8493536808262
2025-04-14 23:00:00,2495,5.341406667186398,2.2891742859370274,14.3,11.92065249007394,390.0,130.8493536808262
2025-04-15 00:00:00,2496,5.853579455569394,2.50867690952974,14.3,15.0,352.0,130.8493536808262
2025-04-15 01:00:00,2497,5.274545599100662,2.2605195424717124,14.4,15.0,316.0,130.8493536808262
2025-04-15 02:00:00,2498,5.218053662467183,2.2363087124859358,14.4,15.0,295.0,130.8493536808262
2025-04-15 03:00:00,2499,4.8084909776059455,2.0607818475454054,14.4,15.0,268.0,130.8493536808262
2025-04-15 04:00:00,2500,4.684546668953949,2.0076628581231213,14.4,15.0,285.0,130.8493536808262
2025-04-15 05:00:00,2501,4.6424182161982035,1.9896078069420873,14.5,15.0,315.0,130.8493536808262
2025-04-15 06:00:00,2502,4.864578639025729,2.0848194167253125,14.5,15.0,366.0,130.8493536808262
2025-04-15 07:00:00,2503,4.6459951491235545,1.9911407781958088,14.5,15.0,436.0,130.8493536808262
2025-04-15 08:00:00,2504,3.8471093939287186,1.6487611688265937,14.5,15.0,487.0,130.8493536808262
2025-04-15 09:00:00,2505,3.698215002628275,1.5849492868406894,14.5,15.0,500.0,130.8493536808262
2025-04-15 10:00:00,2506,3.9505812569092837,1.6931062529611216,14.5,15.0,500.0,130.8493536808262
2025-04-15 11:00:00,2507,3.6699133302088147,1.5728199986609206,14.5,15.0,498.0,130.8493536808262
2025-04-15 12:00:00,2508,3.6521210504639514,1.5651947359131217,14.5,15.0,496.0,130.8493536808262
2025-04-15 13:00:00,2509,3.636270625611783,1.5584016966907641,14.5,15.0,495.0,130.8493536808262
2025-04-15 14:00:00,2510,3.8988577050894158,1.6709390164668925,14.5,14.505442042715172,493.0,130.8493536808262
2025-04-15 15:00:00,2511,3.7848121913339594,1.622062367714554,14.4,9.5843425151221,491.0,130.8493536808262
2025-04-15 16:00:00,2512,3.9202812125325406,1.680120519656803,14.4,7.765267815574262,490.0,130.8493536808262
2025-04-15 17:00:00,2513,3.8514058403722915,1.6506025030166962,14.4,6.390658555071139,491.0,130.8493536808262
2025-04-15 18:00:00,2514,4.022515064790357,1.723935027767296,14.4,4.955803404924737,492.0,130.8493536808262
2025-04-15 19:00:00,2515,4.8913565642238925,2.0962956703816684,14.4,4.338085060330956,493.0,130.8493536808262
2025-04-15 20:00:00,2516,5.0213168823600665,2.1519929495828856,14.4,5.183284106856676,490.0,130.8493536808262
2025-04-15 21:00:00,2517,4.650871627136054,1.9932306973440226,14.4,5.57019144131893,450.0,130.8493536808262
2025-04-15 22:00:00,2518,4.6836903257390405,2.0072958538881602,14.4,2.3415787024754806,367.0,130.8493536808262
2025-04-15 23:00:00,2519,4.6354810651062275,1.9866347421883832,14.5,2.2686249443234634,295.0,130.8493536808262
2025-04-16 00:00:00,2520,5.0401771786748215,2.1600759337177804,14.5,1.1807169442563354,257.0,130.8493536808262
2025-04-16 01:00:00,2521,5.009140261882044,2.1467743979494474,14.5,0.697654551770634,227.0,130.8493536808262
2025-04-16 02:00:00,2522,4.931655102165127,2.113566472356483,14.6,3.11167467302304,216.0,130.8493536808262
2025-04-16 03:00:00,2523,4.598083333461309,1.9706071429119894,14.6,12.34125506547257,204.0,130.8493536808262
2025-04-16 04:00:00,2524,4.6676331049578454,2.0004141878390764,14.6,15.0,235.0,130.8493536808262
2025-04-16 05:00:00,2525,4.771889539341997,2.0450955168608558,14.6,15.0,279.0,130.8493536808262
2025-04-16 06:00:00,2526,4.683120161301041,2.0070514977004463,14.6,15.0,339.0,130.8493536808262
2025-04-16 07:00:00,2527,4.427895122772262,1.8976693383309693,14.6,15.0,412.0,130.8493536808262
2025-04-16 08:00:00,2528,4.856803762942956,2.081487326975552,14.6,15.0,474.0,130.8493536808262
2025-04-16 09:00:00,2529,5.397352341750431,2.3131510036073273,14.6,15.0,494.0,130.8493536808262
2025-04-16 10:00:00,2530,5.188618513632006,2.2236936486994314,14.6,9.84009549479217,495.0,130.8493536808262
2025-04-16 11:00:00,2531,4.757460209775012,2.0389115184750053,14.6,8.323786392828335,495.0,130.8493536808262
2025-04-16 12:00:00,2532,4.9050940123667885,2.102183148157195,14.6,1.8177796869778098,494.0,130.8493536808262
2025-04-16 13:00:00,2533,5.11480305109469,2.1920584504691525,14.6,0.0,495.0,130.8493536808262
2025-04-16 14:00:00,2534,5.038647859896075,2.1594205113840323,14.6,0.0,494.0,130.8493536808262
2025-04-16 15:00:00,2535,5.135458119458326,2.2009106226249964,14.6,0.0,494.0,130.8493536808262
2025-04-16 16:00:00,2536,4.994690787718823,2.1405817661652096,14.6,0.0,495.0,130.8493536808262
2025-04-16 17:00:00,2537,5.020538244114966,2.151659247477842,14.6,0.0,496.0,130.8493536808262
2025-04-16 18:00:00,2538,5.272419320084164,2.25960828003607,14.6,0.0,497.0,130.8493536808262
2025-04-16 19:00:00,2539,5.224443286563837,2.239047122813073,14.6,0.8864854563116944,498.0,130.8493536808262
2025-04-16 20:00:00,2540,5.554103340991417,2.380330003282036,14.6,2.749934591810362,494.0,130.8493536808262
2025-04-16 21:00:00,2541,5.586147874804347,2.3940633749161484,14.6,3.2450339154716006,451.0,130.8493536808262
2025-04-16 22:00:00,2542,5.508794419190082,2.3609118939386065,14.6,0.7858124033529599,370.0,130.8493536808262
2025-04-16 23:00:00,2543,5.364430357586089,2.299041581822609,14.6,0.9178806019641186,306.0,130.8493536808262
2025-04-17 00:00:00,2544,5.8005017094298434,2.4859293040413615,14.7,1.0727250800934225,271.0,130.8493536808262
2025-04-17 01:00:00,2545,5.443450262408836,2.3329072553180725,14.8,2.008850109597627,231.0,130.8493536808262
2025-04-17 02:00:00,2546,5.688101430960571,2.4377577561259587,14.9,2.8748016234817833,210.0,130.8493536808262
2025-04-17 03:00:00,2547,5.660870546772557,2.4260873771882387,14.9,4.8764727303816295,202.0,130.8493536808262
2025-04-17 04:00:00,2548,6.367695224282319,2.729012238978137,15.0,8.65684559493734,245.0,130.8493536808262
2025-04-17 05:00:00,2549,6.3115275999273965,2.704940399968884,15.1,12.609009167103654,296.0,130.8493536808262
2025-04-17 06:00:00,2550,6.233065444395333,2.6713137618837135,15.1,15.0,358.0,130.8493536808262
2025-04-17 07:00:00,2551,5.964055131873691,2.5560236279458675,15.1,15.0,425.0,130.8493536808262
2025-04-17 08:00:00,2552,6.351619237550041,2.722122530378589,15.1,15.0,480.0,130.8493536808262
2025-04-17 09:00:00,2553,6.319927138361967,2.708540202155129,15.0,15.0,499.0,130.8493536808262
2025-04-17 10:00:00,2554,6.1289947022470646,2.6267120152487418,14.9,15.0,500.0,130.8493536808262
2025-04-17 11:00:00,2555,5.002910212142941,2.1441043766326886,14.9,15.0,499.0,130.8493536808262
2025-04-17 12:00:00,2556,5.673987372737214,2.431708874030235,14.9,15.0,497.0,130.8493536808262
2025-04-17 13:00:00,2557,5.574940226717517,2.3892600971646503,14.9,15.0,498.0,130.8493536808262
2025-04-17 14:00:00,2558,6.104333572771493,2.616142959759211,14.9,15.0,497.0,130.8493536808262
2025-04-17 15:00:00,2559,5.3736979660867945,2.303013414037198,14.9,15.0,496.0,130.8493536808262
2025-04-17 16:00:00,2560,5.017933797851093,2.150543056221897,14.9,15.0,496.0,130.8493536808262
2025-04-17 17:00:00,2561,6.244128642002064,2.676055132286599,14.9,15.0,496.0,130.8493536808262
2025-04-17 18:00:00,2562,5.888711213477402,2.5237333772046004,14.9,15.0,496.0,130.8493536808262
2025-04-17 19:00:00,2563,4.8916297487148075,2.0964127494492035,14.9,15.0,496.0,130.8493536808262
2025-04-17 20:00:00,2564,5.997831743152,2.5704993184937144,15.0,14.56427792809942,494.0,130.8493536808262
2025-04-17 21:00:00,2565,5.952592389476708,2.5511110240614463,15.0,12.945293887870086,465.0,130.8493536808262
2025-04-17 22:00:00,2566,6.3088911646266705,2.7038104991257157,15.1,10.609952738855407,416.0,130.8493536808262
2025-04-17 23:00:00,2567,5.851167192289639,2.5076430824098455,15.1,9.721589296989169,371.0,130.8493536808262
2025-04-18 00:00:00,2568,6.452200733153381,2.7652288856371627,15.1,11.919031973436491,352.0,130.8493536808262
2025-04-18 01:00:00,2569,6.195858216405673,2.6553678070310025,15.1,13.697237870710273,313.0,130.8493536808262
2025-04-18 02:00:00,2570,5.793023289234304,2.4827242668147016,15.2,12.992990239284651,269.0,130.8493536808262
2025-04-18 03:00:00,2571,5.346584886327079,2.2913935227116053,15.2,11.550503394066494,243.0,130.8493536808262
2025-04-18 04:00:00,2572,4.42984332162181,1.8985042806950614,15.3,9.141959220137052,262.0,130.8493536808262
2025-04-18 05:00:00,2573,5.906578368806327,2.5313907294884257,15.4,8.381692474156509,310.0,130.8493536808262
2025-04-18 06:00:00,2574,5.819767811818469,2.494186205065058,15.4,12.436353311156733,365.0,130.8493536808262
2025-04-18 07:00:00,2575,5.679962153596087,2.434269494398323,15.4,15.0,429.0,130.8493536808262
2025-04-18 08:00:00,2576,5.945472191077048,2.548059510461592,15.4,15.0,480.0,130.8493536808262
2025-04-18 09:00:00,2577,5.952676845449229,2.5511472194782407,15.3,15.0,497.0,130.8493536808262
2025-04-18 10:00:00,2578,5.967639786900518,2.5575599086716507,15.3,15.0,497.0,130.8493536808262
2025-04-18 11:00:00,2579,5.974168001118823,2.56035771476521,15.2,15.0,495.0,130.8493536808262
2025-04-18 12:00:00,2580,5.969535306542058,2.5583722742323105,15.2,15.0,493.0,130.8493536808262
2025-04-18 13:00:00,2581,6.033851383108147,2.5859363070463486,15.2,15.0,494.0,130.8493536808262
2025-04-18 14:00:00,2582,5.574584812255038,2.389107776680731,15.2,15.0,494.0,130.8493536808262
2025-04-18 15:00:00,2583,5.598029984420681,2.3991557076088634,15.2,15.0,493.0,130.8493536808262
2025-04-18 16:00:00,2584,5.701985225543044,2.443707953804162,15.2,15.0,493.0,130.8493536808262
2025-04-18 17:00:00,2585,5.761831229560106,2.469356241240045,15.3,13.155897604113191,494.0,130.8493536808262
2025-04-18 18:00:00,2586,5.587800187409863,2.3947715088899417,15.3,10.215022715817204,495.0,130.8493536808262
2025-04-18 19:00:00,2587,5.209648687780318,2.232706580477279,15.3,7.572090321819336,496.0,130.8493536808262
2025-04-18 20:00:00,2588,5.718952215609488,2.450979520975495,15.4,5.438344845464122,490.0,130.8493536808262
2025-04-18 21:00:00,2589,5.4885781605854085,2.3522477831080324,15.4,4.0574696485505894,441.0,130.8493536808262
2025-04-18 22:00:00,2590,5.648727792396122,2.420883339598338,15.4,3.6024276429415387,357.0,130.8493536808262
2025-04-18 23:00:00,2591,5.881484055229688,2.520636023669866,15.4,2.761642881813403,267.0,130.8493536808262
2025-04-19 00:00:00,2592,5.880994207774176,2.5204260890460755,15.5,2.7282313686865374,209.0,130.8493536808262
2025-04-19 01:00:00,2593,5.13500627371767,2.20071697445043,15.6,2.1342008998190316,181.0,130.8493536808262
2025-04-19 02:00:00,2594,5.277066698998269,2.2616000138564005,15.6,1.6315391746776775,171.0,130.8493536808262
2025-04-19 03:00:00,2595,4.158895431804081,1.7823837564874632,15.8,1.8644202557369274,176.0,130.8493536808262
2025-04-19 04:00:00,2596,3.600442093073231,1.5430466113170989,15.9,2.887160794517753,205.0,130.8493536808262
2025-04-19 05:00:00,2597,4.913284584993857,2.1056933935687954,15.9,4.448999039853422,249.0,130.8493536808262
2025-04-19 06:00:00,2598,5.485329220504107,2.3508553802160455,16.0,4.936237905688177,319.0,130.8493536808262
2025-04-19 07:00:00,2599,5.378212053042146,2.304948022732348,16.0,4.390900256681607,405.0,130.8493536808262
2025-04-19 08:00:00,2600,5.553777494046152,2.3801903545912073,15.9,4.167287536356705,473.0,130.8493536808262
2025-04-19 09:00:00,2601,5.608456799204312,2.4036243425161334,15.9,5.306666442803549,498.0,130.8493536808262
2025-04-19 10:00:00,2602,6.051053835704833,2.5933087867306424,15.9,8.150068495897786,498.0,130.8493536808262
2025-04-19 11:00:00,2603,5.3169740107359305,2.2787031474582555,15.8,10.316883626575903,497.0,130.8493536808262
2025-04-19 12:00:00,2604,5.966333961985837,2.557000269422501,15.8,11.389957536860221,495.0,130.8493536808262
2025-04-19 13:00:00,2605,5.376267975392794,2.3041148465969115,15.7,12.27732645570827,495.0,130.8493536808262
2025-04-19 14:00:00,2606,5.691439514145061,2.4391883632050257,15.7,13.733841851729,494.0,130.8493536808262
2025-04-19 15:00:00,2607,5.780207439930909,2.4772317599703895,15.6,15.0,493.0,130.8493536808262
2025-04-19 16:00:00,2608,5.904554011688623,2.530523147866553,15.6,15.0,492.0,130.8493536808262
2025-04-19 17:00:00,2609,5.728106271106503,2.4549026876170728,15.6,15.0,493.0,130.8493536808262
2025-04-19 18:00:00,2610,5.712450476122861,2.448193061195512,15.6,15.0,494.0,130.8493536808262
2025-04-19 19:00:00,2611,5.23308239142602,2.242749596325437,15.6,15.0,493.0,130.8493536808262
2025-04-19 20:00:00,2612,5.752253135954323,2.4652513439804244,15.6,15.0,490.0,130.8493536808262
2025-04-19 21:00:00,2613,5.794020841896122,2.4831517893840522,15.6,15.0,470.0,130.8493536808262
2025-04-19 22:00:00,2614,5.782496470939785,2.478212773259908,15.6,15.0,437.0,130.8493536808262
2025-04-19 23:00:00,2615,5.513798290773693,2.3630564103315828,15.6,15.0,402.0,130.8493536808262
2025-04-20 00:00:00,2616,5.565796006336242,2.3853411455726747,15.6,15.0,363.0,130.8493536808262
2025-04-20 01:00:00,2617,5.62587454031584,2.411089088706788,15.6,15.0,340.0,130.8493536808262
2025-04-20 02:00:00,2618,5.478230724650908,2.3478131677075322,15.7,15.0,323.0,130.8493536808262
2025-04-20 03:00:00,2619,5.640874431029886,2.4175176132985228,15.7,15.0,299.0,130.8493536808262
2025-04-20 04:00:00,2620,5.643539305141222,2.4186597022033807,15.8,15.0,309.0,130.8493536808262
2025-04-20 05:00:00,2621,5.5751462524233855,2.389348393895737,15.8,15.0,349.0,130.8493536808262
2025-04-20 06:00:00,2622,5.59541544706485,2.3980351915992215,15.8,15.0,395.0,130.8493536808262
2025-04-20 07:00:00,2623,5.498752837754113,2.3566083590374767,15.8,15.0,446.0,130.8493536808262
2025-04-20 08:00:00,2624,5.012502714179678,2.148215448934147,15.9,15.0,486.0,130.8493536808262
2025-04-20 09:00:00,2625,4.788694361530069,2.0522975835128867,15.9,15.0,499.0,130.8493536808262
2025-04-20 10:00:00,2626,5.04428012899382,2.161834340997351,15.9,15.0,499.0,130.8493536808262
2025-04-20 11:00:00,2627,5.073578806009481,2.174390916861206,15.9,15.0,498.0,130.8493536808262
2025-04-20 12:00:00,2628,4.492234882515616,1.9252435210781211,15.9,15.0,497.0,130.8493536808262
2025-04-20 13:00:00,2629,5.029601888200803,2.155543666371773,15.9,11.96115180872665,496.0,130.8493536808262
2025-04-20 14:00:00,2630,4.553491266253636,1.9514962569658438,15.9,8.364721963674286,495.0,130.8493536808262
2025-04-20 15:00:00,2631,5.00585518786272,2.145366509084023,15.9,4.797636247861671,493.0,130.8493536808262
2025-04-20 16:00:00,2632,5.0703257049666774,2.1729967307000044,15.9,3.1630445621089525,492.0,130.8493536808262
2025-04-20 17:00:00,2633,5.039832069504143,2.15992802978749,15.9,0.9883036256030935,493.0,130.8493536808262
2025-04-20 18:00:00,2634,5.133992242913769,2.2002823898201864,15.9,0.6584225705251239,494.0,130.8493536808262
2025-04-20 19:00:00,2635,5.636765523134217,2.4157566527718077,15.9,4.498429794217584,495.0,130.8493536808262
2025-04-20 20:00:00,2636,5.98071045510417,2.563161623616073,15.9,14.900143077289338,483.0,130.8493536808262
2025-04-20 21:00:00,2637,5.182758167012318,2.2211820715767074,15.9,15.0,416.0,130.8493536808262
2025-04-20 22:00:00,2638,4.929859412047371,2.1127968908774446,15.9,8.592972653304656,332.0,130.8493536808262
2025-04-20 23:00:00,2639,5.608729925148049,2.403741396492021,15.9,11.038591420311285,277.0,130.8493536808262
2025-04-21 00:00:00,2640,5.691097763503095,2.439041898644183,15.9,11.44735366700606,238.0,130.8493536808262
2025-04-21 01:00:00,2641,5.543330202801254,2.3757129440576805,15.9,8.417902518725645,218.0,130.8493536808262
2025-04-21 02:00:00,2642,5.167319792731298,2.2145656254562707,16.0,5.6040535268393175,207.0,130.8493536808262
2025-04-21 03:00:00,2643,4.864585199982008,2.0848222285637177,16.1,4.716033909570961,198.0,130.8493536808262
2025-04-21 04:00:00,2644,4.5755667897421795,1.960957195603791,16.2,3.8161165083108957,243.0,130.8493536808262
2025-04-21 05:00:00,2645,4.7828365504506225,2.0497870930502664,16.3,3.1471368965071393,284.0,130.8493536808262
2025-04-21 06:00:00,2646,4.434358554796164,1.9004393806269273,16.4,3.5686584085467334,347.0,130.8493536808262
2025-04-21 07:00:00,2647,4.358932478967644,1.8681139195575616,16.4,3.778794453142643,424.0,130.8493536808262
2025-04-21 08:00:00,2648,3.77286357190392,1.6169415308159654,16.3,3.6686286190648953,483.0,130.8493536808262
2025-04-21 09:00:00,2649,4.151373054793859,1.7791598806259394,16.2,3.0606509575436607,501.0,130.8493536808262
2025-04-21 10:00:00,2650,4.1477615228263485,1.7776120812112919,16.1,2.0721229286709324,501.0,130.8493536808262
2025-04-21 11:00:00,2651,4.32295650394029,1.8526956445458382,16.1,1.167978898727576,500.0,130.8493536808262
2025-04-21 12:00:00,2652,4.982675949074597,2.1354325496033986,16.0,0.5010181045869124,499.0,130.8493536808262
2025-04-21 13:00:00,2653,5.0576845546682,2.1675790948577998,16.0,0.25353307993384955,498.0,130.8493536808262
2025-04-21 14:00:00,2654,4.950953688410046,2.121837295032877,16.0,0.09577909468296733,498.0,130.8493536808262
2025-04-21 15:00:00,2655,5.093756192239096,2.183038368102469,15.9,0.0,498.0,130.8493536808262
2025-04-21 16:00:00,2656,5.068382788094322,2.1721640520404235,15.9,0.0,498.0,130.8493536808262
2025-04-21 17:00:00,2657,5.203224962414721,2.2299535553205945,15.9,0.0,499.0,130.8493536808262
2025-04-21 18:00:00,2658,5.187440008139292,2.2231885749168394,15.9,0.0,499.0,130.8493536808262
2025-04-21 19:00:00,2659,5.117653517207062,2.1932800788030264,15.9,0.17582631348388483,499.0,130.8493536808262
2025-04-21 20:00:00,2660,4.912521375307066,2.105366303703028,15.9,0.2851893768698424,493.0,130.8493536808262
2025-04-21 21:00:00,2661,5.056101994628355,2.166900854840723,15.9,0.49157707311519416,441.0,130.8493536808262
2025-04-21 22:00:00,2662,4.950394692109995,2.121597725189998,15.9,0.0412865638093981,357.0,130.8493536808262
2025-04-21 23:00:00,2663,5.167807403441072,2.2147746014747454,15.9,0.05225743146549838,298.0,130.8493536808262
2025-04-22 00:00:00,2664,5.519530841810683,2.365513217918864,16.0,0.3984039277375819,279.0,130.8493536808262
2025-04-22 01:00:00,2665,5.061879243157939,2.1693768184962594,16.0,0.5602720558361316,269.0,130.8493536808262
2025-04-22 02:00:00,2666,4.896115843921971,2.098335361680845,16.0,0.8641444717557913,256.0,130.8493536808262
2025-04-22 03:00:00,2667,4.4678249027919215,1.9147821011965378,16.1,1.8741318227848571,248.0,130.8493536808262
2025-04-22 04:00:00,2668,3.961415406706953,1.6977494600172658,16.1,3.095066915477559,292.0,130.8493536808262
2025-04-22 05:00:00,2669,4.193451413356238,1.797193462866959,16.2,3.5868712670135294,333.0,130.8493536808262
2025-04-22 06:00:00,2670,4.13740132217897,1.7731719952195584,16.2,4.890601338518976,384.0,130.8493536808262
2025-04-22 07:00:00,2671,4.2906721271143535,1.8388594830490084,16.2,5.857305084926901,450.0,130.8493536808262
2025-04-22 08:00:00,2672,4.595909328101611,1.9696754263292617,16.2,6.773520813525633,489.0,130.8493536808262
2025-04-22 09:00:00,2673,4.304414245329981,1.8447489622842772,16.2,8.996653922695872,502.0,130.8493536808262
2025-04-22 10:00:00,2674,3.963139335488715,1.6984882866380209,16.2,7.053157674270878,501.0,130.8493536808262
2025-04-22 11:00:00,2675,4.824037454517085,2.067444623364465,16.2,7.988314334470039,500.0,130.8493536808262
2025-04-22 12:00:00,2676,4.037734851354374,1.7304577934375889,16.2,8.060223088740635,498.0,130.8493536808262
2025-04-22 13:00:00,2677,4.711137009439884,2.0190587183313786,16.2,7.870216755180598,496.0,130.8493536808262
2025-04-22 14:00:00,2678,4.697539447462932,2.013231191769828,16.2,8.87459669064633,495.0,130.8493536808262
2025-04-22 15:00:00,2679,5.3504313181128484,2.293041993476935,16.2,11.30678719643649,495.0,130.8493536808262
2025-04-22 16:00:00,2680,4.875012785828984,2.0892911939267074,16.2,11.305121100647012,495.0,130.8493536808262
2025-04-22 17:00:00,2681,4.796868474050699,2.055800774593157,16.2,12.05735884233563,495.0,130.8493536808262
2025-04-22 18:00:00,2682,4.517941970967378,1.936260844700305,16.2,14.161321709361182,495.0,130.8493536808262
2025-04-22 19:00:00,2683,4.591242656518417,1.9676754242221783,16.2,15.0,496.0,130.8493536808262
2025-04-22 20:00:00,2684,4.453488608643224,1.90863797513281,16.2,15.0,493.0,130.8493536808262
2025-04-22 21:00:00,2685,4.988585736531229,2.1379653156562415,16.2,13.274386272744149,486.0,130.8493536808262
2025-04-22 22:00:00,2686,4.75715058237188,2.03877882101652,16.2,8.3652209992357,477.0,130.8493536808262
2025-04-22 23:00:00,2687,4.691650367104633,2.0107073001876996,16.2,10.674331311008274,474.0,130.8493536808262
2025-04-23 00:00:00,2688,3.5563206936689653,1.5241374401438421,16.2,12.167049411643491,470.0,130.8493536808262
2025-04-23 01:00:00,2689,4.026306921254371,1.725560109109016,16.2,15.0,462.0,130.8493536808262
2025-04-23 02:00:00,2690,3.855465219800357,1.6523422370572958,16.2,15.0,456.0,130.8493536808262
2025-04-23 03:00:00,2691,3.894059267496451,1.6688825432127647,16.2,15.0,447.0,130.8493536808262
2025-04-23 04:00:00,2692,3.7657597962821923,1.6138970555495111,16.1,15.0,451.0,130.8493536808262
2025-04-23 05:00:00,2693,3.7307214543471385,1.5988806232916308,16.1,15.0,452.0,130.8493536808262
2025-04-23 06:00:00,2694,3.546840218630865,1.5200743794132279,16.1,15.0,462.0,130.8493536808262
2025-04-23 07:00:00,2695,3.8235844293229615,1.6386790411384118,16.1,15.0,477.0,130.8493536808262
2025-04-23 08:00:00,2696,4.247913643613034,1.8205344186913002,16.1,15.0,494.0,130.8493536808262
2025-04-23 09:00:00,2697,4.334918884440706,1.8578223790460164,16.1,14.321238396096092,503.0,130.8493536808262
2025-04-23 10:00:00,2698,4.3955303727456165,1.8837987311766928,16.1,5.91159763461143,502.0,130.8493536808262
2025-04-23 11:00:00,2699,4.497762715967423,1.927612592557467,16.1,1.4829441320040526,500.0,130.8493536808262
2025-04-23 12:00:00,2700,4.319146634045797,1.851062843162484,16.1,0.23174759746581908,498.0,130.8493536808262
2025-04-23 13:00:00,2701,5.0486922954204285,2.1637252694658975,16.1,0.10352189034675999,497.0,130.8493536808262
2025-04-23 14:00:00,2702,5.300844952531021,2.2717906939418655,16.1,0.10476829316749514,497.0,130.8493536808262
2025-04-23 15:00:00,2703,4.759867633067298,2.039943271314556,16.1,0.39761396275247074,496.0,130.8493536808262
2025-04-23 16:00:00,2704,4.7163291444689985,2.021283919058142,16.1,0.8500611860816552,495.0,130.8493536808262
2025-04-23 17:00:00,2705,4.958209255175879,2.124946823646805,16.1,1.8369514619427227,496.0,130.8493536808262
2025-04-23 18:00:00,2706,5.59615479512771,2.3983520550547324,16.1,2.9140975751124176,497.0,130.8493536808262
2025-04-23 19:00:00,2707,5.7603828327642805,2.46873549975612,16.1,3.9831116444822436,498.0,130.8493536808262
2025-04-23 20:00:00,2708,5.604089601775398,2.40175268647517,16.1,5.340729233788094,495.0,130.8493536808262
2025-04-23 21:00:00,2709,5.2676212083508815,2.257551946436092,16.2,5.927575805038771,471.0,130.8493536808262
2025-04-23 22:00:00,2710,5.460459084180574,2.3401967503631034,16.2,1.9611272160460167,430.0,130.8493536808262
2025-04-23 23:00:00,2711,5.11182570145433,2.190782443480427,16.2,2.865875064103337,388.0,130.8493536808262
2025-04-24 00:00:00,2712,5.444901126612022,2.333529054262295,16.3,3.3550648990683096,355.0,130.8493536808262
2025-04-24 01:00:00,2713,5.6562965898435404,2.4241271099329462,16.4,2.928403338598987,312.0,130.8493536808262
2025-04-24 02:00:00,2714,5.139766361838793,2.2027570122166256,16.5,2.8303063795140906,291.0,130.8493536808262
2025-04-24 03:00:00,2715,4.947893447787703,2.1205257633375862,16.6,2.669276642640431,280.0,130.8493536808262
2025-04-24 04:00:00,2716,4.50739257038021,1.9317396730200902,16.8,1.366655343133249,303.0,130.8493536808262
2025-04-24 05:00:00,2717,5.225825253806274,2.239639394488403,16.9,0.7903341223898828,336.0,130.8493536808262
2025-04-24 06:00:00,2718,4.941619883005868,2.1178370927168,16.9,0.8386731206657033,378.0,130.8493536808262
2025-04-24 07:00:00,2719,4.995606590168984,2.1409742529295643,16.9,1.5678648517731526,434.0,130.8493536808262
2025-04-24 08:00:00,2720,4.1819677464856335,1.7922718913509856,16.9,1.6762244646607627,484.0,130.8493536808262
2025-04-24 09:00:00,2721,4.49153857064584,1.9249451017053603,16.8,0.9230239830272711,500.0,130.8493536808262
2025-04-24 10:00:00,2722,4.49305290633965,1.9255941027169927,16.7,0.0,500.0,130.8493536808262
2025-04-24 11:00:00,2723,4.27425474725712,1.8318234631101944,16.6,0.0,499.0,130.8493536808262
2025-04-24 12:00:00,2724,4.535141102588332,1.9436319011092853,16.5,0.0,498.0,130.8493536808262
2025-04-24 13:00:00,2725,5.0585955745233795,2.167969531938591,16.5,0.0,498.0,130.8493536808262
2025-04-24 14:00:00,2726,4.885255330252374,2.0936808558224462,16.5,0.0,498.0,130.8493536808262
2025-04-24 15:00:00,2727,5.121538854215446,2.1949452232351914,16.5,0.0,498.0,130.8493536808262
2025-04-24 16:00:00,2728,4.860895410352746,2.0832408901511767,16.5,0.0,498.0,130.8493536808262
2025-04-24 17:00:00,2729,4.882465906604434,2.092485388544757,16.4,0.01869974247678485,499.0,130.8493536808262
2025-04-24 18:00:00,2730,5.070125678660694,2.172911005140297,16.4,0.2521563036175546,499.0,130.8493536808262
2025-04-24 19:00:00,2731,5.250632673211726,2.250271145662168,16.4,0.1639334845099908,500.0,130.8493536808262
2025-04-24 20:00:00,2732,4.798588392697746,2.056537882584748,16.4,0.13659467526366015,497.0,130.8493536808262
2025-04-24 21:00:00,2733,4.6183973363089885,1.9793131441324237,16.4,0.26093809206372987,485.0,130.8493536808262
2025-04-24 22:00:00,2734,4.771576077985706,2.0449611762795885,16.4,0.5631223523860508,468.0,130.8493536808262
2025-04-24 23:00:00,2735,5.05531594866817,2.166563978000644,16.4,1.6562567474753107,444.0,130.8493536808262
2025-04-25 00:00:00,2736,5.151758794046666,2.2078966260199993,16.4,2.6015578343851473,421.0,130.8493536808262
2025-04-25 01:00:00,2737,5.382687944811497,2.3068662620620706,16.5,2.442964219371598,410.0,130.8493536808262
2025-04-25 02:00:00,2738,4.857852969902991,2.081936987101282,16.5,3.7346128995030146,391.0,130.8493536808262
2025-04-25 03:00:00,2739,4.857151050761482,2.0816361646120636,16.5,4.560746748323003,362.0,130.8493536808262
2025-04-25 04:00:00,2740,4.355314820077334,1.8665634943188576,16.5,4.784040414761924,349.0,130.8493536808262
2025-04-25 05:00:00,2741,4.230865186790919,1.813227937196108,16.6,3.970616934830023,374.0,130.8493536808262
2025-04-25 06:00:00,2742,4.035849488342631,1.7296497807182705,16.6,2.4309698523688206,421.0,130.8493536808262
2025-04-25 07:00:00,2743,4.327781452422884,1.8547634796098071,16.6,1.1609873278084775,460.0,130.8493536808262
2025-04-25 08:00:00,2744,4.495326024222104,1.926568296095187,16.6,0.5397608205363835,484.0,130.8493536808262
2025-04-25 09:00:00,2745,4.753922539680741,2.037395374148889,16.5,0.0,495.0,130.8493536808262
2025-04-25 10:00:00,2746,4.932358052989258,2.1138677369953967,16.5,0.0,496.0,130.8493536808262
2025-04-25 11:00:00,2747,5.074288627588141,2.1746951261092033,16.5,0.0,496.0,130.8493536808262
2025-04-25 12:00:00,2748,5.0023541731678876,2.143866074214809,16.5,0.0,495.0,130.8493536808262
2025-04-25 13:00:00,2749,4.9614917999190205,2.1263536285367226,16.4,1.2457746897875102,496.0,130.8493536808262
2025-04-25 14:00:00,2750,4.987284214032073,2.1374075202994596,16.4,6.702408839949435,496.0,130.8493536808262
2025-04-25 15:00:00,2751,5.199531539947603,2.228370659977544,16.4,10.960761577915562,493.0,130.8493536808262
2025-04-25 16:00:00,2752,5.252548941606184,2.2510924035455075,16.3,11.372934420935835,492.0,130.8493536808262
2025-04-25 17:00:00,2753,5.276098876948408,2.261185232977889,16.2,12.873309449027813,492.0,130.8493536808262
2025-04-25 18:00:00,2754,4.923091784914883,2.1098964792492354,16.2,13.419113050902073,494.0,130.8493536808262
2025-04-25 19:00:00,2755,5.176124866696236,2.218339228584101,16.2,13.221532755796337,494.0,130.8493536808262
2025-04-25 20:00:00,2756,4.789373664733114,2.0525887134570486,16.2,12.956353984505007,487.0,130.8493536808262
2025-04-25 21:00:00,2757,4.921652734466184,2.10927974334265,16.2,12.865391400353635,447.0,130.8493536808262
2025-04-25 22:00:00,2758,4.988311553086126,2.1378478084654824,16.2,7.206190143385778,370.0,130.8493536808262
2025-04-25 23:00:00,2759,4.816928565283639,2.064397956550131,16.2,4.979614210294695,312.0,130.8493536808262
2025-04-26 00:00:00,2760,4.679267052999448,2.0054001655711917,16.2,4.165695373917758,262.0,130.8493536808262
2025-04-26 01:00:00,2761,4.729550478924286,2.0269502052532653,16.3,3.4168020155420105,224.0,130.8493536808262
2025-04-26 02:00:00,2762,4.49256440574891,1.9253847453209614,16.4,2.4488352043319046,220.0,130.8493536808262
2025-04-26 03:00:00,2763,4.8979345794140965,2.0991148197488982,16.4,1.8374243062050637,239.0,130.8493536808262
2025-04-26 04:00:00,2764,4.777783780610637,2.0476216202617015,16.5,1.2006552984126608,280.0,130.8493536808262
2025-04-26 05:00:00,2765,4.771464252529343,2.044913251084004,16.5,1.021288184944283,302.0,130.8493536808262
2025-04-26 06:00:00,2766,4.303095536111046,1.8441838011904483,16.5,0.9397427749438901,343.0,130.8493536808262
2025-04-26 07:00:00,2767,4.236756439546593,1.8157527598056824,16.5,0.7022898465468377,405.0,130.8493536808262
2025-04-26 08:00:00,2768,4.57520479127685,1.9608020534043642,16.5,0.513687417980102,466.0,130.8493536808262
2025-04-26 09:00:00,2769,4.171770202742707,1.7879015154611602,16.4,0.746285613135714,492.0,130.8493536808262
2025-04-26 10:00:00,2770,4.391531576135065,1.882084961200742,16.4,1.9768116526137955,494.0,130.8493536808262
2025-04-26 11:00:00,2771,4.802802757894849,2.058344039097792,16.3,2.429890140955277,494.0,130.8493536808262
2025-04-26 12:00:00,2772,4.507062678713,1.9315982908769995,16.2,1.5404609727034815,493.0,130.8493536808262
2025-04-26 13:00:00,2773,5.397410436280479,2.313175901263062,16.2,1.6339707822766762,493.0,130.8493536808262
2025-04-26 14:00:00,2774,4.899624702538265,2.099839158230685,16.1,1.7795297463742357,491.0,130.8493536808262
2025-04-26 15:00:00,2775,5.258651868177358,2.253707943504582,16.1,1.2093580636502728,489.0,130.8493536808262
2025-04-26 16:00:00,2776,5.058096135888773,2.1677554868094737,16.1,0.6861003057951511,490.0,130.8493536808262
2025-04-26 17:00:00,2777,5.755228598863546,2.4665265423700915,16.0,0.08681339807200374,491.0,130.8493536808262
2025-04-26 18:00:00,2778,5.510104629542734,2.361473412661171,16.0,0.0,492.0,130.8493536808262
2025-04-26 19:00:00,2779,5.74533458311741,2.462286249907461,16.0,0.0,494.0,130.8493536808262
2025-04-26 20:00:00,2780,6.077592887528665,2.6046826660837135,16.0,0.0,483.0,130.8493536808262
2025-04-26 21:00:00,2781,6.123665118467612,2.6244279079146904,16.1,0.27516985252254755,417.0,130.8493536808262
2025-04-26 22:00:00,2782,6.02810149812538,2.583472070625163,16.1,0.0,307.0,130.8493536808262
2025-04-26 23:00:00,2783,6.002831285943124,2.57264197968991,16.1,0.25149632187850557,217.0,130.8493536808262
2025-04-27 00:00:00,2784,5.779156027362008,2.4767811545837177,16.2,1.7905303532005898,154.0,130.8493536808262
2025-04-27 01:00:00,2785,5.3262631853232225,2.282684222281381,16.2,5.472926789697198,122.0,130.8493536808262
2025-04-27 02:00:00,2786,4.662150844767973,1.9980646477577024,16.3,10.861178374394386,112.0,130.8493536808262
2025-04-27 03:00:00,2787,4.544083287887486,1.9474642662374937,16.4,13.478348037691278,125.0,130.8493536808262
2025-04-27 04:00:00,2788,4.431129925123008,1.8990556821955746,16.4,12.218467105255206,156.0,130.8493536808262
2025-04-27 05:00:00,2789,4.462419534665803,1.9124655148567724,16.5,9.712229629562392,203.0,130.8493536808262
2025-04-27 06:00:00,2790,4.082138067457156,1.749487743195924,16.5,10.202507337682484,281.0,130.8493536808262
2025-04-27 07:00:00,2791,3.8239136306883688,1.6388201274378722,16.5,12.635665609533584,388.0,130.8493536808262
2025-04-27 08:00:00,2792,3.9461942288007648,1.6912260980574705,16.5,15.0,463.0,130.8493536808262
2025-04-27 09:00:00,2793,4.477315198485688,1.9188493707795804,16.5,15.0,493.0,130.8493536808262
2025-04-27 10:00:00,2794,3.951400006934496,1.6934571458290695,16.5,15.0,494.0,130.8493536808262
2025-04-27 11:00:00,2795,4.600348682838572,1.9715780069308164,16.5,15.0,493.0,130.8493536808262
2025-04-27 12:00:00,2796,4.233050382889316,1.8141644498097067,16.5,15.0,493.0,130.8493536808262
2025-04-27 13:00:00,2797,4.897931012778147,2.0991132911906343,16.5,15.0,493.0,130.8493536808262
2025-04-27 14:00:00,2798,4.850874163446505,2.078946070048502,16.5,15.0,493.0,130.8493536808262
2025-04-27 15:00:00,2799,4.959455388085848,2.1254808806082206,16.5,15.0,491.0,130.8493536808262
2025-04-27 16:00:00,2800,4.4652456866376555,1.9136767228447094,16.5,15.0,490.0,130.8493536808262
2025-04-27 17:00:00,2801,4.581143796793423,1.9633473414828957,16.5,15.0,493.0,130.8493536808262
2025-04-27 18:00:00,2802,4.649476725244673,1.9926328822477166,16.5,15.0,495.0,130.8493536808262
2025-04-27 19:00:00,2803,4.2839099744329365,1.8359614176141157,16.5,15.0,496.0,130.8493536808262
2025-04-27 20:00:00,2804,4.114446703049774,1.7633343013070457,16.5,14.630997141002428,490.0,130.8493536808262
2025-04-27 21:00:00,2805,4.022526087536761,1.7239397518014692,16.5,11.968140105621279,458.0,130.8493536808262
2025-04-27 22:00:00,2806,3.9008897458354945,1.6718098910723547,16.5,11.74651617021744,423.0,130.8493536808262
2025-04-27 23:00:00,2807,4.022949538637591,1.724121230844682,16.5,12.55433600791011,402.0,130.8493536808262
2025-04-28 00:00:00,2808,4.266361567634684,1.828440671843436,16.5,15.0,357.0,130.8493536808262
2025-04-28 01:00:00,2809,4.994943390018433,2.140690024293614,16.5,15.0,318.0,130.8493536808262
2025-04-28 02:00:00,2810,4.0006966257305105,1.7145842681702188,16.5,13.675587612127524,318.0,130.8493536808262
2025-04-28 03:00:00,2811,4.227657009212614,1.8118530039482628,16.5,10.15365646116209,326.0,130.8493536808262
2025-04-28 04:00:00,2812,4.1880412066564565,1.7948748028527668,16.6,9.140881822872746,386.0,130.8493536808262
2025-04-28 05:00:00,2813,4.117835825503776,1.764786782358761,16.6,10.501920716500228,428.0,130.8493536808262
2025-04-28 06:00:00,2814,4.102074056946325,1.7580317386912818,16.6,7.659043907153325,462.0,130.8493536808262
2025-04-28 07:00:00,2815,4.133007252675883,1.7712888225753782,16.6,5.16557867475541,483.0,130.8493536808262
2025-04-28 08:00:00,2816,4.4950160633842415,1.9264354557361032,16.6,7.962129127855416,493.0,130.8493536808262
2025-04-28 09:00:00,2817,4.137374475263218,1.773160489398522,16.6,5.683714803406927,497.0,130.8493536808262
2025-04-28 10:00:00,2818,4.464275456754649,1.9132609100377063,16.5,0.9743374540504005,498.0,130.8493536808262
2025-04-28 11:00:00,2819,4.375962454800387,1.8754124806287373,16.5,0.2912315543869172,497.0,130.8493536808262
2025-04-28 12:00:00,2820,4.219255052592312,1.808252165396705,16.5,0.0,496.0,130.8493536808262
2025-04-28 13:00:00,2821,4.885703010572316,2.093872718816707,16.5,0.0,495.0,130.8493536808262
2025-04-28 14:00:00,2822,4.526604781682318,1.9399734778638504,16.5,0.5559652258563734,494.0,130.8493536808262
2025-04-28 15:00:00,2823,4.6253227883642545,1.982281195013252,16.5,1.4749734886058956,492.0,130.8493536808262
2025-04-28 16:00:00,2824,4.448284222060082,1.9064075237400346,16.5,4.070722810693533,492.0,130.8493536808262
2025-04-28 17:00:00,2825,4.542999290711776,1.9469996960193328,16.5,4.963815881188478,493.0,130.8493536808262
2025-04-28 18:00:00,2826,4.446151866511337,1.9054936570762873,16.5,5.239337874249028,496.0,130.8493536808262
2025-04-28 19:00:00,2827,4.24626200865078,1.8198265751360487,16.5,8.547921360932753,495.0,130.8493536808262
2025-04-28 20:00:00,2828,4.4656323685721455,1.9138424436737766,16.5,4.916736748755887,484.0,130.8493536808262
2025-04-28 21:00:00,2829,4.240181399217492,1.8172205996646393,16.5,2.828858054485945,427.0,130.8493536808262
2025-04-28 22:00:00,2830,4.197206094278898,1.7988026118338134,16.5,1.5492987286949282,329.0,130.8493536808262
2025-04-28 23:00:00,2831,4.142250606448463,1.7752502599064839,16.5,2.7215326532595894,247.0,130.8493536808262
2025-04-29 00:00:00,2832,4.6126364756683085,1.9768442038578462,16.6,1.8278603251746193,196.0,130.8493536808262
2025-04-29 01:00:00,2833,4.416745912630573,1.8928911054131023,16.7,0.4598560135137877,169.0,130.8493536808262
2025-04-29 02:00:00,2834,4.05492251977742,1.7378239370474653,16.8,0.0,158.0,130.8493536808262
2025-04-29 03:00:00,2835,3.634678268051029,1.5577192577361552,17.0,0.0,156.0,130.8493536808262
2025-04-29 04:00:00,2836,3.5997065246436057,1.5427313677044023,17.1,0.0,169.0,130.8493536808262
2025-04-29 05:00:00,2837,3.6105558047473725,1.547381059177445,17.2,0.0,210.0,130.8493536808262
2025-04-29 06:00:00,2838,3.7140140348045723,1.591720300630531,17.2,0.07353066549221948,291.0,130.8493536808262
2025-04-29 07:00:00,2839,4.03928437450747,1.7311218747889157,17.2,0.4985505647684451,386.0,130.8493536808262
2025-04-29 08:00:00,2840,4.0385775800483525,1.7308189628778652,17.2,0.6269338936074662,460.0,130.8493536808262
2025-04-29 09:00:00,2841,3.9061366793695234,1.6740585768726526,17.1,0.4051397211808295,490.0,130.8493536808262
2025-04-29 10:00:00,2842,3.988411930413312,1.7093193987485622,17.0,0.6436034160900946,492.0,130.8493536808262
2025-04-29 11:00:00,2843,3.849327971372066,1.6497119877308855,16.9,0.01626268341714597,490.0,130.8493536808262
2025-04-29 12:00:00,2844,3.9854242424381527,1.7080389610449225,16.9,0.30564775303115965,488.0,130.8493536808262
2025-04-29 13:00:00,2845,4.267000417553963,1.8287144646659843,16.8,5.090919285966824,489.0,130.8493536808262
2025-04-29 14:00:00,2846,4.027016134911909,1.7258640578193896,16.8,8.966635229951558,488.0,130.8493536808262
2025-04-29 15:00:00,2847,4.2760717614544195,1.8326021834804656,16.7,8.137209375207396,488.0,130.8493536808262
2025-04-29 16:00:00,2848,3.9604739588739513,1.6973459823745503,16.6,7.428119708704694,489.0,130.8493536808262
2025-04-29 17:00:00,2849,3.9924733636129717,1.7110600129769877,16.6,7.615781377945781,490.0,130.8493536808262
2025-04-29 18:00:00,2850,4.2947713398639795,1.840616288513134,16.6,6.357126148686728,492.0,130.8493536808262
2025-04-29 19:00:00,2851,4.0159693465694914,1.7211297199583533,16.6,4.144470710269427,492.0,130.8493536808262
2025-04-29 20:00:00,2852,3.7160736574220423,1.5926029960380181,16.5,1.6629076564055807,482.0,130.8493536808262
2025-04-29 21:00:00,2853,4.106552286614191,1.7599509799775102,16.5,0.6479716012568151,423.0,130.8493536808262
2025-04-29 22:00:00,2854,3.815688832088515,1.6352952137522208,16.5,2.311556625850881,327.0,130.8493536808262
2025-04-29 23:00:00,2855,3.9214660842876174,1.6806283218375502,16.5,1.186874182865198,257.0,130.8493536808262
2025-04-30 00:00:00,2856,4.230100444404119,1.8129001904589077,16.5,0.5372230436547231,203.0,130.8493536808262
2025-04-30 01:00:00,2857,4.1464875931306615,1.7770661113417119,16.6,0.29352699256759546,165.0,130.8493536808262
2025-04-30 02:00:00,2858,4.36102186790991,1.8690093719613898,16.6,0.0,157.0,130.8493536808262
2025-04-30 03:00:00,2859,4.8337345671845515,2.071600528793379,16.6,0.0,153.0,130.8493536808262
2025-04-30 04:00:00,2860,4.321315766397291,1.8519924713131242,16.7,0.0,183.0,130.8493536808262
2025-04-30 05:00:00,2861,4.245235713240856,1.819386734246081,16.8,0.0,231.0,130.8493536808262
2025-04-30 06:00:00,2862,4.458088304407999,1.9106092733177138,16.8,0.22698408879970042,306.0,130.8493536808262
2025-04-30 07:00:00,2863,4.155198112341489,1.7807991910034953,16.7,0.634913205809268,396.0,130.8493536808262
2025-04-30 08:00:00,2864,4.21723947873412,1.8073883480289084,16.6,0.7829718508720793,468.0,130.8493536808262
2025-04-30 09:00:00,2865,3.9500541362787054,1.6928803441194449,16.6,0.8523696059785981,497.0,130.8493536808262
2025-04-30 10:00:00,2866,3.84623420941808,1.6483860897506057,16.5,0.4497406490823511,499.0,130.8493536808262
2025-04-30 11:00:00,2867,4.3763585918451025,1.8755822536479008,16.4,0.41450678453756584,498.0,130.8493536808262
2025-04-30 12:00:00,2868,4.26677896700265,1.82861955728685,16.4,0.3408460678992911,497.0,130.8493536808262
2025-04-30 13:00:00,2869,4.572064639083624,1.959456273892982,16.3,0.44279386017740285,495.0,130.8493536808262
2025-04-30 14:00:00,2870,4.424204600530949,1.896087685941835,16.2,0.43184339818262896,494.0,130.8493536808262
2025-04-30 15:00:00,2871,4.729467244037564,2.0269145331589558,16.2,0.39915189226368547,494.0,130.8493536808262
2025-04-30 16:00:00,2872,4.752898248046437,2.0369563920199014,16.2,0.451771061117443,495.0,130.8493536808262
2025-04-30 17:00:00,2873,4.818747907750556,2.0651776747502377,16.1,0.5460146819513407,497.0,130.8493536808262
2025-04-30 18:00:00,2874,4.697703977342926,2.0133017045755395,16.1,0.6321161667157729,498.0,130.8493536808262
2025-04-30 19:00:00,2875,4.979519416016583,2.1340797497213924,16.1,0.6122483141955483,497.0,130.8493536808262
2025-04-30 20:00:00,2876,5.051013561214575,2.164720097663389,16.2,0.5538467082647418,486.0,130.8493536808262
2025-04-30 21:00:00,2877,4.676806273129979,2.0043455456271335,16.2,0.5811241842270249,435.0,130.8493536808262
2025-04-30 22:00:00,2878,4.6081702557058914,1.9749301095882392,16.2,0.8455988048243557,347.0,130.8493536808262
2025-04-30 23:00:00,2879,5.18657912388543,2.222819624522327,16.3,1.3117299714730846,274.0,130.8493536808262
2025-05-01 00:00:00,2880,5.115187023111734,2.1922230099050286,16.4,1.9072410073434762,240.0,130.8493536808262
2025-05-01 01:00:00,2881,5.352359044577966,2.2938681619619854,16.4,1.7850656249049799,207.0,130.8493536808262
2025-05-01 02:00:00,2882,4.3181592292273105,1.8506396696688474,16.5,1.7413090763497476,196.0,130.8493536808262
2025-05-01 03:00:00,2883,5.009589089752973,2.146966752751274,16.6,2.0403092707296993,197.0,130.8493536808262
2025-05-01 04:00:00,2884,5.548061027098182,2.377740440184935,16.7,2.4267182180342406,226.0,130.8493536808262
2025-05-01 05:00:00,2885,5.5069312449561885,2.360113390695509,16.8,2.6475478100983474,266.0,130.8493536808262
2025-05-01 06:00:00,2886,5.060627913270263,2.1688405342586843,16.8,3.3582497532824207,323.0,130.8493536808262
2025-05-01 07:00:00,2887,5.350831739983702,2.2932136028501575,16.8,3.985803947660726,407.0,130.8493536808262
2025-05-01 08:00:00,2888,5.578012913539821,2.3905769629456373,16.8,4.728512820906909,472.0,130.8493536808262
2025-05-01 09:00:00,2889,5.5237157296319594,2.3673067412708395,16.8,5.67036024575541,498.0,130.8493536808262
2025-05-01 10:00:00,2890,5.840775756203479,2.5031896098014905,16.7,4.827445172442151,499.0,130.8493536808262
2025-05-01 11:00:00,2891,5.307802441697762,2.274772475013326,16.6,4.072322315312477,496.0,130.8493536808262
2025-05-01 12:00:00,2892,5.799972824058213,2.485702638882091,16.6,3.756773360525443,495.0,130.8493536808262
2025-05-01 13:00:00,2893,5.944309106478263,2.5475610456335414,16.6,4.366240214807581,492.0,130.8493536808262
2025-05-01 14:00:00,2894,5.76587751190136,2.4710903622434404,16.5,5.528967582378756,491.0,130.8493536808262
2025-05-01 15:00:00,2895,5.2770821365209795,2.2616066299375626,16.5,6.240644467462131,488.0,130.8493536808262
2025-05-01 16:00:00,2896,5.1538580215306125,2.208796294941691,16.5,7.364152623783932,487.0,130.8493536808262
2025-05-01 17:00:00,2897,4.850654185373781,2.0788517937316198,16.5,7.7070286125068845,487.0,130.8493536808262
2025-05-01 18:00:00,2898,4.918170354494021,2.1077872947831517,16.5,7.682641286818966,490.0,130.8493536808262
2025-05-01 19:00:00,2899,4.939529620834898,2.1169412660720988,16.5,8.167495451177425,491.0,130.8493536808262
2025-05-01 20:00:00,2900,5.3224614743399945,2.2810549175742834,16.5,9.368656276605435,484.0,130.8493536808262
2025-05-01 21:00:00,2901,5.588648442452921,2.395135046765537,16.5,9.21275065399795,462.0,130.8493536808262
2025-05-01 22:00:00,2902,5.220979554867306,2.2375626663717028,16.5,1.9477802279082697,431.0,130.8493536808262
2025-05-01 23:00:00,2903,4.989447001276803,2.1383344291186295,16.5,3.631168178543724,399.0,130.8493536808262
2025-05-02 00:00:00,2904,4.625166536625086,1.9822142299821797,16.5,7.152920992130984,400.0,130.8493536808262
2025-05-02 01:00:00,2905,5.097610460105853,2.184690197188223,16.5,10.144646363515482,408.0,130.8493536808262
2025-05-02 02:00:00,2906,4.944215330162828,2.1189494272126406,16.5,10.671514387762755,430.0,130.8493536808262
2025-05-02 03:00:00,2907,4.425298910739752,1.8965566760313224,16.6,15.0,439.0,130.8493536808262
2025-05-02 04:00:00,2908,4.106028153780391,1.7597263516201676,16.6,15.0,453.0,130.8493536808262
2025-05-02 05:00:00,2909,4.351818784728535,1.8650651934550864,16.6,15.0,466.0,130.8493536808262
2025-05-02 06:00:00,2910,4.4552542387779965,1.9093946737619985,16.6,15.0,476.0,130.8493536808262
2025-05-02 07:00:00,2911,4.275494969122608,1.832354986766832,16.6,15.0,482.0,130.8493536808262
2025-05-02 08:00:00,2912,5.37839393570623,2.305025972445527,16.5,15.0,489.0,130.8493536808262
2025-05-02 09:00:00,2913,5.03626439522274,2.158399026524031,16.5,15.0,494.0,130.8493536808262
2025-05-02 10:00:00,2914,5.641531085116043,2.417799036478304,16.5,15.0,495.0,130.8493536808262
2025-05-02 11:00:00,2915,5.0744846845800655,2.1747791505343135,16.5,10.471113025018218,493.0,130.8493536808262
2025-05-02 12:00:00,2916,5.4239593745587555,2.324554017668038,16.5,1.0931552100318016,491.0,130.8493536808262
2025-05-02 13:00:00,2917,5.293303214746089,2.2685585206054664,16.5,4.568624911195672,490.0,130.8493536808262
2025-05-02 14:00:00,2918,5.640468700586057,2.417343728822596,16.4,14.304635004184373,489.0,130.8493536808262
2025-05-02 15:00:00,2919,5.49405354352268,2.3545943757954344,16.4,15.0,489.0,130.8493536808262
2025-05-02 16:00:00,2920,5.211923787,2.2336816230000003,16.4,15.0,489.0,130.8493536808262
2025-05-02 17:00:00,2921,5.243481597462081,2.2472063989123203,16.4,15.0,491.0,130.8493536808262
2025-05-02 18:00:00,2922,4.98995990210301,2.1385542437584326,16.4,15.0,492.0,130.8493536808262
2025-05-02 19:00:00,2923,4.753795107866901,2.037340760514386,16.4,15.0,492.0,130.8493536808262
2025-05-02 20:00:00,2924,5.372518024197886,2.302507724656236,16.4,12.05157676945603,479.0,130.8493536808262
2025-05-02 21:00:00,2925,5.177868862040122,2.2190866551600523,16.4,8.068599565857221,406.0,130.8493536808262
2025-05-02 22:00:00,2926,5.107151595587791,2.18877925525191,16.4,2.1670658221223444,287.0,130.8493536808262
2025-05-02 23:00:00,2927,5.265352172285096,2.2565795024078983,16.4,1.2341714733501554,174.0,130.8493536808262
2025-05-03 00:00:00,2928,5.331677204826267,2.2850045163541144,16.5,0.694321399023885,126.0,130.8493536808262
2025-05-03 01:00:00,2929,5.379651639405552,2.305564988316665,16.5,0.0,103.0,130.8493536808262
2025-05-03 02:00:00,2930,6.121067866717226,2.6233148000216677,16.7,0.0,97.0,130.8493536808262
2025-05-03 03:00:00,2931,5.2757354269555865,2.2610294686952517,16.9,0.0,107.0,130.8493536808262
2025-05-03 04:00:00,2932,5.122225916064956,2.1952396783135524,17.0,0.08577077639175187,131.0,130.8493536808262
2025-05-03 05:00:00,2933,4.890896729489676,2.096098598352718,17.1,0.19214505733484968,180.0,130.8493536808262
2025-05-03 06:00:00,2934,4.380816680424118,1.8774928630389078,17.2,0.6963731151921456,265.0,130.8493536808262
2025-05-03 07:00:00,2935,4.654800133312673,1.994914342848288,17.2,1.3408543826708976,378.0,130.8493536808262
2025-05-03 08:00:00,2936,4.817067595099752,2.064457540757037,17.1,0.9864413710427574,466.0,130.8493536808262
2025-05-03 09:00:00,2937,4.659943072729799,1.9971184597413423,17.0,1.1362487875109724,497.0,130.8493536808262
2025-05-03 10:00:00,2938,4.428735710647274,1.8980295902774027,17.0,0.8990099211738029,498.0,130.8493536808262
2025-05-03 11:00:00,2939,4.614276002796661,1.9775468583414262,16.9,1.6215820035903106,498.0,130.8493536808262
2025-05-03 12:00:00,2940,4.631870754372473,1.9850874661596314,16.8,3.345726150027426,498.0,130.8493536808262
2025-05-03 13:00:00,2941,5.182676179819243,2.2211469342082473,16.8,5.5489886747778145,497.0,130.8493536808262
2025-05-03 14:00:00,2942,5.154493803581527,2.2090687729635112,16.7,11.9740995342891,496.0,130.8493536808262
2025-05-03 15:00:00,2943,5.245436012603905,2.2480440054016735,16.7,15.0,493.0,130.8493536808262
2025-05-03 16:00:00,2944,5.268034996580981,2.257729284248992,16.7,15.0,493.0,130.8493536808262
2025-05-03 17:00:00,2945,5.603179961707388,2.401362840731738,16.6,15.0,494.0,130.8493536808262
2025-05-03 18:00:00,2946,5.3639229736777745,2.298824131576189,16.6,15.0,494.0,130.8493536808262
2025-05-03 19:00:00,2947,5.112883000186817,2.191235571508636,16.6,15.0,494.0,130.8493536808262
2025-05-03 20:00:00,2948,5.237025278929215,2.244439405255378,16.6,15.0,481.0,130.8493536808262
2025-05-03 21:00:00,2949,4.975445153099694,2.132333637042726,16.6,15.0,426.0,130.8493536808262
2025-05-03 22:00:00,2950,4.9516058878930025,2.122116809097001,16.6,15.0,357.0,130.8493536808262
2025-05-03 23:00:00,2951,4.954126596753911,2.1231971128945335,16.6,15.0,278.0,130.8493536808262
2025-05-04 00:00:00,2952,5.218701320377216,2.2365862801616636,16.7,15.0,235.0,130.8493536808262
2025-05-04 01:00:00,2953,5.596643161957736,2.3985613551247438,16.8,15.0,201.0,130.8493536808262
2025-05-04 02:00:00,2954,5.195839835690316,2.2267885010101356,16.9,15.0,201.0,130.8493536808262
2025-05-04 03:00:00,2955,4.561975387769827,1.9551323090442114,17.0,15.0,196.0,130.8493536808262
2025-05-04 04:00:00,2956,4.421115117891158,1.894763621953353,17.0,13.955841378656972,184.0,130.8493536808262
2025-05-04 05:00:00,2957,4.8084732872492255,2.0607742659639534,17.1,13.173759944581287,230.0,130.8493536808262
2025-05-04 06:00:00,2958,4.349540880538973,1.8640889488024164,17.2,12.570613296069252,297.0,130.8493536808262
2025-05-04 07:00:00,2959,4.14016870970536,1.7743580184451544,17.2,14.216938020872595,386.0,130.8493536808262
2025-05-04 08:00:00,2960,4.40825978569338,1.8892541938685914,17.2,11.994663079604237,461.0,130.8493536808262
2025-05-04 09:00:00,2961,4.552111678448047,1.9509050050491628,17.2,6.135211925915007,493.0,130.8493536808262
2025-05-04 10:00:00,2962,4.189304132914396,1.7954160569633122,17.1,2.9280313702814995,495.0,130.8493536808262
2025-05-04 11:00:00,2963,4.55996601278749,1.9542711483374957,17.1,1.8840764521222053,493.0,130.8493536808262
2025-05-04 12:00:00,2964,4.731409898012416,2.027747099148178,17.1,0.14664627529359775,491.0,130.8493536808262
2025-05-04 13:00:00,2965,4.883203173034283,2.092801359871835,17.1,1.9000699366827476,491.0,130.8493536808262
2025-05-04 14:00:00,2966,5.070005805048227,2.1728596307349544,17.0,7.394985135223598,490.0,130.8493536808262
2025-05-04 15:00:00,2967,5.14565102674941,2.2052790114640324,17.0,9.878288969546002,490.0,130.8493536808262
2025-05-04 16:00:00,2968,4.936587279833011,2.115680262785576,17.0,6.640317006897764,490.0,130.8493536808262
2025-05-04 17:00:00,2969,5.118331455244244,2.1935706236761043,17.0,4.583721358078699,492.0,130.8493536808262
2025-05-04 18:00:00,2970,5.046250119428338,2.1626786226121446,17.0,2.393496391966111,492.0,130.8493536808262
2025-05-04 19:00:00,2971,5.023370188830553,2.152872938070237,17.0,1.1594031140889316,492.0,130.8493536808262
2025-05-04 20:00:00,2972,5.1340075138961705,2.2002889345269296,17.0,0.4406022565556614,477.0,130.8493536808262
2025-05-04 21:00:00,2973,4.928476548820497,2.112204235208784,17.0,0.06392086552648903,407.0,130.8493536808262
2025-05-04 22:00:00,2974,4.726669124548865,2.0257153390923706,17.0,0.0,316.0,130.8493536808262
2025-05-04 23:00:00,2975,4.660639563776629,1.9974169559042694,17.0,0.0,236.0,130.8493536808262
2025-05-05 00:00:00,2976,5.015566301949171,2.149528415121073,17.0,0.0,199.0,130.8493536808262
2025-05-05 01:00:00,2977,4.514161911511897,1.934640819219384,17.1,0.0,146.0,130.8493536808262
2025-05-05 02:00:00,2978,4.253940171660236,1.8231172164258154,17.2,0.0,127.0,130.8493536808262
2025-05-05 03:00:00,2979,4.200435289089644,1.8001865524669904,17.4,0.11274808768432419,121.0,130.8493536808262
2025-05-05 04:00:00,2980,3.9790050674956,1.705287886069543,17.5,0.693426480888411,137.0,130.8493536808262
2025-05-05 05:00:00,2981,3.833054556823609,1.6427376672101184,17.6,1.4749734886058956,186.0,130.8493536808262
2025-05-05 06:00:00,2982,3.792850287019202,1.6255072658653722,17.7,2.3451992643504727,274.0,130.8493536808262
2025-05-05 07:00:00,2983,4.000888444027932,1.7146664760119712,17.7,3.3656896928632376,380.0,130.8493536808262
2025-05-05 08:00:00,2984,3.870280559545379,1.6586916683765909,17.6,4.50617222223801,461.0,130.8493536808262
2025-05-05 09:00:00,2985,4.081623657267147,1.7492672816859203,17.5,7.488666395470111,495.0,130.8493536808262
2025-05-05 10:00:00,2986,3.7196748963888657,1.5941463841666568,17.4,10.954565289134486,498.0,130.8493536808262
2025-05-05 11:00:00,2987,3.9297606671061898,1.6841831430455099,17.3,8.524669577661571,497.0,130.8493536808262
2025-05-05 12:00:00,2988,4.110194495864797,1.7615119267991988,17.2,4.718876417412369,496.0,130.8493536808262
2025-05-05 13:00:00,2989,4.322299567610392,1.8524141004044536,17.2,3.6262294438265967,495.0,130.8493536808262
2025-05-05 14:00:00,2990,3.900177344788707,1.6715045763380172,17.1,2.6758134699912133,495.0,130.8493536808262
2025-05-05 15:00:00,2991,3.9430204568454945,1.6898659100766402,17.1,2.9682876926951356,491.0,130.8493536808262
2025-05-05 16:00:00,2992,3.914318360976533,1.6775650118470855,17.1,3.6950141403822343,491.0,130.8493536808262
2025-05-05 17:00:00,2993,4.11791227137763,1.764819544876127,17.1,5.500520873739936,492.0,130.8493536808262
2025-05-05 18:00:00,2994,4.203549080244613,1.8015210343905488,17.1,5.809249197764028,495.0,130.8493536808262
2025-05-05 19:00:00,2995,4.264813061523341,1.827777026367146,17.1,6.77290641005947,496.0,130.8493536808262
2025-05-05 20:00:00,2996,3.9553319564096916,1.695142267032725,17.0,6.004560219521221,489.0,130.8493536808262
2025-05-05 21:00:00,2997,3.8817343923495713,1.6636004538641018,17.0,4.40026952599892,474.0,130.8493536808262
2025-05-05 22:00:00,2998,3.8898630022889122,1.6670841438381052,17.0,3.743133324548215,473.0,130.8493536808262
2025-05-05 23:00:00,2999,3.873324434423669,1.6599961861815722,17.0,9.491512797305758,473.0,130.8493536808262
2025-05-06 00:00:00,3000,4.474246097699826,1.9175340418713538,17.0,15.0,470.0,130.8493536808262
2025-05-06 01:00:00,3001,4.109438905563389,1.7611881023843092,17.0,10.2706832144066,466.0,130.8493536808262
2025-05-06 02:00:00,3002,3.581612692460391,1.5349768681973102,17.0,9.57104999721372,461.0,130.8493536808262
2025-05-06 03:00:00,3003,3.4743653560868895,1.4890137240372383,17.0,6.853527090908106,453.0,130.8493536808262
2025-05-06 04:00:00,3004,3.5169736271389693,1.5072744116309869,17.0,8.80461341468313,459.0,130.8493536808262
2025-05-06 05:00:00,3005,3.3608761490627392,1.4403754924554597,17.0,8.173918677548233,463.0,130.8493536808262
2025-05-06 06:00:00,3006,3.4932247565543335,1.4970963242375712,17.0,8.482445593227459,478.0,130.8493536808262
2025-05-06 07:00:00,3007,3.472578866059912,1.488248085454248,17.0,15.0,495.0,130.8493536808262
2025-05-06 08:00:00,3008,3.8873482050256634,1.6660063735824269,17.0,15.0,498.0,130.8493536808262
2025-05-06 09:00:00,3009,3.4746003753977943,1.4891144465990547,17.0,15.0,495.0,130.8493536808262
2025-05-06 10:00:00,3010,3.8133812983725455,1.634306270731091,17.0,11.74401027833286,499.0,130.8493536808262
2025-05-06 11:00:00,3011,3.884755288646179,1.6648951237055052,17.0,4.974403160731745,498.0,130.8493536808262
2025-05-06 12:00:00,3012,3.896028795164982,1.669726626499278,17.0,2.124001955387258,497.0,130.8493536808262
2025-05-06 13:00:00,3013,4.0944818911252705,1.7547779533394017,17.0,4.630279104353076,494.0,130.8493536808262
2025-05-06 14:00:00,3014,4.077761688473384,1.7476121522028785,17.0,6.54113702691009,494.0,130.8493536808262
2025-05-06 15:00:00,3015,4.074017839655687,1.746007645566723,17.0,6.635548466919212,492.0,130.8493536808262
2025-05-06 16:00:00,3016,4.181140232868571,1.791917242657959,16.9,5.776862990386269,492.0,130.8493536808262
2025-05-06 17:00:00,3017,4.235904625058454,1.8153876964536235,16.9,3.9712690893816442,493.0,130.8493536808262
2025-05-06 18:00:00,3018,4.19935442717178,1.799723325930763,16.9,4.499476640484708,494.0,130.8493536808262
2025-05-06 19:00:00,3019,4.323365077655019,1.8528707475664365,16.9,4.687074712842499,494.0,130.8493536808262
2025-05-06 20:00:00,3020,4.213367411954663,1.8057288908377125,17.0,2.2197664925849185,482.0,130.8493536808262
2025-05-06 21:00:00,3021,4.463170534017234,1.9127873717216715,17.0,0.6058011694150168,431.0,130.8493536808262
2025-05-06 22:00:00,3022,4.401861676789279,1.8865121471954052,17.0,0.9444758977421707,337.0,130.8493536808262
2025-05-06 23:00:00,3023,4.532682706967371,1.9425783029860164,17.0,1.000565113895434,275.0,130.8493536808262
2025-05-07 00:00:00,3024,4.365003162498111,1.8707156410706187,17.0,1.9099796683852985,244.0,130.8493536808262
2025-05-07 01:00:00,3025,5.015997076828121,2.1497130329263374,17.0,3.249101472912982,224.0,130.8493536808262
2025-05-07 02:00:00,3026,4.5798206569040545,1.9627802815303088,17.0,3.096650266021133,206.0,130.8493536808262
2025-05-07 03:00:00,3027,4.479341493922585,1.9197177831096794,17.0,2.1093497271093002,197.0,130.8493536808262
2025-05-07 04:00:00,3028,4.327618311080422,1.8546935618916092,17.0,0.7432861026751003,238.0,130.8493536808262
2025-05-07 05:00:00,3029,4.27318963832429,1.8313669878532668,17.0,0.8496153250423344,279.0,130.8493536808262
2025-05-07 06:00:00,3030,3.9255540793509454,1.6823803197218339,17.0,1.8410454347835075,338.0,130.8493536808262
2025-05-07 07:00:00,3031,4.214024081107173,1.8060103204745022,17.0,3.730948761159941,412.0,130.8493536808262
2025-05-07 08:00:00,3032,4.431912592539776,1.8993911110884754,17.0,3.556995542061747,473.0,130.8493536808262
2025-05-07 09:00:00,3033,4.213147970595594,1.8056348445409687,17.0,2.477714260556161,499.0,130.8493536808262
2025-05-07 10:00:00,3034,4.770138919721484,2.0443452513092075,17.0,2.291051189632808,500.0,130.8493536808262
2025-05-07 11:00:00,3035,4.307479059614337,1.84606245412043,17.0,1.8169610560807852,499.0,130.8493536808262
2025-05-07 12:00:00,3036,4.432126258471062,1.8994826822018838,17.0,1.8096380209873366,499.0,130.8493536808262
2025-05-07 13:00:00,3037,5.415515604988602,2.3209352592808297,17.0,1.9846182171376727,498.0,130.8493536808262
2025-05-07 14:00:00,3038,4.7254846516139235,2.025207707834538,16.9,2.153444998875755,497.0,130.8493536808262
2025-05-07 15:00:00,3039,4.787817376044016,2.0519217325902925,16.9,2.3249139890817165,496.0,130.8493536808262
2025-05-07 16:00:00,3040,4.842787634475901,2.075480414775386,16.8,2.1124314996085007,497.0,130.8493536808262
2025-05-07 17:00:00,3041,5.272138531606624,2.2594879421171243,16.8,2.1015897374173096,497.0,130.8493536808262
2025-05-07 18:00:00,3042,5.135449365883257,2.2009068710928243,16.8,2.242094911508845,498.0,130.8493536808262
2025-05-07 19:00:00,3043,5.250583631252899,2.2502501276798137,16.8,2.691441327567266,498.0,130.8493536808262
2025-05-07 20:00:00,3044,4.875651817412674,2.089565064605431,16.7,2.780382950949449,484.0,130.8493536808262
2025-05-07 21:00:00,3045,5.150093256809734,2.207182824347029,16.7,3.0708676012397063,432.0,130.8493536808262
2025-05-07 22:00:00,3046,5.2735446986412615,2.260090585131969,16.7,0.9583846525567667,342.0,130.8493536808262
2025-05-07 23:00:00,3047,5.391491040104455,2.3106390171876234,16.7,1.1319401552510155,271.0,130.8493536808262
2025-05-08 00:00:00,3048,5.764561980896552,2.470526563241379,16.8,1.4812181728172775,236.0,130.8493536808262
2025-05-08 01:00:00,3049,5.116770696964809,2.192901727270632,16.8,1.9468650217994308,203.0,130.8493536808262
2025-05-08 02:00:00,3050,4.90664154225651,2.10284637525279,16.9,2.556113179437154,192.0,130.8493536808262
2025-05-08 03:00:00,3051,4.62487246471897,1.9820881991652728,17.0,2.7154482875292754,185.0,130.8493536808262
2025-05-08 04:00:00,3052,4.559525497299525,1.9540823559855107,17.1,3.0100682993138332,218.0,130.8493536808262
2025-05-08 05:00:00,3053,4.602436688945543,1.9724728666909468,17.2,3.5428116638680365,259.0,130.8493536808262
2025-05-08 06:00:00,3054,4.5493278326044155,1.949711928259035,17.2,3.746549083129728,318.0,130.8493536808262
2025-05-08 07:00:00,3055,4.492986833223561,1.9255657856672403,17.2,3.5363058325496204,398.0,130.8493536808262
2025-05-08 08:00:00,3056,4.442868473500427,1.9040864886430402,17.2,2.754566430103601,469.0,130.8493536808262
2025-05-08 09:00:00,3057,4.164279639132486,1.7846912739139227,17.1,2.7655103467544286,499.0,130.8493536808262
2025-05-08 10:00:00,3058,4.348311503567242,1.863562072957389,17.1,2.7940486201712043,501.0,130.8493536808262
2025-05-08 11:00:00,3059,4.438237028752215,1.902101583750949,17.0,2.20596598651955,500.0,130.8493536808262
2025-05-08 12:00:00,3060,4.594364366134965,1.9690132997721275,17.0,1.8021732991295523,499.0,130.8493536808262
2025-05-08 13:00:00,3061,5.11920512366307,2.1939450529984583,17.0,1.6587056356718581,498.0,130.8493536808262
2025-05-08 14:00:00,3062,5.41604794303414,2.3211634041574887,17.0,1.8560996278323045,498.0,130.8493536808262
2025-05-08 15:00:00,3063,4.959174919945811,2.1253606799767764,16.9,1.7111143965236293,496.0,130.8493536808262
2025-05-08 16:00:00,3064,5.596143220345744,2.3983470944338903,16.9,1.7674168501184366,496.0,130.8493536808262
2025-05-08 17:00:00,3065,5.035992758431629,2.1582826107564124,16.9,1.5694373770682837,497.0,130.8493536808262
2025-05-08 18:00:00,3066,4.728907395151182,2.0266745979219354,16.9,1.4137356770766558,498.0,130.8493536808262
2025-05-08 19:00:00,3067,4.84778527370215,2.077622260158064,16.9,1.1580875286959618,498.0,130.8493536808262
2025-05-08 20:00:00,3068,4.926545129782301,2.1113764841924145,16.9,1.1012872408375955,486.0,130.8493536808262
2025-05-08 21:00:00,3069,4.920904693839435,2.1089591545026147,16.9,1.0221386086328759,454.0,130.8493536808262
2025-05-08 22:00:00,3070,5.216472454821377,2.235631052066304,17.0,0.22729464355586818,413.0,130.8493536808262
2025-05-08 23:00:00,3071,5.54961695192598,2.3784072651111345,17.0,0.26321528895571333,378.0,130.8493536808262
2025-05-09 00:00:00,3072,5.442039395601126,2.3323025981147683,17.0,0.7159820691284672,364.0,130.8493536808262
2025-05-09 01:00:00,3073,4.986286402544721,2.1369798868048804,17.1,0.7368496426176606,362.0,130.8493536808262
2025-05-09 02:00:00,3074,4.969550053204701,2.1298071656591575,17.2,0.790548748003721,347.0,130.8493536808262
2025-05-09 03:00:00,3075,5.271041415279029,2.2590177494052983,17.3,0.6336634587254604,322.0,130.8493536808262
2025-05-09 04:00:00,3076,5.026355734215693,2.1541524575210116,17.4,1.4514859270444225,334.0,130.8493536808262
2025-05-09 05:00:00,3077,4.897757635712714,2.09903898673402,17.4,2.5073982393062146,368.0,130.8493536808262
2025-05-09 06:00:00,3078,4.785236866718133,2.0508158000220567,17.5,2.683177323542729,419.0,130.8493536808262
2025-05-09 07:00:00,3079,4.501059615180026,1.9290255493628679,17.5,3.2474145252905062,463.0,130.8493536808262
2025-05-09 08:00:00,3080,4.64561502879649,1.99097786948421,17.4,3.5689263803006077,491.0,130.8493536808262
2025-05-09 09:00:00,3081,4.606684416515654,1.9742933213638516,17.4,3.9467120660850683,500.0,130.8493536808262
2025-05-09 10:00:00,3082,3.798729961785673,1.628027126479574,17.3,5.3707501744181645,498.0,130.8493536808262
2025-05-09 11:00:00,3083,4.08018991230473,1.74865281955917,17.2,6.191859942184565,496.0,130.8493536808262
2025-05-09 12:00:00,3084,4.193706554521034,1.7973028090804433,17.2,5.698075212198798,494.0,130.8493536808262
2025-05-09 13:00:00,3085,4.260688997882827,1.8260095705212116,17.1,5.9239478025259915,494.0,130.8493536808262
2025-05-09 14:00:00,3086,4.434562185338372,1.9005266508593022,17.1,6.541882432891742,493.0,130.8493536808262
2025-05-09 15:00:00,3087,4.553041310585962,1.9513034188225549,17.1,6.34968094832864,492.0,130.8493536808262
2025-05-09 16:00:00,3088,4.785118289323918,2.050764981138822,17.1,7.334703958073275,491.0,130.8493536808262
2025-05-09 17:00:00,3089,4.728370053250594,2.026444308535969,17.1,15.0,491.0,130.8493536808262
2025-05-09 18:00:00,3090,5.1285825243143615,2.197963938991869,17.1,15.0,490.0,130.8493536808262
2025-05-09 19:00:00,3091,4.781210619463627,2.0490902654844114,17.1,15.0,491.0,130.8493536808262
2025-05-09 20:00:00,3092,5.703317439146824,2.444278902491496,17.1,15.0,488.0,130.8493536808262
2025-05-09 21:00:00,3093,5.3883253030624125,2.3092822727410334,17.1,15.0,484.0,130.8493536808262
2025-05-09 22:00:00,3094,5.24562802915888,2.2481262982109484,17.1,15.0,476.0,130.8493536808262
2025-05-09 23:00:00,3095,4.861926439134743,2.0836827596291756,17.1,15.0,466.0,130.8493536808262
2025-05-10 00:00:00,3096,5.54990737518855,2.378531732223664,17.1,15.0,453.0,130.8493536808262
2025-05-10 01:00:00,3097,5.402343259768866,2.315289968472371,17.1,15.0,447.0,130.8493536808262
2025-05-10 02:00:00,3098,4.676160342824298,2.0040687183532704,17.1,15.0,448.0,130.8493536808262
2025-05-10 03:00:00,3099,4.278852988303472,1.8337941378443445,17.2,15.0,440.0,130.8493536808262
2025-05-10 04:00:00,3100,4.2511783846550415,1.8219335934235894,17.2,15.0,436.0,130.8493536808262
2025-05-10 05:00:00,3101,4.666461493327696,1.9999120685690126,17.2,15.0,438.0,130.8493536808262
2025-05-10 06:00:00,3102,4.651095958270147,1.9933268392586343,17.2,15.0,440.0,130.8493536808262
2025-05-10 07:00:00,3103,4.456676591431133,1.9100042534704857,17.2,15.0,454.0,130.8493536808262
2025-05-10 08:00:00,3104,4.357089244509426,1.8673239619326112,17.2,15.0,480.0,130.8493536808262
2025-05-10 09:00:00,3105,4.681309725453823,2.006275596623067,17.2,15.0,494.0,130.8493536808262
2025-05-10 10:00:00,3106,4.190437609213147,1.79590183251992,17.2,15.0,494.0,130.8493536808262
2025-05-10 11:00:00,3107,5.693394169986256,2.440026072851252,17.2,15.0,491.0,130.8493536808262
2025-05-10 12:00:00,3108,5.522212183472027,2.366662364345154,17.2,15.0,489.0,130.8493536808262
2025-05-10 13:00:00,3109,5.946706670869373,2.5485885732297313,17.2,15.0,489.0,130.8493536808262
2025-05-10 14:00:00,3110,5.948267128377235,2.5492573407331003,17.2,15.0,487.0,130.8493536808262
2025-05-10 15:00:00,3111,5.934610515944575,2.5434045068333897,17.2,15.0,484.0,130.8493536808262
2025-05-10 16:00:00,3112,5.476995688520393,2.34728386650874,17.2,15.0,483.0,130.8493536808262
2025-05-10 17:00:00,3113,5.255204136553711,2.252230344237305,17.2,15.0,483.0,130.8493536808262
2025-05-10 18:00:00,3114,4.849307818243582,2.0782747792472493,17.2,15.0,485.0,130.8493536808262
2025-05-10 19:00:00,3115,5.014293873789086,2.148983088766751,17.2,15.0,485.0,130.8493536808262
2025-05-10 20:00:00,3116,4.922450241389335,2.109621532024,17.3,14.09211498053218,474.0,130.8493536808262
2025-05-10 21:00:00,3117,4.787921472243461,2.0519663452471977,17.3,11.632864184966747,420.0,130.8493536808262
2025-05-10 22:00:00,3118,4.684342969050638,2.0075755581645587,17.4,10.55968793712056,320.0,130.8493536808262
2025-05-10 23:00:00,3119,5.110916252760055,2.190392679754309,17.4,6.884114038512064,236.0,130.8493536808262
2025-05-11 00:00:00,3120,5.548120792070938,2.3777660537446876,17.5,4.210910767928871,211.0,130.8493536808262
2025-05-11 01:00:00,3121,5.45934974343254,2.3397213186139454,17.5,1.9198566071091239,160.0,130.8493536808262
2025-05-11 02:00:00,3122,4.90028637079414,2.1001227303403454,17.6,1.4651601682684918,147.0,130.8493536808262
2025-05-11 03:00:00,3123,4.956544572355048,2.1242333881521636,17.7,1.2164372893204243,171.0,130.8493536808262
2025-05-11 04:00:00,3124,4.955734322064604,2.123886138027687,17.8,1.9496206312060322,192.0,130.8493536808262
2025-05-11 05:00:00,3125,4.974758953372174,2.132039551445217,17.9,3.372684405781947,266.0,130.8493536808262
2025-05-11 06:00:00,3126,4.385805484977152,1.879630922133065,18.0,6.554429116656186,349.0,130.8493536808262
2025-05-11 07:00:00,3127,4.489087691828965,1.9238947250695564,18.0,6.2657831157864585,426.0,130.8493536808262
2025-05-11 08:00:00,3128,5.449012129127064,2.335290912483028,18.0,3.871125997065938,478.0,130.8493536808262
2025-05-11 09:00:00,3129,5.712037394820935,2.448016026351829,18.0,4.019525529809213,493.0,130.8493536808262
2025-05-11 10:00:00,3130,6.303695449110085,2.7015837639043223,17.9,7.568077621170442,495.0,130.8493536808262
2025-05-11 11:00:00,3131,6.042748758944056,2.5897494681188813,17.9,7.65061130735731,494.0,130.8493536808262
2025-05-11 12:00:00,3132,5.977572309272418,2.5618167039738933,17.9,8.069962893783414,494.0,130.8493536808262
2025-05-11 13:00:00,3133,4.855910667294767,2.081104571697757,17.9,4.519690545244506,495.0,130.8493536808262
2025-05-11 14:00:00,3134,5.087359951960728,2.180297122268884,17.8,4.681731361975364,495.0,130.8493536808262
2025-05-11 15:00:00,3135,4.837183959219962,2.073078839665698,17.8,7.4418227237044965,493.0,130.8493536808262
2025-05-11 16:00:00,3136,4.514447761522149,1.9347633263666348,17.8,4.951728220471779,493.0,130.8493536808262
2025-05-11 17:00:00,3137,4.8213067778170045,2.0662743333501448,17.8,6.253955939325548,494.0,130.8493536808262
2025-05-11 18:00:00,3138,5.0518696050542715,2.1650869735946876,17.8,6.206287158822139,495.0,130.8493536808262
2025-05-11 19:00:00,3139,5.045449913183721,2.1623356770787376,17.8,4.582832350673539,496.0,130.8493536808262
2025-05-11 20:00:00,3140,5.114528024155156,2.191940581780781,17.7,6.405766210113458,492.0,130.8493536808262
2025-05-11 21:00:00,3141,4.787684200668407,2.051864657429317,17.7,7.986853757487212,485.0,130.8493536808262
2025-05-11 22:00:00,3142,5.446800447673331,2.334343049002856,17.7,7.889919252259218,478.0,130.8493536808262
2025-05-11 23:00:00,3143,4.989449779369817,2.1383356197299217,17.7,8.688379245715144,467.0,130.8493536808262
2025-05-12 00:00:00,3144,5.316791835457786,2.278625072339051,17.7,7.271905936069528,457.0,130.8493536808262
2025-05-12 01:00:00,3145,4.888725787887182,2.0951681948087924,17.8,8.201015784891103,441.0,130.8493536808262
2025-05-12 02:00:00,3146,4.409364453357982,1.8897276228677065,17.8,8.627274765419848,416.0,130.8493536808262
2025-05-12 03:00:00,3147,3.996878041320193,1.7129477319943682,17.9,8.71301940867375,395.0,130.8493536808262
2025-05-12 04:00:00,3148,3.817708848723849,1.6361609351673636,17.9,5.7099050056657825,404.0,130.8493536808262
2025-05-12 05:00:00,3149,3.7088327660190124,1.5894997568652909,18.0,4.357348830094132,412.0,130.8493536808262
2025-05-12 06:00:00,3150,4.086960202655781,1.7515543725667633,18.0,2.990797505550832,430.0,130.8493536808262
2025-05-12 07:00:00,3151,3.556154655084276,1.524066280750404,18.0,1.827277294227716,458.0,130.8493536808262
2025-05-12 08:00:00,3152,3.83084781425465,1.64179192039485,18.0,0.9424725612363173,485.0,130.8493536808262
2025-05-12 09:00:00,3153,4.235303564867083,1.81513009922875,18.0,0.1881077224023529,500.0,130.8493536808262
2025-05-12 10:00:00,3154,4.709496983871791,2.0183558502307672,17.9,0.0,501.0,130.8493536808262
2025-05-12 11:00:00,3155,4.976315133719012,2.1327064858795763,17.9,0.0,500.0,130.8493536808262
2025-05-12 12:00:00,3156,4.741076273859018,2.0318898316538645,17.8,0.0,498.0,130.8493536808262
2025-05-12 13:00:00,3157,4.687188449492107,2.0087950497823317,17.8,0.05230896739638322,499.0,130.8493536808262
2025-05-12 14:00:00,3158,4.900967733068611,2.1004147427436903,17.8,0.3891708813629207,498.0,130.8493536808262
2025-05-12 15:00:00,3159,5.245880795788888,2.248234626766666,17.8,0.5176797444817426,496.0,130.8493536808262
2025-05-12 16:00:00,3160,5.2708353281033276,2.2589294263299973,17.7,0.5795763843298101,496.0,130.8493536808262
2025-05-12 17:00:00,3161,4.999254680962348,2.142537720412435,17.7,0.48470068336367034,496.0,130.8493536808262
2025-05-12 18:00:00,3162,5.233570045066399,2.242958590742742,17.7,0.5938612435646475,497.0,130.8493536808262
2025-05-12 19:00:00,3163,5.0208856181159565,2.1518081220496956,17.7,0.5965587149402516,497.0,130.8493536808262
2025-05-12 20:00:00,3164,4.926284535811529,2.1112648010620836,17.7,0.6717854522277305,484.0,130.8493536808262
2025-05-12 21:00:00,3165,5.219122099353655,2.2367666140087095,17.7,0.573208260382302,434.0,130.8493536808262
2025-05-12 22:00:00,3166,5.471783370942902,2.345050016118386,17.7,0.8942035047860948,358.0,130.8493536808262
2025-05-12 23:00:00,3167,5.416267628029864,2.3212575548699417,17.8,0.7177141523680804,283.0,130.8493536808262
2025-05-13 00:00:00,3168,5.928413810065173,2.5407487757422165,17.8,0.5864765349142045,248.0,130.8493536808262
2025-05-13 01:00:00,3169,5.34935330874948,2.2925799894640626,17.9,0.5827352433775786,226.0,130.8493536808262
2025-05-13 02:00:00,3170,5.292834688783476,2.2683577237643466,18.0,0.6881808335855546,219.0,130.8493536808262
2025-05-13 03:00:00,3171,4.883245282117878,2.0928194066219477,18.2,0.718942775926838,217.0,130.8493536808262
2025-05-13 04:00:00,3172,4.759274213203429,2.0396889485157548,18.4,0.6350600398474685,246.0,130.8493536808262
2025-05-13 05:00:00,3173,4.7171189617409075,2.0216224121746746,18.5,0.5841815172277874,285.0,130.8493536808262
2025-05-13 06:00:00,3174,4.939252547431121,2.116822520327623,18.6,0.5228371664924812,336.0,130.8493536808262
2025-05-13 07:00:00,3175,4.720642181974906,2.0231323637035312,18.6,0.3303738857067547,409.0,130.8493536808262
2025-05-13 08:00:00,3176,3.921729512823128,1.6807412197813407,18.5,0.2551737231077312,471.0,130.8493536808262
2025-05-13 09:00:00,3177,3.7728081691766837,1.6169177867900073,18.4,0.6269799113539801,500.0,130.8493536808262
2025-05-13 10:00:00,3178,4.0251474327365,1.7250631854585003,18.3,0.9611037814650211,502.0,130.8493536808262
2025-05-13 11:00:00,3179,3.7444524769535352,1.6047653472658008,18.2,1.000203805638931,500.0,130.8493536808262
2025-05-13 12:00:00,3180,3.726633129778775,1.5971284841909033,18.1,1.0496032718797617,500.0,130.8493536808262
2025-05-13 13:00:00,3181,3.7107555991632353,1.5903238282128151,18.0,0.561506205175086,500.0,130.8493536808262
2025-05-13 14:00:00,3182,3.973315534557967,1.7028495148105574,18.0,0.25897297145367304,499.0,130.8493536808262
2025-05-13 15:00:00,3183,3.8592428384140436,1.6539612164631614,18.0,0.1547497194333304,497.0,130.8493536808262
2025-05-13 16:00:00,3184,3.9946846389325774,1.712007702399676,18.0,0.01800819762543533,497.0,130.8493536808262
2025-05-13 17:00:00,3185,3.925782007814703,1.6824780033491584,17.9,0.0,498.0,130.8493536808262
2025-05-13 18:00:00,3186,4.09686393501159,1.7557988292906812,17.9,0.0,499.0,130.8493536808262
2025-05-13 19:00:00,3187,4.965678098974436,2.12814775670333,17.9,0.0,500.0,130.8493536808262
2025-05-13 20:00:00,3188,5.095611043404475,2.183833304316203,17.9,0.0,482.0,130.8493536808262
2025-05-13 21:00:00,3189,4.72513837625296,2.025059304108411,17.9,0.0,429.0,130.8493536808262
2025-05-13 22:00:00,3190,4.757929624721184,2.0391126963090787,18.0,0.0,370.0,130.8493536808262
2025-05-13 23:00:00,3191,4.709692875760466,2.0184398038973423,18.0,0.0,340.0,130.8493536808262
2025-05-14 00:00:00,3192,5.114361462822158,2.1918691983523533,18.0,0.0,313.0,130.8493536808262
2025-05-14 01:00:00,3193,5.083296981357641,2.1785558491532746,18.1,0.0,304.0,130.8493536808262
2025-05-14 02:00:00,3194,5.005784218818327,2.145336093779283,18.3,0.0,304.0,130.8493536808262
2025-05-14 03:00:00,3195,4.672184809155658,2.0023649182095675,18.5,0.0,285.0,130.8493536808262
2025-05-14 04:00:00,3196,4.741706901571106,2.0321601006733316,18.5,0.0,301.0,130.8493536808262
2025-05-14 05:00:00,3197,4.845935618766175,2.076829550899789,18.7,0.0,329.0,130.8493536808262
2025-05-14 06:00:00,3198,4.757138485442399,2.0387736366181706,18.8,0.022676520747695775,375.0,130.8493536808262
2025-05-14 07:00:00,3199,4.501885653551341,1.9293795658077175,18.8,0.21979233575798454,427.0,130.8493536808262
2025-05-14 08:00:00,3200,4.930766462294599,2.113185626697685,18.7,0.44238539203194827,475.0,130.8493536808262
2025-05-14 09:00:00,3201,5.471287171623796,2.3448373592673413,18.6,0.4002256321481271,500.0,130.8493536808262
2025-05-14 10:00:00,3202,5.262525435990591,2.255368043995967,18.5,0.11810920738964348,502.0,130.8493536808262
2025-05-14 11:00:00,3203,4.831339186596669,2.070573937112858,18.5,0.0453247722325222,502.0,130.8493536808262
2025-05-14 12:00:00,3204,4.97894500564375,2.1338335738473213,18.4,0.0,501.0,130.8493536808262
2025-05-14 13:00:00,3205,5.188626022833583,2.223696866928678,18.4,0.0,501.0,130.8493536808262
2025-05-14 14:00:00,3206,5.112442772117944,2.191046902336262,18.3,0.0,501.0,130.8493536808262
2025-05-14 15:00:00,3207,5.209224934198647,2.23252497179942,18.2,0.0,499.0,130.8493536808262
2025-05-14 16:00:00,3208,5.068429467027533,2.172184057297514,18.2,0.0,497.0,130.8493536808262
2025-05-14 17:00:00,3209,5.094248750056472,2.1832494643099163,18.2,0.0,498.0,130.8493536808262
2025-05-14 18:00:00,3210,5.346101614737368,2.291186406316015,18.2,0.0,499.0,130.8493536808262
2025-05-14 19:00:00,3211,5.298097332022156,2.27061314229521,18.2,0.0,499.0,130.8493536808262
2025-05-14 20:00:00,3212,5.627729099362799,2.4118838997269143,18.2,0.0,482.0,130.8493536808262
2025-05-14 21:00:00,3213,5.659745308211296,2.425605132090555,18.2,0.0,423.0,130.8493536808262
2025-05-14 22:00:00,3214,5.582363489769671,2.392441495615573,18.3,0.07298628754094452,362.0,130.8493536808262
2025-05-14 23:00:00,3215,5.437971027489983,2.3305590117814208,18.4,0.01688697897853179,321.0,130.8493536808262
2025-05-15 00:00:00,3216,5.874013940824319,2.517434546067565,18.4,0.0,288.0,130.8493536808262
2025-05-15 01:00:00,3217,5.516934017474799,2.3644002932034858,18.5,0.0,263.0,130.8493536808262
2025-05-15 02:00:00,3218,5.76155667189358,2.4692385736686764,18.6,0.0,275.0,130.8493536808262
2025-05-15 03:00:00,3219,5.734297235782835,2.457555958192643,18.8,0.12812008652757054,293.0,130.8493536808262
2025-05-15 04:00:00,3220,6.441093323594785,2.760468567254908,18.9,0.22550935168407998,312.0,130.8493536808262
2025-05-15 05:00:00,3221,6.384897071781668,2.7363844593350004,19.0,0.5244966907635867,344.0,130.8493536808262
2025-05-15 06:00:00,3222,6.306406251045765,2.7027455361624706,19.0,1.205589801756143,389.0,130.8493536808262
2025-05-15 07:00:00,3223,6.037367235589381,2.5874431009668775,19.0,1.5899539115569545,447.0,130.8493536808262
2025-05-15 08:00:00,3224,6.424902600614855,2.7535296859777945,19.0,1.7678150760679603,484.0,130.8493536808262
2025-05-15 09:00:00,3225,6.3931817230745525,2.739935024174808,18.9,2.121619037049134,500.0,130.8493536808262
2025-05-15 10:00:00,3226,6.202220470920878,2.6580944875375194,18.8,1.489591896541611,501.0,130.8493536808262
2025-05-15 11:00:00,3227,5.076107127106264,2.1754744830455413,18.7,1.9828534673669336,500.0,130.8493536808262
2025-05-15 12:00:00,3228,5.74715539633317,2.4630665984285014,18.6,2.4850514731367968,499.0,130.8493536808262
2025-05-15 13:00:00,3229,5.648079321304094,2.42060542341604,18.6,2.396292588484459,499.0,130.8493536808262
2025-05-15 14:00:00,3230,6.177443700721561,2.647475871737812,18.5,2.218371163569127,499.0,130.8493536808262
2025-05-15 15:00:00,3231,5.446779089788128,2.3343338956234834,18.5,1.813102701982137,497.0,130.8493536808262
2025-05-15 16:00:00,3232,5.090985879706385,2.181851091302736,18.5,1.7481572635039309,497.0,130.8493536808262
2025-05-15 17:00:00,3233,6.317151644428951,2.7073507047552647,18.5,1.9828779628039466,498.0,130.8493536808262
2025-05-15 18:00:00,3234,5.961705098908478,2.5550164709607763,18.5,2.2437646640284012,497.0,130.8493536808262
2025-05-15 19:00:00,3235,4.96459447959765,2.127683348398993,18.5,2.368613760015294,498.0,130.8493536808262
2025-05-15 20:00:00,3236,6.070767281949181,2.601757406549649,18.5,2.05642353782269,483.0,130.8493536808262
2025-05-15 21:00:00,3237,6.025498698665819,2.582356585142494,18.6,1.5424172941271073,437.0,130.8493536808262
2025-05-15 22:00:00,3238,6.381768206700342,2.7350435171572895,18.6,0.3537298367121562,380.0,130.8493536808262
2025-05-15 23:00:00,3239,5.9240149297555575,2.5388635413238103,18.7,0.1743723366291959,323.0,130.8493536808262
2025-05-16 00:00:00,3240,6.525019128534306,2.7964367693718453,18.8,0.45757262324517667,292.0,130.8493536808262
2025-05-16 01:00:00,3241,6.268647232239466,2.6865630995311993,18.8,0.8234181064248093,291.0,130.8493536808262
2025-05-16 02:00:00,3242,5.8657828880739356,2.5139069520316863,18.9,0.7970609006605891,308.0,130.8493536808262
2025-05-16 03:00:00,3243,5.4193150307406555,2.3225635846031376,19.0,0.9244800626240501,314.0,130.8493536808262
2025-05-16 04:00:00,3244,4.502543974192591,1.9296617032253958,19.1,0.7522436251781609,327.0,130.8493536808262
2025-05-16 05:00:00,3245,5.979249492132743,2.562535496628318,19.1,1.360674533044405,350.0,130.8493536808262
2025-05-16 06:00:00,3246,5.892409368514142,2.525318300791775,19.2,1.321133125977931,394.0,130.8493536808262
2025-05-16 07:00:00,3247,5.7525741062898526,2.465388902695651,19.2,0.9568212983552735,445.0,130.8493536808262
2025-05-16 08:00:00,3248,6.018054502412969,2.579166215319844,19.1,1.0150864857171347,482.0,130.8493536808262
2025-05-16 09:00:00,3249,6.0252294780866205,2.5822412048942662,19.0,2.069422776320747,500.0,130.8493536808262
2025-05-16 10:00:00,3250,6.040162703513964,2.588641158648841,19.0,1.3424441978326236,502.0,130.8493536808262
2025-05-16 11:00:00,3251,6.04666116439819,2.5914262133135098,18.9,1.436322131463922,501.0,130.8493536808262
2025-05-16 12:00:00,3252,6.04199867919252,2.589428005368223,18.9,0.8268529991301669,500.0,130.8493536808262
2025-05-16 13:00:00,3253,6.106284927850211,2.616979254792948,18.8,1.4530456023695615,500.0,130.8493536808262
2025-05-16 14:00:00,3254,5.646988491824551,2.4201379250676642,18.8,2.280108198380331,500.0,130.8493536808262
2025-05-16 15:00:00,3255,5.670403761568853,2.4301730406723654,18.8,3.0728369253480907,498.0,130.8493536808262
2025-05-16 16:00:00,3256,5.774329063036472,2.4747124555870594,18.8,2.789438520012266,496.0,130.8493536808262
2025-05-16 17:00:00,3257,5.834145090180789,2.5003478957917666,18.7,2.793318258293348,496.0,130.8493536808262
2025-05-16 18:00:00,3258,5.660084033955222,2.4257503002665235,18.7,3.133249380021139,498.0,130.8493536808262
2025-05-16 19:00:00,3259,5.281902483063213,2.2636724927413767,18.7,3.1373602897516264,498.0,130.8493536808262
2025-05-16 20:00:00,3260,5.791175922458242,2.4819325381963893,18.7,3.129152920881944,490.0,130.8493536808262
2025-05-16 21:00:00,3261,5.560771741843821,2.3831878893616376,18.8,4.452863248906582,477.0,130.8493536808262
2025-05-16 22:00:00,3262,5.720891210923494,2.451810518967212,18.8,0.5849309444064693,475.0,130.8493536808262
2025-05-16 23:00:00,3263,5.953617273900836,2.5515502602432147,18.8,3.890727443677393,473.0,130.8493536808262
2025-05-17 00:00:00,3264,5.953097189479453,2.5513273669197654,18.8,13.744606803862373,469.0,130.8493536808262
2025-05-17 01:00:00,3265,5.207078981362986,2.2316052777269935,18.7,15.0,470.0,130.8493536808262
2025-05-17 02:00:00,3266,5.349109095505106,2.2924753266450453,18.6,15.0,468.0,130.8493536808262
2025-05-17 03:00:00,3267,4.230907480109519,1.8132460629040794,18.6,15.0,466.0,130.8493536808262
2025-05-17 04:00:00,3268,3.6724237561299606,1.573895895484269,18.5,15.0,465.0,130.8493536808262
2025-05-17 05:00:00,3269,4.9852358257702,2.1365296396158,18.5,15.0,463.0,130.8493536808262
2025-05-17 06:00:00,3270,5.557250001984038,2.3816785722788736,18.5,15.0,461.0,130.8493536808262
2025-05-17 07:00:00,3271,5.45010233822531,2.335758144953704,18.5,15.0,469.0,130.8493536808262
2025-05-17 08:00:00,3272,5.62563724594788,2.41098739112052,18.5,15.0,482.0,130.8493536808262
2025-05-17 09:00:00,3273,5.680285980855646,2.4344082775095623,18.5,15.0,495.0,130.8493536808262
2025-05-17 10:00:00,3274,6.122852410152542,2.6240796043510892,18.6,15.0,497.0,130.8493536808262
2025-05-17 11:00:00,3275,5.388741941042528,2.309460831875369,18.6,15.0,496.0,130.8493536808262
2025-05-17 12:00:00,3276,6.038071211229603,2.587744804812687,18.6,15.0,494.0,130.8493536808262
2025-05-17 13:00:00,3277,5.4479745066677925,2.33484621714334,18.6,15.0,493.0,130.8493536808262
2025-05-17 14:00:00,3278,5.76311529056116,2.46990655309764,18.7,15.0,492.0,130.8493536808262
2025-05-17 15:00:00,3279,5.8518524246137975,2.507936753405913,18.7,15.0,490.0,130.8493536808262
2025-05-17 16:00:00,3280,5.97616816777983,2.5612149290484987,18.7,15.0,489.0,130.8493536808262
2025-05-17 17:00:00,3281,5.7996895617634205,2.4855812407557516,18.8,15.0,490.0,130.8493536808262
2025-05-17 18:00:00,3282,5.784002864518756,2.4788583705080387,18.8,15.0,492.0,130.8493536808262
2025-05-17 19:00:00,3283,5.304603840750062,2.2734016460357407,18.8,15.0,493.0,130.8493536808262
2025-05-17 20:00:00,3284,5.823743609411595,2.4958901183192554,18.8,15.0,478.0,130.8493536808262
2025-05-17 21:00:00,3285,5.865480302707647,2.513777272588991,18.8,15.0,436.0,130.8493536808262
2025-05-17 22:00:00,3286,5.853924882342534,2.508824949575372,18.8,15.0,391.0,130.8493536808262
2025-05-17 23:00:00,3287,5.585195616020616,2.3936552640088355,18.9,15.0,347.0,130.8493536808262
2025-05-18 00:00:00,3288,5.637162208696282,2.4159266608698347,18.9,15.0,339.0,130.8493536808262
2025-05-18 01:00:00,3289,5.697209583073946,2.441661249888834,18.9,15.0,332.0,130.8493536808262
2025-05-18 02:00:00,3290,5.549534571108067,2.3783719590463144,18.9,15.0,358.0,130.8493536808262
2025-05-18 03:00:00,3291,5.712147044503127,2.4480630190727686,19.0,15.0,379.0,130.8493536808262
2025-05-18 04:00:00,3292,5.714780648963648,2.449191706698706,19.0,15.0,367.0,130.8493536808262
2025-05-18 05:00:00,3293,5.6463562899441815,2.419866981404649,19.0,15.0,362.0,130.8493536808262
2025-05-18 06:00:00,3294,5.66659414164931,2.4285403464211326,19.0,15.0,406.0,130.8493536808262
2025-05-18 07:00:00,3295,5.569900152783655,2.3871000654787093,19.0,15.0,453.0,130.8493536808262
2025-05-18 08:00:00,3296,5.083618613051863,2.178693691307941,19.1,15.0,482.0,130.8493536808262
2025-05-18 09:00:00,3297,4.859778807658621,2.082762346139409,19.1,15.0,495.0,130.8493536808262
2025-05-18 10:00:00,3298,5.115333085808644,2.1922856082037043,19.1,15.0,497.0,130.8493536808262
2025-05-18 11:00:00,3299,5.144600236956682,2.204828672981435,19.1,15.0,496.0,130.8493536808262
2025-05-18 12:00:00,3300,4.563224751057518,1.9556677504532218,19.1,15.0,496.0,130.8493536808262
2025-05-18 13:00:00,3301,5.100560157815968,2.1859543533497003,19.1,15.0,496.0,130.8493536808262
2025-05-18 14:00:00,3302,4.62441790043688,1.98189338590152,19.1,15.0,496.0,130.8493536808262
2025-05-18 15:00:00,3303,5.076750150125137,2.1757500643393444,19.1,15.0,494.0,130.8493536808262
2025-05-18 16:00:00,3304,5.141188958835653,2.203366696643851,19.1,15.0,494.0,130.8493536808262
2025-05-18 17:00:00,3305,5.110663578523379,2.1902843907957337,19.1,15.0,494.0,130.8493536808262
2025-05-18 18:00:00,3306,5.204791970643293,2.2306251302756968,19.1,15.0,494.0,130.8493536808262
2025-05-18 19:00:00,3307,5.707533433150411,2.4460857570644623,19.1,15.0,495.0,130.8493536808262
2025-05-18 20:00:00,3308,6.051446510999785,2.593477076142765,19.1,15.0,491.0,130.8493536808262
2025-05-18 21:00:00,3309,5.2534623323964915,2.2514838567413533,19.1,12.064046056883683,483.0,130.8493536808262
2025-05-18 22:00:00,3310,5.000531650545646,2.143084993090991,19.1,4.418542993495076,475.0,130.8493536808262
2025-05-18 23:00:00,3311,5.679370200402397,2.4340158001724554,19.1,6.825436099725334,460.0,130.8493536808262
2025-05-19 00:00:00,3312,5.761706039171926,2.46930258821654,19.1,3.6887530137856244,438.0,130.8493536808262
2025-05-19 01:00:00,3313,5.613906442559447,2.4059599039540487,19.1,0.0,421.0,130.8493536808262
2025-05-19 02:00:00,3314,5.237863960270209,2.2447988401158034,19.2,0.6247521622621204,410.0,130.8493536808262
2025-05-19 03:00:00,3315,4.935097259009491,2.115041682432639,19.2,0.8393108506211118,404.0,130.8493536808262
2025-05-19 04:00:00,3316,4.646046703982611,1.9911628731354045,19.2,0.5575971765984535,413.0,130.8493536808262
2025-05-19 05:00:00,3317,4.853284283644914,2.079978978704963,19.2,0.4094754333319534,428.0,130.8493536808262
2025-05-19 06:00:00,3318,4.504774070701785,1.9306174588721934,19.2,0.14746923271088178,444.0,130.8493536808262
2025-05-19 07:00:00,3319,4.429315741358637,1.8982781748679871,19.2,0.0,469.0,130.8493536808262
2025-05-19 08:00:00,3320,3.843214544570919,1.647091947673251,19.2,0.0,492.0,130.8493536808262
2025-05-19 09:00:00,3321,4.221691701544113,1.8092964435189054,19.2,0.0,503.0,130.8493536808262
2025-05-19 10:00:00,3322,4.218047807483736,1.807734774635887,19.2,0.1050628233901463,504.0,130.8493536808262
2025-05-19 11:00:00,3323,4.393210390345338,1.8828044530051447,19.2,0.701323705276502,502.0,130.8493536808262
2025-05-19 12:00:00,3324,5.052897401084499,2.165527457607642,19.2,1.9284301104211545,501.0,130.8493536808262
2025-05-19 13:00:00,3325,5.127873536156838,2.197660086924359,19.2,2.968787875470182,500.0,130.8493536808262
2025-05-19 14:00:00,3326,5.0211101632680055,2.151904355686288,19.1,4.54994089360611,500.0,130.8493536808262
2025-05-19 15:00:00,3327,5.163880124373684,2.213091481874436,19.1,8.210290440335475,498.0,130.8493536808262
2025-05-19 16:00:00,3328,5.13847414142959,2.2022032034698245,19.1,13.143196445522719,497.0,130.8493536808262
2025-05-19 17:00:00,3329,5.273283700891481,2.2599787289534916,19.1,15.0,496.0,130.8493536808262
2025-05-19 18:00:00,3330,5.257466095715135,2.253199755306486,19.1,15.0,496.0,130.8493536808262
2025-05-19 19:00:00,3331,5.187646917856375,2.2232772505098746,19.1,15.0,497.0,130.8493536808262
2025-05-19 20:00:00,3332,4.9824820530210525,2.1353494512947364,19.1,15.0,479.0,130.8493536808262
2025-05-19 21:00:00,3333,5.126029913415054,2.1968699628921655,19.1,15.0,421.0,130.8493536808262
2025-05-19 22:00:00,3334,5.0202898159943,2.1515527782832713,19.1,15.0,344.0,130.8493536808262
2025-05-19 23:00:00,3335,5.237669696464745,2.2447155841991764,19.1,15.0,293.0,130.8493536808262
2025-05-20 00:00:00,3336,5.589360268032377,2.3954401148710183,19.2,15.0,268.0,130.8493536808262
2025-05-20 01:00:00,3337,5.131675766653217,2.19928961427995,19.2,15.0,247.0,130.8493536808262
2025-05-20 02:00:00,3338,4.965879428783323,2.128234040907138,19.3,15.0,248.0,130.8493536808262
2025-05-20 03:00:00,3339,4.537555513128782,1.9446666484837636,19.4,15.0,249.0,130.8493536808262
2025-05-20 04:00:00,3340,4.03111300664572,1.7276198599910229,19.4,15.0,280.0,130.8493536808262
2025-05-20 05:00:00,3341,4.263115967040294,1.827049700160126,19.4,15.0,317.0,130.8493536808262
2025-05-20 06:00:00,3342,4.207032793768698,1.8030140544722988,19.5,15.0,362.0,130.8493536808262
2025-05-20 07:00:00,3343,4.360270480787154,1.8686873489087803,19.5,15.0,424.0,130.8493536808262
2025-05-20 08:00:00,3344,4.665474528051925,1.9994890834508252,19.5,15.0,473.0,130.8493536808262
2025-05-20 09:00:00,3345,4.3739462557693045,1.874548395329702,19.5,15.0,498.0,130.8493536808262
2025-05-20 10:00:00,3346,4.03263812064562,1.7282734802766941,19.5,15.0,501.0,130.8493536808262
2025-05-20 11:00:00,3347,4.893502978637234,2.0972155622731004,19.5,12.365389130004235,501.0,130.8493536808262
2025-05-20 12:00:00,3348,4.107167078700543,1.7602144623002327,19.5,9.85952248425152,501.0,130.8493536808262
2025-05-20 13:00:00,3349,4.780535904291979,2.048801101839419,19.5,9.42906821249443,501.0,130.8493536808262
2025-05-20 14:00:00,3350,4.766904974118004,2.0429592746220018,19.5,10.528784043373637,501.0,130.8493536808262
2025-05-20 15:00:00,3351,5.419763440885118,2.3227557603793367,19.5,9.340840125006688,498.0,130.8493536808262
2025-05-20 16:00:00,3352,4.944311469049856,2.1189906295927954,19.5,8.76812453910032,499.0,130.8493536808262
2025-05-20 17:00:00,3353,4.866133682068783,2.0854858637437643,19.5,8.542582519937271,500.0,130.8493536808262
2025-05-20 18:00:00,3354,4.587173668148504,1.9659315720636443,19.5,7.594296308346995,501.0,130.8493536808262
2025-05-20 19:00:00,3355,4.660440807245653,1.9973317745338512,19.5,6.324896139174267,501.0,130.8493536808262
2025-05-20 20:00:00,3356,4.522653177316899,1.938279933135814,19.5,4.566376685723226,484.0,130.8493536808262
2025-05-20 21:00:00,3357,5.05771668756895,2.167592866100979,19.5,2.0727381004124554,439.0,130.8493536808262
2025-05-20 22:00:00,3358,4.826247880208544,2.0683919486608042,19.6,2.5072585566392154,376.0,130.8493536808262
2025-05-20 23:00:00,3359,4.760713976192454,2.040305989796766,19.6,4.2310757845702405,326.0,130.8493536808262
2025-05-21 00:00:00,3360,3.625350578477488,1.553721676490352,19.6,8.636118295796528,302.0,130.8493536808262
2025-05-21 01:00:00,3361,4.09530304627049,1.755129876973067,19.7,11.68052585871513,278.0,130.8493536808262
2025-05-21 02:00:00,3362,3.924427549528334,1.6818975212264289,19.7,15.0,278.0,130.8493536808262
2025-05-21 03:00:00,3363,3.9629877664579345,1.698423328481972,19.8,15.0,291.0,130.8493536808262
2025-05-21 04:00:00,3364,3.8346544290162354,1.643423326721244,19.8,15.0,326.0,130.8493536808262
2025-05-21 05:00:00,3365,3.7995821854102187,1.6283923651758079,19.8,15.0,351.0,130.8493536808262
2025-05-21 06:00:00,3366,3.6156670125968975,1.5495715768272418,19.8,15.0,386.0,130.8493536808262
2025-05-21 07:00:00,3367,3.8923772507833228,1.6681616789071383,19.8,15.0,436.0,130.8493536808262
2025-05-21 08:00:00,3368,4.316672457176579,1.8500024816471052,19.8,15.0,481.0,130.8493536808262
2025-05-21 09:00:00,3369,4.403643654733783,1.887275852028764,19.8,15.0,501.0,130.8493536808262
2025-05-21 10:00:00,3370,4.46422106441209,1.913237599033753,19.8,15.0,502.0,130.8493536808262
2025-05-21 11:00:00,3371,4.566419293668689,1.9570368401437235,19.8,15.0,501.0,130.8493536808262
2025-05-21 12:00:00,3372,4.3877690624608,1.8804724553403425,19.8,15.0,501.0,130.8493536808262
2025-05-21 13:00:00,3373,5.117280539245682,2.193120231105292,19.8,15.0,501.0,130.8493536808262
2025-05-21 14:00:00,3374,5.369398976480628,2.301170989920269,19.8,15.0,500.0,130.8493536808262
2025-05-21 15:00:00,3375,4.828387401872963,2.069308886516984,19.8,15.0,498.0,130.8493536808262
2025-05-21 16:00:00,3376,4.78481462288005,2.0506348383771638,19.8,15.0,498.0,130.8493536808262
2025-05-21 17:00:00,3377,5.026660407959286,2.1542830319825508,19.8,14.168030001957604,498.0,130.8493536808262
2025-05-21 18:00:00,3378,5.664571587068101,2.4276735373149005,19.8,11.177026039169016,499.0,130.8493536808262
2025-05-21 19:00:00,3379,5.828765228663963,2.498042240855984,19.8,8.664399110600556,500.0,130.8493536808262
2025-05-21 20:00:00,3380,5.672437566454372,2.4310446713375877,19.8,6.070164071234318,494.0,130.8493536808262
2025-05-21 21:00:00,3381,5.335934706646864,2.286829159991513,19.8,3.1542035736999,473.0,130.8493536808262
2025-05-21 22:00:00,3382,5.528738080949009,2.369459177549575,19.9,2.683528584751805,445.0,130.8493536808262
2025-05-21 23:00:00,3383,5.180070161568413,2.2200300692436055,19.9,9.595757483081824,429.0,130.8493536808262
2025-05-22 00:00:00,3384,5.513111014962719,2.3627618635554506,19.9,7.1681190433948565,417.0,130.8493536808262
2025-05-22 01:00:00,3385,5.7244718713396,2.453345087716971,19.9,4.378152508486627,401.0,130.8493536808262
2025-05-22 02:00:00,3386,5.2079070014067685,2.2319601434600433,19.9,2.3295661078800474,358.0,130.8493536808262
2025-05-22 03:00:00,3387,5.015999410371968,2.149714033016558,19.9,2.661523224774427,334.0,130.8493536808262
2025-05-22 04:00:00,3388,4.575463820942983,1.9609130661184213,20.0,1.5715639763576852,363.0,130.8493536808262
2025-05-22 05:00:00,3389,5.293861757327626,2.2687978959975537,20.0,0.8159738404178855,397.0,130.8493536808262
2025-05-22 06:00:00,3390,5.009621604483748,2.146980687635892,20.0,0.054353831851372804,433.0,130.8493536808262
2025-05-22 07:00:00,3391,5.063573494619237,2.170102926265387,20.0,0.0,463.0,130.8493536808262
2025-05-22 08:00:00,3392,4.249899798942012,1.821385628118005,20.0,0.0,486.0,130.8493536808262
2025-05-22 09:00:00,3393,4.559435736160031,1.9540438869257275,20.0,0.0,500.0,130.8493536808262
2025-05-22 10:00:00,3394,4.560915149981284,1.9546779214205503,20.0,1.8364007266906184,502.0,130.8493536808262
2025-05-22 11:00:00,3395,4.3420820341137984,1.860892300334485,19.9,3.6732045355838556,501.0,130.8493536808262
2025-05-22 12:00:00,3396,4.602933397765637,1.9726857418995583,19.9,6.707925319988869,500.0,130.8493536808262
2025-05-22 13:00:00,3397,5.126352843144893,2.197008361347811,19.9,10.292197505657942,499.0,130.8493536808262
2025-05-22 14:00:00,3398,4.952977537459702,2.122704658911301,19.9,11.913485342469986,498.0,130.8493536808262
2025-05-22 15:00:00,3399,5.189225965168232,2.223953985072099,19.9,11.44735366700606,496.0,130.8493536808262
2025-05-22 16:00:00,3400,4.928547390228684,2.112234595812293,19.8,11.574509155498385,495.0,130.8493536808262
2025-05-22 17:00:00,3401,4.950082720599298,2.1214640231139845,19.8,12.522719259877524,495.0,130.8493536808262
2025-05-22 18:00:00,3402,5.137707291988345,2.2018745537092905,19.8,13.786233681206472,496.0,130.8493536808262
2025-05-22 19:00:00,3403,5.318179051104135,2.279219593330344,19.8,13.291267750659657,496.0,130.8493536808262
2025-05-22 20:00:00,3404,4.866099500405014,2.0854712144592917,19.7,14.27080871853622,489.0,130.8493536808262
2025-05-22 21:00:00,3405,4.6858731390993595,2.008231345328297,19.7,15.0,468.0,130.8493536808262
2025-05-22 22:00:00,3406,4.839016541145588,2.0738642319195373,19.6,11.679607101282151,428.0,130.8493536808262
2025-05-22 23:00:00,3407,5.122721037502148,2.195451873215206,19.6,8.76165553536788,386.0,130.8493536808262
2025-05-23 00:00:00,3408,5.219128473877529,2.2367693459475118,19.6,6.83009319038228,350.0,130.8493536808262
2025-05-23 01:00:00,3409,5.450022180980247,2.335723791848677,19.6,6.608462421574409,314.0,130.8493536808262
2025-05-23 02:00:00,3410,4.925151727768865,2.110779311900942,19.7,8.093973236222213,288.0,130.8493536808262
2025-05-23 03:00:00,3411,4.924414295701971,2.1104632695865586,19.8,9.712678712684385,289.0,130.8493536808262
2025-05-23 04:00:00,3412,4.422542517488196,1.8953753646377984,19.8,9.884564821225451,322.0,130.8493536808262
2025-05-23 05:00:00,3413,4.298057302086202,1.8420245580369439,19.9,9.046246647601906,355.0,130.8493536808262
2025-05-23 06:00:00,3414,4.10300598695469,1.7584311372662955,19.9,8.28123424868004,397.0,130.8493536808262
2025-05-23 07:00:00,3415,4.394902299802393,1.883529557058168,19.9,8.273807222566964,448.0,130.8493536808262
2025-05-23 08:00:00,3416,4.56241118583808,1.9553190796448914,19.9,8.439817651838677,482.0,130.8493536808262
2025-05-23 09:00:00,3417,4.820971981020562,2.066130849008812,19.8,9.559049461768497,499.0,130.8493536808262
2025-05-23 10:00:00,3418,4.999371739558676,2.1425878883822893,19.8,3.6853574576096957,501.0,130.8493536808262
2025-05-23 11:00:00,3419,5.141266524911304,2.2033999392477015,19.8,4.38342013425945,499.0,130.8493536808262
2025-05-23 12:00:00,3420,5.069296246787355,2.1725555343374374,19.7,4.447263412015099,499.0,130.8493536808262
2025-05-23 13:00:00,3421,5.028398015395779,2.155027720883905,19.6,4.182296380774606,500.0,130.8493536808262
2025-05-23 14:00:00,3422,5.054154536945563,2.166066230119527,19.6,4.573030806390062,499.0,130.8493536808262
2025-05-23 15:00:00,3423,5.266365935895726,2.2570139725267393,19.6,5.1031683414238485,498.0,130.8493536808262
2025-05-23 16:00:00,3424,5.319347376205324,2.279720304087996,19.6,5.52735045214029,497.0,130.8493536808262
2025-05-23 17:00:00,3425,5.342861315833451,2.2897977067857647,19.5,5.838090704351473,496.0,130.8493536808262
2025-05-23 18:00:00,3426,4.989818193739232,2.138493511602528,19.5,6.197211778554145,497.0,130.8493536808262
2025-05-23 19:00:00,3427,5.242815211131834,2.246920804770786,19.5,6.47100506367498,497.0,130.8493536808262
2025-05-23 20:00:00,3428,4.856027910470455,2.0811548187730518,19.5,6.7593099970233705,488.0,130.8493536808262
2025-05-23 21:00:00,3429,4.988270847214331,2.137830363091856,19.5,5.976781140441803,466.0,130.8493536808262
2025-05-23 22:00:00,3430,5.054893498572733,2.166382927959743,19.5,3.132032436392982,437.0,130.8493536808262
2025-05-23 23:00:00,3431,4.88347430925497,2.0929175611092727,19.5,2.3271446537549645,410.0,130.8493536808262
2025-05-24 00:00:00,3432,4.745776561220385,2.033904240523022,19.5,3.2690536158978625,377.0,130.8493536808262
2025-05-24 01:00:00,3433,4.7960237171783575,2.0554387359335817,19.5,3.984698795102302,378.0,130.8493536808262
2025-05-24 02:00:00,3434,4.559001339838303,1.953857717073558,19.5,4.250071017987783,397.0,130.8493536808262
2025-05-24 03:00:00,3435,4.964335175159672,2.1275722179255734,19.5,4.599256500153392,392.0,130.8493536808262
2025-05-24 04:00:00,3436,4.844148003851954,2.076063430222266,19.5,6.365822679986312,401.0,130.8493536808262
2025-05-24 05:00:00,3437,4.8377920691246725,2.073339458196288,19.5,6.753074388647905,435.0,130.8493536808262
2025-05-24 06:00:00,3438,4.3693869119373865,1.8725943908303082,19.5,6.2328821948011335,467.0,130.8493536808262
2025-05-24 07:00:00,3439,4.303011340499692,1.8441477173570107,19.5,5.621178632812458,481.0,130.8493536808262
2025-05-24 08:00:00,3440,4.64142318327122,1.9891813642590943,19.5,6.0903380483721,492.0,130.8493536808262
2025-05-24 09:00:00,3441,4.237952051711643,1.8162651650192754,19.5,5.022665162520583,497.0,130.8493536808262
2025-05-24 10:00:00,3442,4.45767684803066,1.910432934870283,19.5,2.8583541690496097,497.0,130.8493536808262
2025-05-24 11:00:00,3443,4.8689114186880165,2.086676322294864,19.5,4.058231098749646,496.0,130.8493536808262
2025-05-24 12:00:00,3444,4.573134694393485,1.9599148690257795,19.5,5.980981112918683,495.0,130.8493536808262
2025-05-24 13:00:00,3445,5.463445772856883,2.341476759795807,19.5,1.8518401570437282,495.0,130.8493536808262
2025-05-24 14:00:00,3446,4.965623326038056,2.1281242825877382,19.5,0.8292749622238098,494.0,130.8493536808262
2025-05-24 15:00:00,3447,5.324613744646893,2.2819773191343824,19.4,0.20997097776655765,493.0,130.8493536808262
2025-05-24 16:00:00,3448,5.1240212313933124,2.196009099168563,19.4,0.061983993376855645,492.0,130.8493536808262
2025-05-24 17:00:00,3449,5.821116879487275,2.4947643769231176,19.4,0.0,492.0,130.8493536808262
2025-05-24 18:00:00,3450,5.575956061388775,2.3896954548809037,19.4,1.2874076624837285,492.0,130.8493536808262
2025-05-24 19:00:00,3451,5.811149132307843,2.4904924852747903,19.4,14.207351785211468,493.0,130.8493536808262
2025-05-24 20:00:00,3452,6.143370520204547,2.6328730800876627,19.4,15.0,487.0,130.8493536808262
2025-05-24 21:00:00,3453,6.18940580078899,2.6526024860524244,19.4,15.0,467.0,130.8493536808262
2025-05-24 22:00:00,3454,6.093805196271312,2.611630798401991,19.4,15.0,439.0,130.8493536808262
2025-05-24 23:00:00,3455,6.068497966111694,2.600784842619297,19.5,15.0,403.0,130.8493536808262
2025-05-25 00:00:00,3456,5.844785655770343,2.5049081381872895,19.5,15.0,381.0,130.8493536808262
2025-05-25 01:00:00,3457,5.39185572820751,2.3107953120889326,19.5,15.0,366.0,130.8493536808262
2025-05-25 02:00:00,3458,4.727706268383484,2.026159829307207,19.5,15.0,369.0,130.8493536808262
2025-05-25 03:00:00,3459,4.6096015585085865,1.9755435250751083,19.6,15.0,369.0,130.8493536808262
2025-05-25 04:00:00,3460,4.496611009043176,1.9271190038756467,19.6,15.0,372.0,130.8493536808262
2025-05-25 05:00:00,3461,4.527863398197648,1.940512884941849,19.7,15.0,401.0,130.8493536808262
2025-05-25 06:00:00,3462,4.147544676932436,1.7775191472567584,19.7,15.0,436.0,130.8493536808262
2025-05-25 07:00:00,3463,3.889282952458009,1.6668355510534323,19.7,15.0,455.0,130.8493536808262
2025-05-25 08:00:00,3464,4.011526229234871,1.7192255268149448,19.6,15.0,475.0,130.8493536808262
2025-05-25 09:00:00,3465,4.542609843973569,1.9468327902743865,19.6,15.0,492.0,130.8493536808262
2025-05-25 10:00:00,3466,4.016657263884675,1.721424541664861,19.5,15.0,495.0,130.8493536808262
2025-05-25 11:00:00,3467,4.665568517678811,1.9995293647194903,19.5,13.194242095861833,493.0,130.8493536808262
2025-05-25 12:00:00,3468,4.298232762066626,1.8420997551714111,19.5,7.5803667353436195,493.0,130.8493536808262
2025-05-25 13:00:00,3469,4.96307590275881,2.1270325297537753,19.5,3.8638317990037705,494.0,130.8493536808262
2025-05-25 14:00:00,3470,4.915981530716088,2.1068492274497523,19.5,0.8742157579167021,493.0,130.8493536808262
2025-05-25 15:00:00,3471,5.024525199149224,2.1533679424925247,19.5,1.1770597585737654,491.0,130.8493536808262
2025-05-25 16:00:00,3472,4.530277908019017,1.9415476748652931,19.5,7.293563762349236,489.0,130.8493536808262
2025-05-25 17:00:00,3473,4.646138395036305,1.9912021693012734,19.5,9.155034840215944,489.0,130.8493536808262
2025-05-25 18:00:00,3474,4.714433666911958,2.020471571533696,19.5,7.440988649544523,489.0,130.8493536808262
2025-05-25 19:00:00,3475,4.348829226106888,1.8637839540458088,19.5,6.933182942522634,489.0,130.8493536808262
2025-05-25 20:00:00,3476,4.17932823133204,1.7911406705708743,19.5,5.928620166072554,476.0,130.8493536808262
2025-05-25 21:00:00,3477,4.087369859048401,1.7517299395921717,19.5,4.864008592912479,438.0,130.8493536808262
2025-05-25 22:00:00,3478,3.9656957272169873,1.6995838830929946,19.5,3.1994456273466887,399.0,130.8493536808262
2025-05-25 23:00:00,3479,4.087717696548862,1.751879012806655,19.5,2.92932927762081,368.0,130.8493536808262
2025-05-26 00:00:00,3480,4.331091868755114,1.8561822294664774,19.5,2.789810778816094,356.0,130.8493536808262
2025-05-26 01:00:00,3481,5.059635801046879,2.168415343305805,19.5,2.5470957322032457,354.0,130.8493536808262
2025-05-26 02:00:00,3482,4.065351113385323,1.7422933343079956,19.6,1.767833862959526,349.0,130.8493536808262
2025-05-26 03:00:00,3483,4.292273540231653,1.8395458029564224,19.6,2.224916679834653,366.0,130.8493536808262
2025-05-26 04:00:00,3484,4.252619747797112,1.8225513204844765,19.7,2.4157752266608354,380.0,130.8493536808262
2025-05-26 05:00:00,3485,4.182376343542978,1.792447004375562,19.8,2.388171833932528,405.0,130.8493536808262
2025-05-26 06:00:00,3486,4.166576518680568,1.7856756508631002,19.8,2.9634908227129055,425.0,130.8493536808262
2025-05-26 07:00:00,3487,4.197471624921237,1.7989164106805302,19.8,3.0174984558462667,463.0,130.8493536808262
2025-05-26 08:00:00,3488,4.559442312976376,1.954046705561304,19.7,2.567150697340959,487.0,130.8493536808262
2025-05-26 09:00:00,3489,4.201762569057411,1.8007553867388908,19.6,2.8907020229061335,499.0,130.8493536808262
2025-05-26 10:00:00,3490,4.528625361625811,1.9408394406967762,19.5,4.541516406225028,501.0,130.8493536808262
2025-05-26 11:00:00,3491,4.440274137643074,1.9029746304184605,19.5,3.3258447601551357,500.0,130.8493536808262
2025-05-26 12:00:00,3492,4.2835284803207445,1.8357979201374617,19.5,2.8154484685549175,499.0,130.8493536808262
2025-05-26 13:00:00,3493,4.949938150120394,2.1214020643373113,19.4,2.233716819846754,499.0,130.8493536808262
2025-05-26 14:00:00,3494,4.5908016000036405,1.96748640000156,19.4,2.4892323079927046,499.0,130.8493536808262
2025-05-26 15:00:00,3495,4.689481252432133,2.009777679613771,19.4,2.742001670444723,498.0,130.8493536808262
2025-05-26 16:00:00,3496,4.512404298867562,1.9338875566575262,19.4,3.1224922042529943,497.0,130.8493536808262
2025-05-26 17:00:00,3497,4.607080947271651,1.9744632631164216,19.3,3.0404116283912623,497.0,130.8493536808262
2025-05-26 18:00:00,3498,4.510195069856165,1.9329407442240707,19.3,2.812855351968128,498.0,130.8493536808262
2025-05-26 19:00:00,3499,4.310266725832906,1.8472571682141024,19.3,2.5311522017807087,499.0,130.8493536808262
2025-05-26 20:00:00,3500,4.529598566663707,1.9412565285701602,19.3,2.877220881479073,484.0,130.8493536808262
2025-05-26 21:00:00,3501,4.304109045310449,1.8446181622759068,19.3,2.7228833375202197,452.0,130.8493536808262
2025-05-26 22:00:00,3502,4.261095155485041,1.8261836380650174,19.3,2.204872559175392,411.0,130.8493536808262
2025-05-26 23:00:00,3503,4.206101049899434,1.8026147356711861,19.4,2.053660009425655,387.0,130.8493536808262
2025-05-27 00:00:00,3504,4.676448268515617,2.004192115078121,19.4,2.445998143910647,368.0,130.8493536808262
2025-05-27 01:00:00,3505,4.480519022045612,1.9202224380195476,19.4,2.4183238620760794,358.0,130.8493536808262
2025-05-27 02:00:00,3506,4.118656912951483,1.7651386769792068,19.4,2.2360251795796695,368.0,130.8493536808262
2025-05-27 03:00:00,3507,3.69837391219533,1.5850173909408556,19.5,2.305891812569974,364.0,130.8493536808262
2025-05-27 04:00:00,3508,3.66336338698929,1.5700128801382671,19.5,2.6545530778677153,391.0,130.8493536808262
2025-05-27 05:00:00,3509,3.6741738525455383,1.5746459368052306,19.5,2.4069883191562074,409.0,130.8493536808262
2025-05-27 06:00:00,3510,3.7775932353262887,1.6189685294255522,19.5,2.507027282443563,425.0,130.8493536808262
2025-05-27 07:00:00,3511,4.102824695043789,1.7583534407330523,19.5,2.2101620174007603,460.0,130.8493536808262
2025-05-27 08:00:00,3512,4.102078987910328,1.7580338519615692,19.5,2.0381556081989385,487.0,130.8493536808262
2025-05-27 09:00:00,3513,3.9695991418882297,1.7012567750949554,19.5,2.0322566464694236,499.0,130.8493536808262
2025-05-27 10:00:00,3514,4.051835414939859,1.7365008921170826,19.5,1.974884813612959,501.0,130.8493536808262
2025-05-27 11:00:00,3515,3.9127124452776165,1.6768767622618357,19.4,2.9381178534803456,500.0,130.8493536808262
2025-05-27 12:00:00,3516,4.048769673113938,1.7351870027631164,19.4,3.541373547074315,500.0,130.8493536808262
2025-05-27 13:00:00,3517,4.330306772411301,1.8558457596048434,19.4,3.9616191338684463,499.0,130.8493536808262
2025-05-27 14:00:00,3518,4.09028338138222,1.7529785920209513,19.4,4.726913851656725,499.0,130.8493536808262
2025-05-27 15:00:00,3519,4.339299866989244,1.8596999429953902,19.4,4.76723918634885,497.0,130.8493536808262
2025-05-27 16:00:00,3520,4.023662890944965,1.7244269532621275,19.3,5.2343786918544595,498.0,130.8493536808262
2025-05-27 17:00:00,3521,4.0556230897120065,1.7381241813051458,19.3,5.724604970890281,498.0,130.8493536808262
2025-05-27 18:00:00,3522,4.357881827503036,1.8676636403584435,19.3,5.841332719868417,497.0,130.8493536808262
2025-05-27 19:00:00,3523,4.079040563280754,1.748160241406037,19.3,6.095247474918544,498.0,130.8493536808262
2025-05-27 20:00:00,3524,3.779105570757901,1.6196166731819577,19.3,7.281193000111404,483.0,130.8493536808262
2025-05-27 21:00:00,3525,4.169544864147256,1.7869477989202525,19.3,9.919289516443923,431.0,130.8493536808262
2025-05-27 22:00:00,3526,3.878642041411634,1.662275160604986,19.3,3.002664822275948,354.0,130.8493536808262
2025-05-27 23:00:00,3527,3.984379893013891,1.7075913827202387,19.4,2.455490149950192,299.0,130.8493536808262
2025-05-28 00:00:00,3528,4.292974820166914,1.839846351500106,19.4,3.542035169517854,259.0,130.8493536808262
2025-05-28 01:00:00,3529,4.209322503583637,1.8039953586787014,19.4,4.764165211433962,234.0,130.8493536808262
2025-05-28 02:00:00,3530,4.423817280727026,1.8959216917401538,19.5,5.355789080992949,234.0,130.8493536808262
2025-05-28 03:00:00,3531,4.896490450060087,2.0984959071686085,19.5,5.388527999416972,231.0,130.8493536808262
2025-05-28 04:00:00,3532,4.384032087045862,1.8788708944482264,19.5,6.303904578883458,265.0,130.8493536808262
2025-05-28 05:00:00,3533,4.307912439397434,1.846248188313186,19.6,7.42677029932921,301.0,130.8493536808262
2025-05-28 06:00:00,3534,4.520725403827923,1.937453744497681,19.6,6.311910196436765,351.0,130.8493536808262
2025-05-28 07:00:00,3535,4.217795552800484,1.8076266654859217,19.6,5.051928514510492,416.0,130.8493536808262
2025-05-28 08:00:00,3536,4.279797228028315,1.834198812012135,19.6,3.8438249067391737,470.0,130.8493536808262
2025-05-28 09:00:00,3537,4.012572162224648,1.7196737838105636,19.5,2.884671909382713,498.0,130.8493536808262
2025-05-28 10:00:00,3538,3.908712479852757,1.675162491365467,19.5,1.8246742507620513,502.0,130.8493536808262
2025-05-28 11:00:00,3539,4.438797074625947,1.9023416034111205,19.5,1.4996799787958859,501.0,130.8493536808262
2025-05-28 12:00:00,3540,4.329177630007573,1.8553618414318165,19.5,1.2933221512955022,501.0,130.8493536808262
2025-05-28 13:00:00,3541,4.634423450211014,1.9861814786618632,19.4,1.0762300180469087,500.0,130.8493536808262
2025-05-28 14:00:00,3542,4.486523527699699,1.9227957975855854,19.4,1.034294444729564,500.0,130.8493536808262
2025-05-28 15:00:00,3543,4.791746255187089,2.0536055379373237,19.4,0.9952097271002448,499.0,130.8493536808262
2025-05-28 16:00:00,3544,4.815137311136684,2.063630276201436,19.3,0.831843232452931,498.0,130.8493536808262
2025-05-28 17:00:00,3545,4.880946990762023,2.0918344246122955,19.2,0.8032528751750704,499.0,130.8493536808262
2025-05-28 18:00:00,3546,4.759863048276684,2.039941306404293,19.2,0.8462441614750319,500.0,130.8493536808262
2025-05-28 19:00:00,3547,5.041638442894282,2.160702189811835,19.2,0.8046868334253237,500.0,130.8493536808262
2025-05-28 20:00:00,3548,5.11309251207847,2.191325362319344,19.2,0.8221273098543602,484.0,130.8493536808262
2025-05-28 21:00:00,3549,4.73884511604294,2.03093362116126,19.2,0.7276341755505786,437.0,130.8493536808262
2025-05-28 22:00:00,3550,4.6701689587514235,2.0015009823220384,19.3,0.2978921477959738,368.0,130.8493536808262
2025-05-28 23:00:00,3551,5.248537655167686,2.2493732807861515,19.3,0.12346717716532171,327.0,130.8493536808262
2025-05-29 00:00:00,3552,5.177105350755538,2.2187594360380873,19.4,0.2427879803285673,294.0,130.8493536808262
2025-05-29 01:00:00,3553,5.414237136728824,2.3203873443123526,19.4,0.3087087260339629,282.0,130.8493536808262
2025-05-29 02:00:00,3554,4.379997054051426,1.877141594593468,19.5,0.7370075763249395,291.0,130.8493536808262
2025-05-29 03:00:00,3555,5.071386615437264,2.1734514066159707,19.6,0.8222847499633253,318.0,130.8493536808262
2025-05-29 04:00:00,3556,5.609818221850304,2.4042078093644164,19.6,0.6813119371246688,359.0,130.8493536808262
2025-05-29 05:00:00,3557,5.568648077004543,2.3865634615733753,19.7,1.0417811282127927,394.0,130.8493536808262
2025-05-29 06:00:00,3558,5.122304350864017,2.195273293227436,19.8,1.3706424625097178,438.0,130.8493536808262
2025-05-29 07:00:00,3559,5.412467751392802,2.3196290363112007,19.8,0.8816644953158718,471.0,130.8493536808262
2025-05-29 08:00:00,3560,5.639608467055012,2.416975057309291,19.7,0.8687653185080925,492.0,130.8493536808262
2025-05-29 09:00:00,3561,5.585270793564802,2.3936874829563433,19.6,0.9707292527301804,500.0,130.8493536808262
2025-05-29 10:00:00,3562,5.902290298886362,2.529552985237012,19.5,1.0004121119968974,501.0,130.8493536808262
2025-05-29 11:00:00,3563,5.369276431483922,2.3011184706359664,19.5,0.6578577754827417,500.0,130.8493536808262
2025-05-29 12:00:00,3564,5.861406229321751,2.512031241137893,19.5,1.4103892880353952,500.0,130.8493536808262
2025-05-29 13:00:00,3565,6.005701895614154,2.573872240977494,19.4,0.7538278575356778,500.0,130.8493536808262
2025-05-29 14:00:00,3566,5.827229653325478,2.4973841371394907,19.4,0.8046926699632432,500.0,130.8493536808262
2025-05-29 15:00:00,3567,5.33839359867011,2.287882970858618,19.4,1.668952265681602,498.0,130.8493536808262
2025-05-29 16:00:00,3568,5.215128772862469,2.2350551883696297,19.4,2.2818876635749166,497.0,130.8493536808262
2025-05-29 17:00:00,3569,4.911884194367021,2.1050932261572943,19.4,2.735414655866704,497.0,130.8493536808262
2025-05-29 18:00:00,3570,4.979359589648261,2.1340112527063977,19.4,3.3689691322352013,498.0,130.8493536808262
2025-05-29 19:00:00,3571,5.000678050670732,2.1431477360017426,19.3,6.933451815836323,498.0,130.8493536808262
2025-05-29 20:00:00,3572,5.38356906739901,2.307243886028147,19.3,12.127461873481016,494.0,130.8493536808262
2025-05-29 21:00:00,3573,5.649715167297712,2.421306500270448,19.2,15.0,488.0,130.8493536808262
2025-05-29 22:00:00,3574,5.282005380081495,2.263716591463498,19.2,15.0,483.0,130.8493536808262
2025-05-29 23:00:00,3575,5.050431895465049,2.1644708123421643,19.1,15.0,474.0,130.8493536808262
2025-05-30 00:00:00,3576,4.686110468413111,2.008333057891333,19.1,15.0,464.0,130.8493536808262
2025-05-30 01:00:00,3577,5.15851339814045,2.210791456345907,19.0,15.0,456.0,130.8493536808262
2025-05-30 02:00:00,3578,5.005077243111876,2.145033104190804,19.0,15.0,454.0,130.8493536808262
2025-05-30 03:00:00,3579,4.48611976729224,1.92262275741096,18.9,15.0,442.0,130.8493536808262
2025-05-30 04:00:00,3580,4.166807922646431,1.7857748239913271,18.9,15.0,451.0,130.8493536808262
2025-05-30 05:00:00,3581,4.412557434639373,1.891096043416874,18.8,15.0,460.0,130.8493536808262
2025-05-30 06:00:00,3582,4.515951738486034,1.935407887922586,18.8,15.0,471.0,130.8493536808262
2025-05-30 07:00:00,3583,4.336151287401419,1.858350551743465,18.7,15.0,485.0,130.8493536808262
2025-05-30 08:00:00,3584,5.43900904135057,2.3310038748645296,18.6,15.0,492.0,130.8493536808262
2025-05-30 09:00:00,3585,5.096838257048572,2.1843592530208165,18.6,15.0,498.0,130.8493536808262
2025-05-30 10:00:00,3586,5.702063671960544,2.443741573697376,18.6,15.0,498.0,130.8493536808262
2025-05-30 11:00:00,3587,5.134975965301649,2.200703985129278,18.6,15.0,498.0,130.8493536808262
2025-05-30 12:00:00,3588,5.484409318037088,2.350461136301609,18.5,15.0,497.0,130.8493536808262
2025-05-30 13:00:00,3589,5.353711789882095,2.2944479099494695,18.5,15.0,496.0,130.8493536808262
2025-05-30 14:00:00,3590,5.7008358763019515,2.4432153755579793,18.5,15.0,496.0,130.8493536808262
2025-05-30 15:00:00,3591,5.554379288761973,2.3804482666122744,18.5,15.0,495.0,130.8493536808262
2025-05-30 16:00:00,3592,5.272208070727517,2.259517744597507,18.5,15.0,493.0,130.8493536808262
2025-05-30 17:00:00,3593,5.303724388663976,2.273024737998847,18.5,15.0,493.0,130.8493536808262
2025-05-30 18:00:00,3594,5.0501611697867865,2.16435478705148,18.5,15.0,494.0,130.8493536808262
2025-05-30 19:00:00,3595,4.813954821061419,2.063123494740608,18.5,15.0,493.0,130.8493536808262
2025-05-30 20:00:00,3596,5.43263615195339,2.3282726365514526,18.4,15.0,483.0,130.8493536808262
2025-05-30 21:00:00,3597,5.237945373428246,2.244833731469248,18.4,15.0,460.0,130.8493536808262
2025-05-30 22:00:00,3598,5.167186459701582,2.214508482729249,18.4,14.905276839753382,444.0,130.8493536808262
2025-05-30 23:00:00,3599,5.325345358239025,2.2822908678167244,18.4,15.0,434.0,130.8493536808262
2025-05-31 00:00:00,3600,5.391628681756245,2.310698006466962,18.4,15.0,427.0,130.8493536808262
2025-05-31 01:00:00,3601,5.439561376468951,2.331240589915265,18.4,15.0,423.0,130.8493536808262
2025-05-31 02:00:00,3602,6.180935833092892,2.648972499896954,18.4,15.0,425.0,130.8493536808262
2025-05-31 03:00:00,3603,5.335561591843854,2.2866692536473656,18.4,15.0,421.0,130.8493536808262
2025-05-31 04:00:00,3604,5.182010248687661,2.2208615351518546,18.3,15.0,422.0,130.8493536808262
2025-05-31 05:00:00,3605,4.950639199090181,2.1217025138957917,18.3,15.0,435.0,130.8493536808262
2025-05-31 06:00:00,3606,4.440517256267317,1.9030788241145646,18.3,15.0,448.0,130.8493536808262
2025-05-31 07:00:00,3607,4.714458784685016,2.0204823362935778,18.3,15.0,459.0,130.8493536808262
2025-05-31 08:00:00,3608,4.8766842913092585,2.090007553418254,18.2,15.0,476.0,130.8493536808262
2025-05-31 09:00:00,3609,4.719517783106069,2.0226504784740293,18.2,15.0,490.0,130.8493536808262
2025-05-31 10:00:00,3610,4.488268404541509,1.9235436019463612,18.2,15.0,492.0,130.8493536808262
2025-05-31 11:00:00,3611,4.673766649581683,2.003042849820721,18.1,15.0,491.0,130.8493536808262
2025-05-31 12:00:00,3612,4.6913193234427295,2.010565424332598,18.1,15.0,490.0,130.8493536808262
2025-05-31 13:00:00,3613,5.242082640590828,2.246606845967498,18.1,13.294532130626223,491.0,130.8493536808262
2025-05-31 14:00:00,3614,5.213858125492203,2.234510625210944,18.1,8.731443812927044,491.0,130.8493536808262
2025-05-31 15:00:00,3615,5.3047581651131095,2.2734677850484752,18.1,6.81964147924346,490.0,130.8493536808262
2025-05-31 16:00:00,3616,5.32731494916985,2.28313497821565,18.1,6.607302677157936,489.0,130.8493536808262
2025-05-31 17:00:00,3617,5.662417683878759,2.42675043594804,18.1,7.70671486365966,490.0,130.8493536808262
2025-05-31 18:00:00,3618,5.42311843495622,2.3241936149812368,18.1,6.453571750539831,492.0,130.8493536808262
2025-05-31 19:00:00,3619,5.172036170118647,2.2165869300508487,18.1,4.102975864974663,492.0,130.8493536808262
2025-05-31 20:00:00,3620,5.296136127082498,2.269772625892499,18.1,2.704356680250327,479.0,130.8493536808262
2025-05-31 21:00:00,3621,5.0345136490642695,2.15764870674183,18.1,1.5605790570393545,441.0,130.8493536808262
2025-05-31 22:00:00,3622,5.0106320012804995,2.1474137148344994,18.1,0.0397563684575323,392.0,130.8493536808262
2025-05-31 23:00:00,3623,5.013110297197763,2.1484758416561838,18.1,0.21866382270705317,337.0,130.8493536808262
2025-06-01 00:00:00,3624,5.277642577532676,2.261846818942575,18.1,0.9309081675138554,274.0,130.8493536808262
2025-06-01 01:00:00,3625,5.655541945501895,2.423803690929383,18.2,1.019334148957812,239.0,130.8493536808262
2025-06-01 02:00:00,3626,5.25469611532211,2.2520126208523323,18.4,0.3989482662582414,219.0,130.8493536808262
2025-06-01 03:00:00,3627,4.620789133210062,1.9803381999471692,18.5,0.019680685189295933,214.0,130.8493536808262
2025-06-01 04:00:00,3628,4.479886298882522,1.9199512709496522,18.7,0.0,236.0,130.8493536808262
2025-06-01 05:00:00,3629,4.867201873556305,2.085943660095559,18.9,0.32853566705552584,277.0,130.8493536808262
2025-06-01 06:00:00,3630,4.408226841948267,1.8892400751206853,18.9,0.8197668893099799,343.0,130.8493536808262
2025-06-01 07:00:00,3631,4.198812016025297,1.7994908640108414,18.9,1.2203669948427713,414.0,130.8493536808262
2025-06-01 08:00:00,3632,4.46686040675433,1.914368745751856,18.9,1.2059708660101278,471.0,130.8493536808262
2025-06-01 09:00:00,3633,4.610669584102343,1.9760012503295756,18.8,1.1660728485772687,495.0,130.8493536808262
2025-06-01 10:00:00,3634,4.247819293036347,1.8204939827298627,18.7,1.3153154866314227,499.0,130.8493536808262
2025-06-01 11:00:00,3635,4.618438397273393,1.9793307416885968,18.6,1.1034072092688372,499.0,130.8493536808262
2025-06-01 12:00:00,3636,4.789839476780575,2.0527883471916746,18.5,1.0619546558377475,498.0,130.8493536808262
2025-06-01 13:00:00,3637,4.941589916025025,2.1178242497250106,18.5,0.8164683102443043,498.0,130.8493536808262
2025-06-01 14:00:00,3638,5.128349682223916,2.197864149524535,18.5,0.4899265598921086,497.0,130.8493536808262
2025-06-01 15:00:00,3639,5.2039520080944595,2.230265146326197,18.4,0.1359823237560111,494.0,130.8493536808262
2025-06-01 16:00:00,3640,4.99484533535391,2.1406480008659616,18.4,0.0,494.0,130.8493536808262
2025-06-01 17:00:00,3641,5.176546554969557,2.21851995212981,18.4,0.0,494.0,130.8493536808262
2025-06-01 18:00:00,3642,5.104422233408735,2.187609528603743,18.4,0.0,495.0,130.8493536808262
2025-06-01 19:00:00,3643,5.081499287138813,2.177785408773777,18.4,0.0,494.0,130.8493536808262
2025-06-01 20:00:00,3644,5.192093566627207,2.2251829571259454,18.4,0.0,476.0,130.8493536808262
2025-06-01 21:00:00,3645,4.9865195260913655,2.1370797968962996,18.5,0.0,418.0,130.8493536808262
2025-06-01 22:00:00,3646,4.784668996498784,2.0505724270709074,18.5,0.0,351.0,130.8493536808262
2025-06-01 23:00:00,3647,4.7185963005669915,2.022255557385853,18.5,0.0,309.0,130.8493536808262
2025-06-02 00:00:00,3648,5.073479873763562,2.1743485173272403,18.6,0.1321925795779347,277.0,130.8493536808262
2025-06-02 01:00:00,3649,4.572032288556105,1.9594424093811877,18.8,0.40940365215424057,262.0,130.8493536808262
2025-06-02 02:00:00,3650,4.311767324162277,1.8479002817838328,19.0,0.7695663919598241,264.0,130.8493536808262
2025-06-02 03:00:00,3651,4.258219187299768,1.824951080271329,19.1,1.3219670322754797,261.0,130.8493536808262
2025-06-02 04:00:00,3652,4.036745681686309,1.730033863579847,19.3,1.9207969574618606,305.0,130.8493536808262
2025-06-02 05:00:00,3653,3.8907518572896755,1.6674650816955754,19.4,2.1594680205663472,363.0,130.8493536808262
2025-06-02 06:00:00,3654,3.850504244077679,1.6502161046047197,19.5,1.8717806805643202,412.0,130.8493536808262
2025-06-02 07:00:00,3655,4.058499028018174,1.7393567262935028,19.5,1.856435983636034,446.0,130.8493536808262
2025-06-02 08:00:00,3656,3.9278477408290495,1.683363317498164,19.5,2.447810028395965,483.0,130.8493536808262
2025-06-02 09:00:00,3657,4.1391474062282425,1.773920316954961,19.5,2.9456819533938674,499.0,130.8493536808262
2025-06-02 10:00:00,3658,3.777155183433726,1.6187807929001683,19.4,3.1747597471333293,501.0,130.8493536808262
2025-06-02 11:00:00,3659,3.9871974626635125,1.7087989125700767,19.3,4.294223938187777,501.0,130.8493536808262
2025-06-02 12:00:00,3660,4.167587770385657,1.786109044450996,19.2,4.311581725899732,500.0,130.8493536808262
2025-06-02 13:00:00,3661,4.379649291568254,1.8769925535292513,19.2,4.447239012289267,499.0,130.8493536808262
2025-06-02 14:00:00,3662,3.9574834886794354,1.6960643522911865,19.2,6.811063922047123,499.0,130.8493536808262
2025-06-02 15:00:00,3663,4.00028299118738,1.7144069962231625,19.1,5.226828161914743,499.0,130.8493536808262
2025-06-02 16:00:00,3664,3.9715372563102997,1.7020873955615572,19.1,4.568226565081256,497.0,130.8493536808262
2025-06-02 17:00:00,3665,4.175087498266452,1.789323213542765,19.1,4.980257734365534,496.0,130.8493536808262
2025-06-02 18:00:00,3666,4.2606806092741305,1.826005975403199,19.1,5.70136187012681,498.0,130.8493536808262
2025-06-02 19:00:00,3667,4.321900863301675,1.8522432271292892,19.0,5.635296391516895,498.0,130.8493536808262
2025-06-02 20:00:00,3668,4.012376001567459,1.7195897149574821,19.0,5.058723963987828,487.0,130.8493536808262
2025-06-02 21:00:00,3669,3.938734651539899,1.6880291363742423,19.0,5.414707570378538,474.0,130.8493536808262
2025-06-02 22:00:00,3670,3.946819446187454,1.6914940483660517,19.0,1.1162825426710166,464.0,130.8493536808262
2025-06-02 23:00:00,3671,3.9302370337286208,1.6843873001694087,19.0,3.3072790977900186,467.0,130.8493536808262
2025-06-03 00:00:00,3672,4.531114823131939,1.941906352770831,19.0,1.8239252740218168,462.0,130.8493536808262
2025-06-03 01:00:00,3673,4.166263727865985,1.785541597656851,19.0,0.34429902648688776,463.0,130.8493536808262
2025-06-03 02:00:00,3674,3.638393582399381,1.5593115353140206,19.0,0.11335621852008056,464.0,130.8493536808262
2025-06-03 03:00:00,3675,3.5311022844507836,1.5133295504789073,19.0,5.296371524380681,468.0,130.8493536808262
2025-06-03 04:00:00,3676,3.573666564738895,1.5315713848880979,19.0,5.045817687589966,478.0,130.8493536808262
2025-06-03 05:00:00,3677,3.4175250667324537,1.4646536000281944,19.0,4.551303272171153,482.0,130.8493536808262
2025-06-03 06:00:00,3678,3.5498296251502426,1.521355553635818,19.0,10.081411966706145,486.0,130.8493536808262
2025-06-03 07:00:00,3679,3.5291396564610826,1.5124884241976069,19.0,15.0,490.0,130.8493536808262
2025-06-03 08:00:00,3680,3.943864888133837,1.6902278092002156,19.0,15.0,494.0,130.8493536808262
2025-06-03 09:00:00,3681,3.531072922137407,1.5133169666303172,19.0,15.0,499.0,130.8493536808262
2025-06-03 10:00:00,3682,3.8698096796907375,1.6584898627246016,19.0,3.6221754675728284,500.0,130.8493536808262
2025-06-03 11:00:00,3683,3.9411394755128115,1.6890597752197762,19.0,0.6022067619680416,500.0,130.8493536808262
2025-06-03 12:00:00,3684,3.9523687585726552,1.6938723251025662,19.0,0.0,499.0,130.8493536808262
2025-06-03 13:00:00,3685,4.150777602089333,1.7789046866097142,19.0,1.9162648201790764,498.0,130.8493536808262
2025-06-03 14:00:00,3686,4.13401311803195,1.7717199077279786,19.0,2.6984062881510105,498.0,130.8493536808262
2025-06-03 15:00:00,3687,4.130224958869656,1.7700964109441384,19.0,2.1422637231278827,497.0,130.8493536808262
2025-06-03 16:00:00,3688,4.237303012821634,1.815987005494986,19.0,1.681089134964322,497.0,130.8493536808262
2025-06-03 17:00:00,3689,4.292023036857117,1.8394384443673355,19.0,0.7010537800508945,497.0,130.8493536808262
2025-06-03 18:00:00,3690,4.255428441945369,1.823755046548015,19.0,0.15875917069827553,498.0,130.8493536808262
2025-06-03 19:00:00,3691,4.379394666555703,1.8768834285238722,19.0,0.0417978099995652,497.0,130.8493536808262
2025-06-03 20:00:00,3692,4.269352546157468,1.829722519781772,19.1,0.0,475.0,130.8493536808262
2025-06-03 21:00:00,3693,4.519111184720056,1.936761936308595,19.1,0.0,424.0,130.8493536808262
2025-06-03 22:00:00,3694,4.457757815212896,1.9104676350912413,19.2,0.0,364.0,130.8493536808262
2025-06-03 23:00:00,3695,4.5885343043554645,1.9665147018666276,19.2,0.0,324.0,130.8493536808262
2025-06-04 00:00:00,3696,4.420810190117274,1.894632938621689,19.4,0.05381589352648902,325.0,130.8493536808262
2025-06-04 01:00:00,3697,5.071759505967879,2.1736112168433768,19.5,0.3985531846939147,327.0,130.8493536808262
2025-06-04 02:00:00,3698,4.635538458876874,1.98665933951866,19.5,0.5990552986695635,314.0,130.8493536808262
2025-06-04 03:00:00,3699,4.535014640063894,1.9435777028845256,19.7,0.5136905886487155,315.0,130.8493536808262
2025-06-04 04:00:00,3700,4.383246772748619,1.878534331177979,19.8,0.572292527849949,330.0,130.8493536808262
2025-06-04 05:00:00,3701,4.328773386900764,1.8551885943860413,19.9,0.6867818119364972,353.0,130.8493536808262
2025-06-04 06:00:00,3702,3.981093086240089,1.7061827512457524,20.0,1.0597474621061018,386.0,130.8493536808262
2025-06-04 07:00:00,3703,4.269518317736393,1.8297935647441688,20.0,1.9433698203691103,421.0,130.8493536808262
2025-06-04 08:00:00,3704,4.4873620303595185,1.9231551558683653,19.9,1.9070109252200904,466.0,130.8493536808262
2025-06-04 09:00:00,3705,4.268552581079348,1.8293796776054345,19.9,1.7956079881520097,493.0,130.8493536808262
2025-06-04 10:00:00,3706,4.8254986743658,2.0680708604424853,19.8,0.3268057757873695,497.0,130.8493536808262
2025-06-04 11:00:00,3707,4.3627939299388405,1.869768827116646,19.7,0.17588345597097843,496.0,130.8493536808262
2025-06-04 12:00:00,3708,4.487396216018474,1.92316980686506,19.6,0.0,495.0,130.8493536808262
2025-06-04 13:00:00,3709,5.470740621324747,2.3446031234248914,19.6,0.0,496.0,130.8493536808262
2025-06-04 14:00:00,3710,4.780664698327745,2.048856299283319,19.5,0.0,495.0,130.8493536808262
2025-06-04 15:00:00,3711,4.842952424747596,2.0755510391775407,19.5,0.0,491.0,130.8493536808262
2025-06-04 16:00:00,3712,4.897877656804469,2.099090424344772,19.4,0.022325125726151973,490.0,130.8493536808262
2025-06-04 17:00:00,3713,5.327183499218574,2.2830786425222453,19.4,1.6577358791895838,490.0,130.8493536808262
2025-06-04 18:00:00,3714,5.190449250460162,2.2244782501972122,19.4,6.769597811504038,491.0,130.8493536808262
2025-06-04 19:00:00,3715,5.305538404499524,2.273802173356939,19.4,9.457873419496227,491.0,130.8493536808262
2025-06-04 20:00:00,3716,4.930561451056995,2.1130977647387117,19.4,8.126121340612684,471.0,130.8493536808262
2025-06-04 21:00:00,3717,5.204957722602948,2.230696166829835,19.4,4.8953360232599685,410.0,130.8493536808262
2025-06-04 22:00:00,3718,5.3283639683578015,2.283584557867629,19.5,1.322684765454823,334.0,130.8493536808262
2025-06-04 23:00:00,3719,5.446265085542008,2.334113608089432,19.5,0.6341409726341294,290.0,130.8493536808262
2025-06-05 00:00:00,3720,5.8192907738760695,2.4939817602326007,19.5,0.8589904008140754,259.0,130.8493536808262
2025-06-05 01:00:00,3721,5.171454209330521,2.216337518284509,19.6,0.0,242.0,130.8493536808262
2025-06-05 02:00:00,3722,4.961279745875945,2.126262748232548,19.6,0.0,237.0,130.8493536808262
2025-06-05 03:00:00,3723,4.679465331482964,2.0054851420641273,19.6,0.0,236.0,130.8493536808262
2025-06-05 04:00:00,3724,4.614072999122241,1.9774598567666746,19.6,0.4902697446151431,264.0,130.8493536808262
2025-06-05 05:00:00,3725,4.656938797764478,1.995830913327633,19.7,1.9703090236058793,300.0,130.8493536808262
2025-06-05 06:00:00,3726,4.6037845203804215,1.973050508734466,19.7,4.182991268191239,344.0,130.8493536808262
2025-06-05 07:00:00,3727,4.547398071940858,1.9488848879746534,19.7,5.436913622422332,405.0,130.8493536808262
2025-06-05 08:00:00,3728,4.497234235166616,1.9273861007856925,19.7,5.298180740234496,463.0,130.8493536808262
2025-06-05 09:00:00,3729,4.218599895778564,1.807971383905099,19.7,6.001725560815529,492.0,130.8493536808262
2025-06-05 10:00:00,3730,4.402586227247617,1.8868226688204068,19.6,5.913834041687589,497.0,130.8493536808262
2025-06-05 11:00:00,3731,4.492466191544718,1.9253426535191651,19.6,6.407275904084775,496.0,130.8493536808262
2025-06-05 12:00:00,3732,4.64854794014087,1.9922348314889442,19.6,5.662731140638871,496.0,130.8493536808262
2025-06-05 13:00:00,3733,5.173343081007102,2.217147034717329,19.6,5.43460697586551,495.0,130.8493536808262
2025-06-05 14:00:00,3734,5.470140255864493,2.3443458239419255,19.6,6.375600329205633,494.0,130.8493536808262
2025-06-05 15:00:00,3735,5.013221560434159,2.148523525900354,19.6,7.59227340417196,493.0,130.8493536808262
2025-06-05 16:00:00,3736,5.65014416068726,2.421490354580254,19.6,7.304758642657396,493.0,130.8493536808262
2025-06-05 17:00:00,3737,5.089947970844996,2.1814062732192836,19.6,6.334965271841058,493.0,130.8493536808262
2025-06-05 18:00:00,3738,4.782816851878609,2.049778650805118,19.6,6.990406695353069,495.0,130.8493536808262
2025-06-05 19:00:00,3739,4.901648947009383,2.1007066915754495,19.6,7.302600909541892,493.0,130.8493536808262
2025-06-05 20:00:00,3740,4.980362991958643,2.1344412822679897,19.6,7.514277329582893,471.0,130.8493536808262
2025-06-05 21:00:00,3741,4.974676717197754,2.1320043073704658,19.7,7.304109163230493,414.0,130.8493536808262
2025-06-05 22:00:00,3742,5.270198611698127,2.258656547870626,19.8,7.23553560371127,344.0,130.8493536808262
2025-06-05 23:00:00,3743,5.603297214681209,2.401413092006232,19.8,5.648983610769724,300.0,130.8493536808262
2025-06-06 00:00:00,3744,5.495673736618491,2.3552887442650676,19.8,5.777753656784597,264.0,130.8493536808262
2025-06-06 01:00:00,3745,5.0398747942315065,2.159946340384931,19.9,6.357126148686728,251.0,130.8493536808262
2025-06-06 02:00:00,3746,5.02309246799183,2.152753914853641,19.9,7.158848904812556,263.0,130.8493536808262
2025-06-06 03:00:00,3747,5.3245378256210785,2.2819447824090333,19.9,7.936870248616376,281.0,130.8493536808262
2025-06-06 04:00:00,3748,5.079806112590905,2.1770597625389594,19.9,7.6297646645882615,305.0,130.8493536808262
2025-06-06 05:00:00,3749,4.9511619546230135,2.121926551981291,19.9,7.066950674798464,327.0,130.8493536808262
2025-06-06 06:00:00,3750,4.838595098689142,2.0736836137239183,19.9,7.534380739998384,380.0,130.8493536808262
2025-06-06 07:00:00,3751,4.554371732761075,1.9518735997547463,19.9,8.548661269113827,437.0,130.8493536808262
2025-06-06 08:00:00,3752,4.698881004560634,2.0138061448117,19.8,8.820256377583124,476.0,130.8493536808262
2025-06-06 09:00:00,3753,4.659904223059685,1.997101809882722,19.8,10.536055127944644,494.0,130.8493536808262
2025-06-06 10:00:00,3754,3.851903571730138,1.6508158164557731,19.7,8.705258691355189,496.0,130.8493536808262
2025-06-06 11:00:00,3755,4.133317298293939,1.7714216992688308,19.6,10.240888306013023,496.0,130.8493536808262
2025-06-06 12:00:00,3756,4.24678768922308,1.820051866809891,19.6,10.5303736668694,494.0,130.8493536808262
2025-06-06 13:00:00,3757,4.313723853989594,1.8487387945669687,19.5,10.825164360005827,494.0,130.8493536808262
2025-06-06 14:00:00,3758,4.487550735565556,1.9232360295280952,19.5,11.386619603642043,494.0,130.8493536808262
2025-06-06 15:00:00,3759,4.60598352767308,1.9739929404313197,19.5,13.57007395835248,493.0,130.8493536808262
2025-06-06 16:00:00,3760,4.838014146034325,2.0734346340147103,19.5,14.563011916308778,492.0,130.8493536808262
2025-06-06 17:00:00,3761,4.781219522371492,2.0490940810163534,19.5,15.0,493.0,130.8493536808262
2025-06-06 18:00:00,3762,5.181385578656819,2.220593819424351,19.5,12.021476670595334,494.0,130.8493536808262
2025-06-06 19:00:00,3763,4.833967231862594,2.0717002422268256,19.5,10.141301439451365,493.0,130.8493536808262
2025-06-06 20:00:00,3764,5.756027582461138,2.466868963911916,19.5,10.717802358515849,478.0,130.8493536808262
2025-06-06 21:00:00,3765,5.440988950174821,2.3318524072177804,19.6,9.659605000618942,421.0,130.8493536808262
2025-06-06 22:00:00,3766,5.298245152976051,2.270676494132593,19.6,7.698138220417461,333.0,130.8493536808262
2025-06-06 23:00:00,3767,4.914497012587278,2.1062130053945474,19.6,7.564814060860202,271.0,130.8493536808262
2025-06-07 00:00:00,3768,5.602431371230995,2.401042016241855,19.7,7.19092942576013,234.0,130.8493536808262
2025-06-07 01:00:00,3769,5.454820651379737,2.337780279162744,19.8,5.033543927903449,221.0,130.8493536808262
2025-06-07 02:00:00,3770,4.728591103006079,2.026539044145462,19.9,4.268542210322131,225.0,130.8493536808262
2025-06-07 03:00:00,3771,4.331237090082642,1.856244467178275,20.0,5.041232966499238,252.0,130.8493536808262
2025-06-07 04:00:00,3772,4.303515801082085,1.8443639147494646,20.0,5.398314093268665,288.0,130.8493536808262
2025-06-07 05:00:00,3773,4.71875219747711,2.0223223703473323,20.1,4.9906167910460555,310.0,130.8493536808262
2025-06-07 06:00:00,3774,4.703339923240462,2.015717109960198,20.1,5.120701146171217,358.0,130.8493536808262
2025-06-07 07:00:00,3775,4.508873790344927,1.932374481576397,20.1,4.9488035235525665,425.0,130.8493536808262
2025-06-07 08:00:00,3776,4.4092396505133316,1.889674135934285,20.1,3.8442339567794086,473.0,130.8493536808262
2025-06-07 09:00:00,3777,4.733413311718552,2.0286057050222364,20.1,3.6119789733413072,494.0,130.8493536808262
2025-06-07 10:00:00,3778,4.242494348933494,1.8182118638286404,20.1,1.395707844107377,499.0,130.8493536808262
2025-06-07 11:00:00,3779,5.7454040363811165,2.462316015591907,20.1,0.8650291507942248,498.0,130.8493536808262
2025-06-07 12:00:00,3780,5.574175149784413,2.3889322070504626,20.1,0.2907607095544911,497.0,130.8493536808262
2025-06-07 13:00:00,3781,5.998622710366424,2.570838304442753,20.1,0.1794472722683509,496.0,130.8493536808262
2025-06-07 14:00:00,3782,6.000136214350231,2.5714869490072414,20.1,0.2659399967690276,495.0,130.8493536808262
2025-06-07 15:00:00,3783,5.986432621708953,2.5656139807324085,20.0,0.9017960969025278,494.0,130.8493536808262
2025-06-07 16:00:00,3784,5.528770787415759,2.3694731946067535,20.0,1.191281118181985,495.0,130.8493536808262
2025-06-07 17:00:00,3785,5.306932201943853,2.274399515118794,20.0,1.6736601963869917,496.0,130.8493536808262
2025-06-07 18:00:00,3786,4.900988823516487,2.100423781507066,20.0,1.1037011851189185,495.0,130.8493536808262
2025-06-07 19:00:00,3787,5.065927792356952,2.1711119110101222,20.0,0.26475476975901385,495.0,130.8493536808262
2025-06-07 20:00:00,3788,4.974037046688581,2.131730162866534,20.1,0.0,481.0,130.8493536808262
2025-06-07 21:00:00,3789,4.839461137734748,2.074054773314892,20.1,0.32434693523011104,456.0,130.8493536808262
2025-06-07 22:00:00,3790,4.7358354682188715,2.029643772093802,20.1,0.0,430.0,130.8493536808262
2025-06-07 23:00:00,3791,5.162361559114416,2.2124406681918924,20.1,0.3014508218279367,395.0,130.8493536808262
2025-06-08 00:00:00,3792,5.599518879144878,2.3997938053478043,20.2,0.19984844133823845,391.0,130.8493536808262
2025-06-08 01:00:00,3793,5.510700584783805,2.361728822050202,20.2,0.05641299889147758,363.0,130.8493536808262
2025-06-08 02:00:00,3794,4.951589940004784,2.1221099742877647,20.3,0.0,344.0,130.8493536808262
2025-06-08 03:00:00,3795,5.007800843031443,2.14620036129919,20.4,0.0,324.0,130.8493536808262
2025-06-08 04:00:00,3796,5.006943267837455,2.145832829073195,20.5,0.0,335.0,130.8493536808262
2025-06-08 05:00:00,3797,5.025920547896533,2.1539659490985144,20.5,0.0,378.0,130.8493536808262
2025-06-08 06:00:00,3798,4.436919701932433,1.9015370151138997,20.5,0.0,418.0,130.8493536808262
2025-06-08 07:00:00,3799,4.540154504918955,1.9457805021081234,20.5,0.2505880664455118,455.0,130.8493536808262
2025-06-08 08:00:00,3800,5.500031512079936,2.3571563623199725,20.5,0.8612316197000751,484.0,130.8493536808262
2025-06-08 09:00:00,3801,5.763009321389263,2.4698611377382553,20.5,1.4512166443312529,496.0,130.8493536808262
2025-06-08 10:00:00,3802,6.3546198930708595,2.7234085256017964,20.5,1.760226778691034,500.0,130.8493536808262
2025-06-08 11:00:00,3803,6.093625694098693,2.6115538688994397,20.4,2.9588634104483758,499.0,130.8493536808262
2025-06-08 12:00:00,3804,6.028401709446775,2.583600732620046,20.4,4.621051757235389,498.0,130.8493536808262
2025-06-08 13:00:00,3805,4.906692506339158,2.102868217002496,20.3,4.883925027082998,497.0,130.8493536808262
2025-06-08 14:00:00,3806,5.138094203749937,2.2020403730356866,20.3,3.4700552274332144,496.0,130.8493536808262
2025-06-08 15:00:00,3807,4.887870597653249,2.094801684708535,20.2,2.9712834202525036,493.0,130.8493536808262
2025-06-08 16:00:00,3808,4.565086760523272,1.9564657545099737,20.2,2.6606429449383673,492.0,130.8493536808262
2025-06-08 17:00:00,3809,4.871898111334234,2.087956333428957,20.2,1.6492882673673908,493.0,130.8493536808262
2025-06-08 18:00:00,3810,5.102413247060395,2.1867485344544546,20.2,0.909986282060481,495.0,130.8493536808262
2025-06-08 19:00:00,3811,5.095945837676062,2.183976787575455,20.2,1.174735443425479,495.0,130.8493536808262
2025-06-08 20:00:00,3812,5.164976205155589,2.2135612307809662,20.2,1.414608968840575,473.0,130.8493536808262
2025-06-08 21:00:00,3813,4.838084612223365,2.0734648338100135,20.2,1.484878493625813,418.0,130.8493536808262
2025-06-08 22:00:00,3814,5.497153063853826,2.3559227416516397,20.2,2.66635797770919,369.0,130.8493536808262
2025-06-08 23:00:00,3815,5.03975457427145,2.159894817544907,20.2,2.3700926156556488,330.0,130.8493536808262
2025-06-09 00:00:00,3816,5.367048783200757,2.3001637642288957,20.2,3.7239356114162208,316.0,130.8493536808262
2025-06-09 01:00:00,3817,4.938934862616309,2.116686369692703,20.3,2.322676293150327,302.0,130.8493536808262
2025-06-09 02:00:00,3818,4.459525629242709,1.9112252696754468,20.3,1.0548818642611342,315.0,130.8493536808262
2025-06-09 03:00:00,3819,4.046991292554609,1.734424839666261,20.4,0.0,347.0,130.8493536808262
2025-06-09 04:00:00,3820,3.8677741495266966,1.6576174926542986,20.4,0.16843020742855805,374.0,130.8493536808262
2025-06-09 05:00:00,3821,3.7588500906337057,1.6109357531287307,20.5,0.1036751032921068,404.0,130.8493536808262
2025-06-09 06:00:00,3822,4.136929525350411,1.7729697965787474,20.5,0.28868772208859267,443.0,130.8493536808262
2025-06-09 07:00:00,3823,3.6060759501516317,1.5454611214935563,20.5,0.23662078805892525,474.0,130.8493536808262
2025-06-09 08:00:00,3824,3.880721056012229,1.6631661668623838,20.5,0.13773388372245784,492.0,130.8493536808262
2025-06-09 09:00:00,3825,4.285128727657105,1.8364837404244732,20.5,0.010810531682606123,499.0,130.8493536808262
2025-06-09 10:00:00,3826,4.759274042061206,2.039688875169088,20.5,0.0,500.0,130.8493536808262
2025-06-09 11:00:00,3827,5.026044061699523,2.15401888358551,20.4,0.0,499.0,130.8493536808262
2025-06-09 12:00:00,3828,4.790757046047085,2.0531815911630362,20.4,0.0,497.0,130.8493536808262
2025-06-09 13:00:00,3829,4.7368210403289694,2.030066160140987,20.4,0.0,496.0,130.8493536808262
2025-06-09 14:00:00,3830,4.95055211702029,2.121665193008696,20.4,0.21413935007726892,496.0,130.8493536808262
2025-06-09 15:00:00,3831,5.295416947346208,2.269464406005518,20.4,0.14161901008486485,496.0,130.8493536808262
2025-06-09 16:00:00,3832,5.320323221781928,2.2801385236208263,20.4,0.0,495.0,130.8493536808262
2025-06-09 17:00:00,3833,5.048694291302693,2.163726124844011,20.4,0.0,495.0,130.8493536808262
2025-06-09 18:00:00,3834,5.282961346633791,2.264126291414482,20.4,0.0,496.0,130.8493536808262
2025-06-09 19:00:00,3835,5.070228585500555,2.1729551080716667,20.4,0.007732504181261233,497.0,130.8493536808262
2025-06-09 20:00:00,3836,4.975579143628357,2.1323910615550097,20.4,0.03005259079457112,487.0,130.8493536808262
2025-06-09 21:00:00,3837,5.268368322242614,2.257872138103977,20.4,0.025728463970983356,469.0,130.8493536808262
2025-06-09 22:00:00,3838,5.520981183568786,2.3661347929580505,20.4,1.1597950768628713,449.0,130.8493536808262
2025-06-09 23:00:00,3839,5.465417005082374,2.3423215736067315,20.5,1.1294532252564846,442.0,130.8493536808262
2025-06-10 00:00:00,3840,5.977514726258924,2.561792025539539,20.5,0.9527556804954295,443.0,130.8493536808262
2025-06-10 01:00:00,3841,5.3984057388240245,2.3136024594960105,20.5,0.9530125820042297,441.0,130.8493536808262
2025-06-10 02:00:00,3842,5.3418386075033055,2.2893594032157023,20.5,0.38061832724954653,441.0,130.8493536808262
2025-06-10 03:00:00,3843,4.932200664272441,2.1138002846881894,20.6,0.5567671245253932,448.0,130.8493536808262
2025-06-10 04:00:00,3844,4.808181033607148,2.060649014403064,20.6,3.553595702829944,464.0,130.8493536808262
2025-06-10 05:00:00,3845,4.765977195233187,2.042561655099937,20.6,6.378325831423519,475.0,130.8493536808262
2025-06-10 06:00:00,3846,4.988062168876359,2.1377409295184395,20.6,7.099511760409241,482.0,130.8493536808262
2025-06-10 07:00:00,3847,4.769403166262512,2.0440299283982193,20.6,9.088753230555051,489.0,130.8493536808262
2025-06-10 08:00:00,3848,3.9704418348675294,1.701617929228941,20.5,12.34344157438802,495.0,130.8493536808262
2025-06-10 09:00:00,3849,3.8214718039173476,1.6377736302502919,20.5,15.0,499.0,130.8493536808262
2025-06-10 10:00:00,3850,4.073762355137939,1.7458981522019739,20.4,15.0,500.0,130.8493536808262
2025-06-10 11:00:00,3851,3.7930186620053217,1.6255794265737091,20.4,15.0,499.0,130.8493536808262
2025-06-10 12:00:00,3852,3.7751505524955555,1.617921665355238,20.3,15.0,498.0,130.8493536808262
2025-06-10 13:00:00,3853,3.7592242345847446,1.6110961005363191,20.2,15.0,497.0,130.8493536808262
2025-06-10 14:00:00,3854,4.021735357749035,1.7236008676067291,20.2,15.0,497.0,130.8493536808262
2025-06-10 15:00:00,3855,3.9076138244646152,1.6746916390562638,20.2,15.0,496.0,130.8493536808262
2025-06-10 16:00:00,3856,4.04300676295772,1.7327171841247373,20.2,15.0,495.0,130.8493536808262
2025-06-10 17:00:00,3857,3.9740552449546245,1.7031665335519819,20.2,15.0,494.0,130.8493536808262
2025-06-10 18:00:00,3858,4.145088260431646,1.7764663973278483,20.2,15.0,495.0,130.8493536808262
2025-06-10 19:00:00,3859,5.013853487865148,2.148794351942206,20.2,15.0,496.0,130.8493536808262
2025-06-10 20:00:00,3860,5.143737470981535,2.2044589161349437,20.2,15.0,490.0,130.8493536808262
2025-06-10 21:00:00,3861,4.773215817757256,2.0456639218959665,20.2,15.0,480.0,130.8493536808262
2025-06-10 22:00:00,3862,4.805958055418799,2.0596963094651994,20.2,15.0,476.0,130.8493536808262
2025-06-10 23:00:00,3863,4.757672270942702,2.0390024018325863,20.2,15.0,474.0,130.8493536808262
2025-06-11 00:00:00,3864,5.1622917978055405,2.212410770488088,20.2,15.0,472.0,130.8493536808262
2025-06-11 01:00:00,3865,5.131178231483935,2.1990763849216863,20.3,15.0,469.0,130.8493536808262
2025-06-11 02:00:00,3866,5.053616359454551,2.165835582623379,20.4,15.0,459.0,130.8493536808262
2025-06-11 03:00:00,3867,4.719967815694094,2.0228433495831832,20.5,15.0,458.0,130.8493536808262
2025-06-11 04:00:00,3868,4.789440749429318,2.052617464041136,20.5,15.0,470.0,130.8493536808262
2025-06-11 05:00:00,3869,4.89362028338701,2.0972658357372898,20.6,15.0,473.0,130.8493536808262
2025-06-11 06:00:00,3870,4.804773942294012,2.059188832411719,20.6,15.0,477.0,130.8493536808262
2025-06-11 07:00:00,3871,4.549471878127202,1.9497736620545147,20.6,15.0,478.0,130.8493536808262
2025-06-11 08:00:00,3872,4.9783034301135025,2.1335586129057864,20.6,9.593665903734262,482.0,130.8493536808262
2025-06-11 09:00:00,3873,5.518774858229882,2.365189224955664,20.6,5.43460697586551,492.0,130.8493536808262
2025-06-11 10:00:00,3874,5.309963816953349,2.275698778694292,20.6,1.065496946797696,496.0,130.8493536808262
2025-06-11 11:00:00,3875,4.8787282375109555,2.0908835303618383,20.6,0.7699505356884433,495.0,130.8493536808262
2025-06-11 12:00:00,3876,5.026284702129801,2.154122015198486,20.6,0.29572882058450656,495.0,130.8493536808262
2025-06-11 13:00:00,3877,5.235916340537022,2.2439641459444384,20.6,0.0,495.0,130.8493536808262
2025-06-11 14:00:00,3878,5.159683686709803,2.2112930085899154,20.6,0.0,493.0,130.8493536808262
2025-06-11 15:00:00,3879,5.256416421375371,2.2527498948751585,20.6,0.047998909207472865,492.0,130.8493536808262
2025-06-11 16:00:00,3880,5.115571502510994,2.1923877867904253,20.6,0.2521563036175546,491.0,130.8493536808262
2025-06-11 17:00:00,3881,5.141341309593984,2.203431989825993,20.6,0.0682224695735066,491.0,130.8493536808262
2025-06-11 18:00:00,3882,5.3931446741017,2.3113477174721573,20.6,0.0,491.0,130.8493536808262
2025-06-11 19:00:00,3883,5.3450908670115425,2.290753228719232,20.6,0.10428259979788171,491.0,130.8493536808262
2025-06-11 20:00:00,3884,5.674673085800951,2.4320027510575506,20.6,0.2543123444491396,470.0,130.8493536808262
2025-06-11 21:00:00,3885,5.706639721947415,2.4457027379774634,20.6,0.48049769412818644,422.0,130.8493536808262
2025-06-11 22:00:00,3886,5.629208306678464,2.4125178457193415,20.7,0.059173826292917585,375.0,130.8493536808262
2025-06-11 23:00:00,3887,5.48476622347167,2.350614095773573,20.8,0.0,348.0,130.8493536808262
2025-06-12 00:00:00,3888,5.920759491804651,2.537468353630565,20.8,0.020680144477874713,343.0,130.8493536808262
2025-06-12 01:00:00,3889,5.563629899405067,2.384412814030743,20.9,0.3913042233976878,338.0,130.8493536808262
2025-06-12 02:00:00,3890,5.808202860750622,2.4892297974645525,21.0,0.5649975732391176,342.0,130.8493536808262
2025-06-12 03:00:00,3891,5.7808937075690645,2.477525874672456,21.1,1.2249083930127491,347.0,130.8493536808262
2025-06-12 04:00:00,3892,6.4876400543381845,2.780417166144936,21.2,1.3615075279459985,371.0,130.8493536808262
2025-06-12 05:00:00,3893,6.431394037535812,2.756311730372491,21.4,2.3061203445668896,391.0,130.8493536808262
2025-06-12 06:00:00,3894,6.352853427889832,2.722651469095642,21.4,3.0708779061868796,405.0,130.8493536808262
2025-06-12 07:00:00,3895,6.083764599628161,2.607327685554926,21.4,3.162499683555256,435.0,130.8493536808262
2025-06-12 08:00:00,3896,6.471250127978765,2.7733929119908995,21.4,2.220032200822952,472.0,130.8493536808262
2025-06-12 09:00:00,3897,6.439479389919651,2.7597768813941363,21.3,1.7671838860876592,496.0,130.8493536808262
2025-06-12 10:00:00,3898,6.2484682534288725,2.677914965755231,21.2,1.3804745997633252,500.0,130.8493536808262
2025-06-12 11:00:00,3899,5.122305001484526,2.1952735720647967,21.1,0.7817632974691691,500.0,130.8493536808262
2025-06-12 12:00:00,3900,5.793303338814749,2.4828442880634634,21.1,0.4939320016645231,499.0,130.8493536808262
2025-06-12 13:00:00,3901,5.694177308147722,2.440361703491881,21.0,0.3875823431223096,498.0,130.8493536808262
2025-06-12 14:00:00,3902,6.223491708211677,2.667210732090718,21.0,0.2092742060576386,497.0,130.8493536808262
2025-06-12 15:00:00,3903,5.492777094234877,2.3540473261006616,21.0,0.0,496.0,130.8493536808262
2025-06-12 16:00:00,3904,5.136933857445641,2.2015430817624178,20.9,0.0,495.0,130.8493536808262
2025-06-12 17:00:00,3905,6.363049571822323,2.7270212450667093,20.9,0.0,496.0,130.8493536808262
2025-06-12 18:00:00,3906,6.007552952343323,2.5746655510042813,20.9,0.22077481255717313,496.0,130.8493536808262
2025-06-12 19:00:00,3907,5.010392235487089,2.1473109580658947,20.9,0.9515404029183592,496.0,130.8493536808262
2025-06-12 20:00:00,3908,6.116514916732106,2.621363535742331,20.9,1.6829512006532765,477.0,130.8493536808262
2025-06-12 21:00:00,3909,6.071196188806907,2.601941223774389,20.9,1.8257831155322106,435.0,130.8493536808262
2025-06-12 22:00:00,3910,6.427415528690068,2.754606655152886,20.9,0.7220211214617972,390.0,130.8493536808262
2025-06-12 23:00:00,3911,5.969612060110206,2.5584051686186595,21.0,1.430627325559505,351.0,130.8493536808262
2025-06-13 00:00:00,3912,6.570566043795985,2.815956875912565,21.0,1.5468972737014066,340.0,130.8493536808262
2025-06-13 01:00:00,3913,6.314143908976112,2.7060616752754765,21.0,1.7466346572139646,334.0,130.8493536808262
2025-06-13 02:00:00,3914,5.911229302879336,2.533383986948287,21.1,1.8457221303762672,336.0,130.8493536808262
2025-06-13 03:00:00,3915,5.464711160234453,2.3420190686719082,21.1,1.27098330304512,340.0,130.8493536808262
2025-06-13 04:00:00,3916,4.547889795020299,1.9490956264372707,21.2,1.1109246091697262,362.0,130.8493536808262
2025-06-13 05:00:00,3917,6.024544980965755,2.581947848985324,21.3,1.074620223989218,382.0,130.8493536808262
2025-06-13 06:00:00,3918,5.9376545020497495,2.5447090723070356,21.3,1.1768518755639101,410.0,130.8493536808262
2025-06-13 07:00:00,3919,5.797768861251249,2.484758083393392,21.3,1.0451179570102633,446.0,130.8493536808262
2025-06-13 08:00:00,3920,6.063198855549267,2.5985137952354,21.2,1.0005565927706999,481.0,130.8493536808262
2025-06-13 09:00:00,3921,6.070323406172861,2.601567174074083,21.2,0.9476047411605404,496.0,130.8493536808262
2025-06-13 10:00:00,3922,6.085206183351128,2.6079455071504833,21.2,0.8726457368959004,499.0,130.8493536808262
2025-06-13 11:00:00,3923,6.091654172813216,2.610708931205664,21.1,0.5706424092037745,498.0,130.8493536808262
2025-06-13 12:00:00,3924,6.086941193038314,2.608689082730706,21.1,0.3834598244538066,498.0,130.8493536808262
2025-06-13 13:00:00,3925,6.151176924005649,2.6362186817167066,21.0,0.6122483141955483,497.0,130.8493536808262
2025-06-13 14:00:00,3926,5.691829947194503,2.439355691654787,21.0,0.678534967990767,497.0,130.8493536808262
2025-06-13 15:00:00,3927,5.7151946530841915,2.4493691370360824,21.0,0.8529149206028879,496.0,130.8493536808262
2025-06-13 16:00:00,3928,5.819069367654081,2.493886871851749,21.0,1.1041924392962141,495.0,130.8493536808262
2025-06-13 17:00:00,3929,5.8788347848835745,2.5195006220929606,20.9,1.2830102684453892,495.0,130.8493536808262
2025-06-13 18:00:00,3930,5.704723095752131,2.444881326750913,20.9,1.2281031739062247,495.0,130.8493536808262
2025-06-13 19:00:00,3931,5.326490888989239,2.2827818095668166,20.9,1.5561401597121,495.0,130.8493536808262
2025-06-13 20:00:00,3932,5.835713649574441,2.501020135531903,20.9,2.1698630118444733,481.0,130.8493536808262
2025-06-13 21:00:00,3933,5.605258767237316,2.4022537573874216,20.9,1.8893909670109301,450.0,130.8493536808262
2025-06-13 22:00:00,3934,5.765327511707499,2.470854647874642,21.0,0.5654800033749061,421.0,130.8493536808262
2025-06-13 23:00:00,3935,5.998002827214654,2.5705726402348517,21.0,0.5801128331616757,391.0,130.8493536808262
2025-06-14 00:00:00,3936,5.997431972488501,2.5703279882093573,21.0,0.7522553026080165,378.0,130.8493536808262
2025-06-14 01:00:00,3937,5.251362971258796,2.2505841305394836,21.0,1.1677098944498416,376.0,130.8493536808262
2025-06-14 02:00:00,3938,5.393342269505343,2.311432401216575,21.1,1.8020680372981173,379.0,130.8493536808262
2025-06-14 03:00:00,3939,4.275089815457989,1.832181349481995,21.1,1.9649365260362575,393.0,130.8493536808262
2025-06-14 04:00:00,3940,3.716555230096625,1.592809384327125,21.2,2.0689558940564643,427.0,130.8493536808262
2025-06-14 05:00:00,3941,5.029316415651186,2.1554213209933653,21.2,2.3137943269362315,444.0,130.8493536808262
2025-06-14 06:00:00,3942,5.601279685101652,2.400548436472137,21.3,2.7013013930606427,460.0,130.8493536808262
2025-06-14 07:00:00,3943,5.494081091928045,2.3546061822548765,21.3,3.642648391179396,481.0,130.8493536808262
2025-06-14 08:00:00,3944,5.669565047610433,2.429813591833043,21.3,4.11173833445708,491.0,130.8493536808262
2025-06-14 09:00:00,3945,5.724162807878927,2.4532126319481113,21.2,5.850506383649979,494.0,130.8493536808262
2025-06-14 10:00:00,3946,6.166678239963684,2.6428621028415784,21.2,4.837238887977484,495.0,130.8493536808262
2025-06-14 11:00:00,3947,5.432516751094899,2.3282214647549564,21.2,9.754219869547814,495.0,130.8493536808262
2025-06-14 12:00:00,3948,6.081794979002819,2.6064835624297795,21.1,15.0,493.0,130.8493536808262
2025-06-14 13:00:00,3949,5.4916472096677325,2.3535630898575994,21.1,15.0,491.0,130.8493536808262
2025-06-14 14:00:00,3950,5.806736906319967,2.488601531279986,21.1,15.0,490.0,130.8493536808262
2025-06-14 15:00:00,3951,5.895422930689904,2.5266098274385302,21.1,15.0,490.0,130.8493536808262
2025-06-14 16:00:00,3952,6.019687541757959,2.5798660893248395,21.1,15.0,489.0,130.8493536808262
2025-06-14 17:00:00,3953,5.843157781254597,2.5042104776805414,21.0,15.0,489.0,130.8493536808262
2025-06-14 18:00:00,3954,5.827419907160328,2.4974656744972834,21.0,15.0,491.0,130.8493536808262
2025-06-14 19:00:00,3955,5.347969684205703,2.2919870075167297,21.0,15.0,491.0,130.8493536808262
2025-06-14 20:00:00,3956,5.867058231371319,2.514453527730565,21.0,15.0,485.0,130.8493536808262
2025-06-14 21:00:00,3957,5.908743680887816,2.532318720380492,21.0,15.0,474.0,130.8493536808262
2025-06-14 22:00:00,3958,5.89713699448588,2.5273444262082343,21.0,15.0,452.0,130.8493536808262
2025-06-14 23:00:00,3959,5.62835643989624,2.4121527599555312,21.0,15.0,416.0,130.8493536808262
2025-06-15 00:00:00,3960,5.68027172209967,2.4344021666141438,21.0,15.0,384.0,130.8493536808262
2025-06-15 01:00:00,3961,5.740267763826987,2.460114755925851,21.0,15.0,353.0,130.8493536808262
2025-06-15 02:00:00,3962,5.592541397059051,2.3968034558824507,21.0,15.0,333.0,130.8493536808262
2025-06-15 03:00:00,3963,5.755102493526772,2.4664724972257592,21.0,15.0,324.0,130.8493536808262
2025-06-15 04:00:00,3964,5.757684698961096,2.4675791566976124,21.0,15.0,322.0,130.8493536808262
2025-06-15 05:00:00,3965,5.68920891884302,2.438232393789866,21.1,15.0,331.0,130.8493536808262
2025-06-15 06:00:00,3966,5.709395327403584,2.446883711744393,21.1,15.0,364.0,130.8493536808262
2025-06-15 07:00:00,3967,5.612649873373869,2.4054213743030863,21.1,15.0,416.0,130.8493536808262
2025-06-15 08:00:00,3968,5.126316846485003,2.1969929342078585,21.1,11.683306482085735,465.0,130.8493536808262
2025-06-15 09:00:00,3969,4.902425531968158,2.101039513700639,21.1,8.325733446286305,493.0,130.8493536808262
2025-06-15 10:00:00,3970,5.15792827905455,2.2105406910233785,21.2,7.473752612252864,499.0,130.8493536808262
2025-06-15 11:00:00,3971,5.18714387722544,2.2230616616680456,21.2,6.388952120165688,498.0,130.8493536808262
2025-06-15 12:00:00,3972,4.605716816462133,1.973878635626628,21.2,4.453437684963599,498.0,130.8493536808262
2025-06-15 13:00:00,3973,5.143000626495976,2.204143125641132,21.2,2.9562344280810215,497.0,130.8493536808262
2025-06-15 14:00:00,3974,4.666806750558362,2.0000600359535836,21.2,1.4141240442882206,496.0,130.8493536808262
2025-06-15 15:00:00,3975,5.119087359880732,2.1938945828060277,21.2,0.18935651325341712,495.0,130.8493536808262
2025-06-15 16:00:00,3976,5.183474506444565,2.221489074190528,21.2,0.0,495.0,130.8493536808262
2025-06-15 17:00:00,3977,5.1528974422313905,2.208384618099167,21.2,0.0,494.0,130.8493536808262
2025-06-15 18:00:00,3978,5.246974128722776,2.2487031980240473,21.2,0.6939102054398134,495.0,130.8493536808262
2025-06-15 19:00:00,3979,5.7496638639003415,2.4641416559572886,21.2,2.038968046673453,496.0,130.8493536808262
2025-06-15 20:00:00,3980,6.09352519274574,2.6115107968910314,21.3,2.2111133879932607,477.0,130.8493536808262
2025-06-15 21:00:00,3981,5.295489243490682,2.269495390067435,21.4,2.1343614024142408,436.0,130.8493536808262
2025-06-15 22:00:00,3982,5.042506769366912,2.1610743297286765,21.4,0.11624793361241308,393.0,130.8493536808262
2025-06-15 23:00:00,3983,5.721293505356224,2.451982930866953,21.5,0.04512103961746367,354.0,130.8493536808262
2025-06-16 00:00:00,3984,5.803577508690456,2.487247503724481,21.5,0.0,341.0,130.8493536808262
2025-06-16 01:00:00,3985,5.655726055101489,2.423882595043495,21.6,0.0,341.0,130.8493536808262
2025-06-16 02:00:00,3986,5.27963169432125,2.2626992975662494,21.8,0.0,356.0,130.8493536808262
2025-06-16 03:00:00,3987,4.976813093081709,2.132919897035018,21.9,0.0,350.0,130.8493536808262
2025-06-16 04:00:00,3988,4.687710616614883,2.009018835692092,22.0,0.24700319286400368,364.0,130.8493536808262
2025-06-16 05:00:00,3989,4.894896253402829,2.0978126800297834,22.1,1.4239878295633974,389.0,130.8493536808262
2025-06-16 06:00:00,3990,4.5463340761776525,1.9484288897904225,22.2,3.01992841886134,413.0,130.8493536808262
2025-06-16 07:00:00,3991,4.470823761171504,1.9160673262163583,22.2,3.4600887439719483,448.0,130.8493536808262
2025-06-16 08:00:00,3992,3.884670557366575,1.6648588102999604,22.2,3.5814515371380318,478.0,130.8493536808262
2025-06-16 09:00:00,3993,4.263095685995101,1.8270410082836146,22.1,3.6535818506334663,497.0,130.8493536808262
2025-06-16 10:00:00,3994,4.25939974228937,1.8254570324097297,22.1,3.567568858058296,500.0,130.8493536808262
2025-06-16 11:00:00,3995,4.434510254231704,1.90050439467073,22.0,7.426816966493211,499.0,130.8493536808262
2025-06-16 12:00:00,3996,5.094145172804476,2.1832050740590607,22.0,9.072229670162464,497.0,130.8493536808262
2025-06-16 13:00:00,3997,5.169069194490103,2.2153153690671865,22.0,10.228262593325137,497.0,130.8493536808262
2025-06-16 14:00:00,3998,5.062253687021044,2.16953729443759,21.9,15.0,496.0,130.8493536808262
2025-06-16 15:00:00,3999,5.204971492379805,2.230702068162773,21.8,15.0,495.0,130.8493536808262
2025-06-16 16:00:00,4000,5.179513332548934,2.2197914282352573,21.7,15.0,493.0,130.8493536808262
2025-06-16 17:00:00,4001,5.314270694011029,2.277544583147584,21.6,15.0,492.0,130.8493536808262
2025-06-16 18:00:00,4002,5.2984008697487255,2.270743229892311,21.6,15.0,492.0,130.8493536808262
2025-06-16 19:00:00,4003,5.228529451744709,2.2407983364620185,21.6,14.645113021728806,492.0,130.8493536808262
2025-06-16 20:00:00,4004,5.023312325731707,2.152848139599303,21.7,11.853800643393065,470.0,130.8493536808262
2025-06-16 21:00:00,4005,5.166807903942492,2.214346244546782,21.8,9.222203414531208,419.0,130.8493536808262
2025-06-16 22:00:00,4006,5.061015503359881,2.169006644297092,21.9,2.786690496834893,364.0,130.8493536808262
2025-06-16 23:00:00,4007,5.278343059716738,2.262147025592888,22.0,1.735440285536679,337.0,130.8493536808262
2025-06-17 00:00:00,4008,5.629981286245968,2.412849122676843,22.0,0.6767141964447011,327.0,130.8493536808262
2025-06-17 01:00:00,4009,5.172244418930523,2.2166761795416527,22.2,0.2011905184890331,314.0,130.8493536808262
2025-06-17 02:00:00,4010,5.006395694253399,2.145598154680028,22.4,0.0,314.0,130.8493536808262
2025-06-17 03:00:00,4011,4.578019370947636,1.962008301834701,22.6,0.0,318.0,130.8493536808262
2025-06-17 04:00:00,4012,4.071524435996322,1.7449390439984238,22.8,0.027774133904016368,341.0,130.8493536808262
2025-06-17 05:00:00,4013,4.303474947132584,1.8443464059139645,23.0,0.14074519922256448,365.0,130.8493536808262
2025-06-17 06:00:00,4014,4.247339303839601,1.8202882730741143,23.0,0.07162663638397451,398.0,130.8493536808262
2025-06-17 07:00:00,4015,4.400524500100587,1.8859390714716797,23.1,0.020699829579143167,440.0,130.8493536808262
2025-06-17 08:00:00,4016,4.7056760358988114,2.0167183010994902,23.0,0.03010558433851853,476.0,130.8493536808262
2025-06-17 09:00:00,4017,4.414095231467581,1.8917550992003913,23.0,0.16039177200478294,497.0,130.8493536808262
2025-06-17 10:00:00,4018,4.072734543540249,1.7454576615172492,22.9,0.06894424060901308,501.0,130.8493536808262
2025-06-17 11:00:00,4019,4.933546828100216,2.1143772120429496,22.8,0.19650832554984757,500.0,130.8493536808262
2025-06-17 12:00:00,4020,4.147158334130923,1.7773535717703954,22.8,0.5140210654573225,499.0,130.8493536808262
2025-06-17 13:00:00,4021,4.820474545115861,2.0659176621925117,22.7,0.8297826939077847,499.0,130.8493536808262
2025-06-17 14:00:00,4022,4.806790979788561,2.06005327705224,22.6,0.742032515619364,498.0,130.8493536808262
2025-06-17 15:00:00,4023,5.4595967908826015,2.339827196092543,22.5,0.4004288913482634,497.0,130.8493536808262
2025-06-17 16:00:00,4024,4.984092142881604,2.1360394898064015,22.5,0.13797262535866278,496.0,130.8493536808262
2025-06-17 17:00:00,4025,4.905861659269236,2.1025121396868154,22.5,0.0,495.0,130.8493536808262
2025-06-17 18:00:00,4026,4.626848928279212,1.9829352549768047,22.5,0.0,496.0,130.8493536808262
2025-06-17 19:00:00,4027,4.700063329895285,2.0143128556694077,22.5,0.069887219794552,496.0,130.8493536808262
2025-06-17 20:00:00,4028,4.5622229421012594,1.9552384037576827,22.5,0.407651500274852,478.0,130.8493536808262
2025-06-17 21:00:00,4029,5.097233674130981,2.184528717484706,22.5,0.8000986868617688,435.0,130.8493536808262
2025-06-17 22:00:00,4030,4.865712068218342,2.085305172093575,22.6,0.6072981729435828,387.0,130.8493536808262
2025-06-17 23:00:00,4031,4.800125345347279,2.057196576577405,22.6,0.7233301285703434,363.0,130.8493536808262
2025-06-18 00:00:00,4032,3.664709108501771,1.5705896179293304,22.8,0.8381655393603109,348.0,130.8493536808262
2025-06-18 01:00:00,4033,4.134608716915847,1.771975164392506,22.9,1.1665096488914541,328.0,130.8493536808262
2025-06-18 02:00:00,4034,3.963680340573574,1.6987201459601031,23.0,1.2752516543319854,315.0,130.8493536808262
2025-06-18 03:00:00,4035,4.002187657709073,1.715223281875317,23.2,0.9092517614995559,315.0,130.8493536808262
2025-06-18 04:00:00,4036,3.873801400306501,1.6602006001313576,23.4,0.6750355010164746,339.0,130.8493536808262
2025-06-18 05:00:00,4037,3.8386762166000645,1.6451469499714564,23.5,0.6647513998684313,368.0,130.8493536808262
2025-06-18 06:00:00,4038,3.6547080835740147,1.5663034643888631,23.5,0.838252063553546,406.0,130.8493536808262
2025-06-18 07:00:00,4039,3.931365341462645,1.6848708606268477,23.5,0.7845808769796931,443.0,130.8493536808262
2025-06-18 08:00:00,4040,4.355607547500299,1.8666889489286997,23.4,0.4354750437825132,478.0,130.8493536808262
2025-06-18 09:00:00,4041,4.442525724671361,1.9039395962877257,23.3,0.12555236379862908,498.0,130.8493536808262
2025-06-18 10:00:00,4042,4.503050093960258,1.9298786116972537,23.1,0.08055907798941599,502.0,130.8493536808262
2025-06-18 11:00:00,4043,4.605195262851472,1.9736551126506305,23.0,0.0,501.0,130.8493536808262
2025-06-18 12:00:00,4044,4.426491951329515,1.8970679791412208,23.0,0.0,499.0,130.8493536808262
2025-06-18 13:00:00,4045,5.15595032787896,2.2096929976624113,22.9,0.0,500.0,130.8493536808262
2025-06-18 14:00:00,4046,5.408015644984412,2.3177209907076053,22.8,0.0,500.0,130.8493536808262
2025-06-18 15:00:00,4047,4.866950930380529,2.0858361130202265,22.8,0.0,497.0,130.8493536808262
2025-06-18 16:00:00,4048,4.823324991552008,2.067139282093718,22.7,0.0,496.0,130.8493536808262
2025-06-18 17:00:00,4049,5.0651175969835975,2.170764684421542,22.6,0.0,496.0,130.8493536808262
2025-06-18 18:00:00,4050,5.702975576660087,2.4441323899971796,22.6,0.0,496.0,130.8493536808262
2025-06-18 19:00:00,4051,5.867115999066309,2.5144782853141323,22.6,0.0,495.0,130.8493536808262
2025-06-18 20:00:00,4052,5.710735097937146,2.4474578991159195,22.6,0.10021040207697926,478.0,130.8493536808262
2025-06-18 21:00:00,4053,5.374178979507523,2.303219562646081,22.7,0.0866163338505216,440.0,130.8493536808262
2025-06-18 22:00:00,4054,5.566929075512411,2.385826746648176,22.8,0.0,395.0,130.8493536808262
2025-06-18 23:00:00,4055,5.2182078581868225,2.2363747963657805,22.8,0.0,358.0,130.8493536808262
2025-06-19 00:00:00,4056,5.551195394015821,2.379083740292495,22.9,0.0,336.0,130.8493536808262
2025-06-19 01:00:00,4057,5.762502913234511,2.469644105671933,23.0,0.1115686102713289,318.0,130.8493536808262
2025-06-19 02:00:00,4058,5.245884686578041,2.248236294247732,23.2,0.5217948749811091,312.0,130.8493536808262
2025-06-19 03:00:00,4059,5.05392371928161,2.1659673082635473,23.5,1.1119214081294442,311.0,130.8493536808262
2025-06-19 04:00:00,4060,4.613334734080459,1.9771434574630535,23.6,1.3953502269293725,333.0,130.8493536808262
2025-06-19 05:00:00,4061,5.331679255209869,2.2850053950899434,23.9,1.302003104666541,362.0,130.8493536808262
2025-06-19 06:00:00,4062,5.047385667655173,2.1631652861379314,24.0,1.0353318906357383,400.0,130.8493536808262
2025-06-19 07:00:00,4063,5.10128410365175,2.18626461585075,24.0,0.8637502447042091,440.0,130.8493536808262
2025-06-19 08:00:00,4064,4.287556934435017,1.8375244004721503,24.0,0.8113652915169205,477.0,130.8493536808262
2025-06-19 09:00:00,4065,4.597039378740444,1.9701597337459043,23.9,0.6419809451417857,498.0,130.8493536808262
2025-06-19 10:00:00,4066,4.5984652803035395,1.9707708344158024,23.8,0.0,502.0,130.8493536808262
2025-06-19 11:00:00,4067,4.379578632859861,1.8769622712256544,23.6,0.0,503.0,130.8493536808262
2025-06-19 12:00:00,4068,4.640376445645009,1.9887327624192896,23.6,0.0,502.0,130.8493536808262
2025-06-19 13:00:00,4069,5.163742320894633,2.2130324232405565,23.5,0.0,501.0,130.8493536808262
2025-06-19 14:00:00,4070,4.990313425844422,2.1387057539333236,23.5,0.0,500.0,130.8493536808262
2025-06-19 15:00:00,4071,5.226508244980115,2.2399321049914778,23.4,0.0,499.0,130.8493536808262
2025-06-19 16:00:00,4072,4.965776042287494,2.128189732408926,23.4,0.0,498.0,130.8493536808262
2025-06-19 17:00:00,4073,4.987257725752386,2.137396168179594,23.3,0.0,498.0,130.8493536808262
2025-06-19 18:00:00,4074,5.174828631110664,2.2177836990474273,23.2,0.0,499.0,130.8493536808262
2025-06-19 19:00:00,4075,5.355246705098246,2.2951057307563913,23.2,0.0,499.0,130.8493536808262
2025-06-19 20:00:00,4076,4.903113450201095,2.1013343358004692,23.2,0.0,481.0,130.8493536808262
2025-06-19 21:00:00,4077,4.7228333656552195,2.0240714424236654,23.2,0.0,445.0,130.8493536808262
2025-06-19 22:00:00,4078,4.875923025446673,2.089681296620003,23.3,0.19287896985566774,405.0,130.8493536808262
2025-06-19 23:00:00,4079,5.159573760561554,2.211245897383523,23.4,0.42753876957522996,383.0,130.8493536808262
2025-06-20 00:00:00,4080,5.255927416736007,2.2525403214582886,23.4,0.42099826959634895,374.0,130.8493536808262
2025-06-20 01:00:00,4081,5.48676732470622,2.35147171058838,23.5,0.4985505647684451,355.0,130.8493536808262
2025-06-20 02:00:00,4082,4.961843053458429,2.1265041657678982,23.6,0.42187050007309745,339.0,130.8493536808262
2025-06-20 03:00:00,4083,4.9610517844789115,2.1261650504909624,23.8,0.4250402404573122,331.0,130.8493536808262
2025-06-20 04:00:00,4084,4.459126150503996,1.911054064501713,23.9,0.4945606261044656,344.0,130.8493536808262
2025-06-20 05:00:00,4085,4.33458706052005,1.8576801687943072,24.0,0.4757715483026066,364.0,130.8493536808262
2025-06-20 06:00:00,4086,4.139481852013491,1.7740636508629246,24.0,0.2669487282729213,396.0,130.8493536808262
2025-06-20 07:00:00,4087,4.431324252720778,1.8991389654517614,24.0,0.24968466839129966,439.0,130.8493536808262
2025-06-20 08:00:00,4088,4.598779207878416,1.9709053748050354,24.0,0.21253726045812843,476.0,130.8493536808262
2025-06-20 09:00:00,4089,4.85728605347296,2.0816940229169827,23.9,0.38251903457430325,499.0,130.8493536808262
2025-06-20 10:00:00,4090,5.035631843741005,2.158127933031859,23.8,0.3902008141917901,502.0,130.8493536808262
2025-06-20 11:00:00,4091,5.177472642169192,2.2189168466439395,23.8,0.5675393337790311,502.0,130.8493536808262
2025-06-20 12:00:00,4092,5.105448358494211,2.188049296497519,23.6,0.4256582590494592,501.0,130.8493536808262
2025-06-20 13:00:00,4093,5.064496102952791,2.1704983298369105,23.6,0.30744625001319514,501.0,130.8493536808262
2025-06-20 14:00:00,4094,5.0901985817817135,2.1815136779064486,23.5,0.10134461032405158,501.0,130.8493536808262
2025-06-20 15:00:00,4095,5.3023559194678,2.272438251200486,23.4,0.0,499.0,130.8493536808262
2025-06-20 16:00:00,4096,5.35528327999792,2.295121405713394,23.4,0.0,497.0,130.8493536808262
2025-06-20 17:00:00,4097,5.378743121358988,2.305175623439566,23.3,0.0,496.0,130.8493536808262
2025-06-20 18:00:00,4098,5.025645882537961,2.1538482353734114,23.2,0.05957131330933773,497.0,130.8493536808262
2025-06-20 19:00:00,4099,5.278588764771847,2.2622523277593625,23.2,0.11108584134255813,496.0,130.8493536808262
2025-06-20 20:00:00,4100,4.891747310547691,2.0964631330918677,23.2,0.011356456194088073,474.0,130.8493536808262
2025-06-20 21:00:00,4101,5.023936075352596,2.153115460865398,23.3,0.0,422.0,130.8493536808262
2025-06-20 22:00:00,4102,5.0905045364236985,2.181644801324442,23.4,0.0,368.0,130.8493536808262
2025-06-20 23:00:00,4103,4.919031138498184,2.108156202213507,23.4,0.0,333.0,130.8493536808262
2025-06-21 00:00:00,4104,4.781279163563285,2.0491196415271222,23.5,0.0,320.0,130.8493536808262
2025-06-21 01:00:00,4105,4.831472074356281,2.0706308890098346,23.5,0.0,307.0,130.8493536808262
2025-06-21 02:00:00,4106,4.5943954336144905,1.9690266144062103,23.5,0.0,290.0,130.8493536808262
2025-06-21 03:00:00,4107,4.999674987325285,2.1427178517108367,23.6,0.1774799797301727,287.0,130.8493536808262
2025-06-21 04:00:00,4108,4.879433516226078,2.0911857926683193,23.7,0.7633726631217467,305.0,130.8493536808262
2025-06-21 05:00:00,4109,4.873023263554325,2.088438541523282,23.8,1.3764672849920987,332.0,130.8493536808262
2025-06-21 06:00:00,4110,4.404563770297533,1.887670187270371,23.8,1.643673620935364,369.0,130.8493536808262
2025-06-21 07:00:00,4111,4.33813384469325,1.8592002191542494,23.7,1.7406041815111932,419.0,130.8493536808262
2025-06-21 08:00:00,4112,4.67649131522907,2.0042105636696017,23.6,2.04561437434504,466.0,130.8493536808262
2025-06-21 09:00:00,4113,4.272965793392638,1.8312710543111306,23.6,2.3440825540069827,494.0,130.8493536808262
2025-06-21 10:00:00,4114,4.492636181421637,1.9254155063235585,23.5,2.1650185004876534,499.0,130.8493536808262
2025-06-21 11:00:00,4115,4.903816325803799,2.101635568201628,23.4,3.0405230646357913,498.0,130.8493536808262
2025-06-21 12:00:00,4116,4.6079851572769,1.9748507816900998,23.4,3.656280196359042,497.0,130.8493536808262
2025-06-21 13:00:00,4117,5.498241773578765,2.356389331533756,23.3,5.085732540907117,496.0,130.8493536808262
2025-06-21 14:00:00,4118,5.000364846697259,2.143013505727397,23.2,6.738836431208366,495.0,130.8493536808262
2025-06-21 15:00:00,4119,5.359300767370298,2.2968431860158423,23.1,9.18979390672526,494.0,130.8493536808262
2025-06-21 16:00:00,4120,5.15865373833584,2.2108516021439315,23.1,11.452954730222004,492.0,130.8493536808262
2025-06-21 17:00:00,4121,5.85569485283189,2.509583508356524,23.0,13.86473055427618,491.0,130.8493536808262
2025-06-21 18:00:00,4122,5.610479483346497,2.404491207148499,23.0,15.0,491.0,130.8493536808262
2025-06-21 19:00:00,4123,5.845617985117756,2.5052648507647524,23.0,15.0,490.0,130.8493536808262
2025-06-21 20:00:00,4124,6.17778478613381,2.647622051200204,22.9,15.0,471.0,130.8493536808262
2025-06-21 21:00:00,4125,6.223765462132844,2.6673280551997904,22.9,15.0,418.0,130.8493536808262
2025-06-21 22:00:00,4126,6.128110235353092,2.6263329580084678,22.9,15.0,351.0,130.8493536808262
2025-06-21 23:00:00,4127,6.102748365282831,2.615463585121213,22.8,15.0,306.0,130.8493536808262
2025-06-22 00:00:00,4128,5.8789813974103815,2.5195634560330205,22.8,15.0,275.0,130.8493536808262
2025-06-22 01:00:00,4129,5.4259967947241154,2.325427197738906,22.8,15.0,261.0,130.8493536808262
2025-06-22 02:00:00,4130,4.761792642212446,2.040768275233905,22.9,15.0,261.0,130.8493536808262
2025-06-22 03:00:00,4131,4.643633222113833,1.990128523763071,22.9,15.0,262.0,130.8493536808262
2025-06-22 04:00:00,4132,4.530587944916783,1.941680547821478,23.0,15.0,283.0,130.8493536808262
2025-06-22 05:00:00,4133,4.561785588859844,1.9550509666542188,23.0,15.0,318.0,130.8493536808262
2025-06-22 06:00:00,4134,4.181412104931617,1.7920337592564073,23.0,15.0,364.0,130.8493536808262
2025-06-22 07:00:00,4135,3.92309560037074,1.6813266858731744,23.0,15.0,418.0,130.8493536808262
2025-06-22 08:00:00,4136,4.045284079665904,1.733693176999673,23.0,15.0,466.0,130.8493536808262
2025-06-22 09:00:00,4137,4.576312879555842,1.961276948381075,23.0,15.0,493.0,130.8493536808262
2025-06-22 10:00:00,4138,4.05030546727933,1.73584520026257,23.0,15.0,499.0,130.8493536808262
2025-06-22 11:00:00,4139,4.699161871575198,2.0139265163893705,23.1,15.0,499.0,130.8493536808262
2025-06-22 12:00:00,4140,4.331771249182311,1.8564733925067047,23.1,15.0,498.0,130.8493536808262
2025-06-22 13:00:00,4141,4.996559505839588,2.141382645359823,23.1,15.0,497.0,130.8493536808262
2025-06-22 14:00:00,4142,4.949410232535989,2.121175813943995,23.1,15.0,496.0,130.8493536808262
2025-06-22 15:00:00,4143,5.0578989825105225,2.1676709925045095,23.1,15.0,495.0,130.8493536808262
2025-06-22 16:00:00,4144,4.56359675575224,1.9558271810366743,23.1,15.0,494.0,130.8493536808262
2025-06-22 17:00:00,4145,4.679402290000242,2.0054581242858176,23.2,15.0,493.0,130.8493536808262
2025-06-22 18:00:00,4146,4.747642591993671,2.034703967997287,23.2,15.0,493.0,130.8493536808262
2025-06-22 19:00:00,4147,4.381983164221715,1.8779927846664495,23.2,15.0,494.0,130.8493536808262
2025-06-22 20:00:00,4148,4.212427165423614,1.8053259280386915,23.2,15.0,480.0,130.8493536808262
2025-06-22 21:00:00,4149,4.1204137720886465,1.76589161660942,23.2,15.0,456.0,130.8493536808262
2025-06-22 22:00:00,4150,3.998684602206139,1.7137219723740593,23.3,10.200779854908586,430.0,130.8493536808262
2025-06-22 23:00:00,4151,4.120651516515464,1.765993507078056,23.3,10.620201124434493,406.0,130.8493536808262
2025-06-23 00:00:00,4152,4.36397061675604,1.8702731214668742,23.4,11.468363796024358,391.0,130.8493536808262
2025-06-23 01:00:00,4153,5.092459460167332,2.182482625785999,23.4,13.306572368476083,385.0,130.8493536808262
2025-06-23 02:00:00,4154,4.098119666738849,1.7563370000309348,23.5,14.06350142208867,388.0,130.8493536808262
2025-06-23 03:00:00,4155,4.324986970960143,1.8535658446972039,23.5,13.289982036950558,388.0,130.8493536808262
2025-06-23 04:00:00,4156,4.28527803907082,1.8365477310303513,23.5,12.621165783784857,408.0,130.8493536808262
2025-06-23 05:00:00,4157,4.214979478560524,1.8064197765259387,23.6,11.398808247518936,424.0,130.8493536808262
2025-06-23 06:00:00,4158,4.199124480668947,1.7996247774295486,23.6,9.761934575844641,447.0,130.8493536808262
2025-06-23 07:00:00,4159,4.22996439713583,1.812841884486784,23.7,8.210170548292338,470.0,130.8493536808262
2025-06-23 08:00:00,4160,4.591879878700953,1.9679485194432658,23.7,9.341568203388912,489.0,130.8493536808262
2025-06-23 09:00:00,4161,4.234144911604149,1.814633533544635,23.7,11.173562876569338,500.0,130.8493536808262
2025-06-23 10:00:00,4162,4.5609524643352914,1.9546939132865535,23.8,9.282449927249626,502.0,130.8493536808262
2025-06-23 11:00:00,4163,4.472545983884302,1.9168054216647008,23.8,10.050790729928583,501.0,130.8493536808262
2025-06-23 12:00:00,4164,4.315745053491147,1.8496050229247776,23.8,8.638874912268026,501.0,130.8493536808262
2025-06-23 13:00:00,4165,4.982099433645839,2.1351854715625023,23.8,7.345128047117605,500.0,130.8493536808262
2025-06-23 14:00:00,4166,4.622907577338438,1.9812461045736165,23.8,6.1479879299151525,499.0,130.8493536808262
2025-06-23 15:00:00,4167,4.721531907059047,2.023513674453877,23.8,5.7443783212905135,498.0,130.8493536808262
2025-06-23 16:00:00,4168,4.544399614297815,1.9475998346990635,23.8,5.726764902928396,497.0,130.8493536808262
2025-06-23 17:00:00,4169,4.639020907044939,1.9881518173049737,23.8,4.6483681708784,496.0,130.8493536808262
2025-06-23 18:00:00,4170,4.5420796575406595,1.9466055675174254,23.8,3.1164391573306247,497.0,130.8493536808262
2025-06-23 19:00:00,4171,4.342095925025266,1.8608982535822565,23.8,2.5927143621398923,497.0,130.8493536808262
2025-06-23 20:00:00,4172,4.561372360989086,1.9548738689953227,23.9,1.9507077886954924,488.0,130.8493536808262
2025-06-23 21:00:00,4173,4.335827418422506,1.8582117507525024,23.9,2.0774004360295155,481.0,130.8493536808262
2025-06-23 22:00:00,4174,4.292758091065945,1.8397534675996905,23.9,0.21874887839574172,473.0,130.8493536808262
2025-06-23 23:00:00,4175,4.237708531659877,1.816160799282804,23.9,0.36944236880707254,465.0,130.8493536808262
2025-06-24 00:00:00,4176,4.708000280194815,2.017714405797778,24.0,1.0252953160290441,465.0,130.8493536808262
2025-06-24 01:00:00,4177,4.512015547411322,1.9337209488905664,24.0,1.3407868095817381,451.0,130.8493536808262
2025-06-24 02:00:00,4178,4.150097935800008,1.778613401057146,24.0,1.9232309029855752,436.0,130.8493536808262
2025-06-24 03:00:00,4179,3.7297594163515244,1.5984683212935105,24.1,1.8885213414273172,431.0,130.8493536808262
2025-06-24 04:00:00,4180,3.694693356306572,1.5834400098456738,24.2,1.4533188728109576,439.0,130.8493536808262
2025-06-24 05:00:00,4181,3.7054482709058947,1.5880492589596693,24.2,0.8217019756855639,439.0,130.8493536808262
2025-06-24 06:00:00,4182,3.808812086640286,1.632348037131551,24.3,0.8694712925007326,456.0,130.8493536808262
2025-06-24 07:00:00,4183,4.133987963250583,1.7717091271073926,24.3,1.130012383116532,469.0,130.8493536808262
2025-06-24 08:00:00,4184,4.133186656977666,1.7713657101332856,24.3,0.7863944014423195,486.0,130.8493536808262
2025-06-24 09:00:00,4185,4.000651195812466,1.7145647982053425,24.3,1.1605351158237824,500.0,130.8493536808262
2025-06-24 10:00:00,4186,4.082831837745957,1.7497850733196956,24.2,1.4787251924792146,502.0,130.8493536808262
2025-06-24 11:00:00,4187,3.9436532210191597,1.6901370947224967,24.2,1.1479160609885153,501.0,130.8493536808262
2025-06-24 12:00:00,4188,4.079654785873139,1.7484234796599167,24.2,0.8976507074654377,501.0,130.8493536808262
2025-06-24 13:00:00,4189,4.361136206299008,1.8690583741281466,24.2,0.735148156899656,500.0,130.8493536808262
2025-06-24 14:00:00,4190,4.121057120537928,1.7661673373733977,24.1,0.7165108667579038,500.0,130.8493536808262
2025-06-24 15:00:00,4191,4.3700178955811,1.8728648123918996,24.1,0.5941964012504098,498.0,130.8493536808262
2025-06-24 16:00:00,4192,4.054325193169773,1.7375679399299024,24.1,0.7353610386838594,497.0,130.8493536808262
2025-06-24 17:00:00,4193,4.086229649795244,1.7512412784836757,24.1,1.0118997987745333,497.0,130.8493536808262
2025-06-24 18:00:00,4194,4.388432629698854,1.8807568412995088,24.1,1.585467172168187,496.0,130.8493536808262
2025-06-24 19:00:00,4195,4.109535591871993,1.7612295393737114,24.1,1.9671624655798126,496.0,130.8493536808262
2025-06-24 20:00:00,4196,3.809544810056093,1.632662061452611,24.1,2.012403780176182,484.0,130.8493536808262
2025-06-24 21:00:00,4197,4.199928298492632,1.7999692707825565,24.2,1.7896481001082716,461.0,130.8493536808262
2025-06-24 22:00:00,4198,3.908969655173137,1.675272709359916,24.2,2.5686372621011246,435.0,130.8493536808262
2025-06-24 23:00:00,4199,4.0146516705891795,1.720565001681077,24.2,3.5420275928978513,423.0,130.8493536808262
2025-06-25 00:00:00,4200,4.323190745982376,1.8527960339924467,24.3,2.565880041451213,419.0,130.8493536808262
2025-06-25 01:00:00,4201,4.2394825620943895,1.8169210980404524,24.4,1.65194541114424,418.0,130.8493536808262
2025-06-25 02:00:00,4202,4.4539214564169285,1.9088234813215408,24.4,1.80184950195256,416.0,130.8493536808262
2025-06-25 03:00:00,4203,4.92653872744175,2.1113737403321786,24.5,2.5467093591022754,427.0,130.8493536808262
2025-06-25 04:00:00,4204,4.414024450660653,1.891724764568851,24.5,2.783855150319662,441.0,130.8493536808262
2025-06-25 05:00:00,4205,4.337848873815484,1.8590780887780645,24.5,2.5194224105413983,447.0,130.8493536808262
2025-06-25 06:00:00,4206,4.550605893648138,1.950259668706345,24.5,3.8302548922362316,462.0,130.8493536808262
2025-06-25 07:00:00,4207,4.247620082650553,1.8204086068502365,24.5,4.1727159084648,477.0,130.8493536808262
2025-06-25 08:00:00,4208,4.309565782564713,1.8469567639563051,24.5,3.846180478339753,491.0,130.8493536808262
2025-06-25 09:00:00,4209,4.042284726132647,1.7324077397711344,24.5,3.924200251702272,501.0,130.8493536808262
2025-06-25 10:00:00,4210,3.9383690378464347,1.6878724447913291,24.5,2.217837466294828,503.0,130.8493536808262
2025-06-25 11:00:00,4211,4.468397611448198,1.9150275477635132,24.4,2.449851595745519,502.0,130.8493536808262
2025-06-25 12:00:00,4212,4.358722130430105,1.8680237701843305,24.4,2.904488074588987,501.0,130.8493536808262
2025-06-25 13:00:00,4213,4.663911899034369,1.9988193853004437,24.3,4.6848266555765745,500.0,130.8493536808262
2025-06-25 14:00:00,4214,4.515955909753254,1.9354096756085373,24.2,6.085700540079725,500.0,130.8493536808262
2025-06-25 15:00:00,4215,4.821122555329063,2.066195380855312,24.2,9.026505135770588,498.0,130.8493536808262
2025-06-25 16:00:00,4216,4.84445751425415,2.0761960775374924,24.1,13.85558101745174,496.0,130.8493536808262
2025-06-25 17:00:00,4217,4.910211081770914,2.10437617790182,24.1,11.03896317249829,496.0,130.8493536808262
2025-06-25 18:00:00,4218,4.789071012121798,2.0524590051950558,24.0,6.627312171442973,496.0,130.8493536808262
2025-06-25 19:00:00,4219,5.070790264549293,2.1731958276639824,24.0,5.991187793072092,496.0,130.8493536808262
2025-06-25 20:00:00,4220,5.142188176545937,2.203794932805401,24.0,3.9661403393688373,485.0,130.8493536808262
2025-06-25 21:00:00,4221,4.7678846083543105,2.0433791178661327,24.1,1.7969574434496596,458.0,130.8493536808262
2025-06-25 22:00:00,4222,4.6991522639670436,2.0139223988430186,24.1,0.6144893875045845,425.0,130.8493536808262
2025-06-25 23:00:00,4223,5.27746475837681,2.2617706107329187,24.1,5.179125117900058,413.0,130.8493536808262
2025-06-26 00:00:00,4224,5.205976237076332,2.2311326730327132,24.2,8.357628289296644,407.0,130.8493536808262
2025-06-26 01:00:00,4225,5.443051791308373,2.3327364819893024,24.2,9.364608240354618,389.0,130.8493536808262
2025-06-26 02:00:00,4226,4.4087554620657485,1.889466626599606,24.2,12.727187829886365,376.0,130.8493536808262
2025-06-26 03:00:00,4227,5.100088762091314,2.185752326610563,24.3,14.339377995526071,375.0,130.8493536808262
2025-06-26 04:00:00,4228,5.638464092377976,2.4164846110191327,24.3,15.0,396.0,130.8493536808262
2025-06-26 05:00:00,4229,5.597237656668687,2.398816138572294,24.3,15.0,428.0,130.8493536808262
2025-06-26 06:00:00,4230,5.150837624956442,2.2075018392670467,24.3,15.0,462.0,130.8493536808262
2025-06-26 07:00:00,4231,5.4409447052342825,2.331833445100407,24.2,15.0,485.0,130.8493536808262
2025-06-26 08:00:00,4232,5.6680290859953,2.4291553225694145,24.2,15.0,493.0,130.8493536808262
2025-06-26 09:00:00,4233,5.6136350629826275,2.4058435984211264,24.1,15.0,499.0,130.8493536808262
2025-06-26 10:00:00,4234,5.930598204189447,2.5416849446526206,24.1,15.0,500.0,130.8493536808262
2025-06-26 11:00:00,4235,5.397527958108986,2.313226267760994,24.0,15.0,499.0,130.8493536808262
2025-06-26 12:00:00,4236,5.889601362734517,2.5241148697433644,24.0,15.0,499.0,130.8493536808262
2025-06-26 13:00:00,4237,6.033840621309357,2.585931694846867,24.0,15.0,498.0,130.8493536808262
2025-06-26 14:00:00,4238,5.855311956826874,2.5094194100686606,24.0,15.0,496.0,130.8493536808262
2025-06-26 15:00:00,4239,5.366419465530479,2.2998940566559196,24.0,15.0,494.0,130.8493536808262
2025-06-26 16:00:00,4240,5.2430981886636285,2.247042080855841,24.0,15.0,493.0,130.8493536808262
2025-06-26 17:00:00,4241,4.939797144719826,2.1170559191656397,24.0,15.0,492.0,130.8493536808262
2025-06-26 18:00:00,4242,5.007216060192622,2.145949740082552,24.0,15.0,492.0,130.8493536808262
2025-06-26 19:00:00,4243,5.028478027075613,2.155062011603834,24.1,12.01747186736926,492.0,130.8493536808262
2025-06-26 20:00:00,4244,5.411312535362436,2.319133943726758,24.1,9.140266627935018,481.0,130.8493536808262
2025-06-26 21:00:00,4245,5.677402112546783,2.433172333948621,24.1,6.577536055748439,449.0,130.8493536808262
2025-06-26 22:00:00,4246,5.309635788372388,2.2755581950167376,24.2,6.55572904956506,399.0,130.8493536808262
2025-06-26 23:00:00,4247,5.078005752583029,2.1762881796784406,24.2,5.6738297527946395,358.0,130.8493536808262
2025-06-27 00:00:00,4248,4.713627760172534,2.020126182931086,24.4,3.951968737605221,342.0,130.8493536808262
2025-06-27 01:00:00,4249,5.185974110384773,2.2225603330220456,24.5,1.9179020904423119,326.0,130.8493536808262
2025-06-27 02:00:00,4250,5.032481361713666,2.156777726448714,24.7,0.44390046710819,322.0,130.8493536808262
2025-06-27 03:00:00,4251,4.513467278153178,1.9343431192085048,24.9,0.0,326.0,130.8493536808262
2025-06-27 04:00:00,4252,4.194098811697318,1.7974709192988505,25.1,0.0,349.0,130.8493536808262
2025-06-27 05:00:00,4253,4.439791687840143,1.9027678662172038,25.2,0.0,381.0,130.8493536808262
2025-06-27 06:00:00,4254,4.5431293418257575,1.9470554322110387,25.4,0.0,410.0,130.8493536808262
2025-06-27 07:00:00,4255,4.3632722268983075,1.869973811527846,25.4,0.0,442.0,130.8493536808262
2025-06-27 08:00:00,4256,5.4660733030519895,2.342602844165138,25.4,0.0,475.0,130.8493536808262
2025-06-27 09:00:00,4257,5.123845827031046,2.1959339258704484,25.4,0.0,496.0,130.8493536808262
2025-06-27 10:00:00,4258,5.729014536329762,2.4552919441413263,25.2,0.0,500.0,130.8493536808262
2025-06-27 11:00:00,4259,5.161870110192472,2.212230047225345,25.2,0.0,499.0,130.8493536808262
2025-06-27 12:00:00,4260,5.511246729613556,2.3619628841200955,25.1,0.0,499.0,130.8493536808262
2025-06-27 13:00:00,4261,5.38049245433744,2.3059253375731883,25.1,0.0,498.0,130.8493536808262
2025-06-27 14:00:00,4262,5.727559779858595,2.454668477082255,25.0,0.014939330641211966,497.0,130.8493536808262
2025-06-27 15:00:00,4263,5.581046417671539,2.391877036144945,25.0,0.139858227900843,496.0,130.8493536808262
2025-06-27 16:00:00,4264,5.298818411270837,2.2709221762589302,24.9,0.08306129743556447,496.0,130.8493536808262
2025-06-27 17:00:00,4265,5.330277927151099,2.284404825921899,24.9,0.033756823911835966,495.0,130.8493536808262
2025-06-27 18:00:00,4266,5.0766578925569785,2.1757105253815623,24.8,0.0,496.0,130.8493536808262
2025-06-27 19:00:00,4267,4.840394714483185,2.0744548776356506,24.8,0.0,495.0,130.8493536808262
2025-06-27 20:00:00,4268,5.459019202424462,2.339579658181912,24.8,0.0,474.0,130.8493536808262
2025-06-27 21:00:00,4269,5.264271567375605,2.256116386018116,24.8,0.0,423.0,130.8493536808262
2025-06-27 22:00:00,4270,5.193455783581456,2.2257667643920525,24.8,0.0,364.0,130.8493536808262
2025-06-27 23:00:00,4271,5.351557798536902,2.2935247708015294,24.9,0.13564861180170518,315.0,130.8493536808262
2025-06-28 00:00:00,4272,5.417784224986878,2.321907524994376,24.9,0.3231274333958455,284.0,130.8493536808262
2025-06-28 01:00:00,4273,5.465660009176361,2.3424257182184403,25.0,0.11137032928346566,269.0,130.8493536808262
2025-06-28 02:00:00,4274,6.206977541850378,2.660133232221591,25.2,0.2916949402546527,263.0,130.8493536808262
2025-06-28 03:00:00,4275,5.361546363254004,2.2978055842517158,25.4,0.7949019709940204,269.0,130.8493536808262
2025-06-28 04:00:00,4276,5.207938069382353,2.2319734583067223,25.6,0.9713139298860065,287.0,130.8493536808262
2025-06-28 05:00:00,4277,4.976510055730589,2.1327900238845383,25.8,1.3143960792288731,316.0,130.8493536808262
2025-06-28 06:00:00,4278,4.4663311355439275,1.9141419152331116,25.8,1.6037137080424468,358.0,130.8493536808262
2025-06-28 07:00:00,4279,4.740215673317621,2.031521002850409,25.8,1.378383822337504,414.0,130.8493536808262
2025-06-28 08:00:00,4280,4.902384176046974,2.1010217897344172,25.7,0.9935051326088439,467.0,130.8493536808262
2025-06-28 09:00:00,4281,4.7451606507273345,2.0336402788831434,25.5,0.7869328076485936,495.0,130.8493536808262
2025-06-28 10:00:00,4282,4.5138542418541,1.934508960794614,25.5,0.24377991020681206,501.0,130.8493536808262
2025-06-28 11:00:00,4283,4.699295443422709,2.0139837614668754,25.3,0.10816103561644069,500.0,130.8493536808262
2025-06-28 12:00:00,4284,4.716791060678652,2.021481883147994,25.2,0.0,501.0,130.8493536808262
2025-06-28 13:00:00,4285,5.267497308117463,2.2574988463360555,25.1,0.0,500.0,130.8493536808262
2025-06-28 14:00:00,4286,5.2392157102347205,2.2453781615291657,25.0,0.0,499.0,130.8493536808262
2025-06-28 15:00:00,4287,5.33005865402605,2.2843108517254502,25.0,0.0,498.0,130.8493536808262
2025-06-28 16:00:00,4288,5.352558329237128,2.2939535696730546,25.0,0.0,496.0,130.8493536808262
2025-06-28 17:00:00,4289,5.687603942113672,2.437544546620145,24.9,0.0,495.0,130.8493536808262
2025-06-28 18:00:00,4290,5.448247558401444,2.334963239314904,24.9,0.0,495.0,130.8493536808262
2025-06-28 19:00:00,4291,5.197108145846258,2.227332062505539,24.9,0.0,494.0,130.8493536808262
2025-06-28 20:00:00,4292,5.32115094219397,2.2804932609402724,25.0,0.0,472.0,130.8493536808262
2025-06-28 21:00:00,4293,5.059471290690485,2.1683448388673505,25.0,0.0,410.0,130.8493536808262
2025-06-28 22:00:00,4294,5.035532456581752,2.1580853385350367,25.0,0.0,338.0,130.8493536808262
2025-06-28 23:00:00,4295,5.037953553363769,2.159122951441615,25.0,0.0,282.0,130.8493536808262
2025-06-29 00:00:00,4296,5.302428621782575,2.272469409335389,25.1,0.0,266.0,130.8493536808262
2025-06-29 01:00:00,4297,5.680270765084261,2.4344017564646836,25.1,0.0,254.0,130.8493536808262
2025-06-29 02:00:00,4298,5.279367697514962,2.2625861560778406,25.2,0.039208192579668726,256.0,130.8493536808262
2025-06-29 03:00:00,4299,4.645403465320859,1.990887199423225,25.3,0.5102908040708909,264.0,130.8493536808262
2025-06-29 04:00:00,4300,4.504443368248178,1.930475729249219,25.4,1.2145891461274012,279.0,130.8493536808262
2025-06-29 05:00:00,4301,4.8917016675431935,2.0964435718042256,25.4,1.993858031301878,316.0,130.8493536808262
2025-06-29 06:00:00,4302,4.432669347952224,1.8997154348366672,25.4,2.821979393417898,364.0,130.8493536808262
2025-06-29 07:00:00,4303,4.223197221471637,1.8099416663449874,25.4,3.419913019990137,417.0,130.8493536808262
2025-06-29 08:00:00,4304,4.4911882990978444,1.9247949853276474,25.4,3.4945011319069814,468.0,130.8493536808262
2025-06-29 09:00:00,4305,4.634940150827306,1.9864029217831307,25.3,3.73885920821098,496.0,130.8493536808262
2025-06-29 10:00:00,4306,4.272032521656524,1.8308710807099389,25.2,4.2066356733616965,501.0,130.8493536808262
2025-06-29 11:00:00,4307,4.642594275332051,1.989683260856593,25.2,4.892375253740095,501.0,130.8493536808262
2025-06-29 12:00:00,4308,4.813937991850484,2.063116282221636,25.1,5.3516482359963655,500.0,130.8493536808262
2025-06-29 13:00:00,4309,4.9656310557084655,2.1281275953036283,25.1,4.918273577398981,500.0,130.8493536808262
2025-06-29 14:00:00,4310,5.152333434152687,2.2081429003511515,25.1,4.277519383961286,499.0,130.8493536808262
2025-06-29 15:00:00,4311,5.2278783599298855,2.2405192971128076,25.0,3.7168607383724788,498.0,130.8493536808262
2025-06-29 16:00:00,4312,5.018714274786838,2.1508775463372163,25.0,3.55651931254546,496.0,130.8493536808262
2025-06-29 17:00:00,4313,5.20035806972038,2.2287248870230196,25.0,3.77379459585859,495.0,130.8493536808262
2025-06-29 18:00:00,4314,5.12817631122738,2.197789847668877,25.0,3.7866990910698446,495.0,130.8493536808262
2025-06-29 19:00:00,4315,5.1051959158047655,2.187941106773471,25.0,3.7278410195393596,495.0,130.8493536808262
2025-06-29 20:00:00,4316,5.215732733949498,2.2353140288354987,25.1,3.7713177541734226,477.0,130.8493536808262
2025-06-29 21:00:00,4317,5.010101219908594,2.147186237103683,25.1,3.030629372906286,435.0,130.8493536808262
2025-06-29 22:00:00,4318,4.808193204679112,2.060654230576762,25.2,3.109645209659104,390.0,130.8493536808262
2025-06-29 23:00:00,4319,4.742063011008161,2.0323127190034973,25.2,2.48004156334222,361.0,130.8493536808262
2025-06-30 00:00:00,4320,5.096889074392891,2.1843810318826673,25.3,2.2225226769536803,346.0,130.8493536808262
2025-06-30 01:00:00,4321,4.5953839673305,1.9694502717130713,25.4,2.4559643410301395,332.0,130.8493536808262
2025-06-30 02:00:00,4322,4.335061469068235,1.8578834867435292,25.5,2.6943786121497877,326.0,130.8493536808262
2025-06-30 03:00:00,4323,4.281455786353386,1.8349096227228798,25.5,2.9034611896477514,329.0,130.8493536808262
2025-06-30 04:00:00,4324,4.0599247229332915,1.739967738399982,25.5,3.247796832540713,349.0,130.8493536808262
2025-06-30 05:00:00,4325,3.913873328805334,1.6773742837737144,25.6,3.6770794391384847,371.0,130.8493536808262
2025-06-30 06:00:00,4326,3.8735681339669448,1.660100628842976,25.6,3.9341984266945733,405.0,130.8493536808262
2025-06-30 07:00:00,4327,4.081505324415599,1.7492165676066855,25.6,4.604100447402431,444.0,130.8493536808262
2025-06-30 08:00:00,4328,3.9507964318988207,1.6931984708137802,25.6,4.827445172442151,477.0,130.8493536808262
2025-06-30 09:00:00,4329,4.1620384801641785,1.7837307772132194,25.6,5.2509845256854035,498.0,130.8493536808262
2025-06-30 10:00:00,4330,3.7999886284592863,1.6285665550539798,25.5,4.946264724989351,501.0,130.8493536808262
2025-06-30 11:00:00,4331,4.009973267031809,1.7185599715850606,25.5,5.7643724836586285,501.0,130.8493536808262
2025-06-30 12:00:00,4332,4.190305922379449,1.795845395305478,25.5,6.009216208545074,501.0,130.8493536808262
2025-06-30 13:00:00,4333,4.402309779499963,1.88670419121427,25.5,6.588699227254288,500.0,130.8493536808262
2025-06-30 14:00:00,4334,3.980086300891153,1.7057512718104941,25.5,6.534819168947761,500.0,130.8493536808262
2025-06-30 15:00:00,4335,4.0228281160508645,1.7240691925932277,25.5,6.602849854116932,497.0,130.8493536808262
2025-06-30 16:00:00,4336,3.99402468222699,1.7117248638115672,25.4,6.87521980897841,496.0,130.8493536808262
2025-06-30 17:00:00,4337,4.19751721366747,1.79893594871463,25.4,6.9304144980949545,495.0,130.8493536808262
2025-06-30 18:00:00,4338,4.2830526026202875,1.8355939725515515,25.4,6.240510967416344,495.0,130.8493536808262
2025-06-30 19:00:00,4339,4.344215123083477,1.8618064813214898,25.4,6.037124132762993,495.0,130.8493536808262
2025-06-30 20:00:00,4340,4.034632516305114,1.7291282212736205,25.4,5.89632022089855,480.0,130.8493536808262
2025-06-30 21:00:00,4341,3.960933409783326,1.6975428899071396,25.4,5.7010135839319345,443.0,130.8493536808262
2025-06-30 22:00:00,4342,3.9689604365162814,1.7009830442212635,25.5,6.023352254003221,404.0,130.8493536808262
2025-06-30 23:00:00,4343,3.952320244752198,1.6938515334652275,25.5,7.870054835872528,384.0,130.8493536808262
2025-07-01 00:00:00,4344,4.55314024348934,1.9513458186382882,25.5,5.504130967886416,365.0,130.8493536808262
2025-07-01 01:00:00,4345,4.188231346226015,1.7949562912397206,25.5,3.758530012976556,347.0,130.8493536808262
2025-07-01 02:00:00,4346,3.6603033874605804,1.56870145176882,25.6,3.122850285952386,353.0,130.8493536808262
2025-07-01 03:00:00,4347,3.5529542649414374,1.522694684974902,25.7,3.4969158049716484,361.0,130.8493536808262
2025-07-01 04:00:00,4348,3.595460709417036,1.540911732607301,25.8,4.144470710269427,390.0,130.8493536808262
2025-07-01 05:00:00,4349,3.43926136438587,1.4739691561653727,25.9,4.481341234622198,421.0,130.8493536808262
2025-07-01 06:00:00,4350,3.5715080645964807,1.5306463133984918,25.9,4.36742922282174,453.0,130.8493536808262
2025-07-01 07:00:00,4351,3.550760226547456,1.5217543828060525,25.9,4.742525805627743,476.0,130.8493536808262
2025-07-01 08:00:00,4352,3.965427577737428,1.6994689618874692,25.9,4.812856581544914,494.0,130.8493536808262
2025-07-01 09:00:00,4353,3.55257772016508,1.522533308642177,25.9,3.65919011059273,503.0,130.8493536808262
2025-07-01 10:00:00,4354,3.891256575079135,1.6676813893196292,25.9,3.4783541437651153,504.0,130.8493536808262
2025-07-01 11:00:00,4355,3.962528457228368,1.6982264816693002,25.8,3.2031429926588473,503.0,130.8493536808262
2025-07-01 12:00:00,4356,3.9736998156115946,1.7030142066906833,25.8,1.9600905428512496,503.0,130.8493536808262
2025-07-01 13:00:00,4357,4.172050723477685,1.7880217386332937,25.8,1.190475379913842,502.0,130.8493536808262
2025-07-01 14:00:00,4358,4.155228292825548,1.7808121254966631,25.8,1.1170836707678093,501.0,130.8493536808262
2025-07-01 15:00:00,4359,4.151382176154141,1.7791637897803463,25.8,1.7157420493070952,499.0,130.8493536808262
2025-07-01 16:00:00,4360,4.258402261712469,1.8250295407339152,25.8,2.7551554040120747,498.0,130.8493536808262
2025-07-01 17:00:00,4361,4.313064306499583,1.848456131356964,25.8,2.7614700550982167,498.0,130.8493536808262
2025-07-01 18:00:00,4362,4.276411721514579,1.8327478806491055,25.8,3.3556991500583453,498.0,130.8493536808262
2025-07-01 19:00:00,4363,4.400319945256601,1.8858514051099717,25.8,4.041117484525228,498.0,130.8493536808262
2025-07-01 20:00:00,4364,4.290219813224839,1.8386656342392165,25.8,3.7868332330609187,487.0,130.8493536808262
2025-07-01 21:00:00,4365,4.539920429418526,1.945680184036511,25.8,3.1513271800299885,464.0,130.8493536808262
2025-07-01 22:00:00,4366,4.478509026836946,1.9193610115015483,25.8,3.0873432971776893,437.0,130.8493536808262
2025-07-01 23:00:00,4367,4.609227472229428,1.9753832023840405,25.8,2.282450451739813,403.0,130.8493536808262
2025-07-02 00:00:00,4368,4.441445303595347,1.9034765586837201,25.9,1.9994826716313367,377.0,130.8493536808262
2025-07-02 01:00:00,4369,5.092336554434121,2.1824299519003376,26.0,1.5553190166038073,358.0,130.8493536808262
2025-07-02 02:00:00,4370,4.6560574317452215,1.9954531850336665,26.1,0.8642079582159033,350.0,130.8493536808262
2025-07-02 03:00:00,4371,4.555475526778158,1.9523466543334966,26.3,2.1150577216214472,360.0,130.8493536808262
2025-07-02 04:00:00,4372,4.403649562782495,1.8872783840496405,26.5,3.7386426606053025,384.0,130.8493536808262
2025-07-02 05:00:00,4373,4.349118069757836,1.8639077441819296,26.6,3.254709469653712,407.0,130.8493536808262
2025-07-02 06:00:00,4374,4.001379651453833,1.7148769934802144,26.6,3.361733280707865,440.0,130.8493536808262
2025-07-02 07:00:00,4375,4.289746754870187,1.8384628949443655,26.6,3.387203445218372,470.0,130.8493536808262
2025-07-02 08:00:00,4376,4.507532329006642,1.931799569574275,26.6,2.525263260765159,489.0,130.8493536808262
2025-07-02 09:00:00,4377,4.2886647308629895,1.8379991703698524,26.5,1.81996657188604,502.0,130.8493536808262
2025-07-02 10:00:00,4378,4.845552664939069,2.076665427831029,26.4,1.187843927798349,504.0,130.8493536808262
2025-07-02 11:00:00,4379,4.382789750984761,1.8783384647077548,26.3,1.9160333346636467,503.0,130.8493536808262
2025-07-02 12:00:00,4380,4.50733385725,1.93171451025,26.2,2.8100082201428496,502.0,130.8493536808262
2025-07-02 13:00:00,4381,5.490620072484761,2.353122888207755,26.2,2.239022993169857,501.0,130.8493536808262
2025-07-02 14:00:00,4382,4.800485949189069,2.057351121081029,26.1,1.7392726604143538,500.0,130.8493536808262
2025-07-02 15:00:00,4383,4.86271546511299,2.0840209136198524,26.1,2.0664759555505925,499.0,130.8493536808262
2025-07-02 16:00:00,4384,4.917582476506642,2.1075353470742746,26.0,1.805115430433266,498.0,130.8493536808262
2025-07-02 17:00:00,4385,5.346830088120186,2.2914986091943654,26.0,1.5685241520270292,498.0,130.8493536808262
2025-07-02 18:00:00,4386,5.210037598453834,2.2328732564802145,26.0,1.3975740998904784,498.0,130.8493536808262
2025-07-02 19:00:00,4387,5.325068501507836,2.2821722149319297,26.0,1.12496624135255,498.0,130.8493536808262
2025-07-02 20:00:00,4388,4.950033287032495,2.1214428372996403,26.0,0.908218219415519,484.0,130.8493536808262
2025-07-02 21:00:00,4389,5.224371287528159,2.2390162660834965,26.0,0.6282655223912595,447.0,130.8493536808262
2025-07-02 22:00:00,4390,5.347719252245222,2.2918796795336664,26.0,0.2069980444657054,407.0,130.8493536808262
2025-07-02 23:00:00,4391,5.465562078434122,2.3423837479003375,26.0,0.23246046756566505,374.0,130.8493536808262
2025-07-03 00:00:00,4392,5.838529465845346,2.5022269139337197,26.0,0.1878674133550322,356.0,130.8493536808262
2025-07-03 01:00:00,4393,5.190634590479429,2.2245576816340407,26.1,0.12461299294088585,343.0,130.8493536808262
2025-07-03 02:00:00,4394,4.980401806336946,2.1344579170015483,26.2,0.18884797190057478,336.0,130.8493536808262
2025-07-03 03:00:00,4395,4.698529061418526,2.013655312036511,26.3,0.6025761880828493,333.0,130.8493536808262
2025-07-03 04:00:00,4396,4.633078388724838,1.9856050237392164,26.4,1.3013381117524543,357.0,130.8493536808262
2025-07-03 05:00:00,4397,4.675885837256601,2.0039510731099717,26.5,1.8052535407960875,383.0,130.8493536808262
2025-07-03 06:00:00,4398,4.622673200014578,1.981145657149105,26.5,1.4581689955071557,415.0,130.8493536808262
2025-07-03 07:00:00,4399,4.566228381999584,1.9569550208569642,26.5,1.8519161624448268,452.0,130.8493536808262
2025-07-03 08:00:00,4400,4.516006165962469,1.9354312139839152,26.5,1.668952265681602,484.0,130.8493536808262
2025-07-03 09:00:00,4401,4.23731343765414,1.8159914732803457,26.5,1.436380107111703,502.0,130.8493536808262
2025-07-03 10:00:00,4402,4.421241370575547,1.8948177302466633,26.5,0.8289604938879357,505.0,130.8493536808262
2025-07-03 11:00:00,4403,4.511062926727686,1.9333126828832934,26.5,0.7977227089944993,504.0,130.8493536808262
2025-07-03 12:00:00,4404,4.6670862576115955,2.0001798246906834,26.4,0.6882449551152405,502.0,130.8493536808262
2025-07-03 13:00:00,4405,5.191822971228367,2.2250669876692997,26.4,1.119848351656096,502.0,130.8493536808262
2025-07-03 14:00:00,4406,5.488561709329135,2.3522407325696286,26.4,1.1506594266254606,501.0,130.8493536808262
2025-07-03 15:00:00,4407,5.03158456766508,2.156393386142177,26.3,1.134584101653538,499.0,130.8493536808262
2025-07-03 16:00:00,4408,5.66844871223743,2.4293351623874693,26.3,0.7597197969341595,497.0,130.8493536808262
2025-07-03 17:00:00,4409,5.108194057297457,2.1892260245560524,26.2,0.7323663649420558,497.0,130.8493536808262
2025-07-03 18:00:00,4410,4.801004463846482,2.057573341648492,26.2,0.72214849989071,497.0,130.8493536808262
2025-07-03 19:00:00,4411,4.91977807513587,2.108476317915373,26.2,0.7106195385040404,497.0,130.8493536808262
2025-07-03 20:00:00,4412,4.998433626917036,2.142185840107301,26.2,0.48063618555513615,486.0,130.8493536808262
2025-07-03 21:00:00,4413,4.9926888496914374,2.1397237927249018,26.2,0.3127843450450954,454.0,130.8493536808262
2025-07-03 22:00:00,4414,5.288152232460581,2.2663509567688203,26.3,0.0,417.0,130.8493536808262
2025-07-03 23:00:00,4415,5.621192314476014,2.4090824204897205,26.3,0.0,394.0,130.8493536808262
2025-07-04 00:00:00,4416,5.51351030623934,2.362932988388289,26.4,0.0,373.0,130.8493536808262
2025-07-04 01:00:00,4417,5.057652824502198,2.1675654962152278,26.4,0.0,350.0,130.8493536808262
2025-07-04 02:00:00,4418,5.040811949766281,2.1603479784712634,26.5,0.0,336.0,130.8493536808262
2025-07-04 03:00:00,4419,5.342198749783327,2.28951374990714,26.5,0.0,333.0,130.8493536808262
2025-07-04 04:00:00,4420,5.0974084700551145,2.1846036300236205,26.6,0.09174554176896514,353.0,130.8493536808262
2025-07-04 05:00:00,4421,4.968705736333476,2.12944531557149,26.6,0.4213774448236613,383.0,130.8493536808262
2025-07-04 06:00:00,4422,4.856080295620287,2.081177269551551,26.7,1.094591779912635,422.0,130.8493536808262
2025-07-04 07:00:00,4423,4.571798335917469,1.9593421439646297,26.7,1.295680478783482,463.0,130.8493536808262
2025-07-04 08:00:00,4424,4.716249004976991,2.021249573561567,26.7,1.3035220299218937,490.0,130.8493536808262
2025-07-04 09:00:00,4425,4.677213611800864,2.0045201193432276,26.6,0.9533321044812549,503.0,130.8493536808262
2025-07-04 10:00:00,4426,3.8691543398911534,1.6582090028104943,26.6,0.4864083571150612,504.0,130.8493536808262
2025-07-04 11:00:00,4427,4.150509436999964,1.77878975871427,26.6,0.6989115697818606,503.0,130.8493536808262
2025-07-04 12:00:00,4428,4.263921189629448,1.827394795555478,26.5,0.9034246220019819,502.0,130.8493536808262
2025-07-04 13:00:00,4429,4.330798707281807,1.8560565888350602,26.5,1.5812095882522743,501.0,130.8493536808262
2025-07-04 14:00:00,4430,4.504566932959287,1.93052868555398,26.5,2.1975643114847188,501.0,130.8493536808262
2025-07-04 15:00:00,4431,4.622941060414179,1.9812604544632193,26.5,2.476714091183613,500.0,130.8493536808262
2025-07-04 16:00:00,4432,4.854913005398821,2.08067700231378,26.4,2.3954522867029207,500.0,130.8493536808262
2025-07-04 17:00:00,4433,4.7980596996656,2.0563112998566857,26.4,2.1686023749383376,500.0,130.8493536808262
2025-07-04 18:00:00,4434,5.1981670652169445,2.227785885092976,26.4,2.5332577268565846,499.0,130.8493536808262
2025-07-04 19:00:00,4435,4.8506900190553335,2.0788671510237147,26.4,2.872178822555349,498.0,130.8493536808262
2025-07-04 20:00:00,4436,5.772691661683291,2.474010712149982,26.5,2.9221191606815653,487.0,130.8493536808262
2025-07-04 21:00:00,4437,5.457594312853386,2.3389689912228797,26.5,2.4521577860447676,459.0,130.8493536808262
2025-07-04 22:00:00,4438,5.3147917905682345,2.277767910243529,26.5,2.5421885443060597,420.0,130.8493536808262
2025-07-04 23:00:00,4439,4.9309849165805,2.113279249963071,26.5,3.11322350912711,395.0,130.8493536808262
2025-07-05 00:00:00,4440,5.618860533142891,2.408083085632667,26.6,1.6137197495550069,388.0,130.8493536808262
2025-07-05 01:00:00,4441,5.471191062758161,2.3447961697534976,26.8,0.46460091431051387,389.0,130.8493536808262
2025-07-05 02:00:00,4442,4.744902755429113,2.0335297523267624,26.9,0.09907664081318816,384.0,130.8493536808262
2025-07-05 03:00:00,4443,4.347489975158593,1.8632099893536829,27.0,0.0,375.0,130.8493536808262
2025-07-05 04:00:00,4444,4.319709910449498,1.8513042473354988,27.2,0.0,372.0,130.8493536808262
2025-07-05 05:00:00,4445,4.734887522804765,2.0292375097734703,27.4,0.0,375.0,130.8493536808262
2025-07-05 06:00:00,4446,4.719416456227382,2.0226070526688775,27.4,0.0,400.0,130.8493536808262
2025-07-05 07:00:00,4447,4.524891522720379,1.9392392240230198,27.4,0.0,442.0,130.8493536808262
2025-07-05 08:00:00,4448,4.4251985740368385,1.8965136745872162,27.4,0.1205300774765635,478.0,130.8493536808262
2025-07-05 09:00:00,4449,4.749313418179884,2.035420036362807,27.4,0.19907785290396884,499.0,130.8493536808262
2025-07-05 10:00:00,4450,4.258335630152686,1.8250009843511514,27.2,0.9799301988106035,502.0,130.8493536808262
2025-07-05 11:00:00,4451,5.7611864842084675,2.4690799218036283,27.2,0.439432391768168,502.0,130.8493536808262
2025-07-05 12:00:00,4452,5.589898756100483,2.3956708954716355,27.1,0.38836404189785184,502.0,130.8493536808262
2025-07-05 13:00:00,4453,6.01428746708205,2.5775517716065925,27.1,0.4425786396558931,502.0,130.8493536808262
2025-07-05 14:00:00,4454,6.015742113406524,2.5781751914599385,27.0,0.38836404189785184,501.0,130.8493536808262
2025-07-05 15:00:00,4455,6.001979655077306,2.572276995033131,27.0,0.2722591183978911,500.0,130.8493536808262
2025-07-05 16:00:00,4456,5.544258947097845,2.3761109773276474,27.0,0.14889789973456344,499.0,130.8493536808262
2025-07-05 17:00:00,4457,5.322361479971637,2.2810120628449875,26.9,0.0,498.0,130.8493536808262
2025-07-05 18:00:00,4458,4.916359211952224,2.107011090836667,26.9,0.0,498.0,130.8493536808262
2025-07-05 19:00:00,4459,5.081239283293193,2.177673978554225,26.9,0.0,497.0,130.8493536808262
2025-07-05 20:00:00,4460,4.989289632248179,2.1382669852492193,26.9,0.0,484.0,130.8493536808262
2025-07-05 21:00:00,4461,4.854654810070858,2.080566347173225,27.0,0.0,440.0,130.8493536808262
2025-07-05 22:00:00,4462,4.750970219514962,2.0361300940778406,27.0,0.6463347081118349,381.0,130.8493536808262
2025-07-05 23:00:00,4463,5.177437381584262,2.2189017349646836,27.0,0.0,338.0,130.8493536808262
2025-07-06 00:00:00,4464,5.614535765032575,2.4062296135853893,27.1,0.0,317.0,130.8493536808262
2025-07-06 01:00:00,4465,5.5256585263637685,2.3681393684416148,27.2,0.0,309.0,130.8493536808262
2025-07-06 02:00:00,4466,4.966488929581753,2.1284952555350367,27.4,0.0,303.0,130.8493536808262
2025-07-06 03:00:00,4467,5.022640872940485,2.152560374117351,27.6,0.036586499774140496,310.0,130.8493536808262
2025-07-06 04:00:00,4468,5.02172433044397,2.1521675701902727,27.8,0.27608340578722423,326.0,130.8493536808262
2025-07-06 05:00:00,4469,5.040642635596258,2.1602754152555392,28.0,0.08511420754613867,345.0,130.8493536808262
2025-07-06 06:00:00,4470,4.451582807151443,1.9078212030649042,28.0,0.04525252137535117,380.0,130.8493536808262
2025-07-06 07:00:00,4471,4.554758620113672,1.952039408620145,28.0,0.3252054645724246,427.0,130.8493536808262
2025-07-06 08:00:00,4472,5.514576629737128,2.3633899841730552,27.9,0.7131820852872602,470.0,130.8493536808262
2025-07-06 09:00:00,4473,5.777495434026051,2.47606947172545,27.8,0.7368496426176606,497.0,130.8493536808262
2025-07-06 10:00:00,4474,6.369046993234719,2.729591568529165,27.6,0.11358678565100341,503.0,130.8493536808262
2025-07-06 11:00:00,4475,6.107993774367463,2.6177116175860555,27.5,0.0,502.0,130.8493536808262
2025-07-06 12:00:00,4476,6.042710762428652,2.5897331838979936,27.5,0.0,501.0,130.8493536808262
2025-07-06 13:00:00,4477,4.920942524672709,2.108975367716875,27.4,0.0,500.0,130.8493536808262
2025-07-06 14:00:00,4478,5.1522851801041,2.2081222200446136,27.3,0.0,500.0,130.8493536808262
2025-07-06 15:00:00,4479,4.902002524727335,2.1008582248831433,27.2,0.0,498.0,130.8493536808262
2025-07-06 16:00:00,4480,4.5791596310469735,1.962496984734417,27.2,0.0,499.0,130.8493536808262
2025-07-06 17:00:00,4481,4.88591191806762,2.0939622506004087,27.2,0.0,498.0,130.8493536808262
2025-07-06 18:00:00,4482,5.1163679827939275,2.1927291354831118,27.1,0.0,499.0,130.8493536808262
2025-07-06 19:00:00,4483,5.10984149523059,2.1899320693845383,27.1,0.0,499.0,130.8493536808262
2025-07-06 20:00:00,4484,5.178812777382353,2.2194911903067225,27.1,0.0,486.0,130.8493536808262
2025-07-06 21:00:00,4485,4.851862092004003,2.079369468001716,27.1,0.0,456.0,130.8493536808262
2025-07-06 22:00:00,4486,5.510871444100379,2.3618020474715906,27.1,0.0,428.0,130.8493536808262
2025-07-06 23:00:00,4487,5.053413847926361,2.1657487919684404,27.1,0.0,409.0,130.8493536808262
2025-07-07 00:00:00,4488,5.380648943236878,2.305992404244376,27.2,0.0,394.0,130.8493536808262
2025-07-07 01:00:00,4489,4.952475902036902,2.1224896723015294,27.4,0.0,382.0,130.8493536808262
2025-07-07 02:00:00,4490,4.473007541081455,1.9170032318920522,27.5,0.0846067498909628,369.0,130.8493536808262
2025-07-07 03:00:00,4491,4.060414069875605,1.7401774585181162,27.8,0.2734808276431812,358.0,130.8493536808262
2025-07-07 04:00:00,4492,3.8811377854244613,1.663344765181912,28.0,0.6625529713613998,374.0,130.8493536808262
2025-07-07 05:00:00,4493,3.7721545782331845,1.6166376763856505,28.2,1.2467393771154518,396.0,130.8493536808262
2025-07-07 06:00:00,4494,4.150174857806979,1.7786463676315625,28.3,1.5994256606971766,428.0,130.8493536808262
2025-07-07 07:00:00,4495,3.619262120651098,1.5511123374218991,28.3,1.0798505060920436,462.0,130.8493536808262
2025-07-07 08:00:00,4496,3.893848057770837,1.66879202475893,28.2,0.5681454039065464,487.0,130.8493536808262
2025-07-07 09:00:00,4497,4.298196553921539,1.8420842373949449,28.0,0.3943140083033737,502.0,130.8493536808262
2025-07-07 10:00:00,4498,4.7722826861085945,2.0452640083322544,27.9,0.63232684060421,505.0,130.8493536808262
2025-07-07 11:00:00,4499,5.03899351683744,2.1595686500731888,27.8,0.8530359648024619,505.0,130.8493536808262
2025-07-07 12:00:00,4500,4.803647305613556,2.0587059881200953,27.6,0.9722670797845148,504.0,130.8493536808262
2025-07-07 13:00:00,4501,4.749652097692472,2.035565184725345,27.6,0.9309382827223089,503.0,130.8493536808262
2025-07-07 14:00:00,4502,4.963323965579761,2.1271388423913264,27.5,0.8711859383497658,502.0,130.8493536808262
2025-07-07 15:00:00,4503,5.308129580531045,2.2749126773704478,27.5,0.6145691162702983,502.0,130.8493536808262
2025-07-07 16:00:00,4504,5.332976633051989,2.285561414165138,27.5,0.3667133489472749,502.0,130.8493536808262
2025-07-07 17:00:00,4505,5.0612884741483075,2.1691236317778455,27.4,0.2214922164179044,501.0,130.8493536808262
2025-07-07 18:00:00,4506,5.295496294575757,2.269498411961038,27.4,0.09750931580860245,502.0,130.8493536808262
2025-07-07 19:00:00,4507,5.082704292090144,2.178301839467204,27.4,0.1022678046977893,501.0,130.8493536808262
2025-07-07 20:00:00,4508,4.987995602447318,2.13771240104885,27.5,0.1359016292004208,488.0,130.8493536808262
2025-07-07 21:00:00,4509,5.280725526903177,2.263168082958505,27.5,0.07858449252841633,455.0,130.8493536808262
2025-07-07 22:00:00,4510,5.533279127713667,2.371405340448714,27.5,0.0,421.0,130.8493536808262
2025-07-07 23:00:00,4511,5.477655682384773,2.347566721022045,27.6,0.0,399.0,130.8493536808262
2025-07-08 00:00:00,4512,5.989694130422533,2.5670117701810855,27.6,0.0,380.0,130.8493536808262
2025-07-08 01:00:00,4513,5.410525863583029,2.3187967986784406,27.8,0.1689033183660762,364.0,130.8493536808262
2025-07-08 02:00:00,4514,5.353899446622388,2.2945283342667375,27.9,0.4182461761861862,356.0,130.8493536808262
2025-07-08 03:00:00,4515,4.944202211546784,2.118943804948622,28.0,0.6087930917431343,352.0,130.8493536808262
2025-07-08 04:00:00,4516,4.820123282862436,2.065767121226758,28.1,0.8683215702426464,366.0,130.8493536808262
2025-07-08 05:00:00,4517,4.777860140325611,2.0476543458538337,28.1,1.1999024200267867,384.0,130.8493536808262
2025-07-08 06:00:00,4518,4.999885803692623,2.1428082015825525,28.2,1.5085717153495326,412.0,130.8493536808262
2025-07-08 07:00:00,4519,4.781167484719827,2.04907177916564,28.2,1.75286328766715,447.0,130.8493536808262
2025-07-08 08:00:00,4520,3.9821468309136283,1.7066343561058406,28.1,2.19310502193784,480.0,130.8493536808262
2025-07-08 09:00:00,4521,3.833117471530479,1.6427646306559198,28.0,2.7267861919809513,500.0,130.8493536808262
2025-07-08 10:00:00,4522,4.085348688326874,1.7508637235686606,27.9,2.216985114913165,504.0,130.8493536808262
2025-07-08 11:00:00,4523,3.804545654809357,1.6305195663468675,27.9,2.6816526458986347,502.0,130.8493536808262
2025-07-08 12:00:00,4524,3.7866181989845162,1.622836370993364,27.8,2.9836186707102996,502.0,130.8493536808262
2025-07-08 13:00:00,4525,3.770632528858986,1.6159853695109938,27.7,3.121700521316639,503.0,130.8493536808262
2025-07-08 14:00:00,4526,4.0330842939394485,1.7284646974026208,27.6,2.9837003657841157,502.0,130.8493536808262
2025-07-08 15:00:00,4527,3.9189033967326274,1.6795300271711262,27.6,2.720300259298874,502.0,130.8493536808262
2025-07-08 16:00:00,4528,4.054236965495301,1.7375301280694149,27.5,2.503985951261206,501.0,130.8493536808262
2025-07-08 17:00:00,4529,3.9852260719842834,1.7079540308504073,27.5,2.25801916192177,500.0,130.8493536808262
2025-07-08 18:00:00,4530,4.156199706206442,1.7812284455170466,27.5,2.124672604202071,499.0,130.8493536808262
2025-07-08 19:00:00,4531,5.024905546668686,2.153530948572294,27.5,2.0455847881007823,500.0,130.8493536808262
2025-07-08 20:00:00,4532,5.154730137127977,2.2091700587691325,27.5,1.9506439144521883,487.0,130.8493536808262
2025-07-08 21:00:00,4533,4.784149085591315,2.050349608110563,27.5,1.580773908485837,452.0,130.8493536808262
2025-07-08 22:00:00,4534,4.816831919315748,2.0643565368496057,27.4,1.3678634890517414,407.0,130.8493536808262
2025-07-08 23:00:00,4535,4.768486725308373,2.0436371679893024,27.4,0.9039021096840669,383.0,130.8493536808262
2025-07-09 00:00:00,4536,5.173046837076331,2.217020073032713,27.5,0.4911275342191783,368.0,130.8493536808262
2025-07-09 01:00:00,4537,5.14187385012681,2.203660221482919,27.5,0.4661461936344591,352.0,130.8493536808262
2025-07-09 02:00:00,4538,5.064252551967044,2.170393950843019,27.6,0.7771735969910845,347.0,130.8493536808262
2025-07-09 03:00:00,4539,4.730544576604311,2.0273762471161327,27.8,1.0380171156537028,344.0,130.8493536808262
2025-07-09 04:00:00,4540,4.799958073295938,2.057124888555402,27.9,1.3382918016672176,363.0,130.8493536808262
2025-07-09 05:00:00,4541,4.904078164799293,2.1017477849139827,28.0,1.7155966327032752,387.0,130.8493536808262
2025-07-09 06:00:00,4542,4.815172375871797,2.063645303945056,28.0,2.357223836336357,416.0,130.8493536808262
2025-07-09 07:00:00,4543,4.559810858520914,1.9542046536518198,28.0,2.9770650892155577,450.0,130.8493536808262
2025-07-09 08:00:00,4544,4.988582952004149,2.1379641222874923,28.0,3.251186590918413,481.0,130.8493536808262
2025-07-09 09:00:00,4545,5.528994916329063,2.3695692498553123,28.0,2.8480136900535866,500.0,130.8493536808262
2025-07-09 10:00:00,4546,5.320124406003254,2.280053316858537,28.0,1.4850236053278039,504.0,130.8493536808262
2025-07-09 11:00:00,4547,4.888829352284368,2.0952125795504437,28.0,1.4132400022831932,503.0,130.8493536808262
2025-07-09 12:00:00,4548,5.036326337430105,2.1584255731843305,28.0,1.437618880626413,502.0,130.8493536808262
2025-07-09 13:00:00,4549,5.245898491198197,2.248242210513513,28.0,1.641432431723977,502.0,130.8493536808262
2025-07-09 14:00:00,4550,5.169606347596435,2.215545577541329,27.9,1.5956040703449024,501.0,130.8493536808262
2025-07-09 15:00:00,4551,5.266279587382648,2.2569769660211345,27.9,1.3763253465428353,501.0,130.8493536808262
2025-07-09 16:00:00,4552,5.125375168564712,2.196589357956305,27.9,1.1556759587831626,498.0,130.8493536808262
2025-07-09 17:00:00,4553,5.151085470650552,2.2076080588502367,27.9,0.9066938806326935,498.0,130.8493536808262
2025-07-09 18:00:00,4554,5.402829325148138,2.315498282206345,27.9,0.5665467874979503,498.0,130.8493536808262
2025-07-09 19:00:00,4555,5.354716003065484,2.2948782870280646,27.9,0.47532463203445746,499.0,130.8493536808262
2025-07-09 20:00:00,4556,5.684238701910653,2.436102300818851,27.9,0.6365479543309446,487.0,130.8493536808262
2025-07-09 21:00:00,4557,5.7161458131917495,2.449776777082178,27.9,0.6590036592153982,455.0,130.8493536808262
2025-07-09 22:00:00,4558,5.6386548681669275,2.4165663720715407,27.9,0.6911517464040554,419.0,130.8493536808262
2025-07-09 23:00:00,4559,5.4941532503443895,2.3546371072904524,28.0,0.6252459575945928,400.0,130.8493536808262
2025-07-10 00:00:00,4560,5.930086979232376,2.541465848242447,28.0,0.49469710744359346,391.0,130.8493536808262
2025-07-10 01:00:00,4561,5.572897842589179,2.3883847896810764,28.1,0.11341491539146958,381.0,130.8493536808262
2025-07-10 02:00:00,4562,5.817411254923137,2.4931762521099157,28.2,0.0,373.0,130.8493536808262
2025-07-10 03:00:00,4563,5.790042547992632,2.4814468062825568,28.5,0.0,371.0,130.8493536808262
2025-07-10 04:00:00,4564,6.4967293363060925,2.784312572702611,28.6,0.4375967677722386,396.0,130.8493536808262
2025-07-10 05:00:00,4565,6.440423756371993,2.760181609873711,28.8,1.1587367262437767,431.0,130.8493536808262
2025-07-10 06:00:00,4566,6.361823578948854,2.726495819549509,28.8,1.8199107930954128,461.0,130.8493536808262
2025-07-10 07:00:00,4567,6.092675178295243,2.6111465049836755,28.8,0.7952408187934467,482.0,130.8493536808262
2025-07-10 08:00:00,4568,6.480101129669773,2.7771861984299027,28.8,0.6734065811824073,495.0,130.8493536808262
2025-07-10 09:00:00,4569,6.4482708100811,2.7635446328918998,28.7,0.22712247464738608,500.0,130.8493536808262
2025-07-10 10:00:00,4570,6.257200087537928,2.6816571803733975,28.6,0.17429375682074802,501.0,130.8493536808262
2025-07-10 11:00:00,4571,5.13097724504901,2.198990247878147,28.5,0.1160953714471184,500.0,130.8493536808262
2025-07-10 12:00:00,4572,5.801915987373139,2.4865354231599164,28.4,1.9784262689423506,499.0,130.8493536808262
2025-07-10 13:00:00,4573,5.702730357269157,2.444027295972496,28.4,4.643183769883167,498.0,130.8493536808262
2025-07-10 14:00:00,4574,6.231985153495957,2.6708507800696957,28.2,5.939278815248057,498.0,130.8493536808262
2025-07-10 15:00:00,4575,5.501210931312466,2.3576618277053423,28.2,5.6746646689624445,497.0,130.8493536808262
2025-07-10 16:00:00,4576,5.145308081977667,2.205132035133286,28.1,4.8764727303816295,496.0,130.8493536808262
2025-07-10 17:00:00,4577,6.371364179500583,2.7305846483573926,28.0,6.216898530636262,496.0,130.8493536808262
2025-07-10 18:00:00,4578,6.015807938890287,2.578203402381551,28.0,7.447425561554407,496.0,130.8493536808262
2025-07-10 19:00:00,4579,5.018587596655895,2.150823255709669,27.9,6.143252524753973,496.0,130.8493536808262
2025-07-10 20:00:00,4580,6.124650648306571,2.624850277845673,27.8,5.427714500344537,490.0,130.8493536808262
2025-07-10 21:00:00,4581,6.079272286601524,2.6054024085435104,27.8,6.710874477490016,475.0,130.8493536808262
2025-07-10 22:00:00,4582,6.4354319885500075,2.758042280807146,27.6,6.832216452355219,453.0,130.8493536808262
2025-07-10 23:00:00,4583,5.977568877911322,2.5618152333905666,27.6,7.1754959400529765,441.0,130.8493536808262
2025-07-11 00:00:00,4584,6.578463215444815,2.8193413780477776,27.5,8.447450915001683,435.0,130.8493536808262
2025-07-11 01:00:00,4585,6.321981430409876,2.7094206130328042,27.4,10.78621746208991,433.0,130.8493536808262
2025-07-11 02:00:00,4586,5.919007170065945,2.5367173585996907,27.4,14.027695514192821,427.0,130.8493536808262
2025-07-11 03:00:00,4587,5.472429369172506,2.3453268725025023,27.2,14.687268161072609,427.0,130.8493536808262
2025-07-11 04:00:00,4588,4.555548341739087,1.9523778607453228,27.1,11.984354526390216,441.0,130.8493536808262
2025-07-11 05:00:00,4589,6.032143861525264,2.5852045120822558,27.1,8.743146569921539,449.0,130.8493536808262
2025-07-11 06:00:00,4590,5.945193712540659,2.5479401625174254,27.0,9.646358891616677,459.0,130.8493536808262
2025-07-11 07:00:00,4591,5.805248397794939,2.4879635990549738,27.0,12.102654008724512,476.0,130.8493536808262
2025-07-11 08:00:00,4592,6.070618714297815,2.6016937346990634,26.9,12.498737511484176,491.0,130.8493536808262
2025-07-11 09:00:00,4593,6.077683583309046,2.604721535703877,26.8,11.021115639661751,498.0,130.8493536808262
2025-07-11 10:00:00,4594,6.092506675088439,2.6110742893236165,26.7,12.294212970505757,499.0,130.8493536808262
2025-07-11 11:00:00,4595,6.09889497539584,2.613812132312503,26.6,11.649157824229741,498.0,130.8493536808262
2025-07-11 12:00:00,4596,6.094122302741147,2.611766701174777,26.6,13.149222656753638,496.0,130.8493536808262
2025-07-11 13:00:00,4597,6.158298337134302,2.6392707159147006,26.5,14.593672486168469,496.0,130.8493536808262
2025-07-11 14:00:00,4598,5.698891660085293,2.4423821400365537,26.5,10.916231356945172,497.0,130.8493536808262
2025-07-11 15:00:00,4599,5.72219666210415,2.452369998044635,26.5,9.417150170669748,497.0,130.8493536808262
2025-07-11 16:00:00,4600,5.826011669200954,2.496862143943266,26.5,7.246898633447477,497.0,130.8493536808262
2025-07-11 17:00:00,4601,5.885717375385829,2.522450303736784,26.4,5.812727722647937,497.0,130.8493536808262
2025-07-11 18:00:00,4602,5.711545971668947,2.447805416429549,26.4,6.808788512888038,498.0,130.8493536808262
2025-07-11 19:00:00,4603,5.333254046810524,2.2856803057759385,26.4,8.11763966357759,498.0,130.8493536808262
2025-07-11 20:00:00,4604,5.84241708582082,2.5038930367803514,26.4,7.177212392152281,487.0,130.8493536808262
2025-07-11 21:00:00,4605,5.611902478460143,2.405101062197204,26.4,6.733814793368206,459.0,130.8493536808262
2025-07-11 22:00:00,4606,5.771911494488847,2.4736763547809346,26.4,5.8838300103157986,429.0,130.8493536808262
2025-07-11 23:00:00,4607,6.004527078167332,2.5733687477859992,26.4,5.03035934484657,404.0,130.8493536808262
2025-07-12 00:00:00,4608,6.003896488256041,2.5730984949668745,26.4,4.193788668931049,385.0,130.8493536808262
2025-07-12 01:00:00,4609,5.257767748515464,2.2533290350780555,26.5,4.2363075375706165,375.0,130.8493536808262
2025-07-12 02:00:00,4610,5.399687304956139,2.314151702124059,26.5,4.309144031418544,358.0,130.8493536808262
2025-07-12 03:00:00,4611,4.281375105838647,1.8348750453594198,26.6,4.039820761146871,353.0,130.8493536808262
2025-07-12 04:00:00,4612,3.722780772173615,1.5954774737886919,26.8,3.5619251273203414,368.0,130.8493536808262
2025-07-12 05:00:00,4613,5.035482206221715,2.1580638026664496,26.8,3.328054975608464,381.0,130.8493536808262
2025-07-12 06:00:00,4614,5.60738572099367,2.403165308997287,26.9,2.90278245176629,406.0,130.8493536808262
2025-07-12 07:00:00,4615,5.500127370000241,2.3571974442858177,26.9,2.308079084599143,447.0,130.8493536808262
2025-07-12 08:00:00,4616,5.675551564752242,2.4323792420366748,26.8,2.094402828748171,482.0,130.8493536808262
2025-07-12 09:00:00,4617,5.730089561010523,2.4557526690045095,26.8,2.0632259832206725,498.0,130.8493536808262
2025-07-12 10:00:00,4618,6.172545226035989,2.645376525443995,26.7,1.6094844341143326,501.0,130.8493536808262
2025-07-12 11:00:00,4619,5.4383239670895875,2.330710271609823,26.6,1.1497210440652925,500.0,130.8493536808262
2025-07-12 12:00:00,4620,6.08754242193231,2.6089467522567045,26.5,0.808280395497506,500.0,130.8493536808262
2025-07-12 13:00:00,4621,5.497334876575197,2.3560006613893703,26.5,0.6912360270088573,500.0,130.8493536808262
2025-07-12 14:00:00,4622,5.812364794279331,2.49101348326257,26.4,0.5897396342387912,500.0,130.8493536808262
2025-07-12 15:00:00,4623,5.900991036805841,2.528996158631075,26.3,0.5654542268596596,499.0,130.8493536808262
2025-07-12 16:00:00,4624,6.025195863165904,2.582226798499673,26.2,0.5340743657385587,499.0,130.8493536808262
2025-07-12 17:00:00,4625,5.84860631512074,2.5065455636231744,26.2,0.4911305542482472,499.0,130.8493536808262
2025-07-12 18:00:00,4626,5.832808650681616,2.4997751360064067,26.1,0.35666998109452974,500.0,130.8493536808262
2025-07-12 19:00:00,4627,5.353298634609844,2.294270843404219,26.1,0.23749227730744654,500.0,130.8493536808262
2025-07-12 20:00:00,4628,5.872327385916783,2.516711736821478,26.1,0.2514191738131598,489.0,130.8493536808262
2025-07-12 21:00:00,4629,5.913953036863834,2.5345513015130714,26.1,0.4247692822682692,448.0,130.8493536808262
2025-07-12 22:00:00,4630,5.902286549212445,2.529551378233905,26.1,0.3354975920483932,385.0,130.8493536808262
2025-07-12 23:00:00,4631,5.633446190724115,2.414334081738906,26.2,0.2940754669414511,326.0,130.8493536808262
2025-07-13 00:00:00,4632,5.685301666410381,2.43655785703302,26.3,0.6381198301138005,299.0,130.8493536808262
2025-07-13 01:00:00,4633,5.745237899032831,2.462244813871213,26.5,0.768211071112351,290.0,130.8493536808262
2025-07-13 02:00:00,4634,5.597451720603093,2.3989078802584682,26.7,0.624456734287772,284.0,130.8493536808262
2025-07-13 03:00:00,4635,5.759953002882845,2.468551286949791,27.0,0.7766016540745928,283.0,130.8493536808262
2025-07-13 04:00:00,4636,5.762475391633812,2.4696323107002045,27.2,0.8072681642902286,289.0,130.8493536808262
2025-07-13 05:00:00,4637,5.6939397923677575,2.440259911014753,27.5,1.0248985433233353,314.0,130.8493536808262
2025-07-13 06:00:00,4638,5.714066379346497,2.448885591148499,27.5,1.292685307375034,357.0,130.8493536808262
2025-07-13 07:00:00,4639,5.61726110133189,2.407397614856524,27.5,1.150658667882061,413.0,130.8493536808262
2025-07-13 08:00:00,4640,5.130868248085839,2.1989435348939312,27.5,1.303880307514859,469.0,130.8493536808262
2025-07-13 09:00:00,4641,4.906917104870299,2.102964473515842,27.4,1.6647538965176265,496.0,130.8493536808262
2025-07-13 10:00:00,4642,5.1623600209472595,2.2124400089773966,27.1,0.37474102364618617,501.0,130.8493536808262
2025-07-13 11:00:00,4643,5.191515785828765,2.224935336783756,27.0,0.24843548665202292,501.0,130.8493536808262
2025-07-13 12:00:00,4644,4.610028889526901,1.9757266669401004,26.9,0.2689024619224752,501.0,130.8493536808262
2025-07-13 13:00:00,4645,5.147252861803799,2.2059655122016277,26.8,0.26384546730749736,497.0,130.8493536808262
2025-07-13 14:00:00,4646,4.670999145921638,2.001856776823559,26.8,0.8528348855073584,497.0,130.8493536808262
2025-07-13 15:00:00,4647,5.123219913142638,2.1956656770611302,26.6,1.1417044937312646,497.0,130.8493536808262
2025-07-13 16:00:00,4648,5.1875472154790705,2.2232345209196014,26.6,0.8528348855073584,497.0,130.8493536808262
2025-07-13 17:00:00,4649,5.156910304943249,2.2101044164042496,26.5,1.7527091566968291,496.0,130.8493536808262
2025-07-13 18:00:00,4650,5.250927143047532,2.2503973470203706,26.5,2.959712910556285,496.0,130.8493536808262
2025-07-13 19:00:00,4651,5.753557027804325,2.465810154773282,26.5,5.877266427067363,495.0,130.8493536808262
2025-07-13 20:00:00,4652,6.097358504226077,2.6131536446683183,26.4,6.973142141814257,485.0,130.8493536808262
2025-07-13 21:00:00,4653,5.299262700575286,2.2711125859608368,26.4,8.951817584159286,460.0,130.8493536808262
2025-07-13 22:00:00,4654,5.046220370114492,2.1626658729062105,26.4,4.939756618888911,431.0,130.8493536808262
2025-07-13 23:00:00,4655,5.7249472478562815,2.4535488205098344,26.4,5.106601018166738,412.0,130.8493536808262
2025-07-14 00:00:00,4656,5.807171391063287,2.488787739027123,26.4,5.846561720744333,417.0,130.8493536808262
2025-07-14 01:00:00,4657,5.659260075498183,2.4253971752135075,26.4,1.279078327210974,403.0,130.8493536808262
2025-07-14 02:00:00,4658,5.2831058509236986,2.264188221824442,26.4,0.3785458247479916,394.0,130.8493536808262
2025-07-14 03:00:00,4659,4.980227384102596,2.1343831646153983,26.5,0.35516268310722,386.0,130.8493536808262
2025-07-14 04:00:00,4660,4.691065040297692,2.010456445841868,26.5,2.421394021185116,401.0,130.8493536808262
2025-07-14 05:00:00,4661,4.898190808021846,2.099224632009362,26.5,14.756913773273624,418.0,130.8493536808262
2025-07-14 06:00:00,4662,4.54956876003796,1.9498151828734116,26.5,13.478638282177238,432.0,130.8493536808262
2025-07-14 07:00:00,4663,4.473998572608987,1.9174279596895658,26.4,15.0,453.0,130.8493536808262
2025-07-14 08:00:00,4664,3.887785494747921,1.6661937834633946,26.2,15.0,478.0,130.8493536808262
2025-07-14 09:00:00,4665,4.2661507477178,1.8283503204504858,26.0,15.0,497.0,130.8493536808262
2025-07-14 10:00:00,4666,4.262394926781713,1.8267406829064485,25.9,13.389307464455811,501.0,130.8493536808262
2025-07-14 11:00:00,4667,4.437445559952792,1.9017623828369108,25.7,13.703936933553726,500.0,130.8493536808262
2025-07-14 12:00:00,4668,5.09702059824421,2.184437399247519,25.6,15.0,499.0,130.8493536808262
2025-07-14 13:00:00,4669,5.171884738169192,2.2165220306439397,25.5,15.0,498.0,130.8493536808262
2025-07-14 14:00:00,4670,5.065009347491005,2.1707182917818586,25.5,15.0,497.0,130.8493536808262
2025-07-14 15:00:00,4671,5.207667268222959,2.2318574006669825,25.5,15.0,495.0,130.8493536808262
2025-07-14 16:00:00,4672,5.182149222378415,2.220921095305035,25.5,15.0,494.0,130.8493536808262
2025-07-14 17:00:00,4673,5.316846696470777,2.278648584201761,25.5,15.0,493.0,130.8493536808262
2025-07-14 18:00:00,4674,5.30091698351349,2.271821564362924,25.5,15.0,493.0,130.8493536808262
2025-07-14 19:00:00,4675,5.230985675520051,2.241851003794307,25.5,15.0,493.0,130.8493536808262
2025-07-14 20:00:00,4676,5.025708658253996,2.1538751392517126,25.5,15.0,487.0,130.8493536808262
2025-07-14 21:00:00,4677,5.169144343978912,2.215347575990962,25.5,15.0,471.0,130.8493536808262
2025-07-14 22:00:00,4678,5.063292049708428,2.169982307017898,25.5,15.0,458.0,130.8493536808262
2025-07-14 23:00:00,4679,5.28055971120622,2.26309701908838,25.5,15.0,456.0,130.8493536808262
2025-07-15 00:00:00,4680,5.632138041736008,2.4137734464582885,25.5,15.0,448.0,130.8493536808262
2025-07-15 01:00:00,4681,5.174341277311554,2.217574833133523,25.5,15.0,443.0,130.8493536808262
2025-07-15 02:00:00,4682,5.008432654446674,2.146471137620003,25.5,15.0,447.0,130.8493536808262
2025-07-15 03:00:00,4683,4.57999643190522,1.9628556136736655,25.5,15.0,450.0,130.8493536808262
2025-07-15 04:00:00,4684,4.073441596701096,1.7457606843004696,25.6,15.0,453.0,130.8493536808262
2025-07-15 05:00:00,4685,4.305332206598246,1.8451423742563908,25.6,15.0,460.0,130.8493536808262
2025-07-15 06:00:00,4686,4.249136661110664,1.8210585690474275,25.6,15.0,469.0,130.8493536808262
2025-07-15 07:00:00,4687,4.402261954252386,1.8866836946795937,25.6,15.0,479.0,130.8493536808262
2025-07-15 08:00:00,4688,4.707353586037494,2.017437251158926,25.6,15.0,491.0,130.8493536808262
2025-07-15 09:00:00,4689,4.415712876730116,1.892448375741478,25.6,15.0,499.0,130.8493536808262
2025-07-15 10:00:00,4690,4.074292283094422,1.7461252641833236,25.6,13.299816139187671,500.0,130.8493536808262
2025-07-15 11:00:00,4691,4.935044661144632,2.1150191404905567,25.6,15.0,500.0,130.8493536808262
2025-07-15 12:00:00,4692,4.148596259895009,1.7779698256692893,25.6,15.0,498.0,130.8493536808262
2025-07-15 13:00:00,4693,4.82185256285986,2.066508241225654,25.6,15.0,498.0,130.8493536808262
2025-07-15 14:00:00,4694,4.8081090888035405,2.0606181809158026,25.6,15.0,496.0,130.8493536808262
2025-07-15 15:00:00,4695,5.460854990490443,2.340366424495904,25.6,15.0,496.0,130.8493536808262
2025-07-15 16:00:00,4696,4.985290432435018,2.1365530424721504,25.6,14.2048237657533,495.0,130.8493536808262
2025-07-15 17:00:00,4697,4.90700003815175,2.10300001635075,25.6,14.18879118497683,496.0,130.8493536808262
2025-07-15 18:00:00,4698,4.627927395905173,1.9833974553879312,25.6,15.0,497.0,130.8493536808262
2025-07-15 19:00:00,4699,4.701081885709868,2.0147493795899436,25.6,15.0,497.0,130.8493536808262
2025-07-15 20:00:00,4700,4.563181585580458,1.9556492509630532,25.6,15.0,488.0,130.8493536808262
2025-07-15 21:00:00,4701,5.098132404781611,2.1849138877635474,25.6,15.0,458.0,130.8493536808262
2025-07-15 22:00:00,4702,4.866550885578041,2.085664665247732,25.6,9.960581931198334,430.0,130.8493536808262
2025-07-15 23:00:00,4703,4.800904248984511,2.057530392421933,25.6,15.0,423.0,130.8493536808262
2025-07-16 00:00:00,4704,3.6654280980158207,1.5708977562924946,25.6,15.0,420.0,130.8493536808262
2025-07-16 01:00:00,4705,4.135267791936823,1.772257625115781,25.7,15.0,411.0,130.8493536808262
2025-07-16 02:00:00,4706,3.96427950076241,1.6989769288981758,25.9,15.0,411.0,130.8493536808262
2025-07-16 03:00:00,4707,4.002726902757523,1.7154543868960814,26.0,15.0,405.0,130.8493536808262
2025-07-16 04:00:00,4708,3.874280729937146,1.6604060271159196,26.0,15.0,414.0,130.8493536808262
2025-07-16 05:00:00,4709,3.8390956305663084,1.6453266988141322,26.2,14.146910202350963,429.0,130.8493536808262
2025-07-16 06:00:00,4710,3.655067581660087,1.5664575349971799,26.2,12.091412046029564,446.0,130.8493536808262
2025-07-16 07:00:00,4711,3.9316649234835968,1.6849992529215416,26.3,10.732045586516449,471.0,130.8493536808262
2025-07-16 08:00:00,4712,4.35584721330201,1.8667916628437182,26.3,10.077167864984315,488.0,130.8493536808262
2025-07-16 09:00:00,4713,4.442705474130529,1.9040166317702263,26.3,10.156009276570334,500.0,130.8493536808262
2025-07-16 10:00:00,4714,4.503169926984412,1.929929968707605,26.3,15.0,502.0,130.8493536808262
2025-07-16 11:00:00,4715,4.605255179378961,1.9736807911624115,26.3,15.0,501.0,130.8493536808262
2025-07-16 12:00:00,4716,4.426491951329515,1.8970679791412208,26.3,15.0,501.0,130.8493536808262
2025-07-16 13:00:00,4717,5.155890411351471,2.2096673191506304,26.3,15.0,501.0,130.8493536808262
2025-07-16 14:00:00,4718,5.407895811960259,2.3176696336972538,26.3,15.0,500.0,130.8493536808262
2025-07-16 15:00:00,4719,4.8667711809213605,2.085759077537726,26.3,15.0,498.0,130.8493536808262
2025-07-16 16:00:00,4720,4.8230853257502995,2.0670365681786995,26.3,15.0,497.0,130.8493536808262
2025-07-16 17:00:00,4721,5.064818014962646,2.170636292126848,26.3,15.0,498.0,130.8493536808262
2025-07-16 18:00:00,4722,5.702616078574014,2.443978319388863,26.3,14.726728761229014,498.0,130.8493536808262
2025-07-16 19:00:00,4723,5.866696585100065,2.5142985364714563,26.3,12.87547946221738,496.0,130.8493536808262
2025-07-16 20:00:00,4724,5.710255768306501,2.4472524721313573,26.3,12.884775255309362,488.0,130.8493536808262
2025-07-16 21:00:00,4725,5.373639734459072,2.302988457625317,26.3,12.412755113220703,458.0,130.8493536808262
2025-07-16 22:00:00,4726,5.566329915323575,2.385569963710103,26.3,9.822922382867715,428.0,130.8493536808262
2025-07-16 23:00:00,4727,5.217548783165846,2.2360923356425055,26.4,8.46106278517626,408.0,130.8493536808262
2025-07-17 00:00:00,4728,5.5504764045017705,2.37877560192933,26.4,7.181399145180136,390.0,130.8493536808262
2025-07-17 01:00:00,4729,5.761724009597279,2.469310289827405,26.4,7.417889714906252,374.0,130.8493536808262
2025-07-17 02:00:00,4730,5.245045869218343,2.2478768010935752,26.4,7.617517407439987,365.0,130.8493536808262
2025-07-17 03:00:00,4731,5.053024988630981,2.165582137984706,26.5,6.431761506345917,357.0,130.8493536808262
2025-07-17 04:00:00,4732,4.612376090601261,1.976732610257683,26.5,5.603939303137107,371.0,130.8493536808262
2025-07-17 05:00:00,4733,5.330660699395286,2.284568871169408,26.5,5.182443910392373,390.0,130.8493536808262
2025-07-17 06:00:00,4734,5.0463072000292115,2.1627030857268044,26.5,4.162045269129383,413.0,130.8493536808262
2025-07-17 07:00:00,4735,5.100145724769236,2.1857767391868155,26.5,2.8901094437337616,449.0,130.8493536808262
2025-07-17 08:00:00,4736,4.286358644881604,1.8370108478064016,26.6,1.925720994111502,481.0,130.8493536808262
2025-07-17 09:00:00,4737,4.595781179132601,1.9696205053425433,26.6,2.1931184245977664,500.0,130.8493536808262
2025-07-17 10:00:00,4738,4.597147171288561,1.9702059305522404,26.6,1.3795019285487384,503.0,130.8493536808262
2025-07-17 11:00:00,4739,4.378200615115862,1.876371692192512,26.6,1.8384989543330985,503.0,130.8493536808262
2025-07-17 12:00:00,4740,4.638938519880924,1.9881165085203958,26.6,2.1528133418702757,502.0,130.8493536808262
2025-07-17 13:00:00,4741,5.1622444878502165,2.2123904947929494,26.6,2.4547200241273903,501.0,130.8493536808262
2025-07-17 14:00:00,4742,4.988755686290249,2.1380381512672493,26.6,2.7524052777509644,500.0,130.8493536808262
2025-07-17 15:00:00,4743,5.224890599717579,2.239238828450391,26.6,3.2598619643495454,499.0,130.8493536808262
2025-07-17 16:00:00,4744,4.9640984921488105,2.1274707823494903,26.5,3.6582440100481435,498.0,130.8493536808262
2025-07-17 17:00:00,4745,4.985520271600587,2.1366515449716803,26.5,3.6970521856852607,498.0,130.8493536808262
2025-07-17 18:00:00,4746,5.1730312738396,2.217013403074114,26.5,3.6690397718485066,499.0,130.8493536808262
2025-07-17 19:00:00,4747,5.353389445632585,2.2943097624139646,26.5,3.9877423713712283,500.0,130.8493536808262
2025-07-17 20:00:00,4748,4.901196289496323,2.100512695498424,26.5,4.2164388082973385,485.0,130.8493536808262
2025-07-17 21:00:00,4749,4.7208563046976355,2.0232241305847007,26.5,4.020638463025189,439.0,130.8493536808262
2025-07-17 22:00:00,4750,4.873886065253398,2.0888083136800275,26.5,1.6914992545498304,388.0,130.8493536808262
2025-07-17 23:00:00,4751,5.157476902180523,2.2103472437916527,26.5,1.7075389291969763,361.0,130.8493536808262
2025-07-18 00:00:00,4752,5.253770661245968,2.251615997676843,26.6,1.5174677394164777,347.0,130.8493536808262
2025-07-18 01:00:00,4753,5.484550673216738,2.3505217170928874,26.6,1.4017563061379776,337.0,130.8493536808262
2025-07-18 02:00:00,4754,4.959566507109882,2.1255285030470925,26.7,0.8679633012434241,331.0,130.8493536808262
2025-07-18 03:00:00,4755,4.958715344442492,2.1251637190467823,26.8,0.7472146284131401,334.0,130.8493536808262
2025-07-18 04:00:00,4756,4.456729817981707,1.9100270648493032,26.9,1.0247094149663964,355.0,130.8493536808262
2025-07-18 05:00:00,4757,4.33213083674471,1.8566275014620184,26.9,1.2337287380800626,379.0,130.8493536808262
2025-07-18 06:00:00,4758,4.136965738248726,1.772985316392311,27.0,1.205864398839207,405.0,130.8493536808262
2025-07-18 07:00:00,4759,4.428748250261029,1.898034964397584,27.0,1.0726187117018342,444.0,130.8493536808262
2025-07-18 08:00:00,4760,4.596143318048934,1.9697757077352578,27.0,1.201449928201108,479.0,130.8493536808262
2025-07-18 09:00:00,4761,4.854590277629805,2.0805386904127734,27.0,1.8023439652959146,499.0,130.8493536808262
2025-07-18 10:00:00,4762,5.032876183271044,2.15694693568759,26.9,1.1010597604019028,503.0,130.8493536808262
2025-07-18 11:00:00,4763,5.174657098490103,2.2177101850671868,26.9,1.4199407458795144,502.0,130.8493536808262
2025-07-18 12:00:00,4764,5.102572933054476,2.186816971309061,26.9,1.4440125811622182,501.0,130.8493536808262
2025-07-18 13:00:00,4765,5.061560797231703,2.1692403416707298,26.9,1.646433427032692,501.0,130.8493536808262
2025-07-18 14:00:00,4766,5.08720339728937,2.18023002740973,26.8,2.032022926586064,500.0,130.8493536808262
2025-07-18 15:00:00,4767,5.299300857745101,2.2711289390336145,26.8,2.744930168447876,499.0,130.8493536808262
2025-07-18 16:00:00,4768,5.352168342616574,2.2937864325499597,26.8,2.616492855841168,499.0,130.8493536808262
2025-07-18 17:00:00,4769,5.375568309921503,2.3038149899663583,26.8,2.5673712708357863,500.0,130.8493536808262
2025-07-18 18:00:00,4770,5.022411198677653,2.1524619422904223,26.8,1.9636891456545595,500.0,130.8493536808262
2025-07-18 19:00:00,4771,5.275294210152829,2.2608403757797837,26.8,1.9250085635575118,500.0,130.8493536808262
2025-07-18 20:00:00,4772,4.888392886864882,2.0950255229420924,26.8,1.7382054174581292,487.0,130.8493536808262
2025-07-18 21:00:00,4773,5.020521784331709,2.151652193285018,26.9,1.397705807945913,441.0,130.8493536808262
2025-07-18 22:00:00,4774,5.08703037982125,2.18015587706625,26.9,0.5174172831088873,375.0,130.8493536808262
2025-07-18 23:00:00,4775,4.915497118101488,2.106641622043495,26.9,0.4568189407791457,330.0,130.8493536808262
2025-07-19 00:00:00,4776,4.777685281190456,2.047579406224481,26.9,0.3271285981582294,307.0,130.8493536808262
2025-07-19 01:00:00,4777,4.827818331856224,2.0690649993669528,27.0,0.3080180783362107,292.0,130.8493536808262
2025-07-19 02:00:00,4778,4.5906818328669114,1.9674350712286763,27.0,0.27570214949244426,285.0,130.8493536808262
2025-07-19 03:00:00,4779,4.9959015302406815,2.1411006558174344,27.1,0.2643355095040003,295.0,130.8493536808262
2025-07-19 04:00:00,4780,4.875600204745741,2.0895429448910314,27.1,0.4895555112087072,311.0,130.8493536808262
2025-07-19 05:00:00,4781,4.869130099650341,2.086770042707289,27.2,0.8496153250423344,337.0,130.8493536808262
2025-07-19 06:00:00,4782,4.400610755972777,1.8859760382740474,27.2,0.9313097945228895,377.0,130.8493536808262
2025-07-19 07:00:00,4783,4.334120981981391,1.8574804208491673,27.2,1.0644581574245866,427.0,130.8493536808262
2025-07-19 08:00:00,4784,4.672418606194565,2.002465116940528,27.2,1.4234375836542799,474.0,130.8493536808262
2025-07-19 09:00:00,4785,4.268833240130732,1.8294999600560278,27.2,1.6221641557271398,498.0,130.8493536808262
2025-07-19 10:00:00,4786,4.488443786058363,1.9236187654535837,27.1,1.08543967970886,502.0,130.8493536808262
2025-07-19 11:00:00,4787,4.899564090495975,2.099813181641132,27.1,1.7918089818527492,501.0,130.8493536808262
2025-07-19 12:00:00,4788,4.603673084212131,1.9730027503766276,27.1,2.021451637368858,500.0,130.8493536808262
2025-07-19 13:00:00,4789,5.493869864975441,2.354515656418046,27.1,2.074544643593022,501.0,130.8493536808262
2025-07-19 14:00:00,4790,4.99593310480455,2.1411141877733786,27.0,2.024144695008675,500.0,130.8493536808262
2025-07-19 15:00:00,4791,5.354809194468158,2.294918226200639,27.0,1.9021408836701608,499.0,130.8493536808262
2025-07-19 16:00:00,4792,5.1541023367350025,2.2089010014578583,27.0,1.7285267001167566,499.0,130.8493536808262
2025-07-19 17:00:00,4793,5.851083624873869,2.5076072678030865,27.0,1.6596374795467324,499.0,130.8493536808262
2025-07-19 18:00:00,4794,5.6058084314035845,2.402489327744393,27.0,1.5783972940895208,498.0,130.8493536808262
2025-07-19 19:00:00,4795,5.84088711159302,2.503237333539866,27.0,1.680771838528829,498.0,130.8493536808262
2025-07-19 20:00:00,4796,6.172994093461096,2.6455688971976126,27.0,1.8968646050555398,486.0,130.8493536808262
2025-07-19 21:00:00,4797,6.218914952776771,2.6652492654757585,27.0,2.172791778376438,436.0,130.8493536808262
2025-07-19 22:00:00,4798,6.12319991180905,2.62422853363245,27.0,3.1674519773472163,368.0,130.8493536808262
2025-07-19 23:00:00,4799,6.097778230076987,2.613333527175851,27.0,3.427553032246335,320.0,130.8493536808262
2025-07-20 00:00:00,4800,5.87395145309967,2.5174077656141445,27.1,3.009000065664121,294.0,130.8493536808262
2025-07-20 01:00:00,4801,5.42090704389624,2.3232458759555312,27.1,2.3955852304204,276.0,130.8493536808262
2025-07-20 02:00:00,4802,4.75664308748588,2.038561323208234,27.2,1.9199766590351999,273.0,130.8493536808262
2025-07-20 03:00:00,4803,4.638423866137815,1.9878959426304923,27.2,1.706603501829512,281.0,130.8493536808262
2025-07-20 04:00:00,4804,4.525318790371319,1.9394223387305651,27.3,1.7423263239492952,295.0,130.8493536808262
2025-07-20 05:00:00,4805,4.556456638455702,1.9527671307667296,27.4,2.3340602051930315,324.0,130.8493536808262
2025-07-20 06:00:00,4806,4.176023361410329,1.7897242977472836,27.4,2.802982699004141,369.0,130.8493536808262
2025-07-20 07:00:00,4807,3.917647066504597,1.6789915999305416,27.4,3.071027545189603,422.0,130.8493536808262
2025-07-20 08:00:00,4808,4.039775758257959,1.7313324678248396,27.4,3.0470691694627385,471.0,130.8493536808262
2025-07-20 09:00:00,4809,4.570744773439904,1.9588906171885303,27.4,3.5921605270413255,497.0,130.8493536808262
2025-07-20 10:00:00,4810,4.044677579319968,1.7334332482799861,27.4,2.098778488437799,502.0,130.8493536808262
2025-07-20 11:00:00,4811,4.693474204667732,2.0114889448575997,27.4,2.5361679270929347,502.0,130.8493536808262
2025-07-20 12:00:00,4812,4.32602380625282,1.8540102026797798,27.4,2.794184810925832,501.0,130.8493536808262
2025-07-20 13:00:00,4813,4.990752289844899,2.138893838504957,27.4,3.4046480835507773,500.0,130.8493536808262
2025-07-20 14:00:00,4814,4.943543246463683,2.118661391341578,27.3,3.7997244033275597,500.0,130.8493536808262
2025-07-20 15:00:00,4815,5.0519722293789275,2.1651309554481117,27.3,4.249486815676153,497.0,130.8493536808262
2025-07-20 16:00:00,4816,4.557610238610433,1.9532615308330428,27.2,4.947796925588641,498.0,130.8493536808262
2025-07-20 17:00:00,4817,4.673356011928044,2.002866862254876,27.2,4.976408201457485,496.0,130.8493536808262
2025-07-20 18:00:00,4818,4.741536556101653,2.0320870954721366,27.2,4.667871640781326,497.0,130.8493536808262
2025-07-20 19:00:00,4819,4.375817373651187,1.8753503029933656,27.2,4.498146268276525,498.0,130.8493536808262
2025-07-20 20:00:00,4820,4.206201623346624,1.8026578385771246,27.2,3.984782035545174,487.0,130.8493536808262
2025-07-20 21:00:00,4821,4.114128481707988,1.763197920731995,27.3,3.6545079412067314,444.0,130.8493536808262
2025-07-20 22:00:00,4822,3.9923395667553425,1.7110026714665754,27.4,3.9218550871103006,385.0,130.8493536808262
2025-07-20 23:00:00,4823,4.114246739258796,1.763248602539484,27.4,3.5937893725072914,347.0,130.8493536808262
2025-07-21 00:00:00,4824,4.3575061009885,1.8675026147093572,27.4,3.0099164295372773,324.0,130.8493536808262
2025-07-21 01:00:00,4825,5.085935209214655,2.1796865182348517,27.5,2.6045391386927284,311.0,130.8493536808262
2025-07-21 02:00:00,4826,4.091535683957499,1.7535152931246423,27.5,2.5866824541567475,306.0,130.8493536808262
2025-07-21 03:00:00,4827,4.3183432597373175,1.8507185398874215,27.6,2.5296916236730125,311.0,130.8493536808262
2025-07-21 04:00:00,4828,4.27857460282444,1.8336748297819025,27.6,2.2273045113686165,330.0,130.8493536808262
2025-07-21 05:00:00,4829,4.208216320739238,1.8035212803168164,27.7,2.3298375248073953,358.0,130.8493536808262
2025-07-21 06:00:00,4830,4.192301604752131,1.7967006877509129,27.8,3.131224630948043,395.0,130.8493536808262
2025-07-21 07:00:00,4831,4.2230818066335765,1.8098922028429612,27.8,4.231595839253559,441.0,130.8493536808262
2025-07-21 08:00:00,4832,4.584937577154081,1.9649732473517487,27.8,4.127602449892267,479.0,130.8493536808262
2025-07-21 09:00:00,4833,4.227142902584191,1.8116326725360818,27.8,4.046367560679167,498.0,130.8493536808262
2025-07-21 10:00:00,4834,4.553890751444502,1.9516674649047867,27.7,5.069157209129228,502.0,130.8493536808262
2025-07-21 11:00:00,4835,4.4654245707556495,1.913753387466707,27.6,5.139446292292782,501.0,130.8493536808262
2025-07-21 12:00:00,4836,4.308563943788314,1.8465274044807058,27.6,5.13019334301129,500.0,130.8493536808262
2025-07-21 13:00:00,4837,4.974858631063216,2.1320822704556637,27.6,5.5202675311512355,499.0,130.8493536808262
2025-07-21 14:00:00,4838,4.615607085601129,1.9781173224004835,27.6,5.811081071034838,499.0,130.8493536808262
2025-07-21 15:00:00,4839,4.71417172992286,2.0203593128240827,27.6,5.878676042653548,497.0,130.8493536808262
2025-07-21 16:00:00,4840,4.536979755549266,1.9444198952354,27.5,5.399556579209619,497.0,130.8493536808262
2025-07-21 17:00:00,4841,4.63154137050125,1.9849463016433924,27.5,4.7861154500719705,497.0,130.8493536808262
2025-07-21 18:00:00,4842,4.53454044704975,1.9433744773070356,27.5,3.7545295274843644,498.0,130.8493536808262
2025-07-21 19:00:00,4843,4.334497044465756,1.8576415904853243,27.5,3.010646002054168,498.0,130.8493536808262
2025-07-21 20:00:00,4844,4.553713814270298,1.9515916346872706,27.5,2.9844140603955926,488.0,130.8493536808262
2025-07-21 21:00:00,4845,4.328109209484453,1.8549039469219084,27.6,3.02531586172488,451.0,130.8493536808262
2025-07-21 22:00:00,4846,4.284980223879336,1.836420095948287,27.6,2.770498730437226,409.0,130.8493536808262
2025-07-21 23:00:00,4847,4.229871010226113,1.8128018615254766,27.6,2.947134122794219,375.0,130.8493536808262
2025-07-22 00:00:00,4848,4.700103108545985,2.014329903662565,27.6,1.9753725681438192,356.0,130.8493536808262
2025-07-22 01:00:00,4849,4.504058729610206,1.9303108841186596,27.7,1.6579662852464465,344.0,130.8493536808262
2025-07-22 02:00:00,4850,4.142081475940067,1.775177775402886,27.8,1.5437683062736653,340.0,130.8493536808262
2025-07-22 03:00:00,4851,3.7216833185569076,1.595007136524389,27.8,1.6445986141288682,341.0,130.8493536808262
2025-07-22 04:00:00,4852,3.6865576247321066,1.5799532677423314,27.9,1.9753725681438192,365.0,130.8493536808262
2025-07-22 05:00:00,4853,3.697252909737088,1.584536961315895,27.9,2.624992907607684,396.0,130.8493536808262
2025-07-22 06:00:00,4854,3.8005571000933234,1.6288101857542816,28.0,3.967214978381723,431.0,130.8493536808262
2025-07-22 07:00:00,4855,4.125673355572323,1.7681457238167095,28.0,4.24755951207102,465.0,130.8493536808262
2025-07-22 08:00:00,4856,4.1248124324456406,1.7677767567624174,28.0,3.726542602565849,491.0,130.8493536808262
2025-07-22 09:00:00,4857,3.9922173587348766,1.7109502966006616,28.0,3.3730762737395446,503.0,130.8493536808262
2025-07-22 10:00:00,4858,4.074338392461675,1.7461450253407178,27.9,3.0641110659513493,503.0,130.8493536808262
2025-07-22 11:00:00,4859,3.9351001718977234,1.6864715022418815,27.9,3.2271958166344747,501.0,130.8493536808262
2025-07-22 12:00:00,4860,4.071042137314748,1.7447323445634637,27.9,2.4923159240726345,501.0,130.8493536808262
2025-07-22 13:00:00,4861,4.352463962734525,1.8653416983147966,27.9,2.211362861637151,500.0,130.8493536808262
2025-07-22 14:00:00,4862,4.112325286428873,1.7624251227552312,27.8,2.796139835787161,500.0,130.8493536808262
2025-07-22 15:00:00,4863,4.361226475419651,1.869097060894136,27.8,3.7383036369746723,499.0,130.8493536808262
2025-07-22 16:00:00,4864,4.045474191478764,1.7337746534908989,27.8,4.399633734598158,499.0,130.8493536808262
2025-07-22 17:00:00,4865,4.077319071128161,1.747422459054926,27.8,4.446944961633183,500.0,130.8493536808262
2025-07-22 18:00:00,4866,4.379462478639832,1.8769124908456418,27.8,4.050496020618265,499.0,130.8493536808262
2025-07-22 19:00:00,4867,4.1005058730358135,1.7573596598724912,27.8,3.8084591890960264,498.0,130.8493536808262
2025-07-22 20:00:00,4868,3.8004555280881838,1.6287666548949358,27.8,3.405379329622826,488.0,130.8493536808262
2025-07-22 21:00:00,4869,4.1907794580690645,1.7960483391724562,27.8,3.2997197708013184,446.0,130.8493536808262
2025-07-22 22:00:00,4870,3.899761261000623,1.6713262547145527,27.8,2.8107191142701775,397.0,130.8493536808262
2025-07-22 23:00:00,4871,4.005383727405069,1.7165930260307436,27.8,2.4582072956719405,368.0,130.8493536808262
2025-07-23 00:00:00,4872,4.313863258554652,1.8487985393805648,27.8,1.4286585599451354,355.0,130.8493536808262
2025-07-23 01:00:00,4873,4.23009553522167,1.8128980865235729,27.9,0.9228093594762526,344.0,130.8493536808262
2025-07-23 02:00:00,4874,4.444474894928463,1.9047749549693411,27.9,0.4163110456161553,340.0,130.8493536808262
2025-07-23 03:00:00,4875,4.9170326361974155,2.1072997012274635,28.0,0.5442856234654557,344.0,130.8493536808262
2025-07-23 04:00:00,4876,4.404458834550952,1.8876252148075505,28.0,0.8655736459189644,371.0,130.8493536808262
2025-07-23 05:00:00,4877,4.328223737761542,1.854953030469232,28.1,1.5519379733295309,401.0,130.8493536808262
2025-07-23 06:00:00,4878,4.5409212426017005,1.9461091039721572,28.1,2.289200393483933,432.0,130.8493536808262
2025-07-23 07:00:00,4879,4.237875921593984,1.816232537825993,28.1,2.665339660621919,466.0,130.8493536808262
2025-07-23 08:00:00,4880,4.299762116510992,1.8427551927904253,28.1,2.977556242918172,489.0,130.8493536808262
2025-07-23 09:00:00,4881,4.0324215601253695,1.7281806686251584,28.1,2.777652539993644,502.0,130.8493536808262
2025-07-23 10:00:00,4882,3.928446376959804,1.6836198758399157,28.0,2.279498771115916,504.0,130.8493536808262
2025-07-23 11:00:00,4883,4.4584154607870214,1.9107494831944378,28.0,3.3627068336948054,502.0,130.8493536808262
2025-07-23 12:00:00,4884,4.348680495129801,1.8637202121984862,28.0,3.2974750077429045,502.0,130.8493536808262
2025-07-23 13:00:00,4885,4.653810784260957,1.9944903361118382,28.0,3.9258562699466264,501.0,130.8493536808262
2025-07-23 14:00:00,4886,4.505795320703349,1.9310551374442924,28.0,4.340071849640939,501.0,130.8493536808262
2025-07-23 15:00:00,4887,4.810902497229883,2.061815355955664,28.0,5.248612855056717,500.0,130.8493536808262
2025-07-23 16:00:00,4888,4.834177992363504,2.071790568155787,28.0,5.42703431944783,498.0,130.8493536808262
2025-07-23 17:00:00,4889,4.899872101377202,2.099945186304515,28.0,5.116171359750462,499.0,130.8493536808262
2025-07-23 18:00:00,4890,4.778672578544011,2.048002533661719,28.0,4.5547694246795185,499.0,130.8493536808262
2025-07-23 19:00:00,4891,5.060332383137011,2.16871387848729,28.0,4.006268649476545,499.0,130.8493536808262
2025-07-23 20:00:00,4892,5.131670852679317,2.199287508291136,28.0,3.847710884799479,488.0,130.8493536808262
2025-07-23 21:00:00,4893,4.757307847444094,2.0388462203331836,28.0,3.5435052643484397,445.0,130.8493536808262
2025-07-23 22:00:00,4894,4.688516071454551,2.0093640306233786,28.0,2.4771603831401396,397.0,130.8493536808262
2025-07-23 23:00:00,4895,5.266769139733935,2.2571867741716862,28.0,1.4600632580516242,371.0,130.8493536808262
2025-07-24 00:00:00,4896,5.195221197805541,2.226523370488089,28.0,0.7415304067582373,359.0,130.8493536808262
2025-07-24 01:00:00,4897,5.432237336942702,2.3281017158325863,28.1,0.4371643754349169,346.0,130.8493536808262
2025-07-24 02:00:00,4898,4.397881598168799,1.8848063992151995,28.1,0.3490929410935403,342.0,130.8493536808262
2025-07-24 03:00:00,4899,5.089155494257255,2.1810666403959664,28.2,0.7267078147560827,343.0,130.8493536808262
2025-07-24 04:00:00,4900,5.627471426231535,2.4117734683849434,28.2,1.5218677446878761,366.0,130.8493536808262
2025-07-24 05:00:00,4901,5.586185597865149,2.3940795419422063,28.3,2.7099951194937892,398.0,130.8493536808262
2025-07-24 06:00:00,4902,5.139726179181647,2.2027397910778483,28.3,3.6849368403526026,432.0,130.8493536808262
2025-07-24 07:00:00,4903,5.4297738782046245,2.3270459478019814,28.3,4.49634725131126,463.0,130.8493536808262
2025-07-24 08:00:00,4904,5.6567988834577205,2.424342378624737,28.3,4.405270816969431,488.0,130.8493536808262
2025-07-24 09:00:00,4905,5.602345490714615,2.401005210306264,28.2,4.417087594708002,502.0,130.8493536808262
2025-07-24 10:00:00,4906,5.919249267999035,2.536821114856729,28.2,4.231286404429109,505.0,130.8493536808262
2025-07-24 11:00:00,4907,5.386119663834745,2.308336998786319,28.2,4.068489225871482,503.0,130.8493536808262
2025-07-24 12:00:00,4908,5.878133716245556,2.5192001641052384,28.1,3.7559989622617413,502.0,130.8493536808262
2025-07-24 13:00:00,4909,6.022313628505323,2.5809915550737093,28.1,4.561691768765715,501.0,130.8493536808262
2025-07-24 14:00:00,4910,5.8437256236379405,2.504453838701974,28.1,6.081976509356142,501.0,130.8493536808262
2025-07-24 15:00:00,4911,5.354773797917348,2.2949030562502917,28.1,6.703487706374449,500.0,130.8493536808262
2025-07-24 16:00:00,4912,5.23139319261753,2.2420256539789416,28.0,6.609939361323889,499.0,130.8493536808262
2025-07-24 17:00:00,4913,4.928032826262511,2.112014068398219,28.0,6.072039903914054,499.0,130.8493536808262
2025-07-24 18:00:00,4914,4.99539242537636,2.1408824680184395,28.0,5.299082228642333,500.0,130.8493536808262
2025-07-24 19:00:00,4915,5.016595081983188,2.1499693208499373,28.0,4.846521055011475,500.0,130.8493536808262
2025-07-24 20:00:00,4916,5.399370286107148,2.3140158369030632,28.0,4.312402710802593,490.0,130.8493536808262
2025-07-24 21:00:00,4917,5.665400565272441,2.428028813688189,28.0,4.583721358078699,450.0,130.8493536808262
2025-07-24 22:00:00,4918,5.297574949253306,2.2703892639657024,28.0,4.5677275196526015,400.0,130.8493536808262
2025-07-24 23:00:00,4919,5.0658856278240245,2.1710938404960105,28.1,3.790340901916229,371.0,130.8493536808262
2025-07-25 00:00:00,4920,4.701448356008925,2.0149064382895387,28.1,3.135279853338168,361.0,130.8493536808262
2025-07-25 01:00:00,4921,5.173735433082373,2.217315185606731,28.1,2.879731012094457,349.0,130.8493536808262
2025-07-25 02:00:00,4922,5.020183417568786,2.151507178958051,28.2,3.4734475147861157,346.0,130.8493536808262
2025-07-25 03:00:00,4923,4.5011100734926135,1.9290471743539772,28.2,4.7901750531761795,345.0,130.8493536808262
2025-07-25 04:00:00,4924,4.181682352878356,1.79214957980501,28.3,5.669237128384965,368.0,130.8493536808262
2025-07-25 05:00:00,4925,4.427315981250555,1.8974211348216663,28.4,6.3938240531664725,399.0,130.8493536808262
2025-07-25 06:00:00,4926,4.530594393883792,1.941683311664482,28.4,6.899542147946741,429.0,130.8493536808262
2025-07-25 07:00:00,4927,4.350678044052694,1.8645763045940114,28.4,6.312932730984267,459.0,130.8493536808262
2025-07-25 08:00:00,4928,5.453419891781928,2.3371799536208258,28.4,6.096614526452673,485.0,130.8493536808262
2025-07-25 09:00:00,4929,5.111133193846209,2.1904856545055185,28.4,7.831980509051753,502.0,130.8493536808262
2025-07-25 10:00:00,4930,5.71624268777029,2.4498182947586957,28.4,7.374482887181111,505.0,130.8493536808262
2025-07-25 11:00:00,4931,5.149039052828969,2.2067310226409864,28.3,7.802216679247694,503.0,130.8493536808262
2025-07-25 12:00:00,4932,5.498356470047085,2.3564384871630364,28.3,7.736271705079531,502.0,130.8493536808262
2025-07-25 13:00:00,4933,5.367542999199523,2.30037557108551,28.3,8.716620184603215,502.0,130.8493536808262
2025-07-25 14:00:00,4934,5.714551135811206,2.4490933439190883,28.2,8.895364375859993,502.0,130.8493536808262
2025-07-25 15:00:00,4935,5.567978591407105,2.386276539174473,28.2,8.588459611351325,501.0,130.8493536808262
2025-07-25 16:00:00,4936,5.285691409512229,2.2652963183623838,28.2,8.774563077068755,499.0,130.8493536808262
2025-07-25 17:00:00,4937,5.317091756651632,2.2787536099935566,28.2,8.959031160811536,500.0,130.8493536808262
2025-07-25 18:00:00,4938,5.06341256010041,2.1700339543287472,28.2,9.038091744528923,501.0,130.8493536808262
2025-07-25 19:00:00,4939,4.827090226883706,2.0687529543787306,28.2,8.462195249065479,500.0,130.8493536808262
2025-07-25 20:00:00,4940,5.445655566526698,2.3338523856542985,28.2,7.681973750047089,490.0,130.8493536808262
2025-07-25 21:00:00,4941,5.25084879005461,2.2503637671662613,28.2,6.802183317725234,444.0,130.8493536808262
2025-07-25 22:00:00,4942,5.17997387174271,2.2199888021754473,28.2,6.081976509356142,382.0,130.8493536808262
2025-07-25 23:00:00,4943,5.338016759116307,2.287721468192703,28.2,4.339948292348104,342.0,130.8493536808262
2025-07-26 00:00:00,4944,5.404184064950757,2.316078884978896,28.2,3.4286226237403836,323.0,130.8493536808262
2025-07-26 01:00:00,4945,5.45200073552145,2.3365717437949067,28.3,2.9311639613690796,312.0,130.8493536808262
2025-07-26 02:00:00,4946,6.193259161603827,2.65425392640164,28.3,3.327177783111471,309.0,130.8493536808262
2025-07-26 03:00:00,4947,5.347768883473366,2.2919009500600134,28.4,4.341205843064311,315.0,130.8493536808262
2025-07-26 04:00:00,4948,5.1941014971555886,2.2260434987809665,28.4,5.187838246638237,333.0,130.8493536808262
2025-07-26 05:00:00,4949,4.962614398176062,2.126834742075455,28.5,6.35122500874793,358.0,130.8493536808262
2025-07-26 06:00:00,4950,4.452376399810394,1.9081613142044547,28.5,7.1114514976492895,395.0,130.8493536808262
2025-07-26 07:00:00,4951,4.726201866584233,2.0255150856789568,28.5,7.2573446063074485,437.0,130.8493536808262
2025-07-26 08:00:00,4952,4.888311305523272,2.094990559509974,28.5,7.861103633573402,476.0,130.8493536808262
2025-07-26 09:00:00,4953,4.731028723653248,2.0275837387085347,28.5,8.470514115772108,499.0,130.8493536808262
2025-07-26 10:00:00,4954,4.499663265499937,1.928427113785687,28.5,6.728386155218544,503.0,130.8493536808262
2025-07-26 11:00:00,4955,4.685045425089158,2.007876610752496,28.4,6.662064009965065,501.0,130.8493536808262
2025-07-26 12:00:00,4956,4.702482007696775,2.0153494318700464,28.4,7.079476924195977,500.0,130.8493536808262
2025-07-26 13:00:00,4957,5.253129227848693,2.2513410976494397,28.4,7.605542660488144,500.0,130.8493536808262
2025-07-26 14:00:00,4958,5.22478861007086,2.239195118601797,28.4,7.6987852992786685,500.0,130.8493536808262
2025-07-26 15:00:00,4959,5.315572541389263,2.2781025177382555,28.4,7.181461584387619,500.0,130.8493536808262
2025-07-26 16:00:00,4960,5.338013211579936,2.2877199478199723,28.4,7.757422148128624,500.0,130.8493536808262
2025-07-26 17:00:00,4961,5.672999826918954,2.4312856401081233,28.4,8.480334112500353,499.0,130.8493536808262
2025-07-26 18:00:00,4962,5.4335844531824335,2.3286790513639004,28.4,8.146355259741254,501.0,130.8493536808262
2025-07-26 19:00:00,4963,5.182386058146533,2.221022596348514,28.4,6.821976733331375,501.0,130.8493536808262
2025-07-26 20:00:00,4964,5.306369879587455,2.2741585198231946,28.4,5.583608453674511,490.0,130.8493536808262
2025-07-26 21:00:00,4965,5.044631260781443,2.16198482604919,28.4,5.290732015915213,445.0,130.8493536808262
2025-07-26 22:00:00,4966,5.020633467004783,2.1517000572877643,28.4,4.953779653011275,380.0,130.8493536808262
2025-07-26 23:00:00,4967,5.022995611783806,2.152712405050202,28.4,4.803396923955805,342.0,130.8493536808262
2025-07-27 00:00:00,4968,5.287411735894878,2.2660336010978046,28.4,4.547765689378771,337.0,130.8493536808262
2025-07-27 01:00:00,4969,5.665194942614415,2.427940689691892,28.5,4.186948236271978,323.0,130.8493536808262
2025-07-27 02:00:00,4970,5.264232946218872,2.256099834093802,28.5,3.740929374514272,316.0,130.8493536808262
2025-07-27 03:00:00,4971,4.630209792984748,1.9843756255648917,28.5,3.3849116543691706,321.0,130.8493536808262
2025-07-27 04:00:00,4972,4.48919078268858,1.9239389068665345,28.5,3.751176713460459,335.0,130.8493536808262
2025-07-27 05:00:00,4973,4.876390176606952,2.089881504260122,28.6,4.495549857179145,366.0,130.8493536808262
2025-07-27 06:00:00,4974,4.417298959516488,1.8931281255070662,28.6,5.302543581454716,409.0,130.8493536808262
2025-07-27 07:00:00,4975,4.207767943443853,1.8033291186187943,28.6,5.661248526911747,449.0,130.8493536808262
2025-07-27 08:00:00,4976,4.475700139415759,1.9181572026067535,28.6,5.397779520114418,481.0,130.8493536808262
2025-07-27 09:00:00,4977,4.619393117458952,1.979739907482408,28.6,5.237922823861811,500.0,130.8493536808262
2025-07-27 10:00:00,4978,4.25642662260023,1.8241828382572414,28.6,4.927101614642615,504.0,130.8493536808262
2025-07-27 11:00:00,4979,4.626929518616425,1.9829697936927533,28.5,5.373153967706148,502.0,130.8493536808262
2025-07-27 12:00:00,4980,4.798214385534413,2.056377593800463,28.5,4.977810646920849,501.0,130.8493536808262
2025-07-27 13:00:00,4981,4.949848607881116,2.1213636890919068,28.5,5.156550880878533,500.0,130.8493536808262
2025-07-27 14:00:00,4982,5.136492152933494,2.2013537798286404,28.5,5.944714269250597,500.0,130.8493536808262
2025-07-27 15:00:00,4983,5.211978253468551,2.2337049657722363,28.5,6.2657831157864585,499.0,130.8493536808262
2025-07-27 16:00:00,4984,5.002755351263334,2.1440380076842858,28.5,6.318377070431897,499.0,130.8493536808262
2025-07-27 17:00:00,4985,5.184340337344926,2.221860144576397,28.5,6.016316167016528,499.0,130.8493536808262
2025-07-27 18:00:00,4986,5.112099778240461,2.1908999049601974,28.5,4.584819367551395,499.0,130.8493536808262
2025-07-27 19:00:00,4987,5.089060590477109,2.1810259673473325,28.5,3.5099986499586304,499.0,130.8493536808262
2025-07-27 20:00:00,4988,5.199538624582084,2.2283736962494647,28.5,3.0182290124987885,489.0,130.8493536808262
2025-07-27 21:00:00,4989,4.993848334832642,2.140220714928275,28.5,3.2137220710391086,447.0,130.8493536808262
2025-07-27 22:00:00,4990,4.791881552256079,2.0536635223954622,28.5,1.155547842889332,402.0,130.8493536808262
2025-07-27 23:00:00,4991,4.7256925996297365,2.025296828412744,28.5,0.717507132074874,372.0,130.8493536808262
2025-07-28 00:00:00,4992,5.080459912480995,2.1773399624918546,28.5,0.0,359.0,130.8493536808262
2025-07-28 01:00:00,4993,4.578896063337278,1.9623840271445474,28.6,0.0,347.0,130.8493536808262
2025-07-28 02:00:00,4994,4.318514831476051,1.8507920706325933,28.6,0.020104617436720332,344.0,130.8493536808262
2025-07-28 03:00:00,4995,4.264850423674822,1.8277930387177808,28.7,0.0724985439278214,343.0,130.8493536808262
2025-07-28 04:00:00,4996,4.04326064371114,1.732825990161917,28.8,0.6054165168997192,361.0,130.8493536808262
2025-07-28 05:00:00,4997,3.8971505416125933,1.6702073749768256,28.9,0.8436923465569348,386.0,130.8493536808262
2025-07-28 06:00:00,4998,3.8567866474068193,1.652908563174351,28.9,1.1223477405690212,417.0,130.8493536808262
2025-07-28 07:00:00,4999,4.064665147121491,1.7419993487663532,28.9,0.9771156965324961,452.0,130.8493536808262
2025-07-28 08:00:00,5000,3.9338975725343257,1.6859561025147107,28.8,0.8441153412790655,484.0,130.8493536808262
2025-07-28 09:00:00,5001,4.145080947423079,1.7764632631813195,28.8,0.6682957816320892,503.0,130.8493536808262
2025-07-28 10:00:00,5002,3.7829724310655557,1.6212738990280953,28.8,0.5928231467191039,505.0,130.8493536808262
2025-07-28 11:00:00,5003,3.9928984137395944,1.711242177316969,28.7,0.5982757459737229,504.0,130.8493536808262
2025-07-28 12:00:00,5004,4.17317242197308,1.788502466559891,28.6,0.9310315666669235,503.0,130.8493536808262
2025-07-28 13:00:00,5005,4.385117640793938,1.8793361317688306,28.6,0.9224559512071052,501.0,130.8493536808262
2025-07-28 14:00:00,5006,3.9628355327301374,1.6983580854557732,28.6,0.878968981319198,502.0,130.8493536808262
2025-07-28 15:00:00,5007,4.005518727309685,1.716650883132722,28.6,0.6778281951089761,501.0,130.8493536808262
2025-07-28 16:00:00,5008,3.9766566818106335,1.7042814350617,28.5,0.32942639828153736,501.0,130.8493536808262
2025-07-28 17:00:00,5009,4.180090610511075,1.7914674045047463,28.5,0.009017490057245333,500.0,130.8493536808262
2025-07-28 18:00:00,5010,4.265567405689143,1.8281003167239183,28.5,0.0,500.0,130.8493536808262
2025-07-28 19:00:00,5011,4.326671341373014,1.8542877177312915,28.5,0.0,500.0,130.8493536808262
2025-07-28 20:00:00,5012,4.017030158840906,1.7215843537889597,28.5,0.0,491.0,130.8493536808262
2025-07-28 21:00:00,5013,3.943272485621078,1.6899739224090335,28.6,0.0,447.0,130.8493536808262
2025-07-28 22:00:00,5014,3.951240954741831,1.6933889806036417,28.6,0.0,396.0,130.8493536808262
2025-07-28 23:00:00,5015,3.9345422144815063,1.6862323776349313,28.6,0.0,369.0,130.8493536808262
2025-07-29 00:00:00,5016,4.535303673868491,1.9437015745150674,28.7,0.07879338258322997,358.0,130.8493536808262
2025-07-29 01:00:00,5017,4.170336246431209,1.7872869627562322,28.8,0.3412373418931588,345.0,130.8493536808262
2025-07-29 02:00:00,5018,3.6423497666981266,1.5610070428706255,28.9,0.7970301498533359,344.0,130.8493536808262
2025-07-29 03:00:00,5019,3.5349421324477546,1.5149751996204661,29.0,1.371214702022658,342.0,130.8493536808262
2025-07-29 04:00:00,5020,3.5773900744586427,1.5331671747679896,29.0,2.0161339890873813,359.0,130.8493536808262
2025-07-29 05:00:00,5021,3.4211322362593837,1.46619952982545,29.0,2.633034137487277,381.0,130.8493536808262
2025-07-29 06:00:00,5022,3.5533204526286095,1.522851622555118,29.1,2.8911232839164556,414.0,130.8493536808262
2025-07-29 07:00:00,5023,3.532514140094995,1.5139346314692836,29.1,2.998416107998764,451.0,130.8493536808262
2025-07-29 08:00:00,5024,3.9471230261872594,1.691624154080254,29.0,3.002664822275948,484.0,130.8493536808262
2025-07-29 09:00:00,5025,3.5342147129341583,1.5146634484003536,29.0,2.830525870051843,502.0,130.8493536808262
2025-07-29 10:00:00,5026,3.8728351216144925,1.6597864806919254,28.9,2.1130250049018846,504.0,130.8493536808262
2025-07-29 11:00:00,5027,3.9440485670071026,1.6903065287173296,28.8,1.3878084931823225,503.0,130.8493536808262
2025-07-29 12:00:00,5028,3.9551614981408694,1.695069213488944,28.8,1.219746500553934,502.0,130.8493536808262
2025-07-29 13:00:00,5029,4.153453988294719,1.7800517092691652,28.7,1.2729955962960124,502.0,130.8493536808262
2025-07-29 14:00:00,5030,4.1365731494976155,1.7728170640704066,28.6,1.2033937026154318,502.0,130.8493536808262
2025-07-29 15:00:00,5031,4.132668634278565,1.7711437004050992,28.6,1.309712210958602,501.0,130.8493536808262
2025-07-29 16:00:00,5032,4.239630330916616,1.8169844275356926,28.6,1.657456699752879,500.0,130.8493536808262
2025-07-29 17:00:00,5033,4.294233996440857,1.8403859984746531,28.5,2.145746378295926,500.0,130.8493536808262
2025-07-29 18:00:00,5034,4.257523041880421,1.8246527322344661,28.5,2.6452558553036636,500.0,130.8493536808262
2025-07-29 19:00:00,5035,4.3813729057644775,1.8777312453276331,28.5,3.0888595664466245,501.0,130.8493536808262
2025-07-29 20:00:00,5036,4.271214423622242,1.8305204672666746,28.5,3.628094476983557,491.0,130.8493536808262
2025-07-29 21:00:00,5037,4.520856699482964,1.9375100140641277,28.5,3.5043593101943595,449.0,130.8493536808262
2025-07-29 22:00:00,5038,4.459386966375946,1.9111658427325482,28.5,2.6720035313374795,396.0,130.8493536808262
2025-07-29 23:00:00,5039,4.59004709108052,1.9671630390345085,28.5,4.634581016138085,374.0,130.8493536808262
2025-07-30 00:00:00,5040,4.422206611626068,1.8952314049826007,28.5,5.785882935986577,364.0,130.8493536808262
2025-07-30 01:00:00,5041,5.073039561542008,2.1741598120894317,28.6,6.405464550958003,347.0,130.8493536808262
2025-07-30 02:00:00,5042,4.636702147857801,1.9871580633676291,28.8,6.160449215999867,339.0,130.8493536808262
2025-07-30 03:00:00,5043,4.536061961852949,1.944026555079835,28.9,6.204627145506079,336.0,130.8493536808262
2025-07-30 04:00:00,5044,4.384177726806994,1.878933311488712,29.0,6.838238998410328,351.0,130.8493536808262
2025-07-30 05:00:00,5045,4.329587972749525,1.8555377026069388,29.0,6.791478843132678,373.0,130.8493536808262
2025-07-30 06:00:00,5046,3.981791303460161,1.7064819871972117,29.1,6.650282965507119,404.0,130.8493536808262
2025-07-30 07:00:00,5047,4.270100165968573,1.830042928272246,29.1,6.516421294766087,445.0,130.8493536808262
2025-07-30 08:00:00,5048,4.487827509304469,1.9233546468447722,29.0,5.530748090192814,481.0,130.8493536808262
2025-07-30 09:00:00,5049,4.268901690497595,1.8295292959275407,29.0,5.281952219349843,500.0,130.8493536808262
2025-07-30 10:00:00,5050,4.825731414077745,2.068170606033319,28.9,5.718363563118459,502.0,130.8493536808262
2025-07-30 11:00:00,5051,4.3629102998247475,1.8698186999248914,28.8,6.053751523113805,502.0,130.8493536808262
2025-07-30 12:00:00,5052,4.487396216018474,1.92316980686506,28.7,6.0676863671652015,501.0,130.8493536808262
2025-07-30 13:00:00,5053,5.470624251438841,2.344553250616646,28.6,5.692990029281243,501.0,130.8493536808262
2025-07-30 14:00:00,5054,4.7804319586158,2.048756553692485,28.6,4.737842110425863,501.0,130.8493536808262
2025-07-30 15:00:00,5055,4.842603315329347,2.0754014208554348,28.5,4.050937857183439,499.0,130.8493536808262
2025-07-30 16:00:00,5056,4.897412177859518,2.098890933368365,28.5,3.784956862134701,499.0,130.8493536808262
2025-07-30 17:00:00,5057,5.326601650986394,2.282829278994168,28.5,4.230945364009882,499.0,130.8493536808262
2025-07-30 18:00:00,5058,5.189751033240089,2.2241790142457525,28.4,4.749098960165755,499.0,130.8493536808262
2025-07-30 19:00:00,5059,5.304723818650764,2.2734530651360414,28.4,5.258033432159774,501.0,130.8493536808262
2025-07-30 20:00:00,5060,4.929630496998618,2.112698784427979,28.4,5.831187994294013,492.0,130.8493536808262
2025-07-30 21:00:00,5061,5.203910400813894,2.230247314634526,28.3,6.491993711531068,453.0,130.8493536808262
2025-07-30 22:00:00,5062,5.327200279376873,2.2830858340186597,28.3,5.092523828149186,406.0,130.8493536808262
2025-07-30 23:00:00,5063,5.444985029967879,2.3335650128433763,28.3,5.818708099763516,378.0,130.8493536808262
2025-07-31 00:00:00,5064,5.817894352367274,2.493383293871689,28.3,6.403594822073529,362.0,130.8493536808262
2025-07-31 01:00:00,5065,5.169941422605465,2.215689181116628,28.3,6.948757608561527,349.0,130.8493536808262
2025-07-31 02:00:00,5066,4.9596505947128975,2.1255645405912413,28.4,7.225855251979015,342.0,130.8493536808262
2025-07-31 03:00:00,5067,4.677719816720055,2.004737064308595,28.4,7.560218766270833,339.0,130.8493536808262
2025-07-31 04:00:00,5068,4.612211121657468,1.9766619092817719,28.5,7.788125861405754,351.0,130.8493536808262
2025-07-31 05:00:00,5069,4.654960558555702,1.9949830965238722,28.5,8.32660973666489,374.0,130.8493536808262
2025-07-31 06:00:00,5070,4.601689920445368,1.972152823048015,28.5,9.491714711693485,406.0,130.8493536808262
2025-07-31 07:00:00,5071,4.545187112357116,1.9479373338673356,28.4,10.597559750973177,446.0,130.8493536808262
2025-07-31 08:00:00,5072,4.494906917071635,1.9263886787449862,28.4,10.093451251978053,481.0,130.8493536808262
2025-07-31 09:00:00,5073,4.216156220369655,1.8069240944441378,28.3,9.592065430778929,501.0,130.8493536808262
2025-07-31 10:00:00,5074,4.400026195781951,1.885725512477979,28.2,6.984677865614117,503.0,130.8493536808262
2025-07-31 11:00:00,5075,4.489789805339333,1.924195630859714,28.1,8.56084326165087,502.0,130.8493536808262
2025-07-31 12:00:00,5076,4.645755200572656,1.9910379431025664,28.0,10.079566603846612,501.0,130.8493536808262
2025-07-31 13:00:00,5077,5.170433989512812,2.2159002812197763,28.0,11.085211939079544,499.0,130.8493536808262
2025-07-31 14:00:00,5078,5.4671148139407375,2.3430492059746015,28.0,12.302902432524508,500.0,130.8493536808262
2025-07-31 15:00:00,5079,5.010079769637407,2.1471770441303177,27.9,12.52717337103766,500.0,130.8493536808262
2025-07-31 16:00:00,5080,5.646886022633836,2.420094009700216,27.9,12.859287166469446,499.0,130.8493536808262
2025-07-31 17:00:00,5081,5.0865734872110835,2.179960065947607,27.8,12.738685053217912,498.0,130.8493536808262
2025-07-31 18:00:00,5082,4.779326024400243,2.048282581885818,27.8,12.646203498339464,499.0,130.8493536808262
2025-07-31 19:00:00,5083,4.8980417774824545,2.099160761778194,27.7,12.252043432719715,500.0,130.8493536808262
2025-07-31 20:00:00,5084,4.976639482238895,2.1328454923880975,27.6,11.901007573750098,493.0,130.8493536808262
2025-07-31 21:00:00,5085,4.9708368692007845,2.1303586582289076,27.5,12.521451697417525,465.0,130.8493536808262
2025-07-31 22:00:00,5086,5.266242427399382,2.2569610403140206,27.5,4.771804144363421,435.0,130.8493536808262
2025-07-31 23:00:00,5087,5.599224696115986,2.3996677269068507,27.4,6.1479903313565485,424.0,130.8493536808262
2025-08-01 00:00:00,5088,5.49148488588194,2.353493522520831,27.3,9.472737611534546,410.0,130.8493536808262
2025-08-01 01:00:00,5089,5.035569613478621,2.1581012629194087,27.2,10.831853447088232,394.0,130.8493536808262
2025-08-01 02:00:00,5090,5.018670959437454,2.1508589826160516,27.2,14.571908588350677,387.0,130.8493536808262
2025-08-01 03:00:00,5091,5.3199999915399,2.2799999963742423,27.2,15.0,390.0,130.8493536808262
2025-08-01 04:00:00,5092,5.075151955317458,2.1750651237074816,27.1,15.0,405.0,130.8493536808262
2025-08-01 05:00:00,5093,4.946391476551675,2.119882061379289,27.1,15.0,433.0,130.8493536808262
2025-08-01 06:00:00,5094,4.833708302274131,2.0715892724031986,27.0,15.0,459.0,130.8493536808262
2025-08-01 07:00:00,5095,4.549368620516452,1.949729408792765,26.9,15.0,479.0,130.8493536808262
2025-08-01 08:00:00,5096,4.6937615790603004,2.0116121053115568,26.8,15.0,493.0,130.8493536808262
2025-08-01 09:00:00,5097,4.65466848693738,1.9948579229731627,26.6,15.0,501.0,130.8493536808262
2025-08-01 10:00:00,5098,3.8465515276794355,1.6485220832911867,26.5,15.0,502.0,130.8493536808262
2025-08-01 11:00:00,5099,4.1278489490682535,1.7690781210292517,26.3,15.0,500.0,130.8493536808262
2025-08-01 12:00:00,5100,4.241203037635657,1.8176584447009958,26.1,15.0,499.0,130.8493536808262
2025-08-01 13:00:00,5101,4.308022902913512,1.8462955298200765,26.0,15.0,498.0,130.8493536808262
2025-08-01 14:00:00,5102,4.4817334879337265,1.9207429234001685,25.8,15.0,498.0,130.8493536808262
2025-08-01 15:00:00,5103,4.600049986478243,1.9714499942049613,25.6,15.0,497.0,130.8493536808262
2025-08-01 16:00:00,5104,4.831964314329049,2.070841848998164,25.5,15.0,497.0,130.8493536808262
2025-08-01 17:00:00,5105,4.775053403268174,2.046451458543503,25.4,15.0,497.0,130.8493536808262
2025-08-01 18:00:00,5106,5.1751031753276795,2.21790136085472,25.2,15.0,496.0,130.8493536808262
2025-08-01 19:00:00,5107,4.827568547539675,2.068957948945575,25.2,15.0,496.0,130.8493536808262
2025-08-01 20:00:00,5108,5.749512620436308,2.4640768373298463,25.2,15.0,493.0,130.8493536808262
2025-08-01 21:00:00,5109,5.434357713799767,2.329010448771329,25.2,15.0,471.0,130.8493536808262
2025-08-01 22:00:00,5110,5.291497645662277,2.2677847052838325,25.3,15.0,437.0,130.8493536808262
2025-08-01 23:00:00,5111,4.907633237806105,2.103271387631188,25.4,14.297167490275422,401.0,130.8493536808262
2025-08-02 00:00:00,5112,5.595451332513561,2.39805057107724,25.5,11.149436958407653,374.0,130.8493536808262
2025-08-02 01:00:00,5113,5.447724352316991,2.3347390081358532,25.5,8.989132162337107,346.0,130.8493536808262
2025-08-02 02:00:00,5114,4.721378547248785,2.0234479488209076,25.6,6.836882027123083,332.0,130.8493536808262
2025-08-02 03:00:00,5115,4.323908281341366,1.8531035491462995,25.8,5.67199253998862,336.0,130.8493536808262
2025-08-02 04:00:00,5116,4.296070743127206,1.8411731756259457,26.0,7.09699740885841,358.0,130.8493536808262
2025-08-02 05:00:00,5117,4.711190894138814,2.019081811773777,26.0,6.54871309556836,387.0,130.8493536808262
2025-08-02 06:00:00,5118,4.695662378408735,2.0124267336037436,26.1,6.4214406832691555,414.0,130.8493536808262
2025-08-02 07:00:00,5119,4.501080007969557,1.92903428912981,26.2,7.193525028572252,447.0,130.8493536808262
2025-08-02 08:00:00,5120,4.4013296346039095,1.8862841291159609,26.2,7.210929227589833,482.0,130.8493536808262
2025-08-02 09:00:00,5121,4.72538706634446,2.025165885576197,26.2,5.595100039178131,501.0,130.8493536808262
2025-08-02 10:00:00,5122,4.234351878223915,1.814722233524535,26.2,5.182686157352391,502.0,130.8493536808262
2025-08-02 11:00:00,5123,5.7371453445250244,2.4587765762250102,26.2,4.264296673992381,501.0,130.8493536808262
2025-08-02 12:00:00,5124,5.5658002410305745,2.3853429604416747,26.2,3.3842387248449364,500.0,130.8493536808262
2025-08-02 13:00:00,5125,5.990131589023392,2.5671992524385963,26.2,1.97749932371172,499.0,130.8493536808262
2025-08-02 14:00:00,5126,5.991528884786347,2.5677980934798628,26.2,1.400186042084458,499.0,130.8493536808262
2025-08-02 15:00:00,5127,5.977709088352343,2.5618753235795757,26.2,1.0474314296445453,499.0,130.8493536808262
2025-08-02 16:00:00,5128,5.519931054754331,2.365684737751856,26.2,0.6021827017839749,498.0,130.8493536808262
2025-08-02 17:00:00,5129,5.297976274525297,2.270561260510841,26.2,0.3725717533085308,498.0,130.8493536808262
2025-08-02 18:00:00,5130,4.891916705948265,2.096535731120685,26.3,0.1989881708908126,499.0,130.8493536808262
2025-08-02 19:00:00,5131,5.056739489306304,2.167174066845559,26.4,0.18068130954418085,499.0,130.8493536808262
2025-08-02 20:00:00,5132,4.9647325628825225,2.127742526949652,26.4,0.9655711687657923,490.0,130.8493536808262
2025-08-02 21:00:00,5133,4.830040477960061,2.0700173476971693,26.5,1.4382816872634114,446.0,130.8493536808262
2025-08-02 22:00:00,5134,4.72629863732211,2.0255565588523323,26.5,0.53532595842834,387.0,130.8493536808262
2025-08-02 23:00:00,5135,5.1527085620018935,2.208303669429383,26.6,0.4151345622646033,343.0,130.8493536808262
2025-08-03 00:00:00,5136,5.589749720782676,2.395607023192575,26.7,0.7361959898509701,324.0,130.8493536808262
2025-08-03 01:00:00,5137,5.500815270197763,2.357492258656184,26.9,0.9228093594762526,314.0,130.8493536808262
2025-08-03 02:00:00,5138,4.9415884742805,2.1178236318345,27.1,0.6892097387382687,308.0,130.8493536808262
2025-08-03 03:00:00,5139,4.99768323131427,2.14186424199183,27.4,1.1337092104667876,309.0,130.8493536808262
2025-08-03 04:00:00,5140,4.996709515332498,2.141446935142499,27.6,1.9702492113608092,327.0,130.8493536808262
2025-08-03 05:00:00,5141,5.015570659868647,2.1495302828008485,27.8,1.899094914541084,351.0,130.8493536808262
2025-08-03 06:00:00,5142,4.426453683706219,1.897051578731237,27.9,1.2784529662500872,392.0,130.8493536808262
2025-08-03 07:00:00,5143,4.52957236187876,1.94124529794804,27.9,0.5773454151608279,437.0,130.8493536808262
2025-08-03 08:00:00,5144,5.4893332496698495,2.3525713927156495,27.9,0.0,480.0,130.8493536808262
2025-08-03 09:00:00,5145,5.752194945113109,2.4652264050484756,27.8,0.0,500.0,130.8493536808262
2025-08-03 10:00:00,5146,6.343689408492203,2.7187240322109436,27.6,0.0,501.0,130.8493536808262
2025-08-03 11:00:00,5147,6.082579106840828,2.6068196172174973,27.5,0.0,500.0,130.8493536808262
2025-08-03 12:00:00,5148,6.01723902519273,2.578816725082598,27.4,0.07680323176364909,499.0,130.8493536808262
2025-08-03 13:00:00,5149,4.895413730831683,2.098034456070721,27.3,1.0192511869926295,499.0,130.8493536808262
2025-08-03 14:00:00,5150,5.126699342791509,2.1971568611963614,27.2,1.8128112852274911,500.0,130.8493536808262
2025-08-03 15:00:00,5151,4.87635965710607,2.0898684244740298,27.1,1.948191062469968,500.0,130.8493536808262
2025-08-03 16:00:00,5152,4.553459746309258,1.9514827484182535,27.1,2.470920906667307,498.0,130.8493536808262
2025-08-03 17:00:00,5153,4.860155029435016,2.082923584043578,27.0,4.3756588434768835,498.0,130.8493536808262
2025-08-03 18:00:00,5154,5.090554103517318,2.181666044364565,27.0,7.3178321168551745,498.0,130.8493536808262
2025-08-03 19:00:00,5155,5.083970638590181,2.1788445593957917,27.0,9.360702395564747,499.0,130.8493536808262
2025-08-03 20:00:00,5156,5.152884956687661,2.2083792671518543,27.0,10.633755897284493,494.0,130.8493536808262
2025-08-03 21:00:00,5157,4.825877320593852,2.0682331373973653,27.1,12.774004207846442,468.0,130.8493536808262
2025-08-03 22:00:00,5158,5.484829735342892,2.350641315146954,27.1,9.6222374463343,435.0,130.8493536808262
2025-08-03 23:00:00,5159,5.027315215218952,2.154563663665265,27.2,8.553830826745237,412.0,130.8493536808262
2025-08-04 00:00:00,5160,5.354493400006245,2.294782885716962,27.2,10.237514490531044,392.0,130.8493536808262
2025-08-04 01:00:00,5161,4.926263461739024,2.1112557693167244,27.3,11.693676271927162,375.0,130.8493536808262
2025-08-04 02:00:00,5162,4.446738217201581,1.905744950229249,27.3,11.941730765525032,366.0,130.8493536808262
2025-08-04 03:00:00,5163,4.034087875928246,1.7288948039692482,27.3,11.992102729778317,360.0,130.8493536808262
2025-08-04 04:00:00,5164,3.8547547349533895,1.6520377435514526,27.4,13.623312265382951,373.0,130.8493536808262
2025-08-04 05:00:00,5165,3.7457146848114196,1.6053062934906084,27.3,15.0,393.0,130.8493536808262
2025-08-04 06:00:00,5166,4.123678135036786,1.7672906293014796,27.3,15.0,423.0,130.8493536808262
2025-08-04 07:00:00,5167,3.592708582163976,1.5397322494988468,27.2,15.0,457.0,130.8493536808262
2025-08-04 08:00:00,5168,3.8672377172275176,1.6573875930975073,27.2,15.0,487.0,130.8493536808262
2025-08-04 09:00:00,5169,4.271529425011974,1.8306554678622744,27.1,15.0,503.0,130.8493536808262
2025-08-04 10:00:00,5170,4.745558782551951,2.0338109068079793,27.0,15.0,504.0,130.8493536808262
2025-08-04 11:00:00,5171,5.0122128523820955,2.1480912224494695,26.9,15.0,502.0,130.8493536808262
2025-08-04 12:00:00,5172,4.776809894037088,2.047204240301609,26.9,15.0,501.0,130.8493536808262
2025-08-04 13:00:00,5173,4.72275795280165,2.0240391226292784,26.8,15.0,500.0,130.8493536808262
2025-08-04 14:00:00,5174,4.936373101210544,2.1155884719473756,26.8,15.0,500.0,130.8493536808262
2025-08-04 15:00:00,5175,5.281122010548572,2.2633380045208162,26.8,15.0,499.0,130.8493536808262
2025-08-04 16:00:00,5176,5.305912371350569,2.2739624448645293,26.7,15.0,498.0,130.8493536808262
2025-08-04 17:00:00,5177,5.034167534651418,2.1575003719934647,26.7,15.0,498.0,130.8493536808262
2025-08-04 18:00:00,5178,5.2683186912360345,2.257850867672586,26.7,15.0,498.0,130.8493536808262
2025-08-04 19:00:00,5179,5.055470038889373,2.166630016666874,26.7,15.0,499.0,130.8493536808262
2025-08-04 20:00:00,5180,4.96070471339643,2.126016305741327,26.7,15.0,491.0,130.8493536808262
2025-08-04 21:00:00,5181,5.25337801604224,2.25144772116096,26.7,15.0,459.0,130.8493536808262
2025-08-04 22:00:00,5182,5.505875009111877,2.359660718190804,26.8,15.0,416.0,130.8493536808262
2025-08-04 23:00:00,5183,5.4501949701404495,2.335797844345907,26.8,15.0,391.0,130.8493536808262
2025-08-05 00:00:00,5184,5.962176838663111,2.5552186451413332,26.8,15.0,379.0,130.8493536808262
2025-08-05 01:00:00,5185,5.38295200646505,2.3069794313421643,26.9,15.0,367.0,130.8493536808262
2025-08-05 02:00:00,5186,5.326269038331495,2.2826867307134977,26.9,15.0,364.0,130.8493536808262
2025-08-05 03:00:00,5187,4.916515266297713,2.107077971270449,27.0,15.0,363.0,130.8493536808262
2025-08-05 04:00:00,5188,4.792379814899011,2.053877063528147,27.0,14.802992416962443,383.0,130.8493536808262
2025-08-05 05:00:00,5189,4.7500601639207325,2.0357400702517423,27.1,12.07741185609294,406.0,130.8493536808262
2025-08-05 06:00:00,5190,4.972029333148262,2.1308697142063977,27.1,10.837447351321213,430.0,130.8493536808262
2025-08-05 07:00:00,5191,4.753254534367021,2.0371090861572947,27.2,11.907245255411619,460.0,130.8493536808262
2025-08-05 08:00:00,5192,3.9541774151124702,1.6946474636196303,27.2,14.07676463085126,486.0,130.8493536808262
2025-08-05 09:00:00,5193,3.80509160467011,1.6307535448586186,27.2,15.0,501.0,130.8493536808262
2025-08-05 10:00:00,5194,4.057266384825479,1.738828450639491,27.2,15.0,502.0,130.8493536808262
2025-08-05 11:00:00,5195,3.7764069291141533,1.6184601124774944,27.2,15.0,501.0,130.8493536808262
2025-08-05 12:00:00,5196,3.75842306557175,1.6107527423878927,27.2,15.0,501.0,130.8493536808262
2025-08-05 13:00:00,5197,3.7423810022339214,1.6038775723859662,27.2,15.0,500.0,130.8493536808262
2025-08-05 14:00:00,5198,4.004776388636363,1.7163327379870126,27.2,13.816232008479039,499.0,130.8493536808262
2025-08-05 15:00:00,5199,3.8905391273148013,1.6673739117063433,27.2,9.807301349560609,500.0,130.8493536808262
2025-08-05 16:00:00,5200,4.025816346555014,1.7253498628092914,27.2,7.787197858225537,499.0,130.8493536808262
2025-08-05 17:00:00,5201,3.9567491181428016,1.6957496220612007,27.2,6.929447164707767,499.0,130.8493536808262
2025-08-05 18:00:00,5202,4.127666432114017,1.7689998994774359,27.2,6.471661933452896,499.0,130.8493536808262
2025-08-05 19:00:00,5203,4.996315967004543,2.1412782715733756,27.2,5.249942541046444,499.0,130.8493536808262
2025-08-05 20:00:00,5204,5.126084266600305,2.196893257114416,27.2,3.3148055422947125,493.0,130.8493536808262
2025-08-05 21:00:00,5205,4.755446938937265,2.0380486881159707,27.4,2.0788795125462105,467.0,130.8493536808262
2025-08-05 22:00:00,5206,4.788073511301425,2.052031504843468,27.4,1.9013664657853862,438.0,130.8493536808262
2025-08-05 23:00:00,5207,4.739672070728823,2.0312880303123526,27.5,2.5689202768759674,421.0,130.8493536808262
2025-08-06 00:00:00,5208,5.144175950755537,2.2046468360380875,27.5,2.280275411839333,401.0,130.8493536808262
2025-08-06 01:00:00,5209,5.112946746917686,2.191262891536151,27.6,1.0692593515572433,384.0,130.8493536808262
2025-08-06 02:00:00,5210,5.035269246751423,2.157972534322038,27.8,0.21595977095977667,379.0,130.8493536808262
2025-08-06 03:00:00,5211,4.70150508429294,2.01493075041126,28.0,0.049699144859211904,387.0,130.8493536808262
2025-08-06 04:00:00,5212,4.770862408828471,2.0446553180693443,28.1,0.07484526431027312,404.0,130.8493536808262
2025-08-06 05:00:00,5213,4.874926343144281,2.0892541470618347,28.2,0.32292554391513956,424.0,130.8493536808262
2025-08-06 06:00:00,5214,4.785964412026684,2.051127605154293,28.4,2.205881082072074,447.0,130.8493536808262
2025-08-06 07:00:00,5215,4.530546767512023,1.9416629003622954,28.4,5.020759360692304,474.0,130.8493536808262
2025-08-06 08:00:00,5216,4.959262748886684,2.1253983209514358,28.4,4.943388943669796,493.0,130.8493536808262
2025-08-06 09:00:00,5217,5.499618616187089,2.3569794069373238,28.3,4.19640112746462,502.0,130.8493536808262
2025-08-06 10:00:00,5218,5.290692023949699,2.2674394388355856,28.2,0.34039479808057116,503.0,130.8493536808262
2025-08-06 11:00:00,5219,4.859340903461014,2.082574672911863,28.2,0.02943926329920323,502.0,130.8493536808262
2025-08-06 12:00:00,5220,5.006781837007573,2.1457636444318164,28.1,0.1951155973525726,501.0,130.8493536808262
2025-08-06 13:00:00,5221,5.216297954375948,2.2355562661611206,28.1,0.36734143713182155,501.0,130.8493536808262
2025-08-06 14:00:00,5222,5.139949789602756,2.2028356241154667,28.1,1.08731802933197,501.0,130.8493536808262
2025-08-06 15:00:00,5223,5.236567023474649,2.2442430100605635,28.0,1.4955644563954447,501.0,130.8493536808262
2025-08-06 16:00:00,5224,5.095606614028316,2.183831406012135,28.0,1.956764468475136,499.0,130.8493536808262
2025-08-06 17:00:00,5225,5.121260940800484,2.1948261174859214,28.0,3.6748756740141464,498.0,130.8493536808262
2025-08-06 18:00:00,5226,5.372948835327923,2.3026923579976812,28.0,6.337297545765884,499.0,130.8493536808262
2025-08-06 19:00:00,5227,5.324779568647434,2.282048386563186,27.9,9.369131253193014,499.0,130.8493536808262
2025-08-06 20:00:00,5228,5.654246338295863,2.423248430698227,27.9,12.230095544215517,496.0,130.8493536808262
2025-08-06 21:00:00,5229,5.686097535810086,2.4368989439186084,27.9,15.0,481.0,130.8493536808262
2025-08-06 22:00:00,5230,5.608550692477026,2.4036645824901535,27.8,15.0,464.0,130.8493536808262
2025-08-06 23:00:00,5231,5.463993191833637,2.3417113679287014,27.8,15.0,457.0,130.8493536808262
2025-08-07 00:00:00,5232,5.8998710534169145,2.5285161657501063,27.8,15.0,462.0,130.8493536808262
2025-08-07 01:00:00,5233,5.54262606501389,2.375411170720238,27.9,8.80614740067168,468.0,130.8493536808262
2025-08-07 02:00:00,5234,5.787083641161635,2.480178703354986,27.9,6.58789712021747,449.0,130.8493536808262
2025-08-07 03:00:00,5235,5.759659113647256,2.4684253344202527,28.0,3.310161625391604,424.0,130.8493536808262
2025-08-07 04:00:00,5236,6.466290097007903,2.771267184431958,28.0,8.766827854856018,405.0,130.8493536808262
2025-08-07 05:00:00,5237,6.409928727780755,2.7471123119060374,28.0,15.0,413.0,130.8493536808262
2025-08-07 06:00:00,5238,6.331272776753036,2.713402618608444,28.1,15.0,431.0,130.8493536808262
2025-08-07 07:00:00,5239,6.062068618212007,2.5980294078051456,28.1,15.0,454.0,130.8493536808262
2025-08-07 08:00:00,5240,6.449438827444965,2.7640452117621277,28.1,15.0,484.0,130.8493536808262
2025-08-07 09:00:00,5241,6.4175527814892455,2.7503797634953906,28.1,15.0,500.0,130.8493536808262
2025-08-07 10:00:00,5242,6.226426348382219,2.668468435020951,28.1,15.0,502.0,130.8493536808262
2025-08-07 11:00:00,5243,5.1001478111613014,2.185777633354843,28.0,15.0,500.0,130.8493536808262
2025-08-07 12:00:00,5244,5.771030874613938,2.473298946263116,28.0,15.0,500.0,130.8493536808262
2025-08-07 13:00:00,5245,5.671789581527616,2.4307669635118354,28.0,15.0,497.0,130.8493536808262
2025-08-07 14:00:00,5246,6.2009887306898595,2.6575665988670827,28.0,15.0,497.0,130.8493536808262
2025-08-07 15:00:00,5247,5.470158877388229,2.3443538045949555,28.0,7.533696700958256,500.0,130.8493536808262
2025-08-07 16:00:00,5248,5.1142004129103285,2.191800176961569,28.0,2.433713056603945,498.0,130.8493536808262
2025-08-07 17:00:00,5249,6.340200911293788,2.717228961983052,28.0,1.37701161935234,497.0,130.8493536808262
2025-08-07 18:00:00,5250,5.984589087576289,2.5648238946755524,28.0,1.0003576118179869,497.0,130.8493536808262
2025-08-07 19:00:00,5251,4.987313178295539,2.137419933555231,28.0,0.47790050130231915,497.0,130.8493536808262
2025-08-07 20:00:00,5252,6.09332067898929,2.611423148138267,28.0,0.04942325885637763,491.0,130.8493536808262
2025-08-07 21:00:00,5253,6.04788678244533,2.5919514781908557,28.0,0.0,452.0,130.8493536808262
2025-08-07 22:00:00,5254,6.4039909657014835,2.744567556729207,28.0,0.8046926699632432,407.0,130.8493536808262
2025-08-07 23:00:00,5255,5.946072352545611,2.5483167225195476,28.0,0.34857442233214697,378.0,130.8493536808262
2025-08-08 00:00:00,5256,6.546911203765615,2.8058190873281204,28.1,0.07090437191365426,361.0,130.8493536808262
2025-08-08 01:00:00,5257,6.290373948649435,2.695874549421186,28.1,0.0,345.0,130.8493536808262
2025-08-08 02:00:00,5258,5.887344234485042,2.523147529065018,28.2,0.0,342.0,130.8493536808262
2025-08-08 03:00:00,5259,5.440710996060449,2.3317332840259066,28.3,1.2609727711998835,346.0,130.8493536808262
2025-08-08 04:00:00,5260,4.523774547413707,1.93876052032016,28.4,4.16726515288868,367.0,130.8493536808262
2025-08-08 05:00:00,5261,6.000314662332906,2.571563426714102,28.4,6.973113693600739,388.0,130.8493536808262
2025-08-08 06:00:00,5262,5.913309124856166,2.5342753392240707,28.5,6.432530413980087,412.0,130.8493536808262
2025-08-08 07:00:00,5263,5.77330843802165,2.4742750448664212,28.5,3.572508682839327,451.0,130.8493536808262
2025-08-08 08:00:00,5264,6.0386233988675615,2.587981456657526,28.5,3.994903658917095,484.0,130.8493536808262
2025-08-08 09:00:00,5265,6.0456329286821315,2.590985540863771,28.5,4.303605688614726,500.0,130.8493536808262
2025-08-08 10:00:00,5266,6.060400697753639,2.5973145847515595,28.4,1.1186367160181134,501.0,130.8493536808262
2025-08-08 11:00:00,5267,6.066733691870395,2.6000287250873115,28.4,0.3562331790251711,501.0,130.8493536808262
2025-08-08 12:00:00,5268,6.061905729570745,2.5979595983874617,28.4,0.0,501.0,130.8493536808262
2025-08-08 13:00:00,5269,6.126026490893074,2.62543992466846,28.3,0.05649339669993637,500.0,130.8493536808262
2025-08-08 14:00:00,5270,5.666564557375812,2.4285276674467764,28.2,0.011419374341289507,500.0,130.8493536808262
2025-08-08 15:00:00,5271,5.689814319557413,2.438491851238891,28.2,0.0,499.0,130.8493536808262
2025-08-08 16:00:00,5272,5.793574103476376,2.482960330061304,28.1,0.0,498.0,130.8493536808262
2025-08-08 17:00:00,5273,5.853224603171237,2.50852482993053,28.1,0.0,499.0,130.8493536808262
2025-08-08 18:00:00,5274,5.678998009680569,2.433856289863101,28.1,0.2202863105106598,499.0,130.8493536808262
2025-08-08 19:00:00,5275,5.300650911792978,2.2717075336255617,28.1,0.23021967465395157,499.0,130.8493536808262
2025-08-08 20:00:00,5276,5.809758794547112,2.4898966262344766,28.1,0.05959132568353661,492.0,130.8493536808262
2025-08-08 21:00:00,5277,5.579189047731654,2.391081020456423,28.1,0.0,451.0,130.8493536808262
2025-08-08 22:00:00,5278,5.739142941135322,2.459632689057995,28.1,0.0,383.0,130.8493536808262
2025-08-08 23:00:00,5279,5.971703419046879,2.5593014653058046,28.1,0.0,330.0,130.8493536808262
2025-08-09 00:00:00,5280,5.971017740255114,2.5590076029664774,28.1,0.0,327.0,130.8493536808262
2025-08-09 01:00:00,5281,5.224833928548861,2.2392145408066546,28.2,0.0,337.0,130.8493536808262
2025-08-09 02:00:00,5282,5.366698429966989,2.300013612842995,28.2,0.0,337.0,130.8493536808262
2025-08-09 03:00:00,5283,4.248331192798401,1.8207133683421715,28.4,0.0,341.0,130.8493536808262
2025-08-09 04:00:00,5284,3.6896818380820404,1.5812922163208745,28.5,0.0,361.0,130.8493536808262
2025-08-09 05:00:00,5285,5.002328268106887,2.1438549720458084,28.5,0.0,371.0,130.8493536808262
2025-08-09 06:00:00,5286,5.574176795911958,2.3889329125336958,28.5,0.18602866152543665,393.0,130.8493536808262
2025-08-09 07:00:00,5287,5.466863475036305,2.3429414893012734,28.5,0.054081123763193725,440.0,130.8493536808262
2025-08-09 08:00:00,5288,5.642232717019017,2.418099735865293,28.4,0.0,480.0,130.8493536808262
2025-08-09 09:00:00,5289,5.696715777649224,2.4414496189925248,28.4,0.14509990180305266,501.0,130.8493536808262
2025-08-09 10:00:00,5290,6.139116524216088,2.6310499389497517,28.2,0.5023943208688877,503.0,130.8493536808262
2025-08-09 11:00:00,5291,5.404840364008809,2.316360156003775,28.1,0.3280860682757339,502.0,130.8493536808262
2025-08-09 12:00:00,5292,6.054003934816626,2.594573114921411,28.1,0.005935931421749367,500.0,130.8493536808262
2025-08-09 13:00:00,5293,5.463741522678811,2.3416035097194903,28.0,0.412233621748465,499.0,130.8493536808262
2025-08-09 14:00:00,5294,5.778716590884676,2.476592824664861,28.0,2.1204539268342,500.0,130.8493536808262
2025-08-09 15:00:00,5295,5.867288001223569,2.5145520005243864,28.0,4.190711856962643,498.0,130.8493536808262
2025-08-09 16:00:00,5296,5.991438012734871,2.567759148314945,28.0,3.680608200517953,497.0,130.8493536808262
2025-08-09 17:00:00,5297,5.814793667208009,2.4920544288034323,28.0,6.05906863067065,497.0,130.8493536808262
2025-08-09 18:00:00,5298,5.798941222682437,2.4852605240067587,28.0,10.32019193471071,497.0,130.8493536808262
2025-08-09 19:00:00,5299,5.319376443947647,2.279732761691849,28.0,9.326805356634244,497.0,130.8493536808262
2025-08-09 20:00:00,5300,5.838350450043176,2.502150192875647,27.9,10.409126688154194,495.0,130.8493536808262
2025-08-09 21:00:00,5301,5.879921373258586,2.5199663028251087,27.9,14.268087850000342,484.0,130.8493536808262
2025-08-09 22:00:00,5302,5.868200175383485,2.5149429323072074,27.9,12.750646335984099,467.0,130.8493536808262
2025-08-09 23:00:00,5303,5.599305124207509,2.3997021960889326,27.9,13.042338587550823,459.0,130.8493536808262
2025-08-10 00:00:00,5304,5.6511059247703415,2.4219025391872893,27.8,12.87547946221738,454.0,130.8493536808262
2025-08-10 01:00:00,5305,5.710987499861693,2.447566071369297,27.8,7.634890030622842,452.0,130.8493536808262
2025-08-10 02:00:00,5306,5.563146681521314,2.3842057206519915,27.7,11.085494117055568,447.0,130.8493536808262
2025-08-10 03:00:00,5307,5.725593341538991,2.4538257178024243,27.6,15.0,453.0,130.8493536808262
2025-08-10 04:00:00,5308,5.728061125704547,2.4548833395876626,27.6,15.0,457.0,130.8493536808262
2025-08-10 05:00:00,5309,5.659470939557844,2.42548754552479,27.5,15.0,461.0,130.8493536808262
2025-08-10 06:00:00,5310,5.679542957388775,2.4340898388809036,27.5,15.0,474.0,130.8493536808262
2025-08-10 07:00:00,5311,5.582683127987275,2.3925784834231183,27.5,15.0,486.0,130.8493536808262
2025-08-10 08:00:00,5312,5.096235741143312,2.1841010319185625,27.4,15.0,495.0,130.8493536808262
2025-08-10 09:00:00,5313,4.872230082146893,2.0880986066343823,27.4,15.0,500.0,130.8493536808262
2025-08-10 10:00:00,5314,5.127618500288056,2.197550785837738,27.3,15.0,499.0,130.8493536808262
2025-08-10 11:00:00,5315,5.156719785106883,2.210022765045807,27.2,15.0,499.0,130.8493536808262
2025-08-10 12:00:00,5316,4.575178426643487,1.9607907542757799,27.2,15.0,498.0,130.8493536808262
2025-08-10 13:00:00,5317,5.112347954688016,2.191006266294864,27.2,15.0,497.0,130.8493536808262
2025-08-10 14:00:00,5318,4.636039812530662,1.9868742053702833,27.2,15.0,495.0,130.8493536808262
2025-08-10 15:00:00,5319,5.088206171461643,2.180659787769275,27.2,15.0,495.0,130.8493536808262
2025-08-10 16:00:00,5320,5.1524790835212215,2.208205321509095,27.2,15.0,494.0,130.8493536808262
2025-08-10 17:00:00,5321,5.121787800749692,2.1950519146070104,27.3,15.0,494.0,130.8493536808262
2025-08-10 18:00:00,5322,5.215750284687385,2.235321550580308,27.3,15.0,494.0,130.8493536808262
2025-08-10 19:00:00,5323,5.7183258333746725,2.4507110714462876,27.3,15.0,494.0,130.8493536808262
2025-08-10 20:00:00,5324,6.062072991851954,2.5980312822222658,27.3,15.0,491.0,130.8493536808262
2025-08-10 21:00:00,5325,5.263922888409672,2.2559669521755734,27.3,15.0,480.0,130.8493536808262
2025-08-10 22:00:00,5326,5.010826276338303,2.1474969755735582,27.4,15.0,469.0,130.8493536808262
2025-08-10 23:00:00,5327,5.689498890678358,2.4383566674335815,27.4,15.0,465.0,130.8493536808262
2025-08-11 00:00:00,5328,5.771668788720385,2.473572338023022,27.4,15.0,454.0,130.8493536808262
2025-08-11 01:00:00,5329,5.623703246254969,2.410158534109273,27.4,15.0,428.0,130.8493536808262
2025-08-11 02:00:00,5330,5.247494813072733,2.248926348459743,27.4,15.0,399.0,130.8493536808262
2025-08-11 03:00:00,5331,4.944562155964331,2.1190980668418558,27.4,15.0,378.0,130.8493536808262
2025-08-11 04:00:00,5332,4.655345640220455,1.995148131523052,27.4,15.0,379.0,130.8493536808262
2025-08-11 05:00:00,5333,4.862417254381834,2.0838931090207855,27.5,15.0,399.0,130.8493536808262
2025-08-11 06:00:00,5334,4.513741071239231,1.9344604591025276,27.5,15.0,429.0,130.8493536808262
2025-08-11 07:00:00,5335,4.43811676708345,1.9020500430357643,27.5,15.0,462.0,130.8493536808262
2025-08-11 08:00:00,5336,3.8518495909553248,1.6507926818379963,27.5,15.0,488.0,130.8493536808262
2025-08-11 09:00:00,5337,4.230160764145726,1.8129260417767394,27.5,15.0,499.0,130.8493536808262
2025-08-11 10:00:00,5338,4.226350881945563,1.8112932351195268,27.5,15.0,500.0,130.8493536808262
2025-08-11 11:00:00,5339,4.40134747239578,1.8862917738839053,27.5,15.0,500.0,130.8493536808262
2025-08-11 12:00:00,5340,5.060868486537354,2.168943637087437,27.5,15.0,499.0,130.8493536808262
2025-08-11 13:00:00,5341,5.135678620911303,2.201005123247701,27.5,15.0,499.0,130.8493536808262
2025-08-11 14:00:00,5342,5.028749243308676,2.1551782471322896,27.5,15.0,498.0,130.8493536808262
2025-08-11 15:00:00,5343,5.1713531957705605,2.2162942267588117,27.5,15.0,497.0,130.8493536808262
2025-08-11 16:00:00,5344,5.14578120033808,2.2053348001448914,27.5,15.0,496.0,130.8493536808262
2025-08-11 17:00:00,5345,5.280424743552392,2.263039175808168,27.5,15.0,495.0,130.8493536808262
2025-08-11 18:00:00,5346,5.264441118454689,2.256189050766295,27.5,15.0,495.0,130.8493536808262
2025-08-11 19:00:00,5347,5.194455917086202,2.2261953930369436,27.5,15.0,495.0,130.8493536808262
2025-08-11 20:00:00,5348,4.989125025238196,2.138196439387798,27.5,15.0,492.0,130.8493536808262
2025-08-11 21:00:00,5349,5.132506855201971,2.199645795086559,27.5,15.0,475.0,130.8493536808262
2025-08-11 22:00:00,5350,5.026600724018865,2.154257453150942,27.5,15.0,459.0,130.8493536808262
2025-08-11 23:00:00,5351,5.243814567480248,2.247349100348677,27.5,15.0,458.0,130.8493536808262
2025-08-12 00:00:00,5352,5.595339098877528,2.3980024709475116,27.5,15.0,458.0,130.8493536808262
2025-08-12 01:00:00,5353,5.1374885542521485,2.2017808089652062,27.5,15.0,454.0,130.8493536808262
2025-08-12 02:00:00,5354,4.971526170145588,2.130654072919538,27.5,15.0,444.0,130.8493536808262
2025-08-12 03:00:00,5355,4.54303620534936,1.947015516578297,27.5,15.0,439.0,130.8493536808262
2025-08-12 04:00:00,5356,4.036427646905014,1.7298975629592916,27.5,15.0,445.0,130.8493536808262
2025-08-12 05:00:00,5357,4.268264552604135,1.8292562368303433,27.5,15.0,458.0,130.8493536808262
2025-08-12 06:00:00,5358,4.212015321988345,1.8051494237092909,27.5,15.0,471.0,130.8493536808262
2025-08-12 07:00:00,5359,4.365086949099297,1.8707515496139844,27.5,15.0,485.0,130.8493536808262
2025-08-12 08:00:00,5360,4.670124933978685,2.001482114562293,27.5,15.0,497.0,130.8493536808262
2025-08-12 09:00:00,5361,4.378430596918232,1.8764702558220994,27.5,15.0,501.0,130.8493536808262
2025-08-12 10:00:00,5362,4.036956394709702,1.730124169161301,27.5,15.0,500.0,130.8493536808262
2025-08-12 11:00:00,5363,4.8976551833948925,2.098995078597811,27.5,15.0,500.0,130.8493536808262
2025-08-12 12:00:00,5364,4.111153212015635,1.761922805149558,27.5,15.0,499.0,130.8493536808262
2025-08-12 13:00:00,5365,4.784355964113798,2.050438270334485,27.5,15.0,498.0,130.8493536808262
2025-08-12 14:00:00,5366,4.770558958481285,2.0445252679205503,27.5,14.04857212151266,498.0,130.8493536808262
2025-08-12 15:00:00,5367,5.42325134791003,2.3242505776757274,27.5,9.189587548548815,496.0,130.8493536808262
2025-08-12 16:00:00,5368,4.947633296942012,2.120414270118005,27.5,4.887438047301823,497.0,130.8493536808262
2025-08-12 17:00:00,5369,4.869289429119237,2.0868383267653874,27.5,1.6255978025253466,498.0,130.8493536808262
2025-08-12 18:00:00,5370,4.5901633327337485,1.967212856885892,27.5,0.3720538527488045,498.0,130.8493536808262
2025-08-12 19:00:00,5371,4.663264387827626,1.9985418804975539,27.5,0.6507101191865836,498.0,130.8493536808262
2025-08-12 20:00:00,5372,4.525310672442982,1.9394188596184212,27.5,1.4018757039842646,493.0,130.8493536808262
2025-08-12 21:00:00,5373,5.060208095871969,2.168660612516558,27.5,1.9295581134178261,457.0,130.8493536808262
2025-08-12 22:00:00,5374,4.828573200406768,2.0693885144600435,27.5,1.0385655249612389,403.0,130.8493536808262
2025-08-12 23:00:00,5375,4.762873207089601,2.0412313744669714,27.5,1.0081486654203613,344.0,130.8493536808262
2025-08-13 00:00:00,5376,3.627343718962719,1.554575879555451,27.5,2.1235108235133513,326.0,130.8493536808262
2025-08-13 01:00:00,5377,4.0971300953184135,1.7559128979936058,27.6,2.510163391979172,325.0,130.8493536808262
2025-08-13 02:00:00,5378,3.926088506199008,1.682609359799575,27.8,2.0992590548153656,330.0,130.8493536808262
2025-08-13 03:00:00,5379,3.964482629896863,1.6990639842415127,28.0,1.619549091084009,322.0,130.8493536808262
2025-08-13 04:00:00,5380,3.8359831984543726,1.6439927993375882,28.0,1.1746578520268876,318.0,130.8493536808262
2025-08-13 05:00:00,5381,3.8007448601639635,1.6288906543559842,28.2,1.239516472454454,346.0,130.8493536808262
2025-08-13 06:00:00,5382,3.6166635920681016,1.5499986823149006,28.2,1.3535261891460908,386.0,130.8493536808262
2025-08-13 07:00:00,5383,3.8932077344592853,1.6685176004825508,28.2,1.0605499312454907,438.0,130.8493536808262
2025-08-13 08:00:00,5384,4.31733684463005,1.8502872191271647,28.2,0.5712388279302903,483.0,130.8493536808262
2025-08-13 09:00:00,5385,4.404141945622963,1.887489405266984,28.1,0.4498832280142599,500.0,130.8493536808262
2025-08-13 10:00:00,5386,4.464553258480628,1.9133799679202688,28.0,0.6061094577941208,502.0,130.8493536808262
2025-08-13 11:00:00,5387,4.566585390745682,1.957108024605292,28.0,1.0451851920042081,500.0,130.8493536808262
2025-08-13 12:00:00,5388,4.3877690624608,1.8804724553403425,27.9,1.4299781592855665,500.0,130.8493536808262
2025-08-13 13:00:00,5389,5.117114442168688,2.1930490466437234,27.9,1.5536992452825829,499.0,130.8493536808262
2025-08-13 14:00:00,5390,5.369066782412091,2.301028621033753,27.8,1.1025170779341236,499.0,130.8493536808262
2025-08-13 15:00:00,5391,4.827889110983783,2.069095333278764,27.8,0.6395003180513751,498.0,130.8493536808262
2025-08-13 16:00:00,5392,4.784150235426578,2.0503501008971052,27.7,0.39630766260170747,496.0,130.8493536808262
2025-08-13 17:00:00,5393,5.0258299242833235,2.1539271104071385,27.7,0.38942148495010365,497.0,130.8493536808262
2025-08-13 18:00:00,5394,5.663575007596897,2.4272464318272413,27.6,0.49733120167028766,498.0,130.8493536808262
2025-08-13 19:00:00,5395,5.827602553910218,2.4975439516758073,27.6,0.676541652583257,498.0,130.8493536808262
2025-08-13 20:00:00,5396,5.671108797016236,2.430475198721244,27.6,0.6435825242150104,492.0,130.8493536808262
2025-08-13 21:00:00,5397,5.334439843207934,2.286188504231972,27.6,0.4127766890225436,467.0,130.8493536808262
2025-08-13 22:00:00,5398,5.5270771242783345,2.368747338976429,27.6,0.21858356721833422,427.0,130.8493536808262
2025-08-13 23:00:00,5399,5.178243112520489,2.219247048223067,27.6,0.13229627246102263,384.0,130.8493536808262
2025-08-14 00:00:00,5400,5.511117874477488,2.3619076604903517,27.6,0.08517415350252477,351.0,130.8493536808262
2025-08-14 01:00:00,5401,5.722312640442453,2.452419703046766,27.8,0.015620571528917812,309.0,130.8493536808262
2025-08-14 02:00:00,5402,5.205581681208544,2.230963577660804,27.9,0.0,288.0,130.8493536808262
2025-08-14 03:00:00,5403,5.013508002068949,2.1486462866009783,28.0,0.0,279.0,130.8493536808262
2025-08-14 04:00:00,5404,4.5728063258169,1.9597741396358141,28.2,0.02977387470986903,300.0,130.8493536808262
2025-08-14 05:00:00,5405,5.291038176745653,2.267587790033851,28.3,0.1926342364316236,333.0,130.8493536808262
2025-08-14 06:00:00,5406,5.006631939898504,2.1456994028136447,28.4,0.5092988440258845,377.0,130.8493536808262
2025-08-14 07:00:00,5407,5.060417747568785,2.168750463243765,28.4,0.9240624582609939,430.0,130.8493536808262
2025-08-14 08:00:00,5408,4.246577971049857,1.8199619875927955,28.3,1.210380842087316,477.0,130.8493536808262
2025-08-14 09:00:00,5409,4.555947829135119,1.9525490696293366,28.2,1.328693704666533,499.0,130.8493536808262
2025-08-14 10:00:00,5410,4.557261165618005,1.9531119281220017,28.0,0.4271274508433581,500.0,130.8493536808262
2025-08-14 11:00:00,5411,4.338261974291979,1.8592551318394195,28.0,0.0,500.0,130.8493536808262
2025-08-14 12:00:00,5412,4.598947264450544,1.9709773990502328,27.9,0.0,499.0,130.8493536808262
2025-08-14 13:00:00,5413,5.122200638387234,2.1952288450231,27.9,0.0,498.0,130.8493536808262
2025-08-14 14:00:00,5414,4.94865926339562,2.120853970026694,27.8,0.0,496.0,130.8493536808262
2025-08-14 15:00:00,5415,5.1847416240193045,2.2220321245797017,27.8,0.0,496.0,130.8493536808262
2025-08-14 16:00:00,5416,4.923896984301926,2.1102415647008255,27.8,0.0,494.0,130.8493536808262
2025-08-14 17:00:00,5417,4.945266252287155,2.1193998224087807,27.7,0.0,494.0,130.8493536808262
2025-08-14 18:00:00,5418,5.132724763768698,2.1997391844722984,27.7,0.0,494.0,130.8493536808262
2025-08-14 19:00:00,5419,5.313030465540294,2.277013056660126,27.7,0.0,495.0,130.8493536808262
2025-08-14 20:00:00,5420,4.860784860145721,2.083193511491023,27.7,0.0,488.0,130.8493536808262
2025-08-14 21:00:00,5421,4.680392446878782,2.005882477233764,27.7,0.0,443.0,130.8493536808262
2025-08-14 22:00:00,5422,4.833369799783322,2.071444199907138,27.8,0.2477122844286267,380.0,130.8493536808262
2025-08-14 23:00:00,5423,5.116908249903217,2.19296067852995,27.8,0.16908407519749172,329.0,130.8493536808262
2025-08-15 00:00:00,5424,5.213149643032377,2.2342069898710184,27.8,0.114992729636018,300.0,130.8493536808262
2025-08-15 01:00:00,5425,5.443877309964744,2.3330902756991763,27.9,0.18039800051049878,285.0,130.8493536808262
2025-08-15 02:00:00,5426,4.9188408197443,2.1080746370332712,27.9,0.4276996147807895,283.0,130.8493536808262
2025-08-15 03:00:00,5427,4.917937353915054,2.107687437392166,28.0,0.8713471545854191,295.0,130.8493536808262
2025-08-15 04:00:00,5428,4.415899545271053,1.892528376544737,28.0,1.6824768776185344,325.0,130.8493536808262
2025-08-15 05:00:00,5429,4.291248302856375,1.8391064155098749,28.0,2.7720660370180603,366.0,130.8493536808262
2025-08-15 06:00:00,5430,4.096030964215135,1.7554418418064865,28.1,3.3655739443648627,411.0,130.8493536808262
2025-08-15 07:00:00,5431,4.387761257141481,1.8804691102034916,28.1,3.112014098114195,453.0,130.8493536808262
2025-08-15 08:00:00,5432,4.555104126929591,1.9521874829698247,28.1,2.409060840733626,486.0,130.8493536808262
2025-08-15 09:00:00,5433,4.813498909623684,2.0629281041244356,28.0,2.2249335989025876,500.0,130.8493536808262
2025-08-15 10:00:00,5434,4.991732659518005,2.1393139969362878,28.0,0.6662510483443164,501.0,130.8493536808262
2025-08-15 11:00:00,5435,5.133461440156839,2.200054902924359,28.0,0.48691718927233724,500.0,130.8493536808262
2025-08-15 12:00:00,5436,5.0613251613345,2.1691393548576423,28.0,0.5617085145092964,499.0,130.8493536808262
2025-08-15 13:00:00,5437,5.020260933345337,2.1515404000051443,28.0,0.9456170130891774,498.0,130.8493536808262
2025-08-15 14:00:00,5438,5.045851462483736,2.1625077696358868,27.9,1.194418903728984,497.0,130.8493536808262
2025-08-15 15:00:00,5439,5.257896873294113,2.2533843742689053,27.9,1.4808540087287434,496.0,130.8493536808262
2025-08-15 16:00:00,5440,5.310712329820919,2.2760195699232506,27.9,1.518504645153163,496.0,130.8493536808262
2025-08-15 17:00:00,5441,5.334060290108637,2.2860258386179875,27.9,1.4229886217868122,495.0,130.8493536808262
2025-08-15 18:00:00,5442,4.980851193201785,2.1346505113721936,27.9,1.234534535508106,496.0,130.8493536808262
2025-08-15 19:00:00,5443,5.233682240394915,2.2430066744549637,27.9,0.934034490165657,497.0,130.8493536808262
2025-08-15 20:00:00,5444,4.846728974232611,2.0771695603854043,27.9,0.767819542436104,492.0,130.8493536808262
2025-08-15 21:00:00,5445,4.978805950259491,2.1337739786826386,28.0,0.8211748934771855,465.0,130.8493536808262
2025-08-15 22:00:00,5446,5.045262645770209,2.1622554196158035,28.0,0.9291750959137521,419.0,130.8493536808262
2025-08-15 23:00:00,5447,4.873677505559447,2.088718930954048,28.0,1.2669242088825021,382.0,130.8493536808262
2025-08-16 00:00:00,5448,4.7358138116719255,2.029634490716539,28.0,1.1710734521915167,356.0,130.8493536808262
2025-08-16 01:00:00,5449,4.785895026902397,2.0510978686724557,28.0,1.0525429557927946,329.0,130.8493536808262
2025-08-16 02:00:00,5450,4.548706714045647,1.949445734590991,28.1,0.9740177374436929,313.0,130.8493536808262
2025-08-16 03:00:00,5451,4.953874619146491,2.123089122491353,28.2,0.9845039753377928,316.0,130.8493536808262
2025-08-16 04:00:00,5452,4.833521522999785,2.071509224142765,28.2,1.4167161945602724,335.0,130.8493536808262
2025-08-16 05:00:00,5453,4.826999668900413,2.0687141438144625,28.4,1.856435983636034,366.0,130.8493536808262
2025-08-16 06:00:00,5454,4.358428597893293,1.867897970525697,28.4,1.9147676561396605,407.0,130.8493536808262
2025-08-16 07:00:00,5455,4.2918871182733795,1.839380193545734,28.4,2.091137731087927,449.0,130.8493536808262
2025-08-16 08:00:00,5456,4.630133058585653,1.9843427393938513,28.3,2.6088248941520886,483.0,130.8493536808262
2025-08-16 09:00:00,5457,4.226496030375137,1.8113554415893445,28.2,4.114622921006922,502.0,130.8493536808262
2025-08-16 10:00:00,5458,4.44605493593688,1.9054521154015198,28.1,2.930633093131041,502.0,130.8493536808262
2025-08-16 11:00:00,5459,4.857123621815967,2.0816244093497,28.1,3.3489759789420552,501.0,130.8493536808262
2025-08-16 12:00:00,5460,4.561181018807518,1.954791865203222,28.0,3.835063680205078,500.0,130.8493536808262
2025-08-16 13:00:00,5461,5.451326224706682,2.336282667731435,28.0,4.5436950776475165,499.0,130.8493536808262
2025-08-16 14:00:00,5462,4.953337911558645,2.122859104953705,28.0,5.2970610813261425,498.0,130.8493536808262
2025-08-16 15:00:00,5463,5.312162470158622,2.276641058639409,28.0,6.01052120658849,496.0,130.8493536808262
2025-08-16 16:00:00,5464,5.111404103301863,2.1906017585579414,28.0,6.309636490926155,495.0,130.8493536808262
2025-08-16 17:00:00,5465,5.808333904283655,2.489285958978709,28.0,7.066559626047608,494.0,130.8493536808262
2025-08-16 18:00:00,5466,5.56300724564931,2.3841459624211327,28.0,7.482483920971356,494.0,130.8493536808262
2025-08-16 19:00:00,5467,5.798034482694181,2.484871921154649,28.0,6.9330164356838555,494.0,130.8493536808262
2025-08-16 20:00:00,5468,6.130090043463648,2.6271814471987063,28.0,6.927164817047183,489.0,130.8493536808262
2025-08-16 21:00:00,5469,6.175959503753127,2.6468397873227687,28.0,7.41580031345946,451.0,130.8493536808262
2025-08-16 22:00:00,5470,6.080193085858065,2.605797036796314,28.0,8.861416699322184,393.0,130.8493536808262
2025-08-16 23:00:00,5471,6.0547200493239455,2.594880021138834,28.0,9.046074584136125,342.0,130.8493536808262
2025-08-17 00:00:00,5472,5.830841939696281,2.4989322598698345,28.0,8.492074662564653,316.0,130.8493536808262
2025-08-17 01:00:00,5473,5.377746220020617,2.3047483800088355,28.0,9.15709334067738,295.0,130.8493536808262
2025-08-17 02:00:00,5474,4.7134309753425345,2.0200418465753716,28.0,9.403939616304871,288.0,130.8493536808262
2025-08-17 03:00:00,5475,4.595160487957646,1.9693544948389907,28.1,9.418158283611447,291.0,130.8493536808262
2025-08-17 04:00:00,5476,4.4820041684115965,1.9208589293192555,28.1,10.6728672098717,307.0,130.8493536808262
2025-08-17 05:00:00,5477,4.513090795000062,1.9341817692857408,28.2,11.558030660445102,338.0,130.8493536808262
2025-08-17 06:00:00,5478,4.132606318768756,1.7711169937580384,28.2,11.337432120114705,383.0,130.8493536808262
2025-08-17 07:00:00,5479,3.87417884701342,1.6603623630057516,28.2,11.027039466433312,435.0,130.8493536808262
2025-08-17 08:00:00,5480,3.996256384279831,1.7126813075484988,28.2,11.057807283830332,479.0,130.8493536808262
2025-08-17 09:00:00,5481,4.527174267363797,1.9402175431559132,28.2,11.346052637099904,498.0,130.8493536808262
2025-08-17 10:00:00,5482,4.00105596356116,1.71473827009764,28.2,9.70950511235015,499.0,130.8493536808262
2025-08-17 11:00:00,5483,4.649801501667793,1.9927720721433397,28.1,8.453772423925406,499.0,130.8493536808262
2025-08-17 12:00:00,5484,4.282300038479604,1.835271445062687,28.1,7.4432693080745045,499.0,130.8493536808262
2025-08-17 13:00:00,5485,4.946977479792529,2.120133205625369,28.1,7.096143538376203,498.0,130.8493536808262
2025-08-17 14:00:00,5486,4.899717416652541,2.099878892851089,28.1,6.911817316944808,497.0,130.8493536808262
2025-08-17 15:00:00,5487,5.0080954023556465,2.1463266010095627,28.1,6.303039369791333,496.0,130.8493536808262
2025-08-17 16:00:00,5488,4.51368243694788,1.9344353301205195,28.0,4.948702616442183,496.0,130.8493536808262
2025-08-17 17:00:00,5489,4.629377258225309,1.9840188249537039,28.0,4.092304572808685,495.0,130.8493536808262
2025-08-17 18:00:00,5490,4.6975068729840395,2.013217231278874,28.0,3.988698652065257,497.0,130.8493536808262
2025-08-17 19:00:00,5491,4.3317367837702,1.8564586216157999,28.0,3.2196717071109426,498.0,130.8493536808262
2025-08-17 20:00:00,5492,4.162070149379961,1.7837443497342689,28.1,2.2766784938140994,492.0,130.8493536808262
2025-08-17 21:00:00,5493,4.06994614635952,1.7442626341540797,28.1,1.147600584177075,453.0,130.8493536808262
2025-08-17 22:00:00,5494,3.948106392755106,1.6920455968950454,28.1,0.9081228140610922,404.0,130.8493536808262
2025-08-17 23:00:00,5495,4.069962749362986,1.744269749726994,28.2,0.4515011168776129,371.0,130.8493536808262
2025-08-18 00:00:00,5496,4.313171317979452,1.848501993419765,28.3,0.04707412928864239,353.0,130.8493536808262
2025-08-18 01:00:00,5497,5.041549655900836,2.1606641382432152,28.4,0.0,341.0,130.8493536808262
2025-08-18 02:00:00,5498,4.047099383173494,1.734471164217212,28.5,0.0,339.0,130.8493536808262
2025-08-18 03:00:00,5499,4.273856234343822,1.8316526718616377,28.7,0.0,347.0,130.8493536808262
2025-08-18 04:00:00,5500,4.2340368757082425,1.8145872324463896,28.9,0.0,366.0,130.8493536808262
2025-08-18 05:00:00,5501,4.163627914813213,1.7844119634913769,29.0,0.0,392.0,130.8493536808262
2025-08-18 06:00:00,5502,4.147662542955222,1.7775696612665233,29.0,0.0,425.0,130.8493536808262
2025-08-18 07:00:00,5503,4.17839211193079,1.790739476541767,29.0,0.0,462.0,130.8493536808262
2025-08-18 08:00:00,5504,4.540197272536472,1.9457988310870593,29.0,0.0,492.0,130.8493536808262
2025-08-18 09:00:00,5505,4.182352011068852,1.7924365761723653,29.0,0.0,502.0,130.8493536808262
2025-08-18 10:00:00,5506,4.50904929607455,1.9324496983176642,28.9,0.006234225171632557,502.0,130.8493536808262
2025-08-18 11:00:00,5507,4.420532574600212,1.8945139605429477,28.8,0.38619562688030734,501.0,130.8493536808262
2025-08-18 12:00:00,5508,4.26362142994252,1.827266327118223,28.8,0.5734592537055117,501.0,130.8493536808262
2025-08-18 13:00:00,5509,4.9298656226481885,2.112799552563509,28.7,0.6238826806713753,500.0,130.8493536808262
2025-08-18 14:00:00,5510,4.570563605763963,1.9588129738988411,28.6,1.0398652387874834,500.0,130.8493536808262
2025-08-18 15:00:00,5511,4.669077801836622,2.001033343644266,28.5,2.1614610405908667,499.0,130.8493536808262
2025-08-18 16:00:00,5512,4.4918354024129705,1.9250723153198444,28.5,3.4051514335384105,499.0,130.8493536808262
2025-08-18 17:00:00,5513,4.586346615539853,1.9655771209456512,28.5,3.5375252177212633,498.0,130.8493536808262
2025-08-18 18:00:00,5514,4.489295313514143,1.9239837057917752,28.4,3.301971122893233,498.0,130.8493536808262
2025-08-18 19:00:00,5515,4.289201555632743,1.838229238128318,28.4,2.9482700529407198,498.0,130.8493536808262
2025-08-18 20:00:00,5516,4.50836799344259,1.9321577114753956,28.4,3.031458846067128,493.0,130.8493536808262
2025-08-18 21:00:00,5517,4.282713079990655,1.8354484628531378,28.4,3.283770464803843,458.0,130.8493536808262
2025-08-18 22:00:00,5518,4.239533809073935,1.8169430610316863,28.5,3.213660832861861,408.0,130.8493536808262
2025-08-18 23:00:00,5519,4.184374333489465,1.7933032857811995,28.5,2.511031821268852,372.0,130.8493536808262
2025-08-19 00:00:00,5520,4.654556193284307,1.994809797121846,28.5,2.537344836373948,359.0,130.8493536808262
2025-08-19 01:00:00,5521,4.458461599255557,1.91076925682381,28.5,3.8517586708514875,345.0,130.8493536808262
2025-08-19 02:00:00,5522,4.096434153950341,1.755614637407289,28.6,5.004813261408998,337.0,130.8493536808262
2025-08-19 03:00:00,5523,3.6759858284158193,1.575422497892494,28.6,6.669728873592245,335.0,130.8493536808262
2025-08-19 04:00:00,5524,3.640809989949182,1.5603471385496495,28.6,7.76331520234402,358.0,130.8493536808262
2025-08-19 05:00:00,5525,3.6514551538476496,1.5649093516489927,28.7,8.381982576863601,383.0,130.8493536808262
2025-08-19 06:00:00,5526,3.7547092466584777,1.6091611057107762,28.7,8.895276514659336,414.0,130.8493536808262
2025-08-19 07:00:00,5527,4.079775428178951,1.7484751835052645,28.7,8.971581686884983,455.0,130.8493536808262
2025-08-19 08:00:00,5528,4.078864454706385,1.7480847663027363,28.6,8.679373354463728,486.0,130.8493536808262
2025-08-19 09:00:00,5529,3.9462193542881283,1.6912368661234836,28.5,8.801085686444344,499.0,130.8493536808262
2025-08-19 10:00:00,5530,4.028290384971561,1.7264101649878119,28.5,9.30625962056747,499.0,130.8493536808262
2025-08-19 11:00:00,5531,3.889002185054095,1.6667152221660406,28.5,9.330242394780882,500.0,130.8493536808262
2025-08-19 12:00:00,5532,4.02489419483317,1.7249546549285015,28.4,9.31767042800151,499.0,130.8493536808262
2025-08-19 13:00:00,5533,4.306266088356264,1.8455426092955414,28.4,10.266100308413332,499.0,130.8493536808262
2025-08-19 14:00:00,5534,4.066077503920879,1.7426046445375196,28.4,11.561128118925767,498.0,130.8493536808262
2025-08-19 15:00:00,5535,4.314928808574553,1.8492552036748082,28.3,11.851071849625097,497.0,130.8493536808262
2025-08-19 16:00:00,5536,3.9991266641148537,1.7139114274777945,28.2,11.81458106882905,498.0,130.8493536808262
2025-08-19 17:00:00,5537,4.030921707089382,1.7275378744668777,28.2,10.94639000276413,497.0,130.8493536808262
2025-08-19 18:00:00,5538,4.333015301795765,1.8570065579124706,28.2,9.871064376771892,498.0,130.8493536808262
2025-08-19 19:00:00,5539,4.054008907281669,1.737432388835001,28.2,8.44625268898116,498.0,130.8493536808262
2025-08-19 20:00:00,5540,3.7539087973447836,1.6088180560049072,28.2,7.008020461297663,494.0,130.8493536808262
2025-08-19 21:00:00,5541,4.144182986282836,1.7760784226926438,28.3,6.108821868396312,458.0,130.8493536808262
2025-08-19 22:00:00,5542,3.8531150721435785,1.6513350309186765,28.3,5.306761122542498,409.0,130.8493536808262
2025-08-19 23:00:00,5543,3.9586878454748002,1.6965805052034857,28.4,3.8509712403638563,378.0,130.8493536808262
2025-08-20 00:00:00,5544,4.267117707574318,1.8287647318175648,28.4,2.9232748487365487,365.0,130.8493536808262
2025-08-20 01:00:00,5545,4.183300339239982,1.7928430025314208,28.5,2.7069739544702176,354.0,130.8493536808262
2025-08-20 02:00:00,5546,4.39763007801967,1.884698604865573,28.5,2.485801763721244,350.0,130.8493536808262
2025-08-20 03:00:00,5547,4.870138222461296,2.087202095340555,28.6,2.6756064793249,350.0,130.8493536808262
2025-08-20 04:00:00,5548,4.3575148481128005,1.8675063634769142,28.7,3.917865006857464,369.0,130.8493536808262
2025-08-20 05:00:00,5549,4.281230202772156,1.8348129440452097,28.8,5.412780057918493,394.0,130.8493536808262
2025-08-20 06:00:00,5550,4.493878183237368,1.9259477928160147,28.8,7.778129111384612,427.0,130.8493536808262
2025-08-20 07:00:00,5551,4.190783362056472,1.7960500123099166,28.8,7.886031916526638,464.0,130.8493536808262
2025-08-20 08:00:00,5552,4.2526200810275325,1.822551463297514,28.8,7.122608353669363,491.0,130.8493536808262
2025-08-20 09:00:00,5553,3.9852300729486467,1.7079557455494199,28.7,10.097237150594975,502.0,130.8493536808262
2025-08-20 10:00:00,5554,3.8812054623679444,1.663373769586262,28.6,13.143196445522719,500.0,130.8493536808262
2025-08-20 11:00:00,5555,4.4111251430835825,1.890482204178678,28.6,12.919340199288925,499.0,130.8493536808262
2025-08-20 12:00:00,5556,4.30134079864375,1.8434317708473213,28.5,12.573921286007593,499.0,130.8493536808262
2025-08-20 13:00:00,5557,4.60642173334667,1.9741807428628582,28.5,13.340188902290542,499.0,130.8493536808262
2025-08-20 14:00:00,5558,4.458356939740591,1.9107244027459676,28.5,14.013432235776017,499.0,130.8493536808262
2025-08-20 15:00:00,5559,4.763414810623797,2.041463490267341,28.5,12.722067864397383,497.0,130.8493536808262
2025-08-20 16:00:00,5560,4.786641024544599,2.051417581947685,28.4,10.757216488267709,498.0,130.8493536808262
2025-08-20 17:00:00,5561,4.852285876801341,2.0795510900577177,28.4,8.99260415399636,497.0,130.8493536808262
2025-08-20 18:00:00,5562,4.731037121692399,2.027587337868171,28.4,6.668346237712318,498.0,130.8493536808262
2025-08-20 19:00:00,5563,5.012647718516176,2.1482775936497895,28.4,5.138611581379463,499.0,130.8493536808262
2025-08-20 20:00:00,5564,5.083937004821106,2.1788301449233307,28.4,4.019525529809213,495.0,130.8493536808262
2025-08-20 21:00:00,5565,4.709524840905658,2.0183677889595675,28.5,2.4199914658723,461.0,130.8493536808262
2025-08-20 22:00:00,5566,4.640683930818327,1.9888645417792832,28.5,2.096712150199325,413.0,130.8493536808262
2025-08-20 23:00:00,5567,5.218887889607641,2.2366662384032745,28.5,0.9447050281609384,378.0,130.8493536808262
2025-08-21 00:00:00,5568,5.1472908628221585,2.205981798352354,28.5,0.18843233527840572,361.0,130.8493536808262
2025-08-21 01:00:00,5569,5.384257941760467,2.3075391178973423,28.6,0.0,348.0,130.8493536808262
2025-08-21 02:00:00,5570,4.349853167471183,1.8642227860590785,28.8,0.0,350.0,130.8493536808262
2025-08-21 03:00:00,5571,5.041078052752959,2.160462022608411,28.9,0.0,351.0,130.8493536808262
2025-08-21 04:00:00,5572,5.579344998654474,2.391147856566203,29.0,0.0,369.0,130.8493536808262
2025-08-21 05:00:00,5573,5.538010208974438,2.37343294670333,29.1,0.0,394.0,130.8493536808262
2025-08-21 06:00:00,5574,5.09150185376159,2.1820722230406813,29.1,0.42221095041016343,425.0,130.8493536808262
2025-08-21 07:00:00,5575,5.381500641064703,2.3063574175991586,29.1,0.5735751092200175,463.0,130.8493536808262
2025-08-21 08:00:00,5576,5.608476759432577,2.403632896899676,29.1,0.5674824275522701,492.0,130.8493536808262
2025-08-21 09:00:00,5577,5.553974504664044,2.3802747877131614,29.0,0.25127625245790347,503.0,130.8493536808262
2025-08-21 10:00:00,5578,5.870829444807967,2.516069762060557,29.0,0.0,504.0,130.8493536808262
2025-08-21 11:00:00,5579,5.337651028413237,2.2875647264628154,29.0,0.0,503.0,130.8493536808262
2025-08-21 12:00:00,5580,5.829616293528776,2.4984069829409035,28.9,0.0,502.0,130.8493536808262
2025-08-21 13:00:00,5581,5.973747443453535,2.560177475765801,28.9,0.0,502.0,130.8493536808262
2025-08-21 14:00:00,5582,5.795110701236501,2.4836188719585004,28.9,0.02453010246707283,501.0,130.8493536808262
2025-08-21 15:00:00,5583,5.306110163176685,2.2740472127900078,28.9,0.17392858903550476,501.0,130.8493536808262
2025-08-21 16:00:00,5584,5.182680870573129,2.2211489445313406,28.8,0.0,502.0,130.8493536808262
2025-08-21 17:00:00,5585,4.879271841974907,2.0911165037035313,28.8,0.0,501.0,130.8493536808262
2025-08-21 18:00:00,5586,4.946582803931122,2.1199640588276236,28.8,0.0,502.0,130.8493536808262
2025-08-21 19:00:00,5587,4.967736848490909,2.129030077924675,28.8,0.0,502.0,130.8493536808262
2025-08-21 20:00:00,5588,5.350463465703427,2.2930557710157546,28.8,0.0,499.0,130.8493536808262
2025-08-21 21:00:00,5589,5.616445183117877,2.407047935621947,28.8,0.0,467.0,130.8493536808262
2025-08-21 22:00:00,5590,5.248571030533476,2.249387584514347,28.8,0.0,418.0,130.8493536808262
2025-08-21 23:00:00,5591,5.01683319774948,2.1500713704640626,28.8,0.0,383.0,130.8493536808262
2025-08-22 00:00:00,5592,4.652347439815172,1.9938631884922164,28.9,0.0,370.0,130.8493536808262
2025-08-22 01:00:00,5593,5.124586056029864,2.1962511668699416,29.0,0.0,357.0,130.8493536808262
2025-08-22 02:00:00,5594,4.970985604942902,2.1304224021183864,29.1,0.0,354.0,130.8493536808262
2025-08-22 03:00:00,5595,4.451863850603655,1.9079416502587092,29.4,0.0,356.0,130.8493536808262
2025-08-22 04:00:00,5596,4.13238774506153,1.7710233193120841,29.5,0.0,371.0,130.8493536808262
2025-08-22 05:00:00,5597,4.377973013865956,1.8762741487996952,29.7,0.0,395.0,130.8493536808262
2025-08-22 06:00:00,5598,4.481203092316399,1.9205156109927424,29.8,0.2511073678484589,429.0,130.8493536808262
2025-08-22 07:00:00,5599,4.301238433712349,1.8433879001624351,29.7,1.0968268308018345,467.0,130.8493536808262
2025-08-22 08:00:00,5600,5.403931998103328,2.3159708563299977,29.6,1.3105911828566492,493.0,130.8493536808262
2025-08-22 09:00:00,5601,5.061597042288888,2.1692558752666664,29.4,1.785075749331581,504.0,130.8493536808262
2025-08-22 10:00:00,5602,5.666658303818611,2.4285678444936902,29.2,1.666608275028129,503.0,130.8493536808262
2025-08-22 11:00:00,5603,5.099406461992107,2.1854599122823313,29.0,1.5540135640974941,502.0,130.8493536808262
2025-08-22 12:00:00,5604,5.448675697859017,2.335146727653864,29.0,1.7111143965236293,502.0,130.8493536808262
2025-08-22 13:00:00,5605,5.317814071219012,2.2790631733795763,28.9,2.063764729141296,501.0,130.8493536808262
2025-08-22 14:00:00,5606,5.664774077621791,2.4277603189807677,28.9,2.831269989005568,501.0,130.8493536808262
2025-08-22 15:00:00,5607,5.518153428617085,2.3649228979787504,28.8,3.813116152447649,500.0,130.8493536808262
2025-08-22 16:00:00,5608,5.235818167754649,2.24392207189485,28.8,4.431006993720662,500.0,130.8493536808262
2025-08-22 17:00:00,5609,5.267170461584277,2.2573587692504042,28.8,4.794282150161682,500.0,130.8493536808262
2025-08-22 18:00:00,5610,5.013443237405781,2.148618530316763,28.8,5.3166619795384,500.0,130.8493536808262
2025-08-22 19:00:00,5611,4.777072902269014,2.047316958115291,28.8,5.573450420257432,499.0,130.8493536808262
2025-08-22 20:00:00,5612,5.395590265723849,2.312395828167364,28.8,5.382925965679401,495.0,130.8493536808262
2025-08-22 21:00:00,5613,5.200735538820194,2.228886659494368,28.8,4.263439973708311,459.0,130.8493536808262
2025-08-22 22:00:00,5614,5.129812695857982,2.1984911553677065,28.8,4.148744580175687,401.0,130.8493536808262
2025-08-22 23:00:00,5615,5.287807684387182,2.266203293308792,28.8,3.237620198870691,357.0,130.8493536808262
2025-08-23 00:00:00,5616,5.353927117207786,2.294540193089051,28.8,2.447179685952676,334.0,130.8493536808262
2025-08-23 01:00:00,5617,5.401695940619817,2.3150125459799216,28.9,2.1863448916934107,321.0,130.8493536808262
2025-08-23 02:00:00,5618,6.142906545423331,2.6326742337528564,29.0,2.3504626440813428,319.0,130.8493536808262
2025-08-23 03:00:00,5619,5.297368471918407,2.2703007736793173,29.0,2.713293325423939,321.0,130.8493536808262
2025-08-23 04:00:00,5620,5.143653316155156,2.2044228497807814,29.1,3.8078603716028585,339.0,130.8493536808262
2025-08-23 05:00:00,5621,4.912118473683721,2.1051936315787376,29.2,5.042461486922365,368.0,130.8493536808262
2025-08-23 06:00:00,5622,4.401832757804271,1.8864997533446874,29.2,5.706721090444537,406.0,130.8493536808262
2025-08-23 07:00:00,5623,4.675610533067005,2.0038330856001445,29.2,5.609230805929456,451.0,130.8493536808262
2025-08-23 08:00:00,5624,4.8376723065221485,2.0732881313666347,29.1,5.363955628795605,488.0,130.8493536808262
2025-08-23 09:00:00,5625,4.68034208521996,2.0058608936656976,29.0,6.7537257636539,502.0,130.8493536808262
2025-08-23 10:00:00,5626,4.448929013710728,1.9066838630188836,29.0,6.564653180231053,501.0,130.8493536808262
2025-08-23 11:00:00,5627,4.634263586044767,1.9861129654477572,28.9,7.269916336631494,501.0,130.8493536808262
2025-08-23 12:00:00,5628,4.6516526075224185,1.9935654032238932,28.8,8.009852751288484,500.0,130.8493536808262
2025-08-23 13:00:00,5629,5.202252292694057,2.2295366968688812,28.8,9.032885033105488,501.0,130.8493536808262
2025-08-23 14:00:00,5630,5.173864166110086,2.2173703569043224,28.7,9.067582473619664,501.0,130.8493536808262
2025-08-23 15:00:00,5631,5.264600614820935,2.256257406351829,28.6,7.919234887008782,501.0,130.8493536808262
2025-08-23 16:00:00,5632,5.286993828627065,2.2658544979830277,28.6,7.275130736473633,501.0,130.8493536808262
2025-08-23 17:00:00,5633,5.621933013828965,2.4093998630695563,28.6,6.709980186802769,501.0,130.8493536808262
2025-08-23 18:00:00,5634,5.382470236227152,2.306772958383065,28.6,6.325201506141459,501.0,130.8493536808262
2025-08-23 19:00:00,5635,5.131224463622173,2.1990961986952167,28.6,5.618500058865303,501.0,130.8493536808262
2025-08-23 20:00:00,5636,5.255160933814604,2.2522118287776873,28.6,5.040678739344775,497.0,130.8493536808262
2025-08-23 21:00:00,5637,4.993374990105048,2.1400178529021634,28.6,4.317945909015072,459.0,130.8493536808262
2025-08-23 22:00:00,5638,4.96932989779414,2.1297128133403453,28.7,3.8941548532392183,397.0,130.8493536808262
2025-08-23 23:00:00,5639,4.97164477043254,2.1307049016139454,28.8,3.574948168311157,350.0,130.8493536808262
2025-08-24 00:00:00,5640,5.236013648820938,2.244005849494688,28.8,2.444154880608432,326.0,130.8493536808262
2025-08-24 01:00:00,5641,5.613749636260055,2.405892701254309,28.9,1.4341796373881806,314.0,130.8493536808262
2025-08-24 02:00:00,5642,5.2127404470506375,2.2340316201645587,29.0,1.0311387172333766,312.0,130.8493536808262
2025-08-24 03:00:00,5643,4.578670127493463,1.962287197497198,29.0,0.7695301959479393,320.0,130.8493536808262
2025-08-24 04:00:00,5644,4.437603977389333,1.901830276024,29.0,0.8938024682266372,341.0,130.8493536808262
2025-08-24 05:00:00,5645,4.824756258039087,2.067752682016751,29.1,1.9704338207955963,371.0,130.8493536808262
2025-08-24 06:00:00,5646,4.365617954243582,1.8709791232472495,29.1,3.3653401966114105,410.0,130.8493536808262
2025-08-24 07:00:00,5647,4.156039878053711,1.781159947737305,29.1,3.769478441582315,455.0,130.8493536808262
2025-08-24 08:00:00,5648,4.423925040520393,1.8959678745087398,29.1,3.289313176588019,491.0,130.8493536808262
2025-08-24 09:00:00,5649,4.567571011694575,1.9575304335833892,29.0,3.1863676575106044,504.0,130.8493536808262
2025-08-24 10:00:00,5650,4.2045575366272345,1.8019532299831003,29.0,2.930633093131041,503.0,130.8493536808262
2025-08-24 11:00:00,5651,4.575013479119374,1.9607200624797316,29.0,2.588021433444403,503.0,130.8493536808262
2025-08-24 12:00:00,5652,4.746251419222027,2.034107751095154,28.9,2.725606405319638,502.0,130.8493536808262
2025-08-24 13:00:00,5653,4.897838741486256,2.099073746351252,28.9,2.832758478395573,503.0,130.8493536808262
2025-08-24 14:00:00,5654,5.084435413213147,2.17904374851992,28.9,2.282450451739813,503.0,130.8493536808262
2025-08-24 15:00:00,5655,5.159874667203823,2.2113748573730674,28.8,1.6402874587434033,502.0,130.8493536808262
2025-08-24 16:00:00,5656,4.950604945259427,2.1216878336826115,28.8,1.0629926927768707,501.0,130.8493536808262
2025-08-24 17:00:00,5657,5.132143138431134,2.1994899164704864,28.8,0.6355712238678962,501.0,130.8493536808262
2025-08-24 18:00:00,5658,5.059855813270147,2.168509634258634,28.8,0.34266295533861546,501.0,130.8493536808262
2025-08-24 19:00:00,5659,5.036769886327697,2.158615665569013,28.8,0.10052723417698298,502.0,130.8493536808262
2025-08-24 20:00:00,5660,5.1472012081550425,2.205943374923589,28.8,0.0,499.0,130.8493536808262
2025-08-24 21:00:00,5661,4.9414642330534715,2.1177703855943446,28.9,0.0,475.0,130.8493536808262
2025-08-24 22:00:00,5662,4.739450792074297,2.03119319660327,28.9,0.0,443.0,130.8493536808262
2025-08-24 23:00:00,5663,4.673215208018867,2.0028065177223713,29.0,0.0,418.0,130.8493536808262
2025-08-25 00:00:00,5664,5.027935916438549,2.154829678473664,29.0,0.0,398.0,130.8493536808262
2025-08-25 01:00:00,5665,4.5263254898847425,1.9398537813791754,29.1,0.0,378.0,130.8493536808262
2025-08-25 02:00:00,5666,4.265897707658881,1.8282418747109486,29.2,0.0,369.0,130.8493536808262
2025-08-25 03:00:00,5667,4.212186776562413,1.8052229042410337,29.4,0.0,365.0,130.8493536808262
2025-08-25 04:00:00,5668,3.9905505003968242,1.710235928741496,29.5,0.11301044059971806,379.0,130.8493536808262
2025-08-25 05:00:00,5669,3.8443939292136267,1.6475973982344114,29.7,0.10140839858497393,403.0,130.8493536808262
2025-08-25 06:00:00,5670,3.803983593064361,1.630278682741869,29.8,0.014628998669986395,432.0,130.8493536808262
2025-08-25 07:00:00,5671,4.011815678000594,1.7193495762859687,29.8,0.0,466.0,130.8493536808262
2025-08-25 08:00:00,5672,3.8810017158239196,1.6632864496388227,29.7,0.0,493.0,130.8493536808262
2025-08-25 09:00:00,5673,4.092138730335961,1.7537737415725547,29.6,0.0,503.0,130.8493536808262
2025-08-25 10:00:00,5674,3.729983880838372,1.5985645203593022,29.5,0.0,503.0,130.8493536808262
2025-08-25 11:00:00,5675,3.939863557632828,1.6885129532712118,29.5,0.0,502.0,130.8493536808262
2025-08-25 12:00:00,5676,4.120091287271036,1.7657534088304436,29.4,0.0,501.0,130.8493536808262
2025-08-25 13:00:00,5677,4.3319902548047295,1.8565672520591698,29.4,0.0,502.0,130.8493536808262
2025-08-25 14:00:00,5678,3.9096619227856735,1.675569395479574,29.3,0.0,502.0,130.8493536808262
2025-08-25 15:00:00,5679,3.9522989207656534,1.6938423946138514,29.2,0.0,501.0,130.8493536808262
2025-08-25 16:00:00,5680,3.9233907060464897,1.6814531597342097,29.2,0.0,501.0,130.8493536808262
2025-08-25 17:00:00,5681,4.1267784929300255,1.768619354112868,29.2,0.2981470241101715,500.0,130.8493536808262
2025-08-25 18:00:00,5682,4.212209173718134,1.805232503022057,29.1,0.4684045549677589,500.0,130.8493536808262
2025-08-25 19:00:00,5683,4.273267022462713,1.83140015248402,29.1,0.44005205377097034,501.0,130.8493536808262
2025-08-25 20:00:00,5684,3.963579780465694,1.6986770487710119,29.1,0.34612723887192254,499.0,130.8493536808262
2025-08-25 21:00:00,5685,3.8897760752790296,1.6670468894052985,29.1,0.4762054645887244,475.0,130.8493536808262
2025-08-25 22:00:00,5686,3.8976985399547015,1.6704422314091578,29.1,0.1687721913311407,437.0,130.8493536808262
2025-08-25 23:00:00,5687,3.8809538227947207,1.6632659240548802,29.1,0.27653021436953207,408.0,130.8493536808262
2025-08-26 00:00:00,5688,4.481669332851126,1.9207154283647683,29.1,0.45837411256478305,390.0,130.8493536808262
2025-08-26 01:00:00,5689,4.116655983675981,1.7642811358611346,29.1,0.891757944644542,369.0,130.8493536808262
2025-08-26 02:00:00,5690,3.5886236098213766,1.5379815470663043,29.1,1.4702766212038902,361.0,130.8493536808262
2025-08-26 03:00:00,5691,3.4811701090894345,1.4919300467526146,29.1,2.206093619679116,356.0,130.8493536808262
2025-08-26 04:00:00,5692,3.5235722122823008,1.5101023766924146,29.1,2.900309704725339,370.0,130.8493536808262
2025-08-26 05:00:00,5693,3.36726856295215,1.4431150984080643,29.1,3.4269876535141885,392.0,130.8493536808262
2025-08-26 06:00:00,5694,3.499410995901182,1.4997475696719353,29.1,4.1277259345881925,423.0,130.8493536808262
2025-08-26 07:00:00,5695,3.478558927681629,1.4908109690064124,29.0,4.991095260837305,462.0,130.8493536808262
2025-08-26 08:00:00,5696,3.893122085845744,1.6684808939338902,29.0,5.417006342041752,491.0,130.8493536808262
2025-08-26 09:00:00,5697,3.4801680724458106,1.4915006024767758,28.9,6.757460426041925,502.0,130.8493536808262
2025-08-26 10:00:00,5698,3.8187428087841404,1.6366040609074888,28.8,5.2725068676237425,501.0,130.8493536808262
2025-08-26 11:00:00,5699,3.8899106096630702,1.6671045469984587,28.7,5.990827713544197,500.0,130.8493536808262
2025-08-26 12:00:00,5700,3.9009779241349642,1.6718476817721275,28.6,6.586404420739682,500.0,130.8493536808262
2025-08-26 13:00:00,5701,4.0992248255022155,1.7568106395009493,28.5,7.122959290916529,500.0,130.8493536808262
2025-08-26 14:00:00,5702,4.082298425817241,1.7495564682073887,28.5,8.649206011681894,500.0,130.8493536808262
2025-08-26 15:00:00,5703,4.078348377632487,1.7478635904139233,28.5,10.816604404417363,501.0,130.8493536808262
2025-08-26 16:00:00,5704,4.185264569250427,1.7936848153930403,28.4,12.366417533297948,498.0,130.8493536808262
2025-08-26 17:00:00,5705,4.2398227577235605,1.8170668961672403,28.4,13.509837922956526,499.0,130.8493536808262
2025-08-26 18:00:00,5706,4.203066354104415,1.801314151759035,28.3,13.937641522959265,498.0,130.8493536808262
2025-08-26 19:00:00,5707,4.326870796945544,1.854373198690947,28.2,14.291429553240626,499.0,130.8493536808262
2025-08-26 20:00:00,5708,4.216666921799526,1.807142966485511,28.2,14.040872108598458,496.0,130.8493536808262
2025-08-26 21:00:00,5709,4.466263832718971,1.9141130711652727,28.2,13.681433224415786,464.0,130.8493536808262
2025-08-26 22:00:00,5710,4.404748762756512,1.8877494697527903,28.2,14.818116855132825,415.0,130.8493536808262
2025-08-26 23:00:00,5711,4.535363578714808,1.943727248020632,28.2,13.46427747914473,386.0,130.8493536808262
2025-08-27 00:00:00,5712,4.367477818646552,1.8717762079913798,28.2,12.260478501593104,369.0,130.8493536808262
2025-08-27 01:00:00,5713,5.018265516104455,2.1506852211876235,28.2,12.78025007771636,355.0,130.8493536808262
2025-08-27 02:00:00,5714,4.581882878141261,1.9636640906319691,28.3,13.40024842926498,351.0,130.8493536808262
2025-08-27 03:00:00,5715,4.481197496059735,1.920513212597029,28.4,14.803470501609198,353.0,130.8493536808262
2025-08-27 04:00:00,5716,4.329268093162673,1.8554006113554313,28.5,15.0,377.0,130.8493536808262
2025-08-27 05:00:00,5717,4.274633199502898,1.8319856569298134,28.5,14.794818252174474,406.0,130.8493536808262
2025-08-27 06:00:00,5718,3.9267914188832567,1.6829106080928244,28.5,14.408435125531833,435.0,130.8493536808262
2025-08-27 07:00:00,5719,4.215055198356625,1.8064522278671247,28.5,13.582029585912577,468.0,130.8493536808262
2025-08-27 08:00:00,5720,4.432737486975901,1.8997446372753861,28.6,14.342586510113911,493.0,130.8493536808262
2025-08-27 09:00:00,5721,4.213766641794016,1.8058999893402925,28.6,15.0,501.0,130.8493536808262
2025-08-27 10:00:00,5722,4.7705513673639235,2.044522014584538,28.5,9.107538018757019,501.0,130.8493536808262
2025-08-27 11:00:00,5723,4.307685283488603,1.8461508357808296,28.5,7.421687431519888,501.0,130.8493536808262
2025-08-27 12:00:00,5724,4.432126258471062,1.8994826822018838,28.5,6.844560151697425,500.0,130.8493536808262
2025-08-27 13:00:00,5725,5.415309381114337,2.3208468776204305,28.5,6.043127065049315,500.0,130.8493536808262
2025-08-27 14:00:00,5726,4.725072203971485,2.025030944559208,28.5,5.417954730427663,500.0,130.8493536808262
2025-08-27 15:00:00,5727,4.7871987048455935,2.0516565877909687,28.5,3.540439803100619,500.0,130.8493536808262
2025-08-27 16:00:00,5728,4.841962740039776,2.0751268885884753,28.5,1.4001779459230264,499.0,130.8493536808262
2025-08-27 17:00:00,5729,5.2711074143571715,2.259046034724502,28.5,0.2126786293143956,498.0,130.8493536808262
2025-08-27 18:00:00,5730,5.134212026350946,2.200376582721834,28.5,0.0,499.0,130.8493536808262
2025-08-27 19:00:00,5731,5.24914007007429,2.249631458603267,28.5,0.5946458852128057,498.0,130.8493536808262
2025-08-27 20:00:00,5732,4.874002035330422,2.0888580151416094,28.5,1.8988531519302223,495.0,130.8493536808262
2025-08-27 21:00:00,5733,5.148237254672586,2.2063873948596795,28.5,3.1828000486291637,463.0,130.8493536808262
2025-08-27 22:00:00,5734,5.271482477404055,2.2592067760303087,28.5,1.8528259131243456,421.0,130.8493536808262
2025-08-27 23:00:00,5735,5.389222600828122,2.309666828926338,28.5,2.748199807357939,392.0,130.8493536808262
2025-08-28 00:00:00,5736,5.76208732474811,2.4694659963206185,28.5,3.8285218709002655,371.0,130.8493536808262
2025-08-28 01:00:00,5737,5.1140898252173725,2.1917527822360166,28.5,4.234751018500111,355.0,130.8493536808262
2025-08-28 02:00:00,5738,4.903754456289279,2.101609052695405,28.6,3.849954319584971,348.0,130.8493536808262
2025-08-28 03:00:00,5739,4.621779166017233,1.9807624997216713,28.7,3.38640094450078,342.0,130.8493536808262
2025-08-28 04:00:00,5740,4.5562259874546625,1.9526682803377122,28.8,3.331808838187286,370.0,130.8493536808262
2025-08-28 05:00:00,5741,4.598930969655019,1.9709704155664363,28.8,3.5948116720510193,396.0,130.8493536808262
2025-08-28 06:00:00,5742,4.545615905671781,1.948121102430763,28.8,4.419132840006283,430.0,130.8493536808262
2025-08-28 07:00:00,5743,4.489068700558455,1.9238865859536234,28.8,5.264128806978082,466.0,130.8493536808262
2025-08-28 08:00:00,5744,4.4387441371185705,1.902318915907959,28.7,4.958021745303728,494.0,130.8493536808262
2025-08-28 09:00:00,5745,4.159949101155686,1.7828353290667225,28.6,3.9553372500611776,504.0,130.8493536808262
2025-08-28 10:00:00,5746,4.343774766223384,1.861617756952879,28.5,2.1624046897518814,503.0,130.8493536808262
2025-08-28 11:00:00,5747,4.43349409437527,1.9000688975894016,28.5,1.7637317656614546,502.0,130.8493536808262
2025-08-28 12:00:00,5748,4.589415237164983,1.9668922444992782,28.4,1.0306648754585244,502.0,130.8493536808262
2025-08-28 13:00:00,5749,5.1140498026461785,2.191735629705505,28.4,0.4705027047285578,503.0,130.8493536808262
2025-08-28 14:00:00,5750,5.410686432622546,2.318865613981091,28.3,0.09833088267320926,503.0,130.8493536808262
2025-08-28 15:00:00,5751,4.953607222897794,2.1229745240990545,28.3,0.0,503.0,130.8493536808262
2025-08-28 16:00:00,5752,5.5903693395256635,2.395872574082427,28.2,0.0,501.0,130.8493536808262
2025-08-28 17:00:00,5753,5.030012696809914,2.1557197272042488,28.2,0.0,501.0,130.8493536808262
2025-08-28 18:00:00,5754,4.722721155804334,2.0240233524875713,28.2,0.5713390797235819,501.0,130.8493536808262
2025-08-28 19:00:00,5755,4.841392859812739,2.0748826542054593,28.2,0.3665231185818352,501.0,130.8493536808262
2025-08-28 20:00:00,5756,4.91994654463897,2.1085485191309865,28.3,0.0321924546407002,497.0,130.8493536808262
2025-08-28 21:00:00,5757,4.9140999408368895,2.106042831787238,28.3,0.0,465.0,130.8493536808262
2025-08-28 22:00:00,5758,5.209461537460391,2.23262637319731,28.4,0.0,411.0,130.8493536808262
2025-08-28 23:00:00,5759,5.5423998738133875,2.375314231634309,28.4,0.0,382.0,130.8493536808262
2025-08-29 00:00:00,5760,5.434616160449826,2.329121211621354,28.5,0.0,369.0,130.8493536808262
2025-08-29 01:00:00,5761,4.978657014173669,2.133710148931572,28.5,0.0,357.0,130.8493536808262
2025-08-29 02:00:00,5762,4.961714515538912,2.1264490780881045,28.6,0.0,356.0,130.8493536808262
2025-08-29 03:00:00,5763,5.262999732349572,2.255571313864102,28.7,0.0,354.0,130.8493536808262
2025-08-29 04:00:00,5764,5.018107910159691,2.1506176757827244,28.8,0.06667036454620169,368.0,130.8493536808262
2025-08-29 05:00:00,5765,4.889303674773341,2.095415860617146,28.9,0.21698866126803745,392.0,130.8493536808262
2025-08-29 06:00:00,5766,4.776576773244614,2.0471043313905484,28.9,0.6498625732296008,424.0,130.8493536808262
2025-08-29 07:00:00,5767,4.49219339362763,1.925225740126127,28.9,1.4303043285968247,463.0,130.8493536808262
2025-08-29 08:00:00,5768,4.6365426837265336,1.9870897215970855,28.8,1.9255475968181979,493.0,130.8493536808262
2025-08-29 09:00:00,5769,4.597405952595494,1.97031683682664,28.8,2.3794726359247576,503.0,130.8493536808262
2025-08-29 10:00:00,5770,3.7892453837887072,1.6239623073380174,28.6,0.9139880468938638,501.0,130.8493536808262
2025-08-29 11:00:00,5771,4.070499225110393,1.744499667904454,28.5,1.5716871312947254,501.0,130.8493536808262
2025-08-29 12:00:00,5772,4.183809763114796,1.7930613270491986,28.5,2.128864644165825,500.0,130.8493536808262
2025-08-29 13:00:00,5773,4.250586107356188,1.8216797602955093,28.5,2.139764948573908,501.0,130.8493536808262
2025-08-29 14:00:00,5774,4.424253200888867,1.896108514666657,28.5,2.713470981683218,501.0,130.8493536808262
2025-08-29 15:00:00,5775,4.542526237517148,1.9467969589359202,28.5,3.078278148125798,500.0,130.8493536808262
2025-08-29 16:00:00,5776,4.774397133045379,2.046170199876591,28.5,2.9602102610823775,498.0,130.8493536808262
2025-08-29 17:00:00,5777,4.717442819277933,2.0217612082619714,28.5,2.5494621287577974,498.0,130.8493536808262
2025-08-29 18:00:00,5778,5.117449218269202,2.193192522115372,28.5,2.091137731087927,497.0,130.8493536808262
2025-08-29 19:00:00,5779,4.76987124707361,2.044230534460118,28.5,1.4275033366311782,497.0,130.8493536808262
2025-08-29 20:00:00,5780,5.6917720062456,2.4393308598195422,28.5,1.19020630035697,494.0,130.8493536808262
2025-08-29 21:00:00,5781,5.376573815589644,2.30424592096699,28.5,1.0239420635210088,456.0,130.8493536808262
2025-08-29 22:00:00,5782,5.233670493160236,2.2430016399258155,28.5,0.4519228645317391,397.0,130.8493536808262
2025-08-29 23:00:00,5783,4.849762860761897,2.0784697974693844,28.6,0.10126877216650099,353.0,130.8493536808262
2025-08-30 00:00:00,5784,5.537537760699172,2.3732304688710735,28.7,0.0,332.0,130.8493536808262
2025-08-30 01:00:00,5785,5.38976761552663,2.3099004066542697,28.9,0.0,319.0,130.8493536808262
2025-08-30 02:00:00,5786,4.663378675298865,1.9985908608423706,29.0,0.0,318.0,130.8493536808262
2025-08-30 03:00:00,5787,4.2658653040704975,1.8282279874587843,29.2,0.0,328.0,130.8493536808262
2025-08-30 04:00:00,5788,4.23798469039617,1.8162791530269302,29.4,0.0,349.0,130.8493536808262
2025-08-30 05:00:00,5789,4.653061795830553,1.9941693410702368,29.5,0.0,378.0,130.8493536808262
2025-08-30 06:00:00,5790,4.6374902644283384,1.987495827612145,29.6,0.13089509686053086,414.0,130.8493536808262
2025-08-30 07:00:00,5791,4.442864908244244,1.9040849606761046,29.6,0.3260862152544231,456.0,130.8493536808262
2025-08-30 08:00:00,5792,4.343071579083011,1.861316391035576,29.5,0.4490390202066914,490.0,130.8493536808262
2025-08-30 09:00:00,5793,4.66708608499941,2.0001797507140324,29.4,0.6762640603075578,501.0,130.8493536808262
2025-08-30 10:00:00,5794,4.176008001048227,1.7897177147349543,29.2,0.8174342938186013,500.0,130.8493536808262
2025-08-30 11:00:00,5795,5.678758601534284,2.4337536863718356,29.1,0.5736069063562145,500.0,130.8493536808262
2025-08-30 12:00:00,5796,5.5073706622624155,2.360301712398178,29.0,0.3931112415047322,499.0,130.8493536808262
2025-08-30 13:00:00,5797,5.93165920453749,2.5421396590874954,29.0,0.17240843189094957,500.0,130.8493536808262
2025-08-30 14:00:00,5798,5.933013724664395,2.542720167713312,28.9,0.042378062249459295,500.0,130.8493536808262
2025-08-30 15:00:00,5799,5.919151182698047,2.536779078299163,28.9,0.01025364502565609,501.0,130.8493536808262
2025-08-30 16:00:00,5800,5.46133043369338,2.3405701858685917,28.8,0.0,500.0,130.8493536808262
2025-08-30 17:00:00,5801,5.23933296820536,2.245428414945154,28.8,0.0,501.0,130.8493536808262
2025-08-30 18:00:00,5802,4.833230744538971,2.0713846048024163,28.8,0.0,500.0,130.8493536808262
2025-08-30 19:00:00,5803,4.998010902999225,2.1420046727139535,28.8,0.0,500.0,130.8493536808262
2025-08-30 20:00:00,5804,4.905961381891157,2.102554877953353,28.8,0.0,497.0,130.8493536808262
2025-08-30 21:00:00,5805,4.771226732519827,2.0448114567942115,28.9,0.0,463.0,130.8493536808262
2025-08-30 22:00:00,5806,4.667442357690318,2.0003324390101356,28.9,0.0,405.0,130.8493536808262
2025-08-30 23:00:00,5807,5.093809778457736,2.1830613336247437,29.0,0.0,356.0,130.8493536808262
2025-08-31 00:00:00,5808,5.530808463627215,2.3703464844116633,29.0,0.0,329.0,130.8493536808262
2025-08-31 01:00:00,5809,5.441831569753911,2.332213529894533,29.1,0.0,313.0,130.8493536808262
2025-08-31 02:00:00,5810,4.882562360893003,2.092526726097001,29.2,0.04999376280435831,311.0,130.8493536808262
2025-08-31 03:00:00,5811,4.938614735349695,2.1165491722927263,29.4,0.1414300282756911,323.0,130.8493536808262
2025-08-31 04:00:00,5812,4.937598667179216,2.1161137145053783,29.5,0.3393723847714181,346.0,130.8493536808262
2025-08-31 05:00:00,5813,4.9564174899368165,2.124178924258636,29.5,0.4281339486868097,376.0,130.8493536808262
2025-08-31 06:00:00,5814,4.3672582224277745,1.8716820953261888,29.6,0.5028217893016976,414.0,130.8493536808262
2025-08-31 07:00:00,5815,4.470334639707389,1.9158577027317378,29.6,0.7535609875831264,458.0,130.8493536808262
2025-08-31 08:00:00,5816,5.430053297080983,2.3271656987489924,29.5,0.912750543644457,491.0,130.8493536808262
2025-08-31 09:00:00,5817,5.692872792603904,2.4398026254016734,29.4,1.069323532028605,502.0,130.8493536808262
2025-08-31 10:00:00,5818,6.284325086581527,2.693282179963511,29.3,0.719137866814146,501.0,130.8493536808262
2025-08-31 11:00:00,5819,6.023172646069242,2.5813597054582464,29.2,0.5277532141800922,501.0,130.8493536808262
2025-08-31 12:00:00,5820,5.957790456122474,2.5533387669096315,29.1,0.43178296528769605,500.0,130.8493536808262
2025-08-31 13:00:00,5821,4.8359230840466605,2.072538464591426,29.0,0.6004926823283261,500.0,130.8493536808262
2025-08-31 14:00:00,5822,5.067166648897273,2.1716428495274025,29.0,0.6783131799272021,500.0,130.8493536808262
2025-08-31 15:00:00,5823,4.8167849467298,2.0643364057413427,29.0,0.6873018065715344,499.0,130.8493536808262
2025-08-31 16:00:00,5824,4.493843050099752,1.9259327357570366,29.0,0.7765575465457222,498.0,130.8493536808262
2025-08-31 17:00:00,5825,4.800496378062673,2.057355590598288,29.0,0.8905682968330791,497.0,130.8493536808262
2025-08-31 18:00:00,5826,5.030853527674118,2.156080083288908,29.0,0.9662538864665254,498.0,130.8493536808262
2025-08-31 19:00:00,5827,5.024228168989676,2.153240643852718,29.0,0.9895287390226274,499.0,130.8493536808262
2025-08-31 20:00:00,5828,5.093100624064956,2.182757410313552,29.0,1.1385524075463298,497.0,130.8493536808262
2025-08-31 21:00:00,5829,4.766051155705586,2.042593352445251,29.0,1.425906748211555,470.0,130.8493536808262
2025-08-31 22:00:00,5830,5.424961768967226,2.324983615271668,29.0,1.2854272190165261,428.0,130.8493536808262
2025-08-31 23:00:00,5831,4.967405478155552,2.128888062066665,29.0,1.640876961484122,398.0,130.8493536808262
2025-09-01 00:00:00,5832,5.294541923076267,2.269089395604114,29.0,2.3621726032401553,376.0,130.8493536808262
2025-09-01 01:00:00,5833,4.866270275785096,2.0855444039078983,29.0,3.0914312733319314,359.0,130.8493536808262
2025-09-01 02:00:00,5834,4.386703353087791,1.88001572275191,29.0,3.6124503062251407,353.0,130.8493536808262
2025-09-01 03:00:00,5835,3.9740113645401216,1.703147727660052,29.0,4.259972431279901,352.0,130.8493536808262
2025-09-01 04:00:00,5836,3.7946366071978845,1.6262728316562363,29.0,4.446395963979777,366.0,130.8493536808262
2025-09-01 05:00:00,5837,3.6855549716169005,1.579523559264386,29.0,5.267712035004796,392.0,130.8493536808262
2025-09-01 06:00:00,5838,4.06347686735301,1.741490086008433,29.0,6.658280833889597,425.0,130.8493536808262
2025-09-01 07:00:00,5839,3.532465790962082,1.5139139104123205,29.0,7.355149174248296,463.0,130.8493536808262
2025-09-01 08:00:00,5840,3.8069534335000004,1.6315514715000001,29.0,7.838608264530301,493.0,130.8493536808262
2025-09-01 09:00:00,5841,4.21120367977268,1.8048015770454342,28.9,8.780700272522902,502.0,130.8493536808262
2025-09-01 10:00:00,5842,4.685191606836057,2.0079392600725954,28.8,5.943016871048511,501.0,130.8493536808262
2025-09-01 11:00:00,5843,4.951804277246088,2.1222018331054664,28.8,7.893129704734453,499.0,130.8493536808262
2025-09-01 12:00:00,5844,4.716359950558756,2.0212971216680384,28.7,8.757764136884942,500.0,130.8493536808262
2025-09-01 13:00:00,5845,4.662266672080065,1.9981142880343137,28.6,10.030193093417124,499.0,130.8493536808262
2025-09-01 14:00:00,5846,4.875840514366043,2.089645934728304,28.6,10.598241926739508,498.0,130.8493536808262
2025-09-01 15:00:00,5847,5.22054814872274,2.2373777780240314,28.5,10.82599179701118,497.0,130.8493536808262
2025-09-01 16:00:00,5848,5.245297265706229,2.2479845424455265,28.5,11.529694826525708,497.0,130.8493536808262
2025-09-01 17:00:00,5849,4.973511216372608,2.1315048070168316,28.5,10.855385929039564,496.0,130.8493536808262
2025-09-01 18:00:00,5850,5.207621191527997,2.2318376535119984,28.5,9.944268635025885,497.0,130.8493536808262
2025-09-01 19:00:00,5851,4.994731388978536,2.1405991667050865,28.5,9.461142439176067,497.0,130.8493536808262
2025-09-01 20:00:00,5852,4.89992494453039,2.0999678333701675,28.5,9.431927226198129,496.0,130.8493536808262
2025-09-01 21:00:00,5853,5.192557159489752,2.225381639781322,28.5,9.538034275116347,466.0,130.8493536808262
2025-09-01 22:00:00,5854,5.445013096162828,2.3335770412126404,28.5,8.615714610568117,418.0,130.8493536808262
2025-09-01 23:00:00,5855,5.389292032105854,2.309696585188223,28.5,9.165245134103065,386.0,130.8493536808262
2025-09-02 00:00:00,5856,5.901232906875087,2.5290998172321797,28.5,9.63563411462637,370.0,130.8493536808262
2025-09-02 01:00:00,5857,5.321967112276802,2.2808430481186295,28.5,9.862944985519235,358.0,130.8493536808262
2025-09-02 02:00:00,5858,5.265243213117305,2.256532805621702,28.5,11.405932902652424,356.0,130.8493536808262
2025-09-02 03:00:00,5859,4.8554485414529225,2.080906517765538,28.5,12.688620009008275,359.0,130.8493536808262
2025-09-02 04:00:00,5860,4.731272221839996,2.0276880950742835,28.5,12.95414942949529,374.0,130.8493536808262
2025-09-02 05:00:00,5861,4.688911734084897,2.0095336003220985,28.6,13.293012756286535,400.0,130.8493536808262
2025-09-02 06:00:00,5862,4.91084009799402,2.1046457562831518,28.6,13.326027088293067,436.0,130.8493536808262
2025-09-02 07:00:00,5863,4.692024525373781,2.01086765373162,28.6,12.749788208302972,472.0,130.8493536808262
2025-09-02 08:00:00,5864,3.8929066637806122,1.668388570191691,28.6,13.939617451356941,497.0,130.8493536808262
2025-09-02 09:00:00,5865,3.743780142520979,1.6044772039375623,28.5,15.0,503.0,130.8493536808262
2025-09-02 10:00:00,5866,3.9959142434013604,1.7125346757434403,28.5,14.291080522130196,502.0,130.8493536808262
2025-09-02 11:00:00,5867,3.7150141399782624,1.592148917133541,28.5,14.13084447605919,501.0,130.8493536808262
2025-09-02 12:00:00,5868,3.6969896603082137,1.5844241401320913,28.5,13.290530441471597,501.0,130.8493536808262
2025-09-02 13:00:00,5869,3.680907012447761,1.577531576763326,28.5,12.7314984827684,500.0,130.8493536808262
2025-09-02 14:00:00,5870,3.9432618459534794,1.6899693625514909,28.5,12.36586195174708,499.0,130.8493536808262
2025-09-02 15:00:00,5871,3.828984063381959,1.6409931700208396,28.5,12.100518630981693,497.0,130.8493536808262
2025-09-02 16:00:00,5872,3.964220793039821,1.6989517684456374,28.5,14.034910928343663,495.0,130.8493536808262
2025-09-02 17:00:00,5873,3.895113106733702,1.669334188600158,28.5,15.0,495.0,130.8493536808262
2025-09-02 18:00:00,5874,4.0659899945202636,1.7425671405086842,28.5,15.0,495.0,130.8493536808262
2025-09-02 19:00:00,5875,4.934599134956187,2.114828200695509,28.5,14.830112662697541,495.0,130.8493536808262
2025-09-02 20:00:00,5876,5.064327071848182,2.170425887934935,28.5,12.895907304785737,495.0,130.8493536808262
2025-09-02 21:00:00,5877,4.693649413252973,2.0115640342512737,28.5,12.526419319551845,467.0,130.8493536808262
2025-09-02 22:00:00,5878,4.726235686477311,2.0255295799188473,28.5,9.387984011093817,423.0,130.8493536808262
2025-09-02 23:00:00,5879,4.6777939785779665,2.0047688479619854,28.5,6.625400458479751,396.0,130.8493536808262
2025-09-03 00:00:00,5880,5.082257623111733,2.178110409905029,28.5,4.314529757327569,373.0,130.8493536808262
2025-09-03 01:00:00,5881,5.05098821563543,2.1647092352723267,28.6,4.349385866662822,357.0,130.8493536808262
2025-09-03 02:00:00,5882,4.973270543705892,2.131401661588239,28.8,4.74546081475661,357.0,130.8493536808262
2025-09-03 03:00:00,5883,4.639466241379979,1.9883426748771338,28.9,5.167882321267239,361.0,130.8493536808262
2025-09-03 04:00:00,5884,4.708783457964575,2.0180500534133894,29.0,5.480959131356662,386.0,130.8493536808262
2025-09-03 05:00:00,5885,4.812807316266582,2.0626317069713926,29.1,6.275760695911818,416.0,130.8493536808262
2025-09-03 06:00:00,5886,4.723805341092926,2.0244880033255397,29.1,6.336364486843127,452.0,130.8493536808262
2025-09-03 07:00:00,5887,4.4683476845005545,1.9150061505002374,29.1,5.49894346087459,481.0,130.8493536808262
2025-09-03 08:00:00,5888,4.897023685796436,2.098724436769901,29.1,4.69768478812074,499.0,130.8493536808262
2025-09-03 09:00:00,5889,5.437339605037565,2.330288402158956,29.1,5.156942272988361,503.0,130.8493536808262
2025-09-03 10:00:00,5890,5.228373096780949,2.240731327191835,29.1,4.596906729682611,502.0,130.8493536808262
2025-09-03 11:00:00,5891,4.796982092333625,2.055849468142982,29.0,3.9456145211639337,501.0,130.8493536808262
2025-09-03 12:00:00,5892,4.944383174002651,2.1190213602868497,29.0,4.0551048250200985,501.0,130.8493536808262
2025-09-03 13:00:00,5893,5.153859471595103,2.208796916397901,29.0,3.853415044434618,501.0,130.8493536808262
2025-09-03 14:00:00,5894,5.07747151916808,2.1760592225006055,29.0,3.0005422782495805,500.0,130.8493536808262
2025-09-03 15:00:00,5895,5.174048997528706,2.217449570369445,29.0,2.571605311959316,499.0,130.8493536808262
2025-09-03 16:00:00,5896,5.03304886473412,2.157020942028909,29.0,2.5826436728977873,498.0,130.8493536808262
2025-09-03 17:00:00,5897,5.058663500341488,2.167998643003495,29.0,2.499025284603785,498.0,130.8493536808262
2025-09-03 18:00:00,5898,5.310311735908,2.2758478868177137,29.0,1.8672311880955368,498.0,130.8493536808262
2025-09-03 19:00:00,5899,5.262102842490856,2.255186932496081,29.0,1.179289945631244,498.0,130.8493536808262
2025-09-03 20:00:00,5900,5.59153001764729,2.3963700075631245,29.0,0.7413631313324247,496.0,130.8493536808262
2025-09-03 21:00:00,5901,5.623341652934551,2.410003565543379,29.0,0.7083722671950553,482.0,130.8493536808262
2025-09-03 22:00:00,5902,5.545755279659909,2.3767522627113897,29.0,0.0,465.0,130.8493536808262
2025-09-03 23:00:00,5903,5.401158281380662,2.314782120591712,29.0,0.0,458.0,130.8493536808262
2025-09-04 00:00:00,5904,5.836996677654119,2.501570004708908,29.0,0.0,457.0,130.8493536808262
2025-09-04 01:00:00,5905,5.479712256287616,2.3484481098375496,29.0,0.0,444.0,130.8493536808262
2025-09-04 02:00:00,5906,5.724130431838515,2.4531987565022204,29.0,0.0,441.0,130.8493536808262
2025-09-04 03:00:00,5907,5.696666536114192,2.44142851547751,29.1,0.0,441.0,130.8493536808262
2025-09-04 04:00:00,5908,6.403258183672041,2.7442535072880174,29.1,0.0,449.0,130.8493536808262
2025-09-04 05:00:00,5909,6.346857511069491,2.720081790458353,29.2,0.0062837791180804,458.0,130.8493536808262
2025-09-04 06:00:00,5910,6.26816228911398,2.686355266763134,29.2,0.06490860623536497,474.0,130.8493536808262
2025-09-04 07:00:00,5911,5.998918892112972,2.570965239476988,29.2,0.02606992224622507,492.0,130.8493536808262
2025-09-04 08:00:00,5912,6.38624989537395,2.7369642408745496,29.2,0.09583628995319723,500.0,130.8493536808262
2025-09-04 09:00:00,5913,6.3543246759544205,2.723282003980466,29.2,0.0,501.0,130.8493536808262
2025-09-04 10:00:00,5914,6.16315910191191,2.64135390081939,29.1,0.0,501.0,130.8493536808262
2025-09-04 11:00:00,5915,5.036841456303964,2.1586463384159846,29.1,0.0,501.0,130.8493536808262
2025-09-04 12:00:00,5916,5.7076854439381535,2.4461509045449223,29.0,0.0,500.0,130.8493536808262
2025-09-04 13:00:00,5917,5.6084051076220645,2.4036021889808845,29.0,0.1321097891333106,500.0,130.8493536808262
2025-09-04 14:00:00,5918,6.137565246163312,2.630385105498562,29.0,1.6229604466898462,500.0,130.8493536808262
2025-09-04 15:00:00,5919,5.406696414869524,2.3171556063726526,29.0,3.332955423419741,499.0,130.8493536808262
2025-09-04 16:00:00,5920,5.050699005048353,2.164585287877865,28.9,2.8563712500725567,498.0,130.8493536808262
2025-09-04 17:00:00,5921,6.276660590757471,2.689997396038916,28.9,1.4987578474621057,497.0,130.8493536808262
2025-09-04 18:00:00,5922,5.921009887054572,2.537575665880531,28.8,2.127368291637984,497.0,130.8493536808262
2025-09-04 19:00:00,5923,4.9236951304973715,2.110155055927445,28.8,2.1389219268405073,498.0,130.8493536808262
2025-09-04 20:00:00,5924,6.029663816643605,2.5841416357044023,28.8,2.220032200822952,499.0,130.8493536808262
2025-09-04 21:00:00,5925,5.98419113830103,2.5646533449861555,28.7,3.6907456273241963,496.0,130.8493536808262
2025-09-04 22:00:00,5926,6.340256572527418,2.717252816797465,28.6,3.593116106013121,493.0,130.8493536808262
2025-09-04 23:00:00,5927,5.882299243130573,2.5209853899131027,28.6,2.987158417381798,490.0,130.8493536808262
2025-09-05 00:00:00,5928,6.483099410918307,2.7784711761078458,28.6,2.132501119857287,490.0,130.8493536808262
2025-09-05 01:00:00,5929,6.226523505198463,2.6685100736564835,28.5,3.2416104371793626,488.0,130.8493536808262
2025-09-05 02:00:00,5930,5.823455173278898,2.4957665028338134,28.5,4.720221279962736,487.0,130.8493536808262
2025-09-05 03:00:00,5931,5.376783349967492,2.304335721414639,28.5,9.209416624570524,484.0,130.8493536808262
2025-09-05 04:00:00,5932,4.459808349322145,1.9113464354237766,28.4,13.992033309019739,482.0,130.8493536808262
2025-09-05 05:00:00,5933,5.93630994515078,2.5441328336360485,28.4,15.0,482.0,130.8493536808262
2025-09-05 06:00:00,5934,5.849265921511336,2.506828252076287,28.4,14.711261283809083,484.0,130.8493536808262
2025-09-05 07:00:00,5935,5.709226781461776,2.4468114777693324,28.4,11.903300570759574,487.0,130.8493536808262
2025-09-05 08:00:00,5936,5.974503322060081,2.5605014237400345,28.3,9.191762538196091,495.0,130.8493536808262
2025-09-05 09:00:00,5937,5.981474464614254,2.5634890562632515,28.3,0.5868558221685365,500.0,130.8493536808262
2025-09-05 10:00:00,5938,5.9962038794323185,2.5698016626138505,28.3,15.0,499.0,130.8493536808262
2025-09-05 11:00:00,5939,6.002498552322316,2.5724993795667066,28.3,15.0,499.0,130.8493536808262
2025-09-05 12:00:00,5940,5.997632301842312,2.570413843646705,28.3,8.788778579131007,500.0,130.8493536808262
2025-09-05 13:00:00,5941,6.061714808050386,2.597877774878737,28.3,6.721933951806449,500.0,130.8493536808262
2025-09-05 14:00:00,5942,5.602214652504649,2.4009491367877063,28.3,5.544226785120879,499.0,130.8493536808262
2025-09-05 15:00:00,5943,5.625426225763219,2.410896953898522,28.2,3.313931368585773,498.0,130.8493536808262
2025-09-05 16:00:00,5944,5.729147853884241,2.4553490802361035,28.2,2.574177378173332,498.0,130.8493536808262
2025-09-05 17:00:00,5945,5.788760230925883,2.480897241825378,28.2,2.7040903636746187,498.0,130.8493536808262
2025-09-05 18:00:00,5946,5.6144955479463245,2.4062123776912823,28.2,2.732565348849497,499.0,130.8493536808262
2025-09-05 19:00:00,5947,5.236110393753776,2.2440473116087607,28.2,2.244945343020172,499.0,130.8493536808262
2025-09-05 20:00:00,5948,5.745180253406456,2.4622201086027666,28.2,2.2932533617896405,496.0,130.8493536808262
2025-09-05 21:00:00,5949,5.514572516712613,2.363388221448263,28.2,2.5651555260346655,453.0,130.8493536808262
2025-09-05 22:00:00,5950,5.67448845348051,2.4319236229202184,28.2,3.937741144973276,372.0,130.8493536808262
2025-09-05 23:00:00,5951,5.907011008018433,2.5315761462936135,28.3,3.3830926423613845,307.0,130.8493536808262
2025-09-06 00:00:00,5952,5.906287439134687,2.5312660453434366,28.4,2.9189902513432293,279.0,130.8493536808262
2025-09-06 01:00:00,5953,5.1600657706375905,2.211456758844682,28.5,2.8153758792721795,268.0,130.8493536808262
2025-09-06 02:00:00,5954,5.301892448585495,2.2722396208223548,28.6,2.218551392324054,270.0,130.8493536808262
2025-09-06 03:00:00,5955,4.183487421286761,1.7929231805514692,28.8,1.5210850490177692,276.0,130.8493536808262
2025-09-06 04:00:00,5956,3.6248003097997734,1.5534858470570456,28.9,0.9143614619626956,298.0,130.8493536808262
2025-09-06 05:00:00,5957,4.937409016432937,2.1160324356141156,29.0,0.6038132498574844,336.0,130.8493536808262
2025-09-06 06:00:00,5958,5.509219854244671,2.3610942232477163,29.0,0.7722017783035157,387.0,130.8493536808262
2025-09-06 07:00:00,5959,5.401868876793424,2.315086661482896,29.0,1.1244333890393554,447.0,130.8493536808262
2025-09-06 08:00:00,5960,5.577200495637656,2.3902287838447096,29.0,1.1000447704067997,493.0,130.8493536808262
2025-09-06 09:00:00,5961,5.6316459665858485,2.413562557108221,28.9,0.7276341755505786,503.0,130.8493536808262
2025-09-06 10:00:00,5962,6.074009156946505,2.603146781548502,28.7,0.337037473616628,502.0,130.8493536808262
2025-09-06 11:00:00,5963,5.339695474028146,2.288440917440634,28.6,0.24383754068172228,501.0,130.8493536808262
2025-09-06 12:00:00,5964,5.988821555639316,2.5666378095597064,28.5,0.18521174583861372,499.0,130.8493536808262
2025-09-06 13:00:00,5965,5.3985216878385724,2.313652151930816,28.5,0.18065504036106253,498.0,130.8493536808262
2025-09-06 14:00:00,5966,5.713459333934495,2.4486254288290694,28.4,0.28438545517077435,498.0,130.8493536808262
2025-09-06 15:00:00,5967,5.8019933557356875,2.48656858102958,28.4,0.47248520874652444,498.0,130.8493536808262
2025-09-06 16:00:00,5968,5.926106012300765,2.5397597195574706,28.4,0.9361228072100457,497.0,130.8493536808262
2025-09-06 17:00:00,5969,5.749424345438369,2.4640390051878724,28.3,1.3639046469486076,497.0,130.8493536808262
2025-09-06 18:00:00,5970,5.733534613207157,2.4572291199459237,28.3,1.72209053337822,497.0,130.8493536808262
2025-09-06 19:00:00,5971,5.253932580415802,2.251685391606772,28.3,1.8757446976293244,497.0,130.8493536808262
2025-09-06 20:00:00,5972,5.7728693661230075,2.4740868711955746,28.2,1.8493845754426237,493.0,130.8493536808262
2025-09-06 21:00:00,5973,5.8144031026374865,2.4918870439874943,28.2,1.9312960426425387,453.0,130.8493536808262
2025-09-06 22:00:00,5974,5.802644751767973,2.4868477507577027,28.2,1.1742195576941366,377.0,130.8493536808262
2025-09-06 23:00:00,5975,5.533712581323222,2.3715911062813806,28.2,1.7224209855318582,320.0,130.8493536808262
2025-09-07 00:00:00,5976,5.585476296362009,2.393775555583718,28.2,2.3522848521606554,292.0,130.8493536808262
2025-09-07 01:00:00,5977,5.645320819693124,2.4194232084399103,28.2,2.959246623242529,284.0,130.8493536808262
2025-09-07 02:00:00,5978,5.4974429833753815,2.3560469928751635,28.3,3.8270436909320047,275.0,130.8493536808262
2025-09-07 03:00:00,5979,5.659852659217613,2.425651139664691,28.4,4.951328285080217,285.0,130.8493536808262
2025-09-07 04:00:00,5980,5.662283493028664,2.4266929255837133,28.4,5.691855757758213,310.0,130.8493536808262
2025-09-07 05:00:00,5981,5.59365639036741,2.397281310157461,28.5,5.76144328054252,350.0,130.8493536808262
2025-09-07 06:00:00,5982,5.613691525542734,2.4058677966611715,28.5,5.750967406175737,399.0,130.8493536808262
2025-09-07 07:00:00,5983,5.516794847363546,2.3643406488700913,28.5,5.036521357598449,451.0,130.8493536808262
2025-09-07 08:00:00,5984,5.030310645638773,2.1558474195594735,28.5,4.409498644530393,490.0,130.8493536808262
2025-09-07 09:00:00,5985,4.806268205677357,2.059829231004582,28.5,4.835711901911941,500.0,130.8493536808262
2025-09-07 10:00:00,5986,5.061619876788265,2.169265661480685,28.5,3.5159543734450587,500.0,130.8493536808262
2025-09-07 11:00:00,5987,5.090684448530479,2.1817219065130624,28.4,3.044657208848515,499.0,130.8493536808262
2025-09-07 12:00:00,5988,4.509106410963,1.932474176127,28.4,3.1863676575106044,499.0,130.8493536808262
2025-09-07 13:00:00,5989,5.046239293894849,2.1626739830977924,28.4,3.850572698978773,499.0,130.8493536808262
2025-09-07 14:00:00,5990,4.569894540635064,1.958526231700742,28.4,5.816489605336322,498.0,130.8493536808262
2025-09-07 15:00:00,5991,5.022024322492706,2.15229613821116,28.4,5.80409229510852,498.0,130.8493536808262
2025-09-07 16:00:00,5992,5.086260691526851,2.1798260106543643,28.3,5.76378229742601,498.0,130.8493536808262
2025-09-07 17:00:00,5993,5.055532899796592,2.1666569570556824,28.3,5.6833150222252655,498.0,130.8493536808262
2025-09-07 18:00:00,5994,5.149458908861044,2.2069109609404474,28.3,4.956494936788335,499.0,130.8493536808262
2025-09-07 19:00:00,5995,5.651998016779343,2.4222848643340043,28.3,4.322747715545843,499.0,130.8493536808262
2025-09-07 20:00:00,5996,5.995708768610637,2.569589472261701,28.3,3.8705605009516044,499.0,130.8493536808262
2025-09-07 21:00:00,5997,5.197522292664097,2.2275095539988983,28.3,3.505749701412092,472.0,130.8493536808262
2025-09-07 22:00:00,5998,4.944389342248911,2.1190240038209613,28.4,2.5675695892637753,425.0,130.8493536808262
2025-09-07 23:00:00,5999,5.623025652424285,2.4098681367532655,28.4,2.158721798472392,392.0,130.8493536808262
2025-09-08 00:00:00,6000,5.705159280499448,2.445068263071192,28.5,0.9623447696592601,370.0,130.8493536808262
2025-09-08 01:00:00,6001,5.557157502283641,2.3816389295501312,28.5,0.5028217893016976,358.0,130.8493536808262
2025-09-08 02:00:00,6002,5.180912867586125,2.220391228965482,28.7,0.9015847448430114,357.0,130.8493536808262
2025-09-08 03:00:00,6003,4.877944043216184,2.09054744709265,28.9,1.7178637750061097,362.0,130.8493536808262
2025-09-08 04:00:00,6004,4.5886913944831145,1.9665820262070488,29.0,2.203385359720867,380.0,130.8493536808262
2025-09-08 05:00:00,6005,4.795726909946236,2.0553115328341005,29.2,1.9562214685974575,404.0,130.8493536808262
2025-09-08 06:00:00,6006,4.447014662414881,1.905863426749235,29.2,1.3956323303601919,435.0,130.8493536808262
2025-09-08 07:00:00,6007,4.371354328198407,1.8734375692278888,29.2,1.2833298865888076,472.0,130.8493536808262
2025-09-08 08:00:00,6008,3.785051156356186,1.6221647812955082,29.2,2.020508132905875,498.0,130.8493536808262
2025-09-08 09:00:00,6009,4.1633263681976045,1.7842827292275445,29.1,2.8462619323039733,502.0,130.8493536808262
2025-09-08 10:00:00,6010,4.159480559032073,1.78263452529946,29.0,2.8527285214015343,502.0,130.8493536808262
2025-09-08 11:00:00,6011,4.334441256919021,1.857617681536723,28.9,2.1727292141165226,501.0,130.8493536808262
2025-09-08 12:00:00,6012,4.993926412917888,2.140254176964809,28.9,1.9329548543789588,501.0,130.8493536808262
2025-09-08 13:00:00,6013,5.068700723588141,2.172300310109203,28.8,2.277296937951105,501.0,130.8493536808262
2025-09-08 14:00:00,6014,4.961735556739258,2.126458095745396,28.8,2.817780908014203,500.0,130.8493536808262
2025-09-08 15:00:00,6015,5.10430375443074,2.1875587518988886,28.8,3.3568980634207475,499.0,130.8493536808262
2025-09-08 16:00:00,6016,5.078696038722104,2.176584016595187,28.8,3.0371347331028486,498.0,130.8493536808262
2025-09-08 17:00:00,6017,5.213303896172883,2.234273098359807,28.8,2.3754479150341328,499.0,130.8493536808262
2025-09-08 18:00:00,6018,5.19728461984263,2.2274076942182703,28.8,1.5528945001092715,499.0,130.8493536808262
2025-09-08 19:00:00,6019,5.127263801790919,2.197398772196108,28.8,1.1040637533282232,500.0,130.8493536808262
2025-09-08 20:00:00,6020,4.921897327827334,2.1093845690688573,28.8,1.0560985845999324,498.0,130.8493536808262
2025-09-08 21:00:00,6021,5.065243610261483,2.170818690112064,28.8,0.932662495659984,480.0,130.8493536808262
2025-09-08 22:00:00,6022,4.9593019661529905,2.1254151283512814,28.8,1.434161798924021,441.0,130.8493536808262
2025-09-08 23:00:00,6023,5.176480331311497,2.2184915705620702,28.8,1.6131552402105012,408.0,130.8493536808262
2025-09-09 00:00:00,6024,5.5279694190466655,2.369129751019999,28.9,1.3745385853832712,386.0,130.8493536808262
2025-09-09 01:00:00,6025,5.07008346541817,2.172892913750644,29.0,0.845630848598349,372.0,130.8493536808262
2025-09-09 02:00:00,6026,4.904085706985708,2.1017510172795886,29.0,0.8401458702761551,370.0,130.8493536808262
2025-09-09 03:00:00,6027,4.475560402558989,1.9180973153824237,29.1,1.2169823597153167,370.0,130.8493536808262
2025-09-09 04:00:00,6028,3.9689165391977457,1.7009642310847481,29.3,1.6891241287616137,387.0,130.8493536808262
2025-09-09 05:00:00,6029,4.200718174711725,1.8003077891621677,29.4,2.142762187785052,409.0,130.8493536808262
2025-09-09 06:00:00,6030,4.144433708660694,1.7761858751402972,29.4,2.4204804772623465,437.0,130.8493536808262
2025-09-09 07:00:00,6031,4.297470135104433,1.841772915044757,29.4,2.4353526373046943,472.0,130.8493536808262
2025-09-09 08:00:00,6032,4.602472954102746,1.9724884089011767,29.2,2.7647279252329797,497.0,130.8493536808262
2025-09-09 09:00:00,6033,4.310743485965448,1.8474614939851917,29.1,3.4432765413143036,503.0,130.8493536808262
2025-09-09 10:00:00,6034,3.969234187502374,1.7011003660724457,29.0,3.7320730794431265,502.0,130.8493536808262
2025-09-09 11:00:00,6035,4.82989791477338,2.069956249188591,28.9,3.2422488064552764,501.0,130.8493536808262
2025-09-09 12:00:00,6036,4.043360916838332,1.732868964359285,28.8,2.60017176267456,501.0,130.8493536808262
2025-09-09 13:00:00,6037,4.71652867725712,2.0213694331101943,28.7,2.836212027650784,501.0,130.8493536808262
2025-09-09 14:00:00,6038,4.70269671483965,2.0154414492169925,28.6,3.3936382197456396,500.0,130.8493536808262
2025-09-09 15:00:00,6039,5.355354182395841,2.29515179245536,28.6,3.9763048282989994,499.0,130.8493536808262
2025-09-09 16:00:00,6040,4.879701244485634,2.0913005333509855,28.6,4.771409037575333,499.0,130.8493536808262
2025-09-09 17:00:00,6041,4.801322524668985,2.057709653429565,28.5,5.075402715894123,499.0,130.8493536808262
2025-09-09 18:00:00,6042,4.522161611255868,1.9380692619668003,28.5,5.1312537468879516,499.0,130.8493536808262
2025-09-09 19:00:00,6043,4.595227884306275,1.9693833789884032,28.5,4.43144071134336,500.0,130.8493536808262
2025-09-09 20:00:00,6044,4.45723942188021,1.9102454665200903,28.5,3.9269520983585786,499.0,130.8493536808262
2025-09-09 21:00:00,6045,4.992102133287704,2.139472342837587,28.5,3.57135985734555,482.0,130.8493536808262
2025-09-09 22:00:00,6046,4.760432560838792,2.0401853832166252,28.5,3.528018513774226,451.0,130.8493536808262
2025-09-09 23:00:00,6047,4.694697925593541,2.012013396682946,28.6,2.2115628001102796,431.0,130.8493536808262
2025-09-10 00:00:00,6048,3.559133830612023,1.5253430702622952,28.6,1.2831730508468173,421.0,130.8493536808262
2025-09-10 01:00:00,6049,4.028885635204329,1.7266652722304268,28.8,1.3364893248419534,411.0,130.8493536808262
2025-09-10 02:00:00,6050,3.8578095094305733,1.6533469326131027,28.9,1.937817206722982,396.0,130.8493536808262
2025-09-10 03:00:00,6051,3.8961691316008826,1.6697867706860923,29.0,2.1642093590067137,390.0,130.8493536808262
2025-09-10 04:00:00,6052,3.7676352337753976,1.6147008144751702,29.1,2.0133822048044885,407.0,130.8493536808262
2025-09-10 05:00:00,6053,3.7323624642642805,1.5995839132561203,29.2,2.136826166967837,432.0,130.8493536808262
2025-09-10 06:00:00,6054,3.548246800127709,1.5206772000547324,29.2,3.0742935436855334,459.0,130.8493536808262
2025-09-10 07:00:00,6055,3.8247565816758784,1.639181392146805,29.2,3.707967942049354,484.0,130.8493536808262
2025-09-10 08:00:00,6056,4.248851366218998,1.8209362998081422,29.2,4.2266248158733095,499.0,130.8493536808262
2025-09-10 09:00:00,6057,4.3356221768172984,1.8581237900645562,29.1,4.785261023326345,502.0,130.8493536808262
2025-09-10 10:00:00,6058,4.39599923453102,1.8839996719418655,29.0,5.726601809292461,501.0,130.8493536808262
2025-09-10 11:00:00,6059,4.497997146920428,1.9277130629658974,29.0,6.9904174167759,500.0,130.8493536808262
2025-09-10 12:00:00,6060,4.319146634045797,1.851062843162484,28.9,7.4698241555461165,500.0,130.8493536808262
2025-09-10 13:00:00,6061,5.048457864467423,2.1636247990574673,28.9,7.816967358935349,500.0,130.8493536808262
2025-09-10 14:00:00,6062,5.300376090745617,2.271589753176693,28.8,8.490531313255442,499.0,130.8493536808262
2025-09-10 15:00:00,6063,4.759164340690706,2.0396418602960167,28.7,8.81872189854754,497.0,130.8493536808262
2025-09-10 16:00:00,6064,4.715391421863034,2.0208820379413,28.6,9.360702395564747,497.0,130.8493536808262
2025-09-10 17:00:00,6065,4.957037102822962,2.124444472638412,28.6,10.646697090903185,497.0,130.8493536808262
2025-09-10 18:00:00,6066,5.594748213630865,2.397749234413228,28.5,8.188511377117809,497.0,130.8493536808262
2025-09-10 19:00:00,6067,5.7587418228471385,2.4680322097916307,28.5,7.324427229903565,497.0,130.8493536808262
2025-09-10 20:00:00,6068,5.602214164282193,2.400948927549511,28.5,7.070214840778214,497.0,130.8493536808262
2025-09-10 21:00:00,6069,5.26551134424645,2.2566477189627645,28.5,7.798336000016503,485.0,130.8493536808262
2025-09-10 22:00:00,6070,5.458114794550358,2.3391920548072958,28.4,5.2826756778511115,459.0,130.8493536808262
2025-09-10 23:00:00,6071,5.1092469875043705,2.1896772803590157,28.4,4.323562578846462,434.0,130.8493536808262
2025-09-11 00:00:00,6072,5.4420879896689645,2.332323424143842,28.5,3.226810971636608,418.0,130.8493536808262
2025-09-11 01:00:00,6073,5.6532490313546315,2.4228210134376993,28.5,1.714671546487991,395.0,130.8493536808262
2025-09-11 02:00:00,6074,5.136484383371879,2.2013504500165197,28.6,0.8031293902923042,383.0,130.8493536808262
2025-09-11 03:00:00,6075,4.944377051031228,2.119018736156241,28.8,1.6199850141531082,377.0,130.8493536808262
2025-09-11 04:00:00,6076,4.503641757143225,1.93013218163281,29.0,2.5357165028837225,398.0,130.8493536808262
2025-09-11 05:00:00,6077,5.221840026018416,2.2379314397221783,29.0,0.8243121859866267,428.0,130.8493536808262
2025-09-11 06:00:00,6078,4.937400242717378,2.1160286754503046,29.1,0.0,467.0,130.8493536808262
2025-09-11 07:00:00,6079,4.991152539550699,2.1390653740931564,29.1,0.0,491.0,130.8493536808262
2025-09-11 08:00:00,6080,4.177279287828982,1.7902625519267068,29.0,0.0,501.0,130.8493536808262
2025-09-11 09:00:00,6081,4.486615706362849,1.9228353027269351,29.0,0.0,502.0,130.8493536808262
2025-09-11 10:00:00,6082,4.487895638962932,1.923383845269828,29.0,0.0,501.0,130.8493536808262
2025-09-11 11:00:00,6083,4.2688630794398845,1.8295127483313791,28.9,0.0,501.0,130.8493536808262
2025-09-11 12:00:00,6084,4.529515037104376,1.9412207301875894,28.8,0.0,500.0,130.8493536808262
2025-09-11 13:00:00,6085,5.052735114267085,2.1654579061144648,28.8,0.0,500.0,130.8493536808262
2025-09-11 14:00:00,6086,4.879160478238715,2.091068776388021,28.7,0.6619110208335257,500.0,130.8493536808262
2025-09-11 15:00:00,6087,5.11520961357998,2.1922326915342767,28.6,1.2471461299935978,500.0,130.8493536808262
2025-09-11 16:00:00,6088,4.854331784351611,2.0804279075792618,28.6,1.2811704312926284,499.0,130.8493536808262
2025-09-11 17:00:00,6089,4.875667898614354,2.0895719565490083,28.6,0.9687875988400567,498.0,130.8493536808262
2025-09-11 18:00:00,6090,5.063093292178969,2.1698971252195585,28.5,1.1646498208786908,497.0,130.8493536808262
2025-09-11 19:00:00,6091,5.2433659118562375,2.247156819366959,28.5,1.6550430624439738,498.0,130.8493536808262
2025-09-11 20:00:00,6092,4.791087260206954,2.053323111517266,28.5,1.8995462897550401,497.0,130.8493536808262
2025-09-11 21:00:00,6093,4.610661836541921,1.9759979299465378,28.4,3.0708676012397063,476.0,130.8493536808262
2025-09-11 22:00:00,6094,4.763606214921971,2.0415455206808444,28.4,3.7770345407639936,454.0,130.8493536808262
2025-09-11 23:00:00,6095,5.047111726407939,2.1630478827462594,28.3,1.5018749636686872,435.0,130.8493536808262
2025-09-12 00:00:00,6096,5.143320216810682,2.204280092918864,28.3,0.5560148902133064,428.0,130.8493536808262
2025-09-12 01:00:00,6097,5.3740150169410725,2.3031492929747457,28.3,0.4654577265557421,423.0,130.8493536808262
2025-09-12 02:00:00,6098,4.848945695859996,2.078119583939998,28.4,0.37032748628758133,428.0,130.8493536808262
2025-09-12 03:00:00,6099,4.848009435128354,2.077718329340723,28.4,0.8103888294342882,433.0,130.8493536808262
2025-09-12 04:00:00,6100,4.3459388675570665,1.8625452289530284,28.5,1.372451800535737,447.0,130.8493536808262
2025-09-12 05:00:00,6101,4.221254902207063,1.809109243803027,28.5,1.251282678671874,461.0,130.8493536808262
2025-09-12 06:00:00,6102,4.026004876639294,1.72543066141684,28.5,0.6904813521776626,471.0,130.8493536808262
2025-09-12 07:00:00,6103,4.317702518664721,1.8504439365705942,28.5,1.0761662160238714,488.0,130.8493536808262
2025-09-12 08:00:00,6104,4.485012773594322,1.922148331540424,28.5,0.9939933163672141,500.0,130.8493536808262
2025-09-12 09:00:00,6105,4.743374977489095,2.0328749903524694,28.5,0.37476537258770176,502.0,130.8493536808262
2025-09-12 10:00:00,6106,4.921576184660046,2.1092469362828767,28.5,0.44265710859912494,501.0,130.8493536808262
2025-09-12 11:00:00,6107,5.0632724586682,2.1699739108578,28.4,0.21595977095977667,501.0,130.8493536808262
2025-09-12 12:00:00,6108,4.991103709324596,2.1390444468533985,28.4,0.34456723927902777,500.0,130.8493536808262
2025-09-12 13:00:00,6109,4.950007046940289,2.121431591545838,28.3,0.6424497222214894,500.0,130.8493536808262
2025-09-12 14:00:00,6110,4.975565177826349,2.132385076211292,28.3,1.209645616141359,499.0,130.8493536808262
2025-09-12 15:00:00,6111,5.187578226543858,2.223247811375939,28.2,0.9656783263192885,498.0,130.8493536808262
2025-09-12 16:00:00,6112,5.240361357153919,2.2458691530659647,28.2,0.3648206553098443,497.0,130.8493536808262
2025-09-12 17:00:00,6113,5.263677027717645,2.2558615833075617,28.1,0.280417059266176,495.0,130.8493536808262
2025-09-12 18:00:00,6114,4.910435677296164,2.104472433126927,28.1,0.19570701503350796,494.0,130.8493536808262
2025-09-12 19:00:00,6115,5.163234507200623,2.2128147888002667,28.1,0.4011210643256343,495.0,130.8493536808262
2025-09-12 20:00:00,6116,4.776249059992179,2.046963882853791,28.1,0.5202000962807355,493.0,130.8493536808262
2025-09-12 21:00:00,6117,4.908293891232009,2.1035545248137177,28.1,0.7660089455457232,480.0,130.8493536808262
2025-09-12 22:00:00,6118,4.974718478231299,2.1320222049562707,28.1,0.0,459.0,130.8493536808262
2025-09-12 23:00:00,6119,4.803101265801255,2.05847197105768,28.1,0.0,447.0,130.8493536808262
2025-09-13 00:00:00,6120,4.665205536003093,1.9993738011441828,28.1,0.0,434.0,130.8493536808262
2025-09-13 01:00:00,6121,4.71525475164805,2.0208234649920214,28.1,0.12637905955853404,417.0,130.8493536808262
2025-09-13 02:00:00,6122,4.47803447554737,1.9191576323774442,28.1,0.6130156423244557,420.0,130.8493536808262
2025-09-13 03:00:00,6123,4.883170453762318,2.0927873373267074,28.2,1.842621515065475,419.0,130.8493536808262
2025-09-13 04:00:00,6124,4.7627854671041705,2.041193771616073,28.2,2.2479890323604286,432.0,130.8493536808262
2025-09-13 05:00:00,6125,4.756231758884219,2.038385039521808,28.1,2.7509577311408018,446.0,130.8493536808262
2025-09-13 06:00:00,6126,4.28762887016377,1.837555230070187,28.1,3.111942382740154,460.0,130.8493536808262
2025-09-13 07:00:00,6127,4.221055609254145,1.8090238325374903,28.1,4.439212550841121,478.0,130.8493536808262
2025-09-13 08:00:00,6128,4.559269804716678,1.9539727734500048,28.0,7.009301202370602,494.0,130.8493536808262
2025-09-13 09:00:00,6129,4.155601068112721,1.7809718863340231,28.0,8.973465790972577,497.0,130.8493536808262
2025-09-13 10:00:00,6130,4.375128301753637,1.8750549864658441,27.9,9.49817377429666,496.0,130.8493536808262
2025-09-13 11:00:00,6131,4.786165352200804,2.051213722371773,27.8,13.007381589078438,495.0,130.8493536808262
2025-09-13 12:00:00,6132,4.490191150265614,1.9243676358281205,27.8,15.0,494.0,130.8493536808262
2025-09-13 13:00:00,6133,5.38030479375948,2.305844911611206,27.7,15.0,493.0,130.8493536808262
2025-09-13 14:00:00,6134,4.882284954743819,2.092407837747351,27.6,15.0,491.0,130.8493536808262
2025-09-13 15:00:00,6135,5.2410780240300685,2.246176296012887,27.6,15.0,489.0,130.8493536808262
2025-09-13 16:00:00,6136,5.040288204429678,2.1601235161841474,27.6,15.0,488.0,130.8493536808262
2025-09-13 17:00:00,6137,5.737186589254113,2.458794252537477,27.5,15.0,487.0,130.8493536808262
2025-09-13 18:00:00,6138,5.491828551064851,2.3536408075992217,27.5,15.0,488.0,130.8493536808262
2025-09-13 19:00:00,6139,5.726824445173387,2.4543533336457366,27.5,15.0,488.0,130.8493536808262
2025-09-13 20:00:00,6140,6.058848699641224,2.5966494427033813,27.5,15.0,489.0,130.8493536808262
2025-09-13 21:00:00,6141,6.1046868902798845,2.616294381548522,27.5,15.0,477.0,130.8493536808262
2025-09-13 22:00:00,6142,6.008889239400907,2.5752382454575313,27.5,15.0,449.0,130.8493536808262
2025-09-13 23:00:00,6143,5.98338500656584,2.5643078599567883,27.5,15.0,416.0,130.8493536808262
2025-09-14 00:00:00,6144,5.759475737336242,2.4683467445726754,27.5,15.0,366.0,130.8493536808262
2025-09-14 01:00:00,6145,5.306348894773693,2.2741495263315827,27.5,15.0,335.0,130.8493536808262
2025-09-14 02:00:00,6146,4.642002563939785,1.989429670259908,27.6,15.0,334.0,130.8493536808262
2025-09-14 03:00:00,6147,4.523701027146123,1.9387290116340523,27.7,15.0,361.0,130.8493536808262
2025-09-14 04:00:00,6148,4.410513694954324,1.8902201549804245,27.8,12.286189966559867,390.0,130.8493536808262
2025-09-14 05:00:00,6149,4.44156934567602,1.903529719575437,27.9,7.51082281057703,416.0,130.8493536808262
2025-09-14 06:00:00,6150,4.061053930372861,1.7404516844455118,27.9,5.332583994210842,440.0,130.8493536808262
2025-09-14 07:00:00,6151,3.802595556356504,1.6296838098670732,27.9,4.5223505851802415,471.0,130.8493536808262
2025-09-14 08:00:00,6152,3.9246422281886244,1.6819895263665532,27.9,3.938921059721291,496.0,130.8493536808262
2025-09-14 09:00:00,6153,4.45552928268091,1.90951254972039,27.9,2.3913158104130403,502.0,130.8493536808262
2025-09-14 10:00:00,6154,3.9293801871450613,1.6840200802050262,27.9,0.8201835492669349,502.0,130.8493536808262
2025-09-14 11:00:00,6155,4.578094970392794,1.9620407015969115,27.9,0.11992429793370214,501.0,130.8493536808262
2025-09-14 12:00:00,6156,4.210562789235836,1.804526909672501,27.9,0.0,500.0,130.8493536808262
2025-09-14 13:00:00,6157,4.87520954948593,2.089375521208256,27.9,0.0,500.0,130.8493536808262
2025-09-14 14:00:00,6158,4.8279188422048325,2.069108075230642,27.9,0.0,500.0,130.8493536808262
2025-09-14 15:00:00,6159,4.9362662207043115,2.115542666016133,27.9,0.6599117745561388,498.0,130.8493536808262
2025-09-14 16:00:00,6160,4.4418226850461515,1.9036382935912075,27.8,1.3729599034451836,497.0,130.8493536808262
2025-09-14 17:00:00,6161,4.557486973042146,1.9532087027323481,27.8,1.6945108551573274,497.0,130.8493536808262
2025-09-14 18:00:00,6162,4.625586091504107,1.9823940392160457,27.8,1.9164287086268705,496.0,130.8493536808262
2025-09-14 19:00:00,6163,4.259785542993856,1.8256223755687955,27.8,2.155650761833753,496.0,130.8493536808262
2025-09-14 20:00:00,6164,4.09008848632323,1.7528950655670987,27.8,2.156668606123561,496.0,130.8493536808262
2025-09-14 21:00:00,6165,3.9979340980540803,1.713400327737463,27.8,1.8730056957293608,477.0,130.8493536808262
2025-09-14 22:00:00,6166,3.876063996248268,1.6611702841064007,27.7,0.7452538066403447,436.0,130.8493536808262
2025-09-14 23:00:00,6167,3.99789004171767,1.7133814464504302,27.7,0.6462458935726936,403.0,130.8493536808262
2025-09-15 00:00:00,6168,4.241068336274175,1.817600715546075,27.8,0.7893745410219137,381.0,130.8493536808262
2025-09-15 01:00:00,6169,4.969416437229688,2.1297499016698658,27.8,0.7170220505666092,356.0,130.8493536808262
2025-09-15 02:00:00,6170,3.974935964646123,1.7035439848483382,27.9,0.9072420969645888,356.0,130.8493536808262
2025-09-15 03:00:00,6171,4.201662653085409,1.8007125656080323,28.0,1.4501741209659567,359.0,130.8493536808262
2025-09-15 04:00:00,6172,4.161813168859489,1.7836342152254951,28.1,1.60615572687479,373.0,130.8493536808262
2025-09-15 05:00:00,6173,4.091374119530318,1.753446051227279,28.2,1.2709836453827188,401.0,130.8493536808262
2025-09-15 06:00:00,6174,4.075378696409863,1.746590869889941,28.3,0.8657882483297488,431.0,130.8493536808262
2025-09-15 07:00:00,6175,4.106078251310106,1.7597478219900455,28.3,0.7551819123295489,472.0,130.8493536808262
2025-09-15 08:00:00,6176,4.467853435043044,1.9147943293041616,28.2,0.7005493517637879,499.0,130.8493536808262
2025-09-15 09:00:00,6177,4.109978233920681,1.761419243108863,28.1,0.7039683544601006,503.0,130.8493536808262
2025-09-15 10:00:00,6178,4.436645616505038,1.9014195499307305,28.1,0.8645969231228969,502.0,130.8493536808262
2025-09-15 11:00:00,6179,4.3480990298581474,1.863471012796349,28.0,0.6248011008020576,502.0,130.8493536808262
2025-09-15 12:00:00,6180,4.191158057292058,1.7962105959823103,28.0,0.2796426777314641,501.0,130.8493536808262
2025-09-15 13:00:00,6181,4.857372459368824,2.08173105401521,27.9,0.136276580196244,501.0,130.8493536808262
2025-09-15 14:00:00,6182,4.498040689150519,1.9277317239216512,27.9,0.08593998944247613,500.0,130.8493536808262
2025-09-15 15:00:00,6183,4.596525169199229,1.9699393582282405,27.8,0.0746685108199779,499.0,130.8493536808262
2025-09-15 16:00:00,6184,4.419253091077048,1.8939656104615918,27.8,0.0,498.0,130.8493536808262
2025-09-15 17:00:00,6185,4.513734662846087,1.9344577126483231,27.8,0.0,498.0,130.8493536808262
2025-09-15 18:00:00,6186,4.416653756818469,1.8928516100650579,27.8,0.0,499.0,130.8493536808262
2025-09-15 19:00:00,6187,4.216530432306327,1.8070844709884257,27.8,0.0,499.0,130.8493536808262
2025-09-15 20:00:00,6188,4.4356673408718095,1.9010002889450612,27.8,0.0,497.0,130.8493536808262
2025-09-15 21:00:00,6189,4.209982935577079,1.8042784009616053,27.8,0.0,474.0,130.8493536808262
2025-09-15 22:00:00,6190,4.166774210234303,1.7857603758147014,27.8,0.0,423.0,130.8493536808262
2025-09-15 23:00:00,6191,4.111585317655672,1.7621079932810024,27.9,0.0,385.0,130.8493536808262
2025-09-16 00:00:00,6192,4.581737797903381,1.9636019133871632,27.9,0.0,368.0,130.8493536808262
2025-09-16 01:00:00,6193,4.385613861789639,1.8795487979098453,28.0,0.0,349.0,130.8493536808262
2025-09-16 02:00:00,6194,4.02355711187667,1.7243816193757155,28.1,0.04926861076755844,349.0,130.8493536808262
2025-09-16 03:00:00,6195,3.603079519226709,1.5441769368114466,28.3,0.21985768824051255,350.0,130.8493536808262
2025-09-16 04:00:00,6196,3.567874451152001,1.5290890504937147,28.5,0.6118120874749101,369.0,130.8493536808262
2025-09-16 05:00:00,6197,3.5784904229648076,1.5336387526992032,28.6,1.3038720005805355,395.0,130.8493536808262
2025-09-16 06:00:00,6198,3.6817153612274014,1.5778780119546008,28.6,1.7405996558514132,430.0,130.8493536808262
2025-09-16 07:00:00,6199,4.0067524257520635,1.7171796110365987,28.6,2.0507738660600534,473.0,130.8493536808262
2025-09-16 08:00:00,6200,4.005812372851093,1.716776731221897,28.5,1.8691634190298523,500.0,130.8493536808262
2025-09-16 09:00:00,6201,3.873138230586795,1.6599163845371978,28.5,1.7577485411698455,503.0,130.8493536808262
2025-09-16 10:00:00,6202,3.955180257021492,1.6950772530092109,28.4,0.9515404029183592,502.0,130.8493536808262
2025-09-16 11:00:00,6203,3.8158630904675177,1.6353698959146503,28.2,1.095502512315893,501.0,130.8493536808262
2025-09-16 12:00:00,6204,3.951726171237215,1.693596930530235,28.1,1.8467897501728876,501.0,130.8493536808262
2025-09-16 13:00:00,6205,4.233069173392941,1.814172502882689,28.1,2.071149946418799,500.0,130.8493536808262
2025-09-16 14:00:00,6206,3.992851735247065,1.711222172248742,28.0,2.0439700365848856,500.0,130.8493536808262
2025-09-16 15:00:00,6207,4.241674223861967,1.8178603816551289,28.0,2.3094842885590903,499.0,130.8493536808262
2025-09-16 16:00:00,6208,3.9258433010500413,1.682504271878589,28.0,2.337161782493413,498.0,130.8493536808262
2025-09-16 17:00:00,6209,3.957609603373691,1.6961184014458677,27.9,2.1524851045945024,497.0,130.8493536808262
2025-09-16 18:00:00,6210,4.259674495145331,1.8255747836337135,27.9,2.4617598054377927,497.0,130.8493536808262
2025-09-16 19:00:00,6211,3.9806394354273955,1.7059883294688838,27.9,2.995550520692935,497.0,130.8493536808262
2025-09-16 20:00:00,6212,3.68051069803232,1.577361727728137,27.9,3.7222105557773197,495.0,130.8493536808262
2025-09-16 21:00:00,6213,4.070756297272557,1.7446098416882387,27.9,5.5621038491921615,471.0,130.8493536808262
2025-09-16 22:00:00,6214,3.779659831210571,1.619854213375959,27.9,7.946092490886064,427.0,130.8493536808262
2025-09-16 23:00:00,6215,3.8852040904088376,1.6650874673180731,27.9,7.171603417855479,392.0,130.8493536808262
2025-09-17 00:00:00,6216,4.193605476179843,1.7972594897913614,28.0,7.551088243299497,370.0,130.8493536808262
2025-09-17 01:00:00,6217,4.109759669336089,1.7613255725726094,28.0,7.757829210937592,354.0,130.8493536808262
2025-09-17 02:00:00,6218,4.324061007440082,1.8531690031886063,28.1,8.044158147495136,347.0,130.8493536808262
2025-09-17 03:00:00,6219,4.796540789054347,2.0556603381661485,28.2,7.552110527632123,351.0,130.8493536808262
2025-09-17 04:00:00,6220,4.283889089741417,1.835952467032036,28.3,7.360245300432989,373.0,130.8493536808262
2025-09-17 05:00:00,6221,4.207576157313836,1.8032469245630727,28.4,7.033945122855842,402.0,130.8493536808262
2025-09-17 06:00:00,6222,4.420195888584164,1.89436966653607,28.4,6.7738033142860745,436.0,130.8493536808262
2025-09-17 07:00:00,6223,4.117072856114966,1.7644597954778425,28.4,6.140707843201103,474.0,130.8493536808262
2025-09-17 08:00:00,6224,4.178881401718822,1.7909491721652095,28.4,6.7315330136322045,499.0,130.8493536808262
2025-09-17 09:00:00,6225,3.911463258208325,1.6763413963749962,28.4,8.041685172124483,501.0,130.8493536808262
2025-09-17 10:00:00,6226,3.807410550146076,1.6317473786340326,28.4,9.741751633097833,501.0,130.8493536808262
2025-09-17 11:00:00,6227,4.337302171344689,1.8588437877191524,28.3,10.526046132110306,500.0,130.8493536808262
2025-09-17 12:00:00,6228,4.227489805366789,1.8117813451571951,28.3,12.89226042242987,500.0,130.8493536808262
2025-09-17 13:00:00,6229,4.532542756525013,1.9425183242250053,28.3,12.92603093867796,500.0,130.8493536808262
2025-09-17 14:00:00,6230,4.384450017382007,1.8790500074494316,28.2,12.263657568377557,499.0,130.8493536808262
2025-09-17 15:00:00,6231,4.689479980750431,2.009777134607327,28.2,12.427111344288013,498.0,130.8493536808262
2025-09-17 16:00:00,6232,4.7126783251929565,2.0197192822255525,28.2,13.354651996364955,497.0,130.8493536808262
2025-09-17 17:00:00,6233,4.778295346022262,2.047840862580969,28.2,13.76926837282927,496.0,130.8493536808262
2025-09-17 18:00:00,6234,4.657018797551041,1.9958651989504461,28.2,14.264439003716712,496.0,130.8493536808262
2025-09-17 19:00:00,6235,4.938601639091997,2.116543559610856,28.2,15.0,496.0,130.8493536808262
2025-09-17 20:00:00,6236,5.009863208207845,2.147084232089076,28.2,15.0,494.0,130.8493536808262
2025-09-17 21:00:00,6237,4.635423365211308,1.986610013661989,28.2,15.0,472.0,130.8493536808262
2025-09-17 22:00:00,6238,4.566554814165126,1.9570949203564827,28.2,15.0,430.0,130.8493536808262
2025-09-17 23:00:00,6239,5.144731170132044,2.2048847871994472,28.2,15.0,402.0,130.8493536808262
2025-09-18 00:00:00,6240,5.073106578674823,2.1741885337177806,28.2,15.0,392.0,130.8493536808262
2025-09-18 01:00:00,6241,5.310046131106228,2.275734056188383,28.2,15.0,386.0,130.8493536808262
2025-09-18 02:00:00,6242,4.2756138684890415,1.8324059436381603,28.2,15.0,392.0,130.8493536808262
2025-09-18 03:00:00,6243,4.966811303636053,2.1286334158440225,28.3,14.559025676875722,399.0,130.8493536808262
2025-09-18 04:00:00,6244,5.5050508376100655,2.3593075018328853,28.4,13.581935260001163,423.0,130.8493536808262
2025-09-18 05:00:00,6245,5.463688674223894,2.3415808603816686,28.4,12.552464963024946,449.0,130.8493536808262
2025-09-18 06:00:00,6246,5.017152983540358,2.150208421517296,28.4,10.45331730231901,473.0,130.8493536808262
2025-09-18 07:00:00,6247,5.307124473622292,2.274481917266696,28.4,3.352277260892109,485.0,130.8493536808262
2025-09-18 08:00:00,6248,5.5340733330325405,2.371745714156803,28.4,2.2294034633795965,498.0,130.8493536808262
2025-09-18 09:00:00,6249,5.47954385758396,2.348375938964554,28.4,4.91058403549537,500.0,130.8493536808262
2025-09-18 10:00:00,6250,5.796371615339416,2.4841592637168923,28.4,3.2578892711282412,500.0,130.8493536808262
2025-09-18 11:00:00,6251,5.263166054861784,2.255642594940764,28.4,6.048181787921284,499.0,130.8493536808262
2025-09-18 12:00:00,6252,5.755104214213953,2.466473234663122,28.4,6.973355649934657,498.0,130.8493536808262
2025-09-18 13:00:00,6253,5.899208296708814,2.5282321271609205,28.3,9.237217025391136,497.0,130.8493536808262
2025-09-18 14:00:00,6254,5.720544525409283,2.4516619394611214,28.3,10.967989701532822,497.0,130.8493536808262
2025-09-18 15:00:00,6255,5.231516996628276,2.2420787128406894,28.2,10.446330753299469,496.0,130.8493536808262
2025-09-18 16:00:00,6256,5.108060751678719,2.1891688935765936,28.2,11.610024227455254,495.0,130.8493536808262
2025-09-18 17:00:00,6257,4.804624809123554,2.0591249181958085,28.1,12.119966060091631,495.0,130.8493536808262
2025-09-18 18:00:00,6258,4.8719088955257295,2.0879609552253124,28.1,10.991969677623977,496.0,130.8493536808262
2025-09-18 19:00:00,6259,4.893036102948205,2.0970154726920875,28.0,10.597559750973177,497.0,130.8493536808262
2025-09-18 20:00:00,6260,5.275735921453949,2.2610296806231207,28.0,11.094970945145356,496.0,130.8493536808262
2025-09-18 21:00:00,6261,5.541690878605945,2.375010376545405,27.9,12.713221554292184,484.0,130.8493536808262
2025-09-18 22:00:00,6262,5.173790004217183,2.2173385732359354,27.8,4.498621230868582,458.0,130.8493536808262
2025-09-18 23:00:00,6263,4.942025488100662,2.1180109234717124,27.7,1.882840981234983,424.0,130.8493536808262
2025-09-19 00:00:00,6264,4.577513085319394,1.96179132227974,27.6,1.7750338086810615,398.0,130.8493536808262
2025-09-19 01:00:00,6265,5.049725095186398,2.1641678979370274,27.6,2.5669725480234753,363.0,130.8493536808262
2025-09-19 02:00:00,6266,4.896098076264709,2.098327746970589,27.6,3.2218736942432797,350.0,130.8493536808262
2025-09-19 03:00:00,6267,4.3769497926173635,1.8758356254074413,27.6,2.7225187728256652,341.0,130.8493536808262
2025-09-19 04:00:00,6268,4.0574471963074155,1.7389059412746066,27.6,2.6845043095243666,360.0,130.8493536808262
2025-09-19 05:00:00,6269,4.303006012897925,1.8441454340991106,27.6,2.7851657755391184,397.0,130.8493536808262
2025-09-19 06:00:00,6270,4.406209677701964,1.8883755761579848,27.6,2.6233143023312993,440.0,130.8493536808262
2025-09-19 07:00:00,6271,4.226218644032613,1.8112365617282629,27.5,2.4672473699415867,479.0,130.8493536808262
2025-09-19 08:00:00,6272,5.328885871952963,2.2838082308369843,27.5,2.691627358887231,500.0,130.8493536808262
2025-09-19 09:00:00,6273,4.986524618276116,2.137081979261192,27.5,2.8676230708135733,502.0,130.8493536808262
2025-09-19 10:00:00,6274,5.591559620565178,2.3963826945279334,27.5,1.1312165657670263,500.0,130.8493536808262
2025-09-19 11:00:00,6275,5.024281558133275,2.1532635249142604,27.5,1.1861679890813561,500.0,130.8493536808262
2025-09-19 12:00:00,6276,5.373524612043534,2.3029391194472284,27.4,1.205589801756143,500.0,130.8493536808262
2025-09-19 13:00:00,6277,5.2426368421090945,2.2468443609038977,27.4,1.1457611810592976,498.0,130.8493536808262
2025-09-19 14:00:00,6278,5.589570743893109,2.3955303188113324,27.4,1.3263570024172677,498.0,130.8493536808262
2025-09-19 15:00:00,6279,5.442924028958733,2.3326817266966,27.3,1.4232477955028866,499.0,130.8493536808262
2025-09-19 16:00:00,6280,5.160562740869137,2.211669746086773,27.3,1.735990732817543,498.0,130.8493536808262
2025-09-19 17:00:00,6281,5.1918890461875,2.2250953055089284,27.2,1.5536992452825829,498.0,130.8493536808262
2025-09-19 18:00:00,6282,4.938135872227008,2.1163439452401462,27.2,1.4976859077143234,498.0,130.8493536808262
2025-09-19 19:00:00,6283,4.701739626050862,2.015031268307512,27.2,1.824321748916536,498.0,130.8493536808262
2025-09-19 20:00:00,6284,5.320231117222265,2.2800990502381135,27.2,1.60615572687479,498.0,130.8493536808262
2025-09-19 21:00:00,6285,5.125350556804436,2.196578810059044,27.2,1.444846344646491,489.0,130.8493536808262
2025-09-19 22:00:00,6286,5.054401919110601,2.1661722510474006,27.1,0.42714779436288863,459.0,130.8493536808262
2025-09-19 23:00:00,6287,5.212371151703994,2.233873350730283,27.1,0.1456155789681233,425.0,130.8493536808262
2025-09-20 00:00:00,6288,5.278464867397862,2.2621992288847976,27.2,0.5801796824254588,401.0,130.8493536808262
2025-09-20 01:00:00,6289,5.326208012505456,2.2826605767880523,27.2,1.2051092326467818,384.0,130.8493536808262
2025-09-20 02:00:00,6290,6.06739297784004,2.6003112762171603,27.4,1.0653655468345173,394.0,130.8493536808262
2025-09-20 03:00:00,6291,5.221829303714888,2.2379268444492375,27.5,1.7283388938038509,419.0,130.8493536808262
2025-09-20 04:00:00,6292,5.06808858619328,2.172037965511406,27.6,2.5406070629712816,433.0,130.8493536808262
2025-09-20 05:00:00,6293,4.83652822083851,2.0727978089307895,27.7,3.050525040813333,454.0,130.8493536808262
2025-09-20 06:00:00,6294,4.326217020963876,1.8540930089845182,27.8,3.3120400117320403,471.0,130.8493536808262
2025-09-20 07:00:00,6295,4.599969351132688,1.9714154361997231,27.7,5.148051563102771,488.0,130.8493536808262
2025-09-20 08:00:00,6296,4.762005718408263,2.040859593603541,27.6,9.238517452421735,495.0,130.8493536808262
2025-09-20 09:00:00,6297,4.60465012985393,1.9734214842231128,27.5,13.11135085821816,496.0,130.8493536808262
2025-09-20 10:00:00,6298,4.373211730033027,1.8742335985855827,27.3,7.034552814572131,496.0,130.8493536808262
2025-09-20 11:00:00,6299,4.558521013008898,1.9536518627180988,27.1,9.096663317110165,495.0,130.8493536808262
2025-09-20 12:00:00,6300,4.575884784094896,1.9610934788978123,27.0,11.53081519687237,493.0,130.8493536808262
2025-09-20 13:00:00,6301,5.126459257854386,2.19705396765188,27.0,15.0,493.0,130.8493536808262
2025-09-20 14:00:00,6302,5.098045958850742,2.1848768395074605,26.9,15.0,493.0,130.8493536808262
2025-09-20 15:00:00,6303,5.188757274147343,2.223753117491718,26.9,15.0,494.0,130.8493536808262
2025-09-20 16:00:00,6304,5.21112539355758,2.2333394543818197,26.8,15.0,494.0,130.8493536808262
2025-09-20 17:00:00,6305,5.546039523394853,2.3768740814549365,26.8,15.0,494.0,130.8493536808262
2025-09-20 18:00:00,6306,5.306551729472568,2.2742364554882433,26.8,15.0,493.0,130.8493536808262
2025-09-20 19:00:00,6307,5.0552809796041425,2.166548991258918,26.8,15.0,493.0,130.8493536808262
2025-09-20 20:00:00,6308,5.179192511603002,2.2196539335441434,26.7,15.0,491.0,130.8493536808262
2025-09-20 21:00:00,6309,4.91738166878258,2.1074492866211054,26.7,15.0,470.0,130.8493536808262
2025-09-20 22:00:00,6310,4.893311716456319,2.0971335927669936,26.7,15.0,412.0,130.8493536808262
2025-09-20 23:00:00,6311,4.895601768187671,2.0981150435090012,26.8,9.512106633178444,329.0,130.8493536808262
2025-09-21 00:00:00,6312,5.159945864790094,2.2114053706243264,26.8,4.715370271606536,285.0,130.8493536808262
2025-09-21 01:00:00,6313,5.537657109577058,2.3732816183901675,26.9,3.3403289715932782,260.0,130.8493536808262
2025-09-21 02:00:00,6314,5.13662321686204,2.201409950083731,27.0,1.5921563265506202,256.0,130.8493536808262
2025-09-21 03:00:00,6315,4.5025282329585234,1.9296549569822243,27.1,1.4602912506110417,289.0,130.8493536808262
2025-09-21 04:00:00,6316,4.361437457680005,1.869187481862859,27.3,2.040080475152092,339.0,130.8493536808262
2025-09-21 05:00:00,6317,4.748565152339983,2.03509935100285,27.5,2.854370463851181,385.0,130.8493536808262
2025-09-21 06:00:00,6318,4.2894023017519745,1.8383152721794174,27.5,3.2966282663753264,421.0,130.8493536808262
2025-09-21 07:00:00,6319,4.0797997179794905,1.7484855934197818,27.5,3.2815542090489234,463.0,130.8493536808262
2025-09-21 08:00:00,6320,4.347660412086064,1.86328303375117,27.5,3.5899754663894274,495.0,130.8493536808262
2025-09-21 09:00:00,6321,4.491281954135228,1.9248351232008118,27.4,3.7961626298589044,499.0,130.8493536808262
2025-09-21 10:00:00,6322,4.128244089190529,1.7692474667959408,27.4,7.099816944913636,499.0,130.8493536808262
2025-09-21 11:00:00,6323,4.4986756810655155,1.9280038633137924,27.2,8.066507217456339,498.0,130.8493536808262
2025-09-21 12:00:00,6324,4.669889309823751,2.0013811327816073,27.2,9.488408878335125,498.0,130.8493536808262
2025-09-21 13:00:00,6325,4.821452360028801,2.0663367257266287,27.1,9.496084431617087,497.0,130.8493536808262
2025-09-21 14:00:00,6326,5.008024798994244,2.1462963424261043,27.0,7.65443195417326,497.0,130.8493536808262
2025-09-21 15:00:00,6327,5.083439859533665,2.1786170826572846,27.0,7.1172336914492105,495.0,130.8493536808262
2025-09-21 16:00:00,6328,4.874145983460656,2.088919707197424,26.9,6.830897564978929,494.0,130.8493536808262
2025-09-21 17:00:00,6329,5.055660061838816,2.1667114550737785,26.9,6.729686993218185,495.0,130.8493536808262
2025-09-21 18:00:00,6330,4.983348661231759,2.1357208548136106,26.8,7.373161542037962,497.0,130.8493536808262
2025-09-21 19:00:00,6331,4.960238698203096,2.1258165849441837,26.8,7.943639819569682,498.0,130.8493536808262
2025-09-21 20:00:00,6332,5.0706460233164545,2.1731340099927663,26.7,8.473209239572776,498.0,130.8493536808262
2025-09-21 21:00:00,6333,4.864885090885469,2.084950753236629,26.7,9.915776404533679,460.0,130.8493536808262
2025-09-21 22:00:00,6334,4.662847731973774,1.998363313703046,26.6,4.744496670037836,376.0,130.8493536808262
2025-09-21 23:00:00,6335,4.596588269395023,1.9699664011692954,26.6,5.462435193672667,324.0,130.8493536808262
2025-09-22 00:00:00,6336,4.951285138712871,2.121979345162659,26.6,7.4514315648912275,309.0,130.8493536808262
2025-09-22 01:00:00,6337,4.44965091249098,1.90699324821042,26.6,9.822304324856411,276.0,130.8493536808262
2025-09-22 02:00:00,6338,4.189199370043026,1.795371158589868,26.6,10.545695773760988,272.0,130.8493536808262
2025-09-22 03:00:00,6339,4.135464718182683,1.7723420220782924,26.6,9.899655641916645,290.0,130.8493536808262
2025-09-22 04:00:00,6340,3.91380476072364,1.6773448974529885,26.6,8.576626837981731,338.0,130.8493536808262
2025-09-22 05:00:00,6341,3.7676245477295907,1.614696234741253,26.6,8.515850194268676,379.0,130.8493536808262
2025-09-22 06:00:00,6342,3.7271906092642397,1.5973674039703885,26.6,8.415437856550376,425.0,130.8493536808262
2025-09-22 07:00:00,6343,3.934999131391296,1.6864281991676981,26.5,7.157303380378935,469.0,130.8493536808262
2025-09-22 08:00:00,6344,3.8041616459244763,1.63035499111049,26.5,5.77027750259165,500.0,130.8493536808262
2025-09-22 09:00:00,6345,4.015275176677505,1.7208322185760738,26.5,5.1668857816226765,502.0,130.8493536808262
2025-09-22 10:00:00,6346,3.6530968829641175,1.5656129498417644,26.4,4.411020133038245,502.0,130.8493536808262
2025-09-22 11:00:00,6347,3.862953155098049,1.655551352184878,26.4,4.478230175577764,502.0,130.8493536808262
2025-09-22 12:00:00,6348,4.043157519643049,1.7327817941327353,26.3,4.98745990281585,501.0,130.8493536808262
2025-09-22 13:00:00,6349,4.255033161662871,1.823585640712659,26.2,5.4188709505096195,500.0,130.8493536808262
2025-09-22 14:00:00,6350,3.832681543721279,1.6425778044519768,26.2,4.636525109601183,500.0,130.8493536808262
2025-09-22 15:00:00,6351,3.8752952953820397,1.6608408408780169,26.2,4.083665086294109,500.0,130.8493536808262
2025-09-22 16:00:00,6352,3.846363873958932,1.6484416602681138,26.1,3.1404898786946327,498.0,130.8493536808262
2025-09-22 17:00:00,6353,4.0497284937657385,1.7355979258996024,26.1,2.6138837446083754,499.0,130.8493536808262
2025-09-22 18:00:00,6354,4.13513604711625,1.7722011630498211,26.1,2.3853287669177696,500.0,130.8493536808262
2025-09-22 19:00:00,6355,4.196170808074264,1.7983589177461128,26.0,2.5400012100454274,500.0,130.8493536808262
2025-09-22 20:00:00,6356,3.886460517953587,1.6656259362658228,26.0,2.6912601313666213,499.0,130.8493536808262
2025-09-22 21:00:00,6357,3.812633804318029,1.6339859161362982,26.0,2.773741005233713,468.0,130.8493536808262
2025-09-22 22:00:00,6358,3.8205333002314132,1.6373714143848914,26.0,1.7612365579249756,374.0,130.8493536808262
2025-09-22 23:00:00,6359,3.803765654007563,1.6301852802889556,26.0,1.4939449168715635,304.0,130.8493536808262
2025-09-23 00:00:00,6360,4.404458274710314,1.887624974875849,26.0,1.7135950010721441,289.0,130.8493536808262
2025-09-23 01:00:00,6361,4.039422075903506,1.731180889672931,26.0,1.4500459025148766,292.0,130.8493536808262
2025-09-23 02:00:00,6362,3.511366892150986,1.5048715252075655,26.1,1.6280482012753712,314.0,130.8493536808262
2025-09-23 03:00:00,6363,3.4038906212666076,1.4588102662571174,26.1,1.4891744408065768,331.0,130.8493536808262
2025-09-23 04:00:00,6364,3.446269994064234,1.4769728545989573,26.2,1.4382766897919714,348.0,130.8493536808262
2025-09-23 05:00:00,6365,3.2899436541077325,1.4099758517604568,26.2,1.8068240435971625,371.0,130.8493536808262
2025-09-23 06:00:00,6366,3.422063436210978,1.4665986155189905,26.2,2.14545940001447,403.0,130.8493536808262
2025-09-23 07:00:00,6367,3.401188756937852,1.4576523244019364,26.2,2.1825716169181746,459.0,130.8493536808262
2025-09-23 08:00:00,6368,3.815729343852243,1.6353125759366753,26.2,2.3434256248462133,499.0,130.8493536808262
2025-09-23 09:00:00,6369,3.402752799018047,1.4583226281505912,26.1,2.56914646400347,503.0,130.8493536808262
2025-09-23 10:00:00,6370,3.741305043749165,1.6034164473210704,26.1,2.4238438723713824,501.0,130.8493536808262
2025-09-23 11:00:00,6371,3.812450392859504,1.6339073112255018,26.0,3.4200718969707498,500.0,130.8493536808262
2025-09-23 12:00:00,6372,3.8234952954129815,1.6386408408912778,26.0,3.3119105389400794,501.0,130.8493536808262
2025-09-23 13:00:00,6373,4.02171982472352,1.7235942105957942,26.0,3.184597403293197,501.0,130.8493536808262
2025-09-23 14:00:00,6374,4.004771092855046,1.7163304683664482,25.9,3.23708587578842,500.0,130.8493536808262
2025-09-23 15:00:00,6375,4.0007987523714945,1.7146280367306406,25.9,3.2020107397364086,498.0,130.8493536808262
2025-09-23 16:00:00,6376,4.107692691586806,1.760439724965774,25.9,3.3223760642517592,498.0,130.8493536808262
2025-09-23 17:00:00,6377,4.16222866756493,1.783812286099256,25.8,3.456554251659676,500.0,130.8493536808262
2025-09-23 18:00:00,6378,4.125450091369822,1.768050039158495,25.8,3.3330656222341437,500.0,130.8493536808262
2025-09-23 19:00:00,6379,4.249232401565438,1.8210996006709022,25.8,3.016844197315792,501.0,130.8493536808262
2025-09-23 20:00:00,6380,4.139006433715749,1.7738599001638924,25.8,2.9999868681747626,500.0,130.8493536808262
2025-09-23 21:00:00,6381,4.3885812918847265,1.8808205536648823,25.8,3.3080989919609562,464.0,130.8493536808262
2025-09-23 22:00:00,6382,4.327044209136349,1.8544475182012923,25.8,2.206093619679116,381.0,130.8493536808262
2025-09-23 23:00:00,6383,4.457637052284603,1.9104158795505444,25.8,2.1089073689757942,322.0,130.8493536808262
2025-09-24 00:00:00,6384,4.289729359393485,1.8384554397400648,25.8,2.8487390148514082,298.0,130.8493536808262
2025-09-24 01:00:00,6385,4.940495164026986,2.1173550702972794,25.8,3.0659477784646656,290.0,130.8493536808262
2025-09-24 02:00:00,6386,4.504090673249117,1.9303245742496211,25.8,2.8055739394340247,293.0,130.8493536808262
2025-09-24 03:00:00,6387,4.403383478373881,1.8871643478745204,25.9,2.6054412783134397,301.0,130.8493536808262
2025-09-24 04:00:00,6388,4.251432302715303,1.8220424154494153,25.9,2.516907581071402,331.0,130.8493536808262
2025-09-24 05:00:00,6389,4.1967756763374,1.7986181470017428,26.0,2.383000105793904,366.0,130.8493536808262
2025-09-24 06:00:00,6390,3.8489122030542022,1.6495338013089438,26.0,2.2838355022297505,415.0,130.8493536808262
2025-09-24 07:00:00,6391,4.137154329929744,1.7730661413984616,25.9,1.906791244002409,470.0,130.8493536808262
2025-09-24 08:00:00,6392,4.354815006028067,1.866349288297743,25.9,1.6768778262996051,499.0,130.8493536808262
2025-09-24 09:00:00,6393,4.135822588413218,1.7724953950342364,25.8,1.692624530884879,502.0,130.8493536808262
2025-09-24 10:00:00,6394,4.692585781649248,2.0111081921353917,25.8,1.1684551528357685,502.0,130.8493536808262
2025-09-24 11:00:00,6395,4.229698205550217,1.8127278023786644,25.6,1.404025678840371,500.0,130.8493536808262
2025-09-24 12:00:00,6396,4.354117728430189,1.8660504550415091,25.6,1.4450329463923717,499.0,130.8493536808262
2025-09-24 13:00:00,6397,5.3372794391032325,2.287405473901385,25.5,1.349693207323875,498.0,130.8493536808262
2025-09-24 14:00:00,6398,4.647020890133423,1.991580381485753,25.5,1.0941433690386198,498.0,130.8493536808262
2025-09-24 15:00:00,6399,4.709126059334845,2.0181968825720764,25.5,0.7898474231192437,495.0,130.8493536808262
2025-09-24 16:00:00,6400,4.763868803021582,2.041658058437821,25.4,0.11989277048367644,494.0,130.8493536808262
2025-09-24 17:00:00,6401,5.19299222600773,2.225568096860456,25.4,0.0,494.0,130.8493536808262
2025-09-24 18:00:00,6402,5.056075626857387,2.1668895543674513,25.4,0.0,495.0,130.8493536808262
2025-09-24 19:00:00,6403,5.170982499634656,2.2161353569862805,25.4,0.0,496.0,130.8493536808262
2025-09-24 20:00:00,6404,4.795823334153646,2.0553528574944195,25.3,0.0,496.0,130.8493536808262
2025-09-24 21:00:00,6405,5.070037462978473,2.172873198419345,25.3,0.0,463.0,130.8493536808262
2025-09-24 22:00:00,6406,5.193261635423259,2.225683558038539,25.3,0.0,394.0,130.8493536808262
2025-09-24 23:00:00,6407,5.310980748802127,2.276134606629483,25.4,0.0,341.0,130.8493536808262
2025-09-25 00:00:00,6408,5.683824502929212,2.435924786969662,25.4,0.0,317.0,130.8493536808262
2025-09-25 01:00:00,6409,5.035806073868651,2.1582026030865644,25.4,0.0,304.0,130.8493536808262
2025-09-25 02:00:00,6410,4.825449815684583,2.0680499210076784,25.5,0.1249718749243057,310.0,130.8493536808262
2025-09-25 03:00:00,6411,4.543453676441158,1.9471944327604962,25.5,0.37820206247189003,327.0,130.8493536808262
2025-09-25 04:00:00,6412,4.477879689202529,1.9190912953725123,25.6,0.7826670195029288,362.0,130.8493536808262
2025-09-25 05:00:00,6413,4.520563903032854,1.9373845298712231,25.6,1.0225613709406003,407.0,130.8493536808262
2025-09-25 06:00:00,6414,4.467228110996296,1.914526333284127,25.6,1.3222933939116206,448.0,130.8493536808262
2025-09-25 07:00:00,6415,4.410660218157026,1.890282950638725,25.6,1.1299251107709756,481.0,130.8493536808262
2025-09-25 08:00:00,6416,4.360315007329214,1.8687064317125202,25.6,0.9123538137371979,500.0,130.8493536808262
2025-09-25 09:00:00,6417,4.081499364327042,1.7492140132830178,25.5,0.7780973990088306,501.0,130.8493536808262
2025-09-25 10:00:00,6418,4.2653044627146945,1.827987626877726,25.5,1.9513781168542592,500.0,130.8493536808262
2025-09-25 11:00:00,6419,4.355003264556357,1.866429970524153,25.5,1.9899076644351041,500.0,130.8493536808262
2025-09-25 12:00:00,6420,4.5109039214162285,1.933244537749812,25.5,2.265996139351503,499.0,130.8493536808262
2025-09-25 13:00:00,6421,5.035518041358506,2.1580791605822163,25.5,2.9439546850110916,498.0,130.8493536808262
2025-09-25 14:00:00,6422,5.332134266197393,2.285200399798882,25.4,2.3548925112592487,498.0,130.8493536808262
2025-09-25 15:00:00,6423,4.8750346917471,2.0893005821773283,25.4,1.8603598575277733,497.0,130.8493536808262
2025-09-25 16:00:00,6424,5.51177648407184,2.362189921745074,25.4,1.795603866896849,497.0,130.8493536808262
2025-09-25 17:00:00,6425,4.951399557485832,2.122028381779642,25.4,1.4006194052744965,497.0,130.8493536808262
2025-09-25 18:00:00,6426,4.644087773053302,1.9903233313085578,25.4,0.8905682968330791,498.0,130.8493536808262
2025-09-25 19:00:00,6427,4.762739274088474,2.0411739746093462,25.4,0.38110789758534724,498.0,130.8493536808262
2025-09-25 20:00:00,6428,4.841272796405588,2.0748311984595373,25.4,0.03954498544523042,498.0,130.8493536808262
2025-09-25 21:00:00,6429,4.835406070568876,2.072316887386661,25.4,0.0,469.0,130.8493536808262
2025-09-25 22:00:00,6430,5.130747585642585,2.19889182241825,25.4,0.0,397.0,130.8493536808262
2025-09-25 23:00:00,6431,5.463665880940958,2.3415710918318395,25.4,0.0,345.0,130.8493536808262
2025-09-26 00:00:00,6432,5.355862167028253,2.2953695001549654,25.5,0.0,323.0,130.8493536808262
2025-09-26 01:00:00,6433,4.899883060718722,2.0999498831651664,25.5,0.0,315.0,130.8493536808262
2025-09-26 02:00:00,6434,4.882920642576628,2.0926802753899834,25.7,0.0,313.0,130.8493536808262
2025-09-26 03:00:00,6435,5.184185980416238,2.2217939916069596,25.9,0.0,313.0,130.8493536808262
2025-09-26 04:00:00,6436,4.93927431980182,2.1168318513436373,26.0,0.0,342.0,130.8493536808262
2025-09-26 05:00:00,6437,4.810450286547651,2.0616215513775646,26.1,0.06021579553627694,380.0,130.8493536808262
2025-09-26 06:00:00,6438,4.69770362771801,2.0133015547362896,26.2,0.101310732676175,427.0,130.8493536808262
2025-09-26 07:00:00,6439,4.41330053137718,1.8914145134473626,26.2,0.09744596450253963,476.0,130.8493536808262
2025-09-26 08:00:00,6440,4.557630145339449,1.9532700622883352,26.1,0.12156524892204579,501.0,130.8493536808262
2025-09-26 09:00:00,6441,4.51847377866911,1.936488762286761,26.0,0.10744098716469287,502.0,130.8493536808262
2025-09-26 10:00:00,6442,3.7102936149304595,1.5901258349701968,26.0,0.0,501.0,130.8493536808262
2025-09-26 11:00:00,6443,3.991527901937798,1.710654815116199,25.9,0.0,500.0,130.8493536808262
2025-09-26 12:00:00,6444,4.104818926255431,1.759208111252328,25.8,0.0,500.0,130.8493536808262
2025-09-26 13:00:00,6445,4.1715757974476695,1.7878181989061441,25.8,0.0,500.0,130.8493536808262
2025-09-26 14:00:00,6446,4.345223458578828,1.8622386251052119,25.7,0.0,500.0,130.8493536808262
2025-09-26 15:00:00,6447,4.46347710346322,1.9129187586270942,25.6,0.0,496.0,130.8493536808262
2025-09-26 16:00:00,6448,4.69532864791517,2.012283706249358,25.6,0.2708580732707447,496.0,130.8493536808262
2025-09-26 17:00:00,6449,4.638355023749005,1.9878664387495737,25.5,1.3511507895461243,495.0,130.8493536808262
2025-09-26 18:00:00,6450,5.038342153029053,2.1592894941553085,25.5,2.997998901616233,495.0,130.8493536808262
2025-09-26 19:00:00,6451,4.690744952819649,2.010319265494135,25.5,3.604308618952421,496.0,130.8493536808262
2025-09-26 20:00:00,6452,5.612626523685133,2.405411367293628,25.5,3.1404898786946327,496.0,130.8493536808262
2025-09-26 21:00:00,6453,5.297409185439843,2.2703182223313614,25.5,2.3476005255195433,475.0,130.8493536808262
2025-09-26 22:00:00,6454,5.154486756148128,2.209065752634912,25.5,4.848867010301382,412.0,130.8493536808262
2025-09-26 23:00:00,6455,4.770560057624337,2.0445257389818585,25.5,3.9256378889531094,348.0,130.8493536808262
2025-09-27 00:00:00,6456,5.458315932182824,2.339278256649782,25.5,3.321631056951044,312.0,130.8493536808262
2025-09-27 01:00:00,6457,5.310526802387946,2.2759400581662628,25.5,3.1672497903982286,287.0,130.8493536808262
2025-09-27 02:00:00,6458,4.584118918304065,1.9646223935588847,25.5,2.9308683804912445,269.0,130.8493536808262
2025-09-27 03:00:00,6459,4.186586643995543,1.794251418855233,25.6,2.4833089365287013,268.0,130.8493536808262
2025-09-27 04:00:00,6460,4.158687168026753,1.7822945005828943,25.7,1.8212363559745803,289.0,130.8493536808262
2025-09-27 05:00:00,6461,4.573745451962065,1.9601766222694565,25.8,1.6678080490532852,330.0,130.8493536808262
2025-09-27 06:00:00,6462,4.558155139865857,1.9534950599425098,25.8,1.6134307593653803,389.0,130.8493536808262
2025-09-27 07:00:00,6463,4.3635110438025055,1.870076161629645,25.8,1.6319590285002117,459.0,130.8493536808262
2025-09-27 08:00:00,6464,4.263699015586395,1.8272995781084551,25.6,1.637429749213741,497.0,130.8493536808262
2025-09-27 09:00:00,6465,4.587694863281914,1.966154941406535,25.6,1.7577709298109483,500.0,130.8493536808262
2025-09-27 10:00:00,6466,4.0965981619534535,1.7556849265514798,25.5,1.5879966682778281,500.0,130.8493536808262
2025-09-27 11:00:00,6467,5.599330185915404,2.399712936820887,25.5,1.0361705179037641,500.0,130.8493536808262
2025-09-27 12:00:00,6468,5.427923710982164,2.3262530189923556,25.4,0.8891423438762621,500.0,130.8493536808262
2025-09-27 13:00:00,6469,5.852193758468134,2.508083039343486,25.4,0.954991481668949,498.0,130.8493536808262
2025-09-27 14:00:00,6470,5.85352982468772,2.50865563915188,25.4,1.111470057411213,499.0,130.8493536808262
2025-09-27 15:00:00,6471,5.839648869705329,2.5027066584451405,25.3,0.9740177374436929,499.0,130.8493536808262
2025-09-27 16:00:00,6472,5.3818097485853675,2.3064898922508714,25.3,0.7074901602664598,499.0,130.8493536808262
2025-09-27 17:00:00,6473,5.159793951892254,2.2113402650966805,25.2,0.6851109353686441,499.0,130.8493536808262
2025-09-27 18:00:00,6474,4.753673437940407,2.037288616260174,25.2,0.941219425602617,500.0,130.8493536808262
2025-09-27 19:00:00,6475,4.918435347044243,2.1079008630189606,25.2,1.8016790851054632,499.0,130.8493536808262
2025-09-27 20:00:00,6476,4.826367617518187,2.0684432646506514,25.2,2.186364595994123,499.0,130.8493536808262
2025-09-27 21:00:00,6477,4.691614800676666,2.0106920574328564,25.2,2.217014218409372,468.0,130.8493536808262
2025-09-27 22:00:00,6478,4.587812299334109,1.9662052711431897,25.2,1.585319447486072,395.0,130.8493536808262
2025-09-27 23:00:00,6479,5.014161634554954,2.148926414809266,25.2,1.2316948648486234,334.0,130.8493536808262
2025-09-28 00:00:00,6480,5.4511422751536305,2.336203832208699,25.3,1.116030707235092,301.0,130.8493536808262
2025-09-28 01:00:00,6481,5.362147377694582,2.298063161869106,25.4,0.7564775962811817,286.0,130.8493536808262
2025-09-28 02:00:00,6482,4.802860206242247,2.058368659818106,25.5,0.8220943915860452,293.0,130.8493536808262
2025-09-28 03:00:00,6483,4.858894659111074,2.0823834253333176,25.6,1.1310990008421964,299.0,130.8493536808262
2025-09-28 04:00:00,6484,4.85786071036551,2.0819403044423614,25.8,1.269069679003115,322.0,130.8493536808262
2025-09-28 05:00:00,6485,4.876661693570005,2.0899978686728597,25.9,1.701598705839072,358.0,130.8493536808262
2025-09-28 06:00:00,6486,4.287484627539014,1.8374934118024342,25.9,1.9766753513803643,415.0,130.8493536808262
2025-09-28 07:00:00,6487,4.3905432873369925,1.881661408858711,25.9,1.7143712975193766,473.0,130.8493536808262
2025-09-28 08:00:00,6488,5.350244228278401,2.2929618121193145,25.9,2.0057785274674713,500.0,130.8493536808262
2025-09-28 09:00:00,6489,5.613046048427699,2.405591163611871,25.8,2.7115543331112084,502.0,130.8493536808262
2025-09-28 10:00:00,6490,6.204480708099354,2.6590631606140085,25.6,5.466304248969091,502.0,130.8493536808262
2025-09-28 11:00:00,6491,5.943310674357832,2.5471331461533566,25.5,6.020545512720009,501.0,130.8493536808262
2025-09-28 12:00:00,6492,5.877910932267605,2.519104685257545,25.5,6.0347902329908765,500.0,130.8493536808262
2025-09-28 13:00:00,6493,4.756026049143145,2.038296878204205,25.5,5.822007813839499,498.0,130.8493536808262
2025-09-28 14:00:00,6494,4.9872521440489255,2.1373937760209683,25.5,5.735197565863647,497.0,130.8493536808262
2025-09-28 15:00:00,6495,4.736853013049428,2.030079862735469,25.4,6.282389825999993,494.0,130.8493536808262
2025-09-28 16:00:00,6496,4.41389372870913,1.8916687408753412,25.4,8.582624066884152,493.0,130.8493536808262
2025-09-28 17:00:00,6497,4.720529710092515,2.023084161468221,25.4,14.254528384774165,493.0,130.8493536808262
2025-09-28 18:00:00,6498,4.95086955426407,2.121801237541744,25.4,15.0,494.0,130.8493536808262
2025-09-28 19:00:00,6499,4.944226931288281,2.1189543991235484,25.4,15.0,495.0,130.8493536808262
2025-09-28 20:00:00,6500,5.0130821632296385,2.1484637842412733,25.3,15.0,496.0,130.8493536808262
2025-09-28 21:00:00,6501,4.686015512902635,2.0082923626725577,25.3,15.0,482.0,130.8493536808262
2025-09-28 22:00:00,6502,5.344908985371767,2.290675279445043,25.2,15.0,446.0,130.8493536808262
2025-09-28 23:00:00,6503,4.887335594951531,2.0945723978363704,25.2,15.0,402.0,130.8493536808262
2025-09-29 00:00:00,6504,5.214454981456425,2.2347664206241826,25.2,15.0,371.0,130.8493536808262
2025-09-29 01:00:00,6505,4.786166316950952,2.051214135836122,25.2,15.0,362.0,130.8493536808262
2025-09-29 02:00:00,6506,4.306582418249617,1.8456781792498358,25.3,15.0,368.0,130.8493536808262
2025-09-29 03:00:00,6507,3.8938734949169245,1.6688029263929673,25.4,15.0,375.0,130.8493536808262
2025-09-29 04:00:00,6508,3.7144818440173824,1.5919207902931636,25.4,14.771463160084204,389.0,130.8493536808262
2025-09-29 05:00:00,6509,3.6053833561155004,1.5451642954780718,25.5,10.920758551878937,417.0,130.8493536808262
2025-09-29 06:00:00,6510,3.9832884407757927,1.7071236174753397,25.5,6.543832869599221,448.0,130.8493536808262
2025-09-29 07:00:00,6511,3.452260594562773,1.479540254812617,25.5,4.671194746116578,480.0,130.8493536808262
2025-09-29 08:00:00,6512,3.7267315085409574,1.597170646517553,25.5,3.0704345373665043,499.0,130.8493536808262
2025-09-29 09:00:00,6513,4.130965067524865,1.7704136003677988,25.5,2.5671806526735406,500.0,130.8493536808262
2025-09-29 10:00:00,6514,4.604936348579013,1.9735441493910053,25.5,1.5478142774084265,499.0,130.8493536808262
2025-09-29 11:00:00,6515,4.871532414267927,2.087799606114826,25.4,0.29758878117236,498.0,130.8493536808262
2025-09-29 12:00:00,6516,4.636071524156131,1.9868877960669131,25.4,1.6199493138140002,498.0,130.8493536808262
2025-09-29 13:00:00,6517,4.581961723558148,1.9636978815249204,25.4,8.438113625442579,498.0,130.8493536808262
2025-09-29 14:00:00,6518,4.795519085038507,2.055222465016503,25.4,11.45273416020455,498.0,130.8493536808262
2025-09-29 15:00:00,6519,5.140210279911738,2.202947262819316,25.4,8.753109403009628,498.0,130.8493536808262
2025-09-29 16:00:00,6520,5.164942998742372,2.2135469994610166,25.4,8.315371338300732,498.0,130.8493536808262
2025-09-29 17:00:00,6521,4.893140592594941,2.09706025396926,25.4,10.122874285152005,498.0,130.8493536808262
2025-09-29 18:00:00,6522,5.12723425228398,2.1973861081217057,25.4,10.581898075985757,499.0,130.8493536808262
2025-09-29 19:00:00,6523,4.914328175624025,2.106140646696011,25.4,9.12796663194654,500.0,130.8493536808262
2025-09-29 20:00:00,6524,4.8195054984296135,2.065502356469834,25.3,6.847879489500238,500.0,130.8493536808262
2025-09-29 21:00:00,6525,5.1121215220152845,2.1909092237208365,25.3,6.291468378112956,478.0,130.8493536808262
2025-09-29 22:00:00,6526,5.3645613086955795,2.2990977037266767,25.2,3.9660413680013846,418.0,130.8493536808262
2025-09-29 23:00:00,6527,5.3088241360350406,2.2752103440150173,25.2,2.7745636458349505,369.0,130.8493536808262
2025-09-30 00:00:00,6528,5.820748943598209,2.494606690113518,25.2,2.8898528104256025,330.0,130.8493536808262
2025-09-30 01:00:00,6529,5.241467123199634,2.2463430527998427,25.3,2.1576747886715193,300.0,130.8493536808262
2025-09-30 02:00:00,6530,5.184727239653859,2.2220259598516536,25.4,1.908003408955456,286.0,130.8493536808262
2025-09-30 03:00:00,6531,4.774916625025433,2.046392839296614,25.4,2.128355874735805,287.0,130.8493536808262
2025-09-30 04:00:00,6532,4.650724403878905,1.9931676016623878,25.5,2.162594878793716,320.0,130.8493536808262
2025-09-30 05:00:00,6533,4.608348056028826,1.9750063097266397,25.5,2.102848933634495,360.0,130.8493536808262
2025-09-30 06:00:00,6534,4.830260601289748,2.0701116862670346,25.5,2.448982035191552,417.0,130.8493536808262
2025-09-30 07:00:00,6535,4.611429251476224,1.9763268220612389,25.5,2.6374256826965454,476.0,130.8493536808262
2025-09-30 08:00:00,6536,3.8122956541528064,1.633840994636917,25.5,2.8415420174238806,502.0,130.8493536808262
2025-09-30 09:00:00,6537,3.663153438634053,1.5699229022717367,25.4,3.0880537328839255,503.0,130.8493536808262
2025-09-30 10:00:00,6538,3.9152718867345175,1.6779736657433648,25.4,3.017155427129561,503.0,130.8493536808262
2025-09-30 11:00:00,6539,3.63435617201876,1.5575812165794685,25.3,4.673357491843229,502.0,130.8493536808262
2025-09-30 12:00:00,6540,3.6163161225513387,1.5498497668077165,25.2,4.976887385531749,501.0,130.8493536808262
2025-09-30 13:00:00,6541,3.600217946396813,1.542950548455777,25.2,4.804808625534484,501.0,130.8493536808262
2025-09-30 14:00:00,6542,3.8625572931197434,1.6553816970513184,25.2,4.7227114990795735,501.0,130.8493536808262
2025-09-30 15:00:00,6543,3.7482640652846904,1.6063988851220101,25.2,4.921804045002757,500.0,130.8493536808262
2025-09-30 16:00:00,6544,3.883485391206219,1.6643508819455224,25.1,5.805672709096624,500.0,130.8493536808262
2025-09-30 17:00:00,6545,3.8143623426988915,1.6347267182995247,25.1,6.453621843385267,500.0,130.8493536808262
2025-09-30 18:00:00,6546,3.9852239098272713,1.7079531042116876,25.1,5.841332719868417,500.0,130.8493536808262
2025-09-30 19:00:00,6547,4.853817771155924,2.0802076162096816,25.1,5.073804947983623,500.0,130.8493536808262
2025-09-30 20:00:00,6548,4.983530470499418,2.135798773071179,25.1,3.160240110993166,500.0,130.8493536808262
2025-09-30 21:00:00,6549,4.612837615922317,1.9769304068238498,25.1,3.383406466908422,492.0,130.8493536808262
2025-09-30 22:00:00,6550,4.645408734739188,1.9908894577453666,25.1,3.665377001488501,480.0,130.8493536808262
2025-09-30 23:00:00,6551,4.596951914014603,1.9701222488634011,25.1,4.585808902200169,470.0,130.8493536808262
2025-10-01 00:00:00,6552,5.001400487313127,2.1434573517056257,25.1,3.6318472239390154,470.0,130.8493536808262
2025-10-01 01:00:00,6553,4.970116050199331,2.1300497357997132,25.0,3.1095624641380866,466.0,130.8493536808262
2025-10-01 02:00:00,6554,4.892383390237786,2.0967357386733365,25.0,2.3132477738901276,462.0,130.8493536808262
2025-10-01 03:00:00,6555,4.558564141493059,1.953670346354168,25.0,2.1750241256927163,463.0,130.8493536808262
2025-10-01 04:00:00,6556,4.627866453279726,1.9833713371198827,24.9,1.9794181261260784,470.0,130.8493536808262
2025-10-01 05:00:00,6557,4.731875448412355,2.027946620748152,24.9,3.867171260886074,474.0,130.8493536808262
2025-10-01 06:00:00,6558,4.642858651705521,1.9897965650166516,24.8,4.216614833786106,480.0,130.8493536808262
2025-10-01 07:00:00,6559,4.387386215223793,1.880308377953054,24.8,2.2658947306007007,494.0,130.8493536808262
2025-10-01 08:00:00,6560,4.816047478281748,2.0640203478350343,24.8,3.879396199464165,503.0,130.8493536808262
2025-10-01 09:00:00,6561,5.356348700943956,2.2955780146902662,24.8,3.729131761334604,503.0,130.8493536808262
2025-10-01 10:00:00,6562,5.147367537774992,2.2060146590464247,24.8,1.8367238400864125,502.0,130.8493536808262
2025-10-01 11:00:00,6563,4.715961920089429,2.0211265371811837,24.7,2.2650337027971332,503.0,130.8493536808262
2025-10-01 12:00:00,6564,4.863348430201842,2.084292184372218,24.7,2.0831555309200693,502.0,130.8493536808262
2025-10-01 13:00:00,6565,5.072810197926807,2.174061513397203,24.7,1.9436981721538227,500.0,130.8493536808262
2025-10-01 14:00:00,6566,4.996407757328896,2.1413176102838123,24.6,1.6258864728511702,500.0,130.8493536808262
2025-10-01 15:00:00,6567,5.092970789222686,2.182701766809722,24.6,0.9307478777982666,499.0,130.8493536808262
2025-10-01 16:00:00,6568,4.951956251672748,2.1222669650026065,24.6,0.5165505477652423,500.0,130.8493536808262
2025-10-01 17:00:00,6569,4.977556524243662,2.1332385103901403,24.5,0.2725302711677912,501.0,130.8493536808262
2025-10-01 18:00:00,6570,5.2291904385,2.2410816165000003,24.5,0.061991026515881134,501.0,130.8493536808262
2025-10-01 19:00:00,6571,5.180967265506339,2.220414542359859,24.5,0.0,502.0,130.8493536808262
2025-10-01 20:00:00,6572,5.510380202827252,2.361591515497394,24.5,0.0,501.0,130.8493536808262
2025-10-01 21:00:00,6573,5.542177642027315,2.375218989440278,24.5,0.0,474.0,130.8493536808262
2025-10-01 22:00:00,6574,5.464577114421104,2.3419616204661877,24.5,0.0,401.0,130.8493536808262
2025-10-01 23:00:00,6575,5.319966003573194,2.2799854301027973,24.5,0.0,341.0,130.8493536808262
2025-10-02 00:00:00,6576,5.755790329048158,2.4667672838777817,24.5,0.0,303.0,130.8493536808262
2025-10-02 01:00:00,6577,5.39849187866057,2.313639376568816,24.6,0.0,270.0,130.8493536808262
2025-10-02 02:00:00,6578,5.642896066975009,2.4183840287035747,24.7,0.0,265.0,130.8493536808262
2025-10-02 03:00:00,6579,5.615418225806045,2.4066078110597333,24.9,0.0,273.0,130.8493536808262
2025-10-02 04:00:00,6580,6.3219959697182535,2.7094268441649656,25.0,0.0,321.0,130.8493536808262
2025-10-02 05:00:00,6581,6.265581435276205,2.685249186546945,25.0,0.0,364.0,130.8493536808262
2025-10-02 06:00:00,6582,6.186872393294479,2.651516739983348,25.1,0.0,418.0,130.8493536808262
2025-10-02 07:00:00,6583,5.917615218087644,2.5361208077518476,25.1,0.0,474.0,130.8493536808262
2025-10-02 08:00:00,6584,6.304932484970275,2.7021139221301174,25.0,0.17910164271022905,502.0,130.8493536808262
2025-10-02 09:00:00,6585,6.272993571006941,2.688425816145832,25.0,0.24588054530593045,502.0,130.8493536808262
2025-10-02 10:00:00,6586,6.081814344262217,2.606491861826664,24.9,0.2088022455053888,502.0,130.8493536808262
2025-10-02 11:00:00,6587,4.955483087800669,2.1237784662002865,24.9,0.29263869773035545,502.0,130.8493536808262
2025-10-02 12:00:00,6588,5.626313506436874,2.411277217044374,24.8,0.2390762958536654,501.0,130.8493536808262
2025-10-02 13:00:00,6589,5.5270196429853975,2.3687227041365984,24.8,0.3378575458007855,500.0,130.8493536808262
2025-10-02 14:00:00,6590,6.056166296260812,2.5954998412546333,24.8,0.44605896648779064,500.0,130.8493536808262
2025-10-02 15:00:00,6591,5.3252840215776835,2.28226458067615,24.7,0.5419154840847231,499.0,130.8493536808262
2025-10-02 16:00:00,6592,4.9692732102505826,2.129688518678821,24.7,0.759600820842359,499.0,130.8493536808262
2025-10-02 17:00:00,6593,6.195221436344076,2.6550949012903176,24.6,0.7859512433658755,499.0,130.8493536808262
2025-10-02 18:00:00,6594,5.83955741492273,2.502667463538313,24.6,0.9968357086322932,500.0,130.8493536808262
2025-10-02 19:00:00,6595,4.842229382551109,2.075241163950475,24.6,0.8063393356120611,500.0,130.8493536808262
2025-10-02 20:00:00,6596,5.948184834793781,2.5492220720544774,24.6,1.1916728963738976,500.0,130.8493536808262
2025-10-02 21:00:00,6597,5.902698964465309,2.5297281276279895,24.6,1.4017467656013296,476.0,130.8493536808262
2025-10-02 22:00:00,6598,6.258751248630258,2.6823219636986817,24.6,0.42843138485215804,403.0,130.8493536808262
2025-10-02 23:00:00,6599,5.800780811103188,2.4860489190442228,24.6,0.6148579076585662,359.0,130.8493536808262
2025-10-03 00:00:00,6600,6.4015679126986615,2.7435291054422835,24.6,0.9963294908428487,359.0,130.8493536808262
2025-10-03 01:00:00,6601,6.14497898273124,2.6335624211705313,24.6,1.0420035002134551,365.0,130.8493536808262
2025-10-03 02:00:00,6602,5.741897668515483,2.4608132865066352,24.7,1.0985243197910002,355.0,130.8493536808262
2025-10-03 03:00:00,6603,5.295212904865948,2.2693769592282633,24.8,1.1017897446768334,360.0,130.8493536808262
2025-10-03 04:00:00,6604,4.378225005847193,1.876382145363083,24.8,0.925130557487998,386.0,130.8493536808262
2025-10-03 05:00:00,6605,5.854713745273777,2.5091630336887616,24.8,1.1277507603156407,426.0,130.8493536808262
2025-10-03 06:00:00,6606,5.767656907210251,2.471852960232965,24.8,1.3791216542021822,462.0,130.8493536808262
2025-10-03 07:00:00,6607,5.627604994721175,2.41183071202336,24.8,1.3143960792288731,491.0,130.8493536808262
2025-10-03 08:00:00,6608,5.892868804871095,2.525515202087612,24.8,1.2853132482907292,503.0,130.8493536808262
2025-10-03 09:00:00,6609,5.899827258974566,2.528497396703386,24.8,1.4952049241874676,502.0,130.8493536808262
2025-10-03 10:00:00,6610,5.914544027346141,2.5348045831483463,24.8,2.1974295439182736,501.0,130.8493536808262
2025-10-03 11:00:00,6611,5.9208260958003684,2.5374968982001573,24.7,2.2147845789666083,501.0,130.8493536808262
2025-10-03 12:00:00,6612,5.915947282901792,2.535405978386482,24.7,1.6826816125330855,499.0,130.8493536808262
2025-10-03 13:00:00,6613,5.98001726871496,2.562864543734983,24.7,1.0890244996312561,499.0,130.8493536808262
2025-10-03 14:00:00,6614,5.520504634804421,2.365930557773323,24.6,1.1252591402019458,498.0,130.8493536808262
2025-10-03 15:00:00,6615,5.543703771734716,2.3758730450291634,24.6,1.3275941387255052,496.0,130.8493536808262
2025-10-03 16:00:00,6616,5.647413005570387,2.420319859530166,24.6,1.2779308113437169,495.0,130.8493536808262
2025-10-03 17:00:00,6617,5.707013030375974,2.445862727303989,24.5,1.1651811397041172,496.0,130.8493536808262
2025-10-03 18:00:00,6618,5.53273603721602,2.371172587378294,24.5,1.2611020207884445,496.0,130.8493536808262
2025-10-03 19:00:00,6619,5.154338614905059,2.2090022635307394,24.5,1.2964382633067617,497.0,130.8493536808262
2025-10-03 20:00:00,6620,5.6633962485076275,2.427169820788983,24.5,1.5541764920180354,496.0,130.8493536808262
2025-10-03 21:00:00,6621,5.432776327838262,2.3283327119306834,24.5,1.7506254540573458,470.0,130.8493536808262
2025-10-03 22:00:00,6622,5.592680122711492,2.3968629097334966,24.5,2.7038715796140713,405.0,130.8493536808262
2025-10-03 23:00:00,6623,5.825190577441852,2.4965102474750793,24.6,1.4213465414666357,352.0,130.8493536808262
2025-10-04 00:00:00,6624,5.8244549508438705,2.496194978933087,24.6,2.320032909876207,348.0,130.8493536808262
2025-10-04 01:00:00,6625,5.078221266732073,2.176380542885174,24.6,2.6193136495497766,366.0,130.8493536808262
2025-10-04 02:00:00,6626,5.2200359711709865,2.2371582733589945,24.6,1.8526862128641206,397.0,130.8493536808262
2025-10-04 03:00:00,6627,4.101619012475136,1.7578367196322011,24.7,0.6173579295985892,420.0,130.8493536808262
2025-10-04 04:00:00,6628,3.542920011709043,1.518394290732447,24.7,0.31388304962210195,438.0,130.8493536808262
2025-10-04 05:00:00,6629,4.855516871187227,2.080935801937383,24.8,0.8032528751750704,457.0,130.8493536808262
2025-10-04 06:00:00,6630,5.427315903974207,2.32599253027466,24.8,1.5905617915408448,476.0,130.8493536808262
2025-10-04 07:00:00,6631,5.3199531636345,2.279979927271928,24.8,1.7533557014021455,490.0,130.8493536808262
2025-10-04 08:00:00,6632,5.495273061732618,2.355117026456836,24.8,1.2270226631737786,498.0,130.8493536808262
2025-10-04 09:00:00,6633,5.549706854083077,2.3784457946070323,24.7,0.8971938138615041,498.0,130.8493536808262
2025-10-04 10:00:00,6634,5.992058408000383,2.568025032000164,24.7,0.1492331774531166,498.0,130.8493536808262
2025-10-04 11:00:00,6635,5.257733130799047,2.253314198913877,24.6,0.08767403144452125,497.0,130.8493536808262
2025-10-04 12:00:00,6636,5.906847660293575,2.5315061401258174,24.6,0.30711880002257363,497.0,130.8493536808262
2025-10-04 13:00:00,6637,5.316536282548469,2.2785155496636293,24.6,0.5862972094804326,495.0,130.8493536808262
2025-10-04 14:00:00,6638,5.631462460878232,2.4134839118049567,24.6,1.0840745444716322,496.0,130.8493536808262
2025-10-04 15:00:00,6639,5.7199850570973645,2.4514221673274417,24.6,0.6336903415015163,494.0,130.8493536808262
2025-10-04 16:00:00,6640,5.844086330270361,2.504608427258726,24.5,0.19385786965266483,494.0,130.8493536808262
2025-10-04 17:00:00,6641,5.667393322211719,2.4288828523764514,24.5,0.24557216779653984,494.0,130.8493536808262
2025-10-04 18:00:00,6642,5.6514922909859315,2.422068124708256,24.5,0.30524821962696247,494.0,130.8493536808262
2025-10-04 19:00:00,6643,5.1718790014074845,2.2165195720317787,24.5,0.08306408001095958,497.0,130.8493536808262
2025-10-04 20:00:00,6644,5.690804572540872,2.4389162453746587,24.5,0.0,498.0,130.8493536808262
2025-10-04 21:00:00,6645,5.732327136700572,2.456711630014531,24.5,0.0,478.0,130.8493536808262
2025-10-04 22:00:00,6646,5.720557655701073,2.4516675667290317,24.5,0.0,413.0,130.8493536808262
2025-10-04 23:00:00,6647,5.451614397356854,2.336406170295795,24.5,0.0,347.0,130.8493536808262
2025-10-05 00:00:00,6648,5.503367066732395,2.3585858857424546,24.6,0.0,307.0,130.8493536808262
2025-10-05 01:00:00,6649,5.563200586642168,2.384228822846643,24.7,0.0,284.0,130.8493536808262
2025-10-05 02:00:00,6650,5.415311789150646,2.3208479096359915,24.8,0.0,290.0,130.8493536808262
2025-10-05 03:00:00,6651,5.577710546072302,2.390447376888129,24.9,0.0,303.0,130.8493536808262
2025-10-05 04:00:00,6652,5.5801305032216,2.391484501380685,25.0,0.0,350.0,130.8493536808262
2025-10-05 05:00:00,6653,5.5114925661630085,2.362068242641289,25.1,0.1228102733233032,406.0,130.8493536808262
2025-10-05 06:00:00,6654,5.531516909210986,2.3706501039475656,25.2,0.21021698347362722,453.0,130.8493536808262
2025-10-05 07:00:00,6655,5.434609481179995,2.3291183490771403,25.2,0.23885417912405776,486.0,130.8493536808262
2025-10-05 08:00:00,6656,4.94811457188449,2.1206205308076385,25.2,0.51908922244743,498.0,130.8493536808262
2025-10-05 09:00:00,6657,4.7240614666389265,2.0245977714166825,25.1,0.5887656358281773,498.0,130.8493536808262
2025-10-05 10:00:00,6658,4.979402514757753,2.134029649181894,25.0,0.8849853920580855,498.0,130.8493536808262
2025-10-05 11:00:00,6659,5.00845650580542,2.146481359630894,25.0,0.756035176958446,497.0,130.8493536808262
2025-10-05 12:00:00,6660,4.42686792984637,1.8972291127913015,25.0,0.43472558884654966,495.0,130.8493536808262
2025-10-05 13:00:00,6661,4.963990316695048,2.1274244214407347,24.9,0.5519459939325676,494.0,130.8493536808262
2025-10-05 14:00:00,6662,4.48763510966589,1.92327218985681,24.9,1.0677484875173968,494.0,130.8493536808262
2025-10-05 15:00:00,6663,4.939754480073335,2.117037634317143,24.9,1.2992922076188032,492.0,130.8493536808262
2025-10-05 16:00:00,6664,5.003980479981813,2.144563062849348,24.9,1.5432874476686036,491.0,130.8493536808262
2025-10-05 17:00:00,6665,4.973242361455759,2.131389583481039,24.8,1.9755533040957745,489.0,130.8493536808262
2025-10-05 18:00:00,6666,5.067158086059594,2.171639179739826,24.8,1.7109451417326005,489.0,130.8493536808262
2025-10-05 19:00:00,6667,5.569686951857745,2.3870086936533195,24.8,1.3711419073524915,491.0,130.8493536808262
2025-10-05 20:00:00,6668,5.913387503914632,2.5343089302491277,24.8,1.3486159464209064,492.0,130.8493536808262
2025-10-05 21:00:00,6669,5.115190870544673,2.1922246588048595,24.8,1.2155005540953643,477.0,130.8493536808262
2025-10-05 22:00:00,6670,4.86204780506228,2.08373477359812,24.8,0.3339272992080361,428.0,130.8493536808262
2025-10-05 23:00:00,6671,5.540674042531866,2.374574589656514,24.8,0.19454462807643982,393.0,130.8493536808262
2025-10-06 00:00:00,6672,5.622797640267837,2.409770417257644,24.8,0.145866005675448,376.0,130.8493536808262
2025-10-06 01:00:00,6673,5.474785874084597,2.346336803179113,24.9,0.0,360.0,130.8493536808262
2025-10-06 02:00:00,6674,5.0985312937965475,2.1850848401985203,24.9,0.0,352.0,130.8493536808262
2025-10-06 03:00:00,6675,4.795552566218085,2.055236814093465,24.9,0.34789608170476793,362.0,130.8493536808262
2025-10-06 04:00:00,6676,4.506290056663604,1.9312671671415444,25.0,2.3584674460813324,400.0,130.8493536808262
2025-10-06 05:00:00,6677,4.713315753697495,2.0199924658703545,25.0,5.570327871071566,426.0,130.8493536808262
2025-10-06 06:00:00,6678,4.364593730134144,1.8705401700574902,25.0,13.98884228975826,451.0,130.8493536808262
2025-10-06 07:00:00,6679,4.288923662287935,1.8381101409805434,25.0,14.877347398747846,485.0,130.8493536808262
2025-10-06 08:00:00,6680,3.7026107992232475,1.5868331996671061,25.0,12.283974786971504,498.0,130.8493536808262
2025-10-06 09:00:00,6681,4.080876362254456,1.7489470123947668,25.0,11.858833431846792,498.0,130.8493536808262
2025-10-06 10:00:00,6682,4.077020946695937,1.7472946914411156,24.9,10.663938613379305,497.0,130.8493536808262
2025-10-06 11:00:00,6683,4.251972080612054,1.8222737488337377,24.9,10.292197505657942,496.0,130.8493536808262
2025-10-06 12:00:00,6684,4.911447715067176,2.104906163600218,24.8,10.16740253142472,495.0,130.8493536808262
2025-10-06 13:00:00,6685,4.986212546625662,2.1369482342681407,24.8,11.093862491227569,494.0,130.8493536808262
2025-10-06 14:00:00,6686,4.879237943101872,2.091101975615088,24.8,13.185369371340046,495.0,130.8493536808262
2025-10-06 15:00:00,6687,5.021796746560158,2.1521986056686386,24.7,14.490064831010137,493.0,130.8493536808262
2025-10-06 16:00:00,6688,4.996179679064867,2.1412198624563716,24.6,15.0,492.0,130.8493536808262
2025-10-06 17:00:00,6689,5.13077822718035,2.1989049545058648,24.6,15.0,494.0,130.8493536808262
2025-10-06 18:00:00,6690,5.114749683970947,2.1920355788446915,24.6,14.31624203492495,495.0,130.8493536808262
2025-10-06 19:00:00,6691,5.044719641500995,2.1620227035004262,24.6,15.0,495.0,130.8493536808262
2025-10-06 20:00:00,6692,4.839343985584829,2.074004565250641,24.5,15.0,496.0,130.8493536808262
2025-10-06 21:00:00,6693,4.982681128536781,2.1354347693729054,24.5,15.0,486.0,130.8493536808262
2025-10-06 22:00:00,6694,4.876730387421173,2.090027308894788,24.5,9.377677578575868,449.0,130.8493536808262
2025-10-06 23:00:00,6695,5.093899698052329,2.1830998705938556,24.5,7.2767984024494226,423.0,130.8493536808262
2025-10-07 00:00:00,6696,5.445379773744568,2.333734188747672,24.5,6.430414908827477,411.0,130.8493536808262
2025-10-07 01:00:00,6697,4.987484850562202,2.1374935073838004,24.5,5.653338129510438,391.0,130.8493536808262
2025-10-07 02:00:00,6698,4.821478165069541,2.0663477850298033,24.5,6.513076021986802,372.0,130.8493536808262
2025-10-07 03:00:00,6699,4.39294397608089,1.8826902754632386,24.5,7.404705761025494,367.0,130.8493536808262
2025-10-07 04:00:00,6700,3.886291270660551,1.6655534017116647,24.5,8.280291030418603,384.0,130.8493536808262
2025-10-07 05:00:00,6701,4.1180841066228195,1.764893188552637,24.5,9.425701592355274,428.0,130.8493536808262
2025-10-07 06:00:00,6702,4.06179088353199,1.7407675215137102,24.5,8.820294704955424,466.0,130.8493536808262
2025-10-07 07:00:00,6703,4.214818595452348,1.806350826622435,24.5,8.07975825169555,492.0,130.8493536808262
2025-10-07 08:00:00,6704,4.519812742448179,1.9370626039063628,24.5,7.424026504341269,500.0,130.8493536808262
2025-10-07 09:00:00,6705,4.228074644833763,1.8120319906430409,24.5,7.217376804761703,500.0,130.8493536808262
2025-10-07 10:00:00,6706,3.886556759423372,1.6656671826100162,24.5,2.6505700975174507,499.0,130.8493536808262
2025-10-07 11:00:00,6707,4.747211942281277,2.034519403834833,24.4,2.1590778655773235,498.0,130.8493536808262
2025-10-07 12:00:00,6708,3.960666442471747,1.6974284753450346,24.4,1.5696872263823503,498.0,130.8493536808262
2025-10-07 13:00:00,6709,4.633825743559042,1.9859253186681605,24.4,2.228070484109902,497.0,130.8493536808262
2025-10-07 14:00:00,6710,4.619985364357417,1.9799937275817499,24.4,2.625750454457735,497.0,130.8493536808262
2025-10-07 15:00:00,6711,5.272634457681123,2.2597004818633386,24.4,2.540016669917439,496.0,130.8493536808262
2025-10-07 16:00:00,6712,4.796973188094412,2.0558456520404627,24.3,2.053265790882406,493.0,130.8493536808262
2025-10-07 17:00:00,6713,4.718586179161525,2.0222512196406535,24.3,1.729181309495542,493.0,130.8493536808262
2025-10-07 18:00:00,6714,4.439417019196699,1.9026072939414425,24.3,1.1225038030295649,495.0,130.8493536808262
2025-10-07 19:00:00,6715,4.512475088264169,1.9339178949703577,24.3,1.06097527415045,497.0,130.8493536808262
2025-10-07 20:00:00,6716,4.374478464428161,1.8747764847549258,24.3,1.6749759467756267,498.0,130.8493536808262
2025-10-07 21:00:00,6717,4.909333057002901,2.1039998815726717,24.3,2.449836460059209,480.0,130.8493536808262
2025-10-07 22:00:00,6718,4.677655408302607,2.004709460701117,24.2,1.9028381339266682,415.0,130.8493536808262
2025-10-07 23:00:00,6719,4.611912739391496,1.9765340311677835,24.3,1.2012169081077033,363.0,130.8493536808262
2025-10-08 00:00:00,6720,3.4763406533337715,1.4898602800001877,24.3,0.7855665425325373,325.0,130.8493536808262
2025-10-08 01:00:00,6721,3.9460845094436428,1.691179075475847,24.4,0.6552050537833384,285.0,130.8493536808262
2025-10-08 02:00:00,6722,3.775000477785306,1.617857347622274,24.4,0.4498491030892183,280.0,130.8493536808262
2025-10-08 03:00:00,6723,3.813352236672958,1.634293815716982,24.5,0.3474267624130848,287.0,130.8493536808262
2025-10-08 04:00:00,6724,3.6848105181707864,1.57920450778748,24.5,0.2604448516386064,337.0,130.8493536808262
2025-10-08 05:00:00,6725,3.6495299705929747,1.5640842731112747,24.6,0.40630648820731985,390.0,130.8493536808262
2025-10-08 06:00:00,6726,3.4654065710037036,1.485174244715873,24.6,0.5473168616258485,443.0,130.8493536808262
2025-10-08 07:00:00,6727,3.7419086597171454,1.6036751398787767,24.6,0.48363486285027807,486.0,130.8493536808262
2025-10-08 08:00:00,6728,4.165995794047472,1.7854267688774876,24.5,0.47635077463071857,500.0,130.8493536808262
2025-10-08 09:00:00,6729,4.252758997058842,1.8226109987395036,24.5,0.8593420155897868,499.0,130.8493536808262
2025-10-08 10:00:00,6730,4.313128489815417,1.8484836384923216,24.4,1.5235689775255747,498.0,130.8493536808262
2025-10-08 11:00:00,6731,4.41511887988135,1.8921938056634358,24.4,2.449485423137555,497.0,130.8493536808262
2025-10-08 12:00:00,6732,4.236260887320787,1.8155403802803374,24.3,3.01860267010282,496.0,130.8493536808262
2025-10-08 13:00:00,6733,4.965564680697873,2.1280991488705165,24.2,4.974170765439273,494.0,130.8493536808262
2025-10-08 14:00:00,6734,5.217475512576742,2.2360609339614608,24.2,6.466122890794534,494.0,130.8493536808262
2025-10-08 15:00:00,6735,4.676256410771527,2.0041098903306542,24.2,8.92677764033917,492.0,130.8493536808262
2025-10-08 16:00:00,6736,4.632476182846355,1.9853469355055806,24.2,10.051378300469311,489.0,130.8493536808262
2025-10-08 17:00:00,6737,4.874114597365345,2.0889062560137197,24.2,12.571634454164757,488.0,130.8493536808262
2025-10-08 18:00:00,6738,5.511818484392613,2.3622079218825482,24.2,15.0,489.0,130.8493536808262
2025-10-08 19:00:00,6739,5.67580491249227,2.432487819639544,24.2,15.0,491.0,130.8493536808262
2025-10-08 20:00:00,6740,5.519270115478418,2.3654014780621786,24.2,15.0,492.0,130.8493536808262
2025-10-08 21:00:00,6741,5.182560199665156,2.2210972284279236,24.1,15.0,484.0,130.8493536808262
2025-10-08 22:00:00,6742,5.375156596866577,2.303638541514247,24.1,15.0,471.0,130.8493536808262
2025-10-08 23:00:00,6743,5.0262817793967685,2.1541207625986147,24.1,15.0,449.0,130.8493536808262
2025-10-09 00:00:00,6744,5.3591158138198125,2.2967639202084906,24.1,15.0,423.0,130.8493536808262
2025-10-09 01:00:00,6745,5.570269930449783,2.3872585416213354,24.1,15.0,415.0,130.8493536808262
2025-10-09 02:00:00,6746,5.053498400100752,2.1657850286146076,24.1,15.0,400.0,130.8493536808262
2025-10-09 03:00:00,6747,4.861384228086782,2.083450383465763,24.1,15.0,399.0,130.8493536808262
2025-10-09 04:00:00,6748,4.420642137221932,1.894560915952257,24.1,15.0,418.0,130.8493536808262
2025-10-09 05:00:00,6749,5.138833651820256,2.2023572793515385,24.1,15.0,426.0,130.8493536808262
2025-10-09 06:00:00,6750,4.854387156945798,2.080451638691056,24.1,15.0,454.0,130.8493536808262
2025-10-09 07:00:00,6751,4.908132784912601,2.103485479248257,24.1,15.0,482.0,130.8493536808262
2025-10-09 08:00:00,6752,4.094252907034697,1.7546798173005846,24.0,15.0,498.0,130.8493536808262
2025-10-09 09:00:00,6753,4.403582742126118,1.8872497466254792,24.0,15.0,498.0,130.8493536808262
2025-10-09 10:00:00,6754,4.404856134000885,1.8877954860003792,24.0,15.0,497.0,130.8493536808262
2025-10-09 11:00:00,6755,4.185817076473015,1.7939216042027204,24.0,15.0,497.0,130.8493536808262
2025-10-09 12:00:00,6756,4.446462578856517,1.9056268195099355,24.0,12.028516140633903,496.0,130.8493536808262
2025-10-09 13:00:00,6757,4.969676243465395,2.129861247199455,23.9,10.85274236776285,494.0,130.8493536808262
2025-10-09 14:00:00,6758,4.796095237613651,2.055469387548708,23.9,10.298474662544887,495.0,130.8493536808262
2025-10-09 15:00:00,6759,5.032138045865274,2.156630591085117,23.9,8.950644341881018,495.0,130.8493536808262
2025-10-09 16:00:00,6760,4.771253932284251,2.0448231138361077,23.9,6.0584057745528686,494.0,130.8493536808262
2025-10-09 17:00:00,6761,4.792583804934562,2.0539644878290977,23.8,4.60636237842255,495.0,130.8493536808262
2025-10-09 18:00:00,6762,4.9800029996301785,2.134286999841505,23.8,3.634599440281443,495.0,130.8493536808262
2025-10-09 19:00:00,6763,5.1602694631850685,2.211544055650744,23.8,2.742041503656408,496.0,130.8493536808262
2025-10-09 20:00:00,6764,4.707984698163194,2.0177077277842255,23.8,2.5340730564659513,497.0,130.8493536808262
2025-10-09 21:00:00,6765,4.5275532038785045,1.9403799445193592,23.8,2.6258088305360783,482.0,130.8493536808262
2025-10-09 22:00:00,6766,4.680491554394953,2.0059249518835514,23.8,0.9218616816141628,416.0,130.8493536808262
2025-10-09 23:00:00,6767,4.963991080776479,2.1274247489042053,23.8,0.36450951146047944,348.0,130.8493536808262
2025-10-10 00:00:00,6768,5.060193628837018,2.168654412358722,23.8,0.46267763115221644,306.0,130.8493536808262
2025-10-10 01:00:00,6769,5.290882529390496,2.267521084024498,23.8,0.5564287793067336,285.0,130.8493536808262
2025-10-10 02:00:00,6770,4.765807351500836,2.0424888649289294,23.8,0.3125025899232775,286.0,130.8493536808262
2025-10-10 03:00:00,6771,4.764865276731953,2.0420851185994082,23.9,0.1258090602290414,290.0,130.8493536808262
2025-10-10 04:00:00,6772,4.262788937897757,1.8269095448133246,23.9,0.08226846786334963,339.0,130.8493536808262
2025-10-10 05:00:00,6773,4.138099244062148,1.7734711045980633,24.0,0.00632258764236073,405.0,130.8493536808262
2025-10-10 06:00:00,6774,3.9428435327890226,1.6897900854810095,24.0,0.0,456.0,130.8493536808262
2025-10-10 07:00:00,6775,4.234535531892266,1.8148009422395428,24.0,0.0,487.0,130.8493536808262
2025-10-10 08:00:00,6776,4.401840186685766,1.8865029371510424,23.9,0.0,500.0,130.8493536808262
2025-10-10 09:00:00,6777,4.6601968332333925,1.9972272142428822,23.9,0.04512103961746367,499.0,130.8493536808262
2025-10-10 10:00:00,6778,4.838392525849015,2.0735967967924345,23.8,0.12266894522932588,498.0,130.8493536808262
2025-10-10 11:00:00,6779,4.9800833280964945,2.1343214263270687,23.8,0.32028362564637075,499.0,130.8493536808262
2025-10-10 12:00:00,6780,4.9079091497896865,2.103389635624151,23.8,0.14806447065904188,499.0,130.8493536808262
2025-10-10 13:00:00,6781,4.866807101242436,2.085774471961044,23.8,0.04363381169156506,498.0,130.8493536808262
2025-10-10 14:00:00,6782,4.892359888768587,2.0967256666151086,23.7,0.0,498.0,130.8493536808262
2025-10-10 15:00:00,6783,5.104367636931971,2.1875861301137016,23.7,0.0,497.0,130.8493536808262
2025-10-10 16:00:00,6784,5.157145509796413,2.210205218484177,23.7,0.0,495.0,130.8493536808262
2025-10-10 17:00:00,6785,5.180455965425738,2.220195413753887,23.6,0.0,495.0,130.8493536808262
2025-10-10 18:00:00,6786,4.827209442883751,2.068804046950179,23.6,0.0,496.0,130.8493536808262
2025-10-10 19:00:00,6787,5.080003143484262,2.177144204350398,23.6,0.0,496.0,130.8493536808262
2025-10-10 20:00:00,6788,4.693012609791067,2.011291118481886,23.6,0.4972481031548935,497.0,130.8493536808262
2025-10-10 21:00:00,6789,4.82505239736796,2.0678795988719827,23.6,1.0398652387874834,490.0,130.8493536808262
2025-10-10 22:00:00,6790,4.891471983528721,2.0963451357980234,23.6,0.5515946947772055,481.0,130.8493536808262
2025-10-10 23:00:00,6791,4.719849813087128,2.0227927770373406,23.6,1.046955246159629,474.0,130.8493536808262
2025-10-11 00:00:00,6792,4.581949168106952,1.963692500617265,23.6,1.223108988175003,468.0,130.8493536808262
2025-10-11 01:00:00,6793,4.6319935114019515,1.985140076315122,23.6,1.9949868216190656,463.0,130.8493536808262
2025-10-11 02:00:00,6794,4.394768405785883,1.8834721739082356,23.6,1.5696872263823503,464.0,130.8493536808262
2025-10-11 03:00:00,6795,4.799899597322494,2.057099827423926,23.6,0.8882375048481501,467.0,130.8493536808262
2025-10-11 04:00:00,6796,4.679509866825524,2.00550422863951,23.6,0.42635500745104027,473.0,130.8493536808262
2025-10-11 05:00:00,6797,4.672951457608704,2.0026934818323014,23.6,0.9915637734881789,483.0,130.8493536808262
2025-10-11 06:00:00,6798,4.20434391073576,1.8018616760296116,23.6,1.7746351859629348,490.0,130.8493536808262
2025-10-11 07:00:00,6799,4.137766034520409,1.7733283005087468,23.6,2.4799208174939644,495.0,130.8493536808262
2025-10-11 08:00:00,6800,4.4759756575263605,1.9182752817970117,23.6,1.7969358107450006,498.0,130.8493536808262
2025-10-11 09:00:00,6801,4.072302391317319,1.7452724534217077,23.6,1.2439363533605279,496.0,130.8493536808262
2025-10-11 10:00:00,6802,4.291825138206976,1.8393536306601324,23.5,1.107277683543878,495.0,130.8493536808262
2025-10-11 11:00:00,6803,4.70285774475902,2.01551046203958,23.5,2.048296268031449,495.0,130.8493536808262
2025-10-11 12:00:00,6804,4.406879141787129,1.8886624893373407,23.5,1.5499206947236785,494.0,130.8493536808262
2025-10-11 13:00:00,6805,5.296988427104977,2.270137897330704,23.5,1.457640238659085,494.0,130.8493536808262
2025-10-11 14:00:00,6806,4.798964272776226,2.0566989740469537,23.5,1.239516472454454,493.0,130.8493536808262
2025-10-11 15:00:00,6807,5.157753069614532,2.210465601263371,23.5,0.5905285861679644,491.0,130.8493536808262
2025-10-11 16:00:00,6808,4.956959020433544,2.124411008757233,23.5,0.5601295241347235,490.0,130.8493536808262
2025-10-11 17:00:00,6809,5.653853218546905,2.4230799508058163,23.5,0.3610576711020959,492.0,130.8493536808262
2025-10-11 18:00:00,6810,5.4084910365182415,2.317924729936389,23.5,0.13549491482278841,494.0,130.8493536808262
2025-10-11 19:00:00,6811,5.643482829661183,2.4186354984262213,23.5,0.2460350906582475,496.0,130.8493536808262
2025-10-11 20:00:00,6812,5.975503026039345,2.5609298683025763,23.5,0.22145207171303538,497.0,130.8493536808262
2025-10-11 21:00:00,6813,6.021337201466334,2.580573086342715,23.5,0.028605891280228696,467.0,130.8493536808262
2025-10-11 22:00:00,6814,5.925535578255756,2.539515247823895,23.5,0.0,395.0,130.8493536808262
2025-10-11 23:00:00,6815,5.9000274159712,2.528583178273371,23.5,0.0,330.0,130.8493536808262
2025-10-12 00:00:00,6816,5.67611426017625,2.432620397218393,23.5,0.0,289.0,130.8493536808262
2025-10-12 01:00:00,6817,5.222983573934485,2.2384215316862073,23.5,0.0,283.0,130.8493536808262
2025-10-12 02:00:00,6818,4.558633442309471,1.9537000467040593,23.5,0.0,273.0,130.8493536808262
2025-10-12 03:00:00,6819,4.440328147614772,1.9029977775491878,23.6,0.0,315.0,130.8493536808262
2025-10-12 04:00:00,6820,4.327137100413937,1.85448732874883,23.6,0.0,348.0,130.8493536808262
2025-10-12 05:00:00,6821,4.358189079020509,1.867795319580218,23.7,0.7371789178320565,384.0,130.8493536808262
2025-10-12 06:00:00,6822,3.9776700344980274,1.704715729070583,23.7,1.7506254540573458,443.0,130.8493536808262
2025-10-12 07:00:00,6823,3.719208074160016,1.5939463174971495,23.7,2.1411238348373995,491.0,130.8493536808262
2025-10-12 08:00:00,6824,3.841251202569995,1.646250515387141,23.7,3.120049032629117,499.0,130.8493536808262
2025-10-12 09:00:00,6825,4.372134756541477,1.8737720385177759,23.7,4.213784257544887,499.0,130.8493536808262
2025-10-12 10:00:00,6826,3.8459822033879605,1.6482780871662688,23.6,1.3181143582399015,498.0,130.8493536808262
2025-10-12 11:00:00,6827,4.494693571922943,1.9262972451098324,23.6,1.6906266333206532,497.0,130.8493536808262
2025-10-12 12:00:00,6828,4.127158018959905,1.7687820081256738,23.6,3.252165480891527,497.0,130.8493536808262
2025-10-12 13:00:00,6829,4.79180145031233,2.053629192990998,23.6,2.008027572092564,496.0,130.8493536808262
2025-10-12 14:00:00,6830,4.744507457043682,2.033360338733006,23.5,0.9253748740689821,497.0,130.8493536808262
2025-10-12 15:00:00,6831,4.85285159246742,2.079793539628894,23.5,0.2128282930902027,496.0,130.8493536808262
2025-10-12 16:00:00,6832,4.358404856646997,1.867887795705856,23.5,0.0,495.0,130.8493536808262
2025-10-12 17:00:00,6833,4.474065987395858,1.9174568517410817,23.5,0.0,495.0,130.8493536808262
2025-10-12 18:00:00,6834,4.542161991527434,1.946640853511757,23.5,0.04812016267568869,494.0,130.8493536808262
2025-10-12 19:00:00,6835,4.176358371605148,1.7898678735450633,23.5,0.11729385554935685,495.0,130.8493536808262
2025-10-12 20:00:00,6836,4.00665828644242,1.71713926561818,23.5,0.1353491569696104,495.0,130.8493536808262
2025-10-12 21:00:00,6837,3.9145009126026573,1.6776432482582817,23.5,1.3678467080940342,478.0,130.8493536808262
2025-10-12 22:00:00,6838,3.7926278681492587,1.6254119434925396,23.5,0.23437463021318114,444.0,130.8493536808262
2025-10-12 23:00:00,6839,3.914451013895615,1.6776218630981206,23.5,2.1642780119748792,418.0,130.8493536808262
2025-10-13 00:00:00,6840,4.157626451655104,1.7818399078521876,23.5,4.1897686863580645,389.0,130.8493536808262
2025-10-13 01:00:00,6841,4.8859717387411035,2.093987888031901,23.5,8.379247143065555,365.0,130.8493536808262
2025-10-13 02:00:00,6842,3.891488495216974,1.6677807836644174,23.5,15.0,360.0,130.8493536808262
2025-10-13 03:00:00,6843,4.11821245564607,1.7649481952768868,23.5,15.0,356.0,130.8493536808262
2025-10-13 04:00:00,6844,4.078360286341737,1.7478686941464587,23.6,15.0,381.0,130.8493536808262
2025-10-13 05:00:00,6845,4.007918594867313,1.7176793978002771,23.6,15.0,407.0,130.8493536808262
2025-10-13 06:00:00,6846,3.9919205725361238,1.7108231025154816,23.6,15.0,442.0,130.8493536808262
2025-10-13 07:00:00,6847,4.02261757116149,1.7239789590692098,23.6,15.0,484.0,130.8493536808262
2025-10-13 08:00:00,6848,4.384390241556719,1.8790243892385938,23.6,15.0,495.0,130.8493536808262
2025-10-13 09:00:00,6849,4.026512570035111,1.725648244300762,23.5,15.0,496.0,130.8493536808262
2025-10-13 10:00:00,6850,4.35317752515996,1.8656475107828399,23.5,15.0,495.0,130.8493536808262
2025-10-13 11:00:00,6851,4.2646285539945445,1.8276979517119476,23.5,15.0,493.0,130.8493536808262
2025-10-13 12:00:00,6852,4.107685239852139,1.7604365313652026,23.5,15.0,493.0,130.8493536808262
2025-10-13 13:00:00,6853,4.773897343296006,2.0459560042697165,23.5,15.0,494.0,130.8493536808262
2025-10-13 14:00:00,6854,4.4145633173893986,1.8919557074525992,23.5,15.0,494.0,130.8493536808262
2025-10-13 15:00:00,6855,4.513045584695564,1.934162393440956,23.5,15.0,490.0,130.8493536808262
2025-10-13 16:00:00,6856,4.335771336777736,1.8581877157618865,23.5,15.0,489.0,130.8493536808262
2025-10-13 17:00:00,6857,4.430250781699138,1.898678906442488,23.4,14.168926465266217,490.0,130.8493536808262
2025-10-13 18:00:00,6858,4.3331677917729925,1.8570719107598537,23.4,13.720415624657907,492.0,130.8493536808262
2025-10-13 19:00:00,6859,4.133042426312501,1.7713038969910717,23.4,13.185369371340046,493.0,130.8493536808262
2025-10-13 20:00:00,6860,4.352177336880863,1.865218858663227,23.4,12.588570969316901,493.0,130.8493536808262
2025-10-13 21:00:00,6861,4.126490976541268,1.7684961328034006,23.4,12.041164258764418,471.0,130.8493536808262
2025-10-13 22:00:00,6862,4.083280339106891,1.7499772881886677,23.4,7.945903530748653,426.0,130.8493536808262
2025-10-13 23:00:00,6863,4.028089577390906,1.7263241045961026,23.4,6.969999193559744,398.0,130.8493536808262
2025-10-14 00:00:00,6864,4.498240231456467,1.9278172420527713,23.4,6.400458359802899,395.0,130.8493536808262
2025-10-14 01:00:00,6865,4.3021145121167255,1.8437633623357392,23.4,5.701858564083245,402.0,130.8493536808262
2025-10-14 02:00:00,6866,3.9400560219348217,1.6885954379720665,23.4,4.13657902280317,408.0,130.8493536808262
2025-10-14 03:00:00,6867,3.519576731973885,1.5083900279888078,23.4,3.572048305543607,430.0,130.8493536808262
2025-10-14 04:00:00,6868,3.484370009547037,1.4933014326630156,23.4,3.9097003646592507,450.0,130.8493536808262
2025-10-14 05:00:00,6869,3.494984369967386,1.4978504442717366,23.4,4.710244473578777,472.0,130.8493536808262
2025-10-14 06:00:00,6870,3.598207739798036,1.5420890313420155,23.4,5.294398056721243,489.0,130.8493536808262
2025-10-14 07:00:00,6871,3.923243278852075,1.6813899766508893,23.4,5.460942648755481,497.0,130.8493536808262
2025-10-14 08:00:00,6872,3.922301743442585,1.6809864614753935,23.3,5.96179621008331,499.0,130.8493536808262
2025-10-14 09:00:00,6873,3.789626161632637,1.6241254978425588,23.3,6.374132831621929,499.0,130.8493536808262
2025-10-14 10:00:00,6874,3.871666791485292,1.6592857677794106,23.3,5.643106888476685,499.0,130.8493536808262
2025-10-14 11:00:00,6875,3.7323482713136027,1.5995778305629724,23.2,6.55898858647666,499.0,130.8493536808262
2025-10-14 12:00:00,6876,3.868210041430607,1.65780430347026,23.2,5.5932279959534466,497.0,130.8493536808262
2025-10-14 13:00:00,6877,4.149551775899337,1.7783793325282875,23.2,4.397368911294129,496.0,130.8493536808262
2025-10-14 14:00:00,6878,3.909333113032817,1.6754284770140646,23.2,4.651109729587291,496.0,130.8493536808262
2025-10-14 15:00:00,6879,4.158154419894054,1.7820661799545947,23.2,6.467324606168904,495.0,130.8493536808262
2025-10-14 16:00:00,6880,3.842322358296051,1.646709582126879,23.2,8.334596026451024,495.0,130.8493536808262
2025-10-14 17:00:00,6881,3.8740875648017967,1.6603232420579126,23.2,9.237481871437044,494.0,130.8493536808262
2025-10-14 18:00:00,6882,4.176151403724271,1.7897791730246875,23.2,10.68632765258808,494.0,130.8493536808262
2025-10-14 19:00:00,6883,3.897115334126446,1.6701922860541911,23.2,11.192615811991242,495.0,130.8493536808262
2025-10-14 20:00:00,6884,3.596985629821281,1.5415652699234061,23.2,12.467649731895369,495.0,130.8493536808262
2025-10-14 21:00:00,6885,3.9872303051217246,1.7088129879093106,23.2,13.986142400771058,484.0,130.8493536808262
2025-10-14 22:00:00,6886,3.6961329580907165,1.5840569820388783,23.2,5.9057453833951525,448.0,130.8493536808262
2025-10-14 23:00:00,6887,3.8016763792911856,1.6292898768390796,23.2,7.2548668085622285,417.0,130.8493536808262
2025-10-15 00:00:00,6888,4.110076970036049,1.761461558586878,23.1,9.251094090518368,394.0,130.8493536808262
2025-10-15 01:00:00,6889,4.026230411138217,1.725527319059236,23.1,9.855554639730567,367.0,130.8493536808262
2025-10-15 02:00:00,6890,4.240531040160584,1.8173704457831075,23.0,9.41585681339862,353.0,130.8493536808262
2025-10-15 03:00:00,6891,4.713010155666041,2.0198614952854457,23.0,8.548348039374444,342.0,130.8493536808262
2025-10-15 04:00:00,6892,4.20035783321746,1.800153357093197,22.9,8.037579179258032,372.0,130.8493536808262
2025-10-15 05:00:00,6893,4.124044320627709,1.7674475659833038,22.8,7.989096819244875,409.0,130.8493536808262
2025-10-15 06:00:00,6894,4.336663514709642,1.8585700777327037,22.8,8.479548748444888,452.0,130.8493536808262
2025-10-15 07:00:00,6895,4.033539988026107,1.7286599948683314,22.7,8.789593424167858,490.0,130.8493536808262
2025-10-15 08:00:00,6896,4.095348082389934,1.7551491781671145,22.7,9.275682820762889,499.0,130.8493536808262
2025-10-15 09:00:00,6897,3.8279295306139467,1.6405412274059772,22.7,10.01542025848806,498.0,130.8493536808262
2025-10-15 10:00:00,6898,3.7238764572609595,1.5959470531118398,22.6,5.549823279251617,497.0,130.8493536808262
2025-10-15 11:00:00,6899,4.253767756143773,1.8230433240616173,22.6,4.160359004087921,497.0,130.8493536808262
2025-10-15 12:00:00,6900,4.143955110825179,1.7759807617822194,22.6,3.978341025166674,497.0,130.8493536808262
2025-10-15 13:00:00,6901,4.449007825617955,1.9067176395505523,22.6,3.1931290974813975,496.0,130.8493536808262
2025-10-15 14:00:00,6902,4.300914893084874,1.8432492398935172,22.6,2.2625203178267954,496.0,130.8493536808262
2025-10-15 15:00:00,6903,4.6059447060386915,1.9739763025880104,22.6,1.6480898971039932,494.0,130.8493536808262
2025-10-15 16:00:00,6904,4.629142943042155,1.9839184041609235,22.6,1.0315153487464586,492.0,130.8493536808262
2025-10-15 17:00:00,6905,4.694759899408003,2.0120399568891436,22.6,0.7185682117964771,493.0,130.8493536808262
2025-10-15 18:00:00,6906,4.573483329448959,1.9600642840495537,22.6,0.5249487831318267,495.0,130.8493536808262
2025-10-15 19:00:00,6907,4.855066192477738,2.0807426539190303,22.6,0.6896308305350246,497.0,130.8493536808262
2025-10-15 20:00:00,6908,4.926327826057044,2.1112833540244473,22.5,0.7383859880581334,498.0,130.8493536808262
2025-10-15 21:00:00,6909,4.551888090499569,1.950809181642672,22.5,0.4749591261629,490.0,130.8493536808262
2025-10-15 22:00:00,6910,4.4830196898679935,1.9212941528005685,22.5,0.0,475.0,130.8493536808262
2025-10-15 23:00:00,6911,5.061196239224987,2.1690841025249945,22.5,0.0,461.0,130.8493536808262
2025-10-16 00:00:00,6912,4.989571884133211,2.1383879503428047,22.5,0.0,451.0,130.8493536808262
2025-10-16 01:00:00,6913,5.226511715905312,2.2399335925308477,22.5,0.0,448.0,130.8493536808262
2025-10-16 02:00:00,6914,4.192079775603925,1.7966056181159678,22.6,0.0,451.0,130.8493536808262
2025-10-16 03:00:00,6915,4.8832775760416745,2.0928332468750033,22.6,0.0,456.0,130.8493536808262
2025-10-16 04:00:00,6916,5.421517518281178,2.3235075078347904,22.7,0.7167244559535725,468.0,130.8493536808262
2025-10-16 05:00:00,6917,5.3801558061350345,2.305781059772158,22.8,1.8126225750061382,475.0,130.8493536808262
2025-10-16 06:00:00,6918,4.933620609665837,2.11440883271393,22.8,5.292104033566728,491.0,130.8493536808262
2025-10-16 07:00:00,6919,5.223592636936163,2.238682558686927,22.8,7.175714745683705,499.0,130.8493536808262
2025-10-16 08:00:00,6920,5.450542076508583,2.335946604217964,22.8,8.131644788221296,500.0,130.8493536808262
2025-10-16 09:00:00,6921,5.396013224195654,2.3125770960838516,22.7,8.164355679240144,499.0,130.8493536808262
2025-10-16 10:00:00,6922,5.712841648059918,2.448360706311393,22.7,4.521391728113435,498.0,130.8493536808262
2025-10-16 11:00:00,6923,5.179636796663912,2.2198443414273905,22.6,2.2491340045847967,498.0,130.8493536808262
2025-10-16 12:00:00,6924,5.671575708070158,2.430675303458639,22.6,1.9189795028059156,496.0,130.8493536808262
2025-10-16 13:00:00,6925,5.8156805855911635,2.492434536681927,22.6,1.141688632056236,496.0,130.8493536808262
2025-10-16 14:00:00,6926,5.63701765228943,2.4158647081240407,22.6,0.9192652877474369,496.0,130.8493536808262
2025-10-16 15:00:00,6927,5.1479910044774435,2.2062818590617614,22.6,1.8923803313396557,495.0,130.8493536808262
2025-10-16 16:00:00,6928,5.024535683467681,2.1533724357718627,22.6,3.658532762420188,494.0,130.8493536808262
2025-10-16 17:00:00,6929,4.721100707822604,2.023328874781116,22.5,2.726004039419692,494.0,130.8493536808262
2025-10-16 18:00:00,6930,4.788385804104667,2.0521653446162857,22.5,4.502673620939546,495.0,130.8493536808262
2025-10-16 19:00:00,6931,4.809514064376311,2.061220313304133,22.5,7.3342712821998335,496.0,130.8493536808262
2025-10-16 20:00:00,6932,5.192214978699958,2.2252349908714106,22.5,9.705036779175034,496.0,130.8493536808262
2025-10-16 21:00:00,6933,5.458171074638033,2.339216174844871,22.5,15.0,467.0,130.8493536808262
2025-10-16 22:00:00,6934,5.0902713820029355,2.181544878001258,22.5,15.0,389.0,130.8493536808262
2025-10-16 23:00:00,6935,4.858508090607059,2.0822177531173107,22.5,14.391160998993424,323.0,130.8493536808262
2025-10-17 00:00:00,6936,4.493996955512785,1.9259986952197652,22.5,10.490126146374902,285.0,130.8493536808262
2025-10-17 01:00:00,6937,4.966210276032482,2.1283758325853492,22.5,8.809489041825975,267.0,130.8493536808262
2025-10-17 02:00:00,6938,4.812584610728508,2.0625362617407887,22.6,9.380904541199289,270.0,130.8493536808262
2025-10-17 03:00:00,6939,4.293437723663205,1.8400447387128023,22.6,8.850999785725591,275.0,130.8493536808262
2025-10-17 04:00:00,6940,3.973936566898908,1.7031156715281033,22.6,7.967187480799368,313.0,130.8493536808262
2025-10-17 05:00:00,6941,4.219496865997937,1.8083557997134012,22.7,6.812695109336529,359.0,130.8493536808262
2025-10-17 06:00:00,6942,4.3227020562725995,1.8525865955453995,22.7,5.278420240955689,427.0,130.8493536808262
2025-10-17 07:00:00,6943,4.142712591035192,1.7754482533007967,22.7,4.818006286784355,490.0,130.8493536808262
2025-10-17 08:00:00,6944,5.245381430347999,2.2480206130062848,22.6,4.521257945183455,502.0,130.8493536808262
2025-10-17 09:00:00,6945,4.903021831023292,2.1012950704385536,22.6,4.625282684461362,502.0,130.8493536808262
2025-10-17 10:00:00,6946,5.50805853062333,2.360596513124284,22.6,4.429455604205013,500.0,130.8493536808262
2025-10-17 11:00:00,6947,4.9407822084603605,2.117478089340154,22.6,4.576653373072417,500.0,130.8493536808262
2025-10-17 12:00:00,6948,5.29002704559662,2.2671544481128367,22.5,4.352697185933954,501.0,130.8493536808262
2025-10-17 13:00:00,6949,5.1591411018443285,2.2110604722189975,22.5,4.331379338286464,501.0,130.8493536808262
2025-10-17 14:00:00,6950,5.506076872765696,2.359747231185298,22.5,3.8508138184014222,502.0,130.8493536808262
2025-10-17 15:00:00,6951,5.359432069922922,2.2968994585383946,22.5,2.3886810592425656,499.0,130.8493536808262
2025-10-17 16:00:00,6952,5.07707273687819,2.1758883158049387,22.5,2.1983625018381665,498.0,130.8493536808262
2025-10-17 17:00:00,6953,5.108401040193673,2.189314731511574,22.5,2.2442113212292822,498.0,130.8493536808262
2025-10-17 18:00:00,6954,4.854649907181532,2.080564245934942,22.5,1.8939423980231096,499.0,130.8493536808262
2025-10-17 19:00:00,6955,4.618255744903913,1.979252462101677,22.5,1.6657120442057423,499.0,130.8493536808262
2025-10-17 20:00:00,6956,5.236749362922954,2.2443211555384086,22.5,1.3200212542192726,498.0,130.8493536808262
2025-10-17 21:00:00,6957,5.041870972300771,2.160801845271759,22.5,1.0242802999951706,472.0,130.8493536808262
2025-10-17 22:00:00,6958,4.970924547349481,2.130396234578349,22.5,0.0,406.0,130.8493536808262
2025-10-17 23:00:00,6959,5.128896035631176,2.19809830098479,22.5,0.0,334.0,130.8493536808262
2025-10-18 00:00:00,6960,5.194992049957943,2.2264251642676895,22.5,0.0,283.0,130.8493536808262
2025-10-18 01:00:00,6961,5.242737536641852,2.2468875157036505,22.5,0.0,254.0,130.8493536808262
2025-10-18 02:00:00,6962,5.983924886494963,2.5645392370692695,22.5,0.0,254.0,130.8493536808262
2025-10-18 03:00:00,6963,5.138363639829318,2.2021558456411365,22.6,0.3968875275139125,272.0,130.8493536808262
2025-10-18 04:00:00,6964,4.984625392706956,2.136268025445838,22.6,1.9358506088263387,325.0,130.8493536808262
2025-10-18 05:00:00,6965,4.753067540689893,2.0370289460099538,22.6,3.886412743256233,385.0,130.8493536808262
2025-10-18 06:00:00,6966,4.242758897090137,1.8183252416100586,22.7,5.6363884252978105,444.0,130.8493536808262
2025-10-18 07:00:00,6967,4.516513826469684,1.9356487827727213,22.7,8.645495948607254,486.0,130.8493536808262
2025-10-18 08:00:00,6968,4.678552835890512,2.0050940725245052,22.7,11.494714147926953,494.0,130.8493536808262
2025-10-18 09:00:00,6969,4.521199932414591,1.9376571138919676,22.7,12.691610026162556,493.0,130.8493536808262
2025-10-18 10:00:00,6970,4.289764260603877,1.8384703974016616,22.7,6.40955746312782,493.0,130.8493536808262
2025-10-18 11:00:00,6971,4.4750763145203125,1.917889849080134,22.7,8.458925037504835,492.0,130.8493536808262
2025-10-18 12:00:00,6972,4.492442899475825,1.9253326712039247,22.7,13.877068899869188,491.0,130.8493536808262
2025-10-18 13:00:00,6973,5.04302023003233,2.1612943842995698,22.7,13.332019791136327,490.0,130.8493536808262
2025-10-18 14:00:00,6974,5.014609830751732,2.1491184988935994,22.6,11.945655120506343,488.0,130.8493536808262
2025-10-18 15:00:00,6975,5.1053240886959195,2.1879960380125367,22.6,9.672490393475186,487.0,130.8493536808262
2025-10-18 16:00:00,6976,5.127695193676769,2.1975836544329006,22.6,8.618272269330234,486.0,130.8493536808262
2025-10-18 17:00:00,6977,5.462612352006144,2.3411195794312043,22.6,6.337313411504157,487.0,130.8493536808262
2025-10-18 18:00:00,6978,5.2231276294958935,2.2384832697839543,22.6,4.4616273183181985,489.0,130.8493536808262
2025-10-18 19:00:00,6979,4.971859993957855,2.1307971402676515,22.6,3.1992226155181496,491.0,130.8493536808262
2025-10-18 20:00:00,6980,5.0957746832038495,2.183903435658792,22.6,3.416072226637118,491.0,130.8493536808262
2025-10-18 21:00:00,6981,4.833967040545689,2.0717001602338665,22.6,6.001234613317371,474.0,130.8493536808262
2025-10-18 22:00:00,6982,4.809900331295168,2.0613858562693577,22.6,5.679338547041852,433.0,130.8493536808262
2025-10-18 23:00:00,6983,4.8121936690140705,2.0623687152917443,22.6,5.516356924684062,398.0,130.8493536808262
2025-10-19 00:00:00,6984,5.076541094514164,2.1756604690774988,22.6,5.501880963067868,373.0,130.8493536808262
2025-10-19 01:00:00,6985,5.454255711107207,2.3375381619030886,22.6,5.860523825039118,389.0,130.8493536808262
2025-10-19 02:00:00,6986,5.053225233104939,2.1656679570449735,22.6,5.9734402812590774,412.0,130.8493536808262
2025-10-19 03:00:00,6987,4.41913370681909,1.89391444577961,22.6,6.36599637457631,422.0,130.8493536808262
2025-10-19 04:00:00,6988,4.278046432061377,1.8334484708834469,22.6,8.344301735969708,432.0,130.8493536808262
2025-10-19 05:00:00,6989,4.665177670143496,1.999361858632927,22.6,10.875077546686766,453.0,130.8493536808262
2025-10-19 06:00:00,6990,4.20601840587714,1.8025793168044884,22.6,11.237756778645698,476.0,130.8493536808262
2025-10-19 07:00:00,6991,3.9964194513239804,1.7127511934245627,22.6,9.754629437808738,493.0,130.8493536808262
2025-10-19 08:00:00,6992,4.264283817545676,1.8275502075195758,22.6,9.584260952117456,497.0,130.8493536808262
2025-10-19 09:00:00,6993,4.407909074603877,1.8891038891159473,22.6,8.534437938420291,497.0,130.8493536808262
2025-10-19 10:00:00,6994,4.044874967560215,1.7335178432400922,22.6,3.827565604095515,498.0,130.8493536808262
2025-10-19 11:00:00,6995,4.415310360226307,1.8922758686684171,22.5,2.4979468101678624,498.0,130.8493536808262
2025-10-19 12:00:00,6996,4.586527832663759,1.965654785427325,22.5,1.1997202069952095,499.0,130.8493536808262
2025-10-19 13:00:00,6997,4.738094769434161,2.030612044043212,22.5,0.5623220724413206,499.0,130.8493536808262
2025-10-19 14:00:00,6998,4.924671137849092,2.1105733447924675,22.5,0.5437379722775721,498.0,130.8493536808262
2025-10-19 15:00:00,6999,5.0000901707201155,2.142895787451478,22.5,1.4574390307109073,496.0,130.8493536808262
2025-10-19 16:00:00,7000,4.790800309858778,2.053200132796619,22.5,3.2283998911556218,494.0,130.8493536808262
2025-10-19 17:00:00,7001,4.972318446326614,2.1309936198542636,22.5,3.5830059866604262,494.0,130.8493536808262
2025-10-19 18:00:00,7002,4.900011146685149,2.100004777150778,22.5,3.8744420945072315,495.0,130.8493536808262
2025-10-19 19:00:00,7003,4.876905327495887,2.090102283212523,22.5,2.94324196941194,496.0,130.8493536808262
2025-10-19 20:00:00,7004,4.9873168393203215,2.1374215025658523,22.4,2.438306041932984,497.0,130.8493536808262
2025-10-19 21:00:00,7005,4.781560136469931,2.0492400584871135,22.4,1.1510513600025125,492.0,130.8493536808262
2025-10-19 22:00:00,7006,4.579527050006181,1.9626544500026486,22.4,0.18590239805783854,471.0,130.8493536808262
2025-10-19 23:00:00,7007,4.51327190274052,1.934259386888794,22.4,0.0,453.0,130.8493536808262
2025-10-20 00:00:00,7008,4.867973130234384,2.086274198671879,22.4,0.0,429.0,130.8493536808262
2025-10-20 01:00:00,7009,4.366343305049196,1.871289987878227,22.4,0.0,395.0,130.8493536808262
2025-10-20 02:00:00,7010,4.105896206496364,1.7596698027841562,22.5,0.0,371.0,130.8493536808262
2025-10-20 03:00:00,7011,4.05216604138728,1.7366425891659771,22.5,0.3269521044270206,372.0,130.8493536808262
2025-10-20 04:00:00,7012,3.8305106135333222,1.6416474057999952,22.5,0.5148346540965032,409.0,130.8493536808262
2025-10-20 05:00:00,7013,3.684334972995856,1.5790007027125095,22.5,0.3683892711643509,440.0,130.8493536808262
2025-10-20 06:00:00,7014,3.6439056498362303,1.5616738499298128,22.5,0.8711091812510022,473.0,130.8493536808262
2025-10-20 07:00:00,7015,3.8517188301157814,1.6507366414781919,22.5,1.587584690299977,495.0,130.8493536808262
2025-10-20 08:00:00,7016,3.7208860456458295,1.594665448133927,22.5,2.758748242775524,498.0,130.8493536808262
2025-10-20 09:00:00,7017,3.932004320237682,1.6851447086732922,22.5,5.845969253140943,497.0,130.8493536808262
2025-10-20 10:00:00,7018,3.56983081320263,1.5299274913725558,22.5,11.486667119222396,496.0,130.8493536808262
2025-10-20 11:00:00,7019,3.7796919148519508,1.619867963507979,22.4,15.0,495.0,130.8493536808262
2025-10-20 12:00:00,7020,3.9599011517469065,1.697100493605817,22.4,15.0,494.0,130.8493536808262
2025-10-20 13:00:00,7021,4.171781708948746,1.7879064466923196,22.4,14.90562787761976,494.0,130.8493536808262
2025-10-20 14:00:00,7022,3.749435049018701,1.6069007352937292,22.4,14.618039121556818,493.0,130.8493536808262
2025-10-20 15:00:00,7023,3.792053801517991,1.6251659149362818,22.4,15.0,492.0,130.8493536808262
2025-10-20 16:00:00,7024,3.7631274237578216,1.612768895896209,22.4,15.0,489.0,130.8493536808262
2025-10-20 17:00:00,7025,3.966497130049378,1.6999273414497333,22.3,15.0,491.0,130.8493536808262
2025-10-20 18:00:00,7026,4.051909812703836,1.7365327768730727,22.3,15.0,493.0,130.8493536808262
2025-10-20 19:00:00,7027,4.112949745782356,1.7626927481924384,22.3,15.0,494.0,130.8493536808262
2025-10-20 20:00:00,7028,3.803244670596081,1.6299620016840348,22.2,15.0,494.0,130.8493536808262
2025-10-20 21:00:00,7029,3.7294232147061424,1.5983242348740607,22.2,15.0,486.0,130.8493536808262
2025-10-20 22:00:00,7030,3.7373280111736515,1.6017120047887077,22.2,10.682977251218828,457.0,130.8493536808262
2025-10-20 23:00:00,7031,3.72056570830971,1.5945281607041615,22.2,12.255391130148556,431.0,130.8493536808262
2025-10-21 00:00:00,7032,4.321263715175403,1.8519701636466013,22.2,10.361949260614127,412.0,130.8493536808262
2025-10-21 01:00:00,7033,3.9562329453317995,1.6955284051422,22.2,8.617365110505474,404.0,130.8493536808262
2025-10-21 02:00:00,7034,3.4281832333399533,1.469221385717123,22.1,7.861621930778291,398.0,130.8493536808262
2025-10-21 03:00:00,7035,3.320712477010904,1.4231624901475302,22.1,7.40347776630575,410.0,130.8493536808262
2025-10-21 04:00:00,7036,3.363097407155677,1.4413274602095758,22.1,6.993468656063912,432.0,130.8493536808262
2025-10-21 05:00:00,7037,3.206776667335281,1.3743328574294058,22.1,6.861163161800376,459.0,130.8493536808262
2025-10-21 06:00:00,7038,3.3389020923607067,1.43095803958316,22.1,6.297086960265734,481.0,130.8493536808262
2025-10-21 07:00:00,7039,3.3180330987929367,1.4220141851969728,22.1,6.3709437801852955,498.0,130.8493536808262
2025-10-21 08:00:00,7040,3.7325794141929336,1.5996768917969717,22.1,7.601003451219401,500.0,130.8493536808262
2025-10-21 09:00:00,7041,3.3196086406216456,1.4226894174092766,22.1,8.290177051945085,501.0,130.8493536808262
2025-10-21 10:00:00,7042,3.658166699390004,1.5677857283100016,22.0,6.918860315336307,499.0,130.8493536808262
2025-10-21 11:00:00,7043,3.729317905308927,1.5982791022752543,22.0,6.080794274736869,498.0,130.8493536808262
2025-10-21 12:00:00,7044,3.7403687074393166,1.6030151603311356,22.0,6.19521215797653,498.0,130.8493536808262
2025-10-21 13:00:00,7045,3.9385991790920603,1.6879710767537401,22.0,6.755786156055721,497.0,130.8493536808262
2025-10-21 14:00:00,7046,3.9216564323280285,1.680709899569155,22.0,8.633422606525587,497.0,130.8493536808262
2025-10-21 15:00:00,7047,3.9176901197080785,1.679010051303462,22.0,10.058435492405163,495.0,130.8493536808262
2025-10-21 16:00:00,7048,4.024590129543046,1.7248243412327342,22.0,9.847325745933189,494.0,130.8493536808262
2025-10-21 17:00:00,7049,4.079132218893762,1.7481995223830407,22.0,11.207655730700438,496.0,130.8493536808262
2025-10-21 18:00:00,7050,4.04235979882103,1.7324399137804416,22.0,12.803203312332897,498.0,130.8493536808262
2025-10-21 19:00:00,7051,4.166148307885647,1.7854921319509915,22.0,13.08030359499742,499.0,130.8493536808262
2025-10-21 20:00:00,7052,4.05592858164839,1.738255106420738,22.0,13.401087774522717,500.0,130.8493536808262
2025-10-21 21:00:00,7053,4.30550972417002,1.8452184532157228,22.0,14.325077197506786,496.0,130.8493536808262
2025-10-21 22:00:00,7054,4.243978968511285,1.818848129361979,21.9,9.090179216368531,485.0,130.8493536808262
2025-10-21 23:00:00,7055,4.374578181482915,1.8748192206355347,21.9,11.736273904534794,475.0,130.8493536808262
2025-10-22 00:00:00,7056,4.206676901145626,1.802861529062411,21.9,11.58355900211997,465.0,130.8493536808262
2025-10-22 01:00:00,7057,4.857449161060115,2.0817639261686205,21.8,11.793142667475523,459.0,130.8493536808262
2025-10-22 02:00:00,7058,4.421051168287068,1.894736214980172,21.7,15.0,462.0,130.8493536808262
2025-10-22 03:00:00,7059,4.32035051413715,1.8515787917730644,21.6,15.0,464.0,130.8493536808262
2025-10-22 04:00:00,7060,4.168405921921017,1.7864596808232929,21.5,14.463367219899347,476.0,130.8493536808262
2025-10-22 05:00:00,7061,4.113755921699301,1.763038252156843,21.4,14.518111464673977,486.0,130.8493536808262
2025-10-22 06:00:00,7062,3.765899117282622,1.6139567645496948,21.4,15.0,495.0,130.8493536808262
2025-10-22 07:00:00,7063,4.054147955731584,1.7374919810278218,21.3,15.0,501.0,130.8493536808262
2025-10-22 08:00:00,7064,4.271815386106777,1.83077802261719,21.3,15.0,502.0,130.8493536808262
2025-10-22 09:00:00,7065,4.05282976546877,1.7369270423437588,21.3,13.0153044641006,501.0,130.8493536808262
2025-10-22 10:00:00,7066,4.60959979837812,1.97554277073348,21.2,7.7373085784301106,500.0,130.8493536808262
2025-10-22 11:00:00,7067,4.146719104645368,1.7771653305623005,21.2,8.742645599354734,500.0,130.8493536808262
2025-10-22 12:00:00,7068,4.271145552581035,1.8304909511061576,21.2,9.084895937132725,498.0,130.8493536808262
2025-10-22 13:00:00,7069,5.2543142309956306,2.2518489561409845,21.2,9.553338860465798,498.0,130.8493536808262
2025-10-22 14:00:00,7070,4.564062692449643,1.956026868192704,21.2,8.421214789314153,498.0,130.8493536808262
2025-10-22 15:00:00,7071,4.62617491475355,1.9826463920372355,21.2,9.159080072815213,496.0,130.8493536808262
2025-10-22 16:00:00,7072,4.680924754217807,2.006110608950489,21.2,10.226994173460042,496.0,130.8493536808262
2025-10-22 17:00:00,7073,5.110055315652861,2.1900237067083688,21.1,9.699571633096932,498.0,130.8493536808262
2025-10-22 18:00:00,7074,4.973145897619135,2.1313482418367724,21.1,9.191020749736088,498.0,130.8493536808262
2025-10-22 19:00:00,7075,5.088059994177039,2.1805971403615882,21.1,8.981585037355607,498.0,130.8493536808262
2025-10-22 20:00:00,7076,4.712908095136967,2.0198177550587,21.1,9.432500688508108,499.0,130.8493536808262
2025-10-22 21:00:00,7077,4.987129533059294,2.1373412284539834,21.1,8.470286650866692,486.0,130.8493536808262
2025-10-22 22:00:00,7078,5.110361057254384,2.1901547388233067,21.1,8.851099579111201,447.0,130.8493536808262
2025-10-22 23:00:00,7079,5.2280875650325775,2.2406089564425327,21.1,9.141466815173668,400.0,130.8493536808262
2025-10-23 00:00:00,7080,5.600938756204203,2.400402324087515,21.1,7.599525833588429,348.0,130.8493536808262
2025-10-23 01:00:00,7081,4.952927806829573,2.1226833457841026,21.1,9.175948323867548,310.0,130.8493536808262
2025-10-23 02:00:00,7082,4.742579070968979,2.032533887558134,21.1,11.563999512971199,297.0,130.8493536808262
2025-10-23 03:00:00,7083,4.460590496682702,1.9116816414354436,21.1,12.385820768738993,289.0,130.8493536808262
2025-10-23 04:00:00,7084,4.395024117031001,1.8835817644418573,21.1,12.978266330324699,318.0,130.8493536808262
2025-10-23 05:00:00,7085,4.437715981074121,1.9018782776031946,21.1,13.331000304292386,370.0,130.8493536808262
2025-10-23 06:00:00,7086,4.38438788187229,1.8790233779452672,21.1,11.5420923446972,440.0,130.8493536808262
2025-10-23 07:00:00,7087,4.3278277244857195,1.8547833104938798,21.1,11.37958931487112,493.0,130.8493536808262
2025-10-23 08:00:00,7088,4.277490291724603,1.8332101250248298,21.0,12.289003901319376,501.0,130.8493536808262
2025-10-23 09:00:00,7089,3.998682469399118,1.7137210583139075,21.0,12.466963747191144,501.0,130.8493536808262
2025-10-23 10:00:00,7090,4.182495431069427,1.792498041886897,21.0,11.261190392596701,500.0,130.8493536808262
2025-10-23 11:00:00,7091,4.27220213879567,1.8309437737695728,21.0,10.941777723719163,500.0,130.8493536808262
2025-10-23 12:00:00,7092,4.428110744137978,1.8977617474877047,21.0,12.90943833945522,498.0,130.8493536808262
2025-10-23 13:00:00,7093,4.952732855156459,2.1225997950670537,21.0,15.0,498.0,130.8493536808262
2025-10-23 14:00:00,7094,5.2493571136612065,2.249724477283374,21.0,15.0,498.0,130.8493536808262
2025-10-23 15:00:00,7095,4.7922656154622985,2.053828120912413,21.0,15.0,497.0,130.8493536808262
2025-10-23 16:00:00,7096,5.42901552661979,2.32672093997991,21.0,14.965160002324774,496.0,130.8493536808262
2025-10-23 17:00:00,7097,4.868646761443726,2.086562897761597,21.0,14.950124661464114,497.0,130.8493536808262
2025-10-23 18:00:00,7098,4.5613431809941325,1.9548613632831995,21.0,15.0,498.0,130.8493536808262
2025-10-23 19:00:00,7099,4.680002928581016,2.005715540820435,21.0,14.200900179371928,499.0,130.8493536808262
2025-10-23 20:00:00,7100,4.758544740014367,2.039376317149014,20.9,13.784616685605796,499.0,130.8493536808262
2025-10-23 21:00:00,7101,4.752686345854159,2.0368655767946393,20.9,12.596664258537977,490.0,130.8493536808262
2025-10-23 22:00:00,7102,5.0480362351603505,2.163444100783007,20.9,8.216537364662363,440.0,130.8493536808262
2025-10-23 23:00:00,7103,5.38096294724288,2.3061269773898054,20.9,9.867720603130946,377.0,130.8493536808262
2025-10-24 00:00:00,7104,5.273167692661668,2.2599290111407146,20.9,6.822427835983399,332.0,130.8493536808262
2025-10-24 01:00:00,7105,4.817197088226621,2.0645130378114085,20.9,5.795209542522296,307.0,130.8493536808262
2025-10-24 02:00:00,7106,4.800243214497625,2.0572470919275534,20.9,5.238319866923618,303.0,130.8493536808262
2025-10-24 03:00:00,7107,5.101517139284553,2.186364488264809,20.9,4.899803413534727,326.0,130.8493536808262
2025-10-24 04:00:00,7108,4.856614108147254,2.081406046348823,20.9,4.429239890071332,389.0,130.8493536808262
2025-10-24 05:00:00,7109,4.727798746895566,2.0261994629552427,20.9,4.744496670037836,429.0,130.8493536808262
2025-10-24 06:00:00,7110,4.615060802589306,1.9778832011097025,20.9,5.036351115518125,465.0,130.8493536808262
2025-10-24 07:00:00,7111,4.330666463288275,1.855999912837832,20.9,5.5765169850939795,495.0,130.8493536808262
2025-10-24 08:00:00,7112,4.475004876802254,1.917859232915252,20.9,7.043865718814543,501.0,130.8493536808262
2025-10-24 09:00:00,7113,4.435857352191013,1.9010817223675764,20.9,8.927608557497077,501.0,130.8493536808262
2025-10-24 10:00:00,7114,3.627686073014293,1.5547226027204113,20.8,5.998415089336082,500.0,130.8493536808262
2025-10-24 11:00:00,7115,3.90892928708183,1.6752554087493559,20.8,6.310215026646971,500.0,130.8493536808262
2025-10-24 12:00:00,7116,4.022229280953335,1.7238125489800002,20.8,5.007859532026887,499.0,130.8493536808262
2025-10-24 13:00:00,7117,4.088995164188502,1.7524264989379295,20.8,4.150745615245485,500.0,130.8493536808262
2025-10-24 14:00:00,7118,4.26265187984701,1.8268508056487187,20.8,4.49634725131126,501.0,130.8493536808262
2025-10-24 15:00:00,7119,4.380914621738517,1.8775348378879357,20.8,3.9519479983181087,500.0,130.8493536808262
2025-10-24 16:00:00,7120,4.612775305672665,1.9769037024311422,20.8,3.663369548989196,499.0,130.8493536808262
2025-10-24 17:00:00,7121,4.555810863459081,1.952490370053892,20.7,3.4734475147861157,499.0,130.8493536808262
2025-10-24 18:00:00,7122,4.9558072171573695,2.1239173787817296,20.7,4.000114845152437,501.0,130.8493536808262
2025-10-24 19:00:00,7123,4.6082192838271165,1.9749511216401925,20.7,4.8477007971331325,502.0,130.8493536808262
2025-10-24 20:00:00,7124,5.530110164027896,2.3700472131548125,20.7,4.747714318704662,501.0,130.8493536808262
2025-10-24 21:00:00,7125,5.214902177569259,2.2349580761011114,20.6,4.217074574780407,495.0,130.8493536808262
2025-10-24 22:00:00,7126,5.071989142510741,2.173709632504603,20.6,2.397027446020472,472.0,130.8493536808262
2025-10-24 23:00:00,7127,4.688071880661859,2.0091736631407966,20.6,1.4900139315279652,444.0,130.8493536808262
2025-10-25 00:00:00,7128,5.375837234332112,2.303930243285191,20.6,1.2635037459060159,428.0,130.8493536808262
2025-10-25 01:00:00,7129,5.228057626080981,2.240596125463277,20.6,1.2156292386488485,424.0,130.8493536808262
2025-10-25 02:00:00,7130,4.5016593059679275,1.92928255970054,20.6,0.7160498535484567,431.0,130.8493536808262
2025-10-25 03:00:00,7131,4.104136638052396,1.7589157020224555,20.6,0.19303236537464902,440.0,130.8493536808262
2025-10-25 04:00:00,7132,4.0762468108938155,1.7469629189544922,20.6,0.10181624648632433,454.0,130.8493536808262
2025-10-25 05:00:00,7133,4.491314786051593,1.9248491940221109,20.6,0.07264393175438086,472.0,130.8493536808262
2025-10-25 06:00:00,7134,4.475734207585118,1.918171803250765,20.6,0.0,487.0,130.8493536808262
2025-10-25 07:00:00,7135,4.281099887553765,1.834757094665899,20.6,0.0,497.0,130.8493536808262
2025-10-25 08:00:00,7136,4.181297677766885,1.7919847190429508,20.6,0.0,500.0,130.8493536808262
2025-10-25 09:00:00,7137,4.505303386283817,1.9308443084073499,20.6,0.9586356366406746,500.0,130.8493536808262
2025-10-25 10:00:00,7138,4.014216588163875,1.7203785377845178,20.5,1.2793387750846446,499.0,130.8493536808262
2025-10-25 11:00:00,7139,5.516958557716361,2.364410810449869,20.5,0.5009462095843291,499.0,130.8493536808262
2025-10-25 12:00:00,7140,5.345562070750553,2.290955173178808,20.5,0.4342706329758187,498.0,130.8493536808262
2025-10-25 13:00:00,7141,5.769842148575714,2.4727894922467346,20.5,0.15728173278574756,498.0,130.8493536808262
2025-10-25 14:00:00,7142,5.77118828750109,2.4733664089290386,20.5,0.28084412159706856,498.0,130.8493536808262
2025-10-25 15:00:00,7143,5.757317447585905,2.4674217632511017,20.5,0.1384871223960355,496.0,130.8493536808262
2025-10-25 16:00:00,7144,5.299488483889363,2.2712093502382986,20.5,0.07936633172994058,494.0,130.8493536808262
2025-10-25 17:00:00,7145,5.077482886970657,2.1760640944159957,20.5,0.0,495.0,130.8493536808262
2025-10-25 18:00:00,7146,4.671372615138955,2.002016835059552,20.5,0.0,496.0,130.8493536808262
2025-10-25 19:00:00,7147,4.836144808703407,2.0726334894443172,20.5,0.0,496.0,130.8493536808262
2025-10-25 20:00:00,7148,4.744087405973149,2.0331803168456353,20.5,0.0432824251255325,497.0,130.8493536808262
2025-10-25 21:00:00,7149,4.609344958257294,1.9754335535388399,20.5,0.0,495.0,130.8493536808262
2025-10-25 22:00:00,7150,4.505552868364935,1.9309512292992577,20.5,0.0,485.0,130.8493536808262
2025-10-25 23:00:00,7151,4.931912657355152,2.113676853152208,20.5,0.0,477.0,130.8493536808262
2025-10-26 00:00:00,7152,5.368903794037001,2.300958768873,20.5,0.22565855201744556,464.0,130.8493536808262
2025-10-26 01:00:00,7153,5.279919434969521,2.2628226149869377,20.5,0.18972123234648028,452.0,130.8493536808262
2025-10-26 02:00:00,7154,4.720642844211735,2.023132647519315,20.5,0.4131979257378639,446.0,130.8493536808262
2025-10-26 03:00:00,7155,4.776687920072643,2.0471519657454187,20.5,0.36739457987818414,449.0,130.8493536808262
2025-10-26 04:00:00,7156,4.7756646366112285,2.0467134156905264,20.5,0.17851932096337372,454.0,130.8493536808262
2025-10-26 05:00:00,7157,4.794476327386454,2.0547755688799088,20.5,0.0,474.0,130.8493536808262
2025-10-26 06:00:00,7158,4.205310011207266,1.8022757190888283,20.5,0.0,489.0,130.8493536808262
2025-10-26 07:00:00,7159,4.308379463132592,1.8464483413425392,20.5,0.08885668134805946,497.0,130.8493536808262
2025-10-26 08:00:00,7160,5.268091238471335,2.2577533879162863,20.5,0.06602696244158374,500.0,130.8493536808262
2025-10-26 09:00:00,7161,5.530903935282389,2.3703874008353094,20.5,0.047525295838088316,500.0,130.8493536808262
2025-10-26 10:00:00,7162,6.122349513874617,2.623864077374836,20.5,0.7829080089866021,499.0,130.8493536808262
2025-10-26 11:00:00,7163,5.861190441306876,2.51193876056009,20.5,0.9125026445569356,499.0,130.8493536808262
2025-10-26 12:00:00,7164,5.795801702637992,2.483915015416282,20.5,3.1429387432227363,497.0,130.8493536808262
2025-10-26 13:00:00,7165,4.673927865176777,2.0031119422186188,20.5,2.435395425717798,495.0,130.8493536808262
2025-10-26 14:00:00,7166,4.9051650479820275,2.1022135919922973,20.4,1.4976859077143234,495.0,130.8493536808262
2025-10-26 15:00:00,7167,4.654777047112514,1.994904448762506,20.4,2.083168990445033,493.0,130.8493536808262
2025-10-26 16:00:00,7168,4.3318289351269925,1.8564981150544253,20.4,1.3975242389229685,490.0,130.8493536808262
2025-10-26 17:00:00,7169,4.6384761310841975,1.9879183418932274,20.4,0.660649277793106,488.0,130.8493536808262
2025-10-26 18:00:00,7170,4.868827232042845,2.0866402423040764,20.4,0.2708580732707447,488.0,130.8493536808262
2025-10-26 19:00:00,7171,4.862195908061631,2.0837982463121274,20.4,0.0962334218020301,488.0,130.8493536808262
2025-10-26 20:00:00,7172,4.931062481199235,2.113312491942529,20.4,0.0323234664249127,491.0,130.8493536808262
2025-10-26 21:00:00,7173,4.604007214264312,1.9731459489704197,20.4,0.1617236884046416,481.0,130.8493536808262
2025-10-26 22:00:00,7174,5.2629121123155045,2.25553376242093,20.4,0.2780277402395561,422.0,130.8493536808262
2025-10-26 23:00:00,7175,4.805350189661429,2.059435795569183,20.4,1.1214936356997687,363.0,130.8493536808262
2025-10-27 00:00:00,7176,5.132481086110685,2.199634751190293,20.4,1.2508840594934494,326.0,130.8493536808262
2025-10-27 01:00:00,7177,4.704203973721853,2.016087417309366,20.4,0.9039690049462843,286.0,130.8493536808262
2025-10-27 02:00:00,7178,4.224631669303495,1.810556429701498,20.4,1.1413390557565337,277.0,130.8493536808262
2025-10-27 03:00:00,7179,3.811934382414151,1.633686163891779,20.4,0.7949921193858853,282.0,130.8493536808262
2025-10-27 04:00:00,7180,3.632554410112345,1.5568090329052906,20.5,0.10662823705627375,329.0,130.8493536808262
2025-10-27 05:00:00,7181,3.523467642956576,1.5100575612671039,20.5,0.0,380.0,130.8493536808262
2025-10-27 06:00:00,7182,3.9013844905053277,1.6720219245022832,20.5,0.0,436.0,130.8493536808262
2025-10-27 07:00:00,7183,3.3703684493170636,1.4444436211358844,20.5,0.0,484.0,130.8493536808262
2025-10-27 08:00:00,7184,3.644851210450227,1.5620790901929544,20.4,0.0,494.0,130.8493536808262
2025-10-27 09:00:00,7185,4.049096658713239,1.735327139448531,20.4,0.0,493.0,130.8493536808262
2025-10-27 10:00:00,7186,4.523079871164505,1.9384628019276449,20.4,0.0,492.0,130.8493536808262
2025-10-27 11:00:00,7187,4.78968791036241,2.0527233901553186,20.3,0.0,491.0,130.8493536808262
2025-10-27 12:00:00,7188,4.554239035865316,1.9518167296565638,20.3,0.0,490.0,130.8493536808262
2025-10-27 13:00:00,7189,4.500141292981568,1.928631982706386,20.3,0.0,490.0,130.8493536808262
2025-10-27 14:00:00,7190,4.71371075426949,2.020161751829781,20.3,0.0,491.0,130.8493536808262
2025-10-27 15:00:00,7191,5.0584140910373865,2.167891753301737,20.3,0.7816095056370232,489.0,130.8493536808262
2025-10-27 16:00:00,7192,5.0831589938435435,2.178496711647233,20.3,2.7741361496345904,488.0,130.8493536808262
2025-10-27 17:00:00,7193,4.811368813746225,2.062015205891239,20.3,6.5657598427457184,489.0,130.8493536808262
2025-10-27 18:00:00,7194,5.045474741553675,2.1623463178087174,20.3,8.99567093628014,491.0,130.8493536808262
2025-10-27 19:00:00,7195,4.832580975074118,2.071106132174622,20.3,7.00332696761619,492.0,130.8493536808262
2025-10-27 20:00:00,7196,4.737770650115758,2.0304731357638963,20.3,3.5919313945652975,493.0,130.8493536808262
2025-10-27 21:00:00,7197,5.030399067986782,2.155885314851478,20.2,1.9766753513803643,483.0,130.8493536808262
2025-10-27 22:00:00,7198,5.282851290995352,2.2640791247122936,20.2,2.0002359538198284,416.0,130.8493536808262
2025-10-27 23:00:00,7199,5.2271265966996125,2.2401971128712623,20.2,1.191187303675664,344.0,130.8493536808262
2025-10-28 00:00:00,7200,5.739063924657689,2.459598824853295,20.2,1.2090411591152417,305.0,130.8493536808262
2025-10-28 01:00:00,7201,5.1597946666776835,2.211340571433293,20.2,1.2432417152083404,269.0,130.8493536808262
2025-10-28 02:00:00,7202,5.103067387567682,2.1870288803861495,20.3,1.4245242604681525,260.0,130.8493536808262
2025-10-28 03:00:00,7203,4.6932694193857465,2.011401179736748,20.3,1.2404109576371352,257.0,130.8493536808262
2025-10-28 04:00:00,7204,4.569089886689919,1.9581813800099652,20.4,0.869596209801571,304.0,130.8493536808262
2025-10-28 05:00:00,7205,4.526726269288224,1.940025543980667,20.4,0.5144067448349582,362.0,130.8493536808262
2025-10-28 06:00:00,7206,4.748651586988663,2.0351363944237124,20.4,0.3303100017100176,430.0,130.8493536808262
2025-10-28 07:00:00,7207,4.529833051599219,1.9413570221139511,20.4,0.4906625368417628,484.0,130.8493536808262
2025-10-28 08:00:00,7208,3.7307123106778546,1.598876704576223,20.4,0.7689933905967393,495.0,130.8493536808262
2025-10-28 09:00:00,7209,3.5815829935325088,1.5349641400853609,20.3,0.9792854228614312,495.0,130.8493536808262
2025-10-28 10:00:00,7210,3.833714381971102,1.6430204494161864,20.3,0.23065711337302597,494.0,130.8493536808262
2025-10-28 11:00:00,7211,3.552811649551538,1.522633564093516,20.2,0.1979949314295805,494.0,130.8493536808262
2025-10-28 12:00:00,7212,3.534784624331693,1.514907696142154,20.2,0.9625913157004853,492.0,130.8493536808262
2025-10-28 13:00:00,7213,3.5186995143694277,1.5080140775868978,20.2,3.420466601370144,493.0,130.8493536808262
2025-10-28 14:00:00,7214,3.7810519692225815,1.620450843952535,20.2,4.825920578096932,491.0,130.8493536808262
2025-10-28 15:00:00,7215,3.6667718914489713,1.5714736677638446,20.3,6.077144412548799,488.0,130.8493536808262
2025-10-28 16:00:00,7216,3.8020064093563946,1.6294313182955975,20.3,6.419542731088723,486.0,130.8493536808262
2025-10-28 17:00:00,7217,3.732896594752628,1.5998128263225546,20.3,5.64413735693657,487.0,130.8493536808262
2025-10-28 18:00:00,7218,3.9037714376954282,1.673044901869469,20.3,6.531989947633244,491.0,130.8493536808262
2025-10-28 19:00:00,7219,4.77237861674253,2.045305121461084,20.3,7.613020776378098,495.0,130.8493536808262
2025-10-28 20:00:00,7220,4.902104675701649,2.1009020038721355,20.3,8.670261678134905,496.0,130.8493536808262
2025-10-28 21:00:00,7221,4.531425222630478,1.9420393811273473,20.2,9.815757292879866,488.0,130.8493536808262
2025-10-28 22:00:00,7222,4.5640097848366885,1.9560041935014376,20.2,7.832020112281695,438.0,130.8493536808262
2025-10-28 23:00:00,7223,4.5155664493779355,1.9352427640191148,20.2,7.119323428982763,376.0,130.8493536808262
2025-10-29 00:00:00,7224,4.920028549811847,2.108583664205077,20.2,5.14844809911241,322.0,130.8493536808262
2025-10-29 01:00:00,7225,4.8887576816960365,2.0951818635840156,20.2,4.736019781619854,292.0,130.8493536808262
2025-10-29 02:00:00,7226,4.81103863258809,2.06187369968061,20.1,6.212640583235582,282.0,130.8493536808262
2025-10-29 03:00:00,7227,4.47723303654558,1.918814158519534,20.1,8.020131527994184,294.0,130.8493536808262
2025-10-29 04:00:00,7228,4.54654904287605,1.94852101837545,20.1,8.78532081320425,335.0,130.8493536808262
2025-10-29 05:00:00,7229,4.6505717743870285,1.993102189023012,20.1,8.989541167880207,395.0,130.8493536808262
2025-10-29 06:00:00,7230,4.56156875588602,1.9549580382368656,20.1,7.538012092076446,442.0,130.8493536808262
2025-10-29 07:00:00,7231,4.306110139430509,1.8454757740416465,20.1,6.969999193559744,490.0,130.8493536808262
2025-10-29 08:00:00,7232,4.734785264327957,2.029193684711982,20.0,6.663396333432702,501.0,130.8493536808262
2025-10-29 09:00:00,7233,5.27510039063581,2.26075731027249,20.0,6.795532791530942,501.0,130.8493536808262
2025-10-29 10:00:00,7234,5.066133172911485,2.1711999312477794,20.0,7.754701548048354,500.0,130.8493536808262
2025-10-29 11:00:00,7235,4.634741542462383,1.9863178039124496,20.0,7.325647626301526,500.0,130.8493536808262
2025-10-29 12:00:00,7236,4.7821420815958815,2.049489463541092,20.0,7.1386827577665395,498.0,130.8493536808262
2025-10-29 13:00:00,7237,4.99161792011934,2.139264822908288,20.0,6.5773044167752674,498.0,130.8493536808262
2025-10-29 14:00:00,7238,4.915229592090091,2.1065269680386103,19.9,7.342657793717794,498.0,130.8493536808262
2025-10-29 15:00:00,7239,5.011806778315449,2.147917190706621,19.9,9.331034234276892,497.0,130.8493536808262
2025-10-29 16:00:00,7240,4.87080643685271,2.087488472936876,19.9,10.302457819186458,497.0,130.8493536808262
2025-10-29 17:00:00,7241,4.896420947259143,2.0984661202539185,19.9,10.743710768577314,497.0,130.8493536808262
2025-10-29 18:00:00,7242,5.148069141092002,2.206315346182286,19.9,14.871670208507627,498.0,130.8493536808262
2025-10-29 19:00:00,7243,5.099860289408511,2.1856544097465047,19.9,12.213495519370126,499.0,130.8493536808262
2025-10-29 20:00:00,7244,5.429287589765881,2.3268375384710915,19.9,10.04552316466485,499.0,130.8493536808262
2025-10-29 21:00:00,7245,5.461099433721294,2.340471185880555,19.8,5.343890369398601,493.0,130.8493536808262
2025-10-29 22:00:00,7246,5.38351335258192,2.3072200082493945,19.8,2.90059000135322,442.0,130.8493536808262
2025-10-29 23:00:00,7247,5.238916729904899,2.245250027102099,19.8,1.5633367382533414,370.0,130.8493536808262
2025-10-30 00:00:00,7248,5.67475558524735,2.43203810796315,19.8,1.4208501687433768,303.0,130.8493536808262
2025-10-30 01:00:00,7249,5.317471706416375,2.2789164456070177,19.8,1.9434280547341114,269.0,130.8493536808262
2025-10-30 02:00:00,7250,5.561890507969052,2.3836673605581646,19.8,2.129558028485354,244.0,130.8493536808262
2025-10-30 03:00:00,7251,5.534427321712436,2.3718974235910437,19.8,2.4566604874354296,238.0,130.8493536808262
2025-10-30 04:00:00,7252,6.241019762203564,2.6747227552300985,19.9,2.543926275683017,279.0,130.8493536808262
2025-10-30 05:00:00,7253,6.1846199659994445,2.6505514139997617,19.9,3.4822573860774804,342.0,130.8493536808262
2025-10-30 06:00:00,7254,6.105925703907074,2.61682530167446,19.9,4.067231692014381,423.0,130.8493536808262
2025-10-30 07:00:00,7255,5.836683350233418,2.501435721528608,19.9,4.531134003238662,489.0,130.8493536808262
2025-10-30 08:00:00,7256,6.224015480285424,2.66743520583661,19.9,5.05514098632859,502.0,130.8493536808262
2025-10-30 09:00:00,7257,6.192091471120021,2.653753487622866,19.9,4.564037756559532,501.0,130.8493536808262
2025-10-30 10:00:00,7258,6.000927190794108,2.571825938911761,19.8,2.08208402529562,500.0,130.8493536808262
2025-10-30 11:00:00,7259,4.874610922364569,2.0891189667276726,19.8,1.1527073595406916,499.0,130.8493536808262
2025-10-30 12:00:00,7260,5.5454563706382665,2.376624158844971,19.8,0.26811845513104754,499.0,130.8493536808262
2025-10-30 13:00:00,7261,5.446177578422033,2.3340761050380143,19.8,0.027142915743380732,499.0,130.8493536808262
2025-10-30 14:00:00,7262,5.9753393445226894,2.5608597190811526,19.8,0.1715566370953486,499.0,130.8493536808262
2025-10-30 15:00:00,7263,5.244472224247028,2.2476309532487257,19.8,0.1860841328673617,497.0,130.8493536808262
2025-10-30 16:00:00,7264,4.888476608901819,2.095061403815065,19.8,0.17119377640817554,497.0,130.8493536808262
2025-10-30 17:00:00,7265,6.114440072543812,2.620474316804491,19.8,0.21937207939651696,499.0,130.8493536808262
2025-10-30 18:00:00,7266,5.758791330229737,2.468053427241316,19.8,0.28699690009897616,501.0,130.8493536808262
2025-10-30 19:00:00,7267,4.761478618516298,2.0406336936498417,19.8,0.13887880483085532,501.0,130.8493536808262
2025-10-30 20:00:00,7268,5.8674494329601785,2.5146211855543625,19.8,0.5364664367409006,502.0,130.8493536808262
2025-10-30 21:00:00,7269,5.821978966368041,2.4951338427291603,19.7,0.6358181829811173,494.0,130.8493536808262
2025-10-30 22:00:00,7270,6.178046695796523,2.6477342981985097,19.7,0.36795541839537793,453.0,130.8493536808262
2025-10-30 23:00:00,7271,5.7200917450522395,2.451467890736674,19.7,0.12385627182078943,423.0,130.8493536808262
2025-10-31 00:00:00,7272,6.320894374941788,2.708954732117909,19.7,0.0,435.0,130.8493536808262
2025-10-31 01:00:00,7273,6.064321014771737,2.5989947206164588,19.7,0.07615895303491697,430.0,130.8493536808262
2025-10-31 02:00:00,7274,5.66125531184864,2.4262522765065597,19.7,0.426358565255104,435.0,130.8493536808262
2025-10-31 03:00:00,7275,5.214586200979021,2.2348226575624373,19.7,0.5447513214634783,451.0,130.8493536808262
2025-10-31 04:00:00,7276,4.297613996219388,1.841834569808309,19.7,0.5568669802322164,469.0,130.8493536808262
2025-10-31 05:00:00,7277,5.7741184713762195,2.4746222020183795,19.7,0.2865174853614069,486.0,130.8493536808262
2025-10-31 06:00:00,7278,5.687077410505979,2.437318890216848,19.7,0.7207736765427589,497.0,130.8493536808262
2025-10-31 07:00:00,7279,5.547041316665102,2.377303421427901,19.7,1.2440560062097106,502.0,130.8493536808262
2025-10-31 08:00:00,7280,5.812320986910006,2.4909947086757165,19.7,1.473950044657022,503.0,130.8493536808262
2025-10-31 09:00:00,7281,5.819295342547081,2.4939837182344626,19.7,3.466501141043247,500.0,130.8493536808262
2025-10-31 10:00:00,7282,5.834028053882694,2.5002977373782973,19.7,4.066927592163304,499.0,130.8493536808262
2025-10-31 11:00:00,7283,5.8403261067231975,2.50299690288137,19.7,5.9311480789769595,498.0,130.8493536808262
2025-10-31 12:00:00,7284,5.835463319624916,2.5009128512678207,19.7,15.0,496.0,130.8493536808262
2025-10-31 13:00:00,7285,5.899549372644147,2.528378302561777,19.7,15.0,495.0,130.8493536808262
2025-10-31 14:00:00,7286,5.4400528473371725,2.3314512202873594,19.6,15.0,494.0,130.8493536808262
2025-10-31 15:00:00,7287,5.4632681342602485,2.3414006289686777,19.6,15.0,490.0,130.8493536808262
2025-10-31 16:00:00,7288,5.56699355946961,2.3858543826298324,19.6,15.0,489.0,130.8493536808262
2025-10-31 17:00:00,7289,5.626609817021466,2.4114042072949133,19.6,15.0,489.0,130.8493536808262
2025-10-31 18:00:00,7290,5.452349097972004,2.336721041988002,19.6,15.0,487.0,130.8493536808262
2025-10-31 19:00:00,7291,5.073967991127393,2.174557710483168,19.6,15.0,488.0,130.8493536808262
2025-10-31 20:00:00,7292,5.58304198154377,2.392732277804473,19.5,6.673910853422605,487.0,130.8493536808262
2025-10-31 21:00:00,7293,5.352438459027261,2.293902196725969,19.5,2.8057501975660295,476.0,130.8493536808262
2025-10-31 22:00:00,7294,5.512358693383957,2.3624394400216957,19.5,3.1473481712983538,404.0,130.8493536808262
2025-10-31 23:00:00,7295,5.744885628919935,2.4620938409656863,19.5,4.007449879973206,333.0,130.8493536808262
2025-11-01 00:00:00,7296,5.744166524441244,2.4617856533319618,19.5,6.4763248647147735,320.0,130.8493536808262
2025-11-01 01:00:00,7297,4.997949403753912,2.1419783158945336,19.5,4.671423416082312,297.0,130.8493536808262
2025-11-01 02:00:00,7298,5.139780712913943,2.2027631626774045,19.6,2.5357165028837225,297.0,130.8493536808262
2025-11-01 03:00:00,7299,4.0213804002273195,1.7234487429545655,19.6,2.0847773129998166,318.0,130.8493536808262
2025-11-01 04:00:00,7300,3.46269808675,1.48401346575,19.6,2.7268176521145535,335.0,130.8493536808262
2025-11-01 05:00:00,7301,4.77531167478792,2.04656214633768,19.7,3.2026928494324216,372.0,130.8493536808262
2025-11-01 06:00:00,7302,5.34712747739699,2.291626061741567,19.7,4.465095787172496,428.0,130.8493536808262
2025-11-01 07:00:00,7303,5.2397815481331,2.2456206634856137,19.7,5.969975192753285,482.0,130.8493536808262
2025-11-01 08:00:00,7304,5.415118298552116,2.320764985093764,19.6,7.672000191502618,494.0,130.8493536808262
2025-11-01 09:00:00,7305,5.46956898445988,2.344100993339948,19.6,5.568375261890785,495.0,130.8493536808262
2025-11-01 10:00:00,7306,5.91193747316221,2.53368748849809,19.5,5.193965064605575,495.0,130.8493536808262
2025-11-01 11:00:00,7307,5.177629171964904,2.2189839308421013,19.5,5.544992083925143,494.0,130.8493536808262
2025-11-01 12:00:00,7308,5.826760718673734,2.497183165145886,19.5,4.839340112237814,492.0,130.8493536808262
2025-11-01 13:00:00,7309,5.236466399344449,2.244199885433335,19.5,3.9712690893816442,492.0,130.8493536808262
2025-11-01 14:00:00,7310,5.551409677282775,2.379175575978332,19.5,3.429023229009038,490.0,130.8493536808262
2025-11-01 15:00:00,7311,5.6399494142944135,2.417121177554749,19.5,3.3395834372217346,487.0,130.8493536808262
2025-11-01 16:00:00,7312,5.764067869435046,2.4703148011864475,19.5,3.7263028472851674,483.0,130.8493536808262
2025-11-01 17:00:00,7313,5.5873920845103235,2.3945966076472813,19.5,4.052764039119882,485.0,130.8493536808262
2025-11-01 18:00:00,7314,5.571508317575882,2.387789278961092,19.5,3.07943017444399,486.0,130.8493536808262
2025-11-01 19:00:00,7315,5.091912333437328,2.1822481429017118,19.5,2.910338082319805,486.0,130.8493536808262
2025-11-01 20:00:00,7316,5.610855251150247,2.404652250492963,19.5,2.1396013653357566,485.0,130.8493536808262
2025-11-01 21:00:00,7317,5.652395203020202,2.422455087008658,19.4,1.5176750112019646,478.0,130.8493536808262
2025-11-01 22:00:00,7318,5.640643150852727,2.417418493222597,19.4,2.854329159335213,430.0,130.8493536808262
2025-11-01 23:00:00,7319,5.371717362453338,2.3021645839085734,19.4,2.323702896463039,364.0,130.8493536808262
2025-11-02 00:00:00,7320,5.423487542877526,2.324351804090368,19.4,1.1413390557565337,309.0,130.8493536808262
2025-11-02 01:00:00,7321,5.483338614930757,2.3500022635417532,19.4,0.6820857969489658,270.0,130.8493536808262
2025-11-02 02:00:00,7322,5.335467410668474,2.2866288902864884,19.5,1.4596109648517597,287.0,130.8493536808262
2025-11-02 03:00:00,7323,5.497883801896096,2.3562359150983263,19.5,4.553293833898271,318.0,130.8493536808262
2025-11-02 04:00:00,7324,5.500321434419018,2.3572806147510073,19.5,10.44010005435731,352.0,130.8493536808262
2025-11-02 05:00:00,7325,5.431701213792612,2.327871948768262,19.5,14.956051578250962,404.0,130.8493536808262
2025-11-02 06:00:00,7326,5.451743314322226,2.3364614204238108,19.5,15.0,448.0,130.8493536808262
2025-11-02 07:00:00,7327,5.354853684813184,2.294937293491364,19.5,15.0,488.0,130.8493536808262
2025-11-02 08:00:00,7328,4.868376615070785,2.0864471207446216,19.5,15.0,496.0,130.8493536808262
2025-11-02 09:00:00,7329,4.644341390400305,1.9904320244572735,19.5,15.0,496.0,130.8493536808262
2025-11-02 10:00:00,7330,4.899700360106998,2.0998715829029986,19.5,15.0,496.0,130.8493536808262
2025-11-02 11:00:00,7331,4.928772313746089,2.1123309916054667,19.5,15.0,495.0,130.8493536808262
2025-11-02 12:00:00,7332,4.3472017413727855,1.8630864605883364,19.5,15.0,494.0,130.8493536808262
2025-11-02 13:00:00,7333,4.884342172792264,2.093289502625256,19.5,15.0,493.0,130.8493536808262
2025-11-02 14:00:00,7334,4.408005051309684,1.8891450219898642,19.5,15.0,492.0,130.8493536808262
2025-11-02 15:00:00,7335,4.860142548230173,2.0829182349557884,19.5,15.0,490.0,130.8493536808262
2025-11-02 16:00:00,7336,4.924386715608843,2.1104514495466464,19.5,15.0,490.0,130.8493536808262
2025-11-02 17:00:00,7337,4.893666805500775,2.097285773786046,19.4,15.0,490.0,130.8493536808262
2025-11-02 18:00:00,7338,4.987600779461028,2.1375431911975835,19.4,15.0,491.0,130.8493536808262
2025-11-02 19:00:00,7339,5.490147935544639,2.3529205438048453,19.4,15.0,493.0,130.8493536808262
2025-11-02 20:00:00,7340,5.833866818806619,2.5002286366314084,19.4,12.942674881686735,494.0,130.8493536808262
2025-11-02 21:00:00,7341,5.035688557551953,2.158152238950837,19.4,8.22739769837513,486.0,130.8493536808262
2025-11-02 22:00:00,7342,4.782563905085605,2.0496702450366877,19.4,3.1603902967677797,430.0,130.8493536808262
2025-11-02 23:00:00,7343,5.461208596462511,2.3405179699125043,19.4,3.368957587583937,368.0,130.8493536808262
2025-11-03 00:00:00,7344,5.543350688987585,2.375721723851822,19.4,4.1053210470482036,319.0,130.8493536808262
2025-11-03 01:00:00,7345,5.395357458465718,2.3122960536281645,19.4,3.6714732242656414,274.0,130.8493536808262
2025-11-03 02:00:00,7346,5.019121454701773,2.151052052015045,19.4,3.661219948578229,250.0,130.8493536808262
2025-11-03 03:00:00,7347,4.716161344500591,2.0212120047859674,19.4,5.748993099233794,234.0,130.8493536808262
2025-11-03 04:00:00,7348,4.426917493166989,1.8972503542144237,19.4,4.0119340631141265,265.0,130.8493536808262
2025-11-03 05:00:00,7349,4.633961889255756,1.9859836668238953,19.4,4.690848626074148,327.0,130.8493536808262
2025-11-03 06:00:00,7350,4.285258605571662,1.836539402387855,19.4,6.855149844344972,419.0,130.8493536808262
2025-11-03 07:00:00,7351,4.209607318419446,1.8041174221797625,19.4,10.372488220896825,485.0,130.8493536808262
2025-11-03 08:00:00,7352,3.62331327685383,1.5528485472230702,19.4,14.348705611320348,497.0,130.8493536808262
2025-11-03 09:00:00,7353,4.001597702179503,1.7149704437912157,19.4,14.541887662274625,496.0,130.8493536808262
2025-11-03 10:00:00,7354,3.997761189701135,1.7133262241576293,19.3,11.779313510514386,497.0,130.8493536808262
2025-11-03 11:00:00,7355,4.172731267473372,1.7883134003457306,19.3,10.24932820799477,496.0,130.8493536808262
2025-11-03 12:00:00,7356,4.8322258865508285,2.070953951378926,19.2,8.907169803438268,497.0,130.8493536808262
2025-11-03 13:00:00,7357,4.9070097434881035,2.1030041757806157,19.2,9.03048885758739,496.0,130.8493536808262
2025-11-03 14:00:00,7358,4.800054206089763,2.0571660883241845,19.2,9.02926691153896,496.0,130.8493536808262
2025-11-03 15:00:00,7359,4.942632116410357,2.11827090703301,19.1,9.254679869753367,495.0,130.8493536808262
2025-11-03 16:00:00,7360,4.9170341965043995,2.107300369930457,19.1,8.70219733397953,495.0,130.8493536808262
2025-11-03 17:00:00,7361,5.05165193292639,2.1649936855398813,19.1,8.132909830646714,496.0,130.8493536808262
2025-11-03 18:00:00,7362,5.035642618730797,2.1581325508846274,19.1,9.207424324004888,498.0,130.8493536808262
2025-11-03 19:00:00,7363,4.965631845972068,2.128127933988029,19.1,8.915904834137699,499.0,130.8493536808262
2025-11-03 20:00:00,7364,4.76027550045462,2.0401180716234086,19.0,8.577827518937388,500.0,130.8493536808262
2025-11-03 21:00:00,7365,4.903631994482852,2.1015565690640794,19.0,7.97686123033415,493.0,130.8493536808262
2025-11-03 22:00:00,7366,4.797700645111134,2.056157419333343,19.0,4.533367689708399,429.0,130.8493536808262
2025-11-03 23:00:00,7367,5.014889388143811,2.1492383092044904,19.0,3.1563915566457883,350.0,130.8493536808262
2025-11-04 00:00:00,7368,5.366388936885204,2.2998809729508016,19.0,2.5036963581771574,298.0,130.8493536808262
2025-11-04 01:00:00,7369,4.908513527389607,2.103648654595546,19.0,3.1011743100585645,256.0,130.8493536808262
2025-11-04 02:00:00,7370,4.742526396211293,2.0325113126619825,19.0,3.075446790689704,243.0,130.8493536808262
2025-11-04 03:00:00,7371,4.314011802154506,1.8488622009233595,19.0,2.601646631467979,242.0,130.8493536808262
2025-11-04 04:00:00,7372,3.807378732273467,1.6317337424029144,19.1,2.0527815419118873,302.0,130.8493536808262
2025-11-04 05:00:00,7373,4.03919124437237,1.7310819618738729,19.1,1.4133866066002378,367.0,130.8493536808262
2025-11-04 06:00:00,7374,3.982917738005386,1.7069647448594514,19.1,1.1310990008421964,441.0,130.8493536808262
2025-11-04 07:00:00,7375,4.135965207226659,1.7725565173828537,19.1,1.1868800052977275,494.0,130.8493536808262
2025-11-04 08:00:00,7376,4.440979152090309,1.9032767794672751,19.1,1.1189823939315984,501.0,130.8493536808262
2025-11-04 09:00:00,7377,4.149260892900429,1.7782546683858982,19.1,1.0111002315204858,500.0,130.8493536808262
2025-11-04 10:00:00,7378,3.807762886461088,1.6318983799118947,19.0,0.2611637531265452,500.0,130.8493536808262
2025-11-04 11:00:00,7379,4.668437988826331,2.0007591380684273,19.0,0.13887880483085532,500.0,130.8493536808262
2025-11-04 12:00:00,7380,3.8819124490501737,1.663676763878646,19.0,0.5877429377404348,499.0,130.8493536808262
2025-11-04 13:00:00,7381,4.555091750686611,1.9521821788656903,19.0,1.927804839743506,499.0,130.8493536808262
2025-11-04 14:00:00,7382,4.54127141253961,1.9462591768026898,19.0,2.628855511122119,500.0,130.8493536808262
2025-11-04 15:00:00,7383,5.193940587413111,2.2259745374627613,19.0,2.70064449339685,497.0,130.8493536808262
2025-11-04 16:00:00,7384,4.718299439861031,2.022128331369013,19.0,2.6724422721686203,498.0,130.8493536808262
2025-11-04 17:00:00,7385,4.639932593437261,1.9885425400445405,19.0,2.7386058652240934,498.0,130.8493536808262
2025-11-04 18:00:00,7386,4.360783636445666,1.8689072727624283,19.0,2.5129456071229,500.0,130.8493536808262
2025-11-04 19:00:00,7387,4.433861948940088,1.9002265495457515,19.0,2.3860728652933303,500.0,130.8493536808262
2025-11-04 20:00:00,7388,4.295885608974338,1.8410938324175732,19.0,2.583231400991294,501.0,130.8493536808262
2025-11-04 21:00:00,7389,4.830760525852206,2.070325939650945,19.0,3.205991107231095,495.0,130.8493536808262
2025-11-04 22:00:00,7390,4.5991032418774545,1.9710442465189089,19.0,1.5876255743630847,446.0,130.8493536808262
2025-11-04 23:00:00,7391,4.533380978103822,1.942877562044495,18.9,1.3874138164285488,392.0,130.8493536808262
2025-11-05 00:00:00,7392,3.3978293375850175,1.4562125732507216,18.9,0.9939048078375169,365.0,130.8493536808262
2025-11-05 01:00:00,7393,3.867593679624729,1.6575401484105983,18.9,1.4783740698505154,346.0,130.8493536808262
2025-11-05 02:00:00,7394,3.6965301742766163,1.5842272175471213,18.9,1.6146686849461003,363.0,130.8493536808262
2025-11-05 03:00:00,7395,3.7349024998443143,1.6006724999332775,18.8,1.8681690516375746,372.0,130.8493536808262
2025-11-05 04:00:00,7396,3.606381388381429,1.545592023592041,18.8,1.5621198629626614,408.0,130.8493536808262
2025-11-05 05:00:00,7397,3.5711214881915456,1.5304806377963767,18.8,1.7186726471407765,448.0,130.8493536808262
2025-11-05 06:00:00,7398,3.387018776328219,1.4515794755692368,18.7,1.0059441188648783,482.0,130.8493536808262
2025-11-05 07:00:00,7399,3.6635415930949806,1.5700892541835632,18.7,1.2912487522945817,499.0,130.8493536808262
2025-11-05 08:00:00,7400,4.087649495795338,1.7518497839122877,18.6,1.3807370096060372,501.0,130.8493536808262
2025-11-05 09:00:00,7401,4.1744335074827665,1.7890429317783285,18.6,1.230807130844462,500.0,130.8493536808262
2025-11-05 10:00:00,7402,4.234823849210721,1.8149245068045945,18.6,0.9671131080807805,499.0,130.8493536808262
2025-11-05 11:00:00,7403,4.336835128532628,1.8586436265139834,18.6,1.464355227253196,499.0,130.8493536808262
2025-11-05 12:00:00,7404,4.157998065501889,1.781999170929381,18.6,1.7162640083891205,499.0,130.8493536808262
2025-11-05 13:00:00,7405,4.887322828671879,2.094566926573662,18.6,1.5882281015335167,499.0,130.8493536808262
2025-11-05 14:00:00,7406,5.139254670595946,2.2025377159696915,18.6,2.172878413582442,499.0,130.8493536808262
2025-11-05 15:00:00,7407,4.598056619077415,1.9705956938903202,18.6,1.2312341827402156,497.0,130.8493536808262
2025-11-05 16:00:00,7408,4.554297481669579,1.9518417778583905,18.6,1.7936501069903148,496.0,130.8493536808262
2025-11-05 17:00:00,7409,4.795957026925711,2.055410154396733,18.6,2.107320868887773,497.0,130.8493536808262
2025-11-05 18:00:00,7410,5.433682084899054,2.3287208935281662,18.6,3.356034967690938,498.0,130.8493536808262
2025-11-05 19:00:00,7411,5.597689724142828,2.3990098817754975,18.6,4.8848966691234965,499.0,130.8493536808262
2025-11-05 20:00:00,7412,5.441176178460224,2.3319326479115245,18.6,4.467896379972087,501.0,130.8493536808262
2025-11-05 21:00:00,7413,5.104487554154407,2.187637523209031,18.6,3.871243894133947,498.0,130.8493536808262
2025-11-05 22:00:00,7414,5.2971052830285155,2.2701879784407923,18.6,3.0572636712005608,472.0,130.8493536808262
2025-11-05 23:00:00,7415,4.948251837385663,2.1206793588795696,18.6,3.286664009308613,435.0,130.8493536808262
2025-11-06 00:00:00,7416,5.281107283778938,2.2633316930481158,18.6,4.8632676146364755,408.0,130.8493536808262
2025-11-06 01:00:00,7417,5.492282852511398,2.3538355082191704,18.6,6.372452282818822,373.0,130.8493536808262
2025-11-06 02:00:00,7418,4.975532814386077,2.1323712061654616,18.6,7.9876669604210395,359.0,130.8493536808262
2025-11-06 03:00:00,7419,4.783440174705984,2.0500457891597073,18.6,8.778519424794835,340.0,130.8493536808262
2025-11-06 04:00:00,7420,4.3427196562741,1.8611655669746139,18.6,9.993460585515013,349.0,130.8493536808262
2025-11-06 05:00:00,7421,5.060932783393376,2.1689711928828754,18.6,11.935402275410882,403.0,130.8493536808262
2025-11-06 06:00:00,7422,4.776507941116743,2.0470748319071754,18.6,11.589813895550337,460.0,130.8493536808262
2025-11-06 07:00:00,7423,4.830275261747101,2.070117969320186,18.6,11.288570608181336,495.0,130.8493536808262
2025-11-06 08:00:00,7424,4.016417116587326,1.7213216213945683,18.6,12.855893401305284,499.0,130.8493536808262
2025-11-06 09:00:00,7425,4.325768724440265,1.8539008819029705,18.6,13.408389672297599,498.0,130.8493536808262
2025-11-06 10:00:00,7426,4.32706392910874,1.8544559696180312,18.6,12.559448938528895,497.0,130.8493536808262
2025-11-06 11:00:00,7427,4.108046724395544,1.7605914533123763,18.6,10.838181621080986,496.0,130.8493536808262
2025-11-06 12:00:00,7428,4.368714119603449,1.8723060512586207,18.6,10.22489586908391,494.0,130.8493536808262
2025-11-06 13:00:00,7429,4.891949717035191,2.0965498787293675,18.6,11.964554313604214,494.0,130.8493536808262
2025-11-06 14:00:00,7430,4.71839068399349,2.0221674359972095,18.5,12.795445927749938,492.0,130.8493536808262
2025-11-06 15:00:00,7431,4.95445550503103,2.1233380735847267,18.5,10.595745162294468,491.0,130.8493536808262
2025-11-06 16:00:00,7432,4.693593444200475,2.011540047514489,18.5,9.182386246908608,490.0,130.8493536808262
2025-11-06 17:00:00,7433,4.714945409554456,2.0206908898090528,18.5,8.417161477245134,490.0,130.8493536808262
2025-11-06 18:00:00,7434,4.9023867368955845,2.101022887240965,18.5,6.179563363861349,492.0,130.8493536808262
2025-11-06 19:00:00,7435,5.082675373026438,2.178289445582759,18.5,3.8704758873035465,492.0,130.8493536808262
2025-11-06 20:00:00,7436,4.630412820499573,1.9844626373569598,18.5,3.2727093864731205,494.0,130.8493536808262
2025-11-06 21:00:00,7437,4.450003578617512,1.9071443908360766,18.5,2.746135645488105,489.0,130.8493536808262
2025-11-06 22:00:00,7438,4.602964221432758,1.9726989520426108,18.5,0.0,432.0,130.8493536808262
2025-11-06 23:00:00,7439,4.886486079997785,2.0942083199990504,18.5,0.0,353.0,130.8493536808262
2025-11-07 00:00:00,7440,4.982711000115036,2.1354475714778722,18.5,0.0,301.0,130.8493536808262
2025-11-07 01:00:00,7441,5.21342231258693,2.2343238482515413,18.5,0.0,270.0,130.8493536808262
2025-11-07 02:00:00,7442,4.6883695864658606,2.0093012513425115,18.5,0.6235059497055174,256.0,130.8493536808262
2025-11-07 03:00:00,7443,4.687450003304189,2.008907144273224,18.5,1.6060749807999533,257.0,130.8493536808262
2025-11-07 04:00:00,7444,4.185396195904257,1.79374122681611,18.6,1.6951309490644921,304.0,130.8493536808262
2025-11-07 05:00:00,7445,4.060729073318372,1.7403124599935877,18.6,1.4480373499352426,365.0,130.8493536808262
2025-11-07 06:00:00,7446,3.8654959730988177,1.6566411313280647,18.6,1.551842746263117,436.0,130.8493536808262
2025-11-07 07:00:00,7447,4.157210623047851,1.781661695591936,18.6,1.7673038289934269,486.0,130.8493536808262
2025-11-07 08:00:00,7448,4.324537968467699,1.8533734150575851,18.6,2.5325740180639453,494.0,130.8493536808262
2025-11-07 09:00:00,7449,4.582917345410566,1.9641074337473852,18.5,3.8171044083389036,494.0,130.8493536808262
2025-11-07 10:00:00,7450,4.761135808178624,2.040486774933696,18.5,10.843750711568164,493.0,130.8493536808262
2025-11-07 11:00:00,7451,4.902849420324021,2.101221180138866,18.5,11.197880886810797,493.0,130.8493536808262
2025-11-07 12:00:00,7452,4.830698091648873,2.0702991821352312,18.5,10.794810888100523,493.0,130.8493536808262
2025-11-07 13:00:00,7453,4.789618932455278,2.0526938281951193,18.5,9.349268334210347,492.0,130.8493536808262
2025-11-07 14:00:00,7454,4.815194649045298,2.0636548495908418,18.5,8.463395755940278,492.0,130.8493536808262
2025-11-07 15:00:00,7455,5.0272253659709705,2.1545251568447017,18.5,7.4171338321175435,493.0,130.8493536808262
2025-11-07 16:00:00,7456,5.080026247284306,2.177154105978988,18.5,6.372452282818822,492.0,130.8493536808262
2025-11-07 17:00:00,7457,5.103359751037287,2.18715417901598,18.4,5.5752130664409,493.0,130.8493536808262
2025-11-07 18:00:00,7458,4.750136316281867,2.0357727069779425,18.4,5.122705435253333,496.0,130.8493536808262
2025-11-07 19:00:00,7459,5.002953144319974,2.144122776137132,18.4,4.561074742419047,497.0,130.8493536808262
2025-11-07 20:00:00,7460,4.615985777703511,1.9782796190157899,18.4,4.760506177926668,497.0,130.8493536808262
2025-11-07 21:00:00,7461,4.7480487719843465,2.034878045136148,18.4,5.2712883080989865,493.0,130.8493536808262
2025-11-07 22:00:00,7462,4.814491604464328,2.063353544770426,18.4,1.6713447951469902,436.0,130.8493536808262
2025-11-07 23:00:00,7463,4.642892719945269,1.98981116569083,18.4,1.2908422408951354,353.0,130.8493536808262
2025-11-08 00:00:00,7464,4.505015400478965,1.9307208859195564,18.4,1.0576686596274099,297.0,130.8493536808262
2025-11-08 01:00:00,7465,4.555083108867173,1.9521784752287883,18.4,0.9810798957632909,259.0,130.8493536808262
2025-11-08 02:00:00,7466,4.317881407911629,1.8505206033906978,18.4,1.0825357147062376,239.0,130.8493536808262
2025-11-08 03:00:00,7467,4.723036043664038,2.024158304427445,18.4,1.043033281121755,246.0,130.8493536808262
2025-11-08 04:00:00,7468,4.602669796926081,1.9725727701111775,18.4,0.8994012921565822,292.0,130.8493536808262
2025-11-08 05:00:00,7469,4.596134910999407,1.9697721047140313,18.4,0.8067456878583613,355.0,130.8493536808262
2025-11-08 06:00:00,7470,4.127550926935639,1.768950397258131,18.4,0.724068224654898,442.0,130.8493536808262
2025-11-08 07:00:00,7471,4.060996653036373,1.7404271370155884,18.4,0.7030049371864162,494.0,130.8493536808262
2025-11-08 08:00:00,7472,4.399229917853176,1.885384250508504,18.4,0.3915361207941696,500.0,130.8493536808262
2025-11-08 09:00:00,7473,3.995580332937588,1.7123915712589663,18.4,0.11841815254406314,499.0,130.8493536808262
2025-11-08 10:00:00,7474,4.21512680059112,1.8064829145390515,18.4,1.3202173192175688,498.0,130.8493536808262
2025-11-08 11:00:00,7475,4.626183167365257,1.9826499288708241,18.4,1.245017148924441,499.0,130.8493536808262
2025-11-08 12:00:00,7476,4.33022836406145,1.8558121560263359,18.4,1.2093580636502728,498.0,130.8493536808262
2025-11-08 13:00:00,7477,5.220361488481133,2.2372977807776286,18.4,1.1006859834524394,498.0,130.8493536808262
2025-11-08 14:00:00,7478,4.722361212675702,2.023869091146729,18.4,0.6914700496807582,498.0,130.8493536808262
2025-11-08 15:00:00,7479,5.08117392744653,2.1776459689056553,18.4,0.11809536792970607,497.0,130.8493536808262
2025-11-08 16:00:00,7480,4.880403835594958,2.0916016438264102,18.3,0.07682350133944339,497.0,130.8493536808262
2025-11-08 17:00:00,7481,5.5773220304223035,2.390280870180987,18.3,0.05307503844320571,496.0,130.8493536808262
2025-11-08 18:00:00,7482,5.331983884479854,2.2851359504913655,18.3,0.0,498.0,130.8493536808262
2025-11-08 19:00:00,7483,5.566999753068865,2.385857037029514,18.3,0.0,499.0,130.8493536808262
2025-11-08 20:00:00,7484,5.899044064240572,2.5281617418173883,18.2,0.0,499.0,130.8493536808262
2025-11-08 21:00:00,7485,5.944902393796177,2.5478153116269326,18.2,0.0,497.0,130.8493536808262
2025-11-08 22:00:00,7486,5.849124964036852,2.5067678417300794,18.2,0.0,491.0,130.8493536808262
2025-11-08 23:00:00,7487,5.823641034513747,2.495846157648748,18.2,0.0,486.0,130.8493536808262
2025-11-09 00:00:00,7488,5.599752150777974,2.3998937789048456,18.2,0.6358009652476547,476.0,130.8493536808262
2025-11-09 01:00:00,7489,5.146645775880626,2.2057053325202682,18.2,1.963807315474712,469.0,130.8493536808262
2025-11-09 02:00:00,7490,4.482319994872766,1.9209942835168996,18.1,0.34046012601244036,448.0,130.8493536808262
2025-11-09 03:00:00,7491,4.3640390900554245,1.8703024671666104,18.1,0.0,438.0,130.8493536808262
2025-11-09 04:00:00,7492,4.250872471979607,1.8218024879912602,18.1,0.0,456.0,130.8493536808262
2025-11-09 05:00:00,7493,4.281948918946288,1.835120965262695,18.1,0.0,472.0,130.8493536808262
2025-11-09 06:00:00,7494,3.9014543820064183,1.6720518780027507,18.1,0.0,488.0,130.8493536808262
2025-11-09 07:00:00,7495,3.643016968460913,1.5612929864832483,18.1,0.0,496.0,130.8493536808262
2025-11-09 08:00:00,7496,3.7650846828606657,1.6136077212259996,18.1,0.0,498.0,130.8493536808262
2025-11-09 09:00:00,7497,4.295992862006539,1.8411397980028021,18.0,0.1149800920833642,498.0,130.8493536808262
2025-11-09 10:00:00,7498,3.769864973199362,1.615656417085441,18.0,0.22906165136983325,497.0,130.8493536808262
2025-11-09 11:00:00,7499,4.418601045239946,1.8936861622456909,18.0,0.6876740393100648,497.0,130.8493536808262
2025-11-09 12:00:00,7500,4.051090234929061,1.7361815292553122,18.0,1.1861738875756325,495.0,130.8493536808262
2025-11-09 13:00:00,7501,4.7157584480674615,2.0210393348860545,18.0,0.46809192661944354,492.0,130.8493536808262
2025-11-09 14:00:00,7502,4.668489275705861,2.0007811181596544,18.0,0.22558921004190677,490.0,130.8493536808262
2025-11-09 15:00:00,7503,4.776858271144952,2.047224973347836,18.0,6.88786681060301,488.0,130.8493536808262
2025-11-09 16:00:00,7504,4.282436434435397,1.8353299004723127,18.0,7.170210254887318,487.0,130.8493536808262
2025-11-09 17:00:00,7505,4.398122503377827,1.8849096443047828,18.0,3.3798356069283555,488.0,130.8493536808262
2025-11-09 18:00:00,7506,4.466243484772848,1.914104350616935,18.0,1.7918207790181906,489.0,130.8493536808262
2025-11-09 19:00:00,7507,4.100464881171035,1.7573420919304439,18.0,0.8974327108888956,490.0,130.8493536808262
2025-11-09 20:00:00,7508,3.9307898513729347,1.684624222016972,18.0,0.23437463021318114,492.0,130.8493536808262
2025-11-09 21:00:00,7509,3.8386575719290654,1.645138959398171,18.0,0.0,491.0,130.8493536808262
2025-11-09 22:00:00,7510,3.7168096608899144,1.5929184260956775,18.0,0.4725722888765072,447.0,130.8493536808262
2025-11-09 23:00:00,7511,3.8386579790559434,1.6451391338811188,18.0,1.669048810601465,382.0,130.8493536808262
2025-11-10 00:00:00,7512,4.081858628227582,1.7493679835261065,18.0,0.5564720919012185,333.0,130.8493536808262
2025-11-10 01:00:00,7513,4.810229165705234,2.061526785302243,18.0,0.0,307.0,130.8493536808262
2025-11-10 02:00:00,7514,3.8157712115392712,1.6353305192311163,18.0,0.0,305.0,130.8493536808262
2025-11-10 03:00:00,7515,4.042520500280039,1.7325087858343022,18.0,0.0,307.0,130.8493536808262
2025-11-10 04:00:00,7516,4.002693698227852,1.7154401563833652,18.0,0.41464029802306945,331.0,130.8493536808262
2025-11-10 05:00:00,7517,3.9322774129329963,1.6852617483998555,18.1,1.9908255631958656,371.0,130.8493536808262
2025-11-10 06:00:00,7518,3.916304835695729,1.6784163581553122,18.1,3.34155275708101,436.0,130.8493536808262
2025-11-10 07:00:00,7519,3.947027318316278,1.691583136421262,18.1,5.339784903214643,486.0,130.8493536808262
2025-11-10 08:00:00,7520,4.3088255115948435,1.8466395049692186,18.1,10.416542732125473,493.0,130.8493536808262
2025-11-10 09:00:00,7521,3.950973401831593,1.6932743150706828,18.1,13.56635469970562,492.0,130.8493536808262
2025-11-10 10:00:00,7522,4.277663957576669,1.8332845532471436,18.1,12.12823202111804,492.0,130.8493536808262
2025-11-10 11:00:00,7523,4.189140625880182,1.7953459825200782,18.1,13.364373013589093,491.0,130.8493536808262
2025-11-10 12:00:00,7524,4.032222990042214,1.728095567160949,18.1,11.98039095228338,492.0,130.8493536808262
2025-11-10 13:00:00,7525,4.698460810612818,2.013626061691207,18.1,11.21562101924664,491.0,130.8493536808262
2025-11-10 14:00:00,7526,4.339152540642019,1.8596368031322934,18.1,9.333743887120802,490.0,130.8493536808262
2025-11-10 15:00:00,7527,4.4376606026798076,1.9018545440056318,18.1,6.640639227891891,487.0,130.8493536808262
2025-11-10 16:00:00,7528,4.260412188276153,1.825890937832637,18.1,5.826119776185342,486.0,130.8493536808262
2025-11-10 17:00:00,7529,4.354917505480987,1.8663932166347088,18.0,5.745065554827504,486.0,130.8493536808262
2025-11-10 18:00:00,7530,4.257860426594219,1.8247973256832366,18.0,4.9767680095617886,488.0,130.8493536808262
2025-11-10 19:00:00,7531,4.0577610109157245,1.739040433249596,18.0,3.8509551942833036,491.0,130.8493536808262
2025-11-10 20:00:00,7532,4.276921909995351,1.83296653285515,18.0,2.903801877162044,492.0,130.8493536808262
2025-11-10 21:00:00,7533,4.051261576882918,1.7362549615212501,18.0,2.607758872540381,491.0,130.8493536808262
2025-11-10 22:00:00,7534,4.008077005378208,1.7177472880192322,18.0,4.727807066022196,450.0,130.8493536808262
2025-11-10 23:00:00,7535,3.9529123482809885,1.6941052921204236,18.0,3.7519316500656674,402.0,130.8493536808262
2025-11-11 00:00:00,7536,4.423089145640983,1.8956096338461355,18.0,4.715266743507053,376.0,130.8493536808262
2025-11-11 01:00:00,7537,4.2269896082578935,1.8115669749676684,18.0,3.4176800794075404,357.0,130.8493536808262
2025-11-11 02:00:00,7538,3.864957338681389,1.6564102880063096,18.0,2.0957300031797823,354.0,130.8493536808262
2025-11-11 03:00:00,7539,3.444504307961113,1.4762161319833338,18.0,1.4624919717972433,360.0,130.8493536808262
2025-11-11 04:00:00,7540,3.4093238833966724,1.4611388071700024,18.0,1.30815952680787,389.0,130.8493536808262
2025-11-11 05:00:00,7541,3.419964580287651,1.4656991058375646,18.0,1.1712227643367195,431.0,130.8493536808262
2025-11-11 06:00:00,7542,3.5232143251836012,1.5099489965072577,18.0,0.9564537534793259,462.0,130.8493536808262
2025-11-11 07:00:00,7543,3.848276277884044,1.6492612619503044,18.0,0.9870070396228302,492.0,130.8493536808262
2025-11-11 08:00:00,7544,3.847361194688471,1.6488690834379163,18.0,0.639310742899002,497.0,130.8493536808262
2025-11-11 09:00:00,7545,3.714712103646345,1.5920194729912907,18.0,0.48237138819681397,496.0,130.8493536808262
2025-11-11 10:00:00,7546,3.7967792628070987,1.6271911126316139,18.0,1.0353318906357383,496.0,130.8493536808262
2025-11-11 11:00:00,7547,3.6574873104701364,1.5674945616300586,18.0,2.0724515012448084,495.0,130.8493536808262
2025-11-11 12:00:00,7548,3.7933756869348283,1.6257324372577837,18.0,6.530126613329004,494.0,130.8493536808262
2025-11-11 13:00:00,7549,4.0747440662505205,1.746318885535937,18.0,10.107571764721582,495.0,130.8493536808262
2025-11-11 14:00:00,7550,3.834552086716525,1.6433794657356533,18.0,9.209791379765765,494.0,130.8493536808262
2025-11-11 15:00:00,7551,4.0834001153821236,1.7500286208780527,18.0,8.405099248976976,493.0,130.8493536808262
2025-11-11 16:00:00,7552,3.7675948140465723,1.614683491734245,18.0,7.514867770956355,493.0,130.8493536808262
2025-11-11 17:00:00,7553,3.7993868192590927,1.6283086368253255,17.9,6.316351725354506,494.0,130.8493536808262
2025-11-11 18:00:00,7554,4.1014774953188775,1.757776069422376,17.9,5.486487540310019,496.0,130.8493536808262
2025-11-11 19:00:00,7555,3.822468301275094,1.6382007005464687,17.9,5.168044296002416,496.0,130.8493536808262
2025-11-11 20:00:00,7556,3.5223655109268717,1.5095852189686592,17.9,5.6643816821015935,497.0,130.8493536808262
2025-11-11 21:00:00,7557,3.9126371385733165,1.6768444879599926,17.9,6.032521259957532,495.0,130.8493536808262
2025-11-11 22:00:00,7558,3.6215667822634994,1.5521000495414996,17.9,2.0066413146341646,445.0,130.8493536808262
2025-11-11 23:00:00,7559,3.7271372325464656,1.5973445282341994,17.9,1.8203101540661433,375.0,130.8493536808262
2025-11-12 00:00:00,7560,4.035564890721226,1.7295278103090965,17.9,1.8597653186526137,327.0,130.8493536808262
2025-11-12 01:00:00,7561,3.9517454375867636,1.6936051875371843,17.9,0.8357409999477877,299.0,130.8493536808262
2025-11-12 02:00:00,7562,4.166073210692033,1.7854599474394426,17.9,0.7646857360463271,295.0,130.8493536808262
2025-11-12 03:00:00,7563,4.638579508585956,1.9879626465368379,18.0,0.8779080050355965,292.0,130.8493536808262
2025-11-12 04:00:00,7564,4.125954406817423,1.7682661743503243,18.0,0.9323672925677958,332.0,130.8493536808262
2025-11-12 05:00:00,7565,4.049668153185297,1.7355720656508415,18.1,0.6345063072149606,385.0,130.8493536808262
2025-11-12 06:00:00,7566,4.26231464448841,1.8267062762093185,18.1,0.40704116089658293,451.0,130.8493536808262
2025-11-12 07:00:00,7567,3.9592184532755637,1.6968079085466699,18.1,0.27139283713865336,498.0,130.8493536808262
2025-11-12 08:00:00,7568,4.021053921345526,1.723308823433797,18.1,0.27479123279576323,503.0,130.8493536808262
2025-11-12 09:00:00,7569,3.7536627814970407,1.6087126206415887,18.0,0.31188942027777755,502.0,130.8493536808262
2025-11-12 10:00:00,7570,3.649637158278817,1.5641302106909214,18.0,0.0,501.0,130.8493536808262
2025-11-12 11:00:00,7571,4.179555945489534,1.7912382623526573,18.0,0.0,500.0,130.8493536808262
2025-11-12 12:00:00,7572,4.069770826677841,1.7441874971476463,18.0,0.04275967983609134,499.0,130.8493536808262
2025-11-12 13:00:00,7573,4.3748511061423585,1.8749361883467248,18.0,0.10577806573158496,499.0,130.8493536808262
2025-11-12 14:00:00,7574,4.226785776431673,1.811479618470717,18.0,0.2845575157533254,499.0,130.8493536808262
2025-11-12 15:00:00,7575,4.531843230344341,1.942218527290432,18.0,0.3223559352841362,499.0,130.8493536808262
2025-11-12 16:00:00,7576,4.5550691464288935,1.9521724913266687,18.0,0.32958115468858773,499.0,130.8493536808262
2025-11-12 17:00:00,7577,4.620713819983825,1.9803059228502105,17.9,0.7550060246241241,501.0,130.8493536808262
2025-11-12 18:00:00,7578,4.499465005307602,1.9283421451318292,17.9,0.9280150798329114,501.0,130.8493536808262
2025-11-12 19:00:00,7579,4.781075661698658,2.0490324264422823,17.9,0.9419920818938523,500.0,130.8493536808262
2025-11-12 20:00:00,7580,4.852365126705401,2.079585054302315,17.9,0.7573857301385527,500.0,130.8493536808262
2025-11-12 21:00:00,7581,4.477953260626203,1.9191228259826585,17.9,0.34266295533861546,498.0,130.8493536808262
2025-11-12 22:00:00,7582,4.409112767509409,1.8896197575040325,17.9,0.0,481.0,130.8493536808262
2025-11-12 23:00:00,7583,4.98731726240333,2.137421683887142,17.9,0.0,465.0,130.8493536808262
2025-11-13 00:00:00,7584,4.91572089085625,2.1067375246526785,17.9,0.0,454.0,130.8493536808262
2025-11-13 01:00:00,7585,5.152688744166419,2.208295176071322,17.9,0.0,442.0,130.8493536808262
2025-11-13 02:00:00,7586,4.118284863382057,1.7649792271637386,17.9,0.0,432.0,130.8493536808262
2025-11-13 03:00:00,7587,4.809510761301353,2.06121889770058,17.9,0.11803123566455975,434.0,130.8493536808262
2025-11-13 04:00:00,7588,5.347778838972467,2.291905216702486,17.8,0.20533343660436298,452.0,130.8493536808262
2025-11-13 05:00:00,7589,5.306445300193529,2.2741908429400834,17.8,0.1349864218302007,466.0,130.8493536808262
2025-11-13 06:00:00,7590,4.8599383150126325,2.082830706433985,17.8,0.01270746720657297,486.0,130.8493536808262
2025-11-13 07:00:00,7591,5.149938591477843,2.20711653920479,17.8,0.3113948358892107,496.0,130.8493536808262
2025-11-13 08:00:00,7592,5.3769163181372,2.304392707773086,17.8,1.1894085405398516,497.0,130.8493536808262
2025-11-13 09:00:00,7593,5.322415790788704,2.2810353389094447,17.8,1.9066002565303408,498.0,130.8493536808262
2025-11-13 10:00:00,7594,5.639272577480329,2.4168311046344266,17.8,1.966224441399191,497.0,130.8493536808262
2025-11-13 11:00:00,7595,5.1060961267600184,2.1883269114685793,17.7,1.3799119198453067,497.0,130.8493536808262
2025-11-13 12:00:00,7596,5.598063476675682,2.3991700614324354,17.7,0.6121849068522366,496.0,130.8493536808262
2025-11-13 13:00:00,7597,5.7421968305252005,2.460941498796514,17.7,1.7004823843685573,496.0,130.8493536808262
2025-11-13 14:00:00,7598,5.563562411356422,2.3843838905813235,17.7,1.3056546553690642,495.0,130.8493536808262
2025-11-13 15:00:00,7599,5.074564315467166,2.1748132780573566,17.6,0.6549358591250877,494.0,130.8493536808262
2025-11-13 16:00:00,7600,4.951137584155217,2.1219161074950925,17.6,0.9880191750448231,493.0,130.8493536808262
2025-11-13 17:00:00,7601,4.647731235968331,1.9918848154149988,17.6,1.346987344743279,493.0,130.8493536808262
2025-11-13 18:00:00,7602,4.7150449974542346,2.020733570337529,17.6,1.6934821432937077,494.0,130.8493536808262
2025-11-13 19:00:00,7603,4.736201960660619,2.0298008402831225,17.6,1.7029865714421473,495.0,130.8493536808262
2025-11-13 20:00:00,7604,5.118931615635146,2.1938278352722054,17.6,2.085954459563885,495.0,130.8493536808262
2025-11-13 21:00:00,7605,5.3849164899254465,2.3078213528251914,17.6,3.067793507822924,494.0,130.8493536808262
2025-11-13 22:00:00,7606,5.017045613329122,2.150162405712481,17.6,3.4721329069639437,448.0,130.8493536808262
2025-11-13 23:00:00,7607,4.785311175643736,2.0508476467044585,17.6,1.989937709231398,378.0,130.8493536808262
2025-11-14 00:00:00,7608,4.42082893191683,1.8946409708214986,17.6,1.1034072092688372,326.0,130.8493536808262
2025-11-14 01:00:00,7609,4.893071181445906,2.0970305063339594,17.6,1.6387259486055454,293.0,130.8493536808262
2025-11-14 02:00:00,7610,4.739474482778439,2.0312033497621877,17.6,2.1084077897898776,274.0,130.8493536808262
2025-11-14 03:00:00,7611,4.220356599961872,1.8087242571265163,17.7,2.28982537385797,270.0,130.8493536808262
2025-11-14 04:00:00,7612,3.9008844850436155,1.6718076364472638,17.7,2.3692639210481934,322.0,130.8493536808262
2025-11-14 05:00:00,7613,4.14647386357105,1.7770602272447356,17.8,2.2442286246407273,381.0,130.8493536808262
2025-11-14 06:00:00,7614,4.249708170841522,1.8213035017892238,17.8,2.4725753776645316,447.0,130.8493536808262
2025-11-14 07:00:00,7615,4.069747860152351,1.7441776543510072,17.8,2.904692244817539,494.0,130.8493536808262
2025-11-14 08:00:00,7616,5.172445891550819,2.2167625249503504,17.7,3.512479076611551,499.0,130.8493536808262
2025-11-14 09:00:00,7617,4.8301155218341805,2.070049509357506,17.7,3.200460669838626,499.0,130.8493536808262
2025-11-14 10:00:00,7618,5.435181488549659,2.329363495092711,17.6,1.4886377967282858,500.0,130.8493536808262
2025-11-14 11:00:00,7619,4.867934470994443,2.0862576304261897,17.6,1.6783909722068866,499.0,130.8493536808262
2025-11-14 12:00:00,7620,5.217208650215693,2.235946564378154,17.6,2.6393350587826725,498.0,130.8493536808262
2025-11-14 13:00:00,7621,5.086352086010535,2.1798651797188007,17.6,2.789210775795801,499.0,130.8493536808262
2025-11-14 14:00:00,7622,5.433317273926065,2.3285645459683137,17.5,1.5212265284563913,499.0,130.8493536808262
2025-11-14 15:00:00,7623,5.2867019255093455,2.2657293966468623,17.5,1.129416626958475,500.0,130.8493536808262
2025-11-14 16:00:00,7624,5.004372084307411,2.144730893274604,17.5,1.3965711017131222,499.0,130.8493536808262
2025-11-14 17:00:00,7625,5.035729916867258,2.1581699643716816,17.5,2.1165308930767313,500.0,130.8493536808262
2025-11-14 18:00:00,7626,4.782008350485858,2.0494321502082244,17.5,3.3403289715932782,501.0,130.8493536808262
2025-11-14 19:00:00,7627,4.545643792210147,1.9481330538043489,17.5,4.437802633379147,500.0,130.8493536808262
2025-11-14 20:00:00,7628,5.164167051587031,2.2132144506801557,17.5,4.86670620563624,500.0,130.8493536808262
2025-11-14 21:00:00,7629,4.9693183396633795,2.1297078598557344,17.5,4.585808902200169,498.0,130.8493536808262
2025-11-14 22:00:00,7630,4.898401630736037,2.0993149846011585,17.6,1.587584690299977,455.0,130.8493536808262
2025-11-14 23:00:00,7631,5.056402872351811,2.1670298024364905,17.6,1.9666161106048061,365.0,130.8493536808262
2025-11-15 00:00:00,7632,5.12252867730748,2.195369433131777,17.6,2.2801830075926524,295.0,130.8493536808262
2025-11-15 01:00:00,7633,5.170303991899788,2.215844567957052,17.6,2.9043041602112476,238.0,130.8493536808262
2025-11-15 02:00:00,7634,5.911521206925451,2.5335090886823357,17.6,2.5630478105496306,219.0,130.8493536808262
2025-11-15 03:00:00,7635,5.065989862681148,2.1711385125776346,17.6,2.265334928254951,225.0,130.8493536808262
2025-11-15 04:00:00,7636,4.912281555213528,2.1052635236629405,17.6,1.4282110236603482,261.0,130.8493536808262
2025-11-15 05:00:00,7637,4.680753680069209,2.0060372914582323,17.6,1.0952818117811594,334.0,130.8493536808262
2025-11-15 06:00:00,7638,4.170475050544779,1.7873464502334766,17.6,0.7834011347052902,430.0,130.8493536808262
2025-11-15 07:00:00,7639,4.444260031186788,1.9046828705086232,17.6,0.8161566516760754,492.0,130.8493536808262
2025-11-15 08:00:00,7640,4.606329129041758,1.9741410553036107,17.6,1.314119535093359,498.0,130.8493536808262
2025-11-15 09:00:00,7641,4.449006351156179,1.906717007638362,17.6,1.8975348491296562,498.0,130.8493536808262
2025-11-15 10:00:00,7642,4.217600842076506,1.8075432180327882,17.6,2.2172828994969254,498.0,130.8493536808262
2025-11-15 11:00:00,7643,4.402943095849165,1.8869756125067847,17.5,2.1873004621008647,499.0,130.8493536808262
2025-11-15 12:00:00,7644,4.420339917770548,1.8944313933302346,17.5,1.7930073386110905,498.0,130.8493536808262
2025-11-15 13:00:00,7645,4.970947522387014,2.1304060810230063,17.5,1.7029865714421473,498.0,130.8493536808262
2025-11-15 14:00:00,7646,4.942567434244895,2.1182431861049547,17.5,1.8304472880798162,499.0,130.8493536808262
2025-11-15 15:00:00,7647,5.033312040390481,2.1571337315959203,17.5,1.5577530525896293,498.0,130.8493536808262
2025-11-15 16:00:00,7648,5.055713530620039,2.166734370265731,17.5,1.0808019526864623,498.0,130.8493536808262
2025-11-15 17:00:00,7649,5.3906611112298,2.3102833333842,17.5,0.9651646680533938,500.0,130.8493536808262
2025-11-15 18:00:00,7650,5.151206848015962,2.2076600777211266,17.5,0.9167139456622216,502.0,130.8493536808262
2025-11-15 19:00:00,7651,4.899969708774691,2.099987018046296,17.5,0.8346871220466754,502.0,130.8493536808262
2025-11-15 20:00:00,7652,5.023914931302121,2.1531063991294803,17.5,0.8714296917437645,502.0,130.8493536808262
2025-11-15 21:00:00,7653,4.762137858894354,2.040916225240437,17.5,1.0996234869035737,500.0,130.8493536808262
2025-11-15 22:00:00,7654,4.738101756847458,2.0306150386489104,17.5,0.8111325673816747,448.0,130.8493536808262
2025-11-15 23:00:00,7655,4.740425738707472,2.0316110308746307,17.5,0.7890383103844962,360.0,130.8493536808262
2025-11-16 00:00:00,7656,5.004803845270397,2.144915933687313,17.5,0.5199324311568803,275.0,130.8493536808262
2025-11-16 01:00:00,7657,5.382549179832208,2.30680679135666,17.5,0.5379290316564515,218.0,130.8493536808262
2025-11-16 02:00:00,7658,4.981549456688839,2.1349497671523596,17.5,0.5552718026687434,208.0,130.8493536808262
2025-11-16 03:00:00,7659,4.347488722136202,1.8632094523440865,17.5,0.5946517370563518,223.0,130.8493536808262
2025-11-16 04:00:00,7660,4.20643227597017,1.802756689701501,17.5,0.7080923945552609,269.0,130.8493536808262
2025-11-16 05:00:00,7661,4.59359437948658,1.9686833054942485,17.5,0.6867818119364972,351.0,130.8493536808262
2025-11-16 06:00:00,7662,4.134466017481245,1.7719140074919617,17.5,0.5627888740289723,439.0,130.8493536808262
2025-11-16 07:00:00,7663,3.9248980019999373,1.6820991437142587,17.5,0.520170871256874,495.0,130.8493536808262
2025-11-16 08:00:00,7664,4.192793344088404,1.7969114331807445,17.5,0.6876740393100648,500.0,130.8493536808262
2025-11-16 09:00:00,7665,4.336449613792355,1.8584784059110089,17.5,0.8159335492726497,499.0,130.8493536808262
2025-11-16 10:00:00,7666,3.973446556157466,1.702905666924628,17.5,1.1313819541419532,499.0,130.8493536808262
2025-11-16 11:00:00,7667,4.3439130349793835,1.8616770149911641,17.5,1.3533636490254726,499.0,130.8493536808262
2025-11-16 12:00:00,7668,4.515161630303719,1.9350692701301655,17.5,1.39135767103006,497.0,130.8493536808262
2025-11-16 13:00:00,7669,4.666759726676055,2.000039882861166,17.5,1.1242386256396364,496.0,130.8493536808262
2025-11-16 14:00:00,7670,4.853367291391934,2.080014553453686,17.5,0.7765403107364913,496.0,130.8493536808262
2025-11-16 15:00:00,7671,4.928817557246874,2.1123503816772313,17.4,0.6707772042695406,493.0,130.8493536808262
2025-11-16 16:00:00,7672,4.719558966036352,2.0226681283012935,17.4,0.5737931817542687,492.0,130.8493536808262
2025-11-16 17:00:00,7673,4.901108408805819,2.1004750323453507,17.4,0.38515787147228403,493.0,130.8493536808262
2025-11-16 18:00:00,7674,4.82883245210069,2.0694996223288666,17.4,0.043045542312203866,493.0,130.8493536808262
2025-11-16 19:00:00,7675,4.805758012466345,2.059610576771291,17.4,0.0,494.0,130.8493536808262
2025-11-16 20:00:00,7676,4.916200940448136,2.1069432601920584,17.4,0.0,493.0,130.8493536808262
2025-11-16 21:00:00,7677,4.710475690341379,2.018775295860591,17.4,0.48229869268462666,493.0,130.8493536808262
2025-11-16 22:00:00,7678,4.508474093191356,1.932203182796295,17.4,2.4062401017533253,451.0,130.8493536808262
2025-11-16 23:00:00,7679,4.442250471793319,1.9038216307685647,17.4,4.677816240872654,374.0,130.8493536808262
2025-11-17 00:00:00,7680,4.796983261692482,2.0558499692967778,17.4,4.4254288229682075,313.0,130.8493536808262
2025-11-17 01:00:00,7681,4.295385035434032,1.8408793009002995,17.5,6.323976190936159,277.0,130.8493536808262
2025-11-17 02:00:00,7682,4.034969572313121,1.7292726738484803,17.5,9.086949708019851,266.0,130.8493536808262
2025-11-17 03:00:00,7683,3.9812710791248636,1.7062590339106558,17.5,13.321508844918213,267.0,130.8493536808262
2025-11-17 04:00:00,7684,3.759647359664347,1.6112774398561487,17.6,15.0,312.0,130.8493536808262
2025-11-17 05:00:00,7685,3.6135034639766204,1.548644341704266,17.6,15.0,374.0,130.8493536808262
2025-11-17 06:00:00,7686,3.5731059221067065,1.531331109474303,17.6,15.0,443.0,130.8493536808262
2025-11-17 07:00:00,7687,3.7809509200995874,1.6204075371855373,17.6,15.0,491.0,130.8493536808262
2025-11-17 08:00:00,7688,3.650149989750214,1.5643499956072346,17.6,15.0,496.0,130.8493536808262
2025-11-17 09:00:00,7689,3.8613001548535086,1.6548429235086466,17.6,15.0,494.0,130.8493536808262
2025-11-17 10:00:00,7690,3.499158574704354,1.499639389159009,17.6,15.0,495.0,130.8493536808262
2025-11-17 11:00:00,7691,3.709051639597604,1.5895935598275444,17.5,15.0,494.0,130.8493536808262
2025-11-17 12:00:00,7692,3.8892928760780743,1.6668398040334604,17.5,15.0,492.0,130.8493536808262
2025-11-17 13:00:00,7693,4.101205469190553,1.7576594867959514,17.5,13.885629413513293,491.0,130.8493536808262
2025-11-17 14:00:00,7694,3.6788908814797914,1.5766675206341965,17.5,4.65772593164911,491.0,130.8493536808262
2025-11-17 15:00:00,7695,3.721541742490509,1.594946461067361,17.5,0.8543768790409122,489.0,130.8493536808262
2025-11-17 16:00:00,7696,3.69264750951739,1.5825632183645955,17.5,1.6572491793449444,489.0,130.8493536808262
2025-11-17 17:00:00,7697,3.8960493968550862,1.6697354557950368,17.5,2.8680416321599456,490.0,130.8493536808262
2025-11-17 18:00:00,7698,3.981494296798215,1.7063546986278064,17.5,3.6200607564210614,492.0,130.8493536808262
2025-11-17 19:00:00,7699,4.042566483391363,1.7325284928820128,17.5,5.689307740989887,494.0,130.8493536808262
2025-11-17 20:00:00,7700,3.7328936979290814,1.5998115848267493,17.4,9.34790390039922,494.0,130.8493536808262
2025-11-17 21:00:00,7701,3.659104567955887,1.5681876719810945,17.4,12.770491204343692,495.0,130.8493536808262
2025-11-17 22:00:00,7702,3.667041726516264,1.571589311364113,17.4,5.540315527135316,473.0,130.8493536808262
2025-11-17 23:00:00,7703,3.650311821904662,1.5644193522448553,17.4,7.658814092556961,448.0,130.8493536808262
2025-11-18 00:00:00,7704,4.251042263165502,1.8218752556423576,17.4,9.201291296453324,427.0,130.8493536808262
2025-11-18 01:00:00,7705,3.8860439638431616,1.6654474130756407,17.4,4.879124710082009,406.0,130.8493536808262
2025-11-18 02:00:00,7706,3.3580267584819943,1.439154325063712,17.4,1.9753894218146568,390.0,130.8493536808262
2025-11-18 03:00:00,7707,3.250588544876316,1.3931093763755638,17.4,0.8033723446936899,391.0,130.8493536808262
2025-11-18 04:00:00,7708,3.2930060538204087,1.4112883087801753,17.4,0.4027030525776291,405.0,130.8493536808262
2025-11-18 05:00:00,7709,3.13671792885852,1.3443076837965082,17.4,0.42067201261956005,426.0,130.8493536808262
2025-11-18 06:00:00,7710,3.2688760047848646,1.4009468591935132,17.4,0.42198773036869647,466.0,130.8493536808262
2025-11-18 07:00:00,7711,3.248039698143625,1.3920170134901249,17.4,1.0739952126560308,497.0,130.8493536808262
2025-11-18 08:00:00,7712,3.6626187364789473,1.569693744205263,17.4,4.737436070499346,500.0,130.8493536808262
2025-11-18 09:00:00,7713,3.2496807218349457,1.3927203093578338,17.4,5.602073461530805,499.0,130.8493536808262
2025-11-18 10:00:00,7714,3.5882715755057006,1.5378306752167286,17.3,2.9955191738222062,499.0,130.8493536808262
2025-11-18 11:00:00,7715,3.6594556122852553,1.5683381195508237,17.3,2.3406913662944047,499.0,130.8493536808262
2025-11-18 12:00:00,7716,3.670539281217623,1.5730882633789813,17.3,1.4318139506850895,499.0,130.8493536808262
2025-11-18 13:00:00,7717,3.868802655596783,1.65805828097005,17.3,1.0928446084282766,498.0,130.8493536808262
2025-11-18 14:00:00,7718,3.8518928474666776,1.650811220342862,17.2,1.1378633399401352,498.0,130.8493536808262
2025-11-18 15:00:00,7719,3.8479595093712193,1.6491255040162367,17.2,3.5206474463932196,496.0,130.8493536808262
2025-11-18 16:00:00,7720,3.9548925296042796,1.6949539412589771,17.2,6.031289076531471,497.0,130.8493536808262
2025-11-18 17:00:00,7721,4.009467665209706,1.7183432850898737,17.2,6.396722723356914,497.0,130.8493536808262
2025-11-18 18:00:00,7722,3.9727283272313034,1.7025978545277012,17.2,6.051152580497484,498.0,130.8493536808262
2025-11-18 19:00:00,7723,4.096549954212845,1.7556642660912194,17.2,5.6242502865060455,498.0,130.8493536808262
2025-11-18 20:00:00,7724,3.986363381698075,1.708441449299175,17.1,5.491088852498261,498.0,130.8493536808262
2025-11-18 21:00:00,7725,4.235977713730696,1.815419020170298,17.1,5.412579520012858,498.0,130.8493536808262
2025-11-18 22:00:00,7726,4.1744801833543805,1.7890629357233057,17.1,2.7313554742195025,462.0,130.8493536808262
2025-11-18 23:00:00,7727,4.305112657362766,1.8450482817268994,17.1,2.029072095231833,404.0,130.8493536808262
2025-11-19 00:00:00,7728,4.137244673799456,1.773104860199767,17.1,1.9522357351038913,358.0,130.8493536808262
2025-11-19 01:00:00,7729,4.788050266208021,2.052021542660581,17.0,1.8095399137561448,321.0,130.8493536808262
2025-11-19 02:00:00,7730,4.351685641631997,1.8650081321279983,17.0,1.4182967477234356,306.0,130.8493536808262
2025-11-19 03:00:00,7731,4.25101839136488,1.8218650248706632,17.0,0.8218291781929925,303.0,130.8493536808262
2025-11-19 04:00:00,7732,4.099107238700143,1.7567602451572044,17.0,0.4696299264147221,343.0,130.8493536808262
2025-11-19 05:00:00,7733,4.044490713681217,1.7333531630062355,16.9,0.342446640041105,394.0,130.8493536808262
2025-11-19 06:00:00,7734,3.696667420101496,1.5842860371863554,16.9,0.0871060786925349,455.0,130.8493536808262
2025-11-19 07:00:00,7735,3.984949805004348,1.707835630716149,16.8,0.0,498.0,130.8493536808262
2025-11-19 08:00:00,7736,4.202650817433101,1.8011360646141858,16.8,0.08768883654446878,503.0,130.8493536808262
2025-11-19 09:00:00,7737,3.98369881443105,1.7072994918990212,16.8,0.24180129321982635,502.0,130.8493536808262
2025-11-19 10:00:00,7738,4.540502500541455,1.9459296430891952,16.8,0.2244221600441153,502.0,130.8493536808262
2025-11-19 11:00:00,7739,4.077655495557546,1.7475666409532342,16.8,0.3057876119753523,501.0,130.8493536808262
2025-11-19 12:00:00,7740,4.202115667772512,1.8009067147596478,16.8,0.25331860158989244,501.0,130.8493536808262
2025-11-19 13:00:00,7741,5.185318105979512,2.2222791882769335,16.8,0.20377677627569227,500.0,130.8493536808262
2025-11-19 14:00:00,7742,4.495100362721666,1.926471584023571,16.8,0.3253454136393084,500.0,130.8493536808262
2025-11-19 15:00:00,7743,4.557246415792067,1.9531056067680281,16.7,0.4989549394816129,500.0,130.8493536808262
2025-11-19 16:00:00,7744,4.612030121483765,1.9765843377787562,16.7,0.5845354467964254,500.0,130.8493536808262
2025-11-19 17:00:00,7745,5.041194584589782,2.160511964824192,16.7,0.5023943208688877,500.0,130.8493536808262
2025-11-19 18:00:00,7746,4.904319103653103,2.1018510444227583,16.7,0.7843955970753607,500.0,130.8493536808262
2025-11-19 19:00:00,7747,5.0192671727166775,2.1511145025928617,16.7,1.3179308850700904,501.0,130.8493536808262
2025-11-19 20:00:00,7748,4.644149281573422,1.9903496921028951,16.7,2.0535585520028796,501.0,130.8493536808262
2025-11-19 21:00:00,7749,4.918404762766217,2.1078877554712356,16.6,3.6806560026359643,501.0,130.8493536808262
2025-11-19 22:00:00,7750,5.04167036558791,2.160715870966247,16.6,1.8526862128641206,473.0,130.8493536808262
2025-11-19 23:00:00,7751,5.159430987331312,2.2111847088562766,16.6,2.1987879420375824,430.0,130.8493536808262
2025-11-20 00:00:00,7752,5.5323163277892,2.3709927119096568,16.6,1.540843459940761,384.0,130.8493536808262
2025-11-20 01:00:00,7753,4.884339563004319,2.093288384144708,16.6,0.421426056896023,336.0,130.8493536808262
2025-11-20 02:00:00,7754,4.674025047019373,2.003153591579731,16.6,0.0,308.0,130.8493536808262
2025-11-20 03:00:00,7755,4.392070727877037,1.8823160262330156,16.6,0.0,298.0,130.8493536808262
2025-11-20 04:00:00,7756,4.32653863861995,1.8542308451228358,16.6,0.0,341.0,130.8493536808262
2025-11-20 05:00:00,7757,4.3692648282907145,1.8725420692674488,16.6,0.0,394.0,130.8493536808262
2025-11-20 06:00:00,7758,4.315971089931899,1.8497018956850992,16.6,0.0,454.0,130.8493536808262
2025-11-20 07:00:00,7759,4.259445328586038,1.825476569394016,16.6,0.08586020919517273,497.0,130.8493536808262
2025-11-20 08:00:00,7760,4.209142327045629,1.803918140162412,16.6,0.0,500.0,130.8493536808262
2025-11-20 09:00:00,7761,3.930368971103137,1.6844438447584873,16.6,0.0,500.0,130.8493536808262
2025-11-20 10:00:00,7762,4.114216434300992,1.7632356147004251,16.6,0.0,498.0,130.8493536808262
2025-11-20 11:00:00,7763,4.203957678681586,1.801696148006394,16.6,0.008993727021294428,498.0,130.8493536808262
2025-11-20 12:00:00,7764,4.359900855787281,1.868528938194549,16.6,0.4156876421819304,497.0,130.8493536808262
2025-11-20 13:00:00,7765,4.884557573660399,2.093381817283028,16.6,0.8861006078642882,497.0,130.8493536808262
2025-11-20 14:00:00,7766,5.181216474093231,2.220521346039956,16.6,1.1010797361915377,496.0,130.8493536808262
2025-11-20 15:00:00,7767,4.724159652878031,2.024639851233442,16.6,0.5839180628426519,494.0,130.8493536808262
2025-11-20 16:00:00,7768,5.360944276057017,2.2975475468815785,16.5,0.4008251551431665,494.0,130.8493536808262
2025-11-20 17:00:00,7769,4.800610257922375,2.057404396252446,16.5,0.4204522086721325,494.0,130.8493536808262
2025-11-20 18:00:00,7770,4.493341459516252,1.9257177683641076,16.5,0.39037833447006737,495.0,130.8493536808262
2025-11-20 19:00:00,7771,4.612036024130763,1.9765868674846125,16.5,0.3958417592952271,495.0,130.8493536808262
2025-11-20 20:00:00,7772,4.690612687557988,2.010262580381995,16.5,0.4911275342191783,496.0,130.8493536808262
2025-11-20 21:00:00,7773,4.684789180339969,2.007766791574272,16.5,0.39050753309567,497.0,130.8493536808262
2025-11-20 22:00:00,7774,4.980173991518716,2.1343602820794496,16.5,0.30255965340401214,462.0,130.8493536808262
2025-11-20 23:00:00,7775,5.313135660386202,2.277058140165515,16.5,1.316083103356033,403.0,130.8493536808262
2025-11-21 00:00:00,7776,5.2053753974843655,2.230875170350442,16.5,0.925130557487998,355.0,130.8493536808262
2025-11-21 01:00:00,7777,4.749439819605106,2.035474208402188,16.5,0.7931456767617701,316.0,130.8493536808262
2025-11-21 02:00:00,7778,4.732521007290297,2.028223288838699,16.5,1.8588321965164623,302.0,130.8493536808262
2025-11-21 03:00:00,7779,5.033830028331769,2.1573557264279004,16.6,3.9134196394432155,299.0,130.8493536808262
2025-11-21 04:00:00,7780,4.788962128271316,2.052412340687707,16.6,3.552151850605566,343.0,130.8493536808262
2025-11-21 05:00:00,7781,4.660181932900702,1.997220828386015,16.6,2.0974859782149426,394.0,130.8493536808262
2025-11-21 06:00:00,7782,4.547479189261654,1.9489196525407089,16.6,1.4469701444956296,452.0,130.8493536808262
2025-11-21 07:00:00,7783,4.263120085395865,1.827051465169656,16.6,1.205380967974476,494.0,130.8493536808262
2025-11-21 08:00:00,7784,4.4074937690949865,1.8889259010407082,16.6,0.9310315666669235,498.0,130.8493536808262
2025-11-21 09:00:00,7785,4.368381549400641,1.872163521171703,16.5,0.7054611149299792,498.0,130.8493536808262
2025-11-21 10:00:00,7786,3.5602456098544124,1.5258195470804623,16.5,1.205508300770316,498.0,130.8493536808262
2025-11-21 11:00:00,7787,3.8415241982478516,1.6463675135347937,16.5,0.31677981277135353,497.0,130.8493536808262
2025-11-21 12:00:00,7788,3.9548596011224726,1.694939829052488,16.5,0.41284323842104725,497.0,130.8493536808262
2025-11-21 13:00:00,7789,4.021660928019752,1.7235689691513223,16.5,1.1157199542105039,496.0,130.8493536808262
2025-11-21 14:00:00,7790,4.195353121981135,1.7980084808490582,16.4,3.4626779036767905,495.0,130.8493536808262
2025-11-21 15:00:00,7791,4.313651376798029,1.8487077329134407,16.4,5.179129683812239,494.0,130.8493536808262
2025-11-21 16:00:00,7792,4.545547608261804,1.9480918321122014,16.4,5.5312836613370004,494.0,130.8493536808262
2025-11-21 17:00:00,7793,4.488618748163798,1.9236937492130566,16.4,5.1170844347551085,494.0,130.8493536808262
2025-11-21 18:00:00,7794,4.8886507185453105,2.0951360222337043,16.4,4.459723407289143,495.0,130.8493536808262
2025-11-21 19:00:00,7795,4.541098436447609,1.9461850441918318,16.4,4.4810143170425105,496.0,130.8493536808262
2025-11-21 20:00:00,7796,5.46302500241192,2.341296429605108,16.4,4.1197043837923015,495.0,130.8493536808262
2025-11-21 21:00:00,7797,5.147852736229439,2.2062226012411883,16.4,3.4051514335384105,496.0,130.8493536808262
2025-11-21 22:00:00,7798,5.004975455941324,2.1449894811177104,16.4,1.9610856571308055,453.0,130.8493536808262
2025-11-21 23:00:00,7799,4.621093983338697,1.9804688500022987,16.4,1.3954374926531394,372.0,130.8493536808262
2025-11-22 00:00:00,7800,5.308895160712646,2.2752407831625625,16.4,0.7455871262529419,303.0,130.8493536808262
2025-11-22 01:00:00,7801,5.161151410604221,2.2119220331160947,16.4,0.46267763115221644,256.0,130.8493536808262
2025-11-22 02:00:00,7802,4.434788983054437,1.900623849880473,16.5,0.41578171783238954,240.0,130.8493536808262
2025-11-22 03:00:00,7803,4.037302242104275,1.7302723894732603,16.5,0.1934629170488531,252.0,130.8493536808262
2025-11-22 04:00:00,7804,4.009448376294675,1.7183350184120039,16.5,0.06021579553627694,287.0,130.8493536808262
2025-11-22 05:00:00,7805,4.42455234716655,1.8962367202142354,16.5,0.0,350.0,130.8493536808262
2025-11-22 06:00:00,7806,4.4090077987607685,1.8895747708974722,16.5,0.0,438.0,130.8493536808262
2025-11-22 07:00:00,7807,4.214409543118167,1.8061755184792143,16.5,0.0,494.0,130.8493536808262
2025-11-22 08:00:00,7808,4.114643432029545,1.7634186137269479,16.5,0.017758177986631905,501.0,130.8493536808262
2025-11-22 09:00:00,7809,4.43868527353567,1.902293688658144,16.5,0.13529144107837704,500.0,130.8493536808262
2025-11-22 10:00:00,7810,3.947634642677266,1.6918434182902569,16.4,0.9092517614995559,500.0,130.8493536808262
2025-11-22 11:00:00,7811,5.4504128137450305,2.3358912058907273,16.4,1.353671381623787,500.0,130.8493536808262
2025-11-22 12:00:00,7812,5.279052562529616,2.2624510982269777,16.4,1.3183851059352247,500.0,130.8493536808262
2025-11-22 13:00:00,7813,5.703368910321643,2.444300961566418,16.4,1.922831143273,500.0,130.8493536808262
2025-11-22 14:00:00,7814,5.704751353411698,2.4448934371764417,16.4,1.7481345136123776,499.0,130.8493536808262
2025-11-22 15:00:00,7815,5.6909168518403295,2.4389643650744266,16.4,1.7096688403042977,499.0,130.8493536808262
2025-11-22 16:00:00,7816,5.2331242606480455,2.242767540277734,16.4,1.6109361556345159,499.0,130.8493536808262
2025-11-22 17:00:00,7817,5.011155070375328,2.147637887303712,16.4,1.4604577226299749,499.0,130.8493536808262
2025-11-22 18:00:00,7818,4.605081239312614,1.9736062454196919,16.4,1.1214936356997687,499.0,130.8493536808262
2025-11-22 19:00:00,7819,4.769889907750309,2.044238531892989,16.4,0.585817482252026,500.0,130.8493536808262
2025-11-22 20:00:00,7820,4.67786901397878,2.0048010059909056,16.4,0.4649958899212628,500.0,130.8493536808262
2025-11-22 21:00:00,7821,4.543163109288358,1.9470699039807244,16.4,0.3254088421565566,498.0,130.8493536808262
2025-11-22 22:00:00,7822,4.43940759646934,1.9026032556297168,16.4,0.0,478.0,130.8493536808262
2025-11-22 23:00:00,7823,4.865803996561985,2.085344569955136,16.4,0.0,440.0,130.8493536808262
2025-11-23 00:00:00,7824,5.302831778356514,2.27264219072422,16.4,0.0,394.0,130.8493536808262
2025-11-23 01:00:00,7825,5.213884098393118,2.234521756454193,16.4,0.0,359.0,130.8493536808262
2025-11-23 02:00:00,7826,4.654644220711944,1.9948475231622615,16.4,0.0,356.0,130.8493536808262
2025-11-23 03:00:00,7827,4.710726043603108,2.0188825901156173,16.4,0.0,366.0,130.8493536808262
2025-11-23 04:00:00,7828,4.709739541106687,2.0184598033314374,16.4,0.0,378.0,130.8493536808262
2025-11-23 05:00:00,7829,4.7285880467627255,2.026537734326882,16.4,0.0,408.0,130.8493536808262
2025-11-23 06:00:00,7830,4.139458579361225,1.7740536768690964,16.4,0.0,459.0,130.8493536808262
2025-11-23 07:00:00,7831,4.242564913942157,1.81824210597521,16.4,0.0,498.0,130.8493536808262
2025-11-23 08:00:00,7832,5.202313605795453,2.229562973912337,16.4,0.0,502.0,130.8493536808262
2025-11-23 09:00:00,7833,5.465163252961009,2.3422128226975754,16.4,0.0,502.0,130.8493536808262
2025-11-23 10:00:00,7834,6.056645815728688,2.5957053495980085,16.4,0.0,501.0,130.8493536808262
2025-11-23 11:00:00,7835,5.795523761138307,2.483795897630703,16.3,0.0,501.0,130.8493536808262
2025-11-23 12:00:00,7836,5.7301720742296585,2.4557880318127108,16.3,0.5137745404649504,500.0,130.8493536808262
2025-11-23 13:00:00,7837,4.608335322292489,1.9750008524110667,16.3,1.3344566738200174,499.0,130.8493536808262
2025-11-23 14:00:00,7838,4.839609624366515,2.0741184104427925,16.3,1.4253161219073183,499.0,130.8493536808262
2025-11-23 15:00:00,7839,4.589258776491414,1.9668251899248919,16.2,1.1421561743834294,499.0,130.8493536808262
2025-11-23 16:00:00,7840,4.266347851206825,1.8284347933743534,16.2,1.0311407443911937,499.0,130.8493536808262
2025-11-23 17:00:00,7841,4.573032267552353,1.959870971808151,16.2,1.0927501438925218,499.0,130.8493536808262
2025-11-23 18:00:00,7842,4.803420622567565,2.058608838243242,16.2,1.2793387750846446,499.0,130.8493536808262
2025-11-23 19:00:00,7843,4.79682658629199,2.055782822696567,16.2,0.9292315206143298,500.0,130.8493536808262
2025-11-23 20:00:00,7844,4.865730480765128,2.0853130631850547,16.2,0.7056160162000487,500.0,130.8493536808262
2025-11-23 21:00:00,7845,4.5387125687764325,1.9451625294756136,16.2,0.4030429381577637,499.0,130.8493536808262
2025-11-23 22:00:00,7846,5.197654855365324,2.2275663665851386,16.2,0.13519164258640898,458.0,130.8493536808262
2025-11-23 23:00:00,7847,4.74013035482119,2.03148443778051,16.2,0.0,384.0,130.8493536808262
2025-11-24 00:00:00,7848,5.067298706933374,2.1716994458285885,16.2,0.0,325.0,130.8493536808262
2025-11-24 01:00:00,7849,4.639059083741191,1.9881681787462244,16.2,0.2914827233733675,283.0,130.8493536808262
2025-11-24 02:00:00,7850,4.159524302033912,1.782653272300248,16.2,0.2736087500410911,264.0,130.8493536808262
2025-11-24 03:00:00,7851,3.746864571350775,1.6057991020074749,16.3,0.05034283002229214,269.0,130.8493536808262
2025-11-24 04:00:00,7852,3.5675221887309823,1.5289380808847068,16.3,0.0,317.0,130.8493536808262
2025-11-24 05:00:00,7853,3.4584730447136947,1.4822027334487264,16.4,0.0,377.0,130.8493536808262
2025-11-24 06:00:00,7854,3.836427548838042,1.644183235216304,16.4,0.0,448.0,130.8493536808262
2025-11-24 07:00:00,7855,3.3054491976431124,1.416621084704191,16.4,0.0,497.0,130.8493536808262
2025-11-24 08:00:00,7856,3.5799696821679596,1.5342727209291256,16.3,0.0,502.0,130.8493536808262
2025-11-24 09:00:00,7857,3.9842528872016,1.7075369516578285,16.3,0.0,501.0,130.8493536808262
2025-11-24 10:00:00,7858,4.458273889783013,1.9106888099070052,16.2,0.09660367820589158,501.0,130.8493536808262
2025-11-24 11:00:00,7859,4.7249197524511395,2.024965608193345,16.2,0.23102439822875248,502.0,130.8493536808262
2025-11-24 12:00:00,7860,4.489508734744886,1.9240751720335223,16.2,0.01226146731331525,501.0,130.8493536808262
2025-11-24 13:00:00,7861,4.435448881953122,1.900906663694195,16.2,0.0,501.0,130.8493536808262
2025-11-24 14:00:00,7862,4.649056266614677,1.9924526856920044,16.2,0.0,501.0,130.8493536808262
2025-11-24 15:00:00,7863,4.993797560018347,2.1401989542935773,16.1,0.0,501.0,130.8493536808262
2025-11-24 16:00:00,7864,5.0185804527028886,2.1508201940155236,16.1,0.0,501.0,130.8493536808262
2025-11-24 17:00:00,7865,4.746828295707022,2.034354983874438,16.1,0.0,501.0,130.8493536808262
2025-11-24 18:00:00,7866,4.980972279819431,2.134702405636899,16.1,0.0,502.0,130.8493536808262
2025-11-24 19:00:00,7867,4.768116602828763,2.04347854406947,16.1,0.0,502.0,130.8493536808262
2025-11-24 20:00:00,7868,4.673344400523623,2.0028618859386955,16.1,0.0,503.0,130.8493536808262
2025-11-24 21:00:00,7869,4.966010974192588,2.128290417511109,16.1,0.0,502.0,130.8493536808262
2025-11-24 22:00:00,7870,5.2185013861241885,2.2365005940532234,16.1,0.32907084951439775,487.0,130.8493536808262
2025-11-24 23:00:00,7871,5.162814913856925,2.2126349630815394,16.1,0.20368263088772937,473.0,130.8493536808262
2025-11-25 00:00:00,7872,5.674790496929257,2.4320530701125382,16.1,0.0,470.0,130.8493536808262
2025-11-25 01:00:00,7873,5.095559527129606,2.183811225912688,16.1,0.0,466.0,130.8493536808262
2025-11-25 02:00:00,7874,5.03887056924636,2.15951595824844,16.1,0.0,469.0,130.8493536808262
2025-11-25 03:00:00,7875,4.629110955317868,1.983904695136229,16.1,0.0,469.0,130.8493536808262
2025-11-25 04:00:00,7876,4.5049698098824384,1.9307013470924737,16.1,0.0,477.0,130.8493536808262
2025-11-25 05:00:00,7877,4.462644612728349,1.912561976883578,16.1,0.0,487.0,130.8493536808262
2025-11-25 06:00:00,7878,4.684608383643835,2.007689307275929,16.1,0.0,494.0,130.8493536808262
2025-11-25 07:00:00,7879,4.465828334417095,1.9139264290358977,16.1,0.0,502.0,130.8493536808262
2025-11-25 08:00:00,7880,3.666746112586293,1.5714626196798396,16.1,0.0,503.0,130.8493536808262
2025-11-25 09:00:00,7881,3.5176553474395513,1.5075665774740934,16.1,0.0,502.0,130.8493536808262
2025-11-25 10:00:00,7882,3.769825320764959,1.6156394231849824,16.0,0.0,501.0,130.8493536808262
2025-11-25 11:00:00,7883,3.4889612061005653,1.4952690883288136,16.0,0.0,500.0,130.8493536808262
2025-11-25 12:00:00,7884,3.470972831484384,1.487559784921879,16.0,0.10975686150185732,500.0,130.8493536808262
2025-11-25 13:00:00,7885,3.4549264049543886,1.4806827449804523,16.0,0.6952730758367432,499.0,130.8493536808262
2025-11-25 14:00:00,7886,3.7173175760485186,1.5931361040207934,16.0,0.6881170938986017,498.0,130.8493536808262
2025-11-25 15:00:00,7887,3.60307624730467,1.5441755345591444,16.0,0.781954161105303,499.0,130.8493536808262
2025-11-25 16:00:00,7888,3.738349547010711,1.602149805861733,16.0,1.202491629635497,499.0,130.8493536808262
2025-11-25 17:00:00,7889,3.6692785469544624,1.5725479486947693,16.0,1.19630931501655,498.0,130.8493536808262
2025-11-25 18:00:00,7890,3.840192237173712,1.6457966730744478,16.0,1.0744562116544907,499.0,130.8493536808262
2025-11-25 19:00:00,7891,4.708838296206212,2.018073555516948,16.0,0.9482515299224002,499.0,130.8493536808262
2025-11-25 20:00:00,7892,4.838603267839673,2.0736871147884313,16.0,0.5781927289915554,500.0,130.8493536808262
2025-11-25 21:00:00,7893,4.467962760111771,1.9148411829050445,16.1,0.4951735717310033,499.0,130.8493536808262
2025-11-25 22:00:00,7894,4.500586300310141,1.9288227001329175,16.1,2.0374313677117724,473.0,130.8493536808262
2025-11-25 23:00:00,7895,4.452181975472383,1.9080779894881643,16.1,2.250556966994223,421.0,130.8493536808262
2025-11-26 00:00:00,7896,4.856683119136061,2.0814356224868837,16.0,1.713337075969235,379.0,130.8493536808262
2025-11-26 01:00:00,7897,4.8254513268386985,2.0680505686451562,15.9,1.384596468293123,337.0,130.8493536808262
2025-11-26 02:00:00,7898,4.747771386117781,2.0347591654790484,15.9,1.2148217177910998,311.0,130.8493536808262
2025-11-26 03:00:00,7899,4.414004931010755,1.8917163990046093,15.8,1.8112592630431983,306.0,130.8493536808262
2025-11-26 04:00:00,7900,4.4833601108050365,1.9214400474878728,15.6,2.8269403034805936,341.0,130.8493536808262
2025-11-26 05:00:00,7901,4.587422048287994,1.9660380206948544,15.5,2.903060164834257,394.0,130.8493536808262
2025-11-26 06:00:00,7902,4.4984582682469645,1.927910686391556,15.4,2.949025530067354,456.0,130.8493536808262
2025-11-26 07:00:00,7903,4.243038922719246,1.8184452525939625,15.4,3.6274640415079773,498.0,130.8493536808262
2025-11-26 08:00:00,7904,4.671753350992099,2.0021800075680423,15.4,4.358558286302486,501.0,130.8493536808262
2025-11-26 09:00:00,7905,5.212107813102744,2.2337604913297473,15.4,6.1375894951424055,500.0,130.8493536808262
2025-11-26 10:00:00,7906,5.003179963588367,2.144219984395014,15.4,7.897911673917538,500.0,130.8493536808262
2025-11-26 11:00:00,7907,4.571827733736109,1.959354743029761,15.4,7.393830633074874,501.0,130.8493536808262
2025-11-26 12:00:00,7908,4.7192677058330865,2.022543302499894,15.4,6.8651477874299545,501.0,130.8493536808262
2025-11-26 13:00:00,7909,4.928783009666363,2.1123355755712985,15.4,6.001990539344451,501.0,130.8493536808262
2025-11-26 14:00:00,7910,4.852434179272975,2.079614648259846,15.4,5.345234221447129,501.0,130.8493536808262
2025-11-26 15:00:00,7911,4.949050895439914,2.1210218123313913,15.3,5.364173557432995,501.0,130.8493536808262
2025-11-26 16:00:00,7912,4.808090116204138,2.0606100498017734,15.3,5.102604089003493,500.0,130.8493536808262
2025-11-26 17:00:00,7913,4.833744221102566,2.071604666186814,15.3,4.555069665467492,501.0,130.8493536808262
2025-11-26 18:00:00,7914,5.085432041672077,2.179470875002319,15.3,4.201740164306854,502.0,130.8493536808262
2025-11-26 19:00:00,7915,5.037262848949516,2.158826935264078,15.3,3.3617989180696655,502.0,130.8493536808262
2025-11-26 20:00:00,7916,5.366729840471685,2.300027074487865,15.3,2.675597953327239,503.0,130.8493536808262
2025-11-26 21:00:00,7917,5.398581407775351,2.3136777461894362,15.3,2.1425611669065483,502.0,130.8493536808262
2025-11-26 22:00:00,7918,5.321035082147244,2.280443606634533,15.3,0.8419116135259677,472.0,130.8493536808262
2025-11-26 23:00:00,7919,5.176478247124052,2.2184906773388797,15.3,0.17579424286604434,419.0,130.8493536808262
2025-11-27 00:00:00,7920,5.612356922242428,2.4052958238181836,15.3,0.0,376.0,130.8493536808262
2025-11-27 01:00:00,7921,5.255112895288985,2.2521912408381364,15.3,0.0,336.0,130.8493536808262
2025-11-27 02:00:00,7922,5.499571580800301,2.356959248914414,15.4,0.0,321.0,130.8493536808262
2025-11-27 03:00:00,7923,5.472148310562911,2.345206418812676,15.4,0.0,341.0,130.8493536808262
2025-11-27 04:00:00,7924,6.178780699113316,2.648048871048564,15.4,0.0,399.0,130.8493536808262
2025-11-27 05:00:00,7925,6.122420882987976,2.6238946641377043,15.4,0.0,438.0,130.8493536808262
2025-11-27 06:00:00,7926,6.043766632973316,2.5901856998457067,15.4,0.0,481.0,130.8493536808262
2025-11-27 07:00:00,7927,5.774564323355719,2.474813281438165,15.4,0.3315719299474763,499.0,130.8493536808262
2025-11-27 08:00:00,7928,6.161936529421531,2.6408299411806557,15.4,1.3248475197184324,499.0,130.8493536808262
2025-11-27 09:00:00,7929,6.130052628207061,2.62716541208874,15.3,2.8286969931430668,499.0,130.8493536808262
2025-11-27 10:00:00,7930,5.938928487748576,2.5452550661779614,15.3,2.231042635762908,498.0,130.8493536808262
2025-11-27 11:00:00,7931,4.812652391082313,2.062565310463848,15.2,2.1204539268342,497.0,130.8493536808262
2025-11-27 12:00:00,7932,5.4835380429944625,2.3500877327119123,15.2,1.3546118036972443,496.0,130.8493536808262
2025-11-27 13:00:00,7933,5.384299486271177,2.307556922687647,15.2,1.711134240660552,496.0,130.8493536808262
2025-11-27 14:00:00,7934,5.913501519698574,2.534357794156532,15.2,6.527798616924422,495.0,130.8493536808262
2025-11-27 15:00:00,7935,5.182674698562735,2.221146299384029,15.3,9.093693167102577,493.0,130.8493536808262
2025-11-27 16:00:00,7936,4.8267194141496965,2.068594034635584,15.3,9.797459595697601,493.0,130.8493536808262
2025-11-27 17:00:00,7937,6.0527232404954585,2.5940242459266245,15.4,11.208559608203885,493.0,130.8493536808262
2025-11-27 18:00:00,7938,5.697114892635983,2.441620668272564,15.4,15.0,492.0,130.8493536808262
2025-11-27 19:00:00,7939,4.699842607107199,2.014218260188799,15.4,15.0,493.0,130.8493536808262
2025-11-27 20:00:00,7940,5.805853879444987,2.4882230911907084,15.4,15.0,493.0,130.8493536808262
2025-11-27 21:00:00,7941,5.760423902435198,2.468753101043656,15.3,15.0,494.0,130.8493536808262
2025-11-27 22:00:00,7942,6.1165321531136385,2.621370922762988,15.3,12.59256592654699,466.0,130.8493536808262
2025-11-27 23:00:00,7943,5.65861775526608,2.425121895114034,15.3,12.703239488145007,404.0,130.8493536808262
2025-11-28 00:00:00,7944,6.2594609696782495,2.6826261298621072,15.3,14.709821788998367,349.0,130.8493536808262
2025-11-28 01:00:00,7945,6.002928225635846,2.572683525272505,15.3,11.8562745450536,308.0,130.8493536808262
2025-11-28 02:00:00,7946,5.599903170424522,2.399958501610509,15.4,5.645935226652479,288.0,130.8493536808262
2025-11-28 03:00:00,7947,5.153274738829889,2.2085463166413812,15.4,2.9396993678387204,289.0,130.8493536808262
2025-11-28 04:00:00,7948,4.2363432448875304,1.8155756763803699,15.4,1.3285800400779288,326.0,130.8493536808262
2025-11-28 05:00:00,7949,5.712888462382979,2.448380769592705,15.4,0.43885369891034903,381.0,130.8493536808262
2025-11-28 06:00:00,7950,5.625888175351738,2.411094932293602,15.4,0.24176577129361163,447.0,130.8493536808262
2025-11-28 07:00:00,7951,5.485892886829268,2.351096951498257,15.4,0.3725123507121181,492.0,130.8493536808262
2025-11-28 08:00:00,7952,5.751213393850989,2.4648057402218524,15.4,0.7509341956974395,496.0,130.8493536808262
2025-11-28 09:00:00,7953,5.758228617702287,2.4678122647295515,15.4,1.8498035182878059,496.0,130.8493536808262
2025-11-28 10:00:00,7954,5.7730022286685045,2.4741438122865023,15.3,1.4562830418751693,496.0,130.8493536808262
2025-11-28 11:00:00,7955,5.779341212534951,2.476860519657836,15.3,2.0538830952737333,495.0,130.8493536808262
2025-11-28 12:00:00,7956,5.7745193878368895,2.4747940233586667,15.2,3.9712690893816442,494.0,130.8493536808262
2025-11-28 13:00:00,7957,5.838646434609551,2.5022770434040926,15.2,5.684271599691932,494.0,130.8493536808262
2025-11-28 14:00:00,7958,5.379190934388124,2.305367543309196,15.2,5.964846525249792,493.0,130.8493536808262
2025-11-28 15:00:00,7959,5.40244727770776,2.31533454758904,15.2,6.053544671361837,491.0,130.8493536808262
2025-11-28 16:00:00,7960,5.506213790603571,2.359805910258673,15.2,5.888394346932849,491.0,130.8493536808262
2025-11-28 17:00:00,7961,5.565871167110627,2.3853733573331257,15.2,5.331833978471689,491.0,130.8493536808262
2025-11-28 18:00:00,7962,5.391651598263966,2.310707827827414,15.2,4.316916678250941,492.0,130.8493536808262
2025-11-28 19:00:00,7963,5.013311672848582,2.1485621455065353,15.2,3.4370985116711,492.0,130.8493536808262
2025-11-28 20:00:00,7964,5.522426875899431,2.36675437538547,15.2,2.7727705000505765,493.0,130.8493536808262
2025-11-28 21:00:00,7965,5.29186459720143,2.267941970229184,15.1,2.379041139601376,493.0,130.8493536808262
2025-11-28 22:00:00,7966,5.451826106539455,2.3364969028026237,15.1,0.839862633463321,461.0,130.8493536808262
2025-11-28 23:00:00,7967,5.68439434819835,2.4361690063707213,15.1,0.5094013773323912,386.0,130.8493536808262
2025-11-29 00:00:00,7968,5.683716580962914,2.4358785346983916,15.1,0.2977214595837862,329.0,130.8493536808262
2025-11-29 01:00:00,7969,4.937540828617905,2.1160889265505305,15.1,0.35962335486508096,283.0,130.8493536808262
2025-11-29 02:00:00,7970,5.0794135371980484,2.1768915159420206,15.1,0.24856811154229058,260.0,130.8493536808262
2025-11-29 03:00:00,7971,3.9610546549880263,1.6975948521377255,15.2,0.09456509562396896,278.0,130.8493536808262
2025-11-29 04:00:00,7972,3.4024138030224833,1.4581773441524926,15.2,0.0764767994371632,314.0,130.8493536808262
2025-11-29 05:00:00,7973,4.715068883586024,2.020743807251153,15.2,0.23725406804046245,373.0,130.8493536808262
2025-11-29 06:00:00,7974,5.286926209713214,2.26582551844852,15.2,0.3066762873296814,451.0,130.8493536808262
2025-11-29 07:00:00,7975,5.179621834938581,2.2198379292593917,15.2,0.3993962076635701,497.0,130.8493536808262
2025-11-29 08:00:00,7976,5.355000170796611,2.2950000731985476,15.2,0.7938301690838082,501.0,130.8493536808262
2025-11-29 09:00:00,7977,5.409492473071754,2.318353917030752,15.2,0.9764589941978155,501.0,130.8493536808262
2025-11-29 10:00:00,7978,5.85190260904842,2.5079582610207507,15.1,0.5841815172277874,500.0,130.8493536808262
2025-11-29 11:00:00,7979,5.117635986010976,2.193272565433275,15.1,0.29807775323553515,500.0,130.8493536808262
2025-11-29 12:00:00,7980,5.766809241743754,2.4714896750330375,15.1,0.09341663632805314,500.0,130.8493536808262
2025-11-29 13:00:00,7981,5.176556662281048,2.2185242838347348,15.1,0.0,499.0,130.8493536808262
2025-11-29 14:00:00,7982,5.491541710907107,2.3535178761030457,15.1,0.0,499.0,130.8493536808262
2025-11-29 15:00:00,7983,5.580123249406148,2.391481392602634,15.1,0.0,499.0,130.8493536808262
2025-11-29 16:00:00,7984,5.704283536812339,2.444692944348145,15.1,0.2474282773741503,497.0,130.8493536808262
2025-11-29 17:00:00,7985,5.527649614909819,2.3689926921042086,15.1,1.7535155895068355,498.0,130.8493536808262
2025-11-29 18:00:00,7986,5.5118077417326825,2.3622033178854354,15.1,3.9337479754908986,498.0,130.8493536808262
2025-11-29 19:00:00,7987,5.032253682064985,2.1566801494564216,15.1,4.921969315450473,497.0,130.8493536808262
2025-11-29 20:00:00,7988,5.551238554940742,2.3791022378317463,15.1,3.9661403393688373,497.0,130.8493536808262
2025-11-29 21:00:00,7989,5.592820492643931,2.3969230682759703,15.1,2.9568286799538823,496.0,130.8493536808262
2025-11-29 22:00:00,7990,5.5811104569584895,2.3919044815536386,15.1,1.4252237209357783,463.0,130.8493536808262
2025-11-29 23:00:00,7991,5.3122267156683165,2.2766685924292784,15.1,1.4486542947908072,388.0,130.8493536808262
2025-11-30 00:00:00,7992,5.36403897380727,2.298873845917402,15.1,0.7475070505296886,315.0,130.8493536808262
2025-11-30 01:00:00,7993,5.423932154159171,2.3245423517825023,15.1,0.33267915566705825,266.0,130.8493536808262
2025-11-30 02:00:00,7994,5.276103088757798,2.2611870380390564,15.1,0.11891130261688918,237.0,130.8493536808262
2025-11-30 03:00:00,7995,5.438561649386891,2.330812135451525,15.1,0.0,241.0,130.8493536808262
2025-11-30 04:00:00,7996,5.44104148183015,2.33187492078435,15.1,0.0,283.0,130.8493536808262
2025-11-30 05:00:00,7997,5.372463491621241,2.3024843535519603,15.1,0.0,353.0,130.8493536808262
2025-11-30 06:00:00,7998,5.39254785304378,2.311091937018763,15.1,0.0,441.0,130.8493536808262
2025-11-30 07:00:00,7999,5.295700514881354,2.269585934949151,15.1,0.0,494.0,130.8493536808262
2025-11-30 08:00:00,8000,4.809265766917502,2.0611139001075007,15.1,0.0,499.0,130.8493536808262
2025-11-30 09:00:00,8001,4.585272894435731,1.96511695475817,15.1,0.0,499.0,130.8493536808262
2025-11-30 10:00:00,8002,4.8406742467195,2.0745746771655003,15.1,0.0,499.0,130.8493536808262
2025-11-30 11:00:00,8003,4.869788613302237,2.087052262843816,15.1,0.0,498.0,130.8493536808262
2025-11-30 12:00:00,8004,4.288260484217325,1.8378259218074249,15.1,0.0,496.0,130.8493536808262
2025-11-30 13:00:00,8005,4.8254433892481075,2.0680471668206173,15.1,0.0,496.0,130.8493536808262
2025-11-30 14:00:00,8006,4.349148771677891,1.8639209021476673,15.1,0.0,495.0,130.8493536808262
2025-11-30 15:00:00,8007,4.801328802789939,2.0577123440528307,15.0,0.0,494.0,130.8493536808262
2025-11-30 16:00:00,8008,4.865615534617477,2.0852638005503477,15.0,0.0,493.0,130.8493536808262
2025-11-30 17:00:00,8009,4.834938219193695,2.0721163796544406,15.0,0.0,493.0,130.8493536808262
2025-11-30 18:00:00,8010,4.928914818051734,2.1123920648793146,15.0,0.6782292797612504,493.0,130.8493536808262
2025-11-30 19:00:00,8011,5.431504629224703,2.3277876982391583,15.0,3.25771703997968,494.0,130.8493536808262
2025-11-30 20:00:00,8012,5.775266197745668,2.475114084748143,15.0,6.779333863172513,495.0,130.8493536808262
2025-11-30 21:00:00,8013,4.977130651897657,2.133055993670424,14.9,10.673955846209834,496.0,130.8493536808262
2025-11-30 22:00:00,8014,4.724048744963653,2.024592319270137,14.9,15.0,476.0,130.8493536808262
2025-11-30 23:00:00,8015,5.402736211976608,2.315458376561403,14.9,15.0,423.0,130.8493536808262
2025-12-01 00:00:00,8016,5.484921110219426,2.3506804758083253,14.9,15.0,352.0,130.8493536808262
2025-12-01 01:00:00,8017,5.336970715474976,2.2872731637749895,14.9,15.0,304.0,130.8493536808262
2025-12-01 02:00:00,8018,4.960777577526084,2.126047533225465,15.0,15.0,285.0,130.8493536808262
2025-12-01 03:00:00,8019,4.657860363155541,1.9962258699238031,15.1,15.0,286.0,130.8493536808262
2025-12-01 04:00:00,8020,4.36865943764609,1.8722826161340385,15.1,15.0,332.0,130.8493536808262
2025-12-01 05:00:00,8021,4.575746789530443,1.9610343383701898,15.1,15.0,387.0,130.8493536808262
2025-12-01 06:00:00,8022,4.227086491591265,1.8116084963962564,15.1,14.954226656789642,452.0,130.8493536808262
2025-12-01 07:00:00,8023,4.151478220111186,1.7792049514762225,15.1,10.388140725965213,496.0,130.8493536808262
2025-12-01 08:00:00,8024,3.5652272241227934,1.5279545246240545,15.1,7.096750908127815,499.0,130.8493536808262
2025-12-01 09:00:00,8025,3.943554724908634,1.6900948821037,15.1,8.588690507689082,498.0,130.8493536808262
2025-12-01 10:00:00,8026,3.9397613177512163,1.6884691361790927,15.1,7.9528454590453785,497.0,130.8493536808262
2025-12-01 11:00:00,8027,4.114774530683009,1.7634747988641468,15.1,7.237829910997543,497.0,130.8493536808262
2025-12-01 12:00:00,8028,4.77431231473644,2.0461338491727594,15.1,7.057441935759618,496.0,130.8493536808262
2025-12-01 13:00:00,8029,4.849139366443895,2.0782025856188118,15.1,7.406709820408062,495.0,130.8493536808262
2025-12-01 14:00:00,8030,4.7422270535877225,2.0323830229661666,15.1,4.975121922523775,494.0,130.8493536808262
2025-12-01 15:00:00,8031,4.884848218200233,2.093506379228671,15.0,2.8989610741438785,494.0,130.8493536808262
2025-12-01 16:00:00,8032,4.85929358231369,2.082554392420153,15.0,1.0828148968281177,495.0,130.8493536808262
2025-12-01 17:00:00,8033,4.993954632460325,2.1402662710544242,15.0,0.28446459790082673,496.0,130.8493536808262
2025-12-01 18:00:00,8034,4.97798866167232,2.13342371214528,15.0,0.0,496.0,130.8493536808262
2025-12-01 19:00:00,8035,4.908021261981826,2.1034376837064968,15.0,0.0,497.0,130.8493536808262
2025-12-01 20:00:00,8036,4.7027083191709504,2.0154464225018356,15.0,0.026708897473371688,498.0,130.8493536808262
2025-12-01 21:00:00,8037,4.846108245521757,2.0769035337950386,15.0,0.043045542312203866,501.0,130.8493536808262
2025-12-01 22:00:00,8038,4.740220358066274,2.0315230105998316,15.0,0.0,482.0,130.8493536808262
2025-12-01 23:00:00,8039,4.957452592586488,2.124622539679923,15.0,0.0,449.0,130.8493536808262
2025-12-02 00:00:00,8040,5.308995662364343,2.275283855299004,15.0,0.24636604304405782,413.0,130.8493536808262
2025-12-02 01:00:00,8041,4.851163803431747,2.0790702014707483,15.0,0.22328323753392382,396.0,130.8493536808262
2025-12-02 02:00:00,8042,4.6852202523205655,2.007951536708813,15.1,0.110416798026415,375.0,130.8493536808262
2025-12-02 03:00:00,8043,4.25674926781262,1.8243211147768372,15.1,0.0,362.0,130.8493536808262
2025-12-02 04:00:00,8044,3.7501598369397007,1.6072113586884431,15.1,0.0,386.0,130.8493536808262
2025-12-02 05:00:00,8045,3.9820160174835473,1.7065782932072344,15.1,0.0,430.0,130.8493536808262
2025-12-02 06:00:00,8046,3.925786208975869,1.6824798038468012,15.1,0.0,472.0,130.8493536808262
2025-12-02 07:00:00,8047,4.078877405448325,1.7480903166207107,15.1,0.0,499.0,130.8493536808262
2025-12-02 08:00:00,8048,4.383935106932542,1.878829331542518,15.1,0.0,500.0,130.8493536808262
2025-12-02 09:00:00,8049,4.092260633710102,1.7538259858757579,15.1,0.0,499.0,130.8493536808262
2025-12-02 10:00:00,8050,3.750806442562545,1.6074884753839478,15.1,0.0,499.0,130.8493536808262
2025-12-02 11:00:00,8051,4.611525389521379,1.9763680240805908,15.0,0.0,497.0,130.8493536808262
2025-12-02 12:00:00,8052,3.82504372361806,1.6393044529791685,15.0,0.0,496.0,130.8493536808262
2025-12-02 13:00:00,8053,4.498266928384014,1.9278286835931486,15.0,0.0,495.0,130.8493536808262
2025-12-02 14:00:00,8054,4.48449052260062,1.9219245096859796,15.0,0.0,494.0,130.8493536808262
2025-12-02 15:00:00,8055,5.1372036590492165,2.2016587110210923,14.9,0.0,493.0,130.8493536808262
2025-12-02 16:00:00,8056,4.661606502261105,1.997831358111902,14.9,0.1145027912842251,492.0,130.8493536808262
2025-12-02 17:00:00,8057,4.583283675767547,1.9642644324718055,14.9,0.24145293546005453,495.0,130.8493536808262
2025-12-02 18:00:00,8058,4.304178767849757,1.8446480433641814,14.9,0.23993823183220692,496.0,130.8493536808262
2025-12-02 19:00:00,8059,4.377301158538918,1.875986210802393,14.9,0.09903420183959363,496.0,130.8493536808262
2025-12-02 20:00:00,8060,4.239368925866163,1.8168723967997842,14.9,0.0,496.0,130.8493536808262
2025-12-02 21:00:00,8061,4.774287979112593,2.0461234196196827,14.9,0.0,499.0,130.8493536808262
2025-12-02 22:00:00,8062,4.542674860559263,1.946860654525398,14.9,0.0,496.0,130.8493536808262
2025-12-02 23:00:00,8063,4.476996791237188,1.9187129105302236,14.9,0.0,489.0,130.8493536808262
2025-12-03 00:00:00,8064,3.3414893741773444,1.4320668746474332,14.9,0.3484478304598325,485.0,130.8493536808262
2025-12-03 01:00:00,8065,3.811297968660668,1.633413415140286,14.9,1.3980265236997396,480.0,130.8493536808262
2025-12-03 02:00:00,8066,3.6402787447180494,1.5601194620220211,14.9,2.7049590697769457,478.0,130.8493536808262
2025-12-03 03:00:00,8067,3.6786953806303453,1.576583734555862,14.9,5.639496520791345,474.0,130.8493536808262
2025-12-03 04:00:00,8068,3.5502186084283656,1.5215222607550138,14.9,5.20220193610033,464.0,130.8493536808262
2025-12-03 05:00:00,8069,3.5150030763928846,1.5064298898826647,14.9,4.746348592136116,453.0,130.8493536808262
2025-12-03 06:00:00,8070,3.330944761554631,1.4275477549519846,14.9,5.540315527135316,473.0,130.8493536808262
2025-12-03 07:00:00,8071,3.607512004194298,1.5460765732261275,14.9,8.01032484246944,498.0,130.8493536808262
2025-12-03 08:00:00,8072,4.031664361592533,1.727856154968228,14.9,10.887254897264206,498.0,130.8493536808262
2025-12-03 09:00:00,8073,4.1184928567799455,1.765068367191405,14.9,6.23824600566986,497.0,130.8493536808262
2025-12-03 10:00:00,8074,4.178927710787103,1.7909690189087584,14.8,4.659435138392592,497.0,130.8493536808262
2025-12-03 11:00:00,8075,4.2809835311445354,1.834707227633372,14.8,3.65250846102679,496.0,130.8493536808262
2025-12-03 12:00:00,8076,4.102191037882726,1.758081873378311,14.8,2.1927419823207006,495.0,130.8493536808262
2025-12-03 13:00:00,8077,4.831560399532121,2.0706687426566233,14.8,3.5547829149382215,494.0,130.8493536808262
2025-12-03 14:00:00,8078,5.083536868623127,2.17865865798134,14.8,11.306055070769883,493.0,130.8493536808262
2025-12-03 15:00:00,8079,4.5423834729361054,1.9467357741154738,14.8,12.60361194587227,490.0,130.8493536808262
2025-12-03 16:00:00,8080,4.498669020001382,1.9280010085720207,14.8,15.0,491.0,130.8493536808262
2025-12-03 17:00:00,8081,4.740373278349237,2.0315885478639584,14.7,15.0,492.0,130.8493536808262
2025-12-03 18:00:00,8082,5.378143078009911,2.3049184620042475,14.7,15.0,493.0,130.8493536808262
2025-12-03 19:00:00,8083,5.542195487513606,2.3752266375058313,14.7,10.896389557375102,494.0,130.8493536808262
2025-12-03 20:00:00,8084,5.385726740640481,2.3081686031316346,14.6,7.95056729799721,496.0,130.8493536808262
2025-12-03 21:00:00,8085,5.049082943670653,2.163892690144565,14.6,8.464802257798553,497.0,130.8493536808262
2025-12-03 22:00:00,8086,5.241745528384201,2.2464623693075145,14.6,9.361427612160217,479.0,130.8493536808262
2025-12-03 23:00:00,8087,4.892936967061159,2.096972985883354,14.6,5.235222933133684,432.0,130.8493536808262
2025-12-04 00:00:00,8088,5.225837326231526,2.2396445683849397,14.6,1.879435740281762,393.0,130.8493536808262
2025-12-04 01:00:00,8089,5.437057836175253,2.3301676440751087,14.6,1.4291351608388583,359.0,130.8493536808262
2025-12-04 02:00:00,8090,4.920352767672256,2.108722614716681,14.6,2.491740000597565,339.0,130.8493536808262
2025-12-04 03:00:00,8091,4.728305126002404,2.026416482572459,14.6,1.764626887919349,331.0,130.8493536808262
2025-12-04 04:00:00,8092,4.2876296339455315,1.8375555574052278,14.6,0.8005617117044994,362.0,130.8493536808262
2025-12-04 05:00:00,8093,5.005887815781427,2.145380492477754,14.6,0.3008879898578758,405.0,130.8493536808262
2025-12-04 06:00:00,8094,4.721508056539839,2.023503452802788,14.6,0.0,460.0,130.8493536808262
2025-12-04 07:00:00,8095,4.775320488500475,2.046565923643061,14.6,0.0,498.0,130.8493536808262
2025-12-04 08:00:00,8096,3.961507482943005,1.6977889212612878,14.6,0.06640088365649562,501.0,130.8493536808262
2025-12-04 09:00:00,8097,4.270904258647051,1.8303875394201645,14.6,0.18323684252592182,500.0,130.8493536808262
2025-12-04 10:00:00,8098,4.272244659392199,1.830961996882371,14.6,0.5885057625434232,499.0,130.8493536808262
2025-12-04 11:00:00,8099,4.053272678957992,1.737116862410568,14.5,0.4195585628335785,499.0,130.8493536808262
2025-12-04 12:00:00,8100,4.313985326623932,1.8488508542673991,14.5,0.21056705737294043,499.0,130.8493536808262
2025-12-04 13:00:00,8101,4.83726620466948,2.073114087715491,14.5,0.04023689984866521,498.0,130.8493536808262
2025-12-04 14:00:00,8102,4.663752480374055,1.998751063017452,14.5,0.0,497.0,130.8493536808262
2025-12-04 15:00:00,8103,4.8998626382670345,2.0999411306858717,14.5,0.0,494.0,130.8493536808262
2025-12-04 16:00:00,8104,4.63904594237776,1.9881625467333255,14.4,0.48976064758125404,494.0,130.8493536808262
2025-12-04 17:00:00,8105,4.6604433007355235,1.997332843172367,14.4,4.03335297249626,494.0,130.8493536808262
2025-12-04 18:00:00,8106,4.847930049119579,2.077684306765534,14.4,8.621843821314062,494.0,130.8493536808262
2025-12-04 19:00:00,8107,5.028264134309142,2.1549703432753464,14.4,11.017012858398196,494.0,130.8493536808262
2025-12-04 20:00:00,8108,4.576047058833384,1.9611630252143073,14.4,11.210848693400578,496.0,130.8493536808262
2025-12-04 21:00:00,8109,4.395683321971434,1.8838642808449007,14.4,9.74185665505158,498.0,130.8493536808262
2025-12-04 22:00:00,8110,4.548689497752385,1.9494383561795932,14.4,11.351429902185034,480.0,130.8493536808262
2025-12-04 23:00:00,8111,4.83225691720528,2.0709672502308343,14.4,8.84306431256768,431.0,130.8493536808262
2025-12-05 00:00:00,8112,4.928527426109131,2.112226039761056,14.4,4.290549526774862,389.0,130.8493536808262
2025-12-05 01:00:00,8113,5.159284355242898,2.2111218665326704,14.4,2.1555428118824493,353.0,130.8493536808262
2025-12-05 02:00:00,8114,4.634277273635508,1.9861188315580747,14.4,1.5057275775826569,338.0,130.8493536808262
2025-12-05 03:00:00,8115,4.633403362815841,1.9857442983496458,14.4,0.8150637454506539,338.0,130.8493536808262
2025-12-05 04:00:00,8116,4.13139525556274,1.770597966669746,14.4,0.46191889015144694,375.0,130.8493536808262
2025-12-05 05:00:00,8117,4.006773860905004,1.717188797530716,14.4,0.5778079927815858,412.0,130.8493536808262
2025-12-05 06:00:00,8118,3.811586516371391,1.633537078444882,14.4,0.45846274007605026,462.0,130.8493536808262
2025-12-05 07:00:00,8119,4.103346949740617,1.7585772641745503,14.4,1.2122522133669977,497.0,130.8493536808262
2025-12-05 08:00:00,8120,4.270720106291358,1.8303086169820102,14.4,2.1096207772631295,500.0,130.8493536808262
2025-12-05 09:00:00,8121,4.529145322052246,1.9410622808795337,14.4,2.7385826723644193,499.0,130.8493536808262
2025-12-05 10:00:00,8122,4.707409651301873,2.017461279129374,14.4,3.5936663608580632,499.0,130.8493536808262
2025-12-05 11:00:00,8123,4.849169157568792,2.078215353243768,14.3,1.786936575563995,499.0,130.8493536808262
2025-12-05 12:00:00,8124,4.777063750631509,2.0473130359849327,14.3,0.7320910453738385,498.0,130.8493536808262
2025-12-05 13:00:00,8125,4.736030540768493,2.0297273746150686,14.3,0.6196995768985625,498.0,130.8493536808262
2025-12-05 14:00:00,8126,4.76165223425817,2.0407081003963583,14.2,2.0907817585209245,497.0,130.8493536808262
2025-12-05 15:00:00,8127,4.973728955628922,2.1315981238409663,14.2,2.89385265598839,496.0,130.8493536808262
2025-12-05 16:00:00,8128,5.026575868909093,2.15424680096104,14.2,2.3050878044527097,496.0,130.8493536808262
2025-12-05 17:00:00,8129,5.049955432126987,2.1642666137687088,14.2,1.9714786050614947,496.0,130.8493536808262
2025-12-05 18:00:00,8130,4.696778084310857,2.012904893276082,14.2,1.7624389274591061,497.0,130.8493536808262
2025-12-05 19:00:00,8131,4.9496410267389255,2.1212747257452538,14.2,1.6571628564956735,497.0,130.8493536808262
2025-12-05 20:00:00,8132,4.562719801939366,1.9554513436882996,14.1,1.247056234227182,497.0,130.8493536808262
2025-12-05 21:00:00,8133,4.6948289654403155,2.0120695566172775,14.1,0.7344198895714531,498.0,130.8493536808262
2025-12-05 22:00:00,8134,4.761317994519864,2.040564854794227,14.1,1.0164085382553105,478.0,130.8493536808262
2025-12-05 23:00:00,8135,4.589765333956061,1.9670422859811691,14.1,0.48517926057086913,417.0,130.8493536808262
2025-12-06 00:00:00,8136,4.45193426577692,1.9079718281901088,14.1,0.07353066549221948,365.0,130.8493536808262
2025-12-06 01:00:00,8137,4.502048252760407,1.9294492511830312,14.1,0.0,324.0,130.8493536808262
2025-12-06 02:00:00,8138,4.264892857684445,1.8278112247219047,14.2,0.0,308.0,130.8493536808262
2025-12-06 03:00:00,8139,4.67009382657692,2.00146878281868,14.2,0.0,320.0,130.8493536808262
2025-12-06 04:00:00,8140,4.549773940215675,1.9499031172352892,14.2,0.0,360.0,130.8493536808262
2025-12-06 05:00:00,8141,4.54328544187851,1.9471223322336466,14.2,0.0,404.0,130.8493536808262
2025-12-06 06:00:00,8142,4.074747872593181,1.746320516825649,14.2,0.0,458.0,130.8493536808262
2025-12-06 07:00:00,8143,4.008240040637406,1.7178171602731742,14.2,0.0,495.0,130.8493536808262
2025-12-06 08:00:00,8144,4.346519774538861,1.8627941890880833,14.2,0.0,499.0,130.8493536808262
2025-12-06 09:00:00,8145,3.9429166858251783,1.6898214367822193,14.2,0.0,499.0,130.8493536808262
2025-12-06 10:00:00,8146,4.16250967677395,1.7839327186174068,14.2,0.0,499.0,130.8493536808262
2025-12-06 11:00:00,8147,4.573612593912722,1.9601196831054524,14.2,0.0,498.0,130.8493536808262
2025-12-06 12:00:00,8148,4.277704368019005,1.8333018720081449,14.2,0.0010297778453279623,497.0,130.8493536808262
2025-12-06 13:00:00,8149,5.167884096870264,2.214807470087256,14.2,0.5419154840847231,497.0,130.8493536808262
2025-12-06 14:00:00,8150,4.6699304524939205,2.0013987653545375,14.1,1.3144676147670622,497.0,130.8493536808262
2025-12-06 15:00:00,8151,5.028789825667358,2.155195639571725,14.1,2.240555829681932,496.0,130.8493536808262
2025-12-06 16:00:00,8152,4.828066419167916,2.069171322500535,14.1,3.6031865541684436,496.0,130.8493536808262
2025-12-06 17:00:00,8153,5.525031326272891,2.367870568402667,14.1,4.340280076291741,497.0,130.8493536808262
2025-12-06 18:00:00,8154,5.279739919509539,2.262745679789802,14.1,5.876334564001885,498.0,130.8493536808262
2025-12-06 19:00:00,8155,5.514802554155073,2.363486808923603,14.1,7.142336135017398,498.0,130.8493536808262
2025-12-06 20:00:00,8156,5.846893658236668,2.5058115678157145,14.1,5.898077296289986,499.0,130.8493536808262
2025-12-06 21:00:00,8157,5.892798807531449,2.5254852032277637,14.1,3.7846445048391724,499.0,130.8493536808262
2025-12-06 22:00:00,8158,5.797068224316506,2.4844578104213597,14.1,2.1892741994422167,474.0,130.8493536808262
2025-12-06 23:00:00,8159,5.771631168118885,2.4735562149080934,14.1,1.8571336269687926,403.0,130.8493536808262
2025-12-07 00:00:00,8160,5.5477891844655876,2.3776239361995373,14.1,1.3008927938360864,337.0,130.8493536808262
2025-12-07 01:00:00,8161,5.0947297363835755,2.1834556013072466,14.1,0.7828526849205218,284.0,130.8493536808262
2025-12-07 02:00:00,8162,4.430450908899771,1.8987646752427587,14.1,0.21425178420143112,258.0,130.8493536808262
2025-12-07 03:00:00,8163,4.312216984291048,1.8480929932675916,14.1,0.043892384167168605,258.0,130.8493536808262
2025-12-07 04:00:00,8164,4.199097373084242,1.7996131598932463,14.1,0.0,292.0,130.8493536808262
2025-12-07 05:00:00,8165,4.230220853556147,1.8129517943812055,14.1,0.0,363.0,130.8493536808262
2025-12-07 06:00:00,8166,3.8497733767335123,1.6499028757429337,14.1,0.0,442.0,130.8493536808262
2025-12-07 07:00:00,8167,3.591383049893048,1.5391641642398777,14.1,0.10776296123733055,493.0,130.8493536808262
2025-12-07 08:00:00,8168,3.7134978775614194,1.5914990903834656,14.1,0.11381068781388876,498.0,130.8493536808262
2025-12-07 09:00:00,8169,4.244453196515254,1.8190513699351085,14.1,0.07008053105654406,498.0,130.8493536808262
2025-12-07 10:00:00,8170,3.7183724740311277,1.5935882031561974,14.1,0.0,498.0,130.8493536808262
2025-12-07 11:00:00,8171,4.367155738885586,1.8716381738081078,14.1,0.0,498.0,130.8493536808262
2025-12-07 12:00:00,8172,3.9996921478551224,1.7141537776521953,14.1,0.0,497.0,130.8493536808262
2025-12-07 13:00:00,8173,4.664407606716196,1.9990318314497983,14.1,0.0,496.0,130.8493536808262
2025-12-07 14:00:00,8174,4.617185706495216,1.9787938742122355,14.1,0.0,495.0,130.8493536808262
2025-12-07 15:00:00,8175,4.725602000468557,2.0252580002008096,14.0,0.0,493.0,130.8493536808262
2025-12-07 16:00:00,8176,4.231227488662546,1.813383209426805,14.0,0.0,494.0,130.8493536808262
2025-12-07 17:00:00,8177,4.346960908853466,1.8629832466514853,14.0,0.0,495.0,130.8493536808262
2025-12-07 18:00:00,8178,4.4151292678175675,1.8921982576361,14.0,0.0,497.0,130.8493536808262
2025-12-07 19:00:00,8179,4.049398068081046,1.735456314891877,14.0,0.12042847017223152,499.0,130.8493536808262
2025-12-07 20:00:00,8180,3.8797704684200633,1.662758772180027,14.0,0.17299008398645144,500.0,130.8493536808262
2025-12-07 21:00:00,8181,3.787685645360737,1.6232938480117445,14.0,0.09986298714810088,501.0,130.8493536808262
2025-12-07 22:00:00,8182,3.6658852169291407,1.5710936643982032,14.0,0.6196921258473846,480.0,130.8493536808262
2025-12-07 23:00:00,8183,3.7877810439013073,1.6233347331005603,14.0,0.40762727327023707,425.0,130.8493536808262
2025-12-08 00:00:00,8184,4.0310292280532245,1.7275839548799532,14.0,0.06448510176714539,382.0,130.8493536808262
2025-12-08 01:00:00,8185,4.759447326660842,2.0397631399975036,14.0,0.0,342.0,130.8493536808262
2025-12-08 02:00:00,8186,3.7650369597500646,1.613587268464313,14.1,0.0798700070212574,325.0,130.8493536808262
2025-12-08 03:00:00,8187,3.991833861846752,1.710785940791465,14.1,2.5443835209862935,319.0,130.8493536808262
2025-12-08 04:00:00,8188,3.9520546992267276,1.693737728240026,14.1,6.868918818750049,356.0,130.8493536808262
2025-12-08 05:00:00,8189,3.8816860794157675,1.663579748321043,14.1,10.565860981053149,401.0,130.8493536808262
2025-12-08 06:00:00,8190,3.8657611936896052,1.656754797295545,14.1,13.648302915960675,457.0,130.8493536808262
2025-12-08 07:00:00,8191,3.8965313938239374,1.6699420259245448,14.1,13.749602814084914,494.0,130.8493536808262
2025-12-08 08:00:00,8192,4.258377330594411,1.8250188559690332,14.1,12.162137810642331,497.0,130.8493536808262
2025-12-08 09:00:00,8193,3.9005729902766353,1.6716741386899863,14.1,11.447590083770976,497.0,130.8493536808262
2025-12-08 10:00:00,8194,4.227311341396174,1.81170486059836,14.1,7.340607856936862,496.0,130.8493536808262
2025-12-08 11:00:00,8195,4.13883583097855,1.7737867847050928,14.0,6.127779593202167,496.0,130.8493536808262
2025-12-08 12:00:00,8196,3.981966042299243,1.7065568752711042,14.0,3.0381094382441614,495.0,130.8493536808262
2025-12-08 13:00:00,8197,4.648251735883692,1.9921078868072963,14.0,2.8091996958928225,494.0,130.8493536808262
2025-12-08 14:00:00,8198,4.28899136475729,1.838139156324553,14.0,4.268686789128595,494.0,130.8493536808262
2025-12-08 15:00:00,8199,4.387547351445391,1.8803774363337389,13.9,6.940811838788416,493.0,130.8493536808262
2025-12-08 16:00:00,8200,4.210346887473304,1.8044343803457015,13.9,7.413161423814298,493.0,130.8493536808262
2025-12-08 17:00:00,8201,4.304900180866294,1.8449572203712692,13.9,6.567970847031257,493.0,130.8493536808262
2025-12-08 18:00:00,8202,4.207891103899589,1.8033819016712525,13.9,6.132855903801861,494.0,130.8493536808262
2025-12-08 19:00:00,8203,4.007839715848368,1.7176455925064436,13.9,6.984583063844673,495.0,130.8493536808262
2025-12-08 20:00:00,8204,4.227048668237772,1.8115922863876162,13.9,8.138801222248752,495.0,130.8493536808262
2025-12-08 21:00:00,8205,4.001436414092896,1.714901320325527,13.9,8.473511098049762,497.0,130.8493536808262
2025-12-08 22:00:00,8206,3.9582999471887943,1.6964142630809118,13.9,9.832180559525355,483.0,130.8493536808262
2025-12-08 23:00:00,8207,3.9031834203004774,1.6727928944144903,13.9,9.017595718149845,435.0,130.8493536808262
2025-12-09 00:00:00,8208,4.373408373452915,1.8743178743369635,13.9,6.238750055997533,392.0,130.8493536808262
2025-12-09 01:00:00,8209,4.1773570174210315,1.7902958646090135,13.9,4.390650988437844,350.0,130.8493536808262
2025-12-09 02:00:00,8210,3.81537295472971,1.6351598377413041,13.9,3.4517854950205393,330.0,130.8493536808262
2025-12-09 03:00:00,8211,3.3949681564037912,1.454986352744482,13.9,3.104893698110382,330.0,130.8493536808262
2025-12-09 04:00:00,8212,3.3598359897180714,1.4399297098791735,13.9,3.063620473224995,362.0,130.8493536808262
2025-12-09 05:00:00,8213,3.370524969947306,1.4445107014059884,13.9,2.9628784524489795,412.0,130.8493536808262
2025-12-09 06:00:00,8214,3.4738230236162084,1.4887812958355178,13.9,3.0587753824480535,465.0,130.8493536808262
2025-12-09 07:00:00,8215,3.7989333104994456,1.6281142759283338,13.9,3.26029896218289,499.0,130.8493536808262
2025-12-09 08:00:00,8216,3.798066586871644,1.6277428229449902,13.9,2.800863009104316,502.0,130.8493536808262
2025-12-09 09:00:00,8217,3.6654658807573863,1.5709139488960229,13.9,1.9666161106048061,501.0,130.8493536808262
2025-12-09 10:00:00,8218,3.7475814501812144,1.6061063357919492,13.9,1.997624324665255,501.0,130.8493536808262
2025-12-09 11:00:00,8219,3.608337933417627,1.5464305428932685,13.9,1.3935675294902707,501.0,130.8493536808262
2025-12-09 12:00:00,8220,3.7442747707410766,1.6046891874604614,13.9,1.0218749417958097,500.0,130.8493536808262
2025-12-09 13:00:00,8221,4.025691636175975,1.7252964155039894,13.9,0.9234350049344477,500.0,130.8493536808262
2025-12-09 14:00:00,8222,3.785548167996695,1.6223777862842976,13.9,0.2889630067045473,499.0,130.8493536808262
2025-12-09 15:00:00,8223,4.034444733227558,1.7290477428118107,13.8,0.06437516341482337,497.0,130.8493536808262
2025-12-09 16:00:00,8224,3.7186879936428516,1.5937234258469364,13.8,0.03131922093269178,498.0,130.8493536808262
2025-12-09 17:00:00,8225,3.750528585766813,1.6073693939000628,13.8,0.0,498.0,130.8493536808262
2025-12-09 18:00:00,8226,4.052667873873641,1.73685766023156,13.8,0.0,499.0,130.8493536808262
2025-12-09 19:00:00,8227,3.7737073169874886,1.6173031358517809,13.8,0.0,499.0,130.8493536808262
2025-12-09 20:00:00,8228,3.47365318888247,1.4887085095210588,13.8,0.0,500.0,130.8493536808262
2025-12-09 21:00:00,8229,3.863973503832652,1.655988644499708,13.8,0.043228823006147964,501.0,130.8493536808262
2025-12-09 22:00:00,8230,3.572951859862061,1.531265082798026,13.8,1.8118585335915154,486.0,130.8493536808262
2025-12-09 23:00:00,8231,3.678571047494679,1.576530448926291,13.8,1.7624483496993135,439.0,130.8493536808262
2025-12-10 00:00:00,8232,3.9870474680044437,1.7087346291447616,13.8,1.0242802999951706,399.0,130.8493536808262
2025-12-10 01:00:00,8233,3.9032768021652555,1.672832915213681,13.8,0.6943266728630452,362.0,130.8493536808262
2025-12-10 02:00:00,8234,4.117653387500965,1.764708594643271,13.8,0.3122536943223935,337.0,130.8493536808262
2025-12-10 03:00:00,8235,4.590208522535384,1.967232223943736,13.8,0.0,332.0,130.8493536808262
2025-12-10 04:00:00,8236,4.07763228279228,1.7475566926252626,13.8,0.0,363.0,130.8493536808262
2025-12-10 05:00:00,8237,4.001394916045376,1.714883535448018,13.9,0.3287405934687835,406.0,130.8493536808262
2025-12-10 06:00:00,8238,4.214090319068354,1.8060387081721514,13.9,0.7558237276741034,461.0,130.8493536808262
2025-12-10 07:00:00,8239,3.9110430643848515,1.6761613133077935,13.9,1.1809326676818195,502.0,130.8493536808262
2025-12-10 08:00:00,8240,3.9729274937684647,1.7026832116150563,13.9,1.6199512980437545,505.0,130.8493536808262
2025-12-10 09:00:00,8241,3.7055853399927443,1.5881080028540333,13.9,1.9172751974674729,504.0,130.8493536808262
2025-12-10 10:00:00,8242,3.601608727581202,1.5435465975348006,13.8,3.241240072551343,503.0,130.8493536808262
2025-12-10 11:00:00,8243,4.131576550307299,1.7706756644174138,13.8,3.126945781313748,502.0,130.8493536808262
2025-12-10 12:00:00,8244,4.02184049169446,1.7236459250119114,13.8,2.4334406788751024,502.0,130.8493536808262
2025-12-10 13:00:00,8245,4.326969856016064,1.8544156525783133,13.8,2.830330438154559,501.0,130.8493536808262
2025-12-10 14:00:00,8246,4.17895363579545,1.7909801296266212,13.8,1.9927353782893094,500.0,130.8493536808262
2025-12-10 15:00:00,8247,4.484060223805905,1.921740095916816,13.8,0.9958455489767735,499.0,130.8493536808262
2025-12-10 16:00:00,8248,4.507335298570683,1.9317151279588642,13.8,0.3280973145060165,500.0,130.8493536808262
2025-12-10 17:00:00,8249,4.57302915536299,1.9598696380127099,13.8,0.004153395111587992,501.0,130.8493536808262
2025-12-10 18:00:00,8250,4.451829548455988,1.9079269493382807,13.8,0.0,500.0,130.8493536808262
2025-12-10 19:00:00,8251,4.733489437122799,2.0286383301954847,13.8,0.0,500.0,130.8493536808262
2025-12-10 20:00:00,8252,4.804828158886497,2.059212068094213,13.8,0.0,501.0,130.8493536808262
2025-12-10 21:00:00,8253,4.430465574020117,1.898770960294336,13.7,0.0,501.0,130.8493536808262
2025-12-10 22:00:00,8254,4.361674386546651,1.8692890228057077,13.7,0.0,495.0,130.8493536808262
2025-12-10 23:00:00,8255,4.939928211489043,2.117112090638161,13.7,0.0,472.0,130.8493536808262
2025-12-11 00:00:00,8256,4.868381194370199,2.0864490833015137,13.7,0.153967338345251,446.0,130.8493536808262
2025-12-11 01:00:00,8257,5.105398426462978,2.1880278970555618,13.7,0.20355647123558215,413.0,130.8493536808262
2025-12-11 02:00:00,8258,4.071043948790197,1.7447331209100845,13.7,0.03085723485499824,380.0,130.8493536808262
2025-12-11 03:00:00,8259,4.76231927412463,2.040993974624841,13.8,0.2708714040742903,348.0,130.8493536808262
2025-12-11 04:00:00,8260,5.300636803489008,2.2717014872095747,13.8,1.7981724965444075,357.0,130.8493536808262
2025-12-11 05:00:00,8261,5.259352740656016,2.2540083174240073,13.8,5.459813848736292,398.0,130.8493536808262
2025-12-11 06:00:00,8262,4.8128952556483,2.0626693952778425,13.8,11.138084356796842,456.0,130.8493536808262
2025-12-11 07:00:00,8263,5.102945056488458,2.1869764527807676,13.8,15.0,496.0,130.8493536808262
2025-12-11 08:00:00,8264,5.329972331699048,2.2842738564424496,13.8,15.0,498.0,130.8493536808262
2025-12-11 09:00:00,8265,5.275521377052585,2.260937733022536,13.7,15.0,498.0,130.8493536808262
2025-12-11 10:00:00,8266,5.592427760571536,2.396754754530658,13.7,15.0,498.0,130.8493536808262
2025-12-11 11:00:00,8267,5.059300930778331,2.168271827476427,13.6,15.0,498.0,130.8493536808262
2025-12-11 12:00:00,8268,5.551317925695349,2.379136253869435,13.6,15.0,495.0,130.8493536808262
2025-12-11 13:00:00,8269,5.6955009485949315,2.4409289779692567,13.6,15.0,494.0,130.8493536808262
2025-12-11 14:00:00,8270,5.516916222499377,2.3643926667854474,13.6,15.0,493.0,130.8493536808262
2025-12-11 15:00:00,8271,5.027967843680935,2.154843361577544,13.6,15.0,490.0,130.8493536808262
2025-12-11 16:00:00,8272,4.9045908534118166,2.1019675086050644,13.6,15.0,491.0,130.8493536808262
2025-12-11 17:00:00,8273,4.601234270214187,1.9719575443775086,13.6,15.0,492.0,130.8493536808262
2025-12-11 18:00:00,8274,4.668597820610168,2.000827637404358,13.6,15.0,493.0,130.8493536808262
2025-12-11 19:00:00,8275,4.6898045966218405,2.009916255695074,13.6,15.0,493.0,130.8493536808262
2025-12-11 20:00:00,8276,5.072584088271236,2.1739646092591007,13.5,15.0,494.0,130.8493536808262
2025-12-11 21:00:00,8277,5.338618823080349,2.287979495605864,13.5,15.0,496.0,130.8493536808262
2025-12-11 22:00:00,8278,4.970797830821128,2.1303419274947686,13.5,15.0,481.0,130.8493536808262
2025-12-11 23:00:00,8279,4.7391133012654745,2.031048557685203,13.4,15.0,433.0,130.8493536808262
2025-12-12 00:00:00,8280,4.374680989435252,1.8748632811865364,13.4,15.0,389.0,130.8493536808262
2025-12-12 01:00:00,8281,4.846973194602278,2.0772742262581185,13.4,15.0,352.0,130.8493536808262
2025-12-12 02:00:00,8282,4.693426475288325,2.011468489409282,13.4,15.0,333.0,130.8493536808262
2025-12-12 03:00:00,8283,4.174358595515123,1.7890108266493385,13.4,15.0,329.0,130.8493536808262
2025-12-12 04:00:00,8284,3.8549365073043598,1.6521156459875828,13.4,15.0,366.0,130.8493536808262
2025-12-12 05:00:00,8285,4.100575936177677,1.7573896869332901,13.4,14.7273186217342,410.0,130.8493536808262
2025-12-12 06:00:00,8286,4.2038603174066775,1.8016544217457187,13.4,13.293310938102753,463.0,130.8493536808262
2025-12-12 07:00:00,8287,4.023950104262911,1.7245500446841049,13.4,11.640293736788669,498.0,130.8493536808262
2025-12-12 08:00:00,8288,5.126698256767893,2.1971563957576685,13.4,11.898756284174116,500.0,130.8493536808262
2025-12-12 09:00:00,8289,4.784418031693093,2.050464870725611,13.4,12.224594568645802,500.0,130.8493536808262
2025-12-12 10:00:00,8290,5.389534166559933,2.309800357097114,13.4,8.180400878258446,499.0,130.8493536808262
2025-12-12 11:00:00,8291,4.822337340639795,2.0667160031313405,13.4,9.76812231250914,499.0,130.8493536808262
2025-12-12 12:00:00,8292,5.171661734954015,2.216426457837435,13.4,9.583173990224028,499.0,130.8493536808262
2025-12-12 13:00:00,8293,5.040855409273888,2.1603666039745235,13.4,7.322285755913619,498.0,130.8493536808262
2025-12-12 14:00:00,8294,5.387870859120664,2.309087511051713,13.3,7.078687265648577,498.0,130.8493536808262
2025-12-12 15:00:00,8295,5.241305796015547,2.2462739125780917,13.3,7.401271842390658,496.0,130.8493536808262
2025-12-12 16:00:00,8296,4.959026263479702,2.1252969700627293,13.3,5.826122748036357,497.0,130.8493536808262
2025-12-12 17:00:00,8297,4.990434428034243,2.138757612014676,13.2,4.838529017577299,498.0,130.8493536808262
2025-12-12 18:00:00,8298,4.73676321695025,2.0300413786929643,13.2,3.9931305878563776,499.0,130.8493536808262
2025-12-12 19:00:00,8299,4.500449037248751,1.9287638731066075,13.2,3.791949060139175,499.0,130.8493536808262
2025-12-12 20:00:00,8300,5.119022698450734,2.1938668707646,13.2,3.724971576522729,499.0,130.8493536808262
2025-12-12 21:00:00,8301,4.924224411577141,2.1103818906759173,13.2,3.7871739671982403,500.0,130.8493536808262
2025-12-12 22:00:00,8302,4.853358150898872,2.0800106360995163,13.2,1.8605495058025467,487.0,130.8493536808262
2025-12-12 23:00:00,8303,5.011409863936784,2.1477470845443354,13.2,1.2039927396454273,439.0,130.8493536808262
2025-12-13 00:00:00,8304,5.077586163461687,2.176108355769294,13.2,1.1555331949595915,392.0,130.8493536808262
2025-12-13 01:00:00,8305,5.12541199574435,2.1966051410332925,13.2,1.2650955794661443,353.0,130.8493536808262
2025-12-13 02:00:00,8306,5.866679751555498,2.514291322095213,13.2,0.8570741079487061,332.0,130.8493536808262
2025-12-13 03:00:00,8307,5.021198971165809,2.151942416213918,13.2,0.43756940132449684,325.0,130.8493536808262
2025-12-13 04:00:00,8308,4.86754125059592,2.086089107398251,13.2,0.4113556347370006,363.0,130.8493536808262
2025-12-13 05:00:00,8309,4.636063985366424,1.9868845651570386,13.2,0.5420364793382019,416.0,130.8493536808262
2025-12-13 06:00:00,8310,4.12583598874787,1.768215423749087,13.2,0.5976966395295057,467.0,130.8493536808262
2025-12-13 07:00:00,8311,4.399671625260762,1.8855735536831837,13.2,0.7834270868945886,498.0,130.8493536808262
2025-12-13 08:00:00,8312,4.561791401925561,1.9550534579680972,13.2,1.1211584225738171,501.0,130.8493536808262
2025-12-13 09:00:00,8313,4.404519325762682,1.8876511396125781,13.2,1.59805333174741,501.0,130.8493536808262
2025-12-13 10:00:00,8314,4.173164541292502,1.7884990891253578,13.1,1.0398652387874834,501.0,130.8493536808262
2025-12-13 11:00:00,8315,4.358557542535346,1.867953232515148,13.1,1.2328633684377834,500.0,130.8493536808262
2025-12-13 12:00:00,8316,4.376005134761499,1.8754307720406425,13.1,0.7207288498022325,500.0,130.8493536808262
2025-12-13 13:00:00,8317,4.9266635324912045,2.111427228210516,13.1,0.4224044067246757,500.0,130.8493536808262
2025-12-13 14:00:00,8318,4.898334260244658,2.0992861115334245,13.1,0.04046874492462828,500.0,130.8493536808262
2025-12-13 15:00:00,8319,4.989129705042012,2.1381984450180047,13.1,0.0,499.0,130.8493536808262
2025-12-13 16:00:00,8320,5.011582056653376,2.147820881422875,13.1,1.659002470564955,498.0,130.8493536808262
2025-12-13 17:00:00,8321,5.346580521348814,2.2913916520066344,13.1,2.519039906356531,499.0,130.8493536808262
2025-12-13 18:00:00,8322,5.1071771648983475,2.1887902135278634,13.1,0.0,499.0,130.8493536808262
2025-12-13 19:00:00,8323,4.855990955071956,2.081138980745124,13.1,0.7046592224461067,499.0,130.8493536808262
2025-12-13 20:00:00,8324,4.979987129639567,2.134280198416957,13.1,3.8442339567794086,498.0,130.8493536808262
2025-12-13 21:00:00,8325,4.718261031871073,2.022111870801888,13.1,2.9711522645075275,497.0,130.8493536808262
2025-12-13 22:00:00,8326,4.694275927036317,2.0118325401584216,13.1,0.5310648229798552,494.0,130.8493536808262
2025-12-13 23:00:00,8327,4.696650928655101,2.0128503979950434,13.1,0.24025982845223454,487.0,130.8493536808262
2025-12-14 00:00:00,8328,4.961080077497181,2.1261771760702204,13.1,0.8496685057003638,484.0,130.8493536808262
2025-12-14 01:00:00,8329,5.338876476832269,2.2880899186424006,13.1,0.7214909723706537,482.0,130.8493536808262
2025-12-14 02:00:00,8330,4.937927840930032,2.116254788970014,13.1,0.7878210565648472,471.0,130.8493536808262
2025-12-14 03:00:00,8331,4.303918216060096,1.8445363783114699,13.1,15.0,461.0,130.8493536808262
2025-12-14 04:00:00,8332,4.162912901992041,1.7841055294251604,13.1,13.274832368467088,459.0,130.8493536808262
2025-12-14 05:00:00,8333,4.550126159995403,1.9500540685694583,13.1,5.901797504298744,465.0,130.8493536808262
2025-12-14 06:00:00,8334,4.091048974839672,1.7533067035027166,13.1,2.7909370216247438,482.0,130.8493536808262
2025-12-14 07:00:00,8335,3.8815321585442977,1.6635137822332704,13.1,1.5865399622016831,496.0,130.8493536808262
2025-12-14 08:00:00,8336,4.1494787221286815,1.778348023769435,13.1,0.7107548957798784,497.0,130.8493536808262
2025-12-14 09:00:00,8337,4.293186235612184,1.8399369581195073,13.1,0.5168576238824383,496.0,130.8493536808262
2025-12-14 10:00:00,8338,3.93023444401412,1.6843861902917656,13.0,1.5355248926017744,496.0,130.8493536808262
2025-12-14 11:00:00,8339,4.3007522111037595,1.8431795190444684,13.0,4.591973650135237,495.0,130.8493536808262
2025-12-14 12:00:00,8340,4.472052116900331,1.916593764385856,13.0,6.51608212906702,494.0,130.8493536808262
2025-12-14 13:00:00,8341,4.623701545923015,1.981586376824149,13.0,9.72696683551012,493.0,130.8493536808262
2025-12-14 14:00:00,8342,4.810360465440949,2.061583056617549,13.0,14.212641682071501,493.0,130.8493536808262
2025-12-14 15:00:00,8343,4.88586210822323,2.093940903524241,13.0,15.0,489.0,130.8493536808262
2025-12-14 16:00:00,8344,4.676654916038904,2.004280678302387,12.9,15.0,488.0,130.8493536808262
2025-12-14 17:00:00,8345,4.85825577990698,2.0821096199601343,12.9,15.0,490.0,130.8493536808262
2025-12-14 18:00:00,8346,4.786031266346416,2.0511562570056068,12.9,14.432338088283554,491.0,130.8493536808262
2025-12-14 19:00:00,8347,4.763008291876131,2.0412892679469135,12.9,11.689823333259323,492.0,130.8493536808262
2025-12-14 20:00:00,8348,4.873502707014998,2.088644017292142,12.9,8.398021652210007,494.0,130.8493536808262
2025-12-14 21:00:00,8349,4.667828966031843,2.0004981282993612,12.9,8.704817879271133,496.0,130.8493536808262
2025-12-14 22:00:00,8350,4.465878899945449,1.913948099976621,12.9,11.375621695615285,482.0,130.8493536808262
2025-12-14 23:00:00,8351,4.3997068315245595,1.885588642081954,12.9,6.92767998900587,434.0,130.8493536808262
2025-12-15 00:00:00,8352,4.754491196287868,2.037639084123372,12.9,4.88965819730088,384.0,130.8493536808262
2025-12-15 01:00:00,8353,4.252944566754025,1.8226905286088677,12.9,4.392601375879093,342.0,130.8493536808262
2025-12-15 02:00:00,8354,3.9925807221916383,1.7111060237964164,12.9,3.7692226199095473,324.0,130.8493536808262
2025-12-15 03:00:00,8355,3.9389338693692686,1.6881145154439723,12.9,4.471012075205405,319.0,130.8493536808262
2025-12-15 04:00:00,8356,3.717361812055435,1.593155062309472,12.9,3.8196033351509193,352.0,130.8493536808262
2025-12-15 05:00:00,8357,3.571269600268609,1.5305441144008325,12.9,3.2691389524556764,400.0,130.8493536808262
2025-12-15 06:00:00,8358,3.530923764027223,1.5132530417259527,12.9,3.3252438415776537,458.0,130.8493536808262
2025-12-15 07:00:00,8359,3.7388204893496595,1.6023516382927112,12.9,4.166439271861087,497.0,130.8493536808262
2025-12-15 08:00:00,8360,3.6080713080042592,1.5463162748589683,12.9,5.1031683414238485,500.0,130.8493536808262
2025-12-15 09:00:00,8361,3.8192732437593184,1.636831390182565,12.9,5.7565504512733705,500.0,130.8493536808262
2025-12-15 10:00:00,8362,3.457183455883089,1.4816500525213236,12.9,4.580889384551268,499.0,130.8493536808262
2025-12-15 11:00:00,8363,3.6671283346437766,1.5716264291330473,12.9,5.2009628309902425,499.0,130.8493536808262
2025-12-15 12:00:00,8364,3.847421406559545,1.6488948885255192,12.9,8.844381861203246,499.0,130.8493536808262
2025-12-15 13:00:00,8365,4.059385856648512,1.739736795706505,12.9,8.80433163973128,498.0,130.8493536808262
2025-12-15 14:00:00,8366,3.63712314742875,1.55876706318375,12.8,6.740955182653357,497.0,130.8493536808262
2025-12-15 15:00:00,8367,3.679825908418291,1.5770682464649817,12.8,4.821482379070675,496.0,130.8493536808262
2025-12-15 16:00:00,8368,3.6509835968851183,1.5647072558079078,12.8,3.6318472239390154,496.0,130.8493536808262
2025-12-15 17:00:00,8369,3.8544374270971713,1.6519017544702161,12.8,2.7835204376178284,496.0,130.8493536808262
2025-12-15 18:00:00,8370,3.9399342913223476,1.6885432677095775,12.8,2.1259884631097643,497.0,130.8493536808262
2025-12-15 19:00:00,8371,4.001058463578497,1.7147393415336414,12.8,1.6981952426668632,497.0,130.8493536808262
2025-12-15 20:00:00,8372,3.691437685133426,1.5820447222000398,12.7,1.5625675205870686,499.0,130.8493536808262
2025-12-15 21:00:00,8373,3.6177005835048988,1.5504431072163853,12.7,1.355418688980992,500.0,130.8493536808262
2025-12-15 22:00:00,8374,3.6256897917106308,1.5538670535902703,12.7,1.3429132910867612,489.0,130.8493536808262
2025-12-15 23:00:00,8375,3.6090119580182964,1.5467194105792699,12.7,0.7233258048728208,445.0,130.8493536808262
2025-12-16 00:00:00,8376,4.209794491445525,1.804197639190939,12.7,0.41464029802306945,402.0,130.8493536808262
2025-12-16 01:00:00,8377,3.844848305509898,1.6477921309328132,12.7,0.47769084908138665,362.0,130.8493536808262
2025-12-16 02:00:00,8378,3.316883234728956,1.4215213863124097,12.8,0.36053533207642463,339.0,130.8493536808262
2025-12-16 03:00:00,8379,3.2094971768701956,1.3754987900872264,12.8,0.20130796487448355,331.0,130.8493536808262
2025-12-16 04:00:00,8380,3.2519668627010647,1.393700084014742,12.8,0.0664766704606625,358.0,130.8493536808262
2025-12-16 05:00:00,8381,3.0957309357389704,1.326741829602416,12.8,0.0,403.0,130.8493536808262
2025-12-16 06:00:00,8382,3.2279412307512736,1.3834033846076885,12.8,0.0,459.0,130.8493536808262
2025-12-16 07:00:00,8383,3.2071571642552903,1.3744959275379816,12.8,0.0,497.0,130.8493536808262
2025-12-16 08:00:00,8384,3.6217884637682936,1.552195055900697,12.8,0.0,501.0,130.8493536808262
2025-12-16 09:00:00,8385,3.208902731307508,1.3752440277032176,12.8,0.0,500.0,130.8493536808262
2025-12-16 10:00:00,8386,3.547545888140119,1.5203768092029082,12.8,0.6595184935211837,500.0,130.8493536808262
2025-12-16 11:00:00,8387,3.618782249033263,1.5509066781571124,12.7,0.5560148902133064,500.0,130.8493536808262
2025-12-16 12:00:00,8388,3.629918263004032,1.5556792555731567,12.7,0.5902675882839117,499.0,130.8493536808262
2025-12-16 13:00:00,8389,3.8282340033194773,1.6406717157083472,12.7,0.6227150508354042,498.0,130.8493536808262
2025-12-16 14:00:00,8390,3.811376581996602,1.633447106569972,12.7,0.7212924429194995,498.0,130.8493536808262
2025-12-16 15:00:00,8391,3.8074956515523644,1.6317838506652989,12.6,0.8182936582261765,496.0,130.8493536808262
2025-12-16 16:00:00,8392,3.9144811002536777,1.6776347572515762,12.6,0.9649132961002009,497.0,130.8493536808262
2025-12-16 17:00:00,8393,3.9691086851174155,1.7010465793360352,12.6,0.9416255525165574,498.0,130.8493536808262
2025-12-16 18:00:00,8394,3.9324218171604004,1.6853236359258859,12.6,0.7874552743005201,499.0,130.8493536808262
2025-12-16 19:00:00,8395,4.056295934899413,1.7384125435283202,12.6,0.9309382827223089,499.0,130.8493536808262
2025-12-16 20:00:00,8396,3.94616187385119,1.69121223165051,12.6,0.948076754416435,500.0,130.8493536808262
2025-12-16 21:00:00,8397,4.19582873803242,1.7982123162996086,12.6,0.773809676807361,500.0,130.8493536808262
2025-12-16 22:00:00,8398,4.134383760459752,1.7718787544827506,12.6,0.024993159316528273,486.0,130.8493536808262
2025-12-16 23:00:00,8399,4.265068807899784,1.8278866319570501,12.6,0.0,437.0,130.8493536808262
2025-12-17 00:00:00,8400,4.0972534183690765,1.7559657507296043,12.6,0.055280087788640984,392.0,130.8493536808262
2025-12-17 01:00:00,8401,4.748111625384139,2.034904982307488,12.6,0.0,349.0,130.8493536808262
2025-12-17 02:00:00,8402,4.31179963596144,1.8479141296977597,12.6,0.0,326.0,130.8493536808262
2025-12-17 03:00:00,8403,4.211185041367398,1.8047935891574562,12.6,0.05034283002229214,329.0,130.8493536808262
2025-12-17 04:00:00,8404,4.059326564868396,1.7397113849435981,12.6,0.4273579327119128,362.0,130.8493536808262
2025-12-17 05:00:00,8405,4.004762736480764,1.7163268870631845,12.6,1.457640238659085,408.0,130.8493536808262
2025-12-17 06:00:00,8406,3.6569921599707884,1.567282354273195,12.6,3.9782624832760094,461.0,130.8493536808262
2025-12-17 07:00:00,8407,3.945327282354715,1.690854549580592,12.6,6.377609263061611,498.0,130.8493536808262
2025-12-17 08:00:00,8408,4.16308105264874,1.784177593992317,12.6,9.446778534692237,500.0,130.8493536808262
2025-12-17 09:00:00,8409,3.944181827869018,1.6903636405152935,12.6,12.707629694045092,500.0,130.8493536808262
2025-12-17 10:00:00,8410,4.501038312531657,1.9290164196564246,12.6,14.268252641045553,499.0,130.8493536808262
2025-12-17 11:00:00,8411,4.038244126402722,1.7306760541725947,12.6,15.0,499.0,130.8493536808262
2025-12-17 12:00:00,8412,4.162757137748229,1.7840387733206695,12.6,13.216535075232155,499.0,130.8493536808262
2025-12-17 13:00:00,8413,5.146012435334153,2.205433900857494,12.6,11.003021700920415,497.0,130.8493536808262
2025-12-17 14:00:00,8414,4.455847571676426,1.9096489592898966,12.5,7.101193955757803,496.0,130.8493536808262
2025-12-17 15:00:00,8415,4.518046524540928,1.9363056533746832,12.5,5.21995491690947,494.0,130.8493536808262
2025-12-17 16:00:00,8416,4.572883150193499,1.9598070643686423,12.5,7.984781433109247,493.0,130.8493536808262
2025-12-17 17:00:00,8417,5.002100553399935,2.1437573800285437,12.4,8.218982091234045,494.0,130.8493536808262
2025-12-17 18:00:00,8418,4.865278032675987,2.085119156861137,12.4,8.417774208852757,493.0,130.8493536808262
2025-12-17 19:00:00,8419,4.980279082037355,2.134405320873152,12.4,8.87217629857131,493.0,130.8493536808262
2025-12-17 20:00:00,8420,4.605214191249701,1.9736632248213,12.4,8.88593612656718,495.0,130.8493536808262
2025-12-17 21:00:00,8421,4.879522692828639,2.0912240112122737,12.4,7.918694911347774,496.0,130.8493536808262
2025-12-17 22:00:00,8422,5.002841336039742,2.1440748583027465,12.4,3.910201500104572,483.0,130.8493536808262
2025-12-17 23:00:00,8423,5.120655018148529,2.1945664363493695,12.4,2.30785655539769,429.0,130.8493536808262
2025-12-18 00:00:00,8424,5.493593438920483,2.3543971881087784,12.4,1.3779987156741171,379.0,130.8493536808262
2025-12-18 01:00:00,8425,4.84566977437104,2.0767156175875883,12.4,1.1034072092688372,335.0,130.8493536808262
2025-12-18 02:00:00,8426,4.635408378515589,1.9866035907923947,12.4,1.1712227643367195,312.0,130.8493536808262
2025-12-18 03:00:00,8427,4.353507199369472,1.8657887997297733,12.4,1.0059325430512471,310.0,130.8493536808262
2025-12-18 04:00:00,8428,4.288028269947992,1.837726401406282,12.4,0.8393984817785621,346.0,130.8493536808262
2025-12-18 05:00:00,8429,4.3308076392664026,1.8560604168284582,12.5,0.6925590548057923,397.0,130.8493536808262
2025-12-18 06:00:00,8430,4.277567100339914,1.8332430430028201,12.5,0.7422781542024969,457.0,130.8493536808262
2025-12-18 07:00:00,8431,4.221094558183692,1.8090405249358679,12.5,1.4806697374958484,497.0,130.8493536808262
2025-12-18 08:00:00,8432,4.1708447955628545,1.7875049123840805,12.5,2.6075471148260037,501.0,130.8493536808262
2025-12-18 09:00:00,8433,3.892124698242477,1.6680534421039186,12.5,3.5377084844903273,501.0,130.8493536808262
2025-12-18 10:00:00,8434,4.076025439737591,1.7468680456018246,12.5,2.287764532876433,500.0,130.8493536808262
2025-12-18 11:00:00,8435,4.165819982063177,1.7853514208842187,12.4,2.3534287250951955,500.0,130.8493536808262
2025-12-18 12:00:00,8436,4.321816476734179,1.8522070614575052,12.4,1.8442257947717806,500.0,130.8493536808262
2025-12-18 13:00:00,8437,4.846526531765489,2.0770827993280663,12.4,2.5613749261929244,498.0,130.8493536808262
2025-12-18 14:00:00,8438,5.143238788921957,2.2042451952522675,12.4,2.9431011192960836,499.0,130.8493536808262
2025-12-18 15:00:00,8439,4.68623534396839,2.0083865759864525,12.4,3.081086324480657,498.0,130.8493536808262
2025-12-18 16:00:00,8440,5.323073362919542,2.2813171555369465,12.4,2.6010752855657446,500.0,130.8493536808262
2025-12-18 17:00:00,8441,4.762792760040132,2.0411968971600567,12.4,2.0318953318224584,500.0,130.8493536808262
2025-12-18 18:00:00,8442,4.455577396344827,1.9095331698620686,12.4,1.7893424823887625,500.0,130.8493536808262
2025-12-18 19:00:00,8443,4.574325415098251,1.96042517789925,12.4,1.580695507652413,501.0,130.8493536808262
2025-12-18 20:00:00,8444,4.652955552064983,1.9941238080278496,12.4,1.5353775710993398,501.0,130.8493536808262
2025-12-18 21:00:00,8445,4.647185537759556,1.9916509447540953,12.3,1.5899539115569545,502.0,130.8493536808262
2025-12-18 22:00:00,8446,4.942623861196461,2.1182673690841973,12.3,1.631849488724796,492.0,130.8493536808262
2025-12-18 23:00:00,8447,5.27563906164014,2.2609881692743454,12.3,1.482203518182695,450.0,130.8493536808262
2025-12-19 00:00:00,8448,5.167932349604992,2.2148281498307103,12.3,0.9869198004971135,414.0,130.8493536808262
2025-12-19 01:00:00,8449,4.712050341855367,2.019450146509443,12.3,0.9190191073642696,365.0,130.8493536808262
2025-12-19 02:00:00,8450,4.695185118905577,2.012222193816676,12.3,0.7551156061169909,336.0,130.8493536808262
2025-12-19 03:00:00,8451,4.996547748519886,2.1413776065085224,12.4,0.28766590468637876,324.0,130.8493536808262
2025-12-19 04:00:00,8452,4.751733476212506,2.036457204091074,12.4,0.033171545378615566,360.0,130.8493536808262
2025-12-19 05:00:00,8453,4.623006927747614,1.9812886833204058,12.4,0.0,408.0,130.8493536808262
2025-12-19 06:00:00,8454,4.510357850139336,1.9330105072025723,12.4,0.0,464.0,130.8493536808262
2025-12-19 07:00:00,8455,4.2260524314017545,1.8111653277436086,12.4,0.0,499.0,130.8493536808262
2025-12-19 08:00:00,8456,4.370479819298904,1.8730627796995303,12.4,0.0,501.0,130.8493536808262
2025-12-19 09:00:00,8457,4.331421322844781,1.8563234240763342,12.4,0.0,501.0,130.8493536808262
2025-12-19 10:00:00,8458,3.5233391255533264,1.510002482379997,12.3,0.0,501.0,130.8493536808262
2025-12-19 11:00:00,8459,3.804671475188446,1.630573489366477,12.3,0.0,501.0,130.8493536808262
2025-12-19 12:00:00,8460,3.918060658263993,1.679168853541711,12.3,0.0947063281256804,500.0,130.8493536808262
2025-12-19 13:00:00,8461,3.98491578429378,1.70782105041162,12.3,0.16866552144534294,499.0,130.8493536808262
2025-12-19 14:00:00,8462,4.158661796291572,1.7822836269821019,12.3,0.09758280362628191,498.0,130.8493536808262
2025-12-19 15:00:00,8463,4.277013888021088,1.8330059520090374,12.2,0.06135994485981112,499.0,130.8493536808262
2025-12-19 16:00:00,8464,4.508963975246003,1.932413132248287,12.2,0.36760006000141776,498.0,130.8493536808262
2025-12-19 17:00:00,8465,4.45208898972995,1.9080381384556928,12.2,0.7921172636581619,498.0,130.8493536808262
2025-12-19 18:00:00,8466,4.85217485348651,2.079503508637076,12.2,1.3805446813538098,498.0,130.8493536808262
2025-12-19 19:00:00,8467,4.504676483529224,1.9305756357982384,12.2,2.5775147877114635,498.0,130.8493536808262
2025-12-19 20:00:00,8468,5.4266569803715825,2.325710134444964,12.2,3.7778904780422597,497.0,130.8493536808262
2025-12-19 21:00:00,8469,5.111538663777041,2.190659427333017,12.2,5.757557287312771,498.0,130.8493536808262
2025-12-19 22:00:00,8470,4.968715351758995,2.1294494364681404,12.2,8.386271758668592,488.0,130.8493536808262
2025-12-19 23:00:00,8471,4.584887866080807,1.9649519426060604,12.2,7.256917839772366,456.0,130.8493536808262
2025-12-20 00:00:00,8472,5.272743049005791,2.2597470210024815,12.2,6.391918936996266,433.0,130.8493536808262
2025-12-20 01:00:00,8473,5.125053323047209,2.1964514241630892,12.2,5.340292035646499,429.0,130.8493536808262
2025-12-20 02:00:00,8474,4.398744938218286,1.8851764020935513,12.3,5.177209314886856,423.0,130.8493536808262
2025-12-20 03:00:00,8475,4.001312258532199,1.714848110799514,12.3,5.018570658443785,425.0,130.8493536808262
2025-12-20 04:00:00,8476,3.9735124725020796,1.7029339167866056,12.3,3.758530012976556,433.0,130.8493536808262
2025-12-20 05:00:00,8477,4.388670541641012,1.880858803560434,12.4,3.2622979035033026,450.0,130.8493536808262
2025-12-20 06:00:00,8478,4.37318010996204,1.8742200471265884,12.4,3.8930012240575227,482.0,130.8493536808262
2025-12-20 07:00:00,8479,4.178635989478154,1.7908439954906374,12.4,5.8211840159346,497.0,130.8493536808262
2025-12-20 08:00:00,8480,4.078924031952307,1.7481102994081317,12.4,7.726044441199477,498.0,130.8493536808262
2025-12-20 09:00:00,8481,4.403020045397405,1.8870085908846017,12.4,9.162542350902767,498.0,130.8493536808262
2025-12-20 10:00:00,8482,3.9120236048263024,1.6765815449255579,12.3,11.50831941437359,497.0,130.8493536808262
2025-12-20 11:00:00,8483,5.414855984501817,2.320652564786493,12.3,15.0,496.0,130.8493536808262
2025-12-20 12:00:00,8484,5.243549960186715,2.2472356972228775,12.3,14.982365243212525,495.0,130.8493536808262
2025-12-20 13:00:00,8485,5.66792055314372,2.4291088084901653,12.3,15.0,495.0,130.8493536808262
2025-12-20 14:00:00,8486,5.669357259635509,2.4297245398437894,12.3,15.0,494.0,130.8493536808262
2025-12-20 15:00:00,8487,5.655577039674714,2.4238187312891633,12.2,15.0,492.0,130.8493536808262
2025-12-20 16:00:00,8488,5.197838748273923,2.227645177831681,12.2,15.0,491.0,130.8493536808262
2025-12-20 17:00:00,8489,4.975923875945675,2.132538803976718,12.2,15.0,491.0,130.8493536808262
2025-12-20 18:00:00,8490,4.569904380952468,1.9585304489796291,12.2,15.0,492.0,130.8493536808262
2025-12-20 19:00:00,8491,4.734767403556752,2.0291860300957505,12.2,15.0,492.0,130.8493536808262
2025-12-20 20:00:00,8492,4.64280088202093,1.9897718065803984,12.2,15.0,492.0,130.8493536808262
2025-12-20 21:00:00,8493,4.508149367607363,1.9320640146888695,12.2,15.0,492.0,130.8493536808262
2025-12-20 22:00:00,8494,4.404448263078363,1.8876206841764411,12.2,15.0,486.0,130.8493536808262
2025-12-20 23:00:00,8495,4.830899089446202,2.070385324048372,12.2,15.0,463.0,130.8493536808262
2025-12-21 00:00:00,8496,5.267981315473099,2.2577062780598998,12.2,15.0,442.0,130.8493536808262
2025-12-21 01:00:00,8497,5.179088097671237,2.219609184716244,12.2,15.0,423.0,130.8493536808262
2025-12-21 02:00:00,8498,4.61990270005274,1.9799583000226029,12.3,14.28138889470623,415.0,130.8493536808262
2025-12-21 03:00:00,8499,4.676039020879702,2.004016723234158,12.3,10.608615610797024,436.0,130.8493536808262
2025-12-21 04:00:00,8500,4.67510703416416,2.003617300356068,12.3,8.712102917445353,466.0,130.8493536808262
2025-12-21 05:00:00,8501,4.694010073418111,2.011718602893476,12.4,8.405860959065967,480.0,130.8493536808262
2025-12-21 06:00:00,8502,4.104935157403503,1.7592579246015012,12.4,8.656679206368903,489.0,130.8493536808262
2025-12-21 07:00:00,8503,4.208096061132244,1.8034697404852473,12.4,9.212615604374498,494.0,130.8493536808262
2025-12-21 08:00:00,8504,5.167899339866189,2.214814002799795,12.4,14.48007756670565,496.0,130.8493536808262
2025-12-21 09:00:00,8505,5.430803591617154,2.3274872535502094,12.4,12.166860563627079,496.0,130.8493536808262
2025-12-21 10:00:00,8506,6.0223407766469075,2.5810031899915318,12.4,9.850185199596035,495.0,130.8493536808262
2025-12-21 11:00:00,8507,5.761273361967168,2.4691171551287865,12.4,9.578675431580747,494.0,130.8493536808262
2025-12-21 12:00:00,8508,5.695976332589618,2.441132713966979,12.4,5.858892386397463,493.0,130.8493536808262
2025-12-21 13:00:00,8509,4.574194255775884,1.9603689667610933,12.4,4.508771171788975,492.0,130.8493536808262
2025-12-21 14:00:00,8510,4.805523250537554,2.0595099645160944,12.4,8.58759800088975,490.0,130.8493536808262
2025-12-21 15:00:00,8511,4.555227112886167,1.952240191236929,12.4,13.592818233250991,488.0,130.8493536808262
2025-12-21 16:00:00,8512,4.2323709153332185,1.813873249428522,12.3,13.673098086565343,487.0,130.8493536808262
2025-12-21 17:00:00,8513,4.5391100768901556,1.9453328900957811,12.3,13.373176630600586,487.0,130.8493536808262
2025-12-21 18:00:00,8514,4.769553194568384,2.044094226243593,12.3,14.523462601427495,487.0,130.8493536808262
2025-12-21 19:00:00,8515,4.76301393837926,2.0412916878768255,12.3,15.0,487.0,130.8493536808262
2025-12-21 20:00:00,8516,4.8319726303340955,2.0708454130003267,12.3,15.0,489.0,130.8493536808262
2025-12-21 21:00:00,8517,4.505009533194158,1.9307183713689249,12.2,15.0,493.0,130.8493536808262
2025-12-21 22:00:00,8518,5.16400665197067,2.21314570798743,12.2,15.0,487.0,130.8493536808262
2025-12-21 23:00:00,8519,4.706537000924802,2.01708728611063,12.2,15.0,450.0,130.8493536808262
2025-12-22 00:00:00,8520,5.0337602198176885,2.157325808493295,12.2,15.0,406.0,130.8493536808262
2025-12-22 01:00:00,8521,4.605575480660413,1.9738180631401767,12.2,12.704549282847688,360.0,130.8493536808262
2025-12-22 02:00:00,8522,4.126095600214011,1.7683266858060045,12.2,10.147334135597484,340.0,130.8493536808262
2025-12-22 03:00:00,8523,3.7134907879894774,1.5914960519954902,12.2,9.052121965624263,333.0,130.8493536808262
2025-12-22 04:00:00,8524,3.534203340997759,1.5146585747133252,12.2,8.303517293864791,370.0,130.8493536808262
2025-12-22 05:00:00,8525,3.425209149749758,1.4679467784641818,12.2,8.283442318301347,411.0,130.8493536808262
2025-12-22 06:00:00,8526,3.8032186237563295,1.6299508387527126,12.2,9.103849653198994,462.0,130.8493536808262
2025-12-22 07:00:00,8527,3.272295259528284,1.40241225408355,12.2,9.769120720965766,498.0,130.8493536808262
2025-12-22 08:00:00,8528,3.546870748076386,1.5200874634613084,12.2,10.359600512819377,502.0,130.8493536808262
2025-12-22 09:00:00,8529,3.9512089741613536,1.6933752746405801,12.2,11.602010956725247,502.0,130.8493536808262
2025-12-22 10:00:00,8530,4.425285014793861,1.8965507206259404,12.2,13.147197257471616,501.0,130.8493536808262
2025-12-22 11:00:00,8531,4.6919859324845365,2.010851113921944,12.2,10.806082923197305,501.0,130.8493536808262
2025-12-22 12:00:00,8532,4.456629986743961,1.9099842800331257,12.2,10.00537870952931,501.0,130.8493536808262
2025-12-22 13:00:00,8533,4.402625222832668,1.8868393812140007,12.2,9.935525282462917,501.0,130.8493536808262
2025-12-22 14:00:00,8534,4.616287713261153,1.9784090199690652,12.1,9.74790270976941,501.0,130.8493536808262
2025-12-22 15:00:00,8535,4.961084129289857,2.126178912552796,12.1,9.255955224137397,500.0,130.8493536808262
2025-12-22 16:00:00,8536,4.98592216142918,2.1368237834696484,12.1,8.203149053196698,501.0,130.8493536808262
2025-12-22 17:00:00,8537,4.714225160689477,2.020382211724061,12.1,6.795532791530942,501.0,130.8493536808262
2025-12-22 18:00:00,8538,4.948424317831053,2.1207532790704513,12.1,6.205245194764037,501.0,130.8493536808262
2025-12-22 19:00:00,8539,4.735623830614171,2.0295530702632156,12.1,5.187036107653907,501.0,130.8493536808262
2025-12-22 20:00:00,8540,4.640906834799047,1.988960072056734,12.1,3.7994145181532932,501.0,130.8493536808262
2025-12-22 21:00:00,8541,4.933628631645851,2.114412270705365,12.1,4.257607242242745,503.0,130.8493536808262
2025-12-22 22:00:00,8542,5.186174283414708,2.222646121463446,12.1,4.3441380195259764,490.0,130.8493536808262
2025-12-22 23:00:00,8543,5.130543067615698,2.198804171835299,12.1,3.9704815824687163,442.0,130.8493536808262
2025-12-23 00:00:00,8544,5.642573923758853,2.418245967325223,12.1,2.341450232038813,394.0,130.8493536808262
2025-12-23 01:00:00,8545,5.06339824360416,2.170027818687497,12.1,3.028013430823396,353.0,130.8493536808262
2025-12-23 02:00:00,8546,5.006764591911562,2.1457562536763835,12.1,4.088809113732042,340.0,130.8493536808262
2025-12-23 03:00:00,8547,4.597060300690954,1.970168700296123,12.1,3.4103394337270427,349.0,130.8493536808262
2025-12-23 04:00:00,8548,4.472974494452185,1.9169890690509364,12.1,1.917020183562492,383.0,130.8493536808262
2025-12-23 05:00:00,8549,4.430704652955061,1.8988734226950261,12.1,1.1929063179579036,419.0,130.8493536808262
2025-12-23 06:00:00,8550,4.652723795959341,1.9940244839825745,12.1,0.8022997719892994,463.0,130.8493536808262
2025-12-23 07:00:00,8551,4.433999135224735,1.9002853436677436,12.1,0.45917617461433535,500.0,130.8493536808262
2025-12-23 08:00:00,8552,3.634972318260913,1.5578452792546769,12.1,0.34653899516547415,503.0,130.8493536808262
2025-12-23 09:00:00,8553,3.485936974327495,1.4939729889974978,12.1,0.34928161559985743,502.0,130.8493536808262
2025-12-23 10:00:00,8554,3.738162385184055,1.602069593650309,12.1,0.5964097195899882,502.0,130.8493536808262
2025-12-23 11:00:00,8555,3.4573537243401242,1.481723024717196,12.1,0.23749227730744654,502.0,130.8493536808262
2025-12-23 12:00:00,8556,3.4394208198051857,1.4740374942022223,12.1,0.4289763578587535,502.0,130.8493536808262
2025-12-23 13:00:00,8557,3.423429879588678,1.4671842341094334,12.1,0.43974179973144356,500.0,130.8493536808262
2025-12-23 14:00:00,8558,3.6858765531999933,1.5796613799428543,12.1,0.1270143072074494,500.0,130.8493536808262
2025-12-23 15:00:00,8559,3.5716907431484755,1.5307246042064895,12.1,0.0,498.0,130.8493536808262
2025-12-23 16:00:00,8560,3.7070195776934285,1.5887226761543265,12.0,0.0,499.0,130.8493536808262
2025-12-23 17:00:00,8561,3.6380041285941047,1.5591446265403306,12.0,0.0,500.0,130.8493536808262
2025-12-23 18:00:00,8562,3.8089733858597135,1.6324171653684485,12.0,0.0,501.0,130.8493536808262
2025-12-23 19:00:00,8563,4.677675027999417,2.0047178691426075,12.0,0.0,501.0,130.8493536808262
2025-12-23 20:00:00,8564,4.807495598772334,2.0603552566167145,12.0,0.0,502.0,130.8493536808262
2025-12-23 21:00:00,8565,4.436910706187534,1.9015331597946574,12.0,0.0,501.0,130.8493536808262
2025-12-23 22:00:00,8566,4.469589877504044,1.9155385189303042,12.0,0.0,499.0,130.8493536808262
2025-12-23 23:00:00,8567,4.421241199730842,1.8948176570275035,11.9,0.0,494.0,130.8493536808262
2025-12-24 00:00:00,8568,4.825798006376861,2.0681991455900834,11.9,0.0,487.0,130.8493536808262
2025-12-24 01:00:00,8569,4.794621892950991,2.054837954121853,11.9,0.0,485.0,130.8493536808262
2025-12-24 02:00:00,8570,4.7169976469620725,2.0215704201266025,11.9,0.0,481.0,130.8493536808262
2025-12-24 03:00:00,8571,4.383286902418901,1.8785515296081003,11.8,0.0,479.0,130.8493536808262
2025-12-24 04:00:00,8572,4.452697808580228,1.9082990608200978,11.8,5.053982689584869,484.0,130.8493536808262
2025-12-24 05:00:00,8573,4.556815488204757,1.952920923516324,11.7,14.413652750654368,492.0,130.8493536808262
2025-12-24 06:00:00,8574,4.4679074660511455,1.9148174854504907,11.6,4.599593945785304,500.0,130.8493536808262
2025-12-24 07:00:00,8575,4.212543894128007,1.8053759546262884,11.6,0.41033129593625045,504.0,130.8493536808262
2025-12-24 08:00:00,8576,4.641314111693907,1.9891346192973889,11.6,0.2827465361326362,504.0,130.8493536808262
2025-12-24 09:00:00,8577,5.181724378757368,2.2207390194674432,11.6,0.027663317507726812,504.0,130.8493536808262
2025-12-24 10:00:00,8578,4.972852349826863,2.131222435640084,11.6,6.477797473518833,503.0,130.8493536808262
2025-12-24 11:00:00,8579,4.5415559561608205,1.9463811240689228,11.6,7.730121418812366,503.0,130.8493536808262
2025-12-24 12:00:00,8580,4.689051780017625,2.009593620007553,11.6,8.907427562359405,503.0,130.8493536808262
2025-12-24 13:00:00,8581,4.898622951155612,2.0994098362095475,11.6,12.62721721192612,500.0,130.8493536808262
2025-12-24 14:00:00,8582,4.822330003583072,2.066712858678459,11.6,9.816246742352545,500.0,130.8493536808262
2025-12-24 15:00:00,8583,4.919002618058251,2.108143979167822,11.5,9.326864329679323,499.0,130.8493536808262
2025-12-24 16:00:00,8584,4.778097752589348,2.0477561796811488,11.5,15.0,498.0,130.8493536808262
2025-12-24 17:00:00,8585,4.803807786684516,2.0587747657219353,11.5,11.70791582021773,500.0,130.8493536808262
2025-12-24 18:00:00,8586,5.055551551851862,2.1666649507936553,11.5,3.934665296721898,499.0,130.8493536808262
2025-12-24 19:00:00,8587,5.007438319099448,2.1460449938997637,11.5,1.4689311470369348,498.0,130.8493536808262
2025-12-24 20:00:00,8588,5.336961285935288,2.287269122543695,11.5,0.37201980818384506,501.0,130.8493536808262
2025-12-24 21:00:00,8589,5.368868843867352,2.300943790228865,11.5,0.27929790275365185,500.0,130.8493536808262
2025-12-24 22:00:00,8590,5.291378524153565,2.2677336532086705,11.5,0.0,494.0,130.8493536808262
2025-12-24 23:00:00,8591,5.146877710301803,2.2058047329864867,11.5,0.012539016217403358,470.0,130.8493536808262
2025-12-25 00:00:00,8592,5.582812421819895,2.392633895065669,11.5,1.4959714219559002,450.0,130.8493536808262
2025-12-25 01:00:00,8593,5.2256244464656305,2.239553334199556,11.5,1.1707287501384156,453.0,130.8493536808262
2025-12-25 02:00:00,8594,5.470139198746747,2.3443453708914626,11.6,0.4122335638515393,466.0,130.8493536808262
2025-12-25 03:00:00,8595,5.442772010420938,2.3326165758946873,11.6,0.0,467.0,130.8493536808262
2025-12-25 04:00:00,8596,6.149460495995851,2.6354830697125076,11.6,0.0,473.0,130.8493536808262
2025-12-25 05:00:00,8597,6.093156791979087,2.6113529108481797,11.6,0.2557197825711074,489.0,130.8493536808262
2025-12-25 06:00:00,8598,6.014558669128203,2.5776680010549438,11.6,0.715880949792214,499.0,130.8493536808262
2025-12-25 07:00:00,8599,5.745412501700708,2.4623196435860173,11.6,0.5389262160924841,503.0,130.8493536808262
2025-12-25 08:00:00,8600,6.132840864954063,2.6283603706945984,11.6,0.3893508413403277,502.0,130.8493536808262
2025-12-25 09:00:00,8601,6.101013135895689,2.614719915383867,11.6,0.4224940765160739,502.0,130.8493536808262
2025-12-25 10:00:00,8602,5.909945182532956,2.532833649656981,11.6,0.825428339884806,502.0,130.8493536808262
2025-12-25 11:00:00,8603,4.783725287873189,2.050167980517081,11.6,8.026946408078114,501.0,130.8493536808262
2025-12-25 12:00:00,8604,5.454667156673668,2.3377144957172864,11.6,9.191762538196091,501.0,130.8493536808262
2025-12-25 13:00:00,8605,5.355484831691626,2.2952077850106973,11.6,4.369698331547011,499.0,130.8493536808262
2025-12-25 14:00:00,8606,5.884743111684253,2.522032762150394,11.6,1.7201385450989937,498.0,130.8493536808262
2025-12-25 15:00:00,8607,5.153972551908687,2.208845379389437,11.5,0.4678536546450185,496.0,130.8493536808262
2025-12-25 16:00:00,8608,4.798073543622024,2.056317232980867,11.5,0.24181164364646407,495.0,130.8493536808262
2025-12-25 17:00:00,8609,6.024133660831313,2.5817715689277057,11.5,0.7858124033529599,495.0,130.8493536808262
2025-12-25 18:00:00,8610,5.668581618543558,2.4293921222329535,11.5,15.0,494.0,130.8493536808262
2025-12-25 19:00:00,8611,4.671365653265717,2.002013851399593,11.5,15.0,494.0,130.8493536808262
2025-12-25 20:00:00,8612,5.777433260504699,2.4760428259305853,11.6,15.0,494.0,130.8493536808262
2025-12-25 21:00:00,8613,5.732059633017372,2.456596985578874,11.6,15.0,495.0,130.8493536808262
2025-12-25 22:00:00,8614,6.088224247810552,2.609238963347379,11.6,15.0,487.0,130.8493536808262
2025-12-25 23:00:00,8615,5.630366228641016,2.4130140979890062,11.6,15.0,441.0,130.8493536808262
2025-12-26 00:00:00,8616,6.231265836265484,2.670542501256636,11.6,15.0,391.0,130.8493536808262
2025-12-26 01:00:00,8617,5.974789499940642,2.560624071403132,11.6,15.0,357.0,130.8493536808262
2025-12-26 02:00:00,8618,5.571820866923126,2.3879232286813394,11.6,10.571068091732398,333.0,130.8493536808262
2025-12-26 03:00:00,8619,5.1252488719695215,2.19653523084408,11.6,7.377381793477409,332.0,130.8493536808262
2025-12-26 04:00:00,8620,4.208373829086372,1.803588783894159,11.6,6.810554543940879,366.0,130.8493536808262
2025-12-26 05:00:00,8621,5.684975512030173,2.4364180765843595,11.6,10.002166656443649,407.0,130.8493536808262
2025-12-26 06:00:00,8622,5.5980317048073776,2.399156444917448,11.6,15.0,459.0,130.8493536808262
2025-12-26 07:00:00,8623,5.458092910424389,2.3391826758961662,11.6,15.0,496.0,130.8493536808262
2025-12-26 08:00:00,8624,5.723469925887564,2.452915682523242,11.6,15.0,499.0,130.8493536808262
2025-12-26 09:00:00,8625,5.730541672453217,2.4559464310513786,11.6,15.0,499.0,130.8493536808262
2025-12-26 10:00:00,8626,5.745371820377612,2.4623022087332624,11.6,6.518664063010646,499.0,130.8493536808262
2025-12-26 11:00:00,8627,5.7517673554169715,2.465043152321559,11.5,4.761913253230625,498.0,130.8493536808262
2025-12-26 12:00:00,8628,5.747002096077467,2.4630008983189144,11.5,7.6540539301338635,498.0,130.8493536808262
2025-12-26 13:00:00,8629,5.811185722365227,2.4905081667279543,11.5,6.835398830125155,498.0,130.8493536808262
2025-12-26 14:00:00,8630,5.351786815786333,2.2936229210512855,11.4,6.267729352404838,496.0,130.8493536808262
2025-12-26 15:00:00,8631,5.375099766846823,2.3036141857914956,11.4,5.0541998982022065,495.0,130.8493536808262
2025-12-26 16:00:00,8632,5.478922901552682,2.3481098149511497,11.4,4.068833718537795,494.0,130.8493536808262
2025-12-26 17:00:00,8633,5.538636913909857,2.373701534532796,11.4,3.9483808733489054,494.0,130.8493536808262
2025-12-26 18:00:00,8634,5.364473994924245,2.2990602835389615,11.4,4.032652447513806,495.0,130.8493536808262
2025-12-26 19:00:00,8635,4.986190733351694,2.136938885722154,11.4,4.165695373917758,495.0,130.8493536808262
2025-12-26 20:00:00,8636,5.495362614198012,2.355155406084862,11.4,3.872201337448514,496.0,130.8493536808262
2025-12-26 21:00:00,8637,5.264857027218955,2.2563672973795517,11.4,3.329632020807292,497.0,130.8493536808262
2025-12-26 22:00:00,8638,5.424875242170239,2.3249465323586733,11.4,1.5468972737014066,490.0,130.8493536808262
2025-12-26 23:00:00,8639,5.657500203307528,2.424642944274655,11.4,0.6943266728630452,452.0,130.8493536808262
2025-12-27 00:00:00,8640,5.656879169386444,2.4243767868799044,11.4,1.6623100626276601,418.0,130.8493536808262
2025-12-27 01:00:00,8641,4.910760164162561,2.1046114989268117,11.4,1.4083665744085632,385.0,130.8493536808262
2025-12-27 02:00:00,8642,5.052689633641405,2.165438414417745,11.4,1.0835908747011807,374.0,130.8493536808262
2025-12-27 03:00:00,8643,3.9343875260784613,1.6861660826050549,11.4,1.1390491449550237,381.0,130.8493536808262
2025-12-27 04:00:00,8644,3.3758034624791637,1.4467729124910702,11.4,0.8745155726098306,400.0,130.8493536808262
2025-12-27 05:00:00,8645,4.688515345098902,2.0093637193281007,11.4,0.36661590988982967,424.0,130.8493536808262
2025-12-27 06:00:00,8646,5.260429486943021,2.2544697801184372,11.4,0.07198386935790109,461.0,130.8493536808262
2025-12-27 07:00:00,8647,5.153181941516816,2.208506546364349,11.4,0.0,495.0,130.8493536808262
2025-12-27 08:00:00,8648,5.328617120325539,2.283693051568088,11.4,0.0,500.0,130.8493536808262
2025-12-27 09:00:00,8649,5.383166279124396,2.307071262481884,11.4,0.0,500.0,130.8493536808262
2025-12-27 10:00:00,8650,5.825633285168545,2.4966999793579476,11.4,0.20927475578301027,500.0,130.8493536808262
2025-12-27 11:00:00,8651,5.091423545713097,2.1820386624484702,11.4,0.0,499.0,130.8493536808262
2025-12-27 12:00:00,8652,5.740653698513123,2.460280156505624,11.4,0.0,498.0,130.8493536808262
2025-12-27 13:00:00,8653,5.150458029573639,2.2073391555315593,11.4,0.0,497.0,130.8493536808262
2025-12-27 14:00:00,8654,5.465500002149621,2.342357143778409,11.3,0.0,497.0,130.8493536808262
2025-12-27 15:00:00,8655,5.554138477995997,2.380345061998284,11.3,0.0,496.0,130.8493536808262
2025-12-27 16:00:00,8656,5.678355716117647,2.433581021193277,11.3,0.05575028630426457,495.0,130.8493536808262
2025-12-27 17:00:00,8657,5.50177875826941,2.357905182115461,11.2,0.1704515723601547,497.0,130.8493536808262
2025-12-27 18:00:00,8658,5.485993862456073,2.3511402267668884,11.2,0.21691051958889243,496.0,130.8493536808262
2025-12-27 19:00:00,8659,5.006496793432379,2.145641482899591,11.2,0.5522728365314306,496.0,130.8493536808262
2025-12-27 20:00:00,8660,5.5255386702030265,2.368088001515583,11.2,1.0986520519521639,496.0,130.8493536808262
2025-12-27 21:00:00,8661,5.567177625022666,2.3859332678668568,11.2,1.0528943363689274,496.0,130.8493536808262
2025-12-27 22:00:00,8662,5.555524619645901,2.3809391227053855,11.2,1.3636729356517934,484.0,130.8493536808262
2025-12-27 23:00:00,8663,5.28669792182729,2.265727680783124,11.2,1.4492309171509525,424.0,130.8493536808262
2025-12-28 00:00:00,8664,5.338567236571347,2.2879573871020056,11.2,1.3923034333811943,356.0,130.8493536808262
2025-12-28 01:00:00,8665,5.398517486632537,2.3136503514139446,11.2,1.306331165881642,300.0,130.8493536808262
2025-12-28 02:00:00,8666,5.250745504015281,2.2503195017208344,11.2,1.6550505951082777,262.0,130.8493536808262
2025-12-28 03:00:00,8667,5.413261160473949,2.3199690687745496,11.2,1.7186597353737034,254.0,130.8493536808262
2025-12-28 04:00:00,8668,5.415798101762871,2.3210563293269444,11.2,1.3037188277877698,279.0,130.8493536808262
2025-12-28 05:00:00,8669,5.347277233386329,2.291690242879855,11.2,0.848190107859788,342.0,130.8493536808262
2025-12-28 06:00:00,8670,5.3674187295985565,2.3003223126850956,11.2,0.6492257306801532,429.0,130.8493536808262
2025-12-28 07:00:00,8671,5.270628539153742,2.258840802494461,11.2,0.7476257340309724,491.0,130.8493536808262
2025-12-28 08:00:00,8672,4.78425095180603,2.050393265059727,11.2,1.0839500995048976,499.0,130.8493536808262
2025-12-28 09:00:00,8673,4.560315252809515,1.9544208226326494,11.2,1.7096688403042977,499.0,130.8493536808262
2025-12-28 10:00:00,8674,4.8157737914182475,2.063903053464963,11.2,0.2984795110392904,499.0,130.8493536808262
2025-12-28 11:00:00,8675,4.844945357136233,2.0764051530583854,11.2,0.5109721060160654,499.0,130.8493536808262
2025-12-28 12:00:00,8676,4.263474439967425,1.8272033314146108,11.2,0.7894523222738058,499.0,130.8493536808262
2025-12-28 13:00:00,8677,4.800714569665739,2.057449101285316,11.2,1.1527073595406916,498.0,130.8493536808262
2025-12-28 14:00:00,8678,4.324477189485038,1.853347366922159,11.2,1.0789004610945634,499.0,130.8493536808262
2025-12-28 15:00:00,8679,4.776714470679142,2.047163344576775,11.1,0.5910289315293674,499.0,130.8493536808262
2025-12-28 16:00:00,8680,4.841058465251822,2.0747393422507807,11.1,0.27877792685087666,498.0,130.8493536808262
2025-12-28 17:00:00,8681,4.810438425206807,2.0616164679457745,11.1,0.09812918918417099,499.0,130.8493536808262
2025-12-28 18:00:00,8682,4.904472312047776,2.1019167051633323,11.1,0.0,499.0,130.8493536808262
2025-12-28 19:00:00,8683,5.407119423778362,2.3173368959050125,11.1,0.0,499.0,130.8493536808262
2025-12-28 20:00:00,8684,5.750938305402156,2.464687845172352,11.1,0.0,500.0,130.8493536808262
2025-12-28 21:00:00,8685,4.952860085172695,2.122654322216869,11.1,0.0,500.0,130.8493536808262
2025-12-28 22:00:00,8686,4.699835516343477,2.014215221290061,11.1,0.0,489.0,130.8493536808262
2025-12-28 23:00:00,8687,5.378580333917949,2.3051058573934067,11.1,0.0,435.0,130.8493536808262
2025-12-29 00:00:00,8688,5.4608225951495175,2.340352540778364,11.1,0.0,387.0,130.8493536808262
2025-12-29 01:00:00,8689,5.312929575791534,2.276969818196372,11.1,0.0,332.0,130.8493536808262
2025-12-29 02:00:00,8690,4.936793825597313,2.115768782398848,11.2,0.0,287.0,130.8493536808262
2025-12-29 03:00:00,8691,4.6339340113201155,1.9859717191371924,11.2,0.023327670931135563,274.0,130.8493536808262
2025-12-29 04:00:00,8692,4.344790498213161,1.8620530706627834,11.2,0.9228093594762526,302.0,130.8493536808262
2025-12-29 05:00:00,8693,4.55193527477962,1.95082940347698,11.2,2.0018260108371315,355.0,130.8493536808262
2025-12-29 06:00:00,8694,4.203332413772619,1.8014281773311223,11.2,3.082700885761716,431.0,130.8493536808262
2025-12-29 07:00:00,8695,4.127781591445235,1.7690492534765292,11.2,4.6424538090633956,490.0,130.8493536808262
2025-12-29 08:00:00,8696,3.5415880568005025,1.517823452914501,11.2,7.451310850060916,499.0,130.8493536808262
2025-12-29 09:00:00,8697,3.9199730310914065,1.679988441896317,11.2,11.534605346206147,500.0,130.8493536808262
2025-12-29 10:00:00,8698,3.916237109570888,1.6783873326732375,11.2,13.38828879744407,499.0,130.8493536808262
2025-12-29 11:00:00,8699,4.09130782024184,1.7534176372465027,11.2,15.0,499.0,130.8493536808262
2025-12-29 12:00:00,8700,4.75090311410711,2.0361013346173324,11.2,15.0,497.0,130.8493536808262
2025-12-29 13:00:00,8701,4.8257876876695,2.068194723286928,11.2,15.0,496.0,130.8493536808262
2025-12-29 14:00:00,8702,4.718932908681765,2.02239981800647,11.1,15.0,496.0,130.8493536808262
2025-12-29 15:00:00,8703,4.861611619146614,2.08354783677712,11.1,15.0,496.0,130.8493536808262
2025-12-29 16:00:00,8704,4.836114541066708,2.072620517600018,11.1,15.0,497.0,130.8493536808262
2025-12-29 17:00:00,8705,4.970833160944666,2.130357068976285,11.1,15.0,497.0,130.8493536808262
2025-12-29 18:00:00,8706,4.954924771783055,2.1235391879070233,11.1,13.711173398740085,497.0,130.8493536808262
2025-12-29 19:00:00,8707,4.8850149655844,2.0935778423933145,11.1,12.13833909474392,497.0,130.8493536808262
2025-12-29 20:00:00,8708,4.679759628101179,2.005611269186219,11.1,9.41898021968005,496.0,130.8493536808262
2025-12-29 21:00:00,8709,4.823217171585821,2.0670930735367805,11.1,7.273362486999239,496.0,130.8493536808262
2025-12-29 22:00:00,8710,4.717386913040714,2.02173724844602,11.1,7.799076151504181,480.0,130.8493536808262
2025-12-29 23:00:00,8711,4.9346767882181926,2.1148614806649393,11.1,5.148528429605718,413.0,130.8493536808262
2025-12-30 00:00:00,8712,5.286277510370551,2.265547504444522,11.1,4.19801658676086,341.0,130.8493536808262
2025-12-30 01:00:00,8713,4.828503315500036,2.0693585637857295,11.1,3.0321110936128695,278.0,130.8493536808262
2025-12-30 02:00:00,8714,4.662617440108847,1.9982646171895058,11.1,2.4351976088418525,246.0,130.8493536808262
2025-12-30 03:00:00,8715,4.234204142949135,1.814658918406772,11.1,2.1501791579754532,242.0,130.8493536808262
2025-12-30 04:00:00,8716,3.7276724110230095,1.5975738904384327,11.1,1.767032639463034,279.0,130.8493536808262
2025-12-30 05:00:00,8717,3.95958630208253,1.69696555803537,11.2,1.1294294218027987,341.0,130.8493536808262
2025-12-30 06:00:00,8718,3.903414215629713,1.6728918066984484,11.2,0.8157599363834527,426.0,130.8493536808262
2025-12-30 07:00:00,8719,4.056563145666523,1.7385270624285099,11.2,0.7126558857682715,487.0,130.8493536808262
2025-12-30 08:00:00,8720,4.3616785921948855,1.8692908252263793,11.1,0.5207972978048218,495.0,130.8493536808262
2025-12-30 09:00:00,8721,4.070061875466674,1.7443122323428604,11.1,0.22692682093587163,495.0,130.8493536808262
2025-12-30 10:00:00,8722,3.7286654522337184,1.5979994795287364,11.1,0.0,495.0,130.8493536808262
2025-12-30 11:00:00,8723,4.589442178497802,1.9669037907847722,11.1,0.0,496.0,130.8493536808262
2025-12-30 12:00:00,8724,3.80301830326066,1.6298649871117112,11.1,0.0,495.0,130.8493536808262
2025-12-30 13:00:00,8725,4.476299310023984,1.918413990010279,11.1,0.0,495.0,130.8493536808262
2025-12-30 14:00:00,8726,4.462580717539421,1.9125345932311801,11.1,0.15506986240970747,495.0,130.8493536808262
2025-12-30 15:00:00,8727,5.115351678558563,2.1922935765250977,11.1,0.2242568907241599,492.0,130.8493536808262
2025-12-30 16:00:00,8728,4.639812357582964,1.988491010392699,11.1,0.33572619205697335,493.0,130.8493536808262
2025-12-30 17:00:00,8729,4.56154737811413,1.954948876334627,11.1,0.7480193550945393,493.0,130.8493536808262
2025-12-30 18:00:00,8730,4.282500328403519,1.835357283601508,11.1,1.198958304907023,492.0,130.8493536808262
2025-12-30 19:00:00,8731,4.355680588452545,1.8667202521939477,11.1,1.855062436102329,493.0,130.8493536808262
2025-12-30 20:00:00,8732,4.217806236262572,1.8076312441125304,11.1,1.688523052052822,492.0,130.8493536808262
2025-12-30 21:00:00,8733,4.75278318108492,2.0369070776078226,11.1,1.310179411004824,493.0,130.8493536808262
2025-12-30 22:00:00,8734,4.521227965170865,1.9376691279303706,11.1,1.207823459579841,480.0,130.8493536808262
2025-12-30 23:00:00,8735,4.455607809521633,1.9095462040806999,11.0,1.3974743789255255,413.0,130.8493536808262
2025-12-31 00:00:00,8736,3.3201583171384046,1.4229249930593164,11.0,0.9260378606675032,341.0,130.8493536808262
2025-12-31 01:00:00,8737,3.790024847272315,1.6242963631167062,11.0,0.5308946881324075,281.0,130.8493536808262
2025-12-31 02:00:00,8738,3.619063569924452,1.5510272442533368,10.9,0.1931184790890185,254.0,130.8493536808262
2025-12-31 03:00:00,8739,3.65753816334586,1.5675163557196543,10.9,0.0,257.0,130.8493536808262
2025-12-31 04:00:00,8740,3.5291193595375314,1.512479725516085,10.9,0.0,291.0,130.8493536808262
2025-12-31 05:00:00,8741,3.4939618067504172,1.4974122028930357,10.9,0.0,356.0,130.8493536808262
2025-12-31 06:00:00,8742,3.3099614819854217,1.4185549208508947,10.9,0.0,434.0,130.8493536808262
2025-12-31 07:00:00,8743,3.586586725493399,1.5371085966400282,10.8,0.0,489.0,130.8493536808262
2025-12-31 08:00:00,8744,4.010797094525162,1.7189130405107838,10.8,0.0,497.0,130.8493536808262
2025-12-31 09:00:00,8745,4.097683612081474,1.756150119463489,10.8,0.0,496.0,130.8493536808262
2025-12-31 10:00:00,8746,4.158176499163053,1.7820756424984514,10.8,0.08728738403947331,496.0,130.8493536808262
2025-12-31 11:00:00,8747,4.260290363270572,1.825838727115959,10.7,0.03620899455254336,495.0,130.8493536808262
2025-12-31 12:00:00,8748,4.081555924404652,1.7492382533162796,10.7,0.0,494.0,130.8493536808262
2025-12-31 13:00:00,8749,4.810983351065879,2.061850007599662,10.7,0.003554645379491718,494.0,130.8493536808262
2025-12-31 14:00:00,8750,5.063017895754779,2.1698648124663333,10.7,0.940575114186357,494.0,130.8493536808262
2025-12-31 15:00:00,8751,4.521922586221841,1.9379668226665032,10.7,3.808997907379785,492.0,130.8493536808262
2025-12-31 16:00:00,8752,4.478266229967504,1.9192569557003591,10.7,6.87668847992348,492.0,130.8493536808262
2025-12-31 17:00:00,8753,4.720028595492165,2.0228693980680705,10.7,7.495903770407761,493.0,130.8493536808262
2025-12-31 18:00:00,8754,5.357856512796166,2.2962242197697855,10.7,7.066990178215471,492.0,130.8493536808262
2025-12-31 19:00:00,8755,5.521967050379814,2.366557307305634,10.7,7.249135170421061,493.0,130.8493536808262
2025-12-31 20:00:00,8756,5.365556441993359,2.2995241894257252,10.7,8.080422730510431,492.0,130.8493536808262
2025-12-31 21:00:00,8757,5.0289707938870105,2.1552731973801476,10.6,8.367754382951798,493.0,130.8493536808262
2025-12-31 22:00:00,8758,5.2216915378109325,2.237867801918971,10.6,4.798635157863835,482.0,130.8493536808262
2025-12-31 23:00:00,8759,4.872941146015238,2.088403348292245,10.6,3.508821734245173,416.0,130.8493536808262
