timestamp,hour,fixed_load_mw,flexible_arrival_mw,sst_c,wind_mw,carbon_kg_per_mwh,price_usd_per_mwh
2025-01-01 00:00:00,0,3.320132389,1.422913881,10.4,10.882838269124239,127.0,269.3478260869565
2025-01-01 01:00:00,1,3.7900010797652386,1.624286177042245,10.4,7.115188901020976,126.0,269.3478260869565
2025-01-01 02:00:00,2,3.6190419630609316,1.5510179841689709,10.4,7.787171246691214,132.0,269.3478260869565
2025-01-01 03:00:00,3,3.6575187171370116,1.5675080216301478,10.4,11.15198446550751,137.0,269.3478260869565
2025-01-01 04:00:00,4,3.5291020739933585,1.512472317425725,10.4,15.0,143.0,269.3478260869565
2025-01-01 05:00:00,5,3.4939466818798133,1.4974057208056342,10.4,14.095523571698566,146.0,269.3478260869565
2025-01-01 06:00:00,6,3.309948517796167,1.4185493647697858,10.4,15.0,142.0,269.3478260869565
2025-01-01 07:00:00,7,3.5865759219921642,1.5371039665680704,10.4,15.0,134.0,269.3478260869565
2025-01-01 08:00:00,8,4.010788451717506,1.7189093364503594,10.4,15.0,137.0,269.3478260869565
2025-01-01 09:00:00,9,4.09767712997184,1.7561473414165032,10.4,15.0,138.0,269.3478260869565
2025-01-01 10:00:00,10,4.158172177754778,1.7820737904663333,10.4,15.0,146.0,269.3478260869565
2025-01-01 11:00:00,11,4.260288202565879,1.825837801099662,10.4,15.0,200.0,269.3478260869565
2025-01-01 12:00:00,12,4.081555924404652,1.7492382533162796,10.4,15.0,282.0,269.3478260869565
2025-01-01 13:00:00,13,4.810985511770571,2.061850933615959,10.4,15.0,334.0,269.3478260869565
2025-01-01 14:00:00,14,5.063022217163054,2.1698666644984517,10.4,12.151454068598744,338.0,269.3478260869565
2025-01-01 15:00:00,15,4.521929068331474,1.937969600713489,10.4,11.233522112243717,318.0,269.3478260869565
2025-01-01 16:00:00,16,4.478274872775162,1.9192606597607835,10.3,12.025540670121444,314.0,269.3478260869565
2025-01-01 17:00:00,17,4.7200393989934,2.0228740281400284,10.3,11.803013455768744,324.0,269.3478260869565
2025-01-01 18:00:00,18,5.357869476985421,2.2962297758508945,10.3,8.097366796169332,326.0,269.3478260869565
2025-01-01 19:00:00,19,5.521982175250417,2.3665637893930356,10.3,4.682665530438025,332.0,269.3478260869565
2025-01-01 20:00:00,20,5.365573727537532,2.299531597516085,10.3,3.4445448893726085,329.0,269.3478260869565
2025-01-01 21:00:00,21,5.02899024009586,2.155281531469654,10.3,3.8988865619517203,335.0,269.3478260869565
2025-01-01 22:00:00,22,5.221713144674453,2.237877062003337,10.2,5.356454599100697,331.0,269.3478260869565
2025-01-01 23:00:00,23,4.872964913522315,2.088413534366706,10.2,4.889503550408339,324.0,269.3478260869565
2025-01-02 00:00:00,24,5.205925613138405,2.2311109770593163,10.2,4.810030064167728,335.0,269.3478260869565
2025-01-02 01:00:00,25,5.417206473771633,2.3216599173306998,10.2,5.606454687024038,328.0,269.3478260869565
2025-01-02 02:00:00,26,4.900561766170865,2.1002407569303707,10.2,5.187134701138693,278.0,269.3478260869565
2025-01-02 03:00:00,27,4.708574495584919,2.0179604981078225,10.2,4.92121453206866,269.0,269.3478260869565
2025-01-02 04:00:00,28,4.267959384762572,1.8291254506125307,10.2,5.479147678278766,269.0,269.3478260869565
2025-01-02 05:00:00,29,4.986277957952545,2.1369762676939477,10.1,5.538780499633388,268.0,269.3478260869565
2025-01-02 06:00:00,30,4.701958600153519,2.0151251143515077,10.1,5.017795295476797,313.0,269.3478260869565
2025-01-02 07:00:00,31,4.755831443614129,2.038213475834627,10.1,4.688885691018005,350.0,269.3478260869565
2025-01-02 08:00:00,32,3.942078859582964,1.6894623683926988,10.1,4.772343964212872,348.0,269.3478260869565
2025-01-02 09:00:00,33,4.251536066808562,1.822086885775098,10.1,5.292841022466528,356.0,269.3478260869565
2025-01-02 10:00:00,34,4.25293690903942,1.82268724673118,10.1,5.453025470313308,370.0,269.3478260869565
2025-01-02 11:00:00,35,4.034025380023985,1.7288680200102793,10.1,5.352731258477716,381.0,269.3478260869565
2025-01-02 12:00:00,36,4.294798489010661,1.8406279238617116,10.1,5.140807660763046,393.0,269.3478260869565
2025-01-02 13:00:00,37,4.818139838247802,2.0649170735347724,10.1,6.255082856424124,390.0,269.3478260869565
2025-01-02 14:00:00,38,4.644686594983718,1.9905799692787365,10.1,7.7920777937358325,398.0,269.3478260869565
2025-01-02 15:00:00,39,4.880857243716674,2.0917959615928603,10.1,8.02748536744311,395.0,269.3478260869565
2025-01-02 16:00:00,40,4.6201010484448854,1.9800433064763792,10.1,8.288285105954502,396.0,269.3478260869565
2025-01-02 17:00:00,41,4.641558917166524,1.98923953592851,10.1,10.051060859904068,400.0,269.3478260869565
2025-01-02 18:00:00,42,4.829106185629712,2.069616936698448,10.1,10.068123070034295,395.0,269.3478260869565
2025-01-02 19:00:00,43,5.00950080058253,2.14692891453537,10.1,9.408136348680525,389.0,269.3478260869565
2025-01-02 20:00:00,44,4.55734426452301,1.9531475419384328,10.0,8.81061910907193,387.0,269.3478260869565
2025-01-02 21:00:00,45,4.377041076699134,1.875874747156772,10.0,7.694044588846738,386.0,269.3478260869565
2025-01-02 22:00:00,46,4.530107811108847,1.9414747761895055,10.0,7.038320357126796,377.0,269.3478260869565
2025-01-02 23:00:00,47,4.813735798750036,2.0630296280357294,9.9,6.0378223629719665,376.0,269.3478260869565
2025-01-03 00:00:00,48,4.9100668853705525,2.104314379444522,9.9,5.17266093096133,363.0,269.3478260869565
2025-01-03 01:00:00,49,5.140884401718193,2.203236172164939,9.9,5.3086031942549665,355.0,269.3478260869565
2025-01-03 02:00:00,50,4.615937916790713,1.97825910719602,9.9,6.115480338615761,350.0,269.3478260869565
2025-01-03 03:00:00,51,4.615124612085821,1.9779105480367802,9.9,6.928025312760965,346.0,269.3478260869565
2025-01-03 04:00:00,52,4.113177120351179,1.7627901944362196,9.9,7.717794576340259,333.0,269.3478260869565
2025-01-03 05:00:00,53,3.9886163505844006,1.7094070073933145,9.9,9.284279805625438,357.0,269.3478260869565
2025-01-03 06:00:00,54,3.7934896402830556,1.6257812744070237,9.9,10.338870863601134,376.0,269.3478260869565
2025-01-03 07:00:00,55,4.085310717194666,1.7508474502262856,9.9,11.157972030039526,360.0,269.3478260869565
2025-01-03 08:00:00,56,4.252744526566708,1.8226047971000179,9.9,11.120403349211866,364.0,269.3478260869565
2025-01-03 09:00:00,57,4.511230404396613,1.93338445902712,9.8,11.020625765243237,377.0,269.3478260869565
2025-01-03 10:00:00,58,4.689555404931765,2.0098094592564704,9.8,8.813563070648858,386.0,269.3478260869565
2025-01-03 11:00:00,59,4.8313755916695005,2.0705895392869285,9.8,8.883758402271747,393.0,269.3478260869565
2025-01-03 12:00:00,60,4.75933087435711,2.0397132318673323,9.8,8.883758402271747,400.0,269.3478260869565
2025-01-03 13:00:00,61,4.718358363241839,2.0221535842465026,9.8,8.458395789973556,406.0,269.3478260869565
2025-01-03 14:00:00,62,4.7440407645708875,2.0331603276732375,9.8,7.20480781726315,414.0,269.3478260869565
2025-01-03 15:00:00,63,4.956178202841406,2.124076372646317,9.8,5.754428555664615,419.0,269.3478260869565
2025-01-03 16:00:00,64,5.009085842050502,2.1467510751645005,9.8,4.380955658240972,420.0,269.3478260869565
2025-01-03 17:00:00,65,5.032526140195236,2.1567969172265293,9.8,3.831525651171641,426.0,269.3478260869565
2025-01-03 18:00:00,66,4.67940953627262,2.0054612298311225,9.8,3.2043690444331494,425.0,269.3478260869565
2025-01-03 19:00:00,67,4.93233323152962,2.1138570992269803,9.8,2.681475851015936,418.0,269.3478260869565
2025-01-03 20:00:00,68,4.545472768463162,1.9480597579127834,9.8,2.610834369984982,418.0,269.3478260869565
2025-01-03 21:00:00,69,4.677642702570116,2.0047040153871927,9.7,2.2970277467104285,414.0,269.3478260869565
2025-01-03 22:00:00,70,4.744192511097314,2.0332253618988485,9.7,1.0139428703137445,404.0,269.3478260869565
2025-01-03 23:00:00,71,4.5727006387915345,1.9597288451963717,9.7,0.636949936874182,397.0,269.3478260869565
2025-01-04 00:00:00,72,4.434930367649517,1.9006844432783643,9.7,0.5374589132356854,393.0,269.3478260869565
2025-01-04 01:00:00,73,4.48510516041795,1.922187925893407,9.7,0.6262209484908661,391.0,269.3478260869565
2025-01-04 02:00:00,74,4.248010579843476,1.820575962790061,9.7,0.8377113851375144,389.0,269.3478260869565
2025-01-04 03:00:00,75,4.653272371922695,1.994259587966869,9.7,0.8507780117203928,379.0,269.3478260869565
2025-01-04 04:00:00,76,4.533013317402156,1.9427199931723524,9.7,0.6587830914645528,377.0,269.3478260869565
2025-01-04 05:00:00,77,4.526585659528363,1.9399652826550127,9.7,0.24264527431100377,377.0,269.3478260869565
2025-01-04 06:00:00,78,4.058108939297777,1.739189545413333,9.7,0.07644270750972694,388.0,269.3478260869565
2025-01-04 07:00:00,79,3.9916619649568075,1.7107122706957745,9.7,0.07679888709141217,388.0,269.3478260869565
2025-01-04 08:00:00,80,4.330002565001823,1.8557153850007808,9.7,0.0,374.0,269.3478260869565
2025-01-04 09:00:00,81,3.926460350929142,1.682768721826775,9.7,0.0,382.0,269.3478260869565
2025-01-04 10:00:00,82,4.146114224985038,1.7769060964221588,9.7,0.0,378.0,269.3478260869565
2025-01-04 11:00:00,83,4.557278033665739,1.9531191572853164,9.7,0.3173802668377054,370.0,269.3478260869565
2025-01-04 12:00:00,84,4.261430707717425,1.8263274461646104,9.7,0.6135568077685392,358.0,269.3478260869565
2025-01-04 13:00:00,85,5.151671344886232,2.207859147808385,9.7,0.686911117351186,343.0,269.3478260869565
2025-01-04 14:00:00,86,4.653778617168247,1.994476550214963,9.7,1.4119462166153616,325.0,269.3478260869565
2025-01-04 15:00:00,87,5.012698915309516,2.1482995351326495,9.7,3.902836740102079,305.0,269.3478260869565
2025-01-04 16:00:00,88,4.81203644205603,2.0623013323097275,9.7,7.2633544872551825,301.0,269.3478260869565
2025-01-04 17:00:00,89,5.509062290653743,2.361026695994461,9.7,7.976948185693942,293.0,269.3478260869565
2025-01-04 18:00:00,90,5.263831833598557,2.2559279286850953,9.7,8.078229540705046,291.0,269.3478260869565
2025-01-04 19:00:00,91,5.4989554261363285,2.356695182629855,9.7,8.19707477674833,292.0,269.3478260869565
2025-01-04 20:00:00,92,5.831107496262872,2.4990460698269445,9.6,9.539025219608773,269.0,269.3478260869565
2025-01-04 21:00:00,93,5.877073619723949,2.5187458370245492,9.6,9.817630637874707,246.0,269.3478260869565
2025-01-04 22:00:00,94,5.781404018765279,2.477744579470834,9.6,11.442968659378652,212.0,269.3478260869565
2025-01-04 23:00:00,95,5.756027952882538,2.4668691226639448,9.6,15.0,178.0,269.3478260869565
2025-01-05 00:00:00,96,5.532246967571348,2.3709629861020063,9.6,15.0,172.0,269.3478260869565
2025-01-05 01:00:00,97,5.079248525827291,2.1768207967831246,9.6,15.0,192.0,269.3478260869565
2025-01-05 02:00:00,98,4.415030712645901,1.892156019705386,9.6,15.0,171.0,269.3478260869565
2025-01-05 03:00:00,99,4.296857810272666,1.8415104901168569,9.6,15.0,169.0,269.3478260869565
2025-01-05 04:00:00,100,4.183799229203028,1.793056812515583,9.6,15.0,171.0,269.3478260869565
2025-01-05 05:00:00,101,4.214983747682378,1.8064216061495908,9.5,15.0,187.0,269.3478260869565
2025-01-05 06:00:00,102,3.8345973167060734,1.6433988500168886,9.5,15.0,186.0,269.3478260869565
2025-01-05 07:00:00,103,3.5762680435194096,1.5326863043654613,9.5,15.0,202.0,269.3478260869565
2025-01-05 08:00:00,104,3.6984439326176473,1.5850473996932772,9.4,15.0,199.0,269.3478260869565
2025-01-05 09:00:00,105,4.229460320745997,1.8126258517482843,9.4,15.0,204.0,269.3478260869565
2025-01-05 10:00:00,106,3.703440675149621,1.587188860778409,9.4,14.86880537756019,212.0,269.3478260869565
2025-01-05 11:00:00,107,4.352285024573638,1.8652650105315594,9.4,15.0,203.0,269.3478260869565
2025-01-05 12:00:00,108,3.9848825257631235,1.707806796755624,9.4,15.0,220.0,269.3478260869565
2025-01-05 13:00:00,109,4.649659084463098,1.9927110361984703,9.4,15.0,231.0,269.3478260869565
2025-01-05 14:00:00,110,4.602498291668545,1.9724992678579476,9.3,15.0,232.0,269.3478260869565
2025-01-05 15:00:00,111,4.710975700624395,2.0189895859818834,9.3,15.0,231.0,269.3478260869565
2025-01-05 16:00:00,112,4.216662311325539,1.807140990568088,9.2,15.0,239.0,269.3478260869565
2025-01-05 17:00:00,113,4.332456861516816,1.8567672263643493,9.2,15.0,233.0,269.3478260869565
2025-01-05 18:00:00,114,4.400686357943021,1.8860084391184375,9.2,15.0,226.0,269.3478260869565
2025-01-05 19:00:00,115,4.035016303098902,1.7292927013281008,9.1,15.0,214.0,269.3478260869565
2025-01-05 20:00:00,116,3.865449855729163,1.6566213667410699,9.1,15.0,204.0,269.3478260869565
2025-01-05 21:00:00,117,3.7734261923284613,1.6171826538550549,9.1,15.0,208.0,269.3478260869565
2025-01-05 22:00:00,118,3.651686930891405,1.565008684667745,9.1,15.0,184.0,269.3478260869565
2025-01-05 23:00:00,119,3.7736439321625608,1.6172759709268116,9.1,15.0,190.0,269.3478260869565
2025-01-06 00:00:00,120,4.0169532978864435,1.7215514133799044,9.0,15.0,205.0,269.3478260869565
2025-01-06 01:00:00,121,4.745432585307528,2.0337568222746545,8.9,15.0,208.0,269.3478260869565
2025-01-06 02:00:00,122,3.751083414420239,1.607607177608674,8.9,15.0,208.0,269.3478260869565
2025-01-06 03:00:00,123,3.9779415197189545,1.7048320798795518,8.9,15.0,198.0,269.3478260869565
2025-01-06 04:00:00,124,3.9382235674480106,1.6878101003348616,8.9,15.0,168.0,269.3478260869565
2025-01-06 05:00:00,125,3.8679161651016933,1.6576783564721544,8.8,15.0,165.0,269.3478260869565
2025-01-06 06:00:00,126,3.852052503924243,1.650879644538961,8.8,15.0,160.0,269.3478260869565
2025-01-06 07:00:00,127,3.882883935659857,1.6640931152827958,8.8,15.0,152.0,269.3478260869565
2025-01-06 08:00:00,128,4.244791111052683,1.8191961904511493,8.8,15.0,205.0,269.3478260869565
2025-01-06 09:00:00,129,3.8870480163468217,1.665877721291495,8.8,15.0,233.0,269.3478260869565
2025-01-06 10:00:00,130,4.213847620036334,1.8059346943012857,8.8,15.0,229.0,269.3478260869565
2025-01-06 11:00:00,131,4.125433369115227,1.7680428724779544,8.8,15.0,235.0,269.3478260869565
2025-01-06 12:00:00,132,3.968624846827467,1.7008392200689144,8.8,15.0,210.0,269.3478260869565
2025-01-06 13:00:00,133,4.634971813666971,1.986416491571559,8.8,15.0,195.0,269.3478260869565
2025-01-06 14:00:00,134,4.275772722627613,1.8324740239832624,8.7,15.0,198.0,269.3478260869565
2025-01-06 15:00:00,135,4.374389996203217,1.8747385698013788,8.7,15.0,245.0,269.3478260869565
2025-01-06 16:00:00,136,4.197250825887564,1.7988217825232418,8.7,15.0,265.0,269.3478260869565
2025-01-06 17:00:00,137,4.291865419674388,1.8393708941461664,8.6,15.0,250.0,269.3478260869565
2025-01-06 18:00:00,138,4.194917649807378,1.7978218499174479,8.6,15.0,217.0,269.3478260869565
2025-01-06 19:00:00,139,3.9949275755301734,1.7121118180843602,8.6,15.0,204.0,269.3478260869565
2025-01-06 20:00:00,140,4.2141978483363705,1.806084792144159,8.6,15.0,185.0,269.3478260869565
2025-01-06 21:00:00,141,3.9886469212195212,1.7094201090940804,8.6,15.0,180.0,269.3478260869565
2025-01-06 22:00:00,142,3.945571787923126,1.6909593376813394,8.6,15.0,157.0,269.3478260869565
2025-01-06 23:00:00,143,3.890516601190643,1.6673642576531327,8.6,15.0,135.0,269.3478260869565
2025-01-07 00:00:00,144,4.360802901015484,1.8689155290066357,8.6,15.0,148.0,269.3478260869565
2025-01-07 01:00:00,145,4.1648128981410135,1.7849198134890059,8.6,15.0,192.0,269.3478260869565
2025-01-07 02:00:00,146,3.802890195060552,1.6298100835973792,8.6,13.847954326168443,197.0,269.3478260869565
2025-01-07 03:00:00,147,3.3825467627673715,1.4496628983288735,8.6,13.005669546975277,182.0,269.3478260869565
2025-01-07 04:00:00,148,3.3474759685046993,1.4346325579305854,8.6,14.950880342158298,212.0,269.3478260869565
2025-01-07 05:00:00,149,3.358226327515717,1.4392398546495928,8.6,15.0,232.0,269.3478260869565
2025-01-07 06:00:00,150,3.461585766293558,1.4835367569829534,8.6,15.0,281.0,269.3478260869565
2025-01-07 07:00:00,151,3.7867574445813132,1.6228960476777057,8.6,15.0,306.0,269.3478260869565
2025-01-07 08:00:00,152,3.7859521186220237,1.6225509079808673,8.6,15.0,305.0,269.3478260869565
2025-01-07 09:00:00,153,3.6534128164086868,1.565748349889437,8.5,15.0,313.0,269.3478260869565
2025-01-07 10:00:00,154,3.7355897959342523,1.6009670554003939,8.5,14.336935119573504,314.0,269.3478260869565
2025-01-07 11:00:00,155,3.5964076954416275,1.5413175837606974,8.5,15.0,307.0,269.3478260869565
2025-01-07 12:00:00,156,3.7324059551736686,1.5996025522172865,8.5,15.0,298.0,269.3478260869565
2025-01-07 13:00:00,157,4.013884249123189,1.720236106767081,8.5,15.0,289.0,269.3478260869565
2025-01-07 14:00:00,158,3.7738022155329567,1.6173438066569814,8.5,15.0,284.0,269.3478260869565
2025-01-07 15:00:00,159,4.022760221395689,1.7240400948838668,8.5,15.0,302.0,269.3478260869565
2025-01-07 16:00:00,160,3.707064928454063,1.5887421121945984,8.5,15.0,312.0,269.3478260869565
2025-01-07 17:00:00,161,3.738966973200707,1.6024144170860175,8.5,15.0,336.0,269.3478260869565
2025-01-07 18:00:00,162,4.041167719878202,1.7319290228049438,8.5,15.0,345.0,269.3478260869565
2025-01-07 19:00:00,163,3.7622686274790866,1.61240084034818,8.5,15.0,358.0,269.3478260869565
2025-01-07 20:00:00,164,3.4622759697458507,1.4838325584625072,8.5,12.465239482772768,372.0,269.3478260869565
2025-01-07 21:00:00,165,3.8526577609209376,1.6511390403946875,8.5,10.41095431182102,382.0,269.3478260869565
2025-01-07 22:00:00,166,3.5616975989967465,1.5264418281414627,8.5,8.917052529868158,376.0,269.3478260869565
2025-01-07 23:00:00,167,3.6673782744656314,1.5717335461995563,8.5,6.703640079854643,379.0,269.3478260869565
2025-01-08 00:00:00,168,3.975916188569895,1.7039640808156693,8.5,4.913199723020538,381.0,269.3478260869565
2025-01-08 01:00:00,169,3.892207022051803,1.668088723736487,8.5,4.64095242998506,387.0,269.3478260869565
2025-01-08 02:00:00,170,4.106645112403566,1.7599907624586708,8.5,3.2539926235409324,376.0,269.3478260869565
2025-01-08 03:00:00,171,4.579261758117353,1.9625407534788655,8.5,1.9521294793702013,368.0,269.3478260869565
2025-01-08 04:00:00,172,4.066747034685289,1.742891586293695,8.5,1.7125142436839518,350.0,269.3478260869565
2025-01-08 05:00:00,173,3.9905711898494483,1.7102447956497635,8.5,1.4499280539156798,338.0,269.3478260869565
2025-01-08 06:00:00,174,4.203328120351862,1.8014263372936548,8.5,0.6406416295795662,346.0,269.3478260869565
2025-01-08 07:00:00,175,3.900342398684516,1.6715753137219354,8.5,0.16277880417720733,359.0,269.3478260869565
2025-01-08 08:00:00,176,3.9622883665893482,1.698123585681149,8.5,0.20886257352063,378.0,269.3478260869565
2025-01-08 09:00:00,177,3.69500775680825,1.5835747529178217,8.5,0.15399511430729707,381.0,269.3478260869565
2025-01-08 10:00:00,178,3.591092693833071,1.539039725928459,8.5,0.4413115109666282,392.0,269.3478260869565
2025-01-08 11:00:00,179,4.121122071405611,1.7661951734595476,8.5,0.5760509051931522,402.0,269.3478260869565
2025-01-08 12:00:00,180,4.011447573017624,1.7191918170075533,8.5,0.8424479664316631,410.0,269.3478260869565
2025-01-08 13:00:00,181,4.316638502910821,1.849987929818923,8.5,0.7291887376055681,418.0,269.3478260869565
2025-01-08 14:00:00,182,4.168683853576864,1.7865787943900844,8.5,0.10730993590060468,419.0,269.3478260869565
2025-01-08 15:00:00,183,4.473852017757368,1.9173651504674432,8.5,0.24497864103968367,411.0,269.3478260869565
2025-01-08 16:00:00,184,4.497188673943908,1.927366574547389,8.5,0.7790712668441908,418.0,269.3478260869565
2025-01-08 17:00:00,185,4.562944117378008,1.9555474788762885,8.5,0.7722420076567142,414.0,269.3478260869565
2025-01-08 18:00:00,186,4.441806102301145,1.903631186700491,8.5,0.8477924229253103,414.0,269.3478260869565
2025-01-08 19:00:00,187,4.723527587954758,2.0243689662663242,8.5,1.272820378306122,413.0,269.3478260869565
2025-01-08 20:00:00,188,4.794927911830228,2.0549691050700973,8.4,2.1288622719990977,407.0,269.3478260869565
2025-01-08 21:00:00,189,4.420626934168901,1.8945544003581003,8.4,2.6933367198465983,405.0,269.3478260869565
2025-01-08 22:00:00,190,4.351897358962073,1.8650988681266023,8.4,1.5610823309235844,402.0,269.3478260869565
2025-01-08 23:00:00,191,4.930212801200991,2.112948343371853,8.4,1.6021708163858048,400.0,269.3478260869565
2025-01-09 00:00:00,192,4.858727406376861,2.0823117455900833,8.4,1.8684373290121101,395.0,269.3478260869565
2025-01-09 01:00:00,193,5.095806265730841,2.1839169710275033,8.4,3.0357488768797305,378.0,269.3478260869565
2025-01-09 02:00:00,194,4.061513420254043,1.7406486086803041,8.4,5.092839050277047,361.0,269.3478260869565
2025-01-09 03:00:00,195,4.752850382687534,2.0369358782946576,8.3,7.270785632187132,340.0,269.3478260869565
2025-01-09 04:00:00,196,5.291229554022333,2.267669808866714,8.3,8.153397116783072,339.0,269.3478260869565
2025-01-09 05:00:00,197,5.250007137999418,2.2500030591426072,8.3,9.718648271386773,352.0,269.3478260869565
2025-01-09 06:00:00,198,4.803611304609714,2.058690559118449,8.3,11.463453415650186,371.0,269.3478260869565
2025-01-09 07:00:00,199,5.093722761844104,2.1830240407903303,8.3,11.882899951191138,379.0,269.3478260869565
2025-01-09 08:00:00,200,5.3208116981934275,2.280347870654326,8.2,11.166617496153664,397.0,269.3478260869565
2025-01-09 09:00:00,201,5.266422409398476,2.2570381754564894,8.2,9.572853907389336,408.0,269.3478260869565
2025-01-09 10:00:00,202,5.583390463449993,2.3928816271928537,8.2,8.546450998930954,415.0,269.3478260869565
2025-01-09 11:00:00,203,5.050325308838678,2.1644251323594337,8.2,8.186195815381812,421.0,269.3478260869565
2025-01-09 12:00:00,204,5.542403983555186,2.3753159929522227,8.2,6.539426932043943,421.0,269.3478260869565
2025-01-09 13:00:00,205,5.686648690840124,2.437135153217196,8.2,6.48999052303667,428.0,269.3478260869565
2025-01-09 14:00:00,206,5.508125653684055,2.360625280150309,8.1,5.962828792953756,434.0,269.3478260869565
2025-01-09 15:00:00,207,5.019238968327494,2.1511024149974975,8.1,6.237663865365539,438.0,269.3478260869565
2025-01-09 16:00:00,208,4.895923676010913,2.0982530040046767,8.1,5.562543494371791,442.0,269.3478260869565
2025-01-09 17:00:00,209,4.592628795224735,1.9682694836677435,8.1,5.076760273972898,443.0,269.3478260869565
2025-01-09 18:00:00,210,4.660054052459341,1.9971660224825745,8.1,4.433484284727765,437.0,269.3478260869565
2025-01-09 19:00:00,211,4.681322539705063,2.0062810884450264,8.1,3.9701072362871392,425.0,269.3478260869565
2025-01-09 20:00:00,212,5.064163746952184,2.1703558915509364,8.1,3.376667756969897,401.0,269.3478260869565
2025-01-09 21:00:00,213,5.330260201690954,2.2843972292961228,8.1,1.4887422125840395,351.0,269.3478260869565
2025-01-09 22:00:00,214,4.962500933661563,2.1267861144263835,8.1,0.1569491586155296,297.0,269.3478260869565
2025-01-09 23:00:00,215,4.730878132604161,2.027519199687497,8.1,0.0,235.0,269.3478260869565
2025-01-10 00:00:00,216,4.366507553508853,1.8713603800752225,8.1,0.2175158903327811,194.0,269.3478260869565
2025-01-10 01:00:00,217,4.8388614956156975,2.0737977838352992,8.1,0.8136680816954488,197.0,269.3478260869565
2025-01-10 02:00:00,218,4.685376517414708,2.0080185074634467,8.1,1.250856118065361,210.0,269.3478260869565
2025-01-10 03:00:00,219,4.166370382895852,1.785587306955365,8.1,1.728696185665626,212.0,269.3478260869565
2025-01-10 04:00:00,220,3.8470100440490467,1.6487185903067343,8.1,2.0359440708268166,209.0,269.3478260869565
2025-01-10 05:00:00,221,4.0927112263641705,1.754019097013216,8.1,1.8290860513151352,205.0,269.3478260869565
2025-01-10 06:00:00,222,4.196057365081053,1.7983102993204512,8.1,2.1089523789830014,191.0,269.3478260869565
2025-01-10 07:00:00,223,4.016208913439477,1.7212323914740615,8.1,2.7476176520828317,223.0,269.3478260869565
2025-01-10 08:00:00,224,5.11901883142918,2.1938652134696484,8.1,3.516101115942222,237.0,269.3478260869565
2025-01-10 09:00:00,225,4.776800375789858,2.047200161052796,8.1,3.4769754897159513,259.0,269.3478260869565
2025-01-10 10:00:00,226,5.3819782840111525,2.306562121719065,8.1,3.8491518789638897,258.0,269.3478260869565
2025-01-10 11:00:00,227,4.814843235332669,2.0635042437140005,8.1,3.237097483289437,261.0,269.3478260869565
2025-01-10 12:00:00,228,5.16422941074396,2.2132411760331254,8.1,3.0281809325300078,264.0,269.3478260869565
2025-01-10 13:00:00,229,5.033484869984537,2.157207801421944,8.1,2.8002369376623975,271.0,269.3478260869565
2025-01-10 14:00:00,230,5.380562108543862,2.3059551893759407,8.1,3.3402686737129152,276.0,269.3478260869565
2025-01-10 15:00:00,231,5.234058837911354,2.24316807339058,8.1,4.156516694568989,284.0,269.3478260869565
2025-01-10 16:00:00,232,4.951841101576386,2.122217614961308,8.1,5.334221497643765,294.0,269.3478260869565
2025-01-10 17:00:00,233,4.983311066028284,2.1357047425835503,8.1,6.117544404442734,311.0,269.3478260869565
2025-01-10 18:00:00,234,4.729701658506329,2.027014996502712,8.1,6.267485461101245,313.0,269.3478260869565
2025-01-10 19:00:00,235,4.493449285999759,1.9257639797141821,8.1,7.177893297550698,305.0,269.3478260869565
2025-01-10 20:00:00,236,5.11208475799776,2.1908934677133254,8.1,8.396426646020117,304.0,269.3478260869565
2025-01-10 21:00:00,237,4.917348285489478,2.1074349794954905,8.1,9.047307415410158,293.0,269.3478260869565
2025-01-10 22:00:00,238,4.846543842714011,2.077090218306005,8.1,9.069933028010277,288.0,269.3478260869565
2025-01-10 23:00:00,239,5.004657377160412,2.1448531616401763,8.1,9.1631430844937,289.0,269.3478260869565
2025-01-11 00:00:00,240,5.070895501567689,2.173240929243295,8.1,9.1631430844937,298.0,269.3478260869565
2025-01-11 01:00:00,241,5.118783162174802,2.19376421236063,8.1,8.971363221771064,297.0,269.3478260869565
2025-01-11 02:00:00,242,5.8601127497206695,2.51147689273743,8.1,8.809759478379837,260.0,269.3478260869565
2025-01-11 03:00:00,243,5.014693804444159,2.1491544876189255,8.1,9.49886854865825,251.0,269.3478260869565
2025-01-11 04:00:00,244,4.861097922334096,2.0833276810003265,8.1,9.119494524332845,263.0,269.3478260869565
2025-01-11 05:00:00,245,4.62968249887926,1.9841496423768255,8.1,9.736923873229259,291.0,269.3478260869565
2025-01-11 06:00:00,246,4.119516347318384,1.765507005993593,8.1,11.379330315572263,318.0,269.3478260869565
2025-01-11 07:00:00,247,4.393413832140157,1.882891642345781,8.1,12.09219435014534,352.0,269.3478260869565
2025-01-11 08:00:00,248,4.555595460333219,1.9523980544285222,8.1,13.102638217750727,377.0,269.3478260869565
2025-01-11 09:00:00,249,4.398385238886167,1.8850222452369287,8.1,13.617255498857343,403.0,269.3478260869565
2025-01-11 10:00:00,250,4.167092312287555,1.7858967052660948,8.1,10.220511235022471,415.0,269.3478260869565
2025-01-11 11:00:00,251,4.352547174525885,1.8653773605110935,8.1,11.17081333609246,418.0,269.3478260869565
2025-01-11 12:00:00,252,4.370056630839618,1.872881413216979,8.1,13.214149450011051,424.0,269.3478260869565
2025-01-11 13:00:00,253,4.92077689571717,2.108904383878787,8.1,12.614311853421963,426.0,269.3478260869565
2025-01-11 14:00:00,254,4.892509493646909,2.096789782991532,8.1,11.215836175693243,428.0,269.3478260869565
2025-01-11 15:00:00,255,4.983366811617155,2.135728633550209,8.1,7.069365542294873,431.0,269.3478260869565
2025-01-11 16:00:00,256,5.005881039366189,2.145377588299795,8.1,3.4955279433629296,434.0,269.3478260869565
2025-01-11 17:00:00,257,5.340941383132243,2.2889748784852473,8.1,1.7756901205484892,439.0,269.3478260869565
2025-01-11 18:00:00,258,5.101599908653503,2.1863999608515012,8.1,1.9336886090441083,441.0,269.3478260869565
2025-01-11 19:00:00,259,4.850475583668111,2.078775250143476,8.1,2.9518752870708544,437.0,269.3478260869565
2025-01-11 20:00:00,260,4.9745336459141605,2.1319429911060683,8.1,1.967464271750555,429.0,269.3478260869565
2025-01-11 21:00:00,261,4.712869438629701,2.0198011879841578,8.0,1.1595919117649138,416.0,269.3478260869565
2025-01-11 22:00:00,262,4.688946227052741,2.009548383022603,8.0,0.053278207064702,395.0,269.3478260869565
2025-01-11 23:00:00,263,4.691383124671235,2.010592767716244,8.0,0.0,367.0,269.3478260869565
2025-01-12 00:00:00,264,4.9558741722230994,2.1239460738099,8.0,0.0,331.0,269.3478260869565
2025-01-12 01:00:00,265,5.333732472946203,2.285885345548372,8.0,0.0,287.0,269.3478260869565
2025-01-12 02:00:00,266,4.9328457410783635,2.114076746176441,8.0,0.0,248.0,269.3478260869565
2025-01-12 03:00:00,267,4.2988980228573626,1.8423848669388694,8.0,0.5671493193615744,197.0,269.3478260869565
2025-01-12 04:00:00,268,4.15795461802093,1.7819805505803983,8.0,1.4306994598047589,170.0,269.3478260869565
2025-01-12 05:00:00,269,4.545229787806752,1.9479556233457507,8.0,2.2422626762533513,155.0,269.3478260869565
2025-01-12 06:00:00,270,4.086214516952468,1.7512347929796295,8.0,3.4126456263631066,149.0,269.3478260869565
2025-01-12 07:00:00,271,3.8767596174456753,1.6614684074767179,8.0,4.504098960795788,142.0,269.3478260869565
2025-01-12 08:00:00,272,4.144768100273922,1.7763291858316808,8.0,5.688017550574653,129.0,269.3478260869565
2025-01-12 09:00:00,273,4.288537535424714,1.837944658039163,8.0,6.993876801419263,131.0,269.3478260869565
2025-01-12 10:00:00,274,3.9256476678855092,1.6824204290937896,8.1,7.229493839982549,139.0,269.3478260869565
2025-01-12 11:00:00,275,4.29622736139372,1.8412402977401654,8.1,10.595595253065058,140.0,269.3478260869565
2025-01-12 12:00:00,276,4.467589195936715,1.9146810839728776,8.1,13.375437411378954,141.0,269.3478260869565
2025-01-12 13:00:00,277,4.619300556001817,1.979700238286493,8.1,14.785731457247946,140.0,269.3478260869565
2025-01-12 14:00:00,278,4.806021408826302,2.0597234609255577,8.1,15.0,120.0,269.3478260869565
2025-01-12 15:00:00,279,4.881584987147404,2.092107851634602,8.1,15.0,115.0,269.3478260869565
2025-01-12 16:00:00,280,4.672439732702308,2.002474171158132,8.1,15.0,138.0,269.3478260869565
2025-01-12 17:00:00,281,4.854102536478154,2.0803296584906374,8.1,15.0,160.0,269.3478260869565
2025-01-12 18:00:00,282,4.781939964962039,2.049402842126588,8.1,15.0,158.0,269.3478260869565
2025-01-12 19:00:00,283,4.7589789346410125,2.0395624005604343,8.1,15.0,143.0,269.3478260869565
2025-01-12 20:00:00,284,4.86953529600208,2.086943698286605,8.1,15.0,127.0,269.3478260869565
2025-01-12 21:00:00,285,4.6639235032822,1.998824358549514,8.1,15.0,103.0,269.3478260869565
2025-01-12 22:00:00,286,4.462035387468287,1.9123008803435513,8.1,15.0,102.0,269.3478260869565
2025-01-12 23:00:00,287,4.395925271297209,1.8839679734130892,8.1,15.0,106.0,269.3478260869565
2025-01-13 00:00:00,288,4.75077159025579,2.036044967252481,8.1,15.0,99.0,269.3478260869565
2025-01-13 01:00:00,289,4.249286916830808,1.8211229643560602,8.1,15.0,94.0,269.3478260869565
2025-01-13 02:00:00,290,3.9889850302589958,1.709565012968141,8.1,15.0,91.0,269.3478260869565
2025-01-13 03:00:00,291,3.935400137277041,1.6866000588330177,8.1,15.0,92.0,269.3478260869565
2025-01-13 04:00:00,292,3.713890041621584,1.5916671606949646,8.1,15.0,92.0,269.3478260869565
2025-01-13 05:00:00,293,3.567859793279223,1.5290827685482384,8.1,15.0,93.0,269.3478260869565
2025-01-13 06:00:00,294,3.527575922236509,1.5118182523870753,8.1,15.0,92.0,269.3478260869565
2025-01-13 07:00:00,295,3.7355346144799495,1.6009434062056926,8.1,15.0,119.0,269.3478260869565
2025-01-13 08:00:00,296,3.604847401746004,1.5449346007482874,8.1,15.0,175.0,269.3478260869565
2025-01-13 09:00:00,297,3.816111307771088,1.6354762747590377,8.1,15.0,162.0,269.3478260869565
2025-01-13 10:00:00,298,3.4540834917915717,1.4803214964821019,8.2,15.0,140.0,269.3478260869565
2025-01-13 11:00:00,299,3.6640903440437804,1.5703244331616202,8.2,15.0,142.0,269.3478260869565
2025-01-13 12:00:00,300,3.8444453910139926,1.647619453291711,8.2,15.0,143.0,269.3478260869565
2025-01-13 13:00:00,301,4.056471817688446,1.7384879218664768,8.2,15.0,161.0,269.3478260869565
2025-01-13 14:00:00,302,3.6342710865533263,1.5575447513799971,8.2,15.0,191.0,269.3478260869565
2025-01-13 15:00:00,303,3.6770358270947794,1.575872497326334,8.2,15.0,224.0,269.3478260869565
2025-01-13 16:00:00,304,3.6482554965489045,1.5635380699495305,8.2,15.0,250.0,269.3478260869565
2025-01-13 17:00:00,305,3.8517713091517534,1.6507591324936086,8.2,15.0,270.0,269.3478260869565
2025-01-13 18:00:00,306,3.9373301571393364,1.6874272102025725,8.2,15.0,290.0,269.3478260869565
2025-01-13 19:00:00,307,3.9985163144976137,1.7136498490704057,8.2,15.0,273.0,269.3478260869565
2025-01-13 20:00:00,308,3.688957522462506,1.5809817953410739,8.2,15.0,256.0,269.3478260869565
2025-01-13 21:00:00,309,3.615282408519885,1.5494067465085222,8.3,15.0,238.0,269.3478260869565
2025-01-13 22:00:00,310,3.6233336056555787,1.5528572595666763,8.3,15.0,227.0,269.3478260869565
2025-01-13 23:00:00,311,3.606717762105367,1.545736183759443,8.3,15.0,256.0,269.3478260869565
2025-01-14 00:00:00,312,4.207562286854991,1.80324098008071,8.3,15.0,289.0,269.3478260869565
2025-01-14 01:00:00,313,3.84267809339014,1.6468620400243457,8.3,15.0,283.0,269.3478260869565
2025-01-14 02:00:00,314,3.314775016196461,1.4206178640841978,8.3,15.0,277.0,269.3478260869565
2025-01-14 03:00:00,315,3.207450953009556,1.3746218370040952,8.3,14.193704091893304,304.0,269.3478260869565
2025-01-14 04:00:00,316,3.2499826345649825,1.3928497005278495,8.3,7.960379544039044,325.0,269.3478260869565
2025-01-14 05:00:00,317,3.09380870434825,1.3259180161492499,8.3,4.4553368887658875,339.0,269.3478260869565
2025-01-14 06:00:00,318,3.2260809970948263,1.3826061416120683,8.3,2.8970763713208063,347.0,269.3478260869565
2025-01-14 07:00:00,319,3.2053589292901314,1.3737252554100563,8.3,2.7060645638687557,346.0,269.3478260869565
2025-01-14 08:00:00,320,3.620052228419542,1.5514509550369466,8.4,2.8153136165833175,347.0,269.3478260869565
2025-01-14 09:00:00,321,3.2072284964683897,1.3745264984864527,8.4,2.3373404965076814,362.0,269.3478260869565
2025-01-14 10:00:00,322,3.545933654671958,1.5196858520022678,8.4,0.9599149446601287,380.0,269.3478260869565
2025-01-14 11:00:00,323,3.61723201776549,1.5502422933280668,8.4,0.6951305385977518,376.0,269.3478260869565
2025-01-14 12:00:00,324,3.6284300347341785,1.555041443457505,8.4,0.5652643969269557,359.0,269.3478260869565
2025-01-14 13:00:00,325,3.8268077788131776,1.6400604766342188,8.4,0.6417769851640772,363.0,269.3478260869565
2025-01-14 14:00:00,326,3.81001236198759,1.6328624408518242,8.4,0.7744254956014509,360.0,269.3478260869565
2025-01-14 15:00:00,327,3.806193436742478,1.6312257586039192,8.4,0.9518283248216584,352.0,269.3478260869565
2025-01-14 16:00:00,328,3.9132408913128547,1.6771032391340805,8.5,1.3754264378867356,350.0,269.3478260869565
2025-01-14 17:00:00,329,3.967930482683692,1.700541635435868,8.5,2.5906280038012524,350.0,269.3478260869565
2025-01-14 18:00:00,330,3.9313056218399143,1.6848452665028204,8.5,3.7166296607303924,334.0,269.3478260869565
2025-01-14 19:00:00,331,4.055241747266403,1.7379607488284583,8.5,4.722409070084721,305.0,269.3478260869565
2025-01-14 20:00:00,332,3.9451696944479924,1.6907870119062824,8.5,4.953304825516589,310.0,269.3478260869565
2025-01-14 21:00:00,333,4.194898567369471,1.7978136717297732,8.5,4.68217663002374,309.0,269.3478260869565
2025-01-14 22:00:00,334,4.133515599015587,1.7715066852923946,8.4,3.5171064824758598,286.0,269.3478260869565
2025-01-14 23:00:00,335,4.264262656121039,1.8275411383375881,8.4,4.083573922603608,258.0,269.3478260869565
2025-01-15 00:00:00,336,4.096509276670484,1.7556468328587789,8.4,6.163790824169193,224.0,269.3478260869565
2025-01-15 01:00:00,337,4.747429494148529,2.034612640349369,8.4,6.695294018771366,197.0,269.3478260869565
2025-01-15 02:00:00,338,4.311179515539742,1.847648363802746,8.4,6.892896491034199,205.0,269.3478260869565
2025-01-15 03:00:00,339,4.21062693207864,1.804554399462274,8.4,6.230759464546384,219.0,269.3478260869565
2025-01-15 04:00:00,340,4.0588304669997,1.7394987715713,8.4,6.479181178574107,220.0,269.3478260869565
2025-01-15 05:00:00,341,4.004328650287355,1.7161408501231519,8.4,6.431799036995009,231.0,269.3478260869565
2025-01-15 06:00:00,342,3.6566200856759865,1.5671228938611368,8.4,6.220297561766559,249.0,269.3478260869565
2025-01-15 07:00:00,343,3.9450172201499356,1.690721665778544,8.4,6.797604872361345,267.0,269.3478260869565
2025-01-15 08:00:00,344,4.162833002693499,1.7840712868686424,8.4,8.032198730351126,271.0,269.3478260869565
2025-01-15 09:00:00,345,3.943995790290928,1.6902839101246834,8.4,8.646504236642375,242.0,269.3478260869565
2025-01-15 10:00:00,346,4.500914287426426,1.9289632660398965,8.4,10.454248666628366,242.0,269.3478260869565
2025-01-15 11:00:00,347,4.038182113834154,1.730649477357494,8.4,11.657723905320632,265.0,269.3478260869565
2025-01-15 12:00:00,348,4.162757137748229,1.7840387733206695,8.4,12.521060324704601,282.0,269.3478260869565
2025-01-15 13:00:00,349,5.146074447902722,2.205460477672595,8.4,14.12363268540574,283.0,269.3478260869565
2025-01-15 14:00:00,350,4.455971596781657,1.9097021129064244,8.4,13.671373615935963,280.0,269.3478260869565
2025-01-15 15:00:00,351,4.518232562119018,1.9363853837652936,8.4,12.270590204881788,290.0,269.3478260869565
2025-01-15 16:00:00,352,4.573131200148739,1.959913371492317,8.4,11.781782450639959,302.0,269.3478260869565
2025-01-15 17:00:00,353,5.002410615604715,2.143890263830592,8.4,10.809187518551884,301.0,269.3478260869565
2025-01-15 18:00:00,354,4.865650106970789,2.085278617273195,8.4,10.738727363590707,282.0,269.3478260869565
2025-01-15 19:00:00,355,4.980713168230764,2.1345913578131843,8.4,10.790343606796732,277.0,269.3478260869565
2025-01-15 20:00:00,356,4.605710289118395,1.9738758381935981,8.4,10.071473566679364,271.0,269.3478260869565
2025-01-15 21:00:00,357,4.880080802117398,2.0914632009074565,8.4,10.65466972904233,267.0,269.3478260869565
2025-01-15 22:00:00,358,5.003461456461439,2.1443406241977594,8.4,12.652310940608492,249.0,269.3478260869565
2025-01-15 23:00:00,359,5.121337149384139,2.194858778307488,8.3,10.163814069520063,200.0,269.3478260869565
2025-01-16 00:00:00,360,5.494337580619076,2.354716105979604,8.3,8.403463351724682,180.0,269.3478260869565
2025-01-16 01:00:00,361,4.846475926149784,2.0770611112070507,8.3,8.35604030694224,184.0,269.3478260869565
2025-01-16 02:00:00,362,4.636276539959752,1.9869756599827506,8.3,9.217145330557466,171.0,269.3478260869565
2025-01-16 03:00:00,363,4.35443737003242,1.8661874442996085,8.3,10.899655196924817,165.0,269.3478260869565
2025-01-16 04:00:00,364,4.289020449351189,1.8381516211505096,8.3,13.858625982462774,157.0,269.3478260869565
2025-01-16 05:00:00,365,4.331861826899414,1.85651221152832,8.3,15.0,171.0,269.3478260869565
2025-01-16 06:00:00,366,4.2786832956604,1.8337214124258856,8.3,15.0,196.0,269.3478260869565
2025-01-16 07:00:00,367,4.2222727606174155,1.809545468836035,8.3,15.0,245.0,269.3478260869565
2025-01-16 08:00:00,368,4.172085004503678,1.7880364305015761,8.3,15.0,241.0,269.3478260869565
2025-01-16 09:00:00,369,3.8934269130523633,1.6686115341652987,8.3,15.0,226.0,269.3478260869565
2025-01-16 10:00:00,370,4.077389659746602,1.7474527113199723,8.3,13.803064733106714,225.0,269.3478260869565
2025-01-16 11:00:00,371,4.167246206569477,1.7859626599583471,8.3,15.0,222.0,269.3478260869565
2025-01-16 12:00:00,372,4.323304705004032,1.8528448735731566,8.3,15.0,214.0,269.3478260869565
2025-01-16 13:00:00,373,4.848076763033262,2.077747184157112,8.3,15.0,206.0,269.3478260869565
2025-01-16 14:00:00,374,5.144851022390117,2.2049361524529076,8.3,15.0,207.0,269.3478260869565
2025-01-16 15:00:00,375,4.687909578807508,2.009104105203218,8.4,15.0,230.0,269.3478260869565
2025-01-16 16:00:00,376,5.324809598268294,2.2820612564006972,8.4,15.0,244.0,269.3478260869565
2025-01-16 17:00:00,377,4.764590995005291,2.0419675692879817,8.4,15.0,246.0,269.3478260869565
2025-01-16 18:00:00,378,4.457437630001275,1.910330412857689,8.4,15.0,229.0,269.3478260869565
2025-01-16 19:00:00,379,4.576247646488971,1.961248991352416,8.4,15.0,184.0,269.3478260869565
2025-01-16 20:00:00,380,4.654939780201065,1.994974191514742,8.4,15.0,150.0,269.3478260869565
2025-01-16 21:00:00,381,4.649231761620195,1.9925278978372263,8.4,15.0,145.0,269.3478260869565
2025-01-16 22:00:00,382,4.944732079728956,2.1191708913124097,8.4,15.0,135.0,269.3478260869565
2025-01-16 23:00:00,383,5.277809273759898,2.261918260182813,8.4,15.0,119.0,269.3478260869565
2025-01-17 00:00:00,384,5.170164554195525,2.215784808940939,8.4,15.0,100.0,269.3478260869565
2025-01-17 01:00:00,385,4.714344537768296,2.0204333733292694,8.4,15.0,104.0,269.3478260869565
2025-01-17 02:00:00,386,4.69754130496063,2.01323198784027,8.4,15.0,121.0,269.3478260869565
2025-01-17 03:00:00,387,4.998965923504899,2.142413967216385,8.4,15.0,131.0,269.3478260869565
2025-01-17 04:00:00,388,4.754213638883426,2.0375201309500395,8.4,15.0,141.0,269.3478260869565
2025-01-17 05:00:00,389,4.625549076828497,1.9823781757836412,8.4,15.0,139.0,269.3478260869565
2025-01-17 06:00:00,390,4.512961984322347,1.9341265647095771,8.4,15.0,176.0,269.3478260869565
2025-01-17 07:00:00,391,4.228718549347171,1.8123079497202164,8.4,15.0,191.0,269.3478260869565
2025-01-17 08:00:00,392,4.373207919635118,1.8742319655579076,8.4,15.0,208.0,269.3478260869565
2025-01-17 09:00:00,393,4.3342114041682915,1.8575191732149818,8.4,15.0,228.0,269.3478260869565
2025-01-17 10:00:00,394,3.5261911864287505,1.5112247941837502,8.3,15.0,235.0,269.3478260869565
2025-01-17 11:00:00,395,3.8075855141485118,1.6318223632065052,8.3,15.0,233.0,269.3478260869565
2025-01-17 12:00:00,396,3.9210366738095446,1.680444288775519,8.3,15.0,240.0,269.3478260869565
2025-01-17 13:00:00,397,3.987953774893777,1.709123046383047,8.3,15.0,216.0,269.3478260869565
2025-01-17 14:00:00,398,4.161761760383088,1.7836121830213236,8.3,14.420780920105646,216.0,269.3478260869565
2025-01-17 15:00:00,399,4.280175824009319,1.8343610674325652,8.3,13.362672544757853,237.0,269.3478260869565
2025-01-17 16:00:00,400,4.512187881504259,1.9337948063589683,8.3,13.354886232753664,240.0,269.3478260869565
2025-01-17 17:00:00,401,4.45537486459966,1.9094463705427114,8.3,13.24271653501642,254.0,269.3478260869565
2025-01-17 18:00:00,402,4.855522695277223,2.0809382979759525,8.3,13.797773289273463,247.0,269.3478260869565
2025-01-17 19:00:00,403,4.50808629051861,1.9320369816508327,8.3,15.0,229.0,269.3478260869565
2025-01-17 20:00:00,404,5.430128750805434,2.3271980360594715,8.3,15.0,176.0,269.3478260869565
2025-01-17 21:00:00,405,5.115072395869269,2.192173883943972,8.3,15.0,126.0,269.3478260869565
2025-01-17 22:00:00,406,4.972311043691638,2.130990447296416,8.3,15.0,105.0,269.3478260869565
2025-01-17 23:00:00,407,4.588545516004025,1.9665195068588677,8.3,15.0,110.0,269.3478260869565
2025-01-18 00:00:00,408,5.276462655037869,2.261341137873372,8.3,15.0,108.0,269.3478260869565
2025-01-18 01:00:00,409,5.1288348832745605,2.198072092831954,8.3,15.0,122.0,269.3478260869565
2025-01-18 02:00:00,410,4.40258845069545,1.886823621726621,8.4,15.0,116.0,269.3478260869565
2025-01-18 03:00:00,411,4.005217721281842,1.716521880549361,8.4,15.0,113.0,269.3478260869565
2025-01-18 04:00:00,412,3.9774798835149965,1.7046342357921414,8.4,15.0,103.0,269.3478260869565
2025-01-18 05:00:00,413,4.392699898876131,1.8825856709469133,8.4,15.0,114.0,269.3478260869565
2025-01-18 06:00:00,414,4.377271411346417,1.8759734620056072,8.4,15.0,122.0,269.3478260869565
2025-01-18 07:00:00,415,4.1827892329069805,1.7926239569601343,8.4,15.0,119.0,269.3478260869565
2025-01-18 08:00:00,416,4.083139215288903,1.7499168065523871,8.4,15.0,158.0,269.3478260869565
2025-01-18 09:00:00,417,4.407297166473229,1.888841642774241,8.4,14.920496030985538,182.0,269.3478260869565
2025-01-18 10:00:00,418,3.9163626614409486,1.6784411406175492,8.4,11.36856690453192,186.0,269.3478260869565
2025-01-18 11:00:00,419,5.419256974423015,2.322538703324149,8.5,15.0,171.0,269.3478260869565
2025-01-18 12:00:00,420,5.248012881150331,2.2491483776358554,8.5,15.0,150.0,269.3478260869565
2025-01-18 13:00:00,421,5.672445402853761,2.4310480297944683,8.5,15.0,159.0,269.3478260869565
2025-01-18 14:00:00,422,5.673944035764121,2.431690301041766,8.5,15.0,178.0,269.3478260869565
2025-01-18 15:00:00,423,5.6602257398621845,2.4258110313695074,8.6,15.0,184.0,269.3478260869565
2025-01-18 16:00:00,424,5.202549370128681,2.2296640157694347,8.6,15.0,201.0,269.3478260869565
2025-01-18 17:00:00,425,4.980696417044298,2.13458417873327,8.6,15.0,226.0,269.3478260869565
2025-01-18 18:00:00,426,4.574738838839672,1.9606023595027164,8.6,14.922481521833111,226.0,269.3478260869565
2025-01-18 19:00:00,427,4.739663775745402,2.0312844753194583,8.6,13.420258522450096,216.0,269.3478260869565
2025-01-18 20:00:00,428,4.647759165992041,1.9918967854251604,8.6,11.894888982486323,179.0,269.3478260869565
2025-01-18 21:00:00,429,4.513169560810097,1.93421552606147,8.6,11.15198446550751,178.0,269.3478260869565
2025-01-18 22:00:00,430,4.409530362930031,1.8897987269700134,8.6,10.278818194353986,165.0,269.3478260869565
2025-01-18 23:00:00,431,4.836043093332268,2.0725898971424006,8.6,8.621677817359268,147.0,269.3478260869565
2025-01-19 00:00:00,432,5.273187220747181,2.25993738032022,8.6,7.525447888790586,171.0,269.3478260869565
2025-01-19 01:00:00,433,5.184355901655102,2.2218668149950433,8.6,6.1209070589919845,186.0,269.3478260869565
2025-01-19 02:00:00,434,4.6252324000363165,1.9822424571584214,8.6,4.868412147167834,199.0,269.3478260869565
2025-01-19 03:00:00,435,4.681430614121073,2.0063274060518883,8.6,4.533956907123508,222.0,269.3478260869565
2025-01-19 04:00:00,436,4.6805605178895675,2.005954507666957,8.6,4.257013288266271,240.0,269.3478260869565
2025-01-19 05:00:00,437,4.699525444821955,2.0140823334951237,8.6,3.5688318631351765,222.0,269.3478260869565
2025-01-19 06:00:00,438,4.1105124136483475,1.7616481772778634,8.6,2.7743118497600667,218.0,269.3478260869565
2025-01-19 07:00:00,439,4.213735199348814,1.8058865140066345,8.6,2.1517770462706918,222.0,269.3478260869565
2025-01-19 08:00:00,440,5.173600357153376,2.217257295922875,8.6,2.2517848283610746,241.0,269.3478260869565
2025-01-19 09:00:00,441,5.436566485042011,2.329957065018005,8.6,2.172936342612844,280.0,269.3478260869565
2025-01-19 10:00:00,442,6.028165543244658,2.5834995185334244,8.6,4.622291053200988,304.0,269.3478260869565
2025-01-19 11:00:00,443,5.767159998741205,2.4716399994605163,8.6,5.387238400322141,319.0,269.3478260869565
2025-01-19 12:00:00,444,5.7019248365115,2.4436820727906423,8.6,5.023121331306978,321.0,269.3478260869565
2025-01-19 13:00:00,445,4.580204623785345,1.9629448387651478,8.6,4.550253800492559,335.0,269.3478260869565
2025-01-19 14:00:00,446,4.8115954795425,2.0621123483753574,8.6,4.985075772949692,342.0,269.3478260869565
2025-01-19 15:00:00,447,4.561361199762683,1.9548690856125783,8.7,5.481196386532352,342.0,269.3478260869565
2025-01-19 16:00:00,448,4.23856685692556,1.8165286529680973,8.7,4.967107571673433,354.0,269.3478260869565
2025-01-19 17:00:00,449,4.545367870010763,1.9480148014331837,8.7,4.8746377874523725,350.0,269.3478260869565
2025-01-19 18:00:00,450,4.77587283599787,2.046802643999087,8.7,5.504860455460218,347.0,269.3478260869565
2025-01-19 19:00:00,451,4.769395424866424,2.044026610657039,8.7,6.856784069001386,353.0,269.3478260869565
2025-01-19 20:00:00,452,4.838415958595919,2.073606839398251,8.7,7.661961865780672,371.0,269.3478260869565
2025-01-19 21:00:00,453,4.511514699915809,1.9335062999639177,8.7,8.663754251318753,382.0,269.3478260869565
2025-01-19 22:00:00,454,5.170573653805498,2.215960137345213,8.7,5.695957335799898,395.0,269.3478260869565
2025-01-19 23:00:00,455,4.71316583449435,2.0199282147832927,8.7,5.361598910356261,405.0,269.3478260869565
2025-01-20 00:00:00,456,5.040450881711687,2.1601932350192943,8.7,5.61930452415291,395.0,269.3478260869565
2025-01-20 01:00:00,457,4.612327967436784,1.9767119860443358,8.7,6.819710856716962,400.0,269.3478260869565
2025-01-20 02:00:00,458,4.132909908398871,1.7712471035995163,8.7,7.681941523791033,407.0,269.3478260869565
2025-01-20 03:00:00,459,3.72036691407714,1.5944429631759172,8.6,8.37564594647278,413.0,269.3478260869565
2025-01-20 04:00:00,460,3.5411412814507335,1.5176319777646,8.6,8.324535957265597,426.0,269.3478260869565
2025-01-20 05:00:00,461,3.4322089009987504,1.4709466718566073,8.6,7.562040722844018,451.0,269.3478260869565
2025-01-20 06:00:00,462,3.81028018220025,1.6329772209429645,8.6,6.045844325643024,460.0,269.3478260869565
2025-01-20 07:00:00,463,3.279418621534244,1.4054651235146758,8.6,5.163238017752383,465.0,269.3478260869565
2025-01-20 08:00:00,464,3.5540559099797013,1.5231668185627292,8.6,4.812546063595725,459.0,269.3478260869565
2025-01-20 09:00:00,465,3.9584559322655473,1.6964811138280915,8.6,4.626087084731872,449.0,269.3478260869565
2025-01-20 10:00:00,466,4.432593765370663,1.8996830423017126,8.6,4.638768448513331,445.0,269.3478260869565
2025-01-20 11:00:00,467,4.699356471773888,2.0140099164745235,8.6,4.209639803209617,443.0,269.3478260869565
2025-01-20 12:00:00,468,4.464062310954015,1.913169561837435,8.6,3.3306496726403623,444.0,269.3478260869565
2025-01-20 13:00:00,469,4.410119328139794,1.8900511406313403,8.6,2.2284274349750333,445.0,269.3478260869565
2025-01-20 14:00:00,470,4.623843595809933,1.9816472553471138,8.6,1.2077198275182168,445.0,269.3478260869565
2025-01-20 15:00:00,471,4.968701785193092,2.1294436222256112,8.6,1.170147579110545,456.0,269.3478260869565
2025-01-20 16:00:00,472,4.993601586767893,2.1401149657576686,8.6,1.5280383294106108,463.0,269.3478260869565
2025-01-20 17:00:00,473,4.721966351512911,2.0236998649341045,8.6,1.669271733556435,462.0,269.3478260869565
2025-01-20 18:00:00,474,4.956227270156677,2.1240974014957184,8.6,2.1732642735031127,459.0,269.3478260869565
2025-01-20 19:00:00,475,4.743488540427678,2.0329236601832905,8.6,2.8001296551064505,443.0,269.3478260869565
2025-01-20 20:00:00,476,4.64883329805436,1.9923571277375824,8.6,3.1897515316164355,430.0,269.3478260869565
2025-01-20 21:00:00,477,4.941616844265123,2.1178357903993383,8.6,3.6361768736724613,414.0,269.3478260869565
2025-01-20 22:00:00,478,5.194224241288325,2.2260961034092817,8.5,3.6461594472849845,418.0,269.3478260869565
2025-01-20 23:00:00,479,5.1386547666022775,2.2022806142581186,8.5,2.4037518201296417,411.0,269.3478260869565
2025-01-21 00:00:00,480,5.650747359685253,2.4217488684365365,8.4,1.648216469319278,408.0,269.3478260869565
2025-01-21 01:00:00,481,5.0716334122654745,2.173557176685203,8.4,0.8746333971587051,405.0,269.3478260869565
2025-01-21 02:00:00,482,5.015061489071126,2.1493120667447685,8.4,0.2920029748711198,411.0,269.3478260869565
2025-01-21 03:00:00,483,4.60541892208035,1.9737509666058641,8.4,0.09057285892834963,414.0,269.3478260869565
2025-01-21 04:00:00,484,4.481394835771235,1.9205977867591009,8.4,0.11166085598023127,418.0,269.3478260869565
2025-01-21 05:00:00,485,4.439186709871839,1.9025085899450738,8.3,0.08596233252725681,438.0,269.3478260869565
2025-01-21 06:00:00,486,4.661267564110169,1.9976860989043579,8.3,0.003424039072327071,454.0,269.3478260869565
2025-01-21 07:00:00,487,4.442604610214187,1.9039734043775087,8.3,0.0,447.0,269.3478260869565
2025-01-21 08:00:00,488,3.6436394956618168,1.5615597838550643,8.3,0.0,432.0,269.3478260869565
2025-01-21 09:00:00,489,3.4946658496809357,1.4977139355775437,8.2,0.0,427.0,269.3478260869565
2025-01-21 10:00:00,490,3.7469529539993767,1.6058369802854473,8.2,0.04373521862656675,418.0,269.3478260869565
2025-01-21 11:00:00,491,3.466205982094932,1.4855168494692566,8.2,0.1162859595015608,421.0,269.3478260869565
2025-01-21 12:00:00,492,3.448334761945349,1.4778577551194352,8.2,0.12651638080159985,417.0,269.3478260869565
2025-01-21 13:00:00,493,3.4324055015283292,1.471030929226427,8.2,0.2870911203465653,421.0,269.3478260869565
2025-01-21 14:00:00,494,3.6949138503215373,1.5835345072806588,8.2,0.4677642941162546,435.0,269.3478260869565
2025-01-21 15:00:00,495,3.5807897108025846,1.5346241617725362,8.2,0.3551189241200791,440.0,269.3478260869565
2025-01-21 16:00:00,496,3.716180211199049,1.5926486619424496,8.2,0.16920046395938257,446.0,269.3478260869565
2025-01-21 17:00:00,497,3.6472264232384584,1.5630970385307679,8.2,0.0,453.0,269.3478260869565
2025-01-21 18:00:00,498,3.8182573368982995,1.6363960015278425,8.2,0.0,452.0,269.3478260869565
2025-01-21 19:00:00,499,4.687020630656017,2.0087231274240067,8.2,0.0,444.0,269.3478260869565
2025-01-21 20:00:00,500,4.816902848239008,2.0643869349595745,8.1,0.0,441.0,269.3478260869565
2025-01-21 21:00:00,501,4.446379597624629,1.9055912561248411,8.1,0.0,440.0,269.3478260869565
2025-01-21 22:00:00,502,4.479120406040197,1.9196230311600844,8.1,0.0,437.0,269.3478260869565
2025-01-21 23:00:00,503,4.430833360462978,1.898928583055562,8.1,0.0,427.0,269.3478260869565
2025-01-22 00:00:00,504,4.835451794370199,2.0723364833015134,8.1,0.0,426.0,269.3478260869565
2025-01-22 01:00:00,505,4.804337303239043,2.0590017013881616,8.1,0.0,427.0,269.3478260869565
2025-01-22 02:00:00,506,4.726774674546652,2.0257605748057075,8.1,0.0,423.0,269.3478260869565
2025-01-22 03:00:00,507,4.393125542270117,1.882768089544336,8.1,0.0,424.0,269.3478260869565
2025-01-22 04:00:00,508,4.462598055636498,1.9125420238442132,8.1,0.0,423.0,269.3478260869565
2025-01-22 05:00:00,509,4.566777337372798,1.957190287445485,8.1,0.010505612841214405,437.0,269.3478260869565
2025-01-22 06:00:00,510,4.477930912205988,1.9191132480882804,8.1,0.023874843210354973,455.0,269.3478260869565
2025-01-22 07:00:00,511,4.22262893211299,1.8096981137627097,8.1,0.37317891185762,453.0,269.3478260869565
2025-01-22 08:00:00,512,4.651460736320683,1.993483172708864,8.1,0.8609399491487434,449.0,269.3478260869565
2025-01-22 09:00:00,513,5.191932584805905,2.2251139649168166,8.1,1.0751373208386872,453.0,269.3478260869565
2025-01-22 10:00:00,514,4.983122132045449,2.135623770876621,8.1,0.6191363943583216,458.0,269.3478260869565
2025-01-22 11:00:00,515,4.551887309266064,1.9508088468283131,8.1,0.4719085998341853,458.0,269.3478260869565
2025-01-22 12:00:00,516,4.69944469869446,2.0140477280119113,8.1,0.533582034386636,456.0,269.3478260869565
2025-01-22 13:00:00,517,4.909077430057299,2.103890327167414,8.1,0.8640548254333137,452.0,269.3478260869565
2025-01-22 14:00:00,518,4.832846037331201,2.0712197302848003,8.1,0.6773660865067977,445.0,269.3478260869565
2025-01-22 15:00:00,519,4.929580201242745,2.1126772291040337,8.1,0.40918500848964917,442.0,269.3478260869565
2025-01-22 16:00:00,520,4.788736879768465,2.0523158056150566,8.1,0.400801356337946,440.0,269.3478260869565
2025-01-22 17:00:00,521,4.814508452384851,2.0633607653077934,8.1,0.37197262392243874,439.0,269.3478260869565
2025-01-22 18:00:00,522,5.066313750568353,2.1712773216721515,8.1,0.32925342894312587,441.0,269.3478260869565
2025-01-22 19:00:00,523,5.018262045295376,2.1506837336980182,8.1,0.2997516101935619,442.0,269.3478260869565
2025-01-22 20:00:00,524,5.347846534042279,2.2919342288752627,8.0,0.10457997311516938,438.0,269.3478260869565
2025-01-22 21:00:00,525,5.379815608285384,2.305635260693736,8.0,0.26863125603040916,438.0,269.3478260869565
2025-01-22 22:00:00,526,5.302386799250966,2.272451485393271,8.0,0.6599514070961705,418.0,269.3478260869565
2025-01-22 23:00:00,527,5.157947490415256,2.210548924463681,8.0,1.6049395014222745,351.0,269.3478260869565
2025-01-23 00:00:00,528,5.593943701254444,2.397404443394762,8.0,2.458761416022158,295.0,269.3478260869565
2025-01-23 01:00:00,529,5.236817219494679,2.2443502369262904,8.0,4.107696425928412,240.0,269.3478260869565
2025-01-23 02:00:00,530,5.481393459612061,2.349168625548026,8.1,5.440226854933588,186.0,269.3478260869565
2025-01-23 03:00:00,531,5.454087753332653,2.337466179999708,8.1,5.761121077171637,154.0,269.3478260869565
2025-01-23 04:00:00,532,6.1608377151324705,2.6403590207710588,8.1,7.143713054459018,128.0,269.3478260869565
2025-01-23 05:00:00,533,6.10459548148749,2.616255206351781,8.1,10.239044515367345,140.0,269.3478260869565
2025-01-23 06:00:00,534,6.026058823123641,2.58259663848156,8.1,13.255530622956961,136.0,269.3478260869565
2025-01-23 07:00:00,535,5.756974114266813,2.4672746204000626,8.2,15.0,135.0,269.3478260869565
2025-01-23 08:00:00,536,6.144463930142852,2.633341684346936,8.2,15.0,143.0,269.3478260869565
2025-01-23 09:00:00,537,6.112697647727559,2.619727563311811,8.4,15.0,166.0,269.3478260869565
2025-01-23 10:00:00,538,5.921691134996694,2.5378676292842974,8.4,15.0,159.0,269.3478260869565
2025-01-23 11:00:00,539,4.795532674925976,2.0552282892539897,8.4,15.0,156.0,269.3478260869565
2025-01-23 12:00:00,540,5.466535972241076,2.3428011309604613,8.5,15.0,137.0,269.3478260869565
2025-01-23 13:00:00,541,5.367415069667626,2.3003207441432685,8.6,15.0,146.0,269.3478260869565
2025-01-23 14:00:00,542,5.896734765931216,2.5271720425419493,8.6,15.0,177.0,269.3478260869565
2025-01-23 15:00:00,543,5.166025616257387,2.214010978396023,8.6,13.015612681811673,240.0,269.3478260869565
2025-01-23 16:00:00,544,4.810188011871643,2.06150914794499,8.6,15.0,275.0,269.3478260869565
2025-01-23 17:00:00,545,6.036309526749445,2.5869897971783335,8.6,12.418941402095106,293.0,269.3478260869565
2025-01-23 18:00:00,546,5.680818875866208,2.4346366610855177,8.6,7.15247159975828,257.0,269.3478260869565
2025-01-23 19:00:00,547,4.683664295697307,2.0072846981559884,8.6,4.9037052867920545,169.0,269.3478260869565
2025-01-23 20:00:00,548,5.789793281718072,2.481339977879174,8.6,15.0,150.0,269.3478260869565
2025-01-23 21:00:00,549,5.744481026653792,2.461920439994482,8.6,15.0,134.0,269.3478260869565
2025-01-23 22:00:00,550,6.10070700747971,2.614588717491304,8.6,15.0,128.0,269.3478260869565
2025-01-23 23:00:00,551,5.642910347921031,2.418390149109013,8.6,15.0,137.0,269.3478260869565
2025-01-24 00:00:00,552,6.243871308702914,2.675944846586963,8.6,15.0,154.0,269.3478260869565
2025-01-24 01:00:00,553,5.987456319050478,2.56605270816449,8.6,0.0,179.0,269.3478260869565
2025-01-24 02:00:00,554,5.584549026188794,2.393378154080912,8.6,0.0,224.0,269.3478260869565
2025-01-24 03:00:00,555,5.138038364842895,2.2020164420755264,8.6,0.0,264.0,269.3478260869565
2025-01-24 04:00:00,556,4.221224648987771,1.8090962781376163,8.6,0.0,288.0,269.3478260869565
2025-01-24 05:00:00,557,5.697887652348367,2.441951851006443,8.6,0.0,275.0,269.3478260869565
2025-01-24 06:00:00,558,5.611005158899589,2.404716496671252,8.6,0.0,304.0,269.3478260869565
2025-01-24 07:00:00,559,5.471127671616294,2.3447690021212693,8.6,0.0,293.0,269.3478260869565
2025-01-24 08:00:00,560,5.736565987473302,2.458528280345701,8.6,0.0,277.0,269.3478260869565
2025-01-24 09:00:00,561,5.743699027695392,2.461585297583739,8.6,0.0,267.0,269.3478260869565
2025-01-24 10:00:00,562,5.758590462507289,2.467967341074553,8.5,0.0,262.0,269.3478260869565
2025-01-24 11:00:00,563,5.765047277633692,2.4707345475572966,8.5,15.0,274.0,269.3478260869565
2025-01-24 12:00:00,564,5.760343291549244,2.468718553521104,8.5,15.0,289.0,269.3478260869565
2025-01-24 13:00:00,565,5.824588184228549,2.496252078955093,8.5,15.0,277.0,269.3478260869565
2025-01-24 14:00:00,566,5.365250537146174,2.2993930873483603,8.5,15.0,254.0,269.3478260869565
2025-01-24 15:00:00,567,5.388624740776635,2.309410603189986,8.5,15.0,262.0,269.3478260869565
2025-01-24 16:00:00,568,5.492509121094411,2.3539324804690334,8.5,15.0,280.0,269.3478260869565
2025-01-24 17:00:00,569,5.552284372073938,2.379550445174545,8.5,15.0,286.0,269.3478260869565
2025-01-24 18:00:00,570,5.378182684689607,2.3049354362955454,8.5,15.0,277.0,269.3478260869565
2025-01-24 19:00:00,571,4.999960647665768,2.142840277571043,8.5,15.0,261.0,269.3478260869565
2025-01-24 20:00:00,572,5.509193745976727,2.361083033990026,8.5,15.0,286.0,269.3478260869565
2025-01-24 21:00:00,573,5.278749369346752,2.262321158291465,8.5,15.0,262.0,269.3478260869565
2025-01-24 22:00:00,574,5.438828787500063,2.330926623214313,8.4,15.0,221.0,269.3478260869565
2025-01-24 23:00:00,575,5.671514944660842,2.4306492619975035,8.4,15.0,217.0,269.3478260869565
2025-01-25 00:00:00,576,5.670955099553225,2.4304093283799535,8.4,15.0,219.0,269.3478260869565
2025-01-25 01:00:00,577,4.924897275901307,2.11067026110056,8.4,15.0,220.0,269.3478260869565
2025-01-25 02:00:00,578,5.066887919679141,2.171523394148203,8.4,15.0,236.0,269.3478260869565
2025-01-25 03:00:00,579,3.948646979110737,1.6922772767617444,8.4,15.0,240.0,269.3478260869565
2025-01-25 04:00:00,580,3.390124075170063,1.4529103179300271,8.4,15.0,256.0,269.3478260869565
2025-01-25 05:00:00,581,4.702897110081046,2.0155273328918764,8.4,15.0,253.0,269.3478260869565
2025-01-25 06:00:00,582,5.274872396817566,2.2606595986360998,8.4,15.0,280.0,269.3478260869565
2025-01-25 07:00:00,583,5.167685988853467,2.2147225666514863,8.4,13.369718018399922,287.0,269.3478260869565
2025-01-25 08:00:00,584,5.343182297662546,2.289935270426805,8.4,11.385546955967031,300.0,269.3478260869565
2025-01-25 09:00:00,585,5.3977925789685575,2.31333967670081,8.4,9.729986406043695,311.0,269.3478260869565
2025-01-25 10:00:00,586,5.8403206999952175,2.5029945857122358,8.4,6.179381320601767,297.0,269.3478260869565
2025-01-25 11:00:00,587,5.106172067966195,2.188359457699798,8.4,4.246731921114999,262.0,269.3478260869565
2025-01-25 12:00:00,588,5.755463320605122,2.466627137402195,8.4,3.378131274510154,235.0,269.3478260869565
2025-01-25 13:00:00,589,5.165328743885585,2.2137123188081076,8.4,3.7613801932458264,227.0,269.3478260869565
2025-01-25 14:00:00,590,5.480431801031127,2.3487564861561974,8.4,7.866048672499366,226.0,269.3478260869565
2025-01-25 15:00:00,591,5.569131353765253,2.3867705801851082,8.4,15.0,222.0,269.3478260869565
2025-01-25 16:00:00,592,5.69340966106142,2.440032711883465,8.4,15.0,244.0,269.3478260869565
2025-01-25 17:00:00,593,5.516893764643048,2.3643830419898775,8.4,15.0,276.0,269.3478260869565
2025-01-25 18:00:00,594,5.501169922483513,2.3576442524929337,8.4,15.0,310.0,269.3478260869565
2025-01-25 19:00:00,595,5.021733899306145,2.1521716711312053,8.4,15.0,315.0,269.3478260869565
2025-01-25 20:00:00,596,5.540836814084242,2.3746443488932463,8.4,15.0,317.0,269.3478260869565
2025-01-25 21:00:00,597,5.582536799041048,2.3925157710175915,8.4,15.0,291.0,269.3478260869565
2025-01-25 22:00:00,598,5.57094481589977,2.3875477782427583,8.3,8.717014026713882,288.0,269.3478260869565
2025-01-25 23:00:00,599,5.302179132383575,2.2723624853072466,8.3,6.1374564826943985,273.0,269.3478260869565
2025-01-26 00:00:00,600,5.354109453465586,2.294618337199537,8.3,4.536636728405887,298.0,269.3478260869565
2025-01-26 01:00:00,601,5.414120701868885,2.3203374436580932,8.3,1.720243036357575,291.0,269.3478260869565
2025-01-26 02:00:00,602,5.266409709566506,2.2570327326713593,8.3,2.3918312070887966,249.0,269.3478260869565
2025-01-26 03:00:00,603,5.428986348281448,2.3267084349777636,8.3,2.332683864208381,206.0,269.3478260869565
2025-01-26 04:00:00,604,5.431584263736667,2.3278218273157143,8.3,2.3722128209308337,154.0,269.3478260869565
2025-01-26 05:00:00,605,5.363124361405074,2.298481869173603,8.3,4.823200036220551,123.0,269.3478260869565
2025-01-26 06:00:00,606,5.383326815509539,2.3071400637898023,8.3,7.516510215150007,119.0,269.3478260869565
2025-01-26 07:00:00,607,5.286597574772891,2.2656846749026673,8.3,15.0,119.0,269.3478260869565
2025-01-26 08:00:00,608,4.800280928917916,2.0572632552505348,8.3,15.0,111.0,269.3478260869565
2025-01-26 09:00:00,609,4.576406163167358,1.961316927071725,8.3,15.0,107.0,269.3478260869565
2025-01-26 10:00:00,610,4.831925626743921,2.0708252686045374,8.3,15.0,131.0,269.3478260869565
2025-01-26 11:00:00,611,4.8611581091202645,2.083353475337256,8.3,15.0,158.0,269.3478260869565
2025-01-26 12:00:00,612,4.279748100269006,1.8341777572581455,8.3,15.0,176.0,269.3478260869565
2025-01-26 13:00:00,613,4.817049129912723,2.064449627105452,8.3,15.0,177.0,269.3478260869565
2025-01-26 14:00:00,614,4.34087264127395,1.8603739891174067,8.2,15.0,159.0,269.3478260869565
2025-01-26 15:00:00,615,4.793170805575178,2.054216059532219,8.2,15.0,152.0,269.3478260869565
2025-01-26 16:00:00,616,4.857575674788862,2.0818181463380836,8.2,15.0,167.0,269.3478260869565
2025-01-26 17:00:00,617,4.827016500887407,2.068721357523174,8.2,15.0,185.0,269.3478260869565
2025-01-26 18:00:00,618,4.92111124534318,2.1090476765756483,8.2,15.0,184.0,269.3478260869565
2025-01-26 19:00:00,619,5.423819206128509,2.3244939454836464,8.2,15.0,187.0,269.3478260869565
2025-01-26 20:00:00,620,5.767698928215674,2.471870969235289,8.1,15.0,178.0,269.3478260869565
2025-01-26 21:00:00,621,4.9696815398269205,2.12986351706868,8.1,15.0,148.0,269.3478260869565
2025-01-26 22:00:00,622,4.716717794184445,2.021450483221905,8.1,15.0,141.0,269.3478260869565
2025-01-26 23:00:00,623,5.3955234262604055,2.312367182683031,8.1,15.0,151.0,269.3478260869565
2025-01-27 00:00:00,624,5.477826493276921,2.3476399256901086,8.1,15.0,156.0,269.3478260869565
2025-01-27 01:00:00,625,5.329994270956062,2.2842832589811692,8.1,15.0,159.0,269.3478260869565
2025-01-27 02:00:00,626,4.953919309019863,2.1231082752942267,8.1,15.0,158.0,269.3478260869565
2025-01-27 03:00:00,627,4.6511202741903155,1.9933372603672779,8.1,15.0,160.0,269.3478260869565
2025-01-27 04:00:00,628,4.362037531689366,1.8694446564382998,8.1,15.0,157.0,269.3478260869565
2025-01-27 05:00:00,629,4.569243069988926,1.9582470299952537,8.1,15.0,155.0,269.3478260869565
2025-01-27 06:00:00,630,4.2207009618108575,1.8088718407760815,8.1,15.0,142.0,269.3478260869565
2025-01-27 07:00:00,631,4.145210883376986,1.7765189500187084,8.1,15.0,168.0,269.3478260869565
2025-01-27 08:00:00,632,3.559078083659095,1.5253191787110405,8.1,15.0,230.0,269.3478260869565
2025-01-27 09:00:00,633,3.937523783878922,1.6875101930909664,8.1,15.0,267.0,269.3478260869565
2025-01-27 10:00:00,634,3.9338485792581697,1.6859351053963583,8.1,15.0,280.0,269.3478260869565
2025-01-27 11:00:00,635,4.108979997768494,1.7609914276150687,8.1,15.0,300.0,269.3478260869565
2025-01-27 12:00:00,636,4.768635990381509,2.0437011387349324,8.1,15.0,321.0,269.3478260869565
2025-01-27 13:00:00,637,4.843581253568791,2.0758205372437675,8.1,15.0,334.0,269.3478260869565
2025-01-27 14:00:00,638,4.736787155051873,2.030051637879374,8.1,15.0,353.0,269.3478260869565
2025-01-27 15:00:00,639,4.879526536802246,2.0912256586295332,8.1,15.0,380.0,269.3478260869565
2025-01-27 16:00:00,640,4.854090120791357,2.08032433748201,8.1,15.0,392.0,269.3478260869565
2025-01-27 17:00:00,641,4.988869393490617,2.13808688292455,8.1,15.0,395.0,269.3478260869565
2025-01-27 18:00:00,642,4.973021647871391,2.131294991944882,8.1,15.0,396.0,269.3478260869565
2025-01-27 19:00:00,643,4.903172475905004,2.101359632530716,8.1,13.889008650401356,396.0,269.3478260869565
2025-01-27 20:00:00,644,4.69797776331274,2.0134190414197457,8.1,10.400620338432608,372.0,269.3478260869565
2025-01-27 21:00:00,645,4.841495922315842,2.0749268238496463,8.1,8.866793931122414,316.0,269.3478260869565
2025-01-27 22:00:00,646,4.735726269885507,2.0295969728080743,8.1,6.17968859051142,224.0,269.3478260869565
2025-01-27 23:00:00,647,4.953076741742898,2.12274717503267,8.1,3.8746925734631064,150.0,269.3478260869565
2025-01-28 00:00:00,648,5.30473805110913,2.273459164761056,8.1,3.020075205737705,144.0,269.3478260869565
2025-01-28 01:00:00,649,4.84702443395528,2.0772961859808343,8.1,0.7601160283579037,152.0,269.3478260869565
2025-01-28 02:00:00,650,4.681199126752384,2.006228197179593,8.1,0.0,141.0,269.3478260869565
2025-01-28 03:00:00,651,4.252846388221435,1.8226484520949007,8.1,0.0,147.0,269.3478260869565
2025-01-28 04:00:00,652,3.7463752053333836,1.6055893737143074,8.1,0.33778990445229423,152.0,269.3478260869565
2025-01-28 05:00:00,653,3.9783496358091415,1.7050069867753463,8.1,2.215570903651799,151.0,269.3478260869565
2025-01-28 06:00:00,654,3.922238079119579,1.6809591767655339,8.1,4.116517122116974,184.0,269.3478260869565
2025-01-28 07:00:00,655,4.075447529235523,1.7466203696723668,8.1,6.196849222439204,193.0,269.3478260869565
2025-01-28 08:00:00,656,4.380623486127759,1.8774100654833255,8.1,12.333884466015645,157.0,269.3478260869565
2025-01-28 09:00:00,657,4.089067270017035,1.7524574014358725,8.1,15.0,211.0,269.3478260869565
2025-01-28 10:00:00,658,3.7477313376240535,1.6061705732674514,8.1,15.0,227.0,269.3478260869565
2025-01-28 11:00:00,659,4.60856854491948,1.9751008049654912,8.1,15.0,223.0,269.3478260869565
2025-01-28 12:00:00,660,3.822205140873931,1.638087917517399,8.1,15.0,219.0,269.3478260869565
2025-01-28 13:00:00,661,4.495546608957992,1.9266628324105677,8.1,15.0,203.0,269.3478260869565
2025-01-28 14:00:00,662,4.481888467892199,1.920809343382371,8.1,15.0,207.0,269.3478260869565
2025-01-28 15:00:00,663,5.134719870397051,2.2005942301701644,8.1,15.0,225.0,269.3478260869565
2025-01-28 16:00:00,664,4.6592409809430055,1.996817563261288,8.1,15.0,238.0,269.3478260869565
2025-01-28 17:00:00,665,4.581036423000476,1.963301324143061,8.1,15.0,242.0,269.3478260869565
2025-01-28 18:00:00,666,4.302049784789839,1.8437356220527878,8.1,15.0,266.0,269.3478260869565
2025-01-28 19:00:00,667,4.3752904462814275,1.8751244769777542,8.1,15.0,291.0,269.3478260869565
2025-01-28 20:00:00,668,4.237476485445532,1.8160613509052275,8.1,15.0,313.0,269.3478260869565
2025-01-28 21:00:00,669,4.772513811502405,2.045363062072459,8.1,15.0,321.0,269.3478260869565
2025-01-28 22:00:00,670,4.5410189666722545,1.9461509857166805,8.1,15.0,322.0,269.3478260869565
2025-01-28 23:00:00,671,4.475459171925253,1.9180539308251086,8.1,15.0,335.0,269.3478260869565
2025-01-29 00:00:00,672,3.340070030231525,1.4314585843849392,8.1,15.0,349.0,269.3478260869565
2025-01-29 01:00:00,673,3.80999690081116,1.632855814633354,8.1,12.24202540914729,351.0,269.3478260869565
2025-01-29 02:00:00,674,3.6390959536342002,1.5596125515575145,8.1,8.959850508827639,348.0,269.3478260869565
2025-01-29 03:00:00,675,3.677630866920653,1.5761275143945657,8.1,6.782980303708724,345.0,269.3478260869565
2025-01-29 04:00:00,676,3.5492723726404813,1.5211167311316347,8.1,5.218967318560418,334.0,269.3478260869565
2025-01-29 05:00:00,677,3.5141751190136064,1.5060750510058312,8.1,5.200291799829305,312.0,269.3478260869565
2025-01-29 06:00:00,678,3.330235083009912,1.4272436070042478,8.097444,4.937853999017503,292.0,269.3478260869565
2025-01-29 07:00:00,679,3.606920604849236,1.5458231163639582,8.094888,5.2511972838140295,284.0,269.3478260869565
2025-01-29 08:00:00,680,4.031191241751382,1.727653389322021,8.092332,5.597012126082428,291.0,269.3478260869565
2025-01-29 09:00:00,681,4.118138016686106,1.7649162928654738,8.089776,5.166385752975813,301.0,269.3478260869565
2025-01-29 10:00:00,682,4.178691150623126,1.7908676359813398,8.08722,6.090358810060198,311.0,269.3478260869565
2025-01-29 11:00:00,683,4.280865251032122,1.8346565361566234,8.084665,8.48460773869545,296.0,269.3478260869565
2025-01-29 12:00:00,684,4.102191037882726,1.758081873378311,8.082109,10.633321449906576,280.0,269.3478260869565
2025-01-29 13:00:00,685,4.8316786796445355,2.0707194341333723,8.079553,12.224583880448483,256.0,269.3478260869565
2025-01-29 14:00:00,686,5.0837734287871035,2.1787600409087586,8.076997,15.0,233.0,269.3478260869565
2025-01-29 15:00:00,687,4.542738313029945,1.946887848441405,8.074441,15.0,235.0,269.3478260869565
2025-01-29 16:00:00,688,4.499142139842532,1.928203774218228,8.071885,15.0,262.0,269.3478260869565
2025-01-29 17:00:00,689,4.740964677694299,2.0318420047261276,8.069329,15.0,275.0,269.3478260869565
2025-01-29 18:00:00,690,5.378852756554632,2.3052226099519846,8.066773,15.0,289.0,269.3478260869565
2025-01-29 19:00:00,691,5.543023444892885,2.375581476382665,8.064217,15.0,289.0,269.3478260869565
2025-01-29 20:00:00,692,5.3866729764283665,2.3085741327550138,8.061661,15.0,273.0,269.3478260869565
2025-01-29 21:00:00,693,5.050147457380344,2.1643489103058617,8.059105,15.0,261.0,269.3478260869565
2025-01-29 22:00:00,694,5.242928319468049,2.246969279772021,8.05655,15.0,258.0,269.3478260869565
2025-01-29 23:00:00,695,4.894238034910667,2.0975305863902856,8.053994,15.0,273.0,269.3478260869565
2025-01-30 00:00:00,696,5.227256670177345,2.2402528586474335,8.051438,13.972297798877584,263.0,269.3478260869565
2025-01-30 01:00:00,697,5.438595455487189,2.3308266237802235,8.048882,12.792233995346935,254.0,269.3478260869565
2025-01-30 02:00:00,698,4.922008661559262,2.109432283525398,8.046326,9.961116864955684,246.0,269.3478260869565
2025-01-30 03:00:00,699,4.730079293612592,2.0271768401196826,8.04377,8.547243005049177,266.0,269.3478260869565
2025-01-30 04:00:00,700,4.289522074366164,1.8383666032997843,8.041214,9.752936492806203,295.0,269.3478260869565
2025-01-30 05:00:00,701,5.007898528038918,2.1462422263023933,8.038658,10.072456356629962,346.0,269.3478260869565
2025-01-30 06:00:00,702,4.723637039599757,2.0244158741141813,8.036102,5.424285647734392,338.0,269.3478260869565
2025-01-30 07:00:00,703,4.777567741267546,2.047529031971805,8.033546,3.2227099982899663,352.0,269.3478260869565
2025-01-30 08:00:00,704,3.9638730042611057,1.6988027161119021,8.03099,5.276755552961646,365.0,269.3478260869565
2025-01-30 09:00:00,705,4.273388047299216,1.8314520202710924,8.028435,6.378361766409557,370.0,269.3478260869565
2025-01-30 10:00:00,706,4.27484671410062,1.8320771631859796,8.025879,3.513482480358984,356.0,269.3478260869565
2025-01-30 11:00:00,707,4.055992998384015,1.7382827135931491,8.023323,3.2992480705898095,348.0,269.3478260869565
2025-01-30 12:00:00,708,4.316823909368061,1.850067389729169,8.020767,3.4713922195521976,349.0,269.3478260869565
2025-01-30 13:00:00,709,4.840223049271379,2.074381306830591,8.018211,2.4140820627927044,353.0,269.3478260869565
2025-01-30 14:00:00,710,4.6668275853125465,2.000068965133948,8.015655,1.4556196210218084,344.0,269.3478260869565
2025-01-30 15:00:00,711,4.903056001960101,2.101309715125758,8.013099,1.5490918273641563,333.0,269.3478260869565
2025-01-30 16:00:00,712,4.642357563182542,1.989581812792518,8.010543,2.085820825932535,302.0,269.3478260869565
2025-01-30 17:00:00,713,4.663873176948326,1.9988027901207108,8.007987,2.3260406523350996,261.0,269.3478260869565
2025-01-30 18:00:00,714,4.851478178975869,2.0792049338468006,8.005431,4.09759810551703,243.0,269.3478260869565
2025-01-30 19:00:00,715,5.031930515983548,2.156541649707235,8.002875,7.602831931614204,224.0,269.3478260869565
2025-01-30 20:00:00,716,4.5798316904397005,1.9627850101884428,8.000319,12.980099712624247,214.0,269.3478260869565
2025-01-30 21:00:00,717,4.39958620156262,1.8855369435268372,7.997764,15.0,213.0,269.3478260869565
2025-01-30 22:00:00,718,4.552710623320565,1.9511616957088134,7.995208,15.0,174.0,269.3478260869565
2025-01-30 23:00:00,719,4.8363962866817465,2.0727412657207482,7.992652,15.0,174.0,269.3478260869565
2025-01-31 00:00:00,720,4.932785037364344,2.114050730299004,7.990096,15.0,182.0,269.3478260869565
2025-01-31 01:00:00,721,5.163660206086488,2.212997231179923,7.98754,15.0,186.0,269.3478260869565
2025-01-31 02:00:00,722,4.638771361816275,1.9880448693498318,7.984984,15.0,187.0,269.3478260869565
2025-01-31 03:00:00,723,4.638015686021756,1.9877210082950385,7.982428,15.0,219.0,269.3478260869565
2025-01-31 04:00:00,724,4.136125811420952,1.7726253477518361,7.979872,15.0,258.0,269.3478260869565
2025-01-31 05:00:00,725,4.011622646981826,1.719266848706497,7.977316,15.0,313.0,269.3478260869565
2025-01-31 06:00:00,726,3.816553530172321,1.6356657986452803,7.97476,14.502727448750248,339.0,269.3478260869565
2025-01-31 07:00:00,727,4.108432188710324,1.7607566523044247,7.972204,11.502692658586753,351.0,269.3478260869565
2025-01-31 08:00:00,728,4.275923567813691,1.832538671920153,7.969649,9.7610584258829,374.0,269.3478260869565
2025-01-31 09:00:00,729,4.534467003450233,1.9433430014786712,7.967093,7.7386919379609385,395.0,269.3478260869565
2025-01-31 10:00:00,730,4.712849549837722,2.0197926642161668,7.964537,6.198875028336597,405.0,269.3478260869565
2025-01-31 11:00:00,731,4.854727270443895,2.080597401618812,7.961981,4.695195619495758,408.0,269.3478260869565
2025-01-31 12:00:00,732,4.782740074986439,2.0497457464227593,7.959425,3.1209073926269926,405.0,269.3478260869565
2025-01-31 13:00:00,733,4.7418250736830085,2.0322107458641465,7.956869,1.7248827018132566,398.0,269.3478260869565
2025-01-31 14:00:00,734,4.767564972751217,2.0432421311790923,7.954313,1.0365183644961864,393.0,269.3478260869565
2025-01-31 15:00:00,735,4.979759896658634,2.1341828128537,7.951757,0.6968811736004532,396.0,269.3478260869565
2025-01-31 16:00:00,736,5.032725009372793,2.156882146874054,7.949201,0.21227293093926816,390.0,269.3478260869565
2025-01-31 17:00:00,737,5.056222768861186,2.1669526152262226,7.946645,0.0,373.0,269.3478260869565
2025-01-31 18:00:00,738,4.703163614091265,2.0156415488962565,7.944089,0.0,344.0,269.3478260869565
2025-01-31 19:00:00,739,4.956144746280444,2.12406203412019,7.941534,0.0,312.0,269.3478260869565
2025-01-31 20:00:00,740,4.56934170789609,1.9582893033840385,7.938978,0.0,282.0,269.3478260869565
2025-01-31 21:00:00,741,4.701569054405541,2.0149581661738027,7.936422,0.0,273.0,269.3478260869565
2025-01-31 22:00:00,742,4.768176263026085,2.043504112725465,7.933866,0.6192920946090684,241.0,269.3478260869565
2025-01-31 23:00:00,743,4.596741778474976,1.9700321907749894,7.93131,1.4671901604578799,185.0,269.3478260869565
2025-02-01 00:00:00,744,4.4590288827194255,1.9110123783083253,7.928754,3.2332946271502356,173.0,269.3478260869565
2025-02-01 01:00:00,745,4.509261038476608,1.9325404450614032,7.926198,5.115416387485567,162.0,269.3478260869565
2025-02-01 02:00:00,746,4.272223808463654,1.830953060770137,7.923642,7.318416259053434,151.0,269.3478260869565
2025-02-01 03:00:00,747,4.677542938647656,2.004661259420424,7.921086,8.313848978030478,116.0,269.3478260869565
2025-02-01 04:00:00,748,4.55734120974567,1.953146232748144,7.91853,9.818862805349733,110.0,269.3478260869565
2025-02-01 05:00:00,749,4.550970864974704,1.9504160849891585,7.915974,10.806558604192308,105.0,269.3478260869565
2025-02-01 06:00:00,750,4.0825514453017355,1.749664905129315,7.913419,12.021681152738827,116.0,269.3478260869565
2025-02-01 07:00:00,751,4.016161758943696,1.7212121824044408,7.910863,14.65991842032468,109.0,269.3478260869565
2025-02-01 08:00:00,752,4.354559634367478,1.8662398433003475,7.908307,15.0,118.0,269.3478260869565
2025-02-01 09:00:00,753,3.9510746830399386,1.693317721302831,7.905751,15.0,137.0,269.3478260869565
2025-02-01 10:00:00,754,4.17078580717789,1.787479631647667,7.903195,15.0,134.0,269.3478260869565
2025-02-01 11:00:00,755,4.5820068532481075,1.9637172228206172,7.900639,15.0,132.0,269.3478260869565
2025-02-01 12:00:00,756,4.286216751967324,1.8369500365574245,7.898083,15.0,126.0,269.3478260869565
2025-02-01 13:00:00,757,5.1765146010522365,2.2185062575938157,7.895527,15.0,115.0,269.3478260869565
2025-02-01 14:00:00,758,4.6786790724695,2.0051481739155,7.892971,15.0,110.0,269.3478260869565
2025-02-01 15:00:00,759,5.03765655693573,2.15899566725817,7.890415,15.0,104.0,269.3478260869565
2025-02-01 16:00:00,760,4.837051257167502,2.0730219673575006,7.887859,15.0,102.0,269.3478260869565
2025-02-01 17:00:00,761,5.534134266381354,2.3717718284491514,7.885304,15.0,112.0,269.3478260869565
2025-02-01 18:00:00,762,5.2889609570437806,2.2666975530187625,7.882748,15.0,108.0,269.3478260869565
2025-02-01 19:00:00,763,5.524141684371241,2.36748929330196,7.880192,15.0,98.0,269.3478260869565
2025-02-01 20:00:00,764,5.856350876330151,2.5098646612843503,7.877636,15.0,97.0,269.3478260869565
2025-02-01 21:00:00,765,5.90237410863689,2.5295889037015242,7.87508,15.0,97.0,269.3478260869565
2025-02-01 22:00:00,766,5.8067616035077965,2.488612115789056,7.872524,15.0,100.0,269.3478260869565
2025-02-01 23:00:00,767,5.781442620409171,2.477761123032502,7.869968,15.0,129.0,269.3478260869565
2025-02-02 00:00:00,768,5.557718704807272,2.3818794449174017,7.867412,15.0,165.0,269.3478260869565
2025-02-02 01:00:00,769,5.104777319668317,2.1877617084292784,7.864856,15.0,201.0,269.3478260869565
2025-02-02 02:00:00,770,4.44061654995849,1.9031213785536385,7.8623,15.0,234.0,269.3478260869565
2025-02-02 03:00:00,771,4.322500677893931,1.8525002905259704,7.859744,15.0,273.0,269.3478260869565
2025-02-02 04:00:00,772,4.209499113940742,1.8040710488317464,7.857188,15.0,278.0,269.3478260869565
2025-02-02 05:00:00,773,4.240740636314984,1.8174602727064217,7.854633,15.0,223.0,269.3478260869565
2025-02-02 06:00:00,774,3.8604111959826826,1.6544619411354355,7.852077,15.0,189.0,269.3478260869565
2025-02-02 07:00:00,775,3.6021389001598196,1.5437738143542081,7.849521,15.0,227.0,269.3478260869565
2025-02-02 08:00:00,776,3.724371753312339,1.5961593228481452,7.846965,15.0,276.0,269.3478260869565
2025-02-02 09:00:00,777,4.2554450921561475,1.8237621823526347,7.844409,15.0,301.0,269.3478260869565
2025-02-02 10:00:00,778,3.7294823839071074,1.598349593103046,7.841853,14.666767940184181,340.0,269.3478260869565
2025-02-02 11:00:00,779,4.378383657281048,1.8764501388347348,7.839297,11.440934839367774,344.0,269.3478260869565
2025-02-02 12:00:00,780,4.011038068993755,1.7190163152830378,7.836741,9.19827727052084,335.0,269.3478260869565
2025-02-02 13:00:00,781,4.675871524760977,2.0039449391832753,7.834185,7.681614003707248,347.0,269.3478260869565
2025-02-02 14:00:00,782,4.628767615548419,1.983757549520751,7.831629,6.440732268352971,334.0,269.3478260869565
2025-02-02 15:00:00,783,4.737301894571754,2.0302722405307514,7.829073,5.144985060973441,323.0,269.3478260869565
2025-02-02 16:00:00,784,4.243045361796611,1.8184480121985473,7.826518,3.5700220171053374,312.0,269.3478260869565
2025-02-02 17:00:00,785,4.358896754938581,1.8680986092593914,7.823962,2.9963532109889974,295.0,269.3478260869565
2025-02-02 18:00:00,786,4.427183080713214,1.8973641774485204,7.821406,2.569976501831034,267.0,269.3478260869565
2025-02-02 19:00:00,787,4.061569841586024,1.7406727892511533,7.81885,3.2155874576517913,207.0,269.3478260869565
2025-02-02 20:00:00,788,3.8920601962724835,1.6680257984024929,7.816294,4.675525635688136,171.0,269.3478260869565
2025-02-02 21:00:00,789,3.8000933212380263,1.6286114233877256,7.813738,6.481223289116937,161.0,269.3478260869565
2025-02-02 22:00:00,790,3.678410834448048,1.5764617861920207,7.811182,5.370484285946975,141.0,269.3478260869565
2025-02-02 23:00:00,791,3.800424596617905,1.6287533985505307,7.808626,4.141816959603412,142.0,269.3478260869565
2025-02-03 00:00:00,792,4.043790709462913,1.733053161198391,7.80607,4.238653488699715,139.0,269.3478260869565
2025-02-03 01:00:00,793,4.772326730198349,2.0452828843707214,7.803514,5.312000341649156,136.0,269.3478260869565
2025-02-03 02:00:00,794,3.7780342787894563,1.6191575480526241,7.800958,8.04652772759942,132.0,269.3478260869565
2025-02-03 03:00:00,795,4.004949089701428,1.7164067527291837,7.798403,12.020702303019748,121.0,269.3478260869565
2025-02-03 04:00:00,796,3.965287829149431,1.6994090696354702,7.795847,15.0,112.0,269.3478260869565
2025-02-03 05:00:00,797,3.895037104598582,1.669301616256535,7.793291,15.0,114.0,269.3478260869565
2025-02-03 06:00:00,798,3.8792301072639654,1.6625271888274138,7.790735,15.0,114.0,269.3478260869565
2025-02-03 07:00:00,799,3.9101181888606265,1.6757649380831257,7.788179,15.0,122.0,269.3478260869565
2025-02-03 08:00:00,800,4.27208200010357,1.8308922857586727,7.785623,15.0,132.0,269.3478260869565
2025-02-03 09:00:00,801,3.9143955272077595,1.6775980830890398,7.783067,15.0,134.0,269.3478260869565
2025-02-03 10:00:00,802,4.241251738638124,1.8176793165591958,7.780511,15.0,111.0,269.3478260869565
2025-02-03 11:00:00,803,4.152894081359551,1.7798117491540932,7.777955,15.0,101.0,269.3478260869565
2025-02-03 12:00:00,804,3.9961421385868894,1.712632345108667,7.775399,15.0,101.0,269.3478260869565
2025-02-03 13:00:00,805,4.662545670784951,1.998233858907836,7.772843,15.0,100.0,269.3478260869565
2025-02-03 14:00:00,806,4.303403130918506,1.8443156275365022,7.770288,15.0,105.0,269.3478260869565
2025-02-03 15:00:00,807,4.402076941452288,1.8866044034795517,7.767732,15.0,108.0,269.3478260869565
2025-02-03 16:00:00,808,4.22499429385099,1.8107118402218527,7.765176,15.0,123.0,269.3478260869565
2025-02-03 17:00:00,809,4.319665396079268,1.8512851697482575,7.76262,15.0,138.0,269.3478260869565
2025-02-03 18:00:00,810,4.222774120351739,1.8097603372936022,7.760064,15.0,133.0,269.3478260869565
2025-02-03 19:00:00,811,4.022840525882979,1.7240745110927056,7.757508,15.0,118.0,269.3478260869565
2025-02-03 20:00:00,812,4.24216726413753,1.81807168463037,7.754952,15.0,110.0,269.3478260869565
2025-02-03 21:00:00,813,4.016672788079891,1.7214311948913816,7.752396,15.0,96.0,269.3478260869565
2025-02-03 22:00:00,814,3.9736540914245206,1.7029946106105087,7.74984,15.0,91.0,269.3478260869565
2025-02-03 23:00:00,815,3.9186553268858466,1.6794237115225057,7.747284,15.0,89.0,269.3478260869565
2025-02-04 00:00:00,816,4.3889980344282495,1.880999157612107,7.744728,15.0,96.0,269.3478260869565
2025-02-04 01:00:00,817,4.193064424766078,1.7970276106140335,7.742173,15.0,106.0,269.3478260869565
2025-02-04 02:00:00,818,3.831198100363638,1.6419420430129879,7.739617,15.0,108.0,269.3478260869565
2025-02-04 03:00:00,819,3.410911032185199,1.4618190137936564,7.737061,15.0,117.0,269.3478260869565
2025-02-04 04:00:00,820,3.375896587444987,1.4468128231907087,7.734505,15.0,130.0,269.3478260869565
2025-02-04 05:00:00,821,3.386703281357198,1.451444263438799,7.731949,15.0,141.0,269.3478260869565
2025-02-04 06:00:00,822,3.4901190403859834,1.4957653030225642,7.729393,15.0,153.0,269.3478260869565
2025-02-04 07:00:00,823,3.8153470242454572,1.6351487246766245,7.726837,15.0,186.0,269.3478260869565
2025-02-04 08:00:00,824,3.8145979891496964,1.6348277096355839,7.724281,15.0,190.0,269.3478260869565
2025-02-04 09:00:00,825,3.682114963062735,1.5780492698840292,7.721725,15.0,176.0,269.3478260869565
2025-02-04 10:00:00,826,3.7643482039485745,1.613292087406532,7.719169,15.0,146.0,269.3478260869565
2025-02-04 11:00:00,827,3.6252223500211778,1.5536667214376476,7.716613,15.0,147.0,269.3478260869565
2025-02-04 12:00:00,828,3.761276841494462,1.6119757892119122,7.714058,15.0,144.0,269.3478260869565
2025-02-04 13:00:00,829,4.042811352332313,1.7326334367138483,7.711502,15.0,138.0,269.3478260869565
2025-02-04 14:00:00,830,3.8027855207485777,1.6297652231779616,7.708946,15.0,160.0,269.3478260869565
2025-02-04 15:00:00,831,4.05179971370706,1.7364855915887398,7.70639,15.0,164.0,269.3478260869565
2025-02-04 16:00:00,832,3.73616059292153,1.6012116826806557,7.703834,15.0,162.0,269.3478260869565
2025-02-04 17:00:00,833,3.7681187948557193,1.6149080549381651,7.701278,15.0,188.0,269.3478260869565
2025-02-04 18:00:00,834,4.070375683723316,1.7444467215957067,7.698722,15.0,191.0,269.3478260869565
2025-02-04 19:00:00,835,3.791532718487976,1.624942593637704,7.696166,12.718864014248487,190.0,269.3478260869565
2025-02-04 20:00:00,836,3.491596172863316,1.4963983597985642,7.69361,11.361538156468956,177.0,269.3478260869565
2025-02-04 21:00:00,837,3.882034061062911,1.6637288833126762,7.691054,13.335231498509424,160.0,269.3478260869565
2025-02-04 22:00:00,838,3.591129981050301,1.5390557061644146,7.688498,13.570545768996904,160.0,269.3478260869565
2025-02-04 23:00:00,839,3.696866723288987,1.584371452838137,7.685942,13.779093176423224,152.0,269.3478260869565
2025-02-05 00:00:00,840,4.005460688992428,1.7166260095681833,7.683387,14.018598210827241,160.0,269.3478260869565
2025-02-05 01:00:00,841,3.921807558874052,1.6807746680888795,7.680831,13.860146059340204,161.0,269.3478260869565
2025-02-05 02:00:00,842,4.136301670397243,1.772700715884533,7.678275,12.699511077596028,154.0,269.3478260869565
2025-02-05 03:00:00,843,4.608974322025352,1.9752747094394363,7.675719,11.878245912399441,152.0,269.3478260869565
2025-02-05 04:00:00,844,4.096515589221685,1.755649538237865,7.673163,9.63428464993998,197.0,269.3478260869565
2025-02-05 05:00:00,845,4.020395719699516,1.7230267370140782,7.670607,7.765566278639554,263.0,269.3478260869565
2025-02-05 06:00:00,846,4.233208610172078,1.8142322615023185,7.668051,6.395401863271813,301.0,269.3478260869565
2025-02-05 07:00:00,847,3.930278833102566,1.684405214186814,7.665495,6.094235619000903,314.0,269.3478260869565
2025-02-05 08:00:00,848,3.992280730204138,1.7109774558017736,7.662939,5.7204033332481865,318.0,269.3478260869565
2025-02-05 09:00:00,849,3.725056034189913,1.5964525860813912,7.660383,5.322802837715021,318.0,269.3478260869565
2025-02-05 10:00:00,850,3.6211968695229744,1.5519415155098462,7.657827,4.389434300951893,320.0,269.3478260869565
2025-02-05 11:00:00,851,4.151282129916364,1.7791209128212986,7.655272,4.106591384138826,325.0,269.3478260869565
2025-02-05 12:00:00,852,4.041663498833086,1.732141499499894,7.652716,3.695079290505791,320.0,269.3478260869565
2025-02-05 13:00:00,853,4.34691028048611,1.8629615487797615,7.65016,2.6229751480866055,317.0,269.3478260869565
2025-02-05 14:00:00,854,4.199011467338367,1.799576343145014,7.647604,1.5754510321689301,318.0,269.3478260869565
2025-02-05 15:00:00,855,4.504235452102744,1.9303866223297472,7.645048,0.9971996954021687,337.0,269.3478260869565
2025-02-05 16:00:00,856,4.5276279132421,1.9404119628180425,7.642492,0.6170640617150045,360.0,269.3478260869565
2025-02-05 17:00:00,857,4.5934391459692465,1.9686167768439626,7.639936,0.33388531928596704,372.0,269.3478260869565
2025-02-05 18:00:00,858,4.472356904496964,1.916724387641556,7.63738,0.10496460990344694,371.0,269.3478260869565
2025-02-05 19:00:00,859,4.754134148037994,2.037486063444854,7.634824,0.07600940319763135,359.0,269.3478260869565
2025-02-05 20:00:00,860,4.825590214055036,2.0681100917378723,7.632268,0.0,350.0,269.3478260869565
2025-02-05 21:00:00,861,4.451344962760755,1.9077192697546093,7.629712,0.0,332.0,269.3478260869565
2025-02-05 22:00:00,862,4.382671098117781,1.8782876134790487,7.627157,0.0,307.0,269.3478260869565
2025-02-05 23:00:00,863,4.961042235088698,2.126160957895156,7.624601,0.0,288.0,269.3478260869565
2025-02-06 00:00:00,864,4.889612519136062,2.0955482224868835,7.622045,0.0,265.0,269.3478260869565
2025-02-06 01:00:00,865,5.126747041472385,2.1971773034881648,7.619489,0.0,238.0,269.3478260869565
2025-02-06 02:00:00,866,4.0925098430601405,1.7539327898829176,7.616933,0.0,242.0,269.3478260869565
2025-02-06 03:00:00,867,4.78390243661177,2.050243901405044,7.614377,0.20988502043898133,248.0,269.3478260869565
2025-02-06 04:00:00,868,5.322337223089672,2.2810016670384305,7.611821,0.6966220572311445,251.0,269.3478260869565
2025-02-06 05:00:00,869,5.281170406206211,2.2633587455169475,7.609265,0.6884493869234555,260.0,269.3478260869565
2025-02-06 06:00:00,870,4.8348301559237115,2.072070066824448,7.606709,0.5554609080221005,269.0,269.3478260869565
2025-02-06 07:00:00,871,5.124997180204462,2.196427362944769,7.604153,0.6219686538000777,267.0,269.3478260869565
2025-02-06 08:00:00,872,5.352141667510709,2.2937750003617325,7.601597,0.9875883945114889,253.0,269.3478260869565
2025-02-06 09:00:00,873,5.297807913554671,2.2704891058091445,7.599042,1.4116570358919227,240.0,269.3478260869565
2025-02-06 10:00:00,874,5.6148314862985185,2.406356351270793,7.596486,2.2174323169946315,248.0,269.3478260869565
2025-02-06 11:00:00,875,5.081821834204389,2.1779236432304523,7.59393,1.7019705154074325,252.0,269.3478260869565
2025-02-06 12:00:00,876,5.5739559952343845,2.3888382836718787,7.591374,1.0237063594611944,249.0,269.3478260869565
2025-02-06 13:00:00,877,5.718256172600565,2.4506812168288135,7.588818,0.6924118272352251,235.0,269.3478260869565
2025-02-06 14:00:00,878,5.539788589264959,2.3741951096849823,7.586262,0.6104631940883701,241.0,269.3478260869565
2025-02-06 15:00:00,879,5.050957341439551,2.164696003474093,7.583706,0.6339200788598053,245.0,269.3478260869565
2025-02-06 16:00:00,880,4.927697470336293,2.1118703444298395,7.58115,1.057862363369213,248.0,269.3478260869565
2025-02-06 17:00:00,881,4.624457994417095,1.9819105690358976,7.578594,1.7323451994996366,251.0,269.3478260869565
2025-02-06 18:00:00,882,4.691938640143835,2.010830845775929,7.576038,2.925814441424777,228.0,269.3478260869565
2025-02-06 19:00:00,883,4.71326249947835,2.019969642633578,7.573482,4.0939526667941575,218.0,269.3478260869565
2025-02-06 20:00:00,884,5.096159062382439,2.1840681695924737,7.570927,4.928475343411763,206.0,269.3478260869565
2025-02-06 21:00:00,885,5.362310856317867,2.298133224136229,7.568371,4.525046729945444,212.0,269.3478260869565
2025-02-06 22:00:00,886,4.99460691099636,2.14054581899844,7.565815,4.641808349447513,176.0,269.3478260869565
2025-02-06 23:00:00,887,4.763039416129606,2.041302606912688,7.563259,4.338885729130507,175.0,269.3478260869565
2025-02-07 00:00:00,888,4.398724126679257,1.8851674828625384,7.560703,3.884472067480283,190.0,269.3478260869565
2025-02-07 01:00:00,889,4.871133341856925,2.087628575081539,7.558147,4.470729947795178,176.0,269.3478260869565
2025-02-07 02:00:00,890,4.717703620124189,2.021872980053224,7.555591,5.473571793073777,174.0,269.3478260869565
2025-02-07 03:00:00,891,4.198752725442588,1.799465453761109,7.553035,5.873874544726564,171.0,269.3478260869565
2025-02-07 04:00:00,892,3.879447609773624,1.6626204041886958,7.550479,6.967228000910357,165.0,269.3478260869565
2025-02-07 05:00:00,893,4.125203998578762,1.7679445708194694,7.547923,7.930800448907624,188.0,269.3478260869565
2025-02-07 06:00:00,894,4.228605327069433,1.8122594258868996,7.545367,9.146355473940288,213.0,269.3478260869565
2025-02-07 07:00:00,895,4.048812048457023,1.7352051636244383,7.542812,10.061069545495114,238.0,269.3478260869565
2025-02-07 08:00:00,896,5.151677122702889,2.2078616240155235,7.540256,12.80519071566317,246.0,269.3478260869565
2025-02-07 09:00:00,897,4.809513806518348,2.0612202027935775,7.5377,14.641925479040497,258.0,269.3478260869565
2025-02-07 10:00:00,898,5.414746837364677,2.3206057874420045,7.535144,15.0,273.0,269.3478260869565
2025-02-07 11:00:00,899,4.847666894453122,2.0775715261941947,7.532588,15.0,277.0,269.3478260869565
2025-02-07 12:00:00,900,5.197108158744886,2.2273320680335225,7.530032,15.0,273.0,269.3478260869565
2025-02-07 13:00:00,901,5.0664186899511385,2.171322295693345,7.527476,15.0,256.0,269.3478260869565
2025-02-07 14:00:00,902,5.413550983533012,2.3200932786570054,7.52492,15.0,260.0,269.3478260869565
2025-02-07 15:00:00,903,5.267102750951599,2.2573297504078282,7.522364,15.0,274.0,269.3478260869565
2025-02-07 16:00:00,904,4.98494003566796,2.1364028724291257,7.519808,15.0,309.0,269.3478260869565
2025-02-07 17:00:00,905,5.016465004143113,2.149913573204191,7.517252,15.0,322.0,269.3478260869565
2025-02-07 18:00:00,906,4.762910583588042,2.0412473929663038,7.514696,15.0,312.0,269.3478260869565
2025-02-07 19:00:00,907,4.526713180963695,1.9400199346987264,7.512141,15.0,287.0,269.3478260869565
2025-02-07 20:00:00,908,5.1454036057309835,2.205172973884707,7.509585,15.0,253.0,269.3478260869565
2025-02-07 21:00:00,909,4.950722068850776,2.1217380295074753,7.507029,15.0,263.0,269.3478260869565
2025-02-07 22:00:00,910,4.879972544533912,2.0914168048002475,7.504473,14.679012911570112,260.0,269.3478260869565
2025-02-07 23:00:00,911,5.03814098024119,2.1592032772462244,7.501917,15.0,261.0,269.3478260869565
2025-02-08 00:00:00,912,5.104433988683374,2.187614566578589,7.499361,15.0,261.0,269.3478260869565
2025-02-08 01:00:00,913,5.15237651607119,2.2081613640305098,7.496805,15.0,252.0,269.3478260869565
2025-02-08 02:00:00,914,5.893760953115325,2.525897551335139,7.494249,15.0,246.0,269.3478260869565
2025-02-08 03:00:00,915,5.048396840026433,2.163598645725614,7.491693,15.0,257.0,269.3478260869565
2025-02-08 04:00:00,916,4.894855772765128,2.0977953311850546,7.489137,11.1898044056603,279.0,269.3478260869565
2025-02-08 05:00:00,917,4.66349514679199,1.9986407771965673,7.486581,8.696732750956777,304.0,269.3478260869565
2025-02-08 06:00:00,918,4.153383775317564,1.7800216179932418,7.484026,6.676792247557269,357.0,269.3478260869565
2025-02-08 07:00:00,919,4.427336022802352,1.897429724058151,7.48147,5.431153676182509,352.0,269.3478260869565
2025-02-08 08:00:00,920,4.589572396206824,1.9669595983743533,7.478914,3.9019041690092062,343.0,269.3478260869565
2025-02-08 09:00:00,921,4.432416902491414,1.8996072439248914,7.476358,2.199683623592609,355.0,269.3478260869565
2025-02-08 10:00:00,922,4.201178686116515,1.8005051511927923,7.473802,1.5685577998860594,363.0,269.3478260869565
2025-02-08 11:00:00,923,4.3866882410424894,1.880009246161067,7.471246,0.7905690129662999,368.0,269.3478260869565
2025-02-08 12:00:00,924,4.404252372479657,1.8875367310627102,7.46869,0.3515578475755255,373.0,269.3478260869565
2025-02-08 13:00:00,925,4.955027294888307,2.123583126380703,7.466134,0.5455416449616933,372.0,269.3478260869565
2025-02-08 14:00:00,926,4.926814532728687,2.1114919425980085,7.463578,0.7854331492027918,372.0,269.3478260869565
2025-02-08 15:00:00,927,5.0177264729610105,2.1504542026975755,7.461022,1.0712633669341012,371.0,269.3478260869565
2025-02-08 16:00:00,928,5.040295305295453,2.160126559412337,7.458466,1.627152902645161,370.0,269.3478260869565
2025-02-08 17:00:00,929,5.375410235942157,2.30374724397521,7.455911,2.4206692243466152,369.0,269.3478260869565
2025-02-08 18:00:00,930,5.136123330611225,2.2011957131190965,7.453355,3.391280104224839,357.0,269.3478260869565
2025-02-08 19:00:00,931,4.885053557012725,2.093594381576882,7.450799,3.620236103748157,347.0,269.3478260869565
2025-02-08 20:00:00,932,5.009166152856688,2.146785494081437,7.448243,3.286365782718629,345.0,269.3478260869565
2025-02-08 21:00:00,933,4.747556461353108,2.034667054865617,7.445687,3.069649612035778,350.0,269.3478260869565
2025-02-08 22:00:00,934,4.723687747711944,2.024437606162261,7.443131,3.320072551961705,353.0,269.3478260869565
2025-02-08 23:00:00,935,4.726179125393118,2.025505339454193,7.440575,3.7518114350355676,331.0,269.3478260869565
2025-02-09 00:00:00,936,4.990724635106514,2.13888198647422,7.438019,4.438731453236578,324.0,269.3478260869565
2025-02-09 01:00:00,937,5.368637380061984,2.300844591455136,7.435463,6.043943945465185,299.0,269.3478260869565
2025-02-09 02:00:00,938,4.9678050744693385,2.129059317629716,7.432907,6.860527698621201,271.0,269.3478260869565
2025-02-09 03:00:00,939,4.333911764538357,1.8573907562307244,7.430351,8.808113940056623,236.0,269.3478260869565
2025-02-09 04:00:00,940,4.1930227499787796,1.7970097499909052,7.427796,9.83360917903794,226.0,269.3478260869565
2025-02-09 05:00:00,941,4.580352292000308,1.9630081251429892,7.42524,11.417331779350583,212.0,269.3478260869565
2025-02-09 06:00:00,942,4.121391375312615,1.7663105894196922,7.422684,13.305886224941661,237.0,269.3478260869565
2025-02-09 07:00:00,943,3.911990811875328,1.676567490803712,7.420128,15.0,240.0,269.3478260869565
2025-02-09 08:00:00,944,4.180053612648046,1.791451548277734,7.417572,15.0,226.0,269.3478260869565
2025-02-09 09:00:00,945,4.323877347590328,1.8530902918244263,7.415016,15.0,236.0,269.3478260869565
2025-02-09 10:00:00,946,3.9610417616616975,1.6975893264264417,7.41246,12.460197828169763,243.0,269.3478260869565
2025-02-09 11:00:00,947,4.331675718571644,1.8564324508164187,7.409904,10.773951344199109,270.0,269.3478260869565
2025-02-09 12:00:00,948,4.503091798279616,1.9298964849769782,7.407348,9.068644126873405,287.0,269.3478260869565
2025-02-09 13:00:00,949,4.65485738524503,1.9949388793907272,7.404792,10.603460950087637,286.0,269.3478260869565
2025-02-09 14:00:00,950,4.841632446677266,2.074985334290257,7.402236,13.987230053246089,273.0,269.3478260869565
2025-02-09 15:00:00,951,4.91725021528567,2.107392949408144,7.399681,15.0,281.0,269.3478260869565
2025-02-09 16:00:00,952,4.708159132779546,2.017782485476948,7.397125,15.0,277.0,269.3478260869565
2025-02-09 17:00:00,953,4.889876090118166,2.095661181479214,7.394569,15.0,267.0,269.3478260869565
2025-02-09 18:00:00,954,4.817767653760768,2.0647575658974717,7.392013,12.586340706070967,267.0,269.3478260869565
2025-02-09 19:00:00,955,4.79486074016655,2.0549403172142355,7.389457,11.497575427723223,258.0,269.3478260869565
2025-02-09 20:00:00,956,4.905471199794675,2.1023447999120037,7.386901,13.252600363928536,258.0,269.3478260869565
2025-02-09 21:00:00,957,4.699913486854275,2.01424863722326,7.384345,13.763026772316403,246.0,269.3478260869565
2025-02-09 22:00:00,958,4.498079432304436,1.9277483281304728,7.381789,13.892404142349315,241.0,269.3478260869565
2025-02-09 23:00:00,959,4.43202335885422,1.8994385823660944,7.379233,12.911055691658698,220.0,269.3478260869565
2025-02-10 00:00:00,960,4.786923701962646,2.051538729412562,7.376677,10.45316578042574,207.0,269.3478260869565
2025-02-10 01:00:00,961,4.285493034088697,1.8366398717522987,7.374121,10.161096984163619,233.0,269.3478260869565
2025-02-10 02:00:00,962,4.025245134441324,1.7251050576177103,7.371565,10.392650895382726,226.0,269.3478260869565
2025-02-10 03:00:00,963,3.971714209729439,1.7021632327411882,7.36901,12.271413195663824,227.0,269.3478260869565
2025-02-10 04:00:00,964,3.7502580636619207,1.6072534558551086,7.366454,14.234548196143505,221.0,269.3478260869565
2025-02-10 05:00:00,965,3.6042817461976075,1.5446921769418318,7.363898,15.0,258.0,269.3478260869565
2025-02-10 06:00:00,966,3.5640517872953104,1.5274507659837044,7.361342,15.0,288.0,269.3478260869565
2025-02-10 07:00:00,967,3.772064372913798,1.616599016963056,7.358786,15.0,287.0,269.3478260869565
2025-02-10 08:00:00,968,3.6414310347618035,1.5606133006122014,7.35623,15.0,269.0,269.3478260869565
2025-02-10 09:00:00,969,3.8527487965480285,1.6511780556634408,7.353674,15.0,259.0,269.3478260869565
2025-02-10 10:00:00,970,3.4907748174811353,1.496046350349058,7.351118,15.0,256.0,269.3478260869565
2025-02-10 11:00:00,971,3.7008354877697527,1.5860723519013225,7.348562,15.0,253.0,269.3478260869565
2025-02-10 12:00:00,972,3.881244333872472,1.6633904288024879,7.346006,15.0,242.0,269.3478260869565
2025-02-10 13:00:00,973,4.093324540747852,1.7542819460347936,7.34345,15.0,243.0,269.3478260869565
2025-02-10 14:00:00,974,3.6711775708544128,1.5733618160804623,7.340895,15.0,249.0,269.3478260869565
2025-02-10 15:00:00,975,3.71399605365064,1.5917125944217028,7.338339,15.0,253.0,269.3478260869565
2025-02-10 16:00:00,976,3.6852694463449858,1.5794011912907082,7.335783,15.0,274.0,269.3478260869565
2025-02-10 17:00:00,977,3.888838963145864,1.6666452699196561,7.333227,14.204626074618801,298.0,269.3478260869565
2025-02-10 18:00:00,978,3.974451496261655,1.7033363555407093,7.330671,11.979560596775526,297.0,269.3478260869565
2025-02-10 19:00:00,979,4.035691319650702,1.7295819941360153,7.328115,11.940108387040276,286.0,269.3478260869565
2025-02-10 20:00:00,980,3.7261861745213154,1.5969369319377065,7.325559,12.297461002477517,273.0,269.3478260869565
2025-02-10 21:00:00,981,3.652564688331768,1.5653848664279004,7.323003,12.19750748541017,268.0,269.3478260869565
2025-02-10 22:00:00,982,3.6606694940402975,1.568858354588699,7.320447,11.829067532265567,273.0,269.3478260869565
2025-02-10 23:00:00,983,3.6441072398551064,1.5617602456521886,7.317891,10.452107422276514,256.0,269.3478260869565
2025-02-11 00:00:00,984,4.245005334734365,1.8192880006004417,7.315335,8.943298800756626,243.0,269.3478260869565
2025-02-11 01:00:00,985,3.8801746921362015,1.6629320109155148,7.31278,8.328124277307394,240.0,269.3478260869565
2025-02-11 02:00:00,986,3.3523251465187163,1.4367107770794498,7.310224,7.676863546381463,232.0,269.3478260869565
2025-02-11 03:00:00,987,3.245054595589968,1.3907376838242722,7.307668,8.230345945245489,235.0,269.3478260869565
2025-02-11 04:00:00,988,3.287639770057987,1.4089884728819944,7.305112,8.292585691326282,220.0,269.3478260869565
2025-02-11 05:00:00,989,3.131519313380763,1.3420797057346128,7.302556,7.701994607841218,250.0,269.3478260869565
2025-02-11 06:00:00,990,3.2638450602662514,1.3987907401141078,7.3,7.550273863318408,286.0,269.3478260869565
2025-02-11 07:00:00,991,3.243176427172374,1.389932754502446,7.3,8.143384998925342,273.0,269.3478260869565
2025-02-11 08:00:00,992,3.6579231415570166,1.5676813463815784,7.3,8.32420704495719,262.0,269.3478260869565
2025-02-11 09:00:00,993,3.2451528053780305,1.3907797737334415,7.3,8.375467607136704,275.0,269.3478260869565
2025-02-11 10:00:00,994,3.5839113398432314,1.5359620027899563,7.3,6.16766232783662,275.0,269.3478260869565
2025-02-11 11:00:00,995,3.6552630596603994,1.5665413112830282,7.3,5.139345146695847,271.0,269.3478260869565
2025-02-11 12:00:00,996,3.6665144137872803,1.5713633201945487,7.3,4.660637783693845,262.0,269.3478260869565
2025-02-11 13:00:00,997,3.864945475431586,1.656405203756394,7.3,4.128007390463383,252.0,269.3478260869565
2025-02-11 14:00:00,998,3.848203356550992,1.649230009950425,7.3,3.0834204539796644,250.0,269.3478260869565
2025-02-11 15:00:00,999,3.8444377096031372,1.6476161612584874,7.3,3.547419198441572,247.0,269.3478260869565
2025-02-11 16:00:00,1000,3.951538422795628,1.6935164669124119,7.3,4.736625453907111,236.0,269.3478260869565
2025-02-11 17:00:00,1001,4.006281253086038,1.716977679894016,7.3,5.628758983547786,233.0,269.3478260869565
2025-02-11 18:00:00,1002,3.969709611431899,1.7013041191850995,7.3,5.937014660859647,220.0,269.3478260869565
2025-02-11 19:00:00,1003,4.093698936290714,1.754442401267449,7.3,7.200180779398539,190.0,269.3478260869565
2025-02-11 20:00:00,1004,3.9836800631199507,1.707291455622836,7.3,8.184577657639197,174.0,269.3478260869565
2025-02-11 21:00:00,1005,4.233462095877037,1.8143408982330158,7.3,7.632598558279666,146.0,269.3478260869565
2025-02-11 22:00:00,1006,4.172132267519373,1.7880566860797311,7.3,8.266223670625497,107.0,269.3478260869565
2025-02-11 23:00:00,1007,4.302932444754318,1.8441139048947077,7.3,8.765464683894123,106.0,269.3478260869565
2025-02-12 00:00:00,1008,4.1352321655392,1.7722423566596575,7.3,7.1256088922754754,113.0,269.3478260869565
2025-02-12 01:00:00,1009,4.786205463331312,2.0512309128562762,7.3,6.555632674486325,120.0,269.3478260869565
2025-02-12 02:00:00,1010,4.350008545087911,1.8642893764662472,7.3,6.467149935785086,125.0,269.3478260869565
2025-02-12 03:00:00,1011,4.249509002016216,1.8212181437212356,7.3,5.46597653141868,122.0,269.3478260869565
2025-02-12 04:00:00,1012,4.097765557323421,1.756185238852895,7.3,5.441669040403788,111.0,269.3478260869565
2025-02-12 05:00:00,1013,4.043316740966677,1.7328500318428617,7.3,5.162710189525381,131.0,269.3478260869565
2025-02-12 06:00:00,1014,3.6956611566531032,1.5838547814227584,7.3,4.509735366543501,164.0,269.3478260869565
2025-02-12 07:00:00,1015,3.9841112513397814,1.707476250574192,7.3,3.775422494089879,196.0,269.3478260869565
2025-02-12 08:00:00,1016,4.201979973983765,1.8008485602787563,7.3,3.3538648901225074,204.0,269.3478260869565
2025-02-12 09:00:00,1017,3.9831956815420657,1.7070838635180283,7.3,3.821757700039917,208.0,269.3478260869565
2025-02-12 10:00:00,1018,4.540167078471665,1.9457858907735708,7.3,3.0298915408080163,213.0,269.3478260869565
2025-02-12 11:00:00,1019,4.07748778447951,1.747494764776933,7.3,3.011146054934477,224.0,269.3478260869565
2025-02-12 12:00:00,1020,4.202115667772512,1.8009067147596478,7.3,2.5946560316785297,229.0,269.3478260869565
2025-02-12 13:00:00,1021,5.185485817057547,2.222351064453234,7.3,1.7926813222130895,233.0,269.3478260869565
2025-02-12 14:00:00,1022,4.495435784791456,1.9266153363391956,7.3,1.3989080792571496,223.0,269.3478260869565
2025-02-12 15:00:00,1023,4.55774954868105,1.9533212351490212,7.3,1.506055696251254,213.0,269.3478260869565
2025-02-12 16:00:00,1024,4.612700964933101,1.9768718421141858,7.3,1.888466585909534,205.0,269.3478260869565
2025-02-12 17:00:00,1025,5.042033138254347,2.1608713449661487,7.3,2.650707184082218,220.0,269.3478260869565
2025-02-12 18:00:00,1026,4.905325367101496,2.1022823001863555,7.3,3.8443307605255757,226.0,269.3478260869565
2025-02-12 19:00:00,1027,5.020441145431217,2.1516176337562354,7.3,4.408091100998892,220.0,269.3478260869565
2025-02-12 20:00:00,1028,4.645490962950143,1.9909246984072042,7.3,4.436010459386901,215.0,269.3478260869565
2025-02-12 21:00:00,1029,4.919914152114881,2.108534636620663,7.3,4.498225542604476,213.0,269.3478260869565
2025-02-12 22:00:00,1030,5.0433474621319965,2.1614346266279982,7.3,4.929339236973849,191.0,269.3478260869565
2025-02-12 23:00:00,1031,5.1612757902080215,2.2119753386605803,7.3,5.476714149087347,173.0,269.3478260869565
2025-02-13 00:00:00,1032,5.534328836049456,2.371855215449767,7.3,5.807332583933513,180.0,269.3478260869565
2025-02-13 01:00:00,1033,4.886519775612767,2.0942227609769,7.3,5.2475020976540225,175.0,269.3478260869565
2025-02-13 02:00:00,1034,4.67637296285438,2.0041598412233057,7.3,5.220114517145629,160.0,269.3478260869565
2025-02-13 03:00:00,1035,4.394586345730696,1.8833941481702978,7.3,5.0310884258308874,161.0,269.3478260869565
2025-02-13 04:00:00,1036,4.329221957198074,1.8553808387991748,7.3,5.3891399996110385,174.0,269.3478260869565
2025-02-13 05:00:00,1037,4.372115846212845,1.8737639340912193,7.3,6.025770615174775,200.0,269.3478260869565
2025-02-13 06:00:00,1038,4.318989805731302,1.850995631027701,7.3,6.346878746275101,223.0,269.3478260869565
2025-02-13 07:00:00,1039,4.262631740709706,1.8268421745898737,7.3,7.264316658393321,220.0,269.3478260869565
2025-02-13 08:00:00,1040,4.21249643385428,1.805355614508977,7.3,7.8427903840205415,206.0,269.3478260869565
2025-02-13 09:00:00,1041,3.9338907708712183,1.6859531875162361,7.3,7.669432598466564,200.0,269.3478260869565
2025-02-13 10:00:00,1042,4.117905925216678,1.764816825092862,7.3,8.093837722069065,193.0,269.3478260869565
2025-02-13 11:00:00,1043,4.207814858846783,1.8033492252200496,7.3,7.7920777937358325,190.0,269.3478260869565
2025-02-13 12:00:00,1044,4.363925723217624,1.8702538813789813,7.3,7.028486837936197,183.0,269.3478260869565
2025-02-13 13:00:00,1045,4.888750126285255,2.0951786255508233,7.3,6.713178259647214,171.0,269.3478260869565
2025-02-13 14:00:00,1046,5.1855767097557,2.2223900184667285,7.3,6.906138225339129,166.0,269.3478260869565
2025-02-13 15:00:00,1047,4.728687569334946,2.0265803868578343,7.3,7.649586498564284,167.0,269.3478260869565
2025-02-13 16:00:00,1048,5.3656398709789475,2.299559944705263,7.3,7.882183445075958,165.0,269.3478260869565
2025-02-13 17:00:00,1049,4.805473528893625,2.059488655240125,7.3,9.528111657101942,168.0,269.3478260869565
2025-02-13 18:00:00,1050,4.498372404034865,1.9278738874435133,7.3,11.694111139820603,176.0,269.3478260869565
2025-02-13 19:00:00,1051,4.61723463960852,1.9788148455465082,7.3,12.669304139825682,171.0,269.3478260869565
2025-02-13 20:00:00,1052,4.695978971320409,2.012562416280175,7.3,14.329116557640157,166.0,269.3478260869565
2025-02-13 21:00:00,1053,4.690323129626316,2.010138484125564,7.3,15.0,146.0,269.3478260869565
2025-02-13 22:00:00,1054,4.985875603481995,2.136803830063712,7.3,15.0,117.0,269.3478260869565
2025-02-13 23:00:00,1055,5.319004932093161,2.279573542325641,7.2,15.0,104.0,269.3478260869565
2025-02-14 00:00:00,1056,5.211412325915501,2.233462425392357,7.2,15.0,98.0,269.3478260869565
2025-02-14 01:00:00,1057,4.755644401654662,2.038133314994855,7.2,15.0,89.0,269.3478260869565
2025-02-14 02:00:00,1058,4.738893239766263,2.030954245614113,7.2,15.0,93.0,269.3478260869565
2025-02-14 03:00:00,1059,5.040369907955887,2.1601585319810943,7.2,15.0,95.0,269.3478260869565
2025-02-14 04:00:00,1060,4.795669651679081,2.055286993576749,7.2,15.0,94.0,269.3478260869565
2025-02-14 05:00:00,1061,4.667057096641363,2.0001673271320124,7.2,15.0,104.0,269.3478260869565
2025-02-14 06:00:00,1062,4.554521989798215,1.9519379956278062,7.2,15.0,137.0,269.3478260869565
2025-02-14 07:00:00,1063,4.2703305191050855,1.8301416510450363,7.2,15.0,178.0,269.3478260869565
2025-02-14 08:00:00,1064,4.414871832267389,1.8920879281145955,7.2,15.0,204.0,269.3478260869565
2025-02-14 09:00:00,1065,4.37592723824051,1.875397387817361,7.2,15.0,216.0,269.3478260869565
2025-02-14 10:00:00,1066,3.5679589204797915,1.5291252516341962,7.2,14.255414117681863,229.0,269.3478260869565
2025-02-14 11:00:00,1067,3.8494051266905536,1.6497450542959515,7.2,13.868773617940253,230.0,269.3478260869565
2025-02-14 12:00:00,1068,3.9629081433280744,1.6983892042834603,7.2,13.560359435952543,230.0,269.3478260869565
2025-02-14 13:00:00,1069,4.029877079847603,1.7270901770775442,7.2,13.724717054951073,252.0,269.3478260869565
2025-02-14 14:00:00,1070,4.203736879204355,1.801601519659009,7.2,13.256199293770996,278.0,269.3478260869565
2025-02-14 15:00:00,1071,4.3222027351035095,1.8523726007586467,7.2,11.848681174489018,286.0,269.3478260869565
2025-02-14 16:00:00,1072,4.554266563250215,1.9518285271072346,7.2,11.246161364203857,293.0,269.3478260869565
2025-02-14 17:00:00,1073,4.497505295349589,1.9275022694355377,7.2,10.773818671056716,306.0,269.3478260869565
2025-02-14 18:00:00,1074,4.897704853356707,2.099016365724303,7.2,11.410765067570768,308.0,269.3478260869565
2025-02-14 19:00:00,1075,4.550320154226621,1.9501372089542661,7.2,11.855168570106715,293.0,269.3478260869565
2025-02-14 20:00:00,1076,5.472414298414346,2.345320413606148,7.2,11.391525137747056,286.0,269.3478260869565
2025-02-14 21:00:00,1077,5.1574096056248635,2.2103184024106555,7.2,9.770191557231874,248.0,269.3478260869565
2025-02-14 22:00:00,1078,5.01469989381312,2.1491570973484797,7.2,4.65660136867182,217.0,269.3478260869565
2025-02-14 23:00:00,1079,4.630985984684032,1.9847082791502995,7.2,4.308653398510573,235.0,269.3478260869565
2025-02-15 00:00:00,1080,5.318954720442482,2.279552023046778,7.2,4.728368114794073,240.0,269.3478260869565
2025-02-15 01:00:00,1081,5.171378523543318,2.216305081518565,7.2,4.094407038634822,235.0,269.3478260869565
2025-02-15 02:00:00,1082,4.4451836439413555,1.9050787045462951,7.2,3.1213617496312605,210.0,269.3478260869565
2025-02-15 03:00:00,1083,4.047864445591379,1.7347990481105908,7.2,3.000888833199522,215.0,269.3478260869565
2025-02-15 04:00:00,1084,4.020178116948136,1.7229334786920585,7.2,2.8177009952977947,228.0,269.3478260869565
2025-02-15 05:00:00,1085,4.435449619466345,1.9009069797712908,7.2,2.6969120468037486,236.0,269.3478260869565
2025-02-15 06:00:00,1086,4.42007259710069,1.894316827328867,7.2,2.33545443517872,260.0,269.3478260869565
2025-02-15 07:00:00,1087,4.22564186180582,1.8109893693453512,7.2,2.1877606602299497,276.0,269.3478260869565
2025-02-15 08:00:00,1088,4.126043265286351,1.7683042565512934,7.2,2.0729137653970495,269.0,269.3478260869565
2025-02-15 09:00:00,1089,4.450252615496872,1.907251120927231,7.2,2.0595228363472895,261.0,269.3478260869565
2025-02-15 10:00:00,1090,3.9593694873919336,1.696872637453686,7.2,1.7452726862686065,253.0,269.3478260869565
2025-02-15 11:00:00,1091,5.462315155176055,2.340992209361166,7.2,1.819893300174382,241.0,269.3478260869565
2025-02-15 12:00:00,1092,5.291122394553719,2.267623883380165,7.2,1.2111592845539232,246.0,269.3478260869565
2025-02-15 13:00:00,1093,5.715606226729383,2.4495455257411636,7.2,0.8040064649608637,238.0,269.3478260869565
2025-02-15 14:00:00,1094,5.717156147907467,2.4502097776746283,7.2,0.7976507326824148,215.0,269.3478260869565
2025-02-15 15:00:00,1095,5.703489118042355,2.444352479161009,7.2,0.8301229738724837,213.0,269.3478260869565
2025-02-15 16:00:00,1096,5.245863992088404,2.2482274251807444,7.2,1.1758950066413392,202.0,269.3478260869565
2025-02-15 17:00:00,1097,5.024062260499937,2.1531695402142588,7.2,2.0703262687901893,190.0,269.3478260869565
2025-02-15 18:00:00,1098,4.618155881481243,1.9792096634919614,7.2,3.0940557500831622,185.0,269.3478260869565
2025-02-15 19:00:00,1099,4.78313199523658,2.049913712244248,7.2,3.4363433432871453,167.0,269.3478260869565
2025-02-15 20:00:00,1100,4.6912785399701695,2.010547945701501,7.2,2.7244256651256347,153.0,269.3478260869565
2025-02-15 21:00:00,1101,4.556740066886203,1.9528886000940866,7.2,1.9094138087088819,150.0,269.3478260869565
2025-02-15 22:00:00,1102,4.45315197868884,1.9084937051523598,7.2,2.0293599072316697,131.0,269.3478260869565
2025-02-15 23:00:00,1103,4.879715796332208,2.09130676985666,7.2,2.118073082467892,121.0,269.3478260869565
2025-02-16 00:00:00,1104,5.316910988520397,2.278676137937313,7.2,2.2979656765682264,134.0,269.3478260869565
2025-02-16 01:00:00,1105,5.228130711707472,2.240627447874631,7.2,2.737219137781808,144.0,269.3478260869565
2025-02-16 02:00:00,1106,4.669058229847458,2.001024955648911,7.2,2.3695190492503793,138.0,269.3478260869565
2025-02-16 03:00:00,1107,4.725307441144354,2.0251317604904373,7.2,1.9803657173762854,156.0,269.3478260869565
2025-02-16 04:00:00,1108,4.724488319552121,2.0247807083794807,7.2,1.8283748321217608,129.0,269.3478260869565
2025-02-16 05:00:00,1109,4.7435041985246915,2.032930370796296,7.2,1.7429840415769524,122.0,269.3478260869565
2025-02-16 06:00:00,1110,4.154542096765962,1.7805180414711266,7.2,2.1021664801891187,124.0,269.3478260869565
2025-02-16 07:00:00,1111,4.2578157892298005,1.8247781953842002,7.2,3.385828673882208,121.0,269.3478260869565
2025-02-16 08:00:00,1112,5.217731831120039,2.236170784765731,7.2,4.4135236205127155,115.0,269.3478260869565
2025-02-16 09:00:00,1113,5.480748820390481,2.34889235159592,7.2,5.675690553500974,114.0,269.3478260869565
2025-02-16 10:00:00,1114,6.072398717244894,2.602456593104954,7.3,6.421677627788357,134.0,269.3478260869565
2025-02-16 11:00:00,1115,5.811443988637015,2.490618852273006,7.3,7.423575467875027,156.0,269.3478260869565
2025-02-16 12:00:00,1116,5.746259619520549,2.4626826940802347,7.3,8.818932343000812,146.0,269.3478260869565
2025-02-16 13:00:00,1117,4.624590177099164,1.9819672187567845,7.3,8.442362204196927,134.0,269.3478260869565
2025-02-16 14:00:00,1118,4.856031780326505,2.081156477282788,7.3,8.055951109206624,120.0,269.3478260869565
2025-02-16 15:00:00,1119,4.60584822515618,1.9739349536383624,7.3,7.549217731974183,121.0,269.3478260869565
2025-02-16 16:00:00,1120,4.283104584041759,1.8356162503036106,7.3,7.031264332157755,119.0,269.3478260869565
2025-02-16 17:00:00,1121,4.589956275936788,1.9671241182586234,7.3,7.472245784561172,143.0,269.3478260869565
2025-02-16 18:00:00,1122,4.820511897794779,2.0659336704834765,7.3,7.950104098672497,152.0,269.3478260869565
2025-02-16 19:00:00,1123,4.81408511956921,2.0631793369582323,7.3,8.173251430156885,146.0,269.3478260869565
2025-02-16 20:00:00,1124,4.883156263213528,2.09278125566294,7.3,7.929943274097307,114.0,269.3478260869565
2025-02-16 21:00:00,1125,4.556305591431148,1.9527023963276344,7.3,7.447731845355057,109.0,269.3478260869565
2025-02-16 22:00:00,1126,5.21541510917545,2.2351779039323354,7.3,8.6643392532958,97.0,269.3478260869565
2025-02-16 23:00:00,1127,4.758057830649788,2.0391676417070523,7.3,8.98201514818958,100.0,269.3478260869565
2025-02-17 00:00:00,1128,5.08539339555748,2.179454312381777,7.3,9.554038500596405,102.0,269.3478260869565
2025-02-17 01:00:00,1129,4.657320975851812,1.9959947039364905,7.3,10.185140715458822,100.0,269.3478260869565
2025-02-17 02:00:00,1130,4.177953388236037,1.7905514521011587,7.3,10.585874248684863,107.0,269.3478260869565
2025-02-17 03:00:00,1131,3.765460842163379,1.613768932355734,7.4,10.250155196795552,110.0,269.3478260869565
2025-02-17 04:00:00,1132,3.5862856345870298,1.5369795576801555,7.4,10.732112572048823,110.0,269.3478260869565
2025-02-17 05:00:00,1133,3.4774036559601473,1.4903158525543487,7.4,10.854242160624034,135.0,269.3478260869565
2025-02-17 06:00:00,1134,3.855525315735858,1.6523679924582249,7.4,9.950527261692073,154.0,269.3478260869565
2025-02-17 07:00:00,1135,3.3247141103672577,1.4248774758716818,7.4,9.059272783161159,170.0,269.3478260869565
2025-02-17 08:00:00,1136,3.59940173080741,1.5426007417746042,7.4,9.442493787780636,153.0,269.3478260869565
2025-02-17 09:00:00,1137,4.003852061759345,1.7159365978968621,7.4,9.956909143125827,142.0,269.3478260869565
2025-02-17 10:00:00,1138,4.478040180176064,1.9191600772183133,7.4,10.09100052406269,122.0,269.3478260869565
2025-02-17 11:00:00,1139,4.7448531485105345,2.0335084922188007,7.4,12.026214702271552,123.0,269.3478260869565
2025-02-17 12:00:00,1140,4.509609226215693,1.932689668378154,7.4,12.723050631276763,119.0,269.3478260869565
2025-02-17 13:00:00,1141,4.455716458494443,1.90959276792619,7.4,12.668471600776623,124.0,269.3478260869565
2025-02-17 14:00:00,1142,4.669490917799659,2.001210393342711,7.4,12.600472283782695,125.0,269.3478260869565
2025-02-17 15:00:00,1143,5.014399275334181,2.149028260857506,7.4,12.614084873122165,147.0,269.3478260869565
2025-02-17 16:00:00,1144,5.039349221550818,2.1597210949503505,7.4,12.936306961940655,175.0,269.3478260869565
2025-02-17 17:00:00,1145,4.76776410740235,2.043327474601007,7.4,13.596958716992283,190.0,269.3478260869565
2025-02-17 18:00:00,1146,5.002075123591522,2.1437464815392233,7.4,15.0,193.0,269.3478260869565
2025-02-17 19:00:00,1147,4.78938646782105,2.052594200494736,7.4,15.0,170.0,269.3478260869565
2025-02-17 20:00:00,1148,4.694781275793615,2.0120491181972637,7.4,15.0,151.0,269.3478260869565
2025-02-17 21:00:00,1149,4.987614848711871,2.1375492208765166,7.4,15.0,144.0,269.3478260869565
2025-02-17 22:00:00,1150,5.240272248778439,2.245830963762188,7.4,15.0,119.0,269.3478260869565
2025-02-17 23:00:00,1151,5.184752753445906,2.2220368943339595,7.4,15.0,105.0,269.3478260869565
2025-02-18 00:00:00,1152,5.69689530216683,2.4415265580714984,7.4,15.0,103.0,269.3478260869565
2025-02-18 01:00:00,1153,5.117831286643737,2.1933562657044585,7.4,15.0,103.0,269.3478260869565
2025-02-18 02:00:00,1154,5.0613092715791215,2.1691325449624803,7.4,15.0,106.0,269.3478260869565
2025-02-18 03:00:00,1155,4.651716588925448,1.9935928238251919,7.4,15.0,104.0,269.3478260869565
2025-02-18 04:00:00,1156,4.527742363135147,1.9404610127722055,7.4,15.0,102.0,269.3478260869565
2025-02-18 05:00:00,1157,4.485584073910618,1.922393174533122,7.4,15.0,101.0,269.3478260869565
2025-02-18 06:00:00,1158,4.707714740954234,2.017592031837529,7.4,15.0,110.0,269.3478260869565
2025-02-18 07:00:00,1159,4.4891015759683315,1.9239006754149992,7.4,15.0,104.0,269.3478260869565
2025-02-18 08:00:00,1160,3.690186226405216,1.5815083827450926,7.4,15.0,99.0,269.3478260869565
2025-02-18 09:00:00,1161,3.5412623214671655,1.5176838520573563,7.4,15.0,104.0,269.3478260869565
2025-02-18 10:00:00,1162,3.7935991428564213,1.6258282040813234,7.4,15.0,104.0,269.3478260869565
2025-02-18 11:00:00,1163,3.5129018640251997,1.505529370296514,7.4,15.0,100.0,269.3478260869565
2025-02-18 12:00:00,1164,3.4950803129256824,1.4978915626824352,7.4,15.0,100.0,269.3478260869565
2025-02-18 13:00:00,1165,3.4792006975100174,1.491086013218579,7.4,14.637991237669413,99.0,269.3478260869565
2025-02-18 14:00:00,1166,3.7417586672303296,1.603610857384427,7.4,13.494921689935046,103.0,269.3478260869565
2025-02-18 15:00:00,1167,3.627684124538704,1.5547217676594445,7.5,11.872784555052148,102.0,269.3478260869565
2025-02-18 16:00:00,1168,3.7631241976372003,1.6127675132730859,7.5,12.310224034994546,113.0,269.3478260869565
2025-02-18 17:00:00,1169,3.694219958227844,1.5832371249547903,7.5,14.64790961741678,117.0,269.3478260869565
2025-02-18 18:00:00,1170,3.865300396262632,1.656557312683985,7.5,15.0,119.0,269.3478260869565
2025-02-18 19:00:00,1171,4.734113190193528,2.0289056529400833,7.5,15.0,101.0,269.3478260869565
2025-02-18 20:00:00,1172,4.8640448837224675,2.084590664452486,7.5,15.0,100.0,269.3478260869565
2025-02-18 21:00:00,1173,4.493571084801354,1.92581617920058,7.5,15.0,99.0,269.3478260869565
2025-02-18 22:00:00,1174,4.5263613206320565,1.9398691374137382,7.4,15.0,94.0,269.3478260869565
2025-02-18 23:00:00,1175,4.478123678166418,1.919195862071322,7.4,15.0,88.0,269.3478260869565
2025-02-19 00:00:00,1176,4.882791490856249,2.0926249246526782,7.4,15.0,85.0,269.3478260869565
2025-02-19 01:00:00,1177,4.85172635415333,2.0793112946371415,7.4,15.0,115.0,269.3478260869565
2025-02-19 02:00:00,1178,4.77421305550941,2.0460913095040323,7.4,15.0,133.0,269.3478260869565
2025-02-19 03:00:00,1179,4.440613228876203,1.9031199552326585,7.4,15.0,126.0,269.3478260869565
2025-02-19 04:00:00,1180,4.510135023455402,1.932915010052315,7.4,15.0,149.0,269.3478260869565
2025-02-19 05:00:00,1181,4.614363561948658,1.977584383692282,7.4,15.0,183.0,269.3478260869565
2025-02-19 06:00:00,1182,4.525566369057601,1.939528443881829,7.4,15.0,193.0,269.3478260869565
2025-02-19 07:00:00,1183,4.270313596733825,1.8301343986002103,7.4,15.0,210.0,269.3478260869565
2025-02-19 08:00:00,1184,4.699194584178894,2.0139405360766687,7.4,15.0,185.0,269.3478260869565
2025-02-19 09:00:00,1185,5.239715591344342,2.245592396290432,7.4,15.0,161.0,269.3478260869565
2025-02-19 10:00:00,1186,5.030954272681672,2.1561232597207165,7.4,15.0,141.0,269.3478260869565
2025-02-19 11:00:00,1187,4.599768559392357,1.9713293825967246,7.5,15.0,132.0,269.3478260869565
2025-02-19 12:00:00,1188,4.747375033677841,2.0345893001476463,7.5,15.0,117.0,269.3478260869565
2025-02-19 13:00:00,1189,4.957056825239535,2.124452925102658,7.5,15.0,108.0,269.3478260869565
2025-02-19 14:00:00,1190,4.880874468028817,2.0918033434409216,7.5,15.0,99.0,269.3478260869565
2025-02-19 15:00:00,1191,4.977657642747041,2.133281846891589,7.6,15.0,98.0,269.3478260869565
2025-02-19 16:00:00,1192,4.836863307345527,2.072941417433797,7.6,15.0,104.0,269.3478260869565
2025-02-19 17:00:00,1193,4.8626838412755635,2.08400736054667,7.6,15.0,114.0,269.3478260869565
2025-02-19 18:00:00,1194,5.11453807598841,2.1919448897093186,7.6,15.0,109.0,269.3478260869565
2025-02-19 19:00:00,1195,5.066535282435297,2.1713722639008415,7.6,15.0,110.0,269.3478260869565
2025-02-19 20:00:00,1196,5.396168658067424,2.3126437106003244,7.6,15.0,121.0,269.3478260869565
2025-02-19 21:00:00,1197,5.428186594335955,2.326365683286838,7.6,15.0,119.0,269.3478260869565
2025-02-19 22:00:00,1198,5.3508066224420325,2.2932028381894427,7.6,15.0,100.0,269.3478260869565
2025-02-19 23:00:00,1199,5.206416125836764,2.231321196787184,7.6,15.0,100.0,269.3478260869565
2025-02-20 00:00:00,1200,5.642461123971225,2.4181976245590966,7.6,15.0,83.0,269.3478260869565
2025-02-20 01:00:00,1201,5.285383404546465,2.265164316234199,7.6,15.0,83.0,269.3478260869565
2025-02-20 02:00:00,1202,5.530008382013499,2.3700035922914995,7.6,15.0,84.0,269.3478260869565
2025-02-20 03:00:00,1203,5.502751388073316,2.3583220234599924,7.6,15.0,82.0,269.3478260869565
2025-02-20 04:00:00,1204,6.209550037176872,2.6612357302186593,7.6,15.0,80.0,269.3478260869565
2025-02-20 05:00:00,1205,6.153356465775094,2.6371527710464684,7.6,15.0,86.0,269.3478260869565
2025-02-20 06:00:00,1206,6.074868444568878,2.603515047672376,7.6,15.0,89.0,269.3478260869565
2025-02-20 07:00:00,1207,5.805832347759092,2.488213863325325,7.6,15.0,94.0,269.3478260869565
2025-02-20 08:00:00,1208,6.193370750546572,2.654301750234245,7.6,15.0,96.0,269.3478260869565
2025-02-20 09:00:00,1209,6.161653029882125,2.640708441378053,7.6,15.0,96.0,269.3478260869565
2025-02-20 10:00:00,1210,5.970695053716524,2.558869308735653,7.7,15.0,98.0,269.3478260869565
2025-02-20 11:00:00,1211,4.844585105000521,2.076250759285937,7.7,15.0,100.0,269.3478260869565
2025-02-20 12:00:00,1212,5.515636888434829,2.3638443807577834,7.7,15.0,102.0,269.3478260869565
2025-02-20 13:00:00,1213,5.416564446720136,2.321384762880058,7.7,15.0,105.0,269.3478260869565
2025-02-20 14:00:00,1214,5.9459325785571,2.548256819381614,7.7,15.0,106.0,269.3478260869565
2025-02-20 15:00:00,1215,5.215271839146345,2.2351165024912905,7.7,15.0,104.0,269.3478260869565
2025-02-20 16:00:00,1216,4.859482619688471,2.082635408437916,7.7,15.0,100.0,269.3478260869565
2025-02-20 17:00:00,1217,6.0856524941340435,2.608136783200304,7.8,15.0,109.0,269.3478260869565
2025-02-20 18:00:00,1218,5.730210177433602,2.4558043617572576,7.8,15.0,125.0,269.3478260869565
2025-02-20 19:00:00,1219,4.733103906037652,2.0284731025875646,7.8,15.0,109.0,269.3478260869565
2025-02-20 20:00:00,1220,5.839281175396673,2.5025490751700024,7.8,15.0,99.0,269.3478260869565
2025-02-20 21:00:00,1221,5.794017178211112,2.4831502192333335,7.8,15.0,98.0,269.3478260869565
2025-02-20 22:00:00,1222,6.15029139143139,2.6358391677563096,7.8,15.0,87.0,269.3478260869565
2025-02-20 23:00:00,1223,5.692542938757894,2.4396612594676683,7.8,15.0,84.0,269.3478260869565
2025-02-21 00:00:00,1224,6.293552080890983,2.6972366060961352,7.8,15.0,81.0,269.3478260869565
2025-02-21 01:00:00,1225,6.037185247030987,2.5873651058704232,7.8,15.0,84.0,269.3478260869565
2025-02-21 02:00:00,1226,5.634326084378209,2.4147111790192324,7.8,15.0,85.0,269.3478260869565
2025-02-21 03:00:00,1227,5.187863527632916,2.2233700832712495,7.8,15.0,87.0,269.3478260869565
2025-02-21 04:00:00,1228,4.2710978907453505,1.8304705246051503,7.8,15.0,88.0,269.3478260869565
2025-02-21 05:00:00,1229,5.747808947415724,2.463346691749596,7.8,0.0,90.0,269.3478260869565
2025-02-21 06:00:00,1230,5.66097448159422,2.4261319206832366,7.8,0.0,89.0,269.3478260869565
2025-02-21 07:00:00,1231,5.521144996230987,2.3662049983847084,7.8,0.0,89.0,269.3478260869565
2025-02-21 08:00:00,1232,5.786631288276151,2.4799848378326366,7.8,0.0,96.0,269.3478260869565
2025-02-21 09:00:00,1233,5.793812278929806,2.4830624052556316,7.8,0.0,134.0,269.3478260869565
2025-02-21 10:00:00,1234,5.8087516383920175,2.489464987882293,7.8,0.0,166.0,269.3478260869565
2025-02-21 11:00:00,1235,5.815256352362818,2.4922527224412074,7.8,0.0,138.0,269.3478260869565
2025-02-21 12:00:00,1236,5.8106002392922145,2.490257245410949,7.8,0.0,123.0,269.3478260869565
2025-02-21 13:00:00,1237,5.874892979130182,2.5178112767700775,7.8,15.0,120.0,269.3478260869565
2025-02-21 14:00:00,1238,5.4156031533266695,2.320972779997144,7.8,15.0,134.0,269.3478260869565
2025-02-21 15:00:00,1239,5.439025152331594,2.3310107795706827,7.8,15.0,127.0,269.3478260869565
2025-02-21 16:00:00,1240,5.542957302094845,2.375553129469219,7.8,15.0,114.0,269.3478260869565
2025-02-21 17:00:00,1241,5.602780296566278,2.401191555671262,7.8,15.0,107.0,269.3478260869565
2025-02-21 18:00:00,1242,5.428726326695729,2.326596997155313,7.8,15.0,113.0,269.3478260869565
2025-02-21 19:00:00,1243,5.050551981182997,2.1645222776498554,7.8,15.0,114.0,269.3478260869565
2025-02-21 20:00:00,1244,5.559832744977852,2.382785462133365,7.8,15.0,102.0,269.3478260869565
2025-02-21 21:00:00,1245,5.329436007780039,2.284044003334303,7.8,15.0,104.0,269.3478260869565
2025-02-21 22:00:00,1246,5.489563039289271,2.352669873981116,7.8,15.0,110.0,269.3478260869565
2025-02-21 23:00:00,1247,5.722296783705232,2.4524129073022425,7.8,15.0,105.0,269.3478260869565
2025-02-22 00:00:00,1248,5.721784499727582,2.4521933570261067,7.8,15.0,105.0,269.3478260869565
2025-02-22 01:00:00,1249,4.975774211055944,2.1324746618811186,7.8,15.0,115.0,269.3478260869565
2025-02-22 02:00:00,1250,5.117812363639915,2.1933481558456775,7.8,15.0,123.0,269.3478260869565
2025-02-22 03:00:00,1251,3.999618905679065,1.7141223881481709,7.8,15.0,136.0,269.3478260869565
2025-02-22 04:00:00,1252,3.4411434581229354,1.4747757677669722,7.8,15.0,145.0,269.3478260869565
2025-02-22 05:00:00,1253,4.753963923171035,2.0374131099304433,7.8,13.431466445746022,126.0,269.3478260869565
2025-02-22 06:00:00,1254,5.325986613772848,2.282565691616935,7.8,11.198599520927509,128.0,269.3478260869565
2025-02-22 07:00:00,1255,5.218847583377828,2.236648964304783,7.8,9.473367181446566,128.0,269.3478260869565
2025-02-22 08:00:00,1256,5.394391243435397,2.3118819614723125,7.8,8.542214492818932,141.0,269.3478260869565
2025-02-22 09:00:00,1257,5.449048849644953,2.3353066498478365,7.8,8.145050822007818,189.0,269.3478260869565
2025-02-22 10:00:00,1258,5.8916242692058605,2.5249818296596542,7.8,9.267903266439072,197.0,269.3478260869565
2025-02-22 11:00:00,1259,5.157522909317461,2.2103669611360544,7.9,9.643746241100661,178.0,269.3478260869565
2025-02-22 12:00:00,1260,5.806861407679061,2.4886548890053115,7.9,8.725283279413624,166.0,269.3478260869565
2025-02-22 13:00:00,1261,5.216774050239945,2.2357603072456906,7.9,7.310393062352106,157.0,269.3478260869565
2025-02-22 14:00:00,1262,5.531924300199362,2.370824700085441,7.9,6.270051569754061,153.0,269.3478260869565
2025-02-22 15:00:00,1263,5.6206710192565374,2.408859008252802,7.9,5.417397313856078,166.0,269.3478260869565
2025-02-22 16:00:00,1264,5.744996466360666,2.4621413427259995,7.9,5.505322945781574,212.0,269.3478260869565
2025-02-22 17:00:00,1265,5.568527683210913,2.386511864233248,7.9,5.624787761907899,224.0,269.3478260869565
2025-02-22 18:00:00,1266,5.552850927756419,2.3797932547527503,7.9,6.05906863067065,189.0,269.3478260869565
2025-02-22 19:00:00,1267,5.073461964696287,2.1743408420126946,7.9,9.134678485127662,153.0,269.3478260869565
2025-02-22 20:00:00,1268,5.592611912979606,2.39683367699126,7.9,13.67253121809538,111.0,269.3478260869565
2025-02-22 21:00:00,1269,5.634358904805426,2.414725244916611,7.9,15.0,96.0,269.3478260869565
2025-02-22 22:00:00,1270,5.622813901872766,2.4097773865169,7.9,15.0,91.0,269.3478260869565
2025-02-22 23:00:00,1271,5.354095171880626,2.294612216520268,7.9,15.0,83.0,269.3478260869565
2025-02-23 00:00:00,1272,5.406072419777973,2.3168881799048453,7.9,15.0,82.0,269.3478260869565
2025-02-23 01:00:00,1273,5.466130568263745,2.342627386398748,7.9,15.0,78.0,269.3478260869565
2025-02-23 02:00:00,1274,5.318466449286853,2.27934276398008,7.9,15.0,78.0,269.3478260869565
2025-02-23 03:00:00,1275,5.481089934546178,2.3490385433769334,7.9,15.0,76.0,269.3478260869565
2025-02-23 04:00:00,1276,5.483734669740572,2.350172001317388,7.9,15.0,78.0,269.3478260869565
2025-02-23 05:00:00,1277,5.415321560318866,2.320852097279514,7.9,15.0,79.0,269.3478260869565
2025-02-23 06:00:00,1278,5.435570780479853,2.3295303344913654,7.9,15.0,80.0,269.3478260869565
2025-02-23 07:00:00,1279,5.338888278922305,2.2880949766809873,7.9,0.0,79.0,269.3478260869565
2025-02-23 08:00:00,1280,4.852618345344958,2.0796935765764104,7.9,0.0,81.0,269.3478260869565
2025-02-23 09:00:00,1281,4.62879026494653,1.9837672564056554,7.9,0.0,82.0,269.3478260869565
2025-02-23 10:00:00,1282,4.8843563869257025,2.093295594396729,7.9,0.0,84.0,269.3478260869565
2025-02-23 11:00:00,1283,4.913635500731134,2.105843786027629,7.9,0.0,86.0,269.3478260869565
2025-02-23 12:00:00,1284,4.332272096311452,1.8566880412763362,7.9,0.0,90.0,269.3478260869565
2025-02-23 13:00:00,1285,4.869619703365257,2.086979872870824,7.9,15.0,95.0,269.3478260869565
2025-02-23 14:00:00,1286,4.39348976509112,1.8829241850390515,7.9,15.0,97.0,269.3478260869565
2025-02-23 15:00:00,1287,4.845834452687589,2.076786194008966,7.9,15.0,98.0,269.3478260869565
2025-02-23 16:00:00,1288,4.910285818103176,2.1044082077585036,8.0,15.0,101.0,269.3478260869565
2025-02-23 17:00:00,1289,4.879773113286372,2.0913313342655884,8.0,15.0,103.0,269.3478260869565
2025-02-23 18:00:00,1290,4.973914299685639,2.1316775570081306,8.0,15.0,123.0,269.3478260869565
2025-02-23 19:00:00,1291,5.476668675249407,2.347143717964031,8.0,15.0,104.0,269.3478260869565
2025-02-23 20:00:00,1292,5.8205947849260795,2.494540622111177,8.0,15.0,98.0,269.3478260869565
2025-02-23 21:00:00,1293,5.022623756914038,2.152553038677445,8.1,15.0,92.0,269.3478260869565
2025-02-23 22:00:00,1294,4.769706344411629,2.044159861890698,8.1,15.0,93.0,269.3478260869565
2025-02-23 23:00:00,1295,5.448558282367173,2.335096406728788,8.1,15.0,97.0,269.3478260869565
2025-02-24 00:00:00,1296,5.530907627978966,2.370388983419556,8.1,15.0,100.0,269.3478260869565
2025-02-24 01:00:00,1297,5.383121656945271,2.30705213869083,8.1,15.0,100.0,269.3478260869565
2025-02-24 02:00:00,1298,5.007092918964327,2.145896965270426,8.1,15.0,105.0,269.3478260869565
2025-02-24 03:00:00,1299,4.7043400807343465,2.0161457488861485,8.1,15.0,105.0,269.3478260869565
2025-02-24 04:00:00,1300,4.41530350745351,1.89227293176579,8.1,15.0,112.0,269.3478260869565
2025-02-24 05:00:00,1301,4.622555187569974,1.981095080387132,8.1,15.0,115.0,269.3478260869565
2025-02-24 06:00:00,1302,4.274059193781866,1.8317396544779427,8.1,15.0,110.0,269.3478260869565
2025-02-24 07:00:00,1303,4.198615202287287,1.7994065152659797,8.1,13.185369371340046,132.0,269.3478260869565
2025-02-24 08:00:00,1304,3.6125284620343066,1.5482264837289885,8.1,11.935402275410882,136.0,269.3478260869565
2025-02-24 09:00:00,1305,3.99102019422097,1.7104372260947014,8.1,10.510846936241148,153.0,269.3478260869565
2025-02-24 10:00:00,1306,3.987390994045298,1.7088818545908422,8.1,9.901978767997283,146.0,269.3478260869565
2025-02-24 11:00:00,1307,4.162568389455279,1.7839578811951196,8.1,9.100743172827384,148.0,269.3478260869565
2025-02-24 12:00:00,1308,4.822270331398874,2.0666872848852313,8.1,8.964903393842818,142.0,269.3478260869565
2025-02-24 13:00:00,1309,4.8972615163240185,2.098826364138865,8.1,11.36901026955482,132.0,269.3478260869565
2025-02-24 14:00:00,1310,4.790513311928623,2.0530771336836953,8.1,13.493517919714398,123.0,269.3478260869565
2025-02-24 15:00:00,1311,4.933298560160566,2.1142708114973847,8.2,15.0,119.0,269.3478260869565
2025-02-24 16:00:00,1312,4.907907982967698,2.103389135557585,8.2,15.0,128.0,269.3478260869565
2025-02-24 17:00:00,1313,5.042733066797851,2.1611713143419355,8.2,15.0,147.0,269.3478260869565
2025-02-24 18:00:00,1314,5.026931104598816,2.154399044828064,8.2,11.806583015956855,169.0,269.3478260869565
2025-02-24 19:00:00,1315,4.957127688318371,2.124483294993588,8.2,10.096442478101261,165.0,269.3478260869565
2025-02-24 20:00:00,1316,4.751978703654256,2.0365623015661094,8.2,8.727000481214782,140.0,269.3478260869565
2025-02-24 21:00:00,1317,4.895542562804189,2.0980896697732234,8.2,8.010455616103913,127.0,269.3478260869565
2025-02-24 22:00:00,1318,4.789818582715859,2.0527793925925106,8.1,11.15436937947943,119.0,269.3478260869565
2025-02-24 23:00:00,1319,5.00721469908693,2.1459491567515414,8.1,9.457912367588172,117.0,269.3478260869565
2025-02-25 00:00:00,1320,5.358921625115036,2.296680696477872,8.1,8.401975988001322,117.0,269.3478260869565
2025-02-25 01:00:00,1321,4.901253596747785,2.1005372557490505,8.1,7.977640863258615,117.0,269.3478260869565
2025-02-25 02:00:00,1322,4.73547385043276,2.029488793042611,8.1,8.491658536724016,117.0,269.3478260869565
2025-02-25 03:00:00,1323,4.307166644867513,1.8459285620860766,8.1,8.263118172090554,131.0,269.3478260869565
2025-02-25 04:00:00,1324,3.800740966999573,1.6288889858569597,8.1,7.703752711593222,133.0,269.3478260869565
2025-02-25 05:00:00,1325,4.0327608745264385,1.7283260890827592,8.1,7.201018004538079,145.0,269.3478260869565
2025-02-25 06:00:00,1326,3.976694766895585,1.704297757240965,8.1,7.201018004538079,191.0,269.3478260869565
2025-02-25 07:00:00,1327,4.129949638054456,1.7699784163090528,8.1,7.531726617411253,215.0,269.3478260869565
2025-02-25 08:00:00,1328,4.435170987950475,1.9007875662644893,8.1,8.346026329983914,229.0,269.3478260869565
2025-02-25 09:00:00,1329,4.14366013678103,1.7758543443347272,8.1,8.746419640155187,229.0,269.3478260869565
2025-02-25 10:00:00,1330,3.8023695412434892,1.6295869462472097,8.1,8.045120994086785,256.0,269.3478260869565
2025-02-25 11:00:00,1331,4.663252057285191,1.9985365959793675,8.1,7.408111610498829,248.0,269.3478260869565
2025-02-25 12:00:00,1332,3.8769339338534468,1.66154311450862,8.1,6.333708222306563,245.0,269.3478260869565
2025-02-25 13:00:00,1333,4.550320654395544,1.950137423312376,8.1,5.502626124546419,215.0,269.3478260869565
2025-02-25 14:00:00,1334,4.53670773760874,1.9443033161180312,8.1,5.3291516741401,214.0,269.3478260869565
2025-02-25 15:00:00,1335,5.189584336190265,2.2241075726529704,8.2,4.896652253782705,240.0,269.3478260869565
2025-02-25 16:00:00,1336,4.714150614587327,2.0203502633945685,8.2,4.736794341315943,247.0,269.3478260869565
2025-02-25 17:00:00,1337,4.635991196247103,1.9868533698201865,8.2,6.211717514551717,287.0,269.3478260869565
2025-02-25 18:00:00,1338,4.357049669366743,1.8673070011571755,8.2,7.131661753891119,308.0,269.3478260869565
2025-02-25 19:00:00,1339,4.430335413893376,1.8987151773828754,8.2,7.088333823071782,307.0,269.3478260869565
2025-02-25 20:00:00,1340,4.292566507774098,1.8396713604746135,8.1,5.68192477582976,269.0,269.3478260869565
2025-02-25 21:00:00,1341,4.827648860205985,2.0689923686597074,8.1,4.133520197939003,220.0,269.3478260869565
2025-02-25 22:00:00,1342,4.5961990133860775,1.9697995771654615,8.1,4.620507373658176,187.0,269.3478260869565
2025-02-25 23:00:00,1343,4.530684188261398,1.9417217949691703,8.1,5.3976195956262245,151.0,269.3478260869565
2025-02-26 00:00:00,1344,3.3953399877789368,1.455145709048116,8.1,7.031794256296022,177.0,269.3478260869565
2025-02-26 01:00:00,1345,3.865311771135664,1.65656218762957,8.1,8.772252564229719,178.0,269.3478260869565
2025-02-26 02:00:00,1346,3.694455708278515,1.5833381606907921,8.1,15.0,148.0,269.3478260869565
2025-02-26 03:00:00,1347,3.7330354774044063,1.5998723474590313,8.1,15.0,158.0,269.3478260869565
2025-02-26 04:00:00,1348,3.6047218104602248,1.5448807759115246,8.1,15.0,170.0,269.3478260869565
2025-02-26 05:00:00,1349,3.5696693556428283,1.529858295275498,8.1,13.239279330389286,158.0,269.3478260869565
2025-02-26 06:00:00,1350,3.385774089899055,1.4510460385281663,8.1,11.312309866698847,183.0,269.3478260869565
2025-02-26 07:00:00,1351,3.6625043534257102,1.569644722896733,8.1,9.730457819920307,201.0,269.3478260869565
2025-02-26 08:00:00,1352,4.086819703419579,1.7514941586083907,8.1,9.541999457837585,206.0,269.3478260869565
2025-02-26 09:00:00,1353,4.173811162827414,1.7887762126403202,8.1,9.644715609942029,191.0,269.3478260869565
2025-02-26 10:00:00,1354,4.234408952595946,1.814746693969691,8.1,12.141148742651607,179.0,269.3478260869565
2025-02-26 11:00:00,1355,4.33662768017188,1.8585547200736623,8.1,15.0,172.0,269.3478260869565
2025-02-26 12:00:00,1356,4.157998065501889,1.781999170929381,8.1,15.0,163.0,269.3478260869565
2025-02-26 13:00:00,1357,4.887530277032629,2.0946558330139835,8.1,15.0,144.0,269.3478260869565
2025-02-26 14:00:00,1358,5.139669567210721,2.2027155288045948,8.1,15.0,150.0,269.3478260869565
2025-02-26 15:00:00,1359,4.598678963732767,1.9708624130283285,8.2,15.0,159.0,269.3478260869565
2025-02-26 16:00:00,1360,4.555127274045338,1.9521974031622875,8.2,15.0,172.0,269.3478260869565
2025-02-26 17:00:00,1361,4.796994266594982,2.0558546856835638,8.2,15.0,194.0,269.3478260869565
2025-02-26 18:00:00,1362,5.43492677132822,2.329254330569237,8.2,15.0,199.0,269.3478260869565
2025-02-26 19:00:00,1363,5.599141856691546,2.399632224296376,8.2,15.0,212.0,269.3478260869565
2025-02-26 20:00:00,1364,5.442835756381429,2.332643895592041,8.2,15.0,216.0,269.3478260869565
2025-02-26 21:00:00,1365,5.106354576594313,2.1884376756832773,8.2,15.0,221.0,269.3478260869565
2025-02-26 22:00:00,1366,5.299179749026617,2.2710770352971212,8.1,15.0,239.0,269.3478260869565
2025-02-26 23:00:00,1367,4.950533745874729,2.121657319660598,8.1,15.0,247.0,269.3478260869565
2025-02-27 00:00:00,1368,5.283596633585017,2.2643985572507215,8.1,15.0,266.0,269.3478260869565
2025-02-27 01:00:00,1369,5.494979642353821,2.3549912752944944,8.1,15.0,267.0,269.3478260869565
2025-02-27 02:00:00,1370,4.978437042877454,2.133615875518909,8.1,15.0,278.0,269.3478260869565
2025-02-27 03:00:00,1371,4.786551840352205,2.051379360150945,8.1,13.542328992315644,301.0,269.3478260869565
2025-02-27 04:00:00,1372,4.3460387574743375,1.8625880389175733,8.1,11.968516670503819,312.0,269.3478260869565
2025-02-27 05:00:00,1373,5.064459318440088,2.1704825650457518,8.1,10.14437540084154,326.0,269.3478260869565
2025-02-27 06:00:00,1374,4.780241908195666,2.048675103512428,8.1,8.52131940766163,321.0,269.3478260869565
2025-02-27 07:00:00,1375,4.834216658937261,2.07180713954454,8.1,7.031059403263121,340.0,269.3478260869565
2025-02-27 08:00:00,1376,4.020565941861031,1.7230996893690131,8.1,6.1025854414388645,345.0,269.3478260869565
2025-02-27 09:00:00,1377,4.330124975663111,1.8557678467127616,8.1,5.6352957188555015,349.0,269.3478260869565
2025-02-27 10:00:00,1378,4.3316276040396104,1.8564118303026897,8.1,4.620229860324059,350.0,269.3478260869565
2025-02-27 11:00:00,1379,4.112817820686613,1.7626362088656908,8.1,3.567078587645634,339.0,269.3478260869565
2025-02-27 12:00:00,1380,4.373692634800174,1.8744397006286462,8.1,2.8459996176466342,327.0,269.3478260869565
2025-02-27 13:00:00,1381,4.897135648576331,2.0987724208184275,8.1,2.1088428404907194,318.0,269.3478260869565
2025-02-27 14:00:00,1382,4.723784029211089,2.024478869661895,8.1,1.3908402140404879,319.0,269.3478260869565
2025-02-27 15:00:00,1383,4.960056261150429,2.125738397635898,8.1,0.7359834753582877,328.0,269.3478260869565
2025-02-27 16:00:00,1384,4.699401608340309,2.014029260717275,8.1,0.4733071332503268,356.0,269.3478260869565
2025-02-27 17:00:00,1385,4.7209609787266595,2.023268990882854,8.1,0.333261536898251,368.0,269.3478260869565
2025-02-27 18:00:00,1386,4.908609708005386,2.103689874859451,8.1,0.24470161824718384,370.0,269.3478260869565
2025-02-27 19:00:00,1387,5.08910574287237,2.1810453183738727,8.1,0.22429576284063785,371.0,269.3478260869565
2025-02-27 20:00:00,1388,4.637050585773467,1.9873073939029144,8.1,0.33455878196638056,372.0,269.3478260869565
2025-02-27 21:00:00,1389,4.456848735904506,1.9100780296733595,8.1,0.6825892992832945,371.0,269.3478260869565
2025-02-27 22:00:00,1390,4.6100167672112935,1.9757214716619826,8.1,0.2640458738323854,363.0,269.3478260869565
2025-02-27 23:00:00,1391,4.893746010639607,2.097319718845546,8.1,0.04292690119566351,352.0,269.3478260869565
2025-02-28 00:00:00,1392,4.990178311885204,2.1386478479508013,8.0,0.0893256941018374,351.0,269.3478260869565
2025-02-28 01:00:00,1393,5.221097001643811,2.2376130007044903,7.9,0.0,345.0,269.3478260869565
2025-02-28 02:00:00,1394,4.696251648861134,2.012679278083343,7.9,0.002123403090424332,331.0,269.3478260869565
2025-02-28 03:00:00,1395,4.695539434982852,2.0123740435640793,7.9,0.08162976291644039,322.0,269.3478260869565
2025-02-28 04:00:00,1396,4.193692992704622,1.7972969968734092,7.9,0.0,323.0,269.3478260869565
2025-02-28 05:00:00,1397,4.069233230972067,1.7439570989880289,7.8,0.0,329.0,269.3478260869565
2025-02-28 06:00:00,1398,3.874207487230798,1.6603746373846278,7.8,0.0,309.0,269.3478260869565
2025-02-28 07:00:00,1399,4.166129489176391,1.7854840667898817,7.8,0.0,301.0,269.3478260869565
2025-02-28 08:00:00,1400,4.333664182004401,1.8572846494304571,7.8,0.0,295.0,269.3478260869565
2025-02-28 09:00:00,1401,4.592250901660357,1.9681075292830101,7.9,0.20267197733300082,294.0,269.3478260869565
2025-02-28 10:00:00,1402,4.770676702339764,2.044575729574184,7.9,0.8444118257461071,298.0,269.3478260869565
2025-02-28 11:00:00,1403,4.912597647488104,2.105398991780616,7.9,1.6614673945843887,281.0,269.3478260869565
2025-02-28 12:00:00,1404,4.840653646800829,2.0745658486289265,7.9,2.340996264857663,253.0,269.3478260869565
2025-02-28 13:00:00,1405,4.799781810473371,2.0570493473457305,7.9,2.785620664464301,230.0,269.3478260869565
2025-02-28 14:00:00,1406,4.825564844701136,2.0680992191576295,8.0,3.3191254996433934,227.0,269.3478260869565
2025-02-28 15:00:00,1407,5.037802873929502,2.1590583745412153,8.0,4.1731384835816305,264.0,269.3478260869565
2025-02-28 16:00:00,1408,5.090811062103828,2.181776169473069,8.0,4.729594136206085,261.0,269.3478260869565
2025-02-28 17:00:00,1409,5.114351867169447,2.191865085929763,8.0,4.581920183849301,267.0,269.3478260869565
2025-02-28 18:00:00,1410,4.761335728071662,2.040572454887855,8.0,4.618644605221325,263.0,269.3478260869565
2025-02-28 19:00:00,1411,5.014359846005757,2.1490113625738956,8.0,4.744742877511337,243.0,269.3478260869565
2025-02-28 20:00:00,1412,4.627599763416988,1.9832570414644235,8.0,5.0804649696461714,246.0,269.3478260869565
2025-02-28 21:00:00,1413,4.759870035750591,2.0399443010359675,7.9,5.068614742423415,254.0,269.3478260869565
2025-02-28 22:00:00,1414,4.826520140201774,2.0685086315150456,7.9,5.718259441236213,254.0,269.3478260869565
2025-02-28 23:00:00,1415,4.655128521465718,1.9950550806281646,7.9,5.128406804850909,234.0,269.3478260869565
2025-03-01 00:00:00,1416,4.517458461487585,1.936053626351822,7.9,4.4212377783341426,241.0,269.3478260869565
2025-03-01 01:00:00,1417,4.56773342296251,1.9576000384125043,7.9,3.9187098527927917,237.0,269.3478260869565
2025-03-01 02:00:00,1418,4.330738968585605,1.8560309865366875,7.9,3.4540776873633408,226.0,269.3478260869565
2025-03-01 03:00:00,1419,4.736100844301953,2.0297575047008367,7.8,2.835505158384049,236.0,269.3478260869565
2025-03-01 04:00:00,1420,4.61594183080662,1.9782607846314084,7.8,2.315607779365674,259.0,269.3478260869565
2025-03-01 05:00:00,1421,4.60961417129464,1.9755489305548457,7.8,1.9651781336030498,279.0,269.3478260869565
2025-03-01 06:00:00,1422,4.14123740671103,1.7748160314475838,7.8,1.9235389328714718,327.0,269.3478260869565
2025-03-01 07:00:00,1423,4.074890345250775,1.7463815765360464,7.8,1.841844122385399,335.0,269.3478260869565
2025-03-01 08:00:00,1424,4.413330815358842,1.8914274922966468,7.8,1.6942752482524643,347.0,269.3478260869565
2025-03-01 09:00:00,1425,4.009888428480173,1.7185236122057885,7.8,1.584908958378282,348.0,269.3478260869565
2025-03-01 10:00:00,1426,4.229642086809684,1.8127037514898643,7.8,1.1150353477978159,342.0,269.3478260869565
2025-03-01 11:00:00,1427,4.640905636792264,1.988959558625256,7.9,1.1090397484507766,343.0,269.3478260869565
2025-03-01 12:00:00,1428,4.345158009122784,1.862210575338336,7.9,1.3824849092635345,341.0,269.3478260869565
2025-03-01 13:00:00,1429,5.235498301496089,2.2437849863554664,7.9,2.01086001472945,338.0,269.3478260869565
2025-03-01 14:00:00,1430,4.737705185856997,2.0304450796529987,7.9,2.038339564192558,339.0,269.3478260869565
2025-03-01 15:00:00,1431,5.096725052900306,2.184310736957274,8.0,1.2520878662739776,356.0,269.3478260869565
2025-03-01 16:00:00,1432,4.896162105320785,2.098355187994622,8.1,0.7275129187332893,378.0,269.3478260869565
2025-03-01 17:00:00,1433,5.593287436313184,2.3971231869913643,8.1,0.689701199898452,388.0,269.3478260869565
2025-03-01 18:00:00,1434,5.348156418322226,2.292067036423811,8.1,0.5439328779418785,393.0,269.3478260869565
2025-03-01 19:00:00,1435,5.583379406542612,2.392876888518262,8.1,0.20455716180251077,392.0,269.3478260869565
2025-03-01 20:00:00,1436,5.915630828919017,2.5352703552510074,8.1,0.0,389.0,269.3478260869565
2025-03-01 21:00:00,1437,5.961696261146095,2.5550126833483264,8.1,0.007277004393323752,380.0,269.3478260869565
2025-03-01 22:00:00,1438,5.866125925418473,2.5140539680364884,8.0,0.4428900204865602,371.0,269.3478260869565
2025-03-01 23:00:00,1439,5.840849081180757,2.503221034791753,8.0,0.07099433048014148,356.0,269.3478260869565
2025-03-02 00:00:00,1440,5.617167273877526,2.4073574030903684,7.9,0.0,344.0,269.3478260869565
2025-03-02 01:00:00,1441,5.164267966453338,2.2132576999085734,7.9,0.0,333.0,269.3478260869565
2025-03-02 02:00:00,1442,4.500149243852727,1.9286353902225972,7.9,0.012306080707486497,321.0,269.3478260869565
2025-03-02 03:00:00,1443,4.3820753882702,1.8780323092586575,7.9,0.0,310.0,269.3478260869565
2025-03-02 04:00:00,1444,4.269115810150248,1.8296210614929633,7.8,0.045056130236510054,278.0,269.3478260869565
2025-03-02 05:00:00,1445,4.300399287687328,1.8430282661517117,7.8,0.2978921477959738,280.0,269.3478260869565
2025-03-02 06:00:00,1446,3.9201117718258818,1.6800479022110923,7.8,0.8788193616075806,266.0,269.3478260869565
2025-03-02 07:00:00,1447,3.661881369760323,1.5693777298972813,7.8,1.8234375138189551,256.0,269.3478260869565
2025-03-02 08:00:00,1448,3.784156085935045,1.6217811796864476,7.9,3.013131152055044,261.0,269.3478260869565
2025-03-02 09:00:00,1449,4.315271257044414,1.8494019673047488,7.9,4.213143895512007,270.0,269.3478260869565
2025-03-02 10:00:00,1450,3.789350350282774,1.6240072929783318,8.0,4.82763135820354,252.0,269.3478260869565
2025-03-02 11:00:00,1451,4.438293394344449,1.9021257404333352,8.0,5.433018315783449,198.0,269.3478260869565
2025-03-02 12:00:00,1452,4.070989545923734,1.744709805395886,8.1,6.844201641213473,176.0,269.3478260869565
2025-03-02 13:00:00,1453,4.735864710714903,2.0296563045921014,8.1,9.299405042020362,171.0,269.3478260869565
2025-03-02 14:00:00,1454,4.688802479662209,2.0094867769980898,8.1,10.793942999567562,182.0,269.3478260869565
2025-03-02 15:00:00,1455,4.797378405959877,2.0560193168399477,8.1,10.522928295974323,206.0,269.3478260869565
2025-03-02 16:00:00,1456,4.303163489552116,1.8442129240937635,8.1,9.087214206659104,260.0,269.3478260869565
2025-03-02 17:00:00,1457,4.4190564681331,1.8938813434856139,8.1,6.303694248017517,290.0,269.3478260869565
2025-03-02 18:00:00,1458,4.48738434839699,1.923164720741567,8.1,4.827767517145796,290.0,269.3478260869565
2025-03-02 19:00:00,1459,4.12181263278792,1.7664911283376799,8.1,5.355789080992949,287.0,269.3478260869565
2025-03-02 20:00:00,1460,3.9523444800000007,1.69386192,8.1,7.608790630271207,266.0,269.3478260869565
2025-03-02 21:00:00,1461,3.860419066477321,1.6544653142045658,8.1,8.505671552976986,264.0,269.3478260869565
2025-03-02 22:00:00,1462,3.7387780101639434,1.6023334329274042,8.1,9.179958313356925,233.0,269.3478260869565
2025-03-02 23:00:00,1463,3.860833171753913,1.6546427878945338,8.1,7.530948563362797,217.0,269.3478260869565
2025-03-03 00:00:00,1464,4.104240652941244,1.7589602798319615,8.0,6.0386616025507704,215.0,269.3478260869565
2025-03-03 01:00:00,1465,4.832818010919935,2.071207718965686,7.9,4.767782158734751,201.0,269.3478260869565
2025-03-03 02:00:00,1466,3.8385668656339575,1.645100085271696,7.9,4.417624053529369,213.0,269.3478260869565
2025-03-03 03:00:00,1467,4.06552295152726,1.7423669792259688,7.9,4.3581853241053885,211.0,269.3478260869565
2025-03-03 04:00:00,1468,4.025902934793771,1.725386972054473,7.8,4.472882657810864,259.0,269.3478260869565
2025-03-03 05:00:00,1469,3.955693422877393,1.6952971812331683,7.8,4.2978586746213985,317.0,269.3478260869565
2025-03-03 06:00:00,1470,3.9399276069720033,1.6885404029880016,7.8,4.515645249323087,330.0,269.3478260869565
2025-03-03 07:00:00,1471,3.9708568387714642,1.7017957880449133,7.8,4.034440956357101,317.0,269.3478260869565
2025-03-03 08:00:00,1472,4.332861768969609,1.856940758129832,7.9,3.2169557407996168,305.0,269.3478260869565
2025-03-03 09:00:00,1473,3.975216383760247,1.7036641644686774,7.9,2.85219607584573,309.0,269.3478260869565
2025-03-03 10:00:00,1474,4.302113651587172,1.8437629935373594,8.0,2.1282374979104226,296.0,269.3478260869565
2025-03-03 11:00:00,1475,4.213797019394146,1.805913008311777,8.1,1.7340472225236665,287.0,269.3478260869565
2025-03-03 12:00:00,1476,4.057086070374915,1.7387511730178205,8.1,1.7935848217278307,283.0,269.3478260869565
2025-03-03 13:00:00,1477,4.723530564973197,2.0243702421313703,8.1,2.2741923398098103,280.0,269.3478260869565
2025-03-03 14:00:00,1478,4.364428956132694,1.8704695526282975,8.2,2.2854151999867485,278.0,269.3478260869565
2025-03-03 15:00:00,1479,4.463143666297079,1.9127758569844626,8.3,2.311556625850881,282.0,269.3478260869565
2025-03-03 16:00:00,1480,4.286101886910005,1.8369008086757166,8.4,2.7910384300157545,310.0,269.3478260869565
2025-03-03 17:00:00,1481,4.380813825915103,1.8774916396779011,8.4,2.97576995975554,332.0,269.3478260869565
2025-03-03 18:00:00,1482,4.28396335550598,1.8359842952168484,8.4,3.1287940468533,334.0,269.3478260869565
2025-03-03 19:00:00,1483,4.08407053487622,1.75031594351838,8.4,3.024365100569181,330.0,269.3478260869565
2025-03-03 20:00:00,1484,4.303438015469387,1.8443305780583086,8.4,3.076896211634487,319.0,269.3478260869565
2025-03-03 21:00:00,1485,4.077984250229021,1.7477075358124379,8.3,3.2946558077839114,306.0,269.3478260869565
2025-03-03 22:00:00,1486,4.03500623284864,1.7292883855065597,8.2,4.744546010264522,301.0,269.3478260869565
2025-03-03 23:00:00,1487,3.9800481160217367,1.7057349068664585,8.1,4.331867797807115,302.0,269.3478260869565
2025-03-04 00:00:00,1488,4.450431439691788,1.9073277598679088,8.1,4.347557573564204,301.0,269.3478260869565
2025-03-04 01:00:00,1489,4.254538414552239,1.8233736062366737,8.0,4.672254823825011,259.0,269.3478260869565
2025-03-04 02:00:00,1490,3.8927126430465218,1.6683054184485093,7.9,5.292921176764287,213.0,269.3478260869565
2025-03-04 03:00:00,1491,3.4724660961180405,1.4881997554791602,7.9,5.643785130516786,173.0,269.3478260869565
2025-03-04 04:00:00,1492,3.4374921409601793,1.4732109175543624,7.9,5.053239855119464,148.0,269.3478260869565
2025-03-04 05:00:00,1493,3.4483392927662972,1.4778596968998416,7.8,4.16948492700545,186.0,269.3478260869565
2025-03-04 06:00:00,1494,3.551795477979737,1.5221980619913158,7.8,4.7325693078785465,241.0,269.3478260869565
2025-03-04 07:00:00,1495,3.877063856293812,1.6615987955544909,7.8,4.380275595706441,241.0,269.3478260869565
2025-03-04 08:00:00,1496,3.8763551839018184,1.6612950788150649,7.8,3.7700118906575306,230.0,269.3478260869565
2025-03-04 09:00:00,1497,3.743912488747027,1.604533923748726,7.9,5.043860812512888,227.0,269.3478260869565
2025-03-04 10:00:00,1498,3.82618602877269,1.6397940123311525,7.9,8.083134873691044,216.0,269.3478260869565
2025-03-04 11:00:00,1499,3.6871004421720346,1.5801859037880148,7.9,6.400352791369633,169.0,269.3478260869565
2025-03-04 12:00:00,1500,3.823195169138266,1.6385122153449714,7.9,8.380367556709565,156.0,269.3478260869565
2025-03-04 13:00:00,1501,4.10476988361457,1.7591870929776727,8.0,10.600589864322588,146.0,269.3478260869565
2025-03-04 14:00:00,1502,3.864784223794108,1.6563360959117606,8.0,14.981568871189692,153.0,269.3478260869565
2025-03-04 15:00:00,1503,4.113838556620021,1.763073667122866,8.1,15.0,146.0,269.3478260869565
2025-03-04 16:00:00,1504,3.798239543785425,1.6278169473366106,8.1,15.0,146.0,269.3478260869565
2025-03-04 17:00:00,1505,3.8302378217334176,1.6415304950286076,8.1,15.0,156.0,269.3478260869565
2025-03-04 18:00:00,1506,4.132534754657073,1.77108632342446,8.1,15.0,173.0,269.3478260869565
2025-03-04 19:00:00,1507,3.8537318014994453,1.6515993434997622,8.1,15.0,170.0,269.3478260869565
2025-03-04 20:00:00,1508,3.5538352359535637,1.5230722439800986,8.1,15.0,152.0,269.3478260869565
2025-03-04 21:00:00,1509,3.944313072212436,1.690419888091044,8.1,15.0,142.0,269.3478260869565
2025-03-04 22:00:00,1510,3.653448908219052,1.565763817808165,8.1,15.0,131.0,269.3478260869565
2025-03-04 23:00:00,1511,3.7592255344163754,1.611096657607018,8.1,15.0,131.0,269.3478260869565
2025-03-05 00:00:00,1512,4.067859351997349,1.7433682937131496,8.1,15.0,106.0,269.3478260869565
2025-03-05 01:00:00,1513,3.9842460416548975,1.7075340178520988,8.1,15.0,110.0,269.3478260869565
2025-03-05 02:00:00,1514,4.19877994083192,1.7994771174993944,8.1,15.0,102.0,269.3478260869565
2025-03-05 03:00:00,1515,4.671492347971295,2.002068149130555,8.1,15.0,102.0,269.3478260869565
2025-03-05 04:00:00,1516,4.1590733385158805,1.7824600022210915,8.1,15.0,102.0,269.3478260869565
2025-03-05 05:00:00,1517,4.0829931601585105,1.7498542114965046,8.2,15.0,98.0,269.3478260869565
2025-03-05 06:00:00,1518,4.295845709592001,1.8410767326822859,8.2,15.0,93.0,269.3478260869565
2025-03-05 07:00:00,1519,3.9929555592591437,1.7112666682539186,8.2,15.0,110.0,269.3478260869565
2025-03-05 08:00:00,1520,4.05499705085271,1.7378558789368757,8.2,15.0,118.0,269.3478260869565
2025-03-05 09:00:00,1521,3.7878119170654485,1.6233479644566207,8.2,15.0,114.0,269.3478260869565
2025-03-05 10:00:00,1522,3.68399228234009,1.5788538352886101,8.2,15.0,114.0,269.3478260869565
2025-03-05 11:00:00,1523,4.214117040369339,1.8060501601582881,8.3,15.0,111.0,269.3478260869565
2025-03-05 12:00:00,1524,4.104537874595882,1.7590876605410921,8.3,15.0,115.0,269.3478260869565
2025-03-05 13:00:00,1525,4.409824089212383,1.8899246096624498,8.3,15.0,115.0,269.3478260869565
2025-03-05 14:00:00,1526,4.261964676661486,1.8265562899977796,8.4,15.0,121.0,269.3478260869565
2025-03-05 15:00:00,1527,4.567228029635809,1.9573834412724898,8.4,15.0,129.0,269.3478260869565
2025-03-05 16:00:00,1528,4.590659826577959,1.967425639961982,8.4,15.0,124.0,269.3478260869565
2025-03-05 17:00:00,1529,4.6565103626805096,1.9956472982916467,8.4,15.0,138.0,269.3478260869565
2025-03-05 18:00:00,1530,4.535467392136019,1.9437717394868654,8.4,15.0,157.0,269.3478260869565
2025-03-05 19:00:00,1531,4.817283874137029,2.0645502317730124,8.4,15.0,147.0,269.3478260869565
2025-03-05 20:00:00,1532,4.8887791461260495,2.0951910626254495,8.4,15.0,132.0,269.3478260869565
2025-03-05 21:00:00,1533,4.514573068295579,1.9348170292695337,8.4,15.0,136.0,269.3478260869565
2025-03-05 22:00:00,1534,4.4459383445880905,1.9054021476806102,8.4,15.0,110.0,269.3478260869565
2025-03-05 23:00:00,1535,5.024348589946035,2.1532922528340146,8.4,15.0,106.0,269.3478260869565
2025-03-06 00:00:00,1536,4.952957949811847,2.1226962642050773,8.4,15.0,113.0,269.3478260869565
2025-03-06 01:00:00,1537,5.190131515377935,2.2243420780191148,8.4,15.0,117.0,269.3478260869565
2025-03-06 02:00:00,1538,4.1559333275866885,1.781114283251438,8.4,15.0,122.0,269.3478260869565
2025-03-06 03:00:00,1539,4.847364899130477,2.0774420996273473,8.4,15.0,100.0,269.3478260869565
2025-03-06 04:00:00,1540,5.385838630951648,2.308216556122135,8.4,15.0,111.0,269.3478260869565
2025-03-06 05:00:00,1541,5.34471072674253,2.2905903114610844,8.4,15.0,147.0,269.3478260869565
2025-03-06 06:00:00,1542,4.898409356445429,2.099318295619469,8.4,15.0,187.0,269.3478260869565
2025-03-06 07:00:00,1543,5.188615228002628,2.2236922405725545,8.4,15.0,177.0,269.3478260869565
2025-03-06 08:00:00,1544,5.415798529856394,2.321056512795597,8.4,15.0,178.0,269.3478260869565
2025-03-06 09:00:00,1545,5.3615035576989705,2.2977872390138443,8.4,15.0,168.0,269.3478260869565
2025-03-06 10:00:00,1546,5.678565879472581,2.4336710912025343,8.4,15.0,148.0,269.3478260869565
2025-03-06 11:00:00,1547,5.145594943619429,2.205254975836898,8.4,15.0,149.0,269.3478260869565
2025-03-06 12:00:00,1548,5.637767788081694,2.416186194892154,8.4,15.0,145.0,269.3478260869565
2025-03-06 13:00:00,1549,5.7821066160515375,2.478045692593516,8.4,15.0,138.0,269.3478260869565
2025-03-06 14:00:00,1550,5.603677650471102,2.4015761359161867,8.4,15.0,137.0,269.3478260869565
2025-03-06 15:00:00,1551,5.114884987532508,2.1920935660853607,8.4,15.0,165.0,269.3478260869565
2025-03-06 16:00:00,1552,4.991663668427854,2.139284429326223,8.4,15.0,171.0,269.3478260869565
2025-03-06 17:00:00,1553,4.68846271159922,2.009341162113951,8.5,15.0,190.0,269.3478260869565
2025-03-06 18:00:00,1554,4.755981843488663,2.0382779329237124,8.5,15.0,227.0,269.3478260869565
2025-03-06 19:00:00,1555,4.777344156038224,2.0474332097306673,8.5,15.0,276.0,269.3478260869565
2025-03-06 20:00:00,1556,5.160279139189919,2.2115482025099653,8.5,15.0,286.0,269.3478260869565
2025-03-06 21:00:00,1557,5.4264693203857455,2.3256297087367477,8.5,15.0,303.0,269.3478260869565
2025-03-06 22:00:00,1558,5.058803729317683,2.1680587411361496,8.5,15.0,305.0,269.3478260869565
2025-03-06 23:00:00,1559,4.827274555677684,2.068831952433293,8.5,14.971634127827427,315.0,269.3478260869565
2025-03-07 00:00:00,1560,4.462997554407689,1.9127132376032954,8.5,11.139133089519627,315.0,269.3478260869565
2025-03-07 01:00:00,1561,4.935445024699613,2.1151907248712623,8.5,10.79266864420037,316.0,269.3478260869565
2025-03-07 02:00:00,1562,4.7820535249953515,2.0494515107122937,8.5,9.854762286356449,323.0,269.3478260869565
2025-03-07 03:00:00,1563,4.2631408192367815,1.8270603511014778,8.4,7.959811854383459,328.0,269.3478260869565
2025-03-07 04:00:00,1564,3.943873859365759,1.6902316540138969,8.4,6.864854317821631,327.0,269.3478260869565
2025-03-07 05:00:00,1565,4.189668370824117,1.7955721589246214,8.4,5.3203775525675345,326.0,269.3478260869565
2025-03-07 06:00:00,1566,4.293107788803676,1.839903338058718,8.4,4.926075871169838,336.0,269.3478260869565
2025-03-07 07:00:00,1567,4.113352566496225,1.7628653856412393,8.4,4.839164224674177,341.0,269.3478260869565
2025-03-07 08:00:00,1568,5.216255663843544,2.235538141647233,8.5,4.758008887664285,340.0,269.3478260869565
2025-03-07 09:00:00,1569,4.8741303375373874,2.0889130018017372,8.5,4.340071849640939,335.0,269.3478260869565
2025-03-07 10:00:00,1570,5.47940132501949,2.3483148535797813,8.6,3.5044399860279656,315.0,269.3478260869565
2025-03-07 11:00:00,1571,4.9123593054815675,2.105296845206386,8.6,3.5575994290819213,298.0,269.3478260869565
2025-03-07 12:00:00,1572,5.261838459865315,2.2550736256565638,8.6,3.356034967690938,297.0,269.3478260869565
2025-03-07 13:00:00,1573,5.131186847862409,2.1990800776553185,8.6,4.966596807595054,295.0,269.3478260869565
2025-03-07 14:00:00,1574,5.478356964914505,2.347867270677645,8.6,6.3656381586185855,282.0,269.3478260869565
2025-03-07 15:00:00,1575,5.331946522463239,2.2851199381985308,8.6,4.594036932277923,271.0,269.3478260869565
2025-03-07 16:00:00,1576,5.049821563950227,2.1642092416929546,8.6,3.673446880058377,274.0,269.3478260869565
2025-03-07 17:00:00,1577,5.081384255817063,2.1777361096358843,8.6,3.2701421401796495,266.0,269.3478260869565
2025-03-07 18:00:00,1578,4.8278675252553285,2.069086082252283,8.6,3.2506261181033103,260.0,269.3478260869565
2025-03-07 19:00:00,1579,4.591707779206576,1.9678747625171042,8.6,3.3720850272012965,256.0,269.3478260869565
2025-03-07 20:00:00,1580,5.210435827112345,2.2330439259052905,8.6,4.107333796842836,247.0,269.3478260869565
2025-03-07 21:00:00,1581,5.015791879914152,2.1496250913917794,8.6,5.847890762443066,241.0,269.3478260869565
2025-03-07 22:00:00,1582,4.9450799118034965,2.1193199622014984,8.6,7.22952006672803,200.0,269.3478260869565
2025-03-07 23:00:00,1583,5.103285870221853,2.1871225158093655,8.6,7.924027302496194,184.0,269.3478260869565
2025-03-08 00:00:00,1584,5.169616367860684,2.215549871940293,8.6,8.84656417070483,186.0,269.3478260869565
2025-03-08 01:00:00,1585,5.217596350911428,2.236112721819183,8.6,9.3707077471212,190.0,269.3478260869565
2025-03-08 02:00:00,1586,5.959018210065504,2.55386494717093,8.6,8.511247543531134,205.0,269.3478260869565
2025-03-08 03:00:00,1587,5.113691485514313,2.1915820652204197,8.5,8.802753262631168,220.0,269.3478260869565
2025-03-08 04:00:00,1588,4.960187773199234,2.125794759942529,8.5,8.574698717231234,185.0,269.3478260869565
2025-03-08 05:00:00,1589,4.728864468561632,2.0266562008121274,8.5,7.656765551700139,184.0,269.3478260869565
2025-03-08 06:00:00,1590,4.218790384792845,1.8080530220540763,8.5,7.2062039553154795,192.0,269.3478260869565
2025-03-08 07:00:00,1591,4.492779886334198,1.9254770941432273,8.5,8.018578586484276,176.0,269.3478260869565
2025-03-08 08:00:00,1592,4.655053480126993,1.9950229200544254,8.5,9.426058770734983,203.0,269.3478260869565
2025-03-08 09:00:00,1593,4.497935173112515,1.927686502762506,8.6,10.531200611083447,215.0,269.3478260869565
2025-03-08 10:00:00,1594,4.2667341097320275,1.8286003327422975,8.6,10.557536036863139,191.0,269.3478260869565
2025-03-08 11:00:00,1595,4.452280783926778,1.908120335968619,8.6,9.373711730029546,156.0,269.3478260869565
2025-03-08 12:00:00,1596,4.469882000887992,1.915663714666282,8.6,8.51636261333624,134.0,269.3478260869565
2025-03-08 13:00:00,1597,5.020693975056876,2.1517259893100893,8.6,7.224234557939649,148.0,269.3478260869565
2025-03-08 14:00:00,1598,4.992518230874619,2.1396506703748366,8.7,5.390020520925092,171.0,269.3478260869565
2025-03-08 15:00:00,1599,5.0834671552823885,2.1786287808353095,8.7,4.1159102849204485,230.0,269.3478260869565
2025-03-08 16:00:00,1600,5.106072937971335,2.1883169734162866,8.8,2.8767606498240617,256.0,269.3478260869565
2025-03-08 17:00:00,1601,5.441224785132592,2.331953479342539,8.8,2.0050444770326137,258.0,269.3478260869565
2025-03-08 18:00:00,1602,5.201974762457267,2.229417755338828,8.8,1.5824715911343656,257.0,269.3478260869565
2025-03-08 19:00:00,1603,4.950941837636455,2.1218322161299086,8.8,1.3871598712880187,251.0,269.3478260869565
2025-03-08 20:00:00,1604,5.075091248361227,2.175039106440526,8.8,1.2928918570953456,250.0,269.3478260869565
2025-03-08 21:00:00,1605,4.813518337822643,2.062936430495418,8.7,1.4611844464627615,242.0,269.3478260869565
2025-03-08 22:00:00,1606,4.789686371211735,2.0527227305193145,8.6,1.4586611867219383,254.0,269.3478260869565
2025-03-08 23:00:00,1607,4.792214461969522,2.0538061979869373,8.6,0.9447430920680967,251.0,269.3478260869565
2025-03-09 00:00:00,1608,5.056796650787001,2.167198564623,8.6,0.28847111297506944,248.0,269.3478260869565
2025-03-09 01:00:00,1609,5.434746040855152,2.329176874652208,8.5,0.0,238.0,269.3478260869565
2025-03-09 02:00:00,1610,5.033950346364936,2.157407291299258,8.4,0.0,244.0,269.3478260869565
2025-03-09 03:00:00,1611,4.400093613507293,1.8857544057888398,8.4,0.4575325426325521,250.0,269.3478260869565
2025-03-09 04:00:00,1612,4.259241141973149,1.8253890608456353,8.4,1.7949193371136527,246.0,269.3478260869565
2025-03-09 05:00:00,1613,4.646607192953407,1.9914030826943176,8.4,2.4411882302048173,240.0,269.3478260869565
2025-03-09 06:00:00,1614,4.187682751138954,1.7947211790595519,8.4,2.9365250076289975,239.0,269.3478260869565
2025-03-09 07:00:00,1615,3.9783186284706566,1.7049936979159959,8.4,3.657815139333858,216.0,269.3478260869565
2025-03-09 08:00:00,1616,4.246417835889363,1.8198933582382983,8.5,4.306133018952334,226.0,269.3478260869565
2025-03-09 09:00:00,1617,4.390277943335903,1.8815476900011014,8.6,4.5068427223145076,259.0,269.3478260869565
2025-03-09 10:00:00,1618,4.02747869575109,1.7260622981790386,8.6,3.519536173194364,256.0,269.3478260869565
2025-03-09 11:00:00,1619,4.3981489568257155,1.884920981496735,8.7,4.291205138233417,284.0,269.3478260869565
2025-03-09 12:00:00,1620,4.569601306500553,1.9584005599288083,8.8,5.843846983205582,304.0,269.3478260869565
2025-03-09 13:00:00,1621,4.721403129216361,2.023458483949869,8.8,6.6589573997273295,311.0,269.3478260869565
2025-03-09 14:00:00,1622,4.908214392163876,2.1035204537845176,8.9,7.7011481505784465,303.0,269.3478260869565
2025-03-09 15:00:00,1623,4.983868328033817,2.13594356915735,8.9,8.521016925949057,312.0,269.3478260869565
2025-03-09 16:00:00,1624,4.774813378516885,2.046348590792951,8.9,8.593669584658066,319.0,269.3478260869565
2025-03-09 17:00:00,1625,4.956566434553764,2.124242757665899,9.0,8.687567271711211,327.0,269.3478260869565
2025-03-09 18:00:00,1626,4.884494062585118,2.0933545982507646,9.0,8.118796471244751,315.0,269.3478260869565
2025-03-09 19:00:00,1627,4.861623179051593,2.083552791022111,9.0,7.003153433321667,291.0,269.3478260869565
2025-03-09 20:00:00,1628,4.972269634393815,2.130972700454492,8.9,5.4300809913486345,271.0,269.3478260869565
2025-03-09 21:00:00,1629,4.766747882802397,2.042891949772456,8.9,3.8710031450034412,247.0,269.3478260869565
2025-03-09 22:00:00,1630,4.564949755217927,1.95640703795054,8.9,3.261967085942026,243.0,269.3478260869565
2025-03-09 23:00:00,1631,4.4989295743309805,1.928112674713277,8.9,2.1927419823207006,211.0,269.3478260869565
2025-03-10 00:00:00,1632,4.853865775582111,2.0802281895351906,8.8,2.2258747004522066,179.0,269.3478260869565
2025-03-10 01:00:00,1633,4.352470931411858,1.8653446848907964,8.8,3.145909944929023,179.0,269.3478260869565
2025-03-10 02:00:00,1634,4.092258821010741,1.7538252090046036,8.8,4.770979197054399,176.0,269.3478260869565
2025-03-10 03:00:00,1635,4.03876365106926,1.7308987076011113,8.8,6.9222352838450085,182.0,269.3478260869565
2025-03-10 04:00:00,1636,3.8173432252778965,1.6360042394048127,8.7,7.5733436081696395,181.0,269.3478260869565
2025-03-10 05:00:00,1637,3.671402593577116,1.5734582543901927,8.7,7.524874563691793,200.0,269.3478260869565
2025-03-10 06:00:00,1638,3.631208285907369,1.5562321225317295,8.7,7.621523577149319,247.0,269.3478260869565
2025-03-10 07:00:00,1639,3.839256488209081,1.6453956378038919,8.7,7.130255287890956,254.0,269.3478260869565
2025-03-10 08:00:00,1640,3.7086587321726663,1.5894251709311427,8.8,7.201139840211183,245.0,269.3478260869565
2025-03-10 09:00:00,1641,3.920012041488517,1.6800051606379358,8.8,8.040332104403666,263.0,269.3478260869565
2025-03-10 10:00:00,1642,3.55807357534701,1.5248886751487185,8.8,8.768018095144154,284.0,269.3478260869565
2025-03-10 11:00:00,1643,3.7681697239385024,1.6149298816879296,8.9,10.667266794805558,277.0,269.3478260869565
2025-03-10 12:00:00,1644,3.9486140137033354,1.6922631487300006,8.9,12.44495713413844,260.0,269.3478260869565
2025-03-10 13:00:00,1645,4.16072962958183,1.7831698412493557,8.9,15.0,249.0,269.3478260869565
2025-03-10 14:00:00,1646,3.7386180340142925,1.602264871720411,8.9,15.0,242.0,269.3478260869565
2025-03-10 15:00:00,1647,3.7814718564410112,1.6206307956175763,8.9,15.0,271.0,269.3478260869565
2025-03-10 16:00:00,1648,3.752780554052255,1.608334523165252,8.9,15.0,267.0,269.3478260869565
2025-03-10 17:00:00,1649,3.9563853410382746,1.695593717587832,8.9,15.0,263.0,269.3478260869565
2025-03-10 18:00:00,1650,4.0420331095893065,1.7322999041097025,8.9,15.0,277.0,269.3478260869565
2025-03-10 19:00:00,1651,4.103308133645567,1.7585606287052429,8.9,15.0,240.0,269.3478260869565
2025-03-10 20:00:00,1652,3.7938381543972546,1.6259306375988234,8.9,15.0,232.0,269.3478260869565
2025-03-10 21:00:00,1653,3.7202517992845534,1.5943936282648086,8.9,15.0,208.0,269.3478260869565
2025-03-10 22:00:00,1654,3.7283917012476264,1.5978821576775541,8.9,15.0,183.0,269.3478260869565
2025-03-10 23:00:00,1655,3.71186450847662,1.5907990750614085,8.8,15.0,186.0,269.3478260869565
2025-03-11 00:00:00,1656,4.3127976299116675,1.8483418413907147,8.8,13.942568829333194,182.0,269.3478260869565
2025-03-11 01:00:00,1657,3.948001978992879,1.6920008481398052,8.8,15.0,174.0,269.3478260869565
2025-03-11 02:00:00,1658,3.4201873901603506,1.4657945957830074,8.8,14.308165155725032,178.0,269.3478260869565
2025-03-11 03:00:00,1659,3.3129517611041592,1.4198364690446397,8.8,11.474379808119616,182.0,269.3478260869565
2025-03-11 04:00:00,1660,3.3555718225143663,1.4381022096490141,8.8,10.231388837173405,198.0,269.3478260869565
2025-03-11 05:00:00,1661,3.1994862178310157,1.371208379070435,8.8,9.179343116682999,226.0,269.3478260869565
2025-03-11 06:00:00,1662,3.331846781744132,1.4279343350331997,8.8,9.696438132801397,256.0,269.3478260869565
2025-03-11 07:00:00,1663,3.311212930693727,1.419091256011597,8.8,9.279349635022758,286.0,269.3478260869565
2025-03-11 08:00:00,1664,3.72599439211979,1.59685473947991,8.8,7.338608460776902,294.0,269.3478260869565
2025-03-11 09:00:00,1665,3.3132587679622967,1.419968043412413,8.8,5.7669799429822595,303.0,269.3478260869565
2025-03-11 10:00:00,1666,3.6520519794112074,1.5651651340333743,8.8,5.193572301476279,298.0,269.3478260869565
2025-03-11 11:00:00,1667,3.7234383411564593,1.595759289067054,8.8,5.254899680135486,296.0,269.3478260869565
2025-03-11 12:00:00,1668,3.7347243021379777,1.6005961294877047,8.8,6.753184972777367,283.0,269.3478260869565
2025-03-11 13:00:00,1669,3.9331899355456708,1.6856528295195732,8.8,6.680391222597276,282.0,269.3478260869565
2025-03-11 14:00:00,1670,3.9164823533194264,1.678492437136897,8.8,6.976242831097901,287.0,269.3478260869565
2025-03-11 15:00:00,1671,3.912751207899119,1.676893374813908,8.8,6.925604486313636,292.0,269.3478260869565
2025-03-11 16:00:00,1672,4.019886387474603,1.7228084517748299,8.8,6.167112851640432,311.0,269.3478260869565
2025-03-11 17:00:00,1673,4.0746636489857195,1.7462844209938795,8.8,5.74985234901157,335.0,269.3478260869565
2025-03-11 18:00:00,1674,4.03812640337229,1.7306256014452674,8.8,7.414147979887433,346.0,269.3478260869565
2025-03-11 19:00:00,1675,4.162150089074121,1.783778609603195,8.8,8.65318097282671,325.0,269.3478260869565
2025-03-11 20:00:00,1676,4.052165541531003,1.736642374941858,8.8,9.496783246211507,298.0,269.3478260869565
2025-03-11 21:00:00,1677,4.301981864682703,1.8437065134354438,8.7,9.068609695721822,280.0,269.3478260869565
2025-03-11 22:00:00,1678,4.24068629146898,1.8174369820581342,8.7,8.147671211729733,282.0,269.3478260869565
2025-03-11 23:00:00,1679,4.371520688579572,1.8735088665341024,8.7,9.712827064626687,285.0,269.3478260869565
2025-03-12 00:00:00,1680,4.203854593954204,1.8016519688375157,8.7,10.755736600864518,287.0,269.3478260869565
2025-03-12 01:00:00,1681,4.854862041032577,2.0806551604425327,8.7,11.999425849504384,273.0,269.3478260869565
2025-03-12 02:00:00,1682,4.418699236754383,1.893728244323307,8.7,15.0,249.0,269.3478260869565
2025-03-12 03:00:00,1683,4.318233772309294,1.8506716167039832,8.7,15.0,240.0,269.3478260869565
2025-03-12 04:00:00,1684,4.1665243708869655,1.7856533018086995,8.8,15.0,238.0,269.3478260869565
2025-03-12 05:00:00,1685,4.1121095624270385,1.762332669611588,8.8,15.0,261.0,269.3478260869565
2025-03-12 06:00:00,1686,3.7644879506191353,1.6133519788367723,8.8,15.0,302.0,269.3478260869565
2025-03-12 07:00:00,1687,4.052971982402862,1.736987992458369,8.8,15.0,299.0,269.3478260869565
2025-03-12 08:00:00,1688,4.2708746067178085,1.830374831450489,8.8,15.0,285.0,269.3478260869565
2025-03-12 09:00:00,1689,4.05212418050355,1.7366246487872357,8.8,13.439557113623712,268.0,269.3478260869565
2025-03-12 10:00:00,1690,4.609129408199642,1.975341174942704,8.8,11.448813533910755,252.0,269.3478260869565
2025-03-12 11:00:00,1691,4.14648390949563,1.7770645326409842,8.8,11.920458321301343,232.0,269.3478260869565
2025-03-12 12:00:00,1692,4.271145552581035,1.8304909511061576,8.8,14.014511884363928,234.0,269.3478260869565
2025-03-12 13:00:00,1693,5.254549426145369,2.251949754062301,8.8,15.0,245.0,269.3478260869565
2025-03-12 14:00:00,1694,4.56453308262812,1.9562284639834802,8.8,15.0,245.0,269.3478260869565
2025-03-12 15:00:00,1695,4.626880499718771,1.9829487855937589,8.8,15.0,251.0,269.3478260869565
2025-03-12 16:00:00,1696,4.681865533606777,2.00651380011719,8.8,15.0,258.0,269.3478260869565
2025-03-12 17:00:00,1697,5.111231288981584,2.190527695277822,8.8,15.0,300.0,269.3478260869565
2025-03-12 18:00:00,1698,4.974557064282621,2.1319530275496947,8.8,15.0,309.0,269.3478260869565
2025-03-12 19:00:00,1699,5.0897063534493014,2.181302722906843,8.8,15.0,296.0,269.3478260869565
2025-03-12 20:00:00,1700,4.714789646171017,2.0206241340732927,8.8,11.493661042965773,286.0,269.3478260869565
2025-03-12 21:00:00,1701,4.989246274887151,2.1382484035230647,8.8,9.361906101196313,272.0,269.3478260869565
2025-03-12 22:00:00,1702,5.112712988787068,2.1911627094801718,8.8,7.534720352728279,280.0,269.3478260869565
2025-03-12 23:00:00,1703,5.230674685060116,2.241717722168621,8.7,6.183617802688819,280.0,269.3478260869565
2025-03-13 00:00:00,1704,5.603761063395625,2.401611884312411,8.7,5.025048152286182,270.0,269.3478260869565
2025-03-13 01:00:00,1705,4.955985299732916,2.1239936998855353,8.7,4.539141496565069,254.0,269.3478260869565
2025-03-13 02:00:00,1706,4.745871748011284,2.0339450348619788,8.7,4.943354519187641,254.0,269.3478260869565
2025-03-13 03:00:00,1707,4.46411835617002,1.9131935812157226,8.6,5.876785735925557,250.0,269.3478260869565
2025-03-13 04:00:00,1708,4.398787157148389,1.885194495920738,8.6,6.80621040601999,256.0,269.3478260869565
2025-03-13 05:00:00,1709,4.441714199885647,1.9035917999509913,8.6,7.294553786779703,306.0,269.3478260869565
2025-03-13 06:00:00,1710,4.38862127732103,1.8808376902804413,8.6,6.527961904619401,322.0,269.3478260869565
2025-03-13 07:00:00,1711,4.332296294393762,1.8566984118830407,8.6,6.205734043039596,327.0,269.3478260869565
2025-03-13 08:00:00,1712,4.282194033793047,1.8352260144827341,8.6,5.865897566892802,343.0,269.3478260869565
2025-03-13 09:00:00,1713,4.003621381208077,1.715837734803462,8.6,6.150465997702033,342.0,269.3478260869565
2025-03-13 10:00:00,1714,4.187669510078029,1.7947155043191554,8.6,4.3158375779723315,331.0,269.3478260869565
2025-03-13 11:00:00,1715,4.2776113823420605,1.83326202100374,8.6,4.575258929013117,321.0,269.3478260869565
2025-03-13 12:00:00,1716,4.4337551494393175,1.9001807783311357,8.6,4.642793362805918,311.0,269.3478260869565
2025-03-13 13:00:00,1717,4.958612419308927,2.125119608275254,8.6,3.8839271514696065,318.0,269.3478260869565
2025-03-13 14:00:00,1718,5.255471833640004,2.2523450715600015,8.6,3.1244565361063046,330.0,269.3478260869565
2025-03-13 15:00:00,1719,4.798615488121646,2.0565494949092766,8.6,2.513360094708994,349.0,269.3478260869565
2025-03-13 16:00:00,1720,5.435600548692934,2.3295430922969715,8.6,1.7476276121930538,368.0,269.3478260869565
2025-03-13 17:00:00,1721,4.875466929542938,2.0894858269469734,8.6,1.4593964148091854,392.0,269.3478260869565
2025-03-13 18:00:00,1722,4.568398491610708,1.95788506783316,8.6,0.7791525283468073,399.0,269.3478260869565
2025-03-13 19:00:00,1723,4.687293378085279,2.0088400191794054,8.6,0.5269775531026465,398.0,269.3478260869565
2025-03-13 20:00:00,1724,4.7660703246556775,2.0426015677095757,8.6,0.4231963408301338,396.0,269.3478260869565
2025-03-13 21:00:00,1725,4.760447061760905,2.0401915978975302,8.6,0.3813346684180578,393.0,269.3478260869565
2025-03-13 22:00:00,1726,5.056032078339953,2.166870890717123,8.6,0.0,388.0,269.3478260869565
2025-03-13 23:00:00,1727,5.389193913581799,2.3096545343921995,8.6,0.0,376.0,269.3478260869565
2025-03-14 00:00:00,1728,5.2816337779254035,2.2635573333966015,8.6,0.10705752060575652,371.0,269.3478260869565
2025-03-14 01:00:00,1729,4.82589828805971,2.0682421234541617,8.6,0.24395580882730045,370.0,269.3478260869565
2025-03-14 02:00:00,1730,4.8091795244236515,2.0610769390387076,8.6,0.35727126496068623,364.0,269.3478260869565
2025-03-14 03:00:00,1731,5.110688554706142,2.1902950948740605,8.6,0.5172231055277435,354.0,269.3478260869565
2025-03-14 04:00:00,1732,4.866020624346081,2.0854374104340345,8.6,0.9353515298523053,359.0,269.3478260869565
2025-03-14 05:00:00,1733,4.737440359032355,2.030331582442438,8.6,1.506055696251254,369.0,269.3478260869565
2025-03-14 06:00:00,1734,4.624937505703835,1.9821160738730723,8.6,2.269060868479468,350.0,269.3478260869565
2025-03-14 07:00:00,1735,4.340778252299377,1.8603335366997331,8.6,2.738818646403842,332.0,269.3478260869565
2025-03-14 08:00:00,1736,4.4853517465078205,1.922293605646209,8.6,3.1796418359822343,309.0,269.3478260869565
2025-03-14 09:00:00,1737,4.446439297267991,1.9056168416862822,8.6,3.566057889957866,274.0,269.3478260869565
2025-03-14 10:00:00,1738,3.6385030880187013,1.559358466293729,8.6,3.3787192848686525,266.0,269.3478260869565
2025-03-14 11:00:00,1739,3.919981366448746,1.6799920141923197,8.6,3.155533312529591,265.0,269.3478260869565
2025-03-14 12:00:00,1740,4.033516418996907,1.728649893855817,8.6,2.9073591342801,261.0,269.3478260869565
2025-03-14 13:00:00,1741,4.1005173551019505,1.7573645807579787,8.6,2.7401066056681556,268.0,269.3478260869565
2025-03-14 14:00:00,1742,4.27440911770263,1.831889621872556,8.6,2.168627629778028,278.0,269.3478260869565
2025-03-14 15:00:00,1743,4.392906900487683,1.8826743859232924,8.6,1.7351049629182689,301.0,269.3478260869565
2025-03-14 16:00:00,1744,4.62500261914583,1.9821439796339269,8.6,2.369962432183146,311.0,269.3478260869565
2025-03-14 17:00:00,1745,4.568273205365783,1.9578313737281923,8.6,2.9391824674395295,332.0,269.3478260869565
2025-03-14 18:00:00,1746,4.968504581086231,2.129359106179813,8.6,3.3579578535272026,353.0,269.3478260869565
2025-03-14 19:00:00,1747,4.621151663245856,1.9804935699625095,8.6,3.8205647096627886,359.0,269.3478260869565
2025-03-14 20:00:00,1748,5.543277552283321,2.375690379549995,8.6,3.90885334095214,360.0,269.3478260869565
2025-03-14 21:00:00,1749,5.22830456788728,2.240701957665977,8.6,3.895861200599021,356.0,269.3478260869565
2025-03-14 22:00:00,1750,5.085626527996364,2.179554226284156,8.6,4.093458320485803,349.0,269.3478260869565
2025-03-14 23:00:00,1751,4.701944254299196,2.015118966128227,8.6,3.554876898973595,349.0,269.3478260869565
2025-03-15 00:00:00,1752,5.389944588984385,2.3099762524218788,8.6,2.3900540750706476,352.0,269.3478260869565
2025-03-15 01:00:00,1753,5.24239995449052,2.246742837638794,8.6,1.476680826600348,348.0,269.3478260869565
2025-03-15 02:00:00,1754,4.51623660075618,1.9355299717526486,8.5,0.7207768756974209,349.0,269.3478260869565
2025-03-15 03:00:00,1755,4.118948891719931,1.7652638107371132,8.5,0.40971051364659866,354.0,269.3478260869565
2025-03-15 04:00:00,1756,4.091294015820322,1.7534117210658524,8.5,0.44154393101597383,355.0,269.3478260869565
2025-03-15 05:00:00,1757,4.506596934495888,1.9313986862125232,8.5,0.6219686538000777,359.0,269.3478260869565
2025-03-15 06:00:00,1758,4.49125129168515,1.9248219821507784,8.5,0.8204325511747964,363.0,269.3478260869565
2025-03-15 07:00:00,1759,4.296851899326615,1.8415079568542634,8.5,0.8140106425978685,361.0,269.3478260869565
2025-03-15 08:00:00,1760,4.197284609108776,1.7988362610466182,8.6,0.6898513621358188,368.0,269.3478260869565
2025-03-15 09:00:00,1761,4.521525228970114,1.9377965267014776,8.6,0.4955985533106777,375.0,269.3478260869565
2025-03-15 10:00:00,1762,4.030673333849092,1.7274314287924677,8.6,0.2883095737947608,374.0,269.3478260869565
2025-03-15 11:00:00,1763,5.533650197934161,2.371564370543212,8.6,0.22791409218009523,363.0,269.3478260869565
2025-03-15 12:00:00,1764,5.362488596913758,2.2982093986773244,8.6,0.15524488306507844,358.0,269.3478260869565
2025-03-15 13:00:00,1765,5.787003551976306,2.480144379418417,8.6,0.20076314330912445,357.0,269.3478260869565
2025-03-15 14:00:00,1766,5.788584559310215,2.480821953990092,8.7,0.3407176437720168,354.0,269.3478260869565
2025-03-15 15:00:00,1767,5.774948578853877,2.4749779623659474,8.7,0.5272354948325187,355.0,269.3478260869565
2025-03-15 16:00:00,1768,5.317354465545677,2.2788661995195754,8.8,0.7113662892187754,365.0,269.3478260869565
2025-03-15 17:00:00,1769,5.0955837098239805,2.183821589924563,8.8,0.9557373522575154,378.0,269.3478260869565
2025-03-15 18:00:00,1770,4.689708269877139,2.009874972804488,8.8,1.2407756700954415,381.0,269.3478260869565
2025-03-15 19:00:00,1771,4.854715285893496,2.0805922653829265,8.8,1.4552748787129646,371.0,269.3478260869565
2025-03-15 20:00:00,1772,4.762892696061375,2.0412397268834463,8.7,1.512102554958573,360.0,269.3478260869565
2025-03-15 21:00:00,1773,4.62838505156909,1.98359359352961,8.7,1.642669685824317,354.0,269.3478260869565
2025-03-15 22:00:00,1774,4.524827755104939,1.9392118950449735,8.6,1.6447384920398003,344.0,269.3478260869565
2025-03-15 23:00:00,1775,4.951422327607206,2.1220381404030886,8.6,1.2592735724054012,348.0,269.3478260869565
2025-03-16 00:00:00,1776,5.388648237764164,2.3094206733274985,8.6,0.9637304612158455,359.0,269.3478260869565
2025-03-16 01:00:00,1777,5.299898642014069,2.2713851322917438,8.6,0.7909802087786616,362.0,269.3478260869565
2025-03-16 02:00:00,1778,4.740856804295168,2.0317957732693572,8.6,0.7014131926960052,366.0,269.3478260869565
2025-03-16 03:00:00,1779,4.797136622795689,2.0559156954838667,8.6,0.7016896961326867,351.0,269.3478260869565
2025-03-16 04:00:00,1780,4.796348071453849,2.0555777449087924,8.5,1.0147971906972715,345.0,269.3478260869565
2025-03-16 05:00:00,1781,4.815394483707855,2.0637404930176517,8.5,1.1075447668682312,340.0,269.3478260869565
2025-03-16 06:00:00,1782,4.2264628782458935,1.811341233533954,8.5,1.2129724116334566,340.0,269.3478260869565
2025-03-16 07:00:00,1783,4.329767030006145,1.8556144414312046,8.5,1.3702391153723967,339.0,269.3478260869565
2025-03-16 08:00:00,1784,5.28971349417677,2.267020068932901,8.5,1.4939569973347,356.0,269.3478260869565
2025-03-16 09:00:00,1785,5.55276086869592,2.3797546580125366,8.6,1.45357665524086,361.0,269.3478260869565
2025-03-16 10:00:00,1786,6.144441113751732,2.633331905893599,8.6,1.1516262815712481,365.0,269.3478260869565
2025-03-16 11:00:00,1787,5.88351669628233,2.52150715554957,8.6,1.096871030203861,369.0,269.3478260869565
2025-03-16 12:00:00,1788,5.818362601225825,2.493583971953925,8.6,1.2527481195537362,373.0,269.3478260869565
2025-03-16 13:00:00,1789,4.696723395770312,2.0128814553301337,8.6,1.333424997737985,377.0,269.3478260869565
2025-03-16 14:00:00,1790,4.928195198853877,2.112083656651661,8.6,1.7210669274913206,370.0,269.3478260869565
2025-03-16 15:00:00,1791,4.678041806414592,2.0048750598919676,8.6,2.2969616289273014,365.0,269.3478260869565
2025-03-16 16:00:00,1792,4.355328290890513,1.8665692675245051,8.7,3.1880579353256238,354.0,269.3478260869565
2025-03-16 17:00:00,1793,4.662210071219683,1.9980900305227212,8.7,3.95373679397151,363.0,269.3478260869565
2025-03-16 18:00:00,1794,4.8927957443401375,2.0969124618600588,8.7,4.1534807462388175,365.0,269.3478260869565
2025-03-16 19:00:00,1795,4.8863989801898935,2.094170991509954,8.7,4.200478598715757,355.0,269.3478260869565
2025-03-16 20:00:00,1796,4.955500100706956,2.123785757445838,8.7,4.191366901922266,341.0,269.3478260869565
2025-03-16 21:00:00,1797,4.628679368579318,1.9837197293911364,8.6,4.079079893953366,312.0,269.3478260869565
2025-03-16 22:00:00,1798,5.287818788744962,2.266208052319269,8.6,4.679124803740787,296.0,269.3478260869565
2025-03-16 23:00:00,1799,4.830491375391852,2.0702105894536507,8.6,4.316640056875663,304.0,269.3478260869565
2025-03-17 00:00:00,1800,5.157856768207942,2.2105100435176896,8.6,4.765110386337492,313.0,269.3478260869565
2025-03-17 01:00:00,1801,4.729814139131177,2.02706320248479,8.6,6.106942700932018,295.0,269.3478260869565
2025-03-17 02:00:00,1802,4.250476304849481,1.8216327020783487,8.6,6.875166392495446,288.0,269.3478260869565
2025-03-17 03:00:00,1803,3.8380134748007717,1.6448629177717593,8.6,6.652421010788504,286.0,269.3478260869565
2025-03-17 04:00:00,1804,3.658867945922953,1.5680862625384082,8.6,5.507276779849265,308.0,269.3478260869565
2025-03-17 05:00:00,1805,3.550015608653913,1.5214352608516768,8.6,5.085374269751835,344.0,269.3478260869565
2025-03-17 06:00:00,1806,3.9281668724315315,1.6835000881849422,8.6,5.161584564135506,350.0,269.3478260869565
2025-03-17 07:00:00,1807,3.3973852336936727,1.456022243011574,8.6,5.257447666648976,341.0,269.3478260869565
2025-03-17 08:00:00,1808,3.6721023833781903,1.5737581643049385,8.6,5.448717054840697,332.0,269.3478260869565
2025-03-17 09:00:00,1809,4.076582206172921,1.7471066597883946,8.6,5.215217373416176,316.0,269.3478260869565
2025-03-17 10:00:00,1810,4.550799779015696,1.950342762435298,8.6,3.169541143769622,307.0,269.3478260869565
2025-03-17 11:00:00,1811,4.817642164344328,2.0647037847189975,8.6,2.2570331940817545,287.0,269.3478260869565
2025-03-17 12:00:00,1812,4.5824276215966195,1.9638975521128368,8.6,2.0987794601778127,272.0,269.3478260869565
2025-03-17 13:00:00,1813,4.52856419596036,1.9408132268401546,8.6,2.3465585692860333,255.0,269.3478260869565
2025-03-17 14:00:00,1814,4.742367959873331,2.032443411374284,8.6,2.405332615093153,239.0,269.3478260869565
2025-03-17 15:00:00,1815,5.087305584523292,2.1802738219385533,8.6,2.164350593676485,246.0,269.3478260869565
2025-03-17 16:00:00,1816,5.112284760347999,2.190979183006285,8.6,1.9618026988517525,260.0,269.3478260869565
2025-03-17 17:00:00,1817,4.840728838285192,2.0745980735507965,8.6,1.889265197194271,275.0,269.3478260869565
2025-03-17 18:00:00,1818,5.075069009022599,2.175029575295399,8.6,2.1469005141186726,295.0,269.3478260869565
2025-03-17 19:00:00,1819,4.862409470247936,2.0838897729634014,8.6,2.786698372863391,299.0,269.3478260869565
2025-03-17 20:00:00,1820,4.767833357648907,2.043357153278103,8.6,3.4967524768407356,275.0,269.3478260869565
2025-03-17 21:00:00,1821,5.060695972413205,2.168869702462802,8.6,4.660071062324725,265.0,269.3478260869565
2025-03-17 22:00:00,1822,5.313382376728508,2.277163875740789,8.6,3.7987373831484104,246.0,269.3478260869565
2025-03-17 23:00:00,1823,5.257891848032482,2.2533822205853498,8.6,3.6403343793272294,242.0,269.3478260869565
2025-03-18 00:00:00,1824,5.770063325762784,2.472884282469765,8.6,3.877298889448399,244.0,269.3478260869565
2025-03-18 01:00:00,1825,5.191028201607059,2.2247263721173107,8.6,4.067927739620211,218.0,269.3478260869565
2025-03-18 02:00:00,1826,5.134535040252935,2.200515017251258,8.6,5.135664279842345,197.0,269.3478260869565
2025-03-18 03:00:00,1827,4.724971173638033,2.0249876458448712,8.5,6.107913868670665,213.0,269.3478260869565
2025-03-18 04:00:00,1828,4.60102572619996,1.971868168371411,8.5,6.30089707217753,229.0,269.3478260869565
2025-03-18 05:00:00,1829,4.558896177626309,1.9538126475541326,8.5,6.636239047966262,252.0,269.3478260869565
2025-03-18 06:00:00,1830,4.781055547604668,2.0490238061162858,8.5,7.372560692769474,282.0,269.3478260869565
2025-03-18 07:00:00,1831,4.562471047822605,1.9553447347811161,8.5,7.796151883941446,271.0,269.3478260869565
2025-03-18 08:00:00,1832,3.76358432571768,1.6129647110218628,8.5,7.682177172268229,255.0,269.3478260869565
2025-03-18 09:00:00,1833,3.614689010477443,1.5491524330617612,8.5,7.438217872897628,243.0,269.3478260869565
2025-03-18 10:00:00,1834,3.86705438378943,1.6573090216240411,8.6,5.467770722832161,215.0,269.3478260869565
2025-03-18 11:00:00,1835,3.586385619091163,1.537022408181927,8.6,6.1196609718286235,182.0,269.3478260869565
2025-03-18 12:00:00,1836,3.5685925443201567,1.5293968047086386,8.6,5.997146846175492,176.0,269.3478260869565
2025-03-18 13:00:00,1837,3.5527413674139114,1.5226034431773905,8.6,5.3577979297991245,187.0,269.3478260869565
2025-03-18 14:00:00,1838,3.8153277378099184,1.6351404590613936,8.6,4.424793508239668,193.0,269.3478260869565
2025-03-18 15:00:00,1839,3.701281557945653,1.5862635248338515,8.6,2.859937467593024,208.0,269.3478260869565
2025-03-18 16:00:00,1840,3.836749956008584,1.6443214097179646,8.6,1.8674033187975125,250.0,269.3478260869565
2025-03-18 17:00:00,1841,3.7678740036861633,1.6148031444369273,8.6,1.3576885191209183,277.0,269.3478260869565
2025-03-18 18:00:00,1842,3.9389826909158367,1.68813543896393,8.6,1.2811704312926284,300.0,269.3478260869565
2025-03-18 19:00:00,1843,4.807823696135035,2.0604958697721574,8.6,1.7575615659176587,283.0,269.3478260869565
2025-03-18 20:00:00,1844,4.937783563031179,2.1161929555847903,8.6,2.89685617437681,271.0,269.3478260869565
2025-03-18 21:00:00,1845,4.567337899541675,1.9574305283750033,8.6,4.328345157296765,284.0,269.3478260869565
2025-03-18 22:00:00,1846,4.600156232853925,1.9714955283659674,8.6,4.862677033326365,286.0,269.3478260869565
2025-03-18 23:00:00,1847,4.551946649905312,1.9508342785308477,8.6,4.809613863239821,277.0,269.3478260869565
2025-03-19 00:00:00,1848,4.956642484133211,2.1242753503428045,8.6,4.227147538634385,277.0,269.3478260869565
2025-03-19 01:00:00,1849,4.925605330974987,2.1109737132749946,8.6,3.7028544289268,282.0,269.3478260869565
2025-03-19 02:00:00,1850,4.848119977867993,2.077765704800569,8.6,3.189111816005574,288.0,269.3478260869565
2025-03-19 03:00:00,1851,4.514548058749568,1.934806310892672,8.6,2.0865892885853317,278.0,269.3478260869565
2025-03-19 04:00:00,1852,4.584097722807044,1.9646133097744476,8.6,1.5480978565592207,282.0,269.3478260869565
2025-03-19 05:00:00,1853,4.688354092727737,2.00929461116903,8.6,1.3434383214363188,289.0,269.3478260869565
2025-03-19 06:00:00,1854,4.599584693198958,1.9712505827995535,8.7,1.0320488105670094,293.0,269.3478260869565
2025-03-19 07:00:00,1855,4.344359676158002,1.8618684326391437,8.7,0.7048542169139108,290.0,269.3478260869565
2025-03-19 08:00:00,1856,4.773268380792155,2.045686448910923,8.8,0.3764823758932868,296.0,269.3478260869565
2025-03-19 09:00:00,1857,5.313817067038691,2.2773501715880102,8.8,0.04942931737275758,310.0,269.3478260869565
2025-03-19 10:00:00,1858,5.105083389334874,2.1878928811435174,8.8,0.0,323.0,269.3478260869565
2025-03-19 11:00:00,1859,4.673925278867955,2.003110833800552,8.8,0.0,337.0,269.3478260869565
2025-03-19 12:00:00,1860,4.821559317825178,2.0663825647822196,8.9,0.0,317.0,269.3478260869565
2025-03-19 13:00:00,1861,5.031268635893774,2.156257986811617,8.9,0.0,308.0,269.3478260869565
2025-03-19 14:00:00,1862,4.95511376701096,2.12362018586184,8.9,0.0,309.0,269.3478260869565
2025-03-19 15:00:00,1863,5.051924391863947,2.1651104536559775,8.9,0.0,307.0,269.3478260869565
2025-03-19 16:00:00,1864,4.911157468389934,2.1047817721671143,9.0,0.0,322.0,269.3478260869565
2025-03-19 17:00:00,1865,4.937005376026107,2.1158594468683316,9.1,0.0,337.0,269.3478260869565
2025-03-19 18:00:00,1866,5.188886946209643,2.223808691232704,9.1,0.0,334.0,269.3478260869565
2025-03-19 19:00:00,1867,5.140911449877709,2.203247764233304,9.1,0.0,326.0,269.3478260869565
2025-03-19 20:00:00,1868,5.4705720844674595,2.344530893343197,9.0,0.14382787027667898,322.0,269.3478260869565
2025-03-19 21:00:00,1869,5.50261724141604,2.3582645320354456,8.9,0.3782114048734543,312.0,269.3478260869565
2025-03-19 22:00:00,1870,5.425264451910584,2.3251133365331076,8.9,0.949821078730067,297.0,269.3478260869565
2025-03-19 23:00:00,1871,5.280901099388218,2.263243328309236,8.9,0.39552342941302826,301.0,269.3478260869565
2025-03-20 00:00:00,1872,5.716973203286049,2.450131372836878,8.9,0.1492331774531166,310.0,269.3478260869565
2025-03-20 01:00:00,1873,5.359922551291184,2.297109664839079,8.8,0.17636738318183218,320.0,269.3478260869565
2025-03-20 02:00:00,1874,5.604574557840717,2.4019605247888784,8.8,0.32248108529796043,313.0,269.3478260869565
2025-03-20 03:00:00,1875,5.577344554621725,2.3902905234093104,8.8,0.4922040090641932,294.0,269.3478260869565
2025-03-20 04:00:00,1876,6.284170156071282,2.693215781173406,8.7,0.5328087628452612,301.0,269.3478260869565
2025-03-20 05:00:00,1877,6.228003498626446,2.6691443565541912,8.7,0.7597197969341595,315.0,269.3478260869565
2025-03-20 06:00:00,1878,6.1495423529742705,2.6355181512746877,8.7,0.9431331173963489,300.0,269.3478260869565
2025-03-20 07:00:00,1879,5.880533093301796,2.5202284685579124,8.7,1.3036018467530912,285.0,269.3478260869565
2025-03-20 08:00:00,1880,6.268098294796051,2.6863278406268787,8.8,1.7548204465183364,287.0,269.3478260869565
2025-03-20 09:00:00,1881,6.236407334394055,2.672746000454595,8.8,1.8782588852659843,295.0,269.3478260869565
2025-03-20 10:00:00,1882,6.045476080032818,2.5909183200140644,8.9,2.199534880836209,284.0,269.3478260869565
2025-03-20 11:00:00,1883,4.919392814649338,2.108311206278288,8.9,2.110906807441493,252.0,269.3478260869565
2025-03-20 12:00:00,1884,5.590471242930607,2.39591624697026,8.9,2.360048429307014,219.0,269.3478260869565
2025-03-20 13:00:00,1885,5.491425407563602,2.3534680318129717,9.0,2.8478864393155106,206.0,269.3478260869565
2025-03-20 14:00:00,1886,6.020820107235292,2.5803514745294107,9.1,3.1184647028155474,194.0,269.3478260869565
2025-03-20 15:00:00,1887,5.290185897132638,2.267222527342559,9.2,3.771053506745567,196.0,269.3478260869565
2025-03-20 16:00:00,1888,4.934423168442585,2.114752786475394,9.2,4.565106925517723,211.0,269.3478260869565
2025-03-20 17:00:00,1889,6.1606194951020745,2.640265497900889,9.3,4.840284146256508,235.0,269.3478260869565
2025-03-20 18:00:00,1890,5.805203592048036,2.4879443965920154,9.4,6.164716047534062,245.0,269.3478260869565
2025-03-20 19:00:00,1891,4.808123695717386,2.0606244410217367,9.4,7.999259564490163,236.0,269.3478260869565
2025-03-20 20:00:00,1892,5.914327301547036,2.5347117006630153,9.3,10.157855100145149,206.0,269.3478260869565
2025-03-20 21:00:00,1893,5.869089602223885,2.5153241152388075,9.2,12.588258846675625,174.0,269.3478260869565
2025-03-20 22:00:00,1894,6.225390074684823,2.668024317722067,9.1,15.0,155.0,269.3478260869565
2025-03-20 23:00:00,1895,5.767667842616726,2.471857646835739,9.1,15.0,143.0,269.3478260869565
2025-03-21 00:00:00,1896,6.3687031667064655,2.7294442143027706,9.1,15.0,177.0,269.3478260869565
2025-03-21 01:00:00,1897,6.112362476140905,2.6195839183461023,9.0,15.0,167.0,269.3478260869565
2025-03-21 02:00:00,1898,5.709529418106891,2.4469411791886677,9.0,15.0,154.0,269.3478260869565
2025-03-21 03:00:00,1899,5.263092927291268,2.2556112545534006,8.9,15.0,158.0,269.3478260869565
2025-03-21 04:00:00,1900,4.346353317630864,1.8627228504132272,8.9,15.0,171.0,269.3478260869565
2025-03-21 05:00:00,1901,5.823090362812501,2.4956101554910717,8.9,15.0,204.0,269.3478260869565
2025-03-21 06:00:00,1902,5.736281846772991,2.458406505759853,8.9,15.0,235.0,269.3478260869565
2025-03-21 07:00:00,1903,5.596478272449138,2.398490688192488,8.9,15.0,255.0,269.3478260869565
2025-03-21 08:00:00,1904,5.8619904367777345,2.512281615761886,8.9,12.31354517620844,261.0,269.3478260869565
2025-03-21 09:00:00,1905,5.869197260945564,2.5153702546909558,8.9,8.701826330084065,247.0,269.3478260869565
2025-03-21 10:00:00,1906,5.884162415139398,2.521783892202599,9.0,7.448932939277208,221.0,269.3478260869565
2025-03-21 11:00:00,1907,5.890692885046006,2.5245826650197167,9.0,5.362775955749241,214.0,269.3478260869565
2025-03-21 12:00:00,1908,5.886062489102139,2.5225982096152024,9.1,3.7466478364265368,244.0,269.3478260869565
2025-03-21 13:00:00,1909,5.950380907244545,2.5501632459619477,9.1,3.381657479808707,273.0,269.3478260869565
2025-03-21 14:00:00,1910,5.49111672090996,2.3533357375328396,9.1,4.165126967463453,295.0,269.3478260869565
2025-03-21 15:00:00,1911,5.514564320535112,2.363384708800762,9.1,5.944460848412437,302.0,269.3478260869565
2025-03-21 16:00:00,1912,5.61852203205672,2.4079380137385944,9.2,5.8795993726245115,311.0,269.3478260869565
2025-03-21 17:00:00,1913,5.67837054941149,2.43358737831921,9.2,7.736993904735927,321.0,269.3478260869565
2025-03-21 18:00:00,1914,5.504342063536125,2.359003741515482,9.2,7.452022804053367,328.0,269.3478260869565
2025-03-21 19:00:00,1915,5.126193163117314,2.1969399270502774,9.2,7.999359520273264,322.0,269.3478260869565
2025-03-21 20:00:00,1916,5.6354993330917384,2.415213999896459,9.2,9.749761060156393,303.0,269.3478260869565
2025-03-21 21:00:00,1917,5.40512796314607,2.3164834127768867,9.2,10.3180157432159,288.0,269.3478260869565
2025-03-21 22:00:00,1918,5.565280322966974,2.385120138414417,9.2,9.221198125471483,257.0,269.3478260869565
2025-03-21 23:00:00,1919,5.7980393567411035,2.4848740100319016,9.1,8.118587841155838,250.0,269.3478260869565
2025-03-22 00:00:00,1920,5.797552323155106,2.484665281352188,9.1,9.682381932423397,249.0,269.3478260869565
2025-03-22 01:00:00,1921,5.051567245895615,2.164957391098121,9.1,11.106759030046355,226.0,269.3478260869565
2025-03-22 02:00:00,1922,5.193630570899259,2.2258416732425395,9.1,13.551500426674433,196.0,269.3478260869565
2025-03-22 03:00:00,1923,4.075462246352657,1.7466266770082817,9.1,13.095387185925825,128.0,269.3478260869565
2025-03-22 04:00:00,1924,3.5170118931924206,1.5072908113681802,9.1,9.897931748504321,113.0,269.3478260869565
2025-03-22 05:00:00,1925,4.829857413605148,2.069938891545063,9.1,8.784608899108909,113.0,269.3478260869565
2025-03-22 06:00:00,1926,5.401905120527432,2.3151021945117565,9.1,6.7583673196162275,108.0,269.3478260869565
2025-03-22 07:00:00,1927,5.294791067395858,2.2691961717410822,9.1,5.82899365379841,110.0,269.3478260869565
2025-03-22 08:00:00,1928,5.470359665646998,2.344439856705856,9.1,3.1144345519872982,138.0,269.3478260869565
2025-03-22 09:00:00,1929,5.525042170967421,2.3678752161288945,9.2,2.5174011449807607,155.0,269.3478260869565
2025-03-22 10:00:00,1930,5.967642450543681,2.557561050233006,9.2,2.1614085756793924,165.0,269.3478260869565
2025-03-22 11:00:00,1931,5.23356591156233,2.2429568192409985,9.2,1.002045778647016,164.0,269.3478260869565
2025-03-22 12:00:00,1932,5.882929191709906,2.5212553678756735,9.3,0.3884327968892907,141.0,269.3478260869565
2025-03-22 13:00:00,1933,5.2928665769229415,2.268371390109832,9.3,0.0,137.0,269.3478260869565
2025-03-22 14:00:00,1934,5.608041530387961,2.4034463701662685,9.3,0.0,129.0,269.3478260869565
2025-03-22 15:00:00,1935,5.696812913791478,2.441491248767776,9.3,0.0,141.0,269.3478260869565
2025-03-22 16:00:00,1936,5.821162986069995,2.4947841368871404,9.2,0.2733415428509955,144.0,269.3478260869565
2025-03-22 17:00:00,1937,5.644718788910016,2.4191651952471496,9.2,3.2680183623979695,163.0,269.3478260869565
2025-03-22 18:00:00,1938,5.629066580248027,2.412457105820583,9.2,12.230029301969847,167.0,269.3478260869565
2025-03-22 19:00:00,1939,5.149702124770508,2.2070151963302176,9.2,15.0,157.0,269.3478260869565
2025-03-22 20:00:00,1940,5.668876541413936,2.4295185177488294,9.1,15.0,127.0,269.3478260869565
2025-03-22 21:00:00,1941,5.710647962364773,2.4474205552991877,9.1,15.0,111.0,269.3478260869565
2025-03-22 22:00:00,1942,5.699127349309472,2.442483149704059,9.1,15.0,123.0,269.3478260869565
2025-03-22 23:00:00,1943,5.430432969934484,2.3273284156862073,9.1,15.0,136.0,269.3478260869565
2025-03-23 00:00:00,1944,5.48243452917625,2.3496147982183926,9.1,15.0,134.0,269.3478260869565
2025-03-23 01:00:00,1945,5.5425169497211995,2.375364407023371,9.1,15.0,127.0,269.3478260869565
2025-03-23 02:00:00,1946,5.394877063505756,2.3120901700738954,9.0,15.0,118.0,269.3478260869565
2025-03-23 03:00:00,1947,5.557524742216336,2.3817963180927153,9.0,15.0,114.0,269.3478260869565
2025-03-23 04:00:00,1948,5.560193631539344,2.382940127802576,9.0,15.0,125.0,269.3478260869565
2025-03-23 05:00:00,1949,5.4918046369111835,2.353630558676221,9.0,15.0,122.0,269.3478260869565
2025-03-23 06:00:00,1950,5.512077932518242,2.362319113936389,9.0,15.0,119.0,269.3478260869565
2025-03-23 07:00:00,1951,5.415419467046904,2.320894057305816,9.0,15.0,121.0,269.3478260869565
2025-03-23 08:00:00,1952,4.929173530183545,2.112502941507233,9.0,15.0,133.0,269.3478260869565
2025-03-23 09:00:00,1953,4.705369407114533,2.016586888763371,9.0,15.0,135.0,269.3478260869565
2025-03-23 10:00:00,1954,4.960959447026225,2.1261254772969536,9.1,15.0,151.0,269.3478260869565
2025-03-23 11:00:00,1955,4.990262439354977,2.1386839025807043,9.1,15.0,156.0,269.3478260869565
2025-03-23 12:00:00,1956,4.408922874037129,1.889538374587341,9.1,15.0,155.0,269.3478260869565
2025-03-23 13:00:00,1957,4.94629428075902,2.11984040603958,9.1,15.0,142.0,269.3478260869565
2025-03-23 14:00:00,1958,4.4701881027069765,1.9157949011601325,9.1,15.0,136.0,269.3478260869565
2025-03-23 15:00:00,1959,4.922556511067318,2.1096670761717076,9.1,15.0,138.0,269.3478260869565
2025-03-23 16:00:00,1960,4.98703155777636,2.1372992390470116,9.1,15.0,151.0,269.3478260869565
2025-03-23 17:00:00,1961,4.956542494770408,2.124232497758747,9.1,15.0,188.0,269.3478260869565
2025-03-23 18:00:00,1962,5.05070728348576,2.1645888357796115,9.1,15.0,236.0,269.3478260869565
2025-03-23 19:00:00,1963,5.553485221858704,2.3800650950823017,9.1,15.0,253.0,269.3478260869565
2025-03-23 20:00:00,1964,5.897434854825523,2.52747208063951,9.1,15.0,266.0,269.3478260869565
2025-03-23 21:00:00,1965,5.099487310572494,2.185494561673926,9.1,15.0,263.0,269.3478260869565
2025-03-23 22:00:00,1966,4.846593342285884,2.077111432408236,9.1,15.0,259.0,269.3478260869565
2025-03-23 23:00:00,1967,5.525468684901952,2.368058007815122,9.1,14.598136759484882,268.0,269.3478260869565
2025-03-24 00:00:00,1968,5.60784139560695,2.4033605981172648,9.1,13.588119487869465,286.0,269.3478260869565
2025-03-24 01:00:00,1969,5.4600787500871295,2.340033750037341,9.1,10.756400765197489,310.0,269.3478260869565
2025-03-24 02:00:00,1970,5.08407329802872,2.178888556298023,9.0,8.372883078128291,324.0,269.3478260869565
2025-03-24 03:00:00,1971,4.78134370611796,2.0491473026219826,9.0,5.838653049566268,337.0,269.3478260869565
2025-03-24 04:00:00,1972,4.492330339541067,1.925284431231886,9.0,4.452274410240327,349.0,269.3478260869565
2025-03-24 05:00:00,1973,4.699605186734262,2.0141165086003974,9.0,3.4269822645943706,360.0,269.3478260869565
2025-03-24 06:00:00,1974,4.351132320383751,1.8647709944501787,9.0,2.7986705823552485,355.0,269.3478260869565
2025-03-24 07:00:00,1975,4.275711416675737,1.832447750003887,9.0,2.6961694622800185,359.0,269.3478260869565
2025-03-24 08:00:00,1976,3.689647724546414,1.5812775962341774,9.1,2.7116689484796765,371.0,269.3478260869565
2025-03-24 09:00:00,1977,4.06816246518197,1.7434981993637018,9.1,2.0786369974654306,366.0,269.3478260869565
2025-03-24 10:00:00,1978,4.064556233768586,1.7419526716151086,9.1,1.5193652644303672,355.0,269.3478260869565
2025-03-24 11:00:00,1979,4.239756558242437,1.8170385249610441,9.1,0.8536651659656174,337.0,269.3478260869565
2025-03-24 12:00:00,1980,4.899481389539686,2.099777738374151,9.2,0.3092014504618098,324.0,269.3478260869565
2025-03-24 13:00:00,1981,4.974495424096494,2.131926610327069,9.2,0.017604752385796583,324.0,269.3478260869565
2025-03-24 14:00:00,1982,4.867770029599013,2.0861871555424343,9.4,0.0,319.0,269.3478260869565
2025-03-24 15:00:00,1983,5.010578047983392,2.147390591992882,9.4,0.0,310.0,269.3478260869565
2025-03-24 16:00:00,1984,4.985210201185765,2.136518657651042,9.6,0.0,298.0,269.3478260869565
2025-03-24 17:00:00,1985,5.120057975642267,2.194310560989543,9.6,0.0816992151675485,309.0,269.3478260869565
2025-03-24 18:00:00,1986,5.104278664289022,2.1875479989810094,9.6,0.6582199231900123,317.0,269.3478260869565
2025-03-24 19:00:00,1987,5.034497859062148,2.1576419395980633,9.6,1.3784509763302206,316.0,269.3478260869565
2025-03-24 20:00:00,1988,4.829371445647757,2.069730619563324,9.6,1.5542248493217905,301.0,269.3478260869565
2025-03-24 21:00:00,1989,4.972957836231954,2.1312676440994083,9.6,1.826528946349801,287.0,269.3478260869565
2025-03-24 22:00:00,1990,4.8672563477508355,2.0859670061789295,9.5,2.5951532686808383,297.0,269.3478260869565
2025-03-24 23:00:00,1991,5.084674915890496,2.179146392524498,9.4,3.7478762970803614,315.0,269.3478260869565
2025-03-25 00:00:00,1992,5.4364042538370185,2.329887537358722,9.4,4.163931766426155,315.0,269.3478260869565
2025-03-25 01:00:00,1993,4.978758597526479,2.1337536846542053,9.4,4.816361041907912,320.0,269.3478260869565
2025-03-25 02:00:00,1994,4.813001183394954,2.0627147928835514,9.4,5.029625795521509,327.0,269.3478260869565
2025-03-25 03:00:00,1995,4.384716270128505,1.8791641157693593,9.4,5.240643728796039,313.0,269.3478260869565
2025-03-25 04:00:00,1996,3.8783128446631934,1.6621340762842256,9.3,5.430603020341827,317.0,269.3478260869565
2025-03-25 05:00:00,1997,4.110354964685069,1.7615806991507434,9.3,5.4147665859598515,351.0,269.3478260869565
2025-03-25 06:00:00,1998,4.054311029630179,1.7375618698415052,9.3,6.05790061543055,347.0,269.3478260869565
2025-03-25 07:00:00,1999,4.207588033434562,1.8032520143290978,9.3,6.4556650684092505,336.0,269.3478260869565
2025-03-25 08:00:00,2000,4.512831476034252,1.9340706325861077,9.3,6.536100498788606,345.0,269.3478260869565
2025-03-25 09:00:00,2001,4.221342677615274,1.8091468618351176,9.3,5.539839004151241,357.0,269.3478260869565
2025-03-25 10:00:00,2002,3.8800740948636507,1.6628888977987073,9.4,3.8982519905409574,366.0,269.3478260869565
2025-03-25 11:00:00,2003,4.740978583715396,2.031847964449455,9.4,2.597993999161519,369.0,269.3478260869565
2025-03-25 12:00:00,2004,3.9546823931065154,1.6948638827599352,9.4,1.6997786122680758,379.0,269.3478260869565
2025-03-25 13:00:00,2005,4.628091006473014,1.9834675742027201,9.4,1.155396906130348,383.0,269.3478260869565
2025-03-25 14:00:00,2006,4.614499942500885,1.9776428325003792,9.6,0.8006486500751147,393.0,269.3478260869565
2025-03-25 15:00:00,2007,5.267398353876118,2.257456437375479,9.6,0.5261387444070017,391.0,269.3478260869565
2025-03-25 16:00:00,2008,4.791986405034698,2.0537084593005845,9.7,0.2217994611283966,394.0,269.3478260869565
2025-03-25 17:00:00,2009,4.713848719412601,2.020220879748257,9.8,0.0,404.0,269.3478260869565
2025-03-25 18:00:00,2010,4.434928885195798,1.9006838079410562,9.8,0.0,408.0,269.3478260869565
2025-03-25 19:00:00,2011,4.508236282320257,1.9321012638515385,9.8,0.0,410.0,269.3478260869565
2025-03-25 20:00:00,2012,4.370488988721933,1.8730667094522566,9.7,0.0,409.0,269.3478260869565
2025-03-25 21:00:00,2013,4.905592913586783,2.1023969629657637,9.6,0.0,403.0,269.3478260869565
2025-03-25 22:00:00,2014,4.674164599100751,2.0032133996146078,9.6,0.0,390.0,269.3478260869565
2025-03-25 23:00:00,2015,4.608671266199783,1.9751448283713355,9.4,0.1560786533948791,378.0,269.3478260869565
2025-03-26 00:00:00,2016,3.4733485178198116,1.4885779362084905,9.4,0.6241539501637743,361.0,269.3478260869565
2025-03-26 01:00:00,2017,3.9433417131467685,1.690003591348615,9.4,1.0116511496951528,341.0,269.3478260869565
2025-03-26 02:00:00,2018,3.772507022116576,1.616788723764247,9.3,1.1232645778558916,330.0,269.3478260869565
2025-03-26 03:00:00,2019,3.811108122915156,1.6333320526779238,9.3,0.9590377800160644,328.0,269.3478260869565
2025-03-26 04:00:00,2020,3.6828157474784176,1.5783496060621791,9.2,1.002105475985134,326.0,269.3478260869565
2025-03-26 05:00:00,2021,3.6477845439922696,1.563336233139544,9.2,1.543929070120965,341.0,269.3478260869565
2025-03-26 06:00:00,2022,3.463910489392614,1.4845330668825485,9.2,1.9631995619774392,343.0,269.3478260869565
2025-03-26 07:00:00,2023,3.7406619238653445,1.603140824513719,9.2,2.176153042875129,333.0,269.3478260869565
2025-03-26 08:00:00,2024,4.164998404596354,1.7849993162555806,9.3,3.1106769548740654,325.0,269.3478260869565
2025-03-26 09:00:00,2025,4.252010954521527,1.8222904090806544,9.4,3.978456975080044,308.0,269.3478260869565
2025-03-26 10:00:00,2026,4.312629794576742,1.8482699119614605,9.4,4.757206762248959,294.0,269.3478260869565
2025-03-26 11:00:00,2027,4.414869532197873,1.8920869423705167,9.4,6.210278716972377,299.0,269.3478260869565
2025-03-26 12:00:00,2028,4.236260887320787,1.8155403802803374,9.5,8.648201534398359,291.0,269.3478260869565
2025-03-26 13:00:00,2029,4.9658140283813506,2.1282060121634356,9.6,11.74615403318565,285.0,269.3478260869565
2025-03-26 14:00:00,2030,5.217974207815418,2.2362746604923216,9.7,12.738685053217912,272.0,269.3478260869565
2025-03-26 15:00:00,2031,4.677004453308842,2.0044304799895034,9.8,11.974702669566732,266.0,269.3478260869565
2025-03-26 16:00:00,2032,4.633473572297471,1.9857743881274876,9.9,12.993672211858764,296.0,269.3478260869565
2025-03-26 17:00:00,2033,4.875361333217146,2.089440571378777,9.9,13.950783333072321,297.0,269.3478260869565
2025-03-26 18:00:00,2034,5.513314566003704,2.3628490997158726,10.0,13.348123551767241,301.0,269.3478260869565
2025-03-26 19:00:00,2035,5.677550339092976,2.433235859611275,10.0,12.284868915355588,282.0,269.3478260869565
2025-03-26 20:00:00,2036,5.521264886170787,2.36625637978748,9.9,11.108894734511315,287.0,269.3478260869565
2025-03-26 21:00:00,2037,5.184804313422958,2.222058991466982,9.9,10.37381414568939,300.0,269.3478260869565
2025-03-26 22:00:00,2038,5.377650052535307,2.304707165372274,9.8,7.237938705847005,300.0,269.3478260869565
2025-03-26 23:00:00,2039,5.029024575693642,2.1552962467258463,9.8,6.211523658520471,279.0,269.3478260869565
2025-03-27 00:00:00,2040,5.362107949333772,2.2980462640001877,9.7,6.173939251805959,270.0,269.3478260869565
2025-03-27 01:00:00,2041,5.573511403641495,2.3886477444177836,9.6,6.127919289103379,232.0,269.3478260869565
2025-03-27 02:00:00,2042,5.056989209302607,2.167281089701117,9.6,6.412015828193238,191.0,269.3478260869565
2025-03-27 03:00:00,2043,4.8651243715029,2.085053302072671,9.6,7.293369503652785,172.0,269.3478260869565
2025-03-27 04:00:00,2044,4.424631612928161,1.896270691254926,9.6,8.286018463527036,179.0,269.3478260869565
2025-03-27 05:00:00,2045,5.143072457764168,2.2041739104703577,9.6,9.084895937132725,208.0,269.3478260869565
2025-03-27 06:00:00,2046,4.858875290946699,2.0823751246914424,9.6,9.472737911371425,209.0,269.3478260869565
2025-03-27 07:00:00,2047,4.912870244661525,2.105515819140653,9.6,10.089023551009936,196.0,269.3478260869565
2025-03-27 08:00:00,2048,4.099239690094413,1.7568170100404625,9.6,11.427923764065731,174.0,269.3478260869565
2025-03-27 09:00:00,2049,4.408818845931124,1.8894937911133387,9.6,12.789494194432152,143.0,269.3478260869565
2025-03-27 10:00:00,2050,4.410341555857417,1.8901463810817498,9.6,12.817786554687833,135.0,269.3478260869565
2025-03-27 11:00:00,2051,4.191551813559041,1.7963793486681605,9.6,15.0,135.0,269.3478260869565
2025-03-27 12:00:00,2052,4.452446628221748,1.9081914120950347,9.6,15.0,124.0,269.3478260869565
2025-03-27 13:00:00,2053,4.975909602031278,2.1325326865848333,9.6,15.0,116.0,269.3478260869565
2025-03-27 14:00:00,2054,4.802577902173372,2.0582476723600163,9.6,15.0,112.0,269.3478260869565
2025-03-27 15:00:00,2055,5.038870013083761,2.1595157198930406,9.6,15.0,109.0,269.3478260869565
2025-03-27 16:00:00,2056,4.77823519869818,2.0478150851563623,9.6,15.0,110.0,269.3478260869565
2025-03-27 17:00:00,2057,4.799814366952349,2.057063300122435,9.6,15.0,123.0,269.3478260869565
2025-03-27 18:00:00,2058,4.98748285353199,2.1374926515137096,9.6,15.0,138.0,269.3478260869565
2025-03-27 19:00:00,2059,5.16799860512282,2.214856545052637,9.6,15.0,139.0,269.3478260869565
2025-03-27 20:00:00,2060,4.715963124160551,2.0211270532116647,9.5,15.0,129.0,269.3478260869565
2025-03-27 21:00:00,2061,4.5357809098308906,1.9439061042132386,9.5,15.0,113.0,269.3478260869565
2025-03-27 22:00:00,2062,4.688968536069541,2.009557944029803,9.5,15.0,111.0,269.3478260869565
2025-03-27 23:00:00,2063,4.972717333812202,2.1311645716338004,9.4,15.0,103.0,269.3478260869565
2025-03-28 00:00:00,2064,5.069169148744569,2.172501063747672,9.4,15.0,121.0,269.3478260869565
2025-03-28 01:00:00,2065,5.300107311552329,2.2714745620938555,9.4,14.682538238808661,114.0,269.3478260869565
2025-03-28 02:00:00,2066,4.775281391171173,2.046549167644788,9.4,12.32551765715614,115.0,269.3478260869565
2025-03-28 03:00:00,2067,4.77458856903678,2.0462522438729054,9.4,10.329798084338856,114.0,269.3478260869565
2025-03-28 04:00:00,2068,4.27276147783483,1.8311834905006414,9.3,12.032012007253877,114.0,269.3478260869565
2025-03-28 05:00:00,2069,4.148321026500995,1.7778518685004265,9.2,14.338454617412882,109.0,269.3478260869565
2025-03-28 06:00:00,2070,3.953314552470947,1.6942776653446916,9.2,15.0,123.0,269.3478260869565
2025-03-28 07:00:00,2071,4.24525578343035,1.8193953357558645,9.2,15.0,143.0,269.3478260869565
2025-03-28 08:00:00,2072,4.412809664564868,1.8912041419563717,9.2,13.875261121143318,134.0,269.3478260869565
2025-03-28 09:00:00,2073,4.6714155318101565,2.0020352279186384,9.2,12.335143869893544,135.0,269.3478260869565
2025-03-28 10:00:00,2074,4.849860439351872,2.0785116168650877,9.3,13.78986069774773,133.0,269.3478260869565
2025-03-28 11:00:00,2075,4.991800450625663,2.1393430502681414,9.3,12.440851229210107,133.0,269.3478260869565
2025-03-28 12:00:00,2076,4.919875475317176,2.1085180608502183,9.3,14.211542125979568,130.0,269.3478260869565
2025-03-28 13:00:00,2077,4.8790226236120535,2.0910096958337374,9.3,13.264241653878445,129.0,269.3478260869565
2025-03-28 14:00:00,2078,4.904824601695935,2.102067686441115,9.3,14.228802395032426,138.0,269.3478260869565
2025-03-28 15:00:00,2079,5.117081534004456,2.1930349431447667,9.3,11.76171814890692,140.0,269.3478260869565
2025-03-28 16:00:00,2080,5.170108584473247,2.2157608219171054,9.3,13.294499834025617,151.0,269.3478260869565
2025-03-28 17:00:00,2081,5.193668211037934,2.2258578047305435,9.3,10.694078068619522,192.0,269.3478260869565
2025-03-28 18:00:00,2082,4.840670852634144,2.07457322255749,9.3,8.765820165910368,235.0,269.3478260869565
2025-03-28 19:00:00,2083,5.093713710447496,2.183020161620355,9.3,10.957015359708652,250.0,269.3478260869565
2025-03-28 20:00:00,2084,4.706972326913604,2.017273854391544,9.2,12.328207291541066,263.0,269.3478260869565
2025-03-28 21:00:00,2085,4.8392612574680856,2.073969110343465,9.2,11.889889234569402,274.0,269.3478260869565
2025-03-28 22:00:00,2086,4.905929979296547,2.10254141969852,9.2,9.60311023628283,263.0,269.3478260869565
2025-03-28 23:00:00,2087,4.734556937084596,2.0290958301791124,9.2,7.330247667280953,259.0,269.3478260869565
2025-03-29 00:00:00,2088,4.596905412767836,1.9701023197576442,9.2,6.30941190715499,255.0,269.3478260869565
2025-03-29 01:00:00,2089,4.6471988690318655,1.9916566581565138,9.2,5.464716261057988,250.0,269.3478260869565
2025-03-29 02:00:00,2090,4.41022286856228,1.89009551509812,9.2,4.021723244675869,241.0,269.3478260869565
2025-03-29 03:00:00,2091,4.815603157294673,2.0638299245548595,9.1,4.166687386052887,193.0,269.3478260869565
2025-03-29 04:00:00,2092,4.695462515914633,2.0123410782491287,9.1,3.296035436154335,166.0,269.3478260869565
2025-03-29 05:00:00,2093,4.6891531876077455,2.0096370804033192,9.1,2.793403671157421,149.0,269.3478260869565
2025-03-29 06:00:00,2094,4.220794713309594,1.808912019989826,9.1,2.1947607143700907,130.0,269.3478260869565
2025-03-29 07:00:00,2095,4.154465901205759,1.7804853862310392,9.1,3.0330665219726223,127.0,269.3478260869565
2025-03-29 08:00:00,2096,4.492924579731813,1.9255391055993485,9.1,6.018140188369591,137.0,269.3478260869565
2025-03-29 09:00:00,2097,4.089500360323335,1.7526430115671432,9.1,10.027994732870567,143.0,269.3478260869565
2025-03-29 10:00:00,2098,4.30927214516589,1.84683091935681,9.2,15.0,133.0,269.3478260869565
2025-03-29 11:00:00,2099,4.720553780695047,2.0230944774407345,9.2,15.0,122.0,269.3478260869565
2025-03-29 12:00:00,2100,4.42482419759637,1.896353227541301,9.2,15.0,115.0,269.3478260869565
2025-03-29 13:00:00,2101,5.315182493555419,2.277935354380894,9.2,15.0,116.0,269.3478260869565
2025-03-29 14:00:00,2102,4.817407340507753,2.0646031459318936,9.2,15.0,125.0,269.3478260869565
2025-03-29 15:00:00,2103,5.176445129138926,2.218476483916682,9.2,15.0,126.0,269.3478260869565
2025-03-29 16:00:00,2104,4.975900062134491,2.1325285980576383,9.2,15.0,121.0,269.3478260869565
2025-03-29 17:00:00,2105,5.673043232679995,2.4313042425771405,9.2,15.0,136.0,269.3478260869565
2025-03-29 18:00:00,2106,5.427930013210986,2.3262557199475657,9.2,15.0,138.0,269.3478260869565
2025-03-29 19:00:00,2107,5.663170758913008,2.427073182391289,9.2,15.0,135.0,269.3478260869565
2025-03-29 20:00:00,2108,5.9954398977215995,2.5694742418806853,9.2,15.0,113.0,269.3478260869565
2025-03-29 21:00:00,2109,6.041523005322301,2.589224145138129,9.2,15.0,104.0,269.3478260869565
2025-03-29 22:00:00,2110,5.945970303900646,2.548272987385991,9.1,15.0,108.0,269.3478260869565
2025-03-29 23:00:00,2111,5.920711052892168,2.5374475940966437,9.1,15.0,111.0,269.3478260869565
2025-03-30 00:00:00,2112,5.697046797732394,2.4415914847424545,9.1,15.0,119.0,269.3478260869565
2025-03-30 01:00:00,2113,5.244165001356855,2.2474992862957945,9.1,15.0,120.0,269.3478260869565
2025-03-30 02:00:00,2114,4.580063748701074,1.9628844637290315,9.1,15.0,114.0,269.3478260869565
2025-03-30 03:00:00,2115,4.462007321950573,1.9122888522645307,9.1,15.0,125.0,269.3478260869565
2025-03-30 04:00:00,2116,4.349065131540871,1.8638850563746587,9.1,15.0,134.0,269.3478260869565
2025-03-30 05:00:00,2117,4.380365955657485,1.877299695281779,9.1,15.0,138.0,269.3478260869565
2025-03-30 06:00:00,2118,4.000095745235931,1.714326747958256,9.1,15.0,152.0,269.3478260869565
2025-03-30 07:00:00,2119,3.7418826074617195,1.6036639746264514,9.1,15.0,183.0,269.3478260869565
2025-03-30 08:00:00,2120,3.864174546770361,1.6560748057587262,9.1,15.0,217.0,269.3478260869565
2025-03-30 09:00:00,2121,4.395306899847366,1.8837029570774422,9.1,12.99467514269777,220.0,269.3478260869565
2025-03-30 10:00:00,2122,3.869403133878233,1.6583156288049568,9.1,7.677616531559305,242.0,269.3478260869565
2025-03-30 11:00:00,2123,4.518363277548469,1.9364414046636296,9.2,4.27256448222546,259.0,269.3478260869565
2025-03-30 12:00:00,2124,4.151076487543575,1.7790327803758177,9.2,2.121643054550478,264.0,269.3478260869565
2025-03-30 13:00:00,2125,4.815968669549047,2.0639865726638775,9.4,0.5291759530934772,264.0,269.3478260869565
2025-03-30 14:00:00,2126,4.768923414500383,2.043824320500164,9.4,0.0,263.0,269.3478260869565
2025-03-30 15:00:00,2127,4.877516275583076,2.0903641181070323,9.6,0.0,279.0,269.3478260869565
2025-03-30 16:00:00,2128,4.383318252732619,1.8785649654568364,9.8,0.15020317225354135,298.0,269.3478260869565
2025-03-30 17:00:00,2129,4.499228083634499,1.928240607271928,9.9,0.5312197735087065,325.0,269.3478260869565
2025-03-30 18:00:00,2130,4.567572774974207,1.95753118927466,9.9,0.49275760805631125,346.0,269.3478260869565
2025-03-30 19:00:00,2131,4.202017829187227,1.800864783937383,9.9,0.4100393579880874,364.0,269.3478260869565
2025-03-30 20:00:00,2132,4.032566404959042,1.728242744982447,9.9,0.2790644640436963,356.0,269.3478260869565
2025-03-30 21:00:00,2133,3.9406576787251364,1.6888532908822012,9.8,0.07729808425852708,344.0,269.3478260869565
2025-03-30 22:00:00,2134,3.819033268420987,1.6367285436089942,9.6,0.38296888648964816,349.0,269.3478260869565
2025-03-30 23:00:00,2135,3.9411050347320735,1.6890450148851743,9.6,0.4022046534213683,358.0,269.3478260869565
2025-03-31 00:00:00,2136,4.184529079343869,1.7933696054330868,9.5,0.3872308251513398,364.0,269.3478260869565
2025-03-31 01:00:00,2137,4.913122959441852,2.105624125475079,9.4,0.32754795778846507,374.0,269.3478260869565
2025-03-31 02:00:00,2138,3.9188882949614925,1.6795235549834968,9.4,0.2073790888117985,376.0,269.3478260869565
2025-03-31 03:00:00,2139,4.145860820338262,1.7767974944306835,9.4,0.01162940839912528,370.0,269.3478260869565
2025-03-31 04:00:00,2140,4.106257201757628,1.7598245150389833,9.3,0.0,383.0,269.3478260869565
2025-03-31 05:00:00,2141,4.036064046655059,1.7297417342807397,9.3,0.0,384.0,269.3478260869565
2025-03-31 06:00:00,2142,4.020314546216019,1.7229919483782938,9.3,0.0,372.0,269.3478260869565
2025-03-31 07:00:00,2143,4.051260052125975,1.7362543080539892,9.4,0.0,368.0,269.3478260869565
2025-03-31 08:00:00,2144,4.413281215070386,1.8914062350301655,9.4,0.3541795022783474,360.0,269.3478260869565
2025-03-31 09:00:00,2145,4.055652021234716,1.7381365805291635,9.4,1.0578531976844479,346.0,269.3478260869565
2025-03-31 10:00:00,2146,4.382565439054421,1.8782423310233232,9.6,1.699903693559744,300.0,269.3478260869565
2025-03-31 11:00:00,2147,4.294264915464961,1.8403992494849832,9.6,3.0887130428307246,278.0,269.3478260869565
2025-03-31 12:00:00,2148,4.137570033651792,1.7732443001364822,9.6,4.30273286858824,267.0,269.3478260869565
2025-03-31 13:00:00,2149,4.8040305540503665,2.058870237450157,9.7,4.985642886351034,271.0,269.3478260869565
2025-03-31 14:00:00,2150,4.444944929596142,1.9049763983983463,9.8,4.161402640485524,264.0,269.3478260869565
2025-03-31 15:00:00,2151,4.543675582724568,1.9472895354533861,9.8,3.370410480525381,258.0,269.3478260869565
2025-03-31 16:00:00,2152,4.3666497048710955,1.871421302087612,9.8,2.331881124063377,267.0,269.3478260869565
2025-03-31 17:00:00,2153,4.461377503971173,1.91201893027336,9.8,1.0531429389717448,278.0,269.3478260869565
2025-03-31 18:00:00,2154,4.364542852210252,1.870518365232965,9.8,0.3606604031589548,275.0,269.3478260869565
2025-03-31 19:00:00,2155,4.164665808773777,1.7848567751887616,9.8,0.24039358437502217,263.0,269.3478260869565
2025-03-31 20:00:00,2156,4.384049025097194,1.8788781536130827,9.8,0.7827481864346606,249.0,269.3478260869565
2025-03-31 21:00:00,2157,4.158610954115948,1.7822618374782633,9.7,1.65398663481927,214.0,269.3478260869565
2025-03-31 22:00:00,2158,4.115648589515483,1.7638493955066352,9.7,2.234549043682928,168.0,269.3478260869565
2025-03-31 23:00:00,2159,4.0607060839812394,1.7403026074205312,9.6,3.1674603310936464,130.0,269.3478260869565
2025-04-01 00:00:00,2160,4.531104977448662,1.9419021331922832,9.6,4.745906548129641,137.0,269.3478260869565
2025-04-01 01:00:00,2161,4.335227480603187,1.8579546345442228,9.6,5.9409403625731505,135.0,269.3478260869565
2025-04-01 02:00:00,2162,3.9734171958802573,1.7028930839486816,9.6,6.121721436413213,130.0,269.3478260869565
2025-04-01 03:00:00,2163,3.5531860942153095,1.5227940403779898,9.5,6.649641472457993,136.0,269.3478260869565
2025-04-01 04:00:00,2164,3.518227542793782,1.5078118040544777,9.5,7.973627957279836,143.0,269.3478260869565
2025-04-01 05:00:00,2165,3.5290900568011088,1.512467167200475,9.4,7.504120918227767,156.0,269.3478260869565
2025-04-01 06:00:00,2166,3.6325615626727283,1.556812098288312,9.4,6.134913179693709,193.0,269.3478260869565
2025-04-01 07:00:00,2167,3.9578452200940752,1.6962193800403178,9.4,5.2826756778511115,185.0,269.3478260869565
2025-04-01 08:00:00,2168,3.9571517852505833,1.6959221936788211,9.4,5.163112769306141,172.0,269.3478260869565
2025-04-01 09:00:00,2169,3.8247242860776836,1.63916755117615,9.4,5.325510618952622,174.0,269.3478260869565
2025-04-01 10:00:00,2170,3.907012980510811,1.6744341345046332,9.4,5.004813261408998,188.0,269.3478260869565
2025-04-01 11:00:00,2171,3.767942506735398,1.614832502886599,9.5,4.546205795986892,184.0,269.3478260869565
2025-04-01 12:00:00,2172,3.904052304936873,1.673165273544374,9.5,3.7091620524229634,182.0,269.3478260869565
2025-04-01 13:00:00,2173,4.185642049050669,1.7938465924502867,9.5,2.550040327147524,185.0,269.3478260869565
2025-04-01 14:00:00,2174,3.945671377262215,1.6910020188266637,9.6,1.749980960881985,184.0,269.3478260869565
2025-04-01 15:00:00,2175,4.194740656506941,1.7977459956458317,9.6,1.5486272210889218,173.0,269.3478260869565
2025-04-01 16:00:00,2176,3.879156548470274,1.6624956636301174,9.6,1.6693041717849575,198.0,269.3478260869565
2025-04-01 17:00:00,2177,3.9111696895876453,1.676215581251848,9.6,2.5708323880066724,207.0,269.3478260869565
2025-04-01 18:00:00,2178,4.213481444044479,1.805777761733348,9.6,3.984305685804532,206.0,269.3478260869565
2025-04-01 19:00:00,2179,3.9346932707762066,1.6862971160469455,9.6,5.739351326724397,191.0,269.3478260869565
2025-04-01 20:00:00,2180,3.6348114434682532,1.5577763329149656,9.6,7.9574196578774545,190.0,269.3478260869565
2025-04-01 21:00:00,2181,4.025303976306045,1.7251302755597335,9.6,9.361773308358918,160.0,269.3478260869565
2025-04-01 22:00:00,2182,3.7344544672250084,1.600480485953575,9.6,10.248909241209207,131.0,269.3478260869565
2025-04-01 23:00:00,2183,3.8402457066605713,1.6458195885688163,9.6,11.41192634663134,131.0,269.3478260869565
2025-04-02 00:00:00,2184,4.148894095798157,1.7780974696277814,9.5,10.656126434349552,135.0,269.3478260869565
2025-04-02 01:00:00,2185,4.065295315323193,1.7422694208527971,9.5,9.2379086934327,140.0,269.3478260869565
2025-04-02 02:00:00,2186,4.279843702671105,1.8342187297161874,9.4,7.254751623905702,143.0,269.3478260869565
2025-04-02 03:00:00,2187,4.752570556277315,2.0368159526902776,9.4,6.38880737293796,149.0,269.3478260869565
2025-04-02 04:00:00,2188,4.240165951577252,1.8172139792473936,9.4,6.739798580343328,146.0,269.3478260869565
2025-04-02 05:00:00,2189,4.164100136256338,1.7846143441098592,9.4,7.21808643067333,151.0,269.3478260869565
2025-04-02 06:00:00,2190,4.376967006999999,1.8758430029999997,9.4,7.114303927014186,175.0,269.3478260869565
2025-04-02 07:00:00,2191,4.074091136243662,1.7460390583901406,9.4,6.285825990267631,214.0,269.3478260869565
2025-04-02 08:00:00,2192,4.136146865672748,1.7726343710026062,9.4,5.518277386808247,238.0,269.3478260869565
2025-04-02 09:00:00,2193,3.8689759279726847,1.658132540559722,9.4,5.525997925657276,204.0,269.3478260869565
2025-04-02 10:00:00,2194,3.765170447578896,1.6136444775338126,9.5,5.140831730473216,201.0,269.3478260869565
2025-04-02 11:00:00,2195,4.295309318176807,1.8408468506472029,9.5,4.524223898263639,192.0,269.3478260869565
2025-04-02 12:00:00,2196,4.1857442232018425,1.7938903813722182,9.6,4.029873172161928,197.0,269.3478260869565
2025-04-02 13:00:00,2197,4.49104446683943,1.924733342931184,9.6,4.348295697617628,211.0,269.3478260869565
2025-04-02 14:00:00,2198,4.343199041524993,1.861371017796425,9.6,5.310789759074588,229.0,269.3478260869565
2025-04-02 15:00:00,2199,4.648476339943955,1.9922041456902664,9.6,6.70173437811112,220.0,269.3478260869565
2025-04-02 16:00:00,2200,4.671922040531747,2.0022523030850343,9.7,8.665389645110142,207.0,269.3478260869565
2025-04-02 17:00:00,2201,4.737786438473793,2.030479902203054,9.8,11.046433833172403,229.0,269.3478260869565
2025-04-02 18:00:00,2202,4.6167572879555205,1.9786102662666516,9.8,14.466004009190256,257.0,269.3478260869565
2025-04-02 19:00:00,2203,4.8985875481623555,2.099394663498152,9.8,15.0,239.0,269.3478260869565
2025-04-02 20:00:00,2204,4.970096556529725,2.130041381369882,9.8,15.0,224.0,269.3478260869565
2025-04-02 21:00:00,2205,4.595904173243059,1.969673217104168,9.7,15.0,207.0,269.3478260869565
2025-04-02 22:00:00,2206,4.527283102237784,1.940264186673336,9.7,15.0,152.0,269.3478260869565
2025-04-02 23:00:00,2207,5.10570695844933,2.188160125049713,9.6,15.0,125.0,269.3478260869565
2025-04-03 00:00:00,2208,5.0343298873131275,2.1575699517056255,9.6,14.424145665573281,128.0,269.3478260869565
2025-04-03 01:00:00,2209,5.271516980014603,2.259221562863401,9.6,12.242655478811178,115.0,269.3478260869565
2025-04-03 02:00:00,2210,4.237332277489189,1.8159995474953665,9.6,11.907581758432658,126.0,269.3478260869565
2025-04-03 03:00:00,2211,4.928777292422316,2.11233312532385,9.6,11.940041389449519,134.0,269.3478260869565
2025-04-03 04:00:00,2212,5.467264425749418,2.343113325321179,9.6,12.500508375331162,164.0,269.3478260869565
2025-04-03 05:00:00,2213,5.426149881155926,2.3254928062096822,9.6,12.466963747191144,228.0,269.3478260869565
2025-04-03 06:00:00,2214,4.979861828577272,2.134226497961688,9.6,12.785293598986563,211.0,269.3478260869565
2025-04-03 07:00:00,2215,5.270080975948891,2.2586061325495246,9.6,12.851588860607473,213.0,269.3478260869565
2025-04-03 08:00:00,2216,5.497277511706219,2.3559760764455224,9.6,15.0,225.0,269.3478260869565
2025-04-03 09:00:00,2217,5.44299573153469,2.33271245637201,9.6,15.0,192.0,269.3478260869565
2025-04-03 10:00:00,2218,5.760071203369742,2.468601944301318,9.6,15.0,178.0,269.3478260869565
2025-04-03 11:00:00,2219,5.227113375646814,2.240191446705777,9.7,15.0,180.0,269.3478260869565
2025-04-03 12:00:00,2220,5.719299286301339,2.451128265557717,9.7,15.0,170.0,269.3478260869565
2025-04-03 13:00:00,2221,5.86365113851876,2.5129933450794684,9.7,15.0,170.0,269.3478260869565
2025-04-03 14:00:00,2222,5.685235155234517,2.436529352243365,9.8,15.0,165.0,269.3478260869565
2025-04-03 15:00:00,2223,5.196455432634052,2.2270523282717365,9.8,15.0,151.0,269.3478260869565
2025-04-03 16:00:00,2224,5.073247011902806,2.174248719386917,9.8,15.0,170.0,269.3478260869565
2025-04-03 17:00:00,2225,4.770058911476223,2.044310962061238,9.8,15.0,206.0,269.3478260869565
2025-04-03 18:00:00,2226,4.837590857789748,2.0732532247670346,9.8,15.0,218.0,269.3478260869565
2025-04-03 19:00:00,2227,4.858965942778827,2.0824139754766398,9.8,15.0,213.0,269.3478260869565
2025-04-03 20:00:00,2228,5.241913656378905,2.246534424162388,9.8,15.0,168.0,269.3478260869565
2025-04-03 21:00:00,2229,5.508116526025432,2.360621368296614,9.8,15.0,153.0,269.3478260869565
2025-04-03 22:00:00,2230,5.140463581403859,2.2030558206016537,9.8,15.0,154.0,269.3478260869565
2025-04-03 23:00:00,2231,4.908947012199633,2.1038344337998427,9.8,14.669689890014366,133.0,269.3478260869565
2025-04-04 00:00:00,2232,4.54468257334821,1.9477211028635182,9.8,15.0,122.0,269.3478260869565
2025-04-04 01:00:00,2233,5.017142564035039,2.1502039560150163,9.8,15.0,126.0,269.3478260869565
2025-04-04 02:00:00,2234,4.86376354269558,2.084470089726677,9.8,14.40443933493699,136.0,269.3478260869565
2025-04-04 03:00:00,2235,4.344863273265285,1.8620842599708363,9.8,10.924683119632048,147.0,269.3478260869565
2025-04-04 04:00:00,2236,4.025608707679614,1.7252608747198346,9.8,8.103630669739195,147.0,269.3478260869565
2025-04-04 05:00:00,2237,4.271415571374026,1.8306066734460107,9.8,5.8451075203718865,171.0,269.3478260869565
2025-04-04 06:00:00,2238,4.37486729953398,1.8749431283717057,9.8,4.083943292854607,209.0,269.3478260869565
2025-04-04 07:00:00,2239,4.195124345344942,1.7979104337192606,9.9,4.1893703977551775,201.0,269.3478260869565
2025-04-04 08:00:00,2240,5.298039668742373,2.2705884294610166,9.9,3.722745012978846,200.0,269.3478260869565
2025-04-04 09:00:00,2241,4.955926526411739,2.1239685113193163,9.9,3.761287958852631,207.0,269.3478260869565
2025-04-04 10:00:00,2242,5.561209655788508,2.383375566766503,9.9,1.9481376244830246,186.0,269.3478260869565
2025-04-04 11:00:00,2243,4.994179736058148,2.1403627440249204,10.0,1.826528946349801,175.0,269.3478260869565
2025-04-04 12:00:00,2244,5.343670948156131,2.290144692066913,10.1,2.241205878803739,175.0,269.3478260869565
2025-04-04 13:00:00,2245,5.213031351767928,2.234156293614826,10.1,5.76144328054252,186.0,269.3478260869565
2025-04-04 14:00:00,2246,5.5602134423290135,2.382948618141006,10.1,11.374497472452969,200.0,269.3478260869565
2025-04-04 15:00:00,2247,5.413814931274864,2.3202063991177986,10.1,14.87004144580586,203.0,269.3478260869565
2025-04-04 16:00:00,2248,5.131701862040957,2.199300798017553,10.1,15.0,209.0,269.3478260869565
2025-04-04 17:00:00,2249,5.163276401062774,2.212832743312617,10.1,15.0,208.0,269.3478260869565
2025-04-04 18:00:00,2250,4.909771475525792,2.1041877752253395,10.1,15.0,200.0,269.3478260869565
2025-04-04 19:00:00,2251,4.6736234923655005,2.0029814967280717,10.1,15.0,198.0,269.3478260869565
2025-04-04 20:00:00,2252,5.292363261017382,2.268155683293164,10.1,15.0,145.0,269.3478260869565
2025-04-04 21:00:00,2253,5.097730992416924,2.1847418538929673,10.1,15.0,115.0,269.3478260869565
2025-04-04 22:00:00,2254,5.027030660749617,2.154441711749836,10.0,15.0,114.0,269.3478260869565
2025-04-04 23:00:00,2255,5.1852482134509525,2.222249234336122,10.0,15.0,113.0,269.3478260869565
2025-04-05 00:00:00,2256,5.251590263206426,2.250681541374182,9.9,15.0,116.0,269.3478260869565
2025-04-05 01:00:00,2257,5.299581756201531,2.2712493240863703,9.9,15.0,115.0,269.3478260869565
2025-04-05 02:00:00,2258,6.041015083121769,2.589006464195043,9.9,15.0,119.0,269.3478260869565
2025-04-05 03:00:00,2259,5.195699784152636,2.226728478922558,9.9,14.443070379464094,125.0,269.3478260869565
2025-04-05 04:00:00,2260,5.042207455229638,2.1609460522412736,9.9,12.358208580423847,126.0,269.3478260869565
2025-04-05 05:00:00,2261,4.81089549178828,2.0618123536235484,9.9,12.34631407023357,127.0,269.3478260869565
2025-04-05 06:00:00,2262,4.30083270701407,1.8432140172917442,9.9,12.17138688265415,129.0,269.3478260869565
2025-04-05 07:00:00,2263,4.574833465342515,1.9606429137182206,9.9,12.614867963803645,130.0,269.3478260869565
2025-04-05 08:00:00,2264,4.737118273709131,2.0301935458753415,9.9,12.792444765164165,136.0,269.3478260869565
2025-04-05 09:00:00,2265,4.580011139049428,1.962861916735469,9.9,10.613223010236604,141.0,269.3478260869565
2025-04-05 10:00:00,2266,4.348821205798926,1.8637805167709685,10.0,6.561258280516169,148.0,269.3478260869565
2025-04-05 11:00:00,2267,4.534378967893145,1.943305271954205,10.0,5.529816195877122,149.0,269.3478260869565
2025-04-05 12:00:00,2268,4.551991230517605,1.950853384507545,10.1,6.730519809738119,156.0,269.3478260869565
2025-04-05 13:00:00,2269,5.102814208107832,2.1869203749033566,10.1,7.698951686586127,164.0,269.3478260869565
2025-04-05 14:00:00,2270,5.074649425099354,2.174849753614009,10.1,9.869633614809104,164.0,269.3478260869565
2025-04-05 15:00:00,2271,5.1656092684276995,2.2138325436118707,10.1,11.293816287590122,144.0,269.3478260869565
2025-04-05 16:00:00,2272,5.1882259277784,2.223525397619314,10.2,13.079006401870068,138.0,269.3478260869565
2025-04-05 17:00:00,2273,5.523388609336992,2.367166546858711,10.2,15.0,142.0,269.3478260869565
2025-04-05 18:00:00,2274,5.284149378789014,2.2646354480524344,10.2,15.0,132.0,269.3478260869565
2025-04-05 19:00:00,2275,5.033127203820006,2.1570545159228596,10.2,15.0,124.0,269.3478260869565
2025-04-05 20:00:00,2276,5.1572873221155096,2.2102659951923616,10.2,14.5351319501304,121.0,269.3478260869565
2025-04-05 21:00:00,2277,4.8957250768610745,2.0981678900833174,10.2,13.64736003915014,119.0,269.3478260869565
2025-04-05 22:00:00,2278,4.871903733242247,2.0879587428181057,10.1,10.00679825255805,119.0,269.3478260869565
2025-04-05 23:00:00,2279,4.874442404694582,2.089046744869106,10.1,8.798040406802162,123.0,269.3478260869565
2025-04-06 00:00:00,2280,5.139035131903631,2.2024436279586985,10.1,6.837344331561346,126.0,269.3478260869565
2025-04-06 01:00:00,2281,5.516995018054953,2.3644264363092655,10.1,4.550668189433978,128.0,269.3478260869565
2025-04-06 02:00:00,2282,5.1162097773341095,2.19266133314319,10.1,2.947212072664598,137.0,269.3478260869565
2025-04-06 03:00:00,2283,4.482363455926666,1.9210129096828565,10.1,2.0581342608642874,140.0,269.3478260869565
2025-04-06 04:00:00,2284,4.341521353518187,1.8606520086506513,10.1,1.7482377041013124,137.0,269.3478260869565
2025-04-06 05:00:00,2285,4.728897731294242,2.0266704562689606,10.1,1.8094389740157997,135.0,269.3478260869565
2025-04-06 06:00:00,2286,4.269983573940406,1.829992960260174,10.1,1.618181792819242,137.0,269.3478260869565
2025-04-06 07:00:00,2287,4.060629693392254,1.7402698685966804,10.1,1.675373423818805,134.0,269.3478260869565
2025-04-06 08:00:00,2288,4.328739100585366,1.8551739002508714,10.1,1.6790594337840028,142.0,269.3478260869565
2025-04-06 09:00:00,2289,4.472609365455327,1.9168325851951402,10.1,1.201712233338222,145.0,269.3478260869565
2025-04-06 10:00:00,2290,4.10982023293772,1.76135152840188,10.1,0.36586696342218183,147.0,269.3478260869565
2025-04-06 11:00:00,2291,4.480500566718135,1.9202145285934862,10.2,0.2881007435306563,146.0,269.3478260869565
2025-04-06 12:00:00,2292,4.651962946732164,1.993698405742356,10.2,0.2736358700513289,150.0,269.3478260869565
2025-04-06 13:00:00,2293,4.803774757415404,2.058760610320887,10.3,0.33444240962481653,156.0,269.3478260869565
2025-04-06 14:00:00,2294,4.990595965953453,2.1388268425514796,10.4,0.4100420646339654,192.0,269.3478260869565
2025-04-06 15:00:00,2295,5.066259805031915,2.171254202156535,10.4,0.2531812411890187,235.0,269.3478260869565
2025-04-06 16:00:00,2296,4.857214716336396,2.081663449858455,10.5,0.09815940837467502,319.0,269.3478260869565
2025-04-06 17:00:00,2297,5.038977590802505,2.159561824629645,10.6,0.022024584500211403,347.0,269.3478260869565
2025-04-06 18:00:00,2298,4.966914994865856,2.12867785494251,10.6,0.0,350.0,269.3478260869565
2025-04-06 19:00:00,2299,4.944053844962065,2.1188802192694562,10.6,0.0,338.0,269.3478260869565
2025-04-06 20:00:00,2300,5.054709991526753,2.166304282082894,10.5,0.039343370880372784,325.0,269.3478260869565
2025-04-06 21:00:00,2301,4.849197888745543,2.078227666605233,10.4,0.0,320.0,269.3478260869565
2025-04-06 22:00:00,2302,4.647409367554064,1.9917468718088847,10.4,0.0,315.0,269.3478260869565
2025-04-06 23:00:00,2303,4.581398750637946,1.9634566074162623,10.4,0.0,325.0,269.3478260869565
2025-04-07 00:00:00,2304,4.936344473432824,2.1155762028997818,10.3,0.0,337.0,269.3478260869565
2025-04-07 01:00:00,2305,4.434959108374337,1.9006967607318588,10.2,0.10454493673446791,366.0,269.3478260869565
2025-04-07 02:00:00,2306,4.174756434648128,1.789181329134912,10.2,0.318262107481137,383.0,269.3478260869565
2025-04-07 03:00:00,2307,4.121270658939843,1.7662588538313615,10.2,0.6658004089486638,391.0,269.3478260869565
2025-04-07 04:00:00,2308,3.8998595849351334,1.6713683935436283,10.1,0.788996495359716,406.0,269.3478260869565
2025-04-07 05:00:00,2309,3.7539282625696497,1.6088263982441353,10.1,0.688769586345868,413.0,269.3478260869565
2025-04-07 06:00:00,2310,3.713743221779053,1.5916042379053084,10.1,0.48479067715730956,394.0,269.3478260869565
2025-04-07 07:00:00,2311,3.921800648499005,1.6807717064995735,10.1,0.338056223447236,384.0,269.3478260869565
2025-04-07 08:00:00,2312,3.7912120744151707,1.6248051747493586,10.2,0.25081569155337174,382.0,269.3478260869565
2025-04-07 09:00:00,2313,4.0025745232132195,1.7153890813770942,10.2,0.2671756394208289,394.0,269.3478260869565
2025-04-07 10:00:00,2314,3.640645154078827,1.5602764946052117,10.4,0.018306289954234233,400.0,269.3478260869565
2025-04-07 11:00:00,2315,3.850750357197671,1.6503215816561447,10.4,0.0038846680452571643,396.0,269.3478260869565
2025-04-07 12:00:00,2316,4.031203659005432,1.727658711002328,10.4,0.0,388.0,269.3478260869565
2025-04-07 13:00:00,2317,4.243328244437798,1.818569247616199,10.5,0.0,383.0,269.3478260869565
2025-04-07 14:00:00,2318,3.82122557593046,1.6376681039701968,10.6,0.0,379.0,269.3478260869565
2025-04-07 15:00:00,2319,3.864088282919109,1.656037835536761,10.7,0.0,383.0,269.3478260869565
2025-04-07 16:00:00,2320,3.8354058225894487,1.6437453525383352,10.8,0.0,379.0,269.3478260869565
2025-04-07 17:00:00,2321,4.03901940912718,1.7310083181973628,10.8,0.0,373.0,269.3478260869565
2025-04-07 18:00:00,2322,4.1246759347180095,1.76771825773629,10.9,0.0,380.0,269.3478260869565
2025-04-07 19:00:00,2323,4.185959673297651,1.7939827171275649,10.9,0.0,359.0,269.3478260869565
2025-04-07 20:00:00,2324,3.8764983660518206,1.6613564425936376,10.8,0.0,346.0,269.3478260869565
2025-04-07 21:00:00,2325,3.8029206404162386,1.6298231316069594,10.8,0.0,350.0,269.3478260869565
2025-04-07 22:00:00,2326,3.8110691293266292,1.6333153411399837,10.7,0.0,336.0,269.3478260869565
2025-04-07 23:00:00,2327,3.7945504809687214,1.6262359204151662,10.6,0.0,333.0,269.3478260869565
2025-04-08 00:00:00,2328,4.395492104278253,1.8837823304049652,10.6,0.0,336.0,269.3478260869565
2025-04-08 01:00:00,2329,4.030704912690958,1.7274449625818393,10.6,0.0,337.0,269.3478260869565
2025-04-08 02:00:00,2330,3.5028987406425847,1.5012423174182505,10.5,0.0,341.0,269.3478260869565
2025-04-08 03:00:00,2331,3.395671485818876,1.455287779636661,10.4,0.0,347.0,269.3478260869565
2025-04-08 04:00:00,2332,3.438299878905588,1.4735570909595375,10.4,0.0,364.0,269.3478260869565
2025-04-08 05:00:00,2333,3.2822225633384754,1.4066668128593465,10.4,0.0,360.0,269.3478260869565
2025-04-08 06:00:00,2334,3.414591373803301,1.4633963030585575,10.4,0.0,372.0,269.3478260869565
2025-04-08 07:00:00,2335,3.393965726735832,1.4545567400296422,10.4,0.0,370.0,269.3478260869565
2025-04-08 08:00:00,2336,3.8087553495718396,1.632323721245074,10.4,0.0,360.0,269.3478260869565
2025-04-08 09:00:00,2337,3.396027844247099,1.455440504677328,10.6,0.0,367.0,269.3478260869565
2025-04-08 10:00:00,2338,3.734829131947393,1.6006410565488827,10.6,0.0,403.0,269.3478260869565
2025-04-08 11:00:00,2339,3.8062235273585054,1.6312386545822166,10.7,0.0,411.0,269.3478260869565
2025-04-08 12:00:00,2340,3.817517479416228,1.636078919749812,10.8,0.0,416.0,269.3478260869565
2025-04-08 13:00:00,2341,4.015991061306357,1.721139026274153,10.9,0.0,418.0,269.3478260869565
2025-04-08 14:00:00,2342,3.9992913849646934,1.7139820221277258,11.0,0.0,428.0,269.3478260869565
2025-04-08 15:00:00,2343,3.9955681028270424,1.7123863297830182,11.1,0.0,426.0,269.3478260869565
2025-04-08 16:00:00,2344,4.102711103079214,1.7583047584625202,11.2,0.06518548768067528,416.0,269.3478260869565
2025-04-08 17:00:00,2345,4.157496142657025,1.781784061138725,11.3,0.4057567386470953,415.0,269.3478260869565
2025-04-08 18:00:00,2346,4.120966632496296,1.7661285567841272,11.4,1.0723305119834168,414.0,269.3478260869565
2025-04-08 19:00:00,2347,4.2449980110328545,1.8192848618712232,11.3,1.4952082054323739,411.0,269.3478260869565
2025-04-08 20:00:00,2348,4.135021113702529,1.7721519058725124,11.2,1.2223276957336682,401.0,269.3478260869565
2025-04-08 21:00:00,2349,4.384845044441159,1.8792193047604964,11.1,0.9625913157004853,390.0,269.3478260869565
2025-04-08 22:00:00,2350,4.323557036184583,1.8529530155076783,11.1,0.813117679430773,388.0,269.3478260869565
2025-04-08 23:00:00,2351,4.454398955618649,1.909028123836564,10.9,0.7954232863065486,394.0,269.3478260869565
2025-04-09 00:00:00,2352,4.286740340679213,1.8371744317196623,10.9,0.3714470414210409,404.0,269.3478260869565
2025-04-09 01:00:00,2353,4.937755224802128,2.116180810629483,10.8,0.46579989217375256,403.0,269.3478260869565
2025-04-09 02:00:00,2354,4.501599814923258,1.9292570635385393,10.8,1.157127671736114,410.0,269.3478260869565
2025-04-09 03:00:00,2355,4.401141702228473,1.8862035866693452,10.7,1.5085588604524574,421.0,269.3478260869565
2025-04-09 04:00:00,2356,4.249439609903645,1.821188404244419,10.6,1.225288742670755,434.0,269.3478260869565
2025-04-09 05:00:00,2357,4.1950320678846555,1.7978708862362807,10.6,1.4318139506850895,419.0,269.3478260869565
2025-04-09 06:00:00,2358,3.8474176798573874,1.6488932913674514,10.6,2.1231837006597787,405.0,269.3478260869565
2025-04-09 07:00:00,2359,4.1359088927577305,1.772532382610456,10.6,2.059078986808937,405.0,269.3478260869565
2025-04-09 08:00:00,2360,4.353818655521583,1.865922280937821,10.6,1.7483159055908197,407.0,269.3478260869565
2025-04-09 09:00:00,2361,4.135075325084845,1.7721751393220764,10.7,1.7400557369147844,403.0,269.3478260869565
2025-04-09 10:00:00,2362,4.692087605883424,2.010894688235753,10.8,1.431884223010298,411.0,269.3478260869565
2025-04-09 11:00:00,2363,4.229449117603231,1.8126210504013849,10.9,1.490084765060535,389.0,269.3478260869565
2025-04-09 12:00:00,2364,4.354117728430189,1.8660504550415091,10.9,1.9670269091829318,378.0,269.3478260869565
2025-04-09 13:00:00,2365,5.3375285270502175,2.2875122258786647,10.9,2.6545530778677153,384.0,269.3478260869565
2025-04-09 14:00:00,2366,4.647519065899249,1.991793885385392,11.1,3.265749668650807,403.0,269.3478260869565
2025-04-09 15:00:00,2367,4.709873322663219,2.018517138284236,11.1,3.6332668979086566,406.0,269.3478260869565
2025-04-09 16:00:00,2368,4.764865153528067,2.042085065797743,11.2,4.146409909756088,403.0,269.3478260869565
2025-04-09 17:00:00,2369,5.194237663179743,2.2261018556484617,11.2,4.364768153108891,403.0,269.3478260869565
2025-04-09 18:00:00,2370,5.057570150054202,2.1675300643089437,11.2,3.6508314874261845,406.0,269.3478260869565
2025-04-09 19:00:00,2371,5.172726108087399,2.2168826177517427,11.2,3.3932893673673847,402.0,269.3478260869565
2025-04-09 20:00:00,2372,4.797816026965302,2.0562068686994155,11.2,3.4308139213008566,400.0,269.3478260869565
2025-04-09 21:00:00,2373,5.072279239123882,2.1738339596245204,11.1,3.2093281448166127,391.0,269.3478260869565
2025-04-09 22:00:00,2374,5.195752493749115,2.226751068749621,11.1,2.865875064103337,396.0,269.3478260869565
2025-04-09 23:00:00,2375,5.3137206880269865,2.2773088662972794,11.1,2.6975219341837784,388.0,269.3478260869565
2025-04-10 00:00:00,2376,5.686813521643484,2.4372057949900645,11.0,1.95072578454768,394.0,269.3478260869565
2025-04-10 01:00:00,2377,5.039044170534605,2.1595903588005445,10.9,1.029414012666327,388.0,269.3478260869565
2025-04-10 02:00:00,2378,4.828936988636349,2.0695444237012923,10.9,0.47647698443868447,387.0,269.3478260869565
2025-04-10 03:00:00,2379,4.5471899238847255,1.9487956816648824,10.9,0.035983370771211054,410.0,269.3478260869565
2025-04-10 04:00:00,2380,4.481865009215749,1.9207992896638921,10.8,0.0,418.0,269.3478260869565
2025-04-10 05:00:00,2381,4.524798293565438,1.9391992686709019,10.8,0.0,426.0,269.3478260869565
2025-04-10 06:00:00,2382,4.4717115698698215,1.9164478156584948,10.8,0.0,423.0,269.3478260869565
2025-04-10 07:00:00,2383,4.415392743064931,1.8923111755992559,10.9,0.0,424.0,269.3478260869565
2025-04-10 08:00:00,2384,4.365296595836806,1.870841398215774,10.9,0.0,423.0,269.3478260869565
2025-04-10 09:00:00,2385,4.086730013871494,1.7514557202306404,11.1,0.0,419.0,269.3478260869565
2025-04-10 10:00:00,2386,4.270784170605047,1.8303360731164484,11.1,0.0,432.0,269.3478260869565
2025-04-10 11:00:00,2387,4.360732027973519,1.868885154845794,11.2,0.0,427.0,269.3478260869565
2025-04-10 12:00:00,2388,4.516881737412982,1.935806458891278,11.4,0.0,402.0,269.3478260869565
2025-04-10 13:00:00,2389,5.041744906859504,2.1607478172255017,11.4,0.0,398.0,269.3478260869565
2025-04-10 14:00:00,2390,5.338610177999164,2.2879757905710703,11.5,0.0,394.0,269.3478260869565
2025-04-10 15:00:00,2391,4.881759646518047,2.0921827056505915,11.6,0.0,394.0,269.3478260869565
2025-04-10 16:00:00,2392,5.518750478352243,2.365178776436675,11.7,0.0,404.0,269.3478260869565
2025-04-10 17:00:00,2393,4.958622587687852,2.125123966151937,11.8,0.0,415.0,269.3478260869565
2025-04-10 18:00:00,2394,4.6515598354609775,1.9935256437689906,11.8,0.0,422.0,269.3478260869565
2025-04-10 19:00:00,2395,4.770460364857733,2.044483013510457,11.8,0.0,420.0,269.3478260869565
2025-04-10 20:00:00,2396,4.849242911564234,2.0782469620989574,11.6,0.0,418.0,269.3478260869565
2025-04-10 21:00:00,2397,4.843625206016608,2.0758393740071175,11.6,0.0,410.0,269.3478260869565
2025-04-10 22:00:00,2398,5.139215737150986,2.2025210302075653,11.5,0.0,385.0,269.3478260869565
2025-04-10 23:00:00,2399,5.472383044153506,2.3453070189229313,11.4,0.015192025376531363,355.0,269.3478260869565
2025-04-11 00:00:00,2400,5.364828337460314,2.299212144625849,11.4,0.00023506557386117474,352.0,269.3478260869565
2025-04-11 01:00:00,2401,4.909098233757563,2.103899243038956,11.3,0.0,356.0,269.3478260869565
2025-04-11 02:00:00,2402,4.892384813481414,2.096736348634891,11.2,0.0,343.0,269.3478260869565
2025-04-11 03:00:00,2403,5.19389914431803,2.2259567761362984,11.1,0.0,351.0,269.3478260869565
2025-04-11 04:00:00,2404,4.949236471703586,2.1211013450158225,11.1,0.0,371.0,269.3478260869565
2025-04-11 05:00:00,2405,4.820661421324264,2.065997751996113,11.1,0.0,376.0,269.3478260869565
2025-04-11 06:00:00,2406,4.708163740116248,2.0177844600498207,11.1,0.0,378.0,269.3478260869565
2025-04-11 07:00:00,2407,4.424009616015739,1.8960041211496022,11.1,0.0,380.0,269.3478260869565
2025-04-11 08:00:00,2408,4.568588196708933,1.9579663700181138,11.2,0.0,371.0,269.3478260869565
2025-04-11 09:00:00,2409,4.529680791132041,1.9412917676280173,11.3,0.0,361.0,269.3478260869565
2025-04-11 10:00:00,2410,3.721749582721279,1.595035535451977,11.4,0.0,375.0,269.3478260869565
2025-04-11 11:00:00,2411,4.003232819162872,1.7156712082126593,11.6,0.0,367.0,269.3478260869565
2025-04-11 12:00:00,2412,4.116772786893049,1.7643311943827351,11.6,0.0,352.0,269.3478260869565
2025-04-11 13:00:00,2413,4.1837785953480475,1.7930479694348775,11.6,0.0,360.0,269.3478260869565
2025-04-11 14:00:00,2414,4.3576751874641175,1.8675750803417643,11.6,0.07246414433084147,361.0,269.3478260869565
2025-04-11 15:00:00,2415,4.476177756927506,1.918361895826074,11.7,0.22628860288116062,367.0,269.3478260869565
2025-04-11 16:00:00,2416,4.708278219424477,2.01783352261049,11.6,0.22913495573223683,362.0,269.3478260869565
2025-04-11 17:00:00,2417,4.651553506641298,1.9935229314176985,11.6,0.2750307231094249,367.0,269.3478260869565
2025-04-11 18:00:00,2418,5.051789540514241,2.1650526602203883,11.6,0.24089033823007808,383.0,269.3478260869565
2025-04-11 19:00:00,2419,4.704441237979591,2.016189101991253,11.6,0.09136110144982354,376.0,269.3478260869565
2025-04-11 20:00:00,2420,5.626571699473638,2.411387871202988,11.6,0.02074496611134656,366.0,269.3478260869565
2025-04-11 21:00:00,2421,5.311603244682682,2.2764013905782923,11.6,0.026817084953411573,366.0,269.3478260869565
2025-04-11 22:00:00,2422,5.168929691543024,2.2152555820898674,11.5,0.10300574398188109,372.0,269.3478260869565
2025-04-11 23:00:00,2423,4.78525186174098,2.05082222646042,11.4,0.29071110714058923,380.0,269.3478260869565
2025-04-12 00:00:00,2424,5.473256597462871,2.345681398912659,11.4,0.5117421421339005,374.0,269.3478260869565
2025-04-12 01:00:00,2425,5.325716321145023,2.2824498519192957,11.4,0.6228636732521137,365.0,269.3478260869565
2025-04-12 02:00:00,2426,4.599557282723775,1.9712388354530461,11.3,0.4492246705691003,361.0,269.3478260869565
2025-04-12 03:00:00,2427,4.202273846135467,1.800974505486629,11.2,0.377102559720949,363.0,269.3478260869565
2025-04-12 04:00:00,2428,4.174623199816455,1.7891242284927664,11.1,0.41072761290570725,369.0,269.3478260869565
2025-04-12 05:00:00,2429,4.5899303052030955,1.967112987944184,11.1,0.3280860682757339,368.0,269.3478260869565
2025-04-12 06:00:00,2430,4.574588806231759,1.9605380598136108,11.1,0.4903445455127301,366.0,269.3478260869565
2025-04-12 07:00:00,2431,4.380193514838817,1.8772257920737787,11.1,0.9731611707220532,355.0,269.3478260869565
2025-04-12 08:00:00,2432,4.280630282710655,1.8345558354474234,11.1,1.3205425275420446,349.0,269.3478260869565
2025-04-12 09:00:00,2433,4.604874917783665,1.9735178219072846,11.1,1.9895833802612108,358.0,269.3478260869565
2025-04-12 10:00:00,2434,4.114026994994243,1.7631544264261043,11.1,2.2745442421617135,340.0,269.3478260869565
2025-04-12 11:00:00,2435,5.617007788528802,2.4072890522266293,11.2,2.5708323880066724,296.0,269.3478260869565
2025-04-12 12:00:00,2436,5.44585007407375,2.333935746031607,11.2,3.7204495530156896,267.0,269.3478260869565
2025-04-12 13:00:00,2437,5.870368872815515,2.515872374063792,11.2,6.345589368571148,228.0,269.3478260869565
2025-04-12 14:00:00,2438,5.871953680940528,2.516551577545941,11.2,6.933182942522634,223.0,269.3478260869565
2025-04-12 15:00:00,2439,5.8583214583852286,2.510709196450812,11.2,6.037785841424306,268.0,269.3478260869565
2025-04-12 16:00:00,2440,5.4007310600860645,2.31459902575117,11.2,5.334849524400736,309.0,269.3478260869565
2025-04-12 17:00:00,2441,5.178963976479491,2.219555989919782,11.2,4.2308771255371385,336.0,269.3478260869565
2025-04-12 18:00:00,2442,4.773092165751973,2.045610928179417,11.2,3.7218614032141057,326.0,269.3478260869565
2025-04-12 19:00:00,2443,4.938102768089984,2.11632975775285,11.1,3.1302235234170785,310.0,269.3478260869565
2025-04-12 20:00:00,2444,4.846283721680004,2.076978737862859,11.1,2.5349992785513304,313.0,269.3478260869565
2025-04-12 21:00:00,2445,4.711779577708524,2.0193341047322244,11.1,2.735543342883839,318.0,269.3478260869565
2025-04-12 22:00:00,2446,4.608225738862039,1.9749538880837307,11.1,7.6094859200265645,292.0,269.3478260869565
2025-04-12 23:00:00,2447,5.034823726077058,2.1577815968901675,11.0,11.288570608181336,253.0,269.3478260869565
2025-04-13 00:00:00,2448,5.472053008040094,2.345165574874326,10.9,12.346314702747982,266.0,269.3478260869565
2025-04-13 01:00:00,2449,5.3833067411876705,2.3071314605090016,10.9,9.360820992015885,242.0,269.3478260869565
2025-04-13 02:00:00,2450,4.824268189456319,2.0675435097669936,10.9,6.857734312660596,204.0,269.3478260869565
2025-04-13 03:00:00,2451,4.88055125103258,2.0916648218711056,10.8,5.789794238312036,198.0,269.3478260869565
2025-04-13 04:00:00,2452,4.879765899853003,2.0913282427941438,10.8,4.673708672421214,224.0,269.3478260869565
2025-04-13 05:00:00,2453,4.898815469354142,2.0994923440089184,10.7,3.3080143129163613,234.0,269.3478260869565
2025-04-13 06:00:00,2454,4.309886978222567,1.847094419238243,10.7,2.4286315213197645,245.0,269.3478260869565
2025-04-13 07:00:00,2455,4.4131942013948535,1.8913689434549368,10.7,1.9197403496086793,265.0,269.3478260869565
2025-04-13 08:00:00,2456,5.37314369405758,2.30277586888182,10.8,1.4749805030278658,275.0,269.3478260869565
2025-04-13 09:00:00,2457,5.636194054147344,2.4155117374917183,10.8,1.4397493703789146,238.0,269.3478260869565
2025-04-13 10:00:00,2458,6.2278772418507415,2.6690902465074604,10.9,1.3052476191959013,222.0,269.3478260869565
2025-04-13 11:00:00,2459,5.966955724104386,2.557266738901879,10.9,1.1271311892160312,222.0,269.3478260869565
2025-04-13 12:00:00,2460,5.901804485844895,2.5293447796478126,10.9,1.760351641987166,207.0,269.3478260869565
2025-04-13 13:00:00,2461,4.7801680942588956,2.048643468968098,10.9,4.02798756564361,205.0,269.3478260869565
2025-04-13 14:00:00,2462,5.011642668283026,2.1478468578355825,10.9,7.064056163890527,193.0,269.3478260869565
2025-04-13 15:00:00,2463,4.761492003853931,2.0406394302231132,10.9,10.320672610182573,206.0,269.3478260869565
2025-04-13 16:00:00,2464,4.4387811734082625,1.902334788603541,10.9,13.41067865076488,217.0,269.3478260869565
2025-04-13 17:00:00,2465,4.745665595882688,2.033856683949723,10.9,15.0,201.0,269.3478260869565
2025-04-13 18:00:00,2466,4.976253868213876,2.132680229234518,10.9,14.017570103522603,220.0,269.3478260869565
2025-04-13 19:00:00,2467,4.96985966033851,2.1299398544307895,10.9,12.225152586789667,211.0,269.3478260869565
2025-04-13 20:00:00,2468,5.03896329419328,2.1595556975114056,10.9,11.143974458956386,189.0,269.3478260869565
2025-04-13 21:00:00,2469,4.712145032464887,2.0194907281992376,10.9,12.375484579140226,184.0,269.3478260869565
2025-04-13 22:00:00,2470,5.3712868800900395,2.30198009146716,10.8,14.125444995279977,183.0,269.3478260869565
2025-04-13 23:00:00,2471,4.913961851255456,2.1059836505380525,10.8,15.0,203.0,269.3478260869565
2025-04-14 00:00:00,2472,5.241329585647861,2.2462841081347973,10.7,15.0,206.0,269.3478260869565
2025-04-14 01:00:00,2473,4.813289255203994,2.0628382522302835,10.6,15.0,215.0,269.3478260869565
2025-04-14 02:00:00,2474,4.3339536766106015,1.8574087185474006,10.6,15.0,225.0,269.3478260869565
2025-04-14 03:00:00,2475,3.921493059304437,1.680639882559044,10.6,15.0,239.0,269.3478260869565
2025-04-14 04:00:00,2476,3.742349700222265,1.6038641572381136,10.5,14.78934685737056,283.0,269.3478260869565
2025-04-14 05:00:00,2477,3.6334994898008617,1.5572140670575119,10.4,11.226424131087894,333.0,269.3478260869565
2025-04-14 06:00:00,2478,4.011652837477008,1.7192797874901464,10.4,9.786518257991418,325.0,269.3478260869565
2025-04-14 07:00:00,2479,3.4808732396874995,1.4918028170089284,10.4,9.040329323777922,322.0,269.3478260869565
2025-04-14 08:00:00,2480,3.755592387369137,1.6095395945867728,10.4,7.105311192040247,338.0,269.3478260869565
2025-04-14 09:00:00,2481,4.160074165208732,1.7828889279465994,10.4,6.520864678725349,308.0,269.3478260869565
2025-04-14 10:00:00,2482,4.634293650143108,1.986125850061332,10.4,4.165961113873785,289.0,269.3478260869565
2025-04-14 11:00:00,2483,4.901137904609095,2.1004876734038973,10.5,3.5824801662365853,271.0,269.3478260869565
2025-04-14 12:00:00,2484,4.665925188043534,1.9996822234472287,10.5,5.530778766366362,256.0,269.3478260869565
2025-04-14 13:00:00,2485,4.6120635456332755,1.9765986624142606,10.5,9.43408365602067,250.0,269.3478260869565
2025-04-14 14:00:00,2486,4.825869049815179,2.0682295927779335,10.6,14.552124687981701,266.0,269.3478260869565
2025-04-14 15:00:00,2487,5.170808371776115,2.2160607307611917,10.6,14.83025299693905,263.0,269.3478260869565
2025-04-14 16:00:00,2488,5.195789201952963,2.226766800836984,10.6,12.484703242557027,277.0,269.3478260869565
2025-04-14 17:00:00,2489,4.924234891282613,2.1103863819782624,10.6,10.883382243218024,295.0,269.3478260869565
2025-04-14 18:00:00,2490,5.1585766304519645,2.2108185559079847,10.6,9.131242857345262,329.0,269.3478260869565
2025-04-14 19:00:00,2491,4.9459186171479255,2.1196794073491105,10.6,7.4405922750344,351.0,269.3478260869565
2025-04-14 20:00:00,2492,4.851343987057415,2.0791474230246063,10.6,5.002227818872561,344.0,269.3478260869565
2025-04-14 21:00:00,2493,5.144208041367364,2.204660589157441,10.6,3.0796639892028295,326.0,269.3478260869565
2025-04-14 22:00:00,2494,5.396895842264708,2.312955360970589,10.6,2.9769187406547064,305.0,269.3478260869565
2025-04-14 23:00:00,2495,5.341406667186398,2.2891742859370274,10.5,1.2948233603985648,305.0,269.3478260869565
2025-04-15 00:00:00,2496,5.853579455569394,2.50867690952974,10.5,0.3227453234971129,305.0,269.3478260869565
2025-04-15 01:00:00,2497,5.274545599100662,2.2605195424717124,10.5,0.0779987256500692,289.0,269.3478260869565
2025-04-15 02:00:00,2498,5.218053662467183,2.2363087124859358,10.4,0.3712490688758618,283.0,269.3478260869565
2025-04-15 03:00:00,2499,4.8084909776059455,2.0607818475454054,10.4,0.9129281656838066,287.0,269.3478260869565
2025-04-15 04:00:00,2500,4.684546668953949,2.0076628581231213,10.4,1.3804862329598449,285.0,269.3478260869565
2025-04-15 05:00:00,2501,4.6424182161982035,1.9896078069420873,10.4,1.7995489626996726,288.0,269.3478260869565
2025-04-15 06:00:00,2502,4.864578639025729,2.0848194167253125,10.4,2.3971703868297576,283.0,269.3478260869565
2025-04-15 07:00:00,2503,4.6459951491235545,1.9911407781958088,10.4,3.036449089615965,311.0,269.3478260869565
2025-04-15 08:00:00,2504,3.8471093939287186,1.6487611688265937,10.4,3.75746902649942,302.0,269.3478260869565
2025-04-15 09:00:00,2505,3.698215002628275,1.5849492868406894,10.4,3.670674412618657,271.0,269.3478260869565
2025-04-15 10:00:00,2506,3.9505812569092837,1.6931062529611216,10.4,5.984718666225088,287.0,269.3478260869565
2025-04-15 11:00:00,2507,3.6699133302088147,1.5728199986609206,10.4,5.93863089326367,294.0,269.3478260869565
2025-04-15 12:00:00,2508,3.6521210504639514,1.5651947359131217,10.4,5.917814273903135,293.0,269.3478260869565
2025-04-15 13:00:00,2509,3.636270625611783,1.5584016966907641,10.4,4.8400654000925964,290.0,269.3478260869565
2025-04-15 14:00:00,2510,3.8988577050894158,1.6709390164668925,10.4,3.883103382375583,289.0,269.3478260869565
2025-04-15 15:00:00,2511,3.7848121913339594,1.622062367714554,10.4,3.7634141442776494,301.0,269.3478260869565
2025-04-15 16:00:00,2512,3.9202812125325406,1.680120519656803,10.4,3.567379446934029,290.0,269.3478260869565
2025-04-15 17:00:00,2513,3.8514058403722915,1.6506025030166962,10.4,3.846977143895531,293.0,269.3478260869565
2025-04-15 18:00:00,2514,4.022515064790357,1.723935027767296,10.4,7.906234465151145,299.0,269.3478260869565
2025-04-15 19:00:00,2515,4.8913565642238925,2.0962956703816684,10.4,12.828729975156495,311.0,269.3478260869565
2025-04-15 20:00:00,2516,5.0213168823600665,2.1519929495828856,10.4,15.0,297.0,269.3478260869565
2025-04-15 21:00:00,2517,4.650871627136054,1.9932306973440226,10.4,15.0,299.0,269.3478260869565
2025-04-15 22:00:00,2518,4.6836903257390405,2.0072958538881602,10.4,15.0,294.0,269.3478260869565
2025-04-15 23:00:00,2519,4.6354810651062275,1.9866347421883832,10.4,15.0,272.0,269.3478260869565
2025-04-16 00:00:00,2520,5.0401771786748215,2.1600759337177804,10.3,15.0,265.0,269.3478260869565
2025-04-16 01:00:00,2521,5.009140261882044,2.1467743979494474,10.2,15.0,265.0,269.3478260869565
2025-04-16 02:00:00,2522,4.931655102165127,2.113566472356483,10.1,15.0,260.0,269.3478260869565
2025-04-16 03:00:00,2523,4.598083333461309,1.9706071429119894,10.0,15.0,243.0,269.3478260869565
2025-04-16 04:00:00,2524,4.6676331049578454,2.0004141878390764,9.9,15.0,227.0,269.3478260869565
2025-04-16 05:00:00,2525,4.771889539341997,2.0450955168608558,9.8,15.0,247.0,269.3478260869565
2025-04-16 06:00:00,2526,4.683120161301041,2.0070514977004463,9.7,15.0,256.0,269.3478260869565
2025-04-16 07:00:00,2527,4.427895122772262,1.8976693383309693,9.6,14.752970926074441,255.0,269.3478260869565
2025-04-16 08:00:00,2528,4.856803762942956,2.081487326975552,9.6,8.846119721448474,244.0,269.3478260869565
2025-04-16 09:00:00,2529,5.397352341750431,2.3131510036073273,9.6,4.399986874030291,213.0,269.3478260869565
2025-04-16 10:00:00,2530,5.188618513632006,2.2236936486994314,9.6,0.8137255913908957,214.0,269.3478260869565
2025-04-16 11:00:00,2531,4.757460209775012,2.0389115184750053,9.7,0.4244624395348713,225.0,269.3478260869565
2025-04-16 12:00:00,2532,4.9050940123667885,2.102183148157195,9.7,3.406562006870801,207.0,269.3478260869565
2025-04-16 13:00:00,2533,5.11480305109469,2.1920584504691525,9.7,9.622580420698327,204.0,269.3478260869565
2025-04-16 14:00:00,2534,5.038647859896075,2.1594205113840323,9.7,15.0,207.0,269.3478260869565
2025-04-16 15:00:00,2535,5.135458119458326,2.2009106226249964,9.8,15.0,227.0,269.3478260869565
2025-04-16 16:00:00,2536,4.994690787718823,2.1405817661652096,9.8,15.0,251.0,269.3478260869565
2025-04-16 17:00:00,2537,5.020538244114966,2.151659247477842,9.8,11.995612564888392,287.0,269.3478260869565
2025-04-16 18:00:00,2538,5.272419320084164,2.25960828003607,9.8,9.616789288646691,321.0,269.3478260869565
2025-04-16 19:00:00,2539,5.224443286563837,2.239047122813073,9.8,7.632229336542602,346.0,269.3478260869565
2025-04-16 20:00:00,2540,5.554103340991417,2.380330003282036,9.8,6.364934217080755,362.0,269.3478260869565
2025-04-16 21:00:00,2541,5.586147874804347,2.3940633749161484,9.8,5.3071364491759665,364.0,269.3478260869565
2025-04-16 22:00:00,2542,5.508794419190082,2.3609118939386065,9.7,6.6421036561776,368.0,269.3478260869565
2025-04-16 23:00:00,2543,5.364430357586089,2.299041581822609,9.7,6.36252786466574,375.0,269.3478260869565
2025-04-17 00:00:00,2544,5.8005017094298434,2.4859293040413615,9.7,6.676584087835664,377.0,269.3478260869565
2025-04-17 01:00:00,2545,5.443450262408836,2.3329072553180725,9.7,4.7964729272722,377.0,269.3478260869565
2025-04-17 02:00:00,2546,5.688101430960571,2.4377577561259587,9.6,2.95704311033313,381.0,269.3478260869565
2025-04-17 03:00:00,2547,5.660870546772557,2.4260873771882387,9.6,2.106433469329377,386.0,269.3478260869565
2025-04-17 04:00:00,2548,6.367695224282319,2.729012238978137,9.6,1.192079350389301,392.0,269.3478260869565
2025-04-17 05:00:00,2549,6.3115275999273965,2.704940399968884,9.6,0.4606524879450091,391.0,269.3478260869565
2025-04-17 06:00:00,2550,6.233065444395333,2.6713137618837135,9.6,0.10819190077023647,398.0,269.3478260869565
2025-04-17 07:00:00,2551,5.964055131873691,2.5560236279458675,9.6,0.0,406.0,269.3478260869565
2025-04-17 08:00:00,2552,6.351619237550041,2.722122530378589,9.7,0.0,409.0,269.3478260869565
2025-04-17 09:00:00,2553,6.319927138361967,2.708540202155129,9.8,0.0,400.0,269.3478260869565
2025-04-17 10:00:00,2554,6.1289947022470646,2.6267120152487418,9.8,0.0,389.0,269.3478260869565
2025-04-17 11:00:00,2555,5.002910212142941,2.1441043766326886,9.9,0.4614486199465227,387.0,269.3478260869565
2025-04-17 12:00:00,2556,5.673987372737214,2.431708874030235,9.9,0.8521850032180336,380.0,269.3478260869565
2025-04-17 13:00:00,2557,5.574940226717517,2.3892600971646503,9.9,1.3602300525875284,374.0,269.3478260869565
2025-04-17 14:00:00,2558,6.104333572771493,2.616142959759211,9.9,1.8001733365073564,361.0,269.3478260869565
2025-04-17 15:00:00,2559,5.3736979660867945,2.303013414037198,10.0,1.717756509702069,359.0,269.3478260869565
2025-04-17 16:00:00,2560,5.017933797851093,2.150543056221897,10.0,1.7982333711588951,357.0,269.3478260869565
2025-04-17 17:00:00,2561,6.244128642002064,2.676055132286599,10.0,1.5091290419391743,367.0,269.3478260869565
2025-04-17 18:00:00,2562,5.888711213477402,2.5237333772046004,10.0,1.1798561995895298,370.0,269.3478260869565
2025-04-17 19:00:00,2563,4.8916297487148075,2.0964127494492035,10.0,0.9273554378803491,357.0,269.3478260869565
2025-04-17 20:00:00,2564,5.997831743152,2.5704993184937144,9.9,0.7505172092165382,342.0,269.3478260869565
2025-04-17 21:00:00,2565,5.952592389476708,2.5511110240614463,9.9,1.1366188082711262,327.0,269.3478260869565
2025-04-17 22:00:00,2566,6.3088911646266705,2.7038104991257157,9.9,4.380005927801143,296.0,269.3478260869565
2025-04-17 23:00:00,2567,5.851167192289639,2.5076430824098455,9.9,5.935304816625918,272.0,269.3478260869565
2025-04-18 00:00:00,2568,6.452200733153381,2.7652288856371627,9.9,6.726013095214034,259.0,269.3478260869565
2025-04-18 01:00:00,2569,6.195858216405673,2.6553678070310025,9.9,7.676763279955179,255.0,269.3478260869565
2025-04-18 02:00:00,2570,5.793023289234304,2.4827242668147016,9.8,7.325647626301526,234.0,269.3478260869565
2025-04-18 03:00:00,2571,5.346584886327079,2.2913935227116053,9.8,5.529953357773195,219.0,269.3478260869565
2025-04-18 04:00:00,2572,4.42984332162181,1.8985042806950614,9.8,4.423204580898888,211.0,269.3478260869565
2025-04-18 05:00:00,2573,5.906578368806327,2.5313907294884257,9.8,5.455174171211093,198.0,269.3478260869565
2025-04-18 06:00:00,2574,5.819767811818469,2.494186205065058,9.8,5.771492464450542,194.0,269.3478260869565
2025-04-18 07:00:00,2575,5.679962153596087,2.434269494398323,9.8,5.8604969866849475,183.0,269.3478260869565
2025-04-18 08:00:00,2576,5.945472191077048,2.548059510461592,9.8,7.810787828587501,183.0,269.3478260869565
2025-04-18 09:00:00,2577,5.952676845449229,2.5511472194782407,9.7,10.2136923670415,162.0,269.3478260869565
2025-04-18 10:00:00,2578,5.967639786900518,2.5575599086716507,9.7,11.905758285359832,144.0,269.3478260869565
2025-04-18 11:00:00,2579,5.974168001118823,2.56035771476521,9.7,13.446905610157193,146.0,269.3478260869565
2025-04-18 12:00:00,2580,5.969535306542058,2.5583722742323105,9.7,14.350638243160173,146.0,269.3478260869565
2025-04-18 13:00:00,2581,6.033851383108147,2.5859363070463486,9.7,15.0,154.0,269.3478260869565
2025-04-18 14:00:00,2582,5.574584812255038,2.389107776680731,9.7,15.0,164.0,269.3478260869565
2025-04-18 15:00:00,2583,5.598029984420681,2.3991557076088634,9.7,15.0,178.0,269.3478260869565
2025-04-18 16:00:00,2584,5.701985225543044,2.443707953804162,9.7,15.0,198.0,269.3478260869565
2025-04-18 17:00:00,2585,5.761831229560106,2.469356241240045,9.7,15.0,203.0,269.3478260869565
2025-04-18 18:00:00,2586,5.587800187409863,2.3947715088899417,9.7,15.0,214.0,269.3478260869565
2025-04-18 19:00:00,2587,5.209648687780318,2.232706580477279,9.7,15.0,215.0,269.3478260869565
2025-04-18 20:00:00,2588,5.718952215609488,2.450979520975495,9.7,15.0,198.0,269.3478260869565
2025-04-18 21:00:00,2589,5.4885781605854085,2.3522477831080324,9.7,15.0,181.0,269.3478260869565
2025-04-18 22:00:00,2590,5.648727792396122,2.420883339598338,9.7,10.483013551621967,171.0,269.3478260869565
2025-04-18 23:00:00,2591,5.881484055229688,2.520636023669866,9.7,8.485290073354502,179.0,269.3478260869565
2025-04-19 00:00:00,2592,5.880994207774176,2.5204260890460755,9.7,7.574362119285506,175.0,269.3478260869565
2025-04-19 01:00:00,2593,5.13500627371767,2.20071697445043,9.7,6.4214406832691555,186.0,269.3478260869565
2025-04-19 02:00:00,2594,5.277066698998269,2.2616000138564005,9.7,6.491957479489578,205.0,269.3478260869565
2025-04-19 03:00:00,2595,4.158895431804081,1.7823837564874632,9.6,8.231173380251965,207.0,269.3478260869565
2025-04-19 04:00:00,2596,3.600442093073231,1.5430466113170989,9.6,10.100234098131939,203.0,269.3478260869565
2025-04-19 05:00:00,2597,4.913284584993857,2.1056933935687954,9.6,11.594015245218031,203.0,269.3478260869565
2025-04-19 06:00:00,2598,5.485329220504107,2.3508553802160455,9.6,14.004496364294894,218.0,269.3478260869565
2025-04-19 07:00:00,2599,5.378212053042146,2.304948022732348,9.6,15.0,240.0,269.3478260869565
2025-04-19 08:00:00,2600,5.553777494046152,2.3801903545912073,9.6,14.777287724280493,275.0,269.3478260869565
2025-04-19 09:00:00,2601,5.608456799204312,2.4036243425161334,9.7,14.22306637641289,293.0,269.3478260869565
2025-04-19 10:00:00,2602,6.051053835704833,2.5933087867306424,9.7,9.11867720523188,318.0,269.3478260869565
2025-04-19 11:00:00,2603,5.3169740107359305,2.2787031474582555,9.8,7.387993985513804,330.0,269.3478260869565
2025-04-19 12:00:00,2604,5.966333961985837,2.557000269422501,9.8,6.017258901092156,341.0,269.3478260869565
2025-04-19 13:00:00,2605,5.376267975392794,2.3041148465969115,9.8,4.589760394235399,346.0,269.3478260869565
2025-04-19 14:00:00,2606,5.691439514145061,2.4391883632050257,9.8,4.164566177477255,352.0,269.3478260869565
2025-04-19 15:00:00,2607,5.780207439930909,2.4772317599703895,9.8,4.967367126286797,363.0,269.3478260869565
2025-04-19 16:00:00,2608,5.904554011688623,2.530523147866553,9.8,6.50282534783466,374.0,269.3478260869565
2025-04-19 17:00:00,2609,5.728106271106503,2.4549026876170728,9.9,7.774330023018608,383.0,269.3478260869565
2025-04-19 18:00:00,2610,5.712450476122861,2.448193061195512,9.9,7.4053013808840715,383.0,269.3478260869565
2025-04-19 19:00:00,2611,5.23308239142602,2.242749596325437,9.9,6.259836516511648,381.0,269.3478260869565
2025-04-19 20:00:00,2612,5.752253135954323,2.4652513439804244,9.9,5.868841238729019,380.0,269.3478260869565
2025-04-19 21:00:00,2613,5.794020841896122,2.4831517893840522,9.9,6.314904973584131,371.0,269.3478260869565
2025-04-19 22:00:00,2614,5.782496470939785,2.478212773259908,9.9,7.36470919863047,355.0,269.3478260869565
2025-04-19 23:00:00,2615,5.513798290773693,2.3630564103315828,9.9,6.281702786746153,346.0,269.3478260869565
2025-04-20 00:00:00,2616,5.565796006336242,2.3853411455726747,9.9,5.084517484052431,355.0,269.3478260869565
2025-04-20 01:00:00,2617,5.62587454031584,2.411089088706788,9.9,5.042461486922365,345.0,269.3478260869565
2025-04-20 02:00:00,2618,5.478230724650908,2.3478131677075322,9.9,4.6732983143406,356.0,269.3478260869565
2025-04-20 03:00:00,2619,5.640874431029886,2.4175176132985228,9.8,3.081086324480657,367.0,269.3478260869565
2025-04-20 04:00:00,2620,5.643539305141222,2.4186597022033807,9.8,1.4621991321753498,361.0,269.3478260869565
2025-04-20 05:00:00,2621,5.5751462524233855,2.389348393895737,9.8,1.0554161109307563,360.0,269.3478260869565
2025-04-20 06:00:00,2622,5.59541544706485,2.3980351915992215,9.8,1.3535261891460908,364.0,269.3478260869565
2025-04-20 07:00:00,2623,5.498752837754113,2.3566083590374767,9.8,1.6007528442101062,369.0,269.3478260869565
2025-04-20 08:00:00,2624,5.012502714179678,2.148215448934147,9.9,1.5976203385222396,371.0,269.3478260869565
2025-04-20 09:00:00,2625,4.788694361530069,2.0522975835128867,9.9,1.513548064878848,372.0,269.3478260869565
2025-04-20 10:00:00,2626,5.04428012899382,2.161834340997351,9.9,0.565902385068616,370.0,269.3478260869565
2025-04-20 11:00:00,2627,5.073578806009481,2.174390916861206,9.9,0.8591969191684793,366.0,269.3478260869565
2025-04-20 12:00:00,2628,4.492234882515616,1.9252435210781211,10.0,1.0566422908712898,351.0,269.3478260869565
2025-04-20 13:00:00,2629,5.029601888200803,2.155543666371773,10.0,0.5540546177402915,340.0,269.3478260869565
2025-04-20 14:00:00,2630,4.553491266253636,1.9514962569658438,10.1,0.14709729104715022,338.0,269.3478260869565
2025-04-20 15:00:00,2631,5.00585518786272,2.145366509084023,10.1,0.0,355.0,269.3478260869565
2025-04-20 16:00:00,2632,5.0703257049666774,2.1729967307000044,10.1,0.0,355.0,269.3478260869565
2025-04-20 17:00:00,2633,5.039832069504143,2.15992802978749,10.1,0.13549491482278841,372.0,269.3478260869565
2025-04-20 18:00:00,2634,5.133992242913769,2.2002823898201864,10.1,0.3861702089741172,382.0,269.3478260869565
2025-04-20 19:00:00,2635,5.636765523134217,2.4157566527718077,10.1,0.6072467631687534,372.0,269.3478260869565
2025-04-20 20:00:00,2636,5.98071045510417,2.563161623616073,10.1,0.7522436251781609,375.0,269.3478260869565
2025-04-20 21:00:00,2637,5.182758167012318,2.2211820715767074,10.1,0.911334921758357,372.0,269.3478260869565
2025-04-20 22:00:00,2638,4.929859412047371,2.1127968908774446,10.1,1.4938000858493599,361.0,269.3478260869565
2025-04-20 23:00:00,2639,5.608729925148049,2.403741396492021,10.0,3.4786564322129596,378.0,269.3478260869565
2025-04-21 00:00:00,2640,5.691097763503095,2.439041898644183,10.0,4.071312337051232,384.0,269.3478260869565
2025-04-21 01:00:00,2641,5.543330202801254,2.3757129440576805,10.0,3.5153082664756297,362.0,269.3478260869565
2025-04-21 02:00:00,2642,5.167319792731298,2.2145656254562707,9.9,3.786638309102293,343.0,269.3478260869565
2025-04-21 03:00:00,2643,4.864585199982008,2.0848222285637177,9.9,3.8270436909320047,334.0,269.3478260869565
2025-04-21 04:00:00,2644,4.5755667897421795,1.960957195603791,9.9,3.4098064794182625,329.0,269.3478260869565
2025-04-21 05:00:00,2645,4.7828365504506225,2.0497870930502664,9.9,3.3201150319947748,329.0,269.3478260869565
2025-04-21 06:00:00,2646,4.434358554796164,1.9004393806269273,9.9,2.9648460614379823,318.0,269.3478260869565
2025-04-21 07:00:00,2647,4.358932478967644,1.8681139195575616,10.0,3.530463879222096,329.0,269.3478260869565
2025-04-21 08:00:00,2648,3.77286357190392,1.6169415308159654,10.1,4.063544072156754,309.0,269.3478260869565
2025-04-21 09:00:00,2649,4.151373054793859,1.7791598806259394,10.1,3.04011387635281,306.0,269.3478260869565
2025-04-21 10:00:00,2650,4.1477615228263485,1.7776120812112919,10.2,2.061227575920372,296.0,269.3478260869565
2025-04-21 11:00:00,2651,4.32295650394029,1.8526956445458382,10.3,1.117563781322133,289.0,269.3478260869565
2025-04-21 12:00:00,2652,4.982675949074597,2.1354325496033986,10.4,0.32334774926449544,264.0,269.3478260869565
2025-04-21 13:00:00,2653,5.0576845546682,2.1675790948577998,10.4,0.17921820695558763,249.0,269.3478260869565
2025-04-21 14:00:00,2654,4.950953688410046,2.121837295032877,10.5,1.1924084944262672,243.0,269.3478260869565
2025-04-21 15:00:00,2655,5.093756192239096,2.183038368102469,10.6,1.431479290734762,244.0,269.3478260869565
2025-04-21 16:00:00,2656,5.068382788094322,2.1721640520404235,10.7,0.9695853814705964,265.0,269.3478260869565
2025-04-21 17:00:00,2657,5.203224962414721,2.2299535553205945,10.8,0.7567523558687475,276.0,269.3478260869565
2025-04-21 18:00:00,2658,5.187440008139292,2.2231885749168394,10.8,1.1152108917515444,319.0,269.3478260869565
2025-04-21 19:00:00,2659,5.117653517207062,2.1932800788030264,10.8,1.927578113365269,351.0,269.3478260869565
2025-04-21 20:00:00,2660,4.912521375307066,2.105366303703028,10.6,2.006595899275025,362.0,269.3478260869565
2025-04-21 21:00:00,2661,5.056101994628355,2.166900854840723,10.6,2.3373020552440056,351.0,269.3478260869565
2025-04-21 22:00:00,2662,4.950394692109995,2.121597725189998,10.5,2.925907004237099,345.0,269.3478260869565
2025-04-21 23:00:00,2663,5.167807403441072,2.2147746014747454,10.4,1.4536467435014233,330.0,269.3478260869565
2025-04-22 00:00:00,2664,5.519530841810683,2.365513217918864,10.4,1.156157045254322,314.0,269.3478260869565
2025-04-22 01:00:00,2665,5.061879243157939,2.1693768184962594,10.3,0.9988455645115315,311.0,269.3478260869565
2025-04-22 02:00:00,2666,4.896115843921971,2.098335361680845,10.2,0.5378087353033548,307.0,269.3478260869565
2025-04-22 03:00:00,2667,4.4678249027919215,1.9147821011965378,10.2,0.04916931625250998,298.0,269.3478260869565
2025-04-22 04:00:00,2668,3.961415406706953,1.6977494600172658,10.2,0.0,288.0,269.3478260869565
2025-04-22 05:00:00,2669,4.193451413356238,1.797193462866959,10.1,0.0,269.0,269.3478260869565
2025-04-22 06:00:00,2670,4.13740132217897,1.7731719952195584,10.1,0.4519543343681375,255.0,269.3478260869565
2025-04-22 07:00:00,2671,4.2906721271143535,1.8388594830490084,10.1,1.808140009170573,232.0,269.3478260869565
2025-04-22 08:00:00,2672,4.595909328101611,1.9696754263292617,10.1,3.8904830461625366,216.0,269.3478260869565
2025-04-22 09:00:00,2673,4.304414245329981,1.8447489622842772,10.2,5.950340369819632,213.0,269.3478260869565
2025-04-22 10:00:00,2674,3.963139335488715,1.6984882866380209,10.2,7.3380811610418455,198.0,269.3478260869565
2025-04-22 11:00:00,2675,4.824037454517085,2.067444623364465,10.2,12.7610768400942,175.0,269.3478260869565
2025-04-22 12:00:00,2676,4.037734851354374,1.7304577934375889,10.2,15.0,165.0,269.3478260869565
2025-04-22 13:00:00,2677,4.711137009439884,2.0190587183313786,10.1,15.0,162.0,269.3478260869565
2025-04-22 14:00:00,2678,4.697539447462932,2.013231191769828,10.1,15.0,160.0,269.3478260869565
2025-04-22 15:00:00,2679,5.3504313181128484,2.293041993476935,10.1,15.0,179.0,269.3478260869565
2025-04-22 16:00:00,2680,4.875012785828984,2.0892911939267074,10.1,15.0,203.0,269.3478260869565
2025-04-22 17:00:00,2681,4.796868474050699,2.055800774593157,10.0,15.0,228.0,269.3478260869565
2025-04-22 18:00:00,2682,4.517941970967378,1.936260844700305,9.9,15.0,215.0,269.3478260869565
2025-04-22 19:00:00,2683,4.591242656518417,1.9676754242221783,9.9,15.0,212.0,269.3478260869565
2025-04-22 20:00:00,2684,4.453488608643224,1.90863797513281,9.9,15.0,200.0,269.3478260869565
2025-04-22 21:00:00,2685,4.988585736531229,2.1379653156562415,9.9,15.0,206.0,269.3478260869565
2025-04-22 22:00:00,2686,4.75715058237188,2.03877882101652,9.9,15.0,210.0,269.3478260869565
2025-04-22 23:00:00,2687,4.691650367104633,2.0107073001876996,9.9,2.5007994400316096,180.0,269.3478260869565
2025-04-23 00:00:00,2688,3.5563206936689653,1.5241374401438421,9.9,0.0,199.0,269.3478260869565
2025-04-23 01:00:00,2689,4.026306921254371,1.725560109109016,9.9,0.0,218.0,269.3478260869565
2025-04-23 02:00:00,2690,3.855465219800357,1.6523422370572958,9.9,0.0,235.0,269.3478260869565
2025-04-23 03:00:00,2691,3.894059267496451,1.6688825432127647,9.9,0.46787647644122554,257.0,269.3478260869565
2025-04-23 04:00:00,2692,3.7657597962821923,1.6138970555495111,9.9,2.589636037702812,312.0,269.3478260869565
2025-04-23 05:00:00,2693,3.7307214543471385,1.5988806232916308,9.9,4.1187671745282906,324.0,269.3478260869565
2025-04-23 06:00:00,2694,3.546840218630865,1.5200743794132279,9.9,6.1966594635025745,327.0,269.3478260869565
2025-04-23 07:00:00,2695,3.8235844293229615,1.6386790411384118,9.9,9.091640667280512,356.0,269.3478260869565
2025-04-23 08:00:00,2696,4.247913643613034,1.8205344186913002,9.9,9.828884508779645,359.0,269.3478260869565
2025-04-23 09:00:00,2697,4.334918884440706,1.8578223790460164,9.9,8.034388247741633,363.0,269.3478260869565
2025-04-23 10:00:00,2698,4.3955303727456165,1.8837987311766928,9.9,5.0389564399280955,369.0,269.3478260869565
2025-04-23 11:00:00,2699,4.497762715967423,1.927612592557467,10.0,3.185430460711167,376.0,269.3478260869565
2025-04-23 12:00:00,2700,4.319146634045797,1.851062843162484,10.1,2.2306657913321533,383.0,269.3478260869565
2025-04-23 13:00:00,2701,5.0486922954204285,2.1637252694658975,10.1,2.298028437414511,389.0,269.3478260869565
2025-04-23 14:00:00,2702,5.300844952531021,2.2717906939418655,10.1,2.6367189976076357,399.0,269.3478260869565
2025-04-23 15:00:00,2703,4.759867633067298,2.039943271314556,10.2,2.2605123604443387,409.0,269.3478260869565
2025-04-23 16:00:00,2704,4.7163291444689985,2.021283919058142,10.3,1.6264894589182086,414.0,269.3478260869565
2025-04-23 17:00:00,2705,4.958209255175879,2.124946823646805,10.4,1.6773652496245537,419.0,269.3478260869565
2025-04-23 18:00:00,2706,5.59615479512771,2.3983520550547324,10.4,1.8066760235946804,423.0,269.3478260869565
2025-04-23 19:00:00,2707,5.7603828327642805,2.46873549975612,10.4,1.7796173953792738,425.0,269.3478260869565
2025-04-23 20:00:00,2708,5.604089601775398,2.40175268647517,10.4,1.5432904085907069,419.0,269.3478260869565
2025-04-23 21:00:00,2709,5.2676212083508815,2.257551946436092,10.4,1.0594861101885729,408.0,269.3478260869565
2025-04-23 22:00:00,2710,5.460459084180574,2.3401967503631034,10.4,0.6483171781930074,394.0,269.3478260869565
2025-04-23 23:00:00,2711,5.11182570145433,2.190782443480427,10.3,0.2603993753254829,380.0,269.3478260869565
2025-04-24 00:00:00,2712,5.444901126612022,2.333529054262295,10.3,0.09459707984721742,357.0,269.3478260869565
2025-04-24 01:00:00,2713,5.6562965898435404,2.4241271099329462,10.3,0.0,345.0,269.3478260869565
2025-04-24 02:00:00,2714,5.139766361838793,2.2027570122166256,10.2,0.0,344.0,269.3478260869565
2025-04-24 03:00:00,2715,4.947893447787703,2.1205257633375862,10.2,0.05308408760044003,331.0,269.3478260869565
2025-04-24 04:00:00,2716,4.50739257038021,1.9317396730200902,10.2,0.11160348126929782,327.0,269.3478260869565
2025-04-24 05:00:00,2717,5.225825253806274,2.239639394488403,10.2,0.19279768914428053,315.0,269.3478260869565
2025-04-24 06:00:00,2718,4.941619883005868,2.1178370927168,10.2,0.4179737237373723,306.0,269.3478260869565
2025-04-24 07:00:00,2719,4.995606590168984,2.1409742529295643,10.2,1.0928530379469146,307.0,269.3478260869565
2025-04-24 08:00:00,2720,4.1819677464856335,1.7922718913509856,10.3,2.2140872158612717,292.0,269.3478260869565
2025-04-24 09:00:00,2721,4.49153857064584,1.9249451017053603,10.4,2.9431011192960836,273.0,269.3478260869565
2025-04-24 10:00:00,2722,4.49305290633965,1.9255941027169927,10.4,3.23357821498875,266.0,269.3478260869565
2025-04-24 11:00:00,2723,4.27425474725712,1.8318234631101944,10.5,3.0233922801956106,255.0,269.3478260869565
2025-04-24 12:00:00,2724,4.535141102588332,1.9436319011092853,10.6,3.043697586328755,249.0,269.3478260869565
2025-04-24 13:00:00,2725,5.0585955745233795,2.167969531938591,10.6,3.122850285952386,256.0,269.3478260869565
2025-04-24 14:00:00,2726,4.885255330252374,2.0936808558224462,10.6,3.000704878736888,263.0,269.3478260869565
2025-04-24 15:00:00,2727,5.121538854215446,2.1949452232351914,10.6,3.235806827391929,282.0,269.3478260869565
2025-04-24 16:00:00,2728,4.860895410352746,2.0832408901511767,10.6,3.1902239516139597,290.0,269.3478260869565
2025-04-24 17:00:00,2729,4.882465906604434,2.092485388544757,10.6,3.451296172363305,283.0,269.3478260869565
2025-04-24 18:00:00,2730,5.070125678660694,2.172911005140297,10.6,4.167258973097682,285.0,269.3478260869565
2025-04-24 19:00:00,2731,5.250632673211726,2.250271145662168,10.6,4.534357720825379,290.0,269.3478260869565
2025-04-24 20:00:00,2732,4.798588392697746,2.056537882584748,10.6,5.047277452789808,288.0,269.3478260869565
2025-04-24 21:00:00,2733,4.6183973363089885,1.9793131441324237,10.6,6.155024008959067,270.0,269.3478260869565
2025-04-24 22:00:00,2734,4.771576077985706,2.0449611762795885,10.6,7.3130350439986405,255.0,269.3478260869565
2025-04-24 23:00:00,2735,5.05531594866817,2.166563978000644,10.6,9.119317651239992,241.0,269.3478260869565
2025-04-25 00:00:00,2736,5.151758794046666,2.2078966260199993,10.5,10.457956296700555,227.0,269.3478260869565
2025-04-25 01:00:00,2737,5.382687944811497,2.3068662620620706,10.4,12.763797761872341,244.0,269.3478260869565
2025-04-25 02:00:00,2738,4.857852969902991,2.081936987101282,10.4,14.321793268839777,270.0,269.3478260869565
2025-04-25 03:00:00,2739,4.857151050761482,2.0816361646120636,10.4,15.0,291.0,269.3478260869565
2025-04-25 04:00:00,2740,4.355314820077334,1.8665634943188576,10.4,15.0,310.0,269.3478260869565
2025-04-25 05:00:00,2741,4.230865186790919,1.813227937196108,10.4,15.0,317.0,269.3478260869565
2025-04-25 06:00:00,2742,4.035849488342631,1.7296497807182705,10.4,15.0,324.0,269.3478260869565
2025-04-25 07:00:00,2743,4.327781452422884,1.8547634796098071,10.4,15.0,319.0,269.3478260869565
2025-04-25 08:00:00,2744,4.495326024222104,1.926568296095187,10.3,15.0,312.0,269.3478260869565
2025-04-25 09:00:00,2745,4.753922539680741,2.037395374148889,10.3,15.0,315.0,269.3478260869565
2025-04-25 10:00:00,2746,4.932358052989258,2.1138677369953967,10.3,15.0,315.0,269.3478260869565
2025-04-25 11:00:00,2747,5.074288627588141,2.1746951261092033,10.2,15.0,310.0,269.3478260869565
2025-04-25 12:00:00,2748,5.0023541731678876,2.143866074214809,10.2,13.978964260639298,311.0,269.3478260869565
2025-04-25 13:00:00,2749,4.9614917999190205,2.1263536285367226,10.2,13.951670642625412,310.0,269.3478260869565
2025-04-25 14:00:00,2750,4.987284214032073,2.1374075202994596,10.2,13.585872681551209,317.0,269.3478260869565
2025-04-25 15:00:00,2751,5.199531539947603,2.228370659977544,10.2,13.469588662893656,311.0,269.3478260869565
2025-04-25 16:00:00,2752,5.252548941606184,2.2510924035455075,10.2,13.311914942593083,347.0,269.3478260869565
2025-04-25 17:00:00,2753,5.276098876948408,2.261185232977889,10.2,12.144364354335481,372.0,269.3478260869565
2025-04-25 18:00:00,2754,4.923091784914883,2.1098964792492354,10.2,11.989292485504782,387.0,269.3478260869565
2025-04-25 19:00:00,2755,5.176124866696236,2.218339228584101,10.2,11.55504730471321,388.0,269.3478260869565
2025-04-25 20:00:00,2756,4.789373664733114,2.0525887134570486,10.2,9.992061962107433,391.0,269.3478260869565
2025-04-25 21:00:00,2757,4.921652734466184,2.10927974334265,10.2,7.880099717863716,388.0,269.3478260869565
2025-04-25 22:00:00,2758,4.988311553086126,2.1378478084654824,10.2,7.36470919863047,381.0,269.3478260869565
2025-04-25 23:00:00,2759,4.816928565283639,2.064397956550131,10.2,6.624736814691563,382.0,269.3478260869565
2025-04-26 00:00:00,2760,4.679267052999448,2.0054001655711917,10.2,5.739804680065246,372.0,269.3478260869565
2025-04-26 01:00:00,2761,4.729550478924286,2.0269502052532653,10.2,6.184943021622649,367.0,269.3478260869565
2025-04-26 02:00:00,2762,4.49256440574891,1.9253847453209614,10.1,6.399455667418738,370.0,269.3478260869565
2025-04-26 03:00:00,2763,4.8979345794140965,2.0991148197488982,10.1,5.785375028816685,379.0,269.3478260869565
2025-04-26 04:00:00,2764,4.777783780610637,2.0476216202617015,10.1,5.40877248677516,383.0,269.3478260869565
2025-04-26 05:00:00,2765,4.771464252529343,2.044913251084004,10.1,4.490714641308496,385.0,269.3478260869565
2025-04-26 06:00:00,2766,4.303095536111046,1.8441838011904483,10.1,3.2378352763806815,387.0,269.3478260869565
2025-04-26 07:00:00,2767,4.236756439546593,1.8157527598056824,10.2,2.2379160081869345,394.0,269.3478260869565
2025-04-26 08:00:00,2768,4.57520479127685,1.9608020534043642,10.3,1.5787763403679487,387.0,269.3478260869565
2025-04-26 09:00:00,2769,4.171770202742707,1.7879015154611602,10.4,1.381831691100307,376.0,269.3478260869565
2025-04-26 10:00:00,2770,4.391531576135065,1.882084961200742,10.4,1.911803199341337,345.0,269.3478260869565
2025-04-26 11:00:00,2771,4.802802757894849,2.058344039097792,10.6,1.6902419326451203,311.0,269.3478260869565
2025-04-26 12:00:00,2772,4.507062678713,1.9315982908769995,10.6,2.575818668873963,289.0,269.3478260869565
2025-04-26 13:00:00,2773,5.397410436280479,2.313175901263062,10.6,5.296781419202766,296.0,269.3478260869565
2025-04-26 14:00:00,2774,4.899624702538265,2.099839158230685,10.6,8.580366330191108,298.0,269.3478260869565
2025-04-26 15:00:00,2775,5.258651868177358,2.253707943504582,10.7,9.394765418867603,281.0,269.3478260869565
2025-04-26 16:00:00,2776,5.058096135888773,2.1677554868094737,10.7,11.57789047633491,248.0,269.3478260869565
2025-04-26 17:00:00,2777,5.755228598863546,2.4665265423700915,10.7,15.0,241.0,269.3478260869565
2025-04-26 18:00:00,2778,5.510104629542734,2.361473412661171,10.7,15.0,230.0,269.3478260869565
2025-04-26 19:00:00,2779,5.74533458311741,2.462286249907461,10.7,15.0,236.0,269.3478260869565
2025-04-26 20:00:00,2780,6.077592887528665,2.6046826660837135,10.6,15.0,215.0,269.3478260869565
2025-04-26 21:00:00,2781,6.123665118467612,2.6244279079146904,10.6,15.0,185.0,269.3478260869565
2025-04-26 22:00:00,2782,6.02810149812538,2.583472070625163,10.6,15.0,178.0,269.3478260869565
2025-04-26 23:00:00,2783,6.002831285943124,2.57264197968991,10.6,15.0,211.0,269.3478260869565
2025-04-27 00:00:00,2784,5.779156027362008,2.4767811545837177,10.6,15.0,159.0,269.3478260869565
2025-04-27 01:00:00,2785,5.3262631853232225,2.282684222281381,10.6,15.0,157.0,269.3478260869565
2025-04-27 02:00:00,2786,4.662150844767973,1.9980646477577024,10.5,15.0,170.0,269.3478260869565
2025-04-27 03:00:00,2787,4.544083287887486,1.9474642662374937,10.5,15.0,180.0,269.3478260869565
2025-04-27 04:00:00,2788,4.431129925123008,1.8990556821955746,10.5,15.0,162.0,269.3478260869565
2025-04-27 05:00:00,2789,4.462419534665803,1.9124655148567724,10.5,15.0,163.0,269.3478260869565
2025-04-27 06:00:00,2790,4.082138067457156,1.749487743195924,10.5,15.0,166.0,269.3478260869565
2025-04-27 07:00:00,2791,3.8239136306883688,1.6388201274378722,10.5,15.0,145.0,269.3478260869565
2025-04-27 08:00:00,2792,3.9461942288007648,1.6912260980574705,10.6,15.0,143.0,269.3478260869565
2025-04-27 09:00:00,2793,4.477315198485688,1.9188493707795804,10.6,15.0,144.0,269.3478260869565
2025-04-27 10:00:00,2794,3.951400006934496,1.6934571458290695,10.6,15.0,142.0,269.3478260869565
2025-04-27 11:00:00,2795,4.600348682838572,1.9715780069308164,10.6,15.0,142.0,269.3478260869565
2025-04-27 12:00:00,2796,4.233050382889316,1.8141644498097067,10.6,15.0,141.0,269.3478260869565
2025-04-27 13:00:00,2797,4.897931012778147,2.0991132911906343,10.6,15.0,141.0,269.3478260869565
2025-04-27 14:00:00,2798,4.850874163446505,2.078946070048502,10.7,15.0,139.0,269.3478260869565
2025-04-27 15:00:00,2799,4.959455388085848,2.1254808806082206,10.7,15.0,137.0,269.3478260869565
2025-04-27 16:00:00,2800,4.4652456866376555,1.9136767228447094,10.8,15.0,170.0,269.3478260869565
2025-04-27 17:00:00,2801,4.581143796793423,1.9633473414828957,10.8,15.0,181.0,269.3478260869565
2025-04-27 18:00:00,2802,4.649476725244673,1.9926328822477166,10.8,15.0,181.0,269.3478260869565
2025-04-27 19:00:00,2803,4.2839099744329365,1.8359614176141157,10.8,15.0,180.0,269.3478260869565
2025-04-27 20:00:00,2804,4.114446703049774,1.7633343013070457,10.8,15.0,180.0,269.3478260869565
2025-04-27 21:00:00,2805,4.022526087536761,1.7239397518014692,10.8,15.0,176.0,269.3478260869565
2025-04-27 22:00:00,2806,3.9008897458354945,1.6718098910723547,10.7,15.0,145.0,269.3478260869565
2025-04-27 23:00:00,2807,4.022949538637591,1.724121230844682,10.7,15.0,139.0,269.3478260869565
2025-04-28 00:00:00,2808,4.266361567634684,1.828440671843436,10.7,15.0,152.0,269.3478260869565
2025-04-28 01:00:00,2809,4.994943390018433,2.140690024293614,10.7,13.933363237348175,154.0,269.3478260869565
2025-04-28 02:00:00,2810,4.0006966257305105,1.7145842681702188,10.6,11.232407036521584,165.0,269.3478260869565
2025-04-28 03:00:00,2811,4.227657009212614,1.8118530039482628,10.6,9.606303181917164,177.0,269.3478260869565
2025-04-28 04:00:00,2812,4.1880412066564565,1.7948748028527668,10.6,8.339996143247053,230.0,269.3478260869565
2025-04-28 05:00:00,2813,4.117835825503776,1.764786782358761,10.6,5.897769695619054,263.0,269.3478260869565
2025-04-28 06:00:00,2814,4.102074056946325,1.7580317386912818,10.6,5.2160707522669965,283.0,269.3478260869565
2025-04-28 07:00:00,2815,4.133007252675883,1.7712888225753782,10.7,5.88790668881949,294.0,269.3478260869565
2025-04-28 08:00:00,2816,4.4950160633842415,1.9264354557361032,10.7,5.9337658630173955,288.0,269.3478260869565
2025-04-28 09:00:00,2817,4.137374475263218,1.773160489398522,10.8,6.158392698924011,285.0,269.3478260869565
2025-04-28 10:00:00,2818,4.464275456754649,1.9132609100377063,10.8,6.195489326959009,279.0,269.3478260869565
2025-04-28 11:00:00,2819,4.375962454800387,1.8754124806287373,10.9,7.786457741199258,267.0,269.3478260869565
2025-04-28 12:00:00,2820,4.219255052592312,1.808252165396705,10.9,9.21731334087295,258.0,269.3478260869565
2025-04-28 13:00:00,2821,4.885703010572316,2.093872718816707,10.9,8.832026442520796,260.0,269.3478260869565
2025-04-28 14:00:00,2822,4.526604781682318,1.9399734778638504,10.9,7.0448788039862595,260.0,269.3478260869565
2025-04-28 15:00:00,2823,4.6253227883642545,1.982281195013252,11.0,4.862118683762967,276.0,269.3478260869565
2025-04-28 16:00:00,2824,4.448284222060082,1.9064075237400346,11.1,3.594243010912937,304.0,269.3478260869565
2025-04-28 17:00:00,2825,4.542999290711776,1.9469996960193328,11.1,2.707394291795515,324.0,269.3478260869565
2025-04-28 18:00:00,2826,4.446151866511337,1.9054936570762873,11.1,2.0641723316027916,340.0,269.3478260869565
2025-04-28 19:00:00,2827,4.24626200865078,1.8198265751360487,11.1,1.5131041747433995,335.0,269.3478260869565
2025-04-28 20:00:00,2828,4.4656323685721455,1.9138424436737766,11.0,0.9690388049444634,316.0,269.3478260869565
2025-04-28 21:00:00,2829,4.240181399217492,1.8172205996646393,10.9,0.6648298600403573,295.0,269.3478260869565
2025-04-28 22:00:00,2830,4.197206094278898,1.7988026118338134,10.9,0.017029880556700985,275.0,269.3478260869565
2025-04-28 23:00:00,2831,4.142250606448463,1.7752502599064839,10.9,0.045105983039661936,267.0,269.3478260869565
2025-04-29 00:00:00,2832,4.6126364756683085,1.9768442038578462,10.9,0.21776431660508525,262.0,269.3478260869565
2025-04-29 01:00:00,2833,4.416745912630573,1.8928911054131023,10.8,0.306777591390409,260.0,269.3478260869565
2025-04-29 02:00:00,2834,4.05492251977742,1.7378239370474653,10.8,0.2959476677482261,281.0,269.3478260869565
2025-04-29 03:00:00,2835,3.634678268051029,1.5577192577361552,10.7,0.14153889805032518,301.0,269.3478260869565
2025-04-29 04:00:00,2836,3.5997065246436057,1.5427313677044023,10.7,0.06228664380841956,310.0,269.3478260869565
2025-04-29 05:00:00,2837,3.6105558047473725,1.547381059177445,10.7,0.05573246518208334,315.0,269.3478260869565
2025-04-29 06:00:00,2838,3.7140140348045723,1.591720300630531,10.7,0.0934889489222919,323.0,269.3478260869565
2025-04-29 07:00:00,2839,4.03928437450747,1.7311218747889157,10.8,0.14484364579661846,345.0,269.3478260869565
2025-04-29 08:00:00,2840,4.0385775800483525,1.7308189628778652,10.9,0.20236521900053542,359.0,269.3478260869565
2025-04-29 09:00:00,2841,3.9061366793695234,1.6740585768726526,11.0,0.1726703662398396,354.0,269.3478260869565
2025-04-29 10:00:00,2842,3.988411930413312,1.7093193987485622,11.1,0.06765631095362762,324.0,269.3478260869565
2025-04-29 11:00:00,2843,3.849327971372066,1.6497119877308855,11.3,0.07352319445360744,311.0,269.3478260869565
2025-04-29 12:00:00,2844,3.9854242424381527,1.7080389610449225,11.4,0.11950380436184915,300.0,269.3478260869565
2025-04-29 13:00:00,2845,4.267000417553963,1.8287144646659843,11.5,0.1652926530950791,289.0,269.3478260869565
2025-04-29 14:00:00,2846,4.027016134911909,1.7258640578193896,11.6,0.12487512879565356,294.0,269.3478260869565
2025-04-29 15:00:00,2847,4.2760717614544195,1.8326021834804656,11.7,0.01403010384352842,313.0,269.3478260869565
2025-04-29 16:00:00,2848,3.9604739588739513,1.6973459823745503,11.8,0.0,335.0,269.3478260869565
2025-04-29 17:00:00,2849,3.9924733636129717,1.7110600129769877,11.9,0.0,350.0,269.3478260869565
2025-04-29 18:00:00,2850,4.2947713398639795,1.840616288513134,11.9,0.0,361.0,269.3478260869565
2025-04-29 19:00:00,2851,4.0159693465694914,1.7211297199583533,11.9,0.0,357.0,269.3478260869565
2025-04-29 20:00:00,2852,3.7160736574220423,1.5926029960380181,11.9,0.0,342.0,269.3478260869565
2025-04-29 21:00:00,2853,4.106552286614191,1.7599509799775102,11.8,0.0,323.0,269.3478260869565
2025-04-29 22:00:00,2854,3.815688832088515,1.6352952137522208,11.7,0.011419374341289507,316.0,269.3478260869565
2025-04-29 23:00:00,2855,3.9214660842876174,1.6806283218375502,11.6,0.043045542312203866,293.0,269.3478260869565
2025-04-30 00:00:00,2856,4.230100444404119,1.8129001904589077,11.6,0.09459707984721742,284.0,269.3478260869565
2025-04-30 01:00:00,2857,4.1464875931306615,1.7770661113417119,11.6,0.12766388034215614,296.0,269.3478260869565
2025-04-30 02:00:00,2858,4.36102186790991,1.8690093719613898,11.5,0.0,289.0,269.3478260869565
2025-04-30 03:00:00,2859,4.8337345671845515,2.071600528793379,11.4,0.0,286.0,269.3478260869565
2025-04-30 04:00:00,2860,4.321315766397291,1.8519924713131242,11.4,0.0,311.0,269.3478260869565
2025-04-30 05:00:00,2861,4.245235713240856,1.819386734246081,11.4,0.0,311.0,269.3478260869565
2025-04-30 06:00:00,2862,4.458088304407999,1.9106092733177138,11.4,0.0,333.0,269.3478260869565
2025-04-30 07:00:00,2863,4.155198112341489,1.7807991910034953,11.6,0.0,349.0,269.3478260869565
2025-04-30 08:00:00,2864,4.21723947873412,1.8073883480289084,11.7,0.0,355.0,269.3478260869565
2025-04-30 09:00:00,2865,3.9500541362787054,1.6928803441194449,11.9,0.0,349.0,269.3478260869565
2025-04-30 10:00:00,2866,3.84623420941808,1.6483860897506057,12.0,0.028455957838668184,333.0,269.3478260869565
2025-04-30 11:00:00,2867,4.3763585918451025,1.8755822536479008,12.1,0.10270031228049628,323.0,269.3478260869565
2025-04-30 12:00:00,2868,4.26677896700265,1.82861955728685,12.3,0.14985424057649638,321.0,269.3478260869565
2025-04-30 13:00:00,2869,4.572064639083624,1.959456273892982,12.4,0.12953600187835035,339.0,269.3478260869565
2025-04-30 14:00:00,2870,4.424204600530949,1.896087685941835,12.5,0.05123881823393865,360.0,269.3478260869565
2025-04-30 15:00:00,2871,4.729467244037564,2.0269145331589558,12.6,0.0,377.0,269.3478260869565
2025-04-30 16:00:00,2872,4.752898248046437,2.0369563920199014,12.6,0.0,391.0,269.3478260869565
2025-04-30 17:00:00,2873,4.818747907750556,2.0651776747502377,12.7,0.0,401.0,269.3478260869565
2025-04-30 18:00:00,2874,4.697703977342926,2.0133017045755395,12.7,0.0,406.0,269.3478260869565
2025-04-30 19:00:00,2875,4.979519416016583,2.1340797497213924,12.7,0.0,403.0,269.3478260869565
2025-04-30 20:00:00,2876,5.051013561214575,2.164720097663389,12.6,0.0753453922470489,397.0,269.3478260869565
2025-04-30 21:00:00,2877,4.676806273129979,2.0043455456271335,12.6,0.18039800051049878,391.0,269.3478260869565
2025-04-30 22:00:00,2878,4.6081702557058914,1.9749301095882392,12.6,0.653559504070669,382.0,269.3478260869565
2025-04-30 23:00:00,2879,5.18657912388543,2.222819624522327,12.4,1.0451851920042081,386.0,269.3478260869565
2025-05-01 00:00:00,2880,5.115187023111734,2.1922230099050286,12.4,1.4042734065175566,386.0,269.3478260869565
2025-05-01 01:00:00,2881,5.352359044577966,2.2938681619619854,12.4,1.4376925074281215,389.0,269.3478260869565
2025-05-01 02:00:00,2882,4.3181592292273105,1.8506396696688474,12.2,1.1589039746510608,390.0,269.3478260869565
2025-05-01 03:00:00,2883,5.009589089752973,2.146966752751274,12.2,0.7853931692492586,390.0,269.3478260869565
2025-05-01 04:00:00,2884,5.548061027098182,2.377740440184935,12.1,0.48416553788445016,391.0,269.3478260869565
2025-05-01 05:00:00,2885,5.5069312449561885,2.360113390695509,12.1,0.3184625980051002,391.0,269.3478260869565
2025-05-01 06:00:00,2886,5.060627913270263,2.1688405342586843,12.1,0.13531015394115797,391.0,269.3478260869565
2025-05-01 07:00:00,2887,5.350831739983702,2.2932136028501575,12.1,0.06035663551044258,387.0,269.3478260869565
2025-05-01 08:00:00,2888,5.578012913539821,2.3905769629456373,12.2,0.0754160088629627,384.0,269.3478260869565
2025-05-01 09:00:00,2889,5.5237157296319594,2.3673067412708395,12.4,0.15226696108459678,380.0,269.3478260869565
2025-05-01 10:00:00,2890,5.840775756203479,2.5031896098014905,12.5,0.9025712837088663,377.0,269.3478260869565
2025-05-01 11:00:00,2891,5.307802441697762,2.274772475013326,12.6,1.6163358287351874,370.0,269.3478260869565
2025-05-01 12:00:00,2892,5.799972824058213,2.485702638882091,12.7,3.3598004380327886,354.0,269.3478260869565
2025-05-01 13:00:00,2893,5.944309106478263,2.5475610456335414,12.8,6.2335692405630985,349.0,269.3478260869565
2025-05-01 14:00:00,2894,5.76587751190136,2.4710903622434404,12.8,7.325357022671162,346.0,269.3478260869565
2025-05-01 15:00:00,2895,5.2770821365209795,2.2616066299375626,12.9,6.976126965915109,336.0,269.3478260869565
2025-05-01 16:00:00,2896,5.1538580215306125,2.208796294941691,12.9,6.830645536605833,331.0,269.3478260869565
2025-05-01 17:00:00,2897,4.850654185373781,2.0788517937316198,12.9,8.479754058843504,317.0,269.3478260869565
2025-05-01 18:00:00,2898,4.918170354494021,2.1077872947831517,12.9,11.217224523885474,313.0,269.3478260869565
2025-05-01 19:00:00,2899,4.939529620834898,2.1169412660720988,12.9,12.618524763791287,310.0,269.3478260869565
2025-05-01 20:00:00,2900,5.3224614743399945,2.2810549175742834,12.9,11.657822041741381,302.0,269.3478260869565
2025-05-01 21:00:00,2901,5.588648442452921,2.395135046765537,12.9,10.37936882079277,274.0,269.3478260869565
2025-05-01 22:00:00,2902,5.220979554867306,2.2375626663717028,12.8,8.391312040753958,251.0,269.3478260869565
2025-05-01 23:00:00,2903,4.989447001276803,2.1383344291186295,12.8,7.9911922295329045,250.0,269.3478260869565
2025-05-02 00:00:00,2904,4.625166536625086,1.9822142299821797,12.7,7.64101892817467,248.0,269.3478260869565
2025-05-02 01:00:00,2905,5.097610460105853,2.184690197188223,12.6,7.029363218400637,245.0,269.3478260869565
2025-05-02 02:00:00,2906,4.944215330162828,2.1189494272126406,12.6,5.438024195937626,255.0,269.3478260869565
2025-05-02 03:00:00,2907,4.425298910739752,1.8965566760313224,12.6,5.39297612630481,256.0,269.3478260869565
2025-05-02 04:00:00,2908,4.106028153780391,1.7597263516201676,12.5,5.9639217878183715,270.0,269.3478260869565
2025-05-02 05:00:00,2909,4.351818784728535,1.8650651934550864,12.4,6.096176267019902,273.0,269.3478260869565
2025-05-02 06:00:00,2910,4.4552542387779965,1.9093946737619985,12.4,5.336389642564932,328.0,269.3478260869565
2025-05-02 07:00:00,2911,4.275494969122608,1.832354986766832,12.4,5.009401497252846,360.0,269.3478260869565
2025-05-02 08:00:00,2912,5.37839393570623,2.305025972445527,12.4,5.063926467585092,346.0,269.3478260869565
2025-05-02 09:00:00,2913,5.03626439522274,2.158399026524031,12.4,5.037383821178533,336.0,269.3478260869565
2025-05-02 10:00:00,2914,5.641531085116043,2.417799036478304,12.4,3.689307448331167,345.0,269.3478260869565
2025-05-02 11:00:00,2915,5.0744846845800655,2.1747791505343135,12.4,3.754853895002167,346.0,269.3478260869565
2025-05-02 12:00:00,2916,5.4239593745587555,2.324554017668038,12.4,3.4066333946441056,332.0,269.3478260869565
2025-05-02 13:00:00,2917,5.293303214746089,2.2685585206054664,12.5,3.173783128716577,315.0,269.3478260869565
2025-05-02 14:00:00,2918,5.640468700586057,2.417343728822596,12.6,2.099564258924754,308.0,269.3478260869565
2025-05-02 15:00:00,2919,5.49405354352268,2.3545943757954344,12.6,1.438606949736176,307.0,269.3478260869565
2025-05-02 16:00:00,2920,5.211923787,2.2336816230000003,12.8,0.9749991427356757,314.0,269.3478260869565
2025-05-02 17:00:00,2921,5.243481597462081,2.2472063989123203,12.8,0.5891071979675337,325.0,269.3478260869565
2025-05-02 18:00:00,2922,4.98995990210301,2.1385542437584326,12.9,0.44093477035186357,346.0,269.3478260869565
2025-05-02 19:00:00,2923,4.753795107866901,2.037340760514386,12.9,0.40675933771462625,361.0,269.3478260869565
2025-05-02 20:00:00,2924,5.372518024197886,2.302507724656236,12.8,0.4396133471800077,355.0,269.3478260869565
2025-05-02 21:00:00,2925,5.177868862040122,2.2190866551600523,12.8,1.010644553552203,331.0,269.3478260869565
2025-05-02 22:00:00,2926,5.107151595587791,2.18877925525191,12.7,2.3712375890543487,282.0,269.3478260869565
2025-05-02 23:00:00,2927,5.265352172285096,2.2565795024078983,12.6,3.5905209493621695,240.0,269.3478260869565
2025-05-03 00:00:00,2928,5.331677204826267,2.2850045163541144,12.6,3.154490295412577,255.0,269.3478260869565
2025-05-03 01:00:00,2929,5.379651639405552,2.305564988316665,12.6,1.9957321763094915,260.0,269.3478260869565
2025-05-03 02:00:00,2930,6.121067866717226,2.6233148000216677,12.5,1.324970079858739,245.0,269.3478260869565
2025-05-03 03:00:00,2931,5.2757354269555865,2.2610294686952517,12.5,1.6427688989071574,241.0,269.3478260869565
2025-05-03 04:00:00,2932,5.122225916064956,2.1952396783135524,12.4,2.0868789950496542,248.0,269.3478260869565
2025-05-03 05:00:00,2933,4.890896729489676,2.096098598352718,12.4,2.5097996519690047,256.0,269.3478260869565
2025-05-03 06:00:00,2934,4.380816680424118,1.8774928630389078,12.4,3.976168443375408,272.0,269.3478260869565
2025-05-03 07:00:00,2935,4.654800133312673,1.994914342848288,12.4,4.9360945406813155,280.0,269.3478260869565
2025-05-03 08:00:00,2936,4.817067595099752,2.064457540757037,12.4,4.955098123250775,258.0,269.3478260869565
2025-05-03 09:00:00,2937,4.659943072729799,1.9971184597413423,12.4,5.052932620423836,244.0,269.3478260869565
2025-05-03 10:00:00,2938,4.428735710647274,1.8980295902774027,12.5,5.355854616212295,240.0,269.3478260869565
2025-05-03 11:00:00,2939,4.614276002796661,1.9775468583414262,12.5,5.548822953380843,225.0,269.3478260869565
2025-05-03 12:00:00,2940,4.631870754372473,1.9850874661596314,12.6,6.600567026670393,210.0,269.3478260869565
2025-05-03 13:00:00,2941,5.182676179819243,2.2211469342082473,12.6,8.686305376889324,194.0,269.3478260869565
2025-05-03 14:00:00,2942,5.154493803581527,2.2090687729635112,12.6,10.040076954094602,202.0,269.3478260869565
2025-05-03 15:00:00,2943,5.245436012603905,2.2480440054016735,12.6,11.641580608535536,212.0,269.3478260869565
2025-05-03 16:00:00,2944,5.268034996580981,2.257729284248992,12.6,11.51224010438218,222.0,269.3478260869565
2025-05-03 17:00:00,2945,5.603179961707388,2.401362840731738,12.6,11.868385935557901,245.0,269.3478260869565
2025-05-03 18:00:00,2946,5.3639229736777745,2.298824131576189,12.6,13.525897145315707,238.0,269.3478260869565
2025-05-03 19:00:00,2947,5.112883000186817,2.191235571508636,12.6,14.9183634516378,248.0,269.3478260869565
2025-05-03 20:00:00,2948,5.237025278929215,2.244439405255378,12.6,14.366660593123138,220.0,269.3478260869565
2025-05-03 21:00:00,2949,4.975445153099694,2.132333637042726,12.6,13.25835703358832,197.0,269.3478260869565
2025-05-03 22:00:00,2950,4.9516058878930025,2.122116809097001,12.6,10.732511205423476,180.0,269.3478260869565
2025-05-03 23:00:00,2951,4.954126596753911,2.1231971128945335,12.6,9.963211720847635,169.0,269.3478260869565
2025-05-04 00:00:00,2952,5.218701320377216,2.2365862801616636,12.6,9.786518257991418,160.0,269.3478260869565
2025-05-04 01:00:00,2953,5.596643161957736,2.3985613551247438,12.6,9.78521312856335,162.0,269.3478260869565
2025-05-04 02:00:00,2954,5.195839835690316,2.2267885010101356,12.5,11.262302910461319,162.0,269.3478260869565
2025-05-04 03:00:00,2955,4.561975387769827,1.9551323090442114,12.5,11.13155480339346,169.0,269.3478260869565
2025-05-04 04:00:00,2956,4.421115117891158,1.894763621953353,12.4,8.940458981746502,167.0,269.3478260869565
2025-05-04 05:00:00,2957,4.8084732872492255,2.0607742659639534,12.4,5.105546389674964,174.0,269.3478260869565
2025-05-04 06:00:00,2958,4.349540880538973,1.8640889488024164,12.4,2.043502982421373,187.0,269.3478260869565
2025-05-04 07:00:00,2959,4.14016870970536,1.7743580184451544,12.4,1.0057973100517805,206.0,269.3478260869565
2025-05-04 08:00:00,2960,4.40825978569338,1.8892541938685914,12.4,1.066934240763823,233.0,269.3478260869565
2025-05-04 09:00:00,2961,4.552111678448047,1.9509050050491628,12.4,1.927545575086461,267.0,269.3478260869565
2025-05-04 10:00:00,2962,4.189304132914396,1.7954160569633122,12.4,5.428461582569465,276.0,269.3478260869565
2025-05-04 11:00:00,2963,4.55996601278749,1.9542711483374957,12.5,9.197120728194875,271.0,269.3478260869565
2025-05-04 12:00:00,2964,4.731409898012416,2.027747099148178,12.5,9.98781492665401,261.0,269.3478260869565
2025-05-04 13:00:00,2965,4.883203173034283,2.092801359871835,12.5,8.185154106476341,250.0,269.3478260869565
2025-05-04 14:00:00,2966,5.070005805048227,2.1728596307349544,12.6,6.589935430335575,247.0,269.3478260869565
2025-05-04 15:00:00,2967,5.14565102674941,2.2052790114640324,12.6,5.6960250368183045,264.0,269.3478260869565
2025-05-04 16:00:00,2968,4.936587279833011,2.115680262785576,12.6,5.047518529551892,288.0,269.3478260869565
2025-05-04 17:00:00,2969,5.118331455244244,2.1935706236761043,12.6,4.616504420410524,303.0,269.3478260869565
2025-05-04 18:00:00,2970,5.046250119428338,2.1626786226121446,12.6,4.500307821305093,313.0,269.3478260869565
2025-05-04 19:00:00,2971,5.023370188830553,2.152872938070237,12.6,4.906102939937105,314.0,269.3478260869565
2025-05-04 20:00:00,2972,5.1340075138961705,2.2002889345269296,12.6,4.969133490212642,301.0,269.3478260869565
2025-05-04 21:00:00,2973,4.928476548820497,2.112204235208784,12.6,4.851591143433608,283.0,269.3478260869565
2025-05-04 22:00:00,2974,4.726669124548865,2.0257153390923706,12.5,5.052276870670753,285.0,269.3478260869565
2025-05-04 23:00:00,2975,4.660639563776629,1.9974169559042694,12.5,4.696630000261355,290.0,269.3478260869565
2025-05-05 00:00:00,2976,5.015566301949171,2.149528415121073,12.4,4.899163075102599,295.0,269.3478260869565
2025-05-05 01:00:00,2977,4.514161911511897,1.934640819219384,12.4,5.369388990508667,304.0,269.3478260869565
2025-05-05 02:00:00,2978,4.253940171660236,1.8231172164258154,12.4,5.0260869802061094,304.0,269.3478260869565
2025-05-05 03:00:00,2979,4.200435289089644,1.8001865524669904,12.4,4.874000926503438,303.0,269.3478260869565
2025-05-05 04:00:00,2980,3.9790050674956,1.705287886069543,12.4,4.38363026373588,315.0,269.3478260869565
2025-05-05 05:00:00,2981,3.833054556823609,1.6427376672101184,12.4,3.928771599206925,330.0,269.3478260869565
2025-05-05 06:00:00,2982,3.792850287019202,1.6255072658653722,12.4,3.6560866093726463,346.0,269.3478260869565
2025-05-05 07:00:00,2983,4.000888444027932,1.7146664760119712,12.4,3.7734717130185187,360.0,269.3478260869565
2025-05-05 08:00:00,2984,3.870280559545379,1.6586916683765909,12.4,3.9034923895888483,354.0,269.3478260869565
2025-05-05 09:00:00,2985,4.081623657267147,1.7492672816859203,12.4,4.117832890731942,350.0,269.3478260869565
2025-05-05 10:00:00,2986,3.7196748963888657,1.5941463841666568,12.4,3.209082967916891,356.0,269.3478260869565
2025-05-05 11:00:00,2987,3.9297606671061898,1.6841831430455099,12.4,3.508191246673749,357.0,269.3478260869565
2025-05-05 12:00:00,2988,4.110194495864797,1.7615119267991988,12.4,3.8114187871356267,357.0,269.3478260869565
2025-05-05 13:00:00,2989,4.322299567610392,1.8524141004044536,12.4,3.871109655674358,349.0,269.3478260869565
2025-05-05 14:00:00,2990,3.900177344788707,1.6715045763380172,12.4,3.5463961063794294,351.0,269.3478260869565
2025-05-05 15:00:00,2991,3.9430204568454945,1.6898659100766402,12.4,3.1968019314740816,362.0,269.3478260869565
2025-05-05 16:00:00,2992,3.914318360976533,1.6775650118470855,12.5,2.378642670790438,378.0,269.3478260869565
2025-05-05 17:00:00,2993,4.11791227137763,1.764819544876127,12.5,1.5086235889966106,387.0,269.3478260869565
2025-05-05 18:00:00,2994,4.203549080244613,1.8015210343905488,12.5,1.0778592444575392,394.0,269.3478260869565
2025-05-05 19:00:00,2995,4.264813061523341,1.827777026367146,12.5,0.8855268901819423,394.0,269.3478260869565
2025-05-05 20:00:00,2996,3.9553319564096916,1.695142267032725,12.4,0.6781129077726524,388.0,269.3478260869565
2025-05-05 21:00:00,2997,3.8817343923495713,1.6636004538641018,12.4,0.5374049617249755,380.0,269.3478260869565
2025-05-05 22:00:00,2998,3.8898630022889122,1.6670841438381052,12.4,0.4016510088414523,378.0,269.3478260869565
2025-05-05 23:00:00,2999,3.873324434423669,1.6599961861815722,12.4,0.17964360850021258,381.0,269.3478260869565
2025-05-06 00:00:00,3000,4.474246097699826,1.9175340418713538,12.4,0.003912789542190981,386.0,269.3478260869565
2025-05-06 01:00:00,3001,4.109438905563389,1.7611881023843092,12.3,0.0,390.0,269.3478260869565
2025-05-06 02:00:00,3002,3.581612692460391,1.5349768681973102,12.3,0.0,395.0,269.3478260869565
2025-05-06 03:00:00,3003,3.4743653560868895,1.4890137240372383,12.2,0.0,400.0,269.3478260869565
2025-05-06 04:00:00,3004,3.5169736271389693,1.5072744116309869,12.2,0.039124189653948586,402.0,269.3478260869565
2025-05-06 05:00:00,3005,3.3608761490627392,1.4403754924554597,12.2,0.11333418740840162,408.0,269.3478260869565
2025-05-06 06:00:00,3006,3.4932247565543335,1.4970963242375712,12.2,0.1529753978313788,414.0,269.3478260869565
2025-05-06 07:00:00,3007,3.472578866059912,1.488248085454248,12.3,0.10554632910709512,416.0,269.3478260869565
2025-05-06 08:00:00,3008,3.8873482050256634,1.6660063735824269,12.4,0.08486328916023386,413.0,269.3478260869565
2025-05-06 09:00:00,3009,3.4746003753977943,1.4891144465990547,12.4,0.01434660813067524,408.0,269.3478260869565
2025-05-06 10:00:00,3010,3.8133812983725455,1.634306270731091,12.6,0.0,402.0,269.3478260869565
2025-05-06 11:00:00,3011,3.884755288646179,1.6648951237055052,12.6,0.0,401.0,269.3478260869565
2025-05-06 12:00:00,3012,3.896028795164982,1.669726626499278,12.8,0.0,400.0,269.3478260869565
2025-05-06 13:00:00,3013,4.0944818911252705,1.7547779533394017,12.9,0.0,398.0,269.3478260869565
2025-05-06 14:00:00,3014,4.077761688473384,1.7476121522028785,12.9,0.0,396.0,269.3478260869565
2025-05-06 15:00:00,3015,4.074017839655687,1.746007645566723,13.1,0.0,396.0,269.3478260869565
2025-05-06 16:00:00,3016,4.181140232868571,1.791917242657959,13.1,0.0,402.0,269.3478260869565
2025-05-06 17:00:00,3017,4.235904625058454,1.8153876964536235,13.1,0.0,408.0,269.3478260869565
2025-05-06 18:00:00,3018,4.19935442717178,1.799723325930763,13.2,0.012814124498233954,408.0,269.3478260869565
2025-05-06 19:00:00,3019,4.323365077655019,1.8528707475664365,13.2,0.0,406.0,269.3478260869565
2025-05-06 20:00:00,3020,4.213367411954663,1.8057288908377125,13.1,0.0,402.0,269.3478260869565
2025-05-06 21:00:00,3021,4.463170534017234,1.9127873717216715,13.1,0.0,396.0,269.3478260869565
2025-05-06 22:00:00,3022,4.401861676789279,1.8865121471954052,13.1,0.0,371.0,269.3478260869565
2025-05-06 23:00:00,3023,4.532682706967371,1.9425783029860164,12.9,0.31379144053324093,370.0,269.3478260869565
2025-05-07 00:00:00,3024,4.365003162498111,1.8707156410706187,12.9,0.776568224097723,371.0,269.3478260869565
2025-05-07 01:00:00,3025,5.015997076828121,2.1497130329263374,12.8,1.0966199384012878,376.0,269.3478260869565
2025-05-07 02:00:00,3026,4.5798206569040545,1.9627802815303088,12.6,1.1283863133274812,384.0,269.3478260869565
2025-05-07 03:00:00,3027,4.479341493922585,1.9197177831096794,12.4,0.895558237273699,392.0,269.3478260869565
2025-05-07 04:00:00,3028,4.327618311080422,1.8546935618916092,12.2,0.6735455790444879,398.0,269.3478260869565
2025-05-07 05:00:00,3029,4.27318963832429,1.8313669878532668,12.1,0.37474102364618617,399.0,269.3478260869565
2025-05-07 06:00:00,3030,3.9255540793509454,1.6823803197218339,12.1,0.26085584638978715,406.0,269.3478260869565
2025-05-07 07:00:00,3031,4.214024081107173,1.8060103204745022,12.1,0.2869665311492474,413.0,269.3478260869565
2025-05-07 08:00:00,3032,4.431912592539776,1.8993911110884754,12.1,0.5040817292137552,412.0,269.3478260869565
2025-05-07 09:00:00,3033,4.213147970595594,1.8056348445409687,12.2,0.7620222346667128,408.0,269.3478260869565
2025-05-07 10:00:00,3034,4.770138919721484,2.0443452513092075,12.4,0.5054779415408011,400.0,269.3478260869565
2025-05-07 11:00:00,3035,4.307479059614337,1.84606245412043,12.4,0.6239076889924073,397.0,269.3478260869565
2025-05-07 12:00:00,3036,4.432126258471062,1.8994826822018838,12.6,0.48918673583080824,397.0,269.3478260869565
2025-05-07 13:00:00,3037,5.415515604988602,2.3209352592808297,12.6,0.22965887550288971,395.0,269.3478260869565
2025-05-07 14:00:00,3038,4.7254846516139235,2.025207707834538,12.8,0.16511747157807885,393.0,269.3478260869565
2025-05-07 15:00:00,3039,4.787817376044016,2.0519217325902925,12.9,0.2746228962121979,395.0,269.3478260869565
2025-05-07 16:00:00,3040,4.842787634475901,2.075480414775386,12.9,0.37668178473670655,399.0,269.3478260869565
2025-05-07 17:00:00,3041,5.272138531606624,2.2594879421171243,12.9,0.5319593993185143,397.0,269.3478260869565
2025-05-07 18:00:00,3042,5.135449365883257,2.2009068710928243,13.0,0.9225659676225036,388.0,269.3478260869565
2025-05-07 19:00:00,3043,5.250583631252899,2.2502501276798137,13.0,1.6045102419652615,385.0,269.3478260869565
2025-05-07 20:00:00,3044,4.875651817412674,2.089565064605431,12.9,2.153219534756218,374.0,269.3478260869565
2025-05-07 21:00:00,3045,5.150093256809734,2.207182824347029,12.9,2.6381421903541535,355.0,269.3478260869565
2025-05-07 22:00:00,3046,5.2735446986412615,2.260090585131969,12.8,3.6844458928210457,337.0,269.3478260869565
2025-05-07 23:00:00,3047,5.391491040104455,2.3106390171876234,12.6,3.4452795890075496,336.0,269.3478260869565
2025-05-08 00:00:00,3048,5.764561980896552,2.470526563241379,12.6,2.7960842097939302,334.0,269.3478260869565
2025-05-08 01:00:00,3049,5.116770696964809,2.192901727270632,12.6,2.604158821129369,339.0,269.3478260869565
2025-05-08 02:00:00,3050,4.90664154225651,2.10284637525279,12.4,2.2449806688331395,354.0,269.3478260869565
2025-05-08 03:00:00,3051,4.62487246471897,1.9820881991652728,12.4,1.4869940823400332,356.0,269.3478260869565
2025-05-08 04:00:00,3052,4.559525497299525,1.9540823559855107,12.4,1.1294294218027987,356.0,269.3478260869565
2025-05-08 05:00:00,3053,4.602436688945543,1.9724728666909468,12.3,1.0826978194769694,361.0,269.3478260869565
2025-05-08 06:00:00,3054,4.5493278326044155,1.949711928259035,12.3,1.3095389924414031,388.0,269.3478260869565
2025-05-08 07:00:00,3055,4.492986833223561,1.9255657856672403,12.3,1.462332923278296,401.0,269.3478260869565
2025-05-08 08:00:00,3056,4.442868473500427,1.9040864886430402,12.4,1.2801483549890236,397.0,269.3478260869565
2025-05-08 09:00:00,3057,4.164279639132486,1.7846912739139227,12.4,0.9193304448420163,390.0,269.3478260869565
2025-05-08 10:00:00,3058,4.348311503567242,1.863562072957389,12.5,0.6615411258377774,383.0,269.3478260869565
2025-05-08 11:00:00,3059,4.438237028752215,1.902101583750949,12.6,0.6129347357030778,384.0,269.3478260869565
2025-05-08 12:00:00,3060,4.594364366134965,1.9690132997721275,12.6,0.5617992426238774,388.0,269.3478260869565
2025-05-08 13:00:00,3061,5.11920512366307,2.1939450529984583,12.6,0.6726230055607364,391.0,269.3478260869565
2025-05-08 14:00:00,3062,5.41604794303414,2.3211634041574887,12.7,1.0182320102818456,392.0,269.3478260869565
2025-05-08 15:00:00,3063,4.959174919945811,2.1253606799767764,12.8,1.5536542984022739,396.0,269.3478260869565
2025-05-08 16:00:00,3064,5.596143220345744,2.3983470944338903,12.8,1.7663816869581135,403.0,269.3478260869565
2025-05-08 17:00:00,3065,5.035992758431629,2.1582826107564124,12.9,1.9091086254157228,409.0,269.3478260869565
2025-05-08 18:00:00,3066,4.728907395151182,2.0266745979219354,12.9,1.8275245824284223,416.0,269.3478260869565
2025-05-08 19:00:00,3067,4.84778527370215,2.077622260158064,12.9,1.7501347787837789,419.0,269.3478260869565
2025-05-08 20:00:00,3068,4.926545129782301,2.1113764841924145,12.9,1.4994008478715686,415.0,269.3478260869565
2025-05-08 21:00:00,3069,4.920904693839435,2.1089591545026147,12.8,1.15881642639586,408.0,269.3478260869565
2025-05-08 22:00:00,3070,5.216472454821377,2.235631052066304,12.8,1.0362617675105898,406.0,269.3478260869565
2025-05-08 23:00:00,3071,5.54961695192598,2.3784072651111345,12.8,0.7444105224351153,404.0,269.3478260869565
2025-05-09 00:00:00,3072,5.442039395601126,2.3323025981147683,12.7,0.5047427305609116,404.0,269.3478260869565
2025-05-09 01:00:00,3073,4.986286402544721,2.1369798868048804,12.6,0.24992741485608397,403.0,269.3478260869565
2025-05-09 02:00:00,3074,4.969550053204701,2.1298071656591575,12.6,0.003718846868234772,399.0,269.3478260869565
2025-05-09 03:00:00,3075,5.271041415279029,2.2590177494052983,12.6,0.0,398.0,269.3478260869565
2025-05-09 04:00:00,3076,5.026355734215693,2.1541524575210116,12.5,0.0,399.0,269.3478260869565
2025-05-09 05:00:00,3077,4.897757635712714,2.09903898673402,12.5,0.0,402.0,269.3478260869565
2025-05-09 06:00:00,3078,4.785236866718133,2.0508158000220567,12.5,0.0,415.0,269.3478260869565
2025-05-09 07:00:00,3079,4.501059615180026,1.9290255493628679,12.6,0.0,416.0,269.3478260869565
2025-05-09 08:00:00,3080,4.64561502879649,1.99097786948421,12.6,0.0,413.0,269.3478260869565
2025-05-09 09:00:00,3081,4.606684416515654,1.9742933213638516,12.6,0.0,407.0,269.3478260869565
2025-05-09 10:00:00,3082,3.798729961785673,1.628027126479574,12.8,0.0,405.0,269.3478260869565
2025-05-09 11:00:00,3083,4.08018991230473,1.74865281955917,12.9,0.019680685189295933,404.0,269.3478260869565
2025-05-09 12:00:00,3084,4.193706554521034,1.7973028090804433,12.9,0.02231908857542058,401.0,269.3478260869565
2025-05-09 13:00:00,3085,4.260688997882827,1.8260095705212116,12.9,0.0,396.0,269.3478260869565
2025-05-09 14:00:00,3086,4.434562185338372,1.9005266508593022,13.0,0.0,395.0,269.3478260869565
2025-05-09 15:00:00,3087,4.553041310585962,1.9513034188225549,13.1,0.0,390.0,269.3478260869565
2025-05-09 16:00:00,3088,4.785118289323918,2.050764981138822,13.1,0.0,398.0,269.3478260869565
2025-05-09 17:00:00,3089,4.728370053250594,2.026444308535969,13.1,0.0,402.0,269.3478260869565
2025-05-09 18:00:00,3090,5.1285825243143615,2.197963938991869,13.1,0.0,403.0,269.3478260869565
2025-05-09 19:00:00,3091,4.781210619463627,2.0490902654844114,13.1,0.0,397.0,269.3478260869565
2025-05-09 20:00:00,3092,5.703317439146824,2.444278902491496,13.1,0.06684491559318469,398.0,269.3478260869565
2025-05-09 21:00:00,3093,5.3883253030624125,2.3092822727410334,13.1,0.28173925861810317,380.0,269.3478260869565
2025-05-09 22:00:00,3094,5.24562802915888,2.2481262982109484,13.0,0.35231933071713306,364.0,269.3478260869565
2025-05-09 23:00:00,3095,4.861926439134743,2.0836827596291756,12.9,0.3605196609092532,359.0,269.3478260869565
2025-05-10 00:00:00,3096,5.54990737518855,2.378531732223664,12.9,0.23108399216614026,360.0,269.3478260869565
2025-05-10 01:00:00,3097,5.402343259768866,2.315289968472371,12.9,0.043847826927732675,364.0,269.3478260869565
2025-05-10 02:00:00,3098,4.676160342824298,2.0040687183532704,12.8,0.0,369.0,269.3478260869565
2025-05-10 03:00:00,3099,4.278852988303472,1.8337941378443445,12.8,0.0,371.0,269.3478260869565
2025-05-10 04:00:00,3100,4.2511783846550415,1.8219335934235894,12.7,0.0,393.0,269.3478260869565
2025-05-10 05:00:00,3101,4.666461493327696,1.9999120685690126,12.7,0.0,391.0,269.3478260869565
2025-05-10 06:00:00,3102,4.651095958270147,1.9933268392586343,12.7,0.0,388.0,269.3478260869565
2025-05-10 07:00:00,3103,4.456676591431133,1.9100042534704857,12.8,0.0,395.0,269.3478260869565
2025-05-10 08:00:00,3104,4.357089244509426,1.8673239619326112,12.8,0.0,396.0,269.3478260869565
2025-05-10 09:00:00,3105,4.681309725453823,2.006275596623067,12.9,0.0,390.0,269.3478260869565
2025-05-10 10:00:00,3106,4.190437609213147,1.79590183251992,13.0,0.0,357.0,269.3478260869565
2025-05-10 11:00:00,3107,5.693394169986256,2.440026072851252,13.1,0.0,312.0,269.3478260869565
2025-05-10 12:00:00,3108,5.522212183472027,2.366662364345154,13.1,0.0,316.0,269.3478260869565
2025-05-10 13:00:00,3109,5.946706670869373,2.5485885732297313,13.2,0.0,318.0,269.3478260869565
2025-05-10 14:00:00,3110,5.948267128377235,2.5492573407331003,13.3,0.0,325.0,269.3478260869565
2025-05-10 15:00:00,3111,5.934610515944575,2.5434045068333897,13.4,0.0,328.0,269.3478260869565
2025-05-10 16:00:00,3112,5.476995688520393,2.34728386650874,13.4,0.0,370.0,269.3478260869565
2025-05-10 17:00:00,3113,5.255204136553711,2.252230344237305,13.4,0.0,368.0,269.3478260869565
2025-05-10 18:00:00,3114,4.849307818243582,2.0782747792472493,13.4,0.0,384.0,269.3478260869565
2025-05-10 19:00:00,3115,5.014293873789086,2.148983088766751,13.4,0.0,383.0,269.3478260869565
2025-05-10 20:00:00,3116,4.922450241389335,2.109621532024,13.4,0.0,353.0,269.3478260869565
2025-05-10 21:00:00,3117,4.787921472243461,2.0519663452471977,13.4,0.0,353.0,269.3478260869565
2025-05-10 22:00:00,3118,4.684342969050638,2.0075755581645587,13.4,0.0,352.0,269.3478260869565
2025-05-10 23:00:00,3119,5.110916252760055,2.190392679754309,13.3,0.12134487700373485,342.0,269.3478260869565
2025-05-11 00:00:00,3120,5.548120792070938,2.3777660537446876,13.2,0.3149442864551538,352.0,269.3478260869565
2025-05-11 01:00:00,3121,5.45934974343254,2.3397213186139454,13.2,0.19713719246715536,364.0,269.3478260869565
2025-05-11 02:00:00,3122,4.90028637079414,2.1001227303403454,13.1,0.05288413914810455,364.0,269.3478260869565
2025-05-11 03:00:00,3123,4.956544572355048,2.1242333881521636,13.1,0.0,368.0,269.3478260869565
2025-05-11 04:00:00,3124,4.955734322064604,2.123886138027687,13.1,0.0,346.0,269.3478260869565
2025-05-11 05:00:00,3125,4.974758953372174,2.132039551445217,13.0,0.0,310.0,269.3478260869565
2025-05-11 06:00:00,3126,4.385805484977152,1.879630922133065,13.0,0.0,308.0,269.3478260869565
2025-05-11 07:00:00,3127,4.489087691828965,1.9238947250695564,13.1,0.0,312.0,269.3478260869565
2025-05-11 08:00:00,3128,5.449012129127064,2.335290912483028,13.1,0.32240728937892404,314.0,269.3478260869565
2025-05-11 09:00:00,3129,5.712037394820935,2.448016026351829,13.2,0.8228586426161201,307.0,269.3478260869565
2025-05-11 10:00:00,3130,6.303695449110085,2.7015837639043223,13.3,1.316083103356033,297.0,269.3478260869565
2025-05-11 11:00:00,3131,6.042748758944056,2.5897494681188813,13.4,1.5443551821478758,299.0,269.3478260869565
2025-05-11 12:00:00,3132,5.977572309272418,2.5618167039738933,13.4,1.429978412573845,303.0,269.3478260869565
2025-05-11 13:00:00,3133,4.855910667294767,2.081104571697757,13.5,1.498241896664397,294.0,269.3478260869565
2025-05-11 14:00:00,3134,5.087359951960728,2.180297122268884,13.6,1.6855593530304207,269.0,269.3478260869565
2025-05-11 15:00:00,3135,4.837183959219962,2.073078839665698,13.6,2.066520966343471,255.0,269.3478260869565
2025-05-11 16:00:00,3136,4.514447761522149,1.9347633263666348,13.6,2.3883967708223497,279.0,269.3478260869565
2025-05-11 17:00:00,3137,4.8213067778170045,2.0662743333501448,13.7,2.574177378173332,266.0,269.3478260869565
2025-05-11 18:00:00,3138,5.0518696050542715,2.1650869735946876,13.7,2.4137301028120453,288.0,269.3478260869565
2025-05-11 19:00:00,3139,5.045449913183721,2.1623356770787376,13.7,1.2840268058273512,293.0,269.3478260869565
2025-05-11 20:00:00,3140,5.114528024155156,2.191940581780781,13.6,0.4446129751794502,272.0,269.3478260869565
2025-05-11 21:00:00,3141,4.787684200668407,2.051864657429317,13.6,1.5731990061390582,252.0,269.3478260869565
2025-05-11 22:00:00,3142,5.446800447673331,2.334343049002856,13.6,3.2666644699186493,240.0,269.3478260869565
2025-05-11 23:00:00,3143,4.989449779369817,2.1383356197299217,13.6,6.2010391589757665,259.0,269.3478260869565
2025-05-12 00:00:00,3144,5.316791835457786,2.278625072339051,13.5,12.75507870566129,260.0,269.3478260869565
2025-05-12 01:00:00,3145,4.888725787887182,2.0951681948087924,13.4,15.0,248.0,269.3478260869565
2025-05-12 02:00:00,3146,4.409364453357982,1.8897276228677065,13.4,15.0,236.0,269.3478260869565
2025-05-12 03:00:00,3147,3.996878041320193,1.7129477319943682,13.4,15.0,237.0,269.3478260869565
2025-05-12 04:00:00,3148,3.817708848723849,1.6361609351673636,13.3,14.952159497956895,270.0,269.3478260869565
2025-05-12 05:00:00,3149,3.7088327660190124,1.5894997568652909,13.2,11.998459804821517,281.0,269.3478260869565
2025-05-12 06:00:00,3150,4.086960202655781,1.7515543725667633,13.2,9.611044333449879,282.0,269.3478260869565
2025-05-12 07:00:00,3151,3.556154655084276,1.524066280750404,13.2,7.026800562629254,304.0,269.3478260869565
2025-05-12 08:00:00,3152,3.83084781425465,1.64179192039485,13.2,3.872201337448514,292.0,269.3478260869565
2025-05-12 09:00:00,3153,4.235303564867083,1.81513009922875,13.3,4.083573922603608,279.0,269.3478260869565
2025-05-12 10:00:00,3154,4.709496983871791,2.0183558502307672,13.4,2.2490812288279365,264.0,269.3478260869565
2025-05-12 11:00:00,3155,4.976315133719012,2.1327064858795763,13.4,2.4080114830204913,262.0,269.3478260869565
2025-05-12 12:00:00,3156,4.741076273859018,2.0318898316538645,13.4,1.0049991724838585,275.0,269.3478260869565
2025-05-12 13:00:00,3157,4.687188449492107,2.0087950497823317,13.5,0.6833476413260257,290.0,269.3478260869565
2025-05-12 14:00:00,3158,4.900967733068611,2.1004147427436903,13.6,0.827456172174149,305.0,269.3478260869565
2025-05-12 15:00:00,3159,5.245880795788888,2.248234626766666,13.8,0.9303816244973597,318.0,269.3478260869565
2025-05-12 16:00:00,3160,5.2708353281033276,2.2589294263299973,13.8,0.9327821392876364,332.0,269.3478260869565
2025-05-12 17:00:00,3161,4.999254680962348,2.142537720412435,13.9,1.5101187835597187,336.0,269.3478260869565
2025-05-12 18:00:00,3162,5.233570045066399,2.242958590742742,13.9,4.895400021056911,335.0,269.3478260869565
2025-05-12 19:00:00,3163,5.0208856181159565,2.1518081220496956,13.9,4.949829031186589,321.0,269.3478260869565
2025-05-12 20:00:00,3164,4.926284535811529,2.1112648010620836,13.9,2.608635384323027,297.0,269.3478260869565
2025-05-12 21:00:00,3165,5.219122099353655,2.2367666140087095,13.9,1.594684874863327,276.0,269.3478260869565
2025-05-12 22:00:00,3166,5.471783370942902,2.345050016118386,13.9,1.3748055747333068,262.0,269.3478260869565
2025-05-12 23:00:00,3167,5.416267628029864,2.3212575548699417,13.8,1.166754120306422,273.0,269.3478260869565
2025-05-13 00:00:00,3168,5.928413810065173,2.5407487757422165,13.8,1.2526447670536183,255.0,269.3478260869565
2025-05-13 01:00:00,3169,5.34935330874948,2.2925799894640626,13.7,1.4208860346835408,249.0,269.3478260869565
2025-05-13 02:00:00,3170,5.292834688783476,2.2683577237643466,13.7,1.2368173285283275,263.0,269.3478260869565
2025-05-13 03:00:00,3171,4.883245282117878,2.0928194066219477,13.6,1.2450016872465752,256.0,269.3478260869565
2025-05-13 04:00:00,3172,4.759274213203429,2.0396889485157548,13.6,2.444337452990687,252.0,269.3478260869565
2025-05-13 05:00:00,3173,4.7171189617409075,2.0216224121746746,13.6,4.547208746551716,272.0,269.3478260869565
2025-05-13 06:00:00,3174,4.939252547431121,2.116822520327623,13.6,5.544679563673073,299.0,269.3478260869565
2025-05-13 07:00:00,3175,4.720642181974906,2.0231323637035312,13.7,5.0313439563216455,318.0,269.3478260869565
2025-05-13 08:00:00,3176,3.921729512823128,1.6807412197813407,13.8,3.7346128995030146,318.0,269.3478260869565
2025-05-13 09:00:00,3177,3.7728081691766837,1.6169177867900073,13.9,2.945273323442892,311.0,269.3478260869565
2025-05-13 10:00:00,3178,4.0251474327365,1.7250631854585003,13.9,2.3853287669177696,298.0,269.3478260869565
2025-05-13 11:00:00,3179,3.7444524769535352,1.6047653472658008,14.0,5.111415660903207,263.0,269.3478260869565
2025-05-13 12:00:00,3180,3.726633129778775,1.5971284841909033,14.1,7.892835610453163,239.0,269.3478260869565
2025-05-13 13:00:00,3181,3.7107555991632353,1.5903238282128151,14.2,9.262989420753009,235.0,269.3478260869565
2025-05-13 14:00:00,3182,3.973315534557967,1.7028495148105574,14.3,9.1167585742679,221.0,269.3478260869565
2025-05-13 15:00:00,3183,3.8592428384140436,1.6539612164631614,14.4,9.714000376979454,213.0,269.3478260869565
2025-05-13 16:00:00,3184,3.9946846389325774,1.712007702399676,14.5,11.072605533780187,220.0,269.3478260869565
2025-05-13 17:00:00,3185,3.925782007814703,1.6824780033491584,14.6,12.337677281688764,234.0,269.3478260869565
2025-05-13 18:00:00,3186,4.09686393501159,1.7557988292906812,14.6,12.599933057720436,261.0,269.3478260869565
2025-05-13 19:00:00,3187,4.965678098974436,2.12814775670333,14.6,13.186385655029666,280.0,269.3478260869565
2025-05-13 20:00:00,3188,5.095611043404475,2.183833304316203,14.6,13.699397986224021,285.0,269.3478260869565
2025-05-13 21:00:00,3189,4.72513837625296,2.025059304108411,14.5,15.0,277.0,269.3478260869565
2025-05-13 22:00:00,3190,4.757929624721184,2.0391126963090787,14.4,15.0,271.0,269.3478260869565
2025-05-13 23:00:00,3191,4.709692875760466,2.0184398038973423,14.4,13.882129775020816,287.0,269.3478260869565
2025-05-14 00:00:00,3192,5.114361462822158,2.1918691983523533,14.3,10.908455468081932,288.0,269.3478260869565
2025-05-14 01:00:00,3193,5.083296981357641,2.1785558491532746,14.2,7.5586349376946345,285.0,269.3478260869565
2025-05-14 02:00:00,3194,5.005784218818327,2.145336093779283,14.1,4.707333564085038,278.0,269.3478260869565
2025-05-14 03:00:00,3195,4.672184809155658,2.0023649182095675,13.9,3.1515522318007867,278.0,269.3478260869565
2025-05-14 04:00:00,3196,4.741706901571106,2.0321601006733316,13.8,2.4559643410301395,278.0,269.3478260869565
2025-05-14 05:00:00,3197,4.845935618766175,2.076829550899789,13.7,3.240679315925856,285.0,269.3478260869565
2025-05-14 06:00:00,3198,4.757138485442399,2.0387736366181706,13.6,4.821043047475945,280.0,269.3478260869565
2025-05-14 07:00:00,3199,4.501885653551341,1.9293795658077175,13.6,4.95811613579287,293.0,269.3478260869565
2025-05-14 08:00:00,3200,4.930766462294599,2.113185626697685,13.7,3.7854281874917763,301.0,269.3478260869565
2025-05-14 09:00:00,3201,5.471287171623796,2.3448373592673413,13.8,2.4088243955179824,316.0,269.3478260869565
2025-05-14 10:00:00,3202,5.262525435990591,2.255368043995967,13.9,1.4399419826468856,321.0,269.3478260869565
2025-05-14 11:00:00,3203,4.831339186596669,2.070573937112858,14.0,2.5312555012754148,298.0,269.3478260869565
2025-05-14 12:00:00,3204,4.97894500564375,2.1338335738473213,14.1,4.656888177471229,300.0,269.3478260869565
2025-05-14 13:00:00,3205,5.188626022833583,2.223696866928678,14.1,6.345527710089011,286.0,269.3478260869565
2025-05-14 14:00:00,3206,5.112442772117944,2.191046902336262,14.1,6.421541770757357,279.0,269.3478260869565
2025-05-14 15:00:00,3207,5.209224934198647,2.23252497179942,14.2,6.3133997678017595,275.0,269.3478260869565
2025-05-14 16:00:00,3208,5.068429467027533,2.172184057297514,14.2,6.8536688282026335,291.0,269.3478260869565
2025-05-14 17:00:00,3209,5.094248750056472,2.1832494643099163,14.3,7.100125466895078,305.0,269.3478260869565
2025-05-14 18:00:00,3210,5.346101614737368,2.291186406316015,14.3,6.541698793098473,327.0,269.3478260869565
2025-05-14 19:00:00,3211,5.298097332022156,2.27061314229521,14.3,6.647540495109249,327.0,269.3478260869565
2025-05-14 20:00:00,3212,5.627729099362799,2.4118838997269143,14.2,7.367578267748393,313.0,269.3478260869565
2025-05-14 21:00:00,3213,5.659745308211296,2.425605132090555,14.2,7.769779685078896,289.0,269.3478260869565
2025-05-14 22:00:00,3214,5.582363489769671,2.392441495615573,14.1,6.188511630857821,257.0,269.3478260869565
2025-05-14 23:00:00,3215,5.437971027489983,2.3305590117814208,14.1,4.834011254851735,244.0,269.3478260869565
2025-05-15 00:00:00,3216,5.874013940824319,2.517434546067565,14.1,3.7246634261215794,258.0,269.3478260869565
2025-05-15 01:00:00,3217,5.516934017474799,2.3644002932034858,14.0,2.9173104632494415,266.0,269.3478260869565
2025-05-15 02:00:00,3218,5.76155667189358,2.4692385736686764,13.9,2.4648486461177237,268.0,269.3478260869565
2025-05-15 03:00:00,3219,5.734297235782835,2.457555958192643,13.9,2.0883649223549603,275.0,269.3478260869565
2025-05-15 04:00:00,3220,6.441093323594785,2.760468567254908,13.9,1.5131041747433995,295.0,269.3478260869565
2025-05-15 05:00:00,3221,6.384897071781668,2.7363844593350004,13.9,1.4976859077143234,301.0,269.3478260869565
2025-05-15 06:00:00,3222,6.306406251045765,2.7027455361624706,13.9,2.333346326946845,337.0,269.3478260869565
2025-05-15 07:00:00,3223,6.037367235589381,2.5874431009668775,13.9,3.115355148308161,346.0,269.3478260869565
2025-05-15 08:00:00,3224,6.424902600614855,2.7535296859777945,13.9,2.8386965368631922,366.0,269.3478260869565
2025-05-15 09:00:00,3225,6.3931817230745525,2.739935024174808,13.9,2.3468278071449,384.0,269.3478260869565
2025-05-15 10:00:00,3226,6.202220470920878,2.6580944875375194,14.1,2.6221286319205004,387.0,269.3478260869565
2025-05-15 11:00:00,3227,5.076107127106264,2.1754744830455413,14.1,3.482485366238839,386.0,269.3478260869565
2025-05-15 12:00:00,3228,5.74715539633317,2.4630665984285014,14.1,3.7729208817951316,369.0,269.3478260869565
2025-05-15 13:00:00,3229,5.648079321304094,2.42060542341604,14.2,3.5549700743344763,357.0,269.3478260869565
2025-05-15 14:00:00,3230,6.177443700721561,2.647475871737812,14.3,3.480306977807208,354.0,269.3478260869565
2025-05-15 15:00:00,3231,5.446779089788128,2.3343338956234834,14.4,3.617235177515165,361.0,269.3478260869565
2025-05-15 16:00:00,3232,5.090985879706385,2.181851091302736,14.4,3.94290748556581,347.0,269.3478260869565
2025-05-15 17:00:00,3233,6.317151644428951,2.7073507047552647,14.5,4.369654739480953,352.0,269.3478260869565
2025-05-15 18:00:00,3234,5.961705098908478,2.5550164709607763,14.5,5.250040991306122,354.0,269.3478260869565
2025-05-15 19:00:00,3235,4.96459447959765,2.127683348398993,14.5,5.83014633331113,352.0,269.3478260869565
2025-05-15 20:00:00,3236,6.070767281949181,2.601757406549649,14.4,6.198147147822369,345.0,269.3478260869565
2025-05-15 21:00:00,3237,6.025498698665819,2.582356585142494,14.4,6.633577866755659,325.0,269.3478260869565
2025-05-15 22:00:00,3238,6.381768206700342,2.7350435171572895,14.4,5.858892386397463,308.0,269.3478260869565
2025-05-15 23:00:00,3239,5.9240149297555575,2.5388635413238103,14.3,4.1399418071172756,313.0,269.3478260869565
2025-05-16 00:00:00,3240,6.525019128534306,2.7964367693718453,14.2,3.2714125869783692,320.0,269.3478260869565
2025-05-16 01:00:00,3241,6.268647232239466,2.6865630995311993,14.2,2.6296590616080735,314.0,269.3478260869565
2025-05-16 02:00:00,3242,5.8657828880739356,2.5139069520316863,14.1,2.3188196908384335,309.0,269.3478260869565
2025-05-16 03:00:00,3243,5.4193150307406555,2.3225635846031376,14.1,2.2141163071713916,304.0,269.3478260869565
2025-05-16 04:00:00,3244,4.502543974192591,1.9296617032253958,14.1,2.328069309585562,321.0,269.3478260869565
2025-05-16 05:00:00,3245,5.979249492132743,2.562535496628318,14.1,2.364641531641125,317.0,269.3478260869565
2025-05-16 06:00:00,3246,5.892409368514142,2.525318300791775,14.1,2.1825716169181746,318.0,269.3478260869565
2025-05-16 07:00:00,3247,5.7525741062898526,2.465388902695651,14.1,1.7882825541233174,335.0,269.3478260869565
2025-05-16 08:00:00,3248,6.018054502412969,2.579166215319844,14.1,1.225326096807104,346.0,269.3478260869565
2025-05-16 09:00:00,3249,6.0252294780866205,2.5822412048942662,14.2,0.9027140527832938,359.0,269.3478260869565
2025-05-16 10:00:00,3250,6.040162703513964,2.588641158648841,14.2,0.6799740599285832,371.0,269.3478260869565
2025-05-16 11:00:00,3251,6.04666116439819,2.5914262133135098,14.4,0.7144274970312209,351.0,269.3478260869565
2025-05-16 12:00:00,3252,6.04199867919252,2.589428005368223,14.4,0.8023142789307303,308.0,269.3478260869565
2025-05-16 13:00:00,3253,6.106284927850211,2.616979254792948,14.5,0.9707238859190254,290.0,269.3478260869565
2025-05-16 14:00:00,3254,5.646988491824551,2.4201379250676642,14.6,1.5916980609701428,291.0,269.3478260869565
2025-05-16 15:00:00,3255,5.670403761568853,2.4301730406723654,14.7,2.218117725317028,314.0,269.3478260869565
2025-05-16 16:00:00,3256,5.774329063036472,2.4747124555870594,14.8,2.9057569984280103,344.0,269.3478260869565
2025-05-16 17:00:00,3257,5.834145090180789,2.5003478957917666,14.9,3.3977095356627403,328.0,269.3478260869565
2025-05-16 18:00:00,3258,5.660084033955222,2.4257503002665235,14.9,4.081581376321313,338.0,269.3478260869565
2025-05-16 19:00:00,3259,5.281902483063213,2.2636724927413767,14.9,4.8126215977073645,343.0,269.3478260869565
2025-05-16 20:00:00,3260,5.791175922458242,2.4819325381963893,14.9,6.129596219016933,324.0,269.3478260869565
2025-05-16 21:00:00,3261,5.560771741843821,2.3831878893616376,14.8,7.584814751027761,312.0,269.3478260869565
2025-05-16 22:00:00,3262,5.720891210923494,2.451810518967212,14.6,7.384694586990587,299.0,269.3478260869565
2025-05-16 23:00:00,3263,5.953617273900836,2.5515502602432147,14.6,6.9398568571951165,320.0,269.3478260869565
2025-05-17 00:00:00,3264,5.953097189479453,2.5513273669197654,14.5,5.72479980083004,335.0,269.3478260869565
2025-05-17 01:00:00,3265,5.207078981362986,2.2316052777269935,14.4,4.588342319703129,336.0,269.3478260869565
2025-05-17 02:00:00,3266,5.349109095505106,2.2924753266450453,14.4,4.1172460424005255,347.0,269.3478260869565
2025-05-17 03:00:00,3267,4.230907480109519,1.8132460629040794,14.4,4.4616273183181985,363.0,269.3478260869565
2025-05-17 04:00:00,3268,3.6724237561299606,1.573895895484269,14.3,4.74169444159522,358.0,269.3478260869565
2025-05-17 05:00:00,3269,4.9852358257702,2.1365296396158,14.2,4.73185115115377,358.0,269.3478260869565
2025-05-17 06:00:00,3270,5.557250001984038,2.3816785722788736,14.2,4.686633233651381,364.0,269.3478260869565
2025-05-17 07:00:00,3271,5.45010233822531,2.335758144953704,14.2,4.472882657810864,381.0,269.3478260869565
2025-05-17 08:00:00,3272,5.62563724594788,2.41098739112052,14.3,4.0182101126091245,388.0,269.3478260869565
2025-05-17 09:00:00,3273,5.680285980855646,2.4344082775095623,14.4,3.556847088885607,379.0,269.3478260869565
2025-05-17 10:00:00,3274,6.122852410152542,2.6240796043510892,14.4,3.181239438813112,359.0,269.3478260869565
2025-05-17 11:00:00,3275,5.388741941042528,2.309460831875369,14.5,3.939420466101814,337.0,269.3478260869565
2025-05-17 12:00:00,3276,6.038071211229603,2.587744804812687,14.6,4.826704548051091,313.0,269.3478260869565
2025-05-17 13:00:00,3277,5.4479745066677925,2.33484621714334,14.6,5.152684832383214,299.0,269.3478260869565
2025-05-17 14:00:00,3278,5.76311529056116,2.46990655309764,14.7,5.1010387077224015,298.0,269.3478260869565
2025-05-17 15:00:00,3279,5.8518524246137975,2.507936753405913,14.8,5.076400441326386,306.0,269.3478260869565
2025-05-17 16:00:00,3280,5.97616816777983,2.5612149290484987,14.8,5.0606279866916335,323.0,269.3478260869565
2025-05-17 17:00:00,3281,5.7996895617634205,2.4855812407557516,14.9,4.904212424727111,330.0,269.3478260869565
2025-05-17 18:00:00,3282,5.784002864518756,2.4788583705080387,14.9,4.753582916206355,341.0,269.3478260869565
2025-05-17 19:00:00,3283,5.304603840750062,2.2734016460357407,14.9,4.28955432971281,352.0,269.3478260869565
2025-05-17 20:00:00,3284,5.823743609411595,2.4958901183192554,14.9,4.153504292642122,345.0,269.3478260869565
2025-05-17 21:00:00,3285,5.865480302707647,2.513777272588991,14.9,3.773541487116398,333.0,269.3478260869565
2025-05-17 22:00:00,3286,5.853924882342534,2.508824949575372,14.8,3.403964398841755,315.0,269.3478260869565
2025-05-17 23:00:00,3287,5.585195616020616,2.3936552640088355,14.8,2.28908374662839,311.0,269.3478260869565
2025-05-18 00:00:00,3288,5.637162208696282,2.4159266608698347,14.7,1.5141039396253126,304.0,269.3478260869565
2025-05-18 01:00:00,3289,5.697209583073946,2.441661249888834,14.6,0.9225479653687386,295.0,269.3478260869565
2025-05-18 02:00:00,3290,5.549534571108067,2.3783719590463144,14.6,0.5380026152580701,299.0,269.3478260869565
2025-05-18 03:00:00,3291,5.712147044503127,2.4480630190727686,14.6,0.9806577698834171,299.0,269.3478260869565
2025-05-18 04:00:00,3292,5.714780648963648,2.449191706698706,14.6,3.2064387852847953,296.0,269.3478260869565
2025-05-18 05:00:00,3293,5.6463562899441815,2.419866981404649,14.5,5.838544067564605,296.0,269.3478260869565
2025-05-18 06:00:00,3294,5.66659414164931,2.4285403464211326,14.5,6.746933790786356,290.0,269.3478260869565
2025-05-18 07:00:00,3295,5.569900152783655,2.3871000654787093,14.5,6.956774114923776,331.0,269.3478260869565
2025-05-18 08:00:00,3296,5.083618613051863,2.178693691307941,14.6,6.857352202177937,349.0,269.3478260869565
2025-05-18 09:00:00,3297,4.859778807658621,2.082762346139409,14.6,6.329723000259484,337.0,269.3478260869565
2025-05-18 10:00:00,3298,5.115333085808644,2.1922856082037043,14.6,4.810291204868122,317.0,269.3478260869565
2025-05-18 11:00:00,3299,5.144600236956682,2.204828672981435,14.7,5.089576534199854,291.0,269.3478260869565
2025-05-18 12:00:00,3300,4.563224751057518,1.9556677504532218,14.8,5.968744287916708,271.0,269.3478260869565
2025-05-18 13:00:00,3301,5.100560157815968,2.1859543533497003,14.8,6.477583585334204,268.0,269.3478260869565
2025-05-18 14:00:00,3302,4.62441790043688,1.98189338590152,14.9,6.3124139507925605,268.0,269.3478260869565
2025-05-18 15:00:00,3303,5.076750150125137,2.1757500643393444,14.9,5.562258526728885,301.0,269.3478260869565
2025-05-18 16:00:00,3304,5.141188958835653,2.203366696643851,15.0,4.954930159776601,331.0,269.3478260869565
2025-05-18 17:00:00,3305,5.110663578523379,2.1902843907957337,15.1,5.220701300724152,321.0,269.3478260869565
2025-05-18 18:00:00,3306,5.204791970643293,2.2306251302756968,15.1,5.258665294464686,308.0,269.3478260869565
2025-05-18 19:00:00,3307,5.707533433150411,2.4460857570644623,15.1,4.2932072479162455,314.0,269.3478260869565
2025-05-18 20:00:00,3308,6.051446510999785,2.593477076142765,15.1,3.2025652297025746,318.0,269.3478260869565
2025-05-18 21:00:00,3309,5.2534623323964915,2.2514838567413533,15.1,2.3719952316185378,322.0,269.3478260869565
2025-05-18 22:00:00,3310,5.000531650545646,2.143084993090991,15.0,2.006623265230918,334.0,269.3478260869565
2025-05-18 23:00:00,3311,5.679370200402397,2.4340158001724554,14.9,2.4348841147825127,352.0,269.3478260869565
2025-05-19 00:00:00,3312,5.761706039171926,2.46930258821654,14.9,3.064319881480353,362.0,269.3478260869565
2025-05-19 01:00:00,3313,5.613906442559447,2.4059599039540487,14.9,3.4676055549357674,360.0,269.3478260869565
2025-05-19 02:00:00,3314,5.237863960270209,2.2447988401158034,14.9,3.820320708619146,346.0,269.3478260869565
2025-05-19 03:00:00,3315,4.935097259009491,2.115041682432639,14.9,3.552956891658514,334.0,269.3478260869565
2025-05-19 04:00:00,3316,4.646046703982611,1.9911628731354045,14.8,3.65906783669205,325.0,269.3478260869565
2025-05-19 05:00:00,3317,4.853284283644914,2.079978978704963,14.8,3.8113787987619556,324.0,269.3478260869565
2025-05-19 06:00:00,3318,4.504774070701785,1.9306174588721934,14.8,3.61809123610926,331.0,269.3478260869565
2025-05-19 07:00:00,3319,4.429315741358637,1.8982781748679871,14.8,3.108611838538812,347.0,269.3478260869565
2025-05-19 08:00:00,3320,3.843214544570919,1.647091947673251,14.8,2.2010164778475003,341.0,269.3478260869565
2025-05-19 09:00:00,3321,4.221691701544113,1.8092964435189054,14.9,1.251282678671874,341.0,269.3478260869565
2025-05-19 10:00:00,3322,4.218047807483736,1.807734774635887,14.9,0.6206572738493253,336.0,269.3478260869565
2025-05-19 11:00:00,3323,4.393210390345338,1.8828044530051447,14.9,1.2462459187227621,341.0,269.3478260869565
2025-05-19 12:00:00,3324,5.052897401084499,2.165527457607642,14.9,2.0672282176037213,320.0,269.3478260869565
2025-05-19 13:00:00,3325,5.127873536156838,2.197660086924359,14.9,2.0889078140751547,316.0,269.3478260869565
2025-05-19 14:00:00,3326,5.0211101632680055,2.151904355686288,14.9,1.9881100289819056,304.0,269.3478260869565
2025-05-19 15:00:00,3327,5.163880124373684,2.213091481874436,15.0,2.024528189054062,305.0,269.3478260869565
2025-05-19 16:00:00,3328,5.13847414142959,2.2022032034698245,15.1,1.9211155620305644,308.0,269.3478260869565
2025-05-19 17:00:00,3329,5.273283700891481,2.2599787289534916,15.1,1.8558093299516398,319.0,269.3478260869565
2025-05-19 18:00:00,3330,5.257466095715135,2.253199755306486,15.1,1.603056576314037,342.0,269.3478260869565
2025-05-19 19:00:00,3331,5.187646917856375,2.2232772505098746,15.1,2.123151024379169,364.0,269.3478260869565
2025-05-19 20:00:00,3332,4.9824820530210525,2.1353494512947364,15.1,2.3318602990535386,371.0,269.3478260869565
2025-05-19 21:00:00,3333,5.126029913415054,2.1968699628921655,15.1,1.8119728695878947,366.0,269.3478260869565
2025-05-19 22:00:00,3334,5.0202898159943,2.1515527782832713,15.0,0.43255390384034614,358.0,269.3478260869565
2025-05-19 23:00:00,3335,5.237669696464745,2.2447155841991764,15.0,0.0934889489222919,356.0,269.3478260869565
2025-05-20 00:00:00,3336,5.589360268032377,2.3954401148710183,14.9,0.0,364.0,269.3478260869565
2025-05-20 01:00:00,3337,5.131675766653217,2.19928961427995,14.9,0.0,378.0,269.3478260869565
2025-05-20 02:00:00,3338,4.965879428783323,2.128234040907138,14.9,0.0,387.0,269.3478260869565
2025-05-20 03:00:00,3339,4.537555513128782,1.9446666484837636,14.9,0.0,387.0,269.3478260869565
2025-05-20 04:00:00,3340,4.03111300664572,1.7276198599910229,14.8,0.0,385.0,269.3478260869565
2025-05-20 05:00:00,3341,4.263115967040294,1.827049700160126,14.8,0.0,389.0,269.3478260869565
2025-05-20 06:00:00,3342,4.207032793768698,1.8030140544722988,14.8,0.0,402.0,269.3478260869565
2025-05-20 07:00:00,3343,4.360270480787154,1.8686873489087803,14.9,0.0,408.0,269.3478260869565
2025-05-20 08:00:00,3344,4.665474528051925,1.9994890834508252,14.9,0.0,406.0,269.3478260869565
2025-05-20 09:00:00,3345,4.3739462557693045,1.874548395329702,15.0,0.0,401.0,269.3478260869565
2025-05-20 10:00:00,3346,4.03263812064562,1.7282734802766941,15.1,0.0,395.0,269.3478260869565
2025-05-20 11:00:00,3347,4.893502978637234,2.0972155622731004,15.1,0.0,387.0,269.3478260869565
2025-05-20 12:00:00,3348,4.107167078700543,1.7602144623002327,15.2,0.0,374.0,269.3478260869565
2025-05-20 13:00:00,3349,4.780535904291979,2.048801101839419,15.2,0.0,376.0,269.3478260869565
2025-05-20 14:00:00,3350,4.766904974118004,2.0429592746220018,15.3,0.0,373.0,269.3478260869565
2025-05-20 15:00:00,3351,5.419763440885118,2.3227557603793367,15.4,0.0,375.0,269.3478260869565
2025-05-20 16:00:00,3352,4.944311469049856,2.1189906295927954,15.4,0.0,384.0,269.3478260869565
2025-05-20 17:00:00,3353,4.866133682068783,2.0854858637437643,15.4,0.12173023966204227,388.0,269.3478260869565
2025-05-20 18:00:00,3354,4.587173668148504,1.9659315720636443,15.4,1.4239373912528246,389.0,269.3478260869565
2025-05-20 19:00:00,3355,4.660440807245653,1.9973317745338512,15.4,1.9984220917022948,394.0,269.3478260869565
2025-05-20 20:00:00,3356,4.522653177316899,1.938279933135814,15.4,0.7030304726603304,397.0,269.3478260869565
2025-05-20 21:00:00,3357,5.05771668756895,2.167592866100979,15.3,0.17928805348052276,389.0,269.3478260869565
2025-05-20 22:00:00,3358,4.826247880208544,2.0683919486608042,15.2,0.30475762416680535,384.0,269.3478260869565
2025-05-20 23:00:00,3359,4.760713976192454,2.040305989796766,15.1,0.2546156127131597,383.0,269.3478260869565
2025-05-21 00:00:00,3360,3.625350578477488,1.553721676490352,15.1,0.300098512676651,384.0,269.3478260869565
2025-05-21 01:00:00,3361,4.09530304627049,1.755129876973067,15.1,0.3562145766347565,384.0,269.3478260869565
2025-05-21 02:00:00,3362,3.924427549528334,1.6818975212264289,15.0,0.2923950381133776,377.0,269.3478260869565
2025-05-21 03:00:00,3363,3.9629877664579345,1.698423328481972,14.9,0.3000326156870796,364.0,269.3478260869565
2025-05-21 04:00:00,3364,3.8346544290162354,1.643423326721244,14.9,0.4621714432188235,362.0,269.3478260869565
2025-05-21 05:00:00,3365,3.7995821854102187,1.6283923651758079,14.9,0.6025761880828493,352.0,269.3478260869565
2025-05-21 06:00:00,3366,3.6156670125968975,1.5495715768272418,14.9,0.5750326958786992,365.0,269.3478260869565
2025-05-21 07:00:00,3367,3.8923772507833228,1.6681616789071383,14.9,0.840025044486907,380.0,269.3478260869565
2025-05-21 08:00:00,3368,4.316672457176579,1.8500024816471052,14.9,1.5587558345686334,385.0,269.3478260869565
2025-05-21 09:00:00,3369,4.403643654733783,1.887275852028764,15.1,2.0831555309200693,377.0,269.3478260869565
2025-05-21 10:00:00,3370,4.46422106441209,1.913237599033753,15.1,1.8903873510550158,378.0,269.3478260869565
2025-05-21 11:00:00,3371,4.566419293668689,1.9570368401437235,15.2,1.6906266333206532,389.0,269.3478260869565
2025-05-21 12:00:00,3372,4.3877690624608,1.8804724553403425,15.3,1.5324463846508836,368.0,269.3478260869565
2025-05-21 13:00:00,3373,5.117280539245682,2.193120231105292,15.4,1.2875196497315835,364.0,269.3478260869565
2025-05-21 14:00:00,3374,5.369398976480628,2.301170989920269,15.4,0.9035128589540506,353.0,269.3478260869565
2025-05-21 15:00:00,3375,4.828387401872963,2.069308886516984,15.6,0.5983458939267926,345.0,269.3478260869565
2025-05-21 16:00:00,3376,4.78481462288005,2.0506348383771638,15.6,0.21211105206933886,338.0,269.3478260869565
2025-05-21 17:00:00,3377,5.026660407959286,2.1542830319825508,15.6,0.0,326.0,269.3478260869565
2025-05-21 18:00:00,3378,5.664571587068101,2.4276735373149005,15.7,0.0,324.0,269.3478260869565
2025-05-21 19:00:00,3379,5.828765228663963,2.498042240855984,15.7,0.0,327.0,269.3478260869565
2025-05-21 20:00:00,3380,5.672437566454372,2.4310446713375877,15.7,0.0,313.0,269.3478260869565
2025-05-21 21:00:00,3381,5.335934706646864,2.286829159991513,15.6,0.0,309.0,269.3478260869565
2025-05-21 22:00:00,3382,5.528738080949009,2.369459177549575,15.6,0.0,317.0,269.3478260869565
2025-05-21 23:00:00,3383,5.180070161568413,2.2200300692436055,15.6,0.0,305.0,269.3478260869565
2025-05-22 00:00:00,3384,5.513111014962719,2.3627618635554506,15.4,0.16022296300145125,310.0,269.3478260869565
2025-05-22 01:00:00,3385,5.7244718713396,2.453345087716971,15.3,1.808732090559722,310.0,269.3478260869565
2025-05-22 02:00:00,3386,5.2079070014067685,2.2319601434600433,15.1,3.9661403393688373,299.0,269.3478260869565
2025-05-22 03:00:00,3387,5.015999410371968,2.149714033016558,14.9,5.55688525593687,291.0,269.3478260869565
2025-05-22 04:00:00,3388,4.575463820942983,1.9609130661184213,14.6,7.006057490363727,321.0,269.3478260869565
2025-05-22 05:00:00,3389,5.293861757327626,2.2687978959975537,14.4,6.939539464265117,341.0,269.3478260869565
2025-05-22 06:00:00,3390,5.009621604483748,2.146980687635892,14.4,7.3477963550865315,342.0,269.3478260869565
2025-05-22 07:00:00,3391,5.063573494619237,2.170102926265387,14.3,6.946649906226519,367.0,269.3478260869565
2025-05-22 08:00:00,3392,4.249899798942012,1.821385628118005,14.3,5.045190434886734,361.0,269.3478260869565
2025-05-22 09:00:00,3393,4.559435736160031,1.9540438869257275,14.3,3.408029420838304,379.0,269.3478260869565
2025-05-22 10:00:00,3394,4.560915149981284,1.9546779214205503,14.4,2.347892423411947,392.0,269.3478260869565
2025-05-22 11:00:00,3395,4.3420820341137984,1.860892300334485,14.4,1.9297894931069042,390.0,269.3478260869565
2025-05-22 12:00:00,3396,4.602933397765637,1.9726857418995583,14.4,2.060877478922099,393.0,269.3478260869565
2025-05-22 13:00:00,3397,5.126352843144893,2.197008361347811,14.5,2.759805778993094,379.0,269.3478260869565
2025-05-22 14:00:00,3398,4.952977537459702,2.122704658911301,14.6,3.2506383553051403,358.0,269.3478260869565
2025-05-22 15:00:00,3399,5.189225965168232,2.223953985072099,14.6,2.947268176406353,344.0,269.3478260869565
2025-05-22 16:00:00,3400,4.928547390228684,2.112234595812293,14.6,2.7668080698023254,360.0,269.3478260869565
2025-05-22 17:00:00,3401,4.950082720599298,2.1214640231139845,14.7,2.660435253766368,338.0,269.3478260869565
2025-05-22 18:00:00,3402,5.137707291988345,2.2018745537092905,14.7,2.167544313973127,348.0,269.3478260869565
2025-05-22 19:00:00,3403,5.318179051104135,2.279219593330344,14.7,1.179590143309905,356.0,269.3478260869565
2025-05-22 20:00:00,3404,4.866099500405014,2.0854712144592917,14.7,0.39168122613627177,346.0,269.3478260869565
2025-05-22 21:00:00,3405,4.6858731390993595,2.008231345328297,14.7,0.0,316.0,269.3478260869565
2025-05-22 22:00:00,3406,4.839016541145588,2.0738642319195373,14.6,0.0,312.0,269.3478260869565
2025-05-22 23:00:00,3407,5.122721037502148,2.195451873215206,14.6,0.0,339.0,269.3478260869565
2025-05-23 00:00:00,3408,5.219128473877529,2.2367693459475118,14.6,0.0,343.0,269.3478260869565
2025-05-23 01:00:00,3409,5.450022180980247,2.335723791848677,14.6,0.022626019328738044,332.0,269.3478260869565
2025-05-23 02:00:00,3410,4.925151727768865,2.110779311900942,14.6,0.0,330.0,269.3478260869565
2025-05-23 03:00:00,3411,4.924414295701971,2.1104632695865586,14.5,0.0,343.0,269.3478260869565
2025-05-23 04:00:00,3412,4.422542517488196,1.8953753646377984,14.4,0.0,377.0,269.3478260869565
2025-05-23 05:00:00,3413,4.298057302086202,1.8420245580369439,14.4,0.0753453922470489,358.0,269.3478260869565
2025-05-23 06:00:00,3414,4.10300598695469,1.7584311372662955,14.4,0.1321925795779347,347.0,269.3478260869565
2025-05-23 07:00:00,3415,4.394902299802393,1.883529557058168,14.5,0.21289516157076108,350.0,269.3478260869565
2025-05-23 08:00:00,3416,4.56241118583808,1.9553190796448914,14.6,0.2722953086548297,342.0,269.3478260869565
2025-05-23 09:00:00,3417,4.820971981020562,2.066130849008812,14.7,0.20252559768752884,332.0,269.3478260869565
2025-05-23 10:00:00,3418,4.999371739558676,2.1425878883822893,14.8,0.12061669805447775,328.0,269.3478260869565
2025-05-23 11:00:00,3419,5.141266524911304,2.2033999392477015,14.9,0.01692517132893132,318.0,269.3478260869565
2025-05-23 12:00:00,3420,5.069296246787355,2.1725555343374374,14.9,0.016225291940109753,305.0,269.3478260869565
2025-05-23 13:00:00,3421,5.028398015395779,2.155027720883905,15.0,0.37861135802469137,281.0,269.3478260869565
2025-05-23 14:00:00,3422,5.054154536945563,2.166066230119527,15.1,1.38549404029968,255.0,269.3478260869565
2025-05-23 15:00:00,3423,5.266365935895726,2.2570139725267393,15.1,3.2063327784345987,258.0,269.3478260869565
2025-05-23 16:00:00,3424,5.319347376205324,2.279720304087996,15.1,3.7064719345892576,262.0,269.3478260869565
2025-05-23 17:00:00,3425,5.342861315833451,2.2897977067857647,15.1,3.972624589351052,257.0,269.3478260869565
2025-05-23 18:00:00,3426,4.989818193739232,2.138493511602528,15.1,6.05906863067065,241.0,269.3478260869565
2025-05-23 19:00:00,3427,5.242815211131834,2.246920804770786,15.1,8.482015151650835,214.0,269.3478260869565
2025-05-23 20:00:00,3428,4.856027910470455,2.0811548187730518,15.0,11.7898150134094,204.0,269.3478260869565
2025-05-23 21:00:00,3429,4.988270847214331,2.137830363091856,14.9,14.997824928851799,194.0,269.3478260869565
2025-05-23 22:00:00,3430,5.054893498572733,2.166382927959743,14.8,13.899943944997151,156.0,269.3478260869565
2025-05-23 23:00:00,3431,4.88347430925497,2.0929175611092727,14.7,12.198036722702895,99.0,269.3478260869565
2025-05-24 00:00:00,3432,4.745776561220385,2.033904240523022,14.6,11.383788535173485,106.0,269.3478260869565
2025-05-24 01:00:00,3433,4.7960237171783575,2.0554387359335817,14.6,10.38200401695304,101.0,269.3478260869565
2025-05-24 02:00:00,3434,4.559001339838303,1.953857717073558,14.6,9.25243148267677,90.0,269.3478260869565
2025-05-24 03:00:00,3435,4.964335175159672,2.1275722179255734,14.5,8.23219208868297,94.0,269.3478260869565
2025-05-24 04:00:00,3436,4.844148003851954,2.076063430222266,14.4,8.912935270920597,96.0,269.3478260869565
2025-05-24 05:00:00,3437,4.8377920691246725,2.073339458196288,14.4,7.775980720382144,104.0,269.3478260869565
2025-05-24 06:00:00,3438,4.3693869119373865,1.8725943908303082,14.4,5.918646147222059,103.0,269.3478260869565
2025-05-24 07:00:00,3439,4.303011340499692,1.8441477173570107,14.4,8.37208495051566,101.0,269.3478260869565
2025-05-24 08:00:00,3440,4.64142318327122,1.9891813642590943,14.4,9.313841493657737,109.0,269.3478260869565
2025-05-24 09:00:00,3441,4.237952051711643,1.8162651650192754,14.4,8.626583570847316,120.0,269.3478260869565
2025-05-24 10:00:00,3442,4.45767684803066,1.910432934870283,14.4,9.437457470962638,124.0,269.3478260869565
2025-05-24 11:00:00,3443,4.8689114186880165,2.086676322294864,14.5,10.047561057269533,120.0,269.3478260869565
2025-05-24 12:00:00,3444,4.573134694393485,1.9599148690257795,14.5,11.96807957283172,112.0,269.3478260869565
2025-05-24 13:00:00,3445,5.463445772856883,2.341476759795807,14.5,15.0,123.0,269.3478260869565
2025-05-24 14:00:00,3446,4.965623326038056,2.1281242825877382,14.5,15.0,129.0,269.3478260869565
2025-05-24 15:00:00,3447,5.324613744646893,2.2819773191343824,14.5,15.0,114.0,269.3478260869565
2025-05-24 16:00:00,3448,5.1240212313933124,2.196009099168563,14.5,15.0,112.0,269.3478260869565
2025-05-24 17:00:00,3449,5.821116879487275,2.4947643769231176,14.5,15.0,133.0,269.3478260869565
2025-05-24 18:00:00,3450,5.575956061388775,2.3896954548809037,14.5,15.0,119.0,269.3478260869565
2025-05-24 19:00:00,3451,5.811149132307843,2.4904924852747903,14.5,15.0,119.0,269.3478260869565
2025-05-24 20:00:00,3452,6.143370520204547,2.6328730800876627,14.5,15.0,98.0,269.3478260869565
2025-05-24 21:00:00,3453,6.18940580078899,2.6526024860524244,14.4,15.0,91.0,269.3478260869565
2025-05-24 22:00:00,3454,6.093805196271312,2.611630798401991,14.4,15.0,86.0,269.3478260869565
2025-05-24 23:00:00,3455,6.068497966111694,2.600784842619297,14.4,15.0,96.0,269.3478260869565
2025-05-25 00:00:00,3456,5.844785655770343,2.5049081381872895,14.4,15.0,103.0,269.3478260869565
2025-05-25 01:00:00,3457,5.39185572820751,2.3107953120889326,14.2,15.0,98.0,269.3478260869565
2025-05-25 02:00:00,3458,4.727706268383484,2.026159829307207,14.1,15.0,101.0,269.3478260869565
2025-05-25 03:00:00,3459,4.6096015585085865,1.9755435250751083,14.1,15.0,101.0,269.3478260869565
2025-05-25 04:00:00,3460,4.496611009043176,1.9271190038756467,13.9,15.0,109.0,269.3478260869565
2025-05-25 05:00:00,3461,4.527863398197648,1.940512884941849,13.8,15.0,117.0,269.3478260869565
2025-05-25 06:00:00,3462,4.147544676932436,1.7775191472567584,13.8,15.0,124.0,269.3478260869565
2025-05-25 07:00:00,3463,3.889282952458009,1.6668355510534323,13.7,14.931438851763389,135.0,269.3478260869565
2025-05-25 08:00:00,3464,4.011526229234871,1.7192255268149448,13.7,13.993655085124633,130.0,269.3478260869565
2025-05-25 09:00:00,3465,4.542609843973569,1.9468327902743865,13.7,13.184467642303282,123.0,269.3478260869565
2025-05-25 10:00:00,3466,4.016657263884675,1.721424541664861,13.8,10.93193324179425,123.0,269.3478260869565
2025-05-25 11:00:00,3467,4.665568517678811,1.9995293647194903,13.8,10.076475928631169,121.0,269.3478260869565
2025-05-25 12:00:00,3468,4.298232762066626,1.8420997551714111,13.8,11.031688875969344,122.0,269.3478260869565
2025-05-25 13:00:00,3469,4.96307590275881,2.1270325297537753,13.8,11.588928496530007,129.0,269.3478260869565
2025-05-25 14:00:00,3470,4.915981530716088,2.1068492274497523,13.8,11.235507159867538,139.0,269.3478260869565
2025-05-25 15:00:00,3471,5.024525199149224,2.1533679424925247,13.8,12.335279103442215,161.0,269.3478260869565
2025-05-25 16:00:00,3472,4.530277908019017,1.9415476748652931,13.8,12.521286709204025,146.0,269.3478260869565
2025-05-25 17:00:00,3473,4.646138395036305,1.9912021693012734,13.8,14.91977512015036,132.0,269.3478260869565
2025-05-25 18:00:00,3474,4.714433666911958,2.020471571533696,13.8,15.0,127.0,269.3478260869565
2025-05-25 19:00:00,3475,4.348829226106888,1.8637839540458088,13.7,15.0,123.0,269.3478260869565
2025-05-25 20:00:00,3476,4.17932823133204,1.7911406705708743,13.7,15.0,115.0,269.3478260869565
2025-05-25 21:00:00,3477,4.087369859048401,1.7517299395921717,13.6,15.0,104.0,269.3478260869565
2025-05-25 22:00:00,3478,3.9656957272169873,1.6995838830929946,13.6,15.0,106.0,269.3478260869565
2025-05-25 23:00:00,3479,4.087717696548862,1.751879012806655,13.6,13.428349840291808,105.0,269.3478260869565
2025-05-26 00:00:00,3480,4.331091868755114,1.8561822294664774,13.5,12.668483179205047,105.0,269.3478260869565
2025-05-26 01:00:00,3481,5.059635801046879,2.168415343305805,13.4,13.653302571950976,101.0,269.3478260869565
2025-05-26 02:00:00,3482,4.065351113385323,1.7422933343079956,13.4,12.554281461740954,106.0,269.3478260869565
2025-05-26 03:00:00,3483,4.292273540231653,1.8395458029564224,13.4,10.907635620237222,120.0,269.3478260869565
2025-05-26 04:00:00,3484,4.252619747797112,1.8225513204844765,13.4,10.104806858024725,121.0,269.3478260869565
2025-05-26 05:00:00,3485,4.182376343542978,1.792447004375562,13.4,10.288140021808733,120.0,269.3478260869565
2025-05-26 06:00:00,3486,4.166576518680568,1.7856756508631002,13.4,10.492433163263811,116.0,269.3478260869565
2025-05-26 07:00:00,3487,4.197471624921237,1.7989164106805302,13.4,10.995456396668645,131.0,269.3478260869565
2025-05-26 08:00:00,3488,4.559442312976376,1.954046705561304,13.4,12.508188458822893,138.0,269.3478260869565
2025-05-26 09:00:00,3489,4.201762569057411,1.8007553867388908,13.4,12.240366872265367,147.0,269.3478260869565
2025-05-26 10:00:00,3490,4.528625361625811,1.9408394406967762,13.4,7.26960414233871,147.0,269.3478260869565
2025-05-26 11:00:00,3491,4.440274137643074,1.9029746304184605,13.4,8.807054581674672,145.0,269.3478260869565
2025-05-26 12:00:00,3492,4.2835284803207445,1.8357979201374617,13.4,12.319109567587095,141.0,269.3478260869565
2025-05-26 13:00:00,3493,4.949938150120394,2.1214020643373113,13.4,15.0,138.0,269.3478260869565
2025-05-26 14:00:00,3494,4.5908016000036405,1.96748640000156,13.4,15.0,131.0,269.3478260869565
2025-05-26 15:00:00,3495,4.689481252432133,2.009777679613771,13.4,15.0,128.0,269.3478260869565
2025-05-26 16:00:00,3496,4.512404298867562,1.9338875566575262,13.4,15.0,124.0,269.3478260869565
2025-05-26 17:00:00,3497,4.607080947271651,1.9744632631164216,13.3,15.0,119.0,269.3478260869565
2025-05-26 18:00:00,3498,4.510195069856165,1.9329407442240707,13.3,15.0,112.0,269.3478260869565
2025-05-26 19:00:00,3499,4.310266725832906,1.8472571682141024,13.2,15.0,99.0,269.3478260869565
2025-05-26 20:00:00,3500,4.529598566663707,1.9412565285701602,13.2,15.0,100.0,269.3478260869565
2025-05-26 21:00:00,3501,4.304109045310449,1.8446181622759068,13.1,15.0,101.0,269.3478260869565
2025-05-26 22:00:00,3502,4.261095155485041,1.8261836380650174,13.1,15.0,106.0,269.3478260869565
2025-05-26 23:00:00,3503,4.206101049899434,1.8026147356711861,13.1,10.56749032230644,120.0,269.3478260869565
2025-05-27 00:00:00,3504,4.676448268515617,2.004192115078121,13.0,7.137587755617589,125.0,269.3478260869565
2025-05-27 01:00:00,3505,4.480519022045612,1.9202224380195476,12.9,5.72369698610511,135.0,269.3478260869565
2025-05-27 02:00:00,3506,4.118656912951483,1.7651386769792068,12.9,4.7183693981701,142.0,269.3478260869565
2025-05-27 03:00:00,3507,3.69837391219533,1.5850173909408556,12.9,4.946559509511511,153.0,269.3478260869565
2025-05-27 04:00:00,3508,3.66336338698929,1.5700128801382671,12.9,5.51954252405885,209.0,269.3478260869565
2025-05-27 05:00:00,3509,3.6741738525455383,1.5746459368052306,12.9,4.836785180360279,294.0,269.3478260869565
2025-05-27 06:00:00,3510,3.7775932353262887,1.6189685294255522,12.9,3.6748817918145806,334.0,269.3478260869565
2025-05-27 07:00:00,3511,4.102824695043789,1.7583534407330523,12.9,5.43571659521428,333.0,269.3478260869565
2025-05-27 08:00:00,3512,4.102078987910328,1.7580338519615692,12.9,6.754735805818366,319.0,269.3478260869565
2025-05-27 09:00:00,3513,3.9695991418882297,1.7012567750949554,12.9,5.661098697207942,292.0,269.3478260869565
2025-05-27 10:00:00,3514,4.051835414939859,1.7365008921170826,12.9,2.1838581891713607,271.0,269.3478260869565
2025-05-27 11:00:00,3515,3.9127124452776165,1.6768767622618357,12.9,1.180191205125175,262.0,269.3478260869565
2025-05-27 12:00:00,3516,4.048769673113938,1.7351870027631164,12.9,0.6005455919069465,265.0,269.3478260869565
2025-05-27 13:00:00,3517,4.330306772411301,1.8558457596048434,13.0,0.0,258.0,269.3478260869565
2025-05-27 14:00:00,3518,4.09028338138222,1.7529785920209513,13.1,0.2881454166562884,258.0,269.3478260869565
2025-05-27 15:00:00,3519,4.339299866989244,1.8596999429953902,13.1,0.9549277450326155,256.0,269.3478260869565
2025-05-27 16:00:00,3520,4.023662890944965,1.7244269532621275,13.2,0.9733789897381222,266.0,269.3478260869565
2025-05-27 17:00:00,3521,4.0556230897120065,1.7381241813051458,13.2,0.4344150390205195,271.0,269.3478260869565
2025-05-27 18:00:00,3522,4.357881827503036,1.8676636403584435,13.3,0.07025681835356162,266.0,269.3478260869565
2025-05-27 19:00:00,3523,4.079040563280754,1.748160241406037,13.3,0.0,268.0,269.3478260869565
2025-05-27 20:00:00,3524,3.779105570757901,1.6196166731819577,13.2,0.31912798850530094,246.0,269.3478260869565
2025-05-27 21:00:00,3525,4.169544864147256,1.7869477989202525,13.2,0.776612933155498,226.0,269.3478260869565
2025-05-27 22:00:00,3526,3.878642041411634,1.662275160604986,13.2,0.14449622430970788,191.0,269.3478260869565
2025-05-27 23:00:00,3527,3.984379893013891,1.7075913827202387,13.1,0.2088022455053888,168.0,269.3478260869565
2025-05-28 00:00:00,3528,4.292974820166914,1.839846351500106,13.1,0.4166316584361088,168.0,269.3478260869565
2025-05-28 01:00:00,3529,4.209322503583637,1.8039953586787014,13.1,1.2651248821938423,182.0,269.3478260869565
2025-05-28 02:00:00,3530,4.423817280727026,1.8959216917401538,13.1,2.464989581879666,206.0,269.3478260869565
2025-05-28 03:00:00,3531,4.896490450060087,2.0984959071686085,13.0,2.7441698719511134,250.0,269.3478260869565
2025-05-28 04:00:00,3532,4.384032087045862,1.8788708944482264,13.0,2.58677361138771,286.0,269.3478260869565
2025-05-28 05:00:00,3533,4.307912439397434,1.846248188313186,13.0,2.1650659101773524,294.0,269.3478260869565
2025-05-28 06:00:00,3534,4.520725403827923,1.937453744497681,13.0,2.6470515069600298,321.0,269.3478260869565
2025-05-28 07:00:00,3535,4.217795552800484,1.8076266654859217,13.0,3.668046804686295,347.0,269.3478260869565
2025-05-28 08:00:00,3536,4.279797228028315,1.834198812012135,13.1,3.7571280979217665,342.0,269.3478260869565
2025-05-28 09:00:00,3537,4.012572162224648,1.7196737838105636,13.1,3.022370082956473,347.0,269.3478260869565
2025-05-28 10:00:00,3538,3.908712479852757,1.675162491365467,13.1,1.538479248750965,326.0,269.3478260869565
2025-05-28 11:00:00,3539,4.438797074625947,1.9023416034111205,13.2,0.4458828730883821,314.0,269.3478260869565
2025-05-28 12:00:00,3540,4.329177630007573,1.8553618414318165,13.3,0.03131791506278517,308.0,269.3478260869565
2025-05-28 13:00:00,3541,4.634423450211014,1.9861814786618632,13.4,1.195167463586788,294.0,269.3478260869565
2025-05-28 14:00:00,3542,4.486523527699699,1.9227957975855854,13.6,4.896596978149457,277.0,269.3478260869565
2025-05-28 15:00:00,3543,4.791746255187089,2.0536055379373237,13.7,9.182594130818456,262.0,269.3478260869565
2025-05-28 16:00:00,3544,4.815137311136684,2.063630276201436,13.8,10.693757173286516,297.0,269.3478260869565
2025-05-28 17:00:00,3545,4.880946990762023,2.0918344246122955,13.9,11.467489765622817,319.0,269.3478260869565
2025-05-28 18:00:00,3546,4.759863048276684,2.039941306404293,13.9,12.77029390255465,329.0,269.3478260869565
2025-05-28 19:00:00,3547,5.041638442894282,2.160702189811835,13.9,15.0,287.0,269.3478260869565
2025-05-28 20:00:00,3548,5.11309251207847,2.191325362319344,13.9,15.0,227.0,269.3478260869565
2025-05-28 21:00:00,3549,4.73884511604294,2.03093362116126,13.8,15.0,195.0,269.3478260869565
2025-05-28 22:00:00,3550,4.6701689587514235,2.0015009823220384,13.6,15.0,122.0,269.3478260869565
2025-05-28 23:00:00,3551,5.248537655167686,2.2493732807861515,13.6,15.0,96.0,269.3478260869565
2025-05-29 00:00:00,3552,5.177105350755538,2.2187594360380873,13.4,15.0,93.0,269.3478260869565
2025-05-29 01:00:00,3553,5.414237136728824,2.3203873443123526,13.4,15.0,93.0,269.3478260869565
2025-05-29 02:00:00,3554,4.379997054051426,1.877141594593468,13.4,15.0,92.0,269.3478260869565
2025-05-29 03:00:00,3555,5.071386615437264,2.1734514066159707,13.3,15.0,90.0,269.3478260869565
2025-05-29 04:00:00,3556,5.609818221850304,2.4042078093644164,13.3,15.0,92.0,269.3478260869565
2025-05-29 05:00:00,3557,5.568648077004543,2.3865634615733753,13.2,15.0,93.0,269.3478260869565
2025-05-29 06:00:00,3558,5.122304350864017,2.195273293227436,13.2,15.0,97.0,269.3478260869565
2025-05-29 07:00:00,3559,5.412467751392802,2.3196290363112007,13.2,15.0,105.0,269.3478260869565
2025-05-29 08:00:00,3560,5.639608467055012,2.416975057309291,13.2,15.0,108.0,269.3478260869565
2025-05-29 09:00:00,3561,5.585270793564802,2.3936874829563433,13.2,15.0,113.0,269.3478260869565
2025-05-29 10:00:00,3562,5.902290298886362,2.529552985237012,13.2,15.0,120.0,269.3478260869565
2025-05-29 11:00:00,3563,5.369276431483922,2.3011184706359664,13.3,15.0,119.0,269.3478260869565
2025-05-29 12:00:00,3564,5.861406229321751,2.512031241137893,13.3,15.0,124.0,269.3478260869565
2025-05-29 13:00:00,3565,6.005701895614154,2.573872240977494,13.4,15.0,120.0,269.3478260869565
2025-05-29 14:00:00,3566,5.827229653325478,2.4973841371394907,13.4,15.0,125.0,269.3478260869565
2025-05-29 15:00:00,3567,5.33839359867011,2.287882970858618,13.4,15.0,131.0,269.3478260869565
2025-05-29 16:00:00,3568,5.215128772862469,2.2350551883696297,13.4,15.0,126.0,269.3478260869565
2025-05-29 17:00:00,3569,4.911884194367021,2.1050932261572943,13.5,15.0,125.0,269.3478260869565
2025-05-29 18:00:00,3570,4.979359589648261,2.1340112527063977,13.5,15.0,119.0,269.3478260869565
2025-05-29 19:00:00,3571,5.000678050670732,2.1431477360017426,13.5,15.0,122.0,269.3478260869565
2025-05-29 20:00:00,3572,5.38356906739901,2.307243886028147,13.5,15.0,109.0,269.3478260869565
2025-05-29 21:00:00,3573,5.649715167297712,2.421306500270448,13.4,15.0,101.0,269.3478260869565
2025-05-29 22:00:00,3574,5.282005380081495,2.263716591463498,13.4,15.0,105.0,269.3478260869565
2025-05-29 23:00:00,3575,5.050431895465049,2.1644708123421643,13.4,15.0,112.0,269.3478260869565
2025-05-30 00:00:00,3576,4.686110468413111,2.008333057891333,13.4,15.0,111.0,269.3478260869565
2025-05-30 01:00:00,3577,5.15851339814045,2.210791456345907,13.4,15.0,110.0,269.3478260869565
2025-05-30 02:00:00,3578,5.005077243111876,2.145033104190804,13.4,15.0,115.0,269.3478260869565
2025-05-30 03:00:00,3579,4.48611976729224,1.92262275741096,13.3,13.103785516571646,119.0,269.3478260869565
2025-05-30 04:00:00,3580,4.166807922646431,1.7857748239913271,13.2,10.626130327920956,141.0,269.3478260869565
2025-05-30 05:00:00,3581,4.412557434639373,1.891096043416874,13.2,8.712314024209475,165.0,269.3478260869565
2025-05-30 06:00:00,3582,4.515951738486034,1.935407887922586,13.3,6.707925319988869,216.0,269.3478260869565
2025-05-30 07:00:00,3583,4.336151287401419,1.858350551743465,13.4,5.318249085924953,219.0,269.3478260869565
2025-05-30 08:00:00,3584,5.43900904135057,2.3310038748645296,13.5,3.457483566722144,214.0,269.3478260869565
2025-05-30 09:00:00,3585,5.096838257048572,2.1843592530208165,13.6,2.19791567141973,202.0,269.3478260869565
2025-05-30 10:00:00,3586,5.702063671960544,2.443741573697376,13.8,0.8618267940357698,219.0,269.3478260869565
2025-05-30 11:00:00,3587,5.134975965301649,2.200703985129278,13.9,1.422804564324522,215.0,269.3478260869565
2025-05-30 12:00:00,3588,5.484409318037088,2.350461136301609,14.1,2.9601599489618637,219.0,269.3478260869565
2025-05-30 13:00:00,3589,5.353711789882095,2.2944479099494695,14.2,4.39638082597379,229.0,269.3478260869565
2025-05-30 14:00:00,3590,5.7008358763019515,2.4432153755579793,14.4,5.320775958290816,235.0,269.3478260869565
2025-05-30 15:00:00,3591,5.554379288761973,2.3804482666122744,14.6,6.22251095089338,230.0,269.3478260869565
2025-05-30 16:00:00,3592,5.272208070727517,2.259517744597507,14.8,6.876357996574367,224.0,269.3478260869565
2025-05-30 17:00:00,3593,5.303724388663976,2.273024737998847,14.9,7.304526808561067,244.0,269.3478260869565
2025-05-30 18:00:00,3594,5.0501611697867865,2.16435478705148,14.9,8.016071640305189,274.0,269.3478260869565
2025-05-30 19:00:00,3595,4.813954821061419,2.063123494740608,14.9,9.641343549490326,280.0,269.3478260869565
2025-05-30 20:00:00,3596,5.43263615195339,2.3282726365514526,14.8,9.77627421400082,282.0,269.3478260869565
2025-05-30 21:00:00,3597,5.237945373428246,2.244833731469248,14.6,8.971947582709225,267.0,269.3478260869565
2025-05-30 22:00:00,3598,5.167186459701582,2.214508482729249,14.5,8.35921376064145,250.0,269.3478260869565
2025-05-30 23:00:00,3599,5.325345358239025,2.2822908678167244,14.4,8.359565178661086,257.0,269.3478260869565
2025-05-31 00:00:00,3600,5.391628681756245,2.310698006466962,14.2,8.791077986009807,252.0,269.3478260869565
2025-05-31 01:00:00,3601,5.439561376468951,2.331240589915265,14.1,9.444803304942786,232.0,269.3478260869565
2025-05-31 02:00:00,3602,6.180935833092892,2.648972499896954,14.0,10.558427125956372,198.0,269.3478260869565
2025-05-31 03:00:00,3603,5.335561591843854,2.2866692536473656,13.9,12.53415885343164,178.0,269.3478260869565
2025-05-31 04:00:00,3604,5.182010248687661,2.2208615351518546,13.8,13.416797482851095,193.0,269.3478260869565
2025-05-31 05:00:00,3605,4.950639199090181,2.1217025138957917,13.7,13.850850583230518,179.0,269.3478260869565
2025-05-31 06:00:00,3606,4.440517256267317,1.9030788241145646,13.6,14.597395212640336,155.0,269.3478260869565
2025-05-31 07:00:00,3607,4.714458784685016,2.0204823362935778,13.6,15.0,146.0,269.3478260869565
2025-05-31 08:00:00,3608,4.8766842913092585,2.090007553418254,13.6,15.0,146.0,269.3478260869565
2025-05-31 09:00:00,3609,4.719517783106069,2.0226504784740293,13.6,15.0,152.0,269.3478260869565
2025-05-31 10:00:00,3610,4.488268404541509,1.9235436019463612,13.6,15.0,137.0,269.3478260869565
2025-05-31 11:00:00,3611,4.673766649581683,2.003042849820721,13.6,15.0,125.0,269.3478260869565
2025-05-31 12:00:00,3612,4.6913193234427295,2.010565424332598,13.6,15.0,136.0,269.3478260869565
2025-05-31 13:00:00,3613,5.242082640590828,2.246606845967498,13.7,15.0,144.0,269.3478260869565
2025-05-31 14:00:00,3614,5.213858125492203,2.234510625210944,13.7,15.0,146.0,269.3478260869565
2025-05-31 15:00:00,3615,5.3047581651131095,2.2734677850484752,13.8,15.0,147.0,269.3478260869565
2025-05-31 16:00:00,3616,5.32731494916985,2.28313497821565,13.8,15.0,139.0,269.3478260869565
2025-05-31 17:00:00,3617,5.662417683878759,2.42675043594804,13.9,15.0,157.0,269.3478260869565
2025-05-31 18:00:00,3618,5.42311843495622,2.3241936149812368,13.9,15.0,159.0,269.3478260869565
2025-05-31 19:00:00,3619,5.172036170118647,2.2165869300508487,13.9,12.03755445344901,175.0,269.3478260869565
2025-05-31 20:00:00,3620,5.296136127082498,2.269772625892499,13.8,7.292683692486798,171.0,269.3478260869565
2025-05-31 21:00:00,3621,5.0345136490642695,2.15764870674183,13.8,5.65424218328796,177.0,269.3478260869565
2025-05-31 22:00:00,3622,5.0106320012804995,2.1474137148344994,13.8,5.699346967102457,178.0,269.3478260869565
2025-05-31 23:00:00,3623,5.013110297197763,2.1484758416561838,13.7,6.546740110075456,145.0,269.3478260869565
2025-06-01 00:00:00,3624,5.277642577532676,2.261846818942575,13.6,6.3075818826774315,125.0,269.3478260869565
2025-06-01 01:00:00,3625,5.655541945501895,2.423803690929383,13.6,6.586998282899578,121.0,269.3478260869565
2025-06-01 02:00:00,3626,5.25469611532211,2.2520126208523323,13.6,8.399691498965707,112.0,269.3478260869565
2025-06-01 03:00:00,3627,4.620789133210062,1.9803381999471692,13.5,10.811614091996352,116.0,269.3478260869565
2025-06-01 04:00:00,3628,4.479886298882522,1.9199512709496522,13.4,13.24493447202952,123.0,269.3478260869565
2025-06-01 05:00:00,3629,4.867201873556305,2.085943660095559,13.4,15.0,130.0,269.3478260869565
2025-06-01 06:00:00,3630,4.408226841948267,1.8892400751206853,13.3,15.0,136.0,269.3478260869565
2025-06-01 07:00:00,3631,4.198812016025297,1.7994908640108414,13.2,15.0,153.0,269.3478260869565
2025-06-01 08:00:00,3632,4.46686040675433,1.914368745751856,13.2,15.0,157.0,269.3478260869565
2025-06-01 09:00:00,3633,4.610669584102343,1.9760012503295756,13.2,15.0,163.0,269.3478260869565
2025-06-01 10:00:00,3634,4.247819293036347,1.8204939827298627,13.1,11.27864090751356,168.0,269.3478260869565
2025-06-01 11:00:00,3635,4.618438397273393,1.9793307416885968,13.1,7.2163069230376795,174.0,269.3478260869565
2025-06-01 12:00:00,3636,4.789839476780575,2.0527883471916746,13.1,5.197303942753155,166.0,269.3478260869565
2025-06-01 13:00:00,3637,4.941589916025025,2.1178242497250106,13.1,4.509684364856205,160.0,269.3478260869565
2025-06-01 14:00:00,3638,5.128349682223916,2.197864149524535,13.1,5.53721199730246,185.0,269.3478260869565
2025-06-01 15:00:00,3639,5.2039520080944595,2.230265146326197,13.1,7.21746574389368,195.0,269.3478260869565
2025-06-01 16:00:00,3640,4.99484533535391,2.1406480008659616,13.1,7.305331644175668,183.0,269.3478260869565
2025-06-01 17:00:00,3641,5.176546554969557,2.21851995212981,13.1,9.251016491592729,172.0,269.3478260869565
2025-06-01 18:00:00,3642,5.104422233408735,2.187609528603743,13.1,12.838552565024504,159.0,269.3478260869565
2025-06-01 19:00:00,3643,5.081499287138813,2.177785408773777,13.1,15.0,135.0,269.3478260869565
2025-06-01 20:00:00,3644,5.192093566627207,2.2251829571259454,13.0,14.586498567320005,140.0,269.3478260869565
2025-06-01 21:00:00,3645,4.9865195260913655,2.1370797968962996,13.0,13.648998714082278,165.0,269.3478260869565
2025-06-01 22:00:00,3646,4.784668996498784,2.0505724270709074,12.9,10.398517671223788,168.0,269.3478260869565
2025-06-01 23:00:00,3647,4.7185963005669915,2.022255557385853,12.9,9.872758009826546,156.0,269.3478260869565
2025-06-02 00:00:00,3648,5.073479873763562,2.1743485173272403,12.9,9.632982591274617,174.0,269.3478260869565
2025-06-02 01:00:00,3649,4.572032288556105,1.9594424093811877,12.9,8.95739883339935,186.0,269.3478260869565
2025-06-02 02:00:00,3650,4.311767324162277,1.8479002817838328,12.9,8.212805449547186,197.0,269.3478260869565
2025-06-02 03:00:00,3651,4.258219187299768,1.824951080271329,12.8,6.93047923123552,222.0,269.3478260869565
2025-06-02 04:00:00,3652,4.036745681686309,1.730033863579847,12.8,5.939618741430985,253.0,269.3478260869565
2025-06-02 05:00:00,3653,3.8907518572896755,1.6674650816955754,12.8,4.424041708787049,278.0,269.3478260869565
2025-06-02 06:00:00,3654,3.850504244077679,1.6502161046047197,12.8,2.9142649106348517,285.0,269.3478260869565
2025-06-02 07:00:00,3655,4.058499028018174,1.7393567262935028,12.8,1.9986825415778389,291.0,269.3478260869565
2025-06-02 08:00:00,3656,3.9278477408290495,1.683363317498164,12.9,1.215792690572996,235.0,269.3478260869565
2025-06-02 09:00:00,3657,4.1391474062282425,1.773920316954961,12.9,0.6282974541555304,219.0,269.3478260869565
2025-06-02 10:00:00,3658,3.777155183433726,1.6187807929001683,13.0,1.142683740472599,200.0,269.3478260869565
2025-06-02 11:00:00,3659,3.9871974626635125,1.7087989125700767,13.1,4.266904477128317,202.0,269.3478260869565
2025-06-02 12:00:00,3660,4.167587770385657,1.786109044450996,13.1,12.861613333974697,183.0,269.3478260869565
2025-06-02 13:00:00,3661,4.379649291568254,1.8769925535292513,13.1,15.0,175.0,269.3478260869565
2025-06-02 14:00:00,3662,3.9574834886794354,1.6960643522911865,13.0,15.0,169.0,269.3478260869565
2025-06-02 15:00:00,3663,4.00028299118738,1.7144069962231625,12.9,15.0,153.0,269.3478260869565
2025-06-02 16:00:00,3664,3.9715372563102997,1.7020873955615572,12.9,15.0,140.0,269.3478260869565
2025-06-02 17:00:00,3665,4.175087498266452,1.789323213542765,12.9,15.0,160.0,269.3478260869565
2025-06-02 18:00:00,3666,4.2606806092741305,1.826005975403199,12.8,15.0,160.0,269.3478260869565
2025-06-02 19:00:00,3667,4.321900863301675,1.8522432271292892,12.6,15.0,152.0,269.3478260869565
2025-06-02 20:00:00,3668,4.012376001567459,1.7195897149574821,12.5,15.0,150.0,269.3478260869565
2025-06-02 21:00:00,3669,3.938734651539899,1.6880291363742423,12.4,15.0,115.0,269.3478260869565
2025-06-02 22:00:00,3670,3.946819446187454,1.6914940483660517,12.2,15.0,105.0,269.3478260869565
2025-06-02 23:00:00,3671,3.9302370337286208,1.6843873001694087,12.1,15.0,109.0,269.3478260869565
2025-06-03 00:00:00,3672,4.531114823131939,1.941906352770831,12.0,15.0,117.0,269.3478260869565
2025-06-03 01:00:00,3673,4.166263727865985,1.785541597656851,11.9,15.0,116.0,269.3478260869565
2025-06-03 02:00:00,3674,3.638393582399381,1.5593115353140206,11.9,15.0,114.0,269.3478260869565
2025-06-03 03:00:00,3675,3.5311022844507836,1.5133295504789073,11.9,14.479955586414025,116.0,269.3478260869565
2025-06-03 04:00:00,3676,3.573666564738895,1.5315713848880979,11.9,12.255853024511975,128.0,269.3478260869565
2025-06-03 05:00:00,3677,3.4175250667324537,1.4646536000281944,11.9,10.256914303675678,139.0,269.3478260869565
2025-06-03 06:00:00,3678,3.5498296251502426,1.521355553635818,11.9,9.325229108475416,171.0,269.3478260869565
2025-06-03 07:00:00,3679,3.5291396564610826,1.5124884241976069,11.9,10.637897839429494,163.0,269.3478260869565
2025-06-03 08:00:00,3680,3.943864888133837,1.6902278092002156,11.9,12.000770436234147,155.0,269.3478260869565
2025-06-03 09:00:00,3681,3.531072922137407,1.5133169666303172,11.9,14.072411445775625,156.0,269.3478260869565
2025-06-03 10:00:00,3682,3.8698096796907375,1.6584898627246016,12.0,9.676965070757586,152.0,269.3478260869565
2025-06-03 11:00:00,3683,3.9411394755128115,1.6890597752197762,12.0,7.33136245825708,150.0,269.3478260869565
2025-06-03 12:00:00,3684,3.9523687585726552,1.6938723251025662,12.1,7.629527098609424,157.0,269.3478260869565
2025-06-03 13:00:00,3685,4.150777602089333,1.7789046866097142,12.1,7.833347528436773,154.0,269.3478260869565
2025-06-03 14:00:00,3686,4.13401311803195,1.7717199077279786,12.1,6.57022812629309,169.0,269.3478260869565
2025-06-03 15:00:00,3687,4.130224958869656,1.7700964109441384,12.1,5.619286583049086,174.0,269.3478260869565
2025-06-03 16:00:00,3688,4.237303012821634,1.815987005494986,12.1,5.431883895295828,167.0,269.3478260869565
2025-06-03 17:00:00,3689,4.292023036857117,1.8394384443673355,12.1,5.013324179865572,155.0,269.3478260869565
2025-06-03 18:00:00,3690,4.255428441945369,1.823755046548015,12.1,6.153274714135762,162.0,269.3478260869565
2025-06-03 19:00:00,3691,4.379394666555703,1.8768834285238722,12.1,7.176261392178191,169.0,269.3478260869565
2025-06-03 20:00:00,3692,4.269352546157468,1.829722519781772,12.1,7.176908428675756,148.0,269.3478260869565
2025-06-03 21:00:00,3693,4.519111184720056,1.936761936308595,12.1,7.0966306787644235,142.0,269.3478260869565
2025-06-03 22:00:00,3694,4.457757815212896,1.9104676350912413,12.1,11.106351699214484,123.0,269.3478260869565
2025-06-03 23:00:00,3695,4.5885343043554645,1.9665147018666276,12.0,11.305439281565256,124.0,269.3478260869565
2025-06-04 00:00:00,3696,4.420810190117274,1.894632938621689,12.0,10.078238959459103,133.0,269.3478260869565
2025-06-04 01:00:00,3697,5.071759505967879,2.1736112168433768,12.0,8.607938177449906,133.0,269.3478260869565
2025-06-04 02:00:00,3698,4.635538458876874,1.98665933951866,11.9,7.910985755744984,135.0,269.3478260869565
2025-06-04 03:00:00,3699,4.535014640063894,1.9435777028845256,11.9,7.5796022235506975,137.0,269.3478260869565
2025-06-04 04:00:00,3700,4.383246772748619,1.878534331177979,11.9,7.087370972477338,137.0,269.3478260869565
2025-06-04 05:00:00,3701,4.328773386900764,1.8551885943860413,11.9,6.810272379461142,163.0,269.3478260869565
2025-06-04 06:00:00,3702,3.981093086240089,1.7061827512457524,11.9,6.994054887221117,222.0,269.3478260869565
2025-06-04 07:00:00,3703,4.269518317736393,1.8297935647441688,11.9,7.544786360427103,219.0,269.3478260869565
2025-06-04 08:00:00,3704,4.4873620303595185,1.9231551558683653,11.9,7.905277660653125,215.0,269.3478260869565
2025-06-04 09:00:00,3705,4.268552581079348,1.8293796776054345,12.0,7.411035733065585,216.0,269.3478260869565
2025-06-04 10:00:00,3706,4.8254986743658,2.0680708604424853,12.0,4.735149462986782,205.0,269.3478260869565
2025-06-04 11:00:00,3707,4.3627939299388405,1.869768827116646,12.1,4.226641946316686,216.0,269.3478260869565
2025-06-04 12:00:00,3708,4.487396216018474,1.92316980686506,12.1,5.475081522690225,224.0,269.3478260869565
2025-06-04 13:00:00,3709,5.470740621324747,2.3446031234248914,12.1,7.445204653558319,205.0,269.3478260869565
2025-06-04 14:00:00,3710,4.780664698327745,2.048856299283319,12.1,10.814943824179535,201.0,269.3478260869565
2025-06-04 15:00:00,3711,4.842952424747596,2.0755510391775407,12.1,14.57591614541541,196.0,269.3478260869565
2025-06-04 16:00:00,3712,4.897877656804469,2.099090424344772,12.1,11.4988357211507,202.0,269.3478260869565
2025-06-04 17:00:00,3713,5.327183499218574,2.2830786425222453,12.2,12.044047239309469,217.0,269.3478260869565
2025-06-04 18:00:00,3714,5.190449250460162,2.2244782501972122,12.2,12.721003485603575,221.0,269.3478260869565
2025-06-04 19:00:00,3715,5.305538404499524,2.273802173356939,12.2,11.29619775815658,250.0,269.3478260869565
2025-06-04 20:00:00,3716,4.930561451056995,2.1130977647387117,12.2,9.028885209759675,273.0,269.3478260869565
2025-06-04 21:00:00,3717,5.204957722602948,2.230696166829835,12.1,6.67258902330344,274.0,269.3478260869565
2025-06-04 22:00:00,3718,5.3283639683578015,2.283584557867629,12.1,2.456532474982906,256.0,269.3478260869565
2025-06-04 23:00:00,3719,5.446265085542008,2.334113608089432,12.1,2.3312970866422833,253.0,269.3478260869565
2025-06-05 00:00:00,3720,5.8192907738760695,2.4939817602326007,12.1,2.6613178340806662,235.0,269.3478260869565
2025-06-05 01:00:00,3721,5.171454209330521,2.216337518284509,12.1,2.401598720931615,226.0,269.3478260869565
2025-06-05 02:00:00,3722,4.961279745875945,2.126262748232548,12.1,1.1327801941338538,237.0,269.3478260869565
2025-06-05 03:00:00,3723,4.679465331482964,2.0054851420641273,12.1,0.8310190855819608,221.0,269.3478260869565
2025-06-05 04:00:00,3724,4.614072999122241,1.9774598567666746,12.0,0.9536498158936603,222.0,269.3478260869565
2025-06-05 05:00:00,3725,4.656938797764478,1.995830913327633,12.0,1.757379613677705,250.0,269.3478260869565
2025-06-05 06:00:00,3726,4.6037845203804215,1.973050508734466,12.1,2.944211319700143,263.0,269.3478260869565
2025-06-05 07:00:00,3727,4.547398071940858,1.9488848879746534,12.1,3.074687969992354,287.0,269.3478260869565
2025-06-05 08:00:00,3728,4.497234235166616,1.9273861007856925,12.2,3.295341385086236,280.0,269.3478260869565
2025-06-05 09:00:00,3729,4.218599895778564,1.807971383905099,12.3,3.1886702367989246,264.0,269.3478260869565
2025-06-05 10:00:00,3730,4.402586227247617,1.8868226688204068,12.4,2.4462969616906394,250.0,269.3478260869565
2025-06-05 11:00:00,3731,4.492466191544718,1.9253426535191651,12.5,1.913805922692978,234.0,269.3478260869565
2025-06-05 12:00:00,3732,4.64854794014087,1.9922348314889442,12.6,1.5400197455757443,230.0,269.3478260869565
2025-06-05 13:00:00,3733,5.173343081007102,2.217147034717329,12.6,1.486362419420269,214.0,269.3478260869565
2025-06-05 14:00:00,3734,5.470140255864493,2.3443458239419255,12.8,1.2174082794982197,213.0,269.3478260869565
2025-06-05 15:00:00,3735,5.013221560434159,2.148523525900354,12.8,0.7540661313688812,221.0,269.3478260869565
2025-06-05 16:00:00,3736,5.65014416068726,2.421490354580254,12.9,0.1563517273206824,261.0,269.3478260869565
2025-06-05 17:00:00,3737,5.089947970844996,2.1814062732192836,12.9,0.0,281.0,269.3478260869565
2025-06-05 18:00:00,3738,4.782816851878609,2.049778650805118,12.9,0.025862840456238573,295.0,269.3478260869565
2025-06-05 19:00:00,3739,4.901648947009383,2.1007066915754495,12.9,1.0170041819971174,308.0,269.3478260869565
2025-06-05 20:00:00,3740,4.980362991958643,2.1344412822679897,12.9,0.9954301371830627,306.0,269.3478260869565
2025-06-05 21:00:00,3741,4.974676717197754,2.1320043073704658,12.9,1.844672868760866,296.0,269.3478260869565
2025-06-05 22:00:00,3742,5.270198611698127,2.258656547870626,12.8,2.7785337148679274,264.0,269.3478260869565
2025-06-05 23:00:00,3743,5.603297214681209,2.401413092006232,12.8,2.6425634471968547,217.0,269.3478260869565
2025-06-06 00:00:00,3744,5.495673736618491,2.3552887442650676,12.7,3.7083298155241,207.0,269.3478260869565
2025-06-06 01:00:00,3745,5.0398747942315065,2.159946340384931,12.6,4.539485666917242,195.0,269.3478260869565
2025-06-06 02:00:00,3746,5.02309246799183,2.152753914853641,12.6,3.8293207477439895,167.0,269.3478260869565
2025-06-06 03:00:00,3747,5.3245378256210785,2.2819447824090333,12.6,3.1995628373467895,167.0,269.3478260869565
2025-06-06 04:00:00,3748,5.079806112590905,2.1770597625389594,12.6,3.7853850384714676,171.0,269.3478260869565
2025-06-06 05:00:00,3749,4.9511619546230135,2.121926551981291,12.5,3.7603017498163993,209.0,269.3478260869565
2025-06-06 06:00:00,3750,4.838595098689142,2.0736836137239183,12.5,3.3800232365484018,291.0,269.3478260869565
2025-06-06 07:00:00,3751,4.554371732761075,1.9518735997547463,12.5,3.409468054702164,305.0,269.3478260869565
2025-06-06 08:00:00,3752,4.698881004560634,2.0138061448117,12.6,3.0961038362542275,300.0,269.3478260869565
2025-06-06 09:00:00,3753,4.659904223059685,1.997101809882722,12.6,2.18578643575491,296.0,269.3478260869565
2025-06-06 10:00:00,3754,3.851903571730138,1.6508158164557731,12.7,1.4991850913223443,298.0,269.3478260869565
2025-06-06 11:00:00,3755,4.133317298293939,1.7714216992688308,12.8,0.7432861625778593,290.0,269.3478260869565
2025-06-06 12:00:00,3756,4.24678768922308,1.820051866809891,12.9,0.7087100634480682,263.0,269.3478260869565
2025-06-06 13:00:00,3757,4.313723853989594,1.8487387945669687,12.9,0.6731197622746518,250.0,269.3478260869565
2025-06-06 14:00:00,3758,4.487550735565556,1.9232360295280952,13.1,0.7378674960822261,251.0,269.3478260869565
2025-06-06 15:00:00,3759,4.60598352767308,1.9739929404313197,13.1,1.2908422408951354,256.0,269.3478260869565
2025-06-06 16:00:00,3760,4.838014146034325,2.0734346340147103,13.2,4.039820761146871,271.0,269.3478260869565
2025-06-06 17:00:00,3761,4.781219522371492,2.0490940810163534,13.3,5.826122748036357,301.0,269.3478260869565
2025-06-06 18:00:00,3762,5.181385578656819,2.220593819424351,13.4,1.776312292306099,320.0,269.3478260869565
2025-06-06 19:00:00,3763,4.833967231862594,2.0717002422268256,13.4,1.7960826388002142,342.0,269.3478260869565
2025-06-06 20:00:00,3764,5.756027582461138,2.466868963911916,13.4,5.072924227647731,346.0,269.3478260869565
2025-06-06 21:00:00,3765,5.440988950174821,2.3318524072177804,13.3,3.5517730547089457,326.0,269.3478260869565
2025-06-06 22:00:00,3766,5.298245152976051,2.270676494132593,13.2,1.9794181261260784,308.0,269.3478260869565
2025-06-06 23:00:00,3767,4.914497012587278,2.1062130053945474,13.2,2.4020077325476845,299.0,269.3478260869565
2025-06-07 00:00:00,3768,5.602431371230995,2.401042016241855,13.1,2.698291993012264,292.0,269.3478260869565
2025-06-07 01:00:00,3769,5.454820651379737,2.337780279162744,13.1,1.982521778990759,298.0,269.3478260869565
2025-06-07 02:00:00,3770,4.728591103006079,2.026539044145462,13.1,1.4514791942933198,300.0,269.3478260869565
2025-06-07 03:00:00,3771,4.331237090082642,1.856244467178275,13.1,1.2236205715613526,321.0,269.3478260869565
2025-06-07 04:00:00,3772,4.303515801082085,1.8443639147494646,13.0,0.8868279283620351,336.0,269.3478260869565
2025-06-07 05:00:00,3773,4.71875219747711,2.0223223703473323,13.0,0.948447682433411,330.0,269.3478260869565
2025-06-07 06:00:00,3774,4.703339923240462,2.015717109960198,13.0,1.2080939769865862,331.0,269.3478260869565
2025-06-07 07:00:00,3775,4.508873790344927,1.932374481576397,13.0,1.3570435164290053,335.0,269.3478260869565
2025-06-07 08:00:00,3776,4.4092396505133316,1.889674135934285,13.1,1.44311016501322,323.0,269.3478260869565
2025-06-07 09:00:00,3777,4.733413311718552,2.0286057050222364,13.1,1.5500994257509004,320.0,269.3478260869565
2025-06-07 10:00:00,3778,4.242494348933494,1.8182118638286404,13.1,1.7481743452114,297.0,269.3478260869565
2025-06-07 11:00:00,3779,5.7454040363811165,2.462316015591907,13.1,1.8557037804233087,267.0,269.3478260869565
2025-06-07 12:00:00,3780,5.574175149784413,2.3889322070504626,13.2,1.8699125534512182,250.0,269.3478260869565
2025-06-07 13:00:00,3781,5.998622710366424,2.570838304442753,13.2,1.8641554667272398,236.0,269.3478260869565
2025-06-07 14:00:00,3782,6.000136214350231,2.5714869490072414,13.2,2.1668017243928754,230.0,269.3478260869565
2025-06-07 15:00:00,3783,5.986432621708953,2.5656139807324085,13.2,2.1589627008990027,210.0,269.3478260869565
2025-06-07 16:00:00,3784,5.528770787415759,2.3694731946067535,13.2,4.4332414064270065,219.0,269.3478260869565
2025-06-07 17:00:00,3785,5.306932201943853,2.274399515118794,13.2,4.655109281048023,219.0,269.3478260869565
2025-06-07 18:00:00,3786,4.900988823516487,2.100423781507066,13.2,4.498871885043629,274.0,269.3478260869565
2025-06-07 19:00:00,3787,5.065927792356952,2.1711119110101222,13.2,5.684127864419779,308.0,269.3478260869565
2025-06-07 20:00:00,3788,4.974037046688581,2.131730162866534,13.2,6.29007926068793,284.0,269.3478260869565
2025-06-07 21:00:00,3789,4.839461137734748,2.074054773314892,13.2,7.36884671742402,229.0,269.3478260869565
2025-06-07 22:00:00,3790,4.7358354682188715,2.029643772093802,13.1,8.82684804770606,208.0,269.3478260869565
2025-06-07 23:00:00,3791,5.162361559114416,2.2124406681918924,13.1,8.39706111062437,198.0,269.3478260869565
2025-06-08 00:00:00,3792,5.599518879144878,2.3997938053478043,13.1,8.766735493401328,172.0,269.3478260869565
2025-06-08 01:00:00,3793,5.510700584783805,2.361728822050202,13.1,7.790818536241294,161.0,269.3478260869565
2025-06-08 02:00:00,3794,4.951589940004784,2.1221099742877647,13.1,7.731213605778591,152.0,269.3478260869565
2025-06-08 03:00:00,3795,5.007800843031443,2.14620036129919,13.1,5.889542123167454,145.0,269.3478260869565
2025-06-08 04:00:00,3796,5.006943267837455,2.145832829073195,13.1,4.41729772469044,141.0,269.3478260869565
2025-06-08 05:00:00,3797,5.025920547896533,2.1539659490985144,13.1,3.7509816060452463,146.0,269.3478260869565
2025-06-08 06:00:00,3798,4.436919701932433,1.9015370151138997,13.1,4.1033480553560295,147.0,269.3478260869565
2025-06-08 07:00:00,3799,4.540154504918955,1.9457805021081234,13.1,6.061104658128683,169.0,269.3478260869565
2025-06-08 08:00:00,3800,5.500031512079936,2.3571563623199725,13.1,6.990874603756094,173.0,269.3478260869565
2025-06-08 09:00:00,3801,5.763009321389263,2.4698611377382553,13.1,6.40820720570707,178.0,269.3478260869565
2025-06-08 10:00:00,3802,6.3546198930708595,2.7234085256017964,13.2,4.330778496653285,170.0,269.3478260869565
2025-06-08 11:00:00,3803,6.093625694098693,2.6115538688994397,13.2,3.2157710411357883,171.0,269.3478260869565
2025-06-08 12:00:00,3804,6.028401709446775,2.583600732620046,13.2,1.8095756063851591,193.0,269.3478260869565
2025-06-08 13:00:00,3805,4.906692506339158,2.102868217002496,13.3,1.4838074818119542,212.0,269.3478260869565
2025-06-08 14:00:00,3806,5.138094203749937,2.2020403730356866,13.3,1.8658923406495966,254.0,269.3478260869565
2025-06-08 15:00:00,3807,4.887870597653249,2.094801684708535,13.4,2.1109128441402665,319.0,269.3478260869565
2025-06-08 16:00:00,3808,4.565086760523272,1.9564657545099737,13.4,2.032015293818532,301.0,269.3478260869565
2025-06-08 17:00:00,3809,4.871898111334234,2.087956333428957,13.4,2.063937471336705,288.0,269.3478260869565
2025-06-08 18:00:00,3810,5.102413247060395,2.1867485344544546,13.4,2.1820638351236625,275.0,269.3478260869565
2025-06-08 19:00:00,3811,5.095945837676062,2.183976787575455,13.4,2.5357681642440846,278.0,269.3478260869565
2025-06-08 20:00:00,3812,5.164976205155589,2.2135612307809662,13.4,2.7109766280275056,286.0,269.3478260869565
2025-06-08 21:00:00,3813,4.838084612223365,2.0734648338100135,13.4,2.697968360994391,275.0,269.3478260869565
2025-06-08 22:00:00,3814,5.497153063853826,2.3559227416516397,13.4,3.1087605483872336,268.0,269.3478260869565
2025-06-08 23:00:00,3815,5.03975457427145,2.159894817544907,13.3,3.368957587583937,253.0,269.3478260869565
2025-06-09 00:00:00,3816,5.367048783200757,2.3001637642288957,13.3,3.6578834937580202,247.0,269.3478260869565
2025-06-09 01:00:00,3817,4.938934862616309,2.116686369692703,13.3,3.8119379213232643,257.0,269.3478260869565
2025-06-09 02:00:00,3818,4.459525629242709,1.9112252696754468,13.2,3.326229394368585,269.0,269.3478260869565
2025-06-09 03:00:00,3819,4.046991292554609,1.734424839666261,13.2,3.1090871456115656,273.0,269.3478260869565
2025-06-09 04:00:00,3820,3.8677741495266966,1.6576174926542986,13.2,2.2905372809819826,276.0,269.3478260869565
2025-06-09 05:00:00,3821,3.7588500906337057,1.6109357531287307,13.2,1.6590165179510856,312.0,269.3478260869565
2025-06-09 06:00:00,3822,4.136929525350411,1.7729697965787474,13.2,1.8778136023632062,315.0,269.3478260869565
2025-06-09 07:00:00,3823,3.6060759501516317,1.5454611214935563,13.2,2.116647792704948,324.0,269.3478260869565
2025-06-09 08:00:00,3824,3.880721056012229,1.6631661668623838,13.3,1.7236186630430779,297.0,269.3478260869565
2025-06-09 09:00:00,3825,4.285128727657105,1.8364837404244732,13.4,1.9670269091829318,278.0,269.3478260869565
2025-06-09 10:00:00,3826,4.759274042061206,2.039688875169088,13.4,4.697478004864618,274.0,269.3478260869565
2025-06-09 11:00:00,3827,5.026044061699523,2.15401888358551,13.4,9.303326177633352,266.0,269.3478260869565
2025-06-09 12:00:00,3828,4.790757046047085,2.0531815911630362,13.4,15.0,257.0,269.3478260869565
2025-06-09 13:00:00,3829,4.7368210403289694,2.030066160140987,13.4,15.0,247.0,269.3478260869565
2025-06-09 14:00:00,3830,4.95055211702029,2.121665193008696,13.4,15.0,231.0,269.3478260869565
2025-06-09 15:00:00,3831,5.295416947346208,2.269464406005518,13.4,15.0,241.0,269.3478260869565
2025-06-09 16:00:00,3832,5.320323221781928,2.2801385236208263,13.4,15.0,237.0,269.3478260869565
2025-06-09 17:00:00,3833,5.048694291302693,2.163726124844011,13.4,15.0,216.0,269.3478260869565
2025-06-09 18:00:00,3834,5.282961346633791,2.264126291414482,13.4,15.0,210.0,269.3478260869565
2025-06-09 19:00:00,3835,5.070228585500555,2.1729551080716667,13.4,15.0,215.0,269.3478260869565
2025-06-09 20:00:00,3836,4.975579143628357,2.1323910615550097,13.4,15.0,197.0,269.3478260869565
2025-06-09 21:00:00,3837,5.268368322242614,2.257872138103977,13.4,15.0,209.0,269.3478260869565
2025-06-09 22:00:00,3838,5.520981183568786,2.3661347929580505,13.4,15.0,210.0,269.3478260869565
2025-06-09 23:00:00,3839,5.465417005082374,2.3423215736067315,13.4,15.0,177.0,269.3478260869565
2025-06-10 00:00:00,3840,5.977514726258924,2.561792025539539,13.4,15.0,178.0,269.3478260869565
2025-06-10 01:00:00,3841,5.3984057388240245,2.3136024594960105,13.4,15.0,195.0,269.3478260869565
2025-06-10 02:00:00,3842,5.3418386075033055,2.2893594032157023,13.3,12.58419570469968,192.0,269.3478260869565
2025-06-10 03:00:00,3843,4.932200664272441,2.1138002846881894,13.2,10.36580752589809,197.0,269.3478260869565
2025-06-10 04:00:00,3844,4.808181033607148,2.060649014403064,13.2,9.68422317021378,205.0,269.3478260869565
2025-06-10 05:00:00,3845,4.765977195233187,2.042561655099937,13.2,8.000563657445522,279.0,269.3478260869565
2025-06-10 06:00:00,3846,4.988062168876359,2.1377409295184395,13.2,6.704742884994116,315.0,269.3478260869565
2025-06-10 07:00:00,3847,4.769403166262512,2.0440299283982193,13.3,5.26923150426968,330.0,269.3478260869565
2025-06-10 08:00:00,3848,3.9704418348675294,1.701617929228941,13.4,3.038262763024322,336.0,269.3478260869565
2025-06-10 09:00:00,3849,3.8214718039173476,1.6377736302502919,13.4,1.1665536281026314,339.0,269.3478260869565
2025-06-10 10:00:00,3850,4.073762355137939,1.7458981522019739,13.6,0.4277860224060029,345.0,269.3478260869565
2025-06-10 11:00:00,3851,3.7930186620053217,1.6255794265737091,13.6,0.0,351.0,269.3478260869565
2025-06-10 12:00:00,3852,3.7751505524955555,1.617921665355238,13.7,0.0,369.0,269.3478260869565
2025-06-10 13:00:00,3853,3.7592242345847446,1.6110961005363191,13.8,0.0,364.0,269.3478260869565
2025-06-10 14:00:00,3854,4.021735357749035,1.7236008676067291,13.8,0.0,372.0,269.3478260869565
2025-06-10 15:00:00,3855,3.9076138244646152,1.6746916390562638,13.8,0.0,357.0,269.3478260869565
2025-06-10 16:00:00,3856,4.04300676295772,1.7327171841247373,13.8,0.0,367.0,269.3478260869565
2025-06-10 17:00:00,3857,3.9740552449546245,1.7031665335519819,13.8,0.1307564517536571,371.0,269.3478260869565
2025-06-10 18:00:00,3858,4.145088260431646,1.7764663973278483,13.8,0.8947526426171127,373.0,269.3478260869565
2025-06-10 19:00:00,3859,5.013853487865148,2.148794351942206,13.8,1.9330667249735514,378.0,269.3478260869565
2025-06-10 20:00:00,3860,5.143737470981535,2.2044589161349437,13.7,2.9091900225000424,376.0,269.3478260869565
2025-06-10 21:00:00,3861,4.773215817757256,2.0456639218959665,13.6,2.9476386927582836,364.0,269.3478260869565
2025-06-10 22:00:00,3862,4.805958055418799,2.0596963094651994,13.6,2.6164933379487665,357.0,269.3478260869565
2025-06-10 23:00:00,3863,4.757672270942702,2.0390024018325863,13.6,2.2032933526049012,360.0,269.3478260869565
2025-06-11 00:00:00,3864,5.1622917978055405,2.212410770488088,13.5,2.956520191099102,353.0,269.3478260869565
2025-06-11 01:00:00,3865,5.131178231483935,2.1990763849216863,13.5,2.635039796616688,354.0,269.3478260869565
2025-06-11 02:00:00,3866,5.053616359454551,2.165835582623379,13.5,1.2610388706946623,346.0,269.3478260869565
2025-06-11 03:00:00,3867,4.719967815694094,2.0228433495831832,13.5,0.7981654951968887,324.0,269.3478260869565
2025-06-11 04:00:00,3868,4.789440749429318,2.052617464041136,13.6,1.234764222341679,343.0,269.3478260869565
2025-06-11 05:00:00,3869,4.89362028338701,2.0972658357372898,13.6,2.108461880584068,329.0,269.3478260869565
2025-06-11 06:00:00,3870,4.804773942294012,2.059188832411719,13.6,2.366671805817194,302.0,269.3478260869565
2025-06-11 07:00:00,3871,4.549471878127202,1.9497736620545147,13.6,2.1864454388410435,307.0,269.3478260869565
2025-06-11 08:00:00,3872,4.9783034301135025,2.1335586129057864,13.6,2.208397627109303,319.0,269.3478260869565
2025-06-11 09:00:00,3873,5.518774858229882,2.365189224955664,13.7,2.5024319200571834,319.0,269.3478260869565
2025-06-11 10:00:00,3874,5.309963816953349,2.275698778694292,13.8,2.1937484206189675,333.0,269.3478260869565
2025-06-11 11:00:00,3875,4.8787282375109555,2.0908835303618383,13.8,2.7886558990743304,298.0,269.3478260869565
2025-06-11 12:00:00,3876,5.026284702129801,2.154122015198486,13.8,3.420466601370144,240.0,269.3478260869565
2025-06-11 13:00:00,3877,5.235916340537022,2.2439641459444384,13.9,3.858950044271242,220.0,269.3478260869565
2025-06-11 14:00:00,3878,5.159683686709803,2.2112930085899154,13.9,2.892659346296972,212.0,269.3478260869565
2025-06-11 15:00:00,3879,5.256416421375371,2.2527498948751585,13.9,1.6640606496206984,226.0,269.3478260869565
2025-06-11 16:00:00,3880,5.115571502510994,2.1923877867904253,14.0,0.9006322421155495,273.0,269.3478260869565
2025-06-11 17:00:00,3881,5.141341309593984,2.203431989825993,14.1,0.8778151606375948,283.0,269.3478260869565
2025-06-11 18:00:00,3882,5.3931446741017,2.3113477174721573,14.1,0.6878173360752566,302.0,269.3478260869565
2025-06-11 19:00:00,3883,5.3450908670115425,2.290753228719232,14.1,0.08869731148633132,297.0,269.3478260869565
2025-06-11 20:00:00,3884,5.674673085800951,2.4320027510575506,14.1,0.16653071743452905,293.0,269.3478260869565
2025-06-11 21:00:00,3885,5.706639721947415,2.4457027379774634,14.0,0.9905940801880233,250.0,269.3478260869565
2025-06-11 22:00:00,3886,5.629208306678464,2.4125178457193415,14.0,2.6511307786191236,228.0,269.3478260869565
2025-06-11 23:00:00,3887,5.48476622347167,2.350614095773573,13.9,2.7315996236295264,199.0,269.3478260869565
2025-06-12 00:00:00,3888,5.920759491804651,2.537468353630565,13.9,4.48079306269233,199.0,269.3478260869565
2025-06-12 01:00:00,3889,5.563629899405067,2.384412814030743,13.9,6.871840435673924,182.0,269.3478260869565
2025-06-12 02:00:00,3890,5.808202860750622,2.4892297974645525,13.9,8.094911698236642,179.0,269.3478260869565
2025-06-12 03:00:00,3891,5.7808937075690645,2.477525874672456,13.9,7.698138220417461,217.0,269.3478260869565
2025-06-12 04:00:00,3892,6.4876400543381845,2.780417166144936,13.9,6.465697303363185,234.0,269.3478260869565
2025-06-12 05:00:00,3893,6.431394037535812,2.756311730372491,13.9,6.1530648617519805,222.0,269.3478260869565
2025-06-12 06:00:00,3894,6.352853427889832,2.722651469095642,13.9,5.486650053264236,244.0,269.3478260869565
2025-06-12 07:00:00,3895,6.083764599628161,2.607327685554926,13.9,4.081152274288427,248.0,269.3478260869565
2025-06-12 08:00:00,3896,6.471250127978765,2.7733929119908995,13.9,3.7516773473858884,249.0,269.3478260869565
2025-06-12 09:00:00,3897,6.439479389919651,2.7597768813941363,13.9,3.6175186086888735,235.0,269.3478260869565
2025-06-12 10:00:00,3898,6.2484682534288725,2.677914965755231,13.9,2.831731097113206,241.0,269.3478260869565
2025-06-12 11:00:00,3899,5.122305001484526,2.1952735720647967,13.9,1.8185395776901214,267.0,269.3478260869565
2025-06-12 12:00:00,3900,5.793303338814749,2.4828442880634634,13.9,1.5990217778534666,281.0,269.3478260869565
2025-06-12 13:00:00,3901,5.694177308147722,2.440361703491881,13.9,1.7909380921824825,290.0,269.3478260869565
2025-06-12 14:00:00,3902,6.223491708211677,2.667210732090718,13.9,0.7663005381905839,295.0,269.3478260869565
2025-06-12 15:00:00,3903,5.492777094234877,2.3540473261006616,13.9,0.2440731280810783,321.0,269.3478260869565
2025-06-12 16:00:00,3904,5.136933857445641,2.2015430817624178,13.9,1.3616873330361994,324.0,269.3478260869565
2025-06-12 17:00:00,3905,6.363049571822323,2.7270212450667093,13.9,8.057071484721252,321.0,269.3478260869565
2025-06-12 18:00:00,3906,6.007552952343323,2.5746655510042813,13.9,15.0,334.0,269.3478260869565
2025-06-12 19:00:00,3907,5.010392235487089,2.1473109580658947,13.9,15.0,333.0,269.3478260869565
2025-06-12 20:00:00,3908,6.116514916732106,2.621363535742331,13.9,15.0,316.0,269.3478260869565
2025-06-12 21:00:00,3909,6.071196188806907,2.601941223774389,13.8,15.0,301.0,269.3478260869565
2025-06-12 22:00:00,3910,6.427415528690068,2.754606655152886,13.8,15.0,265.0,269.3478260869565
2025-06-12 23:00:00,3911,5.969612060110206,2.5584051686186595,13.6,15.0,236.0,269.3478260869565
2025-06-13 00:00:00,3912,6.570566043795985,2.815956875912565,13.6,15.0,226.0,269.3478260869565
2025-06-13 01:00:00,3913,6.314143908976112,2.7060616752754765,13.6,15.0,217.0,269.3478260869565
2025-06-13 02:00:00,3914,5.911229302879336,2.533383986948287,13.4,15.0,217.0,269.3478260869565
2025-06-13 03:00:00,3915,5.464711160234453,2.3420190686719082,13.4,15.0,218.0,269.3478260869565
2025-06-13 04:00:00,3916,4.547889795020299,1.9490956264372707,13.4,15.0,250.0,269.3478260869565
2025-06-13 05:00:00,3917,6.024544980965755,2.581947848985324,13.3,15.0,242.0,269.3478260869565
2025-06-13 06:00:00,3918,5.9376545020497495,2.5447090723070356,13.2,15.0,232.0,269.3478260869565
2025-06-13 07:00:00,3919,5.797768861251249,2.484758083393392,13.2,15.0,230.0,269.3478260869565
2025-06-13 08:00:00,3920,6.063198855549267,2.5985137952354,13.3,15.0,227.0,269.3478260869565
2025-06-13 09:00:00,3921,6.070323406172861,2.601567174074083,13.4,15.0,221.0,269.3478260869565
2025-06-13 10:00:00,3922,6.085206183351128,2.6079455071504833,13.4,15.0,242.0,269.3478260869565
2025-06-13 11:00:00,3923,6.091654172813216,2.610708931205664,13.4,15.0,228.0,269.3478260869565
2025-06-13 12:00:00,3924,6.086941193038314,2.608689082730706,13.4,15.0,210.0,269.3478260869565
2025-06-13 13:00:00,3925,6.151176924005649,2.6362186817167066,13.4,15.0,214.0,269.3478260869565
2025-06-13 14:00:00,3926,5.691829947194503,2.439355691654787,13.4,15.0,244.0,269.3478260869565
2025-06-13 15:00:00,3927,5.7151946530841915,2.4493691370360824,13.4,15.0,301.0,269.3478260869565
2025-06-13 16:00:00,3928,5.819069367654081,2.493886871851749,13.4,13.831969070220532,301.0,269.3478260869565
2025-06-13 17:00:00,3929,5.8788347848835745,2.5195006220929606,13.4,7.200953773187987,316.0,269.3478260869565
2025-06-13 18:00:00,3930,5.704723095752131,2.444881326750913,13.4,5.3641234783095335,336.0,269.3478260869565
2025-06-13 19:00:00,3931,5.326490888989239,2.2827818095668166,13.4,3.7076111956838167,342.0,269.3478260869565
2025-06-13 20:00:00,3932,5.835713649574441,2.501020135531903,13.4,2.498227882337543,338.0,269.3478260869565
2025-06-13 21:00:00,3933,5.605258767237316,2.4022537573874216,13.4,1.7808367097504805,340.0,269.3478260869565
2025-06-13 22:00:00,3934,5.765327511707499,2.470854647874642,13.4,0.0,335.0,269.3478260869565
2025-06-13 23:00:00,3935,5.998002827214654,2.5705726402348517,13.4,0.0,332.0,269.3478260869565
2025-06-14 00:00:00,3936,5.997431972488501,2.5703279882093573,13.4,1.0640401684785676,332.0,269.3478260869565
2025-06-14 01:00:00,3937,5.251362971258796,2.2505841305394836,13.4,3.5239973257431156,336.0,269.3478260869565
2025-06-14 02:00:00,3938,5.393342269505343,2.311432401216575,13.3,4.422126890907689,345.0,269.3478260869565
2025-06-14 03:00:00,3939,4.275089815457989,1.832181349481995,13.3,4.909660067296348,347.0,269.3478260869565
2025-06-14 04:00:00,3940,3.716555230096625,1.592809384327125,13.3,3.920261943726428,341.0,269.3478260869565
2025-06-14 05:00:00,3941,5.029316415651186,2.1554213209933653,13.3,2.5342435169392377,342.0,269.3478260869565
2025-06-14 06:00:00,3942,5.601279685101652,2.400548436472137,13.3,1.5922378147472191,344.0,269.3478260869565
2025-06-14 07:00:00,3943,5.494081091928045,2.3546061822548765,13.4,1.2174586145288773,346.0,269.3478260869565
2025-06-14 08:00:00,3944,5.669565047610433,2.429813591833043,13.4,3.57357012021193,337.0,269.3478260869565
2025-06-14 09:00:00,3945,5.724162807878927,2.4532126319481113,13.4,5.333810762114073,326.0,269.3478260869565
2025-06-14 10:00:00,3946,6.166678239963684,2.6428621028415784,13.6,5.7642690364083045,314.0,269.3478260869565
2025-06-14 11:00:00,3947,5.432516751094899,2.3282214647549564,13.6,3.9162663861760203,300.0,269.3478260869565
2025-06-14 12:00:00,3948,6.081794979002819,2.6064835624297795,13.7,1.4296398562381223,280.0,269.3478260869565
2025-06-14 13:00:00,3949,5.4916472096677325,2.3535630898575994,13.8,0.4966325192497625,263.0,269.3478260869565
2025-06-14 14:00:00,3950,5.806736906319967,2.488601531279986,13.9,0.49016308378696705,247.0,269.3478260869565
2025-06-14 15:00:00,3951,5.895422930689904,2.5266098274385302,14.0,1.9608444160311809,228.0,269.3478260869565
2025-06-14 16:00:00,3952,6.019687541757959,2.5798660893248395,14.1,2.8696906113076563,240.0,269.3478260869565
2025-06-14 17:00:00,3953,5.843157781254597,2.5042104776805414,14.1,2.296411202273286,267.0,269.3478260869565
2025-06-14 18:00:00,3954,5.827419907160328,2.4974656744972834,14.1,1.1130501781332165,284.0,269.3478260869565
2025-06-14 19:00:00,3955,5.347969684205703,2.2919870075167297,14.1,3.7305022675838115,284.0,269.3478260869565
2025-06-14 20:00:00,3956,5.867058231371319,2.514453527730565,14.1,4.997779612717322,293.0,269.3478260869565
2025-06-14 21:00:00,3957,5.908743680887816,2.532318720380492,13.9,5.646663635961619,283.0,269.3478260869565
2025-06-14 22:00:00,3958,5.89713699448588,2.5273444262082343,13.9,5.4836635214455995,238.0,269.3478260869565
2025-06-14 23:00:00,3959,5.62835643989624,2.4121527599555312,13.8,6.15651250940136,170.0,269.3478260869565
2025-06-15 00:00:00,3960,5.68027172209967,2.4344021666141438,13.7,6.171673251943835,172.0,269.3478260869565
2025-06-15 01:00:00,3961,5.740267763826987,2.460114755925851,13.6,5.156550880878533,176.0,269.3478260869565
2025-06-15 02:00:00,3962,5.592541397059051,2.3968034558824507,13.6,4.974403160731745,181.0,269.3478260869565
2025-06-15 03:00:00,3963,5.755102493526772,2.4664724972257592,13.6,5.72253671246118,183.0,269.3478260869565
2025-06-15 04:00:00,3964,5.757684698961096,2.4675791566976124,13.6,4.825555794365102,180.0,269.3478260869565
2025-06-15 05:00:00,3965,5.68920891884302,2.438232393789866,13.6,3.722705020562444,182.0,269.3478260869565
2025-06-15 06:00:00,3966,5.709395327403584,2.446883711744393,13.6,3.3259598264654033,183.0,269.3478260869565
2025-06-15 07:00:00,3967,5.612649873373869,2.4054213743030863,13.6,3.2008679204475974,184.0,269.3478260869565
2025-06-15 08:00:00,3968,5.126316846485003,2.1969929342078585,13.6,3.6686286190648953,179.0,269.3478260869565
2025-06-15 09:00:00,3969,4.902425531968158,2.101039513700639,13.7,4.246543414351164,185.0,269.3478260869565
2025-06-15 10:00:00,3970,5.15792827905455,2.2105406910233785,13.8,5.510327985897872,187.0,269.3478260869565
2025-06-15 11:00:00,3971,5.18714387722544,2.2230616616680456,13.8,4.314638665286682,193.0,269.3478260869565
2025-06-15 12:00:00,3972,4.605716816462133,1.973878635626628,13.9,2.7375012121688056,189.0,269.3478260869565
2025-06-15 13:00:00,3973,5.143000626495976,2.204143125641132,13.9,1.9770239603218092,188.0,269.3478260869565
2025-06-15 14:00:00,3974,4.666806750558362,2.0000600359535836,13.9,1.292025427675303,190.0,269.3478260869565
2025-06-15 15:00:00,3975,5.119087359880732,2.1938945828060277,14.0,0.7138771859526885,221.0,269.3478260869565
2025-06-15 16:00:00,3976,5.183474506444565,2.221489074190528,14.1,0.4472399405120341,274.0,269.3478260869565
2025-06-15 17:00:00,3977,5.1528974422313905,2.208384618099167,14.1,0.19360641759046773,297.0,269.3478260869565
2025-06-15 18:00:00,3978,5.246974128722776,2.2487031980240473,14.1,0.017763697461616712,302.0,269.3478260869565
2025-06-15 19:00:00,3979,5.7496638639003415,2.4641416559572886,14.1,0.05908420208288742,303.0,269.3478260869565
2025-06-15 20:00:00,3980,6.09352519274574,2.6115107968910314,14.1,0.1590991759239823,288.0,269.3478260869565
2025-06-15 21:00:00,3981,5.295489243490682,2.269495390067435,14.1,0.20259968453616325,254.0,269.3478260869565
2025-06-15 22:00:00,3982,5.042506769366912,2.1610743297286765,14.1,0.7312537706322206,192.0,269.3478260869565
2025-06-15 23:00:00,3983,5.721293505356224,2.451982930866953,14.1,1.6955287419473262,209.0,269.3478260869565
2025-06-16 00:00:00,3984,5.803577508690456,2.487247503724481,14.1,3.057690469328363,229.0,269.3478260869565
2025-06-16 01:00:00,3985,5.655726055101489,2.423882595043495,14.1,3.838287971849102,236.0,269.3478260869565
2025-06-16 02:00:00,3986,5.27963169432125,2.2626992975662494,14.1,3.0738704889092068,230.0,269.3478260869565
2025-06-16 03:00:00,3987,4.976813093081709,2.132919897035018,14.1,1.3487090559894839,238.0,269.3478260869565
2025-06-16 04:00:00,3988,4.687710616614883,2.009018835692092,14.1,0.26723108634456666,242.0,269.3478260869565
2025-06-16 05:00:00,3989,4.894896253402829,2.0978126800297834,14.1,0.04046450623870771,234.0,269.3478260869565
2025-06-16 06:00:00,3990,4.5463340761776525,1.9484288897904225,14.2,0.17148695833385874,217.0,269.3478260869565
2025-06-16 07:00:00,3991,4.470823761171504,1.9160673262163583,14.3,0.4911305542482472,188.0,269.3478260869565
2025-06-16 08:00:00,3992,3.884670557366575,1.6648588102999604,14.4,0.7428830361565666,161.0,269.3478260869565
2025-06-16 09:00:00,3993,4.263095685995101,1.8270410082836146,14.6,1.3153154866314227,146.0,269.3478260869565
2025-06-16 10:00:00,3994,4.25939974228937,1.8254570324097297,14.8,2.9633393379044652,141.0,269.3478260869565
2025-06-16 11:00:00,3995,4.434510254231704,1.90050439467073,14.9,5.131090278436888,134.0,269.3478260869565
2025-06-16 12:00:00,3996,5.094145172804476,2.1832050740590607,15.1,8.291071185823546,129.0,269.3478260869565
2025-06-16 13:00:00,3997,5.169069194490103,2.2153153690671865,15.1,13.735240389462929,128.0,269.3478260869565
2025-06-16 14:00:00,3998,5.062253687021044,2.16953729443759,15.3,15.0,123.0,269.3478260869565
2025-06-16 15:00:00,3999,5.204971492379805,2.230702068162773,15.4,15.0,146.0,269.3478260869565
2025-06-16 16:00:00,4000,5.179513332548934,2.2197914282352573,15.5,15.0,176.0,269.3478260869565
2025-06-16 17:00:00,4001,5.314270694011029,2.277544583147584,15.6,15.0,207.0,269.3478260869565
2025-06-16 18:00:00,4002,5.2984008697487255,2.270743229892311,15.6,15.0,218.0,269.3478260869565
2025-06-16 19:00:00,4003,5.228529451744709,2.2407983364620185,15.6,15.0,210.0,269.3478260869565
2025-06-16 20:00:00,4004,5.023312325731707,2.152848139599303,15.4,15.0,208.0,269.3478260869565
2025-06-16 21:00:00,4005,5.166807903942492,2.214346244546782,15.4,15.0,204.0,269.3478260869565
2025-06-16 22:00:00,4006,5.061015503359881,2.169006644297092,15.2,15.0,169.0,269.3478260869565
2025-06-16 23:00:00,4007,5.278343059716738,2.262147025592888,15.1,15.0,149.0,269.3478260869565
2025-06-17 00:00:00,4008,5.629981286245968,2.412849122676843,15.0,15.0,143.0,269.3478260869565
2025-06-17 01:00:00,4009,5.172244418930523,2.2166761795416527,14.9,14.690228512898567,139.0,269.3478260869565
2025-06-17 02:00:00,4010,5.006395694253399,2.145598154680028,14.9,13.68142531257295,142.0,269.3478260869565
2025-06-17 03:00:00,4011,4.578019370947636,1.962008301834701,14.9,12.234411480814178,156.0,269.3478260869565
2025-06-17 04:00:00,4012,4.071524435996322,1.7449390439984238,14.9,10.968732991590423,199.0,269.3478260869565
2025-06-17 05:00:00,4013,4.303474947132584,1.8443464059139645,14.9,9.99344382439434,228.0,269.3478260869565
2025-06-17 06:00:00,4014,4.247339303839601,1.8202882730741143,14.9,9.459713022096997,226.0,269.3478260869565
2025-06-17 07:00:00,4015,4.400524500100587,1.8859390714716797,14.9,8.154677105044323,231.0,269.3478260869565
2025-06-17 08:00:00,4016,4.7056760358988114,2.0167183010994902,14.9,7.2809863197722615,236.0,269.3478260869565
2025-06-17 09:00:00,4017,4.414095231467581,1.8917550992003913,15.0,6.819753159136349,214.0,269.3478260869565
2025-06-17 10:00:00,4018,4.072734543540249,1.7454576615172492,15.1,6.563138830284671,214.0,269.3478260869565
2025-06-17 11:00:00,4019,4.933546828100216,2.1143772120429496,15.1,6.281016025554204,195.0,269.3478260869565
2025-06-17 12:00:00,4020,4.147158334130923,1.7773535717703954,15.2,6.624203673445744,169.0,269.3478260869565
2025-06-17 13:00:00,4021,4.820474545115861,2.0659176621925117,15.4,7.05963747711642,162.0,269.3478260869565
2025-06-17 14:00:00,4022,4.806790979788561,2.06005327705224,15.6,6.921883194588989,182.0,269.3478260869565
2025-06-17 15:00:00,4023,5.4595967908826015,2.339827196092543,15.8,6.603809998852332,224.0,269.3478260869565
2025-06-17 16:00:00,4024,4.984092142881604,2.1360394898064015,15.9,7.376359327025816,270.0,269.3478260869565
2025-06-17 17:00:00,4025,4.905861659269236,2.1025121396868154,16.1,5.09803705171191,297.0,269.3478260869565
2025-06-17 18:00:00,4026,4.626848928279212,1.9829352549768047,16.1,1.9791066031176032,331.0,269.3478260869565
2025-06-17 19:00:00,4027,4.700063329895285,2.0143128556694077,16.1,0.8742810864157132,353.0,269.3478260869565
2025-06-17 20:00:00,4028,4.5622229421012594,1.9552384037576827,16.0,0.8247112976959965,352.0,269.3478260869565
2025-06-17 21:00:00,4029,5.097233674130981,2.184528717484706,15.9,1.94451661486487,336.0,269.3478260869565
2025-06-17 22:00:00,4030,4.865712068218342,2.085305172093575,15.6,4.31810150998633,326.0,269.3478260869565
2025-06-17 23:00:00,4031,4.800125345347279,2.057196576577405,15.5,4.454249310345326,342.0,269.3478260869565
2025-06-18 00:00:00,4032,3.664709108501771,1.5705896179293304,15.4,3.1778001108662393,361.0,269.3478260869565
2025-06-18 01:00:00,4033,4.134608716915847,1.771975164392506,15.2,1.99502149145985,360.0,269.3478260869565
2025-06-18 02:00:00,4034,3.963680340573574,1.6987201459601031,15.1,0.7923860745431756,354.0,269.3478260869565
2025-06-18 03:00:00,4035,4.002187657709073,1.715223281875317,15.0,0.625249161976509,361.0,269.3478260869565
2025-06-18 04:00:00,4036,3.873801400306501,1.6602006001313576,14.9,0.5513589860382724,376.0,269.3478260869565
2025-06-18 05:00:00,4037,3.8386762166000645,1.6451469499714564,14.9,0.17774888134161082,357.0,269.3478260869565
2025-06-18 06:00:00,4038,3.6547080835740147,1.5663034643888631,14.8,0.0,331.0,269.3478260869565
2025-06-18 07:00:00,4039,3.931365341462645,1.6848708606268477,14.8,0.0,318.0,269.3478260869565
2025-06-18 08:00:00,4040,4.355607547500299,1.8666889489286997,14.9,0.0,306.0,269.3478260869565
2025-06-18 09:00:00,4041,4.442525724671361,1.9039395962877257,15.0,0.0,277.0,269.3478260869565
2025-06-18 10:00:00,4042,4.503050093960258,1.9298786116972537,15.1,0.0,269.0,269.3478260869565
2025-06-18 11:00:00,4043,4.605195262851472,1.9736551126506305,15.2,0.0,255.0,269.3478260869565
2025-06-18 12:00:00,4044,4.426491951329515,1.8970679791412208,15.2,0.0,240.0,269.3478260869565
2025-06-18 13:00:00,4045,5.15595032787896,2.2096929976624113,15.3,0.33864115316211263,231.0,269.3478260869565
2025-06-18 14:00:00,4046,5.408015644984412,2.3177209907076053,15.4,0.8528947558863518,236.0,269.3478260869565
2025-06-18 15:00:00,4047,4.866950930380529,2.0858361130202265,15.4,1.16182738243981,247.0,269.3478260869565
2025-06-18 16:00:00,4048,4.823324991552008,2.067139282093718,15.4,1.4180226779171714,277.0,269.3478260869565
2025-06-18 17:00:00,4049,5.0651175969835975,2.170764684421542,15.4,1.477029135687356,313.0,269.3478260869565
2025-06-18 18:00:00,4050,5.702975576660087,2.4441323899971796,15.4,1.5078090037726337,350.0,269.3478260869565
2025-06-18 19:00:00,4051,5.867115999066309,2.5144782853141323,15.4,1.6035882752412758,376.0,269.3478260869565
2025-06-18 20:00:00,4052,5.710735097937146,2.4474578991159195,15.4,2.083906531912337,382.0,269.3478260869565
2025-06-18 21:00:00,4053,5.374178979507523,2.303219562646081,15.4,2.2691769857214665,380.0,269.3478260869565
2025-06-18 22:00:00,4054,5.566929075512411,2.385826746648176,15.4,1.9001238379307392,368.0,269.3478260869565
2025-06-18 23:00:00,4055,5.2182078581868225,2.2363747963657805,15.3,1.330626141138611,368.0,269.3478260869565
2025-06-19 00:00:00,4056,5.551195394015821,2.379083740292495,15.2,1.1266578865385541,381.0,269.3478260869565
2025-06-19 01:00:00,4057,5.762502913234511,2.469644105671933,15.2,0.9618434137912217,377.0,269.3478260869565
2025-06-19 02:00:00,4058,5.245884686578041,2.248236294247732,15.1,0.6951785799613801,362.0,269.3478260869565
2025-06-19 03:00:00,4059,5.05392371928161,2.1659673082635473,15.1,0.3725717533085308,354.0,269.3478260869565
2025-06-19 04:00:00,4060,4.613334734080459,1.9771434574630535,15.0,0.2090024184178494,339.0,269.3478260869565
2025-06-19 05:00:00,4061,5.331679255209869,2.2850053950899434,14.9,0.1468668173856471,310.0,269.3478260869565
2025-06-19 06:00:00,4062,5.047385667655173,2.1631652861379314,14.9,0.2906922998746609,295.0,269.3478260869565
2025-06-19 07:00:00,4063,5.10128410365175,2.18626461585075,15.0,0.3884576062101103,287.0,269.3478260869565
2025-06-19 08:00:00,4064,4.287556934435017,1.8375244004721503,15.1,0.28173656939052377,268.0,269.3478260869565
2025-06-19 09:00:00,4065,4.597039378740444,1.9701597337459043,15.1,0.1668591316900087,255.0,269.3478260869565
2025-06-19 10:00:00,4066,4.5984652803035395,1.9707708344158024,15.2,0.06182922495897575,276.0,269.3478260869565
2025-06-19 11:00:00,4067,4.379578632859861,1.8769622712256544,15.3,0.06499169900417022,266.0,269.3478260869565
2025-06-19 12:00:00,4068,4.640376445645009,1.9887327624192896,15.4,0.19045204773458413,240.0,269.3478260869565
2025-06-19 13:00:00,4069,5.163742320894633,2.2130324232405565,15.5,0.27902211866631843,225.0,269.3478260869565
2025-06-19 14:00:00,4070,4.990313425844422,2.1387057539333236,15.6,0.2158678832820177,231.0,269.3478260869565
2025-06-19 15:00:00,4071,5.226508244980115,2.2399321049914778,15.8,0.07406396494037389,255.0,269.3478260869565
2025-06-19 16:00:00,4072,4.965776042287494,2.128189732408926,15.9,0.05957131330933773,267.0,269.3478260869565
2025-06-19 17:00:00,4073,4.987257725752386,2.137396168179594,15.9,0.07266529571172023,289.0,269.3478260869565
2025-06-19 18:00:00,4074,5.174828631110664,2.2177836990474273,16.0,0.0,323.0,269.3478260869565
2025-06-19 19:00:00,4075,5.355246705098246,2.2951057307563913,16.0,0.0,333.0,269.3478260869565
2025-06-19 20:00:00,4076,4.903113450201095,2.1013343358004692,16.0,0.0,314.0,269.3478260869565
2025-06-19 21:00:00,4077,4.7228333656552195,2.0240714424236654,15.9,0.0032373370853654,286.0,269.3478260869565
2025-06-19 22:00:00,4078,4.875923025446673,2.089681296620003,15.9,0.026878370002190566,286.0,269.3478260869565
2025-06-19 23:00:00,4079,5.159573760561554,2.211245897383523,15.8,0.06141367571665301,282.0,269.3478260869565
2025-06-20 00:00:00,4080,5.255927416736007,2.2525403214582886,15.8,0.08542757533098184,226.0,269.3478260869565
2025-06-20 01:00:00,4081,5.48676732470622,2.35147171058838,15.7,0.35857619711935157,194.0,269.3478260869565
2025-06-20 02:00:00,4082,4.961843053458429,2.1265041657678982,15.6,1.279078327210974,186.0,269.3478260869565
2025-06-20 03:00:00,4083,4.9610517844789115,2.1261650504909624,15.6,3.33646004444866,209.0,269.3478260869565
2025-06-20 04:00:00,4084,4.459126150503996,1.911054064501713,15.5,5.70684276833932,250.0,269.3478260869565
2025-06-20 05:00:00,4085,4.33458706052005,1.8576801687943072,15.4,7.1124041983985204,226.0,269.3478260869565
2025-06-20 06:00:00,4086,4.139481852013491,1.7740636508629246,15.4,8.318755450514118,226.0,269.3478260869565
2025-06-20 07:00:00,4087,4.431324252720778,1.8991389654517614,15.4,7.520145504362773,226.0,269.3478260869565
2025-06-20 08:00:00,4088,4.598779207878416,1.9709053748050354,15.4,5.790334710060063,228.0,269.3478260869565
2025-06-20 09:00:00,4089,4.85728605347296,2.0816940229169827,15.5,3.1192453398035958,230.0,269.3478260869565
2025-06-20 10:00:00,4090,5.035631843741005,2.158127933031859,15.6,0.7436775631751018,254.0,269.3478260869565
2025-06-20 11:00:00,4091,5.177472642169192,2.2189168466439395,15.6,2.8277271429720203,235.0,269.3478260869565
2025-06-20 12:00:00,4092,5.105448358494211,2.188049296497519,15.6,3.636713298404406,210.0,269.3478260869565
2025-06-20 13:00:00,4093,5.064496102952791,2.1704983298369105,15.7,3.708606145444141,194.0,269.3478260869565
2025-06-20 14:00:00,4094,5.0901985817817135,2.1815136779064486,15.8,2.882449411873392,192.0,269.3478260869565
2025-06-20 15:00:00,4095,5.3023559194678,2.272438251200486,15.9,3.795943743789689,206.0,269.3478260869565
2025-06-20 16:00:00,4096,5.35528327999792,2.295121405713394,15.9,4.673686264685777,205.0,269.3478260869565
2025-06-20 17:00:00,4097,5.378743121358988,2.305175623439566,16.0,4.794345552545079,209.0,269.3478260869565
2025-06-20 18:00:00,4098,5.025645882537961,2.1538482353734114,16.0,4.356420552055585,235.0,269.3478260869565
2025-06-20 19:00:00,4099,5.278588764771847,2.2622523277593625,16.0,3.8284715336201813,262.0,269.3478260869565
2025-06-20 20:00:00,4100,4.891747310547691,2.0964631330918677,15.9,3.8915314032951493,271.0,269.3478260869565
2025-06-20 21:00:00,4101,5.023936075352596,2.153115460865398,15.9,3.851087894585672,276.0,269.3478260869565
2025-06-20 22:00:00,4102,5.0905045364236985,2.181644801324442,15.9,5.672678119739941,290.0,269.3478260869565
2025-06-20 23:00:00,4103,4.919031138498184,2.108156202213507,15.8,8.47623651295107,301.0,269.3478260869565
2025-06-21 00:00:00,4104,4.781279163563285,2.0491196415271222,15.8,9.913755800048666,306.0,269.3478260869565
2025-06-21 01:00:00,4105,4.831472074356281,2.0706308890098346,15.7,8.902393073190936,305.0,269.3478260869565
2025-06-21 02:00:00,4106,4.5943954336144905,1.9690266144062103,15.6,6.9304144980949545,310.0,269.3478260869565
2025-06-21 03:00:00,4107,4.999674987325285,2.1427178517108367,15.6,5.370830016805478,308.0,269.3478260869565
2025-06-21 04:00:00,4108,4.879433516226078,2.0911857926683193,15.4,4.7105047877702715,297.0,269.3478260869565
2025-06-21 05:00:00,4109,4.873023263554325,2.088438541523282,15.4,3.286015037906538,275.0,269.3478260869565
2025-06-21 06:00:00,4110,4.404563770297533,1.887670187270371,15.4,2.2088127407617066,259.0,269.3478260869565
2025-06-21 07:00:00,4111,4.33813384469325,1.8592002191542494,15.4,1.526685667144916,246.0,269.3478260869565
2025-06-21 08:00:00,4112,4.67649131522907,2.0042105636696017,15.3,0.7226229613159478,249.0,269.3478260869565
2025-06-21 09:00:00,4113,4.272965793392638,1.8312710543111306,15.4,0.7038499128293584,260.0,269.3478260869565
2025-06-21 10:00:00,4114,4.492636181421637,1.9254155063235585,15.4,2.76824674117972,243.0,269.3478260869565
2025-06-21 11:00:00,4115,4.903816325803799,2.101635568201628,15.4,3.338113037360279,198.0,269.3478260869565
2025-06-21 12:00:00,4116,4.6079851572769,1.9748507816900998,15.4,3.6320934760676566,174.0,269.3478260869565
2025-06-21 13:00:00,4117,5.498241773578765,2.356389331533756,15.4,2.9955918023550474,158.0,269.3478260869565
2025-06-21 14:00:00,4118,5.000364846697259,2.143013505727397,15.3,5.9408329794902075,160.0,269.3478260869565
2025-06-21 15:00:00,4119,5.359300767370298,2.2968431860158423,15.3,9.20369695736041,182.0,269.3478260869565
2025-06-21 16:00:00,4120,5.15865373833584,2.2108516021439315,15.3,9.251094090518368,224.0,269.3478260869565
2025-06-21 17:00:00,4121,5.85569485283189,2.509583508356524,15.2,12.158235237396132,244.0,269.3478260869565
2025-06-21 18:00:00,4122,5.610479483346497,2.404491207148499,15.2,15.0,255.0,269.3478260869565
2025-06-21 19:00:00,4123,5.845617985117756,2.5052648507647524,15.2,15.0,268.0,269.3478260869565
2025-06-21 20:00:00,4124,6.17778478613381,2.647622051200204,15.2,15.0,270.0,269.3478260869565
2025-06-21 21:00:00,4125,6.223765462132844,2.6673280551997904,15.2,15.0,240.0,269.3478260869565
2025-06-21 22:00:00,4126,6.128110235353092,2.6263329580084678,15.2,15.0,200.0,269.3478260869565
2025-06-21 23:00:00,4127,6.102748365282831,2.615463585121213,15.2,11.93339365444427,151.0,269.3478260869565
2025-06-22 00:00:00,4128,5.8789813974103815,2.5195634560330205,15.1,9.629237204926905,115.0,269.3478260869565
2025-06-22 01:00:00,4129,5.4259967947241154,2.325427197738906,15.1,8.805403684226373,113.0,269.3478260869565
2025-06-22 02:00:00,4130,4.761792642212446,2.040768275233905,15.1,10.254807748655068,116.0,269.3478260869565
2025-06-22 03:00:00,4131,4.643633222113833,1.990128523763071,15.1,13.103785516571646,120.0,269.3478260869565
2025-06-22 04:00:00,4132,4.530587944916783,1.941680547821478,15.0,14.718137598539059,122.0,269.3478260869565
2025-06-22 05:00:00,4133,4.561785588859844,1.9550509666542188,14.9,13.346808544284052,124.0,269.3478260869565
2025-06-22 06:00:00,4134,4.181412104931617,1.7920337592564073,14.9,11.231517371924632,117.0,269.3478260869565
2025-06-22 07:00:00,4135,3.92309560037074,1.6813266858731744,14.9,10.049393162136779,117.0,269.3478260869565
2025-06-22 08:00:00,4136,4.045284079665904,1.733693176999673,14.9,9.571345966982307,109.0,269.3478260869565
2025-06-22 09:00:00,4137,4.576312879555842,1.961276948381075,14.9,11.741188678751518,102.0,269.3478260869565
2025-06-22 10:00:00,4138,4.05030546727933,1.73584520026257,14.9,13.78025608500096,103.0,269.3478260869565
2025-06-22 11:00:00,4139,4.699161871575198,2.0139265163893705,14.8,15.0,102.0,269.3478260869565
2025-06-22 12:00:00,4140,4.331771249182311,1.8564733925067047,14.8,15.0,99.0,269.3478260869565
2025-06-22 13:00:00,4141,4.996559505839588,2.141382645359823,14.8,13.251360108942352,99.0,269.3478260869565
2025-06-22 14:00:00,4142,4.949410232535989,2.121175813943995,14.8,9.890683700603867,102.0,269.3478260869565
2025-06-22 15:00:00,4143,5.0578989825105225,2.1676709925045095,14.8,8.430069112583537,102.0,269.3478260869565
2025-06-22 16:00:00,4144,4.56359675575224,1.9558271810366743,14.8,8.560202915448995,96.0,269.3478260869565
2025-06-22 17:00:00,4145,4.679402290000242,2.0054581242858176,14.8,13.522227139247875,94.0,269.3478260869565
2025-06-22 18:00:00,4146,4.747642591993671,2.034703967997287,14.7,13.5929586517252,93.0,269.3478260869565
2025-06-22 19:00:00,4147,4.381983164221715,1.8779927846664495,14.6,9.271816025005895,99.0,269.3478260869565
2025-06-22 20:00:00,4148,4.212427165423614,1.8053259280386915,14.5,9.514808851986768,112.0,269.3478260869565
2025-06-22 21:00:00,4149,4.1204137720886465,1.76589161660942,14.4,15.0,106.0,269.3478260869565
2025-06-22 22:00:00,4150,3.998684602206139,1.7137219723740593,14.2,15.0,105.0,269.3478260869565
2025-06-22 23:00:00,4151,4.120651516515464,1.765993507078056,14.1,15.0,106.0,269.3478260869565
2025-06-23 00:00:00,4152,4.36397061675604,1.8702731214668742,13.9,15.0,112.0,269.3478260869565
2025-06-23 01:00:00,4153,5.092459460167332,2.182482625785999,13.9,15.0,118.0,269.3478260869565
2025-06-23 02:00:00,4154,4.098119666738849,1.7563370000309348,13.8,14.692797413216597,119.0,269.3478260869565
2025-06-23 03:00:00,4155,4.324986970960143,1.8535658446972039,13.8,13.246370049757132,123.0,269.3478260869565
2025-06-23 04:00:00,4156,4.28527803907082,1.8365477310303513,13.7,12.209234858210621,124.0,269.3478260869565
2025-06-23 05:00:00,4157,4.214979478560524,1.8064197765259387,13.7,11.700591899674947,117.0,269.3478260869565
2025-06-23 06:00:00,4158,4.199124480668947,1.7996247774295486,13.6,11.529598738658933,101.0,269.3478260869565
2025-06-23 07:00:00,4159,4.22996439713583,1.812841884486784,13.6,13.067899995563547,90.0,269.3478260869565
2025-06-23 08:00:00,4160,4.591879878700953,1.9679485194432658,13.6,11.924828336127986,94.0,269.3478260869565
2025-06-23 09:00:00,4161,4.234144911604149,1.814633533544635,13.6,8.258727742529716,96.0,269.3478260869565
2025-06-23 10:00:00,4162,4.5609524643352914,1.9546939132865535,13.6,5.1258425778752486,90.0,269.3478260869565
2025-06-23 11:00:00,4163,4.472545983884302,1.9168054216647008,13.6,3.944374398803708,90.0,269.3478260869565
2025-06-23 12:00:00,4164,4.315745053491147,1.8496050229247776,13.6,4.1572109079517094,92.0,269.3478260869565
2025-06-23 13:00:00,4165,4.982099433645839,2.1351854715625023,13.6,3.485645150839829,95.0,269.3478260869565
2025-06-23 14:00:00,4166,4.622907577338438,1.9812461045736165,13.6,3.2232489039310273,95.0,269.3478260869565
2025-06-23 15:00:00,4167,4.721531907059047,2.023513674453877,13.7,3.847710884799479,92.0,269.3478260869565
2025-06-23 16:00:00,4168,4.544399614297815,1.9475998346990635,13.8,5.134769376578029,96.0,269.3478260869565
2025-06-23 17:00:00,4169,4.639020907044939,1.9881518173049737,13.8,5.3595875735367855,115.0,269.3478260869565
2025-06-23 18:00:00,4170,4.5420796575406595,1.9466055675174254,13.8,5.2493881915341705,128.0,269.3478260869565
2025-06-23 19:00:00,4171,4.342095925025266,1.8608982535822565,13.8,6.707925319988869,123.0,269.3478260869565
2025-06-23 20:00:00,4172,4.561372360989086,1.9548738689953227,13.8,6.4452731705731505,118.0,269.3478260869565
2025-06-23 21:00:00,4173,4.335827418422506,1.8582117507525024,13.8,7.671237213461743,109.0,269.3478260869565
2025-06-23 22:00:00,4174,4.292758091065945,1.8397534675996905,13.8,11.634332428404099,114.0,269.3478260869565
2025-06-23 23:00:00,4175,4.237708531659877,1.816160799282804,13.8,12.267482375236463,157.0,269.3478260869565
2025-06-24 00:00:00,4176,4.708000280194815,2.017714405797778,13.8,11.030068835751786,112.0,269.3478260869565
2025-06-24 01:00:00,4177,4.512015547411322,1.9337209488905664,13.8,12.078299354955055,100.0,269.3478260869565
2025-06-24 02:00:00,4178,4.150097935800008,1.778613401057146,13.8,14.961586513732916,103.0,269.3478260869565
2025-06-24 03:00:00,4179,3.7297594163515244,1.5984683212935105,13.8,14.377704271196421,104.0,269.3478260869565
2025-06-24 04:00:00,4180,3.694693356306572,1.5834400098456738,13.8,15.0,105.0,269.3478260869565
2025-06-24 05:00:00,4181,3.7054482709058947,1.5880492589596693,13.8,15.0,121.0,269.3478260869565
2025-06-24 06:00:00,4182,3.808812086640286,1.632348037131551,13.8,14.53415735437044,99.0,269.3478260869565
2025-06-24 07:00:00,4183,4.133987963250583,1.7717091271073926,13.8,12.915079456607629,89.0,269.3478260869565
2025-06-24 08:00:00,4184,4.133186656977666,1.7713657101332856,13.8,13.677079228101888,95.0,269.3478260869565
2025-06-24 09:00:00,4185,4.000651195812466,1.7145647982053425,13.9,12.878707870049107,97.0,269.3478260869565
2025-06-24 10:00:00,4186,4.082831837745957,1.7497850733196956,13.9,6.115065350944858,99.0,269.3478260869565
2025-06-24 11:00:00,4187,3.9436532210191597,1.6901370947224967,13.9,10.319478790964824,91.0,269.3478260869565
2025-06-24 12:00:00,4188,4.079654785873139,1.7484234796599167,13.9,13.058486063366715,92.0,269.3478260869565
2025-06-24 13:00:00,4189,4.361136206299008,1.8690583741281466,14.0,13.968508191468803,92.0,269.3478260869565
2025-06-24 14:00:00,4190,4.121057120537928,1.7661673373733977,14.1,11.490153754508682,94.0,269.3478260869565
2025-06-24 15:00:00,4191,4.3700178955811,1.8728648123918996,14.1,10.283011516887049,96.0,269.3478260869565
2025-06-24 16:00:00,4192,4.054325193169773,1.7375679399299024,14.1,9.428907565377964,116.0,269.3478260869565
2025-06-24 17:00:00,4193,4.086229649795244,1.7512412784836757,14.1,7.61608717206748,163.0,269.3478260869565
2025-06-24 18:00:00,4194,4.388432629698854,1.8807568412995088,14.2,5.243173964407699,201.0,269.3478260869565
2025-06-24 19:00:00,4195,4.109535591871993,1.7612295393737114,14.2,4.065246209555298,209.0,269.3478260869565
2025-06-24 20:00:00,4196,3.809544810056093,1.632662061452611,14.2,4.011876416199866,213.0,269.3478260869565
2025-06-24 21:00:00,4197,4.199928298492632,1.7999692707825565,14.2,4.454249310345326,226.0,269.3478260869565
2025-06-24 22:00:00,4198,3.908969655173137,1.675272709359916,14.2,3.583789804177502,226.0,269.3478260869565
2025-06-24 23:00:00,4199,4.0146516705891795,1.720565001681077,14.2,3.0712753777320234,231.0,269.3478260869565
2025-06-25 00:00:00,4200,4.323190745982376,1.8527960339924467,14.2,2.0006118950225944,234.0,269.3478260869565
2025-06-25 01:00:00,4201,4.2394825620943895,1.8169210980404524,14.1,1.4003547486515922,241.0,269.3478260869565
2025-06-25 02:00:00,4202,4.4539214564169285,1.9088234813215408,14.1,1.5373543143315311,254.0,269.3478260869565
2025-06-25 03:00:00,4203,4.92653872744175,2.1113737403321786,14.1,1.1847710378185756,274.0,269.3478260869565
2025-06-25 04:00:00,4204,4.414024450660653,1.891724764568851,14.0,0.657453725555437,296.0,269.3478260869565
2025-06-25 05:00:00,4205,4.337848873815484,1.8590780887780645,13.9,0.4725675977320923,298.0,269.3478260869565
2025-06-25 06:00:00,4206,4.550605893648138,1.950259668706345,13.9,0.3544026113399106,298.0,269.3478260869565
2025-06-25 07:00:00,4207,4.247620082650553,1.8204086068502365,14.0,0.034427319773694856,288.0,269.3478260869565
2025-06-25 08:00:00,4208,4.309565782564713,1.8469567639563051,14.1,0.0,275.0,269.3478260869565
2025-06-25 09:00:00,4209,4.042284726132647,1.7324077397711344,14.1,0.27150991278929326,246.0,269.3478260869565
2025-06-25 10:00:00,4210,3.9383690378464347,1.6878724447913291,14.2,1.8826371130160198,216.0,269.3478260869565
2025-06-25 11:00:00,4211,4.468397611448198,1.9150275477635132,14.2,5.634193927593243,205.0,269.3478260869565
2025-06-25 12:00:00,4212,4.358722130430105,1.8680237701843305,14.3,8.80433163973128,185.0,269.3478260869565
2025-06-25 13:00:00,4213,4.663911899034369,1.9988193853004437,14.4,12.609979063827039,174.0,269.3478260869565
2025-06-25 14:00:00,4214,4.515955909753254,1.9354096756085373,14.4,14.974802358737524,158.0,269.3478260869565
2025-06-25 15:00:00,4215,4.821122555329063,2.066195380855312,14.4,15.0,171.0,269.3478260869565
2025-06-25 16:00:00,4216,4.84445751425415,2.0761960775374924,14.4,15.0,207.0,269.3478260869565
2025-06-25 17:00:00,4217,4.910211081770914,2.10437617790182,14.4,15.0,236.0,269.3478260869565
2025-06-25 18:00:00,4218,4.789071012121798,2.0524590051950558,14.4,15.0,256.0,269.3478260869565
2025-06-25 19:00:00,4219,5.070790264549293,2.1731958276639824,14.4,15.0,251.0,269.3478260869565
2025-06-25 20:00:00,4220,5.142188176545937,2.203794932805401,14.3,15.0,244.0,269.3478260869565
2025-06-25 21:00:00,4221,4.7678846083543105,2.0433791178661327,14.3,15.0,241.0,269.3478260869565
2025-06-25 22:00:00,4222,4.6991522639670436,2.0139223988430186,14.3,15.0,232.0,269.3478260869565
2025-06-25 23:00:00,4223,5.27746475837681,2.2617706107329187,14.2,13.412458876437732,219.0,269.3478260869565
2025-06-26 00:00:00,4224,5.205976237076332,2.2311326730327132,14.2,12.292867795184447,192.0,269.3478260869565
2025-06-26 01:00:00,4225,5.443051791308373,2.3327364819893024,14.2,12.350704121604267,186.0,269.3478260869565
2025-06-26 02:00:00,4226,4.4087554620657485,1.889466626599606,14.2,13.208672904919007,178.0,269.3478260869565
2025-06-26 03:00:00,4227,5.100088762091314,2.185752326610563,14.2,12.184973188797013,176.0,269.3478260869565
2025-06-26 04:00:00,4228,5.638464092377976,2.4164846110191327,14.2,8.797775031547003,168.0,269.3478260869565
2025-06-26 05:00:00,4229,5.597237656668687,2.398816138572294,14.2,5.918286875257414,196.0,269.3478260869565
2025-06-26 06:00:00,4230,5.150837624956442,2.2075018392670467,14.2,6.508604613560944,199.0,269.3478260869565
2025-06-26 07:00:00,4231,5.4409447052342825,2.331833445100407,14.2,13.873484348414904,166.0,269.3478260869565
2025-06-26 08:00:00,4232,5.6680290859953,2.4291553225694145,14.1,15.0,114.0,269.3478260869565
2025-06-26 09:00:00,4233,5.6136350629826275,2.4058435984211264,14.1,12.219487144438416,96.0,269.3478260869565
2025-06-26 10:00:00,4234,5.930598204189447,2.5416849446526206,14.0,4.747714318704662,97.0,269.3478260869565
2025-06-26 11:00:00,4235,5.397527958108986,2.313226267760994,13.9,2.509788689527518,98.0,269.3478260869565
2025-06-26 12:00:00,4236,5.889601362734517,2.5241148697433644,13.9,2.803396671820045,100.0,269.3478260869565
2025-06-26 13:00:00,4237,6.033840621309357,2.585931694846867,13.9,4.876001120092194,98.0,269.3478260869565
2025-06-26 14:00:00,4238,5.855311956826874,2.5094194100686606,14.0,7.519420371501432,113.0,269.3478260869565
2025-06-26 15:00:00,4239,5.366419465530479,2.2998940566559196,14.1,8.053803412239622,113.0,269.3478260869565
2025-06-26 16:00:00,4240,5.2430981886636285,2.247042080855841,14.1,7.8233428280868065,119.0,269.3478260869565
2025-06-26 17:00:00,4241,4.939797144719826,2.1170559191656397,14.1,12.383628912802244,146.0,269.3478260869565
2025-06-26 18:00:00,4242,5.007216060192622,2.145949740082552,14.1,15.0,161.0,269.3478260869565
2025-06-26 19:00:00,4243,5.028478027075613,2.155062011603834,14.1,15.0,162.0,269.3478260869565
2025-06-26 20:00:00,4244,5.411312535362436,2.319133943726758,14.1,15.0,144.0,269.3478260869565
2025-06-26 21:00:00,4245,5.677402112546783,2.433172333948621,14.1,14.683387011296219,143.0,269.3478260869565
2025-06-26 22:00:00,4246,5.309635788372388,2.2755581950167376,14.1,15.0,148.0,269.3478260869565
2025-06-26 23:00:00,4247,5.078005752583029,2.1762881796784406,14.1,15.0,151.0,269.3478260869565
2025-06-27 00:00:00,4248,4.713627760172534,2.020126182931086,14.1,15.0,138.0,269.3478260869565
2025-06-27 01:00:00,4249,5.185974110384773,2.2225603330220456,14.1,15.0,145.0,269.3478260869565
2025-06-27 02:00:00,4250,5.032481361713666,2.156777726448714,14.1,15.0,151.0,269.3478260869565
2025-06-27 03:00:00,4251,4.513467278153178,1.9343431192085048,14.0,15.0,160.0,269.3478260869565
2025-06-27 04:00:00,4252,4.194098811697318,1.7974709192988505,14.0,15.0,162.0,269.3478260869565
2025-06-27 05:00:00,4253,4.439791687840143,1.9027678662172038,13.9,15.0,150.0,269.3478260869565
2025-06-27 06:00:00,4254,4.5431293418257575,1.9470554322110387,13.9,15.0,143.0,269.3478260869565
2025-06-27 07:00:00,4255,4.3632722268983075,1.869973811527846,13.9,15.0,143.0,269.3478260869565
2025-06-27 08:00:00,4256,5.4660733030519895,2.342602844165138,13.9,15.0,118.0,269.3478260869565
2025-06-27 09:00:00,4257,5.123845827031046,2.1959339258704484,13.9,15.0,94.0,269.3478260869565
2025-06-27 10:00:00,4258,5.729014536329762,2.4552919441413263,14.0,15.0,96.0,269.3478260869565
2025-06-27 11:00:00,4259,5.161870110192472,2.212230047225345,14.0,15.0,94.0,269.3478260869565
2025-06-27 12:00:00,4260,5.511246729613556,2.3619628841200955,14.0,15.0,98.0,269.3478260869565
2025-06-27 13:00:00,4261,5.38049245433744,2.3059253375731883,14.0,15.0,99.0,269.3478260869565
2025-06-27 14:00:00,4262,5.727559779858595,2.454668477082255,14.0,15.0,99.0,269.3478260869565
2025-06-27 15:00:00,4263,5.581046417671539,2.391877036144945,14.0,15.0,123.0,269.3478260869565
2025-06-27 16:00:00,4264,5.298818411270837,2.2709221762589302,14.0,15.0,137.0,269.3478260869565
2025-06-27 17:00:00,4265,5.330277927151099,2.284404825921899,14.0,15.0,168.0,269.3478260869565
2025-06-27 18:00:00,4266,5.0766578925569785,2.1757105253815623,14.0,15.0,198.0,269.3478260869565
2025-06-27 19:00:00,4267,4.840394714483185,2.0744548776356506,14.0,15.0,212.0,269.3478260869565
2025-06-27 20:00:00,4268,5.459019202424462,2.339579658181912,14.0,15.0,214.0,269.3478260869565
2025-06-27 21:00:00,4269,5.264271567375605,2.256116386018116,14.1,15.0,206.0,269.3478260869565
2025-06-27 22:00:00,4270,5.193455783581456,2.2257667643920525,14.1,15.0,197.0,269.3478260869565
2025-06-27 23:00:00,4271,5.351557798536902,2.2935247708015294,14.1,15.0,181.0,269.3478260869565
2025-06-28 00:00:00,4272,5.417784224986878,2.321907524994376,14.1,15.0,167.0,269.3478260869565
2025-06-28 01:00:00,4273,5.465660009176361,2.3424257182184403,14.1,15.0,152.0,269.3478260869565
2025-06-28 02:00:00,4274,6.206977541850378,2.660133232221591,14.0,15.0,138.0,269.3478260869565
2025-06-28 03:00:00,4275,5.361546363254004,2.2978055842517158,13.9,15.0,121.0,269.3478260869565
2025-06-28 04:00:00,4276,5.207938069382353,2.2319734583067223,13.9,15.0,100.0,269.3478260869565
2025-06-28 05:00:00,4277,4.976510055730589,2.1327900238845383,13.9,15.0,103.0,269.3478260869565
2025-06-28 06:00:00,4278,4.4663311355439275,1.9141419152331116,13.9,15.0,105.0,269.3478260869565
2025-06-28 07:00:00,4279,4.740215673317621,2.031521002850409,13.9,15.0,97.0,269.3478260869565
2025-06-28 08:00:00,4280,4.902384176046974,2.1010217897344172,13.9,15.0,97.0,269.3478260869565
2025-06-28 09:00:00,4281,4.7451606507273345,2.0336402788831434,14.0,15.0,99.0,269.3478260869565
2025-06-28 10:00:00,4282,4.5138542418541,1.934508960794614,14.1,15.0,103.0,269.3478260869565
2025-06-28 11:00:00,4283,4.699295443422709,2.0139837614668754,14.1,14.365765675174154,100.0,269.3478260869565
2025-06-28 12:00:00,4284,4.716791060678652,2.021481883147994,14.2,11.494714147926953,98.0,269.3478260869565
2025-06-28 13:00:00,4285,5.267497308117463,2.2574988463360555,14.3,10.140787558641097,97.0,269.3478260869565
2025-06-28 14:00:00,4286,5.2392157102347205,2.2453781615291657,14.4,10.378436846499568,115.0,269.3478260869565
2025-06-28 15:00:00,4287,5.33005865402605,2.2843108517254502,14.5,9.978063575946862,150.0,269.3478260869565
2025-06-28 16:00:00,4288,5.352558329237128,2.2939535696730546,14.6,9.197114090796429,170.0,269.3478260869565
2025-06-28 17:00:00,4289,5.687603942113672,2.437544546620145,14.6,6.6478217101399055,207.0,269.3478260869565
2025-06-28 18:00:00,4290,5.448247558401444,2.334963239314904,14.7,3.6064216597234537,228.0,269.3478260869565
2025-06-28 19:00:00,4291,5.197108145846258,2.227332062505539,14.7,2.202783793647559,257.0,269.3478260869565
2025-06-28 20:00:00,4292,5.32115094219397,2.2804932609402724,14.7,1.1882301751124265,263.0,269.3478260869565
2025-06-28 21:00:00,4293,5.059471290690485,2.1683448388673505,14.7,0.9789985435889499,263.0,269.3478260869565
2025-06-28 22:00:00,4294,5.035532456581752,2.1580853385350367,14.6,0.9351952655432858,283.0,269.3478260869565
2025-06-28 23:00:00,4295,5.037953553363769,2.159122951441615,14.6,0.9507378226742631,343.0,269.3478260869565
2025-06-29 00:00:00,4296,5.302428621782575,2.272469409335389,14.6,0.38981404360576366,363.0,269.3478260869565
2025-06-29 01:00:00,4297,5.680270765084261,2.4344017564646836,14.6,0.09055993642595822,371.0,269.3478260869565
2025-06-29 02:00:00,4298,5.279367697514962,2.2625861560778406,14.6,0.07152594596420782,373.0,269.3478260869565
2025-06-29 03:00:00,4299,4.645403465320859,1.990887199423225,14.5,0.0,371.0,269.3478260869565
2025-06-29 04:00:00,4300,4.504443368248178,1.930475729249219,14.5,0.0,370.0,269.3478260869565
2025-06-29 05:00:00,4301,4.8917016675431935,2.0964435718042256,14.5,0.0,363.0,269.3478260869565
2025-06-29 06:00:00,4302,4.432669347952224,1.8997154348366672,14.5,0.0,350.0,269.3478260869565
2025-06-29 07:00:00,4303,4.223197221471637,1.8099416663449874,14.6,0.16541575020581278,334.0,269.3478260869565
2025-06-29 08:00:00,4304,4.4911882990978444,1.9247949853276474,14.6,0.5773181851556373,320.0,269.3478260869565
2025-06-29 09:00:00,4305,4.634940150827306,1.9864029217831307,14.6,0.9859305631750966,292.0,269.3478260869565
2025-06-29 10:00:00,4306,4.272032521656524,1.8308710807099389,14.8,1.2312341827402156,256.0,269.3478260869565
2025-06-29 11:00:00,4307,4.642594275332051,1.989683260856593,14.8,1.7197023810365601,183.0,269.3478260869565
2025-06-29 12:00:00,4308,4.813937991850484,2.063116282221636,14.9,2.878820794937913,184.0,269.3478260869565
2025-06-29 13:00:00,4309,4.9656310557084655,2.1281275953036283,14.9,5.8355500751312395,161.0,269.3478260869565
2025-06-29 14:00:00,4310,5.152333434152687,2.2081429003511515,14.9,9.928299016704099,173.0,269.3478260869565
2025-06-29 15:00:00,4311,5.2278783599298855,2.2405192971128076,14.9,11.990521505354646,191.0,269.3478260869565
2025-06-29 16:00:00,4312,5.018714274786838,2.1508775463372163,15.0,13.452919600585268,181.0,269.3478260869565
2025-06-29 17:00:00,4313,5.20035806972038,2.2287248870230196,15.0,14.78123732958629,198.0,269.3478260869565
2025-06-29 18:00:00,4314,5.12817631122738,2.197789847668877,15.0,15.0,228.0,269.3478260869565
2025-06-29 19:00:00,4315,5.1051959158047655,2.187941106773471,14.9,15.0,229.0,269.3478260869565
2025-06-29 20:00:00,4316,5.215732733949498,2.2353140288354987,14.9,15.0,224.0,269.3478260869565
2025-06-29 21:00:00,4317,5.010101219908594,2.147186237103683,14.9,12.874158682259447,218.0,269.3478260869565
2025-06-29 22:00:00,4318,4.808193204679112,2.060654230576762,14.8,15.0,214.0,269.3478260869565
2025-06-29 23:00:00,4319,4.742063011008161,2.0323127190034973,14.8,15.0,206.0,269.3478260869565
2025-06-30 00:00:00,4320,5.096889074392891,2.1843810318826673,14.7,13.817902388565322,199.0,269.3478260869565
2025-06-30 01:00:00,4321,4.5953839673305,1.9694502717130713,14.6,10.551333923646709,196.0,269.3478260869565
2025-06-30 02:00:00,4322,4.335061469068235,1.8578834867435292,14.6,7.731175274244811,195.0,269.3478260869565
2025-06-30 03:00:00,4323,4.281455786353386,1.8349096227228798,14.6,5.457338652351557,198.0,269.3478260869565
2025-06-30 04:00:00,4324,4.0599247229332915,1.739967738399982,14.6,4.416070698109261,199.0,269.3478260869565
2025-06-30 05:00:00,4325,3.913873328805334,1.6773742837737144,14.6,5.0649932711399375,209.0,269.3478260869565
2025-06-30 06:00:00,4326,3.8735681339669448,1.660100628842976,14.6,6.821548011219621,211.0,269.3478260869565
2025-06-30 07:00:00,4327,4.081505324415599,1.7492165676066855,14.6,8.09260741016268,214.0,269.3478260869565
2025-06-30 08:00:00,4328,3.9507964318988207,1.6931984708137802,14.6,8.061011042993902,220.0,269.3478260869565
2025-06-30 09:00:00,4329,4.1620384801641785,1.7837307772132194,14.7,8.01088293970677,222.0,269.3478260869565
2025-06-30 10:00:00,4330,3.7999886284592863,1.6285665550539798,14.8,7.077446163677809,220.0,269.3478260869565
2025-06-30 11:00:00,4331,4.009973267031809,1.7185599715850606,14.8,9.22499898008969,227.0,269.3478260869565
2025-06-30 12:00:00,4332,4.190305922379449,1.795845395305478,14.9,11.63973500226643,225.0,269.3478260869565
2025-06-30 13:00:00,4333,4.402309779499963,1.88670419121427,14.9,13.593326397749113,214.0,269.3478260869565
2025-06-30 14:00:00,4334,3.980086300891153,1.7057512718104941,14.9,15.0,224.0,269.3478260869565
2025-06-30 15:00:00,4335,4.0228281160508645,1.7240691925932277,14.9,15.0,223.0,269.3478260869565
2025-06-30 16:00:00,4336,3.99402468222699,1.7117248638115672,14.9,15.0,258.0,269.3478260869565
2025-06-30 17:00:00,4337,4.19751721366747,1.79893594871463,14.9,15.0,285.0,269.3478260869565
2025-06-30 18:00:00,4338,4.2830526026202875,1.8355939725515515,14.9,14.402458053581448,293.0,269.3478260869565
2025-06-30 19:00:00,4339,4.344215123083477,1.8618064813214898,14.9,11.393441012084814,312.0,269.3478260869565
2025-06-30 20:00:00,4340,4.034632516305114,1.7291282212736205,15.0,10.803916061734101,309.0,269.3478260869565
2025-06-30 21:00:00,4341,3.960933409783326,1.6975428899071396,15.0,8.08127335507786,303.0,269.3478260869565
2025-06-30 22:00:00,4342,3.9689604365162814,1.7009830442212635,15.0,3.2519615275013716,307.0,269.3478260869565
2025-06-30 23:00:00,4343,3.952320244752198,1.6938515334652275,15.0,0.9690388049444634,298.0,269.3478260869565
2025-07-01 00:00:00,4344,4.55314024348934,1.9513458186382882,15.0,0.3683202288372084,316.0,269.3478260869565
2025-07-01 01:00:00,4345,4.188231346226015,1.7949562912397206,14.9,2.11312987747434,313.0,269.3478260869565
2025-07-01 02:00:00,4346,3.6603033874605804,1.56870145176882,14.9,7.51352183361616,312.0,269.3478260869565
2025-07-01 03:00:00,4347,3.5529542649414374,1.522694684974902,14.9,8.80885746546565,309.0,269.3478260869565
2025-07-01 04:00:00,4348,3.595460709417036,1.540911732607301,14.8,7.759469905431114,323.0,269.3478260869565
2025-07-01 05:00:00,4349,3.43926136438587,1.4739691561653727,14.8,7.644383693971787,327.0,269.3478260869565
2025-07-01 06:00:00,4350,3.5715080645964807,1.5306463133984918,14.8,7.8221801306471495,316.0,269.3478260869565
2025-07-01 07:00:00,4351,3.550760226547456,1.5217543828060525,14.8,8.119531810584817,296.0,269.3478260869565
2025-07-01 08:00:00,4352,3.965427577737428,1.6994689618874692,14.8,8.416205439122145,299.0,269.3478260869565
2025-07-01 09:00:00,4353,3.55257772016508,1.522533308642177,14.8,8.00362523003759,295.0,269.3478260869565
2025-07-01 10:00:00,4354,3.891256575079135,1.6676813893196292,14.8,7.517651390704674,284.0,269.3478260869565
2025-07-01 11:00:00,4355,3.962528457228368,1.6982264816693002,14.8,6.869392344504851,304.0,269.3478260869565
2025-07-01 12:00:00,4356,3.9736998156115946,1.7030142066906833,14.8,5.996456312146102,295.0,269.3478260869565
2025-07-01 13:00:00,4357,4.172050723477685,1.7880217386332937,14.9,4.5317930360392955,296.0,269.3478260869565
2025-07-01 14:00:00,4358,4.155228292825548,1.7808121254966631,14.9,3.990971511317334,297.0,269.3478260869565
2025-07-01 15:00:00,4359,4.151382176154141,1.7791637897803463,14.9,3.401537550743231,301.0,269.3478260869565
2025-07-01 16:00:00,4360,4.258402261712469,1.8250295407339152,15.0,2.5377418302854773,325.0,269.3478260869565
2025-07-01 17:00:00,4361,4.313064306499583,1.848456131356964,15.1,1.9524766500817208,336.0,269.3478260869565
2025-07-01 18:00:00,4362,4.276411721514579,1.8327478806491055,15.1,1.7321945674157253,338.0,269.3478260869565
2025-07-01 19:00:00,4363,4.400319945256601,1.8858514051099717,15.1,1.5123388025695608,341.0,269.3478260869565
2025-07-01 20:00:00,4364,4.290219813224839,1.8386656342392165,15.1,1.3222110068304744,345.0,269.3478260869565
2025-07-01 21:00:00,4365,4.539920429418526,1.945680184036511,15.1,1.2277754362200188,336.0,269.3478260869565
2025-07-01 22:00:00,4366,4.478509026836946,1.9193610115015483,15.1,0.7401775058190043,336.0,269.3478260869565
2025-07-01 23:00:00,4367,4.609227472229428,1.9753832023840405,15.1,0.8510838593741908,347.0,269.3478260869565
2025-07-02 00:00:00,4368,4.441445303595347,1.9034765586837201,15.1,0.7672953894019076,339.0,269.3478260869565
2025-07-02 01:00:00,4369,5.092336554434121,2.1824299519003376,15.1,0.621039746484134,339.0,269.3478260869565
2025-07-02 02:00:00,4370,4.6560574317452215,1.9954531850336665,15.1,0.7281485888616835,342.0,269.3478260869565
2025-07-02 03:00:00,4371,4.555475526778158,1.9523466543334966,15.1,1.2926679318455807,347.0,269.3478260869565
2025-07-02 04:00:00,4372,4.403649562782495,1.8872783840496405,15.0,1.7371582316549918,362.0,269.3478260869565
2025-07-02 05:00:00,4373,4.349118069757836,1.8639077441819296,15.1,1.8955137969084963,360.0,269.3478260869565
2025-07-02 06:00:00,4374,4.001379651453833,1.7148769934802144,15.1,2.3031138731556986,344.0,269.3478260869565
2025-07-02 07:00:00,4375,4.289746754870187,1.8384628949443655,15.1,2.673910090993465,313.0,269.3478260869565
2025-07-02 08:00:00,4376,4.507532329006642,1.931799569574275,15.1,2.7136923259689656,280.0,269.3478260869565
2025-07-02 09:00:00,4377,4.2886647308629895,1.8379991703698524,15.2,2.3621647429054486,259.0,269.3478260869565
2025-07-02 10:00:00,4378,4.845552664939069,2.076665427831029,15.2,1.033286438812917,239.0,269.3478260869565
2025-07-02 11:00:00,4379,4.382789750984761,1.8783384647077548,15.4,0.5662372244154935,215.0,269.3478260869565
2025-07-02 12:00:00,4380,4.50733385725,1.93171451025,15.4,0.308217133893596,209.0,269.3478260869565
2025-07-02 13:00:00,4381,5.490620072484761,2.353122888207755,15.4,0.2259487654284836,185.0,269.3478260869565
2025-07-02 14:00:00,4382,4.800485949189069,2.057351121081029,15.6,0.17150892906101775,209.0,269.3478260869565
2025-07-02 15:00:00,4383,4.86271546511299,2.0840209136198524,15.6,0.14783186623839184,205.0,269.3478260869565
2025-07-02 16:00:00,4384,4.917582476506642,2.1075353470742746,15.6,0.2588554382872067,226.0,269.3478260869565
2025-07-02 17:00:00,4385,5.346830088120186,2.2914986091943654,15.7,0.9332974624610972,252.0,269.3478260869565
2025-07-02 18:00:00,4386,5.210037598453834,2.2328732564802145,15.8,1.2619757761414574,269.0,269.3478260869565
2025-07-02 19:00:00,4387,5.325068501507836,2.2821722149319297,15.8,1.421735094731012,292.0,269.3478260869565
2025-07-02 20:00:00,4388,4.950033287032495,2.1214428372996403,15.8,1.6253925596393877,301.0,269.3478260869565
2025-07-02 21:00:00,4389,5.224371287528159,2.2390162660834965,15.7,1.4608443743160686,293.0,269.3478260869565
2025-07-02 22:00:00,4390,5.347719252245222,2.2918796795336664,15.6,1.425371629241546,281.0,269.3478260869565
2025-07-02 23:00:00,4391,5.465562078434122,2.3423837479003375,15.6,2.1807770978991776,272.0,269.3478260869565
2025-07-03 00:00:00,4392,5.838529465845346,2.5022269139337197,15.6,3.2230236912781853,259.0,269.3478260869565
2025-07-03 01:00:00,4393,5.190634590479429,2.2245576816340407,15.6,3.985788951465771,253.0,269.3478260869565
2025-07-03 02:00:00,4394,4.980401806336946,2.1344579170015483,15.6,3.7887189838730113,250.0,269.3478260869565
2025-07-03 03:00:00,4395,4.698529061418526,2.013655312036511,15.5,2.7411790593935694,257.0,269.3478260869565
2025-07-03 04:00:00,4396,4.633078388724838,1.9856050237392164,15.4,1.8123266475947875,263.0,269.3478260869565
2025-07-03 05:00:00,4397,4.675885837256601,2.0039510731099717,15.4,1.8728958970889449,230.0,269.3478260869565
2025-07-03 06:00:00,4398,4.622673200014578,1.981145657149105,15.4,2.072235199129594,216.0,269.3478260869565
2025-07-03 07:00:00,4399,4.566228381999584,1.9569550208569642,15.5,1.8110905139773918,199.0,269.3478260869565
2025-07-03 08:00:00,4400,4.516006165962469,1.9354312139839152,15.6,1.4560270977074241,149.0,269.3478260869565
2025-07-03 09:00:00,4401,4.23731343765414,1.8159914732803457,15.6,1.6200132580859106,111.0,269.3478260869565
2025-07-03 10:00:00,4402,4.421241370575547,1.8948177302466633,15.7,1.6134307593653803,102.0,269.3478260869565
2025-07-03 11:00:00,4403,4.511062926727686,1.9333126828832934,15.8,3.4103394337270427,103.0,269.3478260869565
2025-07-03 12:00:00,4404,4.6670862576115955,2.0001798246906834,15.9,7.0356299744198125,105.0,269.3478260869565
2025-07-03 13:00:00,4405,5.191822971228367,2.2250669876692997,15.9,9.854110795122589,102.0,269.3478260869565
2025-07-03 14:00:00,4406,5.488561709329135,2.3522407325696286,15.9,12.153500959100555,102.0,269.3478260869565
2025-07-03 15:00:00,4407,5.03158456766508,2.156393386142177,15.9,13.00090296785505,107.0,269.3478260869565
2025-07-03 16:00:00,4408,5.66844871223743,2.4293351623874693,15.9,11.891143618652139,119.0,269.3478260869565
2025-07-03 17:00:00,4409,5.108194057297457,2.1892260245560524,15.9,9.278489096804217,136.0,269.3478260869565
2025-07-03 18:00:00,4410,4.801004463846482,2.057573341648492,15.9,6.248797840287351,181.0,269.3478260869565
2025-07-03 19:00:00,4411,4.91977807513587,2.108476317915373,15.9,5.224718955242759,195.0,269.3478260869565
2025-07-03 20:00:00,4412,4.998433626917036,2.142185840107301,15.9,5.715596015284819,207.0,269.3478260869565
2025-07-03 21:00:00,4413,4.9926888496914374,2.1397237927249018,15.8,6.151533170346564,184.0,269.3478260869565
2025-07-03 22:00:00,4414,5.288152232460581,2.2663509567688203,15.8,9.426411205627351,167.0,269.3478260869565
2025-07-03 23:00:00,4415,5.621192314476014,2.4090824204897205,15.7,9.930808010142913,160.0,269.3478260869565
2025-07-04 00:00:00,4416,5.51351030623934,2.362932988388289,15.6,8.98854624414966,143.0,269.3478260869565
2025-07-04 01:00:00,4417,5.057652824502198,2.1675654962152278,15.6,7.757004121099818,131.0,269.3478260869565
2025-07-04 02:00:00,4418,5.040811949766281,2.1603479784712634,15.6,7.653185474335396,122.0,269.3478260869565
2025-07-04 03:00:00,4419,5.342198749783327,2.28951374990714,15.5,6.763301687871746,114.0,269.3478260869565
2025-07-04 04:00:00,4420,5.0974084700551145,2.1846036300236205,15.4,7.495019708162848,100.0,269.3478260869565
2025-07-04 05:00:00,4421,4.968705736333476,2.12944531557149,15.4,8.011042156893208,99.0,269.3478260869565
2025-07-04 06:00:00,4422,4.856080295620287,2.081177269551551,15.4,8.342520221699488,93.0,269.3478260869565
2025-07-04 07:00:00,4423,4.571798335917469,1.9593421439646297,15.4,9.228391949318503,92.0,269.3478260869565
2025-07-04 08:00:00,4424,4.716249004976991,2.021249573561567,15.4,9.928618911619497,99.0,269.3478260869565
2025-07-04 09:00:00,4425,4.677213611800864,2.0045201193432276,15.4,13.618255490152325,87.0,269.3478260869565
2025-07-04 10:00:00,4426,3.8691543398911534,1.6582090028104943,15.4,15.0,89.0,269.3478260869565
2025-07-04 11:00:00,4427,4.150509436999964,1.77878975871427,15.4,15.0,94.0,269.3478260869565
2025-07-04 12:00:00,4428,4.263921189629448,1.827394795555478,15.4,15.0,89.0,269.3478260869565
2025-07-04 13:00:00,4429,4.330798707281807,1.8560565888350602,15.4,15.0,86.0,269.3478260869565
2025-07-04 14:00:00,4430,4.504566932959287,1.93052868555398,15.3,15.0,90.0,269.3478260869565
2025-07-04 15:00:00,4431,4.622941060414179,1.9812604544632193,15.3,15.0,98.0,269.3478260869565
2025-07-04 16:00:00,4432,4.854913005398821,2.08067700231378,15.2,15.0,99.0,269.3478260869565
2025-07-04 17:00:00,4433,4.7980596996656,2.0563112998566857,15.2,15.0,100.0,269.3478260869565
2025-07-04 18:00:00,4434,5.1981670652169445,2.227785885092976,15.2,15.0,105.0,269.3478260869565
2025-07-04 19:00:00,4435,4.8506900190553335,2.0788671510237147,15.1,15.0,126.0,269.3478260869565
2025-07-04 20:00:00,4436,5.772691661683291,2.474010712149982,15.1,15.0,133.0,269.3478260869565
2025-07-04 21:00:00,4437,5.457594312853386,2.3389689912228797,15.1,15.0,112.0,269.3478260869565
2025-07-04 22:00:00,4438,5.3147917905682345,2.277767910243529,15.0,15.0,111.0,269.3478260869565
2025-07-04 23:00:00,4439,4.9309849165805,2.113279249963071,14.9,15.0,111.0,269.3478260869565
2025-07-05 00:00:00,4440,5.618860533142891,2.408083085632667,14.9,15.0,110.0,269.3478260869565
2025-07-05 01:00:00,4441,5.471191062758161,2.3447961697534976,14.9,15.0,108.0,269.3478260869565
2025-07-05 02:00:00,4442,4.744902755429113,2.0335297523267624,14.8,15.0,104.0,269.3478260869565
2025-07-05 03:00:00,4443,4.347489975158593,1.8632099893536829,14.7,15.0,105.0,269.3478260869565
2025-07-05 04:00:00,4444,4.319709910449498,1.8513042473354988,14.6,13.79034272941964,105.0,269.3478260869565
2025-07-05 05:00:00,4445,4.734887522804765,2.0292375097734703,14.6,12.178586869229697,106.0,269.3478260869565
2025-07-05 06:00:00,4446,4.719416456227382,2.0226070526688775,14.5,12.078850240750649,97.0,269.3478260869565
2025-07-05 07:00:00,4447,4.524891522720379,1.9392392240230198,14.5,11.319888847578483,91.0,269.3478260869565
2025-07-05 08:00:00,4448,4.4251985740368385,1.8965136745872162,14.5,10.615011972686737,90.0,269.3478260869565
2025-07-05 09:00:00,4449,4.749313418179884,2.035420036362807,14.5,8.36097201653861,94.0,269.3478260869565
2025-07-05 10:00:00,4450,4.258335630152686,1.8250009843511514,14.5,5.833045049105242,98.0,269.3478260869565
2025-07-05 11:00:00,4451,5.7611864842084675,2.4690799218036283,14.6,5.009643569040115,98.0,269.3478260869565
2025-07-05 12:00:00,4452,5.589898756100483,2.3956708954716355,14.6,5.553881080610096,97.0,269.3478260869565
2025-07-05 13:00:00,4453,6.01428746708205,2.5775517716065925,14.6,6.311988410328466,98.0,269.3478260869565
2025-07-05 14:00:00,4454,6.015742113406524,2.5781751914599385,14.6,6.56186841949173,99.0,269.3478260869565
2025-07-05 15:00:00,4455,6.001979655077306,2.572276995033131,14.6,6.478155701993353,109.0,269.3478260869565
2025-07-05 16:00:00,4456,5.544258947097845,2.3761109773276474,14.7,6.0990797162237875,109.0,269.3478260869565
2025-07-05 17:00:00,4457,5.322361479971637,2.2810120628449875,14.8,5.440042757914631,118.0,269.3478260869565
2025-07-05 18:00:00,4458,4.916359211952224,2.107011090836667,14.8,4.416522661017213,125.0,269.3478260869565
2025-07-05 19:00:00,4459,5.081239283293193,2.177673978554225,14.8,3.4141278334154035,137.0,269.3478260869565
2025-07-05 20:00:00,4460,4.989289632248179,2.1382669852492193,14.8,2.6281280545919823,140.0,269.3478260869565
2025-07-05 21:00:00,4461,4.854654810070858,2.080566347173225,14.8,2.5106695310655827,121.0,269.3478260869565
2025-07-05 22:00:00,4462,4.750970219514962,2.0361300940778406,14.8,3.3568980634207475,115.0,269.3478260869565
2025-07-05 23:00:00,4463,5.177437381584262,2.2189017349646836,14.7,4.071942921143186,104.0,269.3478260869565
2025-07-06 00:00:00,4464,5.614535765032575,2.4062296135853893,14.7,4.155432036370258,138.0,269.3478260869565
2025-07-06 01:00:00,4465,5.5256585263637685,2.3681393684416148,14.7,3.451345066612919,129.0,269.3478260869565
2025-07-06 02:00:00,4466,4.966488929581753,2.1284952555350367,14.6,3.0618758415361538,125.0,269.3478260869565
2025-07-06 03:00:00,4467,5.022640872940485,2.152560374117351,14.6,3.381763990233981,121.0,269.3478260869565
2025-07-06 04:00:00,4468,5.02172433044397,2.1521675701902727,14.6,5.296371524380681,120.0,269.3478260869565
2025-07-06 05:00:00,4469,5.040642635596258,2.1602754152555392,14.6,7.869970258762507,122.0,269.3478260869565
2025-07-06 06:00:00,4470,4.451582807151443,1.9078212030649042,14.6,8.204442058829247,116.0,269.3478260869565
2025-07-06 07:00:00,4471,4.554758620113672,1.952039408620145,14.6,7.622245934319987,119.0,269.3478260869565
2025-07-06 08:00:00,4472,5.514576629737128,2.3633899841730552,14.6,8.234917027626132,111.0,269.3478260869565
2025-07-06 09:00:00,4473,5.777495434026051,2.47606947172545,14.6,8.960212068165603,124.0,269.3478260869565
2025-07-06 10:00:00,4474,6.369046993234719,2.729591568529165,14.6,6.1903318180375635,123.0,269.3478260869565
2025-07-06 11:00:00,4475,6.107993774367463,2.6177116175860555,14.6,5.279582248027744,113.0,269.3478260869565
2025-07-06 12:00:00,4476,6.042710762428652,2.5897331838979936,14.6,4.0911298811302,110.0,269.3478260869565
2025-07-06 13:00:00,4477,4.920942524672709,2.108975367716875,14.6,4.425112700148327,113.0,269.3478260869565
2025-07-06 14:00:00,4478,5.1522851801041,2.2081222200446136,14.6,4.916773342349981,107.0,269.3478260869565
2025-07-06 15:00:00,4479,4.902002524727335,2.1008582248831433,14.6,5.388414079067516,122.0,269.3478260869565
2025-07-06 16:00:00,4480,4.5791596310469735,1.962496984734417,14.7,7.6398547847574685,146.0,269.3478260869565
2025-07-06 17:00:00,4481,4.88591191806762,2.0939622506004087,14.8,9.599134022388984,152.0,269.3478260869565
2025-07-06 18:00:00,4482,5.1163679827939275,2.1927291354831118,14.8,8.95224064951481,155.0,269.3478260869565
2025-07-06 19:00:00,4483,5.10984149523059,2.1899320693845383,14.8,11.652597779951446,157.0,269.3478260869565
2025-07-06 20:00:00,4484,5.178812777382353,2.2194911903067225,14.8,15.0,173.0,269.3478260869565
2025-07-06 21:00:00,4485,4.851862092004003,2.079369468001716,14.7,15.0,157.0,269.3478260869565
2025-07-06 22:00:00,4486,5.510871444100379,2.3618020474715906,14.7,15.0,162.0,269.3478260869565
2025-07-06 23:00:00,4487,5.053413847926361,2.1657487919684404,14.6,15.0,169.0,269.3478260869565
2025-07-07 00:00:00,4488,5.380648943236878,2.305992404244376,14.6,15.0,187.0,269.3478260869565
2025-07-07 01:00:00,4489,4.952475902036902,2.1224896723015294,14.6,15.0,164.0,269.3478260869565
2025-07-07 02:00:00,4490,4.473007541081455,1.9170032318920522,14.6,15.0,145.0,269.3478260869565
2025-07-07 03:00:00,4491,4.060414069875605,1.7401774585181162,14.6,15.0,139.0,269.3478260869565
2025-07-07 04:00:00,4492,3.8811377854244613,1.663344765181912,14.6,15.0,131.0,269.3478260869565
2025-07-07 05:00:00,4493,3.7721545782331845,1.6166376763856505,14.6,15.0,132.0,269.3478260869565
2025-07-07 06:00:00,4494,4.150174857806979,1.7786463676315625,14.6,15.0,152.0,269.3478260869565
2025-07-07 07:00:00,4495,3.619262120651098,1.5511123374218991,14.6,15.0,139.0,269.3478260869565
2025-07-07 08:00:00,4496,3.893848057770837,1.66879202475893,14.6,14.838388389021475,135.0,269.3478260869565
2025-07-07 09:00:00,4497,4.298196553921539,1.8420842373949449,14.7,11.030130309035734,118.0,269.3478260869565
2025-07-07 10:00:00,4498,4.7722826861085945,2.0452640083322544,14.8,10.331575713011569,100.0,269.3478260869565
2025-07-07 11:00:00,4499,5.03899351683744,2.1595686500731888,14.8,6.253022044713361,97.0,269.3478260869565
2025-07-07 12:00:00,4500,4.803647305613556,2.0587059881200953,14.9,3.5196208291575175,94.0,269.3478260869565
2025-07-07 13:00:00,4501,4.749652097692472,2.035565184725345,14.9,2.017046186805075,95.0,269.3478260869565
2025-07-07 14:00:00,4502,4.963323965579761,2.1271388423913264,14.9,1.0597208836626524,96.0,269.3478260869565
2025-07-07 15:00:00,4503,5.308129580531045,2.2749126773704478,15.0,0.9591738955028148,105.0,269.3478260869565
2025-07-07 16:00:00,4504,5.332976633051989,2.285561414165138,15.0,2.159614300488934,119.0,269.3478260869565
2025-07-07 17:00:00,4505,5.0612884741483075,2.1691236317778455,15.1,5.104322298602656,150.0,269.3478260869565
2025-07-07 18:00:00,4506,5.295496294575757,2.269498411961038,15.1,10.456685695016144,193.0,269.3478260869565
2025-07-07 19:00:00,4507,5.082704292090144,2.178301839467204,15.1,15.0,210.0,269.3478260869565
2025-07-07 20:00:00,4508,4.987995602447318,2.13771240104885,15.1,15.0,231.0,269.3478260869565
2025-07-07 21:00:00,4509,5.280725526903177,2.263168082958505,15.0,15.0,223.0,269.3478260869565
2025-07-07 22:00:00,4510,5.533279127713667,2.371405340448714,15.0,10.818770263420477,231.0,269.3478260869565
2025-07-07 23:00:00,4511,5.477655682384773,2.347566721022045,14.9,10.982272922564919,236.0,269.3478260869565
2025-07-08 00:00:00,4512,5.989694130422533,2.5670117701810855,14.9,9.408249594384966,222.0,269.3478260869565
2025-07-08 01:00:00,4513,5.410525863583029,2.3187967986784406,14.9,7.706065178848526,228.0,269.3478260869565
2025-07-08 02:00:00,4514,5.353899446622388,2.2945283342667375,14.9,6.5462012107538285,219.0,269.3478260869565
2025-07-08 03:00:00,4515,4.944202211546784,2.118943804948622,14.9,4.818296081916861,216.0,269.3478260869565
2025-07-08 04:00:00,4516,4.820123282862436,2.065767121226758,14.9,2.9995717434874067,246.0,269.3478260869565
2025-07-08 05:00:00,4517,4.777860140325611,2.0476543458538337,14.9,1.7426599252248864,287.0,269.3478260869565
2025-07-08 06:00:00,4518,4.999885803692623,2.1428082015825525,14.9,0.9789685323556997,265.0,269.3478260869565
2025-07-08 07:00:00,4519,4.781167484719827,2.04907177916564,14.9,0.5027051168155622,250.0,269.3478260869565
2025-07-08 08:00:00,4520,3.9821468309136283,1.7066343561058406,15.0,0.1662522605888073,244.0,269.3478260869565
2025-07-08 09:00:00,4521,3.833117471530479,1.6427646306559198,15.1,0.0,235.0,269.3478260869565
2025-07-08 10:00:00,4522,4.085348688326874,1.7508637235686606,15.2,0.0,222.0,269.3478260869565
2025-07-08 11:00:00,4523,3.804545654809357,1.6305195663468675,15.2,0.0,209.0,269.3478260869565
2025-07-08 12:00:00,4524,3.7866181989845162,1.622836370993364,15.4,0.1334636078650526,208.0,269.3478260869565
2025-07-08 13:00:00,4525,3.770632528858986,1.6159853695109938,15.4,0.7228349387737572,194.0,269.3478260869565
2025-07-08 14:00:00,4526,4.0330842939394485,1.7284646974026208,15.5,1.3500556406673538,196.0,269.3478260869565
2025-07-08 15:00:00,4527,3.9189033967326274,1.6795300271711262,15.6,1.5028695395242546,220.0,269.3478260869565
2025-07-08 16:00:00,4528,4.054236965495301,1.7375301280694149,15.6,1.139739690335926,243.0,269.3478260869565
2025-07-08 17:00:00,4529,3.9852260719842834,1.7079540308504073,15.7,0.6860906599228909,245.0,269.3478260869565
2025-07-08 18:00:00,4530,4.156199706206442,1.7812284455170466,15.8,0.37254660549050955,253.0,269.3478260869565
2025-07-08 19:00:00,4531,5.024905546668686,2.153530948572294,15.8,0.3254823912025838,265.0,269.3478260869565
2025-07-08 20:00:00,4532,5.154730137127977,2.2091700587691325,15.8,0.4906460869107498,266.0,269.3478260869565
2025-07-08 21:00:00,4533,4.784149085591315,2.050349608110563,15.7,0.60748046210773,261.0,269.3478260869565
2025-07-08 22:00:00,4534,4.816831919315748,2.0643565368496057,15.6,1.3340404874959875,265.0,269.3478260869565
2025-07-08 23:00:00,4535,4.768486725308373,2.0436371679893024,15.6,0.9361228072100457,277.0,269.3478260869565
2025-07-09 00:00:00,4536,5.173046837076331,2.217020073032713,15.6,1.0693045299277257,272.0,269.3478260869565
2025-07-09 01:00:00,4537,5.14187385012681,2.203660221482919,15.6,2.0259599838465423,263.0,269.3478260869565
2025-07-09 02:00:00,4538,5.064252551967044,2.170393950843019,15.5,2.230943854151244,261.0,269.3478260869565
2025-07-09 03:00:00,4539,4.730544576604311,2.0273762471161327,15.4,2.1200294285021086,270.0,269.3478260869565
2025-07-09 04:00:00,4540,4.799958073295938,2.057124888555402,15.4,2.086881160004144,296.0,269.3478260869565
2025-07-09 05:00:00,4541,4.904078164799293,2.1017477849139827,15.4,2.087845590225561,310.0,269.3478260869565
2025-07-09 06:00:00,4542,4.815172375871797,2.063645303945056,15.4,1.884687490558214,290.0,269.3478260869565
2025-07-09 07:00:00,4543,4.559810858520914,1.9542046536518198,15.4,1.5341188480862842,266.0,269.3478260869565
2025-07-09 08:00:00,4544,4.988582952004149,2.1379641222874923,15.6,0.9446386364832768,251.0,269.3478260869565
2025-07-09 09:00:00,4545,5.528994916329063,2.3695692498553123,15.8,0.41894040211692407,232.0,269.3478260869565
2025-07-09 10:00:00,4546,5.320124406003254,2.280053316858537,15.9,0.14776858835871734,224.0,269.3478260869565
2025-07-09 11:00:00,4547,4.888829352284368,2.0952125795504437,16.0,0.0,229.0,269.3478260869565
2025-07-09 12:00:00,4548,5.036326337430105,2.1584255731843305,16.1,0.0,232.0,269.3478260869565
2025-07-09 13:00:00,4549,5.245898491198197,2.248242210513513,16.1,0.16019589026960301,225.0,269.3478260869565
2025-07-09 14:00:00,4550,5.169606347596435,2.215545577541329,16.2,0.9717738371609372,226.0,269.3478260869565
2025-07-09 15:00:00,4551,5.266279587382648,2.2569769660211345,16.2,2.0417396474986766,226.0,269.3478260869565
2025-07-09 16:00:00,4552,5.125375168564712,2.196589357956305,16.2,2.882671992418106,241.0,269.3478260869565
2025-07-09 17:00:00,4553,5.151085470650552,2.2076080588502367,16.2,3.074687969992354,259.0,269.3478260869565
2025-07-09 18:00:00,4554,5.402829325148138,2.315498282206345,16.2,2.9932286534799153,293.0,269.3478260869565
2025-07-09 19:00:00,4555,5.354716003065484,2.2948782870280646,16.2,2.7973437686325213,308.0,269.3478260869565
2025-07-09 20:00:00,4556,5.684238701910653,2.436102300818851,16.2,2.56914646400347,306.0,269.3478260869565
2025-07-09 21:00:00,4557,5.7161458131917495,2.449776777082178,16.2,2.033087480614029,298.0,269.3478260869565
2025-07-09 22:00:00,4558,5.6386548681669275,2.4165663720715407,16.2,1.4282390846935797,295.0,269.3478260869565
2025-07-09 23:00:00,4559,5.4941532503443895,2.3546371072904524,16.2,0.8548546342457539,294.0,269.3478260869565
2025-07-10 00:00:00,4560,5.930086979232376,2.541465848242447,16.1,0.35395452358253593,307.0,269.3478260869565
2025-07-10 01:00:00,4561,5.572897842589179,2.3883847896810764,16.1,0.12135451263850389,302.0,269.3478260869565
2025-07-10 02:00:00,4562,5.817411254923137,2.4931762521099157,16.0,0.15326712497213452,310.0,269.3478260869565
2025-07-10 03:00:00,4563,5.790042547992632,2.4814468062825568,16.0,0.22490945791979505,311.0,269.3478260869565
2025-07-10 04:00:00,4564,6.4967293363060925,2.784312572702611,15.9,0.18283072878963663,325.0,269.3478260869565
2025-07-10 05:00:00,4565,6.440423756371993,2.760181609873711,15.9,0.06657447352624227,316.0,269.3478260869565
2025-07-10 06:00:00,4566,6.361823578948854,2.726495819549509,15.9,0.0,293.0,269.3478260869565
2025-07-10 07:00:00,4567,6.092675178295243,2.6111465049836755,15.9,0.0,276.0,269.3478260869565
2025-07-10 08:00:00,4568,6.480101129669773,2.7771861984299027,16.0,0.0,254.0,269.3478260869565
2025-07-10 09:00:00,4569,6.4482708100811,2.7635446328918998,16.1,0.0,234.0,269.3478260869565
2025-07-10 10:00:00,4570,6.257200087537928,2.6816571803733975,16.2,0.0,216.0,269.3478260869565
2025-07-10 11:00:00,4571,5.13097724504901,2.198990247878147,16.4,0.0,207.0,269.3478260869565
2025-07-10 12:00:00,4572,5.801915987373139,2.4865354231599164,16.5,0.0,202.0,269.3478260869565
2025-07-10 13:00:00,4573,5.702730357269157,2.444027295972496,16.5,0.0,201.0,269.3478260869565
2025-07-10 14:00:00,4574,6.231985153495957,2.6708507800696957,16.5,0.0,209.0,269.3478260869565
2025-07-10 15:00:00,4575,5.501210931312466,2.3576618277053423,16.6,0.06992965755612617,233.0,269.3478260869565
2025-07-10 16:00:00,4576,5.145308081977667,2.205132035133286,16.6,0.15166821665375738,247.0,269.3478260869565
2025-07-10 17:00:00,4577,6.371364179500583,2.7305846483573926,16.6,0.32515993912141566,270.0,269.3478260869565
2025-07-10 18:00:00,4578,6.015807938890287,2.578203402381551,16.6,0.5243768001529567,298.0,269.3478260869565
2025-07-10 19:00:00,4579,5.018587596655895,2.150823255709669,16.6,0.7158954958010258,311.0,269.3478260869565
2025-07-10 20:00:00,4580,6.124650648306571,2.624850277845673,16.6,0.8627170483584929,310.0,269.3478260869565
2025-07-10 21:00:00,4581,6.079272286601524,2.6054024085435104,16.5,0.9292498448222476,306.0,269.3478260869565
2025-07-10 22:00:00,4582,6.4354319885500075,2.758042280807146,16.5,1.2994521359239573,307.0,269.3478260869565
2025-07-10 23:00:00,4583,5.977568877911322,2.5618152333905666,16.5,0.972798128831802,310.0,269.3478260869565
2025-07-11 00:00:00,4584,6.578463215444815,2.8193413780477776,16.4,0.7690123908948513,321.0,269.3478260869565
2025-07-11 01:00:00,4585,6.321981430409876,2.7094206130328042,16.4,0.5655184763704968,315.0,269.3478260869565
2025-07-11 02:00:00,4586,5.919007170065945,2.5367173585996907,16.3,0.3483778140326648,314.0,269.3478260869565
2025-07-11 03:00:00,4587,5.472429369172506,2.3453268725025023,16.3,0.25344735008388375,315.0,269.3478260869565
2025-07-11 04:00:00,4588,4.555548341739087,1.9523778607453228,16.2,0.15856982991340132,325.0,269.3478260869565
2025-07-11 05:00:00,4589,6.032143861525264,2.5852045120822558,16.2,0.13549491482278841,307.0,269.3478260869565
2025-07-11 06:00:00,4590,5.945193712540659,2.5479401625174254,16.2,0.35293784716056464,284.0,269.3478260869565
2025-07-11 07:00:00,4591,5.805248397794939,2.4879635990549738,16.3,0.7005789290529767,274.0,269.3478260869565
2025-07-11 08:00:00,4592,6.070618714297815,2.6016937346990634,16.4,0.8333375600647398,255.0,269.3478260869565
2025-07-11 09:00:00,4593,6.077683583309046,2.604721535703877,16.4,0.6267354860654936,244.0,269.3478260869565
2025-07-11 10:00:00,4594,6.092506675088439,2.6110742893236165,16.5,0.6291058726121294,238.0,269.3478260869565
2025-07-11 11:00:00,4595,6.09889497539584,2.613812132312503,16.6,1.0950465211849594,221.0,269.3478260869565
2025-07-11 12:00:00,4596,6.094122302741147,2.611766701174777,16.6,1.6768778262996051,202.0,269.3478260869565
2025-07-11 13:00:00,4597,6.158298337134302,2.6392707159147006,16.7,2.3245191960760567,187.0,269.3478260869565
2025-07-11 14:00:00,4598,5.698891660085293,2.4423821400365537,16.8,3.030629372906286,179.0,269.3478260869565
2025-07-11 15:00:00,4599,5.72219666210415,2.452369998044635,16.9,3.3485381047597347,211.0,269.3478260869565
2025-07-11 16:00:00,4600,5.826011669200954,2.496862143943266,16.9,3.5356791660593485,235.0,269.3478260869565
2025-07-11 17:00:00,4601,5.885717375385829,2.522450303736784,16.9,3.3274006127700053,241.0,269.3478260869565
2025-07-11 18:00:00,4602,5.711545971668947,2.447805416429549,17.0,2.700691795753405,280.0,269.3478260869565
2025-07-11 19:00:00,4603,5.333254046810524,2.2856803057759385,17.0,2.0989303356578914,295.0,269.3478260869565
2025-07-11 20:00:00,4604,5.84241708582082,2.5038930367803514,17.0,1.3728572204894351,291.0,269.3478260869565
2025-07-11 21:00:00,4605,5.611902478460143,2.405101062197204,17.0,0.7586583684502022,281.0,269.3478260869565
2025-07-11 22:00:00,4606,5.771911494488847,2.4736763547809346,17.0,0.4774581261275914,278.0,269.3478260869565
2025-07-11 23:00:00,4607,6.004527078167332,2.5733687477859992,16.9,0.18497980324326163,277.0,269.3478260869565
2025-07-12 00:00:00,4608,6.003896488256041,2.5730984949668745,16.9,0.029414876856960096,264.0,269.3478260869565
2025-07-12 01:00:00,4609,5.257767748515464,2.2533290350780555,16.9,0.0,262.0,269.3478260869565
2025-07-12 02:00:00,4610,5.399687304956139,2.314151702124059,16.8,0.0,260.0,269.3478260869565
2025-07-12 03:00:00,4611,4.281375105838647,1.8348750453594198,16.8,0.0,255.0,269.3478260869565
2025-07-12 04:00:00,4612,3.722780772173615,1.5954774737886919,16.7,0.0,218.0,269.3478260869565
2025-07-12 05:00:00,4613,5.035482206221715,2.1580638026664496,16.6,0.0,212.0,269.3478260869565
2025-07-12 06:00:00,4614,5.60738572099367,2.403165308997287,16.7,0.06330794634943408,212.0,269.3478260869565
2025-07-12 07:00:00,4615,5.500127370000241,2.3571974442858177,16.8,0.2984918358200366,197.0,269.3478260869565
2025-07-12 08:00:00,4616,5.675551564752242,2.4323792420366748,17.0,0.5575730517412262,176.0,269.3478260869565
2025-07-12 09:00:00,4617,5.730089561010523,2.4557526690045095,17.1,0.8264923550816197,133.0,269.3478260869565
2025-07-12 10:00:00,4618,6.172545226035989,2.645376525443995,17.3,0.17192312058265544,117.0,269.3478260869565
2025-07-12 11:00:00,4619,5.4383239670895875,2.330710271609823,17.5,0.06747392319760585,117.0,269.3478260869565
2025-07-12 12:00:00,4620,6.08754242193231,2.6089467522567045,17.6,0.01989325170196885,122.0,269.3478260869565
2025-07-12 13:00:00,4621,5.497334876575197,2.3560006613893703,17.7,0.0,120.0,269.3478260869565
2025-07-12 14:00:00,4622,5.812364794279331,2.49101348326257,17.8,0.0,126.0,269.3478260869565
2025-07-12 15:00:00,4623,5.900991036805841,2.528996158631075,17.9,0.0,140.0,269.3478260869565
2025-07-12 16:00:00,4624,6.025195863165904,2.582226798499673,18.0,0.0,187.0,269.3478260869565
2025-07-12 17:00:00,4625,5.84860631512074,2.5065455636231744,18.0,0.0,213.0,269.3478260869565
2025-07-12 18:00:00,4626,5.832808650681616,2.4997751360064067,18.1,0.0,261.0,269.3478260869565
2025-07-12 19:00:00,4627,5.353298634609844,2.294270843404219,18.1,0.0,284.0,269.3478260869565
2025-07-12 20:00:00,4628,5.872327385916783,2.516711736821478,18.1,0.0,276.0,269.3478260869565
2025-07-12 21:00:00,4629,5.913953036863834,2.5345513015130714,18.0,0.0,255.0,269.3478260869565
2025-07-12 22:00:00,4630,5.902286549212445,2.529551378233905,18.0,0.0,243.0,269.3478260869565
2025-07-12 23:00:00,4631,5.633446190724115,2.414334081738906,17.9,0.07294762981749854,242.0,269.3478260869565
2025-07-13 00:00:00,4632,5.685301666410381,2.43655785703302,17.9,0.15327666822863456,252.0,269.3478260869565
2025-07-13 01:00:00,4633,5.745237899032831,2.462244813871213,17.8,0.5596046745404707,253.0,269.3478260869565
2025-07-13 02:00:00,4634,5.597451720603093,2.3989078802584682,17.7,1.5010966589877375,252.0,269.3478260869565
2025-07-13 03:00:00,4635,5.759953002882845,2.468551286949791,17.6,2.4637208936632824,245.0,269.3478260869565
2025-07-13 04:00:00,4636,5.762475391633812,2.4696323107002045,17.6,3.431503632994858,233.0,269.3478260869565
2025-07-13 05:00:00,4637,5.6939397923677575,2.440259911014753,17.5,3.907102469124281,227.0,269.3478260869565
2025-07-13 06:00:00,4638,5.714066379346497,2.448885591148499,17.5,3.5273446405615783,232.0,269.3478260869565
2025-07-13 07:00:00,4639,5.61726110133189,2.407397614856524,17.5,2.694044520567474,204.0,269.3478260869565
2025-07-13 08:00:00,4640,5.130868248085839,2.1989435348939312,17.5,2.087278242951379,185.0,269.3478260869565
2025-07-13 09:00:00,4641,4.906917104870299,2.102964473515842,17.5,1.6115834329862324,164.0,269.3478260869565
2025-07-13 10:00:00,4642,5.1623600209472595,2.2124400089773966,17.5,1.2546298903765734,127.0,269.3478260869565
2025-07-13 11:00:00,4643,5.191515785828765,2.224935336783756,17.6,1.1111507713063942,131.0,269.3478260869565
2025-07-13 12:00:00,4644,4.610028889526901,1.9757266669401004,17.6,0.7778578207484779,107.0,269.3478260869565
2025-07-13 13:00:00,4645,5.147252861803799,2.2059655122016277,17.7,0.33252339897600725,102.0,269.3478260869565
2025-07-13 14:00:00,4646,4.670999145921638,2.001856776823559,17.8,0.0,122.0,269.3478260869565
2025-07-13 15:00:00,4647,5.123219913142638,2.1956656770611302,17.9,0.0,139.0,269.3478260869565
2025-07-13 16:00:00,4648,5.1875472154790705,2.2232345209196014,17.9,0.0,169.0,269.3478260869565
2025-07-13 17:00:00,4649,5.156910304943249,2.2101044164042496,18.0,0.0,194.0,269.3478260869565
2025-07-13 18:00:00,4650,5.250927143047532,2.2503973470203706,18.0,0.007946403414736796,214.0,269.3478260869565
2025-07-13 19:00:00,4651,5.753557027804325,2.465810154773282,18.0,0.055901520806427574,254.0,269.3478260869565
2025-07-13 20:00:00,4652,6.097358504226077,2.6131536446683183,18.0,0.16471932033160397,277.0,269.3478260869565
2025-07-13 21:00:00,4653,5.299262700575286,2.2711125859608368,18.0,0.17590047778031753,258.0,269.3478260869565
2025-07-13 22:00:00,4654,5.046220370114492,2.1626658729062105,18.0,0.48229869268462666,239.0,269.3478260869565
2025-07-13 23:00:00,4655,5.7249472478562815,2.4535488205098344,17.9,0.8740096792276915,240.0,269.3478260869565
2025-07-14 00:00:00,4656,5.807171391063287,2.488787739027123,17.9,3.4533756984491495,249.0,269.3478260869565
2025-07-14 01:00:00,4657,5.659260075498183,2.4253971752135075,17.8,7.74518605628303,242.0,269.3478260869565
2025-07-14 02:00:00,4658,5.2831058509236986,2.264188221824442,17.8,11.288717393755372,230.0,269.3478260869565
2025-07-14 03:00:00,4659,4.980227384102596,2.1343831646153983,17.7,13.63919873727206,230.0,269.3478260869565
2025-07-14 04:00:00,4660,4.691065040297692,2.010456445841868,17.6,14.385373342690796,229.0,269.3478260869565
2025-07-14 05:00:00,4661,4.898190808021846,2.099224632009362,17.6,15.0,227.0,269.3478260869565
2025-07-14 06:00:00,4662,4.54956876003796,1.9498151828734116,17.5,15.0,229.0,269.3478260869565
2025-07-14 07:00:00,4663,4.473998572608987,1.9174279596895658,17.4,15.0,176.0,269.3478260869565
2025-07-14 08:00:00,4664,3.887785494747921,1.6661937834633946,17.3,15.0,189.0,269.3478260869565
2025-07-14 09:00:00,4665,4.2661507477178,1.8283503204504858,17.1,15.0,157.0,269.3478260869565
2025-07-14 10:00:00,4666,4.262394926781713,1.8267406829064485,17.0,15.0,130.0,269.3478260869565
2025-07-14 11:00:00,4667,4.437445559952792,1.9017623828369108,16.9,15.0,98.0,269.3478260869565
2025-07-14 12:00:00,4668,5.09702059824421,2.184437399247519,16.8,15.0,96.0,269.3478260869565
2025-07-14 13:00:00,4669,5.171884738169192,2.2165220306439397,16.8,15.0,104.0,269.3478260869565
2025-07-14 14:00:00,4670,5.065009347491005,2.1707182917818586,16.7,15.0,94.0,269.3478260869565
2025-07-14 15:00:00,4671,5.207667268222959,2.2318574006669825,16.6,15.0,104.0,269.3478260869565
2025-07-14 16:00:00,4672,5.182149222378415,2.220921095305035,16.6,15.0,166.0,269.3478260869565
2025-07-14 17:00:00,4673,5.316846696470777,2.278648584201761,16.6,15.0,172.0,269.3478260869565
2025-07-14 18:00:00,4674,5.30091698351349,2.271821564362924,16.5,15.0,167.0,269.3478260869565
2025-07-14 19:00:00,4675,5.230985675520051,2.241851003794307,16.5,15.0,167.0,269.3478260869565
2025-07-14 20:00:00,4676,5.025708658253996,2.1538751392517126,16.5,15.0,152.0,269.3478260869565
2025-07-14 21:00:00,4677,5.169144343978912,2.215347575990962,16.4,15.0,126.0,269.3478260869565
2025-07-14 22:00:00,4678,5.063292049708428,2.169982307017898,16.4,15.0,113.0,269.3478260869565
2025-07-14 23:00:00,4679,5.28055971120622,2.26309701908838,16.2,15.0,106.0,269.3478260869565
2025-07-15 00:00:00,4680,5.632138041736008,2.4137734464582885,16.2,15.0,104.0,269.3478260869565
2025-07-15 01:00:00,4681,5.174341277311554,2.217574833133523,16.1,15.0,98.0,269.3478260869565
2025-07-15 02:00:00,4682,5.008432654446674,2.146471137620003,16.0,15.0,100.0,269.3478260869565
2025-07-15 03:00:00,4683,4.57999643190522,1.9628556136736655,15.9,15.0,112.0,269.3478260869565
2025-07-15 04:00:00,4684,4.073441596701096,1.7457606843004696,15.9,15.0,130.0,269.3478260869565
2025-07-15 05:00:00,4685,4.305332206598246,1.8451423742563908,15.8,15.0,150.0,269.3478260869565
2025-07-15 06:00:00,4686,4.249136661110664,1.8210585690474275,15.7,15.0,134.0,269.3478260869565
2025-07-15 07:00:00,4687,4.402261954252386,1.8866836946795937,15.6,15.0,114.0,269.3478260869565
2025-07-15 08:00:00,4688,4.707353586037494,2.017437251158926,15.6,15.0,117.0,269.3478260869565
2025-07-15 09:00:00,4689,4.415712876730116,1.892448375741478,15.6,15.0,102.0,269.3478260869565
2025-07-15 10:00:00,4690,4.074292283094422,1.7461252641833236,15.6,15.0,100.0,269.3478260869565
2025-07-15 11:00:00,4691,4.935044661144632,2.1150191404905567,15.6,15.0,101.0,269.3478260869565
2025-07-15 12:00:00,4692,4.148596259895009,1.7779698256692893,15.6,15.0,94.0,269.3478260869565
2025-07-15 13:00:00,4693,4.82185256285986,2.066508241225654,15.6,15.0,100.0,269.3478260869565
2025-07-15 14:00:00,4694,4.8081090888035405,2.0606181809158026,15.6,15.0,103.0,269.3478260869565
2025-07-15 15:00:00,4695,5.460854990490443,2.340366424495904,15.6,15.0,106.0,269.3478260869565
2025-07-15 16:00:00,4696,4.985290432435018,2.1365530424721504,15.6,15.0,143.0,269.3478260869565
2025-07-15 17:00:00,4697,4.90700003815175,2.10300001635075,15.5,14.462747547722854,202.0,269.3478260869565
2025-07-15 18:00:00,4698,4.627927395905173,1.9833974553879312,15.5,15.0,220.0,269.3478260869565
2025-07-15 19:00:00,4699,4.701081885709868,2.0147493795899436,15.5,15.0,243.0,269.3478260869565
2025-07-15 20:00:00,4700,4.563181585580458,1.9556492509630532,15.5,14.441706644763954,259.0,269.3478260869565
2025-07-15 21:00:00,4701,5.098132404781611,2.1849138877635474,15.5,12.98402725737574,251.0,269.3478260869565
2025-07-15 22:00:00,4702,4.866550885578041,2.085664665247732,15.4,11.147110851562742,248.0,269.3478260869565
2025-07-15 23:00:00,4703,4.800904248984511,2.057530392421933,15.4,9.382724734358606,281.0,269.3478260869565
2025-07-16 00:00:00,4704,3.6654280980158207,1.5708977562924946,15.4,7.639765279894894,289.0,269.3478260869565
2025-07-16 01:00:00,4705,4.135267791936823,1.772257625115781,15.2,8.731794397200163,302.0,269.3478260869565
2025-07-16 02:00:00,4706,3.96427950076241,1.6989769288981758,15.0,8.831736627478332,313.0,269.3478260869565
2025-07-16 03:00:00,4707,4.002726902757523,1.7154543868960814,14.8,7.311015688962982,317.0,269.3478260869565
2025-07-16 04:00:00,4708,3.874280729937146,1.6604060271159196,14.6,4.2895890963072345,319.0,269.3478260869565
2025-07-16 05:00:00,4709,3.8390956305663084,1.6453266988141322,14.4,2.6700885572456223,309.0,269.3478260869565
2025-07-16 06:00:00,4710,3.655067581660087,1.5664575349971799,14.4,2.1026325907547525,283.0,269.3478260869565
2025-07-16 07:00:00,4711,3.9316649234835968,1.6849992529215416,14.4,1.5949782267517376,264.0,269.3478260869565
2025-07-16 08:00:00,4712,4.35584721330201,1.8667916628437182,14.5,0.9916067688482937,253.0,269.3478260869565
2025-07-16 09:00:00,4713,4.442705474130529,1.9040166317702263,14.6,0.4714696768485884,243.0,269.3478260869565
2025-07-16 10:00:00,4714,4.503169926984412,1.929929968707605,14.8,0.0,249.0,269.3478260869565
2025-07-16 11:00:00,4715,4.605255179378961,1.9736807911624115,14.9,0.0,246.0,269.3478260869565
2025-07-16 12:00:00,4716,4.426491951329515,1.8970679791412208,15.1,0.0,227.0,269.3478260869565
2025-07-16 13:00:00,4717,5.155890411351471,2.2096673191506304,15.1,0.0,226.0,269.3478260869565
2025-07-16 14:00:00,4718,5.407895811960259,2.3176696336972538,15.1,0.0,237.0,269.3478260869565
2025-07-16 15:00:00,4719,4.8667711809213605,2.085759077537726,15.1,0.07720544406625003,244.0,269.3478260869565
2025-07-16 16:00:00,4720,4.8230853257502995,2.0670365681786995,15.0,0.43077853910159397,258.0,269.3478260869565
2025-07-16 17:00:00,4721,5.064818014962646,2.170636292126848,14.9,0.6467686212897554,276.0,269.3478260869565
2025-07-16 18:00:00,4722,5.702616078574014,2.443978319388863,14.9,1.0707135135848955,304.0,269.3478260869565
2025-07-16 19:00:00,4723,5.866696585100065,2.5142985364714563,14.9,0.9297942883908995,315.0,269.3478260869565
2025-07-16 20:00:00,4724,5.710255768306501,2.4472524721313573,14.9,1.1534167644069881,315.0,269.3478260869565
2025-07-16 21:00:00,4725,5.373639734459072,2.302988457625317,14.8,1.0804335200759352,306.0,269.3478260869565
2025-07-16 22:00:00,4726,5.566329915323575,2.385569963710103,14.8,0.2696248163432038,295.0,269.3478260869565
2025-07-16 23:00:00,4727,5.217548783165846,2.2360923356425055,14.8,0.5634090731424116,298.0,269.3478260869565
2025-07-17 00:00:00,4728,5.5504764045017705,2.37877560192933,14.8,0.72214849989071,304.0,269.3478260869565
2025-07-17 01:00:00,4729,5.761724009597279,2.469310289827405,14.8,0.7525357320963654,304.0,269.3478260869565
2025-07-17 02:00:00,4730,5.245045869218343,2.2478768010935752,14.7,0.5873068675249635,307.0,269.3478260869565
2025-07-17 03:00:00,4731,5.053024988630981,2.165582137984706,14.7,0.2763645022700281,305.0,269.3478260869565
2025-07-17 04:00:00,4732,4.612376090601261,1.976732610257683,14.7,0.0713047528909877,300.0,269.3478260869565
2025-07-17 05:00:00,4733,5.330660699395286,2.284568871169408,14.7,0.053267441826416066,277.0,269.3478260869565
2025-07-17 06:00:00,4734,5.0463072000292115,2.1627030857268044,14.7,0.23335752724060138,242.0,269.3478260869565
2025-07-17 07:00:00,4735,5.100145724769236,2.1857767391868155,14.8,0.6149139173549982,219.0,269.3478260869565
2025-07-17 08:00:00,4736,4.286358644881604,1.8370108478064016,14.8,0.6866445007502463,220.0,269.3478260869565
2025-07-17 09:00:00,4737,4.595781179132601,1.9696205053425433,14.9,1.0270979949666363,200.0,269.3478260869565
2025-07-17 10:00:00,4738,4.597147171288561,1.9702059305522404,14.9,1.9250085635575118,208.0,269.3478260869565
2025-07-17 11:00:00,4739,4.378200615115862,1.876371692192512,15.1,3.5228337989204235,171.0,269.3478260869565
2025-07-17 12:00:00,4740,4.638938519880924,1.9881165085203958,15.1,6.443159794774085,143.0,269.3478260869565
2025-07-17 13:00:00,4741,5.1622444878502165,2.2123904947929494,15.1,10.35908266233471,141.0,269.3478260869565
2025-07-17 14:00:00,4742,4.988755686290249,2.1380381512672493,15.2,15.0,142.0,269.3478260869565
2025-07-17 15:00:00,4743,5.224890599717579,2.239238828450391,15.2,15.0,179.0,269.3478260869565
2025-07-17 16:00:00,4744,4.9640984921488105,2.1274707823494903,15.2,15.0,194.0,269.3478260869565
2025-07-17 17:00:00,4745,4.985520271600587,2.1366515449716803,15.2,15.0,197.0,269.3478260869565
2025-07-17 18:00:00,4746,5.1730312738396,2.217013403074114,15.2,15.0,220.0,269.3478260869565
2025-07-17 19:00:00,4747,5.353389445632585,2.2943097624139646,15.2,15.0,245.0,269.3478260869565
2025-07-17 20:00:00,4748,4.901196289496323,2.100512695498424,15.2,15.0,260.0,269.3478260869565
2025-07-17 21:00:00,4749,4.7208563046976355,2.0232241305847007,15.2,15.0,254.0,269.3478260869565
2025-07-17 22:00:00,4750,4.873886065253398,2.0888083136800275,15.2,15.0,248.0,269.3478260869565
2025-07-17 23:00:00,4751,5.157476902180523,2.2103472437916527,15.1,11.515963664944433,255.0,269.3478260869565
2025-07-18 00:00:00,4752,5.253770661245968,2.251615997676843,15.1,7.941098942613159,254.0,269.3478260869565
2025-07-18 01:00:00,4753,5.484550673216738,2.3505217170928874,15.1,6.271581975756379,241.0,269.3478260869565
2025-07-18 02:00:00,4754,4.959566507109882,2.1255285030470925,15.1,4.724616345776228,250.0,269.3478260869565
2025-07-18 03:00:00,4755,4.958715344442492,2.1251637190467823,15.1,3.7527613363322745,271.0,269.3478260869565
2025-07-18 04:00:00,4756,4.456729817981707,1.9100270648493032,15.1,2.935709595449587,289.0,269.3478260869565
2025-07-18 05:00:00,4757,4.33213083674471,1.8566275014620184,15.1,2.368177359022417,285.0,269.3478260869565
2025-07-18 06:00:00,4758,4.136965738248726,1.772985316392311,15.1,2.552803754837958,267.0,269.3478260869565
2025-07-18 07:00:00,4759,4.428748250261029,1.898034964397584,15.2,2.730137059372363,245.0,269.3478260869565
2025-07-18 08:00:00,4760,4.596143318048934,1.9697757077352578,15.4,2.8775123742692266,236.0,269.3478260869565
2025-07-18 09:00:00,4761,4.854590277629805,2.0805386904127734,15.5,2.66635797770919,224.0,269.3478260869565
2025-07-18 10:00:00,4762,5.032876183271044,2.15694693568759,15.6,3.5231503919067833,231.0,269.3478260869565
2025-07-18 11:00:00,4763,5.174657098490103,2.2177101850671868,15.8,4.7901750531761795,228.0,269.3478260869565
2025-07-18 12:00:00,4764,5.102572933054476,2.186816971309061,15.9,5.74548151700745,229.0,269.3478260869565
2025-07-18 13:00:00,4765,5.061560797231703,2.1692403416707298,15.9,5.846862883573522,229.0,269.3478260869565
2025-07-18 14:00:00,4766,5.08720339728937,2.18023002740973,16.0,6.153274714135762,248.0,269.3478260869565
2025-07-18 15:00:00,4767,5.299300857745101,2.2711289390336145,16.0,6.585183206739334,251.0,269.3478260869565
2025-07-18 16:00:00,4768,5.352168342616574,2.2937864325499597,16.0,6.453621843385267,260.0,269.3478260869565
2025-07-18 17:00:00,4769,5.375568309921503,2.3038149899663583,16.1,6.859283624562591,274.0,269.3478260869565
2025-07-18 18:00:00,4770,5.022411198677653,2.1524619422904223,16.1,7.817274855286672,295.0,269.3478260869565
2025-07-18 19:00:00,4771,5.275294210152829,2.2608403757797837,16.1,6.746933790786356,309.0,269.3478260869565
2025-07-18 20:00:00,4772,4.888392886864882,2.0950255229420924,16.1,5.234199504570522,308.0,269.3478260869565
2025-07-18 21:00:00,4773,5.020521784331709,2.151652193285018,16.1,4.348295697617628,307.0,269.3478260869565
2025-07-18 22:00:00,4774,5.08703037982125,2.18015587706625,16.1,3.9898740491866764,306.0,269.3478260869565
2025-07-18 23:00:00,4775,4.915497118101488,2.106641622043495,16.0,3.4090666163751315,313.0,269.3478260869565
2025-07-19 00:00:00,4776,4.777685281190456,2.047579406224481,16.0,2.450787081107345,325.0,269.3478260869565
2025-07-19 01:00:00,4777,4.827818331856224,2.0690649993669528,16.0,2.1816164459364127,322.0,269.3478260869565
2025-07-19 02:00:00,4778,4.5906818328669114,1.9674350712286763,16.0,3.391865475831762,329.0,269.3478260869565
2025-07-19 03:00:00,4779,4.9959015302406815,2.1411006558174344,15.9,3.8352710484004864,329.0,269.3478260869565
2025-07-19 04:00:00,4780,4.875600204745741,2.0895429448910314,15.9,3.212500340061821,324.0,269.3478260869565
2025-07-19 05:00:00,4781,4.869130099650341,2.086770042707289,15.9,2.467863009662043,313.0,269.3478260869565
2025-07-19 06:00:00,4782,4.400610755972777,1.8859760382740474,15.9,1.8514677675162845,291.0,269.3478260869565
2025-07-19 07:00:00,4783,4.334120981981391,1.8574804208491673,15.9,1.4169230582710473,266.0,269.3478260869565
2025-07-19 08:00:00,4784,4.672418606194565,2.002465116940528,15.8,0.696705479487656,255.0,269.3478260869565
2025-07-19 09:00:00,4785,4.268833240130732,1.8294999600560278,15.8,0.8702950693863707,253.0,269.3478260869565
2025-07-19 10:00:00,4786,4.488443786058363,1.9236187654535837,15.8,0.8080146848078953,252.0,269.3478260869565
2025-07-19 11:00:00,4787,4.899564090495975,2.099813181641132,15.8,0.859249119494496,252.0,269.3478260869565
2025-07-19 12:00:00,4788,4.603673084212131,1.9730027503766276,15.8,1.0523791407949086,215.0,269.3478260869565
2025-07-19 13:00:00,4789,5.493869864975441,2.354515656418046,15.8,1.1486201933116063,202.0,269.3478260869565
2025-07-19 14:00:00,4790,4.99593310480455,2.1411141877733786,15.8,0.8222614085915038,196.0,269.3478260869565
2025-07-19 15:00:00,4791,5.354809194468158,2.294918226200639,15.8,0.7386631213617785,224.0,269.3478260869565
2025-07-19 16:00:00,4792,5.1541023367350025,2.2089010014578583,15.8,0.8006486500751147,218.0,269.3478260869565
2025-07-19 17:00:00,4793,5.851083624873869,2.5076072678030865,15.7,0.7565963807817881,222.0,269.3478260869565
2025-07-19 18:00:00,4794,5.6058084314035845,2.402489327744393,15.7,0.704024147367942,233.0,269.3478260869565
2025-07-19 19:00:00,4795,5.84088711159302,2.503237333539866,15.6,0.6677793559711972,214.0,269.3478260869565
2025-07-19 20:00:00,4796,6.172994093461096,2.6455688971976126,15.6,0.7328650061641031,200.0,269.3478260869565
2025-07-19 21:00:00,4797,6.218914952776771,2.6652492654757585,15.6,1.2520509887567672,210.0,269.3478260869565
2025-07-19 22:00:00,4798,6.12319991180905,2.62422853363245,15.6,2.04526000297986,217.0,269.3478260869565
2025-07-19 23:00:00,4799,6.097778230076987,2.613333527175851,15.6,3.1721881450917433,233.0,269.3478260869565
2025-07-20 00:00:00,4800,5.87395145309967,2.5174077656141445,15.5,4.598327719454912,241.0,269.3478260869565
2025-07-20 01:00:00,4801,5.42090704389624,2.3232458759555312,15.4,5.130512174637276,225.0,269.3478260869565
2025-07-20 02:00:00,4802,4.75664308748588,2.038561323208234,15.4,5.566379412423233,234.0,269.3478260869565
2025-07-20 03:00:00,4803,4.638423866137815,1.9878959426304923,15.4,5.221164453422474,246.0,269.3478260869565
2025-07-20 04:00:00,4804,4.525318790371319,1.9394223387305651,15.4,5.046652777028599,243.0,269.3478260869565
2025-07-20 05:00:00,4805,4.556456638455702,1.9527671307667296,15.4,4.841756527105536,220.0,269.3478260869565
2025-07-20 06:00:00,4806,4.176023361410329,1.7897242977472836,15.4,5.506867170601431,205.0,269.3478260869565
2025-07-20 07:00:00,4807,3.917647066504597,1.6789915999305416,15.4,6.6537827657939665,196.0,269.3478260869565
2025-07-20 08:00:00,4808,4.039775758257959,1.7313324678248396,15.4,7.013768409094249,187.0,269.3478260869565
2025-07-20 09:00:00,4809,4.570744773439904,1.9588906171885303,15.4,5.731225354796052,164.0,269.3478260869565
2025-07-20 10:00:00,4810,4.044677579319968,1.7334332482799861,15.5,5.572478624631626,175.0,269.3478260869565
2025-07-20 11:00:00,4811,4.693474204667732,2.0114889448575997,15.6,3.247673971887918,189.0,269.3478260869565
2025-07-20 12:00:00,4812,4.32602380625282,1.8540102026797798,15.6,2.4025029422354676,178.0,269.3478260869565
2025-07-20 13:00:00,4813,4.990752289844899,2.138893838504957,15.6,1.8928094427967792,141.0,269.3478260869565
2025-07-20 14:00:00,4814,4.943543246463683,2.118661391341578,15.8,0.7846216441128769,157.0,269.3478260869565
2025-07-20 15:00:00,4815,5.0519722293789275,2.1651309554481117,15.9,0.22792822998490464,194.0,269.3478260869565
2025-07-20 16:00:00,4816,4.557610238610433,1.9532615308330428,15.9,0.01912659331588409,211.0,269.3478260869565
2025-07-20 17:00:00,4817,4.673356011928044,2.002866862254876,16.0,0.0,239.0,269.3478260869565
2025-07-20 18:00:00,4818,4.741536556101653,2.0320870954721366,16.0,0.0,266.0,269.3478260869565
2025-07-20 19:00:00,4819,4.375817373651187,1.8753503029933656,16.0,0.0,269.0,269.3478260869565
2025-07-20 20:00:00,4820,4.206201623346624,1.8026578385771246,16.0,0.0,270.0,269.3478260869565
2025-07-20 21:00:00,4821,4.114128481707988,1.763197920731995,16.0,0.0,262.0,269.3478260869565
2025-07-20 22:00:00,4822,3.9923395667553425,1.7110026714665754,16.0,1.0255577218316867,252.0,269.3478260869565
2025-07-20 23:00:00,4823,4.114246739258796,1.763248602539484,15.9,1.378570685778507,253.0,269.3478260869565
2025-07-21 00:00:00,4824,4.3575061009885,1.8675026147093572,15.9,2.063937471336705,249.0,269.3478260869565
2025-07-21 01:00:00,4825,5.085935209214655,2.1796865182348517,15.9,1.3511507895461243,221.0,269.3478260869565
2025-07-21 02:00:00,4826,4.091535683957499,1.7535152931246423,15.9,1.4393527706318945,195.0,269.3478260869565
2025-07-21 03:00:00,4827,4.3183432597373175,1.8507185398874215,15.9,3.204829786540537,161.0,269.3478260869565
2025-07-21 04:00:00,4828,4.27857460282444,1.8336748297819025,15.9,5.720192771165528,161.0,269.3478260869565
2025-07-21 05:00:00,4829,4.208216320739238,1.8035212803168164,15.9,4.508755325333169,162.0,269.3478260869565
2025-07-21 06:00:00,4830,4.192301604752131,1.7967006877509129,15.9,2.239312846854369,169.0,269.3478260869565
2025-07-21 07:00:00,4831,4.2230818066335765,1.8098922028429612,15.9,1.1552652999576614,180.0,269.3478260869565
2025-07-21 08:00:00,4832,4.584937577154081,1.9649732473517487,15.8,1.9099796683852985,186.0,269.3478260869565
2025-07-21 09:00:00,4833,4.227142902584191,1.8116326725360818,15.8,3.047291660598962,202.0,269.3478260869565
2025-07-21 10:00:00,4834,4.553890751444502,1.9516674649047867,15.7,1.8246841965187381,194.0,269.3478260869565
2025-07-21 11:00:00,4835,4.4654245707556495,1.913753387466707,15.6,1.109572715155392,198.0,269.3478260869565
2025-07-21 12:00:00,4836,4.308563943788314,1.8465274044807058,15.6,1.217135242932927,200.0,269.3478260869565
2025-07-21 13:00:00,4837,4.974858631063216,2.1320822704556637,15.6,2.0371827149469386,191.0,269.3478260869565
2025-07-21 14:00:00,4838,4.615607085601129,1.9781173224004835,15.7,2.790070558839779,185.0,269.3478260869565
2025-07-21 15:00:00,4839,4.71417172992286,2.0203593128240827,15.8,3.3056671327108265,201.0,269.3478260869565
2025-07-21 16:00:00,4840,4.536979755549266,1.9444198952354,15.8,3.7094076207820965,215.0,269.3478260869565
2025-07-21 17:00:00,4841,4.63154137050125,1.9849463016433924,15.9,5.743814786673321,222.0,269.3478260869565
2025-07-21 18:00:00,4842,4.53454044704975,1.9433744773070356,15.9,6.231741489452707,231.0,269.3478260869565
2025-07-21 19:00:00,4843,4.334497044465756,1.8576415904853243,15.9,7.765267815574262,246.0,269.3478260869565
2025-07-21 20:00:00,4844,4.553713814270298,1.9515916346872706,15.9,9.047584744264977,250.0,269.3478260869565
2025-07-21 21:00:00,4845,4.328109209484453,1.8549039469219084,15.9,9.919766249123244,255.0,269.3478260869565
2025-07-21 22:00:00,4846,4.284980223879336,1.836420095948287,15.9,11.241279737573976,243.0,269.3478260869565
2025-07-21 23:00:00,4847,4.229871010226113,1.8128018615254766,15.9,12.619213086651701,238.0,269.3478260869565
2025-07-22 00:00:00,4848,4.700103108545985,2.014329903662565,15.9,14.066660230968273,222.0,269.3478260869565
2025-07-22 01:00:00,4849,4.504058729610206,1.9303108841186596,15.9,13.425558863388135,232.0,269.3478260869565
2025-07-22 02:00:00,4850,4.142081475940067,1.775177775402886,15.9,12.13613614236952,254.0,269.3478260869565
2025-07-22 03:00:00,4851,3.7216833185569076,1.595007136524389,15.9,10.678849867018263,265.0,269.3478260869565
2025-07-22 04:00:00,4852,3.6865576247321066,1.5799532677423314,15.9,9.501392920231039,258.0,269.3478260869565
2025-07-22 05:00:00,4853,3.697252909737088,1.584536961315895,15.9,8.237761449847008,251.0,269.3478260869565
2025-07-22 06:00:00,4854,3.8005571000933234,1.6288101857542816,15.9,7.100242502075155,253.0,269.3478260869565
2025-07-22 07:00:00,4855,4.125673355572323,1.7681457238167095,15.9,6.163999599484654,257.0,269.3478260869565
2025-07-22 08:00:00,4856,4.1248124324456406,1.7677767567624174,15.9,5.267854282793552,260.0,269.3478260869565
2025-07-22 09:00:00,4857,3.9922173587348766,1.7109502966006616,16.0,3.6539950860380777,258.0,269.3478260869565
2025-07-22 10:00:00,4858,4.074338392461675,1.7461450253407178,16.0,1.331375452017039,254.0,269.3478260869565
2025-07-22 11:00:00,4859,3.9351001718977234,1.6864715022418815,16.1,0.09747119970719545,254.0,269.3478260869565
2025-07-22 12:00:00,4860,4.071042137314748,1.7447323445634637,16.2,0.0,248.0,269.3478260869565
2025-07-22 13:00:00,4861,4.352463962734525,1.8653416983147966,16.2,0.0,247.0,269.3478260869565
2025-07-22 14:00:00,4862,4.112325286428873,1.7624251227552312,16.4,0.6410543297352398,247.0,269.3478260869565
2025-07-22 15:00:00,4863,4.361226475419651,1.869097060894136,16.4,2.0477174805316154,256.0,269.3478260869565
2025-07-22 16:00:00,4864,4.045474191478764,1.7337746534908989,16.5,1.8325893780639817,259.0,269.3478260869565
2025-07-22 17:00:00,4865,4.077319071128161,1.747422459054926,16.5,1.0121626745101806,266.0,269.3478260869565
2025-07-22 18:00:00,4866,4.379462478639832,1.8769124908456418,16.5,0.419361298376234,279.0,269.3478260869565
2025-07-22 19:00:00,4867,4.1005058730358135,1.7573596598724912,16.5,0.017736954684653743,285.0,269.3478260869565
2025-07-22 20:00:00,4868,3.8004555280881838,1.6287666548949358,16.5,0.0,291.0,269.3478260869565
2025-07-22 21:00:00,4869,4.1907794580690645,1.7960483391724562,16.5,0.09318798412700881,284.0,269.3478260869565
2025-07-22 22:00:00,4870,3.899761261000623,1.6713262547145527,16.4,1.056020136327311,279.0,269.3478260869565
2025-07-22 23:00:00,4871,4.005383727405069,1.7165930260307436,16.4,1.5334717432100422,289.0,269.3478260869565
2025-07-23 00:00:00,4872,4.313863258554652,1.8487985393805648,16.3,1.8514677675162845,293.0,269.3478260869565
2025-07-23 01:00:00,4873,4.23009553522167,1.8128980865235729,16.2,2.367902470814711,287.0,269.3478260869565
2025-07-23 02:00:00,4874,4.444474894928463,1.9047749549693411,16.2,2.6477662406219036,282.0,269.3478260869565
2025-07-23 03:00:00,4875,4.9170326361974155,2.1072997012274635,16.1,2.485801763721244,277.0,269.3478260869565
2025-07-23 04:00:00,4876,4.404458834550952,1.8876252148075505,16.1,2.5223487359666423,296.0,269.3478260869565
2025-07-23 05:00:00,4877,4.328223737761542,1.854953030469232,16.1,3.034704061528042,293.0,269.3478260869565
2025-07-23 06:00:00,4878,4.5409212426017005,1.9461091039721572,16.1,3.085966285555338,287.0,269.3478260869565
2025-07-23 07:00:00,4879,4.237875921593984,1.816232537825993,16.1,3.1095509829092856,268.0,269.3478260869565
2025-07-23 08:00:00,4880,4.299762116510992,1.8427551927904253,16.1,3.3561635919852626,270.0,269.3478260869565
2025-07-23 09:00:00,4881,4.0324215601253695,1.7281806686251584,16.2,2.874497984001307,260.0,269.3478260869565
2025-07-23 10:00:00,4882,3.928446376959804,1.6836198758399157,16.3,2.739811759215938,255.0,269.3478260869565
2025-07-23 11:00:00,4883,4.4584154607870214,1.9107494831944378,16.4,1.408216310483211,248.0,269.3478260869565
2025-07-23 12:00:00,4884,4.348680495129801,1.8637202121984862,16.5,0.5385901377310456,243.0,269.3478260869565
2025-07-23 13:00:00,4885,4.653810784260957,1.9944903361118382,16.5,0.30059659318780063,255.0,269.3478260869565
2025-07-23 14:00:00,4886,4.505795320703349,1.9310551374442924,16.6,0.5422926464512006,244.0,269.3478260869565
2025-07-23 15:00:00,4887,4.810902497229883,2.061815355955664,16.8,0.6717873445687059,252.0,269.3478260869565
2025-07-23 16:00:00,4888,4.834177992363504,2.071790568155787,16.9,0.8770439533125658,260.0,269.3478260869565
2025-07-23 17:00:00,4889,4.899872101377202,2.099945186304515,17.0,1.6191695233293009,267.0,269.3478260869565
2025-07-23 18:00:00,4890,4.778672578544011,2.048002533661719,17.0,2.788375207432467,283.0,269.3478260869565
2025-07-23 19:00:00,4891,5.060332383137011,2.16871387848729,17.0,3.231379456691983,297.0,269.3478260869565
2025-07-23 20:00:00,4892,5.131670852679317,2.199287508291136,17.0,3.5163171100528157,288.0,269.3478260869565
2025-07-23 21:00:00,4893,4.757307847444094,2.0388462203331836,17.0,3.564209750386186,285.0,269.3478260869565
2025-07-23 22:00:00,4894,4.688516071454551,2.0093640306233786,16.9,4.696254451653671,285.0,269.3478260869565
2025-07-23 23:00:00,4895,5.266769139733935,2.2571867741716862,16.8,5.619336987777076,289.0,269.3478260869565
2025-07-24 00:00:00,4896,5.195221197805541,2.226523370488089,16.8,6.048122650365375,288.0,269.3478260869565
2025-07-24 01:00:00,4897,5.432237336942702,2.3281017158325863,16.7,5.70963595310736,291.0,269.3478260869565
2025-07-24 02:00:00,4898,4.397881598168799,1.8848063992151995,16.6,5.311858164288944,294.0,269.3478260869565
2025-07-24 03:00:00,4899,5.089155494257255,2.1810666403959664,16.6,5.747695528777317,304.0,269.3478260869565
2025-07-24 04:00:00,4900,5.627471426231535,2.4117734683849434,16.6,5.654983060810533,302.0,269.3478260869565
2025-07-24 05:00:00,4901,5.586185597865149,2.3940795419422063,16.6,5.233941531705957,293.0,269.3478260869565
2025-07-24 06:00:00,4902,5.139726179181647,2.2027397910778483,16.6,4.580366078473675,282.0,269.3478260869565
2025-07-24 07:00:00,4903,5.4297738782046245,2.3270459478019814,16.6,3.3652797923501065,277.0,269.3478260869565
2025-07-24 08:00:00,4904,5.6567988834577205,2.424342378624737,16.7,2.553373376915944,269.0,269.3478260869565
2025-07-24 09:00:00,4905,5.602345490714615,2.401005210306264,16.8,2.2334762235529455,260.0,269.3478260869565
2025-07-24 10:00:00,4906,5.919249267999035,2.536821114856729,16.8,1.650065583998456,242.0,269.3478260869565
2025-07-24 11:00:00,4907,5.386119663834745,2.308336998786319,16.9,1.11192422597653,231.0,269.3478260869565
2025-07-24 12:00:00,4908,5.878133716245556,2.5192001641052384,17.0,0.5092382620201354,229.0,269.3478260869565
2025-07-24 13:00:00,4909,6.022313628505323,2.5809915550737093,17.0,0.015027245819165595,233.0,269.3478260869565
2025-07-24 14:00:00,4910,5.8437256236379405,2.504453838701974,17.1,0.0,224.0,269.3478260869565
2025-07-24 15:00:00,4911,5.354773797917348,2.2949030562502917,17.1,0.0,230.0,269.3478260869565
2025-07-24 16:00:00,4912,5.23139319261753,2.2420256539789416,17.2,0.0,246.0,269.3478260869565
2025-07-24 17:00:00,4913,4.928032826262511,2.112014068398219,17.3,0.0,265.0,269.3478260869565
2025-07-24 18:00:00,4914,4.99539242537636,2.1408824680184395,17.3,0.014462932184544688,285.0,269.3478260869565
2025-07-24 19:00:00,4915,5.016595081983188,2.1499693208499373,17.3,0.2747931966754979,298.0,269.3478260869565
2025-07-24 20:00:00,4916,5.399370286107148,2.3140158369030632,17.2,0.9348680419198798,295.0,269.3478260869565
2025-07-24 21:00:00,4917,5.665400565272441,2.428028813688189,17.2,2.059007984897848,294.0,269.3478260869565
2025-07-24 22:00:00,4918,5.297574949253306,2.2703892639657024,17.1,3.091585146357097,288.0,269.3478260869565
2025-07-24 23:00:00,4919,5.0658856278240245,2.1710938404960105,17.1,3.850126191430117,289.0,269.3478260869565
2025-07-25 00:00:00,4920,4.701448356008925,2.0149064382895387,17.0,4.060232177442822,291.0,269.3478260869565
2025-07-25 01:00:00,4921,5.173735433082373,2.217315185606731,17.0,4.214936865943125,298.0,269.3478260869565
2025-07-25 02:00:00,4922,5.020183417568786,2.151507178958051,17.0,3.8789083816229226,301.0,269.3478260869565
2025-07-25 03:00:00,4923,4.5011100734926135,1.9290471743539772,17.0,3.5675767931724054,295.0,269.3478260869565
2025-07-25 04:00:00,4924,4.181682352878356,1.79214957980501,17.0,2.7932356196960826,300.0,269.3478260869565
2025-07-25 05:00:00,4925,4.427315981250555,1.8974211348216663,17.0,1.821043043096669,286.0,269.3478260869565
2025-07-25 06:00:00,4926,4.530594393883792,1.941683311664482,17.0,1.4385701989702704,267.0,269.3478260869565
2025-07-25 07:00:00,4927,4.350678044052694,1.8645763045940114,17.0,1.5226289103018085,256.0,269.3478260869565
2025-07-25 08:00:00,4928,5.453419891781928,2.3371799536208258,17.0,1.4979859088403753,251.0,269.3478260869565
2025-07-25 09:00:00,4929,5.111133193846209,2.1904856545055185,17.1,1.9108176421841836,230.0,269.3478260869565
2025-07-25 10:00:00,4930,5.71624268777029,2.4498182947586957,17.2,2.29704308155423,218.0,269.3478260869565
2025-07-25 11:00:00,4931,5.149039052828969,2.2067310226409864,17.3,3.6417343850243453,203.0,269.3478260869565
2025-07-25 12:00:00,4932,5.498356470047085,2.3564384871630364,17.4,4.78637730585682,191.0,269.3478260869565
2025-07-25 13:00:00,4933,5.367542999199523,2.30037557108551,17.4,5.579689572794551,197.0,269.3478260869565
2025-07-25 14:00:00,4934,5.714551135811206,2.4490933439190883,17.5,5.397769352104355,198.0,269.3478260869565
2025-07-25 15:00:00,4935,5.567978591407105,2.386276539174473,17.5,4.160359004087921,217.0,269.3478260869565
2025-07-25 16:00:00,4936,5.285691409512229,2.2652963183623838,17.6,2.0773612522893172,241.0,269.3478260869565
2025-07-25 17:00:00,4937,5.317091756651632,2.2787536099935566,17.6,0.7489593609491174,248.0,269.3478260869565
2025-07-25 18:00:00,4938,5.06341256010041,2.1700339543287472,17.6,0.4578780395779424,282.0,269.3478260869565
2025-07-25 19:00:00,4939,4.827090226883706,2.0687529543787306,17.6,0.9011644548035159,294.0,269.3478260869565
2025-07-25 20:00:00,4940,5.445655566526698,2.3338523856542985,17.6,1.4786911041212143,297.0,269.3478260869565
2025-07-25 21:00:00,4941,5.25084879005461,2.2503637671662613,17.5,1.4088421099064523,285.0,269.3478260869565
2025-07-25 22:00:00,4942,5.17997387174271,2.2199888021754473,17.5,1.2743603857484054,279.0,269.3478260869565
2025-07-25 23:00:00,4943,5.338016759116307,2.287721468192703,17.4,1.853988331877656,282.0,269.3478260869565
2025-07-26 00:00:00,4944,5.404184064950757,2.316078884978896,17.3,3.072493852357148,277.0,269.3478260869565
2025-07-26 01:00:00,4945,5.45200073552145,2.3365717437949067,17.2,3.1269899933197243,273.0,269.3478260869565
2025-07-26 02:00:00,4946,6.193259161603827,2.65425392640164,17.2,2.755491304174224,268.0,269.3478260869565
2025-07-26 03:00:00,4947,5.347768883473366,2.2919009500600134,17.1,3.3522808755220375,263.0,269.3478260869565
2025-07-26 04:00:00,4948,5.1941014971555886,2.2260434987809665,17.1,4.607115617895409,258.0,269.3478260869565
2025-07-26 05:00:00,4949,4.962614398176062,2.126834742075455,17.0,4.518769401526862,261.0,269.3478260869565
2025-07-26 06:00:00,4950,4.452376399810394,1.9081613142044547,17.0,3.8390752028502146,257.0,269.3478260869565
2025-07-26 07:00:00,4951,4.726201866584233,2.0255150856789568,17.0,3.8960930821498727,237.0,269.3478260869565
2025-07-26 08:00:00,4952,4.888311305523272,2.094990559509974,17.0,3.740620585566267,224.0,269.3478260869565
2025-07-26 09:00:00,4953,4.731028723653248,2.0275837387085347,17.0,2.44792764287572,200.0,269.3478260869565
2025-07-26 10:00:00,4954,4.499663265499937,1.928427113785687,17.1,1.4634811239997731,196.0,269.3478260869565
2025-07-26 11:00:00,4955,4.685045425089158,2.007876610752496,17.1,0.958403258490573,185.0,269.3478260869565
2025-07-26 12:00:00,4956,4.702482007696775,2.0153494318700464,17.1,0.4061978101068256,157.0,269.3478260869565
2025-07-26 13:00:00,4957,5.253129227848693,2.2513410976494397,17.2,0.0,131.0,269.3478260869565
2025-07-26 14:00:00,4958,5.22478861007086,2.239195118601797,17.3,0.0,129.0,269.3478260869565
2025-07-26 15:00:00,4959,5.315572541389263,2.2781025177382555,17.4,0.0,141.0,269.3478260869565
2025-07-26 16:00:00,4960,5.338013211579936,2.2877199478199723,17.5,0.13629390875293518,195.0,269.3478260869565
2025-07-26 17:00:00,4961,5.672999826918954,2.4312856401081233,17.5,0.47484632301311136,223.0,269.3478260869565
2025-07-26 18:00:00,4962,5.4335844531824335,2.3286790513639004,17.5,0.5904025413511307,241.0,269.3478260869565
2025-07-26 19:00:00,4963,5.182386058146533,2.221022596348514,17.5,0.52428811677919,259.0,269.3478260869565
2025-07-26 20:00:00,4964,5.306369879587455,2.2741585198231946,17.5,0.7826670195029288,278.0,269.3478260869565
2025-07-26 21:00:00,4965,5.044631260781443,2.16198482604919,17.5,1.7067358652278954,263.0,269.3478260869565
2025-07-26 22:00:00,4966,5.020633467004783,2.1517000572877643,17.4,2.7749131317531024,276.0,269.3478260869565
2025-07-26 23:00:00,4967,5.022995611783806,2.152712405050202,17.4,3.0202747171319126,294.0,269.3478260869565
2025-07-27 00:00:00,4968,5.287411735894878,2.2660336010978046,17.3,3.195273741746661,303.0,269.3478260869565
2025-07-27 01:00:00,4969,5.665194942614415,2.427940689691892,17.2,3.8039368888690497,303.0,269.3478260869565
2025-07-27 02:00:00,4970,5.264232946218872,2.256099834093802,17.2,3.5673204031841323,299.0,269.3478260869565
2025-07-27 03:00:00,4971,4.630209792984748,1.9843756255648917,17.2,2.50683768604855,301.0,269.3478260869565
2025-07-27 04:00:00,4972,4.48919078268858,1.9239389068665345,17.2,1.0181390301094313,308.0,269.3478260869565
2025-07-27 05:00:00,4973,4.876390176606952,2.089881504260122,17.2,0.18506275362641472,290.0,269.3478260869565
2025-07-27 06:00:00,4974,4.417298959516488,1.8931281255070662,17.2,0.03990441050580464,279.0,269.3478260869565
2025-07-27 07:00:00,4975,4.207767943443853,1.8033291186187943,17.2,0.16143113424759792,278.0,269.3478260869565
2025-07-27 08:00:00,4976,4.475700139415759,1.9181572026067535,17.2,0.6429045608030696,249.0,269.3478260869565
2025-07-27 09:00:00,4977,4.619393117458952,1.979739907482408,17.2,1.0776935988895462,230.0,269.3478260869565
2025-07-27 10:00:00,4978,4.25642662260023,1.8241828382572414,17.2,0.42888186543417584,212.0,269.3478260869565
2025-07-27 11:00:00,4979,4.626929518616425,1.9829697936927533,17.3,0.08924751559640866,213.0,269.3478260869565
2025-07-27 12:00:00,4980,4.798214385534413,2.056377593800463,17.4,0.09697292774875411,227.0,269.3478260869565
2025-07-27 13:00:00,4981,4.949848607881116,2.1213636890919068,17.5,0.14246507519889381,212.0,269.3478260869565
2025-07-27 14:00:00,4982,5.136492152933494,2.2013537798286404,17.5,0.2622448675867247,229.0,269.3478260869565
2025-07-27 15:00:00,4983,5.211978253468551,2.2337049657722363,17.6,0.4509354918862656,241.0,269.3478260869565
2025-07-27 16:00:00,4984,5.002755351263334,2.1440380076842858,17.8,0.4129781485257762,237.0,269.3478260869565
2025-07-27 17:00:00,4985,5.184340337344926,2.221860144576397,17.9,0.11997716459748513,241.0,269.3478260869565
2025-07-27 18:00:00,4986,5.112099778240461,2.1908999049601974,17.9,0.0,262.0,269.3478260869565
2025-07-27 19:00:00,4987,5.089060590477109,2.1810259673473325,17.9,0.11275317473267794,285.0,269.3478260869565
2025-07-27 20:00:00,4988,5.199538624582084,2.2283736962494647,17.8,0.2547341511996412,302.0,269.3478260869565
2025-07-27 21:00:00,4989,4.993848334832642,2.140220714928275,17.7,0.39141573548527225,276.0,269.3478260869565
2025-07-27 22:00:00,4990,4.791881552256079,2.0536635223954622,17.6,1.1758268505377918,269.0,269.3478260869565
2025-07-27 23:00:00,4991,4.7256925996297365,2.025296828412744,17.5,1.0058654565328127,275.0,269.3478260869565
2025-07-28 00:00:00,4992,5.080459912480995,2.1773399624918546,17.4,1.2788557765405177,271.0,269.3478260869565
2025-07-28 01:00:00,4993,4.578896063337278,1.9623840271445474,17.4,1.8530135475248113,269.0,269.3478260869565
2025-07-28 02:00:00,4994,4.318514831476051,1.8507920706325933,17.3,2.1591363504504058,266.0,269.3478260869565
2025-07-28 03:00:00,4995,4.264850423674822,1.8277930387177808,17.3,1.8842417170768158,261.0,269.3478260869565
2025-07-28 04:00:00,4996,4.04326064371114,1.732825990161917,17.2,1.9715274547799588,269.0,269.3478260869565
2025-07-28 05:00:00,4997,3.8971505416125933,1.6702073749768256,17.2,2.310196216085493,280.0,269.3478260869565
2025-07-28 06:00:00,4998,3.8567866474068193,1.652908563174351,17.2,2.1671489067324208,262.0,269.3478260869565
2025-07-28 07:00:00,4999,4.064665147121491,1.7419993487663532,17.2,1.699903693559744,261.0,269.3478260869565
2025-07-28 08:00:00,5000,3.9338975725343257,1.6859561025147107,17.3,1.3636729356517934,251.0,269.3478260869565
2025-07-28 09:00:00,5001,4.145080947423079,1.7764632631813195,17.3,0.8272915841444312,235.0,269.3478260869565
2025-07-28 10:00:00,5002,3.7829724310655557,1.6212738990280953,17.4,0.3857561861692805,224.0,269.3478260869565
2025-07-28 11:00:00,5003,3.9928984137395944,1.711242177316969,17.4,0.0,228.0,269.3478260869565
2025-07-28 12:00:00,5004,4.17317242197308,1.788502466559891,17.5,0.0,234.0,269.3478260869565
2025-07-28 13:00:00,5005,4.385117640793938,1.8793361317688306,17.5,0.0,226.0,269.3478260869565
2025-07-28 14:00:00,5006,3.9628355327301374,1.6983580854557732,17.6,0.0,221.0,269.3478260869565
2025-07-28 15:00:00,5007,4.005518727309685,1.716650883132722,17.7,0.0,225.0,269.3478260869565
2025-07-28 16:00:00,5008,3.9766566818106335,1.7042814350617,17.8,0.24637135813348474,239.0,269.3478260869565
2025-07-28 17:00:00,5009,4.180090610511075,1.7914674045047463,17.8,0.5174475200798375,240.0,269.3478260869565
2025-07-28 18:00:00,5010,4.265567405689143,1.8281003167239183,17.9,0.565752330646888,262.0,269.3478260869565
2025-07-28 19:00:00,5011,4.326671341373014,1.8542877177312915,17.9,0.5875157822987239,271.0,269.3478260869565
2025-07-28 20:00:00,5012,4.017030158840906,1.7215843537889597,17.9,0.5829237747270386,262.0,269.3478260869565
2025-07-28 21:00:00,5013,3.943272485621078,1.6899739224090335,17.8,0.4771031220970958,244.0,269.3478260869565
2025-07-28 22:00:00,5014,3.951240954741831,1.6933889806036417,17.8,2.024232927872845,229.0,269.3478260869565
2025-07-28 23:00:00,5015,3.9345422144815063,1.6862323776349313,17.7,2.1835531117618485,204.0,269.3478260869565
2025-07-29 00:00:00,5016,4.535303673868491,1.9437015745150674,17.6,2.714868038138107,168.0,269.3478260869565
2025-07-29 01:00:00,5017,4.170336246431209,1.7872869627562322,17.6,3.1792319045804853,153.0,269.3478260869565
2025-07-29 02:00:00,5018,3.6423497666981266,1.5610070428706255,17.5,2.4959059943440063,161.0,269.3478260869565
2025-07-29 03:00:00,5019,3.5349421324477546,1.5149751996204661,17.5,2.796335476492194,192.0,269.3478260869565
2025-07-29 04:00:00,5020,3.5773900744586427,1.5331671747679896,17.5,4.798476486826361,236.0,269.3478260869565
2025-07-29 05:00:00,5021,3.4211322362593837,1.46619952982545,17.5,8.633078923955962,248.0,269.3478260869565
2025-07-29 06:00:00,5022,3.5533204526286095,1.522851622555118,17.4,9.88006735871152,233.0,269.3478260869565
2025-07-29 07:00:00,5023,3.532514140094995,1.5139346314692836,17.4,10.300220941286813,218.0,269.3478260869565
2025-07-29 08:00:00,5024,3.9471230261872594,1.691624154080254,17.4,10.581467603354435,222.0,269.3478260869565
2025-07-29 09:00:00,5025,3.5342147129341583,1.5146634484003536,17.4,10.6490861286951,219.0,269.3478260869565
2025-07-29 10:00:00,5026,3.8728351216144925,1.6597864806919254,17.4,10.401628246880644,221.0,269.3478260869565
2025-07-29 11:00:00,5027,3.9440485670071026,1.6903065287173296,17.4,7.072139728878276,226.0,269.3478260869565
2025-07-29 12:00:00,5028,3.9551614981408694,1.695069213488944,17.4,4.4546022099601466,227.0,269.3478260869565
2025-07-29 13:00:00,5029,4.153453988294719,1.7800517092691652,17.4,2.711283001935052,226.0,269.3478260869565
2025-07-29 14:00:00,5030,4.1365731494976155,1.7728170640704066,17.5,1.5732423815579928,214.0,269.3478260869565
2025-07-29 15:00:00,5031,4.132668634278565,1.7711437004050992,17.5,0.6935100461497011,214.0,269.3478260869565
2025-07-29 16:00:00,5032,4.239630330916616,1.8169844275356926,17.6,0.2614970394760001,229.0,269.3478260869565
2025-07-29 17:00:00,5033,4.294233996440857,1.8403859984746531,17.7,0.011796460116299704,249.0,269.3478260869565
2025-07-29 18:00:00,5034,4.257523041880421,1.8246527322344661,17.8,0.0,275.0,269.3478260869565
2025-07-29 19:00:00,5035,4.3813729057644775,1.8777312453276331,17.8,0.0,286.0,269.3478260869565
2025-07-29 20:00:00,5036,4.271214423622242,1.8305204672666746,17.8,0.0,286.0,269.3478260869565
2025-07-29 21:00:00,5037,4.520856699482964,1.9375100140641277,17.8,0.0,281.0,269.3478260869565
2025-07-29 22:00:00,5038,4.459386966375946,1.9111658427325482,17.8,0.0,283.0,269.3478260869565
2025-07-29 23:00:00,5039,4.59004709108052,1.9671630390345085,17.8,0.0,283.0,269.3478260869565
2025-07-30 00:00:00,5040,4.422206611626068,1.8952314049826007,17.7,0.0,272.0,269.3478260869565
2025-07-30 01:00:00,5041,5.073039561542008,2.1741598120894317,17.6,0.0,262.0,269.3478260869565
2025-07-30 02:00:00,5042,4.636702147857801,1.9871580633676291,17.4,0.22805307420959714,261.0,269.3478260869565
2025-07-30 03:00:00,5043,4.536061961852949,1.944026555079835,17.2,0.9190608934723371,265.0,269.3478260869565
2025-07-30 04:00:00,5044,4.384177726806994,1.878933311488712,17.0,2.1407858068925143,280.0,269.3478260869565
2025-07-30 05:00:00,5045,4.329587972749525,1.8555377026069388,16.8,2.929431537052485,277.0,269.3478260869565
2025-07-30 06:00:00,5046,3.981791303460161,1.7064819871972117,16.7,3.2056835716246614,257.0,269.3478260869565
2025-07-30 07:00:00,5047,4.270100165968573,1.830042928272246,16.6,3.251186590918413,248.0,269.3478260869565
2025-07-30 08:00:00,5048,4.487827509304469,1.9233546468447722,16.6,2.7640576693892562,246.0,269.3478260869565
2025-07-30 09:00:00,5049,4.268901690497595,1.8295292959275407,16.6,2.1559703418002165,233.0,269.3478260869565
2025-07-30 10:00:00,5050,4.825731414077745,2.068170606033319,16.7,0.3951096153864467,225.0,269.3478260869565
2025-07-30 11:00:00,5051,4.3629102998247475,1.8698186999248914,16.8,0.0,227.0,269.3478260869565
2025-07-30 12:00:00,5052,4.487396216018474,1.92316980686506,16.8,0.0,230.0,269.3478260869565
2025-07-30 13:00:00,5053,5.470624251438841,2.344553250616646,16.9,0.0,228.0,269.3478260869565
2025-07-30 14:00:00,5054,4.7804319586158,2.048756553692485,17.0,0.5513796755806339,219.0,269.3478260869565
2025-07-30 15:00:00,5055,4.842603315329347,2.0754014208554348,17.1,1.425655048343829,205.0,269.3478260869565
2025-07-30 16:00:00,5056,4.897412177859518,2.098890933368365,17.2,2.399577834213304,213.0,269.3478260869565
2025-07-30 17:00:00,5057,5.326601650986394,2.282829278994168,17.2,2.2783741143142526,236.0,269.3478260869565
2025-07-30 18:00:00,5058,5.189751033240089,2.2241790142457525,17.3,1.8469433274202633,257.0,269.3478260869565
2025-07-30 19:00:00,5059,5.304723818650764,2.2734530651360414,17.3,1.2609235924032955,265.0,269.3478260869565
2025-07-30 20:00:00,5060,4.929630496998618,2.112698784427979,17.2,1.760226778691034,261.0,269.3478260869565
2025-07-30 21:00:00,5061,5.203910400813894,2.230247314634526,17.1,3.3588074791296476,264.0,269.3478260869565
2025-07-30 22:00:00,5062,5.327200279376873,2.2830858340186597,17.1,6.034856030129658,269.0,269.3478260869565
2025-07-30 23:00:00,5063,5.444985029967879,2.3335650128433763,17.0,6.512026015038799,282.0,269.3478260869565
2025-07-31 00:00:00,5064,5.817894352367274,2.493383293871689,17.0,5.014618559920754,278.0,269.3478260869565
2025-07-31 01:00:00,5065,5.169941422605465,2.215689181116628,16.9,3.301463593997493,277.0,269.3478260869565
2025-07-31 02:00:00,5066,4.9596505947128975,2.1255645405912413,16.9,1.9717551828504518,278.0,269.3478260869565
2025-07-31 03:00:00,5067,4.677719816720055,2.004737064308595,16.9,1.1100817104249934,287.0,269.3478260869565
2025-07-31 04:00:00,5068,4.612211121657468,1.9766619092817719,16.9,0.8052674907397296,299.0,269.3478260869565
2025-07-31 05:00:00,5069,4.654960558555702,1.9949830965238722,16.9,0.9746245652226087,293.0,269.3478260869565
2025-07-31 06:00:00,5070,4.601689920445368,1.972152823048015,16.9,0.997145271695637,272.0,269.3478260869565
2025-07-31 07:00:00,5071,4.545187112357116,1.9479373338673356,17.0,0.6714626187906869,265.0,269.3478260869565
2025-07-31 08:00:00,5072,4.494906917071635,1.9263886787449862,17.0,0.467201641522039,237.0,269.3478260869565
2025-07-31 09:00:00,5073,4.216156220369655,1.8069240944441378,17.0,0.38553518846233853,226.0,269.3478260869565
2025-07-31 10:00:00,5074,4.400026195781951,1.885725512477979,17.1,0.26564160373717427,219.0,269.3478260869565
2025-07-31 11:00:00,5075,4.489789805339333,1.924195630859714,17.2,0.308217133893596,198.0,269.3478260869565
2025-07-31 12:00:00,5076,4.645755200572656,1.9910379431025664,17.2,0.04023689984866521,172.0,269.3478260869565
2025-07-31 13:00:00,5077,5.170433989512812,2.2159002812197763,17.3,0.0,169.0,269.3478260869565
2025-07-31 14:00:00,5078,5.4671148139407375,2.3430492059746015,17.4,0.0,163.0,269.3478260869565
2025-07-31 15:00:00,5079,5.010079769637407,2.1471770441303177,17.5,0.0,176.0,269.3478260869565
2025-07-31 16:00:00,5080,5.646886022633836,2.420094009700216,17.5,0.0,193.0,269.3478260869565
2025-07-31 17:00:00,5081,5.0865734872110835,2.179960065947607,17.6,0.0,196.0,269.3478260869565
2025-07-31 18:00:00,5082,4.779326024400243,2.048282581885818,17.6,0.0,200.0,269.3478260869565
2025-07-31 19:00:00,5083,4.8980417774824545,2.099160761778194,17.5,0.0,219.0,269.3478260869565
2025-07-31 20:00:00,5084,4.976639482238895,2.1328454923880975,17.5,0.6868607818233902,232.0,269.3478260869565
2025-07-31 21:00:00,5085,4.9708368692007845,2.1303586582289076,17.5,2.999989026364864,236.0,269.3478260869565
2025-07-31 22:00:00,5086,5.266242427399382,2.2569610403140206,17.4,7.4306359229858225,236.0,269.3478260869565
2025-07-31 23:00:00,5087,5.599224696115986,2.3996677269068507,17.2,8.47676406309268,239.0,269.3478260869565
2025-08-01 00:00:00,5088,5.49148488588194,2.353493522520831,17.2,8.491829843548683,237.0,269.3478260869565
2025-08-01 01:00:00,5089,5.035569613478621,2.1581012629194087,17.1,10.070618927633104,231.0,269.3478260869565
2025-08-01 02:00:00,5090,5.018670959437454,2.1508589826160516,17.1,11.736044954281583,224.0,269.3478260869565
2025-08-01 03:00:00,5091,5.3199999915399,2.2799999963742423,17.0,11.721376193736546,217.0,269.3478260869565
2025-08-01 04:00:00,5092,5.075151955317458,2.1750651237074816,17.0,12.06717033173195,237.0,269.3478260869565
2025-08-01 05:00:00,5093,4.946391476551675,2.119882061379289,17.0,12.014890670104212,247.0,269.3478260869565
2025-08-01 06:00:00,5094,4.833708302274131,2.0715892724031986,17.0,11.81772653450427,247.0,269.3478260869565
2025-08-01 07:00:00,5095,4.549368620516452,1.949729408792765,17.0,11.982042891587511,234.0,269.3478260869565
2025-08-01 08:00:00,5096,4.6937615790603004,2.0116121053115568,17.0,10.93720451202482,229.0,269.3478260869565
2025-08-01 09:00:00,5097,4.65466848693738,1.9948579229731627,17.0,8.60245176675229,216.0,269.3478260869565
2025-08-01 10:00:00,5098,3.8465515276794355,1.6485220832911867,17.0,6.889298461048907,196.0,269.3478260869565
2025-08-01 11:00:00,5099,4.1278489490682535,1.7690781210292517,17.0,4.746255040634428,186.0,269.3478260869565
2025-08-01 12:00:00,5100,4.241203037635657,1.8176584447009958,17.0,3.0879537847568588,184.0,269.3478260869565
2025-08-01 13:00:00,5101,4.308022902913512,1.8462955298200765,17.1,1.8602907723141011,177.0,269.3478260869565
2025-08-01 14:00:00,5102,4.4817334879337265,1.9207429234001685,17.1,1.1380079801468765,181.0,269.3478260869565
2025-08-01 15:00:00,5103,4.600049986478243,1.9714499942049613,17.1,0.7507888534504727,182.0,269.3478260869565
2025-08-01 16:00:00,5104,4.831964314329049,2.070841848998164,17.2,0.2711330250802834,212.0,269.3478260869565
2025-08-01 17:00:00,5105,4.775053403268174,2.046451458543503,17.2,0.012170278234705189,233.0,269.3478260869565
2025-08-01 18:00:00,5106,5.1751031753276795,2.21790136085472,17.2,0.0,253.0,269.3478260869565
2025-08-01 19:00:00,5107,4.827568547539675,2.068957948945575,17.2,0.0,259.0,269.3478260869565
2025-08-01 20:00:00,5108,5.749512620436308,2.4640768373298463,17.2,0.0,261.0,269.3478260869565
2025-08-01 21:00:00,5109,5.434357713799767,2.329010448771329,17.2,0.0,259.0,269.3478260869565
2025-08-01 22:00:00,5110,5.291497645662277,2.2677847052838325,17.2,0.0,248.0,269.3478260869565
2025-08-01 23:00:00,5111,4.907633237806105,2.103271387631188,17.1,0.0,250.0,269.3478260869565
2025-08-02 00:00:00,5112,5.595451332513561,2.39805057107724,17.1,0.0,257.0,269.3478260869565
2025-08-02 01:00:00,5113,5.447724352316991,2.3347390081358532,17.1,0.0,255.0,269.3478260869565
2025-08-02 02:00:00,5114,4.721378547248785,2.0234479488209076,17.1,0.02453010246707283,248.0,269.3478260869565
2025-08-02 03:00:00,5115,4.323908281341366,1.8531035491462995,17.0,0.09424201939262176,242.0,269.3478260869565
2025-08-02 04:00:00,5116,4.296070743127206,1.8411731756259457,17.0,0.326304845941425,249.0,269.3478260869565
2025-08-02 05:00:00,5117,4.711190894138814,2.019081811773777,17.0,0.20020997795283488,237.0,269.3478260869565
2025-08-02 06:00:00,5118,4.695662378408735,2.0124267336037436,17.0,0.02935657025291744,220.0,269.3478260869565
2025-08-02 07:00:00,5119,4.501080007969557,1.92903428912981,17.0,0.0,210.0,269.3478260869565
2025-08-02 08:00:00,5120,4.4013296346039095,1.8862841291159609,17.1,0.0,191.0,269.3478260869565
2025-08-02 09:00:00,5121,4.72538706634446,2.025165885576197,17.2,0.0,184.0,269.3478260869565
2025-08-02 10:00:00,5122,4.234351878223915,1.814722233524535,17.3,0.0,181.0,269.3478260869565
2025-08-02 11:00:00,5123,5.7371453445250244,2.4587765762250102,17.4,0.0,170.0,269.3478260869565
2025-08-02 12:00:00,5124,5.5658002410305745,2.3853429604416747,17.5,0.0,151.0,269.3478260869565
2025-08-02 13:00:00,5125,5.990131589023392,2.5671992524385963,17.5,0.20324987869523323,143.0,269.3478260869565
2025-08-02 14:00:00,5126,5.991528884786347,2.5677980934798628,17.5,1.646576234063338,163.0,269.3478260869565
2025-08-02 15:00:00,5127,5.977709088352343,2.5618753235795757,17.5,4.398131610848715,181.0,269.3478260869565
2025-08-02 16:00:00,5128,5.519931054754331,2.365684737751856,17.5,7.184847804113365,202.0,269.3478260869565
2025-08-02 17:00:00,5129,5.297976274525297,2.270561260510841,17.5,8.379909592391964,208.0,269.3478260869565
2025-08-02 18:00:00,5130,4.891916705948265,2.096535731120685,17.5,8.194129189092541,220.0,269.3478260869565
2025-08-02 19:00:00,5131,5.056739489306304,2.167174066845559,17.5,7.520683560471652,215.0,269.3478260869565
2025-08-02 20:00:00,5132,4.9647325628825225,2.127742526949652,17.5,5.842351750561735,208.0,269.3478260869565
2025-08-02 21:00:00,5133,4.830040477960061,2.0700173476971693,17.5,4.179044519270292,200.0,269.3478260869565
2025-08-02 22:00:00,5134,4.72629863732211,2.0255565588523323,17.4,3.1174107701256317,173.0,269.3478260869565
2025-08-02 23:00:00,5135,5.1527085620018935,2.208303669429383,17.4,3.251209362172601,153.0,269.3478260869565
2025-08-03 00:00:00,5136,5.589749720782676,2.395607023192575,17.4,4.1238544922323195,135.0,269.3478260869565
2025-08-03 01:00:00,5137,5.500815270197763,2.357492258656184,17.4,5.466867979036077,124.0,269.3478260869565
2025-08-03 02:00:00,5138,4.9415884742805,2.1178236318345,17.4,6.410187412707627,119.0,269.3478260869565
2025-08-03 03:00:00,5139,4.99768323131427,2.14186424199183,17.4,6.9219073468901,127.0,269.3478260869565
2025-08-03 04:00:00,5140,4.996709515332498,2.141446935142499,17.4,7.508419360411181,136.0,269.3478260869565
2025-08-03 05:00:00,5141,5.015570659868647,2.1495302828008485,17.3,7.014999225178421,140.0,269.3478260869565
2025-08-03 06:00:00,5142,4.426453683706219,1.897051578731237,17.3,7.473945607769215,143.0,269.3478260869565
2025-08-03 07:00:00,5143,4.52957236187876,1.94124529794804,17.3,8.673083149037337,138.0,269.3478260869565
2025-08-03 08:00:00,5144,5.4893332496698495,2.3525713927156495,17.3,8.891340812527142,133.0,269.3478260869565
2025-08-03 09:00:00,5145,5.752194945113109,2.4652264050484756,17.3,8.46897502843656,121.0,269.3478260869565
2025-08-03 10:00:00,5146,6.343689408492203,2.7187240322109436,17.3,5.35898312286011,125.0,269.3478260869565
2025-08-03 11:00:00,5147,6.082579106840828,2.6068196172174973,17.3,3.8629563722099003,123.0,269.3478260869565
2025-08-03 12:00:00,5148,6.01723902519273,2.578816725082598,17.3,1.735597271646079,120.0,269.3478260869565
2025-08-03 13:00:00,5149,4.895413730831683,2.098034456070721,17.4,1.6165133585212217,120.0,269.3478260869565
2025-08-03 14:00:00,5150,5.126699342791509,2.1971568611963614,17.4,0.5807828018042841,121.0,269.3478260869565
2025-08-03 15:00:00,5151,4.87635965710607,2.0898684244740298,17.5,0.15521998647054072,166.0,269.3478260869565
2025-08-03 16:00:00,5152,4.553459746309258,1.9514827484182535,17.5,0.0,229.0,269.3478260869565
2025-08-03 17:00:00,5153,4.860155029435016,2.082923584043578,17.5,0.0,250.0,269.3478260869565
2025-08-03 18:00:00,5154,5.090554103517318,2.181666044364565,17.5,0.0,261.0,269.3478260869565
2025-08-03 19:00:00,5155,5.083970638590181,2.1788445593957917,17.5,0.0,252.0,269.3478260869565
2025-08-03 20:00:00,5156,5.152884956687661,2.2083792671518543,17.5,0.0,217.0,269.3478260869565
2025-08-03 21:00:00,5157,4.825877320593852,2.0682331373973653,17.5,0.0,167.0,269.3478260869565
2025-08-03 22:00:00,5158,5.484829735342892,2.350641315146954,17.5,0.844701829585858,125.0,269.3478260869565
2025-08-03 23:00:00,5159,5.027315215218952,2.154563663665265,17.5,1.4917411134249858,112.0,269.3478260869565
2025-08-04 00:00:00,5160,5.354493400006245,2.294782885716962,17.4,3.2497966480955496,107.0,269.3478260869565
2025-08-04 01:00:00,5161,4.926263461739024,2.1112557693167244,17.4,14.291430353890608,104.0,269.3478260869565
2025-08-04 02:00:00,5162,4.446738217201581,1.905744950229249,17.4,15.0,95.0,269.3478260869565
2025-08-04 03:00:00,5163,4.034087875928246,1.7288948039692482,17.4,15.0,98.0,269.3478260869565
2025-08-04 04:00:00,5164,3.8547547349533895,1.6520377435514526,17.3,15.0,99.0,269.3478260869565
2025-08-04 05:00:00,5165,3.7457146848114196,1.6053062934906084,17.3,15.0,94.0,269.3478260869565
2025-08-04 06:00:00,5166,4.123678135036786,1.7672906293014796,17.2,15.0,101.0,269.3478260869565
2025-08-04 07:00:00,5167,3.592708582163976,1.5397322494988468,17.2,15.0,89.0,269.3478260869565
2025-08-04 08:00:00,5168,3.8672377172275176,1.6573875930975073,17.1,15.0,90.0,269.3478260869565
2025-08-04 09:00:00,5169,4.271529425011974,1.8306554678622744,17.0,15.0,92.0,269.3478260869565
2025-08-04 10:00:00,5170,4.745558782551951,2.0338109068079793,17.0,15.0,92.0,269.3478260869565
2025-08-04 11:00:00,5171,5.0122128523820955,2.1480912224494695,17.0,15.0,91.0,269.3478260869565
2025-08-04 12:00:00,5172,4.776809894037088,2.047204240301609,16.9,15.0,95.0,269.3478260869565
2025-08-04 13:00:00,5173,4.72275795280165,2.0240391226292784,16.9,15.0,94.0,269.3478260869565
2025-08-04 14:00:00,5174,4.936373101210544,2.1155884719473756,16.9,15.0,94.0,269.3478260869565
2025-08-04 15:00:00,5175,5.281122010548572,2.2633380045208162,16.9,15.0,88.0,269.3478260869565
2025-08-04 16:00:00,5176,5.305912371350569,2.2739624448645293,16.9,15.0,84.0,269.3478260869565
2025-08-04 17:00:00,5177,5.034167534651418,2.1575003719934647,16.9,15.0,87.0,269.3478260869565
2025-08-04 18:00:00,5178,5.2683186912360345,2.257850867672586,16.9,15.0,94.0,269.3478260869565
2025-08-04 19:00:00,5179,5.055470038889373,2.166630016666874,16.9,15.0,95.0,269.3478260869565
2025-08-04 20:00:00,5180,4.96070471339643,2.126016305741327,16.9,15.0,86.0,269.3478260869565
2025-08-04 21:00:00,5181,5.25337801604224,2.25144772116096,16.9,15.0,96.0,269.3478260869565
2025-08-04 22:00:00,5182,5.505875009111877,2.359660718190804,16.8,11.488023415944372,99.0,269.3478260869565
2025-08-04 23:00:00,5183,5.4501949701404495,2.335797844345907,16.8,11.240966879535799,100.0,269.3478260869565
2025-08-05 00:00:00,5184,5.962176838663111,2.5552186451413332,16.8,12.140935176704534,111.0,269.3478260869565
2025-08-05 01:00:00,5185,5.38295200646505,2.3069794313421643,16.7,13.017930719846962,116.0,269.3478260869565
2025-08-05 02:00:00,5186,5.326269038331495,2.2826867307134977,16.7,12.462302829926468,123.0,269.3478260869565
2025-08-05 03:00:00,5187,4.916515266297713,2.107077971270449,16.6,13.612847403409598,121.0,269.3478260869565
2025-08-05 04:00:00,5188,4.792379814899011,2.053877063528147,16.6,15.0,116.0,269.3478260869565
2025-08-05 05:00:00,5189,4.7500601639207325,2.0357400702517423,16.6,15.0,96.0,269.3478260869565
2025-08-05 06:00:00,5190,4.972029333148262,2.1308697142063977,16.5,14.916801376755721,91.0,269.3478260869565
2025-08-05 07:00:00,5191,4.753254534367021,2.0371090861572947,16.5,15.0,91.0,269.3478260869565
2025-08-05 08:00:00,5192,3.9541774151124702,1.6946474636196303,16.5,15.0,95.0,269.3478260869565
2025-08-05 09:00:00,5193,3.80509160467011,1.6307535448586186,16.5,15.0,93.0,269.3478260869565
2025-08-05 10:00:00,5194,4.057266384825479,1.738828450639491,16.5,10.974458826741825,96.0,269.3478260869565
2025-08-05 11:00:00,5195,3.7764069291141533,1.6184601124774944,16.5,9.297472635446415,93.0,269.3478260869565
2025-08-05 12:00:00,5196,3.75842306557175,1.6107527423878927,16.5,8.800730223823004,100.0,269.3478260869565
2025-08-05 13:00:00,5197,3.7423810022339214,1.6038775723859662,16.5,7.283017858921301,97.0,269.3478260869565
2025-08-05 14:00:00,5198,4.004776388636363,1.7163327379870126,16.5,6.52551788812959,103.0,269.3478260869565
2025-08-05 15:00:00,5199,3.8905391273148013,1.6673739117063433,16.5,6.613817985709837,106.0,269.3478260869565
2025-08-05 16:00:00,5200,4.025816346555014,1.7253498628092914,16.6,6.927526624857202,110.0,269.3478260869565
2025-08-05 17:00:00,5201,3.9567491181428016,1.6957496220612007,16.6,6.797055054626176,117.0,269.3478260869565
2025-08-05 18:00:00,5202,4.127666432114017,1.7689998994774359,16.6,5.714482375402454,130.0,269.3478260869565
2025-08-05 19:00:00,5203,4.996315967004543,2.1412782715733756,16.6,6.074181690941793,153.0,269.3478260869565
2025-08-05 20:00:00,5204,5.126084266600305,2.196893257114416,16.6,6.350634856233763,174.0,269.3478260869565
2025-08-05 21:00:00,5205,4.755446938937265,2.0380486881159707,16.6,5.00891374911708,177.0,269.3478260869565
2025-08-05 22:00:00,5206,4.788073511301425,2.052031504843468,16.5,3.456301051612955,185.0,269.3478260869565
2025-08-05 23:00:00,5207,4.739672070728823,2.0312880303123526,16.5,3.6844458928210457,181.0,269.3478260869565
2025-08-06 00:00:00,5208,5.144175950755537,2.2046468360380875,16.5,3.6896099275374845,182.0,269.3478260869565
2025-08-06 01:00:00,5209,5.112946746917686,2.191262891536151,16.5,3.692215934410731,161.0,269.3478260869565
2025-08-06 02:00:00,5210,5.035269246751423,2.157972534322038,16.4,3.8998259405091877,162.0,269.3478260869565
2025-08-06 03:00:00,5211,4.70150508429294,2.01493075041126,16.2,3.6442757015580534,183.0,269.3478260869565
2025-08-06 04:00:00,5212,4.770862408828471,2.0446553180693443,16.1,2.719004196932232,199.0,269.3478260869565
2025-08-06 05:00:00,5213,4.874926343144281,2.0892541470618347,16.1,1.9047281430130723,215.0,269.3478260869565
2025-08-06 06:00:00,5214,4.785964412026684,2.051127605154293,16.0,1.2787154643538496,240.0,269.3478260869565
2025-08-06 07:00:00,5215,4.530546767512023,1.9416629003622954,16.0,0.8161766996994119,241.0,269.3478260869565
2025-08-06 08:00:00,5216,4.959262748886684,2.1253983209514358,16.1,0.060885851365434146,229.0,269.3478260869565
2025-08-06 09:00:00,5217,5.499618616187089,2.3569794069373238,16.1,0.0,200.0,269.3478260869565
2025-08-06 10:00:00,5218,5.290692023949699,2.2674394388355856,16.2,0.0,179.0,269.3478260869565
2025-08-06 11:00:00,5219,4.859340903461014,2.082574672911863,16.2,0.7294356778307532,171.0,269.3478260869565
2025-08-06 12:00:00,5220,5.006781837007573,2.1457636444318164,16.3,2.3157729906999114,163.0,269.3478260869565
2025-08-06 13:00:00,5221,5.216297954375948,2.2355562661611206,16.3,3.7665680977957097,158.0,269.3478260869565
2025-08-06 14:00:00,5222,5.139949789602756,2.2028356241154667,16.4,5.096385005686017,161.0,269.3478260869565
2025-08-06 15:00:00,5223,5.236567023474649,2.2442430100605635,16.4,8.647423215215607,190.0,269.3478260869565
2025-08-06 16:00:00,5224,5.095606614028316,2.183831406012135,16.3,11.450344753811523,182.0,269.3478260869565
2025-08-06 17:00:00,5225,5.121260940800484,2.1948261174859214,16.3,12.699524387090115,182.0,269.3478260869565
2025-08-06 18:00:00,5226,5.372948835327923,2.3026923579976812,16.3,15.0,184.0,269.3478260869565
2025-08-06 19:00:00,5227,5.324779568647434,2.282048386563186,16.3,15.0,187.0,269.3478260869565
2025-08-06 20:00:00,5228,5.654246338295863,2.423248430698227,16.2,15.0,184.0,269.3478260869565
2025-08-06 21:00:00,5229,5.686097535810086,2.4368989439186084,16.2,15.0,167.0,269.3478260869565
2025-08-06 22:00:00,5230,5.608550692477026,2.4036645824901535,16.1,15.0,129.0,269.3478260869565
2025-08-06 23:00:00,5231,5.463993191833637,2.3417113679287014,16.1,15.0,101.0,269.3478260869565
2025-08-07 00:00:00,5232,5.8998710534169145,2.5285161657501063,16.1,15.0,94.0,269.3478260869565
2025-08-07 01:00:00,5233,5.54262606501389,2.375411170720238,16.0,15.0,103.0,269.3478260869565
2025-08-07 02:00:00,5234,5.787083641161635,2.480178703354986,16.0,15.0,111.0,269.3478260869565
2025-08-07 03:00:00,5235,5.759659113647256,2.4684253344202527,16.0,15.0,123.0,269.3478260869565
2025-08-07 04:00:00,5236,6.466290097007903,2.771267184431958,16.0,15.0,130.0,269.3478260869565
2025-08-07 05:00:00,5237,6.409928727780755,2.7471123119060374,16.0,15.0,130.0,269.3478260869565
2025-08-07 06:00:00,5238,6.331272776753036,2.713402618608444,16.0,12.736182712939359,154.0,269.3478260869565
2025-08-07 07:00:00,5239,6.062068618212007,2.5980294078051456,16.0,7.549440697185085,175.0,269.3478260869565
2025-08-07 08:00:00,5240,6.449438827444965,2.7640452117621277,16.0,4.2895890963072345,143.0,269.3478260869565
2025-08-07 09:00:00,5241,6.4175527814892455,2.7503797634953906,16.1,3.3653401966114105,101.0,269.3478260869565
2025-08-07 10:00:00,5242,6.226426348382219,2.668468435020951,16.1,1.9330840291689442,100.0,269.3478260869565
2025-08-07 11:00:00,5243,5.1001478111613014,2.185777633354843,16.2,1.3515028239342501,103.0,269.3478260869565
2025-08-07 12:00:00,5244,5.771030874613938,2.473298946263116,16.2,1.4382914439304755,106.0,269.3478260869565
2025-08-07 13:00:00,5245,5.671789581527616,2.4307669635118354,16.3,2.1318178709728586,104.0,269.3478260869565
2025-08-07 14:00:00,5246,6.2009887306898595,2.6575665988670827,16.3,2.6229288081550313,102.0,269.3478260869565
2025-08-07 15:00:00,5247,5.470158877388229,2.3443538045949555,16.4,2.6568181876366674,111.0,269.3478260869565
2025-08-07 16:00:00,5248,5.1142004129103285,2.191800176961569,16.4,2.400359548003478,113.0,269.3478260869565
2025-08-07 17:00:00,5249,6.340200911293788,2.717228961983052,16.4,2.686956605120596,142.0,269.3478260869565
2025-08-07 18:00:00,5250,5.984589087576289,2.5648238946755524,16.4,4.378592838331205,169.0,269.3478260869565
2025-08-07 19:00:00,5251,4.987313178295539,2.137419933555231,16.4,5.800748081058326,190.0,269.3478260869565
2025-08-07 20:00:00,5252,6.09332067898929,2.611423148138267,16.3,6.19042684428834,176.0,269.3478260869565
2025-08-07 21:00:00,5253,6.04788678244533,2.5919514781908557,16.3,5.4961062524988575,167.0,269.3478260869565
2025-08-07 22:00:00,5254,6.4039909657014835,2.744567556729207,16.2,6.714422593886857,152.0,269.3478260869565
2025-08-07 23:00:00,5255,5.946072352545611,2.5483167225195476,16.2,7.354059576414948,143.0,269.3478260869565
2025-08-08 00:00:00,5256,6.546911203765615,2.8058190873281204,16.2,6.949653091726239,158.0,269.3478260869565
2025-08-08 01:00:00,5257,6.290373948649435,2.695874549421186,16.2,5.207533680161569,144.0,269.3478260869565
2025-08-08 02:00:00,5258,5.887344234485042,2.523147529065018,16.1,4.739378629769848,124.0,269.3478260869565
2025-08-08 03:00:00,5259,5.440710996060449,2.3317332840259066,16.1,4.359108775493187,103.0,269.3478260869565
2025-08-08 04:00:00,5260,4.523774547413707,1.93876052032016,16.1,5.4409399333954855,104.0,269.3478260869565
2025-08-08 05:00:00,5261,6.000314662332906,2.571563426714102,16.1,6.116477456060634,106.0,269.3478260869565
2025-08-08 06:00:00,5262,5.913309124856166,2.5342753392240707,16.1,6.85230844968176,105.0,269.3478260869565
2025-08-08 07:00:00,5263,5.77330843802165,2.4742750448664212,16.1,7.311395281989545,104.0,269.3478260869565
2025-08-08 08:00:00,5264,6.0386233988675615,2.587981456657526,16.1,7.090566343223714,101.0,269.3478260869565
2025-08-08 09:00:00,5265,6.0456329286821315,2.590985540863771,16.1,6.726456395588319,97.0,269.3478260869565
2025-08-08 10:00:00,5266,6.060400697753639,2.5973145847515595,16.1,7.756966329973044,95.0,269.3478260869565
2025-08-08 11:00:00,5267,6.066733691870395,2.6000287250873115,16.2,8.064661143977432,94.0,269.3478260869565
2025-08-08 12:00:00,5268,6.061905729570745,2.5979595983874617,16.2,8.766026135774588,93.0,269.3478260869565
2025-08-08 13:00:00,5269,6.126026490893074,2.62543992466846,16.2,9.463697308600027,98.0,269.3478260869565
2025-08-08 14:00:00,5270,5.666564557375812,2.4285276674467764,16.2,11.719398389011479,93.0,269.3478260869565
2025-08-08 15:00:00,5271,5.689814319557413,2.438491851238891,16.3,15.0,94.0,269.3478260869565
2025-08-08 16:00:00,5272,5.793574103476376,2.482960330061304,16.4,15.0,96.0,269.3478260869565
2025-08-08 17:00:00,5273,5.853224603171237,2.50852482993053,16.4,15.0,104.0,269.3478260869565
2025-08-08 18:00:00,5274,5.678998009680569,2.433856289863101,16.4,15.0,116.0,269.3478260869565
2025-08-08 19:00:00,5275,5.300650911792978,2.2717075336255617,16.4,15.0,120.0,269.3478260869565
2025-08-08 20:00:00,5276,5.809758794547112,2.4898966262344766,16.4,15.0,133.0,269.3478260869565
2025-08-08 21:00:00,5277,5.579189047731654,2.391081020456423,16.4,15.0,133.0,269.3478260869565
2025-08-08 22:00:00,5278,5.739142941135322,2.459632689057995,16.3,15.0,96.0,269.3478260869565
2025-08-08 23:00:00,5279,5.971703419046879,2.5593014653058046,16.3,13.027280291563278,90.0,269.3478260869565
2025-08-09 00:00:00,5280,5.971017740255114,2.5590076029664774,16.2,10.802245578431881,94.0,269.3478260869565
2025-08-09 01:00:00,5281,5.224833928548861,2.2392145408066546,16.2,9.685802147646955,100.0,269.3478260869565
2025-08-09 02:00:00,5282,5.366698429966989,2.300013612842995,16.2,9.810297228627324,85.0,269.3478260869565
2025-08-09 03:00:00,5283,4.248331192798401,1.8207133683421715,16.1,11.152613965789119,83.0,269.3478260869565
2025-08-09 04:00:00,5284,3.6896818380820404,1.5812922163208745,16.1,12.647404394487804,91.0,269.3478260869565
2025-08-09 05:00:00,5285,5.002328268106887,2.1438549720458084,16.1,13.921846841664408,95.0,269.3478260869565
2025-08-09 06:00:00,5286,5.574176795911958,2.3889329125336958,16.1,14.527319875999453,92.0,269.3478260869565
2025-08-09 07:00:00,5287,5.466863475036305,2.3429414893012734,16.1,13.819780936353487,88.0,269.3478260869565
2025-08-09 08:00:00,5288,5.642232717019017,2.418099735865293,16.1,15.0,94.0,269.3478260869565
2025-08-09 09:00:00,5289,5.696715777649224,2.4414496189925248,16.1,14.200900179371928,93.0,269.3478260869565
2025-08-09 10:00:00,5290,6.139116524216088,2.6310499389497517,16.1,9.382936846254962,89.0,269.3478260869565
2025-08-09 11:00:00,5291,5.404840364008809,2.316360156003775,16.2,7.762210953821133,96.0,269.3478260869565
2025-08-09 12:00:00,5292,6.054003934816626,2.594573114921411,16.2,6.635148063692111,97.0,269.3478260869565
2025-08-09 13:00:00,5293,5.463741522678811,2.3416035097194903,16.2,5.846429510639252,99.0,269.3478260869565
2025-08-09 14:00:00,5294,5.778716590884676,2.476592824664861,16.2,4.821063961793459,101.0,269.3478260869565
2025-08-09 15:00:00,5295,5.867288001223569,2.5145520005243864,16.3,3.227719384402216,102.0,269.3478260869565
2025-08-09 16:00:00,5296,5.991438012734871,2.567759148314945,16.3,2.176272549587596,111.0,269.3478260869565
2025-08-09 17:00:00,5297,5.814793667208009,2.4920544288034323,16.4,1.907671876262172,159.0,269.3478260869565
2025-08-09 18:00:00,5298,5.798941222682437,2.4852605240067587,16.4,1.9946468622049698,211.0,269.3478260869565
2025-08-09 19:00:00,5299,5.319376443947647,2.279732761691849,16.4,1.8187378593365449,239.0,269.3478260869565
2025-08-09 20:00:00,5300,5.838350450043176,2.502150192875647,16.4,1.6090284622892777,245.0,269.3478260869565
2025-08-09 21:00:00,5301,5.879921373258586,2.5199663028251087,16.3,1.7891080735803022,246.0,269.3478260869565
2025-08-09 22:00:00,5302,5.868200175383485,2.5149429323072074,16.3,2.5761786535505613,247.0,269.3478260869565
2025-08-09 23:00:00,5303,5.599305124207509,2.3997021960889326,16.2,3.075851794591917,263.0,269.3478260869565
2025-08-10 00:00:00,5304,5.6511059247703415,2.4219025391872893,16.2,3.3906880995923343,288.0,269.3478260869565
2025-08-10 01:00:00,5305,5.710987499861693,2.447566071369297,16.2,2.874314998894838,271.0,269.3478260869565
2025-08-10 02:00:00,5306,5.563146681521314,2.3842057206519915,16.2,1.8534424484581908,276.0,269.3478260869565
2025-08-10 03:00:00,5307,5.725593341538991,2.4538257178024243,16.1,1.1044037340664634,282.0,269.3478260869565
2025-08-10 04:00:00,5308,5.728061125704547,2.4548833395876626,16.1,0.5390514664939214,275.0,269.3478260869565
2025-08-10 05:00:00,5309,5.659470939557844,2.42548754552479,16.1,0.059750677472116195,258.0,269.3478260869565
2025-08-10 06:00:00,5310,5.679542957388775,2.4340898388809036,16.1,0.0,257.0,269.3478260869565
2025-08-10 07:00:00,5311,5.582683127987275,2.3925784834231183,16.1,0.0,244.0,269.3478260869565
2025-08-10 08:00:00,5312,5.096235741143312,2.1841010319185625,16.1,0.2626386851263556,235.0,269.3478260869565
2025-08-10 09:00:00,5313,4.872230082146893,2.0880986066343823,16.1,1.3107672346287595,205.0,269.3478260869565
2025-08-10 10:00:00,5314,5.127618500288056,2.197550785837738,16.1,3.851684269506872,174.0,269.3478260869565
2025-08-10 11:00:00,5315,5.156719785106883,2.210022765045807,16.1,6.895142699232018,163.0,269.3478260869565
2025-08-10 12:00:00,5316,4.575178426643487,1.9607907542757799,16.2,10.529417812601983,150.0,269.3478260869565
2025-08-10 13:00:00,5317,5.112347954688016,2.191006266294864,16.2,13.797149430276274,132.0,269.3478260869565
2025-08-10 14:00:00,5318,4.636039812530662,1.9868742053702833,16.2,15.0,140.0,269.3478260869565
2025-08-10 15:00:00,5319,5.088206171461643,2.180659787769275,16.3,15.0,174.0,269.3478260869565
2025-08-10 16:00:00,5320,5.1524790835212215,2.208205321509095,16.4,15.0,209.0,269.3478260869565
2025-08-10 17:00:00,5321,5.121787800749692,2.1950519146070104,16.4,15.0,255.0,269.3478260869565
2025-08-10 18:00:00,5322,5.215750284687385,2.235321550580308,16.4,15.0,265.0,269.3478260869565
2025-08-10 19:00:00,5323,5.7183258333746725,2.4507110714462876,16.4,15.0,278.0,269.3478260869565
2025-08-10 20:00:00,5324,6.062072991851954,2.5980312822222658,16.4,15.0,300.0,269.3478260869565
2025-08-10 21:00:00,5325,5.263922888409672,2.2559669521755734,16.4,13.278554083022046,308.0,269.3478260869565
2025-08-10 22:00:00,5326,5.010826276338303,2.1474969755735582,16.4,9.777292776279577,312.0,269.3478260869565
2025-08-10 23:00:00,5327,5.689498890678358,2.4383566674335815,16.4,5.187083096834429,309.0,269.3478260869565
2025-08-11 00:00:00,5328,5.771668788720385,2.473572338023022,16.4,2.9965128653920163,302.0,269.3478260869565
2025-08-11 01:00:00,5329,5.623703246254969,2.410158534109273,16.4,1.3441329399593043,294.0,269.3478260869565
2025-08-11 02:00:00,5330,5.247494813072733,2.248926348459743,16.3,0.37827974438857415,285.0,269.3478260869565
2025-08-11 03:00:00,5331,4.944562155964331,2.1190980668418558,16.3,0.07098149682509436,283.0,269.3478260869565
2025-08-11 04:00:00,5332,4.655345640220455,1.995148131523052,16.3,0.16124183397015507,307.0,269.3478260869565
2025-08-11 05:00:00,5333,4.862417254381834,2.0838931090207855,16.3,0.3801049599217664,301.0,269.3478260869565
2025-08-11 06:00:00,5334,4.513741071239231,1.9344604591025276,16.3,0.215761957924202,280.0,269.3478260869565
2025-08-11 07:00:00,5335,4.43811676708345,1.9020500430357643,16.4,0.08402761885178475,271.0,269.3478260869565
2025-08-11 08:00:00,5336,3.8518495909553248,1.6507926818379963,16.5,0.31044235707137696,257.0,269.3478260869565
2025-08-11 09:00:00,5337,4.230160764145726,1.8129260417767394,16.5,0.4062587602611526,246.0,269.3478260869565
2025-08-11 10:00:00,5338,4.226350881945563,1.8112932351195268,16.6,0.5882070833408954,242.0,269.3478260869565
2025-08-11 11:00:00,5339,4.40134747239578,1.8862917738839053,16.7,0.359369888124886,241.0,269.3478260869565
2025-08-11 12:00:00,5340,5.060868486537354,2.168943637087437,16.8,0.0044356192526803775,228.0,269.3478260869565
2025-08-11 13:00:00,5341,5.135678620911303,2.201005123247701,16.8,0.13154102410760837,239.0,269.3478260869565
2025-08-11 14:00:00,5342,5.028749243308676,2.1551782471322896,16.8,0.36707475499403613,237.0,269.3478260869565
2025-08-11 15:00:00,5343,5.1713531957705605,2.2162942267588117,16.8,0.2471602540870305,236.0,269.3478260869565
2025-08-11 16:00:00,5344,5.14578120033808,2.2053348001448914,16.8,0.09869308540477015,256.0,269.3478260869565
2025-08-11 17:00:00,5345,5.280424743552392,2.263039175808168,16.8,0.2400559938159821,285.0,269.3478260869565
2025-08-11 18:00:00,5346,5.264441118454689,2.256189050766295,16.8,0.2815639637149978,308.0,269.3478260869565
2025-08-11 19:00:00,5347,5.194455917086202,2.2261953930369436,16.8,0.1780370628987557,313.0,269.3478260869565
2025-08-11 20:00:00,5348,4.989125025238196,2.138196439387798,16.8,0.1934629170488531,301.0,269.3478260869565
2025-08-11 21:00:00,5349,5.132506855201971,2.199645795086559,16.7,0.13591452798333897,288.0,269.3478260869565
2025-08-11 22:00:00,5350,5.026600724018865,2.154257453150942,16.6,0.011419374341289507,289.0,269.3478260869565
2025-08-11 23:00:00,5351,5.243814567480248,2.247349100348677,16.6,0.22808914608193662,290.0,269.3478260869565
2025-08-12 00:00:00,5352,5.595339098877528,2.3980024709475116,16.6,0.9535340012575437,280.0,269.3478260869565
2025-08-12 01:00:00,5353,5.1374885542521485,2.2017808089652062,16.5,0.9961240139384926,289.0,269.3478260869565
2025-08-12 02:00:00,5354,4.971526170145588,2.130654072919538,16.5,0.40985347119861604,298.0,269.3478260869565
2025-08-12 03:00:00,5355,4.54303620534936,1.947015516578297,16.5,0.35353115829717274,305.0,269.3478260869565
2025-08-12 04:00:00,5356,4.036427646905014,1.7298975629592916,16.5,0.43162127352685103,313.0,269.3478260869565
2025-08-12 05:00:00,5357,4.268264552604135,1.8292562368303433,16.5,0.22703027160975225,305.0,269.3478260869565
2025-08-12 06:00:00,5358,4.212015321988345,1.8051494237092909,16.5,0.10864658857599997,294.0,269.3478260869565
2025-08-12 07:00:00,5359,4.365086949099297,1.8707515496139844,16.6,0.22542181392012672,280.0,269.3478260869565
2025-08-12 08:00:00,5360,4.670124933978685,2.001482114562293,16.7,0.1662522605888073,271.0,269.3478260869565
2025-08-12 09:00:00,5361,4.378430596918232,1.8764702558220994,16.9,0.11214616448500955,267.0,269.3478260869565
2025-08-12 10:00:00,5362,4.036956394709702,1.730124169161301,17.0,0.0,270.0,269.3478260869565
2025-08-12 11:00:00,5363,4.8976551833948925,2.098995078597811,17.1,0.2635154434150642,257.0,269.3478260869565
2025-08-12 12:00:00,5364,4.111153212015635,1.761922805149558,17.3,0.182071726170993,252.0,269.3478260869565
2025-08-12 13:00:00,5365,4.784355964113798,2.050438270334485,17.5,0.024061745911050498,255.0,269.3478260869565
2025-08-12 14:00:00,5366,4.770558958481285,2.0445252679205503,17.6,0.0,265.0,269.3478260869565
2025-08-12 15:00:00,5367,5.42325134791003,2.3242505776757274,17.9,0.0,277.0,269.3478260869565
2025-08-12 16:00:00,5368,4.947633296942012,2.120414270118005,18.0,0.0,287.0,269.3478260869565
2025-08-12 17:00:00,5369,4.869289429119237,2.0868383267653874,18.1,0.0,323.0,269.3478260869565
2025-08-12 18:00:00,5370,4.5901633327337485,1.967212856885892,18.2,0.0,339.0,269.3478260869565
2025-08-12 19:00:00,5371,4.663264387827626,1.9985418804975539,18.2,0.0,343.0,269.3478260869565
2025-08-12 20:00:00,5372,4.525310672442982,1.9394188596184212,18.2,0.0,336.0,269.3478260869565
2025-08-12 21:00:00,5373,5.060208095871969,2.168660612516558,18.1,0.003549072897175788,337.0,269.3478260869565
2025-08-12 22:00:00,5374,4.828573200406768,2.0693885144600435,18.0,0.0,340.0,269.3478260869565
2025-08-12 23:00:00,5375,4.762873207089601,2.0412313744669714,17.9,0.0,340.0,269.3478260869565
2025-08-13 00:00:00,5376,3.627343718962719,1.554575879555451,17.8,0.04713373437641906,340.0,269.3478260869565
2025-08-13 01:00:00,5377,4.0971300953184135,1.7559128979936058,17.6,0.9797620343967052,340.0,269.3478260869565
2025-08-13 02:00:00,5378,3.926088506199008,1.682609359799575,17.5,2.390384680093396,339.0,269.3478260869565
2025-08-13 03:00:00,5379,3.964482629896863,1.6990639842415127,17.3,2.345298532718741,347.0,269.3478260869565
2025-08-13 04:00:00,5380,3.8359831984543726,1.6439927993375882,17.1,3.347622015736107,349.0,269.3478260869565
2025-08-13 05:00:00,5381,3.8007448601639635,1.6288906543559842,17.0,5.1395059822012765,339.0,269.3478260869565
2025-08-13 06:00:00,5382,3.6166635920681016,1.5499986823149006,17.0,3.922402761428279,326.0,269.3478260869565
2025-08-13 07:00:00,5383,3.8932077344592853,1.6685176004825508,17.0,2.7653515956669286,320.0,269.3478260869565
2025-08-13 08:00:00,5384,4.31733684463005,1.8502872191271647,17.0,2.538973721983992,309.0,269.3478260869565
2025-08-13 09:00:00,5385,4.404141945622963,1.887489405266984,17.0,1.6358368645546786,294.0,269.3478260869565
2025-08-13 10:00:00,5386,4.464553258480628,1.9133799679202688,17.1,2.6443872024438897,279.0,269.3478260869565
2025-08-13 11:00:00,5387,4.566585390745682,1.957108024605292,17.2,3.3162637232354344,259.0,269.3478260869565
2025-08-13 12:00:00,5388,4.3877690624608,1.8804724553403425,17.3,6.016509992698636,253.0,269.3478260869565
2025-08-13 13:00:00,5389,5.117114442168688,2.1930490466437234,17.4,8.645998547564506,253.0,269.3478260869565
2025-08-13 14:00:00,5390,5.369066782412091,2.301028621033753,17.4,9.883769551763596,256.0,269.3478260869565
2025-08-13 15:00:00,5391,4.827889110983783,2.069095333278764,17.5,12.483918144895155,273.0,269.3478260869565
2025-08-13 16:00:00,5392,4.784150235426578,2.0503501008971052,17.5,15.0,279.0,269.3478260869565
2025-08-13 17:00:00,5393,5.0258299242833235,2.1539271104071385,17.6,15.0,302.0,269.3478260869565
2025-08-13 18:00:00,5394,5.663575007596897,2.4272464318272413,17.6,15.0,319.0,269.3478260869565
2025-08-13 19:00:00,5395,5.827602553910218,2.4975439516758073,17.6,15.0,330.0,269.3478260869565
2025-08-13 20:00:00,5396,5.671108797016236,2.430475198721244,17.5,14.54591626384294,328.0,269.3478260869565
2025-08-13 21:00:00,5397,5.334439843207934,2.286188504231972,17.5,12.428107356551479,329.0,269.3478260869565
2025-08-13 22:00:00,5398,5.5270771242783345,2.368747338976429,17.5,11.729383841021138,333.0,269.3478260869565
2025-08-13 23:00:00,5399,5.178243112520489,2.219247048223067,17.5,8.182792509375142,333.0,269.3478260869565
2025-08-14 00:00:00,5400,5.511117874477488,2.3619076604903517,17.4,5.515909346316121,333.0,269.3478260869565
2025-08-14 01:00:00,5401,5.722312640442453,2.452419703046766,17.4,3.0324475146638257,329.0,269.3478260869565
2025-08-14 02:00:00,5402,5.205581681208544,2.230963577660804,17.4,1.6914992545498304,326.0,269.3478260869565
2025-08-14 03:00:00,5403,5.013508002068949,2.1486462866009783,17.4,1.399683103938855,329.0,269.3478260869565
2025-08-14 04:00:00,5404,4.5728063258169,1.9597741396358141,17.3,1.0858728232025936,332.0,269.3478260869565
2025-08-14 05:00:00,5405,5.291038176745653,2.267587790033851,17.3,0.6468168940427343,335.0,269.3478260869565
2025-08-14 06:00:00,5406,5.006631939898504,2.1456994028136447,17.4,0.31311856221158096,309.0,269.3478260869565
2025-08-14 07:00:00,5407,5.060417747568785,2.168750463243765,17.4,0.016320374259652905,287.0,269.3478260869565
2025-08-14 08:00:00,5408,4.246577971049857,1.8199619875927955,17.5,0.0,280.0,269.3478260869565
2025-08-14 09:00:00,5409,4.555947829135119,1.9525490696293366,17.6,0.0,270.0,269.3478260869565
2025-08-14 10:00:00,5410,4.557261165618005,1.9531119281220017,17.7,0.0,273.0,269.3478260869565
2025-08-14 11:00:00,5411,4.338261974291979,1.8592551318394195,17.8,0.0,269.0,269.3478260869565
2025-08-14 12:00:00,5412,4.598947264450544,1.9709773990502328,17.9,0.0,264.0,269.3478260869565
2025-08-14 13:00:00,5413,5.122200638387234,2.1952288450231,18.0,0.0,263.0,269.3478260869565
2025-08-14 14:00:00,5414,4.94865926339562,2.120853970026694,18.0,0.10942053862744179,270.0,269.3478260869565
2025-08-14 15:00:00,5415,5.1847416240193045,2.2220321245797017,18.1,0.5862939433118344,275.0,269.3478260869565
2025-08-14 16:00:00,5416,4.923896984301926,2.1102415647008255,18.2,1.249537199237946,289.0,269.3478260869565
2025-08-14 17:00:00,5417,4.945266252287155,2.1193998224087807,18.2,1.6224372833211615,311.0,269.3478260869565
2025-08-14 18:00:00,5418,5.132724763768698,2.1997391844722984,18.2,0.8672836426576833,327.0,269.3478260869565
2025-08-14 19:00:00,5419,5.313030465540294,2.277013056660126,18.2,0.5087211757363921,336.0,269.3478260869565
2025-08-14 20:00:00,5420,4.860784860145721,2.083193511491023,18.2,0.535881146501442,328.0,269.3478260869565
2025-08-14 21:00:00,5421,4.680392446878782,2.005882477233764,18.1,0.43958875064269826,331.0,269.3478260869565
2025-08-14 22:00:00,5422,4.833369799783322,2.071444199907138,18.0,0.6708422110459934,324.0,269.3478260869565
2025-08-14 23:00:00,5423,5.116908249903217,2.19296067852995,18.0,0.727422983828427,327.0,269.3478260869565
2025-08-15 00:00:00,5424,5.213149643032377,2.2342069898710184,17.9,0.790548748003721,321.0,269.3478260869565
2025-08-15 01:00:00,5425,5.443877309964744,2.3330902756991763,17.9,0.6793388693722641,322.0,269.3478260869565
2025-08-15 02:00:00,5426,4.9188408197443,2.1080746370332712,17.8,0.676541652583257,321.0,269.3478260869565
2025-08-15 03:00:00,5427,4.917937353915054,2.107687437392166,17.7,0.7268427475421909,315.0,269.3478260869565
2025-08-15 04:00:00,5428,4.415899545271053,1.892528376544737,17.6,0.8846730161244384,304.0,269.3478260869565
2025-08-15 05:00:00,5429,4.291248302856375,1.8391064155098749,17.6,1.1232645778558916,300.0,269.3478260869565
2025-08-15 06:00:00,5430,4.096030964215135,1.7554418418064865,17.6,1.4983901798172456,282.0,269.3478260869565
2025-08-15 07:00:00,5431,4.387761257141481,1.8804691102034916,17.6,1.1809326676818195,282.0,269.3478260869565
2025-08-15 08:00:00,5432,4.555104126929591,1.9521874829698247,17.7,0.561465754032168,272.0,269.3478260869565
2025-08-15 09:00:00,5433,4.813498909623684,2.0629281041244356,17.8,0.7893745410219137,247.0,269.3478260869565
2025-08-15 10:00:00,5434,4.991732659518005,2.1393139969362878,17.9,2.2550366075307693,240.0,269.3478260869565
2025-08-15 11:00:00,5435,5.133461440156839,2.200054902924359,17.9,2.2934936907570505,229.0,269.3478260869565
2025-08-15 12:00:00,5436,5.0613251613345,2.1691393548576423,18.0,2.4296974957221944,228.0,269.3478260869565
2025-08-15 13:00:00,5437,5.020260933345337,2.1515404000051443,18.1,3.048912546083871,227.0,269.3478260869565
2025-08-15 14:00:00,5438,5.045851462483736,2.1625077696358868,18.2,3.7496577692218245,227.0,269.3478260869565
2025-08-15 15:00:00,5439,5.257896873294113,2.2533843742689053,18.4,3.568454215297025,238.0,269.3478260869565
2025-08-15 16:00:00,5440,5.310712329820919,2.2760195699232506,18.5,3.2342915520365803,248.0,269.3478260869565
2025-08-15 17:00:00,5441,5.334060290108637,2.2860258386179875,18.5,3.553826417480188,273.0,269.3478260869565
2025-08-15 18:00:00,5442,4.980851193201785,2.1346505113721936,18.5,2.718350111910282,305.0,269.3478260869565
2025-08-15 19:00:00,5443,5.233682240394915,2.2430066744549637,18.5,2.305890450860331,303.0,269.3478260869565
2025-08-15 20:00:00,5444,4.846728974232611,2.0771695603854043,18.5,2.6862312522628105,286.0,269.3478260869565
2025-08-15 21:00:00,5445,4.978805950259491,2.1337739786826386,18.4,3.7067132910401916,275.0,269.3478260869565
2025-08-15 22:00:00,5446,5.045262645770209,2.1622554196158035,18.2,3.0565992080186417,264.0,269.3478260869565
2025-08-15 23:00:00,5447,4.873677505559447,2.088718930954048,18.1,3.226482610877186,251.0,269.3478260869565
2025-08-16 00:00:00,5448,4.7358138116719255,2.029634490716539,18.0,3.512479076611551,245.0,269.3478260869565
2025-08-16 01:00:00,5449,4.785895026902397,2.0510978686724557,18.0,3.9820243481131485,234.0,269.3478260869565
2025-08-16 02:00:00,5450,4.548706714045647,1.949445734590991,17.9,3.4234055834911716,219.0,269.3478260869565
2025-08-16 03:00:00,5451,4.953874619146491,2.123089122491353,17.8,2.5980493464044616,212.0,269.3478260869565
2025-08-16 04:00:00,5452,4.833521522999785,2.071509224142765,17.7,2.1838581891713607,208.0,269.3478260869565
2025-08-16 05:00:00,5453,4.826999668900413,2.0687141438144625,17.6,1.6362977306850712,204.0,269.3478260869565
2025-08-16 06:00:00,5454,4.358428597893293,1.867897970525697,17.6,0.9811298957561049,200.0,269.3478260869565
2025-08-16 07:00:00,5455,4.2918871182733795,1.839380193545734,17.7,0.7103391113599788,195.0,269.3478260869565
2025-08-16 08:00:00,5456,4.630133058585653,1.9843427393938513,17.8,0.660649277793106,201.0,269.3478260869565
2025-08-16 09:00:00,5457,4.226496030375137,1.8113554415893445,17.8,0.6995710251092998,197.0,269.3478260869565
2025-08-16 10:00:00,5458,4.44605493593688,1.9054521154015198,17.9,0.0,193.0,269.3478260869565
2025-08-16 11:00:00,5459,4.857123621815967,2.0816244093497,18.0,0.0,192.0,269.3478260869565
2025-08-16 12:00:00,5460,4.561181018807518,1.954791865203222,18.1,0.0,149.0,269.3478260869565
2025-08-16 13:00:00,5461,5.451326224706682,2.336282667731435,18.2,0.0,140.0,269.3478260869565
2025-08-16 14:00:00,5462,4.953337911558645,2.122859104953705,18.3,0.0022359915870412664,146.0,269.3478260869565
2025-08-16 15:00:00,5463,5.312162470158622,2.276641058639409,18.4,0.4383864968149694,162.0,269.3478260869565
2025-08-16 16:00:00,5464,5.111404103301863,2.1906017585579414,18.5,1.1178607968687775,182.0,269.3478260869565
2025-08-16 17:00:00,5465,5.808333904283655,2.489285958978709,18.5,1.4589158686719663,202.0,269.3478260869565
2025-08-16 18:00:00,5466,5.56300724564931,2.3841459624211327,18.6,1.4799925787117603,219.0,269.3478260869565
2025-08-16 19:00:00,5467,5.798034482694181,2.484871921154649,18.6,1.629251631393591,220.0,269.3478260869565
2025-08-16 20:00:00,5468,6.130090043463648,2.6271814471987063,18.5,2.0776269060131214,211.0,269.3478260869565
2025-08-16 21:00:00,5469,6.175959503753127,2.6468397873227687,18.5,3.2602055747936975,202.0,269.3478260869565
2025-08-16 22:00:00,5470,6.080193085858065,2.605797036796314,18.4,5.336170367300132,201.0,269.3478260869565
2025-08-16 23:00:00,5471,6.0547200493239455,2.594880021138834,18.3,7.378046916077433,216.0,269.3478260869565
2025-08-17 00:00:00,5472,5.830841939696281,2.4989322598698345,18.2,7.050113317784597,219.0,269.3478260869565
2025-08-17 01:00:00,5473,5.377746220020617,2.3047483800088355,18.2,5.14912254805704,219.0,269.3478260869565
2025-08-17 02:00:00,5474,4.7134309753425345,2.0200418465753716,18.1,3.5631379124231715,223.0,269.3478260869565
2025-08-17 03:00:00,5475,4.595160487957646,1.9693544948389907,18.0,2.6801121610454417,231.0,269.3478260869565
2025-08-17 04:00:00,5476,4.4820041684115965,1.9208589293192555,18.0,2.07145568101918,232.0,269.3478260869565
2025-08-17 05:00:00,5477,4.513090795000062,1.9341817692857408,18.0,1.4430916235512905,224.0,269.3478260869565
2025-08-17 06:00:00,5478,4.132606318768756,1.7711169937580384,17.9,1.0078894316171745,201.0,269.3478260869565
2025-08-17 07:00:00,5479,3.87417884701342,1.6603623630057516,17.9,0.8909725903298182,181.0,269.3478260869565
2025-08-17 08:00:00,5480,3.996256384279831,1.7126813075484988,17.9,0.744602154188828,191.0,269.3478260869565
2025-08-17 09:00:00,5481,4.527174267363797,1.9402175431559132,18.0,0.5616315271904104,165.0,269.3478260869565
2025-08-17 10:00:00,5482,4.00105596356116,1.71473827009764,18.0,0.09832660762063501,124.0,269.3478260869565
2025-08-17 11:00:00,5483,4.649801501667793,1.9927720721433397,18.0,0.0,115.0,269.3478260869565
2025-08-17 12:00:00,5484,4.282300038479604,1.835271445062687,18.1,0.0,116.0,269.3478260869565
2025-08-17 13:00:00,5485,4.946977479792529,2.120133205625369,18.1,0.0,121.0,269.3478260869565
2025-08-17 14:00:00,5486,4.899717416652541,2.099878892851089,18.2,0.1400639329171014,121.0,269.3478260869565
2025-08-17 15:00:00,5487,5.0080954023556465,2.1463266010095627,18.3,0.34731290340211474,145.0,269.3478260869565
2025-08-17 16:00:00,5488,4.51368243694788,1.9344353301205195,18.4,0.7446832811449129,197.0,269.3478260869565
2025-08-17 17:00:00,5489,4.629377258225309,1.9840188249537039,18.4,1.4998901973878234,216.0,269.3478260869565
2025-08-17 18:00:00,5490,4.6975068729840395,2.013217231278874,18.5,2.0723935280790675,243.0,269.3478260869565
2025-08-17 19:00:00,5491,4.3317367837702,1.8564586216157999,18.5,2.1807770978991776,244.0,269.3478260869565
2025-08-17 20:00:00,5492,4.162070149379961,1.7837443497342689,18.4,2.6260792480237,232.0,269.3478260869565
2025-08-17 21:00:00,5493,4.06994614635952,1.7442626341540797,18.4,3.348388700874589,224.0,269.3478260869565
2025-08-17 22:00:00,5494,3.948106392755106,1.6920455968950454,18.4,2.8982438357609377,225.0,269.3478260869565
2025-08-17 23:00:00,5495,4.069962749362986,1.744269749726994,18.3,3.5686242537560107,228.0,269.3478260869565
2025-08-18 00:00:00,5496,4.313171317979452,1.848501993419765,18.2,4.923641991411596,232.0,269.3478260869565
2025-08-18 01:00:00,5497,5.041549655900836,2.1606641382432152,18.2,5.786391665052389,242.0,269.3478260869565
2025-08-18 02:00:00,5498,4.047099383173494,1.734471164217212,18.1,6.183380358400281,245.0,269.3478260869565
2025-08-18 03:00:00,5499,4.273856234343822,1.8316526718616377,18.1,5.5801490433797705,240.0,269.3478260869565
2025-08-18 04:00:00,5500,4.2340368757082425,1.8145872324463896,18.1,4.193539506855615,248.0,269.3478260869565
2025-08-18 05:00:00,5501,4.163627914813213,1.7844119634913769,18.0,2.834248531598711,249.0,269.3478260869565
2025-08-18 06:00:00,5502,4.147662542955222,1.7775696612665233,18.0,1.9416947065276045,232.0,269.3478260869565
2025-08-18 07:00:00,5503,4.17839211193079,1.790739476541767,18.0,1.586356391174479,225.0,269.3478260869565
2025-08-18 08:00:00,5504,4.540197272536472,1.9457988310870593,18.1,1.3951361574950027,222.0,269.3478260869565
2025-08-18 09:00:00,5505,4.182352011068852,1.7924365761723653,18.1,0.9582957667707754,217.0,269.3478260869565
2025-08-18 10:00:00,5506,4.50904929607455,1.9324496983176642,18.1,0.0,229.0,269.3478260869565
2025-08-18 11:00:00,5507,4.420532574600212,1.8945139605429477,18.2,0.09381087325026569,218.0,269.3478260869565
2025-08-18 12:00:00,5508,4.26362142994252,1.827266327118223,18.2,0.17991324358133043,217.0,269.3478260869565
2025-08-18 13:00:00,5509,4.9298656226481885,2.112799552563509,18.3,0.571053526142713,225.0,269.3478260869565
2025-08-18 14:00:00,5510,4.570563605763963,1.9588129738988411,18.4,3.22425999304589,233.0,269.3478260869565
2025-08-18 15:00:00,5511,4.669077801836622,2.001033343644266,18.5,4.026537663450959,246.0,269.3478260869565
2025-08-18 16:00:00,5512,4.4918354024129705,1.9250723153198444,18.5,3.1781245386838815,271.0,269.3478260869565
2025-08-18 17:00:00,5513,4.586346615539853,1.9655771209456512,18.5,3.792529668405251,288.0,269.3478260869565
2025-08-18 18:00:00,5514,4.489295313514143,1.9239837057917752,18.5,3.812280390771719,291.0,269.3478260869565
2025-08-18 19:00:00,5515,4.289201555632743,1.838229238128318,18.5,4.201661546384566,293.0,269.3478260869565
2025-08-18 20:00:00,5516,4.50836799344259,1.9321577114753956,18.5,4.002152764371681,287.0,269.3478260869565
2025-08-18 21:00:00,5517,4.282713079990655,1.8354484628531378,18.5,3.742597225692915,286.0,269.3478260869565
2025-08-18 22:00:00,5518,4.239533809073935,1.8169430610316863,18.5,4.244749691755124,280.0,269.3478260869565
2025-08-18 23:00:00,5519,4.184374333489465,1.7933032857811995,18.4,5.410662286177794,273.0,269.3478260869565
2025-08-19 00:00:00,5520,4.654556193284307,1.994809797121846,18.4,5.661180440262277,268.0,269.3478260869565
2025-08-19 01:00:00,5521,4.458461599255557,1.91076925682381,18.3,5.334652738241437,269.0,269.3478260869565
2025-08-19 02:00:00,5522,4.096434153950341,1.755614637407289,18.3,5.542372279487651,278.0,269.3478260869565
2025-08-19 03:00:00,5523,3.6759858284158193,1.575422497892494,18.2,5.0652604126159915,273.0,269.3478260869565
2025-08-19 04:00:00,5524,3.640809989949182,1.5603471385496495,18.2,5.027343409123035,275.0,269.3478260869565
2025-08-19 05:00:00,5525,3.6514551538476496,1.5649093516489927,18.2,5.368764046955381,288.0,269.3478260869565
2025-08-19 06:00:00,5526,3.7547092466584777,1.6091611057107762,18.2,6.063720625962523,270.0,269.3478260869565
2025-08-19 07:00:00,5527,4.079775428178951,1.7484751835052645,18.2,6.757695661864258,266.0,269.3478260869565
2025-08-19 08:00:00,5528,4.078864454706385,1.7480847663027363,18.2,6.158507519418277,266.0,269.3478260869565
2025-08-19 09:00:00,5529,3.9462193542881283,1.6912368661234836,18.2,5.282733292293644,258.0,269.3478260869565
2025-08-19 10:00:00,5530,4.028290384971561,1.7264101649878119,18.2,4.944799021945728,251.0,269.3478260869565
2025-08-19 11:00:00,5531,3.889002185054095,1.6667152221660406,18.2,4.934974792918533,253.0,269.3478260869565
2025-08-19 12:00:00,5532,4.02489419483317,1.7249546549285015,18.2,6.385208625404928,250.0,269.3478260869565
2025-08-19 13:00:00,5533,4.306266088356264,1.8455426092955414,18.2,8.278419497408455,243.0,269.3478260869565
2025-08-19 14:00:00,5534,4.066077503920879,1.7426046445375196,18.2,10.225547275879467,245.0,269.3478260869565
2025-08-19 15:00:00,5535,4.314928808574553,1.8492552036748082,18.2,10.842448628439707,252.0,269.3478260869565
2025-08-19 16:00:00,5536,3.9991266641148537,1.7139114274777945,18.1,11.678163722491423,267.0,269.3478260869565
2025-08-19 17:00:00,5537,4.030921707089382,1.7275378744668777,18.1,11.463875703066222,275.0,269.3478260869565
2025-08-19 18:00:00,5538,4.333015301795765,1.8570065579124706,18.1,10.162303913368648,276.0,269.3478260869565
2025-08-19 19:00:00,5539,4.054008907281669,1.737432388835001,18.1,10.763512719155058,272.0,269.3478260869565
2025-08-19 20:00:00,5540,3.7539087973447836,1.6088180560049072,18.2,11.974702669566732,261.0,269.3478260869565
2025-08-19 21:00:00,5541,4.144182986282836,1.7760784226926438,18.2,11.452841043087115,251.0,269.3478260869565
2025-08-19 22:00:00,5542,3.8531150721435785,1.6513350309186765,18.2,10.108277431992823,254.0,269.3478260869565
2025-08-19 23:00:00,5543,3.9586878454748002,1.6965805052034857,18.1,8.39190175603987,266.0,269.3478260869565
2025-08-20 00:00:00,5544,4.267117707574318,1.8287647318175648,18.1,8.308878670721361,258.0,269.3478260869565
2025-08-20 01:00:00,5545,4.183300339239982,1.7928430025314208,18.0,8.086549662593352,254.0,269.3478260869565
2025-08-20 02:00:00,5546,4.39763007801967,1.884698604865573,17.8,7.207736920293866,262.0,269.3478260869565
2025-08-20 03:00:00,5547,4.870138222461296,2.087202095340555,17.5,6.3709437801852955,283.0,269.3478260869565
2025-08-20 04:00:00,5548,4.3575148481128005,1.8675063634769142,17.2,5.374900646258393,295.0,269.3478260869565
2025-08-20 05:00:00,5549,4.281230202772156,1.8348129440452097,17.0,4.660747495588097,294.0,269.3478260869565
2025-08-20 06:00:00,5550,4.493878183237368,1.9259477928160147,16.9,4.770009772222068,271.0,269.3478260869565
2025-08-20 07:00:00,5551,4.190783362056472,1.7960500123099166,16.9,5.383523024165307,272.0,269.3478260869565
2025-08-20 08:00:00,5552,4.2526200810275325,1.822551463297514,16.8,6.214883853322305,271.0,269.3478260869565
2025-08-20 09:00:00,5553,3.9852300729486467,1.7079557455494199,16.9,6.428965843961977,261.0,269.3478260869565
2025-08-20 10:00:00,5554,3.8812054623679444,1.663373769586262,16.9,4.9180836344713885,257.0,269.3478260869565
2025-08-20 11:00:00,5555,4.4111251430835825,1.890482204178678,17.0,4.497001932313762,259.0,269.3478260869565
2025-08-20 12:00:00,5556,4.30134079864375,1.8434317708473213,17.0,4.014965752233191,253.0,269.3478260869565
2025-08-20 13:00:00,5557,4.60642173334667,1.9741807428628582,17.0,3.6398126736794523,259.0,269.3478260869565
2025-08-20 14:00:00,5558,4.458356939740591,1.9107244027459676,17.0,3.6063507049286025,266.0,269.3478260869565
2025-08-20 15:00:00,5559,4.763414810623797,2.041463490267341,17.0,3.6003378668917714,278.0,269.3478260869565
2025-08-20 16:00:00,5560,4.786641024544599,2.051417581947685,17.0,3.7664917479869113,290.0,269.3478260869565
2025-08-20 17:00:00,5561,4.852285876801341,2.0795510900577177,17.0,3.841851559705588,299.0,269.3478260869565
2025-08-20 18:00:00,5562,4.731037121692399,2.027587337868171,17.0,3.6094436158461383,308.0,269.3478260869565
2025-08-20 19:00:00,5563,5.012647718516176,2.1482775936497895,17.0,3.6399154128103643,308.0,269.3478260869565
2025-08-20 20:00:00,5564,5.083937004821106,2.1788301449233307,17.0,3.438730692588057,307.0,269.3478260869565
2025-08-20 21:00:00,5565,4.709524840905658,2.0183677889595675,17.0,3.1321038312846214,303.0,269.3478260869565
2025-08-20 22:00:00,5566,4.640683930818327,1.9888645417792832,17.0,2.221848501335036,296.0,269.3478260869565
2025-08-20 23:00:00,5567,5.218887889607641,2.2366662384032745,16.9,2.1413725376411867,292.0,269.3478260869565
2025-08-21 00:00:00,5568,5.1472908628221585,2.205981798352354,16.9,2.5758100119536618,288.0,269.3478260869565
2025-08-21 01:00:00,5569,5.384257941760467,2.3075391178973423,16.9,2.965140706752645,289.0,269.3478260869565
2025-08-21 02:00:00,5570,4.349853167471183,1.8642227860590785,16.9,3.207729374921386,286.0,269.3478260869565
2025-08-21 03:00:00,5571,5.041078052752959,2.160462022608411,16.9,2.861468755740397,285.0,269.3478260869565
2025-08-21 04:00:00,5572,5.579344998654474,2.391147856566203,16.9,2.0827216749568858,287.0,269.3478260869565
2025-08-21 05:00:00,5573,5.538010208974438,2.37343294670333,16.9,1.49383186263251,297.0,269.3478260869565
2025-08-21 06:00:00,5574,5.09150185376159,2.1820722230406813,16.9,0.9205068765830939,300.0,269.3478260869565
2025-08-21 07:00:00,5575,5.381500641064703,2.3063574175991586,16.9,0.5646188920027692,295.0,269.3478260869565
2025-08-21 08:00:00,5576,5.608476759432577,2.403632896899676,16.9,0.4268531067282245,283.0,269.3478260869565
2025-08-21 09:00:00,5577,5.553974504664044,2.3802747877131614,17.0,0.32594431838559035,265.0,269.3478260869565
2025-08-21 10:00:00,5578,5.870829444807967,2.516069762060557,17.0,0.2602085937084778,249.0,269.3478260869565
2025-08-21 11:00:00,5579,5.337651028413237,2.2875647264628154,17.0,0.08707226600833545,249.0,269.3478260869565
2025-08-21 12:00:00,5580,5.829616293528776,2.4984069829409035,17.0,0.0,238.0,269.3478260869565
2025-08-21 13:00:00,5581,5.973747443453535,2.560177475765801,17.1,0.0,246.0,269.3478260869565
2025-08-21 14:00:00,5582,5.795110701236501,2.4836188719585004,17.1,0.0,247.0,269.3478260869565
2025-08-21 15:00:00,5583,5.306110163176685,2.2740472127900078,17.2,0.009702836555058459,261.0,269.3478260869565
2025-08-21 16:00:00,5584,5.182680870573129,2.2211489445313406,17.3,0.0,276.0,269.3478260869565
2025-08-21 17:00:00,5585,4.879271841974907,2.0911165037035313,17.4,0.0,293.0,269.3478260869565
2025-08-21 18:00:00,5586,4.946582803931122,2.1199640588276236,17.4,0.0,311.0,269.3478260869565
2025-08-21 19:00:00,5587,4.967736848490909,2.129030077924675,17.4,0.0,320.0,269.3478260869565
2025-08-21 20:00:00,5588,5.350463465703427,2.2930557710157546,17.3,0.0,319.0,269.3478260869565
2025-08-21 21:00:00,5589,5.616445183117877,2.407047935621947,17.2,0.0,312.0,269.3478260869565
2025-08-21 22:00:00,5590,5.248571030533476,2.249387584514347,17.1,0.0,299.0,269.3478260869565
2025-08-21 23:00:00,5591,5.01683319774948,2.1500713704640626,17.0,0.02123117714206033,300.0,269.3478260869565
2025-08-22 00:00:00,5592,4.652347439815172,1.9938631884922164,17.0,0.3978595578560407,297.0,269.3478260869565
2025-08-22 01:00:00,5593,5.124586056029864,2.1962511668699416,17.0,0.7134626063572879,297.0,269.3478260869565
2025-08-22 02:00:00,5594,4.970985604942902,2.1304224021183864,16.9,0.8173540576820794,298.0,269.3478260869565
2025-08-22 03:00:00,5595,4.451863850603655,1.9079416502587092,16.9,0.7173595168333864,298.0,269.3478260869565
2025-08-22 04:00:00,5596,4.13238774506153,1.7710233193120841,16.8,0.6762640603075578,297.0,269.3478260869565
2025-08-22 05:00:00,5597,4.377973013865956,1.8762741487996952,16.8,0.5406505828962918,308.0,269.3478260869565
2025-08-22 06:00:00,5598,4.481203092316399,1.9205156109927424,16.8,0.4816769897678424,308.0,269.3478260869565
2025-08-22 07:00:00,5599,4.301238433712349,1.8433879001624351,16.9,0.5344139106874558,297.0,269.3478260869565
2025-08-22 08:00:00,5600,5.403931998103328,2.3159708563299977,16.9,0.47748078176530007,279.0,269.3478260869565
2025-08-22 09:00:00,5601,5.061597042288888,2.1692558752666664,17.0,0.33257125936930254,260.0,269.3478260869565
2025-08-22 10:00:00,5602,5.666658303818611,2.4285678444936902,17.1,0.144108732452961,260.0,269.3478260869565
2025-08-22 11:00:00,5603,5.099406461992107,2.1854599122823313,17.2,0.03771193117598182,264.0,269.3478260869565
2025-08-22 12:00:00,5604,5.448675697859017,2.335146727653864,17.2,0.0,253.0,269.3478260869565
2025-08-22 13:00:00,5605,5.317814071219012,2.2790631733795763,17.3,0.0,252.0,269.3478260869565
2025-08-22 14:00:00,5606,5.664774077621791,2.4277603189807677,17.3,0.0,262.0,269.3478260869565
2025-08-22 15:00:00,5607,5.518153428617085,2.3649228979787504,17.3,0.2408553383540066,271.0,269.3478260869565
2025-08-22 16:00:00,5608,5.235818167754649,2.24392207189485,17.3,0.7608028548184547,284.0,269.3478260869565
2025-08-22 17:00:00,5609,5.267170461584277,2.2573587692504042,17.3,1.1319401552510155,307.0,269.3478260869565
2025-08-22 18:00:00,5610,5.013443237405781,2.148618530316763,17.3,1.1964738019995615,317.0,269.3478260869565
2025-08-22 19:00:00,5611,4.777072902269014,2.047316958115291,17.3,1.0499237664614847,312.0,269.3478260869565
2025-08-22 20:00:00,5612,5.395590265723849,2.312395828167364,17.3,0.635392778545739,314.0,269.3478260869565
2025-08-22 21:00:00,5613,5.200735538820194,2.228886659494368,17.2,0.2418513455286136,308.0,269.3478260869565
2025-08-22 22:00:00,5614,5.129812695857982,2.1984911553677065,17.2,0.03185774741517644,300.0,269.3478260869565
2025-08-22 23:00:00,5615,5.287807684387182,2.266203293308792,17.2,0.0,300.0,269.3478260869565
2025-08-23 00:00:00,5616,5.353927117207786,2.294540193089051,17.2,0.0,302.0,269.3478260869565
2025-08-23 01:00:00,5617,5.401695940619817,2.3150125459799216,17.2,0.0,291.0,269.3478260869565
2025-08-23 02:00:00,5618,6.142906545423331,2.6326742337528564,17.1,0.0,298.0,269.3478260869565
2025-08-23 03:00:00,5619,5.297368471918407,2.2703007736793173,17.1,0.0,302.0,269.3478260869565
2025-08-23 04:00:00,5620,5.143653316155156,2.2044228497807814,17.1,0.0,307.0,269.3478260869565
2025-08-23 05:00:00,5621,4.912118473683721,2.1051936315787376,17.1,0.0,291.0,269.3478260869565
2025-08-23 06:00:00,5622,4.401832757804271,1.8864997533446874,17.1,0.0,284.0,269.3478260869565
2025-08-23 07:00:00,5623,4.675610533067005,2.0038330856001445,17.1,0.368321956354262,274.0,269.3478260869565
2025-08-23 08:00:00,5624,4.8376723065221485,2.0732881313666347,17.1,0.8774967096361309,270.0,269.3478260869565
2025-08-23 09:00:00,5625,4.68034208521996,2.0058608936656976,17.2,1.202491629635497,257.0,269.3478260869565
2025-08-23 10:00:00,5626,4.448929013710728,1.9066838630188836,17.2,1.8646108588914212,241.0,269.3478260869565
2025-08-23 11:00:00,5627,4.634263586044767,1.9861129654477572,17.3,2.4828730718414103,235.0,269.3478260869565
2025-08-23 12:00:00,5628,4.6516526075224185,1.9935654032238932,17.4,2.8251855153687013,217.0,269.3478260869565
2025-08-23 13:00:00,5629,5.202252292694057,2.2295366968688812,17.4,2.838138832388271,216.0,269.3478260869565
2025-08-23 14:00:00,5630,5.173864166110086,2.2173703569043224,17.4,2.9831040177200183,223.0,269.3478260869565
2025-08-23 15:00:00,5631,5.264600614820935,2.256257406351829,17.5,3.3653857429235576,246.0,269.3478260869565
2025-08-23 16:00:00,5632,5.286993828627065,2.2658544979830277,17.5,3.7037206521884167,267.0,269.3478260869565
2025-08-23 17:00:00,5633,5.621933013828965,2.4093998630695563,17.5,3.8547610448361374,287.0,269.3478260869565
2025-08-23 18:00:00,5634,5.382470236227152,2.306772958383065,17.5,3.582380485295419,308.0,269.3478260869565
2025-08-23 19:00:00,5635,5.131224463622173,2.1990961986952167,17.5,3.136003994760955,312.0,269.3478260869565
2025-08-23 20:00:00,5636,5.255160933814604,2.2522118287776873,17.4,2.7864917193169316,307.0,269.3478260869565
2025-08-23 21:00:00,5637,4.993374990105048,2.1400178529021634,17.4,2.4500408497800983,295.0,269.3478260869565
2025-08-23 22:00:00,5638,4.96932989779414,2.1297128133403453,17.4,3.0066149963090547,285.0,269.3478260869565
2025-08-23 23:00:00,5639,4.97164477043254,2.1307049016139454,17.4,3.5007301414098366,288.0,269.3478260869565
2025-08-24 00:00:00,5640,5.236013648820938,2.244005849494688,17.3,3.3871580960747494,280.0,269.3478260869565
2025-08-24 01:00:00,5641,5.613749636260055,2.405892701254309,17.2,2.522051913554557,271.0,269.3478260869565
2025-08-24 02:00:00,5642,5.2127404470506375,2.2340316201645587,17.2,1.7270090492804222,265.0,269.3478260869565
2025-08-24 03:00:00,5643,4.578670127493463,1.962287197497198,17.1,1.5209619775437933,262.0,269.3478260869565
2025-08-24 04:00:00,5644,4.437603977389333,1.901830276024,17.1,1.6317506371018584,267.0,269.3478260869565
2025-08-24 05:00:00,5645,4.824756258039087,2.067752682016751,17.0,1.7286938132101901,265.0,269.3478260869565
2025-08-24 06:00:00,5646,4.365617954243582,1.8709791232472495,17.0,1.3894572262737683,252.0,269.3478260869565
2025-08-24 07:00:00,5647,4.156039878053711,1.781159947737305,17.0,1.0307335393067472,247.0,269.3478260869565
2025-08-24 08:00:00,5648,4.423925040520393,1.8959678745087398,17.1,0.6224345545050576,237.0,269.3478260869565
2025-08-24 09:00:00,5649,4.567571011694575,1.9575304335833892,17.1,0.6336903415015163,221.0,269.3478260869565
2025-08-24 10:00:00,5650,4.2045575366272345,1.8019532299831003,17.1,0.9130768676302425,205.0,269.3478260869565
2025-08-24 11:00:00,5651,4.575013479119374,1.9607200624797316,17.2,1.6418581490381836,178.0,269.3478260869565
2025-08-24 12:00:00,5652,4.746251419222027,2.034107751095154,17.2,2.903060164834257,158.0,269.3478260869565
2025-08-24 13:00:00,5653,4.897838741486256,2.099073746351252,17.2,4.630672858236103,155.0,269.3478260869565
2025-08-24 14:00:00,5654,5.084435413213147,2.17904374851992,17.2,5.739804680065246,163.0,269.3478260869565
2025-08-24 15:00:00,5655,5.159874667203823,2.2113748573730674,17.2,6.719348087719348,162.0,269.3478260869565
2025-08-24 16:00:00,5656,4.950604945259427,2.1216878336826115,17.2,7.159550511504421,169.0,269.3478260869565
2025-08-24 17:00:00,5657,5.132143138431134,2.1994899164704864,17.2,6.922855686671021,194.0,269.3478260869565
2025-08-24 18:00:00,5658,5.059855813270147,2.168509634258634,17.2,6.20143912098508,223.0,269.3478260869565
2025-08-24 19:00:00,5659,5.036769886327697,2.158615665569013,17.2,5.559758224629108,228.0,269.3478260869565
2025-08-24 20:00:00,5660,5.1472012081550425,2.205943374923589,17.1,4.4939096600615605,221.0,269.3478260869565
2025-08-24 21:00:00,5661,4.9414642330534715,2.1177703855943446,17.1,3.589820646148775,207.0,269.3478260869565
2025-08-24 22:00:00,5662,4.739450792074297,2.03119319660327,17.1,4.459723407289143,178.0,269.3478260869565
2025-08-24 23:00:00,5663,4.673215208018867,2.0028065177223713,17.0,5.342519737094216,163.0,269.3478260869565
2025-08-25 00:00:00,5664,5.027935916438549,2.154829678473664,17.0,6.858500803229984,148.0,269.3478260869565
2025-08-25 01:00:00,5665,4.5263254898847425,1.9398537813791754,17.0,9.948427027911203,134.0,269.3478260869565
2025-08-25 02:00:00,5666,4.265897707658881,1.8282418747109486,16.9,12.92172924354883,120.0,269.3478260869565
2025-08-25 03:00:00,5667,4.212186776562413,1.8052229042410337,16.9,13.280722333917547,137.0,269.3478260869565
2025-08-25 04:00:00,5668,3.9905505003968242,1.710235928741496,16.9,13.392081699181766,150.0,269.3478260869565
2025-08-25 05:00:00,5669,3.8443939292136267,1.6475973982344114,16.8,14.395036096986674,152.0,269.3478260869565
2025-08-25 06:00:00,5670,3.803983593064361,1.630278682741869,16.8,14.55112517619279,139.0,269.3478260869565
2025-08-25 07:00:00,5671,4.011815678000594,1.7193495762859687,16.7,15.0,135.0,269.3478260869565
2025-08-25 08:00:00,5672,3.8810017158239196,1.6632864496388227,16.7,15.0,118.0,269.3478260869565
2025-08-25 09:00:00,5673,4.092138730335961,1.7537737415725547,16.6,15.0,97.0,269.3478260869565
2025-08-25 10:00:00,5674,3.729983880838372,1.5985645203593022,16.6,15.0,97.0,269.3478260869565
2025-08-25 11:00:00,5675,3.939863557632828,1.6885129532712118,16.6,15.0,94.0,269.3478260869565
2025-08-25 12:00:00,5676,4.120091287271036,1.7657534088304436,16.6,15.0,99.0,269.3478260869565
2025-08-25 13:00:00,5677,4.3319902548047295,1.8565672520591698,16.5,15.0,105.0,269.3478260869565
2025-08-25 14:00:00,5678,3.9096619227856735,1.675569395479574,16.5,15.0,107.0,269.3478260869565
2025-08-25 15:00:00,5679,3.9522989207656534,1.6938423946138514,16.5,15.0,110.0,269.3478260869565
2025-08-25 16:00:00,5680,3.9233907060464897,1.6814531597342097,16.5,15.0,142.0,269.3478260869565
2025-08-25 17:00:00,5681,4.1267784929300255,1.768619354112868,16.5,15.0,150.0,269.3478260869565
2025-08-25 18:00:00,5682,4.212209173718134,1.805232503022057,16.4,15.0,165.0,269.3478260869565
2025-08-25 19:00:00,5683,4.273267022462713,1.83140015248402,16.4,15.0,173.0,269.3478260869565
2025-08-25 20:00:00,5684,3.963579780465694,1.6986770487710119,16.4,15.0,183.0,269.3478260869565
2025-08-25 21:00:00,5685,3.8897760752790296,1.6670468894052985,16.3,15.0,145.0,269.3478260869565
2025-08-25 22:00:00,5686,3.8976985399547015,1.6704422314091578,16.2,15.0,134.0,269.3478260869565
2025-08-25 23:00:00,5687,3.8809538227947207,1.6632659240548802,16.2,15.0,134.0,269.3478260869565
2025-08-26 00:00:00,5688,4.481669332851126,1.9207154283647683,16.2,13.451913434329,111.0,269.3478260869565
2025-08-26 01:00:00,5689,4.116655983675981,1.7642811358611346,16.1,8.060291112093235,105.0,269.3478260869565
2025-08-26 02:00:00,5690,3.5886236098213766,1.5379815470663043,16.1,5.954895891170711,127.0,269.3478260869565
2025-08-26 03:00:00,5691,3.4811701090894345,1.4919300467526146,16.1,6.8944145124707905,153.0,269.3478260869565
2025-08-26 04:00:00,5692,3.5235722122823008,1.5101023766924146,16.0,7.5883216059431335,195.0,269.3478260869565
2025-08-26 05:00:00,5693,3.36726856295215,1.4431150984080643,16.0,8.964903393842818,212.0,269.3478260869565
2025-08-26 06:00:00,5694,3.499410995901182,1.4997475696719353,16.0,9.918531343837996,213.0,269.3478260869565
2025-08-26 07:00:00,5695,3.478558927681629,1.4908109690064124,16.0,10.491100383596516,210.0,269.3478260869565
2025-08-26 08:00:00,5696,3.893122085845744,1.6684808939338902,16.1,10.482385830912683,205.0,269.3478260869565
2025-08-26 09:00:00,5697,3.4801680724458106,1.4915006024767758,16.1,10.13430966637272,147.0,269.3478260869565
2025-08-26 10:00:00,5698,3.8187428087841404,1.6366040609074888,16.2,9.211033240360223,134.0,269.3478260869565
2025-08-26 11:00:00,5699,3.8899106096630702,1.6671045469984587,16.2,9.438625255043487,129.0,269.3478260869565
2025-08-26 12:00:00,5700,3.9009779241349642,1.6718476817721275,16.3,10.937998139933356,129.0,269.3478260869565
2025-08-26 13:00:00,5701,4.0992248255022155,1.7568106395009493,16.4,15.0,132.0,269.3478260869565
2025-08-26 14:00:00,5702,4.082298425817241,1.7495564682073887,16.4,15.0,145.0,269.3478260869565
2025-08-26 15:00:00,5703,4.078348377632487,1.7478635904139233,16.4,15.0,146.0,269.3478260869565
2025-08-26 16:00:00,5704,4.185264569250427,1.7936848153930403,16.5,15.0,172.0,269.3478260869565
2025-08-26 17:00:00,5705,4.2398227577235605,1.8170668961672403,16.5,15.0,190.0,269.3478260869565
2025-08-26 18:00:00,5706,4.203066354104415,1.801314151759035,16.5,9.522064149188651,210.0,269.3478260869565
2025-08-26 19:00:00,5707,4.326870796945544,1.854373198690947,16.5,7.002675434790391,217.0,269.3478260869565
2025-08-26 20:00:00,5708,4.216666921799526,1.807142966485511,16.5,6.647455816357333,214.0,269.3478260869565
2025-08-26 21:00:00,5709,4.466263832718971,1.9141130711652727,16.4,8.820294704955424,187.0,269.3478260869565
2025-08-26 22:00:00,5710,4.404748762756512,1.8877494697527903,16.4,12.219429075686888,173.0,269.3478260869565
2025-08-26 23:00:00,5711,4.535363578714808,1.943727248020632,16.3,12.331674542630441,179.0,269.3478260869565
2025-08-27 00:00:00,5712,4.367477818646552,1.8717762079913798,16.2,14.505500879271413,162.0,269.3478260869565
2025-08-27 01:00:00,5713,5.018265516104455,2.1506852211876235,16.1,15.0,160.0,269.3478260869565
2025-08-27 02:00:00,5714,4.581882878141261,1.9636640906319691,16.0,15.0,169.0,269.3478260869565
2025-08-27 03:00:00,5715,4.481197496059735,1.920513212597029,15.9,15.0,168.0,269.3478260869565
2025-08-27 04:00:00,5716,4.329268093162673,1.8554006113554313,15.7,15.0,179.0,269.3478260869565
2025-08-27 05:00:00,5717,4.274633199502898,1.8319856569298134,15.6,15.0,204.0,269.3478260869565
2025-08-27 06:00:00,5718,3.9267914188832567,1.6829106080928244,15.4,15.0,216.0,269.3478260869565
2025-08-27 07:00:00,5719,4.215055198356625,1.8064522278671247,15.4,15.0,202.0,269.3478260869565
2025-08-27 08:00:00,5720,4.432737486975901,1.8997446372753861,15.4,15.0,192.0,269.3478260869565
2025-08-27 09:00:00,5721,4.213766641794016,1.8058999893402925,15.4,13.501930990946798,163.0,269.3478260869565
2025-08-27 10:00:00,5722,4.7705513673639235,2.044522014584538,15.4,7.624237821799142,132.0,269.3478260869565
2025-08-27 11:00:00,5723,4.307685283488603,1.8461508357808296,15.5,6.144164267066785,105.0,269.3478260869565
2025-08-27 12:00:00,5724,4.432126258471062,1.8994826822018838,15.5,3.990971511317334,100.0,269.3478260869565
2025-08-27 13:00:00,5725,5.415309381114337,2.3208468776204305,15.5,4.926984641859938,110.0,269.3478260869565
2025-08-27 14:00:00,5726,4.725072203971485,2.025030944559208,15.5,9.702870554524381,110.0,269.3478260869565
2025-08-27 15:00:00,5727,4.7871987048455935,2.0516565877909687,15.6,15.0,138.0,269.3478260869565
2025-08-27 16:00:00,5728,4.841962740039776,2.0751268885884753,15.6,15.0,161.0,269.3478260869565
2025-08-27 17:00:00,5729,5.2711074143571715,2.259046034724502,15.6,15.0,179.0,269.3478260869565
2025-08-27 18:00:00,5730,5.134212026350946,2.200376582721834,15.6,14.129902579048176,193.0,269.3478260869565
2025-08-27 19:00:00,5731,5.24914007007429,2.249631458603267,15.6,15.0,198.0,269.3478260869565
2025-08-27 20:00:00,5732,4.874002035330422,2.0888580151416094,15.6,12.61142862309206,201.0,269.3478260869565
2025-08-27 21:00:00,5733,5.148237254672586,2.2063873948596795,15.5,8.881154298775613,186.0,269.3478260869565
2025-08-27 22:00:00,5734,5.271482477404055,2.2592067760303087,15.5,9.274534978573065,183.0,269.3478260869565
2025-08-27 23:00:00,5735,5.389222600828122,2.309666828926338,15.4,7.7359336142682835,187.0,269.3478260869565
2025-08-28 00:00:00,5736,5.76208732474811,2.4694659963206185,15.4,6.727974484950478,185.0,269.3478260869565
2025-08-28 01:00:00,5737,5.1140898252173725,2.1917527822360166,15.4,7.308747411728909,169.0,269.3478260869565
2025-08-28 02:00:00,5738,4.903754456289279,2.101609052695405,15.4,7.24587306451779,163.0,269.3478260869565
2025-08-28 03:00:00,5739,4.621779166017233,1.9807624997216713,15.4,6.949401912879534,175.0,269.3478260869565
2025-08-28 04:00:00,5740,4.5562259874546625,1.9526682803377122,15.4,7.198786788685097,188.0,269.3478260869565
2025-08-28 05:00:00,5741,4.598930969655019,1.9709704155664363,15.3,7.908680468126814,190.0,269.3478260869565
2025-08-28 06:00:00,5742,4.545615905671781,1.948121102430763,15.3,7.736059292853063,185.0,269.3478260869565
2025-08-28 07:00:00,5743,4.489068700558455,1.9238865859536234,15.3,6.961197545166843,184.0,269.3478260869565
2025-08-28 08:00:00,5744,4.4387441371185705,1.902318915907959,15.3,6.2848509747196175,175.0,269.3478260869565
2025-08-28 09:00:00,5745,4.159949101155686,1.7828353290667225,15.3,6.745080800208023,181.0,269.3478260869565
2025-08-28 10:00:00,5746,4.343774766223384,1.861617756952879,15.4,6.10209953276358,177.0,269.3478260869565
2025-08-28 11:00:00,5747,4.43349409437527,1.9000688975894016,15.4,5.166426049889091,172.0,269.3478260869565
2025-08-28 12:00:00,5748,4.589415237164983,1.9668922444992782,15.4,5.9251937192248665,145.0,269.3478260869565
2025-08-28 13:00:00,5749,5.1140498026461785,2.191735629705505,15.4,6.1556466821765765,124.0,269.3478260869565
2025-08-28 14:00:00,5750,5.410686432622546,2.318865613981091,15.4,5.764781765361471,139.0,269.3478260869565
2025-08-28 15:00:00,5751,4.953607222897794,2.1229745240990545,15.4,6.497138706864407,134.0,269.3478260869565
2025-08-28 16:00:00,5752,5.5903693395256635,2.395872574082427,15.4,6.198636544734612,173.0,269.3478260869565
2025-08-28 17:00:00,5753,5.030012696809914,2.1557197272042488,15.4,5.8361612751847565,188.0,269.3478260869565
2025-08-28 18:00:00,5754,4.722721155804334,2.0240233524875713,15.4,5.6363149854911185,207.0,269.3478260869565
2025-08-28 19:00:00,5755,4.841392859812739,2.0748826542054593,15.4,5.600923701009878,209.0,269.3478260869565
2025-08-28 20:00:00,5756,4.91994654463897,2.1085485191309865,15.4,5.6471082653702345,193.0,269.3478260869565
2025-08-28 21:00:00,5757,4.9140999408368895,2.106042831787238,15.4,5.4080134945162985,183.0,269.3478260869565
2025-08-28 22:00:00,5758,5.209461537460391,2.23262637319731,15.3,5.44132044564434,166.0,269.3478260869565
2025-08-28 23:00:00,5759,5.5423998738133875,2.375314231634309,15.3,5.423171687724227,151.0,269.3478260869565
2025-08-29 00:00:00,5760,5.434616160449826,2.329121211621354,15.3,4.318669526672076,158.0,269.3478260869565
2025-08-29 01:00:00,5761,4.978657014173669,2.133710148931572,15.3,3.888568701810228,158.0,269.3478260869565
2025-08-29 02:00:00,5762,4.961714515538912,2.1264490780881045,15.2,3.975531421999931,162.0,269.3478260869565
2025-08-29 03:00:00,5763,5.262999732349572,2.255571313864102,15.2,3.3515973794640037,175.0,269.3478260869565
2025-08-29 04:00:00,5764,5.018107910159691,2.1506176757827244,15.2,3.1460347052478497,184.0,269.3478260869565
2025-08-29 05:00:00,5765,4.889303674773341,2.095415860617146,15.2,3.2162661246003115,188.0,269.3478260869565
2025-08-29 06:00:00,5766,4.776576773244614,2.0471043313905484,15.2,3.543109379935087,182.0,269.3478260869565
2025-08-29 07:00:00,5767,4.49219339362763,1.925225740126127,15.2,3.643283316887412,167.0,269.3478260869565
2025-08-29 08:00:00,5768,4.6365426837265336,1.9870897215970855,15.2,3.5701556465539706,148.0,269.3478260869565
2025-08-29 09:00:00,5769,4.597405952595494,1.97031683682664,15.2,3.4540776873633408,140.0,269.3478260869565
2025-08-29 10:00:00,5770,3.7892453837887072,1.6239623073380174,15.2,1.989128194937824,131.0,269.3478260869565
2025-08-29 11:00:00,5771,4.070499225110393,1.744499667904454,15.3,1.7927853808019742,128.0,269.3478260869565
2025-08-29 12:00:00,5772,4.183809763114796,1.7930613270491986,15.3,1.6716122823874981,116.0,269.3478260869565
2025-08-29 13:00:00,5773,4.250586107356188,1.8216797602955093,15.4,1.8664992919085222,113.0,269.3478260869565
2025-08-29 14:00:00,5774,4.424253200888867,1.896108514666657,15.4,1.8091309572480063,126.0,269.3478260869565
2025-08-29 15:00:00,5775,4.542526237517148,1.9467969589359202,15.4,1.7535155895068355,161.0,269.3478260869565
2025-08-29 16:00:00,5776,4.774397133045379,2.046170199876591,15.4,2.450886315029741,177.0,269.3478260869565
2025-08-29 17:00:00,5777,4.717442819277933,2.0217612082619714,15.5,3.9660413680013846,196.0,269.3478260869565
2025-08-29 18:00:00,5778,5.117449218269202,2.193192522115372,15.5,5.182264413662401,218.0,269.3478260869565
2025-08-29 19:00:00,5779,4.76987124707361,2.044230534460118,15.5,6.345203022169549,221.0,269.3478260869565
2025-08-29 20:00:00,5780,5.6917720062456,2.4393308598195422,15.4,7.483170436526921,224.0,269.3478260869565
2025-08-29 21:00:00,5781,5.376573815589644,2.30424592096699,15.4,6.842879833869635,212.0,269.3478260869565
2025-08-29 22:00:00,5782,5.233670493160236,2.2430016399258155,15.4,7.043152146464492,215.0,269.3478260869565
2025-08-29 23:00:00,5783,4.849762860761897,2.0784697974693844,15.4,6.401913503347204,224.0,269.3478260869565
2025-08-30 00:00:00,5784,5.537537760699172,2.3732304688710735,15.4,4.849452880246848,221.0,269.3478260869565
2025-08-30 01:00:00,5785,5.38976761552663,2.3099004066542697,15.4,2.892850462370081,226.0,269.3478260869565
2025-08-30 02:00:00,5786,4.663378675298865,1.9985908608423706,15.4,1.755924263457174,215.0,269.3478260869565
2025-08-30 03:00:00,5787,4.2658653040704975,1.8282279874587843,15.4,1.231762968861118,181.0,269.3478260869565
2025-08-30 04:00:00,5788,4.23798469039617,1.8162791530269302,15.3,1.5700002569360838,155.0,269.3478260869565
2025-08-30 05:00:00,5789,4.653061795830553,1.9941693410702368,15.3,1.96084991653649,138.0,269.3478260869565
2025-08-30 06:00:00,5790,4.6374902644283384,1.987495827612145,15.3,2.7163921341411132,119.0,269.3478260869565
2025-08-30 07:00:00,5791,4.442864908244244,1.9040849606761046,15.3,4.458961616973301,123.0,269.3478260869565
2025-08-30 08:00:00,5792,4.343071579083011,1.861316391035576,15.2,8.108034649132545,84.0,269.3478260869565
2025-08-30 09:00:00,5793,4.66708608499941,2.0001797507140324,15.2,15.0,80.0,269.3478260869565
2025-08-30 10:00:00,5794,4.176008001048227,1.7897177147349543,15.2,15.0,92.0,269.3478260869565
2025-08-30 11:00:00,5795,5.678758601534284,2.4337536863718356,15.1,15.0,102.0,269.3478260869565
2025-08-30 12:00:00,5796,5.5073706622624155,2.360301712398178,15.1,15.0,92.0,269.3478260869565
2025-08-30 13:00:00,5797,5.93165920453749,2.5421396590874954,15.1,15.0,90.0,269.3478260869565
2025-08-30 14:00:00,5798,5.933013724664395,2.542720167713312,15.1,15.0,90.0,269.3478260869565
2025-08-30 15:00:00,5799,5.919151182698047,2.536779078299163,15.1,15.0,92.0,269.3478260869565
2025-08-30 16:00:00,5800,5.46133043369338,2.3405701858685917,15.1,15.0,90.0,269.3478260869565
2025-08-30 17:00:00,5801,5.23933296820536,2.245428414945154,15.1,15.0,93.0,269.3478260869565
2025-08-30 18:00:00,5802,4.833230744538971,2.0713846048024163,15.1,15.0,92.0,269.3478260869565
2025-08-30 19:00:00,5803,4.998010902999225,2.1420046727139535,15.1,15.0,104.0,269.3478260869565
2025-08-30 20:00:00,5804,4.905961381891157,2.102554877953353,15.0,15.0,97.0,269.3478260869565
2025-08-30 21:00:00,5805,4.771226732519827,2.0448114567942115,15.0,15.0,96.0,269.3478260869565
2025-08-30 22:00:00,5806,4.667442357690318,2.0003324390101356,15.0,15.0,98.0,269.3478260869565
2025-08-30 23:00:00,5807,5.093809778457736,2.1830613336247437,14.9,15.0,97.0,269.3478260869565
2025-08-31 00:00:00,5808,5.530808463627215,2.3703464844116633,14.9,15.0,102.0,269.3478260869565
2025-08-31 01:00:00,5809,5.441831569753911,2.332213529894533,14.9,15.0,111.0,269.3478260869565
2025-08-31 02:00:00,5810,4.882562360893003,2.092526726097001,14.9,15.0,110.0,269.3478260869565
2025-08-31 03:00:00,5811,4.938614735349695,2.1165491722927263,14.9,15.0,116.0,269.3478260869565
2025-08-31 04:00:00,5812,4.937598667179216,2.1161137145053783,14.9,15.0,113.0,269.3478260869565
2025-08-31 05:00:00,5813,4.9564174899368165,2.124178924258636,14.8,15.0,114.0,269.3478260869565
2025-08-31 06:00:00,5814,4.3672582224277745,1.8716820953261888,14.8,15.0,106.0,269.3478260869565
2025-08-31 07:00:00,5815,4.470334639707389,1.9158577027317378,14.8,15.0,99.0,269.3478260869565
2025-08-31 08:00:00,5816,5.430053297080983,2.3271656987489924,14.8,15.0,101.0,269.3478260869565
2025-08-31 09:00:00,5817,5.692872792603904,2.4398026254016734,14.8,15.0,105.0,269.3478260869565
2025-08-31 10:00:00,5818,6.284325086581527,2.693282179963511,14.8,15.0,98.0,269.3478260869565
2025-08-31 11:00:00,5819,6.023172646069242,2.5813597054582464,14.8,15.0,99.0,269.3478260869565
2025-08-31 12:00:00,5820,5.957790456122474,2.5533387669096315,14.8,15.0,102.0,269.3478260869565
2025-08-31 13:00:00,5821,4.8359230840466605,2.072538464591426,14.8,15.0,98.0,269.3478260869565
2025-08-31 14:00:00,5822,5.067166648897273,2.1716428495274025,14.8,15.0,91.0,269.3478260869565
2025-08-31 15:00:00,5823,4.8167849467298,2.0643364057413427,14.8,15.0,85.0,269.3478260869565
2025-08-31 16:00:00,5824,4.493843050099752,1.9259327357570366,14.7,15.0,86.0,269.3478260869565
2025-08-31 17:00:00,5825,4.800496378062673,2.057355590598288,14.7,15.0,96.0,269.3478260869565
2025-08-31 18:00:00,5826,5.030853527674118,2.156080083288908,14.7,15.0,106.0,269.3478260869565
2025-08-31 19:00:00,5827,5.024228168989676,2.153240643852718,14.7,15.0,120.0,269.3478260869565
2025-08-31 20:00:00,5828,5.093100624064956,2.182757410313552,14.7,15.0,115.0,269.3478260869565
2025-08-31 21:00:00,5829,4.766051155705586,2.042593352445251,14.7,15.0,117.0,269.3478260869565
2025-08-31 22:00:00,5830,5.424961768967226,2.324983615271668,14.6,15.0,126.0,269.3478260869565
2025-08-31 23:00:00,5831,4.967405478155552,2.128888062066665,14.6,15.0,127.0,269.3478260869565
2025-09-01 00:00:00,5832,5.294541923076267,2.269089395604114,14.6,15.0,125.0,269.3478260869565
2025-09-01 01:00:00,5833,4.866270275785096,2.0855444039078983,14.6,15.0,122.0,269.3478260869565
2025-09-01 02:00:00,5834,4.386703353087791,1.88001572275191,14.6,13.266863165919268,123.0,269.3478260869565
2025-09-01 03:00:00,5835,3.9740113645401216,1.703147727660052,14.6,9.303767518196146,124.0,269.3478260869565
2025-09-01 04:00:00,5836,3.7946366071978845,1.6262728316562363,14.6,7.070364413142115,124.0,269.3478260869565
2025-09-01 05:00:00,5837,3.6855549716169005,1.579523559264386,14.6,5.626354540738831,115.0,269.3478260869565
2025-09-01 06:00:00,5838,4.06347686735301,1.741490086008433,14.6,6.031497503337469,100.0,269.3478260869565
2025-09-01 07:00:00,5839,3.532465790962082,1.5139139104123205,14.6,7.617104387039943,95.0,269.3478260869565
2025-09-01 08:00:00,5840,3.8069534335000004,1.6315514715000001,14.6,10.297214931168838,94.0,269.3478260869565
2025-09-01 09:00:00,5841,4.21120367977268,1.8048015770454342,14.6,11.63283683497813,93.0,269.3478260869565
2025-09-01 10:00:00,5842,4.685191606836057,2.0079392600725954,14.6,9.01269254484887,95.0,269.3478260869565
2025-09-01 11:00:00,5843,4.951804277246088,2.1222018331054664,14.7,11.00110720137343,95.0,269.3478260869565
2025-09-01 12:00:00,5844,4.716359950558756,2.0212971216680384,14.7,10.613188398699705,98.0,269.3478260869565
2025-09-01 13:00:00,5845,4.662266672080065,1.9981142880343137,14.7,12.71303161964499,96.0,269.3478260869565
2025-09-01 14:00:00,5846,4.875840514366043,2.089645934728304,14.8,13.87027708453217,96.0,269.3478260869565
2025-09-01 15:00:00,5847,5.22054814872274,2.2373777780240314,14.8,12.542057561259224,99.0,269.3478260869565
2025-09-01 16:00:00,5848,5.245297265706229,2.2479845424455265,14.8,11.393028104705163,137.0,269.3478260869565
2025-09-01 17:00:00,5849,4.973511216372608,2.1315048070168316,14.8,9.245236433319604,167.0,269.3478260869565
2025-09-01 18:00:00,5850,5.207621191527997,2.2318376535119984,14.8,8.893262578897563,199.0,269.3478260869565
2025-09-01 19:00:00,5851,4.994731388978536,2.1405991667050865,14.8,8.150220332861231,208.0,269.3478260869565
2025-09-01 20:00:00,5852,4.89992494453039,2.0999678333701675,14.8,6.009316989111176,201.0,269.3478260869565
2025-09-01 21:00:00,5853,5.192557159489752,2.225381639781322,14.7,5.171359535488253,205.0,269.3478260869565
2025-09-01 22:00:00,5854,5.445013096162828,2.3335770412126404,14.7,4.46672826473691,196.0,269.3478260869565
2025-09-01 23:00:00,5855,5.389292032105854,2.309696585188223,14.6,4.02856004730703,187.0,269.3478260869565
2025-09-02 00:00:00,5856,5.901232906875087,2.5290998172321797,14.6,4.586964493668263,192.0,269.3478260869565
2025-09-02 01:00:00,5857,5.321967112276802,2.2808430481186295,14.6,3.217305839903966,213.0,269.3478260869565
2025-09-02 02:00:00,5858,5.265243213117305,2.256532805621702,14.6,2.0284678990781844,231.0,269.3478260869565
2025-09-02 03:00:00,5859,4.8554485414529225,2.080906517765538,14.6,1.126976210484007,253.0,269.3478260869565
2025-09-02 04:00:00,5860,4.731272221839996,2.0276880950742835,14.6,0.5477350732789675,268.0,269.3478260869565
2025-09-02 05:00:00,5861,4.688911734084897,2.0095336003220985,14.6,0.3202662925337654,283.0,269.3478260869565
2025-09-02 06:00:00,5862,4.91084009799402,2.1046457562831518,14.6,0.1603617108417759,288.0,269.3478260869565
2025-09-02 07:00:00,5863,4.692024525373781,2.01086765373162,14.6,0.0,281.0,269.3478260869565
2025-09-02 08:00:00,5864,3.8929066637806122,1.668388570191691,14.8,0.0,254.0,269.3478260869565
2025-09-02 09:00:00,5865,3.743780142520979,1.6044772039375623,14.8,0.0,237.0,269.3478260869565
2025-09-02 10:00:00,5866,3.9959142434013604,1.7125346757434403,14.9,0.0,216.0,269.3478260869565
2025-09-02 11:00:00,5867,3.7150141399782624,1.592148917133541,15.0,0.0,216.0,269.3478260869565
2025-09-02 12:00:00,5868,3.6969896603082137,1.5844241401320913,15.1,0.0,215.0,269.3478260869565
2025-09-02 13:00:00,5869,3.680907012447761,1.577531576763326,15.1,0.4254955220617622,217.0,269.3478260869565
2025-09-02 14:00:00,5870,3.9432618459534794,1.6899693625514909,15.1,0.7556975405596488,238.0,269.3478260869565
2025-09-02 15:00:00,5871,3.828984063381959,1.6409931700208396,15.1,0.9014684934423257,266.0,269.3478260869565
2025-09-02 16:00:00,5872,3.964220793039821,1.6989517684456374,15.1,1.1208318479049886,285.0,269.3478260869565
2025-09-02 17:00:00,5873,3.895113106733702,1.669334188600158,15.1,1.3945937382209854,288.0,269.3478260869565
2025-09-02 18:00:00,5874,4.0659899945202636,1.7425671405086842,15.1,1.9440513850398875,292.0,269.3478260869565
2025-09-02 19:00:00,5875,4.934599134956187,2.114828200695509,15.1,2.4899624518550163,284.0,269.3478260869565
2025-09-02 20:00:00,5876,5.064327071848182,2.170425887934935,15.1,2.229592623750496,277.0,269.3478260869565
2025-09-02 21:00:00,5877,4.693649413252973,2.0115640342512737,15.1,2.1601311836124553,259.0,269.3478260869565
2025-09-02 22:00:00,5878,4.726235686477311,2.0255295799188473,15.1,2.6287003099973894,245.0,269.3478260869565
2025-09-02 23:00:00,5879,4.6777939785779665,2.0047688479619854,15.0,2.184171781592989,240.0,269.3478260869565
2025-09-03 00:00:00,5880,5.082257623111733,2.178110409905029,15.0,2.908682284602754,244.0,269.3478260869565
2025-09-03 01:00:00,5881,5.05098821563543,2.1647092352723267,15.0,2.93687839990078,246.0,269.3478260869565
2025-09-03 02:00:00,5882,4.973270543705892,2.131401661588239,15.0,3.087463464124705,234.0,269.3478260869565
2025-09-03 03:00:00,5883,4.639466241379979,1.9883426748771338,15.0,3.0161687979360394,236.0,269.3478260869565
2025-09-03 04:00:00,5884,4.708783457964575,2.0180500534133894,15.0,3.3698522570707805,250.0,269.3478260869565
2025-09-03 05:00:00,5885,4.812807316266582,2.0626317069713926,15.0,3.1214500494503703,267.0,269.3478260869565
2025-09-03 06:00:00,5886,4.723805341092926,2.0244880033255397,15.0,2.7898238174013623,262.0,269.3478260869565
2025-09-03 07:00:00,5887,4.4683476845005545,1.9150061505002374,15.1,3.3525193920347918,250.0,269.3478260869565
2025-09-03 08:00:00,5888,4.897023685796436,2.098724436769901,15.1,5.609796930901877,218.0,269.3478260869565
2025-09-03 09:00:00,5889,5.437339605037565,2.330288402158956,15.1,6.250758556010493,182.0,269.3478260869565
2025-09-03 10:00:00,5890,5.228373096780949,2.240731327191835,15.1,2.7262401052540355,167.0,269.3478260869565
2025-09-03 11:00:00,5891,4.796982092333625,2.055849468142982,15.2,3.1161925484852695,157.0,269.3478260869565
2025-09-03 12:00:00,5892,4.944383174002651,2.1190213602868497,15.2,3.9983001307087203,154.0,269.3478260869565
2025-09-03 13:00:00,5893,5.153859471595103,2.208796916397901,15.2,6.274464975381873,147.0,269.3478260869565
2025-09-03 14:00:00,5894,5.07747151916808,2.1760592225006055,15.2,7.969810366730366,127.0,269.3478260869565
2025-09-03 15:00:00,5895,5.174048997528706,2.217449570369445,15.1,7.381338729363711,166.0,269.3478260869565
2025-09-03 16:00:00,5896,5.03304886473412,2.157020942028909,15.1,6.292394039554354,190.0,269.3478260869565
2025-09-03 17:00:00,5897,5.058663500341488,2.167998643003495,15.1,9.311243650056934,222.0,269.3478260869565
2025-09-03 18:00:00,5898,5.310311735908,2.2758478868177137,15.1,11.435367223691351,241.0,269.3478260869565
2025-09-03 19:00:00,5899,5.262102842490856,2.255186932496081,15.1,9.784943590611382,258.0,269.3478260869565
2025-09-03 20:00:00,5900,5.59153001764729,2.3963700075631245,15.1,8.32990086701363,255.0,269.3478260869565
2025-09-03 21:00:00,5901,5.623341652934551,2.410003565543379,15.1,6.3032777413051475,241.0,269.3478260869565
2025-09-03 22:00:00,5902,5.545755279659909,2.3767522627113897,15.1,3.8938038212977526,230.0,269.3478260869565
2025-09-03 23:00:00,5903,5.401158281380662,2.314782120591712,15.0,2.811929801286108,221.0,269.3478260869565
2025-09-04 00:00:00,5904,5.836996677654119,2.501570004708908,15.0,1.977823779575755,215.0,269.3478260869565
2025-09-04 01:00:00,5905,5.479712256287616,2.3484481098375496,15.0,1.2235654121079136,199.0,269.3478260869565
2025-09-04 02:00:00,5906,5.724130431838515,2.4531987565022204,14.9,0.7012160492533287,187.0,269.3478260869565
2025-09-04 03:00:00,5907,5.696666536114192,2.44142851547751,14.9,0.4490925455712201,180.0,269.3478260869565
2025-09-04 04:00:00,5908,6.403258183672041,2.7442535072880174,14.9,0.4139000398199271,216.0,269.3478260869565
2025-09-04 05:00:00,5909,6.346857511069491,2.720081790458353,14.9,0.3003067637531682,226.0,269.3478260869565
2025-09-04 06:00:00,5910,6.26816228911398,2.686355266763134,14.9,0.446344388942282,239.0,269.3478260869565
2025-09-04 07:00:00,5911,5.998918892112972,2.570965239476988,14.9,0.8330470159041315,248.0,269.3478260869565
2025-09-04 08:00:00,5912,6.38624989537395,2.7369642408745496,15.0,1.023401868498585,248.0,269.3478260869565
2025-09-04 09:00:00,5913,6.3543246759544205,2.723282003980466,15.1,0.9046829069088416,219.0,269.3478260869565
2025-09-04 10:00:00,5914,6.16315910191191,2.64135390081939,15.1,0.5364027295568913,181.0,269.3478260869565
2025-09-04 11:00:00,5915,5.036841456303964,2.1586463384159846,15.2,0.7593123237558217,167.0,269.3478260869565
2025-09-04 12:00:00,5916,5.7076854439381535,2.4461509045449223,15.2,0.9070145393304372,139.0,269.3478260869565
2025-09-04 13:00:00,5917,5.6084051076220645,2.4036021889808845,15.3,0.7833841811170191,118.0,269.3478260869565
2025-09-04 14:00:00,5918,6.137565246163312,2.630385105498562,15.3,1.1677098944498416,124.0,269.3478260869565
2025-09-04 15:00:00,5919,5.406696414869524,2.3171556063726526,15.3,1.6222327386774569,142.0,269.3478260869565
2025-09-04 16:00:00,5920,5.050699005048353,2.164585287877865,15.3,0.6966358899898535,176.0,269.3478260869565
2025-09-04 17:00:00,5921,6.276660590757471,2.689997396038916,15.3,2.450787081107345,200.0,269.3478260869565
2025-09-04 18:00:00,5922,5.921009887054572,2.537575665880531,15.3,4.166439271861087,236.0,269.3478260869565
2025-09-04 19:00:00,5923,4.9236951304973715,2.110155055927445,15.3,5.171359535488253,233.0,269.3478260869565
2025-09-04 20:00:00,5924,6.029663816643605,2.5841416357044023,15.2,5.236559099353934,224.0,269.3478260869565
2025-09-04 21:00:00,5925,5.98419113830103,2.5646533449861555,15.2,4.857378271432536,211.0,269.3478260869565
2025-09-04 22:00:00,5926,6.340256572527418,2.717252816797465,15.1,9.223337275856874,231.0,269.3478260869565
2025-09-04 23:00:00,5927,5.882299243130573,2.5209853899131027,15.1,8.391536657893784,227.0,269.3478260869565
2025-09-05 00:00:00,5928,6.483099410918307,2.7784711761078458,15.1,6.258179159998179,208.0,269.3478260869565
2025-09-05 01:00:00,5929,6.226523505198463,2.6685100736564835,15.1,5.353748668798468,198.0,269.3478260869565
2025-09-05 02:00:00,5930,5.823455173278898,2.4957665028338134,15.1,5.747097819572283,204.0,269.3478260869565
2025-09-05 03:00:00,5931,5.376783349967492,2.304335721414639,15.0,5.644289230225217,212.0,269.3478260869565
2025-09-05 04:00:00,5932,4.459808349322145,1.9113464354237766,15.0,4.691852104809001,256.0,269.3478260869565
2025-09-05 05:00:00,5933,5.93630994515078,2.5441328336360485,15.0,3.7229233680564895,256.0,269.3478260869565
2025-09-05 06:00:00,5934,5.849265921511336,2.506828252076287,15.0,3.1487768219884447,259.0,269.3478260869565
2025-09-05 07:00:00,5935,5.709226781461776,2.4468114777693324,15.0,2.3435206657943692,256.0,269.3478260869565
2025-09-05 08:00:00,5936,5.974503322060081,2.5605014237400345,15.1,2.2287212134951595,237.0,269.3478260869565
2025-09-05 09:00:00,5937,5.981474464614254,2.5634890562632515,15.1,2.1461048005860253,209.0,269.3478260869565
2025-09-05 10:00:00,5938,5.9962038794323185,2.5698016626138505,15.1,1.3415773097279766,193.0,269.3478260869565
2025-09-05 11:00:00,5939,6.002498552322316,2.5724993795667066,15.2,0.9057287790806142,189.0,269.3478260869565
2025-09-05 12:00:00,5940,5.997632301842312,2.570413843646705,15.2,1.4200827957815267,178.0,269.3478260869565
2025-09-05 13:00:00,5941,6.061714808050386,2.597877774878737,15.3,2.798583569604399,172.0,269.3478260869565
2025-09-05 14:00:00,5942,5.602214652504649,2.4009491367877063,15.3,4.516687854744783,173.0,269.3478260869565
2025-09-05 15:00:00,5943,5.625426225763219,2.410896953898522,15.4,7.025023017613613,202.0,269.3478260869565
2025-09-05 16:00:00,5944,5.729147853884241,2.4553490802361035,15.4,8.479548748444888,229.0,269.3478260869565
2025-09-05 17:00:00,5945,5.788760230925883,2.480897241825378,15.4,8.730879257655822,261.0,269.3478260869565
2025-09-05 18:00:00,5946,5.6144955479463245,2.4062123776912823,15.4,8.924603442383377,274.0,269.3478260869565
2025-09-05 19:00:00,5947,5.236110393753776,2.2440473116087607,15.4,8.67880329885589,267.0,269.3478260869565
2025-09-05 20:00:00,5948,5.745180253406456,2.4622201086027666,15.4,8.059758261595631,250.0,269.3478260869565
2025-09-05 21:00:00,5949,5.514572516712613,2.363388221448263,15.3,7.247929076216974,223.0,269.3478260869565
2025-09-05 22:00:00,5950,5.67448845348051,2.4319236229202184,15.2,7.803928881077067,188.0,269.3478260869565
2025-09-05 23:00:00,5951,5.907011008018433,2.5315761462936135,15.2,6.56833453137404,181.0,269.3478260869565
2025-09-06 00:00:00,5952,5.906287439134687,2.5312660453434366,15.1,8.604932542898727,177.0,269.3478260869565
2025-09-06 01:00:00,5953,5.1600657706375905,2.211456758844682,15.1,11.975407415977559,155.0,269.3478260869565
2025-09-06 02:00:00,5954,5.301892448585495,2.2722396208223548,15.1,14.837286614252386,120.0,269.3478260869565
2025-09-06 03:00:00,5955,4.183487421286761,1.7929231805514692,15.1,15.0,115.0,269.3478260869565
2025-09-06 04:00:00,5956,3.6248003097997734,1.5534858470570456,15.0,15.0,129.0,269.3478260869565
2025-09-06 05:00:00,5957,4.937409016432937,2.1160324356141156,15.0,15.0,153.0,269.3478260869565
2025-09-06 06:00:00,5958,5.509219854244671,2.3610942232477163,14.9,15.0,137.0,269.3478260869565
2025-09-06 07:00:00,5959,5.401868876793424,2.315086661482896,14.9,15.0,119.0,269.3478260869565
2025-09-06 08:00:00,5960,5.577200495637656,2.3902287838447096,14.9,15.0,119.0,269.3478260869565
2025-09-06 09:00:00,5961,5.6316459665858485,2.413562557108221,14.9,15.0,95.0,269.3478260869565
2025-09-06 10:00:00,5962,6.074009156946505,2.603146781548502,14.8,15.0,84.0,269.3478260869565
2025-09-06 11:00:00,5963,5.339695474028146,2.288440917440634,14.8,15.0,86.0,269.3478260869565
2025-09-06 12:00:00,5964,5.988821555639316,2.5666378095597064,14.8,15.0,91.0,269.3478260869565
2025-09-06 13:00:00,5965,5.3985216878385724,2.313652151930816,14.7,15.0,91.0,269.3478260869565
2025-09-06 14:00:00,5966,5.713459333934495,2.4486254288290694,14.7,15.0,91.0,269.3478260869565
2025-09-06 15:00:00,5967,5.8019933557356875,2.48656858102958,14.6,15.0,96.0,269.3478260869565
2025-09-06 16:00:00,5968,5.926106012300765,2.5397597195574706,14.6,15.0,111.0,269.3478260869565
2025-09-06 17:00:00,5969,5.749424345438369,2.4640390051878724,14.6,15.0,127.0,269.3478260869565
2025-09-06 18:00:00,5970,5.733534613207157,2.4572291199459237,14.6,15.0,128.0,269.3478260869565
2025-09-06 19:00:00,5971,5.253932580415802,2.251685391606772,14.5,15.0,123.0,269.3478260869565
2025-09-06 20:00:00,5972,5.7728693661230075,2.4740868711955746,14.5,15.0,120.0,269.3478260869565
2025-09-06 21:00:00,5973,5.8144031026374865,2.4918870439874943,14.4,15.0,120.0,269.3478260869565
2025-09-06 22:00:00,5974,5.802644751767973,2.4868477507577027,14.4,15.0,120.0,269.3478260869565
2025-09-06 23:00:00,5975,5.533712581323222,2.3715911062813806,14.4,15.0,102.0,269.3478260869565
2025-09-07 00:00:00,5976,5.585476296362009,2.393775555583718,14.4,15.0,94.0,269.3478260869565
2025-09-07 01:00:00,5977,5.645320819693124,2.4194232084399103,14.4,15.0,89.0,269.3478260869565
2025-09-07 02:00:00,5978,5.4974429833753815,2.3560469928751635,14.4,15.0,93.0,269.3478260869565
2025-09-07 03:00:00,5979,5.659852659217613,2.425651139664691,14.3,15.0,105.0,269.3478260869565
2025-09-07 04:00:00,5980,5.662283493028664,2.4266929255837133,14.3,15.0,112.0,269.3478260869565
2025-09-07 05:00:00,5981,5.59365639036741,2.397281310157461,14.2,15.0,116.0,269.3478260869565
2025-09-07 06:00:00,5982,5.613691525542734,2.4058677966611715,14.2,15.0,123.0,269.3478260869565
2025-09-07 07:00:00,5983,5.516794847363546,2.3643406488700913,14.2,15.0,111.0,269.3478260869565
2025-09-07 08:00:00,5984,5.030310645638773,2.1558474195594735,14.2,15.0,102.0,269.3478260869565
2025-09-07 09:00:00,5985,4.806268205677357,2.059829231004582,14.2,15.0,98.0,269.3478260869565
2025-09-07 10:00:00,5986,5.061619876788265,2.169265661480685,14.2,15.0,96.0,269.3478260869565
2025-09-07 11:00:00,5987,5.090684448530479,2.1817219065130624,14.2,15.0,98.0,269.3478260869565
2025-09-07 12:00:00,5988,4.509106410963,1.932474176127,14.2,15.0,103.0,269.3478260869565
2025-09-07 13:00:00,5989,5.046239293894849,2.1626739830977924,14.3,10.912469395489072,101.0,269.3478260869565
2025-09-07 14:00:00,5990,4.569894540635064,1.958526231700742,14.4,5.0693689757345535,100.0,269.3478260869565
2025-09-07 15:00:00,5991,5.022024322492706,2.15229613821116,14.4,3.11821004172693,102.0,269.3478260869565
2025-09-07 16:00:00,5992,5.086260691526851,2.1798260106543643,14.4,1.901835082059414,135.0,269.3478260869565
2025-09-07 17:00:00,5993,5.055532899796592,2.1666569570556824,14.5,1.82803651579603,170.0,269.3478260869565
2025-09-07 18:00:00,5994,5.149458908861044,2.2069109609404474,14.5,2.729679829378748,191.0,269.3478260869565
2025-09-07 19:00:00,5995,5.651998016779343,2.4222848643340043,14.5,3.304071578133036,219.0,269.3478260869565
2025-09-07 20:00:00,5996,5.995708768610637,2.569589472261701,14.5,2.8458618146383325,213.0,269.3478260869565
2025-09-07 21:00:00,5997,5.197522292664097,2.2275095539988983,14.4,1.8946806031127643,187.0,269.3478260869565
2025-09-07 22:00:00,5998,4.944389342248911,2.1190240038209613,14.4,1.6032507707962262,184.0,269.3478260869565
2025-09-07 23:00:00,5999,5.623025652424285,2.4098681367532655,14.4,2.139340283329766,185.0,269.3478260869565
2025-09-08 00:00:00,6000,5.705159280499448,2.445068263071192,14.4,2.524428865534629,178.0,269.3478260869565
2025-09-08 01:00:00,6001,5.557157502283641,2.3816389295501312,14.3,2.7239949955808247,182.0,269.3478260869565
2025-09-08 02:00:00,6002,5.180912867586125,2.220391228965482,14.3,2.978566980009158,186.0,269.3478260869565
2025-09-08 03:00:00,6003,4.877944043216184,2.09054744709265,14.2,2.9411089645821042,197.0,269.3478260869565
2025-09-08 04:00:00,6004,4.5886913944831145,1.9665820262070488,14.2,2.9841027955962227,222.0,269.3478260869565
2025-09-08 05:00:00,6005,4.795726909946236,2.0553115328341005,14.2,2.726912844316456,223.0,269.3478260869565
2025-09-08 06:00:00,6006,4.447014662414881,1.905863426749235,14.2,2.6286133356383354,235.0,269.3478260869565
2025-09-08 07:00:00,6007,4.371354328198407,1.8734375692278888,14.2,2.5074953254743866,227.0,269.3478260869565
2025-09-08 08:00:00,6008,3.785051156356186,1.6221647812955082,14.2,2.1750846851999386,206.0,269.3478260869565
2025-09-08 09:00:00,6009,4.1633263681976045,1.7842827292275445,14.3,2.226515333707418,183.0,269.3478260869565
2025-09-08 10:00:00,6010,4.159480559032073,1.78263452529946,14.4,3.73857741899105,158.0,269.3478260869565
2025-09-08 11:00:00,6011,4.334441256919021,1.857617681536723,14.4,6.842234823601905,143.0,269.3478260869565
2025-09-08 12:00:00,6012,4.993926412917888,2.140254176964809,14.4,8.28154036326448,141.0,269.3478260869565
2025-09-08 13:00:00,6013,5.068700723588141,2.172300310109203,14.5,8.879109934724394,135.0,269.3478260869565
2025-09-08 14:00:00,6014,4.961735556739258,2.126458095745396,14.5,9.807995369213772,152.0,269.3478260869565
2025-09-08 15:00:00,6015,5.10430375443074,2.1875587518988886,14.6,11.84700153585927,185.0,269.3478260869565
2025-09-08 16:00:00,6016,5.078696038722104,2.176584016595187,14.6,13.646508432970922,222.0,269.3478260869565
2025-09-08 17:00:00,6017,5.213303896172883,2.234273098359807,14.6,6.967773207328038,251.0,269.3478260869565
2025-09-08 18:00:00,6018,5.19728461984263,2.2274076942182703,14.6,5.543580782479935,256.0,269.3478260869565
2025-09-08 19:00:00,6019,5.127263801790919,2.197398772196108,14.6,6.010005974371519,236.0,269.3478260869565
2025-09-08 20:00:00,6020,4.921897327827334,2.1093845690688573,14.6,6.621318822961757,215.0,269.3478260869565
2025-09-08 21:00:00,6021,5.065243610261483,2.170818690112064,14.6,8.5325732194613,195.0,269.3478260869565
2025-09-08 22:00:00,6022,4.9593019661529905,2.1254151283512814,14.5,10.531879713542862,165.0,269.3478260869565
2025-09-08 23:00:00,6023,5.176480331311497,2.2184915705620702,14.5,8.287329835388753,125.0,269.3478260869565
2025-09-09 00:00:00,6024,5.5279694190466655,2.369129751019999,14.4,8.324535957265597,112.0,269.3478260869565
2025-09-09 01:00:00,6025,5.07008346541817,2.172892913750644,14.4,9.89358586943327,111.0,269.3478260869565
2025-09-09 02:00:00,6026,4.904085706985708,2.1017510172795886,14.4,11.85919417837061,111.0,269.3478260869565
2025-09-09 03:00:00,6027,4.475560402558989,1.9180973153824237,14.4,14.10665530646145,120.0,269.3478260869565
2025-09-09 04:00:00,6028,3.9689165391977457,1.7009642310847481,14.4,15.0,133.0,269.3478260869565
2025-09-09 05:00:00,6029,4.200718174711725,1.8003077891621677,14.4,15.0,197.0,269.3478260869565
2025-09-09 06:00:00,6030,4.144433708660694,1.7761858751402972,14.3,15.0,230.0,269.3478260869565
2025-09-09 07:00:00,6031,4.297470135104433,1.841772915044757,14.2,15.0,250.0,269.3478260869565
2025-09-09 08:00:00,6032,4.602472954102746,1.9724884089011767,14.2,15.0,250.0,269.3478260869565
2025-09-09 09:00:00,6033,4.310743485965448,1.8474614939851917,14.2,15.0,245.0,269.3478260869565
2025-09-09 10:00:00,6034,3.969234187502374,1.7011003660724457,14.1,15.0,235.0,269.3478260869565
2025-09-09 11:00:00,6035,4.82989791477338,2.069956249188591,14.1,15.0,239.0,269.3478260869565
2025-09-09 12:00:00,6036,4.043360916838332,1.732868964359285,14.1,15.0,225.0,269.3478260869565
2025-09-09 13:00:00,6037,4.71652867725712,2.0213694331101943,14.1,15.0,226.0,269.3478260869565
2025-09-09 14:00:00,6038,4.70269671483965,2.0154414492169925,14.1,15.0,234.0,269.3478260869565
2025-09-09 15:00:00,6039,5.355354182395841,2.29515179245536,14.1,15.0,231.0,269.3478260869565
2025-09-09 16:00:00,6040,4.879701244485634,2.0913005333509855,14.1,15.0,244.0,269.3478260869565
2025-09-09 17:00:00,6041,4.801322524668985,2.057709653429565,14.1,15.0,250.0,269.3478260869565
2025-09-09 18:00:00,6042,4.522161611255868,1.9380692619668003,14.1,15.0,267.0,269.3478260869565
2025-09-09 19:00:00,6043,4.595227884306275,1.9693833789884032,14.1,15.0,269.0,269.3478260869565
2025-09-09 20:00:00,6044,4.45723942188021,1.9102454665200903,14.1,15.0,248.0,269.3478260869565
2025-09-09 21:00:00,6045,4.992102133287704,2.139472342837587,14.1,15.0,245.0,269.3478260869565
2025-09-09 22:00:00,6046,4.760432560838792,2.0401853832166252,14.1,15.0,228.0,269.3478260869565
2025-09-09 23:00:00,6047,4.694697925593541,2.012013396682946,14.1,15.0,216.0,269.3478260869565
2025-09-10 00:00:00,6048,3.559133830612023,1.5253430702622952,14.1,15.0,209.0,269.3478260869565
2025-09-10 01:00:00,6049,4.028885635204329,1.7266652722304268,14.1,15.0,208.0,269.3478260869565
2025-09-10 02:00:00,6050,3.8578095094305733,1.6533469326131027,14.1,15.0,186.0,269.3478260869565
2025-09-10 03:00:00,6051,3.8961691316008826,1.6697867706860923,14.2,11.1748883045415,176.0,269.3478260869565
2025-09-10 04:00:00,6052,3.7676352337753976,1.6147008144751702,14.3,11.171008736209357,209.0,269.3478260869565
2025-09-10 05:00:00,6053,3.7323624642642805,1.5995839132561203,14.3,13.101250763861463,218.0,269.3478260869565
2025-09-10 06:00:00,6054,3.548246800127709,1.5206772000547324,14.4,15.0,221.0,269.3478260869565
2025-09-10 07:00:00,6055,3.8247565816758784,1.639181392146805,14.4,15.0,199.0,269.3478260869565
2025-09-10 08:00:00,6056,4.248851366218998,1.8209362998081422,14.4,15.0,181.0,269.3478260869565
2025-09-10 09:00:00,6057,4.3356221768172984,1.8581237900645562,14.4,10.339544414392835,160.0,269.3478260869565
2025-09-10 10:00:00,6058,4.39599923453102,1.8839996719418655,14.4,8.697630781823747,110.0,269.3478260869565
2025-09-10 11:00:00,6059,4.497997146920428,1.9277130629658974,14.4,9.853693883811049,105.0,269.3478260869565
2025-09-10 12:00:00,6060,4.319146634045797,1.851062843162484,14.4,15.0,105.0,269.3478260869565
2025-09-10 13:00:00,6061,5.048457864467423,2.1636247990574673,14.4,15.0,99.0,269.3478260869565
2025-09-10 14:00:00,6062,5.300376090745617,2.271589753176693,14.4,15.0,114.0,269.3478260869565
2025-09-10 15:00:00,6063,4.759164340690706,2.0396418602960167,14.4,11.181934990985479,110.0,269.3478260869565
2025-09-10 16:00:00,6064,4.715391421863034,2.0208820379413,14.4,15.0,122.0,269.3478260869565
2025-09-10 17:00:00,6065,4.957037102822962,2.124444472638412,14.4,13.677621799401534,139.0,269.3478260869565
2025-09-10 18:00:00,6066,5.594748213630865,2.397749234413228,14.4,14.626837492743688,145.0,269.3478260869565
2025-09-10 19:00:00,6067,5.7587418228471385,2.4680322097916307,14.4,15.0,134.0,269.3478260869565
2025-09-10 20:00:00,6068,5.602214164282193,2.400948927549511,14.3,14.06824281031653,124.0,269.3478260869565
2025-09-10 21:00:00,6069,5.26551134424645,2.2566477189627645,14.2,13.920889134560673,100.0,269.3478260869565
2025-09-10 22:00:00,6070,5.458114794550358,2.3391920548072958,14.2,15.0,103.0,269.3478260869565
2025-09-10 23:00:00,6071,5.1092469875043705,2.1896772803590157,14.2,15.0,109.0,269.3478260869565
2025-09-11 00:00:00,6072,5.4420879896689645,2.332323424143842,14.1,14.009713787610437,109.0,269.3478260869565
2025-09-11 01:00:00,6073,5.6532490313546315,2.4228210134376993,14.1,12.710556530345423,107.0,269.3478260869565
2025-09-11 02:00:00,6074,5.136484383371879,2.2013504500165197,14.1,15.0,105.0,269.3478260869565
2025-09-11 03:00:00,6075,4.944377051031228,2.119018736156241,14.1,15.0,110.0,269.3478260869565
2025-09-11 04:00:00,6076,4.503641757143225,1.93013218163281,14.1,15.0,113.0,269.3478260869565
2025-09-11 05:00:00,6077,5.221840026018416,2.2379314397221783,14.1,13.490255278684371,114.0,269.3478260869565
2025-09-11 06:00:00,6078,4.937400242717378,2.1160286754503046,14.1,15.0,109.0,269.3478260869565
2025-09-11 07:00:00,6079,4.991152539550699,2.1390653740931564,14.1,15.0,104.0,269.3478260869565
2025-09-11 08:00:00,6080,4.177279287828982,1.7902625519267068,14.1,15.0,98.0,269.3478260869565
2025-09-11 09:00:00,6081,4.486615706362849,1.9228353027269351,14.1,15.0,99.0,269.3478260869565
2025-09-11 10:00:00,6082,4.487895638962932,1.923383845269828,14.1,15.0,96.0,269.3478260869565
2025-09-11 11:00:00,6083,4.2688630794398845,1.8295127483313791,14.1,14.526038946641531,92.0,269.3478260869565
2025-09-11 12:00:00,6084,4.529515037104376,1.9412207301875894,14.1,15.0,93.0,269.3478260869565
2025-09-11 13:00:00,6085,5.052735114267085,2.1654579061144648,14.1,15.0,93.0,269.3478260869565
2025-09-11 14:00:00,6086,4.879160478238715,2.091068776388021,14.1,15.0,96.0,269.3478260869565
2025-09-11 15:00:00,6087,5.11520961357998,2.1922326915342767,14.1,15.0,94.0,269.3478260869565
2025-09-11 16:00:00,6088,4.854331784351611,2.0804279075792618,14.1,15.0,107.0,269.3478260869565
2025-09-11 17:00:00,6089,4.875667898614354,2.0895719565490083,14.0,15.0,120.0,269.3478260869565
2025-09-11 18:00:00,6090,5.063093292178969,2.1698971252195585,14.0,15.0,121.0,269.3478260869565
2025-09-11 19:00:00,6091,5.2433659118562375,2.247156819366959,13.9,13.768701836330864,112.0,269.3478260869565
2025-09-11 20:00:00,6092,4.791087260206954,2.053323111517266,13.9,12.839964839409557,102.0,269.3478260869565
2025-09-11 21:00:00,6093,4.610661836541921,1.9759979299465378,13.9,13.475801616535014,95.0,269.3478260869565
2025-09-11 22:00:00,6094,4.763606214921971,2.0415455206808444,13.9,15.0,101.0,269.3478260869565
2025-09-11 23:00:00,6095,5.047111726407939,2.1630478827462594,13.9,15.0,102.0,269.3478260869565
2025-09-12 00:00:00,6096,5.143320216810682,2.204280092918864,13.8,15.0,105.0,269.3478260869565
2025-09-12 01:00:00,6097,5.3740150169410725,2.3031492929747457,13.8,15.0,104.0,269.3478260869565
2025-09-12 02:00:00,6098,4.848945695859996,2.078119583939998,13.8,15.0,108.0,269.3478260869565
2025-09-12 03:00:00,6099,4.848009435128354,2.077718329340723,13.8,15.0,111.0,269.3478260869565
2025-09-12 04:00:00,6100,4.3459388675570665,1.8625452289530284,13.7,15.0,110.0,269.3478260869565
2025-09-12 05:00:00,6101,4.221254902207063,1.809109243803027,13.7,15.0,114.0,269.3478260869565
2025-09-12 06:00:00,6102,4.026004876639294,1.72543066141684,13.7,14.966063834393102,115.0,269.3478260869565
2025-09-12 07:00:00,6103,4.317702518664721,1.8504439365705942,13.7,15.0,121.0,269.3478260869565
2025-09-12 08:00:00,6104,4.485012773594322,1.922148331540424,13.7,14.455516538851727,110.0,269.3478260869565
2025-09-12 09:00:00,6105,4.743374977489095,2.0328749903524694,13.7,14.05755489195235,102.0,269.3478260869565
2025-09-12 10:00:00,6106,4.921576184660046,2.1092469362828767,13.8,13.069807967032082,104.0,269.3478260869565
2025-09-12 11:00:00,6107,5.0632724586682,2.1699739108578,13.8,11.514209226072394,102.0,269.3478260869565
2025-09-12 12:00:00,6108,4.991103709324596,2.1390444468533985,13.8,10.616413033197684,103.0,269.3478260869565
2025-09-12 13:00:00,6109,4.950007046940289,2.121431591545838,13.8,9.624384430370966,101.0,269.3478260869565
2025-09-12 14:00:00,6110,4.975565177826349,2.132385076211292,13.8,9.33806468111458,108.0,269.3478260869565
2025-09-12 15:00:00,6111,5.187578226543858,2.223247811375939,13.8,13.23521292538104,107.0,269.3478260869565
2025-09-12 16:00:00,6112,5.240361357153919,2.2458691530659647,13.8,10.57662958526053,113.0,269.3478260869565
2025-09-12 17:00:00,6113,5.263677027717645,2.2558615833075617,13.8,5.667790359559674,128.0,269.3478260869565
2025-09-12 18:00:00,6114,4.910435677296164,2.104472433126927,13.8,5.688033658192708,130.0,269.3478260869565
2025-09-12 19:00:00,6115,5.163234507200623,2.2128147888002667,13.8,9.909315612460057,133.0,269.3478260869565
2025-09-12 20:00:00,6116,4.776249059992179,2.046963882853791,13.8,12.66951833307925,128.0,269.3478260869565
2025-09-12 21:00:00,6117,4.908293891232009,2.1035545248137177,13.8,15.0,124.0,269.3478260869565
2025-09-12 22:00:00,6118,4.974718478231299,2.1320222049562707,13.8,15.0,123.0,269.3478260869565
2025-09-12 23:00:00,6119,4.803101265801255,2.05847197105768,13.7,13.398531906888486,122.0,269.3478260869565
2025-09-13 00:00:00,6120,4.665205536003093,1.9993738011441828,13.7,12.648735613909263,125.0,269.3478260869565
2025-09-13 01:00:00,6121,4.71525475164805,2.0208234649920214,13.7,10.320832731880966,121.0,269.3478260869565
2025-09-13 02:00:00,6122,4.47803447554737,1.9191576323774442,13.6,8.690508626342837,119.0,269.3478260869565
2025-09-13 03:00:00,6123,4.883170453762318,2.0927873373267074,13.6,7.0449420729545,124.0,269.3478260869565
2025-09-13 04:00:00,6124,4.7627854671041705,2.041193771616073,13.6,9.37307085249836,126.0,269.3478260869565
2025-09-13 05:00:00,6125,4.756231758884219,2.038385039521808,13.6,12.97754424458933,122.0,269.3478260869565
2025-09-13 06:00:00,6126,4.28762887016377,1.837555230070187,13.6,14.270673626514485,128.0,269.3478260869565
2025-09-13 07:00:00,6127,4.221055609254145,1.8090238325374903,13.6,14.529891821241481,121.0,269.3478260869565
2025-09-13 08:00:00,6128,4.559269804716678,1.9539727734500048,13.5,14.680003823072159,109.0,269.3478260869565
2025-09-13 09:00:00,6129,4.155601068112721,1.7809718863340231,13.5,15.0,109.0,269.3478260869565
2025-09-13 10:00:00,6130,4.375128301753637,1.8750549864658441,13.5,15.0,110.0,269.3478260869565
2025-09-13 11:00:00,6131,4.786165352200804,2.051213722371773,13.5,14.955030300106017,111.0,269.3478260869565
2025-09-13 12:00:00,6132,4.490191150265614,1.9243676358281205,13.5,14.348374471102444,110.0,269.3478260869565
2025-09-13 13:00:00,6133,5.38030479375948,2.305844911611206,13.5,11.50423286838373,114.0,269.3478260869565
2025-09-13 14:00:00,6134,4.882284954743819,2.092407837747351,13.5,9.055017033583724,117.0,269.3478260869565
2025-09-13 15:00:00,6135,5.2410780240300685,2.246176296012887,13.5,10.048969269463825,111.0,269.3478260869565
2025-09-13 16:00:00,6136,5.040288204429678,2.1601235161841474,13.5,10.46738763661784,129.0,269.3478260869565
2025-09-13 17:00:00,6137,5.737186589254113,2.458794252537477,13.5,6.827372343389959,196.0,269.3478260869565
2025-09-13 18:00:00,6138,5.491828551064851,2.3536408075992217,13.5,8.703137446121413,223.0,269.3478260869565
2025-09-13 19:00:00,6139,5.726824445173387,2.4543533336457366,13.5,9.392763863214332,216.0,269.3478260869565
2025-09-13 20:00:00,6140,6.058848699641224,2.5966494427033813,13.4,9.087070754089083,226.0,269.3478260869565
2025-09-13 21:00:00,6141,6.1046868902798845,2.616294381548522,13.4,7.682533239696087,215.0,269.3478260869565
2025-09-13 22:00:00,6142,6.008889239400907,2.5752382454575313,13.4,6.209979319942003,197.0,269.3478260869565
2025-09-13 23:00:00,6143,5.98338500656584,2.5643078599567883,13.4,6.487805478619679,199.0,269.3478260869565
2025-09-14 00:00:00,6144,5.759475737336242,2.4683467445726754,13.4,5.326550209189564,199.0,269.3478260869565
2025-09-14 01:00:00,6145,5.306348894773693,2.2741495263315827,13.4,2.9039680175280567,191.0,269.3478260869565
2025-09-14 02:00:00,6146,4.642002563939785,1.989429670259908,13.4,0.9667153634234451,155.0,269.3478260869565
2025-09-14 03:00:00,6147,4.523701027146123,1.9387290116340523,13.4,0.5389447508306132,150.0,269.3478260869565
2025-09-14 04:00:00,6148,4.410513694954324,1.8902201549804245,13.4,0.8009018671921477,146.0,269.3478260869565
2025-09-14 05:00:00,6149,4.44156934567602,1.903529719575437,13.4,1.185189947741283,129.0,269.3478260869565
2025-09-14 06:00:00,6150,4.061053930372861,1.7404516844455118,13.4,3.649675770251912,127.0,269.3478260869565
2025-09-14 07:00:00,6151,3.802595556356504,1.6296838098670732,13.4,10.952338829771321,116.0,269.3478260869565
2025-09-14 08:00:00,6152,3.9246422281886244,1.6819895263665532,13.3,15.0,118.0,269.3478260869565
2025-09-14 09:00:00,6153,4.45552928268091,1.90951254972039,13.3,15.0,137.0,269.3478260869565
2025-09-14 10:00:00,6154,3.9293801871450613,1.6840200802050262,13.2,15.0,148.0,269.3478260869565
2025-09-14 11:00:00,6155,4.578094970392794,1.9620407015969115,13.2,15.0,118.0,269.3478260869565
2025-09-14 12:00:00,6156,4.210562789235836,1.804526909672501,13.2,15.0,95.0,269.3478260869565
2025-09-14 13:00:00,6157,4.87520954948593,2.089375521208256,13.2,15.0,95.0,269.3478260869565
2025-09-14 14:00:00,6158,4.8279188422048325,2.069108075230642,13.1,15.0,107.0,269.3478260869565
2025-09-14 15:00:00,6159,4.9362662207043115,2.115542666016133,13.1,15.0,110.0,269.3478260869565
2025-09-14 16:00:00,6160,4.4418226850461515,1.9036382935912075,13.1,15.0,112.0,269.3478260869565
2025-09-14 17:00:00,6161,4.557486973042146,1.9532087027323481,13.1,15.0,141.0,269.3478260869565
2025-09-14 18:00:00,6162,4.625586091504107,1.9823940392160457,13.1,15.0,147.0,269.3478260869565
2025-09-14 19:00:00,6163,4.259785542993856,1.8256223755687955,13.1,15.0,142.0,269.3478260869565
2025-09-14 20:00:00,6164,4.09008848632323,1.7528950655670987,13.1,15.0,132.0,269.3478260869565
2025-09-14 21:00:00,6165,3.9979340980540803,1.713400327737463,13.1,15.0,97.0,269.3478260869565
2025-09-14 22:00:00,6166,3.876063996248268,1.6611702841064007,13.1,15.0,102.0,269.3478260869565
2025-09-14 23:00:00,6167,3.99789004171767,1.7133814464504302,13.1,15.0,98.0,269.3478260869565
2025-09-15 00:00:00,6168,4.241068336274175,1.817600715546075,13.1,15.0,98.0,269.3478260869565
2025-09-15 01:00:00,6169,4.969416437229688,2.1297499016698658,13.1,15.0,97.0,269.3478260869565
2025-09-15 02:00:00,6170,3.974935964646123,1.7035439848483382,13.0,15.0,98.0,269.3478260869565
2025-09-15 03:00:00,6171,4.201662653085409,1.8007125656080323,13.0,15.0,95.0,269.3478260869565
2025-09-15 04:00:00,6172,4.161813168859489,1.7836342152254951,13.0,15.0,100.0,269.3478260869565
2025-09-15 05:00:00,6173,4.091374119530318,1.753446051227279,12.9,15.0,99.0,269.3478260869565
2025-09-15 06:00:00,6174,4.075378696409863,1.746590869889941,12.9,15.0,99.0,269.3478260869565
2025-09-15 07:00:00,6175,4.106078251310106,1.7597478219900455,12.9,15.0,92.0,269.3478260869565
2025-09-15 08:00:00,6176,4.467853435043044,1.9147943293041616,12.9,15.0,94.0,269.3478260869565
2025-09-15 09:00:00,6177,4.109978233920681,1.761419243108863,12.9,15.0,87.0,269.3478260869565
2025-09-15 10:00:00,6178,4.436645616505038,1.9014195499307305,12.9,15.0,85.0,269.3478260869565
2025-09-15 11:00:00,6179,4.3480990298581474,1.863471012796349,12.9,15.0,85.0,269.3478260869565
2025-09-15 12:00:00,6180,4.191158057292058,1.7962105959823103,12.9,15.0,90.0,269.3478260869565
2025-09-15 13:00:00,6181,4.857372459368824,2.08173105401521,12.9,15.0,94.0,269.3478260869565
2025-09-15 14:00:00,6182,4.498040689150519,1.9277317239216512,12.9,15.0,94.0,269.3478260869565
2025-09-15 15:00:00,6183,4.596525169199229,1.9699393582282405,13.0,15.0,89.0,269.3478260869565
2025-09-15 16:00:00,6184,4.419253091077048,1.8939656104615918,13.0,15.0,97.0,269.3478260869565
2025-09-15 17:00:00,6185,4.513734662846087,1.9344577126483231,13.0,15.0,103.0,269.3478260869565
2025-09-15 18:00:00,6186,4.416653756818469,1.8928516100650579,13.0,15.0,100.0,269.3478260869565
2025-09-15 19:00:00,6187,4.216530432306327,1.8070844709884257,13.0,15.0,101.0,269.3478260869565
2025-09-15 20:00:00,6188,4.4356673408718095,1.9010002889450612,13.0,15.0,107.0,269.3478260869565
2025-09-15 21:00:00,6189,4.209982935577079,1.8042784009616053,13.0,15.0,106.0,269.3478260869565
2025-09-15 22:00:00,6190,4.166774210234303,1.7857603758147014,13.0,15.0,114.0,269.3478260869565
2025-09-15 23:00:00,6191,4.111585317655672,1.7621079932810024,13.0,15.0,120.0,269.3478260869565
2025-09-16 00:00:00,6192,4.581737797903381,1.9636019133871632,13.0,15.0,130.0,269.3478260869565
2025-09-16 01:00:00,6193,4.385613861789639,1.8795487979098453,13.0,15.0,135.0,269.3478260869565
2025-09-16 02:00:00,6194,4.02355711187667,1.7243816193757155,13.0,15.0,138.0,269.3478260869565
2025-09-16 03:00:00,6195,3.603079519226709,1.5441769368114466,12.9,15.0,141.0,269.3478260869565
2025-09-16 04:00:00,6196,3.567874451152001,1.5290890504937147,12.9,15.0,135.0,269.3478260869565
2025-09-16 05:00:00,6197,3.5784904229648076,1.5336387526992032,12.9,15.0,142.0,269.3478260869565
2025-09-16 06:00:00,6198,3.6817153612274014,1.5778780119546008,12.9,15.0,189.0,269.3478260869565
2025-09-16 07:00:00,6199,4.0067524257520635,1.7171796110365987,12.9,15.0,208.0,269.3478260869565
2025-09-16 08:00:00,6200,4.005812372851093,1.716776731221897,12.9,15.0,204.0,269.3478260869565
2025-09-16 09:00:00,6201,3.873138230586795,1.6599163845371978,12.9,14.017231241407911,181.0,269.3478260869565
2025-09-16 10:00:00,6202,3.955180257021492,1.6950772530092109,12.9,10.9288877930663,167.0,269.3478260869565
2025-09-16 11:00:00,6203,3.8158630904675177,1.6353698959146503,13.0,7.1059764797584135,153.0,269.3478260869565
2025-09-16 12:00:00,6204,3.951726171237215,1.693596930530235,13.0,5.104481577529511,154.0,269.3478260869565
2025-09-16 13:00:00,6205,4.233069173392941,1.814172502882689,13.0,4.518872239702927,171.0,269.3478260869565
2025-09-16 14:00:00,6206,3.992851735247065,1.711222172248742,13.1,3.632200396365315,192.0,269.3478260869565
2025-09-16 15:00:00,6207,4.241674223861967,1.8178603816551289,13.1,1.8543679174822298,221.0,269.3478260869565
2025-09-16 16:00:00,6208,3.9258433010500413,1.682504271878589,13.1,1.7761406162165758,252.0,269.3478260869565
2025-09-16 17:00:00,6209,3.957609603373691,1.6961184014458677,13.1,1.485020415463464,254.0,269.3478260869565
2025-09-16 18:00:00,6210,4.259674495145331,1.8255747836337135,13.1,1.8035921253951481,220.0,269.3478260869565
2025-09-16 19:00:00,6211,3.9806394354273955,1.7059883294688838,13.1,2.605567266944221,191.0,269.3478260869565
2025-09-16 20:00:00,6212,3.68051069803232,1.577361727728137,13.1,3.1656715647613365,178.0,269.3478260869565
2025-09-16 21:00:00,6213,4.070756297272557,1.7446098416882387,13.1,4.6557999756826955,156.0,269.3478260869565
2025-09-16 22:00:00,6214,3.779659831210571,1.619854213375959,13.1,5.815490148477056,133.0,269.3478260869565
2025-09-16 23:00:00,6215,3.8852040904088376,1.6650874673180731,13.1,9.063849676617732,139.0,269.3478260869565
2025-09-17 00:00:00,6216,4.193605476179843,1.7972594897913614,13.1,15.0,137.0,269.3478260869565
2025-09-17 01:00:00,6217,4.109759669336089,1.7613255725726094,13.1,15.0,132.0,269.3478260869565
2025-09-17 02:00:00,6218,4.324061007440082,1.8531690031886063,13.3,15.0,122.0,269.3478260869565
2025-09-17 03:00:00,6219,4.796540789054347,2.0556603381661485,13.4,15.0,133.0,269.3478260869565
2025-09-17 04:00:00,6220,4.283889089741417,1.835952467032036,13.6,15.0,141.0,269.3478260869565
2025-09-17 05:00:00,6221,4.207576157313836,1.8032469245630727,13.6,15.0,152.0,269.3478260869565
2025-09-17 06:00:00,6222,4.420195888584164,1.89436966653607,13.8,15.0,160.0,269.3478260869565
2025-09-17 07:00:00,6223,4.117072856114966,1.7644597954778425,13.9,15.0,154.0,269.3478260869565
2025-09-17 08:00:00,6224,4.178881401718822,1.7909491721652095,13.9,15.0,115.0,269.3478260869565
2025-09-17 09:00:00,6225,3.911463258208325,1.6763413963749962,13.9,15.0,89.0,269.3478260869565
2025-09-17 10:00:00,6226,3.807410550146076,1.6317473786340326,14.0,14.306132140781324,88.0,269.3478260869565
2025-09-17 11:00:00,6227,4.337302171344689,1.8588437877191524,14.1,15.0,97.0,269.3478260869565
2025-09-17 12:00:00,6228,4.227489805366789,1.8117813451571951,14.1,15.0,100.0,269.3478260869565
2025-09-17 13:00:00,6229,4.532542756525013,1.9425183242250053,14.1,12.218243692918605,108.0,269.3478260869565
2025-09-17 14:00:00,6230,4.384450017382007,1.8790500074494316,14.2,11.68286261872746,112.0,269.3478260869565
2025-09-17 15:00:00,6231,4.689479980750431,2.009777134607327,14.2,12.771897350860415,110.0,269.3478260869565
2025-09-17 16:00:00,6232,4.7126783251929565,2.0197192822255525,14.2,13.427648828818954,128.0,269.3478260869565
2025-09-17 17:00:00,6233,4.778295346022262,2.047840862580969,14.2,12.875217947971391,160.0,269.3478260869565
2025-09-17 18:00:00,6234,4.657018797551041,1.9958651989504461,14.2,11.589813895550337,177.0,269.3478260869565
2025-09-17 19:00:00,6235,4.938601639091997,2.116543559610856,14.2,9.78713810837772,166.0,269.3478260869565
2025-09-17 20:00:00,6236,5.009863208207845,2.147084232089076,14.2,9.025477715168023,151.0,269.3478260869565
2025-09-17 21:00:00,6237,4.635423365211308,1.986610013661989,14.1,9.142590606882845,152.0,269.3478260869565
2025-09-17 22:00:00,6238,4.566554814165126,1.9570949203564827,14.1,7.877562470535739,130.0,269.3478260869565
2025-09-17 23:00:00,6239,5.144731170132044,2.2048847871994472,14.1,7.99107711342421,140.0,269.3478260869565
2025-09-18 00:00:00,6240,5.073106578674823,2.1741885337177806,14.0,7.077944681201704,147.0,269.3478260869565
2025-09-18 01:00:00,6241,5.310046131106228,2.275734056188383,13.9,6.26552585654142,145.0,269.3478260869565
2025-09-18 02:00:00,6242,4.2756138684890415,1.8324059436381603,13.9,5.390131555348441,139.0,269.3478260869565
2025-09-18 03:00:00,6243,4.966811303636053,2.1286334158440225,13.9,4.166379253054093,158.0,269.3478260869565
2025-09-18 04:00:00,6244,5.5050508376100655,2.3593075018328853,13.9,4.609405573285251,171.0,269.3478260869565
2025-09-18 05:00:00,6245,5.463688674223894,2.3415808603816686,13.8,3.7541393508573764,220.0,269.3478260869565
2025-09-18 06:00:00,6246,5.017152983540358,2.150208421517296,13.8,3.738438579344884,256.0,269.3478260869565
2025-09-18 07:00:00,6247,5.307124473622292,2.274481917266696,13.8,3.429824705844438,249.0,269.3478260869565
2025-09-18 08:00:00,6248,5.5340733330325405,2.371745714156803,13.8,2.4303638986876734,233.0,269.3478260869565
2025-09-18 09:00:00,6249,5.47954385758396,2.348375938964554,13.9,2.898313469596988,234.0,269.3478260869565
2025-09-18 10:00:00,6250,5.796371615339416,2.4841592637168923,13.9,1.8011703588866856,206.0,269.3478260869565
2025-09-18 11:00:00,6251,5.263166054861784,2.255642594940764,13.9,1.9565551672396084,183.0,269.3478260869565
2025-09-18 12:00:00,6252,5.755104214213953,2.466473234663122,13.9,7.737292300971008,147.0,269.3478260869565
2025-09-18 13:00:00,6253,5.899208296708814,2.5282321271609205,13.9,15.0,138.0,269.3478260869565
2025-09-18 14:00:00,6254,5.720544525409283,2.4516619394611214,13.9,15.0,129.0,269.3478260869565
2025-09-18 15:00:00,6255,5.231516996628276,2.2420787128406894,13.9,15.0,130.0,269.3478260869565
2025-09-18 16:00:00,6256,5.108060751678719,2.1891688935765936,13.9,15.0,165.0,269.3478260869565
2025-09-18 17:00:00,6257,4.804624809123554,2.0591249181958085,13.9,15.0,172.0,269.3478260869565
2025-09-18 18:00:00,6258,4.8719088955257295,2.0879609552253124,13.9,15.0,180.0,269.3478260869565
2025-09-18 19:00:00,6259,4.893036102948205,2.0970154726920875,13.9,15.0,185.0,269.3478260869565
2025-09-18 20:00:00,6260,5.275735921453949,2.2610296806231207,13.9,15.0,170.0,269.3478260869565
2025-09-18 21:00:00,6261,5.541690878605945,2.375010376545405,13.9,15.0,146.0,269.3478260869565
2025-09-18 22:00:00,6262,5.173790004217183,2.2173385732359354,13.9,15.0,135.0,269.3478260869565
2025-09-18 23:00:00,6263,4.942025488100662,2.1180109234717124,13.9,15.0,137.0,269.3478260869565
2025-09-19 00:00:00,6264,4.577513085319394,1.96179132227974,13.9,15.0,144.0,269.3478260869565
2025-09-19 01:00:00,6265,5.049725095186398,2.1641678979370274,13.9,15.0,175.0,269.3478260869565
2025-09-19 02:00:00,6266,4.896098076264709,2.098327746970589,13.9,15.0,194.0,269.3478260869565
2025-09-19 03:00:00,6267,4.3769497926173635,1.8758356254074413,13.9,15.0,205.0,269.3478260869565
2025-09-19 04:00:00,6268,4.0574471963074155,1.7389059412746066,13.9,15.0,223.0,269.3478260869565
2025-09-19 05:00:00,6269,4.303006012897925,1.8441454340991106,13.9,15.0,249.0,269.3478260869565
2025-09-19 06:00:00,6270,4.406209677701964,1.8883755761579848,13.9,15.0,272.0,269.3478260869565
2025-09-19 07:00:00,6271,4.226218644032613,1.8112365617282629,13.9,15.0,277.0,269.3478260869565
2025-09-19 08:00:00,6272,5.328885871952963,2.2838082308369843,13.9,15.0,279.0,269.3478260869565
2025-09-19 09:00:00,6273,4.986524618276116,2.137081979261192,13.9,15.0,260.0,269.3478260869565
2025-09-19 10:00:00,6274,5.591559620565178,2.3963826945279334,13.9,15.0,236.0,269.3478260869565
2025-09-19 11:00:00,6275,5.024281558133275,2.1532635249142604,13.9,10.306151285938764,208.0,269.3478260869565
2025-09-19 12:00:00,6276,5.373524612043534,2.3029391194472284,13.9,13.251360108942352,216.0,269.3478260869565
2025-09-19 13:00:00,6277,5.2426368421090945,2.2468443609038977,14.0,13.806619439727779,234.0,269.3478260869565
2025-09-19 14:00:00,6278,5.589570743893109,2.3955303188113324,14.0,13.358544896352468,250.0,269.3478260869565
2025-09-19 15:00:00,6279,5.442924028958733,2.3326817266966,14.1,12.040022783007647,277.0,269.3478260869565
2025-09-19 16:00:00,6280,5.160562740869137,2.211669746086773,14.1,10.315493046806429,311.0,269.3478260869565
2025-09-19 17:00:00,6281,5.1918890461875,2.2250953055089284,14.1,7.135910406073981,336.0,269.3478260869565
2025-09-19 18:00:00,6282,4.938135872227008,2.1163439452401462,14.1,4.022126594658997,340.0,269.3478260869565
2025-09-19 19:00:00,6283,4.701739626050862,2.015031268307512,14.1,2.1239866252946458,333.0,269.3478260869565
2025-09-19 20:00:00,6284,5.320231117222265,2.2800990502381135,14.1,0.4000550300953214,325.0,269.3478260869565
2025-09-19 21:00:00,6285,5.125350556804436,2.196578810059044,14.1,0.002380870920099123,318.0,269.3478260869565
2025-09-19 22:00:00,6286,5.054401919110601,2.1661722510474006,14.1,1.3485901231116464,311.0,269.3478260869565
2025-09-19 23:00:00,6287,5.212371151703994,2.233873350730283,14.1,2.7727408683290027,313.0,269.3478260869565
2025-09-20 00:00:00,6288,5.278464867397862,2.2621992288847976,14.1,1.4443705672466367,318.0,269.3478260869565
2025-09-20 01:00:00,6289,5.326208012505456,2.2826605767880523,14.1,0.5181840413445616,320.0,269.3478260869565
2025-09-20 02:00:00,6290,6.06739297784004,2.6003112762171603,14.1,0.3564298324514993,322.0,269.3478260869565
2025-09-20 03:00:00,6291,5.221829303714888,2.2379268444492375,14.0,0.4442429627562342,325.0,269.3478260869565
2025-09-20 04:00:00,6292,5.06808858619328,2.172037965511406,14.0,0.7971438396860336,324.0,269.3478260869565
2025-09-20 05:00:00,6293,4.83652822083851,2.0727978089307895,13.9,0.12645911907036397,307.0,269.3478260869565
2025-09-20 06:00:00,6294,4.326217020963876,1.8540930089845182,13.9,0.5949358638272619,289.0,269.3478260869565
2025-09-20 07:00:00,6295,4.599969351132688,1.9714154361997231,13.9,0.9676472190932482,291.0,269.3478260869565
2025-09-20 08:00:00,6296,4.762005718408263,2.040859593603541,13.9,1.5667474330661464,273.0,269.3478260869565
2025-09-20 09:00:00,6297,4.60465012985393,1.9734214842231128,13.9,2.590646494289687,253.0,269.3478260869565
2025-09-20 10:00:00,6298,4.373211730033027,1.8742335985855827,14.0,2.8324829442542203,258.0,269.3478260869565
2025-09-20 11:00:00,6299,4.558521013008898,1.9536518627180988,14.0,4.297768281796442,271.0,269.3478260869565
2025-09-20 12:00:00,6300,4.575884784094896,1.9610934788978123,14.0,8.621249101345132,247.0,269.3478260869565
2025-09-20 13:00:00,6301,5.126459257854386,2.19705396765188,14.0,12.414793521684139,203.0,269.3478260869565
2025-09-20 14:00:00,6302,5.098045958850742,2.1848768395074605,14.0,15.0,182.0,269.3478260869565
2025-09-20 15:00:00,6303,5.188757274147343,2.223753117491718,14.0,15.0,172.0,269.3478260869565
2025-09-20 16:00:00,6304,5.21112539355758,2.2333394543818197,14.0,15.0,164.0,269.3478260869565
2025-09-20 17:00:00,6305,5.546039523394853,2.3768740814549365,14.0,15.0,155.0,269.3478260869565
2025-09-20 18:00:00,6306,5.306551729472568,2.2742364554882433,14.0,15.0,152.0,269.3478260869565
2025-09-20 19:00:00,6307,5.0552809796041425,2.166548991258918,14.0,15.0,142.0,269.3478260869565
2025-09-20 20:00:00,6308,5.179192511603002,2.2196539335441434,13.9,15.0,121.0,269.3478260869565
2025-09-20 21:00:00,6309,4.91738166878258,2.1074492866211054,13.9,15.0,100.0,269.3478260869565
2025-09-20 22:00:00,6310,4.893311716456319,2.0971335927669936,13.9,15.0,102.0,269.3478260869565
2025-09-20 23:00:00,6311,4.895601768187671,2.0981150435090012,13.9,15.0,102.0,269.3478260869565
2025-09-21 00:00:00,6312,5.159945864790094,2.2114053706243264,13.9,13.42533744741349,108.0,269.3478260869565
2025-09-21 01:00:00,6313,5.537657109577058,2.3732816183901675,13.9,15.0,106.0,269.3478260869565
2025-09-21 02:00:00,6314,5.13662321686204,2.201409950083731,13.9,15.0,114.0,269.3478260869565
2025-09-21 03:00:00,6315,4.5025282329585234,1.9296549569822243,13.9,15.0,121.0,269.3478260869565
2025-09-21 04:00:00,6316,4.361437457680005,1.869187481862859,13.9,15.0,123.0,269.3478260869565
2025-09-21 05:00:00,6317,4.748565152339983,2.03509935100285,13.9,15.0,130.0,269.3478260869565
2025-09-21 06:00:00,6318,4.2894023017519745,1.8383152721794174,13.9,15.0,127.0,269.3478260869565
2025-09-21 07:00:00,6319,4.0797997179794905,1.7484855934197818,13.9,15.0,113.0,269.3478260869565
2025-09-21 08:00:00,6320,4.347660412086064,1.86328303375117,13.9,15.0,107.0,269.3478260869565
2025-09-21 09:00:00,6321,4.491281954135228,1.9248351232008118,13.9,15.0,104.0,269.3478260869565
2025-09-21 10:00:00,6322,4.128244089190529,1.7692474667959408,13.9,11.609424117321417,107.0,269.3478260869565
2025-09-21 11:00:00,6323,4.4986756810655155,1.9280038633137924,13.9,9.503008869066555,103.0,269.3478260869565
2025-09-21 12:00:00,6324,4.669889309823751,2.0013811327816073,13.9,8.041590978546232,113.0,269.3478260869565
2025-09-21 13:00:00,6325,4.821452360028801,2.0663367257266287,13.9,7.870912376905905,109.0,269.3478260869565
2025-09-21 14:00:00,6326,5.008024798994244,2.1462963424261043,13.9,7.986069063060997,101.0,269.3478260869565
2025-09-21 15:00:00,6327,5.083439859533665,2.1786170826572846,13.9,7.761067939423027,103.0,269.3478260869565
2025-09-21 16:00:00,6328,4.874145983460656,2.088919707197424,13.9,8.302696020719164,184.0,269.3478260869565
2025-09-21 17:00:00,6329,5.055660061838816,2.1667114550737785,13.9,9.063943132306246,227.0,269.3478260869565
2025-09-21 18:00:00,6330,4.983348661231759,2.1357208548136106,13.9,10.922032739074764,236.0,269.3478260869565
2025-09-21 19:00:00,6331,4.960238698203096,2.1258165849441837,13.9,11.583616059653279,218.0,269.3478260869565
2025-09-21 20:00:00,6332,5.0706460233164545,2.1731340099927663,13.9,11.809638034035544,195.0,269.3478260869565
2025-09-21 21:00:00,6333,4.864885090885469,2.084950753236629,13.9,12.337569283345221,182.0,269.3478260869565
2025-09-21 22:00:00,6334,4.662847731973774,1.998363313703046,13.9,12.539506544501815,196.0,269.3478260869565
2025-09-21 23:00:00,6335,4.596588269395023,1.9699664011692954,13.9,9.356565353726113,216.0,269.3478260869565
2025-09-22 00:00:00,6336,4.951285138712871,2.121979345162659,13.9,7.628280075623911,211.0,269.3478260869565
2025-09-22 01:00:00,6337,4.44965091249098,1.90699324821042,13.9,6.466517016274563,213.0,269.3478260869565
2025-09-22 02:00:00,6338,4.189199370043026,1.795371158589868,13.9,5.540830830405163,224.0,269.3478260869565
2025-09-22 03:00:00,6339,4.135464718182683,1.7723420220782924,13.9,4.3769913959718005,242.0,269.3478260869565
2025-09-22 04:00:00,6340,3.91380476072364,1.6773448974529885,13.8,4.823938764031354,252.0,269.3478260869565
2025-09-22 05:00:00,6341,3.7676245477295907,1.614696234741253,13.8,4.823200036220551,295.0,269.3478260869565
2025-09-22 06:00:00,6342,3.7271906092642397,1.5973674039703885,13.8,4.0332897156606995,323.0,269.3478260869565
2025-09-22 07:00:00,6343,3.934999131391296,1.6864281991676981,13.8,3.5963320655752247,311.0,269.3478260869565
2025-09-22 08:00:00,6344,3.8041616459244763,1.63035499111049,13.8,3.3475608782705972,283.0,269.3478260869565
2025-09-22 09:00:00,6345,4.015275176677505,1.7208322185760738,13.9,2.5705730403200118,258.0,269.3478260869565
2025-09-22 10:00:00,6346,3.6530968829641175,1.5656129498417644,13.9,2.637422917649802,226.0,269.3478260869565
2025-09-22 11:00:00,6347,3.862953155098049,1.655551352184878,13.9,2.1123603980329486,225.0,269.3478260869565
2025-09-22 12:00:00,6348,4.043157519643049,1.7327817941327353,13.9,1.868038779845648,223.0,269.3478260869565
2025-09-22 13:00:00,6349,4.255033161662871,1.823585640712659,13.9,1.9394694592858261,223.0,269.3478260869565
2025-09-22 14:00:00,6350,3.832681543721279,1.6425778044519768,13.9,1.796971264406349,233.0,269.3478260869565
2025-09-22 15:00:00,6351,3.8752952953820397,1.6608408408780169,13.9,1.4687279554337225,261.0,269.3478260869565
2025-09-22 16:00:00,6352,3.846363873958932,1.6484416602681138,13.9,1.346230503761696,297.0,269.3478260869565
2025-09-22 17:00:00,6353,4.0497284937657385,1.7355979258996024,13.9,1.3060533738982822,323.0,269.3478260869565
2025-09-22 18:00:00,6354,4.13513604711625,1.7722011630498211,13.9,1.0922416456839075,335.0,269.3478260869565
2025-09-22 19:00:00,6355,4.196170808074264,1.7983589177461128,13.9,0.7581740542859963,330.0,269.3478260869565
2025-09-22 20:00:00,6356,3.886460517953587,1.6656259362658228,13.9,0.6406416295795662,326.0,269.3478260869565
2025-09-22 21:00:00,6357,3.812633804318029,1.6339859161362982,13.9,0.6693744025563965,324.0,269.3478260869565
2025-09-22 22:00:00,6358,3.8205333002314132,1.6373714143848914,13.9,0.6748075233540998,336.0,269.3478260869565
2025-09-22 23:00:00,6359,3.803765654007563,1.6301852802889556,13.9,0.4427291631786942,338.0,269.3478260869565
2025-09-23 00:00:00,6360,4.404458274710314,1.887624974875849,13.9,0.2012756445477168,336.0,269.3478260869565
2025-09-23 01:00:00,6361,4.039422075903506,1.731180889672931,13.9,0.2363760963230438,333.0,269.3478260869565
2025-09-23 02:00:00,6362,3.511366892150986,1.5048715252075655,13.8,0.18204541304826855,332.0,269.3478260869565
2025-09-23 03:00:00,6363,3.4038906212666076,1.4588102662571174,13.8,0.1326218779550701,332.0,269.3478260869565
2025-09-23 04:00:00,6364,3.446269994064234,1.4769728545989573,13.8,0.129688524955068,331.0,269.3478260869565
2025-09-23 05:00:00,6365,3.2899436541077325,1.4099758517604568,13.8,0.19705467770109616,331.0,269.3478260869565
2025-09-23 06:00:00,6366,3.422063436210978,1.4665986155189905,13.8,0.1366758021922218,323.0,269.3478260869565
2025-09-23 07:00:00,6367,3.401188756937852,1.4576523244019364,13.9,0.15968106921046113,309.0,269.3478260869565
2025-09-23 08:00:00,6368,3.815729343852243,1.6353125759366753,13.9,0.19835536861399444,285.0,269.3478260869565
2025-09-23 09:00:00,6369,3.402752799018047,1.4583226281505912,13.9,0.17899025140701974,261.0,269.3478260869565
2025-09-23 10:00:00,6370,3.741305043749165,1.6034164473210704,13.9,0.07122096539912033,240.0,269.3478260869565
2025-09-23 11:00:00,6371,3.812450392859504,1.6339073112255018,14.0,0.04275419615333662,241.0,269.3478260869565
2025-09-23 12:00:00,6372,3.8234952954129815,1.6386408408912778,14.1,0.01700669854917265,244.0,269.3478260869565
2025-09-23 13:00:00,6373,4.02171982472352,1.7235942105957942,14.1,0.0,239.0,269.3478260869565
2025-09-23 14:00:00,6374,4.004771092855046,1.7163304683664482,14.1,0.005190332973606367,252.0,269.3478260869565
2025-09-23 15:00:00,6375,4.0007987523714945,1.7146280367306406,14.1,0.0,266.0,269.3478260869565
2025-09-23 16:00:00,6376,4.107692691586806,1.760439724965774,14.1,0.006087606606185097,288.0,269.3478260869565
2025-09-23 17:00:00,6377,4.16222866756493,1.783812286099256,14.1,0.028732758012849028,318.0,269.3478260869565
2025-09-23 18:00:00,6378,4.125450091369822,1.768050039158495,14.1,0.10208266896872738,315.0,269.3478260869565
2025-09-23 19:00:00,6379,4.249232401565438,1.8210996006709022,14.1,0.1624277893260381,301.0,269.3478260869565
2025-09-23 20:00:00,6380,4.139006433715749,1.7738599001638924,14.1,0.18618125177641387,283.0,269.3478260869565
2025-09-23 21:00:00,6381,4.3885812918847265,1.8808205536648823,14.0,0.20456343542229902,273.0,269.3478260869565
2025-09-23 22:00:00,6382,4.327044209136349,1.8544475182012923,13.9,0.5750728986758133,277.0,269.3478260869565
2025-09-23 23:00:00,6383,4.457637052284603,1.9104158795505444,13.9,0.5839994171147131,280.0,269.3478260869565
2025-09-24 00:00:00,6384,4.289729359393485,1.8384554397400648,13.9,0.5850088429362235,281.0,269.3478260869565
2025-09-24 01:00:00,6385,4.940495164026986,2.1173550702972794,14.0,0.536661832186918,293.0,269.3478260869565
2025-09-24 02:00:00,6386,4.504090673249117,1.9303245742496211,14.1,0.21820507364876926,297.0,269.3478260869565
2025-09-24 03:00:00,6387,4.403383478373881,1.8871643478745204,14.3,0.04572737111515556,294.0,269.3478260869565
2025-09-24 04:00:00,6388,4.251432302715303,1.8220424154494153,14.4,0.03515773202725095,290.0,269.3478260869565
2025-09-24 05:00:00,6389,4.1967756763374,1.7986181470017428,14.6,0.25907574149519114,288.0,269.3478260869565
2025-09-24 06:00:00,6390,3.8489122030542022,1.6495338013089438,14.6,0.526582264074333,285.0,269.3478260869565
2025-09-24 07:00:00,6391,4.137154329929744,1.7730661413984616,14.7,0.9561538511312895,278.0,269.3478260869565
2025-09-24 08:00:00,6392,4.354815006028067,1.866349288297743,14.8,1.185189947741283,257.0,269.3478260869565
2025-09-24 09:00:00,6393,4.135822588413218,1.7724953950342364,14.8,0.9994131193008501,230.0,269.3478260869565
2025-09-24 10:00:00,6394,4.692585781649248,2.0111081921353917,14.8,1.1233902333371062,202.0,269.3478260869565
2025-09-24 11:00:00,6395,4.229698205550217,1.8127278023786644,14.8,1.2993442891144062,209.0,269.3478260869565
2025-09-24 12:00:00,6396,4.354117728430189,1.8660504550415091,14.8,1.2412916644521859,218.0,269.3478260869565
2025-09-24 13:00:00,6397,5.3372794391032325,2.287405473901385,14.8,1.028623868758118,222.0,269.3478260869565
2025-09-24 14:00:00,6398,4.647020890133423,1.991580381485753,14.8,0.7166386458894592,226.0,269.3478260869565
2025-09-24 15:00:00,6399,4.709126059334845,2.0181968825720764,14.8,0.4279113325392474,236.0,269.3478260869565
2025-09-24 16:00:00,6400,4.763868803021582,2.041658058437821,14.8,0.23707189289859887,257.0,269.3478260869565
2025-09-24 17:00:00,6401,5.19299222600773,2.225568096860456,14.8,0.0607583133581761,277.0,269.3478260869565
2025-09-24 18:00:00,6402,5.056075626857387,2.1668895543674513,14.8,0.02455801983498428,285.0,269.3478260869565
2025-09-24 19:00:00,6403,5.170982499634656,2.2161353569862805,14.8,0.0,274.0,269.3478260869565
2025-09-24 20:00:00,6404,4.795823334153646,2.0553528574944195,14.8,0.0,255.0,269.3478260869565
2025-09-24 21:00:00,6405,5.070037462978473,2.172873198419345,14.8,0.03369613599998422,251.0,269.3478260869565
2025-09-24 22:00:00,6406,5.193261635423259,2.225683558038539,14.8,0.18813390388925355,249.0,269.3478260869565
2025-09-24 23:00:00,6407,5.310980748802127,2.276134606629483,14.7,0.3475041862181567,252.0,269.3478260869565
2025-09-25 00:00:00,6408,5.683824502929212,2.435924786969662,14.7,0.4354706246715029,227.0,269.3478260869565
2025-09-25 01:00:00,6409,5.035806073868651,2.1582026030865644,14.7,0.4383864968149694,220.0,269.3478260869565
2025-09-25 02:00:00,6410,4.825449815684583,2.0680499210076784,14.6,0.8339613011572993,225.0,269.3478260869565
2025-09-25 03:00:00,6411,4.543453676441158,1.9471944327604962,14.6,1.383949239958404,230.0,269.3478260869565
2025-09-25 04:00:00,6412,4.477879689202529,1.9190912953725123,14.6,1.796068082257374,242.0,269.3478260869565
2025-09-25 05:00:00,6413,4.520563903032854,1.9373845298712231,14.6,1.7907951164313862,241.0,269.3478260869565
2025-09-25 06:00:00,6414,4.467228110996296,1.914526333284127,14.6,1.3405396640998655,233.0,269.3478260869565
2025-09-25 07:00:00,6415,4.410660218157026,1.890282950638725,14.6,0.9610489162352627,215.0,269.3478260869565
2025-09-25 08:00:00,6416,4.360315007329214,1.8687064317125202,14.6,0.9592354219620534,197.0,269.3478260869565
2025-09-25 09:00:00,6417,4.081499364327042,1.7492140132830178,14.6,1.2619835950217542,180.0,269.3478260869565
2025-09-25 10:00:00,6418,4.2653044627146945,1.827987626877726,14.7,2.2243151507657393,152.0,269.3478260869565
2025-09-25 11:00:00,6419,4.355003264556357,1.866429970524153,14.8,2.5471603502324824,126.0,269.3478260869565
2025-09-25 12:00:00,6420,4.5109039214162285,1.933244537749812,14.8,2.118073082467892,104.0,269.3478260869565
2025-09-25 13:00:00,6421,5.035518041358506,2.1580791605822163,14.8,1.2942159628417647,106.0,269.3478260869565
2025-09-25 14:00:00,6422,5.332134266197393,2.285200399798882,14.8,0.7952745135097574,130.0,269.3478260869565
2025-09-25 15:00:00,6423,4.8750346917471,2.0893005821773283,14.8,0.3851008317239144,161.0,269.3478260869565
2025-09-25 16:00:00,6424,5.51177648407184,2.362189921745074,14.8,0.08692402244453776,196.0,269.3478260869565
2025-09-25 17:00:00,6425,4.951399557485832,2.122028381779642,14.8,0.0,222.0,269.3478260869565
2025-09-25 18:00:00,6426,4.644087773053302,1.9903233313085578,14.8,0.0,220.0,269.3478260869565
2025-09-25 19:00:00,6427,4.762739274088474,2.0411739746093462,14.8,0.0,185.0,269.3478260869565
2025-09-25 20:00:00,6428,4.841272796405588,2.0748311984595373,14.7,0.0,167.0,269.3478260869565
2025-09-25 21:00:00,6429,4.835406070568876,2.072316887386661,14.7,0.0,128.0,269.3478260869565
2025-09-25 22:00:00,6430,5.130747585642585,2.19889182241825,14.7,0.00632258764236073,107.0,269.3478260869565
2025-09-25 23:00:00,6431,5.463665880940958,2.3415710918318395,14.6,0.5875485375217567,98.0,269.3478260869565
2025-09-26 00:00:00,6432,5.355862167028253,2.2953695001549654,14.6,2.1068786920362412,118.0,269.3478260869565
2025-09-26 01:00:00,6433,4.899883060718722,2.0999498831651664,14.6,4.076498837737631,125.0,269.3478260869565
2025-09-26 02:00:00,6434,4.882920642576628,2.0926802753899834,14.6,6.392567367967075,125.0,269.3478260869565
2025-09-26 03:00:00,6435,5.184185980416238,2.2217939916069596,14.6,6.439684391294591,111.0,269.3478260869565
2025-09-26 04:00:00,6436,4.93927431980182,2.1168318513436373,14.6,4.97648509457108,111.0,269.3478260869565
2025-09-26 05:00:00,6437,4.810450286547651,2.0616215513775646,14.6,4.559986594159481,143.0,269.3478260869565
2025-09-26 06:00:00,6438,4.69770362771801,2.0133015547362896,14.6,4.888309764547978,161.0,269.3478260869565
2025-09-26 07:00:00,6439,4.41330053137718,1.8914145134473626,14.6,5.211474873336622,158.0,269.3478260869565
2025-09-26 08:00:00,6440,4.557630145339449,1.9532700622883352,14.6,5.05948372872817,145.0,269.3478260869565
2025-09-26 09:00:00,6441,4.51847377866911,1.936488762286761,14.6,4.638768448513331,124.0,269.3478260869565
2025-09-26 10:00:00,6442,3.7102936149304595,1.5901258349701968,14.6,4.645305093860311,101.0,269.3478260869565
2025-09-26 11:00:00,6443,3.991527901937798,1.710654815116199,14.6,4.844005730678485,95.0,269.3478260869565
2025-09-26 12:00:00,6444,4.104818926255431,1.759208111252328,14.6,4.6244326399061295,115.0,269.3478260869565
2025-09-26 13:00:00,6445,4.1715757974476695,1.7878181989061441,14.6,4.511751324591693,126.0,269.3478260869565
2025-09-26 14:00:00,6446,4.345223458578828,1.8622386251052119,14.6,4.895507766514634,134.0,269.3478260869565
2025-09-26 15:00:00,6447,4.46347710346322,1.9129187586270942,14.7,5.44802365831045,151.0,269.3478260869565
2025-09-26 16:00:00,6448,4.69532864791517,2.012283706249358,14.7,6.364904863669906,184.0,269.3478260869565
2025-09-26 17:00:00,6449,4.638355023749005,1.9878664387495737,14.7,6.692728186245812,195.0,269.3478260869565
2025-09-26 18:00:00,6450,5.038342153029053,2.1592894941553085,14.7,6.970745450479486,182.0,269.3478260869565
2025-09-26 19:00:00,6451,4.690744952819649,2.010319265494135,14.7,8.194345538927896,160.0,269.3478260869565
2025-09-26 20:00:00,6452,5.612626523685133,2.405411367293628,14.7,10.388792794449941,130.0,269.3478260869565
2025-09-26 21:00:00,6453,5.297409185439843,2.2703182223313614,14.6,12.994387241034424,108.0,269.3478260869565
2025-09-26 22:00:00,6454,5.154486756148128,2.209065752634912,14.6,15.0,107.0,269.3478260869565
2025-09-26 23:00:00,6455,4.770560057624337,2.0445257389818585,14.6,15.0,94.0,269.3478260869565
2025-09-27 00:00:00,6456,5.458315932182824,2.339278256649782,14.6,15.0,93.0,269.3478260869565
2025-09-27 01:00:00,6457,5.310526802387946,2.2759400581662628,14.6,15.0,105.0,269.3478260869565
2025-09-27 02:00:00,6458,4.584118918304065,1.9646223935588847,14.6,15.0,128.0,269.3478260869565
2025-09-27 03:00:00,6459,4.186586643995543,1.794251418855233,14.6,15.0,138.0,269.3478260869565
2025-09-27 04:00:00,6460,4.158687168026753,1.7822945005828943,14.6,15.0,146.0,269.3478260869565
2025-09-27 05:00:00,6461,4.573745451962065,1.9601766222694565,14.6,15.0,168.0,269.3478260869565
2025-09-27 06:00:00,6462,4.558155139865857,1.9534950599425098,14.6,15.0,195.0,269.3478260869565
2025-09-27 07:00:00,6463,4.3635110438025055,1.870076161629645,14.6,15.0,218.0,269.3478260869565
2025-09-27 08:00:00,6464,4.263699015586395,1.8272995781084551,14.6,15.0,237.0,269.3478260869565
2025-09-27 09:00:00,6465,4.587694863281914,1.966154941406535,14.6,15.0,245.0,269.3478260869565
2025-09-27 10:00:00,6466,4.0965981619534535,1.7556849265514798,14.6,15.0,237.0,269.3478260869565
2025-09-27 11:00:00,6467,5.599330185915404,2.399712936820887,14.6,15.0,227.0,269.3478260869565
2025-09-27 12:00:00,6468,5.427923710982164,2.3262530189923556,14.6,15.0,201.0,269.3478260869565
2025-09-27 13:00:00,6469,5.852193758468134,2.508083039343486,14.6,15.0,198.0,269.3478260869565
2025-09-27 14:00:00,6470,5.85352982468772,2.50865563915188,14.6,6.181072742817639,199.0,269.3478260869565
2025-09-27 15:00:00,6471,5.839648869705329,2.5027066584451405,14.6,2.9036248922511905,203.0,269.3478260869565
2025-09-27 16:00:00,6472,5.3818097485853675,2.3064898922508714,14.5,2.757919600917838,236.0,269.3478260869565
2025-09-27 17:00:00,6473,5.159793951892254,2.2113402650966805,14.5,3.011834146638612,268.0,269.3478260869565
2025-09-27 18:00:00,6474,4.753673437940407,2.037288616260174,14.5,2.5869901424570685,281.0,269.3478260869565
2025-09-27 19:00:00,6475,4.918435347044243,2.1079008630189606,14.5,1.9448987659092796,277.0,269.3478260869565
2025-09-27 20:00:00,6476,4.826367617518187,2.0684432646506514,14.5,1.7490115441509215,279.0,269.3478260869565
2025-09-27 21:00:00,6477,4.691614800676666,2.0106920574328564,14.5,1.3337530744350863,279.0,269.3478260869565
2025-09-27 22:00:00,6478,4.587812299334109,1.9662052711431897,14.4,0.47908398272844815,287.0,269.3478260869565
2025-09-27 23:00:00,6479,5.014161634554954,2.148926414809266,14.4,0.33184379086903565,286.0,269.3478260869565
2025-09-28 00:00:00,6480,5.4511422751536305,2.336203832208699,14.4,0.3763575280793343,282.0,269.3478260869565
2025-09-28 01:00:00,6481,5.362147377694582,2.298063161869106,14.4,0.20571582718613796,286.0,269.3478260869565
2025-09-28 02:00:00,6482,4.802860206242247,2.058368659818106,14.4,0.08216218202261219,278.0,269.3478260869565
2025-09-28 03:00:00,6483,4.858894659111074,2.0823834253333176,14.4,0.18424702999171383,282.0,269.3478260869565
2025-09-28 04:00:00,6484,4.85786071036551,2.0819403044423614,14.4,0.30954650877640383,278.0,269.3478260869565
2025-09-28 05:00:00,6485,4.876661693570005,2.0899978686728597,14.4,0.18813390388925355,287.0,269.3478260869565
2025-09-28 06:00:00,6486,4.287484627539014,1.8374934118024342,14.4,0.005190332973606367,289.0,269.3478260869565
2025-09-28 07:00:00,6487,4.3905432873369925,1.881661408858711,14.4,0.0,274.0,269.3478260869565
2025-09-28 08:00:00,6488,5.350244228278401,2.2929618121193145,14.4,0.0,262.0,269.3478260869565
2025-09-28 09:00:00,6489,5.613046048427699,2.405591163611871,14.5,0.0,245.0,269.3478260869565
2025-09-28 10:00:00,6490,6.204480708099354,2.6590631606140085,14.6,0.0,258.0,269.3478260869565
2025-09-28 11:00:00,6491,5.943310674357832,2.5471331461533566,14.6,0.0,273.0,269.3478260869565
2025-09-28 12:00:00,6492,5.877910932267605,2.519104685257545,14.6,0.0,275.0,269.3478260869565
2025-09-28 13:00:00,6493,4.756026049143145,2.038296878204205,14.6,0.0,263.0,269.3478260869565
2025-09-28 14:00:00,6494,4.9872521440489255,2.1373937760209683,14.7,0.0,251.0,269.3478260869565
2025-09-28 15:00:00,6495,4.736853013049428,2.030079862735469,14.7,0.0,259.0,269.3478260869565
2025-09-28 16:00:00,6496,4.41389372870913,1.8916687408753412,14.7,0.0,297.0,269.3478260869565
2025-09-28 17:00:00,6497,4.720529710092515,2.023084161468221,14.7,0.0,328.0,269.3478260869565
2025-09-28 18:00:00,6498,4.95086955426407,2.121801237541744,14.7,0.0,342.0,269.3478260869565
2025-09-28 19:00:00,6499,4.944226931288281,2.1189543991235484,14.6,0.0,339.0,269.3478260869565
2025-09-28 20:00:00,6500,5.0130821632296385,2.1484637842412733,14.6,0.0,336.0,269.3478260869565
2025-09-28 21:00:00,6501,4.686015512902635,2.0082923626725577,14.6,0.0,332.0,269.3478260869565
2025-09-28 22:00:00,6502,5.344908985371767,2.290675279445043,14.6,0.0,334.0,269.3478260869565
2025-09-28 23:00:00,6503,4.887335594951531,2.0945723978363704,14.5,0.0,339.0,269.3478260869565
2025-09-29 00:00:00,6504,5.214454981456425,2.2347664206241826,14.4,0.0,326.0,269.3478260869565
2025-09-29 01:00:00,6505,4.786166316950952,2.051214135836122,14.4,0.0,311.0,269.3478260869565
2025-09-29 02:00:00,6506,4.306582418249617,1.8456781792498358,14.4,0.0,297.0,269.3478260869565
2025-09-29 03:00:00,6507,3.8938734949169245,1.6688029263929673,14.4,0.0,290.0,269.3478260869565
2025-09-29 04:00:00,6508,3.7144818440173824,1.5919207902931636,14.4,0.0,296.0,269.3478260869565
2025-09-29 05:00:00,6509,3.6053833561155004,1.5451642954780718,14.4,0.0,292.0,269.3478260869565
2025-09-29 06:00:00,6510,3.9832884407757927,1.7071236174753397,14.4,0.0,293.0,269.3478260869565
2025-09-29 07:00:00,6511,3.452260594562773,1.479540254812617,14.4,0.0,286.0,269.3478260869565
2025-09-29 08:00:00,6512,3.7267315085409574,1.597170646517553,14.4,0.0,268.0,269.3478260869565
2025-09-29 09:00:00,6513,4.130965067524865,1.7704136003677988,14.4,0.11271692274598138,251.0,269.3478260869565
2025-09-29 10:00:00,6514,4.604936348579013,1.9735441493910053,14.4,0.14537149627807186,247.0,269.3478260869565
2025-09-29 11:00:00,6515,4.871532414267927,2.087799606114826,14.4,0.5960171484486788,235.0,269.3478260869565
2025-09-29 12:00:00,6516,4.636071524156131,1.9868877960669131,14.4,1.2109614737303063,224.0,269.3478260869565
2025-09-29 13:00:00,6517,4.581961723558148,1.9636978815249204,14.4,2.2899511739847194,216.0,269.3478260869565
2025-09-29 14:00:00,6518,4.795519085038507,2.055222465016503,14.4,3.525062918476227,215.0,269.3478260869565
2025-09-29 15:00:00,6519,5.140210279911738,2.202947262819316,14.5,4.279675682764074,228.0,269.3478260869565
2025-09-29 16:00:00,6520,5.164942998742372,2.2135469994610166,14.5,4.745812847038807,259.0,269.3478260869565
2025-09-29 17:00:00,6521,4.893140592594941,2.09706025396926,14.5,5.350836381000824,276.0,269.3478260869565
2025-09-29 18:00:00,6522,5.12723425228398,2.1973861081217057,14.5,6.128152391421661,266.0,269.3478260869565
2025-09-29 19:00:00,6523,4.914328175624025,2.106140646696011,14.5,6.747511207275041,247.0,269.3478260869565
2025-09-29 20:00:00,6524,4.8195054984296135,2.065502356469834,14.5,7.399283110601312,223.0,269.3478260869565
2025-09-29 21:00:00,6525,5.1121215220152845,2.1909092237208365,14.4,7.7271073168668085,207.0,269.3478260869565
2025-09-29 22:00:00,6526,5.3645613086955795,2.2990977037266767,14.4,7.776510651657677,164.0,269.3478260869565
2025-09-29 23:00:00,6527,5.3088241360350406,2.2752103440150173,14.4,6.885404088756906,144.0,269.3478260869565
2025-09-30 00:00:00,6528,5.820748943598209,2.494606690113518,14.4,6.18429785579189,132.0,269.3478260869565
2025-09-30 01:00:00,6529,5.241467123199634,2.2463430527998427,14.4,5.8767466081720565,130.0,269.3478260869565
2025-09-30 02:00:00,6530,5.184727239653859,2.2220259598516536,14.4,5.4403470903522235,131.0,269.3478260869565
2025-09-30 03:00:00,6531,4.774916625025433,2.046392839296614,14.4,5.5949540803616475,136.0,269.3478260869565
2025-09-30 04:00:00,6532,4.650724403878905,1.9931676016623878,14.4,6.299539248726972,150.0,269.3478260869565
2025-09-30 05:00:00,6533,4.608348056028826,1.9750063097266397,14.4,7.308813400359561,179.0,269.3478260869565
2025-09-30 06:00:00,6534,4.830260601289748,2.0701116862670346,14.4,7.19551100477428,200.0,269.3478260869565
2025-09-30 07:00:00,6535,4.611429251476224,1.9763268220612389,14.4,7.806569772901154,205.0,269.3478260869565
2025-09-30 08:00:00,6536,3.8122956541528064,1.633840994636917,14.4,8.723723668632442,201.0,269.3478260869565
2025-09-30 09:00:00,6537,3.663153438634053,1.5699229022717367,14.4,10.45486122499467,171.0,269.3478260869565
2025-09-30 10:00:00,6538,3.9152718867345175,1.6779736657433648,14.4,10.39404524399246,151.0,269.3478260869565
2025-09-30 11:00:00,6539,3.63435617201876,1.5575812165794685,14.4,11.845027584618826,147.0,269.3478260869565
2025-09-30 12:00:00,6540,3.6163161225513387,1.5498497668077165,14.4,13.770481195168763,133.0,269.3478260869565
2025-09-30 13:00:00,6541,3.600217946396813,1.542950548455777,14.4,15.0,137.0,269.3478260869565
2025-09-30 14:00:00,6542,3.8625572931197434,1.6553816970513184,14.4,15.0,152.0,269.3478260869565
2025-09-30 15:00:00,6543,3.7482640652846904,1.6063988851220101,14.4,15.0,176.0,269.3478260869565
2025-09-30 16:00:00,6544,3.883485391206219,1.6643508819455224,14.5,15.0,195.0,269.3478260869565
2025-09-30 17:00:00,6545,3.8143623426988915,1.6347267182995247,14.5,15.0,200.0,269.3478260869565
2025-09-30 18:00:00,6546,3.9852239098272713,1.7079531042116876,14.5,15.0,201.0,269.3478260869565
2025-09-30 19:00:00,6547,4.853817771155924,2.0802076162096816,14.5,15.0,180.0,269.3478260869565
2025-09-30 20:00:00,6548,4.983530470499418,2.135798773071179,14.5,15.0,139.0,269.3478260869565
2025-09-30 21:00:00,6549,4.612837615922317,1.9769304068238498,14.4,15.0,121.0,269.3478260869565
2025-09-30 22:00:00,6550,4.645408734739188,1.9908894577453666,14.4,15.0,116.0,269.3478260869565
2025-09-30 23:00:00,6551,4.596951914014603,1.9701222488634011,14.4,15.0,117.0,269.3478260869565
2025-10-01 00:00:00,6552,5.001400487313127,2.1434573517056257,14.4,15.0,98.0,269.3478260869565
2025-10-01 01:00:00,6553,4.970116050199331,2.1300497357997132,14.4,15.0,97.0,269.3478260869565
2025-10-01 02:00:00,6554,4.892383390237786,2.0967357386733365,14.5,15.0,98.0,269.3478260869565
2025-10-01 03:00:00,6555,4.558564141493059,1.953670346354168,14.5,15.0,97.0,269.3478260869565
2025-10-01 04:00:00,6556,4.627866453279726,1.9833713371198827,14.6,15.0,94.0,269.3478260869565
2025-10-01 05:00:00,6557,4.731875448412355,2.027946620748152,14.6,15.0,98.0,269.3478260869565
2025-10-01 06:00:00,6558,4.642858651705521,1.9897965650166516,14.6,15.0,116.0,269.3478260869565
2025-10-01 07:00:00,6559,4.387386215223793,1.880308377953054,14.6,15.0,124.0,269.3478260869565
2025-10-01 08:00:00,6560,4.816047478281748,2.0640203478350343,14.6,15.0,118.0,269.3478260869565
2025-10-01 09:00:00,6561,5.356348700943956,2.2955780146902662,14.6,15.0,111.0,269.3478260869565
2025-10-01 10:00:00,6562,5.147367537774992,2.2060146590464247,14.6,15.0,107.0,269.3478260869565
2025-10-01 11:00:00,6563,4.715961920089429,2.0211265371811837,14.6,15.0,108.0,269.3478260869565
2025-10-01 12:00:00,6564,4.863348430201842,2.084292184372218,14.6,15.0,103.0,269.3478260869565
2025-10-01 13:00:00,6565,5.072810197926807,2.174061513397203,14.6,15.0,105.0,269.3478260869565
2025-10-01 14:00:00,6566,4.996407757328896,2.1413176102838123,14.7,15.0,107.0,269.3478260869565
2025-10-01 15:00:00,6567,5.092970789222686,2.182701766809722,14.7,15.0,106.0,269.3478260869565
2025-10-01 16:00:00,6568,4.951956251672748,2.1222669650026065,14.8,15.0,140.0,269.3478260869565
2025-10-01 17:00:00,6569,4.977556524243662,2.1332385103901403,14.8,15.0,155.0,269.3478260869565
2025-10-01 18:00:00,6570,5.2291904385,2.2410816165000003,14.8,15.0,142.0,269.3478260869565
2025-10-01 19:00:00,6571,5.180967265506339,2.220414542359859,14.8,15.0,125.0,269.3478260869565
2025-10-01 20:00:00,6572,5.510380202827252,2.361591515497394,14.8,15.0,119.0,269.3478260869565
2025-10-01 21:00:00,6573,5.542177642027315,2.375218989440278,14.7,15.0,115.0,269.3478260869565
2025-10-01 22:00:00,6574,5.464577114421104,2.3419616204661877,14.7,15.0,105.0,269.3478260869565
2025-10-01 23:00:00,6575,5.319966003573194,2.2799854301027973,14.6,15.0,114.0,269.3478260869565
2025-10-02 00:00:00,6576,5.755790329048158,2.4667672838777817,14.6,15.0,118.0,269.3478260869565
2025-10-02 01:00:00,6577,5.39849187866057,2.313639376568816,14.6,15.0,137.0,269.3478260869565
2025-10-02 02:00:00,6578,5.642896066975009,2.4183840287035747,14.6,15.0,145.0,269.3478260869565
2025-10-02 03:00:00,6579,5.615418225806045,2.4066078110597333,14.6,15.0,167.0,269.3478260869565
2025-10-02 04:00:00,6580,6.3219959697182535,2.7094268441649656,14.6,12.88118368982095,170.0,269.3478260869565
2025-10-02 05:00:00,6581,6.265581435276205,2.685249186546945,14.6,14.63293570431596,169.0,269.3478260869565
2025-10-02 06:00:00,6582,6.186872393294479,2.651516739983348,14.6,15.0,176.0,269.3478260869565
2025-10-02 07:00:00,6583,5.917615218087644,2.5361208077518476,14.6,15.0,162.0,269.3478260869565
2025-10-02 08:00:00,6584,6.304932484970275,2.7021139221301174,14.6,15.0,145.0,269.3478260869565
2025-10-02 09:00:00,6585,6.272993571006941,2.688425816145832,14.6,15.0,139.0,269.3478260869565
2025-10-02 10:00:00,6586,6.081814344262217,2.606491861826664,14.6,15.0,130.0,269.3478260869565
2025-10-02 11:00:00,6587,4.955483087800669,2.1237784662002865,14.6,15.0,119.0,269.3478260869565
2025-10-02 12:00:00,6588,5.626313506436874,2.411277217044374,14.6,15.0,99.0,269.3478260869565
2025-10-02 13:00:00,6589,5.5270196429853975,2.3687227041365984,14.6,15.0,91.0,269.3478260869565
2025-10-02 14:00:00,6590,6.056166296260812,2.5954998412546333,14.6,15.0,104.0,269.3478260869565
2025-10-02 15:00:00,6591,5.3252840215776835,2.28226458067615,14.6,15.0,120.0,269.3478260869565
2025-10-02 16:00:00,6592,4.9692732102505826,2.129688518678821,14.6,15.0,120.0,269.3478260869565
2025-10-02 17:00:00,6593,6.195221436344076,2.6550949012903176,14.6,15.0,133.0,269.3478260869565
2025-10-02 18:00:00,6594,5.83955741492273,2.502667463538313,14.6,15.0,131.0,269.3478260869565
2025-10-02 19:00:00,6595,4.842229382551109,2.075241163950475,14.6,15.0,134.0,269.3478260869565
2025-10-02 20:00:00,6596,5.948184834793781,2.5492220720544774,14.6,15.0,109.0,269.3478260869565
2025-10-02 21:00:00,6597,5.902698964465309,2.5297281276279895,14.6,15.0,106.0,269.3478260869565
2025-10-02 22:00:00,6598,6.258751248630258,2.6823219636986817,14.6,15.0,111.0,269.3478260869565
2025-10-02 23:00:00,6599,5.800780811103188,2.4860489190442228,14.6,15.0,126.0,269.3478260869565
2025-10-03 00:00:00,6600,6.4015679126986615,2.7435291054422835,14.6,15.0,163.0,269.3478260869565
2025-10-03 01:00:00,6601,6.14497898273124,2.6335624211705313,14.6,13.796531510027155,180.0,269.3478260869565
2025-10-03 02:00:00,6602,5.741897668515483,2.4608132865066352,14.6,8.809973358123354,180.0,269.3478260869565
2025-10-03 03:00:00,6603,5.295212904865948,2.2693769592282633,14.6,6.632260792895028,173.0,269.3478260869565
2025-10-03 04:00:00,6604,4.378225005847193,1.876382145363083,14.6,4.488127145364126,149.0,269.3478260869565
2025-10-03 05:00:00,6605,5.854713745273777,2.5091630336887616,14.6,3.442987477471782,143.0,269.3478260869565
2025-10-03 06:00:00,6606,5.767656907210251,2.471852960232965,14.6,3.1897515316164355,129.0,269.3478260869565
2025-10-03 07:00:00,6607,5.627604994721175,2.41183071202336,14.6,6.057369001387989,116.0,269.3478260869565
2025-10-03 08:00:00,6608,5.892868804871095,2.525515202087612,14.6,10.86394075575434,103.0,269.3478260869565
2025-10-03 09:00:00,6609,5.899827258974566,2.528497396703386,14.6,15.0,98.0,269.3478260869565
2025-10-03 10:00:00,6610,5.914544027346141,2.5348045831483463,14.6,15.0,102.0,269.3478260869565
2025-10-03 11:00:00,6611,5.9208260958003684,2.5374968982001573,14.6,15.0,108.0,269.3478260869565
2025-10-03 12:00:00,6612,5.915947282901792,2.535405978386482,14.6,0.0,121.0,269.3478260869565
2025-10-03 13:00:00,6613,5.98001726871496,2.562864543734983,14.6,0.0,132.0,269.3478260869565
2025-10-03 14:00:00,6614,5.520504634804421,2.365930557773323,14.6,0.0,157.0,269.3478260869565
2025-10-03 15:00:00,6615,5.543703771734716,2.3758730450291634,14.6,0.0,158.0,269.3478260869565
2025-10-03 16:00:00,6616,5.647413005570387,2.420319859530166,14.6,15.0,141.0,269.3478260869565
2025-10-03 17:00:00,6617,5.707013030375974,2.445862727303989,14.6,15.0,149.0,269.3478260869565
2025-10-03 18:00:00,6618,5.53273603721602,2.371172587378294,14.6,15.0,142.0,269.3478260869565
2025-10-03 19:00:00,6619,5.154338614905059,2.2090022635307394,14.6,15.0,118.0,269.3478260869565
2025-10-03 20:00:00,6620,5.6633962485076275,2.427169820788983,14.5,15.0,104.0,269.3478260869565
2025-10-03 21:00:00,6621,5.432776327838262,2.3283327119306834,14.5,15.0,82.0,269.3478260869565
2025-10-03 22:00:00,6622,5.592680122711492,2.3968629097334966,14.5,15.0,83.0,269.3478260869565
2025-10-03 23:00:00,6623,5.825190577441852,2.4965102474750793,14.4,15.0,89.0,269.3478260869565
2025-10-04 00:00:00,6624,5.8244549508438705,2.496194978933087,14.4,15.0,92.0,269.3478260869565
2025-10-04 01:00:00,6625,5.078221266732073,2.176380542885174,14.4,15.0,97.0,269.3478260869565
2025-10-04 02:00:00,6626,5.2200359711709865,2.2371582733589945,14.4,15.0,107.0,269.3478260869565
2025-10-04 03:00:00,6627,4.101619012475136,1.7578367196322011,14.4,15.0,106.0,269.3478260869565
2025-10-04 04:00:00,6628,3.542920011709043,1.518394290732447,14.4,15.0,107.0,269.3478260869565
2025-10-04 05:00:00,6629,4.855516871187227,2.080935801937383,14.4,15.0,106.0,269.3478260869565
2025-10-04 06:00:00,6630,5.427315903974207,2.32599253027466,14.4,15.0,94.0,269.3478260869565
2025-10-04 07:00:00,6631,5.3199531636345,2.279979927271928,14.4,15.0,85.0,269.3478260869565
2025-10-04 08:00:00,6632,5.495273061732618,2.355117026456836,14.3,15.0,87.0,269.3478260869565
2025-10-04 09:00:00,6633,5.549706854083077,2.3784457946070323,14.3,15.0,95.0,269.3478260869565
2025-10-04 10:00:00,6634,5.992058408000383,2.568025032000164,14.3,15.0,96.0,269.3478260869565
2025-10-04 11:00:00,6635,5.257733130799047,2.253314198913877,14.2,15.0,91.0,269.3478260869565
2025-10-04 12:00:00,6636,5.906847660293575,2.5315061401258174,14.2,15.0,92.0,269.3478260869565
2025-10-04 13:00:00,6637,5.316536282548469,2.2785155496636293,14.2,15.0,93.0,269.3478260869565
2025-10-04 14:00:00,6638,5.631462460878232,2.4134839118049567,14.2,15.0,90.0,269.3478260869565
2025-10-04 15:00:00,6639,5.7199850570973645,2.4514221673274417,14.2,15.0,91.0,269.3478260869565
2025-10-04 16:00:00,6640,5.844086330270361,2.504608427258726,14.2,15.0,96.0,269.3478260869565
2025-10-04 17:00:00,6641,5.667393322211719,2.4288828523764514,14.2,15.0,107.0,269.3478260869565
2025-10-04 18:00:00,6642,5.6514922909859315,2.422068124708256,14.2,15.0,102.0,269.3478260869565
2025-10-04 19:00:00,6643,5.1718790014074845,2.2165195720317787,14.2,15.0,92.0,269.3478260869565
2025-10-04 20:00:00,6644,5.690804572540872,2.4389162453746587,14.2,15.0,96.0,269.3478260869565
2025-10-04 21:00:00,6645,5.732327136700572,2.456711630014531,14.2,15.0,100.0,269.3478260869565
2025-10-04 22:00:00,6646,5.720557655701073,2.4516675667290317,14.2,15.0,107.0,269.3478260869565
2025-10-04 23:00:00,6647,5.451614397356854,2.336406170295795,14.2,15.0,100.0,269.3478260869565
2025-10-05 00:00:00,6648,5.503367066732395,2.3585858857424546,14.2,15.0,99.0,269.3478260869565
2025-10-05 01:00:00,6649,5.563200586642168,2.384228822846643,14.2,15.0,102.0,269.3478260869565
2025-10-05 02:00:00,6650,5.415311789150646,2.3208479096359915,14.1,15.0,109.0,269.3478260869565
2025-10-05 03:00:00,6651,5.577710546072302,2.390447376888129,14.1,15.0,117.0,269.3478260869565
2025-10-05 04:00:00,6652,5.5801305032216,2.391484501380685,14.1,15.0,115.0,269.3478260869565
2025-10-05 05:00:00,6653,5.5114925661630085,2.362068242641289,14.1,15.0,123.0,269.3478260869565
2025-10-05 06:00:00,6654,5.531516909210986,2.3706501039475656,14.1,15.0,123.0,269.3478260869565
2025-10-05 07:00:00,6655,5.434609481179995,2.3291183490771403,14.1,15.0,125.0,269.3478260869565
2025-10-05 08:00:00,6656,4.94811457188449,2.1206205308076385,14.1,15.0,116.0,269.3478260869565
2025-10-05 09:00:00,6657,4.7240614666389265,2.0245977714166825,14.1,15.0,111.0,269.3478260869565
2025-10-05 10:00:00,6658,4.979402514757753,2.134029649181894,14.1,15.0,112.0,269.3478260869565
2025-10-05 11:00:00,6659,5.00845650580542,2.146481359630894,14.1,15.0,111.0,269.3478260869565
2025-10-05 12:00:00,6660,4.42686792984637,1.8972291127913015,14.1,12.466309426204171,109.0,269.3478260869565
2025-10-05 13:00:00,6661,4.963990316695048,2.1274244214407347,14.1,10.155098036697662,111.0,269.3478260869565
2025-10-05 14:00:00,6662,4.48763510966589,1.92327218985681,14.1,10.226200131455927,109.0,269.3478260869565
2025-10-05 15:00:00,6663,4.939754480073335,2.117037634317143,14.1,9.86974635576796,107.0,269.3478260869565
2025-10-05 16:00:00,6664,5.003980479981813,2.144563062849348,14.1,8.940458981746502,116.0,269.3478260869565
2025-10-05 17:00:00,6665,4.973242361455759,2.131389583481039,14.1,8.801106801740454,139.0,269.3478260869565
2025-10-05 18:00:00,6666,5.067158086059594,2.171639179739826,14.1,6.898765086940561,145.0,269.3478260869565
2025-10-05 19:00:00,6667,5.569686951857745,2.3870086936533195,14.1,5.226577379908268,121.0,269.3478260869565
2025-10-05 20:00:00,6668,5.913387503914632,2.5343089302491277,14.1,5.921992963226536,114.0,269.3478260869565
2025-10-05 21:00:00,6669,5.115190870544673,2.1922246588048595,14.1,6.286738060453332,121.0,269.3478260869565
2025-10-05 22:00:00,6670,4.86204780506228,2.08373477359812,14.1,7.975188988628466,128.0,269.3478260869565
2025-10-05 23:00:00,6671,5.540674042531866,2.374574589656514,14.1,6.980298231798227,128.0,269.3478260869565
2025-10-06 00:00:00,6672,5.622797640267837,2.409770417257644,14.1,5.299480449131446,127.0,269.3478260869565
2025-10-06 01:00:00,6673,5.474785874084597,2.346336803179113,14.1,4.465465606891393,125.0,269.3478260869565
2025-10-06 02:00:00,6674,5.0985312937965475,2.1850848401985203,14.1,4.06716092947992,124.0,269.3478260869565
2025-10-06 03:00:00,6675,4.795552566218085,2.055236814093465,14.1,4.014965752233191,128.0,269.3478260869565
2025-10-06 04:00:00,6676,4.506290056663604,1.9312671671415444,14.1,3.892726629920155,127.0,269.3478260869565
2025-10-06 05:00:00,6677,4.713315753697495,2.0199924658703545,14.1,4.159898658485356,129.0,269.3478260869565
2025-10-06 06:00:00,6678,4.364593730134144,1.8705401700574902,14.1,4.243472256530435,164.0,269.3478260869565
2025-10-06 07:00:00,6679,4.288923662287935,1.8381101409805434,14.1,4.196608344133846,147.0,269.3478260869565
2025-10-06 08:00:00,6680,3.7026107992232475,1.5868331996671061,14.1,4.097594633923643,120.0,269.3478260869565
2025-10-06 09:00:00,6681,4.080876362254456,1.7489470123947668,14.1,3.775879291597283,114.0,269.3478260869565
2025-10-06 10:00:00,6682,4.077020946695937,1.7472946914411156,14.2,2.8457277339436593,110.0,269.3478260869565
2025-10-06 11:00:00,6683,4.251972080612054,1.8222737488337377,14.2,3.924675591225493,104.0,269.3478260869565
2025-10-06 12:00:00,6684,4.911447715067176,2.104906163600218,14.2,5.419567824080767,101.0,269.3478260869565
2025-10-06 13:00:00,6685,4.986212546625662,2.1369482342681407,14.2,8.280558572074773,102.0,269.3478260869565
2025-10-06 14:00:00,6686,4.879237943101872,2.091101975615088,14.3,13.90423413449609,131.0,269.3478260869565
2025-10-06 15:00:00,6687,5.021796746560158,2.1521986056686386,14.3,15.0,136.0,269.3478260869565
2025-10-06 16:00:00,6688,4.996179679064867,2.1412198624563716,14.3,15.0,173.0,269.3478260869565
2025-10-06 17:00:00,6689,5.13077822718035,2.1989049545058648,14.3,15.0,183.0,269.3478260869565
2025-10-06 18:00:00,6690,5.114749683970947,2.1920355788446915,14.3,15.0,181.0,269.3478260869565
2025-10-06 19:00:00,6691,5.044719641500995,2.1620227035004262,14.3,15.0,168.0,269.3478260869565
2025-10-06 20:00:00,6692,4.839343985584829,2.074004565250641,14.2,15.0,143.0,269.3478260869565
2025-10-06 21:00:00,6693,4.982681128536781,2.1354347693729054,14.2,15.0,141.0,269.3478260869565
2025-10-06 22:00:00,6694,4.876730387421173,2.090027308894788,14.2,15.0,137.0,269.3478260869565
2025-10-06 23:00:00,6695,5.093899698052329,2.1830998705938556,14.1,15.0,123.0,269.3478260869565
2025-10-07 00:00:00,6696,5.445379773744568,2.333734188747672,14.1,13.342414633927268,133.0,269.3478260869565
2025-10-07 01:00:00,6697,4.987484850562202,2.1374935073838004,14.1,13.060931656775386,116.0,269.3478260869565
2025-10-07 02:00:00,6698,4.821478165069541,2.0663477850298033,14.1,13.567707238458748,124.0,269.3478260869565
2025-10-07 03:00:00,6699,4.39294397608089,1.8826902754632386,14.1,13.928535368875837,133.0,269.3478260869565
2025-10-07 04:00:00,6700,3.886291270660551,1.6655534017116647,14.1,15.0,133.0,269.3478260869565
2025-10-07 05:00:00,6701,4.1180841066228195,1.764893188552637,14.1,15.0,165.0,269.3478260869565
2025-10-07 06:00:00,6702,4.06179088353199,1.7407675215137102,14.1,15.0,212.0,269.3478260869565
2025-10-07 07:00:00,6703,4.214818595452348,1.806350826622435,14.1,13.5445270144292,238.0,269.3478260869565
2025-10-07 08:00:00,6704,4.519812742448179,1.9370626039063628,14.1,12.228773713064623,244.0,269.3478260869565
2025-10-07 09:00:00,6705,4.228074644833763,1.8120319906430409,14.1,10.807980705658878,244.0,269.3478260869565
2025-10-07 10:00:00,6706,3.886556759423372,1.6656671826100162,14.1,7.736059292853063,247.0,269.3478260869565
2025-10-07 11:00:00,6707,4.747211942281277,2.034519403834833,14.1,5.989561418080498,248.0,269.3478260869565
2025-10-07 12:00:00,6708,3.960666442471747,1.6974284753450346,14.1,5.936538253224797,247.0,269.3478260869565
2025-10-07 13:00:00,6709,4.633825743559042,1.9859253186681605,14.1,6.617519823036992,253.0,269.3478260869565
2025-10-07 14:00:00,6710,4.619985364357417,1.9799937275817499,14.1,6.590103478964495,259.0,269.3478260869565
2025-10-07 15:00:00,6711,5.272634457681123,2.2597004818633386,14.1,6.325711214019428,266.0,269.3478260869565
2025-10-07 16:00:00,6712,4.796973188094412,2.0558456520404627,14.2,5.76144328054252,282.0,269.3478260869565
2025-10-07 17:00:00,6713,4.718586179161525,2.0222512196406535,14.2,4.2189771881822615,292.0,269.3478260869565
2025-10-07 18:00:00,6714,4.439417019196699,1.9026072939414425,14.2,2.3684173280096172,292.0,269.3478260869565
2025-10-07 19:00:00,6715,4.512475088264169,1.9339178949703577,14.2,2.285600351288463,288.0,269.3478260869565
2025-10-07 20:00:00,6716,4.374478464428161,1.8747764847549258,14.1,4.479893443023507,286.0,269.3478260869565
2025-10-07 21:00:00,6717,4.909333057002901,2.1039998815726717,14.1,4.606678490880106,285.0,269.3478260869565
2025-10-07 22:00:00,6718,4.677655408302607,2.004709460701117,14.1,3.2250752512633825,278.0,269.3478260869565
2025-10-07 23:00:00,6719,4.611912739391496,1.9765340311677835,14.1,3.155533312529591,262.0,269.3478260869565
2025-10-08 00:00:00,6720,3.4763406533337715,1.4898602800001877,14.1,2.836909332429358,257.0,269.3478260869565
2025-10-08 01:00:00,6721,3.9460845094436428,1.691179075475847,14.1,3.082175320733642,246.0,269.3478260869565
2025-10-08 02:00:00,6722,3.775000477785306,1.617857347622274,14.1,3.134225983966526,247.0,269.3478260869565
2025-10-08 03:00:00,6723,3.813352236672958,1.634293815716982,14.1,2.935309721780472,255.0,269.3478260869565
2025-10-08 04:00:00,6724,3.6848105181707864,1.57920450778748,14.1,2.361655312982029,276.0,269.3478260869565
2025-10-08 05:00:00,6725,3.6495299705929747,1.5640842731112747,14.2,1.7697058352045894,275.0,269.3478260869565
2025-10-08 06:00:00,6726,3.4654065710037036,1.485174244715873,14.2,1.4598939369774893,267.0,269.3478260869565
2025-10-08 07:00:00,6727,3.7419086597171454,1.6036751398787767,14.2,1.4954138044217746,266.0,269.3478260869565
2025-10-08 08:00:00,6728,4.165995794047472,1.7854267688774876,14.2,1.3785541082450095,252.0,269.3478260869565
2025-10-08 09:00:00,6729,4.252758997058842,1.8226109987395036,14.2,1.2813537521797065,228.0,269.3478260869565
2025-10-08 10:00:00,6730,4.313128489815417,1.8484836384923216,14.2,1.5964366347549344,192.0,269.3478260869565
2025-10-08 11:00:00,6731,4.41511887988135,1.8921938056634358,14.2,2.042124747452381,175.0,269.3478260869565
2025-10-08 12:00:00,6732,4.236260887320787,1.8155403802803374,14.2,2.060877478922099,169.0,269.3478260869565
2025-10-08 13:00:00,6733,4.965564680697873,2.1280991488705165,14.2,1.7346061414291039,162.0,269.3478260869565
2025-10-08 14:00:00,6734,5.217475512576742,2.2360609339614608,14.2,1.809479404677502,160.0,269.3478260869565
2025-10-08 15:00:00,6735,4.676256410771527,2.0041098903306542,14.3,2.3037642824394524,176.0,269.3478260869565
2025-10-08 16:00:00,6736,4.632476182846355,1.9853469355055806,14.3,2.89573186882521,206.0,269.3478260869565
2025-10-08 17:00:00,6737,4.874114597365345,2.0889062560137197,14.3,3.1488578987519955,232.0,269.3478260869565
2025-10-08 18:00:00,6738,5.511818484392613,2.3622079218825482,14.3,3.2616624414909436,231.0,269.3478260869565
2025-10-08 19:00:00,6739,5.67580491249227,2.432487819639544,14.3,3.222030143928789,227.0,269.3478260869565
2025-10-08 20:00:00,6740,5.519270115478418,2.3654014780621786,14.3,3.5520070106782473,229.0,269.3478260869565
2025-10-08 21:00:00,6741,5.182560199665156,2.2210972284279236,14.2,3.0554268484963383,233.0,269.3478260869565
2025-10-08 22:00:00,6742,5.375156596866577,2.303638541514247,14.2,3.7457937932626884,238.0,269.3478260869565
2025-10-08 23:00:00,6743,5.0262817793967685,2.1541207625986147,14.2,3.839413418200138,248.0,269.3478260869565
2025-10-09 00:00:00,6744,5.3591158138198125,2.2967639202084906,14.2,3.9479461597015337,247.0,269.3478260869565
2025-10-09 01:00:00,6745,5.570269930449783,2.3872585416213354,14.2,3.9510685321773344,242.0,269.3478260869565
2025-10-09 02:00:00,6746,5.053498400100752,2.1657850286146076,14.2,3.871109655674358,228.0,269.3478260869565
2025-10-09 03:00:00,6747,4.861384228086782,2.083450383465763,14.1,3.0338151818789676,234.0,269.3478260869565
2025-10-09 04:00:00,6748,4.420642137221932,1.894560915952257,14.1,3.3894361352631823,239.0,269.3478260869565
2025-10-09 05:00:00,6749,5.138833651820256,2.2023572793515385,14.1,3.504368304895815,232.0,269.3478260869565
2025-10-09 06:00:00,6750,4.854387156945798,2.080451638691056,14.1,4.31108145067663,238.0,269.3478260869565
2025-10-09 07:00:00,6751,4.908132784912601,2.103485479248257,14.1,5.119267356417659,236.0,269.3478260869565
2025-10-09 08:00:00,6752,4.094252907034697,1.7546798173005846,14.1,3.630657500069077,237.0,269.3478260869565
2025-10-09 09:00:00,6753,4.403582742126118,1.8872497466254792,14.1,3.5308366108777465,229.0,269.3478260869565
2025-10-09 10:00:00,6754,4.404856134000885,1.8877954860003792,14.2,5.3304984150110375,212.0,269.3478260869565
2025-10-09 11:00:00,6755,4.185817076473015,1.7939216042027204,14.2,4.263412381765821,192.0,269.3478260869565
2025-10-09 12:00:00,6756,4.446462578856517,1.9056268195099355,14.2,3.707575114597412,190.0,269.3478260869565
2025-10-09 13:00:00,6757,4.969676243465395,2.129861247199455,14.2,3.9438862555000007,205.0,269.3478260869565
2025-10-09 14:00:00,6758,4.796095237613651,2.055469387548708,14.2,3.8895360088092126,234.0,269.3478260869565
2025-10-09 15:00:00,6759,5.032138045865274,2.156630591085117,14.2,3.8010689000362157,253.0,269.3478260869565
2025-10-09 16:00:00,6760,4.771253932284251,2.0448231138361077,14.2,4.220182077736918,272.0,269.3478260869565
2025-10-09 17:00:00,6761,4.792583804934562,2.0539644878290977,14.2,4.123333108103174,291.0,269.3478260869565
2025-10-09 18:00:00,6762,4.9800029996301785,2.134286999841505,14.2,2.751245677597074,295.0,269.3478260869565
2025-10-09 19:00:00,6763,5.1602694631850685,2.211544055650744,14.2,1.5210446092111696,293.0,269.3478260869565
2025-10-09 20:00:00,6764,4.707984698163194,2.0177077277842255,14.2,0.9396887079976225,283.0,269.3478260869565
2025-10-09 21:00:00,6765,4.5275532038785045,1.9403799445193592,14.2,1.0847100860420504,269.0,269.3478260869565
2025-10-09 22:00:00,6766,4.680491554394953,2.0059249518835514,14.2,2.150235102201807,269.0,269.3478260869565
2025-10-09 23:00:00,6767,4.963991080776479,2.1274247489042053,14.2,3.5128730225569518,296.0,269.3478260869565
2025-10-10 00:00:00,6768,5.060193628837018,2.168654412358722,14.2,4.531988402806645,299.0,269.3478260869565
2025-10-10 01:00:00,6769,5.290882529390496,2.267521084024498,14.2,4.328099912003133,296.0,269.3478260869565
2025-10-10 02:00:00,6770,4.765807351500836,2.0424888649289294,14.1,3.3075265689604323,284.0,269.3478260869565
2025-10-10 03:00:00,6771,4.764865276731953,2.0420851185994082,14.1,2.6986606323150375,289.0,269.3478260869565
2025-10-10 04:00:00,6772,4.262788937897757,1.8269095448133246,14.1,2.6182298848381698,300.0,269.3478260869565
2025-10-10 05:00:00,6773,4.138099244062148,1.7734711045980633,14.1,2.8358177031021476,298.0,269.3478260869565
2025-10-10 06:00:00,6774,3.9428435327890226,1.6897900854810095,14.1,3.4783875997705933,306.0,269.3478260869565
2025-10-10 07:00:00,6775,4.234535531892266,1.8148009422395428,14.1,3.7590213982377305,307.0,269.3478260869565
2025-10-10 08:00:00,6776,4.401840186685766,1.8865029371510424,14.1,3.318610734586596,302.0,269.3478260869565
2025-10-10 09:00:00,6777,4.6601968332333925,1.9972272142428822,14.1,2.181471438119791,294.0,269.3478260869565
2025-10-10 10:00:00,6778,4.838392525849015,2.0735967967924345,14.1,0.9489943917065568,288.0,269.3478260869565
2025-10-10 11:00:00,6779,4.9800833280964945,2.1343214263270687,14.1,0.4330652694895472,281.0,269.3478260869565
2025-10-10 12:00:00,6780,4.9079091497896865,2.103389635624151,14.1,0.12165402592451659,278.0,269.3478260869565
2025-10-10 13:00:00,6781,4.866807101242436,2.085774471961044,14.1,0.011390946153925538,279.0,269.3478260869565
2025-10-10 14:00:00,6782,4.892359888768587,2.0967256666151086,14.1,0.0,288.0,269.3478260869565
2025-10-10 15:00:00,6783,5.104367636931971,2.1875861301137016,14.1,0.0,299.0,269.3478260869565
2025-10-10 16:00:00,6784,5.157145509796413,2.210205218484177,14.1,0.0,313.0,269.3478260869565
2025-10-10 17:00:00,6785,5.180455965425738,2.220195413753887,14.1,0.0,325.0,269.3478260869565
2025-10-10 18:00:00,6786,4.827209442883751,2.068804046950179,14.1,0.0,326.0,269.3478260869565
2025-10-10 19:00:00,6787,5.080003143484262,2.177144204350398,14.1,0.0,322.0,269.3478260869565
2025-10-10 20:00:00,6788,4.693012609791067,2.011291118481886,14.1,0.0,315.0,269.3478260869565
2025-10-10 21:00:00,6789,4.82505239736796,2.0678795988719827,14.1,0.0,313.0,269.3478260869565
2025-10-10 22:00:00,6790,4.891471983528721,2.0963451357980234,14.1,0.09853446329700428,305.0,269.3478260869565
2025-10-10 23:00:00,6791,4.719849813087128,2.0227927770373406,14.1,0.0,301.0,269.3478260869565
2025-10-11 00:00:00,6792,4.581949168106952,1.963692500617265,14.1,0.3432450635582865,297.0,269.3478260869565
2025-10-11 01:00:00,6793,4.6319935114019515,1.985140076315122,14.1,0.0008428256239875592,297.0,269.3478260869565
2025-10-11 02:00:00,6794,4.394768405785883,1.8834721739082356,14.0,0.0,296.0,269.3478260869565
2025-10-11 03:00:00,6795,4.799899597322494,2.057099827423926,14.0,0.0,305.0,269.3478260869565
2025-10-11 04:00:00,6796,4.679509866825524,2.00550422863951,14.0,0.0,302.0,269.3478260869565
2025-10-11 05:00:00,6797,4.672951457608704,2.0026934818323014,14.0,0.0,311.0,269.3478260869565
2025-10-11 06:00:00,6798,4.20434391073576,1.8018616760296116,14.0,0.0,312.0,269.3478260869565
2025-10-11 07:00:00,6799,4.137766034520409,1.7733283005087468,14.0,0.0,319.0,269.3478260869565
2025-10-11 08:00:00,6800,4.4759756575263605,1.9182752817970117,14.1,0.0,317.0,269.3478260869565
2025-10-11 09:00:00,6801,4.072302391317319,1.7452724534217077,14.1,0.0,308.0,269.3478260869565
2025-10-11 10:00:00,6802,4.291825138206976,1.8393536306601324,14.1,0.0,297.0,269.3478260869565
2025-10-11 11:00:00,6803,4.70285774475902,2.01551046203958,14.1,0.0,294.0,269.3478260869565
2025-10-11 12:00:00,6804,4.406879141787129,1.8886624893373407,14.1,0.0,291.0,269.3478260869565
2025-10-11 13:00:00,6805,5.296988427104977,2.270137897330704,14.1,0.0,292.0,269.3478260869565
2025-10-11 14:00:00,6806,4.798964272776226,2.0566989740469537,14.1,0.0,295.0,269.3478260869565
2025-10-11 15:00:00,6807,5.157753069614532,2.210465601263371,14.1,0.0,308.0,269.3478260869565
2025-10-11 16:00:00,6808,4.956959020433544,2.124411008757233,14.1,0.0,319.0,269.3478260869565
2025-10-11 17:00:00,6809,5.653853218546905,2.4230799508058163,14.1,0.0850717645333562,331.0,269.3478260869565
2025-10-11 18:00:00,6810,5.4084910365182415,2.317924729936389,14.1,0.1372663768907068,328.0,269.3478260869565
2025-10-11 19:00:00,6811,5.643482829661183,2.4186354984262213,14.1,0.17324009030464624,321.0,269.3478260869565
2025-10-11 20:00:00,6812,5.975503026039345,2.5609298683025763,14.1,0.12651638080159985,317.0,269.3478260869565
2025-10-11 21:00:00,6813,6.021337201466334,2.580573086342715,14.1,0.08986246859645386,312.0,269.3478260869565
2025-10-11 22:00:00,6814,5.925535578255756,2.539515247823895,14.1,0.0,306.0,269.3478260869565
2025-10-11 23:00:00,6815,5.9000274159712,2.528583178273371,14.0,0.0,305.0,269.3478260869565
2025-10-12 00:00:00,6816,5.67611426017625,2.432620397218393,14.0,0.002554694149119628,300.0,269.3478260869565
2025-10-12 01:00:00,6817,5.222983573934485,2.2384215316862073,14.0,0.07534577272727115,301.0,269.3478260869565
2025-10-12 02:00:00,6818,4.558633442309471,1.9537000467040593,13.9,0.06202576077820051,299.0,269.3478260869565
2025-10-12 03:00:00,6819,4.440328147614772,1.9029977775491878,13.9,0.04226737546305074,297.0,269.3478260869565
2025-10-12 04:00:00,6820,4.327137100413937,1.85448732874883,13.9,0.09893147173408666,294.0,269.3478260869565
2025-10-12 05:00:00,6821,4.358189079020509,1.867795319580218,13.9,0.11860478048729237,301.0,269.3478260869565
2025-10-12 06:00:00,6822,3.9776700344980274,1.704715729070583,13.9,0.046738843291110235,298.0,269.3478260869565
2025-10-12 07:00:00,6823,3.719208074160016,1.5939463174971495,13.9,0.0,293.0,269.3478260869565
2025-10-12 08:00:00,6824,3.841251202569995,1.646250515387141,14.0,0.0,290.0,269.3478260869565
2025-10-12 09:00:00,6825,4.372134756541477,1.8737720385177759,14.1,0.0,288.0,269.3478260869565
2025-10-12 10:00:00,6826,3.8459822033879605,1.6482780871662688,14.1,0.07459205428098327,287.0,269.3478260869565
2025-10-12 11:00:00,6827,4.494693571922943,1.9262972451098324,14.1,0.2012756445477168,280.0,269.3478260869565
2025-10-12 12:00:00,6828,4.127158018959905,1.7687820081256738,14.1,0.26007413293855214,275.0,269.3478260869565
2025-10-12 13:00:00,6829,4.79180145031233,2.053629192990998,14.1,0.2639785756870152,267.0,269.3478260869565
2025-10-12 14:00:00,6830,4.744507457043682,2.033360338733006,14.1,0.2718485682955649,266.0,269.3478260869565
2025-10-12 15:00:00,6831,4.85285159246742,2.079793539628894,14.1,0.4305323532506264,282.0,269.3478260869565
2025-10-12 16:00:00,6832,4.358404856646997,1.867887795705856,14.1,0.3851008317239144,295.0,269.3478260869565
2025-10-12 17:00:00,6833,4.474065987395858,1.9174568517410817,14.1,0.3622919204786422,301.0,269.3478260869565
2025-10-12 18:00:00,6834,4.542161991527434,1.946640853511757,14.1,0.540714706536463,295.0,269.3478260869565
2025-10-12 19:00:00,6835,4.176358371605148,1.7898678735450633,14.1,0.8200902235827331,290.0,269.3478260869565
2025-10-12 20:00:00,6836,4.00665828644242,1.71713926561818,14.0,0.8694486556515223,288.0,269.3478260869565
2025-10-12 21:00:00,6837,3.9145009126026573,1.6776432482582817,14.0,0.7814865953378483,282.0,269.3478260869565
2025-10-12 22:00:00,6838,3.7926278681492587,1.6254119434925396,14.0,0.5771958409348674,287.0,269.3478260869565
2025-10-12 23:00:00,6839,3.914451013895615,1.6776218630981206,13.9,0.315528856826132,299.0,269.3478260869565
2025-10-13 00:00:00,6840,4.157626451655104,1.7818399078521876,13.9,0.0663331292564213,296.0,269.3478260869565
2025-10-13 01:00:00,6841,4.8859717387411035,2.093987888031901,13.9,0.0,300.0,269.3478260869565
2025-10-13 02:00:00,6842,3.891488495216974,1.6677807836644174,13.9,0.0,306.0,269.3478260869565
2025-10-13 03:00:00,6843,4.11821245564607,1.7649481952768868,13.9,0.0,305.0,269.3478260869565
2025-10-13 04:00:00,6844,4.078360286341737,1.7478686941464587,13.9,0.0,306.0,269.3478260869565
2025-10-13 05:00:00,6845,4.007918594867313,1.7176793978002771,13.9,0.0,303.0,269.3478260869565
2025-10-13 06:00:00,6846,3.9919205725361238,1.7108231025154816,13.9,0.0,298.0,269.3478260869565
2025-10-13 07:00:00,6847,4.02261757116149,1.7239789590692098,13.9,0.0432824251255325,291.0,269.3478260869565
2025-10-13 08:00:00,6848,4.384390241556719,1.8790243892385938,13.9,0.10401736711734202,284.0,269.3478260869565
2025-10-13 09:00:00,6849,4.026512570035111,1.725648244300762,13.9,0.14473458224088498,275.0,269.3478260869565
2025-10-13 10:00:00,6850,4.35317752515996,1.8656475107828399,13.9,0.09257153151924574,278.0,269.3478260869565
2025-10-13 11:00:00,6851,4.2646285539945445,1.8276979517119476,14.0,0.23807534307920503,284.0,269.3478260869565
2025-10-13 12:00:00,6852,4.107685239852139,1.7604365313652026,14.0,0.2118180381542619,286.0,269.3478260869565
2025-10-13 13:00:00,6853,4.773897343296006,2.0459560042697165,14.0,0.02455801983498428,290.0,269.3478260869565
2025-10-13 14:00:00,6854,4.4145633173893986,1.8919557074525992,14.0,0.0,295.0,269.3478260869565
2025-10-13 15:00:00,6855,4.513045584695564,1.934162393440956,14.0,0.0,307.0,269.3478260869565
2025-10-13 16:00:00,6856,4.335771336777736,1.8581877157618865,14.0,0.0,323.0,269.3478260869565
2025-10-13 17:00:00,6857,4.430250781699138,1.898678906442488,14.0,0.0,321.0,269.3478260869565
2025-10-13 18:00:00,6858,4.3331677917729925,1.8570719107598537,14.0,0.0,318.0,269.3478260869565
2025-10-13 19:00:00,6859,4.133042426312501,1.7713038969910717,14.0,0.0,313.0,269.3478260869565
2025-10-13 20:00:00,6860,4.352177336880863,1.865218858663227,14.0,0.0,314.0,269.3478260869565
2025-10-13 21:00:00,6861,4.126490976541268,1.7684961328034006,14.0,0.0,313.0,269.3478260869565
2025-10-13 22:00:00,6862,4.083280339106891,1.7499772881886677,13.9,0.0,310.0,269.3478260869565
2025-10-13 23:00:00,6863,4.028089577390906,1.7263241045961026,13.9,0.0,304.0,269.3478260869565
2025-10-14 00:00:00,6864,4.498240231456467,1.9278172420527713,13.9,0.0676776389836164,301.0,269.3478260869565
2025-10-14 01:00:00,6865,4.3021145121167255,1.8437633623357392,13.9,0.0761921322075683,290.0,269.3478260869565
2025-10-14 02:00:00,6866,3.9400560219348217,1.6885954379720665,13.9,0.12983392506176886,285.0,269.3478260869565
2025-10-14 03:00:00,6867,3.519576731973885,1.5083900279888078,13.9,0.11107571326533183,292.0,269.3478260869565
2025-10-14 04:00:00,6868,3.484370009547037,1.4933014326630156,13.9,0.04559293797376088,307.0,269.3478260869565
2025-10-14 05:00:00,6869,3.494984369967386,1.4978504442717366,13.9,0.0030784320612717683,316.0,269.3478260869565
2025-10-14 06:00:00,6870,3.598207739798036,1.5420890313420155,13.9,0.0477608143592553,327.0,269.3478260869565
2025-10-14 07:00:00,6871,3.923243278852075,1.6813899766508893,13.9,0.13241864650665908,327.0,269.3478260869565
2025-10-14 08:00:00,6872,3.922301743442585,1.6809864614753935,13.9,0.09500414434269518,321.0,269.3478260869565
2025-10-14 09:00:00,6873,3.789626161632637,1.6241254978425588,13.9,0.10023147353939445,313.0,269.3478260869565
2025-10-14 10:00:00,6874,3.871666791485292,1.6592857677794106,13.9,0.13302418847803169,306.0,269.3478260869565
2025-10-14 11:00:00,6875,3.7323482713136027,1.5995778305629724,14.0,0.20435084943111484,304.0,269.3478260869565
2025-10-14 12:00:00,6876,3.868210041430607,1.65780430347026,14.0,0.31709505621629375,305.0,269.3478260869565
2025-10-14 13:00:00,6877,4.149551775899337,1.7783793325282875,14.0,0.2915973763261545,306.0,269.3478260869565
2025-10-14 14:00:00,6878,3.909333113032817,1.6754284770140646,14.1,0.3556225429500936,308.0,269.3478260869565
2025-10-14 15:00:00,6879,4.158154419894054,1.7820661799545947,14.1,0.6010868212797974,314.0,269.3478260869565
2025-10-14 16:00:00,6880,3.842322358296051,1.646709582126879,14.1,0.7612244449996844,323.0,269.3478260869565
2025-10-14 17:00:00,6881,3.8740875648017967,1.6603232420579126,14.1,0.7671525963975471,329.0,269.3478260869565
2025-10-14 18:00:00,6882,4.176151403724271,1.7897791730246875,14.1,0.8412581676425726,325.0,269.3478260869565
2025-10-14 19:00:00,6883,3.897115334126446,1.6701922860541911,14.1,0.8218127981897778,320.0,269.3478260869565
2025-10-14 20:00:00,6884,3.596985629821281,1.5415652699234061,14.0,0.8496673152148578,319.0,269.3478260869565
2025-10-14 21:00:00,6885,3.9872303051217246,1.7088129879093106,14.0,0.9059718483423559,318.0,269.3478260869565
2025-10-14 22:00:00,6886,3.6961329580907165,1.5840569820388783,13.9,0.6261983157344587,316.0,269.3478260869565
2025-10-14 23:00:00,6887,3.8016763792911856,1.6292898768390796,13.9,0.5078040934770824,317.0,269.3478260869565
2025-10-15 00:00:00,6888,4.110076970036049,1.761461558586878,13.9,0.586429617874637,305.0,269.3478260869565
2025-10-15 01:00:00,6889,4.026230411138217,1.725527319059236,13.9,0.5760509051931522,298.0,269.3478260869565
2025-10-15 02:00:00,6890,4.240531040160584,1.8173704457831075,14.0,0.6714122882972031,290.0,269.3478260869565
2025-10-15 03:00:00,6891,4.713010155666041,2.0198614952854457,14.1,0.6820368985233587,291.0,269.3478260869565
2025-10-15 04:00:00,6892,4.20035783321746,1.800153357093197,14.1,0.607901603043133,290.0,269.3478260869565
2025-10-15 05:00:00,6893,4.124044320627709,1.7674475659833038,14.1,0.4762998887493506,305.0,269.3478260869565
2025-10-15 06:00:00,6894,4.336663514709642,1.8585700777327037,14.2,0.2217743090912216,316.0,269.3478260869565
2025-10-15 07:00:00,6895,4.033539988026107,1.7286599948683314,14.2,0.03462320234775959,318.0,269.3478260869565
2025-10-15 08:00:00,6896,4.095348082389934,1.7551491781671145,14.2,0.0,310.0,269.3478260869565
2025-10-15 09:00:00,6897,3.8279295306139467,1.6405412274059772,14.2,0.0,303.0,269.3478260869565
2025-10-15 10:00:00,6898,3.7238764572609595,1.5959470531118398,14.3,0.0,295.0,269.3478260869565
2025-10-15 11:00:00,6899,4.253767756143773,1.8230433240616173,14.3,0.0,297.0,269.3478260869565
2025-10-15 12:00:00,6900,4.143955110825179,1.7759807617822194,14.3,0.0,299.0,269.3478260869565
2025-10-15 13:00:00,6901,4.449007825617955,1.9067176395505523,14.3,0.04299533300266612,300.0,269.3478260869565
2025-10-15 14:00:00,6902,4.300914893084874,1.8432492398935172,14.3,0.129688524955068,300.0,269.3478260869565
2025-10-15 15:00:00,6903,4.6059447060386915,1.9739763025880104,14.3,0.2654300308201662,308.0,269.3478260869565
2025-10-15 16:00:00,6904,4.629142943042155,1.9839184041609235,14.2,0.26836972916288104,318.0,269.3478260869565
2025-10-15 17:00:00,6905,4.694759899408003,2.0120399568891436,14.2,0.3018853500113559,318.0,269.3478260869565
2025-10-15 18:00:00,6906,4.573483329448959,1.9600642840495537,14.2,0.3417805217419735,313.0,269.3478260869565
2025-10-15 19:00:00,6907,4.855066192477738,2.0807426539190303,14.2,0.3772646924989971,311.0,269.3478260869565
2025-10-15 20:00:00,6908,4.926327826057044,2.1112833540244473,14.2,0.3060053096695251,311.0,269.3478260869565
2025-10-15 21:00:00,6909,4.551888090499569,1.950809181642672,14.2,0.22750778293700485,302.0,269.3478260869565
2025-10-15 22:00:00,6910,4.4830196898679935,1.9212941528005685,14.2,0.05503208156300768,295.0,269.3478260869565
2025-10-15 23:00:00,6911,5.061196239224987,2.1690841025249945,14.2,0.0,295.0,269.3478260869565
2025-10-16 00:00:00,6912,4.989571884133211,2.1383879503428047,14.2,0.0,295.0,269.3478260869565
2025-10-16 01:00:00,6913,5.226511715905312,2.2399335925308477,14.2,0.0,285.0,269.3478260869565
2025-10-16 02:00:00,6914,4.192079775603925,1.7966056181159678,14.2,0.0,286.0,269.3478260869565
2025-10-16 03:00:00,6915,4.8832775760416745,2.0928332468750033,14.1,0.0,290.0,269.3478260869565
2025-10-16 04:00:00,6916,5.421517518281178,2.3235075078347904,14.1,0.0,309.0,269.3478260869565
2025-10-16 05:00:00,6917,5.3801558061350345,2.305781059772158,14.1,0.0,309.0,269.3478260869565
2025-10-16 06:00:00,6918,4.933620609665837,2.11440883271393,14.1,0.0,312.0,269.3478260869565
2025-10-16 07:00:00,6919,5.223592636936163,2.238682558686927,14.1,0.0,316.0,269.3478260869565
2025-10-16 08:00:00,6920,5.450542076508583,2.335946604217964,14.2,0.0,313.0,269.3478260869565
2025-10-16 09:00:00,6921,5.396013224195654,2.3125770960838516,14.2,0.0,308.0,269.3478260869565
2025-10-16 10:00:00,6922,5.712841648059918,2.448360706311393,14.2,0.0,306.0,269.3478260869565
2025-10-16 11:00:00,6923,5.179636796663912,2.2198443414273905,14.2,0.0,305.0,269.3478260869565
2025-10-16 12:00:00,6924,5.671575708070158,2.430675303458639,14.2,0.0,302.0,269.3478260869565
2025-10-16 13:00:00,6925,5.8156805855911635,2.492434536681927,14.2,0.0,303.0,269.3478260869565
2025-10-16 14:00:00,6926,5.63701765228943,2.4158647081240407,14.2,0.0,305.0,269.3478260869565
2025-10-16 15:00:00,6927,5.1479910044774435,2.2062818590617614,14.2,0.0,312.0,269.3478260869565
2025-10-16 16:00:00,6928,5.024535683467681,2.1533724357718627,14.2,0.0,325.0,269.3478260869565
2025-10-16 17:00:00,6929,4.721100707822604,2.023328874781116,14.2,0.0,325.0,269.3478260869565
2025-10-16 18:00:00,6930,4.788385804104667,2.0521653446162857,14.2,0.0,316.0,269.3478260869565
2025-10-16 19:00:00,6931,4.809514064376311,2.061220313304133,14.2,0.0808734275433065,311.0,269.3478260869565
2025-10-16 20:00:00,6932,5.192214978699958,2.2252349908714106,14.1,0.1326218779550701,303.0,269.3478260869565
2025-10-16 21:00:00,6933,5.458171074638033,2.339216174844871,14.1,0.1256774771531872,295.0,269.3478260869565
2025-10-16 22:00:00,6934,5.0902713820029355,2.181544878001258,14.1,0.010961244572791014,289.0,269.3478260869565
2025-10-16 23:00:00,6935,4.858508090607059,2.0822177531173107,14.1,0.0,289.0,269.3478260869565
2025-10-17 00:00:00,6936,4.493996955512785,1.9259986952197652,14.1,0.0,286.0,269.3478260869565
2025-10-17 01:00:00,6937,4.966210276032482,2.1283758325853492,14.1,0.0,283.0,269.3478260869565
2025-10-17 02:00:00,6938,4.812584610728508,2.0625362617407887,14.1,0.0,271.0,269.3478260869565
2025-10-17 03:00:00,6939,4.293437723663205,1.8400447387128023,14.1,0.0,253.0,269.3478260869565
2025-10-17 04:00:00,6940,3.973936566898908,1.7031156715281033,14.1,0.0,239.0,269.3478260869565
2025-10-17 05:00:00,6941,4.219496865997937,1.8083557997134012,14.1,0.0,267.0,269.3478260869565
2025-10-17 06:00:00,6942,4.3227020562725995,1.8525865955453995,14.1,0.03913965260747861,278.0,269.3478260869565
2025-10-17 07:00:00,6943,4.142712591035192,1.7754482533007967,14.1,0.09073180133235269,267.0,269.3478260869565
2025-10-17 08:00:00,6944,5.245381430347999,2.2480206130062848,14.1,0.0,264.0,269.3478260869565
2025-10-17 09:00:00,6945,4.903021831023292,2.1012950704385536,14.1,0.0,243.0,269.3478260869565
2025-10-17 10:00:00,6946,5.50805853062333,2.360596513124284,14.1,0.0,223.0,269.3478260869565
2025-10-17 11:00:00,6947,4.9407822084603605,2.117478089340154,14.1,0.0,221.0,269.3478260869565
2025-10-17 12:00:00,6948,5.29002704559662,2.2671544481128367,14.1,0.02156154143691643,205.0,269.3478260869565
2025-10-17 13:00:00,6949,5.1591411018443285,2.2110604722189975,14.1,0.30004072264862913,198.0,269.3478260869565
2025-10-17 14:00:00,6950,5.506076872765696,2.359747231185298,14.1,0.48274884005221264,204.0,269.3478260869565
2025-10-17 15:00:00,6951,5.359432069922922,2.2968994585383946,14.1,0.7877765379129862,225.0,269.3478260869565
2025-10-17 16:00:00,6952,5.07707273687819,2.1758883158049387,14.1,1.3951706285299035,243.0,269.3478260869565
2025-10-17 17:00:00,6953,5.108401040193673,2.189314731511574,14.1,1.8743596963593887,251.0,269.3478260869565
2025-10-17 18:00:00,6954,4.854649907181532,2.080564245934942,14.1,2.2764603108237216,236.0,269.3478260869565
2025-10-17 19:00:00,6955,4.618255744903913,1.979252462101677,14.1,2.0314101704567538,206.0,269.3478260869565
2025-10-17 20:00:00,6956,5.236749362922954,2.2443211555384086,14.1,1.9131419387476654,189.0,269.3478260869565
2025-10-17 21:00:00,6957,5.041870972300771,2.160801845271759,14.1,2.9382710130909824,169.0,269.3478260869565
2025-10-17 22:00:00,6958,4.970924547349481,2.130396234578349,14.1,3.3125113461346563,132.0,269.3478260869565
2025-10-17 23:00:00,6959,5.128896035631176,2.19809830098479,14.1,5.173689250736953,107.0,269.3478260869565
2025-10-18 00:00:00,6960,5.194992049957943,2.2264251642676895,14.1,7.7142298135641285,105.0,269.3478260869565
2025-10-18 01:00:00,6961,5.242737536641852,2.2468875157036505,14.1,8.749416159494432,105.0,269.3478260869565
2025-10-18 02:00:00,6962,5.983924886494963,2.5645392370692695,14.1,10.002694668374307,112.0,269.3478260869565
2025-10-18 03:00:00,6963,5.138363639829318,2.2021558456411365,14.1,11.866334744264124,121.0,269.3478260869565
2025-10-18 04:00:00,6964,4.984625392706956,2.136268025445838,14.1,13.028189510010687,129.0,269.3478260869565
2025-10-18 05:00:00,6965,4.753067540689893,2.0370289460099538,14.1,14.363987540531564,133.0,269.3478260869565
2025-10-18 06:00:00,6966,4.242758897090137,1.8183252416100586,14.1,15.0,128.0,269.3478260869565
2025-10-18 07:00:00,6967,4.516513826469684,1.9356487827727213,14.1,15.0,117.0,269.3478260869565
2025-10-18 08:00:00,6968,4.678552835890512,2.0050940725245052,14.1,15.0,105.0,269.3478260869565
2025-10-18 09:00:00,6969,4.521199932414591,1.9376571138919676,14.1,15.0,98.0,269.3478260869565
2025-10-18 10:00:00,6970,4.289764260603877,1.8384703974016616,14.1,15.0,94.0,269.3478260869565
2025-10-18 11:00:00,6971,4.4750763145203125,1.917889849080134,14.1,15.0,89.0,269.3478260869565
2025-10-18 12:00:00,6972,4.492442899475825,1.9253326712039247,14.1,15.0,91.0,269.3478260869565
2025-10-18 13:00:00,6973,5.04302023003233,2.1612943842995698,14.1,15.0,92.0,269.3478260869565
2025-10-18 14:00:00,6974,5.014609830751732,2.1491184988935994,14.1,15.0,103.0,269.3478260869565
2025-10-18 15:00:00,6975,5.1053240886959195,2.1879960380125367,14.1,15.0,94.0,269.3478260869565
2025-10-18 16:00:00,6976,5.127695193676769,2.1975836544329006,14.1,15.0,96.0,269.3478260869565
2025-10-18 17:00:00,6977,5.462612352006144,2.3411195794312043,14.1,15.0,96.0,269.3478260869565
2025-10-18 18:00:00,6978,5.2231276294958935,2.2384832697839543,14.1,15.0,93.0,269.3478260869565
2025-10-18 19:00:00,6979,4.971859993957855,2.1307971402676515,14.1,15.0,88.0,269.3478260869565
2025-10-18 20:00:00,6980,5.0957746832038495,2.183903435658792,14.1,15.0,85.0,269.3478260869565
2025-10-18 21:00:00,6981,4.833967040545689,2.0717001602338665,14.1,15.0,88.0,269.3478260869565
2025-10-18 22:00:00,6982,4.809900331295168,2.0613858562693577,14.1,15.0,89.0,269.3478260869565
2025-10-18 23:00:00,6983,4.8121936690140705,2.0623687152917443,14.1,15.0,87.0,269.3478260869565
2025-10-19 00:00:00,6984,5.076541094514164,2.1756604690774988,14.1,15.0,91.0,269.3478260869565
2025-10-19 01:00:00,6985,5.454255711107207,2.3375381619030886,14.1,15.0,113.0,269.3478260869565
2025-10-19 02:00:00,6986,5.053225233104939,2.1656679570449735,14.1,15.0,131.0,269.3478260869565
2025-10-19 03:00:00,6987,4.41913370681909,1.89391444577961,14.1,15.0,142.0,269.3478260869565
2025-10-19 04:00:00,6988,4.278046432061377,1.8334484708834469,14.1,15.0,161.0,269.3478260869565
2025-10-19 05:00:00,6989,4.665177670143496,1.999361858632927,14.1,15.0,179.0,269.3478260869565
2025-10-19 06:00:00,6990,4.20601840587714,1.8025793168044884,14.1,15.0,185.0,269.3478260869565
2025-10-19 07:00:00,6991,3.9964194513239804,1.7127511934245627,14.1,15.0,193.0,269.3478260869565
2025-10-19 08:00:00,6992,4.264283817545676,1.8275502075195758,14.1,15.0,178.0,269.3478260869565
2025-10-19 09:00:00,6993,4.407909074603877,1.8891038891159473,14.1,15.0,173.0,269.3478260869565
2025-10-19 10:00:00,6994,4.044874967560215,1.7335178432400922,14.1,15.0,183.0,269.3478260869565
2025-10-19 11:00:00,6995,4.415310360226307,1.8922758686684171,14.1,15.0,181.0,269.3478260869565
2025-10-19 12:00:00,6996,4.586527832663759,1.965654785427325,14.1,15.0,175.0,269.3478260869565
2025-10-19 13:00:00,6997,4.738094769434161,2.030612044043212,14.1,15.0,167.0,269.3478260869565
2025-10-19 14:00:00,6998,4.924671137849092,2.1105733447924675,14.1,14.28316885941218,150.0,269.3478260869565
2025-10-19 15:00:00,6999,5.0000901707201155,2.142895787451478,14.1,10.442017809008354,166.0,269.3478260869565
2025-10-19 16:00:00,7000,4.790800309858778,2.053200132796619,14.1,9.32463337528467,209.0,269.3478260869565
2025-10-19 17:00:00,7001,4.972318446326614,2.1309936198542636,14.1,9.98907190440581,226.0,269.3478260869565
2025-10-19 18:00:00,7002,4.900011146685149,2.100004777150778,14.1,9.44243025824042,219.0,269.3478260869565
2025-10-19 19:00:00,7003,4.876905327495887,2.090102283212523,14.1,8.587354762391362,194.0,269.3478260869565
2025-10-19 20:00:00,7004,4.9873168393203215,2.1374215025658523,14.1,7.801554750884015,171.0,269.3478260869565
2025-10-19 21:00:00,7005,4.781560136469931,2.0492400584871135,14.1,7.531530735918514,163.0,269.3478260869565
2025-10-19 22:00:00,7006,4.579527050006181,1.9626544500026486,14.1,5.70840583290939,176.0,269.3478260869565
2025-10-19 23:00:00,7007,4.51327190274052,1.934259386888794,14.1,6.815644253241293,193.0,269.3478260869565
2025-10-20 00:00:00,7008,4.867973130234384,2.086274198671879,14.1,7.383017201070234,205.0,269.3478260869565
2025-10-20 01:00:00,7009,4.366343305049196,1.871289987878227,14.1,9.88062714829843,217.0,269.3478260869565
2025-10-20 02:00:00,7010,4.105896206496364,1.7596698027841562,14.1,9.174388404141858,218.0,269.3478260869565
2025-10-20 03:00:00,7011,4.05216604138728,1.7366425891659771,14.1,9.049339985118717,219.0,269.3478260869565
2025-10-20 04:00:00,7012,3.8305106135333222,1.6416474057999952,14.1,8.41774566623593,210.0,269.3478260869565
2025-10-20 05:00:00,7013,3.684334972995856,1.5790007027125095,14.1,9.157241106403449,209.0,269.3478260869565
2025-10-20 06:00:00,7014,3.6439056498362303,1.5616738499298128,14.1,8.934721703507304,230.0,269.3478260869565
2025-10-20 07:00:00,7015,3.8517188301157814,1.6507366414781919,14.1,7.2937553286756724,246.0,269.3478260869565
2025-10-20 08:00:00,7016,3.7208860456458295,1.594665448133927,14.1,3.808234977433416,245.0,269.3478260869565
2025-10-20 09:00:00,7017,3.932004320237682,1.6851447086732922,14.1,1.5663926299089364,244.0,269.3478260869565
2025-10-20 10:00:00,7018,3.56983081320263,1.5299274913725558,14.1,1.008661082327586,232.0,269.3478260869565
2025-10-20 11:00:00,7019,3.7796919148519508,1.619867963507979,14.1,0.7106034127690747,209.0,269.3478260869565
2025-10-20 12:00:00,7020,3.9599011517469065,1.697100493605817,14.1,0.30759310392394523,195.0,269.3478260869565
2025-10-20 13:00:00,7021,4.171781708948746,1.7879064466923196,14.1,0.3859444709242835,197.0,269.3478260869565
2025-10-20 14:00:00,7022,3.749435049018701,1.6069007352937292,14.1,1.5360813074092818,199.0,269.3478260869565
2025-10-20 15:00:00,7023,3.792053801517991,1.6251659149362818,14.1,3.3742446228775367,203.0,269.3478260869565
2025-10-20 16:00:00,7024,3.7631274237578216,1.612768895896209,14.1,4.677118060133727,235.0,269.3478260869565
2025-10-20 17:00:00,7025,3.966497130049378,1.6999273414497333,14.1,4.304024151658693,251.0,269.3478260869565
2025-10-20 18:00:00,7026,4.051909812703836,1.7365327768730727,14.1,3.8357112330634173,261.0,269.3478260869565
2025-10-20 19:00:00,7027,4.112949745782356,1.7626927481924384,14.1,3.921991104652998,246.0,269.3478260869565
2025-10-20 20:00:00,7028,3.803244670596081,1.6299620016840348,14.1,3.974017938997536,247.0,269.3478260869565
2025-10-20 21:00:00,7029,3.7294232147061424,1.5983242348740607,14.1,3.4780590939239286,258.0,269.3478260869565
2025-10-20 22:00:00,7030,3.7373280111736515,1.6017120047887077,14.1,6.575593047409493,254.0,269.3478260869565
2025-10-20 23:00:00,7031,3.72056570830971,1.5945281607041615,14.1,5.69120220955671,258.0,269.3478260869565
2025-10-21 00:00:00,7032,4.321263715175403,1.8519701636466013,14.1,5.289534277485416,237.0,269.3478260869565
2025-10-21 01:00:00,7033,3.9562329453317995,1.6955284051422,14.1,6.163412149156412,221.0,269.3478260869565
2025-10-21 02:00:00,7034,3.4281832333399533,1.469221385717123,14.1,7.321347471775583,215.0,269.3478260869565
2025-10-21 03:00:00,7035,3.320712477010904,1.4231624901475302,14.0,5.969071292983411,177.0,269.3478260869565
2025-10-21 04:00:00,7036,3.363097407155677,1.4413274602095758,14.0,6.162439473779326,168.0,269.3478260869565
2025-10-21 05:00:00,7037,3.206776667335281,1.3743328574294058,14.0,9.45229011970275,193.0,269.3478260869565
2025-10-21 06:00:00,7038,3.3389020923607067,1.43095803958316,14.0,10.879818002403878,223.0,269.3478260869565
2025-10-21 07:00:00,7039,3.3180330987929367,1.4220141851969728,14.0,11.61041308559998,219.0,269.3478260869565
2025-10-21 08:00:00,7040,3.7325794141929336,1.5996768917969717,14.0,12.367357612345987,211.0,269.3478260869565
2025-10-21 09:00:00,7041,3.3196086406216456,1.4226894174092766,14.1,14.835185259067702,206.0,269.3478260869565
2025-10-21 10:00:00,7042,3.658166699390004,1.5677857283100016,14.1,15.0,201.0,269.3478260869565
2025-10-21 11:00:00,7043,3.729317905308927,1.5982791022752543,14.1,15.0,194.0,269.3478260869565
2025-10-21 12:00:00,7044,3.7403687074393166,1.6030151603311356,14.1,15.0,173.0,269.3478260869565
2025-10-21 13:00:00,7045,3.9385991790920603,1.6879710767537401,14.1,15.0,147.0,269.3478260869565
2025-10-21 14:00:00,7046,3.9216564323280285,1.680709899569155,14.1,14.672730415671873,145.0,269.3478260869565
2025-10-21 15:00:00,7047,3.9176901197080785,1.679010051303462,14.1,13.002875992901515,188.0,269.3478260869565
2025-10-21 16:00:00,7048,4.024590129543046,1.7248243412327342,14.0,12.380117983656252,203.0,269.3478260869565
2025-10-21 17:00:00,7049,4.079132218893762,1.7481995223830407,14.0,11.674840371214708,219.0,269.3478260869565
2025-10-21 18:00:00,7050,4.04235979882103,1.7324399137804416,14.0,10.513333514717191,227.0,269.3478260869565
2025-10-21 19:00:00,7051,4.166148307885647,1.7854921319509915,14.0,8.90530326989134,226.0,269.3478260869565
2025-10-21 20:00:00,7052,4.05592858164839,1.738255106420738,14.0,8.473904146246056,217.0,269.3478260869565
2025-10-21 21:00:00,7053,4.30550972417002,1.8452184532157228,13.9,9.030393738309819,217.0,269.3478260869565
2025-10-21 22:00:00,7054,4.243978968511285,1.818848129361979,13.9,11.405503288729815,213.0,269.3478260869565
2025-10-21 23:00:00,7055,4.374578181482915,1.8748192206355347,13.9,10.50717842258586,218.0,269.3478260869565
2025-10-22 00:00:00,7056,4.206676901145626,1.802861529062411,13.9,9.206240580485327,204.0,269.3478260869565
2025-10-22 01:00:00,7057,4.857449161060115,2.0817639261686205,13.9,7.573565076935661,236.0,269.3478260869565
2025-10-22 02:00:00,7058,4.421051168287068,1.894736214980172,13.9,6.674977269865884,227.0,269.3478260869565
2025-10-22 03:00:00,7059,4.32035051413715,1.8515787917730644,14.0,5.97680419790045,235.0,269.3478260869565
2025-10-22 04:00:00,7060,4.168405921921017,1.7864596808232929,14.0,4.859201337055685,255.0,269.3478260869565
2025-10-22 05:00:00,7061,4.113755921699301,1.763038252156843,14.1,3.595644895709355,261.0,269.3478260869565
2025-10-22 06:00:00,7062,3.765899117282622,1.6139567645496948,14.1,2.7922119491873163,285.0,269.3478260869565
2025-10-22 07:00:00,7063,4.054147955731584,1.7374919810278218,14.1,2.1432904692457138,292.0,269.3478260869565
2025-10-22 08:00:00,7064,4.271815386106777,1.83077802261719,14.1,1.6513470432592117,287.0,269.3478260869565
2025-10-22 09:00:00,7065,4.05282976546877,1.7369270423437588,14.1,1.3373476754587235,274.0,269.3478260869565
2025-10-22 10:00:00,7066,4.60959979837812,1.97554277073348,14.1,0.8451462899023521,265.0,269.3478260869565
2025-10-22 11:00:00,7067,4.146719104645368,1.7771653305623005,14.1,0.47721095507099304,261.0,269.3478260869565
2025-10-22 12:00:00,7068,4.271145552581035,1.8304909511061576,14.1,0.3425882862906579,270.0,269.3478260869565
2025-10-22 13:00:00,7069,5.2543142309956306,2.2518489561409845,14.1,0.7249029988590725,280.0,269.3478260869565
2025-10-22 14:00:00,7070,4.564062692449643,1.956026868192704,14.1,0.9732642895819944,293.0,269.3478260869565
2025-10-22 15:00:00,7071,4.62617491475355,1.9826463920372355,14.1,1.1482711571740394,311.0,269.3478260869565
2025-10-22 16:00:00,7072,4.680924754217807,2.006110608950489,14.1,1.03453153363806,328.0,269.3478260869565
2025-10-22 17:00:00,7073,5.110055315652861,2.1900237067083688,14.1,0.7420077270405562,332.0,269.3478260869565
2025-10-22 18:00:00,7074,4.973145897619135,2.1313482418367724,14.1,0.4427291631786942,329.0,269.3478260869565
2025-10-22 19:00:00,7075,5.088059994177039,2.1805971403615882,14.1,0.23681416682279946,325.0,269.3478260869565
2025-10-22 20:00:00,7076,4.712908095136967,2.0198177550587,14.1,0.03827038984453536,316.0,269.3478260869565
2025-10-22 21:00:00,7077,4.987129533059294,2.1373412284539834,14.1,0.0,297.0,269.3478260869565
2025-10-22 22:00:00,7078,5.110361057254384,2.1901547388233067,14.0,0.0677830876361884,259.0,269.3478260869565
2025-10-22 23:00:00,7079,5.2280875650325775,2.2406089564425327,14.0,0.975108420717005,218.0,269.3478260869565
2025-10-23 00:00:00,7080,5.600938756204203,2.400402324087515,14.0,1.6840532951719411,148.0,269.3478260869565
2025-10-23 01:00:00,7081,4.952927806829573,2.1226833457841026,14.0,2.5636211489584957,148.0,269.3478260869565
2025-10-23 02:00:00,7082,4.742579070968979,2.032533887558134,14.0,4.412097645359939,149.0,269.3478260869565
2025-10-23 03:00:00,7083,4.460590496682702,1.9116816414354436,14.0,5.166385752975813,110.0,269.3478260869565
2025-10-23 04:00:00,7084,4.395024117031001,1.8835817644418573,13.9,5.628758983547786,129.0,269.3478260869565
2025-10-23 05:00:00,7085,4.437715981074121,1.9018782776031946,13.9,11.252414309730812,136.0,269.3478260869565
2025-10-23 06:00:00,7086,4.38438788187229,1.8790233779452672,13.9,15.0,142.0,269.3478260869565
2025-10-23 07:00:00,7087,4.3278277244857195,1.8547833104938798,13.9,15.0,155.0,269.3478260869565
2025-10-23 08:00:00,7088,4.277490291724603,1.8332101250248298,13.9,15.0,163.0,269.3478260869565
2025-10-23 09:00:00,7089,3.998682469399118,1.7137210583139075,13.9,15.0,160.0,269.3478260869565
2025-10-23 10:00:00,7090,4.182495431069427,1.792498041886897,13.9,15.0,161.0,269.3478260869565
2025-10-23 11:00:00,7091,4.27220213879567,1.8309437737695728,13.9,15.0,139.0,269.3478260869565
2025-10-23 12:00:00,7092,4.428110744137978,1.8977617474877047,13.9,15.0,130.0,269.3478260869565
2025-10-23 13:00:00,7093,4.952732855156459,2.1225997950670537,13.9,15.0,122.0,269.3478260869565
2025-10-23 14:00:00,7094,5.2493571136612065,2.249724477283374,13.9,15.0,130.0,269.3478260869565
2025-10-23 15:00:00,7095,4.7922656154622985,2.053828120912413,13.9,15.0,138.0,269.3478260869565
2025-10-23 16:00:00,7096,5.42901552661979,2.32672093997991,13.9,15.0,160.0,269.3478260869565
2025-10-23 17:00:00,7097,4.868646761443726,2.086562897761597,13.8,15.0,168.0,269.3478260869565
2025-10-23 18:00:00,7098,4.5613431809941325,1.9548613632831995,13.8,15.0,165.0,269.3478260869565
2025-10-23 19:00:00,7099,4.680002928581016,2.005715540820435,13.8,15.0,155.0,269.3478260869565
2025-10-23 20:00:00,7100,4.758544740014367,2.039376317149014,13.8,15.0,148.0,269.3478260869565
2025-10-23 21:00:00,7101,4.752686345854159,2.0368655767946393,13.8,15.0,123.0,269.3478260869565
2025-10-23 22:00:00,7102,5.0480362351603505,2.163444100783007,13.8,15.0,107.0,269.3478260869565
2025-10-23 23:00:00,7103,5.38096294724288,2.3061269773898054,13.7,15.0,104.0,269.3478260869565
2025-10-24 00:00:00,7104,5.273167692661668,2.2599290111407146,13.7,15.0,103.0,269.3478260869565
2025-10-24 01:00:00,7105,4.817197088226621,2.0645130378114085,13.7,15.0,104.0,269.3478260869565
2025-10-24 02:00:00,7106,4.800243214497625,2.0572470919275534,13.7,15.0,107.0,269.3478260869565
2025-10-24 03:00:00,7107,5.101517139284553,2.186364488264809,13.6,15.0,108.0,269.3478260869565
2025-10-24 04:00:00,7108,4.856614108147254,2.081406046348823,13.6,15.0,104.0,269.3478260869565
2025-10-24 05:00:00,7109,4.727798746895566,2.0261994629552427,13.6,15.0,105.0,269.3478260869565
2025-10-24 06:00:00,7110,4.615060802589306,1.9778832011097025,13.6,15.0,133.0,269.3478260869565
2025-10-24 07:00:00,7111,4.330666463288275,1.855999912837832,13.6,15.0,145.0,269.3478260869565
2025-10-24 08:00:00,7112,4.475004876802254,1.917859232915252,13.6,15.0,147.0,269.3478260869565
2025-10-24 09:00:00,7113,4.435857352191013,1.9010817223675764,13.7,14.116504183957534,144.0,269.3478260869565
2025-10-24 10:00:00,7114,3.627686073014293,1.5547226027204113,13.7,10.996052324983843,122.0,269.3478260869565
2025-10-24 11:00:00,7115,3.90892928708183,1.6752554087493559,13.7,5.187869878349079,101.0,269.3478260869565
2025-10-24 12:00:00,7116,4.022229280953335,1.7238125489800002,13.7,1.9137751747006648,99.0,269.3478260869565
2025-10-24 13:00:00,7117,4.088995164188502,1.7524264989379295,13.7,1.1078587351009745,97.0,269.3478260869565
2025-10-24 14:00:00,7118,4.26265187984701,1.8268508056487187,13.7,4.14715924118135,103.0,269.3478260869565
2025-10-24 15:00:00,7119,4.380914621738517,1.8775348378879357,13.7,8.633907933245988,114.0,269.3478260869565
2025-10-24 16:00:00,7120,4.612775305672665,1.9769037024311422,13.6,9.932112419933969,162.0,269.3478260869565
2025-10-24 17:00:00,7121,4.555810863459081,1.952490370053892,13.6,11.583319237597856,176.0,269.3478260869565
2025-10-24 18:00:00,7122,4.9558072171573695,2.1239173787817296,13.6,15.0,152.0,269.3478260869565
2025-10-24 19:00:00,7123,4.6082192838271165,1.9749511216401925,13.6,15.0,118.0,269.3478260869565
2025-10-24 20:00:00,7124,5.530110164027896,2.3700472131548125,13.6,15.0,110.0,269.3478260869565
2025-10-24 21:00:00,7125,5.214902177569259,2.2349580761011114,13.6,15.0,102.0,269.3478260869565
2025-10-24 22:00:00,7126,5.071989142510741,2.173709632504603,13.6,15.0,97.0,269.3478260869565
2025-10-24 23:00:00,7127,4.688071880661859,2.0091736631407966,13.6,15.0,108.0,269.3478260869565
2025-10-25 00:00:00,7128,5.375837234332112,2.303930243285191,13.6,15.0,108.0,269.3478260869565
2025-10-25 01:00:00,7129,5.228057626080981,2.240596125463277,13.6,15.0,99.0,269.3478260869565
2025-10-25 02:00:00,7130,4.5016593059679275,1.92928255970054,13.6,15.0,101.0,269.3478260869565
2025-10-25 03:00:00,7131,4.104136638052396,1.7589157020224555,13.6,15.0,104.0,269.3478260869565
2025-10-25 04:00:00,7132,4.0762468108938155,1.7469629189544922,13.6,15.0,104.0,269.3478260869565
2025-10-25 05:00:00,7133,4.491314786051593,1.9248491940221109,13.5,15.0,103.0,269.3478260869565
2025-10-25 06:00:00,7134,4.475734207585118,1.918171803250765,13.5,15.0,107.0,269.3478260869565
2025-10-25 07:00:00,7135,4.281099887553765,1.834757094665899,13.5,15.0,108.0,269.3478260869565
2025-10-25 08:00:00,7136,4.181297677766885,1.7919847190429508,13.4,15.0,107.0,269.3478260869565
2025-10-25 09:00:00,7137,4.505303386283817,1.9308443084073499,13.4,15.0,105.0,269.3478260869565
2025-10-25 10:00:00,7138,4.014216588163875,1.7203785377845178,13.4,15.0,103.0,269.3478260869565
2025-10-25 11:00:00,7139,5.516958557716361,2.364410810449869,13.4,15.0,107.0,269.3478260869565
2025-10-25 12:00:00,7140,5.345562070750553,2.290955173178808,13.4,15.0,104.0,269.3478260869565
2025-10-25 13:00:00,7141,5.769842148575714,2.4727894922467346,13.4,15.0,105.0,269.3478260869565
2025-10-25 14:00:00,7142,5.77118828750109,2.4733664089290386,13.4,15.0,103.0,269.3478260869565
2025-10-25 15:00:00,7143,5.757317447585905,2.4674217632511017,13.4,15.0,97.0,269.3478260869565
2025-10-25 16:00:00,7144,5.299488483889363,2.2712093502382986,13.4,15.0,98.0,269.3478260869565
2025-10-25 17:00:00,7145,5.077482886970657,2.1760640944159957,13.4,15.0,108.0,269.3478260869565
2025-10-25 18:00:00,7146,4.671372615138955,2.002016835059552,13.4,15.0,108.0,269.3478260869565
2025-10-25 19:00:00,7147,4.836144808703407,2.0726334894443172,13.4,15.0,102.0,269.3478260869565
2025-10-25 20:00:00,7148,4.744087405973149,2.0331803168456353,13.3,15.0,100.0,269.3478260869565
2025-10-25 21:00:00,7149,4.609344958257294,1.9754335535388399,13.3,15.0,104.0,269.3478260869565
2025-10-25 22:00:00,7150,4.505552868364935,1.9309512292992577,13.2,15.0,113.0,269.3478260869565
2025-10-25 23:00:00,7151,4.931912657355152,2.113676853152208,13.2,15.0,111.0,269.3478260869565
2025-10-26 00:00:00,7152,5.368903794037001,2.300958768873,13.2,15.0,118.0,269.3478260869565
2025-10-26 01:00:00,7153,5.279919434969521,2.2628226149869377,13.2,15.0,122.0,269.3478260869565
2025-10-26 02:00:00,7154,4.720642844211735,2.023132647519315,13.1,15.0,126.0,269.3478260869565
2025-10-26 03:00:00,7155,4.776687920072643,2.0471519657454187,13.1,15.0,121.0,269.3478260869565
2025-10-26 04:00:00,7156,4.7756646366112285,2.0467134156905264,13.1,15.0,120.0,269.3478260869565
2025-10-26 05:00:00,7157,4.794476327386454,2.0547755688799088,13.1,15.0,121.0,269.3478260869565
2025-10-26 06:00:00,7158,4.205310011207266,1.8022757190888283,13.1,15.0,124.0,269.3478260869565
2025-10-26 07:00:00,7159,4.308379463132592,1.8464483413425392,13.1,15.0,118.0,269.3478260869565
2025-10-26 08:00:00,7160,5.268091238471335,2.2577533879162863,13.1,12.485492808594593,108.0,269.3478260869565
2025-10-26 09:00:00,7161,5.530903935282389,2.3703874008353094,13.1,9.6959777029053,99.0,269.3478260869565
2025-10-26 10:00:00,7162,6.122349513874617,2.623864077374836,13.1,8.48460773869545,100.0,269.3478260869565
2025-10-26 11:00:00,7163,5.861190441306876,2.51193876056009,13.1,12.71623606292086,101.0,269.3478260869565
2025-10-26 12:00:00,7164,5.795801702637992,2.483915015416282,13.1,15.0,97.0,269.3478260869565
2025-10-26 13:00:00,7165,4.673927865176777,2.0031119422186188,13.1,15.0,93.0,269.3478260869565
2025-10-26 14:00:00,7166,4.9051650479820275,2.1022135919922973,13.1,15.0,91.0,269.3478260869565
2025-10-26 15:00:00,7167,4.654777047112514,1.994904448762506,13.1,15.0,95.0,269.3478260869565
2025-10-26 16:00:00,7168,4.3318289351269925,1.8564981150544253,13.1,15.0,106.0,269.3478260869565
2025-10-26 17:00:00,7169,4.6384761310841975,1.9879183418932274,13.1,15.0,119.0,269.3478260869565
2025-10-26 18:00:00,7170,4.868827232042845,2.0866402423040764,13.1,15.0,119.0,269.3478260869565
2025-10-26 19:00:00,7171,4.862195908061631,2.0837982463121274,13.1,15.0,88.0,269.3478260869565
2025-10-26 20:00:00,7172,4.931062481199235,2.113312491942529,13.1,15.0,86.0,269.3478260869565
2025-10-26 21:00:00,7173,4.604007214264312,1.9731459489704197,13.1,15.0,92.0,269.3478260869565
2025-10-26 22:00:00,7174,5.2629121123155045,2.25553376242093,13.0,15.0,98.0,269.3478260869565
2025-10-26 23:00:00,7175,4.805350189661429,2.059435795569183,13.0,15.0,102.0,269.3478260869565
2025-10-27 00:00:00,7176,5.132481086110685,2.199634751190293,13.0,15.0,92.0,269.3478260869565
2025-10-27 01:00:00,7177,4.704203973721853,2.016087417309366,13.0,15.0,101.0,269.3478260869565
2025-10-27 02:00:00,7178,4.224631669303495,1.810556429701498,12.9,15.0,102.0,269.3478260869565
2025-10-27 03:00:00,7179,3.811934382414151,1.633686163891779,12.9,15.0,103.0,269.3478260869565
2025-10-27 04:00:00,7180,3.632554410112345,1.5568090329052906,12.9,15.0,107.0,269.3478260869565
2025-10-27 05:00:00,7181,3.523467642956576,1.5100575612671039,12.9,15.0,106.0,269.3478260869565
2025-10-27 06:00:00,7182,3.9013844905053277,1.6720219245022832,12.9,15.0,123.0,269.3478260869565
2025-10-27 07:00:00,7183,3.3703684493170636,1.4444436211358844,12.9,15.0,176.0,269.3478260869565
2025-10-27 08:00:00,7184,3.644851210450227,1.5620790901929544,12.9,15.0,162.0,269.3478260869565
2025-10-27 09:00:00,7185,4.049096658713239,1.735327139448531,12.9,15.0,128.0,269.3478260869565
2025-10-27 10:00:00,7186,4.523079871164505,1.9384628019276449,12.9,15.0,127.0,269.3478260869565
2025-10-27 11:00:00,7187,4.78968791036241,2.0527233901553186,12.9,11.296600350052938,125.0,269.3478260869565
2025-10-27 12:00:00,7188,4.554239035865316,1.9518167296565638,12.9,6.527961904619401,109.0,269.3478260869565
2025-10-27 13:00:00,7189,4.500141292981568,1.928631982706386,12.9,3.511066809062531,110.0,269.3478260869565
2025-10-27 14:00:00,7190,4.71371075426949,2.020161751829781,12.9,2.310063570401488,120.0,269.3478260869565
2025-10-27 15:00:00,7191,5.0584140910373865,2.167891753301737,12.9,2.6070770435605057,122.0,269.3478260869565
2025-10-27 16:00:00,7192,5.0831589938435435,2.178496711647233,12.9,3.3145156881947297,134.0,269.3478260869565
2025-10-27 17:00:00,7193,4.811368813746225,2.062015205891239,12.9,8.056145413209958,153.0,269.3478260869565
2025-10-27 18:00:00,7194,5.045474741553675,2.1623463178087174,12.9,15.0,150.0,269.3478260869565
2025-10-27 19:00:00,7195,4.832580975074118,2.071106132174622,12.9,15.0,139.0,269.3478260869565
2025-10-27 20:00:00,7196,4.737770650115758,2.0304731357638963,12.9,15.0,131.0,269.3478260869565
2025-10-27 21:00:00,7197,5.030399067986782,2.155885314851478,12.9,15.0,117.0,269.3478260869565
2025-10-27 22:00:00,7198,5.282851290995352,2.2640791247122936,12.9,15.0,105.0,269.3478260869565
2025-10-27 23:00:00,7199,5.2271265966996125,2.2401971128712623,12.9,15.0,99.0,269.3478260869565
2025-10-28 00:00:00,7200,5.739063924657689,2.459598824853295,12.9,15.0,109.0,269.3478260869565
2025-10-28 01:00:00,7201,5.1597946666776835,2.211340571433293,12.9,15.0,112.0,269.3478260869565
2025-10-28 02:00:00,7202,5.103067387567682,2.1870288803861495,12.9,15.0,108.0,269.3478260869565
2025-10-28 03:00:00,7203,4.6932694193857465,2.011401179736748,12.9,15.0,108.0,269.3478260869565
2025-10-28 04:00:00,7204,4.569089886689919,1.9581813800099652,12.9,15.0,112.0,269.3478260869565
2025-10-28 05:00:00,7205,4.526726269288224,1.940025543980667,12.9,15.0,113.0,269.3478260869565
2025-10-28 06:00:00,7206,4.748651586988663,2.0351363944237124,12.9,15.0,115.0,269.3478260869565
2025-10-28 07:00:00,7207,4.529833051599219,1.9413570221139511,12.9,15.0,117.0,269.3478260869565
2025-10-28 08:00:00,7208,3.7307123106778546,1.598876704576223,12.9,15.0,119.0,269.3478260869565
2025-10-28 09:00:00,7209,3.5815829935325088,1.5349641400853609,12.9,15.0,112.0,269.3478260869565
2025-10-28 10:00:00,7210,3.833714381971102,1.6430204494161864,12.9,15.0,108.0,269.3478260869565
2025-10-28 11:00:00,7211,3.552811649551538,1.522633564093516,12.9,15.0,97.0,269.3478260869565
2025-10-28 12:00:00,7212,3.534784624331693,1.514907696142154,12.9,12.494876950695167,110.0,269.3478260869565
2025-10-28 13:00:00,7213,3.5186995143694277,1.5080140775868978,12.9,11.707141586515716,118.0,269.3478260869565
2025-10-28 14:00:00,7214,3.7810519692225815,1.620450843952535,12.9,11.265930957429843,102.0,269.3478260869565
2025-10-28 15:00:00,7215,3.6667718914489713,1.5714736677638446,12.9,11.43731701622093,114.0,269.3478260869565
2025-10-28 16:00:00,7216,3.8020064093563946,1.6294313182955975,12.9,10.793149138206246,134.0,269.3478260869565
2025-10-28 17:00:00,7217,3.732896594752628,1.5998128263225546,12.9,9.362467562077551,136.0,269.3478260869565
2025-10-28 18:00:00,7218,3.9037714376954282,1.673044901869469,12.9,9.599383322063593,120.0,269.3478260869565
2025-10-28 19:00:00,7219,4.77237861674253,2.045305121461084,12.9,11.06505284009154,107.0,269.3478260869565
2025-10-28 20:00:00,7220,4.902104675701649,2.1009020038721355,12.9,13.55484780116303,107.0,269.3478260869565
2025-10-28 21:00:00,7221,4.531425222630478,1.9420393811273473,12.9,15.0,113.0,269.3478260869565
2025-10-28 22:00:00,7222,4.5640097848366885,1.9560041935014376,12.9,15.0,124.0,269.3478260869565
2025-10-28 23:00:00,7223,4.5155664493779355,1.9352427640191148,12.9,12.134292088941043,127.0,269.3478260869565
2025-10-29 00:00:00,7224,4.920028549811847,2.108583664205077,12.9,10.072205601177581,113.0,269.3478260869565
2025-10-29 01:00:00,7225,4.8887576816960365,2.0951818635840156,12.9,10.266902606858139,111.0,269.3478260869565
2025-10-29 02:00:00,7226,4.81103863258809,2.06187369968061,13.0,9.77020918758271,111.0,269.3478260869565
2025-10-29 03:00:00,7227,4.47723303654558,1.918814158519534,13.0,9.541999457837585,109.0,269.3478260869565
2025-10-29 04:00:00,7228,4.54654904287605,1.94852101837545,13.0,9.695720175818868,112.0,269.3478260869565
2025-10-29 05:00:00,7229,4.6505717743870285,1.993102189023012,13.1,9.519404598382074,140.0,269.3478260869565
2025-10-29 06:00:00,7230,4.56156875588602,1.9549580382368656,13.1,8.605358318385338,171.0,269.3478260869565
2025-10-29 07:00:00,7231,4.306110139430509,1.8454757740416465,13.1,8.770541873714803,190.0,269.3478260869565
2025-10-29 08:00:00,7232,4.734785264327957,2.029193684711982,13.1,9.638594382933675,173.0,269.3478260869565
2025-10-29 09:00:00,7233,5.27510039063581,2.26075731027249,13.1,10.785918751182637,173.0,269.3478260869565
2025-10-29 10:00:00,7234,5.066133172911485,2.1711999312477794,13.1,7.705927887532517,159.0,269.3478260869565
2025-10-29 11:00:00,7235,4.634741542462383,1.9863178039124496,13.1,7.710887048018822,134.0,269.3478260869565
2025-10-29 12:00:00,7236,4.7821420815958815,2.049489463541092,13.1,8.541973644067555,122.0,269.3478260869565
2025-10-29 13:00:00,7237,4.99161792011934,2.139264822908288,13.1,10.706419563944365,130.0,269.3478260869565
2025-10-29 14:00:00,7238,4.915229592090091,2.1065269680386103,13.1,12.978384350239464,187.0,269.3478260869565
2025-10-29 15:00:00,7239,5.011806778315449,2.147917190706621,13.1,15.0,218.0,269.3478260869565
2025-10-29 16:00:00,7240,4.87080643685271,2.087488472936876,13.1,15.0,226.0,269.3478260869565
2025-10-29 17:00:00,7241,4.896420947259143,2.0984661202539185,13.1,15.0,239.0,269.3478260869565
2025-10-29 18:00:00,7242,5.148069141092002,2.206315346182286,13.1,15.0,249.0,269.3478260869565
2025-10-29 19:00:00,7243,5.099860289408511,2.1856544097465047,13.1,15.0,249.0,269.3478260869565
2025-10-29 20:00:00,7244,5.429287589765881,2.3268375384710915,13.1,15.0,254.0,269.3478260869565
2025-10-29 21:00:00,7245,5.461099433721294,2.340471185880555,13.1,12.72450988505217,256.0,269.3478260869565
2025-10-29 22:00:00,7246,5.38351335258192,2.3072200082493945,13.1,10.670002345884274,257.0,269.3478260869565
2025-10-29 23:00:00,7247,5.238916729904899,2.245250027102099,13.0,9.101487829801735,263.0,269.3478260869565
2025-10-30 00:00:00,7248,5.67475558524735,2.43203810796315,13.0,6.396410822540985,269.0,269.3478260869565
2025-10-30 01:00:00,7249,5.317471706416375,2.2789164456070177,13.0,2.942279788115907,263.0,269.3478260869565
2025-10-30 02:00:00,7250,5.561890507969052,2.3836673605581646,13.0,1.4010785502704248,250.0,269.3478260869565
2025-10-30 03:00:00,7251,5.534427321712436,2.3718974235910437,13.0,0.7051451817686784,207.0,269.3478260869565
2025-10-30 04:00:00,7252,6.241019762203564,2.6747227552300985,13.0,0.18582947145176718,178.0,269.3478260869565
2025-10-30 05:00:00,7253,6.1846199659994445,2.6505514139997617,13.0,0.26502178567672613,166.0,269.3478260869565
2025-10-30 06:00:00,7254,6.105925703907074,2.61682530167446,13.0,1.1999604368565824,134.0,269.3478260869565
2025-10-30 07:00:00,7255,5.836683350233418,2.501435721528608,13.0,3.3821990057965934,121.0,269.3478260869565
2025-10-30 08:00:00,7256,6.224015480285424,2.66743520583661,13.0,6.626203253165643,120.0,269.3478260869565
2025-10-30 09:00:00,7257,6.192091471120021,2.653753487622866,13.0,14.07957870423451,130.0,269.3478260869565
2025-10-30 10:00:00,7258,6.000927190794108,2.571825938911761,13.0,15.0,125.0,269.3478260869565
2025-10-30 11:00:00,7259,4.874610922364569,2.0891189667276726,13.0,15.0,122.0,269.3478260869565
2025-10-30 12:00:00,7260,5.5454563706382665,2.376624158844971,13.0,15.0,119.0,269.3478260869565
2025-10-30 13:00:00,7261,5.446177578422033,2.3340761050380143,13.0,15.0,107.0,269.3478260869565
2025-10-30 14:00:00,7262,5.9753393445226894,2.5608597190811526,13.0,15.0,113.0,269.3478260869565
2025-10-30 15:00:00,7263,5.244472224247028,2.2476309532487257,13.0,15.0,114.0,269.3478260869565
2025-10-30 16:00:00,7264,4.888476608901819,2.095061403815065,13.0,15.0,130.0,269.3478260869565
2025-10-30 17:00:00,7265,6.114440072543812,2.620474316804491,13.0,15.0,136.0,269.3478260869565
2025-10-30 18:00:00,7266,5.758791330229737,2.468053427241316,13.0,15.0,148.0,269.3478260869565
2025-10-30 19:00:00,7267,4.761478618516298,2.0406336936498417,13.0,0.0,155.0,269.3478260869565
2025-10-30 20:00:00,7268,5.8674494329601785,2.5146211855543625,13.0,15.0,147.0,269.3478260869565
2025-10-30 21:00:00,7269,5.821978966368041,2.4951338427291603,13.0,15.0,137.0,269.3478260869565
2025-10-30 22:00:00,7270,6.178046695796523,2.6477342981985097,12.9,15.0,130.0,269.3478260869565
2025-10-30 23:00:00,7271,5.7200917450522395,2.451467890736674,12.9,15.0,124.0,269.3478260869565
2025-10-31 00:00:00,7272,6.320894374941788,2.708954732117909,12.9,15.0,128.0,269.3478260869565
2025-10-31 01:00:00,7273,6.064321014771737,2.5989947206164588,12.9,15.0,130.0,269.3478260869565
2025-10-31 02:00:00,7274,5.66125531184864,2.4262522765065597,12.9,15.0,131.0,269.3478260869565
2025-10-31 03:00:00,7275,5.214586200979021,2.2348226575624373,12.9,15.0,134.0,269.3478260869565
2025-10-31 04:00:00,7276,4.297613996219388,1.841834569808309,12.9,15.0,136.0,269.3478260869565
2025-10-31 05:00:00,7277,5.7741184713762195,2.4746222020183795,12.9,15.0,136.0,269.3478260869565
2025-10-31 06:00:00,7278,5.687077410505979,2.437318890216848,12.9,15.0,148.0,269.3478260869565
2025-10-31 07:00:00,7279,5.547041316665102,2.377303421427901,12.9,15.0,158.0,269.3478260869565
2025-10-31 08:00:00,7280,5.812320986910006,2.4909947086757165,12.9,15.0,138.0,269.3478260869565
2025-10-31 09:00:00,7281,5.819295342547081,2.4939837182344626,12.9,15.0,120.0,269.3478260869565
2025-10-31 10:00:00,7282,5.834028053882694,2.5002977373782973,12.9,15.0,105.0,269.3478260869565
2025-10-31 11:00:00,7283,5.8403261067231975,2.50299690288137,12.9,15.0,112.0,269.3478260869565
2025-10-31 12:00:00,7284,5.835463319624916,2.5009128512678207,12.9,15.0,111.0,269.3478260869565
2025-10-31 13:00:00,7285,5.899549372644147,2.528378302561777,12.9,15.0,112.0,269.3478260869565
2025-10-31 14:00:00,7286,5.4400528473371725,2.3314512202873594,12.9,15.0,115.0,269.3478260869565
2025-10-31 15:00:00,7287,5.4632681342602485,2.3414006289686777,12.9,15.0,124.0,269.3478260869565
2025-10-31 16:00:00,7288,5.56699355946961,2.3858543826298324,12.9,15.0,142.0,269.3478260869565
2025-10-31 17:00:00,7289,5.626609817021466,2.4114042072949133,12.9,15.0,152.0,269.3478260869565
2025-10-31 18:00:00,7290,5.452349097972004,2.336721041988002,12.9,15.0,150.0,269.3478260869565
2025-10-31 19:00:00,7291,5.073967991127393,2.174557710483168,12.9,15.0,144.0,269.3478260869565
2025-10-31 20:00:00,7292,5.58304198154377,2.392732277804473,12.9,15.0,128.0,269.3478260869565
2025-10-31 21:00:00,7293,5.352438459027261,2.293902196725969,12.9,15.0,168.0,269.3478260869565
2025-10-31 22:00:00,7294,5.512358693383957,2.3624394400216957,12.9,15.0,148.0,269.3478260869565
2025-10-31 23:00:00,7295,5.744885628919935,2.4620938409656863,12.9,15.0,152.0,269.3478260869565
2025-11-01 00:00:00,7296,5.744166524441244,2.4617856533319618,12.9,15.0,133.0,269.3478260869565
2025-11-01 01:00:00,7297,4.997949403753912,2.1419783158945336,12.9,15.0,116.0,269.3478260869565
2025-11-01 02:00:00,7298,5.139780712913943,2.2027631626774045,12.9,15.0,113.0,269.3478260869565
2025-11-01 03:00:00,7299,4.0213804002273195,1.7234487429545655,12.9,15.0,116.0,269.3478260869565
2025-11-01 04:00:00,7300,3.46269808675,1.48401346575,12.9,15.0,123.0,269.3478260869565
2025-11-01 05:00:00,7301,4.77531167478792,2.04656214633768,12.9,15.0,118.0,269.3478260869565
2025-11-01 06:00:00,7302,5.34712747739699,2.291626061741567,12.9,14.60513416286427,115.0,269.3478260869565
2025-11-01 07:00:00,7303,5.2397815481331,2.2456206634856137,12.9,15.0,116.0,269.3478260869565
2025-11-01 08:00:00,7304,5.415118298552116,2.320764985093764,12.9,15.0,108.0,269.3478260869565
2025-11-01 09:00:00,7305,5.46956898445988,2.344100993339948,12.9,13.68301412525932,100.0,269.3478260869565
2025-11-01 10:00:00,7306,5.91193747316221,2.53368748849809,12.9,9.167515889417666,102.0,269.3478260869565
2025-11-01 11:00:00,7307,5.177629171964904,2.2189839308421013,12.9,9.718963788220973,108.0,269.3478260869565
2025-11-01 12:00:00,7308,5.826760718673734,2.497183165145886,12.9,8.98201514818958,105.0,269.3478260869565
2025-11-01 13:00:00,7309,5.236466399344449,2.244199885433335,12.9,8.468725808168989,106.0,269.3478260869565
2025-11-01 14:00:00,7310,5.551409677282775,2.379175575978332,12.9,7.612941774505315,106.0,269.3478260869565
2025-11-01 15:00:00,7311,5.6399494142944135,2.417121177554749,12.9,6.558858796557072,102.0,269.3478260869565
2025-11-01 16:00:00,7312,5.764067869435046,2.4703148011864475,12.9,7.457584667686,105.0,269.3478260869565
2025-11-01 17:00:00,7313,5.5873920845103235,2.3945966076472813,12.9,9.793442654340735,141.0,269.3478260869565
2025-11-01 18:00:00,7314,5.571508317575882,2.387789278961092,12.9,10.59084540563923,151.0,269.3478260869565
2025-11-01 19:00:00,7315,5.091912333437328,2.1822481429017118,12.9,12.573542062880176,138.0,269.3478260869565
2025-11-01 20:00:00,7316,5.610855251150247,2.404652250492963,12.8,15.0,123.0,269.3478260869565
2025-11-01 21:00:00,7317,5.652395203020202,2.422455087008658,12.8,15.0,131.0,269.3478260869565
2025-11-01 22:00:00,7318,5.640643150852727,2.417418493222597,12.8,15.0,118.0,269.3478260869565
2025-11-01 23:00:00,7319,5.371717362453338,2.3021645839085734,12.8,12.7644511690177,118.0,269.3478260869565
2025-11-02 00:00:00,7320,5.423487542877526,2.324351804090368,12.8,8.122142971472467,116.0,269.3478260869565
2025-11-02 01:00:00,7321,5.483338614930757,2.3500022635417532,12.8,6.828650245006996,119.0,269.3478260869565
2025-11-02 02:00:00,7322,5.335467410668474,2.2866288902864884,12.8,8.081541003653665,121.0,269.3478260869565
2025-11-02 03:00:00,7323,5.497883801896096,2.3562359150983263,12.7,8.152985920722001,123.0,269.3478260869565
2025-11-02 04:00:00,7324,5.500321434419018,2.3572806147510073,12.7,8.132487770428847,123.0,269.3478260869565
2025-11-02 05:00:00,7325,5.431701213792612,2.327871948768262,12.7,7.750522785035136,120.0,269.3478260869565
2025-11-02 06:00:00,7326,5.451743314322226,2.3364614204238108,12.7,6.728686834752324,120.0,269.3478260869565
2025-11-02 07:00:00,7327,5.354853684813184,2.294937293491364,12.7,6.048080680096599,123.0,269.3478260869565
2025-11-02 08:00:00,7328,4.868376615070785,2.0864471207446216,12.7,8.44224177181739,118.0,269.3478260869565
2025-11-02 09:00:00,7329,4.644341390400305,1.9904320244572735,12.7,9.19512294421535,115.0,269.3478260869565
2025-11-02 10:00:00,7330,4.899700360106998,2.0998715829029986,12.7,7.770137091988445,111.0,269.3478260869565
2025-11-02 11:00:00,7331,4.928772313746089,2.1123309916054667,12.7,8.296655972486523,110.0,269.3478260869565
2025-11-02 12:00:00,7332,4.3472017413727855,1.8630864605883364,12.7,8.296655972486523,108.0,269.3478260869565
2025-11-02 13:00:00,7333,4.884342172792264,2.093289502625256,12.7,9.519315581319894,109.0,269.3478260869565
2025-11-02 14:00:00,7334,4.408005051309684,1.8891450219898642,12.7,10.113256101724218,108.0,269.3478260869565
2025-11-02 15:00:00,7335,4.860142548230173,2.0829182349557884,12.7,9.879827024276599,114.0,269.3478260869565
2025-11-02 16:00:00,7336,4.924386715608843,2.1104514495466464,12.7,10.694322789421781,136.0,269.3478260869565
2025-11-02 17:00:00,7337,4.893666805500775,2.097285773786046,12.7,10.884482247893857,152.0,269.3478260869565
2025-11-02 18:00:00,7338,4.987600779461028,2.1375431911975835,12.7,13.194132394788342,136.0,269.3478260869565
2025-11-02 19:00:00,7339,5.490147935544639,2.3529205438048453,12.7,15.0,118.0,269.3478260869565
2025-11-02 20:00:00,7340,5.833866818806619,2.5002286366314084,12.7,15.0,110.0,269.3478260869565
2025-11-02 21:00:00,7341,5.035688557551953,2.158152238950837,12.7,15.0,95.0,269.3478260869565
2025-11-02 22:00:00,7342,4.782563905085605,2.0496702450366877,12.6,15.0,96.0,269.3478260869565
2025-11-02 23:00:00,7343,5.461208596462511,2.3405179699125043,12.6,15.0,105.0,269.3478260869565
2025-11-03 00:00:00,7344,5.543350688987585,2.375721723851822,12.6,15.0,113.0,269.3478260869565
2025-11-03 01:00:00,7345,5.395357458465718,2.3122960536281645,12.6,15.0,112.0,269.3478260869565
2025-11-03 02:00:00,7346,5.019121454701773,2.151052052015045,12.6,15.0,112.0,269.3478260869565
2025-11-03 03:00:00,7347,4.716161344500591,2.0212120047859674,12.6,15.0,104.0,269.3478260869565
2025-11-03 04:00:00,7348,4.426917493166989,1.8972503542144237,12.6,15.0,100.0,269.3478260869565
2025-11-03 05:00:00,7349,4.633961889255756,1.9859836668238953,12.6,15.0,118.0,269.3478260869565
2025-11-03 06:00:00,7350,4.285258605571662,1.836539402387855,12.6,15.0,119.0,269.3478260869565
2025-11-03 07:00:00,7351,4.209607318419446,1.8041174221797625,12.6,15.0,106.0,269.3478260869565
2025-11-03 08:00:00,7352,3.62331327685383,1.5528485472230702,12.6,15.0,94.0,269.3478260869565
2025-11-03 09:00:00,7353,4.001597702179503,1.7149704437912157,12.6,15.0,103.0,269.3478260869565
2025-11-03 10:00:00,7354,3.997761189701135,1.7133262241576293,12.7,15.0,101.0,269.3478260869565
2025-11-03 11:00:00,7355,4.172731267473372,1.7883134003457306,12.7,15.0,94.0,269.3478260869565
2025-11-03 12:00:00,7356,4.8322258865508285,2.070953951378926,12.7,15.0,95.0,269.3478260869565
2025-11-03 13:00:00,7357,4.9070097434881035,2.1030041757806157,12.7,15.0,97.0,269.3478260869565
2025-11-03 14:00:00,7358,4.800054206089763,2.0571660883241845,12.7,15.0,107.0,269.3478260869565
2025-11-03 15:00:00,7359,4.942632116410357,2.11827090703301,12.7,15.0,119.0,269.3478260869565
2025-11-03 16:00:00,7360,4.9170341965043995,2.107300369930457,12.7,15.0,120.0,269.3478260869565
2025-11-03 17:00:00,7361,5.05165193292639,2.1649936855398813,12.7,15.0,133.0,269.3478260869565
2025-11-03 18:00:00,7362,5.035642618730797,2.1581325508846274,12.7,15.0,117.0,269.3478260869565
2025-11-03 19:00:00,7363,4.965631845972068,2.128127933988029,12.7,15.0,106.0,269.3478260869565
2025-11-03 20:00:00,7364,4.76027550045462,2.0401180716234086,12.7,15.0,103.0,269.3478260869565
2025-11-03 21:00:00,7365,4.903631994482852,2.1015565690640794,12.7,15.0,107.0,269.3478260869565
2025-11-03 22:00:00,7366,4.797700645111134,2.056157419333343,12.7,15.0,105.0,269.3478260869565
2025-11-03 23:00:00,7367,5.014889388143811,2.1492383092044904,12.7,15.0,103.0,269.3478260869565
2025-11-04 00:00:00,7368,5.366388936885204,2.2998809729508016,12.7,15.0,108.0,269.3478260869565
2025-11-04 01:00:00,7369,4.908513527389607,2.103648654595546,12.7,15.0,115.0,269.3478260869565
2025-11-04 02:00:00,7370,4.742526396211293,2.0325113126619825,12.7,15.0,118.0,269.3478260869565
2025-11-04 03:00:00,7371,4.314011802154506,1.8488622009233595,12.7,15.0,126.0,269.3478260869565
2025-11-04 04:00:00,7372,3.807378732273467,1.6317337424029144,12.7,15.0,136.0,269.3478260869565
2025-11-04 05:00:00,7373,4.03919124437237,1.7310819618738729,12.7,15.0,126.0,269.3478260869565
2025-11-04 06:00:00,7374,3.982917738005386,1.7069647448594514,12.7,15.0,136.0,269.3478260869565
2025-11-04 07:00:00,7375,4.135965207226659,1.7725565173828537,12.7,15.0,171.0,269.3478260869565
2025-11-04 08:00:00,7376,4.440979152090309,1.9032767794672751,12.7,15.0,188.0,269.3478260869565
2025-11-04 09:00:00,7377,4.149260892900429,1.7782546683858982,12.7,15.0,183.0,269.3478260869565
2025-11-04 10:00:00,7378,3.807762886461088,1.6318983799118947,12.8,15.0,183.0,269.3478260869565
2025-11-04 11:00:00,7379,4.668437988826331,2.0007591380684273,12.8,15.0,192.0,269.3478260869565
2025-11-04 12:00:00,7380,3.8819124490501737,1.663676763878646,12.8,15.0,203.0,269.3478260869565
2025-11-04 13:00:00,7381,4.555091750686611,1.9521821788656903,12.8,15.0,225.0,269.3478260869565
2025-11-04 14:00:00,7382,4.54127141253961,1.9462591768026898,12.8,15.0,253.0,269.3478260869565
2025-11-04 15:00:00,7383,5.193940587413111,2.2259745374627613,12.8,15.0,271.0,269.3478260869565
2025-11-04 16:00:00,7384,4.718299439861031,2.022128331369013,12.8,15.0,287.0,269.3478260869565
2025-11-04 17:00:00,7385,4.639932593437261,1.9885425400445405,12.8,11.235839867117305,294.0,269.3478260869565
2025-11-04 18:00:00,7386,4.360783636445666,1.8689072727624283,12.8,10.585248356222888,290.0,269.3478260869565
2025-11-04 19:00:00,7387,4.433861948940088,1.9002265495457515,12.8,10.414098051070289,280.0,269.3478260869565
2025-11-04 20:00:00,7388,4.295885608974338,1.8410938324175732,12.8,11.304811665972288,272.0,269.3478260869565
2025-11-04 21:00:00,7389,4.830760525852206,2.070325939650945,12.8,7.755725200086429,254.0,269.3478260869565
2025-11-04 22:00:00,7390,4.5991032418774545,1.9710442465189089,12.8,7.83135938292676,232.0,269.3478260869565
2025-11-04 23:00:00,7391,4.533380978103822,1.942877562044495,12.8,5.074743542554443,223.0,269.3478260869565
2025-11-05 00:00:00,7392,3.3978293375850175,1.4562125732507216,12.8,6.175961285980273,203.0,269.3478260869565
2025-11-05 01:00:00,7393,3.867593679624729,1.6575401484105983,12.8,7.364216034088603,194.0,269.3478260869565
2025-11-05 02:00:00,7394,3.6965301742766163,1.5842272175471213,12.8,5.8617915964155385,197.0,269.3478260869565
2025-11-05 03:00:00,7395,3.7349024998443143,1.6006724999332775,12.8,11.27814924299315,196.0,269.3478260869565
2025-11-05 04:00:00,7396,3.606381388381429,1.545592023592041,12.8,15.0,199.0,269.3478260869565
2025-11-05 05:00:00,7397,3.5711214881915456,1.5304806377963767,12.9,15.0,217.0,269.3478260869565
2025-11-05 06:00:00,7398,3.387018776328219,1.4515794755692368,12.9,15.0,248.0,269.3478260869565
2025-11-05 07:00:00,7399,3.6635415930949806,1.5700892541835632,12.9,15.0,270.0,269.3478260869565
2025-11-05 08:00:00,7400,4.087649495795338,1.7518497839122877,12.9,15.0,283.0,269.3478260869565
2025-11-05 09:00:00,7401,4.1744335074827665,1.7890429317783285,12.9,15.0,288.0,269.3478260869565
2025-11-05 10:00:00,7402,4.234823849210721,1.8149245068045945,12.9,15.0,290.0,269.3478260869565
2025-11-05 11:00:00,7403,4.336835128532628,1.8586436265139834,12.9,15.0,281.0,269.3478260869565
2025-11-05 12:00:00,7404,4.157998065501889,1.781999170929381,12.9,15.0,278.0,269.3478260869565
2025-11-05 13:00:00,7405,4.887322828671879,2.094566926573662,12.9,15.0,277.0,269.3478260869565
2025-11-05 14:00:00,7406,5.139254670595946,2.2025377159696915,12.9,15.0,288.0,269.3478260869565
2025-11-05 15:00:00,7407,4.598056619077415,1.9705956938903202,12.9,15.0,297.0,269.3478260869565
2025-11-05 16:00:00,7408,4.554297481669579,1.9518417778583905,12.9,15.0,302.0,269.3478260869565
2025-11-05 17:00:00,7409,4.795957026925711,2.055410154396733,12.9,15.0,307.0,269.3478260869565
2025-11-05 18:00:00,7410,5.433682084899054,2.3287208935281662,12.9,15.0,304.0,269.3478260869565
2025-11-05 19:00:00,7411,5.597689724142828,2.3990098817754975,12.9,14.783545719594112,294.0,269.3478260869565
2025-11-05 20:00:00,7412,5.441176178460224,2.3319326479115245,12.9,11.626165300080627,287.0,269.3478260869565
2025-11-05 21:00:00,7413,5.104487554154407,2.187637523209031,12.9,10.907320187612367,277.0,269.3478260869565
2025-11-05 22:00:00,7414,5.2971052830285155,2.2701879784407923,12.9,9.820436358156682,263.0,269.3478260869565
2025-11-05 23:00:00,7415,4.948251837385663,2.1206793588795696,12.9,10.955168908192162,255.0,269.3478260869565
2025-11-06 00:00:00,7416,5.281107283778938,2.2633316930481158,12.9,11.498553192398518,257.0,269.3478260869565
2025-11-06 01:00:00,7417,5.492282852511398,2.3538355082191704,12.9,12.234969820505322,246.0,269.3478260869565
2025-11-06 02:00:00,7418,4.975532814386077,2.1323712061654616,12.9,9.550140700314671,240.0,269.3478260869565
2025-11-06 03:00:00,7419,4.783440174705984,2.0500457891597073,12.9,8.95224064951481,237.0,269.3478260869565
2025-11-06 04:00:00,7420,4.3427196562741,1.8611655669746139,12.9,9.578271685687689,235.0,269.3478260869565
2025-11-06 05:00:00,7421,5.060932783393376,2.1689711928828754,12.9,9.19604935944858,248.0,269.3478260869565
2025-11-06 06:00:00,7422,4.776507941116743,2.0470748319071754,12.9,10.02777840591756,269.0,269.3478260869565
2025-11-06 07:00:00,7423,4.830275261747101,2.070117969320186,12.9,10.642357249719915,280.0,269.3478260869565
2025-11-06 08:00:00,7424,4.016417116587326,1.7213216213945683,12.9,10.226994173460042,272.0,269.3478260869565
2025-11-06 09:00:00,7425,4.325768724440265,1.8539008819029705,12.9,9.014221485036323,266.0,269.3478260869565
2025-11-06 10:00:00,7426,4.32706392910874,1.8544559696180312,12.9,6.924329985849947,254.0,269.3478260869565
2025-11-06 11:00:00,7427,4.108046724395544,1.7605914533123763,12.9,6.5447114791669065,247.0,269.3478260869565
2025-11-06 12:00:00,7428,4.368714119603449,1.8723060512586207,12.9,5.80022397835692,228.0,269.3478260869565
2025-11-06 13:00:00,7429,4.891949717035191,2.0965498787293675,12.9,5.070654101363932,222.0,269.3478260869565
2025-11-06 14:00:00,7430,4.71839068399349,2.0221674359972095,12.9,4.375207145404252,243.0,269.3478260869565
2025-11-06 15:00:00,7431,4.95445550503103,2.1233380735847267,12.9,5.057656219836471,264.0,269.3478260869565
2025-11-06 16:00:00,7432,4.693593444200475,2.011540047514489,12.9,7.0785103443037105,287.0,269.3478260869565
2025-11-06 17:00:00,7433,4.714945409554456,2.0206908898090528,12.9,6.69710827694753,295.0,269.3478260869565
2025-11-06 18:00:00,7434,4.9023867368955845,2.101022887240965,12.9,6.099131704200814,286.0,269.3478260869565
2025-11-06 19:00:00,7435,5.082675373026438,2.178289445582759,12.9,5.720248406734278,273.0,269.3478260869565
2025-11-06 20:00:00,7436,4.630412820499573,1.9844626373569598,12.9,4.907168662588936,248.0,269.3478260869565
2025-11-06 21:00:00,7437,4.450003578617512,1.9071443908360766,12.9,5.314527135756136,225.0,269.3478260869565
2025-11-06 22:00:00,7438,4.602964221432758,1.9726989520426108,12.9,8.764778115268468,226.0,269.3478260869565
2025-11-06 23:00:00,7439,4.886486079997785,2.0942083199990504,12.9,6.848775289999358,220.0,269.3478260869565
2025-11-07 00:00:00,7440,4.982711000115036,2.1354475714778722,12.9,5.619259850931026,215.0,269.3478260869565
2025-11-07 01:00:00,7441,5.21342231258693,2.2343238482515413,12.9,7.54567039729977,220.0,269.3478260869565
2025-11-07 02:00:00,7442,4.6883695864658606,2.0093012513425115,12.9,11.90230724967523,208.0,269.3478260869565
2025-11-07 03:00:00,7443,4.687450003304189,2.008907144273224,12.9,15.0,189.0,269.3478260869565
2025-11-07 04:00:00,7444,4.185396195904257,1.79374122681611,12.9,15.0,160.0,269.3478260869565
2025-11-07 05:00:00,7445,4.060729073318372,1.7403124599935877,12.9,15.0,144.0,269.3478260869565
2025-11-07 06:00:00,7446,3.8654959730988177,1.6566411313280647,12.9,15.0,158.0,269.3478260869565
2025-11-07 07:00:00,7447,4.157210623047851,1.781661695591936,12.9,15.0,181.0,269.3478260869565
2025-11-07 08:00:00,7448,4.324537968467699,1.8533734150575851,12.9,15.0,184.0,269.3478260869565
2025-11-07 09:00:00,7449,4.582917345410566,1.9641074337473852,12.9,15.0,195.0,269.3478260869565
2025-11-07 10:00:00,7450,4.761135808178624,2.040486774933696,12.9,15.0,202.0,269.3478260869565
2025-11-07 11:00:00,7451,4.902849420324021,2.101221180138866,12.9,15.0,211.0,269.3478260869565
2025-11-07 12:00:00,7452,4.830698091648873,2.0702991821352312,12.9,15.0,219.0,269.3478260869565
2025-11-07 13:00:00,7453,4.789618932455278,2.0526938281951193,12.9,15.0,209.0,269.3478260869565
2025-11-07 14:00:00,7454,4.815194649045298,2.0636548495908418,12.9,14.572979206898179,213.0,269.3478260869565
2025-11-07 15:00:00,7455,5.0272253659709705,2.1545251568447017,12.9,11.012279087281092,231.0,269.3478260869565
2025-11-07 16:00:00,7456,5.080026247284306,2.177154105978988,12.8,8.132735087338736,239.0,269.3478260869565
2025-11-07 17:00:00,7457,5.103359751037287,2.18715417901598,12.8,8.637240125503297,251.0,269.3478260869565
2025-11-07 18:00:00,7458,4.750136316281867,2.0357727069779425,12.8,9.462258292348599,251.0,269.3478260869565
2025-11-07 19:00:00,7459,5.002953144319974,2.144122776137132,12.8,9.014390613415683,242.0,269.3478260869565
2025-11-07 20:00:00,7460,4.615985777703511,1.9782796190157899,12.8,7.5304496181215095,240.0,269.3478260869565
2025-11-07 21:00:00,7461,4.7480487719843465,2.034878045136148,12.8,3.5743174112137823,237.0,269.3478260869565
2025-11-07 22:00:00,7462,4.814491604464328,2.063353544770426,12.8,1.8784603597588758,228.0,269.3478260869565
2025-11-07 23:00:00,7463,4.642892719945269,1.98981116569083,12.8,5.626354540738831,224.0,269.3478260869565
2025-11-08 00:00:00,7464,4.505015400478965,1.9307208859195564,12.8,7.528726682846757,247.0,269.3478260869565
2025-11-08 01:00:00,7465,4.555083108867173,1.9521784752287883,12.8,8.41705529679673,251.0,269.3478260869565
2025-11-08 02:00:00,7466,4.317881407911629,1.8505206033906978,12.8,9.070128347718358,244.0,269.3478260869565
2025-11-08 03:00:00,7467,4.723036043664038,2.024158304427445,12.8,8.323756734832264,245.0,269.3478260869565
2025-11-08 04:00:00,7468,4.602669796926081,1.9725727701111775,12.8,6.094150074401675,253.0,269.3478260869565
2025-11-08 05:00:00,7469,4.596134910999407,1.9697721047140313,12.8,4.745444067790642,266.0,269.3478260869565
2025-11-08 06:00:00,7470,4.127550926935639,1.768950397258131,12.8,3.4712231058403544,271.0,269.3478260869565
2025-11-08 07:00:00,7471,4.060996653036373,1.7404271370155884,12.8,1.997044210815337,265.0,269.3478260869565
2025-11-08 08:00:00,7472,4.399229917853176,1.885384250508504,12.8,1.3674906428634113,257.0,269.3478260869565
2025-11-08 09:00:00,7473,3.995580332937588,1.7123915712589663,12.8,1.2530334507092031,234.0,269.3478260869565
2025-11-08 10:00:00,7474,4.21512680059112,1.8064829145390515,12.8,1.2054099195558086,215.0,269.3478260869565
2025-11-08 11:00:00,7475,4.626183167365257,1.9826499288708241,12.8,1.2511816322464528,200.0,269.3478260869565
2025-11-08 12:00:00,7476,4.33022836406145,1.8558121560263359,12.8,2.1682788794054346,169.0,269.3478260869565
2025-11-08 13:00:00,7477,5.220361488481133,2.2372977807776286,12.8,3.1993427343466228,177.0,269.3478260869565
2025-11-08 14:00:00,7478,4.722361212675702,2.023869091146729,12.8,4.666363090446415,186.0,269.3478260869565
2025-11-08 15:00:00,7479,5.08117392744653,2.1776459689056553,12.8,7.554687946624786,172.0,269.3478260869565
2025-11-08 16:00:00,7480,4.880403835594958,2.0916016438264102,12.8,6.994942787453685,174.0,269.3478260869565
2025-11-08 17:00:00,7481,5.5773220304223035,2.390280870180987,12.8,8.031698916806938,187.0,269.3478260869565
2025-11-08 18:00:00,7482,5.331983884479854,2.2851359504913655,12.8,10.040121013880182,189.0,269.3478260869565
2025-11-08 19:00:00,7483,5.566999753068865,2.385857037029514,12.8,9.141187386265829,174.0,269.3478260869565
2025-11-08 20:00:00,7484,5.899044064240572,2.5281617418173883,12.8,10.555864056495068,156.0,269.3478260869565
2025-11-08 21:00:00,7485,5.944902393796177,2.5478153116269326,12.8,13.471345913870822,120.0,269.3478260869565
2025-11-08 22:00:00,7486,5.849124964036852,2.5067678417300794,12.8,15.0,96.0,269.3478260869565
2025-11-08 23:00:00,7487,5.823641034513747,2.495846157648748,12.8,15.0,92.0,269.3478260869565
2025-11-09 00:00:00,7488,5.599752150777974,2.3998937789048456,12.8,15.0,97.0,269.3478260869565
2025-11-09 01:00:00,7489,5.146645775880626,2.2057053325202682,12.8,15.0,97.0,269.3478260869565
2025-11-09 02:00:00,7490,4.482319994872766,1.9209942835168996,12.8,15.0,133.0,269.3478260869565
2025-11-09 03:00:00,7491,4.3640390900554245,1.8703024671666104,12.8,15.0,144.0,269.3478260869565
2025-11-09 04:00:00,7492,4.250872471979607,1.8218024879912602,12.8,15.0,149.0,269.3478260869565
2025-11-09 05:00:00,7493,4.281948918946288,1.835120965262695,12.8,15.0,152.0,269.3478260869565
2025-11-09 06:00:00,7494,3.9014543820064183,1.6720518780027507,12.8,15.0,190.0,269.3478260869565
2025-11-09 07:00:00,7495,3.643016968460913,1.5612929864832483,12.8,15.0,203.0,269.3478260869565
2025-11-09 08:00:00,7496,3.7650846828606657,1.6136077212259996,12.8,15.0,212.0,269.3478260869565
2025-11-09 09:00:00,7497,4.295992862006539,1.8411397980028021,12.8,15.0,220.0,269.3478260869565
2025-11-09 10:00:00,7498,3.769864973199362,1.615656417085441,12.8,6.155926070052881,217.0,269.3478260869565
2025-11-09 11:00:00,7499,4.418601045239946,1.8936861622456909,12.8,2.341539892507493,225.0,269.3478260869565
2025-11-09 12:00:00,7500,4.051090234929061,1.7361815292553122,12.8,1.0507435809077368,257.0,269.3478260869565
2025-11-09 13:00:00,7501,4.7157584480674615,2.0210393348860545,12.8,0.33033089539531374,280.0,269.3478260869565
2025-11-09 14:00:00,7502,4.668489275705861,2.0007811181596544,12.8,0.08470749855556803,291.0,269.3478260869565
2025-11-09 15:00:00,7503,4.776858271144952,2.047224973347836,12.8,0.0,305.0,269.3478260869565
2025-11-09 16:00:00,7504,4.282436434435397,1.8353299004723127,12.8,0.0,318.0,269.3478260869565
2025-11-09 17:00:00,7505,4.398122503377827,1.8849096443047828,12.8,0.0,319.0,269.3478260869565
2025-11-09 18:00:00,7506,4.466243484772848,1.914104350616935,12.8,0.0,317.0,269.3478260869565
2025-11-09 19:00:00,7507,4.100464881171035,1.7573420919304439,12.8,0.19622842224717416,309.0,269.3478260869565
2025-11-09 20:00:00,7508,3.9307898513729347,1.684624222016972,12.7,0.32164719513999923,297.0,269.3478260869565
2025-11-09 21:00:00,7509,3.8386575719290654,1.645138959398171,12.6,0.044973926285570655,278.0,269.3478260869565
2025-11-09 22:00:00,7510,3.7168096608899144,1.5929184260956775,12.6,0.0,281.0,269.3478260869565
2025-11-09 23:00:00,7511,3.8386579790559434,1.6451391338811188,12.6,0.7868564442129797,275.0,269.3478260869565
2025-11-10 00:00:00,7512,4.081858628227582,1.7493679835261065,12.6,3.107043460763275,258.0,269.3478260869565
2025-11-10 01:00:00,7513,4.810229165705234,2.061526785302243,12.6,5.851650675020137,256.0,269.3478260869565
2025-11-10 02:00:00,7514,3.8157712115392712,1.6353305192311163,12.6,10.916249234387841,260.0,269.3478260869565
2025-11-10 03:00:00,7515,4.042520500280039,1.7325087858343022,12.6,11.720405999691042,257.0,269.3478260869565
2025-11-10 04:00:00,7516,4.002693698227852,1.7154401563833652,12.6,15.0,252.0,269.3478260869565
2025-11-10 05:00:00,7517,3.9322774129329963,1.6852617483998555,12.7,15.0,258.0,269.3478260869565
2025-11-10 06:00:00,7518,3.916304835695729,1.6784163581553122,12.7,15.0,270.0,269.3478260869565
2025-11-10 07:00:00,7519,3.947027318316278,1.691583136421262,12.7,12.81893759231621,281.0,269.3478260869565
2025-11-10 08:00:00,7520,4.3088255115948435,1.8466395049692186,12.7,7.443374724217333,272.0,269.3478260869565
2025-11-10 09:00:00,7521,3.950973401831593,1.6932743150706828,12.7,4.387555300793878,257.0,269.3478260869565
2025-11-10 10:00:00,7522,4.277663957576669,1.8332845532471436,12.7,1.0043097360781446,244.0,269.3478260869565
2025-11-10 11:00:00,7523,4.189140625880182,1.7953459825200782,12.7,0.723779396471492,258.0,269.3478260869565
2025-11-10 12:00:00,7524,4.032222990042214,1.728095567160949,12.7,0.4713588962773276,252.0,269.3478260869565
2025-11-10 13:00:00,7525,4.698460810612818,2.013626061691207,12.7,0.6261983157344587,254.0,269.3478260869565
2025-11-10 14:00:00,7526,4.339152540642019,1.8596368031322934,12.7,0.8562346915810568,258.0,269.3478260869565
2025-11-10 15:00:00,7527,4.4376606026798076,1.9018545440056318,12.7,0.8248585091052866,271.0,269.3478260869565
2025-11-10 16:00:00,7528,4.260412188276153,1.825890937832637,12.6,0.5585049341946486,287.0,269.3478260869565
2025-11-10 17:00:00,7529,4.354917505480987,1.8663932166347088,12.6,0.8479983602552705,295.0,269.3478260869565
2025-11-10 18:00:00,7530,4.257860426594219,1.8247973256832366,12.6,1.449443338643078,289.0,269.3478260869565
2025-11-10 19:00:00,7531,4.0577610109157245,1.739040433249596,12.6,2.0472538684872887,281.0,269.3478260869565
2025-11-10 20:00:00,7532,4.276921909995351,1.83296653285515,12.6,2.4245409760820493,273.0,269.3478260869565
2025-11-10 21:00:00,7533,4.051261576882918,1.7362549615212501,12.6,2.0878867802142405,264.0,269.3478260869565
2025-11-10 22:00:00,7534,4.008077005378208,1.7177472880192322,12.6,3.113261632116889,230.0,269.3478260869565
2025-11-10 23:00:00,7535,3.9529123482809885,1.6941052921204236,12.6,2.8151895028845435,195.0,269.3478260869565
2025-11-11 00:00:00,7536,4.423089145640983,1.8956096338461355,12.6,2.5858486590227012,137.0,269.3478260869565
2025-11-11 01:00:00,7537,4.2269896082578935,1.8115669749676684,12.6,3.4209808412890195,116.0,269.3478260869565
2025-11-11 02:00:00,7538,3.864957338681389,1.6564102880063096,12.6,8.117014037440015,102.0,269.3478260869565
2025-11-11 03:00:00,7539,3.444504307961113,1.4762161319833338,12.6,15.0,105.0,269.3478260869565
2025-11-11 04:00:00,7540,3.4093238833966724,1.4611388071700024,12.6,15.0,115.0,269.3478260869565
2025-11-11 05:00:00,7541,3.419964580287651,1.4656991058375646,12.6,15.0,130.0,269.3478260869565
2025-11-11 06:00:00,7542,3.5232143251836012,1.5099489965072577,12.6,15.0,142.0,269.3478260869565
2025-11-11 07:00:00,7543,3.848276277884044,1.6492612619503044,12.6,15.0,186.0,269.3478260869565
2025-11-11 08:00:00,7544,3.847361194688471,1.6488690834379163,12.6,15.0,198.0,269.3478260869565
2025-11-11 09:00:00,7545,3.714712103646345,1.5920194729912907,12.6,15.0,188.0,269.3478260869565
2025-11-11 10:00:00,7546,3.7967792628070987,1.6271911126316139,12.6,15.0,163.0,269.3478260869565
2025-11-11 11:00:00,7547,3.6574873104701364,1.5674945616300586,12.6,15.0,174.0,269.3478260869565
2025-11-11 12:00:00,7548,3.7933756869348283,1.6257324372577837,12.6,15.0,179.0,269.3478260869565
2025-11-11 13:00:00,7549,4.0747440662505205,1.746318885535937,12.6,15.0,181.0,269.3478260869565
2025-11-11 14:00:00,7550,3.834552086716525,1.6433794657356533,12.6,15.0,154.0,269.3478260869565
2025-11-11 15:00:00,7551,4.0834001153821236,1.7500286208780527,12.6,15.0,144.0,269.3478260869565
2025-11-11 16:00:00,7552,3.7675948140465723,1.614683491734245,12.6,15.0,145.0,269.3478260869565
2025-11-11 17:00:00,7553,3.7993868192590927,1.6283086368253255,12.6,15.0,165.0,269.3478260869565
2025-11-11 18:00:00,7554,4.1014774953188775,1.757776069422376,12.6,15.0,163.0,269.3478260869565
2025-11-11 19:00:00,7555,3.822468301275094,1.6382007005464687,12.6,15.0,150.0,269.3478260869565
2025-11-11 20:00:00,7556,3.5223655109268717,1.5095852189686592,12.6,15.0,154.0,269.3478260869565
2025-11-11 21:00:00,7557,3.9126371385733165,1.6768444879599926,12.6,13.399206208448604,157.0,269.3478260869565
2025-11-11 22:00:00,7558,3.6215667822634994,1.5521000495414996,12.6,15.0,137.0,269.3478260869565
2025-11-11 23:00:00,7559,3.7271372325464656,1.5973445282341994,12.6,12.15847905709703,135.0,269.3478260869565
2025-11-12 00:00:00,7560,4.035564890721226,1.7295278103090965,12.6,7.903001476025832,154.0,269.3478260869565
2025-11-12 01:00:00,7561,3.9517454375867636,1.6936051875371843,12.6,7.253044100899603,158.0,269.3478260869565
2025-11-12 02:00:00,7562,4.166073210692033,1.7854599474394426,12.7,8.381134074114222,174.0,269.3478260869565
2025-11-12 03:00:00,7563,4.638579508585956,1.9879626465368379,12.8,5.319190884145172,181.0,269.3478260869565
2025-11-12 04:00:00,7564,4.125954406817423,1.7682661743503243,12.8,3.7804290025644876,208.0,269.3478260869565
2025-11-12 05:00:00,7565,4.049668153185297,1.7355720656508415,12.9,1.6091846343227396,234.0,269.3478260869565
2025-11-12 06:00:00,7566,4.26231464448841,1.8267062762093185,12.9,0.7444660172178427,277.0,269.3478260869565
2025-11-12 07:00:00,7567,3.9592184532755637,1.6968079085466699,12.9,0.9535479419788236,292.0,269.3478260869565
2025-11-12 08:00:00,7568,4.021053921345526,1.723308823433797,12.9,0.3908756545667165,286.0,269.3478260869565
2025-11-12 09:00:00,7569,3.7536627814970407,1.6087126206415887,12.9,0.0,282.0,269.3478260869565
2025-11-12 10:00:00,7570,3.649637158278817,1.5641302106909214,12.9,0.0,273.0,269.3478260869565
2025-11-12 11:00:00,7571,4.179555945489534,1.7912382623526573,12.9,0.0,263.0,269.3478260869565
2025-11-12 12:00:00,7572,4.069770826677841,1.7441874971476463,12.9,0.008063670540977291,251.0,269.3478260869565
2025-11-12 13:00:00,7573,4.3748511061423585,1.8749361883467248,12.9,0.525280103863687,248.0,269.3478260869565
2025-11-12 14:00:00,7574,4.226785776431673,1.811479618470717,12.9,0.9842708246542563,241.0,269.3478260869565
2025-11-12 15:00:00,7575,4.531843230344341,1.942218527290432,12.9,2.843862363201225,227.0,269.3478260869565
2025-11-12 16:00:00,7576,4.5550691464288935,1.9521724913266687,12.9,6.369437652922416,209.0,269.3478260869565
2025-11-12 17:00:00,7577,4.620713819983825,1.9803059228502105,12.9,6.386719018249994,198.0,269.3478260869565
2025-11-12 18:00:00,7578,4.499465005307602,1.9283421451318292,12.9,4.609744139827704,193.0,269.3478260869565
2025-11-12 19:00:00,7579,4.781075661698658,2.0490324264422823,12.9,2.723960073014243,197.0,269.3478260869565
2025-11-12 20:00:00,7580,4.852365126705401,2.079585054302315,12.9,5.354040876637437,209.0,269.3478260869565
2025-11-12 21:00:00,7581,4.477953260626203,1.9191228259826585,12.9,15.0,200.0,269.3478260869565
2025-11-12 22:00:00,7582,4.409112767509409,1.8896197575040325,12.9,15.0,185.0,269.3478260869565
2025-11-12 23:00:00,7583,4.98731726240333,2.137421683887142,12.9,15.0,186.0,269.3478260869565
2025-11-13 00:00:00,7584,4.91572089085625,2.1067375246526785,12.9,11.533029390623208,194.0,269.3478260869565
2025-11-13 01:00:00,7585,5.152688744166419,2.208295176071322,12.9,15.0,186.0,269.3478260869565
2025-11-13 02:00:00,7586,4.118284863382057,1.7649792271637386,12.9,15.0,172.0,269.3478260869565
2025-11-13 03:00:00,7587,4.809510761301353,2.06121889770058,12.9,15.0,160.0,269.3478260869565
2025-11-13 04:00:00,7588,5.347778838972467,2.291905216702486,12.9,15.0,157.0,269.3478260869565
2025-11-13 05:00:00,7589,5.306445300193529,2.2741908429400834,12.9,13.394633842072775,167.0,269.3478260869565
2025-11-13 06:00:00,7590,4.8599383150126325,2.082830706433985,12.9,12.218371223815687,187.0,269.3478260869565
2025-11-13 07:00:00,7591,5.149938591477843,2.20711653920479,12.9,8.765253839537413,207.0,269.3478260869565
2025-11-13 08:00:00,7592,5.3769163181372,2.304392707773086,12.9,5.830908770177521,215.0,269.3478260869565
2025-11-13 09:00:00,7593,5.322415790788704,2.2810353389094447,12.9,3.9892841135433295,224.0,269.3478260869565
2025-11-13 10:00:00,7594,5.639272577480329,2.4168311046344266,12.9,1.5466482460751974,216.0,269.3478260869565
2025-11-13 11:00:00,7595,5.1060961267600184,2.1883269114685793,12.9,0.9399979990886265,225.0,269.3478260869565
2025-11-13 12:00:00,7596,5.598063476675682,2.3991700614324354,12.9,1.615991038209572,234.0,269.3478260869565
2025-11-13 13:00:00,7597,5.7421968305252005,2.460941498796514,12.9,2.2718365865405223,244.0,269.3478260869565
2025-11-13 14:00:00,7598,5.563562411356422,2.3843838905813235,12.9,2.281677585916895,257.0,269.3478260869565
2025-11-13 15:00:00,7599,5.074564315467166,2.1748132780573566,12.9,3.170636946518023,257.0,269.3478260869565
2025-11-13 16:00:00,7600,4.951137584155217,2.1219161074950925,12.9,2.595779375462728,266.0,269.3478260869565
2025-11-13 17:00:00,7601,4.647731235968331,1.9918848154149988,12.9,1.2422269119375233,266.0,269.3478260869565
2025-11-13 18:00:00,7602,4.7150449974542346,2.020733570337529,12.9,0.7572044789327027,256.0,269.3478260869565
2025-11-13 19:00:00,7603,4.736201960660619,2.0298008402831225,12.9,0.625384257328535,243.0,269.3478260869565
2025-11-13 20:00:00,7604,5.118931615635146,2.1938278352722054,12.8,0.10713412594817057,236.0,269.3478260869565
2025-11-13 21:00:00,7605,5.3849164899254465,2.3078213528251914,12.8,0.24248493543618582,222.0,269.3478260869565
2025-11-13 22:00:00,7606,5.017045613329122,2.150162405712481,12.8,0.08904680911683871,215.0,269.3478260869565
2025-11-13 23:00:00,7607,4.785311175643736,2.0508476467044585,12.8,0.06684491559318469,199.0,269.3478260869565
2025-11-14 00:00:00,7608,4.42082893191683,1.8946409708214986,12.8,2.8305062701878074,159.0,269.3478260869565
2025-11-14 01:00:00,7609,4.893071181445906,2.0970305063339594,12.8,9.924863386422706,130.0,269.3478260869565
2025-11-14 02:00:00,7610,4.739474482778439,2.0312033497621877,12.8,15.0,120.0,269.3478260869565
2025-11-14 03:00:00,7611,4.220356599961872,1.8087242571265163,12.8,15.0,127.0,269.3478260869565
2025-11-14 04:00:00,7612,3.9008844850436155,1.6718076364472638,12.8,15.0,120.0,269.3478260869565
2025-11-14 05:00:00,7613,4.14647386357105,1.7770602272447356,12.9,15.0,114.0,269.3478260869565
2025-11-14 06:00:00,7614,4.249708170841522,1.8213035017892238,12.9,15.0,102.0,269.3478260869565
2025-11-14 07:00:00,7615,4.069747860152351,1.7441776543510072,12.9,15.0,92.0,269.3478260869565
2025-11-14 08:00:00,7616,5.172445891550819,2.2167625249503504,12.9,15.0,92.0,269.3478260869565
2025-11-14 09:00:00,7617,4.8301155218341805,2.070049509357506,12.9,15.0,97.0,269.3478260869565
2025-11-14 10:00:00,7618,5.435181488549659,2.329363495092711,12.9,15.0,95.0,269.3478260869565
2025-11-14 11:00:00,7619,4.867934470994443,2.0862576304261897,12.8,15.0,95.0,269.3478260869565
2025-11-14 12:00:00,7620,5.217208650215693,2.235946564378154,12.8,15.0,96.0,269.3478260869565
2025-11-14 13:00:00,7621,5.086352086010535,2.1798651797188007,12.8,15.0,96.0,269.3478260869565
2025-11-14 14:00:00,7622,5.433317273926065,2.3285645459683137,12.8,15.0,98.0,269.3478260869565
2025-11-14 15:00:00,7623,5.2867019255093455,2.2657293966468623,12.8,15.0,100.0,269.3478260869565
2025-11-14 16:00:00,7624,5.004372084307411,2.144730893274604,12.8,15.0,111.0,269.3478260869565
2025-11-14 17:00:00,7625,5.035729916867258,2.1581699643716816,12.7,15.0,108.0,269.3478260869565
2025-11-14 18:00:00,7626,4.782008350485858,2.0494321502082244,12.7,15.0,99.0,269.3478260869565
2025-11-14 19:00:00,7627,4.545643792210147,1.9481330538043489,12.7,15.0,96.0,269.3478260869565
2025-11-14 20:00:00,7628,5.164167051587031,2.2132144506801557,12.6,15.0,91.0,269.3478260869565
2025-11-14 21:00:00,7629,4.9693183396633795,2.1297078598557344,12.6,15.0,93.0,269.3478260869565
2025-11-14 22:00:00,7630,4.898401630736037,2.0993149846011585,12.6,15.0,90.0,269.3478260869565
2025-11-14 23:00:00,7631,5.056402872351811,2.1670298024364905,12.6,15.0,90.0,269.3478260869565
2025-11-15 00:00:00,7632,5.12252867730748,2.195369433131777,12.6,15.0,90.0,269.3478260869565
2025-11-15 01:00:00,7633,5.170303991899788,2.215844567957052,12.6,15.0,90.0,269.3478260869565
2025-11-15 02:00:00,7634,5.911521206925451,2.5335090886823357,12.5,15.0,94.0,269.3478260869565
2025-11-15 03:00:00,7635,5.065989862681148,2.1711385125776346,12.5,15.0,96.0,269.3478260869565
2025-11-15 04:00:00,7636,4.912281555213528,2.1052635236629405,12.5,15.0,103.0,269.3478260869565
2025-11-15 05:00:00,7637,4.680753680069209,2.0060372914582323,12.4,15.0,111.0,269.3478260869565
2025-11-15 06:00:00,7638,4.170475050544779,1.7873464502334766,12.4,15.0,111.0,269.3478260869565
2025-11-15 07:00:00,7639,4.444260031186788,1.9046828705086232,12.4,15.0,122.0,269.3478260869565
2025-11-15 08:00:00,7640,4.606329129041758,1.9741410553036107,12.4,15.0,152.0,269.3478260869565
2025-11-15 09:00:00,7641,4.449006351156179,1.906717007638362,12.4,15.0,166.0,269.3478260869565
2025-11-15 10:00:00,7642,4.217600842076506,1.8075432180327882,12.4,15.0,165.0,269.3478260869565
2025-11-15 11:00:00,7643,4.402943095849165,1.8869756125067847,12.4,11.667144891574782,174.0,269.3478260869565
2025-11-15 12:00:00,7644,4.420339917770548,1.8944313933302346,12.4,9.229253601631134,184.0,269.3478260869565
2025-11-15 13:00:00,7645,4.970947522387014,2.1304060810230063,12.4,6.793438995220689,190.0,269.3478260869565
2025-11-15 14:00:00,7646,4.942567434244895,2.1182431861049547,12.4,4.866339495206631,197.0,269.3478260869565
2025-11-15 15:00:00,7647,5.033312040390481,2.1571337315959203,12.4,3.3385546177644594,210.0,269.3478260869565
2025-11-15 16:00:00,7648,5.055713530620039,2.166734370265731,12.4,3.0298915408080163,231.0,269.3478260869565
2025-11-15 17:00:00,7649,5.3906611112298,2.3102833333842,12.4,3.23808547536151,250.0,269.3478260869565
2025-11-15 18:00:00,7650,5.151206848015962,2.2076600777211266,12.4,3.2802463520672895,245.0,269.3478260869565
2025-11-15 19:00:00,7651,4.899969708774691,2.099987018046296,12.4,3.852702297094114,234.0,269.3478260869565
2025-11-15 20:00:00,7652,5.023914931302121,2.1531063991294803,12.4,5.273520633502857,223.0,269.3478260869565
2025-11-15 21:00:00,7653,4.762137858894354,2.040916225240437,12.4,6.943268372964293,222.0,269.3478260869565
2025-11-15 22:00:00,7654,4.738101756847458,2.0306150386489104,12.4,6.222545641454127,233.0,269.3478260869565
2025-11-15 23:00:00,7655,4.740425738707472,2.0316110308746307,12.4,6.728911734375215,241.0,269.3478260869565
2025-11-16 00:00:00,7656,5.004803845270397,2.144915933687313,12.4,6.8196495207370535,253.0,269.3478260869565
2025-11-16 01:00:00,7657,5.382549179832208,2.30680679135666,12.4,7.481746208146374,254.0,269.3478260869565
2025-11-16 02:00:00,7658,4.981549456688839,2.1349497671523596,12.4,8.680055704520742,261.0,269.3478260869565
2025-11-16 03:00:00,7659,4.347488722136202,1.8632094523440865,12.4,6.865724239202052,250.0,269.3478260869565
2025-11-16 04:00:00,7660,4.20643227597017,1.802756689701501,12.3,4.41947895333583,242.0,269.3478260869565
2025-11-16 05:00:00,7661,4.59359437948658,1.9686833054942485,12.3,3.995427790557116,222.0,269.3478260869565
2025-11-16 06:00:00,7662,4.134466017481245,1.7719140074919617,12.3,4.320674485570139,229.0,269.3478260869565
2025-11-16 07:00:00,7663,3.9248980019999373,1.6820991437142587,12.3,4.364575003588296,234.0,269.3478260869565
2025-11-16 08:00:00,7664,4.192793344088404,1.7969114331807445,12.3,4.408799184674751,243.0,269.3478260869565
2025-11-16 09:00:00,7665,4.336449613792355,1.8584784059110089,12.3,4.601152748417671,238.0,269.3478260869565
2025-11-16 10:00:00,7666,3.973446556157466,1.702905666924628,12.3,5.370715478016371,235.0,269.3478260869565
2025-11-16 11:00:00,7667,4.3439130349793835,1.8616770149911641,12.3,6.07106818506134,234.0,269.3478260869565
2025-11-16 12:00:00,7668,4.515161630303719,1.9350692701301655,12.3,6.2982998848549885,231.0,269.3478260869565
2025-11-16 13:00:00,7669,4.666759726676055,2.000039882861166,12.3,7.311898195119576,229.0,269.3478260869565
2025-11-16 14:00:00,7670,4.853367291391934,2.080014553453686,12.3,8.357008812542084,234.0,269.3478260869565
2025-11-16 15:00:00,7671,4.928817557246874,2.1123503816772313,12.3,8.278292597425377,248.0,269.3478260869565
2025-11-16 16:00:00,7672,4.719558966036352,2.0226681283012935,12.2,7.093921565391174,240.0,269.3478260869565
2025-11-16 17:00:00,7673,4.901108408805819,2.1004750323453507,12.2,7.024962395347314,247.0,269.3478260869565
2025-11-16 18:00:00,7674,4.82883245210069,2.0694996223288666,12.2,7.988547040305682,238.0,269.3478260869565
2025-11-16 19:00:00,7675,4.805758012466345,2.059610576771291,12.2,9.516191326812429,227.0,269.3478260869565
2025-11-16 20:00:00,7676,4.916200940448136,2.1069432601920584,12.2,9.048647781756106,227.0,269.3478260869565
2025-11-16 21:00:00,7677,4.710475690341379,2.018775295860591,12.2,7.976223233052372,230.0,269.3478260869565
2025-11-16 22:00:00,7678,4.508474093191356,1.932203182796295,12.2,7.911252805134421,232.0,269.3478260869565
2025-11-16 23:00:00,7679,4.442250471793319,1.9038216307685647,12.2,7.009020926010772,214.0,269.3478260869565
2025-11-17 00:00:00,7680,4.796983261692482,2.0558499692967778,12.2,9.141667929155355,193.0,269.3478260869565
2025-11-17 01:00:00,7681,4.295385035434032,1.8408793009002995,12.2,10.67703453252101,180.0,269.3478260869565
2025-11-17 02:00:00,7682,4.034969572313121,1.7292726738484803,12.2,11.297894626975337,169.0,269.3478260869565
2025-11-17 03:00:00,7683,3.9812710791248636,1.7062590339106558,12.1,12.34476559815088,157.0,269.3478260869565
2025-11-17 04:00:00,7684,3.759647359664347,1.6112774398561487,12.1,11.474874889464385,158.0,269.3478260869565
2025-11-17 05:00:00,7685,3.6135034639766204,1.548644341704266,12.1,10.327764201670876,197.0,269.3478260869565
2025-11-17 06:00:00,7686,3.5731059221067065,1.531331109474303,12.1,9.605921513700952,229.0,269.3478260869565
2025-11-17 07:00:00,7687,3.7809509200995874,1.6204075371855373,12.1,8.32006174551428,268.0,269.3478260869565
2025-11-17 08:00:00,7688,3.650149989750214,1.5643499956072346,12.1,6.799455849136179,279.0,269.3478260869565
2025-11-17 09:00:00,7689,3.8613001548535086,1.6548429235086466,12.1,4.9502470889784576,283.0,269.3478260869565
2025-11-17 10:00:00,7690,3.499158574704354,1.499639389159009,12.1,4.344206024804025,282.0,269.3478260869565
2025-11-17 11:00:00,7691,3.709051639597604,1.5895935598275444,12.1,2.3550661624269007,278.0,269.3478260869565
2025-11-17 12:00:00,7692,3.8892928760780743,1.6668398040334604,12.1,1.3947003168399055,277.0,269.3478260869565
2025-11-17 13:00:00,7693,4.101205469190553,1.7576594867959514,12.1,0.8026024122192414,283.0,269.3478260869565
2025-11-17 14:00:00,7694,3.6788908814797914,1.5766675206341965,12.1,0.25899221386465027,300.0,269.3478260869565
2025-11-17 15:00:00,7695,3.721541742490509,1.594946461067361,12.1,0.0,319.0,269.3478260869565
2025-11-17 16:00:00,7696,3.69264750951739,1.5825632183645955,12.1,0.041782988008053926,329.0,269.3478260869565
2025-11-17 17:00:00,7697,3.8960493968550862,1.6697354557950368,12.1,0.4826067570948553,330.0,269.3478260869565
2025-11-17 18:00:00,7698,3.981494296798215,1.7063546986278064,12.1,1.097559228720596,326.0,269.3478260869565
2025-11-17 19:00:00,7699,4.042566483391363,1.7325284928820128,12.1,1.4805062668525486,322.0,269.3478260869565
2025-11-17 20:00:00,7700,3.7328936979290814,1.5998115848267493,12.1,1.2012510906819822,312.0,269.3478260869565
2025-11-17 21:00:00,7701,3.659104567955887,1.5681876719810945,12.0,1.1278501628934592,296.0,269.3478260869565
2025-11-17 22:00:00,7702,3.667041726516264,1.571589311364113,12.0,1.6489929007703792,279.0,269.3478260869565
2025-11-17 23:00:00,7703,3.650311821904662,1.5644193522448553,12.0,2.2976035323253226,267.0,269.3478260869565
2025-11-18 00:00:00,7704,4.251042263165502,1.8218752556423576,12.0,2.596954342679153,264.0,269.3478260869565
2025-11-18 01:00:00,7705,3.8860439638431616,1.6654474130756407,12.0,2.079961645686717,263.0,269.3478260869565
2025-11-18 02:00:00,7706,3.3580267584819943,1.439154325063712,12.0,3.071843247284189,251.0,269.3478260869565
2025-11-18 03:00:00,7707,3.250588544876316,1.3931093763755638,12.0,4.716002306598869,241.0,269.3478260869565
2025-11-18 04:00:00,7708,3.2930060538204087,1.4112883087801753,12.0,5.7669799429822595,242.0,269.3478260869565
2025-11-18 05:00:00,7709,3.13671792885852,1.3443076837965082,12.0,5.097749235621182,254.0,269.3478260869565
2025-11-18 06:00:00,7710,3.2688760047848646,1.4009468591935132,12.0,6.42319835082054,250.0,269.3478260869565
2025-11-18 07:00:00,7711,3.248039698143625,1.3920170134901249,12.0,10.09674287815368,238.0,269.3478260869565
2025-11-18 08:00:00,7712,3.6626187364789473,1.569693744205263,12.0,13.116336543987856,241.0,269.3478260869565
2025-11-18 09:00:00,7713,3.2496807218349457,1.3927203093578338,12.0,13.839917147983565,230.0,269.3478260869565
2025-11-18 10:00:00,7714,3.5882715755057006,1.5378306752167286,12.0,15.0,216.0,269.3478260869565
2025-11-18 11:00:00,7715,3.6594556122852553,1.5683381195508237,12.0,15.0,202.0,269.3478260869565
2025-11-18 12:00:00,7716,3.670539281217623,1.5730882633789813,12.0,15.0,202.0,269.3478260869565
2025-11-18 13:00:00,7717,3.868802655596783,1.65805828097005,12.0,15.0,201.0,269.3478260869565
2025-11-18 14:00:00,7718,3.8518928474666776,1.650811220342862,12.0,15.0,199.0,269.3478260869565
2025-11-18 15:00:00,7719,3.8479595093712193,1.6491255040162367,12.0,15.0,207.0,269.3478260869565
2025-11-18 16:00:00,7720,3.9548925296042796,1.6949539412589771,11.9,15.0,211.0,269.3478260869565
2025-11-18 17:00:00,7721,4.009467665209706,1.7183432850898737,11.9,15.0,216.0,269.3478260869565
2025-11-18 18:00:00,7722,3.9727283272313034,1.7025978545277012,11.9,15.0,202.0,269.3478260869565
2025-11-18 19:00:00,7723,4.096549954212845,1.7556642660912194,11.9,15.0,196.0,269.3478260869565
2025-11-18 20:00:00,7724,3.986363381698075,1.708441449299175,11.9,15.0,198.0,269.3478260869565
2025-11-18 21:00:00,7725,4.235977713730696,1.815419020170298,11.9,15.0,188.0,269.3478260869565
2025-11-18 22:00:00,7726,4.1744801833543805,1.7890629357233057,11.9,15.0,159.0,269.3478260869565
2025-11-18 23:00:00,7727,4.305112657362766,1.8450482817268994,11.9,15.0,164.0,269.3478260869565
2025-11-19 00:00:00,7728,4.137244673799456,1.773104860199767,11.9,15.0,161.0,269.3478260869565
2025-11-19 01:00:00,7729,4.788050266208021,2.052021542660581,11.9,15.0,154.0,269.3478260869565
2025-11-19 02:00:00,7730,4.351685641631997,1.8650081321279983,11.8,15.0,152.0,269.3478260869565
2025-11-19 03:00:00,7731,4.25101839136488,1.8218650248706632,11.8,15.0,149.0,269.3478260869565
2025-11-19 04:00:00,7732,4.099107238700143,1.7567602451572044,11.8,15.0,144.0,269.3478260869565
2025-11-19 05:00:00,7733,4.044490713681217,1.7333531630062355,11.8,15.0,171.0,269.3478260869565
2025-11-19 06:00:00,7734,3.696667420101496,1.5842860371863554,11.7,15.0,188.0,269.3478260869565
2025-11-19 07:00:00,7735,3.984949805004348,1.707835630716149,11.6,15.0,218.0,269.3478260869565
2025-11-19 08:00:00,7736,4.202650817433101,1.8011360646141858,11.6,15.0,212.0,269.3478260869565
2025-11-19 09:00:00,7737,3.98369881443105,1.7072994918990212,11.6,15.0,212.0,269.3478260869565
2025-11-19 10:00:00,7738,4.540502500541455,1.9459296430891952,11.6,15.0,220.0,269.3478260869565
2025-11-19 11:00:00,7739,4.077655495557546,1.7475666409532342,11.6,15.0,216.0,269.3478260869565
2025-11-19 12:00:00,7740,4.202115667772512,1.8009067147596478,11.5,15.0,208.0,269.3478260869565
2025-11-19 13:00:00,7741,5.185318105979512,2.2222791882769335,11.4,15.0,206.0,269.3478260869565
2025-11-19 14:00:00,7742,4.495100362721666,1.926471584023571,11.4,15.0,215.0,269.3478260869565
2025-11-19 15:00:00,7743,4.557246415792067,1.9531056067680281,11.4,15.0,228.0,269.3478260869565
2025-11-19 16:00:00,7744,4.612030121483765,1.9765843377787562,11.4,15.0,239.0,269.3478260869565
2025-11-19 17:00:00,7745,5.041194584589782,2.160511964824192,11.4,15.0,258.0,269.3478260869565
2025-11-19 18:00:00,7746,4.904319103653103,2.1018510444227583,11.4,15.0,261.0,269.3478260869565
2025-11-19 19:00:00,7747,5.0192671727166775,2.1511145025928617,11.4,15.0,255.0,269.3478260869565
2025-11-19 20:00:00,7748,4.644149281573422,1.9903496921028951,11.3,15.0,250.0,269.3478260869565
2025-11-19 21:00:00,7749,4.918404762766217,2.1078877554712356,11.3,15.0,244.0,269.3478260869565
2025-11-19 22:00:00,7750,5.04167036558791,2.160715870966247,11.2,15.0,250.0,269.3478260869565
2025-11-19 23:00:00,7751,5.159430987331312,2.2111847088562766,11.2,15.0,248.0,269.3478260869565
2025-11-20 00:00:00,7752,5.5323163277892,2.3709927119096568,11.2,15.0,258.0,269.3478260869565
2025-11-20 01:00:00,7753,4.884339563004319,2.093288384144708,11.2,15.0,249.0,269.3478260869565
2025-11-20 02:00:00,7754,4.674025047019373,2.003153591579731,11.1,15.0,242.0,269.3478260869565
2025-11-20 03:00:00,7755,4.392070727877037,1.8823160262330156,11.1,15.0,246.0,269.3478260869565
2025-11-20 04:00:00,7756,4.32653863861995,1.8542308451228358,11.1,15.0,262.0,269.3478260869565
2025-11-20 05:00:00,7757,4.3692648282907145,1.8725420692674488,11.1,15.0,279.0,269.3478260869565
2025-11-20 06:00:00,7758,4.315971089931899,1.8497018956850992,11.1,15.0,265.0,269.3478260869565
2025-11-20 07:00:00,7759,4.259445328586038,1.825476569394016,11.0,15.0,260.0,269.3478260869565
2025-11-20 08:00:00,7760,4.209142327045629,1.803918140162412,11.0,15.0,258.0,269.3478260869565
2025-11-20 09:00:00,7761,3.930368971103137,1.6844438447584873,10.9,15.0,253.0,269.3478260869565
2025-11-20 10:00:00,7762,4.114216434300992,1.7632356147004251,10.9,15.0,249.0,269.3478260869565
2025-11-20 11:00:00,7763,4.203957678681586,1.801696148006394,10.9,15.0,247.0,269.3478260869565
2025-11-20 12:00:00,7764,4.359900855787281,1.868528938194549,10.9,15.0,242.0,269.3478260869565
2025-11-20 13:00:00,7765,4.884557573660399,2.093381817283028,10.9,15.0,234.0,269.3478260869565
2025-11-20 14:00:00,7766,5.181216474093231,2.220521346039956,10.9,15.0,244.0,269.3478260869565
2025-11-20 15:00:00,7767,4.724159652878031,2.024639851233442,10.9,15.0,263.0,269.3478260869565
2025-11-20 16:00:00,7768,5.360944276057017,2.2975475468815785,10.9,15.0,282.0,269.3478260869565
2025-11-20 17:00:00,7769,4.800610257922375,2.057404396252446,10.8,15.0,293.0,269.3478260869565
2025-11-20 18:00:00,7770,4.493341459516252,1.9257177683641076,10.8,15.0,293.0,269.3478260869565
2025-11-20 19:00:00,7771,4.612036024130763,1.9765868674846125,10.8,15.0,290.0,269.3478260869565
2025-11-20 20:00:00,7772,4.690612687557988,2.010262580381995,10.8,12.634784424960086,293.0,269.3478260869565
2025-11-20 21:00:00,7773,4.684789180339969,2.007766791574272,10.8,9.63931362177262,294.0,269.3478260869565
2025-11-20 22:00:00,7774,4.980173991518716,2.1343602820794496,10.8,5.994207048260604,297.0,269.3478260869565
2025-11-20 23:00:00,7775,5.313135660386202,2.277058140165515,10.7,3.70649666950337,294.0,269.3478260869565
2025-11-21 00:00:00,7776,5.2053753974843655,2.230875170350442,10.7,2.7872675079733518,306.0,269.3478260869565
2025-11-21 01:00:00,7777,4.749439819605106,2.035474208402188,10.7,2.4707835880929503,304.0,269.3478260869565
2025-11-21 02:00:00,7778,4.732521007290297,2.028223288838699,10.6,2.4184353886739087,309.0,269.3478260869565
2025-11-21 03:00:00,7779,5.033830028331769,2.1573557264279004,10.6,2.65234870715137,314.0,269.3478260869565
2025-11-21 04:00:00,7780,4.788962128271316,2.052412340687707,10.6,2.1432904692457138,320.0,269.3478260869565
2025-11-21 05:00:00,7781,4.660181932900702,1.997220828386015,10.6,1.4254405352856623,324.0,269.3478260869565
2025-11-21 06:00:00,7782,4.547479189261654,1.9489196525407089,10.6,0.8961949106245408,327.0,269.3478260869565
2025-11-21 07:00:00,7783,4.263120085395865,1.827051465169656,10.6,0.8918281705594456,317.0,269.3478260869565
2025-11-21 08:00:00,7784,4.4074937690949865,1.8889259010407082,10.6,0.7768160262197744,304.0,269.3478260869565
2025-11-21 09:00:00,7785,4.368381549400641,1.872163521171703,10.6,0.136528900464049,278.0,269.3478260869565
2025-11-21 10:00:00,7786,3.5602456098544124,1.5258195470804623,10.6,0.07671022208698386,245.0,269.3478260869565
2025-11-21 11:00:00,7787,3.8415241982478516,1.6463675135347937,10.6,0.27163127959999095,241.0,269.3478260869565
2025-11-21 12:00:00,7788,3.9548596011224726,1.694939829052488,10.6,0.9950720276529669,241.0,269.3478260869565
2025-11-21 13:00:00,7789,4.021660928019752,1.7235689691513223,10.6,3.1133011338175876,234.0,269.3478260869565
2025-11-21 14:00:00,7790,4.195353121981135,1.7980084808490582,10.6,5.764859878269962,226.0,269.3478260869565
2025-11-21 15:00:00,7791,4.313651376798029,1.8487077329134407,10.6,7.406676712653054,222.0,269.3478260869565
2025-11-21 16:00:00,7792,4.545547608261804,1.9480918321122014,10.6,7.721852695964989,219.0,269.3478260869565
2025-11-21 17:00:00,7793,4.488618748163798,1.9236937492130566,10.6,9.765067787292228,211.0,269.3478260869565
2025-11-21 18:00:00,7794,4.8886507185453105,2.0951360222337043,10.6,13.158282717041029,192.0,269.3478260869565
2025-11-21 19:00:00,7795,4.541098436447609,1.9461850441918318,10.6,15.0,182.0,269.3478260869565
2025-11-21 20:00:00,7796,5.46302500241192,2.341296429605108,10.6,15.0,190.0,269.3478260869565
2025-11-21 21:00:00,7797,5.147852736229439,2.2062226012411883,10.6,15.0,204.0,269.3478260869565
2025-11-21 22:00:00,7798,5.004975455941324,2.1449894811177104,10.6,15.0,228.0,269.3478260869565
2025-11-21 23:00:00,7799,4.621093983338697,1.9804688500022987,10.6,15.0,238.0,269.3478260869565
2025-11-22 00:00:00,7800,5.308895160712646,2.2752407831625625,10.6,15.0,254.0,269.3478260869565
2025-11-22 01:00:00,7801,5.161151410604221,2.2119220331160947,10.6,15.0,249.0,269.3478260869565
2025-11-22 02:00:00,7802,4.434788983054437,1.900623849880473,10.6,15.0,247.0,269.3478260869565
2025-11-22 03:00:00,7803,4.037302242104275,1.7302723894732603,10.6,15.0,247.0,269.3478260869565
2025-11-22 04:00:00,7804,4.009448376294675,1.7183350184120039,10.6,9.23950500877724,246.0,269.3478260869565
2025-11-22 05:00:00,7805,4.42455234716655,1.8962367202142354,10.6,8.943650326277151,270.0,269.3478260869565
2025-11-22 06:00:00,7806,4.4090077987607685,1.8895747708974722,10.6,7.796151883941446,277.0,269.3478260869565
2025-11-22 07:00:00,7807,4.214409543118167,1.8061755184792143,10.6,6.626203253165643,265.0,269.3478260869565
2025-11-22 08:00:00,7808,4.114643432029545,1.7634186137269479,10.6,5.16577831893782,259.0,269.3478260869565
2025-11-22 09:00:00,7809,4.43868527353567,1.902293688658144,10.6,3.915854373145439,252.0,269.3478260869565
2025-11-22 10:00:00,7810,3.947634642677266,1.6918434182902569,10.6,2.1152369180892427,255.0,269.3478260869565
2025-11-22 11:00:00,7811,5.4504128137450305,2.3358912058907273,10.6,1.2821419961285767,265.0,269.3478260869565
2025-11-22 12:00:00,7812,5.279052562529616,2.2624510982269777,10.6,1.0120366823210398,273.0,269.3478260869565
2025-11-22 13:00:00,7813,5.703368910321643,2.444300961566418,10.6,0.860461924561971,272.0,269.3478260869565
2025-11-22 14:00:00,7814,5.704751353411698,2.4448934371764417,10.6,1.0318235468299162,273.0,269.3478260869565
2025-11-22 15:00:00,7815,5.6909168518403295,2.4389643650744266,10.6,1.7994354854863455,283.0,269.3478260869565
2025-11-22 16:00:00,7816,5.2331242606480455,2.242767540277734,10.6,2.4919831481999335,286.0,269.3478260869565
2025-11-22 17:00:00,7817,5.011155070375328,2.147637887303712,10.6,3.3821990057965934,278.0,269.3478260869565
2025-11-22 18:00:00,7818,4.605081239312614,1.9736062454196919,10.6,3.6348750159536847,255.0,269.3478260869565
2025-11-22 19:00:00,7819,4.769889907750309,2.044238531892989,10.6,2.4268124871397294,226.0,269.3478260869565
2025-11-22 20:00:00,7820,4.67786901397878,2.0048010059909056,10.7,0.8944746053368162,171.0,269.3478260869565
2025-11-22 21:00:00,7821,4.543163109288358,1.9470699039807244,10.7,0.7639300749034633,154.0,269.3478260869565
2025-11-22 22:00:00,7822,4.43940759646934,1.9026032556297168,10.7,5.137182164908295,130.0,269.3478260869565
2025-11-22 23:00:00,7823,4.865803996561985,2.085344569955136,10.8,12.337569283345221,86.0,269.3478260869565
2025-11-23 00:00:00,7824,5.302831778356514,2.27264219072422,10.8,15.0,100.0,269.3478260869565
2025-11-23 01:00:00,7825,5.213884098393118,2.234521756454193,10.8,15.0,101.0,269.3478260869565
2025-11-23 02:00:00,7826,4.654644220711944,1.9948475231622615,10.8,15.0,99.0,269.3478260869565
2025-11-23 03:00:00,7827,4.710726043603108,2.0188825901156173,10.8,15.0,101.0,269.3478260869565
2025-11-23 04:00:00,7828,4.709739541106687,2.0184598033314374,10.8,15.0,100.0,269.3478260869565
2025-11-23 05:00:00,7829,4.7285880467627255,2.026537734326882,10.8,15.0,103.0,269.3478260869565
2025-11-23 06:00:00,7830,4.139458579361225,1.7740536768690964,10.8,15.0,103.0,269.3478260869565
2025-11-23 07:00:00,7831,4.242564913942157,1.81824210597521,10.8,15.0,114.0,269.3478260869565
2025-11-23 08:00:00,7832,5.202313605795453,2.229562973912337,10.8,15.0,120.0,269.3478260869565
2025-11-23 09:00:00,7833,5.465163252961009,2.3422128226975754,10.8,15.0,112.0,269.3478260869565
2025-11-23 10:00:00,7834,6.056645815728688,2.5957053495980085,10.8,15.0,101.0,269.3478260869565
2025-11-23 11:00:00,7835,5.795523761138307,2.483795897630703,10.8,15.0,92.0,269.3478260869565
2025-11-23 12:00:00,7836,5.7301720742296585,2.4557880318127108,10.8,15.0,100.0,269.3478260869565
2025-11-23 13:00:00,7837,4.608335322292489,1.9750008524110667,10.8,15.0,95.0,269.3478260869565
2025-11-23 14:00:00,7838,4.839609624366515,2.0741184104427925,10.8,15.0,100.0,269.3478260869565
2025-11-23 15:00:00,7839,4.589258776491414,1.9668251899248919,10.8,15.0,108.0,269.3478260869565
2025-11-23 16:00:00,7840,4.266347851206825,1.8284347933743534,10.8,15.0,124.0,269.3478260869565
2025-11-23 17:00:00,7841,4.573032267552353,1.959870971808151,10.8,15.0,139.0,269.3478260869565
2025-11-23 18:00:00,7842,4.803420622567565,2.058608838243242,10.8,15.0,133.0,269.3478260869565
2025-11-23 19:00:00,7843,4.79682658629199,2.055782822696567,10.8,15.0,127.0,269.3478260869565
2025-11-23 20:00:00,7844,4.865730480765128,2.0853130631850547,10.8,15.0,112.0,269.3478260869565
2025-11-23 21:00:00,7845,4.5387125687764325,1.9451625294756136,10.9,15.0,96.0,269.3478260869565
2025-11-23 22:00:00,7846,5.197654855365324,2.2275663665851386,10.9,15.0,87.0,269.3478260869565
2025-11-23 23:00:00,7847,4.74013035482119,2.03148443778051,10.9,15.0,87.0,269.3478260869565
2025-11-24 00:00:00,7848,5.067298706933374,2.1716994458285885,10.9,15.0,86.0,269.3478260869565
2025-11-24 01:00:00,7849,4.639059083741191,1.9881681787462244,10.9,15.0,89.0,269.3478260869565
2025-11-24 02:00:00,7850,4.159524302033912,1.782653272300248,10.9,14.98142907116694,92.0,269.3478260869565
2025-11-24 03:00:00,7851,3.746864571350775,1.6057991020074749,10.9,14.41801119705073,92.0,269.3478260869565
2025-11-24 04:00:00,7852,3.5675221887309823,1.5289380808847068,10.9,15.0,109.0,269.3478260869565
2025-11-24 05:00:00,7853,3.4584730447136947,1.4822027334487264,10.9,15.0,113.0,269.3478260869565
2025-11-24 06:00:00,7854,3.836427548838042,1.644183235216304,10.9,15.0,146.0,269.3478260869565
2025-11-24 07:00:00,7855,3.3054491976431124,1.416621084704191,10.9,15.0,172.0,269.3478260869565
2025-11-24 08:00:00,7856,3.5799696821679596,1.5342727209291256,10.8,15.0,170.0,269.3478260869565
2025-11-24 09:00:00,7857,3.9842528872016,1.7075369516578285,10.8,15.0,184.0,269.3478260869565
2025-11-24 10:00:00,7858,4.458273889783013,1.9106888099070052,10.8,15.0,189.0,269.3478260869565
2025-11-24 11:00:00,7859,4.7249197524511395,2.024965608193345,10.8,15.0,186.0,269.3478260869565
2025-11-24 12:00:00,7860,4.489508734744886,1.9240751720335223,10.8,15.0,183.0,269.3478260869565
2025-11-24 13:00:00,7861,4.435448881953122,1.900906663694195,10.8,15.0,183.0,269.3478260869565
2025-11-24 14:00:00,7862,4.649056266614677,1.9924526856920044,10.7,15.0,176.0,269.3478260869565
2025-11-24 15:00:00,7863,4.993797560018347,2.1401989542935773,10.7,15.0,175.0,269.3478260869565
2025-11-24 16:00:00,7864,5.0185804527028886,2.1508201940155236,10.7,15.0,176.0,269.3478260869565
2025-11-24 17:00:00,7865,4.746828295707022,2.034354983874438,10.6,15.0,183.0,269.3478260869565
2025-11-24 18:00:00,7866,4.980972279819431,2.134702405636899,10.6,15.0,181.0,269.3478260869565
2025-11-24 19:00:00,7867,4.768116602828763,2.04347854406947,10.6,15.0,173.0,269.3478260869565
2025-11-24 20:00:00,7868,4.673344400523623,2.0028618859386955,10.6,15.0,169.0,269.3478260869565
2025-11-24 21:00:00,7869,4.966010974192588,2.128290417511109,10.6,15.0,163.0,269.3478260869565
2025-11-24 22:00:00,7870,5.2185013861241885,2.2365005940532234,10.6,15.0,159.0,269.3478260869565
2025-11-24 23:00:00,7871,5.162814913856925,2.2126349630815394,10.6,15.0,151.0,269.3478260869565
2025-11-25 00:00:00,7872,5.674790496929257,2.4320530701125382,10.6,15.0,176.0,269.3478260869565
2025-11-25 01:00:00,7873,5.095559527129606,2.183811225912688,10.6,15.0,180.0,269.3478260869565
2025-11-25 02:00:00,7874,5.03887056924636,2.15951595824844,10.5,15.0,186.0,269.3478260869565
2025-11-25 03:00:00,7875,4.629110955317868,1.983904695136229,10.4,15.0,185.0,269.3478260869565
2025-11-25 04:00:00,7876,4.5049698098824384,1.9307013470924737,10.4,15.0,186.0,269.3478260869565
2025-11-25 05:00:00,7877,4.462644612728349,1.912561976883578,10.4,15.0,190.0,269.3478260869565
2025-11-25 06:00:00,7878,4.684608383643835,2.007689307275929,10.4,15.0,225.0,269.3478260869565
2025-11-25 07:00:00,7879,4.465828334417095,1.9139264290358977,10.4,15.0,272.0,269.3478260869565
2025-11-25 08:00:00,7880,3.666746112586293,1.5714626196798396,10.4,15.0,294.0,269.3478260869565
2025-11-25 09:00:00,7881,3.5176553474395513,1.5075665774740934,10.4,14.603957798638264,300.0,269.3478260869565
2025-11-25 10:00:00,7882,3.769825320764959,1.6156394231849824,10.4,10.072615313928562,294.0,269.3478260869565
2025-11-25 11:00:00,7883,3.4889612061005653,1.4952690883288136,10.4,6.888633294179738,289.0,269.3478260869565
2025-11-25 12:00:00,7884,3.470972831484384,1.487559784921879,10.4,4.407519101084411,291.0,269.3478260869565
2025-11-25 13:00:00,7885,3.4549264049543886,1.4806827449804523,10.4,3.050663875768512,296.0,269.3478260869565
2025-11-25 14:00:00,7886,3.7173175760485186,1.5931361040207934,10.4,2.0580203438621094,305.0,269.3478260869565
2025-11-25 15:00:00,7887,3.60307624730467,1.5441755345591444,10.4,1.7153675195161475,315.0,269.3478260869565
2025-11-25 16:00:00,7888,3.738349547010711,1.602149805861733,10.3,1.4183680748377232,318.0,269.3478260869565
2025-11-25 17:00:00,7889,3.6692785469544624,1.5725479486947693,10.3,1.043187499265342,314.0,269.3478260869565
2025-11-25 18:00:00,7890,3.840192237173712,1.6457966730744478,10.3,0.39081308989749747,298.0,269.3478260869565
2025-11-25 19:00:00,7891,4.708838296206212,2.018073555516948,10.3,0.012274094219373043,280.0,269.3478260869565
2025-11-25 20:00:00,7892,4.838603267839673,2.0736871147884313,10.3,0.0,257.0,269.3478260869565
2025-11-25 21:00:00,7893,4.467962760111771,1.9148411829050445,10.2,0.0,230.0,269.3478260869565
2025-11-25 22:00:00,7894,4.500586300310141,1.9288227001329175,10.2,0.01327444691295042,210.0,269.3478260869565
2025-11-25 23:00:00,7895,4.452181975472383,1.9080779894881643,10.2,0.3327822571333254,208.0,269.3478260869565
2025-11-26 00:00:00,7896,4.856683119136061,2.0814356224868837,10.2,1.2171102888681997,200.0,269.3478260869565
2025-11-26 01:00:00,7897,4.8254513268386985,2.0680505686451562,10.2,2.938628088116213,178.0,269.3478260869565
2025-11-26 02:00:00,7898,4.747771386117781,2.0347591654790484,10.2,5.4077386278242585,167.0,269.3478260869565
2025-11-26 03:00:00,7899,4.414004931010755,1.8917163990046093,10.3,7.315520745137977,156.0,269.3478260869565
2025-11-26 04:00:00,7900,4.4833601108050365,1.9214400474878728,10.3,8.463556364493208,146.0,269.3478260869565
2025-11-26 05:00:00,7901,4.587422048287994,1.9660380206948544,10.4,11.551229215988062,160.0,269.3478260869565
2025-11-26 06:00:00,7902,4.4984582682469645,1.927910686391556,10.4,15.0,182.0,269.3478260869565
2025-11-26 07:00:00,7903,4.243038922719246,1.8184452525939625,10.4,15.0,219.0,269.3478260869565
2025-11-26 08:00:00,7904,4.671753350992099,2.0021800075680423,10.4,15.0,225.0,269.3478260869565
2025-11-26 09:00:00,7905,5.212107813102744,2.2337604913297473,10.4,15.0,212.0,269.3478260869565
2025-11-26 10:00:00,7906,5.003179963588367,2.144219984395014,10.4,15.0,195.0,269.3478260869565
2025-11-26 11:00:00,7907,4.571827733736109,1.959354743029761,10.4,15.0,198.0,269.3478260869565
2025-11-26 12:00:00,7908,4.7192677058330865,2.022543302499894,10.4,15.0,191.0,269.3478260869565
2025-11-26 13:00:00,7909,4.928783009666363,2.1123355755712985,10.4,15.0,191.0,269.3478260869565
2025-11-26 14:00:00,7910,4.852434179272975,2.079614648259846,10.4,15.0,197.0,269.3478260869565
2025-11-26 15:00:00,7911,4.949050895439914,2.1210218123313913,10.4,15.0,198.0,269.3478260869565
2025-11-26 16:00:00,7912,4.808090116204138,2.0606100498017734,10.4,12.657962432973365,212.0,269.3478260869565
2025-11-26 17:00:00,7913,4.833744221102566,2.071604666186814,10.4,8.769258745773165,211.0,269.3478260869565
2025-11-26 18:00:00,7914,5.085432041672077,2.179470875002319,10.4,8.211907823551325,199.0,269.3478260869565
2025-11-26 19:00:00,7915,5.037262848949516,2.158826935264078,10.4,11.605176141834306,180.0,269.3478260869565
2025-11-26 20:00:00,7916,5.366729840471685,2.300027074487865,10.4,13.630924333178262,167.0,269.3478260869565
2025-11-26 21:00:00,7917,5.398581407775351,2.3136777461894362,10.4,14.160104990123694,157.0,269.3478260869565
2025-11-26 22:00:00,7918,5.321035082147244,2.280443606634533,10.4,15.0,159.0,269.3478260869565
2025-11-26 23:00:00,7919,5.176478247124052,2.2184906773388797,10.4,15.0,132.0,269.3478260869565
2025-11-27 00:00:00,7920,5.612356922242428,2.4052958238181836,10.4,15.0,99.0,269.3478260869565
2025-11-27 01:00:00,7921,5.255112895288985,2.2521912408381364,10.4,15.0,101.0,269.3478260869565
2025-11-27 02:00:00,7922,5.499571580800301,2.356959248914414,10.4,15.0,105.0,269.3478260869565
2025-11-27 03:00:00,7923,5.472148310562911,2.345206418812676,10.4,15.0,105.0,269.3478260869565
2025-11-27 04:00:00,7924,6.178780699113316,2.648048871048564,10.4,15.0,106.0,269.3478260869565
2025-11-27 05:00:00,7925,6.122420882987976,2.6238946641377043,10.4,15.0,100.0,269.3478260869565
2025-11-27 06:00:00,7926,6.043766632973316,2.5901856998457067,10.4,15.0,93.0,269.3478260869565
2025-11-27 07:00:00,7927,5.774564323355719,2.474813281438165,10.4,15.0,86.0,269.3478260869565
2025-11-27 08:00:00,7928,6.161936529421531,2.6408299411806557,10.4,15.0,89.0,269.3478260869565
2025-11-27 09:00:00,7929,6.130052628207061,2.62716541208874,10.4,15.0,90.0,269.3478260869565
2025-11-27 10:00:00,7930,5.938928487748576,2.5452550661779614,10.4,15.0,91.0,269.3478260869565
2025-11-27 11:00:00,7931,4.812652391082313,2.062565310463848,10.5,15.0,98.0,269.3478260869565
2025-11-27 12:00:00,7932,5.4835380429944625,2.3500877327119123,10.5,15.0,98.0,269.3478260869565
2025-11-27 13:00:00,7933,5.384299486271177,2.307556922687647,10.5,15.0,98.0,269.3478260869565
2025-11-27 14:00:00,7934,5.913501519698574,2.534357794156532,10.5,15.0,98.0,269.3478260869565
2025-11-27 15:00:00,7935,5.182674698562735,2.221146299384029,10.5,15.0,100.0,269.3478260869565
2025-11-27 16:00:00,7936,4.8267194141496965,2.068594034635584,10.5,15.0,113.0,269.3478260869565
2025-11-27 17:00:00,7937,6.0527232404954585,2.5940242459266245,10.5,15.0,123.0,269.3478260869565
2025-11-27 18:00:00,7938,5.697114892635983,2.441620668272564,10.5,15.0,114.0,269.3478260869565
2025-11-27 19:00:00,7939,4.699842607107199,2.014218260188799,10.5,15.0,97.0,269.3478260869565
2025-11-27 20:00:00,7940,5.805853879444987,2.4882230911907084,10.5,15.0,96.0,269.3478260869565
2025-11-27 21:00:00,7941,5.760423902435198,2.468753101043656,10.5,15.0,89.0,269.3478260869565
2025-11-27 22:00:00,7942,6.1165321531136385,2.621370922762988,10.6,15.0,83.0,269.3478260869565
2025-11-27 23:00:00,7943,5.65861775526608,2.425121895114034,10.6,15.0,84.0,269.3478260869565
2025-11-28 00:00:00,7944,6.2594609696782495,2.6826261298621072,10.6,15.0,91.0,269.3478260869565
2025-11-28 01:00:00,7945,6.002928225635846,2.572683525272505,10.6,15.0,91.0,269.3478260869565
2025-11-28 02:00:00,7946,5.599903170424522,2.399958501610509,10.6,15.0,92.0,269.3478260869565
2025-11-28 03:00:00,7947,5.153274738829889,2.2085463166413812,10.6,15.0,91.0,269.3478260869565
2025-11-28 04:00:00,7948,4.2363432448875304,1.8155756763803699,10.6,15.0,94.0,269.3478260869565
2025-11-28 05:00:00,7949,5.712888462382979,2.448380769592705,10.6,15.0,100.0,269.3478260869565
2025-11-28 06:00:00,7950,5.625888175351738,2.411094932293602,10.6,15.0,93.0,269.3478260869565
2025-11-28 07:00:00,7951,5.485892886829268,2.351096951498257,10.6,15.0,101.0,269.3478260869565
2025-11-28 08:00:00,7952,5.751213393850989,2.4648057402218524,10.6,15.0,114.0,269.3478260869565
2025-11-28 09:00:00,7953,5.758228617702287,2.4678122647295515,10.6,15.0,104.0,269.3478260869565
2025-11-28 10:00:00,7954,5.7730022286685045,2.4741438122865023,10.6,15.0,95.0,269.3478260869565
2025-11-28 11:00:00,7955,5.779341212534951,2.476860519657836,10.6,15.0,93.0,269.3478260869565
2025-11-28 12:00:00,7956,5.7745193878368895,2.4747940233586667,10.6,15.0,91.0,269.3478260869565
2025-11-28 13:00:00,7957,5.838646434609551,2.5022770434040926,10.6,15.0,93.0,269.3478260869565
2025-11-28 14:00:00,7958,5.379190934388124,2.305367543309196,10.6,15.0,95.0,269.3478260869565
2025-11-28 15:00:00,7959,5.40244727770776,2.31533454758904,10.7,15.0,108.0,269.3478260869565
2025-11-28 16:00:00,7960,5.506213790603571,2.359805910258673,10.7,15.0,148.0,269.3478260869565
2025-11-28 17:00:00,7961,5.565871167110627,2.3853733573331257,10.7,15.0,148.0,269.3478260869565
2025-11-28 18:00:00,7962,5.391651598263966,2.310707827827414,10.7,15.0,139.0,269.3478260869565
2025-11-28 19:00:00,7963,5.013311672848582,2.1485621455065353,10.7,15.0,143.0,269.3478260869565
2025-11-28 20:00:00,7964,5.522426875899431,2.36675437538547,10.7,15.0,149.0,269.3478260869565
2025-11-28 21:00:00,7965,5.29186459720143,2.267941970229184,10.7,15.0,167.0,269.3478260869565
2025-11-28 22:00:00,7966,5.451826106539455,2.3364969028026237,10.7,12.573542062880176,185.0,269.3478260869565
2025-11-28 23:00:00,7967,5.68439434819835,2.4361690063707213,10.7,7.824980718841536,187.0,269.3478260869565
2025-11-29 00:00:00,7968,5.683716580962914,2.4358785346983916,10.7,4.191328139437201,229.0,269.3478260869565
2025-11-29 01:00:00,7969,4.937540828617905,2.1160889265505305,10.7,2.261948918131612,230.0,269.3478260869565
2025-11-29 02:00:00,7970,5.0794135371980484,2.1768915159420206,10.7,2.061586246053214,223.0,269.3478260869565
2025-11-29 03:00:00,7971,3.9610546549880263,1.6975948521377255,10.7,2.2381760601318157,222.0,269.3478260869565
2025-11-29 04:00:00,7972,3.4024138030224833,1.4581773441524926,10.8,2.811888270585107,215.0,269.3478260869565
2025-11-29 05:00:00,7973,4.715068883586024,2.020743807251153,10.8,3.5160851354527263,223.0,269.3478260869565
2025-11-29 06:00:00,7974,5.286926209713214,2.26582551844852,10.8,5.319795563460269,223.0,269.3478260869565
2025-11-29 07:00:00,7975,5.179621834938581,2.2198379292593917,10.8,5.689411124321338,219.0,269.3478260869565
2025-11-29 08:00:00,7976,5.355000170796611,2.2950000731985476,10.8,4.398944267858626,211.0,269.3478260869565
2025-11-29 09:00:00,7977,5.409492473071754,2.318353917030752,10.8,5.224577206703822,184.0,269.3478260869565
2025-11-29 10:00:00,7978,5.85190260904842,2.5079582610207507,10.8,11.869300546295424,189.0,269.3478260869565
2025-11-29 11:00:00,7979,5.117635986010976,2.193272565433275,10.8,15.0,185.0,269.3478260869565
2025-11-29 12:00:00,7980,5.766809241743754,2.4714896750330375,10.8,15.0,167.0,269.3478260869565
2025-11-29 13:00:00,7981,5.176556662281048,2.2185242838347348,10.8,15.0,163.0,269.3478260869565
2025-11-29 14:00:00,7982,5.491541710907107,2.3535178761030457,10.8,15.0,163.0,269.3478260869565
2025-11-29 15:00:00,7983,5.580123249406148,2.391481392602634,10.8,15.0,174.0,269.3478260869565
2025-11-29 16:00:00,7984,5.704283536812339,2.444692944348145,10.8,15.0,183.0,269.3478260869565
2025-11-29 17:00:00,7985,5.527649614909819,2.3689926921042086,10.8,15.0,210.0,269.3478260869565
2025-11-29 18:00:00,7986,5.5118077417326825,2.3622033178854354,10.8,15.0,218.0,269.3478260869565
2025-11-29 19:00:00,7987,5.032253682064985,2.1566801494564216,10.8,15.0,217.0,269.3478260869565
2025-11-29 20:00:00,7988,5.551238554940742,2.3791022378317463,10.7,15.0,225.0,269.3478260869565
2025-11-29 21:00:00,7989,5.592820492643931,2.3969230682759703,10.7,15.0,231.0,269.3478260869565
2025-11-29 22:00:00,7990,5.5811104569584895,2.3919044815536386,10.7,15.0,228.0,269.3478260869565
2025-11-29 23:00:00,7991,5.3122267156683165,2.2766685924292784,10.6,15.0,230.0,269.3478260869565
2025-11-30 00:00:00,7992,5.36403897380727,2.298873845917402,10.6,15.0,231.0,269.3478260869565
2025-11-30 01:00:00,7993,5.423932154159171,2.3245423517825023,10.6,12.032300432834004,234.0,269.3478260869565
2025-11-30 02:00:00,7994,5.276103088757798,2.2611870380390564,10.6,9.301163650701001,219.0,269.3478260869565
2025-11-30 03:00:00,7995,5.438561649386891,2.330812135451525,10.6,9.340542574833048,209.0,269.3478260869565
2025-11-30 04:00:00,7996,5.44104148183015,2.33187492078435,10.6,8.526836589009283,202.0,269.3478260869565
2025-11-30 05:00:00,7997,5.372463491621241,2.3024843535519603,10.6,6.675422731773819,218.0,269.3478260869565
2025-11-30 06:00:00,7998,5.39254785304378,2.311091937018763,10.6,5.612522858980957,234.0,269.3478260869565
2025-11-30 07:00:00,7999,5.295700514881354,2.269585934949151,10.6,3.972244322260159,247.0,269.3478260869565
2025-11-30 08:00:00,8000,4.809265766917502,2.0611139001075007,10.6,3.176196226648004,255.0,269.3478260869565
2025-11-30 09:00:00,8001,4.585272894435731,1.96511695475817,10.5,2.625643934960863,248.0,269.3478260869565
2025-11-30 10:00:00,8002,4.8406742467195,2.0745746771655003,10.5,0.9642210480798767,224.0,269.3478260869565
2025-11-30 11:00:00,8003,4.869788613302237,2.087052262843816,10.5,0.7553178022516525,192.0,269.3478260869565
2025-11-30 12:00:00,8004,4.288260484217325,1.8378259218074249,10.5,1.7913552715096126,177.0,269.3478260869565
2025-11-30 13:00:00,8005,4.8254433892481075,2.0680471668206173,10.5,2.942910187844405,179.0,269.3478260869565
2025-11-30 14:00:00,8006,4.349148771677891,1.8639209021476673,10.5,3.433979352388003,151.0,269.3478260869565
2025-11-30 15:00:00,8007,4.801328802789939,2.0577123440528307,10.5,7.4439461940025415,136.0,269.3478260869565
2025-11-30 16:00:00,8008,4.865615534617477,2.0852638005503477,10.6,12.81893759231621,140.0,269.3478260869565
2025-11-30 17:00:00,8009,4.834938219193695,2.0721163796544406,10.6,15.0,137.0,269.3478260869565
2025-11-30 18:00:00,8010,4.928914818051734,2.1123920648793146,10.6,15.0,128.0,269.3478260869565
2025-11-30 19:00:00,8011,5.431504629224703,2.3277876982391583,10.6,15.0,122.0,269.3478260869565
2025-11-30 20:00:00,8012,5.775266197745668,2.475114084748143,10.6,15.0,116.0,269.3478260869565
2025-11-30 21:00:00,8013,4.977130651897657,2.133055993670424,10.6,15.0,137.0,269.3478260869565
2025-11-30 22:00:00,8014,4.724048744963653,2.024592319270137,10.6,15.0,139.0,269.3478260869565
2025-11-30 23:00:00,8015,5.402736211976608,2.315458376561403,10.6,15.0,127.0,269.3478260869565
2025-12-01 00:00:00,8016,5.484921110219426,2.3506804758083253,10.6,15.0,116.0,269.3478260869565
2025-12-01 01:00:00,8017,5.336970715474976,2.2872731637749895,10.6,15.0,124.0,269.3478260869565
2025-12-01 02:00:00,8018,4.960777577526084,2.126047533225465,10.6,15.0,130.0,269.3478260869565
2025-12-01 03:00:00,8019,4.657860363155541,1.9962258699238031,10.6,15.0,155.0,269.3478260869565
2025-12-01 04:00:00,8020,4.36865943764609,1.8722826161340385,10.6,15.0,173.0,269.3478260869565
2025-12-01 05:00:00,8021,4.575746789530443,1.9610343383701898,10.6,9.940320949493884,208.0,269.3478260869565
2025-12-01 06:00:00,8022,4.227086491591265,1.8116084963962564,10.6,5.459727478007846,244.0,269.3478260869565
2025-12-01 07:00:00,8023,4.151478220111186,1.7792049514762225,10.6,4.145866180010229,273.0,269.3478260869565
2025-12-01 08:00:00,8024,3.5652272241227934,1.5279545246240545,10.6,2.000871131430294,280.0,269.3478260869565
2025-12-01 09:00:00,8025,3.943554724908634,1.6900948821037,10.5,0.0,280.0,269.3478260869565
2025-12-01 10:00:00,8026,3.9397613177512163,1.6884691361790927,10.5,0.0,283.0,269.3478260869565
2025-12-01 11:00:00,8027,4.114774530683009,1.7634747988641468,10.4,0.0,286.0,269.3478260869565
2025-12-01 12:00:00,8028,4.77431231473644,2.0461338491727594,10.4,0.05426027538768825,286.0,269.3478260869565
2025-12-01 13:00:00,8029,4.849139366443895,2.0782025856188118,10.4,0.07716820437343791,249.0,269.3478260869565
2025-12-01 14:00:00,8030,4.7422270535877225,2.0323830229661666,10.5,0.5866673315658296,232.0,269.3478260869565
2025-12-01 15:00:00,8031,4.884848218200233,2.093506379228671,10.5,10.643400435801414,225.0,269.3478260869565
2025-12-01 16:00:00,8032,4.85929358231369,2.082554392420153,10.6,15.0,222.0,269.3478260869565
2025-12-01 17:00:00,8033,4.993954632460325,2.1402662710544242,10.6,15.0,232.0,269.3478260869565
2025-12-01 18:00:00,8034,4.97798866167232,2.13342371214528,10.6,15.0,210.0,269.3478260869565
2025-12-01 19:00:00,8035,4.908021261981826,2.1034376837064968,10.6,15.0,185.0,269.3478260869565
2025-12-01 20:00:00,8036,4.7027083191709504,2.0154464225018356,10.6,15.0,179.0,269.3478260869565
2025-12-01 21:00:00,8037,4.846108245521757,2.0769035337950386,10.6,15.0,180.0,269.3478260869565
2025-12-01 22:00:00,8038,4.740220358066274,2.0315230105998316,10.6,10.989777286912894,163.0,269.3478260869565
2025-12-01 23:00:00,8039,4.957452592586488,2.124622539679923,10.6,12.310792448316997,139.0,269.3478260869565
2025-12-02 00:00:00,8040,5.308995662364343,2.275283855299004,10.6,14.226050704054424,113.0,269.3478260869565
2025-12-02 01:00:00,8041,4.851163803431747,2.0790702014707483,10.6,14.102236602314585,112.0,269.3478260869565
2025-12-02 02:00:00,8042,4.6852202523205655,2.007951536708813,10.6,11.468575552779743,112.0,269.3478260869565
2025-12-02 03:00:00,8043,4.25674926781262,1.8243211147768372,10.6,11.45616196377634,115.0,269.3478260869565
2025-12-02 04:00:00,8044,3.7501598369397007,1.6072113586884431,10.6,11.888824345959891,117.0,269.3478260869565
2025-12-02 05:00:00,8045,3.9820160174835473,1.7065782932072344,10.6,10.585050921256254,117.0,269.3478260869565
2025-12-02 06:00:00,8046,3.925786208975869,1.6824798038468012,10.6,8.111872138806344,136.0,269.3478260869565
2025-12-02 07:00:00,8047,4.078877405448325,1.7480903166207107,10.6,7.110431282045493,156.0,269.3478260869565
2025-12-02 08:00:00,8048,4.383935106932542,1.878829331542518,10.6,6.925117776262273,153.0,269.3478260869565
2025-12-02 09:00:00,8049,4.092260633710102,1.7538259858757579,10.6,7.5445916565709945,164.0,269.3478260869565
2025-12-02 10:00:00,8050,3.750806442562545,1.6074884753839478,10.6,6.773950665810344,174.0,269.3478260869565
2025-12-02 11:00:00,8051,4.611525389521379,1.9763680240805908,10.6,7.627307623771962,185.0,269.3478260869565
2025-12-02 12:00:00,8052,3.82504372361806,1.6393044529791685,10.6,8.846096046276013,196.0,269.3478260869565
2025-12-02 13:00:00,8053,4.498266928384014,1.9278286835931486,10.6,10.530480267836284,204.0,269.3478260869565
2025-12-02 14:00:00,8054,4.48449052260062,1.9219245096859796,10.6,9.57606554441619,207.0,269.3478260869565
2025-12-02 15:00:00,8055,5.1372036590492165,2.2016587110210923,10.6,7.050378517818401,223.0,269.3478260869565
2025-12-02 16:00:00,8056,4.661606502261105,1.997831358111902,10.6,4.8746377874523725,239.0,269.3478260869565
2025-12-02 17:00:00,8057,4.583283675767547,1.9642644324718055,10.6,3.9522650978322336,249.0,269.3478260869565
2025-12-02 18:00:00,8058,4.304178767849757,1.8446480433641814,10.6,3.1668493648818647,243.0,269.3478260869565
2025-12-02 19:00:00,8059,4.377301158538918,1.875986210802393,10.6,2.518570707561466,233.0,269.3478260869565
2025-12-02 20:00:00,8060,4.239368925866163,1.8168723967997842,10.6,2.261948918131612,213.0,269.3478260869565
2025-12-02 21:00:00,8061,4.774287979112593,2.0461234196196827,10.6,2.031895948716819,194.0,269.3478260869565
2025-12-02 22:00:00,8062,4.542674860559263,1.946860654525398,10.6,2.5500129934091422,180.0,269.3478260869565
2025-12-02 23:00:00,8063,4.476996791237188,1.9187129105302236,10.6,2.8782985560490193,183.0,269.3478260869565
2025-12-03 00:00:00,8064,3.3414893741773444,1.4320668746474332,10.6,3.7649907475079365,186.0,269.3478260869565
2025-12-03 01:00:00,8065,3.811297968660668,1.633413415140286,10.6,6.244049590318514,196.0,269.3478260869565
2025-12-03 02:00:00,8066,3.6402787447180494,1.5601194620220211,10.6,8.000300713434976,189.0,269.3478260869565
2025-12-03 03:00:00,8067,3.6786953806303453,1.576583734555862,10.7,8.754434242482183,193.0,269.3478260869565
2025-12-03 04:00:00,8068,3.5502186084283656,1.5215222607550138,10.8,11.164241577058146,204.0,269.3478260869565
2025-12-03 05:00:00,8069,3.5150030763928846,1.5064298898826647,10.8,13.019149372441555,211.0,269.3478260869565
2025-12-03 06:00:00,8070,3.330944761554631,1.4275477549519846,10.9,11.385170305535603,208.0,269.3478260869565
2025-12-03 07:00:00,8071,3.607512004194298,1.5460765732261275,10.9,9.173440702033346,224.0,269.3478260869565
2025-12-03 08:00:00,8072,4.031664361592533,1.727856154968228,10.9,7.376504502559983,238.0,269.3478260869565
2025-12-03 09:00:00,8073,4.1184928567799455,1.765068367191405,10.9,6.761942376579153,235.0,269.3478260869565
2025-12-03 10:00:00,8074,4.178927710787103,1.7909690189087584,10.9,6.23502603329394,233.0,269.3478260869565
2025-12-03 11:00:00,8075,4.2809835311445354,1.834707227633372,10.9,5.288125365467825,236.0,269.3478260869565
2025-12-03 12:00:00,8076,4.102191037882726,1.758081873378311,10.9,5.495642171170538,226.0,269.3478260869565
2025-12-03 13:00:00,8077,4.831560399532121,2.0706687426566233,10.9,6.55416627259065,219.0,269.3478260869565
2025-12-03 14:00:00,8078,5.083536868623127,2.17865865798134,10.9,8.005330704772378,208.0,269.3478260869565
2025-12-03 15:00:00,8079,4.5423834729361054,1.9467357741154738,10.9,9.074019036332654,205.0,269.3478260869565
2025-12-03 16:00:00,8080,4.498669020001382,1.9280010085720207,10.9,8.106794731752645,201.0,269.3478260869565
2025-12-03 17:00:00,8081,4.740373278349237,2.0315885478639584,10.9,8.84574852248309,191.0,269.3478260869565
2025-12-03 18:00:00,8082,5.378143078009911,2.3049184620042475,10.9,11.170674619394113,169.0,269.3478260869565
2025-12-03 19:00:00,8083,5.542195487513606,2.3752266375058313,10.9,13.898310849819666,167.0,269.3478260869565
2025-12-03 20:00:00,8084,5.385726740640481,2.3081686031316346,10.9,15.0,199.0,269.3478260869565
2025-12-03 21:00:00,8085,5.049082943670653,2.163892690144565,10.9,15.0,197.0,269.3478260869565
2025-12-03 22:00:00,8086,5.241745528384201,2.2464623693075145,10.9,15.0,197.0,269.3478260869565
2025-12-03 23:00:00,8087,4.892936967061159,2.096972985883354,10.9,15.0,183.0,269.3478260869565
2025-12-04 00:00:00,8088,5.225837326231526,2.2396445683849397,10.9,15.0,208.0,269.3478260869565
2025-12-04 01:00:00,8089,5.437057836175253,2.3301676440751087,10.9,15.0,205.0,269.3478260869565
2025-12-04 02:00:00,8090,4.920352767672256,2.108722614716681,10.9,15.0,203.0,269.3478260869565
2025-12-04 03:00:00,8091,4.728305126002404,2.026416482572459,10.9,10.495546079759169,194.0,269.3478260869565
2025-12-04 04:00:00,8092,4.2876296339455315,1.8375555574052278,10.9,4.984191241904803,196.0,269.3478260869565
2025-12-04 05:00:00,8093,5.005887815781427,2.145380492477754,10.9,15.0,198.0,269.3478260869565
2025-12-04 06:00:00,8094,4.721508056539839,2.023503452802788,10.9,15.0,212.0,269.3478260869565
2025-12-04 07:00:00,8095,4.775320488500475,2.046565923643061,10.9,15.0,244.0,269.3478260869565
2025-12-04 08:00:00,8096,3.961507482943005,1.6977889212612878,10.9,12.832726467156473,253.0,269.3478260869565
2025-12-04 09:00:00,8097,4.270904258647051,1.8303875394201645,10.9,10.798407152894207,253.0,269.3478260869565
2025-12-04 10:00:00,8098,4.272244659392199,1.830961996882371,10.9,7.157695665618275,249.0,269.3478260869565
2025-12-04 11:00:00,8099,4.053272678957992,1.737116862410568,10.9,7.3851094144427725,245.0,269.3478260869565
2025-12-04 12:00:00,8100,4.313985326623932,1.8488508542673991,10.9,6.043943945465185,230.0,269.3478260869565
2025-12-04 13:00:00,8101,4.83726620466948,2.073114087715491,10.9,5.004405630548514,236.0,269.3478260869565
2025-12-04 14:00:00,8102,4.663752480374055,1.998751063017452,10.9,4.6503315282667135,228.0,269.3478260869565
2025-12-04 15:00:00,8103,4.8998626382670345,2.0999411306858717,10.9,4.384252072063885,236.0,269.3478260869565
2025-12-04 16:00:00,8104,4.63904594237776,1.9881625467333255,10.9,4.1114808303827415,235.0,269.3478260869565
2025-12-04 17:00:00,8105,4.6604433007355235,1.997332843172367,10.9,3.4641774967618497,238.0,269.3478260869565
2025-12-04 18:00:00,8106,4.847930049119579,2.077684306765534,10.9,2.7284351459125853,237.0,269.3478260869565
2025-12-04 19:00:00,8107,5.028264134309142,2.1549703432753464,10.9,3.1929336625987528,224.0,269.3478260869565
2025-12-04 20:00:00,8108,4.576047058833384,1.9611630252143073,10.9,3.5416687808684486,211.0,269.3478260869565
2025-12-04 21:00:00,8109,4.395683321971434,1.8838642808449007,10.9,4.0716209370779675,199.0,269.3478260869565
2025-12-04 22:00:00,8110,4.548689497752385,1.9494383561795932,10.9,6.616959709973154,186.0,269.3478260869565
2025-12-04 23:00:00,8111,4.83225691720528,2.0709672502308343,10.9,7.390128508884832,194.0,269.3478260869565
2025-12-05 00:00:00,8112,4.928527426109131,2.112226039761056,10.9,6.5676114537110495,183.0,269.3478260869565
2025-12-05 01:00:00,8113,5.159284355242898,2.2111218665326704,10.9,5.651553260844934,179.0,269.3478260869565
2025-12-05 02:00:00,8114,4.634277273635508,1.9861188315580747,10.9,4.716948383077107,153.0,269.3478260869565
2025-12-05 03:00:00,8115,4.633403362815841,1.9857442983496458,10.9,3.6220952851271244,136.0,269.3478260869565
2025-12-05 04:00:00,8116,4.13139525556274,1.770597966669746,10.9,3.492372282967262,125.0,269.3478260869565
2025-12-05 05:00:00,8117,4.006773860905004,1.717188797530716,10.9,4.0058492119228,112.0,269.3478260869565
2025-12-05 06:00:00,8118,3.811586516371391,1.633537078444882,10.9,6.970745450479486,95.0,269.3478260869565
2025-12-05 07:00:00,8119,4.103346949740617,1.7585772641745503,10.9,13.897885755732862,96.0,269.3478260869565
2025-12-05 08:00:00,8120,4.270720106291358,1.8303086169820102,10.9,15.0,94.0,269.3478260869565
2025-12-05 09:00:00,8121,4.529145322052246,1.9410622808795337,10.9,15.0,97.0,269.3478260869565
2025-12-05 10:00:00,8122,4.707409651301873,2.017461279129374,10.9,15.0,117.0,269.3478260869565
2025-12-05 11:00:00,8123,4.849169157568792,2.078215353243768,10.9,15.0,135.0,269.3478260869565
2025-12-05 12:00:00,8124,4.777063750631509,2.0473130359849327,10.9,15.0,132.0,269.3478260869565
2025-12-05 13:00:00,8125,4.736030540768493,2.0297273746150686,10.9,15.0,125.0,269.3478260869565
2025-12-05 14:00:00,8126,4.76165223425817,2.0407081003963583,10.9,15.0,125.0,269.3478260869565
2025-12-05 15:00:00,8127,4.973728955628922,2.1315981238409663,10.9,15.0,132.0,269.3478260869565
2025-12-05 16:00:00,8128,5.026575868909093,2.15424680096104,10.9,15.0,133.0,269.3478260869565
2025-12-05 17:00:00,8129,5.049955432126987,2.1642666137687088,10.8,15.0,133.0,269.3478260869565
2025-12-05 18:00:00,8130,4.696778084310857,2.012904893276082,10.8,15.0,125.0,269.3478260869565
2025-12-05 19:00:00,8131,4.9496410267389255,2.1212747257452538,10.8,15.0,121.0,269.3478260869565
2025-12-05 20:00:00,8132,4.562719801939366,1.9554513436882996,10.8,15.0,125.0,269.3478260869565
2025-12-05 21:00:00,8133,4.6948289654403155,2.0120695566172775,10.8,15.0,120.0,269.3478260869565
2025-12-05 22:00:00,8134,4.761317994519864,2.040564854794227,10.8,15.0,108.0,269.3478260869565
2025-12-05 23:00:00,8135,4.589765333956061,1.9670422859811691,10.8,15.0,93.0,269.3478260869565
2025-12-06 00:00:00,8136,4.45193426577692,1.9079718281901088,10.8,15.0,114.0,269.3478260869565
2025-12-06 01:00:00,8137,4.502048252760407,1.9294492511830312,10.8,15.0,91.0,269.3478260869565
2025-12-06 02:00:00,8138,4.264892857684445,1.8278112247219047,10.8,10.193183782800201,86.0,269.3478260869565
2025-12-06 03:00:00,8139,4.67009382657692,2.00146878281868,10.8,6.527413759958072,88.0,269.3478260869565
2025-12-06 04:00:00,8140,4.549773940215675,1.9499031172352892,10.8,6.576436989104552,85.0,269.3478260869565
2025-12-06 05:00:00,8141,4.54328544187851,1.9471223322336466,10.8,9.995208778612561,82.0,269.3478260869565
2025-12-06 06:00:00,8142,4.074747872593181,1.746320516825649,10.8,8.502541971297129,81.0,269.3478260869565
2025-12-06 07:00:00,8143,4.008240040637406,1.7178171602731742,10.8,8.471965687281966,91.0,269.3478260869565
2025-12-06 08:00:00,8144,4.346519774538861,1.8627941890880833,10.8,11.175978818400722,110.0,269.3478260869565
2025-12-06 09:00:00,8145,3.9429166858251783,1.6898214367822193,10.8,11.836617502039461,112.0,269.3478260869565
2025-12-06 10:00:00,8146,4.16250967677395,1.7839327186174068,10.8,14.484120843553578,98.0,269.3478260869565
2025-12-06 11:00:00,8147,4.573612593912722,1.9601196831054524,10.8,15.0,93.0,269.3478260869565
2025-12-06 12:00:00,8148,4.277704368019005,1.8333018720081449,10.8,15.0,92.0,269.3478260869565
2025-12-06 13:00:00,8149,5.167884096870264,2.214807470087256,10.8,15.0,80.0,269.3478260869565
2025-12-06 14:00:00,8150,4.6699304524939205,2.0013987653545375,10.8,15.0,89.0,269.3478260869565
2025-12-06 15:00:00,8151,5.028789825667358,2.155195639571725,10.8,15.0,109.0,269.3478260869565
2025-12-06 16:00:00,8152,4.828066419167916,2.069171322500535,10.8,15.0,129.0,269.3478260869565
2025-12-06 17:00:00,8153,5.525031326272891,2.367870568402667,10.8,15.0,141.0,269.3478260869565
2025-12-06 18:00:00,8154,5.279739919509539,2.262745679789802,10.8,15.0,158.0,269.3478260869565
2025-12-06 19:00:00,8155,5.514802554155073,2.363486808923603,10.8,15.0,154.0,269.3478260869565
2025-12-06 20:00:00,8156,5.846893658236668,2.5058115678157145,10.8,15.0,174.0,269.3478260869565
2025-12-06 21:00:00,8157,5.892798807531449,2.5254852032277637,10.8,15.0,169.0,269.3478260869565
2025-12-06 22:00:00,8158,5.797068224316506,2.4844578104213597,10.8,11.546152612977084,173.0,269.3478260869565
2025-12-06 23:00:00,8159,5.771631168118885,2.4735562149080934,10.7,8.139310671759311,183.0,269.3478260869565
2025-12-07 00:00:00,8160,5.5477891844655876,2.3776239361995373,10.7,5.43749825131463,186.0,269.3478260869565
2025-12-07 01:00:00,8161,5.0947297363835755,2.1834556013072466,10.7,3.7853639615145944,164.0,269.3478260869565
2025-12-07 02:00:00,8162,4.430450908899771,1.8987646752427587,10.7,3.5040519732573947,182.0,269.3478260869565
2025-12-07 03:00:00,8163,4.312216984291048,1.8480929932675916,10.7,2.9422520223250146,188.0,269.3478260869565
2025-12-07 04:00:00,8164,4.199097373084242,1.7996131598932463,10.7,3.043215040332462,200.0,269.3478260869565
2025-12-07 05:00:00,8165,4.230220853556147,1.8129517943812055,10.7,5.236274950697687,215.0,269.3478260869565
2025-12-07 06:00:00,8166,3.8497733767335123,1.6499028757429337,10.7,11.037313329698684,225.0,269.3478260869565
2025-12-07 07:00:00,8167,3.591383049893048,1.5391641642398777,10.7,15.0,202.0,269.3478260869565
2025-12-07 08:00:00,8168,3.7134978775614194,1.5914990903834656,10.7,15.0,219.0,269.3478260869565
2025-12-07 09:00:00,8169,4.244453196515254,1.8190513699351085,10.7,15.0,230.0,269.3478260869565
2025-12-07 10:00:00,8170,3.7183724740311277,1.5935882031561974,10.6,15.0,230.0,269.3478260869565
2025-12-07 11:00:00,8171,4.367155738885586,1.8716381738081078,10.6,15.0,232.0,269.3478260869565
2025-12-07 12:00:00,8172,3.9996921478551224,1.7141537776521953,10.6,8.96518848013403,206.0,269.3478260869565
2025-12-07 13:00:00,8173,4.664407606716196,1.9990318314497983,10.6,5.364598237858998,188.0,269.3478260869565
2025-12-07 14:00:00,8174,4.617185706495216,1.9787938742122355,10.6,15.0,184.0,269.3478260869565
2025-12-07 15:00:00,8175,4.725602000468557,2.0252580002008096,10.6,15.0,187.0,269.3478260869565
2025-12-07 16:00:00,8176,4.231227488662546,1.813383209426805,10.6,15.0,163.0,269.3478260869565
2025-12-07 17:00:00,8177,4.346960908853466,1.8629832466514853,10.6,15.0,165.0,269.3478260869565
2025-12-07 18:00:00,8178,4.4151292678175675,1.8921982576361,10.6,15.0,167.0,269.3478260869565
2025-12-07 19:00:00,8179,4.049398068081046,1.735456314891877,10.6,6.59396956921576,170.0,269.3478260869565
2025-12-07 20:00:00,8180,3.8797704684200633,1.662758772180027,10.6,6.713103168069711,154.0,269.3478260869565
2025-12-07 21:00:00,8181,3.787685645360737,1.6232938480117445,10.6,6.89402723015102,127.0,269.3478260869565
2025-12-07 22:00:00,8182,3.6658852169291407,1.5710936643982032,10.6,9.133386871475109,111.0,269.3478260869565
2025-12-07 23:00:00,8183,3.7877810439013073,1.6233347331005603,10.6,11.956766798696709,114.0,269.3478260869565
2025-12-08 00:00:00,8184,4.0310292280532245,1.7275839548799532,10.6,15.0,115.0,269.3478260869565
2025-12-08 01:00:00,8185,4.759447326660842,2.0397631399975036,10.6,15.0,116.0,269.3478260869565
2025-12-08 02:00:00,8186,3.7650369597500646,1.613587268464313,10.6,15.0,117.0,269.3478260869565
2025-12-08 03:00:00,8187,3.991833861846752,1.710785940791465,10.6,15.0,120.0,269.3478260869565
2025-12-08 04:00:00,8188,3.9520546992267276,1.693737728240026,10.6,15.0,114.0,269.3478260869565
2025-12-08 05:00:00,8189,3.8816860794157675,1.663579748321043,10.6,15.0,114.0,269.3478260869565
2025-12-08 06:00:00,8190,3.8657611936896052,1.656754797295545,10.6,15.0,108.0,269.3478260869565
2025-12-08 07:00:00,8191,3.8965313938239374,1.6699420259245448,10.6,15.0,143.0,269.3478260869565
2025-12-08 08:00:00,8192,4.258377330594411,1.8250188559690332,10.6,15.0,157.0,269.3478260869565
2025-12-08 09:00:00,8193,3.9005729902766353,1.6716741386899863,10.6,15.0,159.0,269.3478260869565
2025-12-08 10:00:00,8194,4.227311341396174,1.81170486059836,10.6,15.0,163.0,269.3478260869565
2025-12-08 11:00:00,8195,4.13883583097855,1.7737867847050928,10.6,15.0,175.0,269.3478260869565
2025-12-08 12:00:00,8196,3.981966042299243,1.7065568752711042,10.6,15.0,173.0,269.3478260869565
2025-12-08 13:00:00,8197,4.648251735883692,1.9921078868072963,10.6,15.0,179.0,269.3478260869565
2025-12-08 14:00:00,8198,4.28899136475729,1.838139156324553,10.6,15.0,184.0,269.3478260869565
2025-12-08 15:00:00,8199,4.387547351445391,1.8803774363337389,10.6,15.0,183.0,269.3478260869565
2025-12-08 16:00:00,8200,4.210346887473304,1.8044343803457015,10.6,15.0,186.0,269.3478260869565
2025-12-08 17:00:00,8201,4.304900180866294,1.8449572203712692,10.6,15.0,190.0,269.3478260869565
2025-12-08 18:00:00,8202,4.207891103899589,1.8033819016712525,10.6,12.783287649380384,198.0,269.3478260869565
2025-12-08 19:00:00,8203,4.007839715848368,1.7176455925064436,10.6,11.588928496530007,210.0,269.3478260869565
2025-12-08 20:00:00,8204,4.227048668237772,1.8115922863876162,10.6,10.380497999117464,189.0,269.3478260869565
2025-12-08 21:00:00,8205,4.001436414092896,1.714901320325527,10.6,15.0,151.0,269.3478260869565
2025-12-08 22:00:00,8206,3.9582999471887943,1.6964142630809118,10.6,15.0,126.0,269.3478260869565
2025-12-08 23:00:00,8207,3.9031834203004774,1.6727928944144903,10.6,15.0,123.0,269.3478260869565
2025-12-09 00:00:00,8208,4.373408373452915,1.8743178743369635,10.6,15.0,116.0,269.3478260869565
2025-12-09 01:00:00,8209,4.1773570174210315,1.7902958646090135,10.6,15.0,109.0,269.3478260869565
2025-12-09 02:00:00,8210,3.81537295472971,1.6351598377413041,10.6,15.0,105.0,269.3478260869565
2025-12-09 03:00:00,8211,3.3949681564037912,1.454986352744482,10.6,15.0,106.0,269.3478260869565
2025-12-09 04:00:00,8212,3.3598359897180714,1.4399297098791735,10.6,15.0,109.0,269.3478260869565
2025-12-09 05:00:00,8213,3.370524969947306,1.4445107014059884,10.6,15.0,109.0,269.3478260869565
2025-12-09 06:00:00,8214,3.4738230236162084,1.4887812958355178,10.6,15.0,102.0,269.3478260869565
2025-12-09 07:00:00,8215,3.7989333104994456,1.6281142759283338,10.6,15.0,106.0,269.3478260869565
2025-12-09 08:00:00,8216,3.798066586871644,1.6277428229449902,10.6,15.0,106.0,269.3478260869565
2025-12-09 09:00:00,8217,3.6654658807573863,1.5709139488960229,10.6,15.0,96.0,269.3478260869565
2025-12-09 10:00:00,8218,3.7475814501812144,1.6061063357919492,10.6,15.0,98.0,269.3478260869565
2025-12-09 11:00:00,8219,3.608337933417627,1.5464305428932685,10.6,0.0,100.0,269.3478260869565
2025-12-09 12:00:00,8220,3.7442747707410766,1.6046891874604614,10.6,0.0,101.0,269.3478260869565
2025-12-09 13:00:00,8221,4.025691636175975,1.7252964155039894,10.6,0.0,107.0,269.3478260869565
2025-12-09 14:00:00,8222,3.785548167996695,1.6223777862842976,10.6,0.0,111.0,269.3478260869565
2025-12-09 15:00:00,8223,4.034444733227558,1.7290477428118107,10.6,0.0,108.0,269.3478260869565
2025-12-09 16:00:00,8224,3.7186879936428516,1.5937234258469364,10.5,0.0,111.0,269.3478260869565
2025-12-09 17:00:00,8225,3.750528585766813,1.6073693939000628,10.5,15.0,109.0,269.3478260869565
2025-12-09 18:00:00,8226,4.052667873873641,1.73685766023156,10.5,15.0,106.0,269.3478260869565
2025-12-09 19:00:00,8227,3.7737073169874886,1.6173031358517809,10.5,15.0,112.0,269.3478260869565
2025-12-09 20:00:00,8228,3.47365318888247,1.4887085095210588,10.4,15.0,106.0,269.3478260869565
2025-12-09 21:00:00,8229,3.863973503832652,1.655988644499708,10.4,15.0,104.0,269.3478260869565
2025-12-09 22:00:00,8230,3.572951859862061,1.531265082798026,10.4,15.0,94.0,269.3478260869565
2025-12-09 23:00:00,8231,3.678571047494679,1.576530448926291,10.4,15.0,95.0,269.3478260869565
2025-12-10 00:00:00,8232,3.9870474680044437,1.7087346291447616,10.4,15.0,101.0,269.3478260869565
2025-12-10 01:00:00,8233,3.9032768021652555,1.672832915213681,10.5,15.0,102.0,269.3478260869565
2025-12-10 02:00:00,8234,4.117653387500965,1.764708594643271,10.5,15.0,103.0,269.3478260869565
2025-12-10 03:00:00,8235,4.590208522535384,1.967232223943736,10.6,15.0,109.0,269.3478260869565
2025-12-10 04:00:00,8236,4.07763228279228,1.7475566926252626,10.6,15.0,102.0,269.3478260869565
2025-12-10 05:00:00,8237,4.001394916045376,1.714883535448018,10.6,15.0,90.0,269.3478260869565
2025-12-10 06:00:00,8238,4.214090319068354,1.8060387081721514,10.7,15.0,88.0,269.3478260869565
2025-12-10 07:00:00,8239,3.9110430643848515,1.6761613133077935,10.7,15.0,105.0,269.3478260869565
2025-12-10 08:00:00,8240,3.9729274937684647,1.7026832116150563,10.8,15.0,109.0,269.3478260869565
2025-12-10 09:00:00,8241,3.7055853399927443,1.5881080028540333,10.8,15.0,96.0,269.3478260869565
2025-12-10 10:00:00,8242,3.601608727581202,1.5435465975348006,10.8,15.0,93.0,269.3478260869565
2025-12-10 11:00:00,8243,4.131576550307299,1.7706756644174138,10.8,15.0,95.0,269.3478260869565
2025-12-10 12:00:00,8244,4.02184049169446,1.7236459250119114,10.8,15.0,98.0,269.3478260869565
2025-12-10 13:00:00,8245,4.326969856016064,1.8544156525783133,10.8,15.0,98.0,269.3478260869565
2025-12-10 14:00:00,8246,4.17895363579545,1.7909801296266212,10.8,15.0,94.0,269.3478260869565
2025-12-10 15:00:00,8247,4.484060223805905,1.921740095916816,10.8,15.0,87.0,269.3478260869565
2025-12-10 16:00:00,8248,4.507335298570683,1.9317151279588642,10.7,15.0,101.0,269.3478260869565
2025-12-10 17:00:00,8249,4.57302915536299,1.9598696380127099,10.7,15.0,98.0,269.3478260869565
2025-12-10 18:00:00,8250,4.451829548455988,1.9079269493382807,10.7,15.0,111.0,269.3478260869565
2025-12-10 19:00:00,8251,4.733489437122799,2.0286383301954847,10.7,15.0,105.0,269.3478260869565
2025-12-10 20:00:00,8252,4.804828158886497,2.059212068094213,10.7,15.0,99.0,269.3478260869565
2025-12-10 21:00:00,8253,4.430465574020117,1.898770960294336,10.7,15.0,94.0,269.3478260869565
2025-12-10 22:00:00,8254,4.361674386546651,1.8692890228057077,10.7,15.0,86.0,269.3478260869565
2025-12-10 23:00:00,8255,4.939928211489043,2.117112090638161,10.7,15.0,86.0,269.3478260869565
2025-12-11 00:00:00,8256,4.868381194370199,2.0864490833015137,10.7,15.0,84.0,269.3478260869565
2025-12-11 01:00:00,8257,5.105398426462978,2.1880278970555618,10.7,15.0,85.0,269.3478260869565
2025-12-11 02:00:00,8258,4.071043948790197,1.7447331209100845,10.7,15.0,84.0,269.3478260869565
2025-12-11 03:00:00,8259,4.76231927412463,2.040993974624841,10.7,15.0,85.0,269.3478260869565
2025-12-11 04:00:00,8260,5.300636803489008,2.2717014872095747,10.6,15.0,84.0,269.3478260869565
2025-12-11 05:00:00,8261,5.259352740656016,2.2540083174240073,10.6,15.0,85.0,269.3478260869565
2025-12-11 06:00:00,8262,4.8128952556483,2.0626693952778425,10.6,15.0,86.0,269.3478260869565
2025-12-11 07:00:00,8263,5.102945056488458,2.1869764527807676,10.6,15.0,93.0,269.3478260869565
2025-12-11 08:00:00,8264,5.329972331699048,2.2842738564424496,10.6,15.0,105.0,269.3478260869565
2025-12-11 09:00:00,8265,5.275521377052585,2.260937733022536,10.6,15.0,131.0,269.3478260869565
2025-12-11 10:00:00,8266,5.592427760571536,2.396754754530658,10.6,15.0,146.0,269.3478260869565
2025-12-11 11:00:00,8267,5.059300930778331,2.168271827476427,10.6,15.0,166.0,269.3478260869565
2025-12-11 12:00:00,8268,5.551317925695349,2.379136253869435,10.6,15.0,215.0,269.3478260869565
2025-12-11 13:00:00,8269,5.6955009485949315,2.4409289779692567,10.6,15.0,237.0,269.3478260869565
2025-12-11 14:00:00,8270,5.516916222499377,2.3643926667854474,10.6,15.0,249.0,269.3478260869565
2025-12-11 15:00:00,8271,5.027967843680935,2.154843361577544,10.6,15.0,270.0,269.3478260869565
2025-12-11 16:00:00,8272,4.9045908534118166,2.1019675086050644,10.6,15.0,285.0,269.3478260869565
2025-12-11 17:00:00,8273,4.601234270214187,1.9719575443775086,10.6,15.0,287.0,269.3478260869565
2025-12-11 18:00:00,8274,4.668597820610168,2.000827637404358,10.6,13.375437411378954,280.0,269.3478260869565
2025-12-11 19:00:00,8275,4.6898045966218405,2.009916255695074,10.6,3.0328805784652824,267.0,269.3478260869565
2025-12-11 20:00:00,8276,5.072584088271236,2.1739646092591007,10.6,1.7907951164313862,247.0,269.3478260869565
2025-12-11 21:00:00,8277,5.338618823080349,2.287979495605864,10.6,0.9865313043356749,233.0,269.3478260869565
2025-12-11 22:00:00,8278,4.970797830821128,2.1303419274947686,10.6,5.199794750966655,219.0,269.3478260869565
2025-12-11 23:00:00,8279,4.7391133012654745,2.031048557685203,10.6,6.505290981153714,208.0,269.3478260869565
2025-12-12 00:00:00,8280,4.374680989435252,1.8748632811865364,10.6,2.968233450206273,183.0,269.3478260869565
2025-12-12 01:00:00,8281,4.846973194602278,2.0772742262581185,10.6,0.5120955964599783,187.0,269.3478260869565
2025-12-12 02:00:00,8282,4.693426475288325,2.011468489409282,10.6,0.0,190.0,269.3478260869565
2025-12-12 03:00:00,8283,4.174358595515123,1.7890108266493385,10.5,0.0,193.0,269.3478260869565
2025-12-12 04:00:00,8284,3.8549365073043598,1.6521156459875828,10.5,0.04944327835292987,198.0,269.3478260869565
2025-12-12 05:00:00,8285,4.100575936177677,1.7573896869332901,10.5,0.7408203023567762,200.0,269.3478260869565
2025-12-12 06:00:00,8286,4.2038603174066775,1.8016544217457187,10.5,1.742742029115695,194.0,269.3478260869565
2025-12-12 07:00:00,8287,4.023950104262911,1.7245500446841049,10.5,2.5876004538232134,195.0,269.3478260869565
2025-12-12 08:00:00,8288,5.126698256767893,2.1971563957576685,10.5,3.001963948731492,200.0,269.3478260869565
2025-12-12 09:00:00,8289,4.784418031693093,2.050464870725611,10.5,3.39227836015568,199.0,269.3478260869565
2025-12-12 10:00:00,8290,5.389534166559933,2.309800357097114,10.5,3.368492628454359,196.0,269.3478260869565
2025-12-12 11:00:00,8291,4.822337340639795,2.0667160031313405,10.5,4.249904839805416,195.0,269.3478260869565
2025-12-12 12:00:00,8292,5.171661734954015,2.216426457837435,10.5,4.924505236431717,190.0,269.3478260869565
2025-12-12 13:00:00,8293,5.040855409273888,2.1603666039745235,10.5,5.7407998158234115,194.0,269.3478260869565
2025-12-12 14:00:00,8294,5.387870859120664,2.309087511051713,10.5,7.059315803289978,215.0,269.3478260869565
2025-12-12 15:00:00,8295,5.241305796015547,2.2462739125780917,10.5,6.828980182527252,223.0,269.3478260869565
2025-12-12 16:00:00,8296,4.959026263479702,2.1252969700627293,10.5,6.770687505525865,221.0,269.3478260869565
2025-12-12 17:00:00,8297,4.990434428034243,2.138757612014676,10.5,6.693675291330424,213.0,269.3478260869565
2025-12-12 18:00:00,8298,4.73676321695025,2.0300413786929643,10.5,6.36118605681993,190.0,269.3478260869565
2025-12-12 19:00:00,8299,4.500449037248751,1.9287638731066075,10.5,5.914075295408786,187.0,269.3478260869565
2025-12-12 20:00:00,8300,5.119022698450734,2.1938668707646,10.5,5.365697132358278,177.0,269.3478260869565
2025-12-12 21:00:00,8301,4.924224411577141,2.1103818906759173,10.5,4.396295102820349,169.0,269.3478260869565
2025-12-12 22:00:00,8302,4.853358150898872,2.0800106360995163,10.5,5.237950781174805,144.0,269.3478260869565
2025-12-12 23:00:00,8303,5.011409863936784,2.1477470845443354,10.5,6.069776517600066,130.0,269.3478260869565
2025-12-13 00:00:00,8304,5.077586163461687,2.176108355769294,10.5,6.074851163435183,131.0,269.3478260869565
2025-12-13 01:00:00,8305,5.12541199574435,2.1966051410332925,10.5,5.4810462444536485,118.0,269.3478260869565
2025-12-13 02:00:00,8306,5.866679751555498,2.514291322095213,10.5,6.489396650440754,120.0,269.3478260869565
2025-12-13 03:00:00,8307,5.021198971165809,2.151942416213918,10.5,8.774300330792496,126.0,269.3478260869565
2025-12-13 04:00:00,8308,4.86754125059592,2.086089107398251,10.5,10.544847706525722,125.0,269.3478260869565
2025-12-13 05:00:00,8309,4.636063985366424,1.9868845651570386,10.5,12.501038549810751,124.0,269.3478260869565
2025-12-13 06:00:00,8310,4.12583598874787,1.768215423749087,10.5,15.0,114.0,269.3478260869565
2025-12-13 07:00:00,8311,4.399671625260762,1.8855735536831837,10.5,15.0,106.0,269.3478260869565
2025-12-13 08:00:00,8312,4.561791401925561,1.9550534579680972,10.5,15.0,101.0,269.3478260869565
2025-12-13 09:00:00,8313,4.404519325762682,1.8876511396125781,10.5,15.0,107.0,269.3478260869565
2025-12-13 10:00:00,8314,4.173164541292502,1.7884990891253578,10.5,15.0,112.0,269.3478260869565
2025-12-13 11:00:00,8315,4.358557542535346,1.867953232515148,10.5,15.0,118.0,269.3478260869565
2025-12-13 12:00:00,8316,4.376005134761499,1.8754307720406425,10.5,15.0,113.0,269.3478260869565
2025-12-13 13:00:00,8317,4.9266635324912045,2.111427228210516,10.5,15.0,107.0,269.3478260869565
2025-12-13 14:00:00,8318,4.898334260244658,2.0992861115334245,10.5,15.0,105.0,269.3478260869565
2025-12-13 15:00:00,8319,4.989129705042012,2.1381984450180047,10.5,15.0,102.0,269.3478260869565
2025-12-13 16:00:00,8320,5.011582056653376,2.147820881422875,10.5,15.0,104.0,269.3478260869565
2025-12-13 17:00:00,8321,5.346580521348814,2.2913916520066344,10.5,15.0,94.0,269.3478260869565
2025-12-13 18:00:00,8322,5.1071771648983475,2.1887902135278634,10.5,15.0,91.0,269.3478260869565
2025-12-13 19:00:00,8323,4.855990955071956,2.081138980745124,10.5,15.0,87.0,269.3478260869565
2025-12-13 20:00:00,8324,4.979987129639567,2.134280198416957,10.5,15.0,91.0,269.3478260869565
2025-12-13 21:00:00,8325,4.718261031871073,2.022111870801888,10.5,15.0,81.0,269.3478260869565
2025-12-13 22:00:00,8326,4.694275927036317,2.0118325401584216,10.5,15.0,81.0,269.3478260869565
2025-12-13 23:00:00,8327,4.696650928655101,2.0128503979950434,10.5,15.0,82.0,269.3478260869565
2025-12-14 00:00:00,8328,4.961080077497181,2.1261771760702204,10.5,15.0,82.0,269.3478260869565
2025-12-14 01:00:00,8329,5.338876476832269,2.2880899186424006,10.5,15.0,84.0,269.3478260869565
2025-12-14 02:00:00,8330,4.937927840930032,2.116254788970014,10.5,15.0,86.0,269.3478260869565
2025-12-14 03:00:00,8331,4.303918216060096,1.8445363783114699,10.5,15.0,83.0,269.3478260869565
2025-12-14 04:00:00,8332,4.162912901992041,1.7841055294251604,10.6,15.0,86.0,269.3478260869565
2025-12-14 05:00:00,8333,4.550126159995403,1.9500540685694583,10.6,15.0,88.0,269.3478260869565
2025-12-14 06:00:00,8334,4.091048974839672,1.7533067035027166,10.6,15.0,89.0,269.3478260869565
2025-12-14 07:00:00,8335,3.8815321585442977,1.6635137822332704,10.6,15.0,87.0,269.3478260869565
2025-12-14 08:00:00,8336,4.1494787221286815,1.778348023769435,10.6,15.0,84.0,269.3478260869565
2025-12-14 09:00:00,8337,4.293186235612184,1.8399369581195073,10.6,15.0,84.0,269.3478260869565
2025-12-14 10:00:00,8338,3.93023444401412,1.6843861902917656,10.6,15.0,84.0,269.3478260869565
2025-12-14 11:00:00,8339,4.3007522111037595,1.8431795190444684,10.6,15.0,82.0,269.3478260869565
2025-12-14 12:00:00,8340,4.472052116900331,1.916593764385856,10.6,15.0,84.0,269.3478260869565
2025-12-14 13:00:00,8341,4.623701545923015,1.981586376824149,10.6,15.0,85.0,269.3478260869565
2025-12-14 14:00:00,8342,4.810360465440949,2.061583056617549,10.6,15.0,84.0,269.3478260869565
2025-12-14 15:00:00,8343,4.88586210822323,2.093940903524241,10.6,15.0,88.0,269.3478260869565
2025-12-14 16:00:00,8344,4.676654916038904,2.004280678302387,10.6,15.0,100.0,269.3478260869565
2025-12-14 17:00:00,8345,4.85825577990698,2.0821096199601343,10.6,15.0,131.0,269.3478260869565
2025-12-14 18:00:00,8346,4.786031266346416,2.0511562570056068,10.6,15.0,151.0,269.3478260869565
2025-12-14 19:00:00,8347,4.763008291876131,2.0412892679469135,10.6,15.0,168.0,269.3478260869565
2025-12-14 20:00:00,8348,4.873502707014998,2.088644017292142,10.6,15.0,178.0,269.3478260869565
2025-12-14 21:00:00,8349,4.667828966031843,2.0004981282993612,10.7,15.0,191.0,269.3478260869565
2025-12-14 22:00:00,8350,4.465878899945449,1.913948099976621,10.7,15.0,201.0,269.3478260869565
2025-12-14 23:00:00,8351,4.3997068315245595,1.885588642081954,10.7,15.0,207.0,269.3478260869565
2025-12-15 00:00:00,8352,4.754491196287868,2.037639084123372,10.7,15.0,216.0,269.3478260869565
2025-12-15 01:00:00,8353,4.252944566754025,1.8226905286088677,10.7,5.404090064741459,213.0,269.3478260869565
2025-12-15 02:00:00,8354,3.9925807221916383,1.7111060237964164,10.7,4.756344012408766,214.0,269.3478260869565
2025-12-15 03:00:00,8355,3.9389338693692686,1.6881145154439723,10.7,4.038400071959694,212.0,269.3478260869565
2025-12-15 04:00:00,8356,3.717361812055435,1.593155062309472,10.6,2.930977327792302,209.0,269.3478260869565
2025-12-15 05:00:00,8357,3.571269600268609,1.5305441144008325,10.6,1.6033564466442247,215.0,269.3478260869565
2025-12-15 06:00:00,8358,3.530923764027223,1.5132530417259527,10.6,0.6918507909638631,248.0,269.3478260869565
2025-12-15 07:00:00,8359,3.7388204893496595,1.6023516382927112,10.6,0.18594600215822601,280.0,269.3478260869565
2025-12-15 08:00:00,8360,3.6080713080042592,1.5463162748589683,10.6,0.0,296.0,269.3478260869565
2025-12-15 09:00:00,8361,3.8192732437593184,1.636831390182565,10.6,0.0,300.0,269.3478260869565
2025-12-15 10:00:00,8362,3.457183455883089,1.4816500525213236,10.6,0.0,298.0,269.3478260869565
2025-12-15 11:00:00,8363,3.6671283346437766,1.5716264291330473,10.6,0.0,295.0,269.3478260869565
2025-12-15 12:00:00,8364,3.847421406559545,1.6488948885255192,10.6,0.0,290.0,269.3478260869565
2025-12-15 13:00:00,8365,4.059385856648512,1.739736795706505,10.6,0.0,291.0,269.3478260869565
2025-12-15 14:00:00,8366,3.63712314742875,1.55876706318375,10.6,0.06863395767357497,298.0,269.3478260869565
2025-12-15 15:00:00,8367,3.679825908418291,1.5770682464649817,10.6,0.3382863240108622,300.0,269.3478260869565
2025-12-15 16:00:00,8368,3.6509835968851183,1.5647072558079078,10.6,0.15061266288761097,305.0,269.3478260869565
2025-12-15 17:00:00,8369,3.8544374270971713,1.6519017544702161,10.6,0.15310285714285718,307.0,269.3478260869565
2025-12-15 18:00:00,8370,3.9399342913223476,1.6885432677095775,10.6,0.3444399625750504,302.0,269.3478260869565
2025-12-15 19:00:00,8371,4.001058463578497,1.7147393415336414,10.6,0.4759275000085517,297.0,269.3478260869565
2025-12-15 20:00:00,8372,3.691437685133426,1.5820447222000398,10.6,0.526582264074333,295.0,269.3478260869565
2025-12-15 21:00:00,8373,3.6177005835048988,1.5504431072163853,10.6,0.7277093821082983,292.0,269.3478260869565
2025-12-15 22:00:00,8374,3.6256897917106308,1.5538670535902703,10.6,0.374983212567562,283.0,269.3478260869565
2025-12-15 23:00:00,8375,3.6090119580182964,1.5467194105792699,10.6,0.611871313026636,280.0,269.3478260869565
2025-12-16 00:00:00,8376,4.209794491445525,1.804197639190939,10.6,0.8673732359984027,280.0,269.3478260869565
2025-12-16 01:00:00,8377,3.844848305509898,1.6477921309328132,10.6,0.8232296127484957,273.0,269.3478260869565
2025-12-16 02:00:00,8378,3.316883234728956,1.4215213863124097,10.6,1.0323814998055603,271.0,269.3478260869565
2025-12-16 03:00:00,8379,3.2094971768701956,1.3754987900872264,10.6,1.6721542851385742,267.0,269.3478260869565
2025-12-16 04:00:00,8380,3.2519668627010647,1.393700084014742,10.5,2.4138342960496693,261.0,269.3478260869565
2025-12-16 05:00:00,8381,3.0957309357389704,1.326741829602416,10.5,2.561178535142622,270.0,269.3478260869565
2025-12-16 06:00:00,8382,3.2279412307512736,1.3834033846076885,10.5,2.5586006320370838,278.0,269.3478260869565
2025-12-16 07:00:00,8383,3.2071571642552903,1.3744959275379816,10.5,2.6230500746398717,297.0,269.3478260869565
2025-12-16 08:00:00,8384,3.6217884637682936,1.552195055900697,10.5,2.4357368727526856,300.0,269.3478260869565
2025-12-16 09:00:00,8385,3.208902731307508,1.3752440277032176,10.5,2.0802314653654426,293.0,269.3478260869565
2025-12-16 10:00:00,8386,3.547545888140119,1.5203768092029082,10.5,0.873154028861084,280.0,269.3478260869565
2025-12-16 11:00:00,8387,3.618782249033263,1.5509066781571124,10.5,0.592898160852769,276.0,269.3478260869565
2025-12-16 12:00:00,8388,3.629918263004032,1.5556792555731567,10.5,0.5389447508306132,277.0,269.3478260869565
2025-12-16 13:00:00,8389,3.8282340033194773,1.6406717157083472,10.5,0.43676598117960097,276.0,269.3478260869565
2025-12-16 14:00:00,8390,3.811376581996602,1.633447106569972,10.4,0.25907574149519114,280.0,269.3478260869565
2025-12-16 15:00:00,8391,3.8074956515523644,1.6317838506652989,10.4,0.23568323914463069,281.0,269.3478260869565
2025-12-16 16:00:00,8392,3.9144811002536777,1.6776347572515762,10.4,0.5364347345117306,269.0,269.3478260869565
2025-12-16 17:00:00,8393,3.9691086851174155,1.7010465793360352,10.4,0.7882393923170711,246.0,269.3478260869565
2025-12-16 18:00:00,8394,3.9324218171604004,1.6853236359258859,10.4,1.2931568273821545,216.0,269.3478260869565
2025-12-16 19:00:00,8395,4.056295934899413,1.7384125435283202,10.4,2.083760171306251,186.0,269.3478260869565
2025-12-16 20:00:00,8396,3.94616187385119,1.69121223165051,10.4,3.9140385862406415,167.0,269.3478260869565
2025-12-16 21:00:00,8397,4.19582873803242,1.7982123162996086,10.4,7.453345974511039,128.0,269.3478260869565
2025-12-16 22:00:00,8398,4.134383760459752,1.7718787544827506,10.4,15.0,103.0,269.3478260869565
2025-12-16 23:00:00,8399,4.265068807899784,1.8278866319570501,10.4,15.0,101.0,269.3478260869565
2025-12-17 00:00:00,8400,4.0972534183690765,1.7559657507296043,10.4,15.0,89.0,269.3478260869565
2025-12-17 01:00:00,8401,4.748111625384139,2.034904982307488,10.4,15.0,91.0,269.3478260869565
2025-12-17 02:00:00,8402,4.31179963596144,1.8479141296977597,10.5,15.0,92.0,269.3478260869565
2025-12-17 03:00:00,8403,4.211185041367398,1.8047935891574562,10.6,15.0,91.0,269.3478260869565
2025-12-17 04:00:00,8404,4.059326564868396,1.7397113849435981,10.6,15.0,92.0,269.3478260869565
2025-12-17 05:00:00,8405,4.004762736480764,1.7163268870631845,10.6,15.0,93.0,269.3478260869565
2025-12-17 06:00:00,8406,3.6569921599707884,1.567282354273195,10.6,15.0,90.0,269.3478260869565
2025-12-17 07:00:00,8407,3.945327282354715,1.690854549580592,10.6,15.0,115.0,269.3478260869565
2025-12-17 08:00:00,8408,4.16308105264874,1.784177593992317,10.6,15.0,145.0,269.3478260869565
2025-12-17 09:00:00,8409,3.944181827869018,1.6903636405152935,10.6,15.0,144.0,269.3478260869565
2025-12-17 10:00:00,8410,4.501038312531657,1.9290164196564246,10.6,15.0,150.0,269.3478260869565
2025-12-17 11:00:00,8411,4.038244126402722,1.7306760541725947,10.6,15.0,150.0,269.3478260869565
2025-12-17 12:00:00,8412,4.162757137748229,1.7840387733206695,10.6,15.0,135.0,269.3478260869565
2025-12-17 13:00:00,8413,5.146012435334153,2.205433900857494,10.6,15.0,134.0,269.3478260869565
2025-12-17 14:00:00,8414,4.455847571676426,1.9096489592898966,10.6,15.0,155.0,269.3478260869565
2025-12-17 15:00:00,8415,4.518046524540928,1.9363056533746832,10.6,15.0,167.0,269.3478260869565
2025-12-17 16:00:00,8416,4.572883150193499,1.9598070643686423,10.7,15.0,179.0,269.3478260869565
2025-12-17 17:00:00,8417,5.002100553399935,2.1437573800285437,10.7,15.0,182.0,269.3478260869565
2025-12-17 18:00:00,8418,4.865278032675987,2.085119156861137,10.7,15.0,176.0,269.3478260869565
2025-12-17 19:00:00,8419,4.980279082037355,2.134405320873152,10.7,14.91977512015036,166.0,269.3478260869565
2025-12-17 20:00:00,8420,4.605214191249701,1.9736632248213,10.7,8.561516070961934,136.0,269.3478260869565
2025-12-17 21:00:00,8421,4.879522692828639,2.0912240112122737,10.7,9.471319369325728,119.0,269.3478260869565
2025-12-17 22:00:00,8422,5.002841336039742,2.1440748583027465,10.7,12.420234111062221,99.0,269.3478260869565
2025-12-17 23:00:00,8423,5.120655018148529,2.1945664363493695,10.7,15.0,102.0,269.3478260869565
2025-12-18 00:00:00,8424,5.493593438920483,2.3543971881087784,10.7,15.0,105.0,269.3478260869565
2025-12-18 01:00:00,8425,4.84566977437104,2.0767156175875883,10.7,15.0,106.0,269.3478260869565
2025-12-18 02:00:00,8426,4.635408378515589,1.9866035907923947,10.7,15.0,108.0,269.3478260869565
2025-12-18 03:00:00,8427,4.353507199369472,1.8657887997297733,10.6,15.0,113.0,269.3478260869565
2025-12-18 04:00:00,8428,4.288028269947992,1.837726401406282,10.6,13.182030410093661,116.0,269.3478260869565
2025-12-18 05:00:00,8429,4.3308076392664026,1.8560604168284582,10.6,8.392591125646705,117.0,269.3478260869565
2025-12-18 06:00:00,8430,4.277567100339914,1.8332430430028201,10.6,5.978515686151308,111.0,269.3478260869565
2025-12-18 07:00:00,8431,4.221094558183692,1.8090405249358679,10.6,10.353866993994762,109.0,269.3478260869565
2025-12-18 08:00:00,8432,4.1708447955628545,1.7875049123840805,10.6,15.0,103.0,269.3478260869565
2025-12-18 09:00:00,8433,3.892124698242477,1.6680534421039186,10.6,15.0,102.0,269.3478260869565
2025-12-18 10:00:00,8434,4.076025439737591,1.7468680456018246,10.7,15.0,120.0,269.3478260869565
2025-12-18 11:00:00,8435,4.165819982063177,1.7853514208842187,10.7,15.0,159.0,269.3478260869565
2025-12-18 12:00:00,8436,4.321816476734179,1.8522070614575052,10.7,15.0,198.0,269.3478260869565
2025-12-18 13:00:00,8437,4.846526531765489,2.0770827993280663,10.7,15.0,216.0,269.3478260869565
2025-12-18 14:00:00,8438,5.143238788921957,2.2042451952522675,10.7,15.0,202.0,269.3478260869565
2025-12-18 15:00:00,8439,4.68623534396839,2.0083865759864525,10.7,15.0,206.0,269.3478260869565
2025-12-18 16:00:00,8440,5.323073362919542,2.2813171555369465,10.6,15.0,194.0,269.3478260869565
2025-12-18 17:00:00,8441,4.762792760040132,2.0411968971600567,10.6,15.0,174.0,269.3478260869565
2025-12-18 18:00:00,8442,4.455577396344827,1.9095331698620686,10.6,15.0,134.0,269.3478260869565
2025-12-18 19:00:00,8443,4.574325415098251,1.96042517789925,10.6,7.879663061008026,112.0,269.3478260869565
2025-12-18 20:00:00,8444,4.652955552064983,1.9941238080278496,10.6,15.0,102.0,269.3478260869565
2025-12-18 21:00:00,8445,4.647185537759556,1.9916509447540953,10.6,15.0,92.0,269.3478260869565
2025-12-18 22:00:00,8446,4.942623861196461,2.1182673690841973,10.6,15.0,86.0,269.3478260869565
2025-12-18 23:00:00,8447,5.27563906164014,2.2609881692743454,10.6,15.0,91.0,269.3478260869565
2025-12-19 00:00:00,8448,5.167932349604992,2.2148281498307103,10.6,15.0,93.0,269.3478260869565
2025-12-19 01:00:00,8449,4.712050341855367,2.019450146509443,10.6,15.0,94.0,269.3478260869565
2025-12-19 02:00:00,8450,4.695185118905577,2.012222193816676,10.6,15.0,98.0,269.3478260869565
2025-12-19 03:00:00,8451,4.996547748519886,2.1413776065085224,10.6,15.0,103.0,269.3478260869565
2025-12-19 04:00:00,8452,4.751733476212506,2.036457204091074,10.6,15.0,99.0,269.3478260869565
2025-12-19 05:00:00,8453,4.623006927747614,1.9812886833204058,10.6,15.0,98.0,269.3478260869565
2025-12-19 06:00:00,8454,4.510357850139336,1.9330105072025723,10.6,15.0,105.0,269.3478260869565
2025-12-19 07:00:00,8455,4.2260524314017545,1.8111653277436086,10.6,15.0,106.0,269.3478260869565
2025-12-19 08:00:00,8456,4.370479819298904,1.8730627796995303,10.6,15.0,111.0,269.3478260869565
2025-12-19 09:00:00,8457,4.331421322844781,1.8563234240763342,10.6,15.0,115.0,269.3478260869565
2025-12-19 10:00:00,8458,3.5233391255533264,1.510002482379997,10.6,15.0,113.0,269.3478260869565
2025-12-19 11:00:00,8459,3.804671475188446,1.630573489366477,10.6,15.0,112.0,269.3478260869565
2025-12-19 12:00:00,8460,3.918060658263993,1.679168853541711,10.6,15.0,109.0,269.3478260869565
2025-12-19 13:00:00,8461,3.98491578429378,1.70782105041162,10.6,15.0,116.0,269.3478260869565
2025-12-19 14:00:00,8462,4.158661796291572,1.7822836269821019,10.6,15.0,121.0,269.3478260869565
2025-12-19 15:00:00,8463,4.277013888021088,1.8330059520090374,10.6,15.0,145.0,269.3478260869565
2025-12-19 16:00:00,8464,4.508963975246003,1.932413132248287,10.6,12.405910501387531,164.0,269.3478260869565
2025-12-19 17:00:00,8465,4.45208898972995,1.9080381384556928,10.6,10.996512436355587,168.0,269.3478260869565
2025-12-19 18:00:00,8466,4.85217485348651,2.079503508637076,10.6,12.22593863583824,155.0,269.3478260869565
2025-12-19 19:00:00,8467,4.504676483529224,1.9305756357982384,10.6,13.3580325356125,139.0,269.3478260869565
2025-12-19 20:00:00,8468,5.4266569803715825,2.325710134444964,10.6,13.147715917730022,124.0,269.3478260869565
2025-12-19 21:00:00,8469,5.111538663777041,2.190659427333017,10.6,12.536855761776371,136.0,269.3478260869565
2025-12-19 22:00:00,8470,4.968715351758995,2.1294494364681404,10.5,11.490928894850395,113.0,269.3478260869565
2025-12-19 23:00:00,8471,4.584887866080807,1.9649519426060604,10.5,13.086714151179798,100.0,269.3478260869565
2025-12-20 00:00:00,8472,5.272743049005791,2.2597470210024815,10.5,14.32077455044317,94.0,269.3478260869565
2025-12-20 01:00:00,8473,5.125053323047209,2.1964514241630892,10.5,15.0,95.0,269.3478260869565
2025-12-20 02:00:00,8474,4.398744938218286,1.8851764020935513,10.5,15.0,94.0,269.3478260869565
2025-12-20 03:00:00,8475,4.001312258532199,1.714848110799514,10.5,15.0,94.0,269.3478260869565
2025-12-20 04:00:00,8476,3.9735124725020796,1.7029339167866056,10.4,15.0,93.0,269.3478260869565
2025-12-20 05:00:00,8477,4.388670541641012,1.880858803560434,10.4,15.0,89.0,269.3478260869565
2025-12-20 06:00:00,8478,4.37318010996204,1.8742200471265884,10.4,15.0,87.0,269.3478260869565
2025-12-20 07:00:00,8479,4.178635989478154,1.7908439954906374,10.4,15.0,87.0,269.3478260869565
2025-12-20 08:00:00,8480,4.078924031952307,1.7481102994081317,10.4,15.0,84.0,269.3478260869565
2025-12-20 09:00:00,8481,4.403020045397405,1.8870085908846017,10.4,15.0,75.0,269.3478260869565
2025-12-20 10:00:00,8482,3.9120236048263024,1.6765815449255579,10.4,15.0,74.0,269.3478260869565
2025-12-20 11:00:00,8483,5.414855984501817,2.320652564786493,10.4,15.0,88.0,269.3478260869565
2025-12-20 12:00:00,8484,5.243549960186715,2.2472356972228775,10.4,15.0,106.0,269.3478260869565
2025-12-20 13:00:00,8485,5.66792055314372,2.4291088084901653,10.4,15.0,127.0,269.3478260869565
2025-12-20 14:00:00,8486,5.669357259635509,2.4297245398437894,10.4,15.0,155.0,269.3478260869565
2025-12-20 15:00:00,8487,5.655577039674714,2.4238187312891633,10.4,15.0,181.0,269.3478260869565
2025-12-20 16:00:00,8488,5.197838748273923,2.227645177831681,10.4,15.0,200.0,269.3478260869565
2025-12-20 17:00:00,8489,4.975923875945675,2.132538803976718,10.4,15.0,226.0,269.3478260869565
2025-12-20 18:00:00,8490,4.569904380952468,1.9585304489796291,10.4,15.0,235.0,269.3478260869565
2025-12-20 19:00:00,8491,4.734767403556752,2.0291860300957505,10.4,15.0,229.0,269.3478260869565
2025-12-20 20:00:00,8492,4.64280088202093,1.9897718065803984,10.3,15.0,242.0,269.3478260869565
2025-12-20 21:00:00,8493,4.508149367607363,1.9320640146888695,10.3,15.0,248.0,269.3478260869565
2025-12-20 22:00:00,8494,4.404448263078363,1.8876206841764411,10.3,15.0,259.0,269.3478260869565
2025-12-20 23:00:00,8495,4.830899089446202,2.070385324048372,10.2,15.0,248.0,269.3478260869565
2025-12-21 00:00:00,8496,5.267981315473099,2.2577062780598998,10.2,15.0,217.0,269.3478260869565
2025-12-21 01:00:00,8497,5.179088097671237,2.219609184716244,10.2,15.0,220.0,269.3478260869565
2025-12-21 02:00:00,8498,4.61990270005274,1.9799583000226029,10.2,15.0,208.0,269.3478260869565
2025-12-21 03:00:00,8499,4.676039020879702,2.004016723234158,10.2,15.0,215.0,269.3478260869565
2025-12-21 04:00:00,8500,4.67510703416416,2.003617300356068,10.2,12.238750216761336,222.0,269.3478260869565
2025-12-21 05:00:00,8501,4.694010073418111,2.011718602893476,10.1,9.64993887835164,228.0,269.3478260869565
2025-12-21 06:00:00,8502,4.104935157403503,1.7592579246015012,10.1,8.08641878351693,226.0,269.3478260869565
2025-12-21 07:00:00,8503,4.208096061132244,1.8034697404852473,10.1,6.638745102766517,239.0,269.3478260869565
2025-12-21 08:00:00,8504,5.167899339866189,2.214814002799795,10.1,5.059100862816521,265.0,269.3478260869565
2025-12-21 09:00:00,8505,5.430803591617154,2.3274872535502094,10.1,4.638318838715259,260.0,269.3478260869565
2025-12-21 10:00:00,8506,6.0223407766469075,2.5810031899915318,10.1,3.4065867514282684,252.0,269.3478260869565
2025-12-21 11:00:00,8507,5.761273361967168,2.4691171551287865,10.1,2.6282692455844,263.0,269.3478260869565
2025-12-21 12:00:00,8508,5.695976332589618,2.441132713966979,10.1,2.332683864208381,271.0,269.3478260869565
2025-12-21 13:00:00,8509,4.574194255775884,1.9603689667610933,10.1,1.4347444258809088,275.0,269.3478260869565
2025-12-21 14:00:00,8510,4.805523250537554,2.0595099645160944,10.1,1.4780933495092015,280.0,269.3478260869565
2025-12-21 15:00:00,8511,4.555227112886167,1.952240191236929,10.1,1.5871692945595568,277.0,269.3478260869565
2025-12-21 16:00:00,8512,4.2323709153332185,1.813873249428522,10.1,2.0549409993663836,274.0,269.3478260869565
2025-12-21 17:00:00,8513,4.5391100768901556,1.9453328900957811,10.1,3.960476229365914,275.0,269.3478260869565
2025-12-21 18:00:00,8514,4.769553194568384,2.044094226243593,10.1,5.058867155440394,274.0,269.3478260869565
2025-12-21 19:00:00,8515,4.76301393837926,2.0412916878768255,10.1,5.3304984150110375,261.0,269.3478260869565
2025-12-21 20:00:00,8516,4.8319726303340955,2.0708454130003267,10.1,6.496422504029793,243.0,269.3478260869565
2025-12-21 21:00:00,8517,4.505009533194158,1.9307183713689249,10.1,9.537506647262415,228.0,269.3478260869565
2025-12-21 22:00:00,8518,5.16400665197067,2.21314570798743,10.1,9.890597632546893,208.0,269.3478260869565
2025-12-21 23:00:00,8519,4.706537000924802,2.01708728611063,10.1,7.908850482815282,211.0,269.3478260869565
2025-12-22 00:00:00,8520,5.0337602198176885,2.157325808493295,10.1,11.971346585593102,215.0,269.3478260869565
2025-12-22 01:00:00,8521,4.605575480660413,1.9738180631401767,10.1,12.667714683610363,201.0,269.3478260869565
2025-12-22 02:00:00,8522,4.126095600214011,1.7683266858060045,10.1,12.904717641355239,196.0,269.3478260869565
2025-12-22 03:00:00,8523,3.7134907879894774,1.5914960519954902,10.1,13.78986069774773,192.0,269.3478260869565
2025-12-22 04:00:00,8524,3.534203340997759,1.5146585747133252,10.1,15.0,196.0,269.3478260869565
2025-12-22 05:00:00,8525,3.425209149749758,1.4679467784641818,10.1,15.0,206.0,269.3478260869565
2025-12-22 06:00:00,8526,3.8032186237563295,1.6299508387527126,10.1,12.906921948318336,223.0,269.3478260869565
2025-12-22 07:00:00,8527,3.272295259528284,1.40241225408355,10.1,9.52764788934133,252.0,269.3478260869565
2025-12-22 08:00:00,8528,3.546870748076386,1.5200874634613084,10.1,7.498639013383108,270.0,269.3478260869565
2025-12-22 09:00:00,8529,3.9512089741613536,1.6933752746405801,10.1,7.537269888046571,278.0,269.3478260869565
2025-12-22 10:00:00,8530,4.425285014793861,1.8965507206259404,10.1,7.427762043587986,275.0,269.3478260869565
2025-12-22 11:00:00,8531,4.6919859324845365,2.010851113921944,10.1,9.077134344250378,276.0,269.3478260869565
2025-12-22 12:00:00,8532,4.456629986743961,1.9099842800331257,10.1,10.323718792319541,279.0,269.3478260869565
2025-12-22 13:00:00,8533,4.402625222832668,1.8868393812140007,10.1,5.686224199955511,280.0,269.3478260869565
2025-12-22 14:00:00,8534,4.616287713261153,1.9784090199690652,10.1,3.2238260151794775,278.0,269.3478260869565
2025-12-22 15:00:00,8535,4.961084129289857,2.126178912552796,10.1,2.3561301070930707,287.0,269.3478260869565
2025-12-22 16:00:00,8536,4.98592216142918,2.1368237834696484,10.1,0.9070145393304372,294.0,269.3478260869565
2025-12-22 17:00:00,8537,4.714225160689477,2.020382211724061,10.1,0.5941431641746282,299.0,269.3478260869565
2025-12-22 18:00:00,8538,4.948424317831053,2.1207532790704513,10.1,1.2352298629244298,302.0,269.3478260869565
2025-12-22 19:00:00,8539,4.735623830614171,2.0295530702632156,10.1,1.5172090323652,298.0,269.3478260869565
2025-12-22 20:00:00,8540,4.640906834799047,1.988960072056734,10.1,1.276832413640046,288.0,269.3478260869565
2025-12-22 21:00:00,8541,4.933628631645851,2.114412270705365,10.1,2.10401380006159,278.0,269.3478260869565
2025-12-22 22:00:00,8542,5.186174283414708,2.222646121463446,10.1,2.04677235343583,263.0,269.3478260869565
2025-12-22 23:00:00,8543,5.130543067615698,2.198804171835299,10.1,2.0891071214196373,249.0,269.3478260869565
2025-12-23 00:00:00,8544,5.642573923758853,2.418245967325223,10.1,1.971635969882257,240.0,269.3478260869565
2025-12-23 01:00:00,8545,5.06339824360416,2.170027818687497,10.1,2.1215289318673682,233.0,269.3478260869565
2025-12-23 02:00:00,8546,5.006764591911562,2.1457562536763835,10.1,2.7418381964820653,225.0,269.3478260869565
2025-12-23 03:00:00,8547,4.597060300690954,1.970168700296123,10.1,2.411772967933587,223.0,269.3478260869565
2025-12-23 04:00:00,8548,4.472974494452185,1.9169890690509364,10.1,1.7781544562627156,219.0,269.3478260869565
2025-12-23 05:00:00,8549,4.430704652955061,1.8988734226950261,10.0,1.199009395162091,220.0,269.3478260869565
2025-12-23 06:00:00,8550,4.652723795959341,1.9940244839825745,10.0,1.4140542446479851,250.0,269.3478260869565
2025-12-23 07:00:00,8551,4.433999135224735,1.9002853436677436,10.0,1.8873099100340445,255.0,269.3478260869565
2025-12-23 08:00:00,8552,3.634972318260913,1.5578452792546769,10.0,2.0657291986206565,254.0,269.3478260869565
2025-12-23 09:00:00,8553,3.485936974327495,1.4939729889974978,10.0,1.5094402244235647,254.0,269.3478260869565
2025-12-23 10:00:00,8554,3.738162385184055,1.602069593650309,10.1,0.7416084568897358,257.0,269.3478260869565
2025-12-23 11:00:00,8555,3.4573537243401242,1.481723024717196,10.1,1.2262546928356557,263.0,269.3478260869565
2025-12-23 12:00:00,8556,3.4394208198051857,1.4740374942022223,10.1,2.933567927093265,263.0,269.3478260869565
2025-12-23 13:00:00,8557,3.423429879588678,1.4671842341094334,10.1,4.961918270212979,258.0,269.3478260869565
2025-12-23 14:00:00,8558,3.6858765531999933,1.5796613799428543,10.1,5.993657084585841,248.0,269.3478260869565
2025-12-23 15:00:00,8559,3.5716907431484755,1.5307246042064895,10.1,6.431139814222711,239.0,269.3478260869565
2025-12-23 16:00:00,8560,3.7070195776934285,1.5887226761543265,10.1,7.486234178056887,231.0,269.3478260869565
2025-12-23 17:00:00,8561,3.6380041285941047,1.5591446265403306,10.1,8.442304318703961,233.0,269.3478260869565
2025-12-23 18:00:00,8562,3.8089733858597135,1.6324171653684485,10.1,9.553343450358318,235.0,269.3478260869565
2025-12-23 19:00:00,8563,4.677675027999417,2.0047178691426075,10.1,9.541951609509548,233.0,269.3478260869565
2025-12-23 20:00:00,8564,4.807495598772334,2.0603552566167145,10.1,9.367638571825156,225.0,269.3478260869565
2025-12-23 21:00:00,8565,4.436910706187534,1.9015331597946574,10.1,9.162196178145475,233.0,269.3478260869565
2025-12-23 22:00:00,8566,4.469589877504044,1.9155385189303042,10.1,8.096929458271871,239.0,269.3478260869565
2025-12-23 23:00:00,8567,4.421241199730842,1.8948176570275035,10.1,9.328411982206058,228.0,269.3478260869565
2025-12-24 00:00:00,8568,4.825798006376861,2.0681991455900834,10.1,10.603025139295285,200.0,269.3478260869565
2025-12-24 01:00:00,8569,4.794621892950991,2.054837954121853,10.1,10.68199987584056,171.0,269.3478260869565
2025-12-24 02:00:00,8570,4.7169976469620725,2.0215704201266025,10.1,10.59084540563923,156.0,269.3478260869565
2025-12-24 03:00:00,8571,4.383286902418901,1.8785515296081003,10.1,10.785918751182637,138.0,269.3478260869565
2025-12-24 04:00:00,8572,4.452697808580228,1.9082990608200978,10.1,11.455273525549027,142.0,269.3478260869565
2025-12-24 05:00:00,8573,4.556815488204757,1.952920923516324,10.2,12.757238056223517,146.0,269.3478260869565
2025-12-24 06:00:00,8574,4.4679074660511455,1.9148174854504907,10.2,12.620848696331873,146.0,269.3478260869565
2025-12-24 07:00:00,8575,4.212543894128007,1.8053759546262884,10.2,11.901022489130648,169.0,269.3478260869565
2025-12-24 08:00:00,8576,4.641314111693907,1.9891346192973889,10.2,12.72999712287576,193.0,269.3478260869565
2025-12-24 09:00:00,8577,5.181724378757368,2.2207390194674432,10.2,13.165183245136467,211.0,269.3478260869565
2025-12-24 10:00:00,8578,4.972852349826863,2.131222435640084,10.1,10.67609912226261,216.0,269.3478260869565
2025-12-24 11:00:00,8579,4.5415559561608205,1.9463811240689228,10.1,8.260764740768366,212.0,269.3478260869565
2025-12-24 12:00:00,8580,4.689051780017625,2.009593620007553,10.1,6.761289992131562,206.0,269.3478260869565
2025-12-24 13:00:00,8581,4.898622951155612,2.0994098362095475,10.1,6.497756734106955,201.0,269.3478260869565
2025-12-24 14:00:00,8582,4.822330003583072,2.066712858678459,10.1,6.830157613155802,209.0,269.3478260869565
2025-12-24 15:00:00,8583,4.919002618058251,2.108143979167822,10.1,7.956633447831949,215.0,269.3478260869565
2025-12-24 16:00:00,8584,4.778097752589348,2.0477561796811488,10.1,9.22993417486199,211.0,269.3478260869565
2025-12-24 17:00:00,8585,4.803807786684516,2.0587747657219353,10.1,9.447200888082149,205.0,269.3478260869565
2025-12-24 18:00:00,8586,5.055551551851862,2.1666649507936553,10.1,9.730710639446679,196.0,269.3478260869565
2025-12-24 19:00:00,8587,5.007438319099448,2.1460449938997637,10.1,10.440955957888043,193.0,269.3478260869565
2025-12-24 20:00:00,8588,5.336961285935288,2.287269122543695,10.1,9.78774905424291,173.0,269.3478260869565
2025-12-24 21:00:00,8589,5.368868843867352,2.300943790228865,10.1,8.036139237378917,170.0,269.3478260869565
2025-12-24 22:00:00,8590,5.291378524153565,2.2677336532086705,10.1,6.653574516098358,172.0,269.3478260869565
2025-12-24 23:00:00,8591,5.146877710301803,2.2058047329864867,10.1,8.32420704495719,163.0,269.3478260869565
2025-12-25 00:00:00,8592,5.582812421819895,2.392633895065669,10.1,9.413608487104916,153.0,269.3478260869565
2025-12-25 01:00:00,8593,5.2256244464656305,2.239553334199556,10.1,10.885699285808972,156.0,269.3478260869565
2025-12-25 02:00:00,8594,5.470139198746747,2.3443453708914626,10.0,13.270573513706577,137.0,269.3478260869565
2025-12-25 03:00:00,8595,5.442772010420938,2.3326165758946873,10.0,14.791666372652273,128.0,269.3478260869565
2025-12-25 04:00:00,8596,6.149460495995851,2.6354830697125076,10.0,15.0,131.0,269.3478260869565
2025-12-25 05:00:00,8597,6.093156791979087,2.6113529108481797,9.9,15.0,133.0,269.3478260869565
2025-12-25 06:00:00,8598,6.014558669128203,2.5776680010549438,9.9,15.0,131.0,269.3478260869565
2025-12-25 07:00:00,8599,5.745412501700708,2.4623196435860173,9.9,15.0,121.0,269.3478260869565
2025-12-25 08:00:00,8600,6.132840864954063,2.6283603706945984,9.9,15.0,116.0,269.3478260869565
2025-12-25 09:00:00,8601,6.101013135895689,2.614719915383867,9.9,15.0,129.0,269.3478260869565
2025-12-25 10:00:00,8602,5.909945182532956,2.532833649656981,9.9,14.88235512562657,133.0,269.3478260869565
2025-12-25 11:00:00,8603,4.783725287873189,2.050167980517081,9.9,15.0,131.0,269.3478260869565
2025-12-25 12:00:00,8604,5.454667156673668,2.3377144957172864,9.9,15.0,148.0,269.3478260869565
2025-12-25 13:00:00,8605,5.355484831691626,2.2952077850106973,9.9,15.0,160.0,269.3478260869565
2025-12-25 14:00:00,8606,5.884743111684253,2.522032762150394,9.9,15.0,167.0,269.3478260869565
2025-12-25 15:00:00,8607,5.153972551908687,2.208845379389437,9.9,15.0,180.0,269.3478260869565
2025-12-25 16:00:00,8608,4.798073543622024,2.056317232980867,9.9,15.0,158.0,269.3478260869565
2025-12-25 17:00:00,8609,6.024133660831313,2.5817715689277057,9.8,15.0,137.0,269.3478260869565
2025-12-25 18:00:00,8610,5.668581618543558,2.4293921222329535,9.8,15.0,127.0,269.3478260869565
2025-12-25 19:00:00,8611,4.671365653265717,2.002013851399593,9.8,15.0,131.0,269.3478260869565
2025-12-25 20:00:00,8612,5.777433260504699,2.4760428259305853,9.8,15.0,121.0,269.3478260869565
2025-12-25 21:00:00,8613,5.732059633017372,2.456596985578874,9.8,15.0,108.0,269.3478260869565
2025-12-25 22:00:00,8614,6.088224247810552,2.609238963347379,9.8,15.0,110.0,269.3478260869565
2025-12-25 23:00:00,8615,5.630366228641016,2.4130140979890062,9.8,15.0,111.0,269.3478260869565
2025-12-26 00:00:00,8616,6.231265836265484,2.670542501256636,9.8,15.0,134.0,269.3478260869565
2025-12-26 01:00:00,8617,5.974789499940642,2.560624071403132,9.8,15.0,140.0,269.3478260869565
2025-12-26 02:00:00,8618,5.571820866923126,2.3879232286813394,9.7,15.0,134.0,269.3478260869565
2025-12-26 03:00:00,8619,5.1252488719695215,2.19653523084408,9.7,13.553073766162445,142.0,269.3478260869565
2025-12-26 04:00:00,8620,4.208373829086372,1.803588783894159,9.7,10.255967680624329,148.0,269.3478260869565
2025-12-26 05:00:00,8621,5.684975512030173,2.4364180765843595,9.6,8.31416129461001,157.0,269.3478260869565
2025-12-26 06:00:00,8622,5.5980317048073776,2.399156444917448,9.6,8.088929472682374,171.0,269.3478260869565
2025-12-26 07:00:00,8623,5.458092910424389,2.3391826758961662,9.6,7.713028122237602,181.0,269.3478260869565
2025-12-26 08:00:00,8624,5.723469925887564,2.452915682523242,9.6,7.32560885752101,209.0,269.3478260869565
2025-12-26 09:00:00,8625,5.730541672453217,2.4559464310513786,9.6,7.6345027450576195,211.0,269.3478260869565
2025-12-26 10:00:00,8626,5.745371820377612,2.4623022087332624,9.6,6.4062812716750255,217.0,269.3478260869565
2025-12-26 11:00:00,8627,5.7517673554169715,2.465043152321559,9.6,6.60097706820446,223.0,269.3478260869565
2025-12-26 12:00:00,8628,5.747002096077467,2.4630008983189144,9.6,6.761942376579153,225.0,269.3478260869565
2025-12-26 13:00:00,8629,5.811185722365227,2.4905081667279543,9.6,6.771480540978501,223.0,269.3478260869565
2025-12-26 14:00:00,8630,5.351786815786333,2.2936229210512855,9.6,8.756081585217672,226.0,269.3478260869565
2025-12-26 15:00:00,8631,5.375099766846823,2.3036141857914956,9.6,11.221247665788251,218.0,269.3478260869565
2025-12-26 16:00:00,8632,5.478922901552682,2.3481098149511497,9.6,11.835564202733595,208.0,269.3478260869565
2025-12-26 17:00:00,8633,5.538636913909857,2.373701534532796,9.6,10.884383465289854,206.0,269.3478260869565
2025-12-26 18:00:00,8634,5.364473994924245,2.2990602835389615,9.6,11.385170305535603,196.0,269.3478260869565
2025-12-26 19:00:00,8635,4.986190733351694,2.136938885722154,9.6,13.165183245136467,198.0,269.3478260869565
2025-12-26 20:00:00,8636,5.495362614198012,2.355155406084862,9.6,13.890427928323964,189.0,269.3478260869565
2025-12-26 21:00:00,8637,5.264857027218955,2.2563672973795517,9.6,12.97744487582578,191.0,269.3478260869565
2025-12-26 22:00:00,8638,5.424875242170239,2.3249465323586733,9.6,10.853518674201258,191.0,269.3478260869565
2025-12-26 23:00:00,8639,5.657500203307528,2.424642944274655,9.6,10.822803160486032,172.0,269.3478260869565
2025-12-27 00:00:00,8640,5.656879169386444,2.4243767868799044,9.6,13.165232929510516,131.0,269.3478260869565
2025-12-27 01:00:00,8641,4.910760164162561,2.1046114989268117,9.6,14.462370216491424,124.0,269.3478260869565
2025-12-27 02:00:00,8642,5.052689633641405,2.165438414417745,9.6,14.98142907116694,126.0,269.3478260869565
2025-12-27 03:00:00,8643,3.9343875260784613,1.6861660826050549,9.6,11.829057986205347,125.0,269.3478260869565
2025-12-27 04:00:00,8644,3.3758034624791637,1.4467729124910702,9.5,9.250663946750487,127.0,269.3478260869565
2025-12-27 05:00:00,8645,4.688515345098902,2.0093637193281007,9.5,8.38565331445018,129.0,269.3478260869565
2025-12-27 06:00:00,8646,5.260429486943021,2.2544697801184372,9.5,10.41638662720721,116.0,269.3478260869565
2025-12-27 07:00:00,8647,5.153181941516816,2.208506546364349,9.5,13.524620935933402,114.0,269.3478260869565
2025-12-27 08:00:00,8648,5.328617120325539,2.283693051568088,9.5,15.0,111.0,269.3478260869565
2025-12-27 09:00:00,8649,5.383166279124396,2.307071262481884,9.4,14.492672833036476,105.0,269.3478260869565
2025-12-27 10:00:00,8650,5.825633285168545,2.4966999793579476,9.4,12.084969837723882,111.0,269.3478260869565
2025-12-27 11:00:00,8651,5.091423545713097,2.1820386624484702,9.4,11.69278362897241,118.0,269.3478260869565
2025-12-27 12:00:00,8652,5.740653698513123,2.460280156505624,9.4,10.554567513420555,145.0,269.3478260869565
2025-12-27 13:00:00,8653,5.150458029573639,2.2073391555315593,9.4,9.272693706744496,170.0,269.3478260869565
2025-12-27 14:00:00,8654,5.465500002149621,2.342357143778409,9.4,11.151712445531444,174.0,269.3478260869565
2025-12-27 15:00:00,8655,5.554138477995997,2.380345061998284,9.4,15.0,182.0,269.3478260869565
2025-12-27 16:00:00,8656,5.678355716117647,2.433581021193277,9.4,15.0,175.0,269.3478260869565
2025-12-27 17:00:00,8657,5.50177875826941,2.357905182115461,9.4,14.739812947942706,177.0,269.3478260869565
2025-12-27 18:00:00,8658,5.485993862456073,2.3511402267668884,9.4,12.204394486493282,177.0,269.3478260869565
2025-12-27 19:00:00,8659,5.006496793432379,2.145641482899591,9.4,12.310846667182634,180.0,269.3478260869565
2025-12-27 20:00:00,8660,5.5255386702030265,2.368088001515583,9.4,12.06506764836177,182.0,269.3478260869565
2025-12-27 21:00:00,8661,5.567177625022666,2.3859332678668568,9.4,11.887757322096167,175.0,269.3478260869565
2025-12-27 22:00:00,8662,5.555524619645901,2.3809391227053855,9.4,12.970530960536355,168.0,269.3478260869565
2025-12-27 23:00:00,8663,5.28669792182729,2.265727680783124,9.4,14.455108950050892,151.0,269.3478260869565
2025-12-28 00:00:00,8664,5.338567236571347,2.2879573871020056,9.4,12.539685003970014,145.0,269.3478260869565
2025-12-28 01:00:00,8665,5.398517486632537,2.3136503514139446,9.4,9.644264229884016,160.0,269.3478260869565
2025-12-28 02:00:00,8666,5.250745504015281,2.2503195017208344,9.4,5.876785735925557,171.0,269.3478260869565
2025-12-28 03:00:00,8667,5.413261160473949,2.3199690687745496,9.4,3.4249259775040635,179.0,269.3478260869565
2025-12-28 04:00:00,8668,5.415798101762871,2.3210563293269444,9.4,2.765302868870168,184.0,269.3478260869565
2025-12-28 05:00:00,8669,5.347277233386329,2.291690242879855,9.4,3.2969551334761866,204.0,269.3478260869565
2025-12-28 06:00:00,8670,5.3674187295985565,2.3003223126850956,9.4,3.899843235203745,246.0,269.3478260869565
2025-12-28 07:00:00,8671,5.270628539153742,2.258840802494461,9.4,4.662185721609868,249.0,269.3478260869565
2025-12-28 08:00:00,8672,4.78425095180603,2.050393265059727,9.4,4.608760472785191,250.0,269.3478260869565
2025-12-28 09:00:00,8673,4.560315252809515,1.9544208226326494,9.4,4.364575003588296,263.0,269.3478260869565
2025-12-28 10:00:00,8674,4.8157737914182475,2.063903053464963,9.4,2.288443638035279,266.0,269.3478260869565
2025-12-28 11:00:00,8675,4.844945357136233,2.0764051530583854,9.4,2.3361075430545846,274.0,269.3478260869565
2025-12-28 12:00:00,8676,4.263474439967425,1.8272033314146108,9.4,2.032485635587911,291.0,269.3478260869565
2025-12-28 13:00:00,8677,4.800714569665739,2.057449101285316,9.4,1.314886587163476,303.0,269.3478260869565
2025-12-28 14:00:00,8678,4.324477189485038,1.853347366922159,9.4,0.8832998172470671,307.0,269.3478260869565
2025-12-28 15:00:00,8679,4.776714470679142,2.047163344576775,9.4,1.042351630859603,308.0,269.3478260869565
2025-12-28 16:00:00,8680,4.841058465251822,2.0747393422507807,9.4,1.6751118684594857,310.0,269.3478260869565
2025-12-28 17:00:00,8681,4.810438425206807,2.0616164679457745,9.4,2.6061858759217422,312.0,269.3478260869565
2025-12-28 18:00:00,8682,4.904472312047776,2.1019167051633323,9.4,2.938628088116213,305.0,269.3478260869565
2025-12-28 19:00:00,8683,5.407119423778362,2.3173368959050125,9.4,2.505564919836854,297.0,269.3478260869565
2025-12-28 20:00:00,8684,5.750938305402156,2.464687845172352,9.4,1.9316579612218985,295.0,269.3478260869565
2025-12-28 21:00:00,8685,4.952860085172695,2.122654322216869,9.4,1.3931169467326623,298.0,269.3478260869565
2025-12-28 22:00:00,8686,4.699835516343477,2.014215221290061,9.4,0.8359352781261721,295.0,269.3478260869565
2025-12-28 23:00:00,8687,5.378580333917949,2.3051058573934067,9.4,0.5913789744489915,293.0,269.3478260869565
2025-12-29 00:00:00,8688,5.4608225951495175,2.340352540778364,9.4,0.5222649632108524,292.0,269.3478260869565
2025-12-29 01:00:00,8689,5.312929575791534,2.276969818196372,9.4,0.5711945900125452,286.0,269.3478260869565
2025-12-29 02:00:00,8690,4.936793825597313,2.115768782398848,9.4,1.0543150579275464,280.0,269.3478260869565
2025-12-29 03:00:00,8691,4.6339340113201155,1.9859717191371924,9.4,1.9002846665396915,270.0,269.3478260869565
2025-12-29 04:00:00,8692,4.344790498213161,1.8620530706627834,9.4,2.712504334945443,261.0,269.3478260869565
2025-12-29 05:00:00,8693,4.55193527477962,1.95082940347698,9.4,3.108128357771163,267.0,269.3478260869565
2025-12-29 06:00:00,8694,4.203332413772619,1.8014281773311223,9.4,3.3484084928508695,278.0,269.3478260869565
2025-12-29 07:00:00,8695,4.127781591445235,1.7690492534765292,9.4,3.245071285627542,282.0,269.3478260869565
2025-12-29 08:00:00,8696,3.5415880568005025,1.517823452914501,9.4,3.047888295329138,287.0,269.3478260869565
2025-12-29 09:00:00,8697,3.9199730310914065,1.679988441896317,9.4,2.817192428425459,287.0,269.3478260869565
2025-12-29 10:00:00,8698,3.916237109570888,1.6783873326732375,9.4,2.3072174784521433,295.0,269.3478260869565
2025-12-29 11:00:00,8699,4.09130782024184,1.7534176372465027,9.4,2.3550661624269007,302.0,269.3478260869565
2025-12-29 12:00:00,8700,4.75090311410711,2.0361013346173324,9.4,2.001207585665586,305.0,269.3478260869565
2025-12-29 13:00:00,8701,4.8257876876695,2.068194723286928,9.4,1.669128598697442,305.0,269.3478260869565
2025-12-29 14:00:00,8702,4.718932908681765,2.02239981800647,9.4,1.6560758327543665,302.0,269.3478260869565
2025-12-29 15:00:00,8703,4.861611619146614,2.08354783677712,9.4,2.0762740667494644,299.0,269.3478260869565
2025-12-29 16:00:00,8704,4.836114541066708,2.072620517600018,9.4,2.2999560168046953,301.0,269.3478260869565
2025-12-29 17:00:00,8705,4.970833160944666,2.130357068976285,9.4,2.381523567343977,299.0,269.3478260869565
2025-12-29 18:00:00,8706,4.954924771783055,2.1235391879070233,9.4,3.714047690349262,282.0,269.3478260869565
2025-12-29 19:00:00,8707,4.8850149655844,2.0935778423933145,9.4,4.493143064531036,269.0,269.3478260869565
2025-12-29 20:00:00,8708,4.679759628101179,2.005611269186219,9.4,5.506523568442395,250.0,269.3478260869565
2025-12-29 21:00:00,8709,4.823217171585821,2.0670930735367805,9.4,5.14366529842606,247.0,269.3478260869565
2025-12-29 22:00:00,8710,4.717386913040714,2.02173724844602,9.3,4.450021057818354,249.0,269.3478260869565
2025-12-29 23:00:00,8711,4.9346767882181926,2.1148614806649393,9.3,3.9485045315363383,247.0,269.3478260869565
2025-12-30 00:00:00,8712,5.286277510370551,2.265547504444522,9.3,4.698019874956887,243.0,269.3478260869565
2025-12-30 01:00:00,8713,4.828503315500036,2.0693585637857295,9.3,4.520584147282101,229.0,269.3478260869565
2025-12-30 02:00:00,8714,4.662617440108847,1.9982646171895058,9.3,4.080117698463722,232.0,269.3478260869565
2025-12-30 03:00:00,8715,4.234204142949135,1.814658918406772,9.3,4.162787181825716,240.0,269.3478260869565
2025-12-30 04:00:00,8716,3.7276724110230095,1.5975738904384327,9.3,3.8234603974760923,243.0,269.3478260869565
2025-12-30 05:00:00,8717,3.95958630208253,1.69696555803537,9.3,3.8234603974760923,247.0,269.3478260869565
2025-12-30 06:00:00,8718,3.903414215629713,1.6728918066984484,9.3,4.331279290462622,260.0,269.3478260869565
2025-12-30 07:00:00,8719,4.056563145666523,1.7385270624285099,9.3,4.78836896751796,270.0,269.3478260869565
2025-12-30 08:00:00,8720,4.3616785921948855,1.8692908252263793,9.3,4.972362678696002,262.0,269.3478260869565
2025-12-30 09:00:00,8721,4.070061875466674,1.7443122323428604,9.3,4.606385119094652,251.0,269.3478260869565
2025-12-30 10:00:00,8722,3.7286654522337184,1.5979994795287364,9.3,4.608760472785191,242.0,269.3478260869565
2025-12-30 11:00:00,8723,4.589442178497802,1.9669037907847722,9.3,3.383007443952855,239.0,269.3478260869565
2025-12-30 12:00:00,8724,3.80301830326066,1.6298649871117112,9.3,2.2898361605692488,245.0,269.3478260869565
2025-12-30 13:00:00,8725,4.476299310023984,1.918413990010279,9.3,1.3065914752832524,257.0,269.3478260869565
2025-12-30 14:00:00,8726,4.462580717539421,1.9125345932311801,9.3,0.964937207642647,266.0,269.3478260869565
2025-12-30 15:00:00,8727,5.115351678558563,2.1922935765250977,9.3,1.023227894366935,267.0,269.3478260869565
2025-12-30 16:00:00,8728,4.639812357582964,1.988491010392699,9.2,1.2164175759661138,270.0,269.3478260869565
2025-12-30 17:00:00,8729,4.56154737811413,1.954948876334627,9.2,1.3713113156233252,279.0,269.3478260869565
2025-12-30 18:00:00,8730,4.282500328403519,1.835357283601508,9.2,1.8182468344235838,279.0,269.3478260869565
2025-12-30 19:00:00,8731,4.355680588452545,1.8667202521939477,9.2,1.8763308770903107,273.0,269.3478260869565
2025-12-30 20:00:00,8732,4.217806236262572,1.8076312441125304,9.2,1.4814938678812757,274.0,269.3478260869565
2025-12-30 21:00:00,8733,4.75278318108492,2.0369070776078226,9.3,0.9246381364381664,275.0,269.3478260869565
2025-12-30 22:00:00,8734,4.521227965170865,1.9376691279303706,9.3,0.5493302404278798,268.0,269.3478260869565
2025-12-30 23:00:00,8735,4.455607809521633,1.9095462040806999,9.2,0.22280789506872917,263.0,269.3478260869565
2025-12-31 00:00:00,8736,3.3201583171384046,1.4229249930593164,9.2,0.022251743222897403,265.0,269.3478260869565
2025-12-31 01:00:00,8737,3.790024847272315,1.6242963631167062,9.1,0.0,266.0,269.3478260869565
2025-12-31 02:00:00,8738,3.619063569924452,1.5510272442533368,8.9,0.0,269.0,269.3478260869565
2025-12-31 03:00:00,8739,3.65753816334586,1.5675163557196543,8.8,0.0,268.0,269.3478260869565
2025-12-31 04:00:00,8740,3.5291193595375314,1.512479725516085,8.6,0.0,268.0,269.3478260869565
2025-12-31 05:00:00,8741,3.4939618067504172,1.4974122028930357,8.4,0.03892665409297521,272.0,269.3478260869565
2025-12-31 06:00:00,8742,3.3099614819854217,1.4185549208508947,8.4,0.20290779025902017,294.0,269.3478260869565
2025-12-31 07:00:00,8743,3.586586725493399,1.5371085966400282,8.3,0.3162073486569016,287.0,269.3478260869565
2025-12-31 08:00:00,8744,4.010797094525162,1.7189130405107838,8.3,0.28903413580246917,293.0,269.3478260869565
2025-12-31 09:00:00,8745,4.097683612081474,1.756150119463489,8.3,0.3205788106354838,290.0,269.3478260869565
2025-12-31 10:00:00,8746,4.158176499163053,1.7820756424984514,8.4,0.6716200088183424,289.0,269.3478260869565
2025-12-31 11:00:00,8747,4.260290363270572,1.825838727115959,8.4,1.0504377243218117,284.0,269.3478260869565
2025-12-31 12:00:00,8748,4.081555924404652,1.7492382533162796,8.4,1.8556941721032132,282.0,269.3478260869565
2025-12-31 13:00:00,8749,4.810983351065879,2.061850007599662,8.4,3.139529701618008,284.0,269.3478260869565
2025-12-31 14:00:00,8750,5.063017895754779,2.1698648124663333,8.4,3.9761856230087838,287.0,269.3478260869565
2025-12-31 15:00:00,8751,4.521922586221841,1.9379668226665032,8.4,4.3259372157627345,294.0,269.3478260869565
2025-12-31 16:00:00,8752,4.478266229967504,1.9192569557003591,8.4,4.78254119114377,300.0,269.3478260869565
2025-12-31 17:00:00,8753,4.720028595492165,2.0228693980680705,8.4,5.177383550788242,292.0,269.3478260869565
2025-12-31 18:00:00,8754,5.357856512796166,2.2962242197697855,8.4,5.292841022466528,279.0,269.3478260869565
2025-12-31 19:00:00,8755,5.521967050379814,2.366557307305634,8.4,6.090243333081819,267.0,269.3478260869565
2025-12-31 20:00:00,8756,5.365556441993359,2.2995241894257252,8.4,8.115416190826897,257.0,269.3478260869565
2025-12-31 21:00:00,8757,5.0289707938870105,2.1552731973801476,8.4,11.040714146031863,228.0,269.3478260869565
2025-12-31 22:00:00,8758,5.2216915378109325,2.237867801918971,8.4,13.51790011214277,194.0,269.3478260869565
2025-12-31 23:00:00,8759,4.872941146015238,2.088403348292245,8.4,14.73146360383889,176.0,269.3478260869565
